Event Category,,Product ID,Product Price,"{""a_attendance_count""",a_user_name,a_user_stage,b.diamond,b.ruby,curserver,iap_platform,install_day,total_payment_amount,user_rank
Order Complete (App),,ruby_1,1100,3,afoccert,76,6717,770,1,GooglePlay,2025-08-28,7700,10165
Order Complete (App),,ruby_2,6600,3,afoccert,76,6717,0,1,GooglePlay,2025-08-28,0,10165
Order Complete (App),,ads_remove,7700,1,안녕경환,37,160301,0,1,GooglePlay,2025-08-31,0,16921
Order Complete (App),,ruby_4,33000,12,복장군,168,107619,3300,1,OneStore,2025-08-19,40700,5926
Order Complete (App),,ruby_1,1100,3,화평이,93,2453,770,1,GooglePlay,2025-08-29,7700,8326
Order Complete (App),,ruby_2,6600,3,화평이,93,2453,0,1,GooglePlay,2025-08-29,0,8326
Order Complete (App),,ads_remove,7700,1,소당,52,269610,0,1,GooglePlay,2025-08-31,0,16152
Order Complete (App),,ads_remove,7700,1,한절이,36,31220,0,1,GooglePlay,2025-08-31,0,19466
Order Complete (App),,ruby_4,33000,43,DoorTin,398,443,0,1,GooglePlay,2025-07-20,7700,549
Order Complete (App),,ads_remove,7700,1,히야라고,5,8000,0,1,GooglePlay,2025-08-31,0,99999999
Order Complete (App),,ads_remove,7700,1,멍구,9,18000,0,1,GooglePlay,2025-08-31,0,99999999
Order Complete (App),,ads_remove,7700,2,ValaV,53,180146,0,1,GooglePlay,2025-08-30,0,15127
Order Complete (App),,ads_remove,7700,1,메옹,5,9000,0,1,GooglePlay,2025-08-31,0,99999999
Order Complete (App),,ruby_2,6600,2,리튜보,146,74554,0,1,GooglePlay,2025-08-30,15400,6208
Order Complete (App),,ads_remove,7700,1,4441,18,74690,0,1,GooglePlay,2025-08-31,0,99999999
Order Complete (App),,ruby_1,1100,2,리튜보,146,29554,0,1,GooglePlay,2025-08-30,14300,6208
Order Complete (App),,ruby_2,6600,2,리튜보,146,5554,0,1,GooglePlay,2025-08-30,7700,6208
Order Complete (App),,ads_remove,7700,1,천영수,49,61677,0,1,GooglePlay,2025-08-31,0,14968
Order Complete (App),,ruby_6,110000,30,소담소민,907,4337,770,1,GooglePlay,2025-08-01,5940000,5
Order Complete (App),,ruby_3,11000,31,이순신표류기,388,248682,0,1,GooglePlay,2025-08-01,359700,691
Order Complete (App),,ruby_3,11000,29,동물의왕흑인,296,990,0,1,GooglePlay,2025-08-02,25300,2303
Order Complete (App),,ruby_2,6600,43,llllIIII,348,124018,0,1,GooglePlay,2025-07-19,11000,1529
Order Complete (App),,ruby_2,6600,37,유케이,435,2903,550,1,GooglePlay,2025-07-26,121000,305
Order Complete (App),,ads_remove,7700,1,용켕렝승,4,8000,0,1,GooglePlay,2025-08-31,0,99999999
Order Complete (App),,ads_remove,7700,1,하인츠,9,20000,0,1,GooglePlay,2025-08-31,0,99999999
Order Complete (App),,ruby_2,6600,6,소쩍새,196,35540,0,1,GooglePlay,2025-08-26,91300,4976
Order Complete (App),,ads_remove,7700,1,킴꺼벙,5,10000,0,1,GooglePlay,2025-08-31,0,99999999
Order Complete (App),,ruby_5,55000,17,먼지아빠,392,4868,0,1,GooglePlay,2025-08-15,473000,615
Order Complete (App),,ruby_3,11000,38,단다단다,386,1313,0,1,GooglePlay,2025-07-25,7700,780
Order Complete (App),,ads_remove,7700,1,감자공장장,11,139000,0,1,GooglePlay,2025-08-31,0,99999999
Order Complete (App),,ads_remove,7700,1,백복치,4,8000,0,1,GooglePlay,2025-08-31,0,99999999
Order Complete (App),,ruby_5,55000,28,BADA,453,3441,0,1,GooglePlay,2025-08-04,564300,184
Order Complete (App),,ruby_2,6600,38,rubidu,490,1050,0,1,GooglePlay,2025-07-25,374000,124
Order Complete (App),,ads_remove,7700,1,호니호니,5,8000,0,1,GooglePlay,2025-08-31,0,99999999
Order Complete (App),,ads_remove,7700,1,옴뇽뇽,4,8000,0,1,GooglePlay,2025-08-31,0,99999999
Order Complete (App),,ruby_2,6600,9,hulee,216,140208,0,1,GooglePlay,2025-08-23,7700,4594
Order Complete (App),,ruby_5,55000,33,l대마왕l,490,75456,660,1,GooglePlay,2025-07-30,751300,128
Order Complete (App),,ruby_2,6600,2,방과,136,64309,0,1,GooglePlay,2025-08-30,50600,6514
Order Complete (App),,ads_remove,7700,1,깡호,5,14000,0,1,GooglePlay,2025-08-31,0,99999999
Order Complete (App),,ads_remove,7700,1,환이님,5,8000,0,1,GooglePlay,2025-08-31,0,99999999
Order Complete (App),,ads_remove,7700,2,UDT60,118,55293,0,1,GooglePlay,2025-08-30,0,7013
Order Complete (App),,ruby_3,11000,33,l대마왕l,474,68531,5940,1,GooglePlay,2025-07-30,740300,152
Order Complete (App),,ruby_5,55000,33,l대마왕l,474,18531,440,1,GooglePlay,2025-07-30,685300,152
Order Complete (App),,ruby_2,6600,1,박씨아저씨,74,11946,0,1,GooglePlay,2025-08-30,7700,10335
Order Complete (App),,ads_remove,7700,1,평범캐릭스,4,8000,0,1,GooglePlay,2025-08-31,0,99999999
Order Complete (App),,ruby_3,11000,27,야채오향통닭,218,96465,0,1,GooglePlay,2025-08-04,0,4540
Order Complete (App),,ruby_4,33000,27,노조원,354,24107,0,1,GooglePlay,2025-08-05,25300,1399
Order Complete (App),,ads_remove,7700,1,눈꽃샤크,8,18000,0,1,GooglePlay,2025-08-31,0,99999999
Order Complete (App),,ads_remove,7700,1,죠바비,6,17000,0,1,GooglePlay,2025-08-31,0,99999999
Order Complete (App),,ruby_2,6600,45,하성,376,1119,0,1,GooglePlay,2025-07-17,34100,933
Order Complete (App),,ads_remove,7700,1,천마I,5,10000,0,1,GooglePlay,2025-08-31,0,99999999
Order Complete (App),,ads_remove,7700,1,도령룐,51,16347,0,1,GooglePlay,2025-08-31,0,14625
Order Complete (App),,ruby_2,6600,4,아이디모할깡,111,521886,0,1,GooglePlay,2025-08-28,17600,8044
Order Complete (App),,ads_remove,7700,1,리오건,8,19000,0,1,GooglePlay,2025-08-31,0,99999999
Order Complete (App),,ruby_4,33000,6,소쩍새,180,5191,0,1,GooglePlay,2025-08-26,58300,5454
Order Complete (App),,ads_remove,7700,1,실리야,19,111045,0,1,GooglePlay,2025-08-31,0,99999999
Order Complete (App),,ruby_2,6600,4,아이디모할깡,94,467386,0,1,GooglePlay,2025-08-28,11000,8044
Order Complete (App),,ads_remove,7700,1,더랜드시티,4,5000,0,1,GooglePlay,2025-08-31,0,99999999
Order Complete (App),,ruby_5,55000,6,지마,293,85113,220,1,GooglePlay,2025-08-26,405900,2373
Order Complete (App),,ads_remove,7700,3,무상,74,526856,0,1,GooglePlay,2025-08-29,0,10917
Order Complete (App),,ads_remove,7700,1,장날두,51,54390,0,1,GooglePlay,2025-08-31,0,14203
Order Complete (App),,ruby_1,1100,3,마살수,236,1518,330,1,GooglePlay,2025-08-29,118800,4117
Order Complete (App),,ruby_1,1100,3,마살수,236,1518,110,1,GooglePlay,2025-08-29,116600,4117
Order Complete (App),,ruby_5,55000,41,로봇,525,28959,220,1,GooglePlay,2025-07-18,535700,90
Order Complete (App),,ruby_2,6600,6,지마,292,2538,110,1,GooglePlay,2025-08-26,399300,2371
Order Complete (App),,ruby_3,11000,3,유비연,192,108992,110,1,GooglePlay,2025-08-29,40700,5010
Order Complete (App),,ruby_4,33000,4,HYUCK,211,2395,660,0,GooglePlay,2025-07-15,174900,3125
Order Complete (App),,ruby_2,6600,3,마살수,234,2418,0,1,GooglePlay,2025-08-29,110000,4117
Order Complete (App),,ruby_3,11000,29,선장,442,420662,0,1,GooglePlay,2025-08-03,638000,247
Order Complete (App),,ruby_4,33000,29,선장,442,562,0,1,GooglePlay,2025-08-03,605000,247
Order Complete (App),,ruby_5,55000,17,먼지아빠,389,13523,0,1,GooglePlay,2025-08-15,418000,661
Order Complete (App),,ruby_1,1100,14,박범,322,25922,440,1,GooglePlay,2025-08-18,99000,1987
Order Complete (App),,ruby_1,1100,14,박범,322,25922,220,1,GooglePlay,2025-08-18,96800,1987
Order Complete (App),,ruby_4,33000,1,아기링,43,225337,0,1,GooglePlay,2025-08-30,7700,15632
Order Complete (App),,ruby_4,33000,30,우용,286,265209,0,1,GooglePlay,2025-07-19,7700,2667
Order Complete (App),,ruby_3,11000,5,혜디,187,168138,0,1,GooglePlay,2025-08-27,45100,5455
Order Complete (App),,ads_remove,7700,1,Mokana,4,10000,0,1,GooglePlay,2025-08-31,0,99999999
Order Complete (App),,ads_remove,7700,1,민트초코육포,4,8000,0,1,GooglePlay,2025-08-31,0,99999999
Order Complete (App),,ruby_1,1100,2,방과,115,213953,440,1,GooglePlay,2025-08-30,49500,7306
Order Complete (App),,ruby_6,110000,13,짱꾸,276,9228,0,1,GooglePlay,2025-08-19,58300,2789
Order Complete (App),,ruby_1,1100,2,방과,115,143303,1540,1,GooglePlay,2025-08-30,49500,7306
Order Complete (App),,ruby_1,1100,2,방과,115,143303,1540,1,GooglePlay,2025-08-30,49500,7306
Order Complete (App),,ruby_1,1100,2,방과,115,143303,1320,1,GooglePlay,2025-08-30,47300,7306
Order Complete (App),,ruby_2,6600,2,방과,115,143303,550,1,GooglePlay,2025-08-30,39600,7306
Order Complete (App),,ruby_1,1100,3,김메뚝,120,212890,440,1,GooglePlay,2025-08-29,33000,7304
Order Complete (App),,ads_remove,7700,1,어왕,9,19000,0,1,GooglePlay,2025-08-31,0,99999999
Order Complete (App),,ruby_2,6600,3,김메뚝,120,13440,1760,1,GooglePlay,2025-08-29,33000,7304
Order Complete (App),,ruby_3,11000,3,김메뚝,120,13440,0,1,GooglePlay,2025-08-29,15400,7304
Order Complete (App),,ruby_4,33000,34,일해라정차장,551,29331,150,1,GooglePlay,2025-07-29,853600,53
Order Complete (App),,ruby_4,33000,9,trdfy,227,2507,0,1,GooglePlay,2025-08-22,12100,4340
Order Complete (App),,ruby_3,11000,3,정세바리,115,45300,1650,1,GooglePlay,2025-08-29,29700,7345
Order Complete (App),,ruby_3,11000,3,정세바리,115,45300,550,1,GooglePlay,2025-08-29,18700,7345
Order Complete (App),,ruby_5,55000,20,goonin,325,21543,0,1,GooglePlay,2025-08-12,95700,1948
Order Complete (App),,ruby_5,55000,6,지마,289,155769,110,1,GooglePlay,2025-08-26,344300,2581
Order Complete (App),,ruby_3,11000,6,지마,286,123669,6710,1,GooglePlay,2025-08-26,333300,2581
Order Complete (App),,ruby_3,11000,6,지마,286,123669,5610,1,GooglePlay,2025-08-26,322300,2581
Order Complete (App),,ruby_5,55000,6,지마,286,123669,110,1,GooglePlay,2025-08-26,267300,2581
Order Complete (App),,ads_remove,7700,1,뿌넨,27,130,0,1,GooglePlay,2025-08-31,0,18946
Order Complete (App),,ruby_3,11000,2,방과,111,189448,0,1,GooglePlay,2025-08-30,28600,8037
Order Complete (App),,ruby_3,11000,2,방과,94,60248,0,1,GooglePlay,2025-08-30,17600,8037
Order Complete (App),,ads_remove,7700,1,serendip,16,174593,0,1,GooglePlay,2025-08-31,0,99999999
Order Complete (App),,ruby_3,11000,10,수류탄투척,267,9521,0,1,GooglePlay,2025-08-22,7700,3150
Order Complete (App),,ruby_3,11000,1,장림동골목대장,43,189981,0,1,GooglePlay,2025-08-31,0,16741
Order Complete (App),,ruby_3,11000,9,raonao,285,15949,0,1,GooglePlay,2025-08-23,159500,2657
Order Complete (App),,ruby_4,33000,2,미괴,106,67374,0,1,GooglePlay,2025-08-30,7700,9224
Order Complete (App),,ruby_2,6600,3,마살수,229,1178,0,1,GooglePlay,2025-08-29,103400,4250
Order Complete (App),,ruby_3,11000,34,난세난난세,398,717897,0,1,GooglePlay,2025-07-29,172700,540
Order Complete (App),,ads_remove,7700,1,장보고요리하고,23,9394,0,1,GooglePlay,2025-08-31,0,99999999
Order Complete (App),,ruby_1,1100,10,유강체,256,21544,0,1,GooglePlay,2025-08-22,40700,3389
Order Complete (App),,ruby_1,1100,10,유강체,256,1544,550,1,GooglePlay,2025-08-22,40700,3389
Order Complete (App),,ruby_1,1100,10,유강체,256,1544,440,1,GooglePlay,2025-08-22,39600,3389
Order Complete (App),,ruby_1,1100,10,유강체,256,1544,110,1,GooglePlay,2025-08-22,36300,3389
Order Complete (App),,ruby_2,6600,10,유강체,256,7044,0,1,GooglePlay,2025-08-22,29700,3389
Order Complete (App),,ruby_1,1100,47,페코,425,113086,0,1,GooglePlay,2025-07-16,12100,403
Order Complete (App),,ruby_1,1100,3,마살수,226,78803,0,1,GooglePlay,2025-08-29,102300,4658
Order Complete (App),,ads_remove,7700,1,비융개,16,36400,0,1,GooglePlay,2025-08-31,0,99999999
Order Complete (App),,ads_remove,7700,1,샘딸러,24,7555,0,1,GooglePlay,2025-08-31,0,18926
Order Complete (App),,ads_remove,7700,1,매리,27,190555,0,1,GooglePlay,2025-08-31,0,17983
Order Complete (App),,ruby_1,1100,3,마살수,214,1678,1980,1,GooglePlay,2025-08-29,102300,4658
Order Complete (App),,ruby_1,1100,3,마살수,214,1678,1760,1,GooglePlay,2025-08-29,100100,4658
Order Complete (App),,ruby_2,6600,3,마살수,214,1678,1760,1,GooglePlay,2025-08-29,100100,4658
Order Complete (App),,ruby_3,11000,3,마살수,214,1678,0,1,GooglePlay,2025-08-29,82500,4658
Order Complete (App),,ruby_3,11000,1,케파,46,95810,0,1,GooglePlay,2025-08-31,0,15048
Order Complete (App),,ruby_3,11000,44,졸업앨범을피지마,316,132485,0,1,GooglePlay,2025-07-19,44000,2046
Order Complete (App),,ruby_3,11000,44,졸업앨범을피지마,316,108485,0,1,GooglePlay,2025-07-19,33000,2046
Order Complete (App),,ruby_4,33000,7,독도지킴이,167,254598,0,1,GooglePlay,2025-08-25,52800,6068
Order Complete (App),,ruby_6,110000,30,소담소민,904,15120,770,1,GooglePlay,2025-08-01,5830000,5
Order Complete (App),,ruby_2,6600,44,쫑쫑이,417,150024,0,1,GooglePlay,2025-07-19,101200,455
Order Complete (App),,ads_remove,7700,1,변준수,8,9500,0,1,GooglePlay,2025-08-31,0,99999999
Order Complete (App),,ads_remove,7700,1,풀떼기,36,160865,0,1,GooglePlay,2025-08-31,0,17013
Order Complete (App),,ads_remove,7700,1,여진족,4,8000,0,1,GooglePlay,2025-08-31,0,99999999
Order Complete (App),,ruby_3,11000,6,소쩍새,176,7059,0,1,GooglePlay,2025-08-26,47300,5649
Order Complete (App),,ads_remove,7700,1,이됴,51,128550,0,1,GooglePlay,2025-08-30,0,14899
Order Complete (App),,ruby_3,11000,6,소쩍새,173,1384,0,1,GooglePlay,2025-08-26,36300,5649
Order Complete (App),,ruby_1,1100,8,레비비,231,2002,0,1,GooglePlay,2025-08-24,11000,4210
Order Complete (App),,ruby_1,1100,23,밥강아지,322,20628,1870,1,GooglePlay,2025-08-09,26400,2018
Order Complete (App),,ruby_1,1100,23,밥강아지,322,20628,1760,1,GooglePlay,2025-08-09,25300,2018
Order Complete (App),,ruby_5,55000,4,후운,269,18132,1620,1,GooglePlay,2025-08-27,348700,3070
Order Complete (App),,ruby_2,6600,23,밥강아지,322,20628,1100,1,GooglePlay,2025-08-09,18700,2018
Order Complete (App),,ruby_3,11000,23,밥강아지,322,20628,0,1,GooglePlay,2025-08-09,7700,2018
Order Complete (App),,ruby_1,1100,2,정상화,120,23605,0,1,GooglePlay,2025-08-30,9900,7548
Order Complete (App),,ruby_1,1100,2,정상화,120,19605,0,1,GooglePlay,2025-08-30,8800,7548
Order Complete (App),,ruby_4,33000,44,화염방구,547,19857,0,1,GooglePlay,2025-07-19,627000,63
Order Complete (App),,ads_remove,7700,1,로웁,21,198695,0,1,GooglePlay,2025-08-30,0,19341
Order Complete (App),,ruby_4,33000,27,조승연,886,1911957,330,1,GooglePlay,2025-08-04,3781800,7
Order Complete (App),,ruby_6,110000,27,조승연,886,263707,330,1,GooglePlay,2025-08-04,3671800,7
Order Complete (App),,ruby_1,1100,31,용아치,359,64455,660,1,OneStore,2025-08-01,67100,1320
Order Complete (App),,ads_remove,7700,3,두리이,66,321030,0,1,GooglePlay,2025-08-28,0,14745
Order Complete (App),,ruby_2,6600,4,난포기,94,958687,440,1,GooglePlay,2025-07-23,60500,8122
Order Complete (App),,ruby_1,1100,2,정상화,91,85905,0,1,GooglePlay,2025-08-30,7700,9203
Order Complete (App),,ruby_2,6600,41,난세이,392,2968,0,1,GooglePlay,2025-07-19,62700,647
Order Complete (App),,ruby_3,11000,41,난세이,392,4043,0,1,GooglePlay,2025-07-19,51700,647
Order Complete (App),,ruby_3,11000,41,난세이,392,10168,0,1,GooglePlay,2025-07-19,40700,647
Order Complete (App),,ruby_3,11000,14,마카다미,323,6054,0,1,GooglePlay,2025-08-18,143000,1971
Order Complete (App),,ruby_3,11000,27,조승연,862,418407,330,1,GooglePlay,2025-08-04,3660800,8
Order Complete (App),,ruby_3,11000,43,하야안,451,1445,0,1,GooglePlay,2025-07-20,430100,178
Order Complete (App),,ruby_5,55000,27,조승연,862,602907,330,1,GooglePlay,2025-08-04,3605800,8
Order Complete (App),,ruby_3,11000,43,하야안,450,2120,0,1,GooglePlay,2025-07-20,419100,178
Order Complete (App),,ads_remove,7700,1,주료,4,5000,0,1,GooglePlay,2025-08-30,0,99999999
Order Complete (App),,ruby_2,6600,31,톰머,353,157380,0,1,GooglePlay,2025-07-26,39600,1391
Order Complete (App),,ruby_3,11000,42,지능,397,2234,330,1,GooglePlay,2025-07-18,11000,590
Order Complete (App),,ruby_3,11000,31,톰머,353,2030,0,1,GooglePlay,2025-07-26,28600,1391
Order Complete (App),,ads_remove,7700,1,쓰루,5,8000,0,1,GooglePlay,2025-08-30,0,99999999
Order Complete (App),,ruby_6,110000,1,재향,232,559232,1320,1,GooglePlay,2025-08-30,414700,4242
Order Complete (App),,ruby_4,33000,1,중독커피,34,4075,0,1,GooglePlay,2025-08-30,0,19328
Order Complete (App),,ads_remove,7700,1,73664,59,102417,0,1,GooglePlay,2025-08-30,0,16699
Order Complete (App),,ads_remove,7700,1,거부기,12,125500,0,1,GooglePlay,2025-08-30,0,99999999
Order Complete (App),,ads_remove,7700,1,광뇌,4,8000,0,1,GooglePlay,2025-08-30,0,99999999
Order Complete (App),,ruby_5,55000,1,재향,201,347386,4620,1,GooglePlay,2025-08-30,359700,4994
Order Complete (App),,ruby_2,6600,27,조승연,853,1096426,0,1,GooglePlay,2025-08-04,3599200,9
Order Complete (App),,ruby_1,1100,7,독도지킴이,145,444250,220,1,GooglePlay,2025-08-25,51700,6245
Order Complete (App),,ruby_5,55000,1,재향,192,206761,220,1,GooglePlay,2025-08-30,304700,4994
Order Complete (App),,ruby_3,11000,7,독도지킴이,144,330400,220,1,GooglePlay,2025-08-25,40700,6380
Order Complete (App),,ruby_4,33000,7,독도지킴이,138,99425,0,1,GooglePlay,2025-08-25,7700,6380
Order Complete (App),,ruby_3,11000,1,재향,156,602286,220,1,GooglePlay,2025-08-30,293700,6425
Order Complete (App),,ruby_4,33000,1,재향,151,109786,220,1,GooglePlay,2025-08-30,260700,6425
Order Complete (App),,ruby_2,6600,24,전력,336,336645,440,1,GooglePlay,2025-08-08,415800,1678
Order Complete (App),,ruby_1,1100,8,진월e,270,382477,990,1,GooglePlay,2025-08-23,260700,2948
Order Complete (App),,ruby_4,33000,1,재향,145,678336,1100,1,GooglePlay,2025-08-30,227700,6425
Order Complete (App),,ads_remove,7700,17,밥밥,271,3323,0,1,GooglePlay,2025-08-14,0,2948
Order Complete (App),,ruby_5,55000,1,재향,142,297061,2530,1,GooglePlay,2025-08-30,172700,6425
Order Complete (App),,ruby_4,33000,1,재향,134,73086,3080,1,GooglePlay,2025-08-30,139700,6425
Order Complete (App),,ruby_4,33000,1,재향,134,7836,880,1,GooglePlay,2025-08-30,106700,6425
Order Complete (App),,ruby_3,11000,3,정세바리,112,7092,0,1,GooglePlay,2025-08-29,7700,7792
Order Complete (App),,ads_remove,7700,1,칭칭이,6,17000,0,1,GooglePlay,2025-08-30,0,99999999
Order Complete (App),,ruby_2,6600,9,raonao,281,1307,110,1,GooglePlay,2025-08-23,152900,2712
Order Complete (App),,ruby_5,55000,337,9렙6만4천칠흑,1083,62217,7480,0,OneStore,2024-09-29,1162000,10
Order Complete (App),,ruby_6,110000,4,후운,237,2745,300,1,GooglePlay,2025-08-27,238700,4204
Order Complete (App),,ruby_5,55000,46,덕풍동시라소니,827,294692,440,1,GooglePlay,2025-07-16,2736800,12
Order Complete (App),,ruby_5,55000,47,땅더비,450,2917,0,1,GooglePlay,2025-07-16,62700,178
Order Complete (App),,ruby_4,33000,1,재향,117,34135,110,1,GooglePlay,2025-08-30,73700,7117
Order Complete (App),,ruby_2,6600,10,홀릭스,228,19765,0,1,GooglePlay,2025-08-21,7700,4324
Order Complete (App),,ruby_6,110000,46,덕풍동시라소니,786,1692,0,1,GooglePlay,2025-07-16,2626800,14
Order Complete (App),,ads_remove,7700,1,박씨아저씨,8,23000,0,1,GooglePlay,2025-08-30,0,99999999
Order Complete (App),,ruby_6,110000,46,덕풍동시라소니,786,4642,0,1,GooglePlay,2025-07-16,2516800,14
Order Complete (App),,ruby_4,33000,32,국이,485,112545,1100,1,GooglePlay,2025-07-29,810700,148
Order Complete (App),,ruby_6,110000,46,덕풍동시라소니,786,1642,1100,1,GooglePlay,2025-07-16,2406800,14
Order Complete (App),,ruby_6,110000,46,덕풍동시라소니,786,3592,0,1,GooglePlay,2025-07-16,2296800,14
Order Complete (App),,ruby_6,110000,46,덕풍동시라소니,786,5592,1100,1,GooglePlay,2025-07-16,2186800,14
Order Complete (App),,ruby_6,110000,46,덕풍동시라소니,786,3942,0,1,GooglePlay,2025-07-16,2076800,14
Order Complete (App),,ads_remove,7700,1,칸솔,19,49665,0,1,GooglePlay,2025-08-30,0,99999999
Order Complete (App),,ads_remove,7700,1,관절염아야아야,14,148509,0,1,GooglePlay,2025-08-30,0,99999999
Order Complete (App),,ruby_3,11000,43,하야안,449,712,0,1,GooglePlay,2025-07-20,408100,184
Order Complete (App),,ads_remove,7700,1,아기링,2,4000,0,1,GooglePlay,2025-08-30,0,99999999
Order Complete (App),,ruby_5,55000,1,재향,55,82010,220,1,GooglePlay,2025-08-30,18700,14724
Order Complete (App),,ruby_3,11000,43,하야안,449,3737,0,1,GooglePlay,2025-07-20,397100,184
Order Complete (App),,ruby_4,33000,3,난다고요,185,158469,0,1,GooglePlay,2025-08-28,51700,5458
Order Complete (App),,ruby_3,11000,1,재향,31,154785,0,1,GooglePlay,2025-08-30,7700,19299
Order Complete (App),,ruby_2,6600,14,Hotal,711,10,0,1,GooglePlay,2025-08-18,2194500,20
Order Complete (App),,ruby_3,11000,14,Hotal,711,434710,0,1,GooglePlay,2025-08-18,2183500,20
Order Complete (App),,ruby_6,110000,19,슬2,831,613536,13530,1,OneStore,2025-08-13,3921500,11
Order Complete (App),,ads_remove,7700,1,덕만공주,11,125500,0,1,GooglePlay,2025-08-30,0,99999999
Order Complete (App),,ruby_6,110000,14,Hotal,711,1610,0,1,GooglePlay,2025-08-18,2073500,20
Order Complete (App),,ruby_4,33000,29,엉강,292,77992,0,1,GooglePlay,2025-08-03,18700,2397
Order Complete (App),,ads_remove,7700,1,재향,5,8000,0,1,GooglePlay,2025-08-30,0,99999999
Order Complete (App),,ruby_2,6600,20,paxxi,299,2830,1980,1,GooglePlay,2025-08-12,27500,2243
Order Complete (App),,ruby_2,6600,20,paxxi,299,2830,1320,1,GooglePlay,2025-08-12,20900,2243
Order Complete (App),,ruby_2,6600,20,paxxi,299,2830,0,1,GooglePlay,2025-08-12,7700,2243
Order Complete (App),,ruby_4,33000,33,코리아se스머신,701,481331,330,1,GooglePlay,2025-07-30,2326500,20
Order Complete (App),,ads_remove,7700,1,부모,19,56516,0,1,GooglePlay,2025-08-30,0,99999999
Order Complete (App),,ruby_3,11000,33,코리아se스머신,701,460831,330,1,GooglePlay,2025-07-30,2315500,20
Order Complete (App),,ruby_5,55000,33,코리아se스머신,701,384431,330,1,GooglePlay,2025-07-30,2260500,20
Order Complete (App),,ruby_5,55000,33,코리아se스머신,701,1250981,330,1,GooglePlay,2025-07-30,2205500,20
Order Complete (App),,ruby_6,110000,19,슬2,808,1013786,12430,1,OneStore,2025-08-13,3811500,12
Order Complete (App),,ruby_1,1100,19,슬2,808,1013786,1430,1,OneStore,2025-08-13,3701500,12
Order Complete (App),,ads_remove,7700,1,tobie,11,24000,0,1,GooglePlay,2025-08-30,0,99999999
Order Complete (App),,ads_remove,7700,2,명보,65,242258,0,1,GooglePlay,2025-08-30,0,14125
Order Complete (App),,ruby_4,33000,46,은월랑,613,715,110,1,GooglePlay,2025-07-17,1581800,36
Order Complete (App),,ruby_5,55000,6,문학이,237,40754,0,1,GooglePlay,2025-08-26,82500,4154
Order Complete (App),,ads_remove,7700,1,오백밑사백,18,227820,0,1,GooglePlay,2025-08-30,0,99999999
Order Complete (App),,ruby_3,11000,33,코리아se스머신,700,344835,330,1,GooglePlay,2025-07-30,2194500,22
Order Complete (App),,ruby_1,1100,97,키키,532,405356,2090,0,GooglePlay,2024-11-11,125600,387
Order Complete (App),,ruby_1,1100,97,키키,532,405356,1870,0,GooglePlay,2024-11-11,123400,387
Order Complete (App),,ruby_3,11000,43,길길길,486,1806,110,1,GooglePlay,2025-07-20,128700,149
Order Complete (App),,ruby_1,1100,97,키키,532,405356,1760,0,GooglePlay,2024-11-11,122300,387
Order Complete (App),,ruby_2,6600,97,키키,532,405356,1760,0,GooglePlay,2024-11-11,122300,387
Order Complete (App),,ruby_3,11000,97,키키,532,405356,0,0,GooglePlay,2024-11-11,104700,387
Order Complete (App),,ruby_3,11000,22,하뚜루,355,13370,0,1,GooglePlay,2025-08-09,232100,1383
Order Complete (App),,ruby_4,33000,46,엉망,888,266530,1430,1,GooglePlay,2025-07-17,3210900,7
Order Complete (App),,ruby_5,55000,46,엉망,887,344630,0,1,GooglePlay,2025-07-17,3155900,7
Order Complete (App),,ruby_4,33000,28,chemma,485,73232,220,1,GooglePlay,2025-08-04,602800,140
Order Complete (App),,ruby_3,11000,41,보보부복,396,5160,0,1,GooglePlay,2025-07-22,223300,596
Order Complete (App),,ruby_6,110000,20,고슬,486,173379,12210,1,OneStore,2025-08-12,1076900,131
Order Complete (App),,ruby_3,11000,6,문학이,227,245529,110,1,GooglePlay,2025-08-26,71500,4369
Order Complete (App),,ruby_3,11000,29,읭용,351,8524,0,1,GooglePlay,2025-08-01,7700,1419
Order Complete (App),,ruby_2,6600,43,길길길,450,1131,0,1,GooglePlay,2025-07-20,122100,174
Order Complete (App),,ruby_1,1100,33,후조,386,273,0,1,GooglePlay,2025-07-29,25300,736
Order Complete (App),,ruby_4,33000,41,보보부복,392,2460,0,1,GooglePlay,2025-07-22,190300,596
Order Complete (App),,ruby_3,11000,44,태백,645,1286,0,1,GooglePlay,2025-07-18,1205600,28
Order Complete (App),,ruby_1,1100,43,길길길,450,1056,0,1,GooglePlay,2025-07-20,121000,174
Order Complete (App),,ruby_3,11000,20,고슬,485,184774,3410,1,OneStore,2025-08-12,966900,139
Order Complete (App),,ruby_3,11000,20,고슬,485,184774,2310,1,OneStore,2025-08-12,955900,139
Order Complete (App),,ruby_3,11000,1,클린비비,46,17063,0,1,GooglePlay,2025-08-30,0,14984
Order Complete (App),,ads_remove,7700,1,음향사,6,14280,0,1,GooglePlay,2025-08-30,0,99999999
Order Complete (App),,ads_remove,7700,1,골랑,51,1622,0,1,GooglePlay,2025-08-30,0,14979
Order Complete (App),,ruby_1,1100,35,창사마,550,39024,3190,1,GooglePlay,2025-07-27,1976700,53
Order Complete (App),,ads_remove,7700,1,성난이,8,18000,0,1,GooglePlay,2025-08-30,0,99999999
Order Complete (App),,ads_remove,7700,1,나뇽이,21,84500,0,1,GooglePlay,2025-08-30,0,99999999
Order Complete (App),,ads_remove,7700,1,해용,5,10000,0,1,GooglePlay,2025-08-30,0,99999999
Order Complete (App),,ads_remove,7700,1,쿡희씨,12,136500,0,1,GooglePlay,2025-08-30,0,99999999
Order Complete (App),,ruby_6,110000,10,달모어,131,7978,0,1,GooglePlay,2025-08-09,7700,6752
Order Complete (App),,ads_remove,7700,1,라진,4,8000,0,1,GooglePlay,2025-08-30,0,99999999
Order Complete (App),,ruby_2,6600,23,akfqod20,288,1444,0,1,GooglePlay,2025-08-08,17600,2505
Order Complete (App),,ads_remove,7700,1,미남쓰,16,85500,0,1,GooglePlay,2025-08-30,0,99999999
Order Complete (App),,ads_remove,7700,1,젤루빙,24,72225,0,1,GooglePlay,2025-08-30,0,99999999
Order Complete (App),,ads_remove,7700,1,정쇼군,18,32593,0,1,GooglePlay,2025-08-30,0,99999999
Order Complete (App),,ads_remove,7700,1,FreeTowe,6,17000,0,1,GooglePlay,2025-08-30,0,99999999
Order Complete (App),,ads_remove,7700,1,주환,34,133707,0,1,GooglePlay,2025-08-30,0,17082
Order Complete (App),,ruby_6,110000,42,s불멸1s,531,4271,850,1,GooglePlay,2025-07-19,1647800,72
Order Complete (App),,ads_remove,7700,6,긔검,137,370657,0,1,GooglePlay,2025-08-25,0,6350
Order Complete (App),,ruby_3,11000,5,지마,269,202310,110,1,GooglePlay,2025-08-26,256300,3469
Order Complete (App),,ruby_3,11000,16,모라동박성빈,278,208624,0,1,GooglePlay,2025-08-15,22000,2740
Order Complete (App),,ruby_5,55000,13,Hotal,685,213324,0,1,GooglePlay,2025-08-18,2018500,26
Order Complete (App),,ruby_5,55000,13,Hotal,685,13324,0,1,GooglePlay,2025-08-18,1963500,26
Order Complete (App),,ads_remove,7700,1,환용,27,136252,0,1,GooglePlay,2025-08-30,0,18203
Order Complete (App),,ads_remove,7700,1,아지1,14,156750,0,1,GooglePlay,2025-08-30,0,99999999
Order Complete (App),,ads_remove,7700,1,난율,9,23000,0,1,GooglePlay,2025-08-30,0,99999999
Order Complete (App),,ruby_5,55000,2,얌보,135,3711,110,1,GooglePlay,2025-08-29,22000,6475
Order Complete (App),,ruby_2,6600,1,방과,67,78566,0,1,GooglePlay,2025-08-30,11000,11423
Order Complete (App),,ruby_5,55000,5,지마,252,2252,110,1,GooglePlay,2025-08-26,201300,3469
Order Complete (App),,ads_remove,7700,1,후후1세,2,5182,0,1,GooglePlay,2025-08-30,0,99999999
Order Complete (App),,ads_remove,7700,1,이요미,26,39655,0,1,GooglePlay,2025-08-30,0,18814
Order Complete (App),,ads_remove,7700,1,슈직,5,10000,0,1,GooglePlay,2025-08-30,0,99999999
Order Complete (App),,ruby_3,11000,3,와싸비,95,722,0,1,GooglePlay,2025-08-28,7700,8089
Order Complete (App),,ruby_1,1100,309,멍구천사,1016,1399,550,0,OneStore,2024-10-16,102300,27
Order Complete (App),,ruby_4,33000,5,내안의로맨스,180,29429,0,0,GooglePlay,2024-11-15,7700,3559
Order Complete (App),,ads_remove,7700,1,주비,11,139000,0,1,GooglePlay,2025-08-30,0,99999999
Order Complete (App),,ruby_6,110000,46,명이나물,385,767831,0,1,GooglePlay,2025-07-16,7700,775
Order Complete (App),,ads_remove,7700,1,천왕류,18,104210,0,1,GooglePlay,2025-08-30,0,99999999
Order Complete (App),,ruby_4,33000,22,아무뭉,347,5073,0,1,GooglePlay,2025-08-08,180400,1494
Order Complete (App),,ruby_4,33000,2,구언,46,324639,0,1,GooglePlay,2025-07-17,7700,14952
Order Complete (App),,ads_remove,7700,1,가스파드,23,138820,0,1,GooglePlay,2025-08-30,0,19229
Order Complete (App),,ads_remove,7700,1,코다차야,4,8000,0,1,GooglePlay,2025-08-30,0,99999999
Order Complete (App),,ruby_5,55000,10,모래내,302,4431,110,1,GooglePlay,2025-08-21,249700,2201
Order Complete (App),,ruby_3,11000,45,하모예,520,2465,0,1,GooglePlay,2025-07-17,518100,91
Order Complete (App),,ruby_4,33000,2,마살수,186,1256,0,1,GooglePlay,2025-08-29,49500,5303
Order Complete (App),,ruby_5,55000,3,HYUCK,148,27642,0,0,GooglePlay,2025-07-15,119900,3859
Order Complete (App),,ruby_3,11000,30,쌈쟁이,433,51199,0,1,GooglePlay,2025-07-31,843700,274
Order Complete (App),,ruby_3,11000,30,쌈쟁이,432,4199,110,1,GooglePlay,2025-07-31,832700,274
Order Complete (App),,ruby_4,33000,1,vovo,63,21715,0,1,GooglePlay,2025-08-30,0,12447
Order Complete (App),,ads_remove,7700,1,왕니모,26,202192,0,1,GooglePlay,2025-08-30,0,17991
Order Complete (App),,ruby_2,6600,4,세상아,143,9770,0,1,GooglePlay,2025-08-26,7700,6232
Order Complete (App),,ads_remove,7700,1,moko,41,257557,0,1,GooglePlay,2025-08-30,0,16900
Order Complete (App),,ads_remove,7700,1,DKLOVE,9,24672,0,1,GooglePlay,2025-08-30,0,99999999
Order Complete (App),,ads_remove,7700,1,최말뚝,41,44270,0,1,GooglePlay,2025-08-29,0,17509
Order Complete (App),,ads_remove,7700,1,피짜,10,127000,0,1,GooglePlay,2025-08-30,0,99999999
Order Complete (App),,ruby_1,1100,5,디곤84,56,355665,770,1,GooglePlay,2025-08-25,15400,12879
Order Complete (App),,ruby_2,6600,5,디곤84,56,355665,0,1,GooglePlay,2025-08-25,7700,12879
Order Complete (App),,ruby_3,11000,3,투딴,33,146683,0,1,GooglePlay,2025-07-17,0,18562
Order Complete (App),,ads_remove,7700,1,피닉조,5,8000,0,1,GooglePlay,2025-08-30,0,99999999
Order Complete (App),,ruby_3,11000,38,꽃설,501,8150,110,1,GooglePlay,2025-07-22,528000,118
Order Complete (App),,ads_remove,7700,1,아옮옮,18,131540,0,1,GooglePlay,2025-08-30,0,99999999
Order Complete (App),,ruby_1,1100,15,가나위,267,167212,220,1,OneStore,2025-08-15,4400,3056
Order Complete (App),,ruby_1,1100,15,가나위,267,167212,110,1,OneStore,2025-08-15,3300,3056
Order Complete (App),,ruby_3,11000,41,미야,389,917275,2310,1,GooglePlay,2025-07-21,350900,711
Order Complete (App),,ruby_1,1100,41,미야,389,67275,8800,1,GooglePlay,2025-07-21,349800,711
Order Complete (App),,ads_remove,7700,3,김마라,92,13320,0,1,GooglePlay,2025-08-28,0,8237
Order Complete (App),,ruby_4,33000,41,미야,389,52275,8800,1,GooglePlay,2025-07-21,349800,711
Order Complete (App),,ruby_5,55000,41,미야,389,52275,0,1,GooglePlay,2025-07-21,261800,711
Order Complete (App),,ads_remove,7700,1,미괴,17,166075,0,1,GooglePlay,2025-08-30,0,99999999
Order Complete (App),,ruby_2,6600,33,무우사무휼,375,1786,110,1,GooglePlay,2025-07-29,52800,911
Order Complete (App),,ruby_2,6600,33,무우사무휼,375,3786,0,1,GooglePlay,2025-07-29,46200,911
Order Complete (App),,ruby_6,110000,41,미야,389,1975,0,1,GooglePlay,2025-07-21,151800,711
Order Complete (App),,ads_remove,7700,1,아차산,9,4000,0,1,GooglePlay,2025-08-30,0,99999999
Order Complete (App),,ruby_3,11000,3,퍄퍄,95,13696,0,1,GooglePlay,2025-08-18,7700,7886
Order Complete (App),,ruby_1,1100,1,방과,46,177745,220,1,GooglePlay,2025-08-30,9900,17024
Order Complete (App),,ruby_1,1100,1,방과,46,177745,220,1,GooglePlay,2025-08-30,9900,17024
Order Complete (App),,ruby_1,1100,1,방과,46,177745,0,1,GooglePlay,2025-08-30,7700,17024
Order Complete (App),,ruby_3,11000,1,apredink,36,121175,0,1,GooglePlay,2025-08-30,7700,16879
Order Complete (App),,ads_remove,7700,1,방과,46,177545,0,1,GooglePlay,2025-08-30,0,17024
Order Complete (App),,ruby_2,6600,41,미야,386,17925,3300,1,GooglePlay,2025-07-21,145200,711
Order Complete (App),,ruby_4,33000,41,미야,386,2925,0,1,GooglePlay,2025-07-21,112200,711
Order Complete (App),,ruby_6,110000,33,암부,953,117679,12520,1,GooglePlay,2025-07-29,6057700,3
Order Complete (App),,ruby_1,1100,40,어왔니,432,31861,110,1,OneStore,2025-07-22,8800,274
Order Complete (App),,ads_remove,7700,1,apredink,6,17000,0,1,GooglePlay,2025-08-30,0,99999999
Order Complete (App),,ruby_3,11000,30,치운,390,105053,110,1,GooglePlay,2025-08-01,78100,604
Order Complete (App),,ruby_3,11000,2,마살수,176,8924,0,1,GooglePlay,2025-08-29,38500,6199
Order Complete (App),,ads_remove,7700,1,우타카,54,74916,0,1,GooglePlay,2025-08-29,0,13217
Order Complete (App),,ads_remove,7700,1,청조,20,32955,0,1,GooglePlay,2025-08-30,0,99999999
Order Complete (App),,ruby_1,1100,7,묵화의도,192,129848,770,1,GooglePlay,2025-08-24,7700,4961
Order Complete (App),,ruby_2,6600,7,묵화의도,192,129848,0,1,GooglePlay,2025-08-24,0,4961
Order Complete (App),,ruby_4,33000,1,란희,62,178912,0,1,GooglePlay,2025-08-30,7700,12065
Order Complete (App),,ruby_4,33000,21,하뚜루,349,8024,0,1,GooglePlay,2025-08-09,199100,1461
Order Complete (App),,ads_remove,7700,1,꾸르비,17,178825,0,1,GooglePlay,2025-08-30,0,99999999
Order Complete (App),,ruby_2,6600,1,패드립면역자,66,83663,0,1,GooglePlay,2025-08-30,7700,11380
Order Complete (App),,ads_remove,7700,1,잼성,53,8178,0,1,GooglePlay,2025-08-30,0,13437
Order Complete (App),,ruby_4,33000,29,뽄요,333,454142,0,1,GooglePlay,2025-08-02,182600,1734
Order Complete (App),,ruby_2,6600,2,마살수,147,749,0,1,GooglePlay,2025-08-29,31900,6199
Order Complete (App),,ads_remove,7700,1,고랑,11,24000,0,1,GooglePlay,2025-08-30,0,99999999
Order Complete (App),,ads_remove,7700,2,구언,25,217479,0,1,GooglePlay,2025-07-17,0,19173
Order Complete (App),,ruby_4,33000,29,무랭이,432,3517,1100,1,GooglePlay,2025-08-02,465300,271
Order Complete (App),,ruby_3,11000,29,무랭이,432,3417,0,1,GooglePlay,2025-08-02,454300,271
Order Complete (App),,ruby_4,33000,1,초략,30,89530,0,1,GooglePlay,2025-08-30,0,17561
Order Complete (App),,ads_remove,7700,1,고팬도,8,23000,0,1,GooglePlay,2025-08-30,0,99999999
Order Complete (App),,ads_remove,7700,1,패드립면역자,44,22890,0,1,GooglePlay,2025-08-30,0,15290
Order Complete (App),,ads_remove,7700,1,보키오빠,53,19650,0,1,GooglePlay,2025-08-30,0,13434
Order Complete (App),,ruby_2,6600,2,마살수,92,924,1100,1,GooglePlay,2025-08-29,25300,8228
Order Complete (App),,ruby_3,11000,2,마살수,92,616,0,1,GooglePlay,2025-08-29,14300,8228
Order Complete (App),,ruby_4,33000,22,카후,365,19390,0,1,GooglePlay,2025-08-08,350900,1208
Order Complete (App),,ruby_2,6600,44,마갈곤,424,115277,0,1,GooglePlay,2025-07-17,84700,393
Order Complete (App),,ads_remove,7700,1,블로우에어컨,5,14000,0,1,GooglePlay,2025-08-30,0,99999999
Order Complete (App),,ruby_3,11000,42,캐누,401,7988,0,1,GooglePlay,2025-07-20,7700,503
Order Complete (App),,ruby_3,11000,22,규미니,320,8215,0,1,GooglePlay,2025-08-09,51700,2009
Order Complete (App),,ruby_3,11000,23,매혹,317,3859,220,1,GooglePlay,2025-08-08,67100,2058
Order Complete (App),,ads_remove,7700,1,미카와의사슴,36,91156,0,1,GooglePlay,2025-08-30,0,19158
Order Complete (App),,ruby_1,1100,45,하나공공,485,2545,440,1,GooglePlay,2025-07-17,71500,134
Order Complete (App),,ruby_1,1100,45,하나공공,485,2545,440,1,GooglePlay,2025-07-17,71500,134
Order Complete (App),,ruby_1,1100,45,하나공공,485,2545,330,1,GooglePlay,2025-07-17,70400,134
Order Complete (App),,ruby_1,1100,45,하나공공,485,2545,110,1,GooglePlay,2025-07-17,68200,134
Order Complete (App),,ruby_3,11000,11,가가나나섭,191,84883,440,1,GooglePlay,2025-08-19,44000,5036
Order Complete (App),,ads_remove,7700,1,리튜보,11,93500,0,1,GooglePlay,2025-08-30,0,99999999
Order Complete (App),,ruby_4,33000,11,가가나나섭,191,5783,0,1,GooglePlay,2025-08-19,11000,5036
Order Complete (App),,ruby_3,11000,1,민구르,26,142685,0,1,GooglePlay,2025-08-30,0,19154
Order Complete (App),,ruby_1,1100,3,기림,115,5946,220,1,GooglePlay,2025-08-27,11000,7525
Order Complete (App),,ruby_1,1100,2,P7star,37,206163,660,1,GooglePlay,2025-08-28,6600,16656
Order Complete (App),,ads_remove,7700,1,문목화,6,11602,0,1,GooglePlay,2025-08-30,0,99999999
Order Complete (App),,ruby_2,6600,2,P7star,37,206163,0,1,GooglePlay,2025-08-28,0,16656
Order Complete (App),,ruby_2,6600,16,나는참새,323,198064,2970,1,GooglePlay,2025-08-15,289300,1937
Order Complete (App),,ruby_4,33000,16,나는참새,323,18864,1870,1,GooglePlay,2025-08-15,256300,1937
Order Complete (App),,ruby_6,110000,13,Hotal,649,20095,0,1,GooglePlay,2025-08-18,1853500,27
Order Complete (App),,ruby_3,11000,3,기림,106,24496,0,1,GooglePlay,2025-08-27,0,7525
Order Complete (App),,ads_remove,7700,1,정상화,5,8000,0,1,GooglePlay,2025-08-30,0,99999999
Order Complete (App),,ruby_2,6600,2,마살수,91,816,0,1,GooglePlay,2025-08-29,7700,9834
Order Complete (App),,ruby_3,11000,33,무우사무휼,375,54961,0,1,GooglePlay,2025-07-29,35200,905
Order Complete (App),,ruby_1,1100,33,무우사무휼,375,34961,550,1,GooglePlay,2025-07-29,35200,905
Order Complete (App),,ruby_1,1100,33,무우사무휼,375,34961,550,1,GooglePlay,2025-07-29,35200,905
Order Complete (App),,ruby_1,1100,33,무우사무휼,375,34961,440,1,GooglePlay,2025-07-29,34100,905
Order Complete (App),,ruby_1,1100,33,무우사무휼,375,34961,330,1,GooglePlay,2025-07-29,33000,905
Order Complete (App),,ruby_1,1100,33,무우사무휼,375,34961,0,1,GooglePlay,2025-07-29,29700,905
Order Complete (App),,ruby_1,1100,33,무우사무휼,375,30961,0,1,GooglePlay,2025-07-29,28600,905
Order Complete (App),,ruby_4,33000,28,아모르,376,29444,0,1,GooglePlay,2025-08-03,121000,877
Order Complete (App),,ruby_4,33000,37,순간적쾌락,396,131768,0,1,GooglePlay,2025-07-24,181500,526
Order Complete (App),,ads_remove,7700,1,란희,4,8000,0,1,GooglePlay,2025-08-30,0,99999999
Order Complete (App),,ruby_3,11000,2,유비연,95,3368,220,1,GooglePlay,2025-08-29,29700,7873
Order Complete (App),,ruby_1,1100,30,떠쥬니,384,1791,0,1,GooglePlay,2025-07-31,33000,804
Order Complete (App),,ads_remove,7700,1,노력좌,15,139850,0,1,GooglePlay,2025-08-29,0,99999999
Order Complete (App),,ruby_2,6600,30,도라에몽표류기,463,50196,0,1,GooglePlay,2025-08-01,407000,164
Order Complete (App),,ruby_4,33000,45,디우,566,619,0,1,GooglePlay,2025-07-17,686400,43
Order Complete (App),,ruby_3,11000,17,김태형,297,158901,1100,1,GooglePlay,2025-08-08,123200,2223
Order Complete (App),,ruby_3,11000,17,김태형,297,158901,0,1,GooglePlay,2025-08-08,112200,2223
Order Complete (App),,ruby_3,11000,34,진우서우,531,1506,2310,1,GooglePlay,2025-07-28,904200,70
Order Complete (App),,ruby_3,11000,34,진우서우,531,1506,110,1,GooglePlay,2025-07-28,882200,70
Order Complete (App),,ads_remove,7700,16,나라말싸미,255,2426,0,1,GooglePlay,2025-08-15,0,3355
Order Complete (App),,ads_remove,7700,1,독거총각,7,18000,0,1,GooglePlay,2025-08-29,0,99999999
Order Complete (App),,ruby_3,11000,9,밤벌레,272,136027,0,1,GooglePlay,2025-08-21,93500,2836
Order Complete (App),,ruby_2,6600,19,고슬,468,233450,2860,1,OneStore,2025-08-12,944900,153
Order Complete (App),,ads_remove,7700,1,근이,4,8000,0,1,GooglePlay,2025-08-29,0,99999999
Order Complete (App),,ruby_3,11000,34,진우서우,531,205711,110,1,GooglePlay,2025-07-28,871200,70
Order Complete (App),,ruby_4,33000,19,고슬,468,183450,5500,1,OneStore,2025-08-12,938300,153
Order Complete (App),,ruby_5,55000,14,다미보이,147,58298,0,1,GooglePlay,2025-08-16,7700,6091
Order Complete (App),,ruby_5,55000,19,고슬,468,88975,5500,1,OneStore,2025-08-12,905300,153
Order Complete (App),,ads_remove,7700,1,애완녀,4,8000,0,1,GooglePlay,2025-08-29,0,99999999
Order Complete (App),,ads_remove,7700,1,cholwood,5,14000,0,1,GooglePlay,2025-08-29,0,99999999
Order Complete (App),,ruby_2,6600,8,raonao,270,2206,220,1,GooglePlay,2025-08-23,146300,2913
Order Complete (App),,ruby_2,6600,4,은근슬젓,165,3975,220,1,GooglePlay,2025-08-27,20900,5836
Order Complete (App),,ads_remove,7700,1,난무,4,8000,0,1,GooglePlay,2025-08-29,0,99999999
Order Complete (App),,ruby_1,1100,26,조승연,853,1195684,0,1,GooglePlay,2025-08-04,3598100,9
Order Complete (App),,ruby_2,6600,3,난포기,85,816882,330,1,GooglePlay,2025-07-23,53900,9369
Order Complete (App),,ruby_2,6600,4,은근슬젓,147,21000,0,1,GooglePlay,2025-08-27,14300,6404
Order Complete (App),,ruby_4,33000,44,심대표,742,661,0,1,GooglePlay,2025-07-18,1621400,17
Order Complete (App),,ruby_5,55000,29,무랭이,427,15209,0,1,GooglePlay,2025-08-02,399300,312
Order Complete (App),,ruby_4,33000,26,조승연,832,1461923,0,1,GooglePlay,2025-08-04,3565100,10
Order Complete (App),,ruby_3,11000,29,무랭이,425,73159,0,1,GooglePlay,2025-08-02,388300,358
Order Complete (App),,ruby_6,110000,33,암부,953,412183,9620,1,GooglePlay,2025-07-29,5947700,3
Order Complete (App),,ruby_4,33000,43,개근남,770,206710,0,1,GooglePlay,2025-07-18,1618100,15
Order Complete (App),,ruby_4,33000,43,개근남,770,8910,0,1,GooglePlay,2025-07-18,1585100,15
Order Complete (App),,ruby_2,6600,7,아오키지,251,200716,660,1,GooglePlay,2025-08-23,227700,3493
Order Complete (App),,ruby_3,11000,1,미루영,24,150435,0,1,GooglePlay,2025-08-29,0,19133
Order Complete (App),,ruby_6,110000,40,환영z,349,403906,0,1,GooglePlay,2025-07-20,7700,1430
Order Complete (App),,ruby_4,33000,3,버몬드,150,95098,220,1,GooglePlay,2025-08-27,33000,6044
Order Complete (App),,ruby_4,33000,44,심대표,687,256156,11000,1,GooglePlay,2025-07-18,1588400,23
Order Complete (App),,ruby_6,110000,44,심대표,687,256156,0,1,GooglePlay,2025-07-18,1478400,23
Order Complete (App),,ruby_1,1100,2,난웅,25,156805,770,1,GooglePlay,2025-08-29,7700,18704
Order Complete (App),,ruby_4,33000,3,HYUCK,118,8348,0,0,GooglePlay,2025-07-15,86900,4365
Order Complete (App),,ruby_2,6600,2,난웅,25,156805,0,1,GooglePlay,2025-08-29,0,18704
Order Complete (App),,ruby_1,1100,26,조승연,823,1611673,0,1,GooglePlay,2025-08-04,3564000,11
Order Complete (App),,ruby_3,11000,26,조승연,820,1592098,0,1,GooglePlay,2025-08-04,3553000,11
Order Complete (App),,ads_remove,7700,1,두돼쥐,9,15000,0,1,GooglePlay,2025-08-29,0,99999999
Order Complete (App),,ruby_6,110000,26,조승연,813,525898,0,1,GooglePlay,2025-08-04,3443000,11
Order Complete (App),,ads_remove,7700,2,재난지원금,33,168542,0,1,GooglePlay,2025-08-29,0,17133
Order Complete (App),,ruby_4,33000,42,Nospoon,445,3135,0,1,GooglePlay,2025-07-19,207900,207
Order Complete (App),,ruby_2,6600,35,아루맘,526,37593,0,1,GooglePlay,2025-07-26,411400,76
Order Complete (App),,ruby_3,11000,26,조승연,808,509273,0,1,GooglePlay,2025-08-04,3432000,11
Order Complete (App),,ruby_4,33000,32,코리아se스머신,690,260293,330,1,GooglePlay,2025-07-30,2161500,21
Order Complete (App),,ruby_5,19,29,투리보스,326,31175,0,1,GooglePlay,2025-07-30,7700,1851
Order Complete (App),,ruby_6,20,29,투리보스,326,31175,0,1,GooglePlay,2025-07-30,7700,1851
Order Complete (App),,ruby_6,20,29,투리보스,326,31175,0,1,GooglePlay,2025-07-30,7700,1851
Order Complete (App),,ruby_6,110000,35,허어어니,592,2342,1430,1,GooglePlay,2025-07-27,1223200,36
Order Complete (App),,ruby_5,55000,26,조승연,801,219298,550,1,GooglePlay,2025-08-04,3377000,11
Order Complete (App),,ruby_4,33000,26,조승연,801,98798,550,1,GooglePlay,2025-08-04,3344000,11
Order Complete (App),,ruby_5,55000,32,코리아se스머신,686,253943,330,1,GooglePlay,2025-07-30,2106500,22
Order Complete (App),,ruby_2,6600,26,조승연,801,3286,0,1,GooglePlay,2025-08-04,3337400,11
Order Complete (App),,ruby_3,11000,28,김루팡,445,189484,2200,1,GooglePlay,2025-08-03,622600,232
Order Complete (App),,ruby_6,110000,35,허어어니,591,3292,330,1,GooglePlay,2025-07-27,1113200,35
Order Complete (App),,ruby_2,6600,31,김철호,387,26147,0,1,GooglePlay,2025-07-30,64900,691
Order Complete (App),,ruby_3,11000,13,Hotal,649,810,0,1,GooglePlay,2025-08-18,1842500,27
Order Complete (App),,ruby_4,33000,28,김루팡,440,111409,0,1,GooglePlay,2025-08-03,589600,232
Order Complete (App),,ruby_4,33000,27,chemma,475,452316,220,1,GooglePlay,2025-08-04,569800,143
Order Complete (App),,ruby_3,11000,40,로봇,511,168303,220,1,GooglePlay,2025-07-18,524700,97
Order Complete (App),,ruby_3,11000,13,Hotal,648,685,220,1,GooglePlay,2025-08-18,1831500,27
Order Complete (App),,ruby_3,11000,35,허어어니,573,199892,1430,1,GooglePlay,2025-07-27,1102200,38
Order Complete (App),,ruby_3,11000,43,태백,643,5184,2200,1,GooglePlay,2025-07-18,1205600,28
Order Complete (App),,ruby_3,11000,43,태백,643,5184,0,1,GooglePlay,2025-07-18,1183600,28
Order Complete (App),,ruby_2,6600,13,Hotal,647,535,110,1,GooglePlay,2025-08-18,1824900,27
Order Complete (App),,ruby_4,33000,35,허어어니,568,42967,330,1,GooglePlay,2025-07-27,1069200,40
Order Complete (App),,ruby_2,6600,27,chemma,451,1299116,110,1,GooglePlay,2025-08-04,563200,184
Order Complete (App),,ruby_6,110000,27,chemma,451,4616,110,1,GooglePlay,2025-08-04,453200,184
Order Complete (App),,ruby_3,11000,25,일본인,506,295826,330,1,GooglePlay,2025-08-05,995500,106
Order Complete (App),,ruby_3,11000,25,일본인,506,95826,6930,1,GooglePlay,2025-08-05,995500,106
Order Complete (App),,ruby_5,55000,25,일본인,506,95826,330,1,GooglePlay,2025-08-05,929500,106
Order Complete (App),,ruby_1,1100,2,아토리,35,175284,770,1,GooglePlay,2025-08-29,7700,17504
Order Complete (App),,ruby_2,6600,2,아토리,35,175284,0,1,GooglePlay,2025-08-29,0,17504
Order Complete (App),,ruby_6,110000,37,rubidu,483,3449,0,1,GooglePlay,2025-07-25,264000,133
Order Complete (App),,ruby_2,6600,27,chemma,447,4191,0,1,GooglePlay,2025-08-04,446600,184
Order Complete (App),,ruby_6,110000,2,캉캉,118,6298,0,1,GooglePlay,2025-08-28,51700,7860
Order Complete (App),,ruby_3,11000,40,두율대디,571,181420,0,1,GooglePlay,2025-07-22,750200,38
Order Complete (App),,ruby_2,6600,337,막내시로,1043,4881,0,0,GooglePlay,2024-09-28,201800,22
Order Complete (App),,ruby_4,33000,37,하얀늑대들,368,207155,0,1,GooglePlay,2025-07-25,18700,1032
Order Complete (App),,ruby_5,55000,44,JJJ0738,841,450394,9900,1,OneStore,2025-07-18,3415500,9
Order Complete (App),,ruby_6,110000,19,고슬,452,23305,11000,1,OneStore,2025-08-12,850300,166
Order Complete (App),,ruby_3,11000,43,개밥은줬는가,396,43349,2200,1,GooglePlay,2025-07-19,29700,499
Order Complete (App),,ruby_3,11000,43,개밥은줬는가,396,43349,0,1,GooglePlay,2025-07-19,7700,499
Order Complete (App),,ruby_1,1100,45,안티왕,437,19737,110,1,GooglePlay,2025-07-17,117700,231
Order Complete (App),,ruby_3,11000,32,코리아se스머신,686,135201,330,1,GooglePlay,2025-07-30,2095500,22
Order Complete (App),,ruby_2,6600,1,김메뚝,69,786,0,1,GooglePlay,2025-08-29,8800,10887
Order Complete (App),,ads_remove,7700,1,정세바리,45,138302,0,1,GooglePlay,2025-08-29,0,15249
Order Complete (App),,ruby_3,11000,1,유비연,80,312283,110,1,GooglePlay,2025-08-29,18700,9779
Order Complete (App),,ruby_4,33000,28,쿠행행,352,340987,0,1,GooglePlay,2025-07-26,371800,1468
Order Complete (App),,ruby_3,11000,5,Astar,226,3348,0,1,GooglePlay,2025-08-25,31900,4403
Order Complete (App),,ruby_3,11000,4,소쩍새,132,13463,0,1,GooglePlay,2025-08-26,25300,6459
Order Complete (App),,ruby_3,11000,44,십정동꿀주먹,412,2810,0,1,GooglePlay,2025-07-17,124300,447
Order Complete (App),,ruby_3,11000,4,지마,211,245447,2310,1,GooglePlay,2025-08-26,190300,4611
Order Complete (App),,ruby_4,33000,1,하나부터열,73,851,0,1,GooglePlay,2025-08-29,33000,10231
Order Complete (App),,ruby_3,11000,31,하이요요,339,67554,0,1,GooglePlay,2025-07-29,7700,1616
Order Complete (App),,ruby_3,11000,2,HYUCK,92,80764,110,0,GooglePlay,2025-07-15,75900,5134
Order Complete (App),,ruby_1,1100,2,HYUCK,92,80764,0,0,GooglePlay,2025-07-15,74800,5134
Order Complete (App),,ads_remove,7700,1,아농롤농,4,8000,0,1,GooglePlay,2025-08-29,0,99999999
Order Complete (App),,ruby_4,33000,4,지마,200,1132522,110,1,GooglePlay,2025-08-26,157300,5538
Order Complete (App),,ruby_5,55000,4,지마,200,207022,110,1,GooglePlay,2025-08-26,102300,5538
Order Complete (App),,ruby_3,11000,4,문학이,192,14047,0,1,GooglePlay,2025-08-26,60500,4931
Order Complete (App),,ruby_1,1100,2,HYUCK,92,69652,220,0,GooglePlay,2025-07-15,73700,5134
Order Complete (App),,ruby_4,33000,21,아무뭉,333,1033,0,1,GooglePlay,2025-08-08,147400,1694
Order Complete (App),,ruby_4,33000,1,하나부터열,41,2536,0,1,GooglePlay,2025-08-29,0,15849
Order Complete (App),,ruby_3,11000,2,HYUCK,92,11502,0,0,GooglePlay,2025-07-15,62700,5134
Order Complete (App),,ads_remove,7700,4,킬드런,111,56749,0,1,GooglePlay,2025-08-26,0,7436
Order Complete (App),,ads_remove,7700,1,백란,7,18000,0,1,GooglePlay,2025-08-29,0,99999999
Order Complete (App),,ruby_4,33000,42,GaDo,477,64400,0,1,GooglePlay,2025-07-19,108900,137
Order Complete (App),,ruby_4,33000,4,100원빌런,150,79756,110,1,GooglePlay,2025-08-26,99000,6673
Order Complete (App),,ruby_3,11000,31,코리아se스머신,686,181850,0,1,GooglePlay,2025-07-30,2084500,22
Order Complete (App),,ads_remove,7700,1,Kasy,5,13000,0,1,GooglePlay,2025-08-29,0,99999999
Order Complete (App),,ruby_5,55000,4,지마,174,127272,110,1,GooglePlay,2025-08-26,47300,5538
Order Complete (App),,ruby_3,11000,31,코리아se스머신,685,162250,0,1,GooglePlay,2025-07-30,2073500,22
Order Complete (App),,ruby_4,33000,14,검은고영희,216,14166,0,1,GooglePlay,2025-08-16,7700,4859
Order Complete (App),,ruby_6,110000,30,청무룡,329,63732,0,1,GooglePlay,2025-07-29,7700,1757
Order Complete (App),,ruby_6,110000,34,창사마,545,1413420,2860,1,GooglePlay,2025-07-27,1866700,61
Order Complete (App),,ruby_6,110000,34,창사마,545,138420,1760,1,GooglePlay,2025-07-27,1756700,61
Order Complete (App),,ruby_6,110000,6,진월e,248,1986,220,1,GooglePlay,2025-08-23,150700,3625
Order Complete (App),,ruby_1,1100,12,쿠쮜,279,2661,2310,1,GooglePlay,2025-08-18,148500,2692
Order Complete (App),,ruby_3,11000,12,쿠쮜,279,2661,1100,1,GooglePlay,2025-08-18,136400,2692
Order Complete (App),,ruby_3,11000,12,쿠쮜,279,2661,0,1,GooglePlay,2025-08-18,125400,2692
Order Complete (App),,ads_remove,7700,1,범메범메,52,14525,0,1,GooglePlay,2025-08-29,0,14560
Order Complete (App),,ruby_3,11000,2,HYUCK,91,32842,0,0,GooglePlay,2025-07-15,51700,5263
Order Complete (App),,ruby_1,1100,1,김메뚝,63,90766,0,1,GooglePlay,2025-08-29,7700,12795
Order Complete (App),,ruby_2,6600,31,l대마왕l,468,3939,5280,1,GooglePlay,2025-07-30,678700,162
Order Complete (App),,ruby_3,11000,31,l대마왕l,468,3939,4180,1,GooglePlay,2025-07-30,667700,162
Order Complete (App),,ruby_2,6600,4,트리콜로,126,122345,0,1,GooglePlay,2025-08-26,25300,6915
Order Complete (App),,ruby_3,11000,1,얌보,66,48974,0,1,GooglePlay,2025-08-29,11000,13635
Order Complete (App),,ruby_4,33000,31,l대마왕l,465,2739,880,1,GooglePlay,2025-07-30,634700,162
Order Complete (App),,ruby_5,55000,12,Hotal,644,35179,0,1,GooglePlay,2025-08-18,1769900,28
Order Complete (App),,ruby_3,11000,31,코리아se스머신,651,494351,6600,1,GooglePlay,2025-07-30,2073500,25
Order Complete (App),,ruby_5,55000,31,코리아se스머신,651,494351,0,1,GooglePlay,2025-07-30,2007500,25
Order Complete (App),,ruby_6,110000,31,코리아se스머신,651,290851,0,1,GooglePlay,2025-07-30,1897500,25
Order Complete (App),,ruby_1,1100,1,Big,31,44620,770,1,GooglePlay,2025-08-29,7700,19081
Order Complete (App),,ruby_2,6600,1,Big,30,44620,0,1,GooglePlay,2025-08-29,0,19081
Order Complete (App),,ruby_3,11000,16,김태형,293,10282,0,1,GooglePlay,2025-08-08,101200,2350
Order Complete (App),,ruby_5,55000,31,l대마왕l,448,5164,2640,1,GooglePlay,2025-07-30,579700,173
Order Complete (App),,ruby_1,1100,42,드레옹,656,4409,0,1,GooglePlay,2025-07-19,1942600,23
Order Complete (App),,ruby_3,11000,1,얌보,39,2975,0,1,GooglePlay,2025-08-29,0,18440
Order Complete (App),,ruby_3,11000,7,raonao,265,1140,2200,1,GooglePlay,2025-08-23,146300,3159
Order Complete (App),,ruby_3,11000,7,raonao,265,1140,0,1,GooglePlay,2025-08-23,124300,3159
Order Complete (App),,ruby_5,55000,31,l대마왕l,448,2163,440,1,GooglePlay,2025-07-30,524700,173
Order Complete (App),,ads_remove,7700,1,아재요,8,19000,0,1,GooglePlay,2025-08-29,0,99999999
Order Complete (App),,ruby_1,1100,16,비움,299,36476,770,1,GooglePlay,2025-08-14,49500,2199
Order Complete (App),,ruby_1,1100,16,비움,299,36476,550,1,GooglePlay,2025-08-14,47300,2199
Order Complete (App),,ruby_3,11000,16,비움,299,1476,0,1,GooglePlay,2025-08-14,36300,2199
Order Complete (App),,ruby_2,6600,3,라임보드카,83,46164,220,1,GooglePlay,2025-08-27,20900,9541
Order Complete (App),,ads_remove,7700,1,수원판금맨,10,135182,0,1,GooglePlay,2025-08-29,0,99999999
Order Complete (App),,ads_remove,7700,1,민추,44,30585,0,1,GooglePlay,2025-08-29,0,18644
Order Complete (App),,ruby_3,11000,15,생각대로,171,299233,0,1,GooglePlay,2025-08-05,0,5597
Order Complete (App),,ruby_5,55000,33,밥이,565,52675,0,1,GooglePlay,2025-07-28,966900,41
Order Complete (App),,ruby_5,55000,31,코리아se스머신,608,1265367,0,1,GooglePlay,2025-07-30,1842500,34
Order Complete (App),,ruby_3,11000,2,버몬드,121,3315,220,1,GooglePlay,2025-08-27,22000,6788
Order Complete (App),,ruby_5,55000,31,코리아se스머신,587,848567,0,1,GooglePlay,2025-07-30,1787500,34
Order Complete (App),,ruby_1,1100,287,튜토리얼,1286,1285757,3190,0,GooglePlay,2024-11-15,4710000,4
Order Complete (App),,ruby_3,11000,287,튜토리얼,1286,10757,11990,0,GooglePlay,2024-11-15,4699000,4
Order Complete (App),,ruby_6,110000,287,튜토리얼,1286,10757,990,0,GooglePlay,2024-11-15,4589000,4
Order Complete (App),,ruby_4,33000,34,창사마,545,15541,660,1,GooglePlay,2025-07-27,1723700,61
Order Complete (App),,ads_remove,7700,1,가문장아기,14,61752,0,1,GooglePlay,2025-08-29,0,99999999
Order Complete (App),,ads_remove,7700,1,검마신,7,9000,0,1,GooglePlay,2025-08-29,0,99999999
Order Complete (App),,ruby_6,110000,31,코리아se스머신,587,817217,550,1,GooglePlay,2025-07-30,1677500,34
Order Complete (App),,ruby_6,110000,31,코리아se스머신,587,375837,0,1,GooglePlay,2025-07-30,1567500,34
Order Complete (App),,ruby_2,6600,38,놀우,473,1099869,3080,1,GooglePlay,2025-07-23,303600,130
Order Complete (App),,ruby_6,110000,38,놀우,473,4261,0,1,GooglePlay,2025-07-23,193600,130
Order Complete (App),,ruby_5,55000,29,또땡겨,488,3568,0,1,GooglePlay,2025-07-31,767800,117
Order Complete (App),,ads_remove,7700,1,국치p,37,15890,0,1,GooglePlay,2025-08-29,0,18196
Order Complete (App),,ruby_5,55000,29,또땡겨,488,270443,0,1,GooglePlay,2025-07-31,712800,116
Order Complete (App),,ruby_5,55000,29,또땡겨,488,11368,0,1,GooglePlay,2025-07-31,657800,116
Order Complete (App),,ruby_2,6600,39,가우리열제,311,672797,3080,1,GooglePlay,2025-07-22,223300,2060
Order Complete (App),,ruby_2,6600,28,뽄요,327,838468,440,1,GooglePlay,2025-08-02,176000,1834
Order Complete (App),,ruby_3,11000,10,태원,265,72752,2750,1,GooglePlay,2025-08-20,40700,3180
Order Complete (App),,ruby_3,11000,10,태원,265,72752,550,1,GooglePlay,2025-08-20,18700,3180
Order Complete (App),,ruby_3,11000,10,태원,265,2752,0,1,GooglePlay,2025-08-20,7700,3180
Order Complete (App),,ruby_4,33000,42,토리9,390,17714,0,1,GooglePlay,2025-07-19,40700,569
Order Complete (App),,ruby_4,33000,32,일해라정차장,532,4369,150,1,GooglePlay,2025-07-29,820600,70
Order Complete (App),,ruby_3,11000,34,전화하지마,356,33917,770,1,GooglePlay,2025-07-24,51700,1322
Order Complete (App),,ruby_3,11000,1,난다고요,130,9839,0,1,GooglePlay,2025-08-28,40700,6812
Order Complete (App),,ads_remove,7700,1,난세17,66,12440,0,1,GooglePlay,2025-08-29,0,11322
Order Complete (App),,ruby_6,110000,24,일본인,487,11818,440,1,GooglePlay,2025-08-05,819500,119
Order Complete (App),,ruby_3,11000,1,난다고요,119,76589,0,1,GooglePlay,2025-08-28,29700,6812
Order Complete (App),,ruby_3,11000,2,HYUCK,89,144350,0,0,GooglePlay,2025-07-15,40700,5458
Order Complete (App),,ruby_3,11000,1,유비연,43,409250,0,1,GooglePlay,2025-08-29,7700,15358
Order Complete (App),,ruby_3,11000,41,헤롱이,546,4256,0,1,GooglePlay,2025-07-20,1023000,57
Order Complete (App),,ads_remove,7700,1,동하,27,53705,0,1,GooglePlay,2025-08-29,0,18629
Order Complete (App),,ruby_1,1100,30,박지뿡,367,4358,220,1,GooglePlay,2025-07-30,9900,1047
Order Complete (App),,ruby_1,1100,30,박지뿡,367,4358,0,1,GooglePlay,2025-07-30,7700,1047
Order Complete (App),,ads_remove,7700,1,화평,19,83706,0,1,GooglePlay,2025-08-29,0,99999999
Order Complete (App),,ruby_4,33000,18,고슬,446,882302,5610,1,OneStore,2025-08-12,740300,190
Order Complete (App),,ruby_4,33000,18,고슬,446,831702,3410,1,OneStore,2025-08-12,707300,190
Order Complete (App),,ads_remove,7700,1,hojiii,71,3780,0,1,GooglePlay,2025-08-29,0,18622
Order Complete (App),,ruby_6,110000,2,후운,181,53341,300,1,GooglePlay,2025-08-27,128700,5325
Order Complete (App),,ruby_1,1100,43,대칭,433,34029,330,1,GooglePlay,2025-07-17,28600,241
Order Complete (App),,ruby_1,1100,43,대칭,433,34029,330,1,GooglePlay,2025-07-17,28600,241
Order Complete (App),,ruby_1,1100,43,대칭,433,34029,0,1,GooglePlay,2025-07-17,25300,241
Order Complete (App),,ads_remove,7700,1,한수과,6,14000,0,1,GooglePlay,2025-08-29,0,99999999
Order Complete (App),,ruby_4,33000,2,HYUCK,86,141874,0,0,GooglePlay,2025-07-15,7700,5648
Order Complete (App),,ruby_1,1100,5,세르리아린,120,100901,330,1,GooglePlay,2025-08-25,11000,6810
Order Complete (App),,ruby_1,1100,5,세르리아린,120,100901,220,1,GooglePlay,2025-08-25,9900,6810
Order Complete (App),,ruby_1,1100,5,세르리아린,120,100901,0,1,GooglePlay,2025-08-25,7700,6810
Order Complete (App),,ruby_2,6600,2,난포기,67,681425,0,1,GooglePlay,2025-07-23,47300,11986
Order Complete (App),,ruby_4,33000,3,문배기,121,167629,110,1,GooglePlay,2025-08-27,18700,6679
Order Complete (App),,ads_remove,7700,1,김메뚝,8,19000,0,1,GooglePlay,2025-08-29,0,99999999
Order Complete (App),,ruby_4,33000,22,전력,321,511035,440,1,GooglePlay,2025-08-08,382800,1930
Order Complete (App),,ruby_3,11000,22,전력,321,99775,440,1,GooglePlay,2025-08-08,371800,1930
Order Complete (App),,ruby_3,11000,33,진우서우,530,578,110,1,GooglePlay,2025-07-28,860200,69
Order Complete (App),,ruby_3,11000,7,raonao,265,23665,0,1,GooglePlay,2025-08-23,113300,3190
Order Complete (App),,ruby_6,110000,335,9렙6만4천칠흑,1073,115020,11000,0,OneStore,2024-09-29,1107000,11
Order Complete (App),,ads_remove,7700,1,유비연,5,8000,0,1,GooglePlay,2025-08-29,0,99999999
Order Complete (App),,ads_remove,7700,1,마살수,53,805,0,1,GooglePlay,2025-08-29,0,13348
Order Complete (App),,ruby_5,55000,7,고대문명,293,84113,5500,1,OneStore,2025-08-23,458700,2261
Order Complete (App),,ruby_5,55000,26,teamnose,438,1945,110,1,GooglePlay,2025-08-03,716100,218
Order Complete (App),,ruby_4,33000,26,teamnose,438,1945,110,1,GooglePlay,2025-08-03,683100,218
Order Complete (App),,ruby_3,11000,15,아무건,278,1703,2200,1,GooglePlay,2025-08-15,42900,2688
Order Complete (App),,ruby_3,11000,15,아무건,278,1703,0,1,GooglePlay,2025-08-15,20900,2688
Order Complete (App),,ruby_1,1100,26,조엘,416,24890,220,1,GooglePlay,2025-08-04,349800,398
Order Complete (App),,ruby_1,1100,26,조엘,416,24890,110,1,GooglePlay,2025-08-04,348700,398
Order Complete (App),,ads_remove,7700,1,초짜요,5,13000,0,1,GooglePlay,2025-08-29,0,99999999
Order Complete (App),,ruby_5,55000,31,l대마왕l,447,7026,0,1,GooglePlay,2025-07-30,469700,176
Order Complete (App),,ruby_4,33000,4,바헬,137,28285,0,1,GooglePlay,2025-08-25,29700,6275
Order Complete (App),,ads_remove,7700,1,안줄건데,28,89180,0,1,GooglePlay,2025-08-29,0,18604
Order Complete (App),,ruby_1,1100,12,박범,287,15090,220,1,OneStore,2025-08-18,96800,2451
Order Complete (App),,ruby_1,1100,2,우마왕돌겨억,48,96332,770,1,GooglePlay,2025-08-28,7700,14519
Order Complete (App),,ruby_2,6600,2,우마왕돌겨억,48,96332,0,1,GooglePlay,2025-08-28,0,14519
Order Complete (App),,ads_remove,7700,1,KWON,11,23056,0,1,GooglePlay,2025-08-29,0,99999999
Order Complete (App),,ruby_4,33000,30,옥지의빵빵이,617,197351,80,1,GooglePlay,2025-07-31,1457500,27
Order Complete (App),,ruby_4,33000,2,테라띵,54,65670,0,1,GooglePlay,2025-08-28,0,13934
Order Complete (App),,ruby_2,6600,3,라임보드카,76,20173,110,1,GooglePlay,2025-08-27,14300,11037
Order Complete (App),,ruby_2,6600,4,위인대빵,142,34634,0,1,GooglePlay,2025-08-26,8800,6212
Order Complete (App),,ads_remove,7700,1,혀니찬,5,8000,0,1,GooglePlay,2025-08-29,0,99999999
Order Complete (App),,ads_remove,7700,1,정하은,35,69475,0,1,GooglePlay,2025-08-29,0,19020
Order Complete (App),,ruby_6,110000,34,창사마,535,3369,0,1,GooglePlay,2025-07-27,1613700,62
Order Complete (App),,ads_remove,7700,28,빨간맛,291,14634,0,1,GooglePlay,2025-08-02,0,2299
Order Complete (App),,ruby_3,11000,41,하야안,446,4276,110,1,GooglePlay,2025-07-20,386100,187
Order Complete (App),,ruby_6,110000,30,옥지의빵빵이,615,218929,80,1,GooglePlay,2025-07-31,1347500,27
Order Complete (App),,ruby_3,11000,41,하야안,446,4076,110,1,GooglePlay,2025-07-20,375100,187
Order Complete (App),,ruby_4,33000,44,디우,552,3643,0,1,GooglePlay,2025-07-17,653400,48
Order Complete (App),,ads_remove,7700,1,로로토,6,17000,0,1,GooglePlay,2025-08-29,0,99999999
Order Complete (App),,ruby_3,11000,4,지마,115,288881,110,1,GooglePlay,2025-08-26,36300,7307
Order Complete (App),,ads_remove,7700,4,지마,115,270581,110,1,GooglePlay,2025-08-26,28600,7307
Order Complete (App),,ruby_2,6600,4,지마,115,242881,0,1,GooglePlay,2025-08-26,22000,7307
Order Complete (App),,ruby_3,11000,4,바헬,120,125558,220,1,GooglePlay,2025-08-25,18700,6717
Order Complete (App),,ruby_3,11000,4,지마,115,179681,0,1,GooglePlay,2025-08-26,11000,7307
Order Complete (App),,ruby_3,11000,4,지마,115,4681,0,1,GooglePlay,2025-08-26,0,7307
Order Complete (App),,ruby_3,11000,5,재필왕자,171,86548,0,1,GooglePlay,2025-08-24,71500,5576
Order Complete (App),,ads_remove,7700,2,망치형,46,103447,0,1,GooglePlay,2025-08-28,0,14789
Order Complete (App),,ruby_6,110000,25,금재곱,602,752082,4840,1,GooglePlay,2025-08-04,2467300,31
Order Complete (App),,ads_remove,7700,1,빈주이,5,14000,0,1,GooglePlay,2025-08-28,0,99999999
Order Complete (App),,ruby_4,33000,7,고대문명,288,304732,3300,1,OneStore,2025-08-23,403700,2401
Order Complete (App),,ruby_3,11000,10,또륭,214,3297,0,1,GooglePlay,2025-08-20,20900,4505
Order Complete (App),,ads_remove,7700,1,근식,4,2000,0,1,GooglePlay,2025-08-28,0,99999999
Order Complete (App),,ruby_4,33000,17,순둡,298,115382,0,1,GooglePlay,2025-08-13,29700,2171
Order Complete (App),,ruby_4,33000,35,찹쌀누룽지,385,93757,220,1,GooglePlay,2025-07-25,95700,712
Order Complete (App),,ruby_3,11000,4,효댕이,87,561518,220,1,GooglePlay,2025-08-26,20900,8925
Order Complete (App),,ruby_3,11000,4,바헬,98,4591,0,1,GooglePlay,2025-08-25,7700,7708
Order Complete (App),,ruby_4,33000,36,rubidu,454,9030,0,1,GooglePlay,2025-07-25,231000,156
Order Complete (App),,ruby_3,11000,25,조승연,788,337276,110,1,GooglePlay,2025-08-04,3326400,11
Order Complete (App),,ruby_6,110000,25,금재곱,598,427060,440,1,GooglePlay,2025-08-04,2357300,31
Order Complete (App),,ruby_4,33000,39,가우리열제,309,611654,880,1,GooglePlay,2025-07-22,190300,2088
Order Complete (App),,ruby_4,33000,25,조승연,766,276,110,1,GooglePlay,2025-08-04,3293400,14
Order Complete (App),,ruby_4,33000,25,조승연,766,1176,110,1,GooglePlay,2025-08-04,3260400,14
Order Complete (App),,ruby_4,33000,25,조승연,766,2076,110,1,GooglePlay,2025-08-04,3227400,14
Order Complete (App),,ruby_4,33000,25,조승연,766,776,110,1,GooglePlay,2025-08-04,3194400,14
Order Complete (App),,ruby_4,33000,25,조승연,766,1676,110,1,GooglePlay,2025-08-04,3161400,14
Order Complete (App),,ruby_4,33000,25,조승연,766,50226,110,1,GooglePlay,2025-08-04,3128400,14
Order Complete (App),,ruby_2,6600,26,조엘,395,29888,0,1,GooglePlay,2025-08-04,342100,510
Order Complete (App),,ruby_4,33000,25,조승연,766,31126,110,1,GooglePlay,2025-08-04,3095400,14
Order Complete (App),,ruby_4,33000,25,조승연,766,116026,110,1,GooglePlay,2025-08-04,3062400,14
Order Complete (App),,ruby_3,11000,26,조엘,393,9888,0,1,GooglePlay,2025-08-04,331100,510
Order Complete (App),,ruby_4,33000,25,조승연,766,230926,110,1,GooglePlay,2025-08-04,3029400,14
Order Complete (App),,ruby_2,6600,26,짱주숭,452,628024,0,1,GooglePlay,2025-08-04,500500,157
Order Complete (App),,ruby_5,55000,8,밤벌레,251,102223,330,1,GooglePlay,2025-08-21,38500,3610
Order Complete (App),,ads_remove,7700,1,성산문,6,11420,0,1,GooglePlay,2025-08-28,0,99999999
Order Complete (App),,ruby_4,33000,327,파인트뤼,1136,3927,3300,0,OneStore,2024-10-07,4070200,8
Order Complete (App),,ruby_5,55000,25,조승연,765,256626,660,1,GooglePlay,2025-08-04,2974400,15
Order Complete (App),,ruby_4,33000,25,조승연,765,205026,660,1,GooglePlay,2025-08-04,2941400,15
Order Complete (App),,ads_remove,7700,1,해심,7,18000,0,1,GooglePlay,2025-08-28,0,99999999
Order Complete (App),,ruby_3,11000,25,조승연,765,186826,660,1,GooglePlay,2025-08-04,2930400,15
Order Complete (App),,ruby_3,11000,29,치운,386,81656,110,1,GooglePlay,2025-08-01,67100,654
Order Complete (App),,ruby_4,33000,25,조승연,764,185551,660,1,GooglePlay,2025-08-04,2897400,15
Order Complete (App),,ruby_4,33000,25,조승연,764,185551,660,1,GooglePlay,2025-08-04,2864400,15
Order Complete (App),,ruby_2,6600,6,신문왕,178,137987,0,1,GooglePlay,2025-08-23,7700,5370
Order Complete (App),,ads_remove,7700,6,신문왕,178,113192,0,1,GooglePlay,2025-08-23,0,5370
Order Complete (App),,ruby_3,11000,16,레오야멍멍해봐,326,3737,0,1,GooglePlay,2025-08-13,110000,1874
Order Complete (App),,ruby_3,11000,15,모라동박성빈,268,51040,0,1,GooglePlay,2025-08-15,11000,3062
Order Complete (App),,ruby_3,11000,25,조승연,752,170776,220,1,GooglePlay,2025-08-04,2853400,15
Order Complete (App),,ruby_4,33000,42,쟁요,650,4943,0,1,GooglePlay,2025-07-19,1213300,22
Order Complete (App),,ruby_1,1100,25,조승연,751,167676,220,1,GooglePlay,2025-08-04,2852300,15
Order Complete (App),,ruby_1,1100,25,조승연,751,167144,110,1,GooglePlay,2025-08-04,2851200,15
Order Complete (App),,ruby_3,11000,41,막내키키,501,12109,2200,1,GooglePlay,2025-07-20,352000,110
Order Complete (App),,ruby_3,11000,41,막내키키,501,12109,0,1,GooglePlay,2025-07-20,330000,110
Order Complete (App),,ads_remove,7700,5,kimbbang,121,2300,0,1,GooglePlay,2025-08-24,6600,6873
Order Complete (App),,ads_remove,7700,1,잠이와용,24,76471,0,1,GooglePlay,2025-08-28,0,19009
Order Complete (App),,ruby_2,6600,40,수라드,434,306387,220,1,GooglePlay,2025-07-21,81400,228
Order Complete (App),,ruby_3,11000,31,roki,421,3689,0,1,GooglePlay,2025-07-30,371800,378
Order Complete (App),,ruby_3,11000,1,캉캉,58,237522,1320,1,GooglePlay,2025-08-28,40700,13099
Order Complete (App),,ruby_4,33000,1,캉캉,57,159222,0,1,GooglePlay,2025-08-28,7700,13099
Order Complete (App),,ruby_3,11000,2,후운,131,53132,5100,1,GooglePlay,2025-08-27,117700,7003
Order Complete (App),,ruby_3,11000,37,꽃설,488,1451,220,1,GooglePlay,2025-07-22,517000,114
Order Complete (App),,ruby_1,1100,34,헤나,399,679,550,1,OneStore,2025-07-26,16500,452
Order Complete (App),,ruby_3,11000,33,뷔제,385,216133,0,1,GooglePlay,2025-07-28,28600,768
Order Complete (App),,ruby_3,11000,23,창제,328,1029,220,1,GooglePlay,2025-08-07,95700,1753
Order Complete (App),,ruby_2,6600,23,창제,328,2129,110,1,GooglePlay,2025-08-07,89100,1740
Order Complete (App),,ruby_3,11000,23,창제,328,1129,110,1,GooglePlay,2025-08-07,78100,1740
Order Complete (App),,ruby_2,6600,23,창제,328,2129,0,1,GooglePlay,2025-08-07,71500,1740
Order Complete (App),,ruby_3,11000,1,난다고요,38,282205,0,1,GooglePlay,2025-08-28,18700,18572
Order Complete (App),,ads_remove,7700,1,poing,8,22000,0,1,GooglePlay,2025-08-28,0,99999999
Order Complete (App),,ruby_6,110000,2,후운,93,37534,0,1,GooglePlay,2025-08-27,7700,8913
Order Complete (App),,ruby_3,11000,1,난다고요,35,203805,0,1,GooglePlay,2025-08-28,7700,18572
Order Complete (App),,ruby_4,33000,12,슬아태민빠,226,176131,0,1,GooglePlay,2025-08-17,95700,4335
Order Complete (App),,ads_remove,7700,1,난다고요,15,129200,0,1,GooglePlay,2025-08-28,0,4916
Order Complete (App),,ruby_1,1100,1,송쾌남,30,143285,220,1,GooglePlay,2025-08-28,9900,18995
Order Complete (App),,ruby_1,1100,1,송쾌남,30,143285,110,1,GooglePlay,2025-08-28,8800,18995
Order Complete (App),,ruby_1,1100,1,송쾌남,30,143285,0,1,GooglePlay,2025-08-28,7700,18995
Order Complete (App),,ruby_5,55000,12,슬아태민빠,225,101381,0,1,GooglePlay,2025-08-17,40700,4335
Order Complete (App),,ads_remove,7700,1,캉캉,9,5000,0,1,GooglePlay,2025-08-28,0,99999999
Order Complete (App),,ruby_4,33000,18,고슬,434,536068,3410,1,OneStore,2025-08-12,674300,265
Order Complete (App),,ruby_4,33000,18,고슬,433,536068,3410,1,OneStore,2025-08-12,641300,265
Order Complete (App),,ruby_5,55000,8,Leddie,177,80323,5500,1,GooglePlay,2025-08-21,102300,5422
Order Complete (App),,ruby_5,55000,8,Leddie,177,80323,0,1,GooglePlay,2025-08-21,47300,5422
Order Complete (App),,ads_remove,7700,2,푸꾸,33,75650,0,1,GooglePlay,2025-08-28,0,17464
Order Complete (App),,ads_remove,7700,1,송쾌남,4,8000,0,1,GooglePlay,2025-08-28,0,99999999
Order Complete (App),,ruby_4,33000,18,고슬,428,359243,5060,1,OneStore,2025-08-12,608300,291
Order Complete (App),,ruby_4,33000,18,고슬,428,299243,3410,1,OneStore,2025-08-12,575300,291
Order Complete (App),,ruby_4,33000,44,엉망,875,385551,550,1,GooglePlay,2025-07-17,3122900,7
Order Complete (App),,ruby_5,55000,18,고슬,428,33618,5610,1,OneStore,2025-08-12,542300,291
Order Complete (App),,ruby_1,1100,23,봄같은나라,408,8179,0,1,GooglePlay,2025-08-07,187000,434
Order Complete (App),,ruby_3,11000,43,JJJ0738,841,394561,4400,1,OneStore,2025-07-18,3360500,9
Order Complete (App),,ruby_2,6600,38,철도공사,419,28154,1320,1,GooglePlay,2025-07-23,56100,368
Order Complete (App),,ruby_2,6600,38,철도공사,419,28154,0,1,GooglePlay,2025-07-23,42900,368
Order Complete (App),,ads_remove,7700,3,간웅조조,92,57552,0,1,GooglePlay,2025-08-26,0,8137
Order Complete (App),,ruby_4,33000,28,조메기,510,99398,220,1,GooglePlay,2025-08-02,643500,94
Order Complete (App),,ruby_3,11000,38,장수척준경,511,77626,0,1,GooglePlay,2025-07-22,606100,93
Order Complete (App),,ruby_5,55000,42,태백,614,7135,0,1,GooglePlay,2025-07-18,1128600,28
Order Complete (App),,ruby_3,11000,4,소쩍새,116,62792,0,1,GooglePlay,2025-08-26,14300,7119
Order Complete (App),,ruby_3,11000,28,쿠행행,347,237798,1100,1,GooglePlay,2025-07-26,360800,1440
Order Complete (App),,ruby_3,11000,28,쿠행행,347,237798,0,1,GooglePlay,2025-07-26,349800,1440
Order Complete (App),,ruby_3,11000,31,이야이,557,568480,1210,1,OneStore,2025-07-30,1144000,44
Order Complete (App),,ruby_1,1100,42,신펜,571,1685,550,1,GooglePlay,2025-07-19,947100,37
Order Complete (App),,ruby_1,1100,42,신펜,571,1685,440,1,GooglePlay,2025-07-19,946000,37
Order Complete (App),,ruby_1,1100,42,신펜,571,1685,220,1,GooglePlay,2025-07-19,943800,37
Order Complete (App),,ruby_1,1100,42,신펜,571,1685,110,1,GooglePlay,2025-07-19,942700,37
Order Complete (App),,ruby_2,6600,2,은도끼,117,142821,440,1,GooglePlay,2025-08-28,66000,6998
Order Complete (App),,ruby_5,55000,31,이야이,557,517980,5610,1,OneStore,2025-07-30,1133000,44
Order Complete (App),,ruby_2,6600,18,고슬,425,276268,1210,1,OneStore,2025-08-12,487300,333
Order Complete (App),,ruby_3,11000,336,막내시로,1041,2792,0,0,GooglePlay,2024-09-28,190800,22
Order Complete (App),,ruby_2,6600,34,허어어니,563,161286,330,1,GooglePlay,2025-07-27,1062600,40
Order Complete (App),,ruby_5,55000,18,고슬,425,78168,6050,1,OneStore,2025-08-12,480700,333
Order Complete (App),,ruby_1,1100,6,레비비,185,140173,0,1,GooglePlay,2025-08-24,9900,5232
Order Complete (App),,ruby_1,1100,336,막내시로,1041,24192,0,0,GooglePlay,2024-09-28,189700,22
Order Complete (App),,ruby_1,1100,18,고슬,425,56043,550,1,OneStore,2025-08-12,425700,333
Order Complete (App),,ruby_3,11000,45,밀레니온,502,6341,110,1,GooglePlay,2025-07-16,657800,105
Order Complete (App),,ads_remove,7700,1,ROKSSS,39,113828,0,1,GooglePlay,2025-08-28,0,16515
Order Complete (App),,ruby_2,6600,1,신화라인,65,55066,0,1,GooglePlay,2025-08-28,7700,13081
Order Complete (App),,ruby_4,33000,3,류하경,118,2172,0,1,GooglePlay,2025-08-24,14300,7116
Order Complete (App),,ads_remove,7700,1,신화라인,56,39716,0,1,GooglePlay,2025-08-28,0,13081
Order Complete (App),,ruby_5,55000,1,샮얅,201,9327,880,1,GooglePlay,2025-08-28,227700,4719
Order Complete (App),,ruby_3,11000,3,문학이,170,12996,110,1,GooglePlay,2025-08-26,49500,5608
Order Complete (App),,ruby_2,6600,3,류하경,118,98372,0,1,GooglePlay,2025-08-24,7700,7116
Order Complete (App),,ruby_4,33000,35,rubidu,446,416060,0,1,GooglePlay,2025-07-25,198000,179
Order Complete (App),,ruby_2,6600,37,여름이니까,579,274021,660,1,GooglePlay,2025-07-22,801900,32
Order Complete (App),,ruby_4,33000,1,방구개미,128,2052,0,1,GooglePlay,2025-08-28,51700,6517
Order Complete (App),,ruby_3,11000,218,예압,765,1052977,0,0,GooglePlay,2025-01-23,499000,112
Order Complete (App),,ruby_1,1100,329,권준,937,1776951,880,0,OneStore,2024-10-04,20900,56
Order Complete (App),,ruby_2,6600,41,드레옹,648,1664,0,1,GooglePlay,2025-07-19,1936000,22
Order Complete (App),,ruby_4,33000,25,짱주숭,447,545309,0,1,GooglePlay,2025-08-04,467500,167
Order Complete (App),,ruby_1,1100,41,시조,385,550,1980,1,GooglePlay,2025-07-19,40700,746
Order Complete (App),,ruby_1,1100,41,시조,385,550,1980,1,GooglePlay,2025-07-19,40700,746
Order Complete (App),,ruby_2,6600,41,시조,385,550,1760,1,GooglePlay,2025-07-19,38500,746
Order Complete (App),,ruby_3,11000,25,짱주숭,447,4809,0,1,GooglePlay,2025-08-04,456500,167
Order Complete (App),,ruby_3,11000,41,시조,385,550,0,1,GooglePlay,2025-07-19,20900,746
Order Complete (App),,ads_remove,7700,1,지게차,11,139000,0,1,GooglePlay,2025-08-28,0,99999999
Order Complete (App),,ruby_5,55000,29,옥지의빵빵이,609,209208,80,1,GooglePlay,2025-07-31,1292500,28
Order Complete (App),,ruby_6,110000,34,꿍도사,381,271269,26400,1,GooglePlay,2025-07-26,396000,759
Order Complete (App),,ruby_6,110000,34,꿍도사,381,271269,4400,1,GooglePlay,2025-07-26,176000,759
Order Complete (App),,ruby_6,110000,34,꿍도사,381,31269,0,1,GooglePlay,2025-07-26,66000,759
Order Complete (App),,ruby_2,6600,2,혜디,116,126253,330,1,GooglePlay,2025-08-27,38500,7113
Order Complete (App),,ruby_1,1100,42,마갈곤,405,54634,1980,1,GooglePlay,2025-07-17,84700,438
Order Complete (App),,ruby_1,1100,42,마갈곤,405,54634,1870,1,GooglePlay,2025-07-17,83600,438
Order Complete (App),,ruby_2,6600,42,마갈곤,405,54634,1760,1,GooglePlay,2025-07-17,82500,438
Order Complete (App),,ruby_3,11000,42,마갈곤,405,54634,0,1,GooglePlay,2025-07-17,64900,438
Order Complete (App),,ads_remove,7700,1,이은공,11,139000,0,1,GooglePlay,2025-08-28,0,99999999
Order Complete (App),,ruby_3,11000,40,헤롱이,536,6068,0,1,GooglePlay,2025-07-20,1012000,60
Order Complete (App),,ruby_3,11000,33,체리벼리,351,136918,0,1,GooglePlay,2025-07-27,14300,1340
Order Complete (App),,ruby_4,33000,2,혼천마,88,221006,440,1,GooglePlay,2025-08-27,25300,9042
Order Complete (App),,ruby_1,1100,4,크레이지,78,11868,770,1,GooglePlay,2025-08-25,7700,10245
Order Complete (App),,ruby_2,6600,4,크레이지,78,11868,0,1,GooglePlay,2025-08-25,0,10245
Order Complete (App),,ruby_3,11000,1,아이디모할깡,24,197000,0,1,GooglePlay,2025-08-28,0,18972
Order Complete (App),,ruby_3,11000,42,심대표,645,441214,110,1,GooglePlay,2025-07-18,1467400,24
Order Complete (App),,ruby_6,110000,42,심대표,645,252714,110,1,GooglePlay,2025-07-18,1357400,24
Order Complete (App),,ruby_4,33000,21,노키,346,2899,0,1,GooglePlay,2025-08-06,194700,1504
Order Complete (App),,ruby_5,55000,14,먼지아빠,365,15992,0,1,GooglePlay,2025-08-15,363000,1124
Order Complete (App),,ruby_4,33000,42,거지왕최춘삼,465,43494,0,1,GooglePlay,2025-07-18,621500,141
Order Complete (App),,ruby_3,11000,42,거지왕최춘삼,465,36969,0,1,GooglePlay,2025-07-18,610500,141
Order Complete (App),,ads_remove,7700,1,라땨뚜이,4,8000,0,1,GooglePlay,2025-08-28,0,99999999
Order Complete (App),,ruby_5,55000,45,쿠빈,512,726411,480,0,GooglePlay,2025-07-15,1008700,466
Order Complete (App),,ruby_4,33000,2,진주정,114,136830,330,1,GooglePlay,2025-08-27,40700,7867
Order Complete (App),,ruby_2,6600,2,혜디,95,88394,0,1,GooglePlay,2025-08-27,31900,7969
Order Complete (App),,ruby_6,110000,45,쿠빈,512,411,480,0,GooglePlay,2025-07-15,898700,489
Order Complete (App),,ads_remove,7700,1,업동,48,286026,0,1,GooglePlay,2025-08-27,0,14742
Order Complete (App),,ruby_2,6600,2,혜디,92,69919,1320,1,GooglePlay,2025-08-27,25300,8128
Order Complete (App),,ruby_3,11000,2,혜디,92,69919,220,1,GooglePlay,2025-08-27,14300,8128
Order Complete (App),,ruby_3,11000,27,쿠행행,343,120050,110,1,GooglePlay,2025-07-26,338800,1525
Order Complete (App),,ads_remove,7700,1,김재민97,11,149608,0,1,GooglePlay,2025-08-27,0,99999999
Order Complete (App),,ruby_4,33000,2,진주정,94,2805,0,1,GooglePlay,2025-08-27,7700,7867
Order Complete (App),,ruby_2,6600,1,난포기,36,416369,0,1,GooglePlay,2025-07-23,40700,16836
Order Complete (App),,ruby_5,55000,14,나는참새,295,21745,2640,1,GooglePlay,2025-08-15,201300,2271
Order Complete (App),,ruby_4,33000,1,난포기,27,259017,0,1,GooglePlay,2025-07-23,7700,17616
Order Complete (App),,ruby_6,110000,45,쿠빈,508,306815,260,0,GooglePlay,2025-07-15,788700,489
Order Complete (App),,ads_remove,7700,2,표류동자,96,51045,0,1,GooglePlay,2025-08-27,0,7741
Order Complete (App),,ruby_5,55000,14,나는참새,291,35720,440,1,GooglePlay,2025-08-15,146300,2271
Order Complete (App),,ruby_1,1100,1,밀끼,94,33254,330,1,GooglePlay,2025-08-28,3300,7967
Order Complete (App),,ruby_1,1100,1,밀끼,94,33254,220,1,GooglePlay,2025-08-28,2200,7967
Order Complete (App),,ruby_1,1100,1,밀끼,94,33254,0,1,GooglePlay,2025-08-28,0,7967
Order Complete (App),,ruby_1,1100,2,런커,67,193863,770,1,GooglePlay,2025-08-27,7700,10997
Order Complete (App),,ruby_2,6600,2,런커,67,193863,0,1,GooglePlay,2025-08-27,0,10997
Order Complete (App),,ads_remove,7700,1,퍄퍄,8,20000,0,1,GooglePlay,2025-08-18,0,99999999
Order Complete (App),,ruby_2,6600,14,아무건,269,1991,0,1,GooglePlay,2025-08-15,14300,2903
Order Complete (App),,ruby_3,11000,25,르무르,367,301,1100,1,GooglePlay,2025-08-04,122100,1020
Order Complete (App),,ruby_3,11000,25,르무르,367,301,0,1,GooglePlay,2025-08-04,111100,1020
Order Complete (App),,ads_remove,7700,1,백구두,9,0,0,1,GooglePlay,2025-08-28,0,99999999
Order Complete (App),,ads_remove,7700,1,다동태,4,8000,0,1,GooglePlay,2025-08-28,0,99999999
Order Complete (App),,ruby_5,55000,8,모래내,276,3924,0,1,GooglePlay,2025-08-21,194700,2726
Order Complete (App),,ruby_1,1100,34,격공,330,94918,1650,1,OneStore,2025-07-26,27500,1700
Order Complete (App),,ruby_1,1100,34,격공,330,94918,1540,1,OneStore,2025-07-26,26400,1700
Order Complete (App),,ads_remove,7700,1,뭉가뭉가,25,73405,0,1,GooglePlay,2025-08-28,0,18323
Order Complete (App),,ruby_1,1100,5,김백약,92,6433,770,1,GooglePlay,2025-08-24,7700,8121
Order Complete (App),,ruby_2,6600,5,김백약,92,6433,0,1,GooglePlay,2025-08-24,0,8121
Order Complete (App),,ads_remove,7700,1,천식,18,129700,0,1,GooglePlay,2025-08-28,0,99999999
Order Complete (App),,ruby_5,55000,35,가을빛달,503,350069,550,1,GooglePlay,2025-07-25,986700,113
Order Complete (App),,ruby_5,55000,8,모래내,269,4399,0,1,GooglePlay,2025-08-21,139700,2903
Order Complete (App),,ruby_1,1100,1,지우야,66,594,1980,1,GooglePlay,2025-08-28,27500,11553
Order Complete (App),,ruby_1,1100,1,지우야,66,594,1980,1,GooglePlay,2025-08-28,27500,11553
Order Complete (App),,ruby_2,6600,1,지우야,66,594,1760,1,GooglePlay,2025-08-28,25300,11553
Order Complete (App),,ruby_3,11000,1,지우야,66,594,0,1,GooglePlay,2025-08-28,7700,11553
Order Complete (App),,ruby_5,55000,38,가우리열제,306,448953,0,1,GooglePlay,2025-07-22,135300,2068
Order Complete (App),,ruby_2,6600,1,나르는곰탱이,79,74589,0,1,GooglePlay,2025-08-28,7700,9723
Order Complete (App),,ruby_4,33000,35,별찌,423,1036204,330,1,GooglePlay,2025-07-25,238700,345
Order Complete (App),,ruby_2,6600,40,막내키키,493,3138,0,1,GooglePlay,2025-07-20,323400,109
Order Complete (App),,ruby_3,11000,1,은도끼,106,219594,0,1,GooglePlay,2025-08-28,55000,7474
Order Complete (App),,ruby_2,6600,26,요거트슈,381,2307,0,1,GooglePlay,2025-08-03,71500,751
Order Complete (App),,ruby_2,6600,21,매혹,298,884,110,1,GooglePlay,2025-08-08,60500,2175
Order Complete (App),,ruby_2,6600,17,고슬,425,1248,1210,1,OneStore,2025-08-12,424600,328
Order Complete (App),,ruby_2,6600,21,매혹,296,784,110,1,GooglePlay,2025-08-08,53900,2175
Order Complete (App),,ads_remove,7700,1,모잇,6,25456,0,1,GooglePlay,2025-08-28,0,99999999
Order Complete (App),,ruby_5,55000,43,하모예,512,26085,0,1,GooglePlay,2025-07-17,463100,89
Order Complete (App),,ruby_3,11000,22,새내기,342,50582,110,1,GooglePlay,2025-08-03,99000,1531
Order Complete (App),,ruby_6,110000,33,창사마,510,204463,1100,1,GooglePlay,2025-07-27,1503700,92
Order Complete (App),,ruby_2,6600,3,트리콜로,94,76572,220,1,GooglePlay,2025-08-26,18700,8784
Order Complete (App),,ruby_6,110000,33,창사마,510,4463,22550,1,GooglePlay,2025-07-27,1503700,92
Order Complete (App),,ruby_6,110000,33,창사마,510,4463,550,1,GooglePlay,2025-07-27,1283700,92
Order Complete (App),,ruby_1,1100,41,뉴진스해린,425,9355,330,1,GooglePlay,2025-07-18,14300,327
Order Complete (App),,ruby_1,1100,41,뉴진스해린,425,9355,220,1,GooglePlay,2025-07-18,13200,327
Order Complete (App),,ruby_1,1100,41,뉴진스해린,425,9355,0,1,GooglePlay,2025-07-18,11000,327
Order Complete (App),,ruby_6,110000,1,샮얅,119,4875,550,1,GooglePlay,2025-08-28,117700,6748
Order Complete (App),,ruby_4,33000,5,딘데,132,397,330,1,GooglePlay,2025-08-23,18700,6378
Order Complete (App),,ruby_1,1100,1,은도끼,93,177157,440,1,GooglePlay,2025-08-28,53900,8116
Order Complete (App),,ruby_3,11000,43,은월랑,577,3207,220,1,GooglePlay,2025-07-17,1570800,33
Order Complete (App),,ruby_2,6600,1,은도끼,92,89257,1870,1,GooglePlay,2025-08-28,53900,8116
Order Complete (App),,ruby_3,11000,1,은도끼,92,89257,110,1,GooglePlay,2025-08-28,36300,8116
Order Complete (App),,ruby_3,11000,1,은도끼,92,23757,0,1,GooglePlay,2025-08-28,25300,8116
Order Complete (App),,ruby_3,11000,1,은도끼,92,8257,0,1,GooglePlay,2025-08-28,14300,8116
Order Complete (App),,ruby_4,33000,33,창사마,493,3054,550,1,GooglePlay,2025-07-27,1250700,116
Order Complete (App),,ruby_3,11000,33,창사마,493,2604,1650,1,GooglePlay,2025-07-27,1239700,116
Order Complete (App),,ruby_1,1100,1,셀프유쌤,36,54188,220,1,GooglePlay,2025-08-28,29700,18513
Order Complete (App),,ruby_5,55000,33,창사마,493,12104,550,1,GooglePlay,2025-07-27,1184700,116
Order Complete (App),,ruby_3,11000,43,S썽아찌S,412,1219,0,1,GooglePlay,2025-07-16,40700,397
Order Complete (App),,ruby_3,11000,24,조승연,751,238469,110,1,GooglePlay,2025-08-04,2840200,15
Order Complete (App),,ruby_2,6600,24,조승연,751,226019,0,1,GooglePlay,2025-08-04,2833600,15
Order Complete (App),,ruby_3,11000,1,셀프유쌤,25,66113,1100,1,GooglePlay,2025-08-28,18700,18513
Order Complete (App),,ruby_3,11000,1,셀프유쌤,25,66113,0,1,GooglePlay,2025-08-28,7700,18513
Order Complete (App),,ruby_4,33000,24,조승연,751,225735,0,1,GooglePlay,2025-08-04,2800600,15
Order Complete (App),,ruby_6,110000,33,창사마,486,7329,1650,1,GooglePlay,2025-07-27,1074700,116
Order Complete (App),,ruby_4,33000,1,무개념꼬맹이,27,237549,0,1,GooglePlay,2025-08-28,7700,17588
Order Complete (App),,ruby_4,33000,33,창사마,486,85829,9350,1,GooglePlay,2025-07-27,1041700,116
Order Complete (App),,ads_remove,7700,1,모태솔로장동건,68,50650,0,1,GooglePlay,2025-08-28,0,16954
Order Complete (App),,ruby_6,110000,33,창사마,486,3554,0,1,GooglePlay,2025-07-27,931700,116
Order Complete (App),,ruby_2,6600,1,은도끼,41,103845,0,1,GooglePlay,2025-08-28,7700,16373
Order Complete (App),,ads_remove,7700,1,보창,7,17000,0,1,GooglePlay,2025-08-28,0,99999999
Order Complete (App),,ads_remove,7700,1,SELF,5,13000,0,1,GooglePlay,2025-08-28,0,99999999
Order Complete (App),,ruby_1,1100,33,헤나,396,35293,440,1,OneStore,2025-07-26,15400,455
Order Complete (App),,ruby_4,33000,35,k루인,353,88793,330,1,GooglePlay,2025-07-24,128700,1327
Order Complete (App),,ads_remove,7700,1,은도끼,4,8000,0,1,GooglePlay,2025-08-28,0,99999999
Order Complete (App),,ruby_5,55000,37,Raid,925,232153,1100,1,GooglePlay,2025-07-22,5065500,4
Order Complete (App),,ads_remove,7700,1,차오스,20,28825,0,1,GooglePlay,2025-08-28,0,99999999
Order Complete (App),,ruby_6,110000,37,Raid,925,48603,0,1,GooglePlay,2025-07-22,4955500,4
Order Complete (App),,ads_remove,7700,2,안제리나줄,85,2498,0,1,GooglePlay,2025-08-27,0,9244
Order Complete (App),,ads_remove,7700,2,김한량,114,56445,0,1,GooglePlay,2025-08-27,0,7127
Order Complete (App),,ruby_5,55000,37,나류토,374,61525,770,1,GooglePlay,2025-07-22,194700,843
Order Complete (App),,ruby_3,11000,34,유케이,426,818,0,1,GooglePlay,2025-07-26,110000,294
Order Complete (App),,ads_remove,7700,1,모짜왕자,14,141250,0,1,GooglePlay,2025-08-28,0,99999999
Order Complete (App),,ads_remove,7700,1,무개념꼬맹이,11,129000,0,1,GooglePlay,2025-08-28,0,99999999
Order Complete (App),,ads_remove,7700,1,난포기,4,8000,0,1,GooglePlay,2025-07-23,0,99999999
Order Complete (App),,ruby_2,6600,40,막내키키,493,67144,0,1,GooglePlay,2025-07-20,316800,108
Order Complete (App),,ruby_2,6600,40,막내키키,493,26644,440,1,GooglePlay,2025-07-20,310200,108
Order Complete (App),,ruby_3,11000,40,막내키키,493,2644,0,1,GooglePlay,2025-07-20,299200,108
Order Complete (App),,ads_remove,7700,1,돌김,33,5265,0,1,GooglePlay,2025-08-28,0,18916
Order Complete (App),,ruby_6,110000,26,쵸돈단스,552,15249,12210,1,OneStore,2025-08-03,1448700,46
Order Complete (App),,ads_remove,7700,1,주노아빠,18,160010,0,1,GooglePlay,2025-08-28,0,99999999
Order Complete (App),,ruby_2,6600,42,hsbdj,290,4315,0,1,GooglePlay,2025-07-17,0,2298
Order Complete (App),,ads_remove,7700,1,부드러운맛세,34,84918,0,1,GooglePlay,2025-08-28,0,16783
Order Complete (App),,ruby_4,33000,40,태굥,444,4145,440,1,GooglePlay,2025-07-19,170500,196
Order Complete (App),,ruby_3,11000,41,쟁요,647,378,220,1,GooglePlay,2025-07-19,1202300,22
Order Complete (App),,ads_remove,7700,1,와싸비,11,91500,0,1,GooglePlay,2025-08-28,0,99999999
Order Complete (App),,ads_remove,7700,1,지우야,9,19770,0,1,GooglePlay,2025-08-28,0,99999999
Order Complete (App),,ruby_4,33000,1,방구개미,98,4519,0,1,GooglePlay,2025-08-28,18700,7667
Order Complete (App),,ads_remove,7700,1,호조로나이,37,65685,0,1,GooglePlay,2025-08-28,0,18906
Order Complete (App),,ruby_3,11000,25,teamnose,429,1889,110,1,GooglePlay,2025-08-03,672100,255
Order Complete (App),,ads_remove,7700,1,승댕이,4,8000,0,1,GooglePlay,2025-08-28,0,99999999
Order Complete (App),,ruby_4,33000,33,원소,366,1045,0,1,GooglePlay,2025-07-27,20900,1045
Order Complete (App),,ruby_3,11000,1,방구개미,93,2319,0,1,GooglePlay,2025-08-28,7700,13836
Order Complete (App),,ruby_3,11000,17,낭강,432,162143,110,1,GooglePlay,2025-08-12,643500,225
Order Complete (App),,ruby_4,33000,4,j0125,151,99704,0,1,GooglePlay,2025-08-25,62700,5902
Order Complete (App),,ads_remove,7700,1,효치,5,10000,0,1,GooglePlay,2025-08-28,0,99999999
Order Complete (App),,ads_remove,7700,1,주니다,4,8000,0,1,GooglePlay,2025-08-28,0,99999999
Order Complete (App),,ads_remove,7700,1,무핀,53,165282,0,1,GooglePlay,2025-08-28,0,13242
Order Complete (App),,ruby_3,11000,40,막내키키,493,3052,0,1,GooglePlay,2025-07-20,288200,108
Order Complete (App),,ads_remove,7700,1,최지우,6,14000,0,1,GooglePlay,2025-08-28,0,99999999
Order Complete (App),,ads_remove,7700,3,김정환님,49,358365,0,1,GooglePlay,2025-08-26,0,14695
Order Complete (App),,ruby_4,33000,29,꾸이짱,368,3057,220,1,GooglePlay,2025-07-31,95700,971
Order Complete (App),,ruby_2,6600,5,표장창,139,63290,0,1,GooglePlay,2025-08-24,25300,6218
Order Complete (App),,ads_remove,7700,1,나르는곰탱이,21,171615,0,1,GooglePlay,2025-08-28,0,18899
Order Complete (App),,ruby_6,110000,1,샮얅,49,5700,0,1,GooglePlay,2025-08-28,7700,14546
Order Complete (App),,ruby_3,11000,15,설후아빠,327,2143,0,1,GooglePlay,2025-08-14,140800,1759
Order Complete (App),,ads_remove,7700,1,방구개미,9,0,0,1,GooglePlay,2025-08-28,0,99999999
Order Complete (App),,ruby_3,11000,37,주노호노,365,241950,0,1,GooglePlay,2025-07-23,7700,1175
Order Complete (App),,ads_remove,7700,1,핸비,30,186285,0,1,GooglePlay,2025-08-27,0,18036
Order Complete (App),,ruby_2,6600,2,라임보드카,52,56882,0,1,GooglePlay,2025-08-27,7700,13830
Order Complete (App),,ads_remove,7700,1,후추앱,18,112295,0,1,GooglePlay,2025-08-27,0,99999999
Order Complete (App),,ruby_5,55000,8,모래내,262,7768,1100,1,GooglePlay,2025-08-21,139700,3154
Order Complete (App),,ruby_3,11000,1,버몬드,97,2127,0,1,GooglePlay,2025-08-27,11000,8330
Order Complete (App),,ads_remove,7700,28,언제햐,238,70101,0,1,GooglePlay,2025-08-01,0,3860
Order Complete (App),,ads_remove,7700,1,샮얅,9,23000,0,1,GooglePlay,2025-08-28,0,99999999
Order Complete (App),,ads_remove,7700,2,고조선제일검,51,328246,0,1,GooglePlay,2025-08-27,0,15673
Order Complete (App),,ads_remove,7700,1,발상,8,19000,0,1,GooglePlay,2025-08-28,0,99999999
Order Complete (App),,ruby_5,55000,20,자냔민,306,340630,1140,1,GooglePlay,2025-08-07,113300,2091
Order Complete (App),,ruby_4,33000,20,자냔민,306,4630,260,1,GooglePlay,2025-08-07,80300,2091
Order Complete (App),,ruby_5,55000,37,나류토,370,19896,0,1,GooglePlay,2025-07-22,139700,921
Order Complete (App),,ruby_3,11000,2,김희열,35,26524,2200,1,GooglePlay,2025-08-27,22000,16760
Order Complete (App),,ruby_3,11000,2,김희열,35,26524,0,1,GooglePlay,2025-08-27,0,16760
Order Complete (App),,ruby_3,11000,4,무진e,187,7105,0,1,GooglePlay,2025-08-25,75900,5249
Order Complete (App),,ruby_2,6600,20,자냔민,305,5330,6160,1,GooglePlay,2025-08-07,80300,2091
Order Complete (App),,ruby_5,55000,20,자냔민,305,5330,0,1,GooglePlay,2025-08-07,18700,2091
Order Complete (App),,ruby_3,11000,2,혼천마,56,303120,110,1,GooglePlay,2025-08-27,14300,12666
Order Complete (App),,ruby_3,11000,20,자냔민,305,14930,0,1,GooglePlay,2025-08-07,7700,2091
Order Complete (App),,ruby_6,110000,42,KIRA,1092,182856,150,1,GooglePlay,2025-07-18,10897700,1
Order Complete (App),,ruby_2,6600,40,쉬밤꺼,528,4368,3960,1,GooglePlay,2025-07-19,1339800,68
Order Complete (App),,ruby_4,33000,40,쉬밤꺼,528,4368,0,1,GooglePlay,2025-07-19,1300200,68
Order Complete (App),,ruby_2,6600,2,혼천마,55,257704,0,1,GooglePlay,2025-08-27,7700,16413
Order Complete (App),,ruby_1,1100,2,physis,26,178265,770,1,GooglePlay,2025-08-26,7700,18457
Order Complete (App),,ruby_2,6600,2,physis,26,178265,0,1,GooglePlay,2025-08-26,0,18457
Order Complete (App),,ads_remove,7700,1,맹덕맹덕,7,18000,0,1,GooglePlay,2025-08-28,0,99999999
Order Complete (App),,ruby_1,1100,2,라임보드카,24,238171,770,1,GooglePlay,2025-08-27,7700,18884
Order Complete (App),,ruby_1,1100,34,하온왕자,367,17981,110,1,OneStore,2025-07-26,8800,1001
Order Complete (App),,ruby_2,6600,2,라임보드카,24,238171,0,1,GooglePlay,2025-08-27,0,18884
Order Complete (App),,ruby_3,11000,34,찹쌀누룽지,370,13473,220,1,GooglePlay,2025-07-25,84700,912
Order Complete (App),,ruby_1,1100,31,무우사무휼,367,30334,330,1,GooglePlay,2025-07-29,28600,1001
Order Complete (App),,ruby_1,1100,31,무우사무휼,367,30334,220,1,GooglePlay,2025-07-29,27500,1001
Order Complete (App),,ruby_1,1100,31,무우사무휼,367,30334,0,1,GooglePlay,2025-07-29,25300,1001
Order Complete (App),,ads_remove,7700,2,바몬드카레,37,218354,0,1,GooglePlay,2025-08-27,0,16492
Order Complete (App),,ruby_2,6600,40,태굥,443,1975,330,1,GooglePlay,2025-07-19,163900,194
Order Complete (App),,ruby_6,110000,31,암부,928,723396,2580,1,GooglePlay,2025-07-29,5837700,3
Order Complete (App),,ruby_3,11000,43,은월랑,564,5698,220,1,GooglePlay,2025-07-17,1559800,36
Order Complete (App),,ruby_2,6600,43,은월랑,564,11798,110,1,GooglePlay,2025-07-17,1553200,36
Order Complete (App),,ruby_2,6600,3,포은선생,66,198119,2310,1,GooglePlay,2025-08-26,42900,11192
Order Complete (App),,ruby_3,11000,3,포은선생,66,198119,550,1,GooglePlay,2025-08-26,25300,11192
Order Complete (App),,ruby_3,11000,3,포은선생,66,174619,0,1,GooglePlay,2025-08-26,14300,11192
Order Complete (App),,ruby_2,6600,3,포은선생,66,259819,0,1,GooglePlay,2025-08-26,7700,11191
Order Complete (App),,ruby_5,55000,3,태율태양,339,1288529,110,1,GooglePlay,2025-08-26,627000,1993
Order Complete (App),,ruby_2,6600,42,심대표,644,94873,0,1,GooglePlay,2025-07-18,1350800,24
Order Complete (App),,ruby_1,1100,42,심대표,644,92748,0,1,GooglePlay,2025-07-18,1349700,24
Order Complete (App),,ruby_5,55000,42,깐세,372,363864,110,1,GooglePlay,2025-07-17,137500,855
Order Complete (App),,ruby_4,33000,3,태율태양,313,850229,8030,1,GooglePlay,2025-08-26,627000,1993
Order Complete (App),,ruby_4,33000,3,태율태양,313,850229,1430,1,GooglePlay,2025-08-26,561000,1993
Order Complete (App),,ruby_6,110000,3,태율태양,311,237829,2530,1,GooglePlay,2025-08-26,451000,1993
Order Complete (App),,ruby_4,33000,1,앙마곰,68,1601,0,1,GooglePlay,2025-08-27,7700,11187
Order Complete (App),,ruby_4,33000,37,Raid,925,62137,0,1,GooglePlay,2025-07-22,4922500,4
Order Complete (App),,ruby_4,33000,25,teamnose,426,2975,110,1,GooglePlay,2025-08-03,639100,283
Order Complete (App),,ads_remove,7700,1,혁이야,18,205435,0,0,GooglePlay,2025-07-15,0,99999999
Order Complete (App),,ruby_3,11000,19,김난신,446,247875,440,1,GooglePlay,2025-08-09,493900,166
Order Complete (App),,ruby_1,1100,32,뷔제,376,60901,220,1,GooglePlay,2025-07-28,27500,758
Order Complete (App),,ruby_3,11000,25,조엘,390,8478,0,1,GooglePlay,2025-08-04,320100,499
Order Complete (App),,ruby_1,1100,40,이재영구속,379,2269,0,1,GooglePlay,2025-07-19,95700,755
Order Complete (App),,ads_remove,7700,1,후운,26,83525,0,1,GooglePlay,2025-08-27,0,99999999
Order Complete (App),,ads_remove,7700,2,레넨,41,117280,0,1,GooglePlay,2025-08-26,0,15651
Order Complete (App),,ads_remove,7700,1,앙마곰,4,10000,0,1,GooglePlay,2025-08-27,0,99999999
Order Complete (App),,ruby_4,33000,30,냉균,488,277218,1320,1,GooglePlay,2025-07-29,689700,109
Order Complete (App),,ruby_5,55000,42,깐세,368,272024,110,1,GooglePlay,2025-07-17,82500,949
Order Complete (App),,ruby_1,1100,24,조승연,746,236749,110,1,GooglePlay,2025-08-04,2799500,15
Order Complete (App),,ruby_1,1100,24,조승연,746,236749,0,1,GooglePlay,2025-08-04,2798400,15
Order Complete (App),,ruby_3,11000,1,버몬드,25,60505,0,1,GooglePlay,2025-08-27,0,18865
Order Complete (App),,ruby_2,6600,5,플라타너스s,176,5614,0,1,GooglePlay,2025-08-24,18700,5467
Order Complete (App),,ruby_3,11000,33,허어어니,563,42524,2530,1,GooglePlay,2025-07-27,1062600,37
Order Complete (App),,ruby_3,11000,33,허어어니,563,42524,330,1,GooglePlay,2025-07-27,1040600,37
Order Complete (App),,ruby_3,11000,39,허요허요,431,2491,110,1,GooglePlay,2025-07-21,200200,226
Order Complete (App),,ruby_1,1100,31,하늘고백,374,257,0,1,GooglePlay,2025-07-29,26400,817
Order Complete (App),,ruby_6,110000,39,럭키스트라이크,771,251286,13530,1,OneStore,2025-07-21,2160400,12
Order Complete (App),,ruby_2,6600,42,깐세,367,286482,1980,1,GooglePlay,2025-07-17,82500,990
Order Complete (App),,ruby_3,11000,42,깐세,367,286482,220,1,GooglePlay,2025-07-17,64900,990
Order Complete (App),,ruby_2,6600,37,아까그넘,447,1768,0,1,GooglePlay,2025-07-23,611600,159
Order Complete (App),,ruby_4,33000,34,정동인,396,17308,0,1,GooglePlay,2025-07-26,80300,442
Order Complete (App),,ruby_2,6600,3,문학이,145,3522,0,1,GooglePlay,2025-08-26,42900,6067
Order Complete (App),,ruby_5,55000,11,Hotal,587,4775,0,1,GooglePlay,2025-08-18,1714900,30
Order Complete (App),,ruby_6,110000,24,금재곱,567,3988,2640,1,GooglePlay,2025-08-04,2247300,34
Order Complete (App),,ads_remove,7700,1,콩딸기,9,22000,0,1,GooglePlay,2025-08-27,0,99999999
Order Complete (App),,ruby_3,11000,41,태백,598,5379,2200,1,GooglePlay,2025-07-18,1128600,28
Order Complete (App),,ruby_3,11000,41,태백,598,5379,0,1,GooglePlay,2025-07-18,1106600,28
Order Complete (App),,ruby_5,55000,11,Hotal,581,7475,0,1,GooglePlay,2025-08-18,1659900,30
Order Complete (App),,ruby_2,6600,22,러미,351,19812,3520,1,GooglePlay,2025-08-07,130900,1399
Order Complete (App),,ruby_3,11000,22,러미,351,19812,1760,1,GooglePlay,2025-08-07,113300,1399
Order Complete (App),,ruby_1,1100,37,장수척준경,497,9301,0,1,GooglePlay,2025-07-22,605000,100
Order Complete (App),,ruby_2,6600,31,일해라정차장,527,3429,40,1,GooglePlay,2025-07-29,814000,66
Order Complete (App),,ruby_3,11000,31,초인고양이,487,97905,330,1,GooglePlay,2025-07-29,341000,110
Order Complete (App),,ads_remove,7700,1,손연,8,18000,0,1,GooglePlay,2025-08-27,0,99999999
Order Complete (App),,ruby_3,11000,33,허어어니,559,124926,0,1,GooglePlay,2025-07-27,1029600,38
Order Complete (App),,ruby_4,33000,32,밥이,556,692,0,1,GooglePlay,2025-07-28,933900,42
Order Complete (App),,ruby_2,6600,33,아루맘,517,18811,1980,1,GooglePlay,2025-07-26,411400,78
Order Complete (App),,ruby_3,11000,33,아루맘,517,18811,220,1,GooglePlay,2025-07-26,393800,78
Order Complete (App),,ruby_3,11000,334,동행,1248,172011,1210,0,OneStore,2024-09-29,4596800,5
Order Complete (App),,ruby_4,33000,25,아모르,366,38488,0,1,GooglePlay,2025-08-03,88000,1027
Order Complete (App),,ruby_3,11000,41,민들레옹,488,4212,0,1,GooglePlay,2025-07-18,183700,110
Order Complete (App),,ruby_2,6600,196,서기적,674,5098,770,0,OneStore,2024-09-30,164400,198
Order Complete (App),,ads_remove,7700,1,좌의정,8,12000,0,1,GooglePlay,2025-08-27,0,99999999
Order Complete (App),,ads_remove,7700,1,막달료,18,151925,0,1,GooglePlay,2025-08-27,0,99999999
Order Complete (App),,ruby_2,6600,1,은근슬젓,67,23692,0,1,GooglePlay,2025-08-27,7700,15632
Order Complete (App),,ruby_3,11000,41,민들레옹,487,59612,0,1,GooglePlay,2025-07-18,172700,110
Order Complete (App),,ruby_1,1100,8,한글로6자,245,148600,440,1,GooglePlay,2025-08-20,99000,3765
Order Complete (App),,ruby_1,1100,8,한글로6자,245,148600,440,1,GooglePlay,2025-08-20,99000,3765
Order Complete (App),,ads_remove,7700,1,햇빛투게더,5,8000,0,1,GooglePlay,2025-08-27,0,99999999
Order Complete (App),,ruby_1,1100,8,한글로6자,245,148600,220,1,GooglePlay,2025-08-20,96800,3765
Order Complete (App),,ruby_1,1100,8,한글로6자,245,148600,0,1,GooglePlay,2025-08-20,94600,3765
Order Complete (App),,ruby_4,33000,15,마들역,297,2755,0,1,GooglePlay,2025-08-12,73700,2154
Order Complete (App),,ruby_3,11000,24,teamnose,425,10585,4510,1,GooglePlay,2025-08-03,639100,321
Order Complete (App),,ruby_4,33000,24,teamnose,425,10585,110,1,GooglePlay,2025-08-03,595100,321
Order Complete (App),,ruby_4,33000,29,이야이,550,228374,3410,1,OneStore,2025-07-30,1078000,45
Order Complete (App),,ruby_3,11000,2,트리콜로,81,4043,0,1,GooglePlay,2025-08-26,7700,9544
Order Complete (App),,ads_remove,7700,1,혼천마,4,8000,0,1,GooglePlay,2025-08-27,0,99999999
Order Complete (App),,ruby_1,1100,39,GC,557,14470,660,1,OneStore,2025-07-20,981200,40
Order Complete (App),,ruby_1,1100,39,GC,557,14470,550,1,OneStore,2025-07-20,980100,40
Order Complete (App),,ruby_1,1100,39,GC,557,14470,440,1,OneStore,2025-07-20,979000,40
Order Complete (App),,ads_remove,7700,33,김시그,266,319279,0,1,GooglePlay,2025-07-24,0,3121
Order Complete (App),,ruby_4,33000,1,푸우웅,56,226863,0,1,GooglePlay,2025-08-27,117700,13782
Order Complete (App),,ruby_2,6600,2,문학이,115,48930,0,1,GooglePlay,2025-08-26,36300,7053
Order Complete (App),,ruby_4,33000,24,짱주숭,444,232531,220,1,GooglePlay,2025-08-04,423500,190
Order Complete (App),,ruby_6,110000,1,푸우웅,56,46788,0,1,GooglePlay,2025-08-27,7700,13782
Order Complete (App),,ruby_5,55000,10,Hotal,559,4785,550,1,GooglePlay,2025-08-18,1604900,37
Order Complete (App),,ruby_5,55000,7,모래내,249,1534,0,1,GooglePlay,2025-08-21,84700,3512
Order Complete (App),,ruby_2,6600,2,문학이,111,60455,0,1,GooglePlay,2025-08-26,29700,7216
Order Complete (App),,ruby_2,6600,1,혜디,60,139365,0,1,GooglePlay,2025-08-27,7700,12200
Order Complete (App),,ruby_4,33000,36,행수,389,9742,0,1,GooglePlay,2025-07-23,78100,510
Order Complete (App),,ruby_4,33000,8,한글로6자,234,1925,0,1,GooglePlay,2025-08-20,61600,4016
Order Complete (App),,ruby_2,6600,10,비츠,260,13397,0,1,GooglePlay,2025-08-18,71500,3195
Order Complete (App),,ruby_3,11000,40,데몬,501,131520,480,1,GooglePlay,2025-07-19,685300,102
Order Complete (App),,ruby_4,33000,27,쌈쟁이,426,684204,110,1,GooglePlay,2025-07-31,799700,333
Order Complete (App),,ruby_2,6600,37,안산한량,389,2389,1540,1,GooglePlay,2025-07-20,82500,510
Order Complete (App),,ruby_3,11000,37,안산한량,389,2389,440,1,GooglePlay,2025-07-20,71500,510
Order Complete (App),,ads_remove,7700,1,편식강아지,6,17000,0,1,GooglePlay,2025-08-27,0,99999999
Order Complete (App),,ruby_2,6600,30,하늘고백,373,392,0,1,GooglePlay,2025-07-29,19800,822
Order Complete (App),,ruby_3,11000,36,아까그넘,445,1858,0,1,GooglePlay,2025-07-23,600600,175
Order Complete (App),,ruby_3,11000,3,크로노시아,101,37814,1100,1,GooglePlay,2025-08-25,18700,7804
Order Complete (App),,ruby_3,11000,3,크로노시아,101,37814,0,1,GooglePlay,2025-08-25,7700,7804
Order Complete (App),,ruby_5,55000,27,쌈쟁이,420,51704,110,1,GooglePlay,2025-07-31,744700,333
Order Complete (App),,ads_remove,7700,1,혜디,6,17000,0,1,GooglePlay,2025-08-27,0,99999999
Order Complete (App),,ads_remove,7700,1,혁구,6,17000,0,1,GooglePlay,2025-08-27,0,99999999
Order Complete (App),,ruby_4,33000,36,아까그넘,443,12383,0,1,GooglePlay,2025-07-23,567600,195
Order Complete (App),,ads_remove,7700,1,진주정,8,20000,0,1,GooglePlay,2025-08-27,0,99999999
Order Complete (App),,ruby_3,11000,43,kuwoo,386,263297,110,1,GooglePlay,2025-07-16,91300,602
Order Complete (App),,ruby_2,6600,43,kuwoo,386,231622,0,1,GooglePlay,2025-07-16,84700,602
Order Complete (App),,ruby_4,33000,36,아까그넘,439,1333,0,1,GooglePlay,2025-07-23,534600,195
Order Complete (App),,ruby_4,33000,37,로봇,490,4877,220,1,GooglePlay,2025-07-18,491700,99
Order Complete (App),,ruby_2,6600,2,소쩍새,91,10457,0,1,GooglePlay,2025-08-26,7700,8644
Order Complete (App),,ruby_2,6600,36,아까그넘,438,9708,0,1,GooglePlay,2025-07-23,528000,195
Order Complete (App),,ruby_2,6600,2,홍긜동,94,4160,660,1,OneStore,2025-08-26,20900,7796
Order Complete (App),,ruby_2,6600,2,홍긜동,94,3160,660,1,OneStore,2025-08-26,14300,7796
Order Complete (App),,ads_remove,7700,1,방구석선비,20,23080,0,1,GooglePlay,2025-08-27,0,99999999
Order Complete (App),,ruby_3,11000,1,문배기,59,122579,0,1,GooglePlay,2025-08-27,7700,12946
Order Complete (App),,ruby_1,1100,7,뵤햄,95,856138,0,1,GooglePlay,2025-08-20,7700,7726
Order Complete (App),,ruby_4,33000,34,가을빛달,464,405625,550,1,GooglePlay,2025-07-25,953700,140
Order Complete (App),,ruby_2,6600,1,테드장,65,16276,0,1,GooglePlay,2025-08-27,14300,11702
Order Complete (App),,ruby_1,1100,42,디우,547,1201,550,1,GooglePlay,2025-07-17,652300,46
Order Complete (App),,ruby_6,110000,34,가을빛달,462,131975,550,1,GooglePlay,2025-07-25,843700,140
Order Complete (App),,ruby_4,33000,34,가을빛달,454,116600,0,1,GooglePlay,2025-07-25,810700,148
Order Complete (App),,ads_remove,7700,1,류헌,11,36952,0,1,GooglePlay,2025-08-27,0,99999999
Order Complete (App),,ruby_2,6600,37,안산한량,388,3684,330,1,GooglePlay,2025-07-20,64900,552
Order Complete (App),,ruby_2,6600,38,미야,365,46722,4400,1,GooglePlay,2025-07-21,105600,1073
Order Complete (App),,ruby_3,11000,38,미야,365,46722,3300,1,GooglePlay,2025-07-21,94600,1073
Order Complete (App),,ruby_4,33000,38,미야,365,1122,0,1,GooglePlay,2025-07-21,61600,1073
Order Complete (App),,ads_remove,7700,1,푸우웅,5,8000,0,1,GooglePlay,2025-08-27,0,99999999
Order Complete (App),,ruby_1,1100,4,레비비,146,3216,0,1,GooglePlay,2025-08-24,8800,6000
Order Complete (App),,ruby_4,33000,20,전력,289,501695,440,1,GooglePlay,2025-08-08,338800,2297
Order Complete (App),,ruby_4,33000,29,국이,470,4401,9900,1,GooglePlay,2025-07-29,777700,124
Order Complete (App),,ads_remove,7700,1,두부두부,5,13000,0,1,GooglePlay,2025-08-27,0,99999999
Order Complete (App),,ads_remove,7700,1,은근슬젓,5,9904,0,1,GooglePlay,2025-08-27,0,99999999
Order Complete (App),,ruby_1,1100,1,고니곤곤,36,101825,660,1,GooglePlay,2025-08-27,6600,16421
Order Complete (App),,ruby_2,6600,20,전력,289,116195,330,1,GooglePlay,2025-08-08,332200,2297
Order Complete (App),,ruby_2,6600,1,고니곤곤,36,101825,0,1,GooglePlay,2025-08-27,0,16421
Order Complete (App),,ruby_4,33000,20,전력,289,106695,330,1,GooglePlay,2025-08-08,299200,2297
Order Complete (App),,ads_remove,7700,3,상생,41,62425,0,1,GooglePlay,2025-08-25,0,15595
Order Complete (App),,ads_remove,7700,1,다케다후미나,5,13000,0,1,GooglePlay,2025-08-27,0,99999999
Order Complete (App),,ruby_3,11000,40,딱쎄,528,109577,110,1,GooglePlay,2025-07-18,447700,62
Order Complete (App),,ruby_1,1100,2,위인대빵,92,8228,0,1,GooglePlay,2025-08-26,7700,8301
Order Complete (App),,ads_remove,7700,1,세류핑,7,16546,0,1,GooglePlay,2025-08-27,0,99999999
Order Complete (App),,ruby_1,1100,4,레비비,146,2376,0,1,GooglePlay,2025-08-24,7700,6047
Order Complete (App),,ruby_3,11000,25,아모르,361,40289,0,1,GooglePlay,2025-08-03,77000,1130
Order Complete (App),,ads_remove,7700,2,모나아리,68,132490,0,1,GooglePlay,2025-08-25,0,10706
Order Complete (App),,ruby_2,6600,1,테드장,53,3343,0,1,GooglePlay,2025-08-27,7700,17338
Order Complete (App),,ads_remove,7700,1,비류혼,7,18140,0,1,GooglePlay,2025-08-27,0,99999999
Order Complete (App),,ruby_4,33000,2,태율태양,301,225958,330,1,GooglePlay,2025-08-26,418000,2294
Order Complete (App),,ruby_4,33000,40,껸네,645,1186069,660,1,GooglePlay,2025-07-19,1320000,23
Order Complete (App),,ruby_4,33000,40,껸네,645,1085169,110,1,GooglePlay,2025-07-19,1287000,23
Order Complete (App),,ruby_6,110000,29,국이,468,48376,0,1,GooglePlay,2025-07-29,667700,127
Order Complete (App),,ads_remove,7700,1,문배기,31,133530,0,1,GooglePlay,2025-08-27,0,17198
Order Complete (App),,ruby_2,6600,24,teamnose,421,11274,2750,1,GooglePlay,2025-08-03,588500,325
Order Complete (App),,ruby_3,11000,24,teamnose,421,11274,1650,1,GooglePlay,2025-08-03,577500,325
Order Complete (App),,ads_remove,7700,1,돛새치,45,3515,0,1,GooglePlay,2025-08-27,0,18363
Order Complete (App),,ruby_2,6600,4,표장창,119,7404,0,1,GooglePlay,2025-08-24,18700,6688
Order Complete (App),,ads_remove,7700,1,열혈사랑,32,34300,0,1,GooglePlay,2025-08-27,0,17000
Order Complete (App),,ads_remove,7700,1,무상노가다,59,3897,0,1,GooglePlay,2025-08-27,0,12799
Order Complete (App),,ads_remove,7700,1,검은sky,5,8000,0,1,GooglePlay,2025-08-27,0,99999999
Order Complete (App),,ads_remove,7700,2,양루,77,228688,0,1,GooglePlay,2025-08-25,0,9807
Order Complete (App),,ruby_1,1100,5,trdfy,166,14978,0,1,GooglePlay,2025-08-22,11000,5667
Order Complete (App),,ruby_3,11000,37,안산한량,386,854,0,1,GooglePlay,2025-07-20,53900,587
Order Complete (App),,ruby_3,11000,37,게실염,487,948,110,1,GooglePlay,2025-07-21,564300,107
Order Complete (App),,ads_remove,7700,1,웅취,36,61010,0,1,GooglePlay,2025-08-27,0,16391
Order Complete (App),,ruby_4,33000,37,게실염,487,22273,110,1,GooglePlay,2025-07-21,531300,107
Order Complete (App),,ruby_1,1100,5,이제시작이지,119,18389,770,1,GooglePlay,2025-08-23,7700,6688
Order Complete (App),,ruby_2,6600,5,이제시작이지,119,18389,0,1,GooglePlay,2025-08-23,0,6688
Order Complete (App),,ads_remove,7700,1,진동백,5,8000,0,1,GooglePlay,2025-08-27,0,99999999
Order Complete (App),,ads_remove,7700,1,고기는레어,18,174250,0,1,GooglePlay,2025-08-27,0,99999999
Order Complete (App),,ads_remove,7700,1,제선,6,16000,0,1,GooglePlay,2025-08-27,0,99999999
Order Complete (App),,ruby_3,11000,1,비무장강도,26,191665,0,1,GooglePlay,2025-08-27,0,17563
Order Complete (App),,ruby_3,11000,35,아돌이,431,2614,0,1,GooglePlay,2025-07-24,292600,220
Order Complete (App),,ruby_4,33000,26,승질승,425,3019,550,1,GooglePlay,2025-08-02,199100,296
Order Complete (App),,ads_remove,7700,1,테드장,4,8000,0,1,GooglePlay,2025-08-27,0,99999999
Order Complete (App),,ruby_3,11000,5,눈꽃안개,80,112489,0,1,GooglePlay,2025-08-22,22000,9591
Order Complete (App),,ruby_3,11000,5,눈꽃안개,80,764,440,1,GooglePlay,2025-08-22,11000,9591
Order Complete (App),,ruby_3,11000,5,눈꽃안개,80,8764,0,1,GooglePlay,2025-08-22,0,9591
Order Complete (App),,ruby_4,33000,333,동행,1246,61619,3410,0,OneStore,2024-09-29,4585800,5
Order Complete (App),,ads_remove,7700,1,한우맛쿠키,25,227058,0,1,GooglePlay,2025-08-26,0,18337
Order Complete (App),,ruby_4,33000,333,동행,1246,145119,3410,0,OneStore,2024-09-29,4552800,5
Order Complete (App),,ads_remove,7700,1,맥널,11,126000,0,1,GooglePlay,2025-08-27,0,99999999
Order Complete (App),,ads_remove,7700,7,로로너너너,209,139760,0,1,GooglePlay,2025-08-21,0,4610
Order Complete (App),,ruby_3,11000,2,테무,28,50965,0,1,GooglePlay,2025-08-25,0,18337
Order Complete (App),,ads_remove,7700,1,금융통화위원회,8,7000,0,1,GooglePlay,2025-08-26,0,99999999
Order Complete (App),,ruby_5,55000,2,100원빌런,92,12389,110,1,GooglePlay,2025-08-26,44000,8043
Order Complete (App),,ads_remove,7700,1,야율무명,5,9000,0,1,GooglePlay,2025-08-26,0,99999999
Order Complete (App),,ads_remove,7700,1,몹쓸놈,11,129000,0,1,GooglePlay,2025-08-26,0,99999999
Order Complete (App),,ruby_2,6600,37,게실염,487,25144,0,1,GooglePlay,2025-07-21,524700,107
Order Complete (App),,ruby_3,11000,42,디우,546,2608,0,1,GooglePlay,2025-07-17,641300,47
Order Complete (App),,ruby_4,33000,13,투농,260,48406,3300,1,OneStore,2025-08-14,40700,3176
Order Complete (App),,ruby_4,33000,1,엘란시스,30,133165,0,1,GooglePlay,2025-08-26,7700,17415
Order Complete (App),,ruby_1,1100,19,니내눈지아니,268,85465,770,1,GooglePlay,2025-08-09,7700,2875
Order Complete (App),,ruby_2,6600,19,니내눈지아니,268,85465,0,1,GooglePlay,2025-08-09,0,2875
Order Complete (App),,ruby_1,1100,4,레비비,127,1118,770,1,GooglePlay,2025-08-24,7700,6457
Order Complete (App),,ruby_2,6600,4,레비비,127,1118,0,1,GooglePlay,2025-08-24,0,6457
Order Complete (App),,ruby_3,11000,6,유강체,216,18678,2200,1,GooglePlay,2025-08-22,29700,4384
Order Complete (App),,ruby_3,11000,6,유강체,216,18678,0,1,GooglePlay,2025-08-22,7700,4384
Order Complete (App),,ads_remove,7700,1,엘란시스,17,146000,0,1,GooglePlay,2025-08-26,0,99999999
Order Complete (App),,ads_remove,7700,1,중보고지카리나,20,3106,0,1,GooglePlay,2025-08-26,0,99999999
Order Complete (App),,ruby_3,11000,5,raonao,234,5229,0,1,GooglePlay,2025-08-23,102300,3948
Order Complete (App),,ruby_1,1100,4,천성령,38,392781,770,1,GooglePlay,2025-08-24,7700,16365
Order Complete (App),,ruby_2,6600,4,천성령,38,392781,0,1,GooglePlay,2025-08-24,0,16365
Order Complete (App),,ruby_3,11000,13,디붕진서니,237,8537,0,1,GooglePlay,2025-08-14,7700,3853
Order Complete (App),,ruby_4,33000,40,개근남,763,92825,1320,1,GooglePlay,2025-07-18,1552100,12
Order Complete (App),,ruby_6,110000,30,암부,924,744176,20720,1,GooglePlay,2025-07-29,5727700,3
Order Complete (App),,ads_remove,7700,1,내비치는세계,25,143354,0,1,GooglePlay,2025-08-26,0,17710
Order Complete (App),,ruby_4,33000,10,마카다미,278,1528,0,1,GooglePlay,2025-08-18,110000,2610
Order Complete (App),,ruby_4,33000,2,태율태양,266,925074,880,1,GooglePlay,2025-08-26,385000,3124
Order Complete (App),,ruby_4,33000,41,깐세,366,162148,220,1,GooglePlay,2025-07-17,31900,981
Order Complete (App),,ruby_2,6600,41,깐세,366,162923,330,1,GooglePlay,2025-07-17,25300,981
Order Complete (App),,ads_remove,7700,1,나의작은국밥,19,48745,0,1,GooglePlay,2025-08-26,0,99999999
Order Complete (App),,ruby_2,6600,22,일본인,479,54784,1100,1,GooglePlay,2025-08-05,812900,115
Order Complete (App),,ruby_3,11000,22,일본인,479,54784,0,1,GooglePlay,2025-08-05,801900,115
Order Complete (App),,ruby_4,33000,2,태율태양,251,729574,330,1,GooglePlay,2025-08-26,352000,4735
Order Complete (App),,ruby_1,1100,27,또땡겨,477,279,0,1,GooglePlay,2025-07-31,656700,116
Order Complete (App),,ruby_5,55000,2,태율태양,201,317974,5280,1,GooglePlay,2025-08-26,297000,4735
Order Complete (App),,ruby_4,33000,2,태율태양,201,317974,1980,1,GooglePlay,2025-08-26,264000,4735
Order Complete (App),,ruby_5,55000,2,태율태양,194,201274,440,1,GooglePlay,2025-08-26,209000,4735
Order Complete (App),,ads_remove,7700,1,지동이,14,10500,0,1,GooglePlay,2025-08-26,0,99999999
Order Complete (App),,ruby_3,11000,6,오시로,95,86916,0,1,GooglePlay,2025-08-21,7700,7867
Order Complete (App),,ruby_4,33000,24,teamnose,418,5548,0,1,GooglePlay,2025-08-03,544500,322
Order Complete (App),,ads_remove,7700,1,조엘켐벨,9,24000,0,1,GooglePlay,2025-08-26,0,99999999
Order Complete (App),,ruby_4,33000,29,코리아se스머신,572,299313,110,1,GooglePlay,2025-07-30,1534500,29
Order Complete (App),,ads_remove,7700,1,세상아,11,131000,0,1,GooglePlay,2025-08-26,0,99999999
Order Complete (App),,ruby_2,6600,27,IPZA,411,2273,0,1,GooglePlay,2025-07-31,198000,417
Order Complete (App),,ruby_5,55000,42,은월랑,535,207612,110,1,GooglePlay,2025-07-17,1498200,56
Order Complete (App),,ruby_2,6600,4,후추초코,114,3183,0,1,GooglePlay,2025-08-24,7700,7421
Order Complete (App),,ruby_5,55000,29,코리아se스머신,572,683213,110,1,GooglePlay,2025-07-30,1479500,29
Order Complete (App),,ruby_4,33000,29,코리아se스머신,572,563213,110,1,GooglePlay,2025-07-30,1446500,28
Order Complete (App),,ruby_1,1100,23,조승연,735,241025,0,1,GooglePlay,2025-08-04,2797300,15
Order Complete (App),,ruby_6,110000,23,금재곱,565,990,440,1,GooglePlay,2025-08-04,2137300,34
Order Complete (App),,ruby_4,33000,3,무진e,151,7716,0,1,GooglePlay,2025-08-25,42900,5890
Order Complete (App),,ruby_3,11000,3,무진e,149,2391,0,1,GooglePlay,2025-08-25,31900,5890
Order Complete (App),,ruby_5,55000,29,roki,400,2684,0,1,GooglePlay,2025-07-30,316800,377
Order Complete (App),,ruby_1,1100,27,또땡겨,473,4620,220,1,GooglePlay,2025-07-31,655600,117
Order Complete (App),,ruby_1,1100,27,또땡겨,473,4620,0,1,GooglePlay,2025-07-31,653400,117
Order Complete (App),,ruby_3,11000,15,오이현구,301,2233,110,1,GooglePlay,2025-08-13,25300,2071
Order Complete (App),,ruby_5,55000,10,Hotal,552,24577,330,1,GooglePlay,2025-08-18,1549900,41
Order Complete (App),,ruby_5,55000,35,서준아빠,434,2114,0,1,GooglePlay,2025-07-22,360800,194
Order Complete (App),,ruby_4,33000,36,장수척준경,490,19705,0,1,GooglePlay,2025-07-22,572000,95
Order Complete (App),,ruby_5,55000,2,태율태양,150,8162,1870,1,GooglePlay,2025-08-26,154000,5965
Order Complete (App),,ruby_1,1100,23,조승연,735,269650,0,1,GooglePlay,2025-08-04,2796200,15
Order Complete (App),,ruby_2,6600,15,오이현구,301,2208,0,1,GooglePlay,2025-08-13,18700,2071
Order Complete (App),,ruby_5,55000,27,IPZA,393,2823,0,1,GooglePlay,2025-07-31,143000,417
Order Complete (App),,ruby_3,11000,23,조승연,735,181400,0,1,GooglePlay,2025-08-04,2785200,15
Order Complete (App),,ruby_3,11000,15,오이현구,301,1508,0,1,GooglePlay,2025-08-13,7700,2071
Order Complete (App),,ruby_2,6600,40,줸줸,542,16113,0,1,GooglePlay,2025-07-18,581900,54
Order Complete (App),,ruby_4,33000,2,태율태양,136,62662,110,1,GooglePlay,2025-08-26,121000,7629
Order Complete (App),,ruby_2,6600,42,지냥,465,5557,0,1,GooglePlay,2025-07-17,174900,130
Order Complete (App),,ruby_2,6600,41,깐세,359,108796,1760,1,GooglePlay,2025-07-17,25300,1130
Order Complete (App),,ruby_3,11000,41,깐세,359,108796,0,1,GooglePlay,2025-07-17,7700,1130
Order Complete (App),,ruby_4,33000,321,흑천검,1368,3104,3300,0,OneStore,2024-09-28,13911400,1
Order Complete (App),,ruby_5,55000,19,아무뭉,320,10607,110,1,GooglePlay,2025-08-08,92400,1879
Order Complete (App),,ruby_3,11000,42,하모예,493,1471,0,1,GooglePlay,2025-07-17,452100,92
Order Complete (App),,ruby_4,33000,15,마들역,292,3373,0,1,GooglePlay,2025-08-12,40700,2204
Order Complete (App),,ruby_3,11000,321,흑천검,1368,4304,1100,0,OneStore,2024-09-28,13878400,1
Order Complete (App),,ruby_2,6600,42,하모예,493,3471,0,1,GooglePlay,2025-07-17,445500,92
Order Complete (App),,ruby_3,11000,25,아모르,357,119463,0,1,GooglePlay,2025-08-03,66000,1209
Order Complete (App),,ruby_1,1100,30,상암존예여신,386,564,0,1,GooglePlay,2025-07-29,26400,562
Order Complete (App),,ruby_2,6600,3,재필왕자,120,61826,220,1,GooglePlay,2025-08-24,64900,6940
Order Complete (App),,ruby_4,33000,40,juseho,390,168973,440,1,GooglePlay,2025-07-18,117700,464
Order Complete (App),,ruby_2,6600,321,흑천검,1368,1286,660,0,OneStore,2024-09-28,13867400,1
Order Complete (App),,ruby_2,6600,30,비뢰,379,759,0,1,GooglePlay,2025-07-29,38500,696
Order Complete (App),,ruby_2,6600,32,아루맘,510,63751,0,1,GooglePlay,2025-07-26,387200,79
Order Complete (App),,ruby_1,1100,35,aurora,426,35109,220,1,OneStore,2025-07-24,177100,256
Order Complete (App),,ruby_5,55000,1,태율태양,95,37030,440,1,GooglePlay,2025-08-26,66000,8025
Order Complete (App),,ads_remove,7700,1,트리콜로,4,8000,0,1,GooglePlay,2025-08-26,0,99999999
Order Complete (App),,ruby_3,11000,1,문학이,61,59742,1100,1,GooglePlay,2025-08-26,18700,11933
Order Complete (App),,ruby_3,11000,1,문학이,61,59742,0,1,GooglePlay,2025-08-26,7700,11932
Order Complete (App),,ads_remove,7700,1,쏭아리,5,10800,0,1,GooglePlay,2025-08-26,0,99999999
Order Complete (App),,ruby_4,33000,1,태율태양,75,3280,220,1,GooglePlay,2025-08-26,33000,17374
Order Complete (App),,ruby_2,6600,8,축구보다야구,193,27160,0,1,GooglePlay,2025-08-19,18700,4752
Order Complete (App),,ads_remove,7700,1,앵꾸리,6,14000,0,1,GooglePlay,2025-08-26,0,99999999
Order Complete (App),,ads_remove,7700,1,가루는멍멍,7,16000,0,1,GooglePlay,2025-08-26,0,99999999
Order Complete (App),,ruby_4,33000,1,태율태양,24,54845,0,1,GooglePlay,2025-08-26,0,18710
Order Complete (App),,ruby_4,33000,23,teamnose,401,19223,220,1,GooglePlay,2025-08-03,511500,415
Order Complete (App),,ruby_3,11000,23,teamnose,398,16898,1430,1,GooglePlay,2025-08-03,500500,415
Order Complete (App),,ruby_4,33000,23,teamnose,394,7048,0,1,GooglePlay,2025-08-03,467500,415
Order Complete (App),,ruby_6,110000,22,금재곱,563,725142,440,1,GooglePlay,2025-08-04,2027300,34
Order Complete (App),,ruby_3,11000,23,teamnose,394,4073,0,1,GooglePlay,2025-08-03,456500,415
Order Complete (App),,ruby_3,11000,1,노세,31,40,0,1,GooglePlay,2025-08-26,7700,17046
Order Complete (App),,ruby_1,1100,1,텐겐,118,863,330,1,GooglePlay,2025-08-25,11000,6758
Order Complete (App),,ruby_1,1100,1,텐겐,118,863,220,1,GooglePlay,2025-08-25,9900,6758
Order Complete (App),,ruby_1,1100,1,텐겐,118,863,0,1,GooglePlay,2025-08-25,7700,6758
Order Complete (App),,ads_remove,7700,1,제렘,12,140770,0,1,GooglePlay,2025-08-26,0,99999999
Order Complete (App),,ruby_2,6600,9,Hotal,546,8377,0,1,GooglePlay,2025-08-18,1543300,45
Order Complete (App),,ads_remove,7700,1,문학이,9,24000,0,1,GooglePlay,2025-08-26,0,99999999
Order Complete (App),,ruby_1,1100,327,권준,937,1866168,770,0,OneStore,2024-10-04,19800,53
Order Complete (App),,ruby_2,6600,2,재필왕자,107,16052,110,1,GooglePlay,2025-08-24,58300,7354
Order Complete (App),,ruby_1,1100,327,권준,937,1866168,660,0,OneStore,2024-10-04,18700,53
Order Complete (App),,ads_remove,7700,1,소쩍새,8,12000,0,1,GooglePlay,2025-08-26,0,99999999
Order Complete (App),,ruby_5,55000,9,Hotal,545,2052,0,1,GooglePlay,2025-08-18,1488300,42
Order Complete (App),,ads_remove,7700,1,패왕이방원,7,16000,0,1,GooglePlay,2025-08-26,0,99999999
Order Complete (App),,ruby_3,11000,34,꽃설,466,4861,220,1,GooglePlay,2025-07-22,506000,127
Order Complete (App),,ruby_6,110000,14,슬2,748,52766,25520,1,OneStore,2025-08-13,3700400,13
Order Complete (App),,ruby_6,110000,14,슬2,748,2766,14520,1,OneStore,2025-08-13,3590400,13
Order Complete (App),,ruby_3,11000,23,teamnose,393,5211,0,1,GooglePlay,2025-08-03,445500,443
Order Complete (App),,ads_remove,7700,1,형왔다,5,8000,0,1,GooglePlay,2025-08-26,0,99999999
Order Complete (App),,ruby_3,11000,23,teamnose,393,7361,0,1,GooglePlay,2025-08-03,434500,443
Order Complete (App),,ruby_2,6600,3,수도방위사령부,125,1051,0,1,GooglePlay,2025-08-24,0,6505
Order Complete (App),,ruby_2,6600,23,teamnose,393,6461,110,1,GooglePlay,2025-08-03,427900,443
Order Complete (App),,ads_remove,7700,1,홍긜동,8,19000,0,1,GooglePlay,2025-08-26,0,99999999
Order Complete (App),,ads_remove,7700,1,노세,7,18000,0,1,GooglePlay,2025-08-26,0,99999999
Order Complete (App),,ruby_4,33000,1,100원빌런,69,48345,0,1,GooglePlay,2025-08-26,11000,13345
Order Complete (App),,ruby_1,1100,9,쿠쮜,253,1306,660,1,GooglePlay,2025-08-18,124300,3289
Order Complete (App),,ruby_2,6600,9,쿠쮜,253,1306,0,1,GooglePlay,2025-08-18,117700,3289
Order Complete (App),,ruby_6,110000,14,슬2,748,5791,14520,1,OneStore,2025-08-13,3480400,13
Order Complete (App),,ruby_4,33000,23,teamnose,392,3186,110,1,GooglePlay,2025-08-03,394900,443
Order Complete (App),,ads_remove,7700,1,반슨재,17,182748,0,1,GooglePlay,2025-08-26,0,99999999
Order Complete (App),,ruby_6,110000,14,슬2,748,7766,12320,1,OneStore,2025-08-13,3370400,13
Order Complete (App),,ruby_1,1100,31,아루맘,508,26346,3300,1,GooglePlay,2025-07-26,387200,83
Order Complete (App),,ruby_4,33000,23,teamnose,391,1361,0,1,GooglePlay,2025-08-03,361900,443
Order Complete (App),,ruby_1,1100,31,아루맘,508,26346,3080,1,GooglePlay,2025-07-26,385000,83
Order Complete (App),,ruby_4,33000,31,아루맘,508,6346,880,1,GooglePlay,2025-07-26,352000,82
Order Complete (App),,ruby_6,110000,14,슬2,748,15366,11220,1,OneStore,2025-08-13,3260400,13
Order Complete (App),,ruby_2,6600,2,무진e,119,3939,0,1,GooglePlay,2025-08-25,25300,6653
Order Complete (App),,ruby_2,6600,1,효댕이,27,243850,220,1,GooglePlay,2025-08-26,14300,18693
Order Complete (App),,ruby_2,6600,1,효댕이,27,212525,0,1,GooglePlay,2025-08-26,7700,18693
Order Complete (App),,ruby_4,33000,28,코리아se스머신,564,400090,770,1,GooglePlay,2025-07-30,1413500,31
Order Complete (App),,ruby_4,33000,19,노키,329,39769,0,1,GooglePlay,2025-08-06,161700,1638
Order Complete (App),,ruby_4,33000,23,teamnose,389,212,0,1,GooglePlay,2025-08-03,328900,472
Order Complete (App),,ruby_1,1100,34,Regret,432,2726,0,1,GooglePlay,2025-07-23,40700,197
Order Complete (App),,ads_remove,7700,1,효댕이,5,9000,0,1,GooglePlay,2025-08-26,0,99999999
Order Complete (App),,ruby_1,1100,27,톰머,341,2403,0,1,GooglePlay,2025-07-26,27500,1534
Order Complete (App),,ruby_5,55000,39,데몬,486,63247,1980,1,GooglePlay,2025-07-19,630300,104
Order Complete (App),,ruby_5,55000,33,Lr비,511,47473,330,1,GooglePlay,2025-07-25,567600,78
Order Complete (App),,ruby_6,110000,40,유태,527,9793,11000,1,OneStore,2025-07-18,1052700,58
Order Complete (App),,ruby_5,55000,39,데몬,486,69997,0,1,GooglePlay,2025-07-19,575300,104
Order Complete (App),,ruby_6,110000,22,금재곱,562,567187,990,1,GooglePlay,2025-08-04,1917300,34
Order Complete (App),,ruby_2,6600,21,jxlome,277,516918,0,1,GooglePlay,2025-08-03,41800,2701
Order Complete (App),,ruby_5,55000,28,l대마왕l,432,14687,330,1,GooglePlay,2025-07-30,414700,197
Order Complete (App),,ruby_4,33000,28,마늘쫑,414,49555,2200,1,GooglePlay,2025-07-30,513700,331
Order Complete (App),,ruby_5,55000,42,김승원,685,102958,440,1,GooglePlay,2025-07-16,1201200,20
Order Complete (App),,ruby_3,11000,13,레오야멍멍해봐,303,4661,0,1,GooglePlay,2025-08-13,99000,2094
Order Complete (App),,ruby_3,11000,13,레오야멍멍해봐,302,20061,0,1,GooglePlay,2025-08-13,88000,2094
Order Complete (App),,ruby_1,1100,31,꼬치쓰,432,194232,220,1,GooglePlay,2025-07-27,350900,196
Order Complete (App),,ruby_1,1100,31,꼬치쓰,432,194232,0,1,GooglePlay,2025-07-27,348700,196
Order Complete (App),,ruby_4,33000,31,꼬치쓰,432,44107,0,1,GooglePlay,2025-07-27,315700,196
Order Complete (App),,ruby_3,11000,13,레오야멍멍해봐,300,11036,0,1,GooglePlay,2025-08-13,77000,2094
Order Complete (App),,ruby_5,55000,2,등댱,91,8789,0,1,GooglePlay,2025-08-25,40700,8237
Order Complete (App),,ruby_3,11000,5,김개,150,1207,0,1,GooglePlay,2025-08-21,14300,5906
Order Complete (App),,ruby_6,110000,31,창사마,447,4279,0,1,GooglePlay,2025-07-27,821700,151
Order Complete (App),,ads_remove,7700,3,킹짱갓,70,34169,0,1,GooglePlay,2025-08-24,0,10387
Order Complete (App),,ruby_3,11000,42,대머리강서구,846,219337,440,1,GooglePlay,2025-07-16,2471700,8
Order Complete (App),,ruby_2,6600,39,쟁요,632,416223,1540,1,GooglePlay,2025-07-19,1195700,22
Order Complete (App),,ruby_4,33000,39,쟁요,632,386123,440,1,GooglePlay,2025-07-19,1162700,22
Order Complete (App),,ruby_5,55000,39,쟁요,632,17623,440,1,GooglePlay,2025-07-19,1107700,22
Order Complete (App),,ruby_5,55000,23,chemma,429,6255,0,1,GooglePlay,2025-08-04,391600,221
Order Complete (App),,ruby_1,1100,5,이더존버,146,121204,770,1,GooglePlay,2025-08-22,15400,5945
Order Complete (App),,ruby_2,6600,5,이더존버,146,121204,0,1,GooglePlay,2025-08-22,7700,5945
Order Complete (App),,ruby_2,6600,2,구다혜,92,2346,0,1,GooglePlay,2025-08-24,8800,8001
Order Complete (App),,ads_remove,7700,1,구운차돌박이,23,195005,0,1,GooglePlay,2025-08-26,0,18672
Order Complete (App),,ruby_3,11000,32,조태제,229,194655,0,1,GooglePlay,2025-07-22,0,4085
Order Complete (App),,ads_remove,7700,1,본리동걸인,8,18000,0,1,GooglePlay,2025-08-26,0,99999999
Order Complete (App),,ruby_3,11000,216,예압,752,709743,4400,0,GooglePlay,2025-01-23,499000,109
Order Complete (App),,ruby_4,33000,216,예압,752,709743,0,0,GooglePlay,2025-01-23,455000,109
Order Complete (App),,ruby_4,33000,12,먼지아빠,348,46511,0,1,GooglePlay,2025-08-15,330000,1305
Order Complete (App),,ruby_4,33000,12,먼지아빠,348,4011,0,1,GooglePlay,2025-08-15,297000,1305
Order Complete (App),,ads_remove,7700,1,꼼꼼이,9,23000,0,1,GooglePlay,2025-08-26,0,99999999
Order Complete (App),,ruby_6,110000,21,야촌,489,6077,0,1,GooglePlay,2025-08-06,1100000,92
Order Complete (App),,ruby_3,11000,24,푸르른달,381,46651,2200,1,GooglePlay,2025-08-02,145200,686
Order Complete (App),,ruby_3,11000,24,푸르른달,381,46651,0,1,GooglePlay,2025-08-02,123200,686
Order Complete (App),,ruby_4,33000,4,raonao,198,3907,330,1,GooglePlay,2025-08-23,69300,4610
Order Complete (App),,ruby_3,11000,35,장수척준경,482,2197,2200,1,GooglePlay,2025-07-22,572000,109
Order Complete (App),,ruby_3,11000,35,장수척준경,482,2197,0,1,GooglePlay,2025-07-22,550000,109
Order Complete (App),,ruby_4,33000,35,장수척준경,482,497,0,1,GooglePlay,2025-07-22,517000,109
Order Complete (App),,ruby_3,11000,15,김시아,275,1287,0,1,GooglePlay,2025-08-11,7700,2632
Order Complete (App),,ruby_5,55000,21,야촌,487,2077,0,1,GooglePlay,2025-08-06,1045000,104
Order Complete (App),,ads_remove,7700,1,맹물,4,8000,0,1,GooglePlay,2025-08-26,0,99999999
Order Complete (App),,ruby_3,11000,1,100원빌런,24,125325,0,1,GooglePlay,2025-08-26,0,18662
Order Complete (App),,ruby_2,6600,20,창제,315,26085,0,1,GooglePlay,2025-08-07,64900,1898
Order Complete (App),,ruby_2,6600,20,창제,315,1085,0,1,GooglePlay,2025-08-07,58300,1898
Order Complete (App),,ruby_6,110000,25,소담소민,891,4851,4070,1,GooglePlay,2025-08-01,5720000,5
Order Complete (App),,ads_remove,7700,1,습유집,64,9675,0,1,GooglePlay,2025-08-26,0,13307
Order Complete (App),,ruby_5,55000,21,야촌,485,18177,0,1,GooglePlay,2025-08-06,990000,104
Order Complete (App),,ruby_2,6600,31,원소,355,2276,110,1,GooglePlay,2025-07-27,14300,1162
Order Complete (App),,ruby_2,6600,31,원소,355,2076,0,1,GooglePlay,2025-07-27,7700,1162
Order Complete (App),,ruby_5,55000,41,십정동꿀주먹,392,3921,0,1,GooglePlay,2025-07-17,69300,420
Order Complete (App),,ads_remove,7700,1,서아루,4,8000,0,1,GooglePlay,2025-08-26,0,99999999
Order Complete (App),,ruby_1,1100,5,도루동,142,98091,770,1,GooglePlay,2025-08-21,7700,6113
Order Complete (App),,ruby_2,6600,5,도루동,142,98091,0,1,GooglePlay,2025-08-21,0,6113
Order Complete (App),,ads_remove,7700,1,술푼사슴,5,13000,0,1,GooglePlay,2025-08-26,0,99999999
Order Complete (App),,ruby_3,11000,1,비만워터,31,44300,0,1,GooglePlay,2025-08-26,0,18653
Order Complete (App),,ruby_3,11000,33,달리기,379,22771,2200,1,GooglePlay,2025-07-25,36300,672
Order Complete (App),,ruby_3,11000,33,달리기,379,22771,0,1,GooglePlay,2025-07-25,14300,672
Order Complete (App),,ads_remove,7700,1,호객,4,8000,0,1,GooglePlay,2025-08-26,0,99999999
Order Complete (App),,ruby_4,33000,37,베노미,579,79639,3300,1,OneStore,2025-07-21,1232000,27
Order Complete (App),,ruby_4,33000,39,개근남,760,93250,330,1,GooglePlay,2025-07-18,1519100,12
Order Complete (App),,ruby_4,33000,39,개근남,760,26750,330,1,GooglePlay,2025-07-18,1486100,12
Order Complete (App),,ads_remove,7700,1,방앗간,51,71385,0,1,GooglePlay,2025-08-26,0,15019
Order Complete (App),,ruby_6,110000,22,금재곱,550,605458,3190,1,GooglePlay,2025-08-04,1807300,43
Order Complete (App),,ruby_4,33000,42,대머리강서구,844,194816,440,1,GooglePlay,2025-07-16,2438700,8
Order Complete (App),,ruby_6,110000,22,금재곱,547,436108,2090,1,GooglePlay,2025-08-04,1697300,43
Order Complete (App),,ruby_4,33000,42,대머리강서구,843,201716,440,1,GooglePlay,2025-07-16,2405700,8
Order Complete (App),,ads_remove,7700,1,기딩디,23,88071,0,1,GooglePlay,2025-08-26,0,18643
Order Complete (App),,ruby_6,110000,22,금재곱,547,77708,990,1,GooglePlay,2025-08-04,1587300,43
Order Complete (App),,ruby_5,55000,42,대머리강서구,843,981716,440,1,GooglePlay,2025-07-16,2350700,8
Order Complete (App),,ruby_6,110000,24,쵸돈단스,535,12454,11000,1,OneStore,2025-08-03,1338700,50
Order Complete (App),,ads_remove,7700,1,위인대빵,5,10630,0,1,GooglePlay,2025-08-26,0,99999999
Order Complete (App),,ruby_1,1100,38,쉬밤꺼,525,20360,6050,1,GooglePlay,2025-07-19,1300200,62
Order Complete (App),,ruby_1,1100,38,쉬밤꺼,525,20360,6050,1,GooglePlay,2025-07-19,1300200,62
Order Complete (App),,ruby_1,1100,38,쉬밤꺼,525,20360,5830,1,GooglePlay,2025-07-19,1298000,62
Order Complete (App),,ruby_1,1100,38,쉬밤꺼,525,20360,5610,1,GooglePlay,2025-07-19,1295800,62
Order Complete (App),,ruby_5,55000,38,쉬밤꺼,525,20360,110,1,GooglePlay,2025-07-19,1240800,62
Order Complete (App),,ads_remove,7700,1,매점빵,1,2042,0,1,GooglePlay,2025-08-25,0,99999999
Order Complete (App),,ads_remove,7700,1,이순신대장,4,8000,0,1,GooglePlay,2025-08-26,0,99999999
Order Complete (App),,ruby_3,11000,40,어디서,353,816160,0,1,GooglePlay,2025-07-18,278300,1195
Order Complete (App),,ruby_3,11000,2,무진e,117,916,0,1,GooglePlay,2025-08-25,14300,7048
Order Complete (App),,ruby_6,110000,42,대머리강서구,817,2262,440,1,GooglePlay,2025-07-16,2240700,10
Order Complete (App),,ruby_5,55000,21,야촌,480,15648,0,1,GooglePlay,2025-08-06,935000,111
Order Complete (App),,ads_remove,7700,1,버거왕,8,23000,0,1,GooglePlay,2025-08-26,0,99999999
Order Complete (App),,ruby_4,33000,2,가짜니,54,401577,0,1,GooglePlay,2025-08-25,7700,13630
Order Complete (App),,ruby_6,110000,28,마늘쫑,389,145941,0,1,GooglePlay,2025-07-30,403700,464
Order Complete (App),,ruby_2,6600,38,쉬밤꺼,525,169380,0,1,GooglePlay,2025-07-19,1234200,62
Order Complete (App),,ruby_3,11000,38,쉬밤꺼,525,9380,0,1,GooglePlay,2025-07-19,1223200,62
Order Complete (App),,ads_remove,7700,1,햄선농이,27,232440,0,1,GooglePlay,2025-08-26,0,17301
Order Complete (App),,ads_remove,7700,12,아무건,249,7979,0,1,GooglePlay,2025-08-15,6600,3441
Order Complete (App),,ruby_1,1100,1,이노스케,30,36850,770,1,GooglePlay,2025-08-26,7700,18005
Order Complete (App),,ruby_1,1100,1,이노스케,30,36850,770,1,GooglePlay,2025-08-26,7700,18005
Order Complete (App),,ruby_1,1100,1,이노스케,30,36850,660,1,GooglePlay,2025-08-26,6600,18005
Order Complete (App),,ruby_1,1100,1,이노스케,30,36850,550,1,GooglePlay,2025-08-26,5500,18005
Order Complete (App),,ruby_1,1100,1,이노스케,30,36850,440,1,GooglePlay,2025-08-26,4400,18005
Order Complete (App),,ruby_1,1100,1,이노스케,30,36850,330,1,GooglePlay,2025-08-26,3300,18005
Order Complete (App),,ruby_1,1100,1,이노스케,30,36850,0,1,GooglePlay,2025-08-26,0,18005
Order Complete (App),,ruby_3,11000,36,안산한량,385,6793,110,1,GooglePlay,2025-07-20,42900,637
Order Complete (App),,ruby_4,33000,2,수협,151,16811,0,1,GooglePlay,2025-08-25,136400,5922
Order Complete (App),,ads_remove,7700,1,이록,5,13000,0,1,GooglePlay,2025-08-26,0,99999999
Order Complete (App),,ruby_5,55000,39,태백,581,7879,0,1,GooglePlay,2025-07-18,1051600,26
Order Complete (App),,ruby_3,11000,22,샤오위,369,1736,0,1,GooglePlay,2025-08-04,190300,879
Order Complete (App),,ruby_6,110000,332,9렙6만4천칠흑,1067,44217,11000,0,OneStore,2024-09-29,997000,10
Order Complete (App),,ruby_3,11000,29,충자,366,4691,0,1,GooglePlay,2025-07-29,29700,949
Order Complete (App),,ruby_4,33000,2,j0125,94,1266,0,1,GooglePlay,2025-08-25,29700,7718
Order Complete (App),,ruby_5,55000,32,yad,508,5428,0,1,GooglePlay,2025-07-26,444400,80
Order Complete (App),,ruby_2,6600,39,쟁요,631,8996,0,1,GooglePlay,2025-07-19,1101100,22
Order Complete (App),,ruby_4,33000,4,고대문명,266,185474,3520,1,OneStore,2025-08-23,370700,2949
Order Complete (App),,ruby_2,6600,40,103,516,683638,1760,1,GooglePlay,2025-07-17,624800,71
Order Complete (App),,ruby_3,11000,40,103,516,683638,0,1,GooglePlay,2025-07-17,607200,71
Order Complete (App),,ruby_3,11000,2,수협,124,51894,0,1,GooglePlay,2025-08-25,125400,6463
Order Complete (App),,ruby_6,110000,21,야촌,461,13046,0,1,GooglePlay,2025-08-06,825000,128
Order Complete (App),,ruby_3,11000,26,가정주부,425,86392,0,1,GooglePlay,2025-08-01,112200,289
Order Complete (App),,ruby_3,11000,332,동행,1246,193975,2310,0,OneStore,2024-09-29,4519800,5
Order Complete (App),,ruby_3,11000,332,동행,1246,193975,1210,0,OneStore,2024-09-29,4508800,5
Order Complete (App),,ruby_4,33000,5,조라에몽,245,45689,1210,1,GooglePlay,2025-08-22,161700,3804
Order Complete (App),,ruby_3,11000,5,박유리,179,23203,0,1,GooglePlay,2025-08-22,7700,5210
Order Complete (App),,ads_remove,7700,2,천외고성,43,185788,0,1,GooglePlay,2025-08-25,0,15002
Order Complete (App),,ruby_4,33000,332,동행,1246,67675,3410,0,OneStore,2024-09-29,4497800,5
Order Complete (App),,ruby_1,1100,1,바헬,29,101945,660,1,GooglePlay,2025-08-25,6600,17595
Order Complete (App),,ruby_2,6600,1,바헬,29,101945,0,1,GooglePlay,2025-08-25,0,17595
Order Complete (App),,ads_remove,7700,1,용린,4,8000,0,1,GooglePlay,2025-08-25,0,99999999
Order Complete (App),,ads_remove,7700,1,디곤84,12,117168,0,1,GooglePlay,2025-08-25,0,99999999
Order Complete (App),,ruby_3,11000,33,별찌,411,764824,330,1,GooglePlay,2025-07-25,227700,332
Order Complete (App),,ruby_4,33000,42,신정보,482,31525,0,1,GooglePlay,2025-07-16,161700,111
Order Complete (App),,ruby_2,6600,33,Lr비,501,10934,0,1,GooglePlay,2025-07-25,561000,84
Order Complete (App),,ruby_4,33000,2,등댱,70,21478,0,1,GooglePlay,2025-08-25,7700,10478
Order Complete (App),,ruby_1,1100,41,지냥,452,2374,440,1,GooglePlay,2025-07-17,173800,133
Order Complete (App),,ruby_3,11000,32,찹쌀누룽지,362,126756,2420,1,GooglePlay,2025-07-25,84700,1051
Order Complete (App),,ruby_3,11000,32,찹쌀누룽지,362,126756,220,1,GooglePlay,2025-07-25,62700,1051
Order Complete (App),,ruby_5,55000,32,찹쌀누룽지,356,131831,0,1,GooglePlay,2025-07-25,7700,1139
Order Complete (App),,ads_remove,7700,1,월급좀도둑,11,18000,0,1,GooglePlay,2025-08-25,0,99999999
Order Complete (App),,ruby_2,6600,19,집시,287,71234,1650,1,GooglePlay,2025-08-07,55000,2311
Order Complete (App),,ruby_6,110000,3,아오키지,151,108276,2090,1,GooglePlay,2025-08-23,117700,5965
Order Complete (App),,ruby_3,11000,39,개근남,760,53905,330,1,GooglePlay,2025-07-18,1475100,11
Order Complete (App),,ads_remove,7700,1,RORANG,42,86575,0,1,GooglePlay,2025-08-25,0,16361
Order Complete (App),,ads_remove,7700,2,쩡후이,24,219044,0,1,GooglePlay,2025-08-25,0,18605
Order Complete (App),,ruby_1,1100,35,아까그넘,432,3863,440,1,GooglePlay,2025-07-23,526900,191
Order Complete (App),,ruby_5,55000,38,s불멸1s,501,47813,300,1,GooglePlay,2025-07-19,1592800,84
Order Complete (App),,ruby_4,33000,25,무랭이,395,1463,0,1,GooglePlay,2025-08-02,355300,371
Order Complete (App),,ruby_3,11000,35,아까그넘,432,32138,0,1,GooglePlay,2025-07-23,515900,198
Order Complete (App),,ruby_3,11000,4,raonao,191,57912,0,1,GooglePlay,2025-08-23,58300,4872
Order Complete (App),,ruby_6,110000,3,아오키지,97,61801,0,1,GooglePlay,2025-08-23,7700,9417
Order Complete (App),,ruby_4,33000,35,아까그넘,431,588,0,1,GooglePlay,2025-07-23,482900,198
Order Complete (App),,ruby_2,6600,6,률밤,121,472552,0,1,GooglePlay,2025-08-21,28600,6839
Order Complete (App),,ruby_2,6600,2,Astar,119,1191,0,1,GooglePlay,2025-08-25,25300,6604
Order Complete (App),,ruby_1,1100,6,률밤,120,651102,440,1,GooglePlay,2025-08-21,27500,6839
Order Complete (App),,ruby_4,33000,19,집시,277,123563,0,1,GooglePlay,2025-08-07,22000,2514
Order Complete (App),,ruby_3,11000,35,아까그넘,429,56288,0,1,GooglePlay,2025-07-23,471900,209
Order Complete (App),,ruby_2,6600,6,률밤,111,611427,110,1,GooglePlay,2025-08-21,20900,7124
Order Complete (App),,ruby_2,6600,35,아까그넘,428,45338,0,1,GooglePlay,2025-07-23,465300,221
Order Complete (App),,ruby_1,1100,35,아까그넘,428,43213,0,1,GooglePlay,2025-07-23,464200,221
Order Complete (App),,ads_remove,7700,1,텐겐,56,1080,0,1,GooglePlay,2025-08-25,0,12479
Order Complete (App),,ruby_1,1100,22,조승연,734,272745,0,1,GooglePlay,2025-08-04,2784100,15
Order Complete (App),,ruby_1,1100,22,조승연,730,265320,0,1,GooglePlay,2025-08-04,2783000,16
Order Complete (App),,ruby_3,11000,22,조승연,729,148818,1100,1,GooglePlay,2025-08-04,2772000,16
Order Complete (App),,ruby_2,6600,4,유셰프,96,117094,1760,1,GooglePlay,2025-08-21,17600,7801
Order Complete (App),,ruby_3,11000,4,유셰프,96,117094,0,1,GooglePlay,2025-08-21,0,7801
Order Complete (App),,ruby_4,33000,26,IPZA,390,6930,0,1,GooglePlay,2025-07-31,110000,466
Order Complete (App),,ruby_6,110000,29,암부,900,1344369,9940,1,GooglePlay,2025-07-29,5617700,4
Order Complete (App),,ruby_2,6600,35,nerdy,440,157724,11110,1,GooglePlay,2025-07-23,865700,236
Order Complete (App),,ruby_6,110000,35,nerdy,440,157724,110,1,GooglePlay,2025-07-23,755700,236
Order Complete (App),,ruby_6,110000,35,nerdy,437,632549,330,1,GooglePlay,2025-07-23,645700,236
Order Complete (App),,ruby_3,11000,35,Raid,904,48862,0,1,GooglePlay,2025-07-22,4911500,3
Order Complete (App),,ruby_5,55000,35,Raid,904,40287,9900,1,GooglePlay,2025-07-22,4911500,3
Order Complete (App),,ruby_4,33000,35,Raid,904,40287,9900,1,GooglePlay,2025-07-22,4911500,3
Order Complete (App),,ruby_3,11000,35,Raid,904,40287,0,1,GooglePlay,2025-07-22,4812500,3
Order Complete (App),,ruby_3,11000,35,Raid,904,10087,2200,1,GooglePlay,2025-07-22,4812500,3
Order Complete (App),,ruby_3,11000,35,Raid,904,10087,0,1,GooglePlay,2025-07-22,4790500,3
Order Complete (App),,ruby_6,110000,35,nerdy,430,98549,0,1,GooglePlay,2025-07-23,535700,236
Order Complete (App),,ruby_4,33000,2,태벙,66,37804,220,1,GooglePlay,2025-08-25,44000,13017
Order Complete (App),,ruby_4,33000,2,태벙,66,954,0,1,GooglePlay,2025-08-25,11000,13017
Order Complete (App),,ads_remove,7700,1,SW파파스,5,10000,0,1,GooglePlay,2025-08-25,0,99999999
Order Complete (App),,ruby_3,11000,7,한겨울밤,206,96069,0,1,GooglePlay,2025-08-20,7700,4550
Order Complete (App),,ads_remove,7700,1,로제니,5,8000,0,1,GooglePlay,2025-08-25,0,99999999
Order Complete (App),,ads_remove,7700,1,까풍,4,8000,0,1,GooglePlay,2025-08-25,0,99999999
Order Complete (App),,ruby_6,110000,15,고슬,386,16731,11000,1,OneStore,2025-08-12,418000,518
Order Complete (App),,ads_remove,7700,1,타르짱,8,19000,0,1,GooglePlay,2025-08-25,0,99999999
Order Complete (App),,ruby_3,11000,12,먼지아빠,341,818,0,1,GooglePlay,2025-08-15,286000,1436
Order Complete (App),,ruby_3,11000,2,Astar,98,104868,0,1,GooglePlay,2025-08-25,14300,7795
Order Complete (App),,ruby_2,6600,15,차뭥쓰,286,11575,550,1,GooglePlay,2025-08-12,55000,2366
Order Complete (App),,ruby_4,33000,15,고슬,377,40906,3300,1,OneStore,2025-08-12,308000,805
Order Complete (App),,ads_remove,7700,1,라큐,7,17000,0,1,GooglePlay,2025-08-25,0,99999999
Order Complete (App),,ruby_3,11000,41,하모예,479,4329,0,1,GooglePlay,2025-07-17,434500,112
Order Complete (App),,ruby_1,1100,34,aurora,425,17251,110,1,OneStore,2025-07-24,176000,256
Order Complete (App),,ruby_1,1100,2,연수표류기,76,44419,770,1,GooglePlay,2025-08-24,7700,9700
Order Complete (App),,ruby_2,6600,2,연수표류기,76,44419,0,1,GooglePlay,2025-08-24,0,9700
Order Complete (App),,ruby_4,33000,1,표박자,27,32350,0,1,GooglePlay,2025-08-25,0,18585
Order Complete (App),,ruby_1,1100,37,아기왕자,387,3311,330,1,GooglePlay,2025-07-21,259600,515
Order Complete (App),,ruby_1,1100,37,아기왕자,387,3311,110,1,GooglePlay,2025-07-21,257400,515
Order Complete (App),,ruby_1,1100,37,아기왕자,387,3311,0,1,GooglePlay,2025-07-21,256300,515
Order Complete (App),,ruby_1,1100,32,길동사마,386,1297,770,1,GooglePlay,2025-07-26,232100,516
Order Complete (App),,ruby_2,6600,32,길동사마,386,1297,0,1,GooglePlay,2025-07-26,224400,516
Order Complete (App),,ruby_4,33000,41,엉망,856,501513,550,1,GooglePlay,2025-07-17,3089900,7
Order Complete (App),,ruby_4,33000,9,Hotal,529,4643,0,1,GooglePlay,2025-08-18,1455300,55
Order Complete (App),,ruby_3,11000,32,길동사마,386,1522,0,1,GooglePlay,2025-07-26,213400,516
Order Complete (App),,ruby_3,11000,31,허어어니,550,124656,0,1,GooglePlay,2025-07-27,1018600,37
Order Complete (App),,ruby_2,6600,2,무진e,92,1238,0,1,GooglePlay,2025-08-25,7700,8194
Order Complete (App),,ruby_4,33000,15,고슬,371,21831,3300,1,OneStore,2025-08-12,275000,805
Order Complete (App),,ruby_4,33000,21,zenz,495,12170,0,1,GooglePlay,2025-08-05,812900,83
Order Complete (App),,ads_remove,7700,2,흰마귀,50,206123,0,1,GooglePlay,2025-08-25,0,14002
Order Complete (App),,ruby_3,11000,40,맘바,492,3238,1100,1,OneStore,2025-07-17,375100,84
Order Complete (App),,ruby_2,6600,35,초홍볶,512,3258,2420,1,GooglePlay,2025-07-23,630300,71
Order Complete (App),,ruby_3,11000,35,초홍볶,512,3258,660,1,GooglePlay,2025-07-23,612700,71
Order Complete (App),,ads_remove,7700,2,감수영,64,81371,0,1,GooglePlay,2025-08-25,0,11484
Order Complete (App),,ruby_3,11000,2,태벙,24,141945,0,1,GooglePlay,2025-08-25,0,18579
Order Complete (App),,ads_remove,7700,1,금빛흑룡,39,17995,0,1,GooglePlay,2025-08-25,6600,16053
Order Complete (App),,ruby_2,6600,1,금빛흑룡,39,6995,0,1,GooglePlay,2025-08-25,0,16053
Order Complete (App),,ads_remove,7700,1,이조조,4,10000,0,1,GooglePlay,2025-08-25,0,99999999
Order Complete (App),,ruby_1,1100,37,환상의섬,466,16840,660,1,GooglePlay,2025-07-19,473000,124
Order Complete (App),,ruby_2,6600,37,환상의섬,466,16240,0,1,GooglePlay,2025-07-19,466400,124
Order Complete (App),,ruby_2,6600,10,가별초,305,4015,0,1,GooglePlay,2025-08-15,161700,1971
Order Complete (App),,ads_remove,7700,1,가짜니,5,10000,0,1,GooglePlay,2025-08-25,0,99999999
Order Complete (App),,ads_remove,7700,1,비월,4,8000,0,1,GooglePlay,2025-08-25,0,99999999
Order Complete (App),,ruby_5,55000,10,눈떠보니난린이,323,751730,770,1,GooglePlay,2025-08-15,359700,1779
Order Complete (App),,ruby_4,33000,10,눈떠보니난린이,323,6530,770,1,GooglePlay,2025-08-15,326700,1779
Order Complete (App),,ruby_2,6600,1,빅맘,112,115182,220,1,GooglePlay,2025-08-25,56100,7071
Order Complete (App),,ads_remove,7700,1,우운세,1,1000,0,1,GooglePlay,2025-08-25,0,99999999
Order Complete (App),,ads_remove,7700,1,잉길,24,179315,0,1,GooglePlay,2025-08-25,0,17721
Order Complete (App),,ruby_3,11000,4,밤벌레,184,203725,110,1,GooglePlay,2025-08-21,27500,5153
Order Complete (App),,ads_remove,7700,1,나개고수,17,500,0,1,GooglePlay,2025-08-25,0,99999999
Order Complete (App),,ads_remove,7700,2,나니대장,51,376665,0,1,GooglePlay,2025-08-24,0,13585
Order Complete (App),,ruby_3,11000,37,썩쏘염염,481,20964,110,1,GooglePlay,2025-07-19,326700,104
Order Complete (App),,ads_remove,7700,1,이지랍,21,12320,0,1,GooglePlay,2025-08-25,0,18560
Order Complete (App),,ruby_2,6600,1,빅맘,92,114532,660,1,GooglePlay,2025-08-25,49500,7954
Order Complete (App),,ruby_2,6600,1,빅맘,92,114532,0,1,GooglePlay,2025-08-25,42900,7954
Order Complete (App),,ruby_2,6600,37,막내키키,485,73447,110,1,GooglePlay,2025-07-20,281600,107
Order Complete (App),,ruby_4,33000,16,잉똔또,253,95252,0,1,GooglePlay,2025-08-05,41800,3254
Order Complete (App),,ruby_3,11000,3,trdfy,120,2930,0,1,GooglePlay,2025-08-22,0,7017
Order Complete (App),,ads_remove,7700,1,남승연,18,139030,0,1,GooglePlay,2025-08-25,0,99999999
Order Complete (App),,ads_remove,7700,1,등댱,4,2504,0,1,GooglePlay,2025-08-25,0,99999999
Order Complete (App),,ruby_2,6600,1,수한무,66,2644,0,1,GooglePlay,2025-08-25,0,11008
Order Complete (App),,ruby_2,6600,4,포식,167,72571,0,1,GooglePlay,2025-08-22,7700,5611
Order Complete (App),,ruby_4,33000,32,손발을두잇,352,605512,0,1,GooglePlay,2025-07-24,51700,1165
Order Complete (App),,ads_remove,7700,1,기웅기,19,111955,0,1,GooglePlay,2025-08-25,0,99999999
Order Complete (App),,ads_remove,7700,1,방울토마토,18,145020,0,1,GooglePlay,2025-08-25,0,99999999
Order Complete (App),,ruby_2,6600,38,송송송,402,147092,0,1,GooglePlay,2025-07-19,66000,389
Order Complete (App),,ads_remove,7700,1,lIlIlIlI,35,49032,0,1,GooglePlay,2025-08-25,0,17697
Order Complete (App),,ruby_1,1100,5,강철돈,226,2750,0,1,GooglePlay,2025-08-21,14300,4359
Order Complete (App),,ads_remove,7700,1,그뉵덩어리,74,10746,0,1,GooglePlay,2025-08-25,0,9871
Order Complete (App),,ruby_4,33000,30,Realize,446,1133,440,1,GooglePlay,2025-07-27,776600,151
Order Complete (App),,ads_remove,7700,1,난난난난쏴,16,183365,0,1,GooglePlay,2025-08-25,0,99999999
Order Complete (App),,ruby_4,33000,30,Realize,446,2833,440,1,GooglePlay,2025-07-27,743600,151
Order Complete (App),,ruby_2,6600,1,빅맘,91,171932,0,1,GooglePlay,2025-08-25,36300,8183
Order Complete (App),,ruby_2,6600,1,Astar,87,409,0,1,GooglePlay,2025-08-25,7700,8705
Order Complete (App),,ruby_3,11000,12,설후아빠,304,8535,0,1,GooglePlay,2025-08-14,129800,1980
Order Complete (App),,ruby_1,1100,26,옥지의빵빵이,560,218630,80,1,GooglePlay,2025-07-31,1291400,32
Order Complete (App),,ads_remove,7700,1,zzzyu,53,18555,0,1,GooglePlay,2025-08-25,0,13577
Order Complete (App),,ads_remove,7700,1,유댕,8,23000,0,1,GooglePlay,2025-08-25,0,99999999
Order Complete (App),,ruby_5,55000,8,Hotal,525,7204,0,1,GooglePlay,2025-08-18,1400300,57
Order Complete (App),,ruby_3,11000,32,별찌,409,616433,3630,1,GooglePlay,2025-07-25,227700,336
Order Complete (App),,ruby_3,11000,32,별찌,409,616433,1430,1,GooglePlay,2025-07-25,205700,336
Order Complete (App),,ruby_3,11000,17,규미니,277,2603,0,1,GooglePlay,2025-08-09,40700,2615
Order Complete (App),,ads_remove,7700,1,mua,7,16042,0,1,GooglePlay,2025-08-25,0,99999999
Order Complete (App),,ruby_2,6600,40,윤관,488,3680,0,1,GooglePlay,2025-07-17,170500,85
Order Complete (App),,ads_remove,7700,1,ghghdl,35,120880,0,1,GooglePlay,2025-08-25,0,18533
Order Complete (App),,ruby_2,6600,3,레오양운,121,7168,0,1,GooglePlay,2025-08-23,15400,6457
Order Complete (App),,ruby_2,6600,16,무진장큰스님,383,5455,330,1,GooglePlay,2025-08-08,438900,597
Order Complete (App),,ruby_3,11000,16,무진장큰스님,383,2130,0,1,GooglePlay,2025-08-08,427900,597
Order Complete (App),,ads_remove,7700,1,미니마니무,26,202070,0,1,GooglePlay,2025-08-25,0,18534
Order Complete (App),,ruby_2,6600,1,빅맘,84,155307,0,1,GooglePlay,2025-08-25,29700,9162
Order Complete (App),,ruby_6,110000,28,암부,900,1375702,6160,1,GooglePlay,2025-07-29,5507700,4
Order Complete (App),,ruby_3,11000,38,태백,571,35881,0,1,GooglePlay,2025-07-18,1040600,26
Order Complete (App),,ruby_4,33000,38,태백,571,5406,0,1,GooglePlay,2025-07-18,1007600,26
Order Complete (App),,ruby_6,110000,28,암부,900,781382,660,1,GooglePlay,2025-07-29,5397700,4
Order Complete (App),,ads_remove,7700,1,ifari,18,16405,0,1,GooglePlay,2025-08-25,0,99999999
Order Complete (App),,ruby_2,6600,40,하모예,467,3875,0,1,GooglePlay,2025-07-17,427900,126
Order Complete (App),,ruby_3,11000,38,쟁요,617,16144,0,1,GooglePlay,2025-07-19,1090100,24
Order Complete (App),,ruby_1,1100,31,yad,507,1511,440,1,GooglePlay,2025-07-26,443300,76
Order Complete (App),,ruby_2,6600,33,민초파,360,81094,2090,1,GooglePlay,2025-07-23,28600,1046
Order Complete (App),,ruby_3,11000,33,민초파,360,81094,330,1,GooglePlay,2025-07-23,11000,1046
Order Complete (App),,ruby_3,11000,9,하브로,236,3790,0,1,GooglePlay,2025-08-17,7700,4007
Order Complete (App),,ruby_3,11000,25,이순신표류기,371,170180,110,1,GooglePlay,2025-08-01,348700,795
Order Complete (App),,ruby_2,6600,1,kimbbang,66,25958,0,1,GooglePlay,2025-08-24,0,11656
Order Complete (App),,ruby_3,11000,37,헤롱이,526,777,0,1,GooglePlay,2025-07-20,1001000,57
Order Complete (App),,ads_remove,7700,1,독도지킴이,5,11000,0,1,GooglePlay,2025-08-25,0,99999999
Order Complete (App),,ruby_5,55000,38,쟁요,612,193,0,1,GooglePlay,2025-07-19,1035100,24
Order Complete (App),,ruby_5,55000,30,Realize,445,312163,1540,1,GooglePlay,2025-07-27,688600,151
Order Complete (App),,ads_remove,7700,2,열화령,69,295869,0,1,GooglePlay,2025-08-24,0,10983
Order Complete (App),,ruby_6,110000,30,Realize,445,5663,440,1,GooglePlay,2025-07-27,578600,151
Order Complete (App),,ruby_1,1100,1,수협,93,813,220,1,GooglePlay,2025-08-25,124300,13553
Order Complete (App),,ads_remove,7700,6,Nemo,151,213338,0,1,GooglePlay,2025-08-20,0,5695
Order Complete (App),,ads_remove,7700,1,대충만들기,20,72565,0,1,GooglePlay,2025-08-25,0,99999999
Order Complete (App),,ruby_3,11000,1,수협,72,1613,220,1,GooglePlay,2025-08-25,113300,13553
Order Complete (App),,ruby_4,33000,1,수협,72,12813,220,1,GooglePlay,2025-08-25,80300,13553
Order Complete (App),,ruby_1,1100,326,아이유인나,1045,517792,550,0,GooglePlay,2024-10-01,630500,16
Order Complete (App),,ruby_1,1100,326,아이유인나,1045,517792,440,0,GooglePlay,2024-10-01,629400,16
Order Complete (App),,ruby_1,1100,326,아이유인나,1045,517792,220,0,GooglePlay,2024-10-01,627200,16
Order Complete (App),,ruby_3,11000,20,zenz,490,38612,0,1,GooglePlay,2025-08-05,801900,96
Order Complete (App),,ruby_3,11000,30,전화하지마,344,22989,770,1,GooglePlay,2025-07-24,40700,1404
Order Complete (App),,ruby_5,55000,14,낭강,407,474053,110,1,GooglePlay,2025-08-12,588500,335
Order Complete (App),,ruby_3,11000,31,타이거통,386,1784527,330,1,GooglePlay,2025-07-26,281600,601
Order Complete (App),,ruby_6,110000,20,zenz,485,7962,0,1,GooglePlay,2025-08-05,691900,96
Order Complete (App),,ruby_3,11000,1,j0125,84,221550,2200,1,GooglePlay,2025-08-25,29700,9147
Order Complete (App),,ruby_3,11000,1,j0125,84,221550,0,1,GooglePlay,2025-08-25,7700,10985
Order Complete (App),,ads_remove,7700,1,Astar,20,64711,0,1,GooglePlay,2025-08-25,0,99999999
Order Complete (App),,ads_remove,7700,1,가니시,13,112580,0,1,GooglePlay,2025-08-24,0,99999999
Order Complete (App),,ads_remove,7700,1,오리는,27,85180,0,1,GooglePlay,2025-08-25,0,17327
Order Complete (App),,ads_remove,7700,1,평양냉면,18,162980,0,1,GooglePlay,2025-08-25,0,99999999
Order Complete (App),,ads_remove,7700,1,수정빛,7,16000,0,1,GooglePlay,2025-08-25,0,99999999
Order Complete (App),,ruby_1,1100,1,구다혜,83,759,0,1,GooglePlay,2025-08-24,7700,9244
Order Complete (App),,ruby_4,33000,1,수협,52,1938,440,1,GooglePlay,2025-08-25,47300,13553
Order Complete (App),,ruby_5,55000,20,zenz,457,3391,0,1,GooglePlay,2025-08-05,636900,122
Order Complete (App),,ruby_2,6600,2,roy,188,5944,110,1,GooglePlay,2025-08-24,31900,4932
Order Complete (App),,ruby_2,6600,215,예압,745,990362,0,0,GooglePlay,2025-01-23,448400,111
Order Complete (App),,ads_remove,7700,1,아침먹고가,18,151220,0,1,GooglePlay,2025-08-25,0,99999999
Order Complete (App),,ruby_4,33000,1,수협,51,2378,0,1,GooglePlay,2025-08-25,14300,13552
Order Complete (App),,ruby_2,6600,4,승오,101,55480,550,1,GooglePlay,2025-08-22,29700,7348
Order Complete (App),,ruby_3,11000,4,승오,101,31480,0,1,GooglePlay,2025-08-22,18700,7348
Order Complete (App),,ruby_3,11000,1,몽헤리,40,14215,0,1,GooglePlay,2025-08-25,0,16286
Order Complete (App),,ruby_3,11000,38,쟁요,598,7255,0,1,GooglePlay,2025-07-19,1024100,24
Order Complete (App),,ruby_2,6600,35,안산한량,382,2843,0,1,GooglePlay,2025-07-20,36300,602
Order Complete (App),,ruby_1,1100,1,빅맘,67,403728,330,1,GooglePlay,2025-08-25,29700,10985
Order Complete (App),,ruby_1,1100,1,빅맘,67,403728,110,1,GooglePlay,2025-08-25,27500,10985
Order Complete (App),,ruby_1,1100,1,빅맘,67,403728,0,1,GooglePlay,2025-08-25,26400,10985
Order Complete (App),,ruby_3,11000,2,breadjun,155,85330,1100,1,GooglePlay,2025-08-24,39600,5648
Order Complete (App),,ruby_2,6600,1,수협,39,14547,0,1,GooglePlay,2025-08-25,7700,18497
Order Complete (App),,ruby_3,11000,2,표장창,91,4713,0,1,GooglePlay,2025-08-24,7700,8168
Order Complete (App),,ruby_3,11000,31,고공이,388,21540,0,1,GooglePlay,2025-07-26,44000,445
Order Complete (App),,ruby_3,11000,25,쌈쟁이,395,178821,110,1,GooglePlay,2025-07-31,733700,357
Order Complete (App),,ads_remove,7700,1,동지빠,4,8000,0,1,GooglePlay,2025-08-25,0,99999999
Order Complete (App),,ruby_3,11000,26,멍조,310,10908,0,1,GooglePlay,2025-07-30,183700,1901
Order Complete (App),,ruby_3,11000,2,breadjun,154,5606,0,1,GooglePlay,2025-08-24,28600,5653
Order Complete (App),,ruby_4,33000,20,젤이쁜울아덜,370,15330,550,1,GooglePlay,2025-08-06,223300,782
Order Complete (App),,ruby_1,1100,1,빅맘,46,515019,220,1,GooglePlay,2025-08-25,25300,14640
Order Complete (App),,ruby_2,6600,1,재필왕자,73,6960,1760,1,GooglePlay,2025-08-24,58300,9987
Order Complete (App),,ruby_3,11000,1,재필왕자,73,6960,0,1,GooglePlay,2025-08-24,40700,9987
Order Complete (App),,ruby_2,6600,38,딱쎄,525,150447,0,1,GooglePlay,2025-07-18,441100,57
Order Complete (App),,ads_remove,7700,1,홍근보,25,14960,0,1,GooglePlay,2025-08-24,0,17482
Order Complete (App),,ruby_2,6600,38,쟁요,597,3976,0,1,GooglePlay,2025-07-19,1017500,24
Order Complete (App),,ruby_3,11000,31,그루터기,545,685,150,1,GooglePlay,2025-07-26,1092300,41
Order Complete (App),,ruby_2,6600,31,그루터기,545,2385,40,1,GooglePlay,2025-07-26,1085700,41
Order Complete (App),,ruby_2,6600,37,태굥,414,51453,3080,1,GooglePlay,2025-07-19,157300,304
Order Complete (App),,ruby_3,11000,37,태굥,414,51453,1980,1,GooglePlay,2025-07-19,146300,304
Order Complete (App),,ruby_2,6600,2,roy,145,75583,330,1,GooglePlay,2025-08-24,25300,5927
Order Complete (App),,ruby_4,33000,37,태굥,414,1766,330,1,GooglePlay,2025-07-19,113300,304
Order Complete (App),,ruby_1,1100,1,j0125,24,181602,660,1,GooglePlay,2025-08-25,6600,18488
Order Complete (App),,ruby_2,6600,1,j0125,24,181602,0,1,GooglePlay,2025-08-25,0,18488
Order Complete (App),,ruby_1,1100,39,김민교,469,24880,550,1,GooglePlay,2025-07-18,245300,108
Order Complete (App),,ruby_1,1100,39,김민교,469,24880,550,1,GooglePlay,2025-07-18,245300,108
Order Complete (App),,ruby_2,6600,1,빅맘,31,302144,330,1,GooglePlay,2025-08-25,18700,16928
Order Complete (App),,ruby_1,1100,39,김민교,469,24880,440,1,GooglePlay,2025-07-18,244200,108
Order Complete (App),,ruby_1,1100,39,김민교,469,24880,220,1,GooglePlay,2025-07-18,242000,108
Order Complete (App),,ruby_1,1100,39,김민교,469,24880,0,1,GooglePlay,2025-07-18,239800,108
Order Complete (App),,ruby_3,11000,2,breadjun,152,988,0,1,GooglePlay,2025-08-24,17600,5665
Order Complete (App),,ruby_3,11000,1,빅맘,31,257494,0,1,GooglePlay,2025-08-25,7700,16928
Order Complete (App),,ruby_1,1100,1,미노맨,98,27964,0,1,GooglePlay,2025-08-24,7700,7461
Order Complete (App),,ads_remove,7700,1,세르리아린,8,18000,0,1,GooglePlay,2025-08-25,0,99999999
Order Complete (App),,ads_remove,7700,1,수훈왕자,11,89000,0,1,GooglePlay,2025-08-25,0,99999999
Order Complete (App),,ads_remove,7700,1,크로노시아,4,8000,0,1,GooglePlay,2025-08-25,0,99999999
Order Complete (App),,ruby_3,11000,3,조선아이,118,3715,1100,1,GooglePlay,2025-08-22,18700,6659
Order Complete (App),,ruby_3,11000,3,조선아이,118,3715,0,1,GooglePlay,2025-08-22,7700,6659
Order Complete (App),,ads_remove,7700,1,무진e,4,8000,0,1,GooglePlay,2025-08-25,0,99999999
Order Complete (App),,ruby_4,33000,35,가우리열제,289,50238,0,1,GooglePlay,2025-07-22,102300,2195
Order Complete (App),,ads_remove,7700,1,Glossy,5,13000,0,1,GooglePlay,2025-08-25,0,99999999
Order Complete (App),,ruby_1,1100,30,한국사장군,195,1853019,770,1,GooglePlay,2025-07-24,7700,4643
Order Complete (App),,ruby_2,6600,30,한국사장군,195,1853019,0,1,GooglePlay,2025-07-24,0,4643
Order Complete (App),,ruby_4,33000,19,봄같은나라,385,2774,0,1,GooglePlay,2025-08-07,154000,539
Order Complete (App),,ruby_6,110000,39,KIRA,1064,198149,810,1,GooglePlay,2025-07-18,10787700,1
Order Complete (App),,ruby_4,33000,24,무랭이,388,3461,0,1,GooglePlay,2025-08-02,322300,439
Order Complete (App),,ads_remove,7700,1,빅맘,4,8070,0,1,GooglePlay,2025-08-25,0,99999999
Order Complete (App),,ruby_2,6600,2,개애꿀,91,24432,0,1,GooglePlay,2025-08-24,9900,8153
Order Complete (App),,ruby_1,1100,2,개애꿀,91,13307,220,1,GooglePlay,2025-08-24,9900,8153
Order Complete (App),,ruby_1,1100,2,개애꿀,91,13307,0,1,GooglePlay,2025-08-24,7700,8153
Order Complete (App),,ruby_3,11000,4,승오,94,4469,0,1,GooglePlay,2025-08-22,7700,7765
Order Complete (App),,ruby_1,1100,326,권준,889,7974393,550,0,OneStore,2024-10-04,17600,66
Order Complete (App),,ruby_1,1100,326,권준,889,7974393,440,0,OneStore,2024-10-04,16500,66
Order Complete (App),,ruby_4,33000,39,심대표,601,42093,2200,1,GooglePlay,2025-07-18,1316700,23
Order Complete (App),,ruby_3,11000,24,굴비사마,401,200502,110,1,GooglePlay,2025-08-01,130900,328
Order Complete (App),,ruby_3,11000,38,개근남,728,3099,330,1,GooglePlay,2025-07-18,1464100,15
Order Complete (App),,ruby_3,11000,38,개근남,728,46224,330,1,GooglePlay,2025-07-18,1453100,15
Order Complete (App),,ruby_4,33000,39,심대표,597,66418,1100,1,GooglePlay,2025-07-18,1283700,23
Order Complete (App),,ruby_3,11000,39,심대표,597,66418,0,1,GooglePlay,2025-07-18,1272700,23
Order Complete (App),,ruby_2,6600,17,형광등,294,GooglePlay,2025-08-08,7700,2036},,,
Order Complete (App),,ruby_6,110000,39,KIRA,1046,501524,3010,1,GooglePlay,2025-07-18,10677700,1
Order Complete (App),,ruby_2,6600,38,구독자,480,2810,220,1,GooglePlay,2025-07-18,224400,97
Order Complete (App),,ruby_3,11000,39,심대표,597,70868,0,1,GooglePlay,2025-07-18,1261700,23
Order Complete (App),,ruby_6,110000,21,금재곱,527,137044,3190,1,GooglePlay,2025-08-04,1477300,55
Order Complete (App),,ruby_5,55000,27,l대마왕l,420,2219,550,1,GooglePlay,2025-07-30,359700,276
Order Complete (App),,ads_remove,7700,1,수협,10,1500,0,1,GooglePlay,2025-08-25,0,99999999
Order Complete (App),,ruby_5,55000,39,심대표,585,59020,0,1,GooglePlay,2025-07-18,1206700,24
Order Complete (App),,ruby_6,110000,21,금재곱,526,5869,990,1,GooglePlay,2025-08-04,1367300,55
Order Complete (App),,ruby_3,11000,34,쿠쿵,485,968,330,1,GooglePlay,2025-07-23,597300,91
Order Complete (App),,ruby_4,33000,21,조승연,724,440914,1100,1,GooglePlay,2025-08-04,2739000,15
Order Complete (App),,ads_remove,7700,1,굿럭쥐지,18,137756,0,1,GooglePlay,2025-08-24,0,99999999
Order Complete (App),,ruby_6,110000,301,예슬아,1112,80512,24750,0,GooglePlay,2024-10-28,1829000,8
Order Complete (App),,ruby_6,110000,301,예슬아,1112,80512,2750,0,GooglePlay,2024-10-28,1609000,8
Order Complete (App),,ruby_5,55000,21,조승연,723,198464,1210,1,GooglePlay,2025-08-04,2684000,15
Order Complete (App),,ruby_3,11000,5,왁구,180,5260,0,1,GooglePlay,2025-08-21,7700,5188
Order Complete (App),,ruby_3,11000,38,껸네,615,756158,220,1,GooglePlay,2025-07-19,1276000,22
Order Complete (App),,ruby_3,11000,2,시루딴딴,24,4880,0,1,GooglePlay,2025-08-24,0,18048
Order Complete (App),,ruby_3,11000,34,행수,377,3904,0,1,GooglePlay,2025-07-23,67100,627
Order Complete (App),,ruby_1,1100,323,악귀강림,643,8127459,660,0,OneStore,2024-09-29,37100,211
Order Complete (App),,ruby_1,1100,323,악귀강림,643,8127459,550,0,OneStore,2024-09-29,36000,211
Order Complete (App),,ruby_5,55000,20,zenz,447,15887,0,1,GooglePlay,2025-08-05,581900,141
Order Complete (App),,ruby_4,33000,4,로멘스,103,2903,0,1,GooglePlay,2025-08-22,7700,7469
Order Complete (App),,ruby_6,110000,301,예슬아,1102,20801,12650,0,OneStore,2024-10-28,1609000,7
Order Complete (App),,ruby_6,110000,301,예슬아,1102,194301,12870,0,OneStore,2024-10-28,1499000,7
Order Complete (App),,ruby_4,33000,38,개근남,725,2224,330,1,GooglePlay,2025-07-18,1420100,15
Order Complete (App),,ruby_4,33000,1,재필왕자,26,55790,0,1,GooglePlay,2025-08-24,7700,17847
Order Complete (App),,ruby_3,11000,29,톰달,387,7615,0,1,GooglePlay,2025-07-28,227700,454
Order Complete (App),,ruby_2,6600,40,안티왕,425,5443,0,1,GooglePlay,2025-07-17,111100,236
Order Complete (App),,ads_remove,7700,1,재필왕자,8,2000,0,1,GooglePlay,2025-08-24,0,99999999
Order Complete (App),,ruby_5,55000,39,심대표,573,91215,0,1,GooglePlay,2025-07-18,1151700,24
Order Complete (App),,ruby_4,33000,11,영신이,193,8671,0,1,GooglePlay,2025-08-07,22000,4916
Order Complete (App),,ruby_3,11000,34,소시미,371,20717,0,1,GooglePlay,2025-07-22,41800,722
Order Complete (App),,ruby_1,1100,34,소시미,371,717,440,1,GooglePlay,2025-07-22,40700,722
Order Complete (App),,ruby_5,55000,39,심대표,573,17590,0,1,GooglePlay,2025-07-18,1096700,24
Order Complete (App),,ruby_4,33000,21,조승연,709,272655,110,1,GooglePlay,2025-08-04,2651000,17
Order Complete (App),,ruby_4,33000,21,조승연,709,754455,1210,1,GooglePlay,2025-08-04,2618000,17
Order Complete (App),,ruby_4,33000,21,조승연,709,973355,110,1,GooglePlay,2025-08-04,2585000,17
Order Complete (App),,ruby_3,11000,21,조승연,709,1173755,110,1,GooglePlay,2025-08-04,2574000,17
Order Complete (App),,ruby_4,33000,21,조승연,709,1218155,110,1,GooglePlay,2025-08-04,2541000,17
Order Complete (App),,ruby_6,110000,21,조승연,709,171555,110,1,GooglePlay,2025-08-04,2431000,17
Order Complete (App),,ruby_4,33000,2,꽝철사냥,37,94043,0,1,GooglePlay,2025-08-20,7700,16128
Order Complete (App),,ads_remove,7700,1,난세의밴댕이,5,7000,0,1,GooglePlay,2025-08-24,0,99999999
Order Complete (App),,ruby_6,110000,28,암부,884,1587534,6160,1,GooglePlay,2025-07-29,5287700,5
Order Complete (App),,ruby_4,33000,41,김승원,645,98930,440,1,GooglePlay,2025-07-16,1168200,20
Order Complete (App),,ruby_2,6600,31,yad,487,3414,330,1,GooglePlay,2025-07-26,436700,92
Order Complete (App),,ads_remove,7700,1,미노맨,18,122175,0,1,GooglePlay,2025-08-24,0,99999999
Order Complete (App),,ruby_3,11000,22,오디나무,704,661767,0,1,GooglePlay,2025-08-03,2092200,16
Order Complete (App),,ruby_3,11000,41,김승원,644,79830,1540,1,GooglePlay,2025-07-16,1157200,20
Order Complete (App),,ruby_1,1100,2,플라타너스s,113,5696,220,1,GooglePlay,2025-08-24,17600,7057
Order Complete (App),,ruby_2,6600,41,김승원,644,79830,880,1,GooglePlay,2025-07-16,1150600,20
Order Complete (App),,ads_remove,7700,1,궁물먹지마,8,22000,0,1,GooglePlay,2025-08-24,0,99999999
Order Complete (App),,ruby_2,6600,2,플라타너스s,111,2571,110,1,GooglePlay,2025-08-24,11000,7057
Order Complete (App),,ruby_5,55000,22,오디나무,694,591917,3740,1,GooglePlay,2025-08-03,2037200,16
Order Complete (App),,ruby_4,33000,22,오디나무,694,591917,440,1,GooglePlay,2025-08-03,2004200,16
Order Complete (App),,ads_remove,7700,1,구다혜,37,111645,0,1,GooglePlay,2025-08-24,0,18449
Order Complete (App),,ruby_1,1100,2,플라타너스s,111,1846,330,1,GooglePlay,2025-08-24,11000,7898
Order Complete (App),,ruby_1,1100,2,플라타너스s,111,1846,220,1,GooglePlay,2025-08-24,9900,7898
Order Complete (App),,ruby_1,1100,2,플라타너스s,111,1846,0,1,GooglePlay,2025-08-24,7700,7898
Order Complete (App),,ads_remove,7700,1,난세영웅왜사라짐,4,8000,0,1,GooglePlay,2025-08-24,0,99999999
Order Complete (App),,ruby_4,33000,28,일해라정차장,524,33015,1140,1,GooglePlay,2025-07-29,781000,52
Order Complete (App),,ruby_4,33000,28,일해라정차장,524,1915,40,1,GooglePlay,2025-07-29,748000,52
Order Complete (App),,ruby_3,11000,28,일해라정차장,524,790,40,1,GooglePlay,2025-07-29,737000,52
Order Complete (App),,ruby_3,11000,37,춘하,393,74287,0,1,GooglePlay,2025-07-18,179300,451
Order Complete (App),,ads_remove,7700,1,류하경,4,7000,0,1,GooglePlay,2025-08-24,0,99999999
Order Complete (App),,ruby_2,6600,29,진우서우,501,4705,880,1,GooglePlay,2025-07-28,853600,75
Order Complete (App),,ruby_1,1100,34,Raid,899,154971,990,1,GooglePlay,2025-07-22,4789400,3
Order Complete (App),,ruby_2,6600,34,Raid,899,154971,330,1,GooglePlay,2025-07-22,4782800,3
Order Complete (App),,ruby_3,11000,22,오디나무,651,739392,440,1,GooglePlay,2025-08-03,1993200,17
Order Complete (App),,ruby_2,6600,29,진우서우,501,169805,220,1,GooglePlay,2025-07-28,847000,75
Order Complete (App),,ruby_4,33000,34,Raid,899,109371,330,1,GooglePlay,2025-07-22,4749800,3
Order Complete (App),,ruby_1,1100,29,진우서우,501,169805,110,1,GooglePlay,2025-07-28,845900,75
Order Complete (App),,ruby_2,6600,41,밀레니온,490,320373,110,1,GooglePlay,2025-07-16,651200,120
Order Complete (App),,ruby_1,1100,39,마갈곤,392,169043,220,1,GooglePlay,2025-07-17,64900,364
Order Complete (App),,ruby_2,6600,29,진우서우,501,9805,550,1,GooglePlay,2025-07-28,839300,75
Order Complete (App),,ruby_1,1100,39,마갈곤,392,169043,0,1,GooglePlay,2025-07-17,62700,364
Order Complete (App),,ruby_4,33000,34,Raid,899,514871,330,1,GooglePlay,2025-07-22,4716800,3
Order Complete (App),,ruby_4,33000,34,Raid,899,856621,330,1,GooglePlay,2025-07-22,4683800,3
Order Complete (App),,ruby_6,110000,34,Raid,899,66121,13530,1,GooglePlay,2025-07-22,4683800,3
Order Complete (App),,ruby_2,6600,34,Raid,899,66121,1870,1,GooglePlay,2025-07-22,4567200,3
Order Complete (App),,ruby_3,11000,29,진우서우,479,168180,0,1,GooglePlay,2025-07-28,828300,92
Order Complete (App),,ruby_5,55000,29,진우서우,479,4480,0,1,GooglePlay,2025-07-28,773300,92
Order Complete (App),,ruby_3,11000,41,밀레니온,487,194448,110,1,GooglePlay,2025-07-16,640200,120
Order Complete (App),,ruby_4,33000,41,밀레니온,487,188023,220,1,GooglePlay,2025-07-16,607200,120
Order Complete (App),,ruby_6,110000,28,암부,884,1918043,660,1,GooglePlay,2025-07-29,5177700,5
Order Complete (App),,ruby_2,6600,22,chemma,426,60378,0,1,GooglePlay,2025-08-04,385000,214
Order Complete (App),,ruby_3,11000,28,일해라정차장,503,6040,40,1,GooglePlay,2025-07-29,726000,73
Order Complete (App),,ruby_6,110000,34,Raid,898,72296,770,1,GooglePlay,2025-07-22,4457200,3
Order Complete (App),,ruby_2,6600,28,일해라정차장,503,7540,480,1,GooglePlay,2025-07-29,719400,73
Order Complete (App),,ruby_6,110000,30,창사마,430,2538,0,1,GooglePlay,2025-07-27,711700,202
Order Complete (App),,ruby_4,33000,22,chemma,419,25753,8800,1,GooglePlay,2025-08-04,385000,261
Order Complete (App),,ruby_5,55000,22,chemma,419,25753,0,1,GooglePlay,2025-08-04,297000,261
Order Complete (App),,ads_remove,7700,1,원거리탱커,12,130000,0,1,GooglePlay,2025-08-24,0,99999999
Order Complete (App),,ruby_5,55000,39,JJJ0738,817,101713,6710,1,OneStore,2025-07-18,3349500,8
Order Complete (App),,ruby_3,11000,3,성뀨야,231,905,220,1,GooglePlay,2025-08-22,75900,4003
Order Complete (App),,ruby_6,110000,24,소담소민,876,797333,2970,1,GooglePlay,2025-08-01,5610000,6
Order Complete (App),,ruby_4,33000,40,덕풍동시라소니,741,838,0,1,GooglePlay,2025-07-16,2043800,11
Order Complete (App),,ruby_5,55000,28,일해라정차장,492,2815,480,1,GooglePlay,2025-07-29,664400,73
Order Complete (App),,ruby_4,33000,26,옥지의빵빵이,552,196693,300,1,GooglePlay,2025-07-31,1258400,29
Order Complete (App),,ruby_3,11000,319,흑천검,1363,2556,2200,0,GooglePlay,2024-09-28,13860800,1
Order Complete (App),,ruby_3,11000,319,흑천검,1363,2556,0,0,GooglePlay,2024-09-28,13838800,1
Order Complete (App),,ruby_3,11000,34,장수척준경,471,5806,0,1,GooglePlay,2025-07-22,506000,98
Order Complete (App),,ruby_2,6600,28,일해라정차장,492,10615,370,1,GooglePlay,2025-07-29,657800,73
Order Complete (App),,ruby_4,33000,24,조메기,473,89717,220,1,GooglePlay,2025-08-02,610500,97
Order Complete (App),,ruby_6,110000,24,소담소민,876,1865983,1870,1,GooglePlay,2025-08-01,5500000,6
Order Complete (App),,ruby_5,55000,26,옥지의빵빵이,552,96043,300,1,GooglePlay,2025-07-31,1203400,29
Order Complete (App),,ruby_3,11000,319,흑천검,1363,6056,0,0,GooglePlay,2024-09-28,13827800,1
Order Complete (App),,ruby_1,1100,35,두율대디,549,2682,0,1,GooglePlay,2025-07-22,749100,30
Order Complete (App),,ruby_2,6600,29,에삐핑,354,22522,1980,1,GooglePlay,2025-07-26,27500,1158
Order Complete (App),,ruby_2,6600,29,에삐핑,354,22522,1320,1,GooglePlay,2025-07-26,20900,1158
Order Complete (App),,ruby_2,6600,29,에삐핑,354,22522,0,1,GooglePlay,2025-07-26,7700,1158
Order Complete (App),,ruby_4,33000,319,흑천검,1363,92356,0,0,GooglePlay,2024-09-28,13794800,1
Order Complete (App),,ruby_3,11000,319,흑천검,1363,781756,2200,0,GooglePlay,2024-09-28,13794800,1
Order Complete (App),,ruby_3,11000,319,흑천검,1363,781756,0,0,GooglePlay,2024-09-28,13772800,1
Order Complete (App),,ruby_3,11000,12,설후아빠,301,11651,0,1,GooglePlay,2025-08-14,118800,1987
Order Complete (App),,ruby_6,110000,319,흑천검,1363,3256,0,0,GooglePlay,2024-09-28,13662800,1
Order Complete (App),,ruby_6,110000,24,소담소민,876,571408,22770,1,GooglePlay,2025-08-01,5500000,6
Order Complete (App),,ruby_6,110000,24,소담소민,876,571408,770,1,GooglePlay,2025-08-01,5280000,6
Order Complete (App),,ruby_3,11000,319,흑천검,1353,6156,0,0,GooglePlay,2024-09-28,13651800,2
Order Complete (App),,ruby_6,110000,39,JJJ0738,814,794413,11110,1,OneStore,2025-07-18,3294500,8
Order Complete (App),,ruby_3,11000,16,무궁,329,39931,0,1,GooglePlay,2025-08-10,110000,1555
Order Complete (App),,ruby_3,11000,319,흑천검,1353,2556,5500,0,GooglePlay,2024-09-28,13651800,2
Order Complete (App),,ruby_4,33000,319,흑천검,1353,2556,1100,0,GooglePlay,2024-09-28,13607800,2
Order Complete (App),,ruby_4,33000,34,장수척준경,471,15881,0,1,GooglePlay,2025-07-22,473000,98
Order Complete (App),,ruby_3,11000,331,동행,1246,69962,1210,0,OneStore,2024-09-29,4464800,5
Order Complete (App),,ads_remove,7700,1,오따자,9,23000,0,1,GooglePlay,2025-08-24,0,99999999
Order Complete (App),,ruby_6,110000,40,덕풍동시라소니,730,23088,0,1,GooglePlay,2025-07-16,1933800,11
Order Complete (App),,ruby_2,6600,34,장수척준경,471,1681,0,1,GooglePlay,2025-07-22,466400,98
Order Complete (App),,ruby_4,33000,331,동행,1246,4462,3410,0,OneStore,2024-09-29,4453800,5
Order Complete (App),,ruby_6,110000,319,흑천검,1353,641,0,0,GooglePlay,2024-09-28,13497800,2
Order Complete (App),,ruby_2,6600,2,roy,70,145454,1100,1,GooglePlay,2025-08-24,18700,10484
Order Complete (App),,ruby_4,33000,27,코리아se스머신,550,359974,770,1,GooglePlay,2025-07-30,1380500,29
Order Complete (App),,ruby_3,11000,2,roy,70,145454,0,1,GooglePlay,2025-08-24,7700,10484
Order Complete (App),,ruby_5,55000,17,데카,340,125198,0,1,GooglePlay,2025-08-08,128700,1379
Order Complete (App),,ruby_4,33000,27,코리아se스머신,548,252674,770,1,GooglePlay,2025-07-30,1347500,32
Order Complete (App),,ruby_1,1100,8,계란말이정식,231,62317,440,1,GooglePlay,2025-08-17,25300,4096
Order Complete (App),,ruby_1,1100,331,산초울,1044,9767,110,0,OneStore,2024-09-28,175000,12
Order Complete (App),,ruby_4,33000,5,한국사장인,228,73255,0,1,GooglePlay,2025-08-19,25300,4044
Order Complete (App),,ruby_2,6600,7,Hotal,486,2134,1760,1,GooglePlay,2025-08-18,1393700,94
Order Complete (App),,ruby_4,33000,7,Hotal,486,5034,660,1,GooglePlay,2025-08-18,1360700,94
Order Complete (App),,ruby_4,33000,20,조승연,626,169214,330,1,GooglePlay,2025-08-04,2398000,21
Order Complete (App),,ruby_5,55000,39,엉망,820,646550,550,1,GooglePlay,2025-07-17,3034900,7
Order Complete (App),,ads_remove,7700,1,본인,4,8000,0,1,GooglePlay,2025-08-24,0,99999999
Order Complete (App),,ads_remove,7700,1,Gabang,19,132025,0,1,GooglePlay,2025-08-24,0,99999999
Order Complete (App),,ruby_3,11000,7,Hotal,486,594758,660,1,GooglePlay,2025-08-18,1349700,94
Order Complete (App),,ruby_3,11000,20,조승연,600,804364,330,1,GooglePlay,2025-08-04,2387000,20
Order Complete (App),,ruby_5,55000,20,조승연,600,174864,330,1,GooglePlay,2025-08-04,2332000,20
Order Complete (App),,ruby_2,6600,20,조승연,600,164231,220,1,GooglePlay,2025-08-04,2325400,20
Order Complete (App),,ruby_2,6600,34,로봇,468,3306,110,1,GooglePlay,2025-07-18,485100,97
Order Complete (App),,ads_remove,7700,1,은서은호아빠,33,80365,0,1,GooglePlay,2025-08-24,0,18419
Order Complete (App),,ruby_3,11000,7,Hotal,453,727208,110,1,GooglePlay,2025-08-18,1338700,141
Order Complete (App),,ruby_4,33000,7,Hotal,450,16808,7810,1,GooglePlay,2025-08-18,1305700,141
Order Complete (App),,ads_remove,7700,1,릭레리,5,8000,0,1,GooglePlay,2025-08-24,0,99999999
Order Complete (App),,ruby_2,6600,29,허어어니,547,50077,440,1,GooglePlay,2025-07-27,1012000,35
Order Complete (App),,ruby_5,55000,7,Hotal,449,1908,5610,1,GooglePlay,2025-08-18,1250700,141
Order Complete (App),,ads_remove,7700,1,이우현,7,18000,0,1,GooglePlay,2025-08-24,0,99999999
Order Complete (App),,ruby_3,11000,37,냠냠포미ss,353,30571,0,1,GooglePlay,2025-07-19,7700,1101
Order Complete (App),,ruby_4,33000,7,Hotal,449,1228,3300,1,GooglePlay,2025-08-18,1217700,141
Order Complete (App),,ads_remove,7700,1,사나로,52,102512,0,1,GooglePlay,2025-08-23,0,13151
Order Complete (App),,ruby_1,1100,1,breadjun,84,2168,660,1,GooglePlay,2025-08-24,17600,9088
Order Complete (App),,ruby_1,1100,1,breadjun,84,2168,660,1,GooglePlay,2025-08-24,17600,9088
Order Complete (App),,ruby_1,1100,1,breadjun,84,2168,660,1,GooglePlay,2025-08-24,17600,9088
Order Complete (App),,ruby_1,1100,1,breadjun,84,2168,440,1,GooglePlay,2025-08-24,15400,9088
Order Complete (App),,ruby_1,1100,1,breadjun,84,2168,330,1,GooglePlay,2025-08-24,14300,9088
Order Complete (App),,ruby_1,1100,1,breadjun,84,2168,0,1,GooglePlay,2025-08-24,11000,9088
Order Complete (App),,ruby_2,6600,2,임춘봉,101,8173,770,1,GooglePlay,2025-08-22,7700,7294
Order Complete (App),,ruby_1,1100,2,임춘봉,101,8173,0,1,GooglePlay,2025-08-22,0,7294
Order Complete (App),,ruby_1,1100,33,채봉이,372,991,440,1,GooglePlay,2025-07-23,92400,701
Order Complete (App),,ruby_1,1100,33,채봉이,372,991,330,1,GooglePlay,2025-07-23,91300,701
Order Complete (App),,ruby_1,1100,33,채봉이,372,991,220,1,GooglePlay,2025-07-23,90200,701
Order Complete (App),,ads_remove,7700,1,roy,7,18000,0,1,GooglePlay,2025-08-24,0,99999999
Order Complete (App),,ruby_2,6600,37,개근남,651,424482,4840,1,GooglePlay,2025-07-18,1420100,16
Order Complete (App),,ruby_4,33000,37,개근남,651,424482,880,1,GooglePlay,2025-07-18,1380500,16
Order Complete (App),,ruby_3,11000,37,개근남,647,398982,880,1,GooglePlay,2025-07-18,1369500,17
Order Complete (App),,ruby_3,11000,33,채봉이,371,916,0,1,GooglePlay,2025-07-23,79200,701
Order Complete (App),,ruby_1,1100,4,장비익덕,129,3977,770,1,GooglePlay,2025-08-21,7700,6256
Order Complete (App),,ruby_2,6600,4,장비익덕,129,3977,0,1,GooglePlay,2025-08-21,0,6256
Order Complete (App),,ruby_6,110000,1,진월e,93,6157,0,1,GooglePlay,2025-08-23,40700,7723
Order Complete (App),,ruby_1,1100,12,지꾸라미,209,21668,440,1,GooglePlay,2025-08-12,20900,4487
Order Complete (App),,ruby_2,6600,12,지꾸라미,209,9668,110,1,GooglePlay,2025-08-12,14300,4487
Order Complete (App),,ruby_4,33000,3,조라에몽,178,189633,110,1,GooglePlay,2025-08-22,128700,5278
Order Complete (App),,ruby_2,6600,35,베노미,568,92627,440,1,GooglePlay,2025-07-21,1192400,25
Order Complete (App),,ruby_2,6600,12,지꾸라미,206,643,0,1,GooglePlay,2025-08-12,7700,4487
Order Complete (App),,ruby_4,33000,26,hyeong04,365,794,0,1,GooglePlay,2025-07-30,18700,941
Order Complete (App),,ruby_3,11000,1,딘데,68,27186,0,1,GooglePlay,2025-08-23,7700,10657
Order Complete (App),,ruby_6,110000,308,무과금의교과서,1323,240161,330,0,GooglePlay,2024-10-21,11203400,3
Order Complete (App),,ads_remove,7700,1,마이동풍,53,41403,0,1,GooglePlay,2025-08-24,0,13138
Order Complete (App),,ruby_3,11000,37,줸줸,528,1689,2200,1,GooglePlay,2025-07-18,581900,46
Order Complete (App),,ruby_3,11000,37,줸줸,528,1689,0,1,GooglePlay,2025-07-18,559900,46
Order Complete (App),,ruby_3,11000,37,개근남,582,368582,330,1,GooglePlay,2025-07-18,1358500,23
Order Complete (App),,ruby_6,110000,12,슬2,711,8173,11220,1,OneStore,2025-08-13,3150400,12
Order Complete (App),,ruby_6,110000,308,무과금의교과서,1323,526361,0,0,GooglePlay,2024-10-21,11093400,3
Order Complete (App),,ruby_4,33000,1,진월e,88,35132,0,1,GooglePlay,2025-08-23,7700,8522
Order Complete (App),,ruby_3,11000,1,breadjun,24,35169,0,1,GooglePlay,2025-08-24,0,17988
Order Complete (App),,ruby_4,33000,13,낭강,366,557677,220,1,GooglePlay,2025-08-12,555500,1011
Order Complete (App),,ads_remove,7700,1,달달희,6,17000,0,1,GooglePlay,2025-08-24,0,99999999
Order Complete (App),,ruby_4,33000,26,냉균,469,224098,220,1,GooglePlay,2025-07-29,656700,92
Order Complete (App),,ruby_5,55000,2,고대문명,228,108986,110,1,GooglePlay,2025-08-23,282700,3985
Order Complete (App),,ruby_5,55000,13,낭강,364,99002,220,1,GooglePlay,2025-08-12,500500,1011
Order Complete (App),,ruby_3,11000,7,Hotal,446,13459,5500,1,GooglePlay,2025-08-18,1206700,142
Order Complete (App),,ruby_5,55000,33,초홍볶,490,14334,110,1,GooglePlay,2025-07-23,557700,90
Order Complete (App),,ruby_2,6600,35,수라드,400,GooglePlay,2025-07-21,74800,307},,,
Order Complete (App),,ads_remove,7700,1,토미오카기유,4,8000,0,1,GooglePlay,2025-08-24,0,99999999
Order Complete (App),,ruby_6,110000,38,KIRA,1046,296749,24130,1,GooglePlay,2025-07-18,10677700,1
Order Complete (App),,ruby_6,110000,38,KIRA,1046,296749,2130,1,GooglePlay,2025-07-18,10457700,1
Order Complete (App),,ads_remove,7700,1,표장창,46,28221,0,1,GooglePlay,2025-08-24,0,14298
Order Complete (App),,ruby_5,55000,16,카후,333,134376,1100,1,GooglePlay,2025-08-08,295900,1475
Order Complete (App),,ruby_3,11000,40,신정보,471,2995,0,1,GooglePlay,2025-07-16,150700,102
Order Complete (App),,ruby_1,1100,11,식스팩,266,68496,110,1,GooglePlay,2025-08-14,9900,2879
Order Complete (App),,ruby_1,1100,11,식스팩,266,59496,220,1,GooglePlay,2025-08-14,9900,2879
Order Complete (App),,ruby_1,1100,11,식스팩,266,59496,0,1,GooglePlay,2025-08-14,7700,2879
Order Complete (App),,ruby_5,55000,26,코리아se스머신,546,81373,770,1,GooglePlay,2025-07-30,1292500,37
Order Complete (App),,ads_remove,7700,1,보석바,14,144500,0,1,GooglePlay,2025-08-24,0,99999999
Order Complete (App),,ruby_6,110000,37,화염방구,488,5804,660,1,GooglePlay,2025-07-19,517000,74
Order Complete (App),,ruby_3,11000,40,신정보,451,3070,0,1,GooglePlay,2025-07-16,139700,122
Order Complete (App),,ruby_4,33000,19,젤이쁜울아덜,360,81711,550,1,GooglePlay,2025-08-06,190300,989
Order Complete (App),,ruby_3,11000,38,국산뽀또,513,11552,220,1,GooglePlay,2025-07-17,393800,56
Order Complete (App),,ads_remove,7700,1,태깡이,24,2020,0,1,GooglePlay,2025-08-24,0,18396
Order Complete (App),,ruby_6,110000,37,화염방구,486,11054,110,1,GooglePlay,2025-07-19,407000,74
Order Complete (App),,ruby_4,33000,34,Jemin,724,1000243,770,1,GooglePlay,2025-07-21,2786300,11
Order Complete (App),,ads_remove,7700,1,마감,19,108170,0,1,GooglePlay,2025-08-24,0,99999999
Order Complete (App),,ruby_5,55000,9,눈떠보니난린이,301,1360,770,1,GooglePlay,2025-08-15,271700,1942
Order Complete (App),,ruby_6,110000,12,슬2,649,184923,18920,1,OneStore,2025-08-13,3040400,16
Order Complete (App),,ads_remove,7700,1,호엥하임,16,164566,0,1,GooglePlay,2025-08-24,0,99999999
Order Complete (App),,ruby_6,110000,328,3300원도아깝,1350,37164,11000,0,OneStore,2024-10-01,19363300,2
Order Complete (App),,ruby_2,6600,25,폭력왕,330,4194,0,1,GooglePlay,2025-07-31,18700,1524
Order Complete (App),,ruby_6,110000,12,슬2,647,243348,12320,1,OneStore,2025-08-13,2930400,16
Order Complete (App),,ads_remove,7700,1,꼬북선,61,82899,0,1,GooglePlay,2025-08-24,0,13447
Order Complete (App),,ruby_3,11000,6,어쩔래,118,3593,0,1,GooglePlay,2025-08-19,7700,6855
Order Complete (App),,ruby_3,11000,26,이야이,536,106363,1210,1,OneStore,2025-07-30,1045000,42
Order Complete (App),,ruby_4,33000,23,훈애심S2,343,7813,0,1,GooglePlay,2025-08-02,102300,1373
Order Complete (App),,ruby_6,110000,27,암부,858,1226631,4730,1,GooglePlay,2025-07-29,5067700,5
Order Complete (App),,ruby_3,11000,1,모태롯데,60,7472,1210,1,GooglePlay,2025-08-24,25300,12308
Order Complete (App),,ruby_3,11000,1,모태롯데,60,7472,110,1,GooglePlay,2025-08-24,14300,12308
Order Complete (App),,ruby_1,1100,3,서해즈,127,15445,1980,1,GooglePlay,2025-08-21,27500,6299
Order Complete (App),,ruby_1,1100,3,서해즈,127,15445,1870,1,GooglePlay,2025-08-21,26400,6299
Order Complete (App),,ruby_2,6600,3,서해즈,127,15445,1100,1,GooglePlay,2025-08-21,18700,6299
Order Complete (App),,ruby_1,1100,30,그루터기,541,2665,40,1,GooglePlay,2025-07-26,1084600,39
Order Complete (App),,ruby_3,11000,318,흑천검,1353,5457,0,0,GooglePlay,2024-09-28,13486800,1
Order Complete (App),,ruby_1,1100,3,서해즈,126,36945,1870,1,GooglePlay,2025-08-21,18700,6323
Order Complete (App),,ruby_2,6600,3,서해즈,126,36945,1870,1,GooglePlay,2025-08-21,18700,6323
Order Complete (App),,ruby_3,11000,3,서해즈,126,36945,0,1,GooglePlay,2025-08-21,0,6323
Order Complete (App),,ruby_2,6600,28,뷔제,368,219128,110,1,GooglePlay,2025-07-28,20900,833
Order Complete (App),,ruby_3,11000,30,유케이,396,3997,0,1,GooglePlay,2025-07-26,99000,331
Order Complete (App),,ruby_6,110000,12,슬2,643,43648,12320,1,OneStore,2025-08-13,2820400,17
Order Complete (App),,ruby_5,55000,33,Raid,895,49070,220,1,GooglePlay,2025-07-22,4402200,3
Order Complete (App),,ruby_6,110000,27,암부,857,1181226,5830,1,GooglePlay,2025-07-29,4957700,5
Order Complete (App),,ruby_6,110000,25,전종오,345,100647,480,1,GooglePlay,2025-07-31,121000,1291
Order Complete (App),,ruby_3,11000,37,껸네,591,561243,2420,1,GooglePlay,2025-07-19,1276000,20
Order Complete (App),,ruby_3,11000,37,껸네,591,561243,220,1,GooglePlay,2025-07-19,1254000,20
Order Complete (App),,ruby_5,55000,7,쿠쮜,227,2305,0,1,GooglePlay,2025-08-18,62700,4027
Order Complete (App),,ruby_4,33000,34,조노비,525,478131,2860,1,GooglePlay,2025-07-21,788700,44
Order Complete (App),,ruby_3,11000,19,zenz,443,36511,110,1,GooglePlay,2025-08-05,570900,155
Order Complete (App),,ruby_3,11000,33,아까그넘,425,100705,0,1,GooglePlay,2025-07-23,453200,226
Order Complete (App),,ads_remove,7700,1,유스티노,15,121336,0,1,GooglePlay,2025-08-24,0,99999999
Order Complete (App),,ruby_3,11000,26,roki,387,3205,0,1,GooglePlay,2025-07-30,305800,433
Order Complete (App),,ruby_3,11000,14,김태형,286,95,0,1,GooglePlay,2025-08-08,90200,2285
Order Complete (App),,ads_remove,7700,1,서준따까리,56,7755,0,1,GooglePlay,2025-08-24,0,13433
Order Complete (App),,ruby_3,11000,33,아까그넘,425,380,0,1,GooglePlay,2025-07-23,442200,226
Order Complete (App),,ruby_4,33000,26,roki,387,805,0,1,GooglePlay,2025-07-30,272800,433
Order Complete (App),,ruby_4,33000,37,대명,547,46140,0,1,GooglePlay,2025-07-19,877800,33
Order Complete (App),,ruby_3,11000,34,파대,448,133571,0,1,GooglePlay,2025-07-22,336600,127
Order Complete (App),,ruby_1,1100,2,레오양운,92,27329,550,1,GooglePlay,2025-08-23,14300,7862
Order Complete (App),,ruby_6,110000,34,Jemin,701,88601,5170,1,GooglePlay,2025-07-21,2676300,11
Order Complete (App),,ruby_2,6600,2,레오양운,92,23329,0,1,GooglePlay,2025-08-23,7700,7862
Order Complete (App),,ruby_4,33000,37,대명,547,2490,0,1,GooglePlay,2025-07-19,844800,33
Order Complete (App),,ruby_4,33000,33,아까그넘,425,31155,550,1,GooglePlay,2025-07-23,409200,251
Order Complete (App),,ads_remove,7700,2,레오양운,91,24304,0,1,GooglePlay,2025-08-23,0,8095
Order Complete (App),,ruby_6,110000,27,암부,770,760000,330,1,GooglePlay,2025-07-29,4847700,10
Order Complete (App),,ads_remove,7700,1,그레이세이야,20,130725,0,1,GooglePlay,2025-08-24,0,99999999
Order Complete (App),,ruby_2,6600,2,raonao,119,931,1980,1,GooglePlay,2025-08-23,58300,6604
Order Complete (App),,ruby_3,11000,2,raonao,119,931,220,1,GooglePlay,2025-08-23,40700,6604
Order Complete (App),,ruby_6,110000,34,Jemin,645,113426,2970,1,GooglePlay,2025-07-21,2566300,14
Order Complete (App),,ruby_1,1100,331,막내시로,1021,40715,0,0,GooglePlay,2024-09-28,188600,13
Order Complete (App),,ruby_6,110000,34,조노비,491,4831,220,1,GooglePlay,2025-07-21,678700,62
Order Complete (App),,ads_remove,7700,1,qp10,15,148342,0,1,GooglePlay,2025-08-24,0,99999999
Order Complete (App),,ads_remove,7700,1,홍다람,94,1015,0,1,GooglePlay,2025-08-24,0,7594
Order Complete (App),,ruby_2,6600,1,모태롯데,52,31514,0,1,GooglePlay,2025-08-24,7700,15255
Order Complete (App),,ruby_2,6600,331,막내시로,1020,29165,0,0,GooglePlay,2024-09-28,182000,13
Order Complete (App),,ruby_5,55000,34,Jemin,645,699226,220,1,GooglePlay,2025-07-21,2511300,14
Order Complete (App),,ruby_4,33000,33,아까그넘,418,8530,0,1,GooglePlay,2025-07-23,376200,253
Order Complete (App),,ads_remove,7700,1,띠띠띠또,5,8000,0,1,GooglePlay,2025-08-24,0,99999999
Order Complete (App),,ads_remove,7700,1,비행츄,5,12000,0,1,GooglePlay,2025-08-24,0,99999999
Order Complete (App),,ruby_3,11000,36,막내키키,450,3321,110,1,GooglePlay,2025-07-20,270600,121
Order Complete (App),,ads_remove,7700,34,김씨표류기333,270,2036,0,1,GooglePlay,2025-07-21,0,2684
Order Complete (App),,ruby_2,6600,36,막내키키,447,145771,0,1,GooglePlay,2025-07-20,264000,132
Order Complete (App),,ruby_4,33000,36,막내키키,447,271,0,1,GooglePlay,2025-07-20,231000,132
Order Complete (App),,ruby_4,33000,33,아까그넘,418,9480,0,1,GooglePlay,2025-07-23,343200,253
Order Complete (App),,ruby_5,55000,288,산나,980,4944,5830,0,OneStore,2024-10-04,122700,19
Order Complete (App),,ads_remove,7700,1,쏘니형,8,19000,0,1,GooglePlay,2025-08-24,0,99999999
Order Complete (App),,ruby_2,6600,21,오디나무,627,757040,880,1,GooglePlay,2025-08-03,1986600,17
Order Complete (App),,ads_remove,7700,1,소닌,48,81169,0,1,GooglePlay,2025-08-24,0,13998
Order Complete (App),,ruby_5,55000,21,오디나무,627,1042890,880,1,GooglePlay,2025-08-03,1931600,17
Order Complete (App),,ruby_2,6600,35,베노미,568,71723,1540,1,OneStore,2025-07-21,1192400,22
Order Complete (App),,ruby_4,33000,35,베노미,568,41223,4180,1,OneStore,2025-07-21,1185800,22
Order Complete (App),,ruby_3,11000,29,전화하지마,330,20064,0,1,GooglePlay,2025-07-24,29700,1518
Order Complete (App),,ads_remove,7700,1,후추초코,13,135000,0,1,GooglePlay,2025-08-24,0,99999999
Order Complete (App),,ruby_5,55000,308,무과금의교과서,1175,4817,1650,0,GooglePlay,2024-10-21,11038400,3
Order Complete (App),,ruby_5,55000,308,무과금의교과서,1175,3317,550,0,GooglePlay,2024-10-21,10983400,3
Order Complete (App),,ruby_2,6600,3,깐즈,168,1128,0,1,GooglePlay,2025-08-22,27500,5438
Order Complete (App),,ruby_2,6600,1,서월,24,163322,770,1,GooglePlay,2025-08-24,7700,18376
Order Complete (App),,ruby_1,1100,1,서월,24,163322,0,1,GooglePlay,2025-08-24,0,18376
Order Complete (App),,ruby_5,55000,308,무과금의교과서,1175,335317,550,0,GooglePlay,2024-10-21,10928400,3
Order Complete (App),,ruby_4,33000,1,레하,43,193935,0,1,GooglePlay,2025-08-24,0,18375
Order Complete (App),,ruby_6,110000,308,무과금의교과서,1175,1317,550,0,GooglePlay,2024-10-21,10818400,3
Order Complete (App),,ruby_3,11000,26,이야이,520,339716,1210,1,OneStore,2025-07-30,1034000,48
Order Complete (App),,ruby_5,55000,330,희린,1012,77545,0,0,GooglePlay,2024-09-29,134800,14
Order Complete (App),,ruby_5,55000,308,무과금의교과서,1175,1817,550,0,GooglePlay,2024-10-21,10763400,3
Order Complete (App),,ruby_2,6600,2,nimboos,73,575654,0,1,GooglePlay,2025-08-23,7700,10044
Order Complete (App),,ruby_5,55000,308,무과금의교과서,1175,65132,0,0,GooglePlay,2024-10-21,10708400,3
Order Complete (App),,ruby_2,6600,37,껸네,578,436783,5170,1,GooglePlay,2025-07-19,1254000,25
Order Complete (App),,ruby_3,11000,37,껸네,578,436783,3410,1,GooglePlay,2025-07-19,1236400,25
Order Complete (App),,ruby_4,33000,37,껸네,578,436783,110,1,GooglePlay,2025-07-19,1203400,25
Order Complete (App),,ruby_2,6600,327,늪지,1073,541,0,0,GooglePlay,2024-10-02,616400,7
Order Complete (App),,ruby_6,110000,300,예슬아,1088,1294,11330,0,OneStore,2024-10-28,1389000,7
Order Complete (App),,ruby_3,11000,1,승평제,36,94850,0,1,GooglePlay,2025-08-24,7700,17754
Order Complete (App),,ruby_4,33000,25,옥지의빵빵이,540,231457,300,1,GooglePlay,2025-07-31,1170400,43
Order Complete (App),,ruby_3,11000,26,roki,387,5472,0,1,GooglePlay,2025-07-30,261800,452
Order Complete (App),,ruby_6,110000,38,JJJ0738,727,866,13310,1,OneStore,2025-07-18,3184500,10
Order Complete (App),,ruby_3,11000,26,roki,386,2422,0,1,GooglePlay,2025-07-30,250800,452
Order Complete (App),,ruby_6,110000,38,JJJ0738,727,5491,12210,1,OneStore,2025-07-18,3074500,10
Order Complete (App),,ruby_4,33000,38,JJJ0738,724,6091,1210,1,GooglePlay,2025-07-18,2931500,10
Order Complete (App),,ruby_2,6600,330,동행,1191,408677,660,0,OneStore,2024-09-29,4420800,3
Order Complete (App),,ruby_4,33000,38,JJJ0738,724,3591,110,1,GooglePlay,2025-07-18,2898500,10
Order Complete (App),,ruby_3,11000,28,밥이,535,248325,550,1,GooglePlay,2025-07-28,922900,35
Order Complete (App),,ruby_4,33000,38,JJJ0738,724,25891,110,1,GooglePlay,2025-07-18,2865500,10
Order Complete (App),,ruby_3,11000,38,JJJ0738,724,3491,110,1,GooglePlay,2025-07-18,2854500,10
Order Complete (App),,ruby_6,110000,21,오디나무,618,512166,880,1,GooglePlay,2025-08-03,1821600,17
Order Complete (App),,ruby_4,33000,282,튜토리얼,1285,200093,990,0,GooglePlay,2024-11-15,4556000,1
Order Complete (App),,ruby_5,55000,330,동행,1191,200052,5500,0,OneStore,2024-09-29,4414200,3
Order Complete (App),,ruby_4,33000,38,JJJ0738,724,3991,110,1,GooglePlay,2025-07-18,2821500,10
Order Complete (App),,ruby_2,6600,38,JJJ0738,724,125091,0,1,GooglePlay,2025-07-18,2814900,10
Order Complete (App),,ads_remove,7700,1,용비어천가,20,125445,0,1,GooglePlay,2025-08-24,0,99999999
Order Complete (App),,ruby_4,33000,34,두율대디,528,2980,0,1,GooglePlay,2025-07-22,716100,38
Order Complete (App),,ruby_3,11000,37,신펜,552,5018,110,1,GooglePlay,2025-07-19,931700,30
Order Complete (App),,ruby_1,1100,2,바람처럼살다,88,200372,0,1,GooglePlay,2025-08-23,7700,8617
Order Complete (App),,ruby_5,55000,28,밥이,532,4525,550,1,GooglePlay,2025-07-28,867900,35
Order Complete (App),,ruby_4,33000,37,신펜,552,4518,110,1,GooglePlay,2025-07-19,898700,30
Order Complete (App),,ruby_3,11000,28,밥이,532,525,550,1,GooglePlay,2025-07-28,856900,35
Order Complete (App),,ruby_3,11000,37,비스트롱,491,5836,0,1,GooglePlay,2025-07-19,209000,75
Order Complete (App),,ruby_3,11000,28,밥이,529,28525,0,1,GooglePlay,2025-07-28,845900,40
Order Complete (App),,ruby_3,11000,37,비스트롱,491,1336,0,1,GooglePlay,2025-07-19,198000,75
Order Complete (App),,ruby_2,6600,11,비움,267,25181,0,1,GooglePlay,2025-08-14,29700,2805
Order Complete (App),,ads_remove,7700,1,승평제,4,8000,0,1,GooglePlay,2025-08-24,0,99999999
Order Complete (App),,ruby_3,11000,13,차뭥쓰,282,80099,0,1,GooglePlay,2025-08-12,44000,2539
Order Complete (App),,ruby_3,11000,36,헤롱이,500,4970,0,1,GooglePlay,2025-07-20,990000,54
Order Complete (App),,ruby_3,11000,40,김승원,582,208670,880,1,GooglePlay,2025-07-16,1139600,18
Order Complete (App),,ruby_2,6600,37,신펜,532,1693,0,1,GooglePlay,2025-07-19,892100,38
Order Complete (App),,ruby_3,11000,17,매혹,284,16523,110,1,GooglePlay,2025-08-08,42900,2602
Order Complete (App),,ruby_3,11000,37,신펜,532,5193,0,1,GooglePlay,2025-07-19,881100,38
Order Complete (App),,ruby_2,6600,38,대칭,409,46288,0,1,GooglePlay,2025-07-17,18700,292
Order Complete (App),,ruby_2,6600,17,매혹,283,1173,0,1,GooglePlay,2025-08-08,36300,2602
Order Complete (App),,ruby_2,6600,40,김승원,581,39770,3520,1,GooglePlay,2025-07-16,1133000,18
Order Complete (App),,ruby_3,11000,37,쟁요,575,127574,220,1,GooglePlay,2025-07-19,1006500,18
Order Complete (App),,ruby_4,33000,37,쟁요,575,16974,220,1,GooglePlay,2025-07-19,973500,18
Order Complete (App),,ruby_2,6600,37,쟁요,574,6424,110,1,GooglePlay,2025-07-19,966900,18
Order Complete (App),,ruby_2,6600,37,태백,530,5566,0,1,GooglePlay,2025-07-18,1001000,36
Order Complete (App),,ruby_4,33000,37,태백,530,391,0,1,GooglePlay,2025-07-18,968000,36
Order Complete (App),,ruby_4,33000,282,튜토리얼,1174,231193,990,0,GooglePlay,2024-11-15,4523000,4
Order Complete (App),,ruby_3,11000,33,소시미,367,2516,0,1,GooglePlay,2025-07-22,29700,829
Order Complete (App),,ruby_5,55000,39,난중일기,492,180189,5500,1,OneStore,2025-07-17,288200,65
Order Complete (App),,ruby_4,33000,282,튜토리얼,1172,182893,990,0,GooglePlay,2024-11-15,4490000,4
Order Complete (App),,ruby_6,110000,282,튜토리얼,1172,206893,440,0,GooglePlay,2024-11-15,4380000,4
Order Complete (App),,ruby_2,6600,318,흑천검,1229,3809,0,0,GooglePlay,2024-09-28,13480200,1
Order Complete (App),,ruby_2,6600,37,쟁요,549,5674,0,1,GooglePlay,2025-07-19,960300,26
Order Complete (App),,ruby_1,1100,39,난중일기,474,964,550,1,OneStore,2025-07-17,233200,72
Order Complete (App),,ruby_1,1100,39,난중일기,474,964,440,1,OneStore,2025-07-17,232100,72
Order Complete (App),,ruby_3,11000,3,openhell,78,162464,440,1,GooglePlay,2025-08-22,35200,9459
Order Complete (App),,ruby_1,1100,269,김슬기,754,287805,1210,0,GooglePlay,2024-11-29,324800,97
Order Complete (App),,ruby_3,11000,269,김슬기,754,287805,0,0,GooglePlay,2024-11-29,312700,97
Order Complete (App),,ruby_1,1100,18,대무원,249,GooglePlay,2025-07-27,15400,3356},,,
Order Complete (App),,ruby_2,6600,18,대무원,249,GooglePlay,2025-07-27,7700,3356},,,
Order Complete (App),,ruby_1,1100,2,재경,24,GooglePlay,2025-08-23,6600,18362},,,
Order Complete (App),,ruby_2,6600,2,재경,24,GooglePlay,2025-08-23,0,18362},,,
Order Complete (App),,ads_remove,7700,1,개애꿀,15,GooglePlay,2025-08-24,0,99999999},,,
Order Complete (App),,ruby_4,33000,2,하와이총잡이,92,GooglePlay,2025-08-23,16500,8091},,,
Order Complete (App),,ruby_2,6600,2,하와이총잡이,91,GooglePlay,2025-08-23,9900,8091},,,
Order Complete (App),,ads_remove,7700,1,모태롯데,8,GooglePlay,2025-08-24,0,99999999},,,
Order Complete (App),,ruby_1,1100,1,시루짱,24,GooglePlay,2025-08-24,7700,18360},,,
Order Complete (App),,ruby_2,6600,1,시루짱,24,GooglePlay,2025-08-24,0,18360},,,
Order Complete (App),,ruby_2,6600,4,률밤,91,GooglePlay,2025-08-21,14300,8090},,,
Order Complete (App),,ruby_3,11000,11,라마르,229,GooglePlay,2025-08-14,51700,3939},,,
Order Complete (App),,ruby_4,33000,11,라마르,229,GooglePlay,2025-08-14,7700,3939},,,
Order Complete (App),,ruby_2,6600,1,이비가,52,GooglePlay,2025-08-23,7700,13087},,,
Order Complete (App),,ruby_4,33000,23,무랭이,378,GooglePlay,2025-08-02,289300,575},,,
Order Complete (App),,ruby_1,1100,9,가나위,187,OneStore,2025-08-15,2200,4883},,,
Order Complete (App),,ads_remove,7700,1,플라타너스s,14,GooglePlay,2025-08-24,0,99999999},,,
Order Complete (App),,ads_remove,7700,1,큔큔,4,GooglePlay,2025-08-24,0,99999999},,,
Order Complete (App),,ruby_3,11000,23,흑의서생,278,GooglePlay,2025-08-01,7700,2469},,,
Order Complete (App),,ruby_5,55000,37,데몬,448,GooglePlay,2025-07-19,520300,138},,,
Order Complete (App),,ruby_2,6600,9,북해,185,GooglePlay,2025-08-16,14300,5005},,,
Order Complete (App),,ruby_3,11000,29,전화하지마,329,GooglePlay,2025-07-24,18700,1713},,,
Order Complete (App),,ruby_4,33000,37,데몬,447,GooglePlay,2025-07-19,487300,138},,,
Order Complete (App),,ads_remove,7700,1,호텔랩스,4,GooglePlay,2025-08-24,0,99999999},,,
Order Complete (App),,ruby_3,11000,2,김경수,92,GooglePlay,2025-08-23,40700,8491},,,
Order Complete (App),,ads_remove,7700,1,말좀해봐,4,GooglePlay,2025-08-24,0,99999999},,,
Order Complete (App),,ruby_4,33000,10,나는참새,237,GooglePlay,2025-08-15,113300,3719},,,
Order Complete (App),,ads_remove,7700,1,에뛰드하우스,6,GooglePlay,2025-08-24,0,99999999},,,
Order Complete (App),,ads_remove,7700,1,발록,19,GooglePlay,2025-08-24,0,99999999},,,
Order Complete (App),,ruby_2,6600,34,두율대디,516,GooglePlay,2025-07-22,709500,44},,,
Order Complete (App),,ruby_4,33000,2,김경수,88,GooglePlay,2025-08-23,7700,8491},,,
Order Complete (App),,ruby_3,11000,4,모래내,186,GooglePlay,2025-08-21,73700,5099},,,
Order Complete (App),,ruby_5,55000,10,나는참새,237,GooglePlay,2025-08-15,58300,3719},,,
Order Complete (App),,ads_remove,7700,1,베른하트,8,GooglePlay,2025-08-24,0,99999999},,,
Order Complete (App),,ruby_1,1100,3,조조7세,151,GooglePlay,2025-08-22,209000,5952},,,
Order Complete (App),,ruby_4,33000,3,조조7세,151,GooglePlay,2025-08-22,176000,5952},,,
Order Complete (App),,ruby_2,6600,1,데엠,28,GooglePlay,2025-08-24,28600,18333},,,
Order Complete (App),,ruby_3,11000,1,데엠,28,GooglePlay,2025-08-24,28600,18333},,,
Order Complete (App),,ruby_3,11000,1,데엠,28,GooglePlay,2025-08-24,0,18333},,,
Order Complete (App),,ads_remove,7700,1,정환유,4,GooglePlay,2025-08-24,0,99999999},,,
Order Complete (App),,ruby_4,33000,3,조조7세,137,GooglePlay,2025-08-22,143000,6355},,,
Order Complete (App),,ruby_3,11000,3,조조7세,137,GooglePlay,2025-08-22,132000,6355},,,
Order Complete (App),,ads_remove,7700,1,로딩중,19,GooglePlay,2025-08-24,0,99999999},,,
Order Complete (App),,ruby_3,11000,38,어디서,347,GooglePlay,2025-07-18,267300,1233},,,
Order Complete (App),,ruby_3,11000,3,조조7세,124,GooglePlay,2025-08-22,121000,6355},,,
Order Complete (App),,ruby_5,55000,6,김창식씌,252,GooglePlay,2025-08-19,91300,3339},,,
Order Complete (App),,ruby_4,33000,3,조라에몽,120,GooglePlay,2025-08-22,95700,6771},,,
Order Complete (App),,ads_remove,7700,1,MVP,1,GooglePlay,2025-08-23,0,99999999},,,
Order Complete (App),,ads_remove,7700,2,키네몬,69,GooglePlay,2025-08-23,0,12007},,,
Order Complete (App),,ruby_4,33000,2,raonao,91,GooglePlay,2025-08-23,7700,8409},,,
Order Complete (App),,ruby_4,33000,20,조승연,559,GooglePlay,2025-08-04,2292400,23},,,
Order Complete (App),,ruby_4,33000,20,조승연,559,GooglePlay,2025-08-04,2259400,23},,,
Order Complete (App),,ruby_2,6600,22,얼굴메야,270,GooglePlay,2025-08-03,7700,2705},,,
Order Complete (App),,ruby_3,11000,21,리세3,394,GooglePlay,2025-08-04,110000,322},,,
Order Complete (App),,ruby_4,33000,20,조승연,558,GooglePlay,2025-08-04,2226400,23},,,
Order Complete (App),,ruby_4,33000,39,은월랑,526,GooglePlay,2025-07-17,1465200,39},,,
Order Complete (App),,ruby_2,6600,19,푸카,318,OneStore,2025-08-06,34100,1752},,,
Order Complete (App),,ruby_3,11000,9,Ya생마,242,GooglePlay,2025-08-16,18700,3640},,,
Order Complete (App),,ruby_5,55000,9,인간홍삼,314,GooglePlay,2025-08-16,242000,1802},,,
Order Complete (App),,ads_remove,7700,2,hulee,24,GooglePlay,2025-08-23,0,18323},,,
Order Complete (App),,ads_remove,7700,1,우주겁쟁이동생,8,GooglePlay,2025-08-23,0,99999999},,,
Order Complete (App),,ruby_2,6600,32,hx,320,GooglePlay,2025-07-24,0,1738},,,
Order Complete (App),,ruby_2,6600,3,밤벌레,118,GooglePlay,2025-08-21,20900,6596},,,
Order Complete (App),,ruby_3,11000,19,jxlome,257,GooglePlay,2025-08-03,30800,3065},,,
Order Complete (App),,ads_remove,7700,1,레골라쓰,6,GooglePlay,2025-08-23,0,99999999},,,
Order Complete (App),,ruby_4,33000,31,Lr비,468,GooglePlay,2025-07-25,528000,81},,,
Order Complete (App),,ruby_5,55000,3,조라에몽,112,GooglePlay,2025-08-22,40700,7145},,,
Order Complete (App),,ruby_5,55000,2,고대문명,160,GooglePlay,2025-08-23,227700,5554},,,
Order Complete (App),,ruby_1,1100,19,jxlome,257,GooglePlay,2025-08-03,29700,3065},,,
Order Complete (App),,ruby_5,55000,24,기무민섭,291,GooglePlay,2025-08-01,7700,2213},,,
Order Complete (App),,ruby_3,11000,4,모래내,135,GooglePlay,2025-08-21,62700,6050},,,
Order Complete (App),,ads_remove,7700,1,만우주,7,GooglePlay,2025-08-23,0,99999999},,,
Order Complete (App),,ads_remove,7700,1,푸른달열흘,7,GooglePlay,2025-08-23,0,99999999},,,
Order Complete (App),,ruby_5,55000,4,모래내,134,GooglePlay,2025-08-21,7700,6358},,,
Order Complete (App),,ruby_3,11000,19,jxlome,257,GooglePlay,2025-08-03,18700,3065},,,
Order Complete (App),,ruby_1,1100,30,격공,317,OneStore,2025-07-26,25300,1755},,,
Order Complete (App),,ruby_3,11000,19,jxlome,257,GooglePlay,2025-08-03,7700,3065},,,
Order Complete (App),,ads_remove,7700,1,이름인듯,4,GooglePlay,2025-08-23,0,99999999},,,
Order Complete (App),,ruby_3,11000,3,조라에몽,107,GooglePlay,2025-08-22,29700,7565},,,
Order Complete (App),,ruby_1,1100,17,이순신7,267,GooglePlay,2025-08-07,64900,2790},,,
Order Complete (App),,ruby_2,6600,17,이순신7,267,GooglePlay,2025-08-07,64900,2790},,,
Order Complete (App),,ruby_3,11000,17,이순신7,267,GooglePlay,2025-08-07,47300,2790},,,
Order Complete (App),,ruby_2,6600,17,이순신7,267,GooglePlay,2025-08-07,40700,2790},,,
Order Complete (App),,ads_remove,7700,1,진월e,41,GooglePlay,2025-08-23,0,15202},,,
Order Complete (App),,ruby_1,1100,30,시정잡배,385,GooglePlay,2025-07-26,19800,558},,,
Order Complete (App),,ruby_1,1100,30,시정잡배,385,GooglePlay,2025-07-26,19800,558},,,
Order Complete (App),,ruby_1,1100,30,시정잡배,385,GooglePlay,2025-07-26,17600,558},,,
Order Complete (App),,ads_remove,7700,1,뚜뚜뚜,34,GooglePlay,2025-08-23,0,16246},,,
Order Complete (App),,ruby_3,11000,22,안돌,291,GooglePlay,2025-08-02,7700,2090},,,
Order Complete (App),,ruby_2,6600,3,밤벌레,102,GooglePlay,2025-08-21,14300,7248},,,
Order Complete (App),,ruby_4,33000,20,조승연,550,GooglePlay,2025-08-04,2193400,25},,,
Order Complete (App),,ruby_4,33000,20,조승연,550,GooglePlay,2025-08-04,2160400,25},,,
Order Complete (App),,ads_remove,7700,1,이비가,5,GooglePlay,2025-08-23,0,99999999},,,
Order Complete (App),,ruby_5,55000,20,조승연,544,GooglePlay,2025-08-04,2105400,29},,,
Order Complete (App),,ruby_4,33000,20,조승연,544,GooglePlay,2025-08-04,2072400,29},,,
Order Complete (App),,ruby_4,33000,20,조승연,544,GooglePlay,2025-08-04,2039400,30},,,
Order Complete (App),,ruby_4,33000,20,조승연,544,GooglePlay,2025-08-04,2006400,30},,,
Order Complete (App),,ruby_4,33000,20,조승연,544,GooglePlay,2025-08-04,1973400,30},,,
Order Complete (App),,ads_remove,7700,1,김칠득,6,GooglePlay,2025-08-23,0,99999999},,,
Order Complete (App),,ruby_4,33000,20,조승연,544,GooglePlay,2025-08-04,1940400,30},,,
Order Complete (App),,ruby_4,33000,20,조승연,543,GooglePlay,2025-08-04,1907400,30},,,
Order Complete (App),,ruby_3,11000,20,조승연,542,GooglePlay,2025-08-04,1896400,30},,,
Order Complete (App),,ruby_4,33000,20,조승연,542,GooglePlay,2025-08-04,1863400,30},,,
Order Complete (App),,ruby_3,11000,36,막내키키,446,GooglePlay,2025-07-20,220000,134},,,
Order Complete (App),,ruby_3,11000,36,막내키키,446,GooglePlay,2025-07-20,209000,134},,,
Order Complete (App),,ruby_4,33000,15,잉똔또,247,GooglePlay,2025-08-05,8800,3491},,,
Order Complete (App),,ads_remove,7700,1,익익,31,GooglePlay,2025-08-23,0,17689},,,
Order Complete (App),,ruby_2,6600,36,막내키키,445,GooglePlay,2025-07-20,202400,139},,,
Order Complete (App),,ruby_4,33000,20,조승연,540,GooglePlay,2025-08-04,1830400,31},,,
Order Complete (App),,ads_remove,7700,8,순대한사라,226,GooglePlay,2025-08-17,0,4060},,,
Order Complete (App),,ads_remove,7700,1,아오키지,8,GooglePlay,2025-08-23,0,99999999},,,
Order Complete (App),,ads_remove,7700,1,챈들러,5,GooglePlay,2025-08-23,0,99999999},,,
Order Complete (App),,ruby_2,6600,20,조승연,537,GooglePlay,2025-08-04,1823800,31},,,
Order Complete (App),,ruby_3,11000,36,막내키키,445,GooglePlay,2025-07-20,191400,139},,,
Order Complete (App),,ruby_2,6600,252,사이판마마,914,GooglePlay,2024-12-16,28600,42},,,
Order Complete (App),,ruby_2,6600,16,하뚜루,321,GooglePlay,2025-08-09,192500,1736},,,
Order Complete (App),,ads_remove,7700,1,딘데,4,GooglePlay,2025-08-23,0,99999999},,,
Order Complete (App),,ruby_2,6600,21,태안표류기,208,GooglePlay,2025-08-03,7700,4397},,,
Order Complete (App),,ads_remove,7700,1,바츠,36,GooglePlay,2025-08-23,0,17681},,,
Order Complete (App),,ruby_5,55000,7,Hotal,445,GooglePlay,2025-08-18,1151700,153},,,
Order Complete (App),,ads_remove,7700,1,프스브,11,GooglePlay,2025-08-23,0,99999999},,,
Order Complete (App),,ruby_1,1100,30,휘인,327,OneStore,2025-07-18,8800,1559},,,
Order Complete (App),,ruby_4,33000,16,아무뭉,296,GooglePlay,2025-08-08,59400,2198},,,
Order Complete (App),,ruby_6,110000,7,Hotal,442,GooglePlay,2025-08-18,1041700,153},,,
Order Complete (App),,ruby_5,55000,7,마카다미,210,GooglePlay,2025-08-18,55000,4361},,,
Order Complete (App),,ruby_1,1100,32,서준아빠,416,GooglePlay,2025-07-22,360800,280},,,
Order Complete (App),,ruby_3,11000,32,서준아빠,416,GooglePlay,2025-07-22,348700,280},,,
Order Complete (App),,ruby_4,33000,32,서준아빠,416,GooglePlay,2025-07-22,315700,280},,,
Order Complete (App),,ads_remove,7700,1,발데스,8,GooglePlay,2025-08-23,0,99999999},,,
Order Complete (App),,ruby_3,11000,5,한국사장인,193,GooglePlay,2025-08-19,14300,4777},,,
Order Complete (App),,ruby_5,55000,7,Hotal,432,GooglePlay,2025-08-18,986700,181},,,
Order Complete (App),,ads_remove,7700,1,강서대길,8,GooglePlay,2025-08-23,0,99999999},,,
Order Complete (App),,ruby_1,1100,10,영신이,186,GooglePlay,2025-08-07,20900,5035},,,
Order Complete (App),,ruby_5,55000,29,허어어니,490,GooglePlay,2025-07-27,957000,56},,,
Order Complete (App),,ruby_1,1100,28,밥이,493,GooglePlay,2025-07-28,844800,55},,,
Order Complete (App),,ruby_2,6600,20,기분풀자,277,GooglePlay,2025-08-05,29700,2459},,,
Order Complete (App),,ruby_4,33000,32,서준아빠,395,GooglePlay,2025-07-22,282700,320},,,
Order Complete (App),,ruby_3,11000,31,기모찌맨,402,GooglePlay,2025-07-24,95700,280},,,
Order Complete (App),,ruby_1,1100,10,영신이,186,GooglePlay,2025-08-07,20900,5035},,,
Order Complete (App),,ruby_1,1100,10,영신이,186,GooglePlay,2025-08-07,19800,5035},,,
Order Complete (App),,ruby_1,1100,10,영신이,186,GooglePlay,2025-08-07,17600,5035},,,
Order Complete (App),,ruby_2,6600,10,영신이,186,GooglePlay,2025-08-07,11000,5035},,,
Order Complete (App),,ruby_3,11000,6,축구보다야구,148,GooglePlay,2025-08-19,7700,5722},,,
Order Complete (App),,ruby_1,1100,19,리혜,424,GooglePlay,2025-08-05,250800,228},,,
Order Complete (App),,ruby_2,6600,19,리혜,424,GooglePlay,2025-08-05,243100,228},,,
Order Complete (App),,ruby_1,1100,21,조엘,383,GooglePlay,2025-08-04,319000,546},,,
Order Complete (App),,ruby_4,33000,7,Hotal,431,GooglePlay,2025-08-18,953700,181},,,
Order Complete (App),,ruby_2,6600,21,조엘,383,GooglePlay,2025-08-04,312400,546},,,
Order Complete (App),,ruby_5,55000,28,진우서우,473,GooglePlay,2025-07-28,718300,72},,,
Order Complete (App),,ads_remove,7700,1,반달123,14,GooglePlay,2025-08-23,0,99999999},,,
Order Complete (App),,ruby_5,55000,29,허어어니,490,GooglePlay,2025-07-27,902000,56},,,
Order Complete (App),,ruby_4,33000,28,밥이,489,GooglePlay,2025-07-28,811800,57},,,
Order Complete (App),,ruby_3,11000,27,상암존예여신,372,GooglePlay,2025-07-29,15400,651},,,
Order Complete (App),,ads_remove,7700,1,정신차리자,4,GooglePlay,2025-08-23,0,99999999},,,
Order Complete (App),,ruby_4,33000,23,훈애심S2,330,GooglePlay,2025-08-02,69300,1606},,,
Order Complete (App),,ruby_2,6600,38,Karl,331,GooglePlay,2025-07-18,22000,1447},,,
Order Complete (App),,ruby_2,6600,38,Karl,331,GooglePlay,2025-07-18,15400,1447},,,
Order Complete (App),,ruby_5,55000,28,밥이,488,GooglePlay,2025-07-28,756800,57},,,
Order Complete (App),,ruby_3,11000,19,건곰메,287,GooglePlay,2025-08-06,7700,2254},,,
Order Complete (App),,ads_remove,7700,1,안녕장학금,45,GooglePlay,2025-08-23,0,16977},,,
Order Complete (App),,ruby_3,11000,38,하모예,450,GooglePlay,2025-07-17,416900,114},,,
Order Complete (App),,ruby_6,110000,35,s불멸1s,455,GooglePlay,2025-07-19,1482800,102},,,
Order Complete (App),,ads_remove,7700,1,nimboos,4,GooglePlay,2025-08-23,0,99999999},,,
Order Complete (App),,ruby_1,1100,29,그루터기,496,GooglePlay,2025-07-26,1084600,51},,,
Order Complete (App),,ruby_1,1100,29,그루터기,496,GooglePlay,2025-07-26,1082400,51},,,
Order Complete (App),,ruby_1,1100,29,그루터기,496,GooglePlay,2025-07-26,1081300,51},,,
Order Complete (App),,ruby_1,1100,29,그루터기,496,GooglePlay,2025-07-26,1081300,51},,,
Order Complete (App),,ruby_1,1100,29,그루터기,496,GooglePlay,2025-07-26,1079100,51},,,
Order Complete (App),,ruby_5,55000,36,화염방구,465,GooglePlay,2025-07-19,352000,89},,,
Order Complete (App),,ads_remove,7700,1,매력덩어리,41,GooglePlay,2025-08-23,0,15959},,,
Order Complete (App),,ads_remove,7700,1,라인맨,12,GooglePlay,2025-08-23,0,99999999},,,
Order Complete (App),,ads_remove,7700,1,올리브아빠,11,GooglePlay,2025-08-23,0,99999999},,,
Order Complete (App),,ruby_1,1100,2,tanklife,80,GooglePlay,2025-08-22,7700,9711},,,
Order Complete (App),,ruby_4,33000,6,슬아태민빠,150,GooglePlay,2025-08-17,7700,5794},,,
Order Complete (App),,ads_remove,7700,1,재이아범,8,GooglePlay,2025-08-23,0,99999999},,,
Order Complete (App),,ads_remove,7700,1,바람처럼살다,8,GooglePlay,2025-08-23,0,99999999},,,
Order Complete (App),,ruby_4,33000,38,쿵쿵이,391,GooglePlay,2025-07-16,18700,337},,,
Order Complete (App),,ruby_3,11000,38,쿵쿵이,391,GooglePlay,2025-07-16,7700,337},,,
Order Complete (App),,ruby_3,11000,35,Nospoon,423,GooglePlay,2025-07-19,196900,229},,,
Order Complete (App),,ruby_2,6600,22,조메기,447,GooglePlay,2025-08-02,603900,124},,,
Order Complete (App),,ruby_6,110000,6,Hotal,406,GooglePlay,2025-08-18,843700,275},,,
Order Complete (App),,ruby_4,33000,27,밥이,486,GooglePlay,2025-07-28,723800,57},,,
Order Complete (App),,ruby_1,1100,324,권준,818,OneStore,2024-10-04,15400,78},,,
Order Complete (App),,ads_remove,7700,1,raonao,14,GooglePlay,2025-08-23,0,99999999},,,
Order Complete (App),,ads_remove,7700,1,HJL,8,GooglePlay,2025-08-23,0,99999999},,,
Order Complete (App),,ruby_4,33000,12,고슬,365,OneStore,2025-08-12,242000,892},,,
Order Complete (App),,ads_remove,7700,1,예은후파파,6,GooglePlay,2025-08-23,0,99999999},,,
Order Complete (App),,ruby_3,11000,4,한글로6자,181,GooglePlay,2025-08-20,50600,5104},,,
Order Complete (App),,ruby_3,11000,20,teamnose,385,GooglePlay,2025-08-03,317900,522},,,
Order Complete (App),,ruby_4,33000,10,키위송,225,GooglePlay,2025-08-14,70400,4129},,,
Order Complete (App),,ruby_5,55000,21,Virr,325,GooglePlay,2025-08-03,271700,1638},,,
Order Complete (App),,ruby_3,11000,21,Virr,325,GooglePlay,2025-08-03,260700,1638},,,
Order Complete (App),,ruby_6,110000,21,Virr,325,GooglePlay,2025-08-03,150700,1638},,,
Order Complete (App),,ruby_1,1100,1,라오우,86,GooglePlay,2025-08-23,7700,9349},,,
Order Complete (App),,ruby_1,1100,32,채봉이,369,GooglePlay,2025-07-23,78100,693},,,
Order Complete (App),,ruby_3,11000,19,새내기,303,GooglePlay,2025-08-03,88000,1913},,,
Order Complete (App),,ruby_3,11000,16,인효바둑판,301,GooglePlay,2025-08-08,86900,2000},,,
Order Complete (App),,ruby_3,11000,16,인효바둑판,301,GooglePlay,2025-08-08,64900,2000},,,
Order Complete (App),,ruby_3,11000,19,새내기,301,GooglePlay,2025-08-03,77000,1913},,,
Order Complete (App),,ruby_2,6600,16,인효바둑판,300,GooglePlay,2025-08-08,58300,2000},,,
Order Complete (App),,ruby_3,11000,16,인효바둑판,300,GooglePlay,2025-08-08,47300,2000},,,
Order Complete (App),,ruby_2,6600,30,달리기,366,GooglePlay,2025-07-25,7700,826},,,
Order Complete (App),,ruby_1,1100,22,아둔,118,1536275,4840,1,OneStore,2025-07-16,236500,6572
Order Complete (App),,ruby_1,1100,22,아둔,118,1536275,4620,1,GooglePlay,2025-07-16,234300,6572
Order Complete (App),,ruby_3,11000,6,갸지니,227,GooglePlay,2025-08-18,25300,3992},,,
Order Complete (App),,ruby_5,55000,6,Hotal,400,GooglePlay,2025-08-18,788700,279},,,
Order Complete (App),,ads_remove,7700,2,이남규,95,GooglePlay,2025-08-22,0,7472},,,
Order Complete (App),,ruby_1,1100,5,칼방원,242,GooglePlay,2025-08-19,33000,3605},,,
Order Complete (App),,ruby_1,1100,24,한탕주의자,293,OneStore,2025-07-31,4400,1998},,,
Order Complete (App),,ruby_3,11000,21,엉강,246,GooglePlay,2025-08-03,7700,3464},,,
Order Complete (App),,ads_remove,7700,2,끼야아옹,88,GooglePlay,2025-08-22,0,8679},,,
Order Complete (App),,ads_remove,7700,1,외로운짱구,11,GooglePlay,2025-08-23,0,99999999},,,
Order Complete (App),,ads_remove,7700,1,찌타,7,GooglePlay,2025-08-23,0,99999999},,,
Order Complete (App),,ruby_4,33000,33,fourzero,383,GooglePlay,2025-07-22,140800,493},,,
Order Complete (App),,ruby_1,1100,330,한지민,901,OneStore,2024-09-28,38900,44},,,
Order Complete (App),,ruby_1,1100,330,한지민,901,OneStore,2024-09-28,37800,44},,,
Order Complete (App),,ads_remove,7700,1,일몬,5,GooglePlay,2025-08-23,0,99999999},,,
Order Complete (App),,ruby_5,55000,15,하뚜루,301,GooglePlay,2025-08-09,137500,1918},,,
Order Complete (App),,ruby_2,6600,28,아루맘,453,GooglePlay,2025-07-26,352000,106},,,
Order Complete (App),,ruby_2,6600,28,아루맘,453,GooglePlay,2025-07-26,345400,106},,,
Order Complete (App),,ruby_4,33000,28,아루맘,453,GooglePlay,2025-07-26,305800,106},,,
Order Complete (App),,ruby_4,33000,15,카후,328,GooglePlay,2025-08-08,262900,1504},,,
Order Complete (App),,ads_remove,7700,1,둡둡,4,GooglePlay,2025-08-23,0,99999999},,,
Order Complete (App),,ruby_2,6600,22,동탄잉어,288,GooglePlay,2025-08-02,18700,2160},,,
Order Complete (App),,ads_remove,7700,1,돌아온에이스,22,GooglePlay,2025-08-23,0,99999999},,,
Order Complete (App),,ruby_5,55000,1,고대문명,122,GooglePlay,2025-08-23,172700,6470},,,
Order Complete (App),,ruby_2,6600,30,호멍,326,GooglePlay,2025-07-16,18700,1642},,,
Order Complete (App),,ruby_3,11000,30,호멍,326,GooglePlay,2025-07-16,7700,1642},,,
Order Complete (App),,ruby_6,110000,1,범피두피,32,GooglePlay,2025-08-23,40700,16505},,,
Order Complete (App),,ruby_4,33000,1,범피두피,25,GooglePlay,2025-08-23,7700,18226},,,
Order Complete (App),,ads_remove,7700,1,라오우,66,GooglePlay,2025-08-23,0,14160},,,
Order Complete (App),,ruby_4,33000,2,조조7세,93,GooglePlay,2025-08-22,88000,7774},,,
Order Complete (App),,ads_remove,7700,1,0별빛0,6,GooglePlay,2025-08-23,0,99999999},,,
Order Complete (App),,ads_remove,7700,1,범피두피,4,GooglePlay,2025-08-23,0,99999999},,,
Order Complete (App),,ruby_1,1100,1,하와이총잡이,68,GooglePlay,2025-08-23,8800,13314},,,
Order Complete (App),,ruby_6,110000,1,고대문명,65,GooglePlay,2025-08-23,62700,15128},,,
Order Complete (App),,ruby_1,1100,21,멍오리곰,268,GooglePlay,2025-08-02,13200,2710},,,
Order Complete (App),,ruby_1,1100,21,멍오리곰,268,GooglePlay,2025-08-02,11000,2710},,,
Order Complete (App),,ruby_1,1100,1,하와이총잡이,66,GooglePlay,2025-08-23,7700,13314},,,
Order Complete (App),,ruby_1,1100,21,아모르,334,GooglePlay,2025-08-03,66000,1373},,,
Order Complete (App),,ruby_1,1100,21,아모르,334,GooglePlay,2025-08-03,63800,1373},,,
Order Complete (App),,ads_remove,7700,1,구삼육,8,GooglePlay,2025-08-23,0,99999999},,,
Order Complete (App),,ruby_1,1100,21,짝눈원숭이,361,GooglePlay,2025-08-03,16500,932},,,
Order Complete (App),,ruby_1,1100,21,짝눈원숭이,361,GooglePlay,2025-08-03,14300,932},,,
Order Complete (App),,ruby_3,11000,4,살포시날다,168,GooglePlay,2025-08-20,18700,5422},,,
Order Complete (App),,ruby_6,110000,26,암부,766,GooglePlay,2025-07-29,4737700,8},,,
Order Complete (App),,ads_remove,7700,1,매화검존1,6,GooglePlay,2025-08-23,0,99999999},,,
Order Complete (App),,ruby_6,110000,26,암부,766,GooglePlay,2025-07-29,4627700,8},,,
Order Complete (App),,ruby_6,110000,26,암부,766,GooglePlay,2025-07-29,4517700,8},,,
Order Complete (App),,ads_remove,7700,4,태원,182,GooglePlay,2025-08-20,0,5958},,,
Order Complete (App),,ruby_2,6600,8,북해,176,GooglePlay,2025-08-16,7700,5158},,,
Order Complete (App),,ruby_5,55000,1,고대문명,41,GooglePlay,2025-08-23,7700,15125},,,
Order Complete (App),,ads_remove,7700,1,애매리카노,6,GooglePlay,2025-08-23,0,99999999},,,
Order Complete (App),,ads_remove,7700,1,심청오빠,5,GooglePlay,2025-08-23,0,99999999},,,
Order Complete (App),,ads_remove,7700,1,송둥실,47,GooglePlay,2025-08-23,0,14670},,,
Order Complete (App),,ads_remove,7700,1,유온,4,GooglePlay,2025-08-23,0,99999999},,,
Order Complete (App),,ruby_6,110000,22,소담소민,788,GooglePlay,2025-08-01,5170000,6},,,
Order Complete (App),,ruby_4,33000,34,베노미,542,OneStore,2025-07-21,1152800,29},,,
Order Complete (App),,ruby_4,33000,2,openhell,62,GooglePlay,2025-08-22,2200,11437},,,
Order Complete (App),,ads_remove,7700,1,고대문명,6,GooglePlay,2025-08-23,0,99999999},,,
Order Complete (App),,ruby_2,6600,21,짝눈원숭이,356,GooglePlay,2025-08-03,7700,965},,,
Order Complete (App),,ruby_2,6600,1,빙그레우유,78,GooglePlay,2025-08-22,7700,9367},,,
Order Complete (App),,ruby_3,11000,15,낭낭낭,329,GooglePlay,2025-08-09,7700,1493},,,
Order Complete (App),,ads_remove,7700,1,Leoni,6,GooglePlay,2025-08-23,0,99999999},,,
Order Complete (App),,ads_remove,7700,1,야추다이스,41,GooglePlay,2025-08-22,0,15112},,,
Order Complete (App),,ads_remove,7700,1,아딜리시아,6,GooglePlay,2025-08-23,0,99999999},,,
Order Complete (App),,ruby_1,1100,2,깐즈,94,GooglePlay,2025-08-22,27500,7530},,,
Order Complete (App),,ruby_1,1100,2,깐즈,94,GooglePlay,2025-08-22,27500,7530},,,
Order Complete (App),,ruby_2,6600,2,깐즈,94,GooglePlay,2025-08-22,26400,7530},,,
Order Complete (App),,ruby_3,11000,2,깐즈,94,GooglePlay,2025-08-22,7700,7530},,,
Order Complete (App),,ruby_3,11000,2,네르기간테,52,GooglePlay,2025-08-22,0,13784},,,
Order Complete (App),,ads_remove,7700,1,아리바,5,GooglePlay,2025-08-23,0,99999999},,,
Order Complete (App),,ruby_4,33000,31,aurora,391,OneStore,2025-07-24,174900,329},,,
Order Complete (App),,ruby_6,110000,1,Romee,41,GooglePlay,2025-08-23,7700,15805},,,
Order Complete (App),,ads_remove,7700,1,버려진영혼,28,GooglePlay,2025-08-23,0,17768},,,
Order Complete (App),,ads_remove,7700,1,이겜재밋나,14,GooglePlay,2025-08-23,0,99999999},,,
Order Complete (App),,ruby_4,33000,12,낭강,350,GooglePlay,2025-08-12,467500,1093},,,
Order Complete (App),,ruby_3,11000,22,벤야,402,GooglePlay,2025-08-01,456500,268},,,
Order Complete (App),,ruby_3,11000,22,벤야,402,GooglePlay,2025-08-01,456500,268},,,
Order Complete (App),,ruby_4,33000,22,벤야,402,GooglePlay,2025-08-01,412500,268},,,
Order Complete (App),,ads_remove,7700,1,하와이총잡이,28,GooglePlay,2025-08-23,0,18179},,,
Order Complete (App),,ads_remove,7700,1,Romee,6,GooglePlay,2025-08-23,0,99999999},,,
Order Complete (App),,ruby_4,33000,22,벤야,401,GooglePlay,2025-08-01,379500,268},,,
Order Complete (App),,ads_remove,7700,1,하슬란,4,GooglePlay,2025-08-23,0,99999999},,,
Order Complete (App),,ruby_3,11000,25,l대마왕l,397,GooglePlay,2025-07-30,348700,280},,,
Order Complete (App),,ruby_3,11000,18,조조3,306,GooglePlay,2025-08-05,66000,1922},,,
Order Complete (App),,ruby_3,11000,36,한국사일타강사,365,GooglePlay,2025-07-18,7700,860},,,
Order Complete (App),,ruby_3,11000,22,자브종늑대,365,GooglePlay,2025-08-02,128700,859},,,
Order Complete (App),,ruby_2,6600,27,밥이,485,GooglePlay,2025-07-28,717200,58},,,
Order Complete (App),,ruby_3,11000,22,진순이,329,GooglePlay,2025-08-02,8800,1457},,,
Order Complete (App),,ruby_3,11000,27,밥이,485,GooglePlay,2025-07-28,706200,58},,,
Order Complete (App),,ruby_4,33000,37,심대표,548,GooglePlay,2025-07-18,1063700,24},,,
Order Complete (App),,ruby_4,33000,16,전력,273,GooglePlay,2025-08-08,266200,2512},,,
Order Complete (App),,ads_remove,7700,1,김경수,8,GooglePlay,2025-08-23,0,99999999},,,
Order Complete (App),,ads_remove,7700,1,야월,8,GooglePlay,2025-08-23,0,99999999},,,
Order Complete (App),,ruby_2,6600,6,박범,187,OneStore,2025-08-18,95700,4825},,,
Order Complete (App),,ruby_4,33000,36,쫑쫑이,378,GooglePlay,2025-07-19,68200,539},,,
Order Complete (App),,ruby_4,33000,6,박범,187,OneStore,2025-08-18,89100,4824},,,
Order Complete (App),,ruby_1,1100,36,무향후,425,GooglePlay,2025-07-19,95700,203},,,
Order Complete (App),,ruby_1,1100,36,무향후,425,GooglePlay,2025-07-19,94600,203},,,
Order Complete (App),,ruby_1,1100,36,무향후,425,GooglePlay,2025-07-19,93500,203},,,
Order Complete (App),,ruby_1,1100,36,무향후,425,GooglePlay,2025-07-19,91300,203},,,
Order Complete (App),,ads_remove,7700,1,황대지,5,GooglePlay,2025-08-23,0,99999999},,,
Order Complete (App),,ads_remove,7700,1,주몽2세,9,GooglePlay,2025-08-22,0,99999999},,,
Order Complete (App),,ads_remove,7700,1,킹겐,5,GooglePlay,2025-08-23,0,99999999},,,
Order Complete (App),,ruby_5,55000,8,전우치a,254,GooglePlay,2025-08-16,51700,3186},,,
Order Complete (App),,ruby_3,11000,170,pybheat,812,OneStore,2025-03-07,340600,81},,,
Order Complete (App),,ruby_4,33000,36,딱쎄,470,GooglePlay,2025-07-18,408100,74},,,
Order Complete (App),,ruby_1,1100,9,마노,246,GooglePlay,2025-08-15,35200,3444},,,
Order Complete (App),,ruby_1,1100,9,마노,246,GooglePlay,2025-08-15,33000,3444},,,
Order Complete (App),,ruby_1,1100,2,조조7세,90,GooglePlay,2025-08-22,86900,8276},,,
Order Complete (App),,ruby_2,6600,9,마노,246,GooglePlay,2025-08-15,26400,3444},,,
Order Complete (App),,ruby_4,33000,8,DeerPoro,361,GooglePlay,2025-08-16,501600,911},,,
Order Complete (App),,ruby_1,1100,1,조선아이,32,GooglePlay,2025-08-22,7700,17750},,,
Order Complete (App),,ruby_2,6600,1,조선아이,32,GooglePlay,2025-08-22,0,17750},,,
Order Complete (App),,ruby_5,55000,21,김루팡,405,GooglePlay,2025-08-03,534600,263},,,
Order Complete (App),,ruby_4,33000,10,미삐순,265,GooglePlay,2025-08-14,27500,2880},,,
Order Complete (App),,ruby_2,6600,1,성뀨야,173,GooglePlay,2025-08-22,69300,6095},,,
Order Complete (App),,ads_remove,7700,1,빙그레우유,4,GooglePlay,2025-08-22,0,99999999},,,
Order Complete (App),,ruby_1,1100,298,엘리트와룡,856,OneStore,2024-10-30,536500,61},,,
Order Complete (App),,ruby_1,1100,10,갱힘,151,OneStore,2025-08-08,3300,5570},,,
Order Complete (App),,ruby_2,6600,5,칼방원,235,GooglePlay,2025-08-19,26400,3756},,,
Order Complete (App),,ruby_1,1100,23,도라에몽표류기,430,GooglePlay,2025-08-01,405900,165},,,
Order Complete (App),,ruby_2,6600,1,성뀨야,141,GooglePlay,2025-08-22,62700,6095},,,
Order Complete (App),,ruby_3,11000,2,조라에몽,58,GooglePlay,2025-08-22,18700,15066},,,
Order Complete (App),,ruby_1,1100,2,여니니,25,GooglePlay,2025-08-22,7700,17162},,,
Order Complete (App),,ruby_2,6600,2,여니니,25,GooglePlay,2025-08-22,0,17162},,,
Order Complete (App),,ads_remove,7700,3,프라이오스,57,GooglePlay,2025-08-20,0,12163},,,
Order Complete (App),,ads_remove,7700,1,장하다,5,GooglePlay,2025-08-22,0,99999999},,,
Order Complete (App),,ruby_3,11000,2,조라에몽,41,GooglePlay,2025-08-22,7700,15066},,,
Order Complete (App),,ruby_1,1100,1,성뀨야,131,GooglePlay,2025-08-22,61600,6706},,,
Order Complete (App),,ruby_5,55000,22,무랭이,366,GooglePlay,2025-08-02,234300,784},,,
Order Complete (App),,ads_remove,7700,1,크온,4,GooglePlay,2025-08-22,0,99999999},,,
Order Complete (App),,ruby_3,11000,26,우춘돌,269,GooglePlay,2025-07-27,14300,2679},,,
Order Complete (App),,ruby_1,1100,32,아까그넘,413,GooglePlay,2025-07-23,342100,244},,,
Order Complete (App),,ruby_6,110000,21,쵸돈단스,480,OneStore,2025-08-03,1228700,63},,,
Order Complete (App),,ruby_2,6600,1,성뀨야,118,GooglePlay,2025-08-22,61600,6706},,,
Order Complete (App),,ruby_3,11000,1,성뀨야,118,GooglePlay,2025-08-22,44000,6706},,,
Order Complete (App),,ruby_5,55000,36,껸네,541,GooglePlay,2025-07-19,1148400,38},,,
Order Complete (App),,ruby_3,11000,36,줸줸,489,GooglePlay,2025-07-18,548900,55},,,
Order Complete (App),,ruby_3,11000,36,줸줸,489,GooglePlay,2025-07-18,537900,55},,,
Order Complete (App),,ruby_1,1100,1,성뀨야,116,GooglePlay,2025-08-22,42900,6706},,,
Order Complete (App),,ruby_2,6600,1,성뀨야,116,GooglePlay,2025-08-22,36300,6706},,,
Order Complete (App),,ruby_3,11000,36,개근남,582,GooglePlay,2025-07-18,1347500,17},,,
Order Complete (App),,ruby_3,11000,36,개근남,582,GooglePlay,2025-07-18,1336500,17},,,
Order Complete (App),,ruby_5,55000,36,껸네,541,GooglePlay,2025-07-19,1093400,38},,,
Order Complete (App),,ruby_2,6600,1,성뀨야,115,GooglePlay,2025-08-22,29700,7391},,,
Order Complete (App),,ruby_3,11000,21,라마에요,177,GooglePlay,2025-08-03,7700,5086},,,
Order Complete (App),,ruby_1,1100,32,아까그넘,412,GooglePlay,2025-07-23,341000,243},,,
Order Complete (App),,ruby_3,11000,1,성뀨야,108,GooglePlay,2025-08-22,18700,7391},,,
Order Complete (App),,ruby_4,33000,20,짱주숭,425,GooglePlay,2025-08-04,390500,199},,,
Order Complete (App),,ruby_3,11000,1,성뀨야,92,GooglePlay,2025-08-22,7700,7988},,,
Order Complete (App),,ruby_1,1100,32,아까그넘,408,GooglePlay,2025-07-23,339900,252},,,
Order Complete (App),,ruby_3,11000,12,goonin,265,GooglePlay,2025-08-12,84700,2968},,,
Order Complete (App),,ruby_3,11000,19,조승연,535,GooglePlay,2025-08-04,1812800,31},,,
Order Complete (App),,ruby_5,55000,33,Jemin,621,GooglePlay,2025-07-21,2456300,16},,,
Order Complete (App),,ruby_2,6600,1,베기,64,GooglePlay,2025-08-22,260700,11393},,,
Order Complete (App),,ruby_1,1100,1,성뀨야,34,GooglePlay,2025-08-22,7700,16611},,,
Order Complete (App),,ruby_2,6600,1,성뀨야,34,GooglePlay,2025-08-22,0,16611},,,
Order Complete (App),,ads_remove,7700,1,왕두령,8,GooglePlay,2025-08-22,0,99999999},,,
Order Complete (App),,ruby_3,11000,22,쿠행행,307,GooglePlay,2025-07-26,327800,1805},,,
Order Complete (App),,ads_remove,7700,2,슬원,25,GooglePlay,2025-08-22,0,17733},,,
Order Complete (App),,ruby_4,33000,1,베기,46,GooglePlay,2025-08-22,227700,14903},,,
Order Complete (App),,ruby_3,11000,32,채봉이,368,GooglePlay,2025-07-23,67100,782},,,
Order Complete (App),,ruby_5,55000,1,베기,42,GooglePlay,2025-08-22,172700,16846},,,
Order Complete (App),,ads_remove,7700,1,정미선,9,GooglePlay,2025-08-22,0,99999999},,,
Order Complete (App),,ruby_1,1100,9,canciro,246,GooglePlay,2025-08-13,7700,3439},,,
Order Complete (App),,ruby_5,55000,2,동동그리무,185,GooglePlay,2025-08-22,369600,4936},,,
Order Complete (App),,ruby_6,110000,2,동동그리무,185,GooglePlay,2025-08-22,204600,4936},,,
Order Complete (App),,ruby_2,6600,36,줸줸,487,GooglePlay,2025-07-18,531300,56},,,
Order Complete (App),,ruby_6,110000,1,베기,37,GooglePlay,2025-08-22,62700,16846},,,
Order Complete (App),,ruby_6,110000,27,밥이,475,GooglePlay,2025-07-28,596200,68},,,
Order Complete (App),,ruby_5,55000,1,베기,35,GooglePlay,2025-08-22,7700,16846},,,
Order Complete (App),,ruby_4,33000,2,동동그리무,172,GooglePlay,2025-08-22,171600,5236},,,
Order Complete (App),,ruby_3,11000,2,김펭수,41,GooglePlay,2025-08-21,0,17313},,,
Order Complete (App),,ads_remove,7700,1,또롱센세,11,GooglePlay,2025-08-22,0,99999999},,,
Order Complete (App),,ruby_1,1100,29,휘인,289,OneStore,2025-07-18,7700,2060},,,
Order Complete (App),,ruby_1,1100,29,휘인,289,OneStore,2025-07-18,6600,2060},,,
Order Complete (App),,ruby_6,110000,28,허어어니,486,GooglePlay,2025-07-27,792000,55},,,
Order Complete (App),,ads_remove,7700,1,베기,14,GooglePlay,2025-08-22,0,99999999},,,
Order Complete (App),,ruby_5,55000,28,허어어니,485,GooglePlay,2025-07-27,737000,60},,,
Order Complete (App),,ruby_1,1100,19,조승연,534,GooglePlay,2025-08-04,1811700,31},,,
Order Complete (App),,ruby_5,55000,28,허어어니,477,GooglePlay,2025-07-27,682000,64},,,
Order Complete (App),,ruby_3,11000,19,조승연,531,GooglePlay,2025-08-04,1800700,31},,,
Order Complete (App),,ruby_3,11000,2,동동그리무,99,GooglePlay,2025-08-22,160600,7429},,,
Order Complete (App),,ruby_4,33000,36,지남샘,444,GooglePlay,2025-07-18,369600,137},,,
Order Complete (App),,ruby_5,55000,2,동동그리무,99,GooglePlay,2025-08-22,105600,7429},,,
Order Complete (App),,ruby_3,11000,28,허어어니,474,GooglePlay,2025-07-27,671000,66},,,
Order Complete (App),,ruby_5,55000,28,허어어니,474,GooglePlay,2025-07-27,616000,66},,,
Order Complete (App),,ruby_2,6600,6,비츠,217,GooglePlay,2025-08-18,64900,4175},,,
Order Complete (App),,ruby_4,33000,38,덕풍동시라소니,648,GooglePlay,2025-07-16,1900800,13},,,
Order Complete (App),,ads_remove,7700,2,레드아이즈,46,GooglePlay,2025-08-22,0,15051},,,
Order Complete (App),,ruby_2,6600,6,비츠,216,GooglePlay,2025-08-18,58300,4175},,,
Order Complete (App),,ruby_4,33000,21,Virr,310,GooglePlay,2025-08-03,117700,1774},,,
Order Complete (App),,ruby_4,33000,2,동동그리무,66,GooglePlay,2025-08-22,72600,11181},,,
Order Complete (App),,ruby_5,55000,2,동동그리무,66,GooglePlay,2025-08-22,17600,11181},,,
Order Complete (App),,ruby_6,110000,33,조노비,472,GooglePlay,2025-07-21,568700,68},,,
Order Complete (App),,ruby_4,33000,21,Virr,305,GooglePlay,2025-08-03,84700,1874},,,
Order Complete (App),,ruby_5,55000,30,갓세종,465,GooglePlay,2025-07-24,441100,86},,,
Order Complete (App),,ruby_5,55000,24,멍조,289,GooglePlay,2025-07-30,128700,2096},,,
Order Complete (App),,ruby_4,33000,24,멍조,289,GooglePlay,2025-07-30,95700,2096},,,
Order Complete (App),,ruby_3,11000,24,멍조,289,GooglePlay,2025-07-30,84700,2096},,,
Order Complete (App),,ads_remove,7700,1,이공분,4,GooglePlay,2025-08-22,0,99999999},,,
Order Complete (App),,ruby_3,11000,6,Hotal,395,GooglePlay,2025-08-18,777700,275},,,
Order Complete (App),,ruby_4,33000,25,얼죽뱅,334,GooglePlay,2025-07-30,97900,1327},,,
Order Complete (App),,ruby_1,1100,35,GC,540,GooglePlay,2025-07-20,976800,27},,,
Order Complete (App),,ruby_2,6600,18,일본인,447,GooglePlay,2025-08-05,795300,119},,,
Order Complete (App),,ruby_1,1100,35,GC,538,OneStore,2025-07-20,976800,28},,,
Order Complete (App),,ruby_4,33000,35,의천대협,390,GooglePlay,2025-07-19,51700,389},,,
Order Complete (App),,ruby_4,33000,37,JJJ0738,722,GooglePlay,2025-07-18,2781900,10},,,
Order Complete (App),,ruby_1,1100,35,GC,538,GooglePlay,2025-07-20,974600,28},,,
Order Complete (App),,ruby_3,11000,38,은월랑,519,GooglePlay,2025-07-17,1454200,41},,,
Order Complete (App),,ruby_1,1100,20,조엘,376,GooglePlay,2025-08-04,311300,552},,,
Order Complete (App),,ruby_3,11000,20,조엘,376,GooglePlay,2025-08-04,300300,552},,,
Order Complete (App),,ruby_6,110000,8,DeerPoro,350,GooglePlay,2025-08-16,391600,1082},,,
Order Complete (App),,ruby_4,33000,35,의천대협,386,GooglePlay,2025-07-19,18700,389},,,
Order Complete (App),,ads_remove,7700,1,쥐치,4,GooglePlay,2025-08-22,0,99999999},,,
Order Complete (App),,ruby_1,1100,326,실타래,912,OneStore,2024-10-01,58300,42},,,
Order Complete (App),,ruby_3,11000,36,대명,527,GooglePlay,2025-07-19,833800,35},,,
Order Complete (App),,ruby_3,11000,1,동동그리무,31,GooglePlay,2025-08-22,6600,16516},,,
Order Complete (App),,ruby_2,6600,1,동동그리무,30,GooglePlay,2025-08-22,0,16729},,,
Order Complete (App),,ads_remove,7700,1,tanklife,10,GooglePlay,2025-08-22,0,99999999},,,
Order Complete (App),,ruby_5,55000,24,마늘쫑,374,GooglePlay,2025-07-30,348700,555},,,
Order Complete (App),,ruby_4,33000,31,아까그넘,392,GooglePlay,2025-07-23,306900,349},,,
Order Complete (App),,ruby_3,11000,21,무랭이,358,GooglePlay,2025-08-02,223300,927},,,
Order Complete (App),,ruby_1,1100,3,ewsg,132,GooglePlay,2025-08-20,18700,6236},,,
Order Complete (App),,ruby_1,1100,3,ewsg,132,GooglePlay,2025-08-20,18700,6236},,,
Order Complete (App),,ruby_1,1100,3,ewsg,132,GooglePlay,2025-08-20,16500,6236},,,
Order Complete (App),,ruby_1,1100,3,ewsg,132,GooglePlay,2025-08-20,14300,6236},,,
Order Complete (App),,ads_remove,7700,1,수면감자,4,GooglePlay,2025-08-22,0,99999999},,,
Order Complete (App),,ads_remove,7700,1,yoanna,4,GooglePlay,2025-08-22,0,99999999},,,
Order Complete (App),,ruby_4,33000,31,아까그넘,388,GooglePlay,2025-07-23,273900,349},,,
Order Complete (App),,ads_remove,7700,1,물용,25,GooglePlay,2025-08-22,0,18107},,,
Order Complete (App),,ruby_2,6600,1,밤벌레,73,GooglePlay,2025-08-21,7700,10059},,,
Order Complete (App),,ruby_2,6600,8,아무건,210,GooglePlay,2025-08-15,0,4335},,,
Order Complete (App),,ads_remove,7700,1,조라에몽,8,GooglePlay,2025-08-22,0,99999999},,,
Order Complete (App),,ruby_1,1100,2,화초,69,GooglePlay,2025-08-21,7700,11525},,,
Order Complete (App),,ruby_2,6600,2,화초,69,GooglePlay,2025-08-21,0,11525},,,
Order Complete (App),,ads_remove,7700,1,수류탄투척,41,GooglePlay,2025-08-22,0,15029},,,
Order Complete (App),,ruby_3,11000,22,쌈쟁이,390,GooglePlay,2025-07-31,722700,319},,,
Order Complete (App),,ads_remove,7700,1,오월의반디,5,GooglePlay,2025-08-22,0,99999999},,,
Order Complete (App),,ruby_1,1100,31,아까그넘,388,GooglePlay,2025-07-23,272800,349},,,
Order Complete (App),,ruby_1,1100,31,아까그넘,388,GooglePlay,2025-07-23,271700,349},,,
Order Complete (App),,ruby_3,11000,31,아까그넘,388,GooglePlay,2025-07-23,260700,349},,,
Order Complete (App),,ruby_3,11000,23,엘지와,285,GooglePlay,2025-07-17,25300,2366},,,
Order Complete (App),,ruby_1,1100,3,727272,69,GooglePlay,2025-08-20,7700,11018},,,
Order Complete (App),,ruby_2,6600,3,727272,69,GooglePlay,2025-08-20,0,11018},,,
Order Complete (App),,ruby_3,11000,21,무랭이,342,GooglePlay,2025-08-02,212300,1234},,,
Order Complete (App),,ruby_6,110000,21,무랭이,342,GooglePlay,2025-08-02,102300,1234},,,
Order Complete (App),,ruby_2,6600,1,조조7세,90,GooglePlay,2025-08-22,80300,8297},,,
Order Complete (App),,ruby_1,1100,1,도트롤,47,GooglePlay,2025-08-22,7700,14056},,,
Order Complete (App),,ruby_2,6600,1,도트롤,47,GooglePlay,2025-08-22,0,14056},,,
Order Complete (App),,ads_remove,7700,1,박유리,8,GooglePlay,2025-08-22,0,99999999},,,
Order Complete (App),,ruby_3,11000,31,아까그넘,387,GooglePlay,2025-07-23,249700,496},,,
Order Complete (App),,ruby_1,1100,1,나르간,88,GooglePlay,2025-08-22,27500,8918},,,
Order Complete (App),,ruby_1,1100,1,나르간,88,GooglePlay,2025-08-22,25300,8918},,,
Order Complete (App),,ruby_2,6600,1,나르간,88,GooglePlay,2025-08-22,18700,8918},,,
Order Complete (App),,ruby_3,11000,1,나르간,88,GooglePlay,2025-08-22,7700,8918},,,
Order Complete (App),,ruby_3,11000,8,먼지아빠,326,GooglePlay,2025-08-15,275000,1612},,,
Order Complete (App),,ads_remove,7700,1,포식,11,GooglePlay,2025-08-22,0,99999999},,,
Order Complete (App),,ruby_5,55000,31,아까그넘,383,GooglePlay,2025-07-23,194700,496},,,
Order Complete (App),,ruby_3,11000,1,수콩,41,GooglePlay,2025-08-22,0,17274},,,
Order Complete (App),,ruby_4,33000,31,아까그넘,381,GooglePlay,2025-07-23,161700,496},,,
Order Complete (App),,ads_remove,7700,1,녕아,19,GooglePlay,2025-08-22,0,99999999},,,
Order Complete (App),,ruby_1,1100,1,openhell,34,GooglePlay,2025-08-22,2200,16047},,,
Order Complete (App),,ruby_1,1100,1,openhell,34,GooglePlay,2025-08-22,0,16047},,,
Order Complete (App),,ads_remove,7700,1,등대나무,11,GooglePlay,2025-08-22,0,99999999},,,
Order Complete (App),,ruby_5,55000,31,아까그넘,373,GooglePlay,2025-07-23,106700,712},,,
Order Complete (App),,ruby_4,33000,31,아까그넘,373,GooglePlay,2025-07-23,73700,712},,,
Order Complete (App),,ruby_2,6600,24,오비이락,386,GooglePlay,2025-07-30,84700,385},,,
Order Complete (App),,ruby_4,33000,31,아까그넘,367,GooglePlay,2025-07-23,40700,712},,,
Order Complete (App),,ruby_3,11000,3,아오진,92,GooglePlay,2025-08-20,7700,7716},,,
Order Complete (App),,ruby_2,6600,1,조조7세,75,GooglePlay,2025-08-22,73700,9759},,,
Order Complete (App),,ruby_2,6600,2,강철돈,119,GooglePlay,2025-08-21,7700,6520},,,
Order Complete (App),,ads_remove,7700,1,깐즈,18,GooglePlay,2025-08-22,0,99999999},,,
Order Complete (App),,ruby_3,11000,6,계란말이정식,170,GooglePlay,2025-08-17,14300,5509},,,
Order Complete (App),,ads_remove,7700,18,가이사,148,GooglePlay,2025-07-24,0,5649},,,
Order Complete (App),,ads_remove,7700,1,로멘스,28,GooglePlay,2025-08-22,0,17479},,,
Order Complete (App),,ruby_2,6600,33,삼봉이형,274,GooglePlay,2025-07-20,25300,2441},,,
Order Complete (App),,ruby_3,11000,33,삼봉이형,274,GooglePlay,2025-07-20,7700,2441},,,
Order Complete (App),,ads_remove,7700,1,수정아빠,9,GooglePlay,2025-08-22,0,99999999},,,
Order Complete (App),,ruby_3,11000,23,멍조,276,GooglePlay,2025-07-30,73700,2394},,,
Order Complete (App),,ruby_5,55000,38,김승원,564,GooglePlay,2025-07-16,1078000,18},,,
Order Complete (App),,ruby_3,11000,9,비움,249,GooglePlay,2025-08-14,18700,3264},,,
Order Complete (App),,ruby_1,1100,17,불사대마왕,290,GooglePlay,2025-08-06,26400,2030},,,
Order Complete (App),,ruby_1,1100,17,불사대마왕,290,GooglePlay,2025-08-06,25300,2030},,,
Order Complete (App),,ruby_2,6600,17,불사대마왕,290,GooglePlay,2025-08-06,18700,2030},,,
Order Complete (App),,ruby_3,11000,17,불사대마왕,290,GooglePlay,2025-08-06,7700,2030},,,
Order Complete (App),,ads_remove,7700,6,무율이,74,OneStore,2025-08-16,7700,9600},,,
Order Complete (App),,ads_remove,7700,3,컬렉션,45,GooglePlay,2025-08-20,0,14282},,,
Order Complete (App),,ruby_3,11000,1,조조7세,41,GooglePlay,2025-08-22,62700,14999},,,
Order Complete (App),,ruby_4,33000,24,코리아se스머신,500,GooglePlay,2025-07-30,1259500,48},,,
Order Complete (App),,ruby_1,1100,24,코리아se스머신,500,GooglePlay,2025-07-30,1258400,48},,,
Order Complete (App),,ruby_5,55000,1,조조7세,25,GooglePlay,2025-08-22,7700,17085},,,
Order Complete (App),,ruby_2,6600,35,딱쎄,466,GooglePlay,2025-07-18,401500,79},,,
Order Complete (App),,ruby_3,11000,35,딱쎄,466,GooglePlay,2025-07-18,390500,79},,,
Order Complete (App),,ruby_3,11000,35,딱쎄,466,GooglePlay,2025-07-18,379500,79},,,
Order Complete (App),,ads_remove,7700,1,조조7세,7,GooglePlay,2025-08-22,0,99999999},,,
Order Complete (App),,ruby_3,11000,33,독종이,246,GooglePlay,2025-07-20,0,3414},,,
Order Complete (App),,ruby_2,6600,15,akfqod20,236,GooglePlay,2025-08-08,11000,3645},,,
Order Complete (App),,ads_remove,7700,1,부유령,7,GooglePlay,2025-08-22,0,99999999},,,
Order Complete (App),,ruby_4,33000,18,경멸,299,GooglePlay,2025-08-04,62700,1868},,,
Order Complete (App),,ruby_2,6600,306,무과금의교과서,1170,GooglePlay,2024-10-21,10701800,3},,,
Order Complete (App),,ads_remove,7700,1,S주몽,10,GooglePlay,2025-08-22,0,99999999},,,
Order Complete (App),,ruby_2,6600,2,김개,89,GooglePlay,2025-08-21,7700,9865},,,
Order Complete (App),,ads_remove,7700,1,이더존버,8,GooglePlay,2025-08-22,0,99999999},,,
Order Complete (App),,ruby_2,6600,11,익주야,212,GooglePlay,2025-08-09,22000,4295},,,
Order Complete (App),,ruby_2,6600,7,야지쏭,152,GooglePlay,2025-08-16,11000,5531},,,
Order Complete (App),,ruby_2,6600,19,리세3,385,GooglePlay,2025-08-04,103400,456},,,
Order Complete (App),,ruby_3,11000,21,욱쭈,306,GooglePlay,2025-07-24,38500,1803},,,
Order Complete (App),,ruby_3,11000,21,킹스날,322,GooglePlay,2025-08-01,117700,1595},,,
Order Complete (App),,ruby_3,11000,21,킹스날,322,GooglePlay,2025-08-01,95700,1595},,,
Order Complete (App),,ruby_3,11000,19,리세3,383,GooglePlay,2025-08-04,92400,456},,,
Order Complete (App),,ruby_6,110000,21,영쟈굳,408,GooglePlay,2025-08-01,388300,312},,,
Order Complete (App),,ruby_2,6600,4,칼방원,199,GooglePlay,2025-08-19,19800,4430},,,
Order Complete (App),,ads_remove,7700,1,후추옥지,6,GooglePlay,2025-08-22,0,99999999},,,
Order Complete (App),,ruby_4,33000,21,영쟈굳,393,GooglePlay,2025-08-01,355300,312},,,
Order Complete (App),,ruby_3,11000,21,욱쭈,304,GooglePlay,2025-07-24,27500,1860},,,
Order Complete (App),,ads_remove,7700,1,연직이,35,GooglePlay,2025-08-22,0,16014},,,
Order Complete (App),,ads_remove,7700,1,열제88,4,GooglePlay,2025-08-22,0,99999999},,,
Order Complete (App),,ruby_3,11000,21,욱쭈,301,GooglePlay,2025-07-24,16500,1860},,,
Order Complete (App),,ads_remove,7700,1,피의레드,5,GooglePlay,2025-08-22,0,99999999},,,
Order Complete (App),,ads_remove,7700,1,다정횟집,5,GooglePlay,2025-08-22,0,99999999},,,
Order Complete (App),,ruby_1,1100,21,욱쭈,301,GooglePlay,2025-07-24,15400,1860},,,
Order Complete (App),,ruby_6,110000,1,유삼비,25,GooglePlay,2025-08-22,0,17640},,,
Order Complete (App),,ruby_6,110000,13,김난신,385,GooglePlay,2025-08-09,383900,452},,,
Order Complete (App),,ads_remove,7700,1,유강체,14,GooglePlay,2025-08-22,0,99999999},,,
Order Complete (App),,ruby_3,11000,14,토츠카,285,GooglePlay,2025-08-09,51700,2247},,,
Order Complete (App),,ruby_4,33000,37,안티왕,387,GooglePlay,2025-07-17,78100,361},,,
Order Complete (App),,ruby_1,1100,286,산나,923,OneStore,2024-10-04,67700,39},,,
Order Complete (App),,ruby_4,33000,8,나는참새,220,GooglePlay,2025-08-15,25300,4145},,,
Order Complete (App),,ads_remove,7700,1,외국인노동자,5,GooglePlay,2025-08-22,0,99999999},,,
Order Complete (App),,ads_remove,7700,1,나르간,14,GooglePlay,2025-08-22,0,99999999},,,
Order Complete (App),,ruby_2,6600,13,마작스,244,GooglePlay,2025-08-10,1100,3494},,,
Order Complete (App),,ruby_1,1100,13,마작스,244,GooglePlay,2025-08-10,0,3494},,,
Order Complete (App),,ruby_3,11000,21,킹스날,312,GooglePlay,2025-08-01,84700,1703},,,
Order Complete (App),,ruby_1,1100,1,비밀정원,24,GooglePlay,2025-08-22,7700,17435},,,
Order Complete (App),,ruby_2,6600,1,비밀정원,24,GooglePlay,2025-08-22,0,17435},,,
Order Complete (App),,ruby_1,1100,30,aurora,390,OneStore,2025-07-24,141900,308},,,
Order Complete (App),,ruby_1,1100,30,aurora,390,OneStore,2025-07-24,140800,308},,,
Order Complete (App),,ruby_5,55000,21,킹스날,311,GooglePlay,2025-08-01,29700,1711},,,
Order Complete (App),,ruby_2,6600,15,매혹,271,GooglePlay,2025-08-08,29700,2698},,,
Order Complete (App),,ruby_5,55000,31,신지무념,370,GooglePlay,2025-07-22,110000,617},,,
Order Complete (App),,ruby_2,6600,2,률밤,36,GooglePlay,2025-08-21,7700,17205},,,
Order Complete (App),,ads_remove,7700,1,강태경1,11,GooglePlay,2025-08-22,0,99999999},,,
Order Complete (App),,ruby_3,11000,20,소금상자,227,GooglePlay,2025-08-03,62700,3922},,,
Order Complete (App),,ruby_4,33000,26,루아베니,448,GooglePlay,2025-07-17,1071400,110},,,
Order Complete (App),,ruby_3,11000,1,삐삐빠빠,41,OneStore,2025-08-22,18700,15535},,,
Order Complete (App),,ads_remove,7700,1,휴휴,33,GooglePlay,2025-08-21,0,16504},,,
Order Complete (App),,ads_remove,7700,7,nakju1,242,GooglePlay,2025-08-16,61600,3536},,,
Order Complete (App),,ruby_2,6600,33,수라드,392,GooglePlay,2025-07-21,68200,275},,,
Order Complete (App),,ruby_1,1100,10,묘천,245,OneStore,2025-08-13,9900,3465},,,
Order Complete (App),,ruby_1,1100,10,묘천,245,OneStore,2025-08-13,8800,3465},,,
Order Complete (App),,ads_remove,7700,1,국밥집원씨,24,GooglePlay,2025-08-22,0,99999999},,,
Order Complete (App),,ruby_3,11000,3,또륭,131,GooglePlay,2025-08-20,9900,6045},,,
Order Complete (App),,ads_remove,7700,1,삐삐빠빠,5,OneStore,2025-08-22,7700,99999999},,,
Order Complete (App),,ruby_4,33000,11,낭강,336,GooglePlay,2025-08-12,434500,1396},,,
Order Complete (App),,ruby_2,6600,19,끌껄깔끌,301,GooglePlay,2025-08-04,7700,1853},,,
Order Complete (App),,ads_remove,7700,1,승오,10,GooglePlay,2025-08-22,0,99999999},,,
Order Complete (App),,ruby_4,33000,7,가별초,252,GooglePlay,2025-08-15,128700,3113},,,
Order Complete (App),,ads_remove,7700,4,a별별,96,GooglePlay,2025-08-19,0,7376},,,
Order Complete (App),,ruby_2,6600,17,리혜,388,GooglePlay,2025-08-05,236500,329},,,
Order Complete (App),,ads_remove,7700,1,킹완열,24,GooglePlay,2025-08-21,0,18019},,,
Order Complete (App),,ads_remove,7700,1,이니니너노,24,GooglePlay,2025-08-21,0,17608},,,
Order Complete (App),,ads_remove,7700,1,고등어등어,4,GooglePlay,2025-08-21,0,99999999},,,
Order Complete (App),,ruby_3,11000,5,박범,170,OneStore,2025-08-18,56100,5263},,,
Order Complete (App),,ruby_1,1100,37,노기,383,GooglePlay,2025-07-17,124300,454},,,
Order Complete (App),,ruby_1,1100,37,노기,383,GooglePlay,2025-07-17,124300,454},,,
Order Complete (App),,ruby_2,6600,37,노기,383,GooglePlay,2025-07-17,115500,454},,,
Order Complete (App),,ruby_6,110000,36,KIRA,972,GooglePlay,2025-07-18,10347700,1},,,
Order Complete (App),,ruby_4,33000,14,하뚜루,287,GooglePlay,2025-08-09,104500,2104},,,
Order Complete (App),,ads_remove,7700,1,홀릭스,39,GooglePlay,2025-08-21,0,17605},,,
Order Complete (App),,ruby_2,6600,2,다연이아빠양,69,GooglePlay,2025-08-19,0,10433},,,
Order Complete (App),,ads_remove,7700,1,호저,3,GooglePlay,2025-08-21,0,99999999},,,
Order Complete (App),,ads_remove,7700,1,너는바람,4,GooglePlay,2025-08-21,0,99999999},,,
Order Complete (App),,ads_remove,7700,1,깐풍길동,11,GooglePlay,2025-08-21,0,99999999},,,
Order Complete (App),,ads_remove,7700,1,정농부,13,GooglePlay,2025-08-21,0,99999999},,,
Order Complete (App),,ruby_3,11000,35,김죠,436,GooglePlay,2025-07-19,381700,140},,,
Order Complete (App),,ruby_3,11000,38,밀레니온,451,GooglePlay,2025-07-16,596200,105},,,
Order Complete (App),,ruby_5,55000,2,메이플스타1,119,GooglePlay,2025-08-20,260700,6384},,,
Order Complete (App),,ruby_4,33000,22,도라에몽표류기,428,GooglePlay,2025-08-01,372900,160},,,
Order Complete (App),,ruby_1,1100,39,아이구,389,OneStore,2025-07-15,12100,990},,,
Order Complete (App),,ads_remove,7700,1,밤벌레,24,GooglePlay,2025-08-21,0,18009},,,
Order Complete (App),,ruby_5,55000,27,아루맘,439,GooglePlay,2025-07-26,250800,135},,,
Order Complete (App),,ruby_4,33000,35,개근남,580,GooglePlay,2025-07-18,1303500,17},,,
Order Complete (App),,ruby_1,1100,36,Karl,329,GooglePlay,2025-07-18,14300,1385},,,
Order Complete (App),,ruby_2,6600,24,이야이,495,OneStore,2025-07-30,1023000,49},,,
Order Complete (App),,ruby_3,11000,24,이야이,495,OneStore,2025-07-30,1016400,49},,,
Order Complete (App),,ruby_4,33000,19,수린향,278,GooglePlay,2025-08-03,50600,2406},,,
Order Complete (App),,ruby_3,11000,27,뜨라이야,302,GooglePlay,2025-07-26,7700,1770},,,
Order Complete (App),,ruby_3,11000,19,수린향,277,GooglePlay,2025-08-03,50600,2406},,,
Order Complete (App),,ruby_3,11000,19,수린향,277,GooglePlay,2025-08-03,28600,2406},,,
Order Complete (App),,ruby_4,33000,30,랴니,388,GooglePlay,2025-07-23,69300,348},,,
Order Complete (App),,ruby_5,55000,31,Raid,816,GooglePlay,2025-07-22,4347200,5},,,
Order Complete (App),,ruby_6,110000,31,Raid,816,GooglePlay,2025-07-22,4237200,5},,,
Order Complete (App),,ruby_5,55000,31,Raid,816,GooglePlay,2025-07-22,4182200,5},,,
Order Complete (App),,ruby_4,33000,1,Leddie,31,GooglePlay,2025-08-21,14300,17997},,,
Order Complete (App),,ruby_2,6600,1,Leddie,26,GooglePlay,2025-08-21,7700,17997},,,
Order Complete (App),,ads_remove,7700,1,호홍힛,8,GooglePlay,2025-08-21,0,99999999},,,
Order Complete (App),,ads_remove,7700,1,Leddie,4,GooglePlay,2025-08-21,0,99999999},,,
Order Complete (App),,ruby_6,110000,32,조노비,467,GooglePlay,2025-07-21,458700,75},,,
Order Complete (App),,ruby_6,110000,33,럭키스트라이크,630,OneStore,2025-07-21,2050400,15},,,
Order Complete (App),,ruby_2,6600,298,예슬아,1011,OneStore,2024-10-28,1279000,10},,,
Order Complete (App),,ruby_2,6600,59,사라,448,GooglePlay,2025-06-24,51700,723},,,
Order Complete (App),,ruby_2,6600,298,예슬아,1011,GooglePlay,2024-10-28,1265800,10},,,
Order Complete (App),,ruby_3,11000,24,코리아se스머신,500,GooglePlay,2025-07-30,1247400,46},,,
Order Complete (App),,ruby_3,11000,59,사라,448,GooglePlay,2025-06-24,40700,723},,,
Order Complete (App),,ruby_1,1100,23,옥지의빵빵이,490,GooglePlay,2025-07-31,1169300,51},,,
Order Complete (App),,ruby_3,11000,27,허어어니,470,GooglePlay,2025-07-27,605000,69},,,
Order Complete (App),,ruby_2,6600,23,옥지의빵빵이,490,GooglePlay,2025-07-31,1162700,51},,,
Order Complete (App),,ruby_4,33000,28,선학,386,GooglePlay,2025-07-26,238700,368},,,
Order Complete (App),,ruby_3,11000,14,하뚜루,286,GooglePlay,2025-08-09,93500,2387},,,
Order Complete (App),,ruby_3,11000,23,옥지의빵빵이,490,GooglePlay,2025-07-31,1151700,52},,,
Order Complete (App),,ruby_4,33000,28,선학,385,GooglePlay,2025-07-26,205700,432},,,
Order Complete (App),,ruby_3,11000,13,사장님,263,GooglePlay,2025-08-09,7700,2891},,,
Order Complete (App),,ruby_5,55000,19,오디나무,555,GooglePlay,2025-08-03,1766600,19},,,
Order Complete (App),,ruby_4,33000,23,옥지의빵빵이,488,GooglePlay,2025-07-31,1118700,52},,,
Order Complete (App),,ruby_2,6600,3,ewsg,118,GooglePlay,2025-08-20,7700,7429},,,
Order Complete (App),,ruby_2,6600,27,허어어니,468,GooglePlay,2025-07-27,598400,69},,,
Order Complete (App),,ruby_2,6600,20,nuyheaT,295,GooglePlay,2025-08-02,14300,1895},,,
Order Complete (App),,ruby_1,1100,18,조승연,531,GooglePlay,2025-08-04,1800700,28},,,
Order Complete (App),,ruby_1,1100,18,조승연,531,GooglePlay,2025-08-04,1798500,28},,,
Order Complete (App),,ruby_2,6600,18,조승연,531,GooglePlay,2025-08-04,1791900,28},,,
Order Complete (App),,ruby_2,6600,20,nuyheaT,295,GooglePlay,2025-08-02,7700,1895},,,
Order Complete (App),,ruby_1,1100,2,이민상,51,GooglePlay,2025-08-21,6600,14325},,,
Order Complete (App),,ruby_2,6600,2,이민상,51,GooglePlay,2025-08-21,0,14325},,,
Order Complete (App),,ruby_4,33000,37,엉망,777,GooglePlay,2025-07-17,3001900,7},,,
Order Complete (App),,ruby_4,33000,37,찐아,446,GooglePlay,2025-07-16,262900,119},,,
Order Complete (App),,ads_remove,7700,1,오시로,4,GooglePlay,2025-08-21,0,99999999},,,
Order Complete (App),,ruby_3,11000,26,진우서우,466,GooglePlay,2025-07-28,707300,74},,,
Order Complete (App),,ruby_5,55000,37,엉망,771,GooglePlay,2025-07-17,2946900,7},,,
Order Complete (App),,ruby_3,11000,34,막내키키,432,GooglePlay,2025-07-20,180400,144},,,
Order Complete (App),,ads_remove,7700,1,하동훈,46,GooglePlay,2025-08-21,0,14470},,,
Order Complete (App),,ruby_4,33000,13,월암,301,GooglePlay,2025-08-08,221100,1831},,,
Order Complete (App),,ruby_6,110000,4,Hotal,372,GooglePlay,2025-08-18,667700,529},,,
Order Complete (App),,ruby_3,11000,13,월암,301,GooglePlay,2025-08-08,210100,1831},,,
Order Complete (App),,ruby_1,1100,26,아루맘,433,GooglePlay,2025-07-26,249700,141},,,
Order Complete (App),,ruby_2,6600,26,아루맘,433,GooglePlay,2025-07-26,249700,141},,,
Order Complete (App),,ruby_3,11000,26,아루맘,433,GooglePlay,2025-07-26,232100,141},,,
Order Complete (App),,ads_remove,7700,17,정소장,246,GooglePlay,2025-08-04,0,3381},,,
Order Complete (App),,ruby_1,1100,2,본드류,54,GooglePlay,2025-08-20,7700,12567},,,
Order Complete (App),,ruby_2,6600,2,본드류,54,GooglePlay,2025-08-20,0,12567},,,
Order Complete (App),,ruby_3,11000,12,현세표루기,253,GooglePlay,2025-08-10,69300,3059},,,
Order Complete (App),,ads_remove,7700,1,덩랜져,24,GooglePlay,2025-08-21,0,17962},,,
Order Complete (App),,ads_remove,7700,1,뿌앙대장빵셔틀,25,GooglePlay,2025-08-21,0,17961},,,
Order Complete (App),,ruby_4,33000,3,검은괭이,118,GooglePlay,2025-08-19,11000,6461},,,
Order Complete (App),,ads_remove,7700,1,마트사장,27,GooglePlay,2025-08-21,0,17960},,,
Order Complete (App),,ruby_2,6600,33,막내키키,420,GooglePlay,2025-07-20,173800,212},,,
Order Complete (App),,ruby_3,11000,10,낭강,328,GooglePlay,2025-08-12,423500,1404},,,
Order Complete (App),,ads_remove,7700,1,강장군,6,GooglePlay,2025-08-21,0,99999999},,,
Order Complete (App),,ruby_1,1100,33,막내키키,415,GooglePlay,2025-07-20,173800,212},,,
Order Complete (App),,ads_remove,7700,1,률밤,4,GooglePlay,2025-08-21,0,99999999},,,
Order Complete (App),,ruby_2,6600,33,막내키키,415,GooglePlay,2025-07-20,166100,212},,,
Order Complete (App),,ruby_5,55000,33,막내키키,415,GooglePlay,2025-07-20,111100,212},,,
Order Complete (App),,ruby_4,33000,7,먼지아빠,301,GooglePlay,2025-08-15,242000,1883},,,
Order Complete (App),,ruby_4,33000,2,강구,85,GooglePlay,2025-08-20,7700,8746},,,
Order Complete (App),,ruby_1,1100,11,김태형,269,GooglePlay,2025-08-08,89100,2660},,,
Order Complete (App),,ruby_2,6600,11,김태형,269,GooglePlay,2025-08-08,82500,2660},,,
Order Complete (App),,ads_remove,7700,1,8월22일,7,GooglePlay,2025-08-21,0,99999999},,,
Order Complete (App),,ads_remove,7700,1,전우취,11,GooglePlay,2025-08-21,0,99999999},,,
Order Complete (App),,ruby_2,6600,21,꼭두,265,GooglePlay,2025-07-31,18700,2813},,,
Order Complete (App),,ruby_4,33000,7,먼지아빠,293,GooglePlay,2025-08-15,209000,1883},,,
Order Complete (App),,ads_remove,7700,1,모래내,54,GooglePlay,2025-08-21,0,12354},,,
Order Complete (App),,ruby_1,1100,6,가나위,145,OneStore,2025-08-15,1100,5734},,,
Order Complete (App),,ruby_3,11000,2,이릿,95,GooglePlay,2025-08-20,7700,7428},,,
Order Complete (App),,ruby_3,11000,15,석찬,300,GooglePlay,2025-08-07,62700,1862},,,
Order Complete (App),,ruby_4,33000,23,얼죽뱅,326,GooglePlay,2025-07-30,64900,1576},,,
Order Complete (App),,ruby_3,11000,34,개근남,579,GooglePlay,2025-07-18,1292500,17},,,
Order Complete (App),,ads_remove,7700,1,루시피아,5,GooglePlay,2025-08-21,0,99999999},,,
Order Complete (App),,ads_remove,7700,1,흑염룡파,8,GooglePlay,2025-08-21,0,99999999},,,
Order Complete (App),,ruby_4,33000,34,사랑잉,550,GooglePlay,2025-07-19,1107700,20},,,
Order Complete (App),,ads_remove,7700,1,삐아취,5,GooglePlay,2025-08-21,0,99999999},,,
Order Complete (App),,ads_remove,7700,1,정산,28,GooglePlay,2025-08-21,0,16571},,,
Order Complete (App),,ruby_1,1100,322,권준,768,OneStore,2024-10-04,14300,92},,,
Order Complete (App),,ruby_3,11000,33,Nospoon,396,GooglePlay,2025-07-19,185900,251},,,
Order Complete (App),,ruby_3,11000,32,미야,346,GooglePlay,2025-07-21,61600,1085},,,
Order Complete (App),,ruby_3,11000,32,미야,346,GooglePlay,2025-07-21,39600,1085},,,
Order Complete (App),,ads_remove,7700,1,김개,36,GooglePlay,2025-08-21,0,16420},,,
Order Complete (App),,ruby_1,1100,14,인효바둑판,286,GooglePlay,2025-08-08,47300,2309},,,
Order Complete (App),,ruby_1,1100,14,인효바둑판,286,GooglePlay,2025-08-08,45100,2309},,,
Order Complete (App),,ruby_4,33000,15,러미,301,GooglePlay,2025-08-07,80300,1847},,,
Order Complete (App),,ruby_2,6600,1,Doc2,33,GooglePlay,2025-08-21,7700,17532},,,
Order Complete (App),,ruby_1,1100,1,Doc2,32,GooglePlay,2025-08-21,0,17532},,,
Order Complete (App),,ruby_4,33000,2,무무요,93,GooglePlay,2025-08-19,7700,8526},,,
Order Complete (App),,ads_remove,7700,1,조각달,26,GooglePlay,2025-08-21,0,17338},,,
Order Complete (App),,ruby_2,6600,13,토츠카,282,GooglePlay,2025-08-09,45100,2248},,,
Order Complete (App),,ads_remove,7700,1,무면허,6,GooglePlay,2025-08-21,0,99999999},,,
Order Complete (App),,ruby_1,1100,1,고짬덮,26,GooglePlay,2025-08-21,7700,17934},,,
Order Complete (App),,ruby_2,6600,1,고짬덮,26,GooglePlay,2025-08-21,0,17934},,,
Order Complete (App),,ruby_1,1100,294,큐브,898,OneStore,2024-10-30,101200,44},,,
Order Complete (App),,ruby_1,1100,294,큐브,898,OneStore,2024-10-30,100100,44},,,
Order Complete (App),,ruby_3,11000,24,지하수로,291,GooglePlay,2025-07-29,8800,1915},,,
Order Complete (App),,ruby_1,1100,24,지하수로,291,GooglePlay,2025-07-29,7700,1915},,,
Order Complete (App),,ruby_3,11000,7,먼지아빠,291,GooglePlay,2025-08-15,198000,1983},,,
Order Complete (App),,ruby_5,55000,1,메이플스타1,107,GooglePlay,2025-08-20,205700,7893},,,
Order Complete (App),,ruby_2,6600,19,댕댕E,369,GooglePlay,2025-08-03,104500,656},,,
Order Complete (App),,ruby_1,1100,296,엘리트와룡,854,OneStore,2024-10-30,535400,62},,,
Order Complete (App),,ruby_4,33000,20,승질승,375,GooglePlay,2025-08-02,166100,496},,,
Order Complete (App),,ruby_1,1100,2,또륭,95,GooglePlay,2025-08-20,9900,7889},,,
Order Complete (App),,ruby_1,1100,2,또륭,95,GooglePlay,2025-08-20,7700,7889},,,
Order Complete (App),,ruby_5,55000,18,삥쭈,395,GooglePlay,2025-08-04,767800,254},,,
Order Complete (App),,ruby_6,110000,18,삥쭈,395,GooglePlay,2025-08-04,657800,254},,,
Order Complete (App),,ruby_3,11000,16,zenz,427,GooglePlay,2025-08-05,559900,162},,,
Order Complete (App),,ruby_4,33000,1,반울림,46,GooglePlay,2025-08-21,0,13924},,,
Order Complete (App),,ruby_3,11000,34,개근남,578,GooglePlay,2025-07-18,1281500,17},,,
Order Complete (App),,ruby_3,11000,20,킹스날,285,GooglePlay,2025-08-01,18700,2192},,,
Order Complete (App),,ruby_6,110000,24,암부,750,GooglePlay,2025-07-29,4407700,8},,,
Order Complete (App),,ruby_3,11000,26,백설기,311,GooglePlay,2025-07-24,7700,1654},,,
Order Complete (App),,ruby_1,1100,34,용용비트,386,GooglePlay,2025-07-19,27500,353},,,
Order Complete (App),,ruby_1,1100,34,용용비트,386,GooglePlay,2025-07-19,26400,353},,,
Order Complete (App),,ruby_2,6600,34,용용비트,386,GooglePlay,2025-07-19,25300,353},,,
Order Complete (App),,ruby_3,11000,34,용용비트,386,GooglePlay,2025-07-19,7700,353},,,
Order Complete (App),,ads_remove,7700,1,유소영,7,GooglePlay,2025-08-21,0,99999999},,,
Order Complete (App),,ruby_1,1100,2,한겨울밤,55,GooglePlay,2025-08-20,7700,12532},,,
Order Complete (App),,ruby_2,6600,2,한겨울밤,55,GooglePlay,2025-08-20,0,12532},,,
Order Complete (App),,ruby_3,11000,1,고뚱,24,GooglePlay,2025-08-21,0,17914},,,
Order Complete (App),,ruby_2,6600,15,러미,291,GooglePlay,2025-08-07,73700,1904},,,
Order Complete (App),,ruby_6,110000,19,쵸돈단스,466,OneStore,2025-08-03,1118700,72},,,
Order Complete (App),,ruby_4,33000,37,김승원,560,GooglePlay,2025-07-16,1045000,18},,,
Order Complete (App),,ruby_3,11000,3,조선의검,97,GooglePlay,2025-08-18,51700,8721},,,
Order Complete (App),,ads_remove,7700,1,강철돈,4,GooglePlay,2025-08-21,0,99999999},,,
Order Complete (App),,ruby_5,55000,37,김승원,560,GooglePlay,2025-07-16,990000,18},,,
Order Complete (App),,ads_remove,7700,1,매튜스,29,GooglePlay,2025-08-21,0,17910},,,
Order Complete (App),,ruby_6,110000,8,지서니,385,GooglePlay,2025-08-14,865700,384},,,
Order Complete (App),,ruby_3,11000,1,stille,39,GooglePlay,2025-08-21,0,16920},,,
Order Complete (App),,ruby_3,11000,2,릴라고,56,GooglePlay,2025-08-20,0,11998},,,
Order Complete (App),,ads_remove,7700,1,무휼랑,8,GooglePlay,2025-08-21,0,99999999},,,
Order Complete (App),,ruby_5,55000,1,몽실이,27,GooglePlay,2025-08-21,7700,16623},,,
Order Complete (App),,ruby_5,55000,4,쿠쮜,129,GooglePlay,2025-08-18,7700,6086},,,
Order Complete (App),,ads_remove,7700,1,복씨,11,GooglePlay,2025-08-21,0,99999999},,,
Order Complete (App),,ads_remove,7700,1,왁구,6,GooglePlay,2025-08-21,0,99999999},,,
Order Complete (App),,ruby_3,11000,33,쉬밤꺼,475,GooglePlay,2025-07-19,1212200,59},,,
Order Complete (App),,ruby_4,33000,12,김난신,372,GooglePlay,2025-08-09,350900,525},,,
Order Complete (App),,ruby_6,110000,315,흑천검,1221,GooglePlay,2024-09-28,13370200,1},,,
Order Complete (App),,ruby_3,11000,33,쉬밤꺼,475,GooglePlay,2025-07-19,1201200,59},,,
Order Complete (App),,ruby_5,55000,315,흑천검,1221,GooglePlay,2024-09-28,13315200,1},,,
Order Complete (App),,ruby_5,55000,10,rette,200,GooglePlay,2025-08-03,44000,5173},,,
Order Complete (App),,ruby_5,55000,315,흑천검,1221,GooglePlay,2024-09-28,13260200,1},,,
Order Complete (App),,ruby_4,33000,315,흑천검,1221,GooglePlay,2024-09-28,13227200,1},,,
Order Complete (App),,ads_remove,7700,1,몽실이,9,GooglePlay,2025-08-21,0,99999999},,,
Order Complete (App),,ruby_1,1100,328,산초울,966,OneStore,2024-09-28,173900,19},,,
Order Complete (App),,ruby_5,55000,23,l대마왕l,390,GooglePlay,2025-07-30,293700,275},,,
Order Complete (App),,ads_remove,7700,1,혼난세,40,GooglePlay,2025-08-21,0,16616},,,
Order Complete (App),,ads_remove,7700,1,mkang,21,GooglePlay,2025-08-20,0,17899},,,
Order Complete (App),,ads_remove,7700,30,루슬롱,307,GooglePlay,2025-07-23,0,1690},,,
Order Complete (App),,ruby_1,1100,2,또륭,59,GooglePlay,2025-08-20,7700,12516},,,
Order Complete (App),,ruby_2,6600,2,또륭,59,GooglePlay,2025-08-20,0,12516},,,
Order Complete (App),,ruby_3,11000,10,오지다리,237,GooglePlay,2025-08-12,20900,3566},,,
Order Complete (App),,ruby_3,11000,13,월암,296,GooglePlay,2025-08-08,199100,1893},,,
Order Complete (App),,ads_remove,7700,2,호돌롤로,14,GooglePlay,2025-08-20,0,99999999},,,
Order Complete (App),,ruby_3,11000,309,전설방패,886,OneStore,2024-10-16,276700,51},,,
Order Complete (App),,ruby_4,33000,22,꾸이짱,301,GooglePlay,2025-07-31,62700,1728},,,
Order Complete (App),,ruby_4,33000,1,메이플스타1,78,GooglePlay,2025-08-20,172700,14409},,,
Order Complete (App),,ruby_5,55000,1,메이플스타1,78,GooglePlay,2025-08-20,117700,14409},,,
Order Complete (App),,ads_remove,7700,1,불닭집,11,GooglePlay,2025-08-21,0,99999999},,,
Order Complete (App),,ads_remove,7700,1,사자왕김사자,24,GooglePlay,2025-08-21,0,17890},,,
Order Complete (App),,ads_remove,7700,1,뵤햄,26,GooglePlay,2025-08-20,0,17886},,,
Order Complete (App),,ruby_1,1100,16,젤이쁜울아덜,330,GooglePlay,2025-08-06,189200,1373},,,
Order Complete (App),,ruby_1,1100,16,젤이쁜울아덜,330,GooglePlay,2025-08-06,188100,1373},,,
Order Complete (App),,ads_remove,7700,1,난세고수,11,GooglePlay,2025-08-21,0,99999999},,,
Order Complete (App),,ruby_2,6600,16,리혜,381,GooglePlay,2025-08-05,229900,420},,,
Order Complete (App),,ruby_5,55000,16,리혜,381,GooglePlay,2025-08-05,174900,420},,,
Order Complete (App),,ruby_6,110000,305,무과금의교과서,1170,GooglePlay,2024-10-21,10591800,3},,,
Order Complete (App),,ruby_4,33000,34,개근남,576,GooglePlay,2025-07-18,1248500,17},,,
Order Complete (App),,ruby_3,11000,34,개근남,576,GooglePlay,2025-07-18,1237500,17},,,
Order Complete (App),,ruby_6,110000,305,무과금의교과서,1170,GooglePlay,2024-10-21,10481800,3},,,
Order Complete (App),,ruby_6,110000,305,무과금의교과서,1170,GooglePlay,2024-10-21,10371800,3},,,
Order Complete (App),,ruby_6,110000,1,메이플스타1,38,GooglePlay,2025-08-20,7700,16725},,,
Order Complete (App),,ruby_4,33000,10,낭강,318,GooglePlay,2025-08-12,390500,1566},,,
Order Complete (App),,ads_remove,7700,1,태종태새비욘세,8,GooglePlay,2025-08-20,0,99999999},,,
Order Complete (App),,ruby_3,11000,33,이천공안,388,GooglePlay,2025-07-19,177100,342},,,
Order Complete (App),,ruby_3,11000,33,이천공안,388,GooglePlay,2025-07-19,155100,342},,,
Order Complete (App),,ruby_3,11000,33,이천공안,388,GooglePlay,2025-07-19,144100,342},,,
Order Complete (App),,ads_remove,7700,1,느려용,8,GooglePlay,2025-08-20,0,99999999},,,
Order Complete (App),,ads_remove,7700,1,메이플스타1,5,GooglePlay,2025-08-20,0,99999999},,,
Order Complete (App),,ruby_3,11000,34,은선,445,GooglePlay,2025-07-19,304700,116},,,
Order Complete (App),,ruby_4,33000,15,러미,271,GooglePlay,2025-08-07,40700,2550},,,
Order Complete (App),,ads_remove,7700,3,백이천사,69,GooglePlay,2025-08-19,0,10007},,,
Order Complete (App),,ruby_3,11000,7,쥬리찌유,190,GooglePlay,2025-08-13,7700,4580},,,
Order Complete (App),,ruby_3,11000,33,하야안,412,GooglePlay,2025-07-20,364100,211},,,
Order Complete (App),,ruby_2,6600,33,하야안,412,GooglePlay,2025-07-20,357500,211},,,
Order Complete (App),,ruby_4,33000,2,큐앤비,151,GooglePlay,2025-08-19,36300,5601},,,
Order Complete (App),,ruby_1,1100,37,악마,882,OneStore,2025-07-15,4089800,3},,,
Order Complete (App),,ruby_1,1100,2,한글로6자,92,GooglePlay,2025-08-20,49500,7867},,,
Order Complete (App),,ruby_1,1100,37,악마,882,OneStore,2025-07-15,4088700,3},,,
Order Complete (App),,ruby_1,1100,2,한글로6자,92,GooglePlay,2025-08-20,48400,7867},,,
Order Complete (App),,ruby_1,1100,37,악마,882,OneStore,2025-07-15,4087600,3},,,
Order Complete (App),,ruby_1,1100,2,한글로6자,92,GooglePlay,2025-08-20,47300,7867},,,
Order Complete (App),,ads_remove,7700,1,깡통너구리,6,GooglePlay,2025-08-20,0,99999999},,,
Order Complete (App),,ruby_5,55000,20,조메기,437,GooglePlay,2025-08-02,548900,129},,,
Order Complete (App),,ruby_1,1100,27,격공,307,OneStore,2025-07-26,24200,1669},,,
Order Complete (App),,ruby_3,11000,31,보보부복,372,GooglePlay,2025-07-22,179300,513},,,
Order Complete (App),,ruby_3,11000,25,톰달,370,GooglePlay,2025-07-28,216700,593},,,
Order Complete (App),,ruby_4,33000,25,밥이,468,GooglePlay,2025-07-28,563200,64},,,
Order Complete (App),,ruby_5,55000,25,밥이,465,GooglePlay,2025-07-28,508200,76},,,
Order Complete (App),,ruby_4,33000,20,조메기,435,GooglePlay,2025-08-02,548900,133},,,
Order Complete (App),,ruby_4,33000,23,냉균,446,GooglePlay,2025-07-29,623700,115},,,
Order Complete (App),,ruby_4,33000,25,푸르스텔라,298,GooglePlay,2025-07-27,40700,1755},,,
Order Complete (App),,ruby_3,11000,25,밥이,465,GooglePlay,2025-07-28,497200,76},,,
Order Complete (App),,ruby_4,33000,25,밥이,465,GooglePlay,2025-07-28,464200,76},,,
Order Complete (App),,ads_remove,7700,1,박대디,34,GooglePlay,2025-08-20,0,16702},,,
Order Complete (App),,ruby_3,11000,17,노조원,308,GooglePlay,2025-08-05,14300,1654},,,
Order Complete (App),,ruby_2,6600,2,한글로6자,76,GooglePlay,2025-08-20,40700,9295},,,
Order Complete (App),,ruby_4,33000,2,한글로6자,76,GooglePlay,2025-08-20,7700,9295},,,
Order Complete (App),,ruby_4,33000,2,퓨즈티,32,GooglePlay,2025-07-27,0,16885},,,
Order Complete (App),,ruby_4,33000,34,쟁요,538,GooglePlay,2025-07-19,927300,24},,,
Order Complete (App),,ruby_2,6600,34,쟁요,538,GooglePlay,2025-07-19,920700,24},,,
Order Complete (App),,ruby_4,33000,35,표류중,385,GooglePlay,2025-07-18,40700,368},,,
Order Complete (App),,ruby_4,33000,35,표류중,384,GooglePlay,2025-07-18,7700,380},,,
Order Complete (App),,ads_remove,7700,1,미스티,8,GooglePlay,2025-08-20,0,99999999},,,
Order Complete (App),,ruby_5,55000,33,talgol,450,GooglePlay,2025-07-20,414700,102},,,
Order Complete (App),,ruby_5,55000,279,튜토리얼,1167,GooglePlay,2024-11-15,4325000,4},,,
Order Complete (App),,ruby_1,1100,328,해요,925,OneStore,2024-09-28,36300,35},,,
Order Complete (App),,ruby_2,6600,17,조승연,526,GooglePlay,2025-08-04,1785300,31},,,
Order Complete (App),,ruby_1,1100,328,해요,925,OneStore,2024-09-28,35200,35},,,
Order Complete (App),,ruby_2,6600,25,밥이,460,GooglePlay,2025-07-28,457600,84},,,
Order Complete (App),,ruby_6,110000,30,Raid,813,GooglePlay,2025-07-22,4072200,5},,,
Order Complete (App),,ruby_3,11000,25,밥이,459,GooglePlay,2025-07-28,446600,85},,,
Order Complete (App),,ruby_2,6600,17,조승연,526,GooglePlay,2025-08-04,1778700,31},,,
Order Complete (App),,ads_remove,7700,2,공동정범,24,GooglePlay,2025-08-19,0,17864},,,
Order Complete (App),,ruby_5,55000,30,Raid,813,GooglePlay,2025-07-22,4017200,5},,,
Order Complete (App),,ruby_3,11000,6,눈떠보니난린이,271,GooglePlay,2025-08-15,260700,2937},,,
Order Complete (App),,ads_remove,7700,1,기무농,10,GooglePlay,2025-08-20,0,99999999},,,
Order Complete (App),,ruby_4,33000,6,DeerPoro,308,GooglePlay,2025-08-16,358600,1905},,,
Order Complete (App),,ruby_3,11000,20,잽삐,315,GooglePlay,2025-08-02,77000,1574},,,
Order Complete (App),,ruby_1,1100,2,유안파파,57,GooglePlay,2025-08-20,7700,13866},,,
Order Complete (App),,ruby_2,6600,2,유안파파,57,GooglePlay,2025-08-20,0,13866},,,
Order Complete (App),,ads_remove,7700,1,꽝철사냥,5,GooglePlay,2025-08-20,0,99999999},,,
Order Complete (App),,ruby_5,55000,6,눈떠보니난린이,262,GooglePlay,2025-08-15,205700,2937},,,
Order Complete (App),,ruby_4,33000,13,하뚜루,268,GooglePlay,2025-08-09,60500,2593},,,
Order Complete (App),,ruby_6,110000,30,Raid,807,GooglePlay,2025-07-22,3907200,5},,,
Order Complete (App),,ruby_5,55000,30,Raid,807,GooglePlay,2025-07-22,3852200,5},,,
Order Complete (App),,ruby_3,11000,26,허어어니,466,GooglePlay,2025-07-27,587400,68},,,
Order Complete (App),,ruby_6,110000,6,DeerPoro,291,GooglePlay,2025-08-16,248600,1905},,,
Order Complete (App),,ruby_2,6600,26,허어어니,466,GooglePlay,2025-07-27,580800,68},,,
Order Complete (App),,ads_remove,7700,2,ewsg,66,GooglePlay,2025-08-20,0,10573},,,
Order Complete (App),,ruby_4,33000,36,엉망,771,GooglePlay,2025-07-17,2946900,7},,,
Order Complete (App),,ruby_5,55000,36,엉망,771,GooglePlay,2025-07-17,2858900,7},,,
Order Complete (App),,ruby_6,110000,30,Raid,796,GooglePlay,2025-07-22,3742200,5},,,
Order Complete (App),,ruby_1,1100,6,joata,208,GooglePlay,2025-08-16,7700,4244},,,
Order Complete (App),,ruby_2,6600,6,joata,208,GooglePlay,2025-08-16,0,4244},,,
Order Complete (App),,ruby_4,33000,34,대명,524,GooglePlay,2025-07-19,800800,36},,,
Order Complete (App),,ruby_3,11000,34,대명,523,GooglePlay,2025-07-19,789800,36},,,
Order Complete (App),,ruby_6,110000,20,웅이아부지,438,GooglePlay,2025-08-02,777700,128},,,
Order Complete (App),,ruby_1,1100,328,막내시로,964,GooglePlay,2024-09-28,180900,20},,,
Order Complete (App),,ruby_2,6600,23,코리아se스머신,496,GooglePlay,2025-07-30,1240800,43},,,
Order Complete (App),,ruby_2,6600,28,갓세종,458,GooglePlay,2025-07-24,434500,88},,,
Order Complete (App),,ruby_3,11000,19,오우빈,196,GooglePlay,2025-08-03,0,4372},,,
Order Complete (App),,ruby_4,33000,35,재아님,371,GooglePlay,2025-07-18,62700,519},,,
Order Complete (App),,ruby_1,1100,6,뽈랑,240,GooglePlay,2025-08-16,59400,3513},,,
Order Complete (App),,ruby_1,1100,6,뽈랑,240,GooglePlay,2025-08-16,57200,3513},,,
Order Complete (App),,ruby_2,6600,6,뽈랑,240,GooglePlay,2025-08-16,50600,3513},,,
Order Complete (App),,ruby_1,1100,22,한탕주의자,288,OneStore,2025-07-31,3300,1976},,,
Order Complete (App),,ruby_1,1100,5,그저joat,185,GooglePlay,2025-08-17,7700,4826},,,
Order Complete (App),,ruby_2,6600,5,그저joat,185,GooglePlay,2025-08-17,0,4826},,,
Order Complete (App),,ruby_3,11000,6,인간홍삼,277,GooglePlay,2025-08-16,231000,2295},,,
Order Complete (App),,ruby_1,1100,324,실타래,902,OneStore,2024-10-01,57200,42},,,
Order Complete (App),,ruby_3,11000,327,동행,1134,OneStore,2024-09-29,4359200,5},,,
Order Complete (App),,ruby_3,11000,1,순대뛰어,71,GooglePlay,2025-08-20,18700,9725},,,
Order Complete (App),,ruby_3,11000,1,순대뛰어,71,GooglePlay,2025-08-20,7700,9725},,,
Order Complete (App),,ads_remove,7700,1,주노리,23,GooglePlay,2025-08-20,0,17842},,,
Order Complete (App),,ruby_3,11000,5,Ya생마,168,GooglePlay,2025-08-16,7700,5243},,,
Order Complete (App),,ads_remove,7700,1,읫닝,25,GooglePlay,2025-08-20,0,17430},,,
Order Complete (App),,ruby_3,11000,20,쌈쟁이,374,GooglePlay,2025-07-31,711700,473},,,
Order Complete (App),,ruby_3,11000,12,아무뭉,263,GooglePlay,2025-08-08,48400,2786},,,
Order Complete (App),,ruby_3,11000,1,핑크공주,53,GooglePlay,2025-08-20,18700,12702},,,
Order Complete (App),,ruby_2,6600,2,짱꾸,92,GooglePlay,2025-08-19,51700,7622},,,
Order Complete (App),,ruby_3,11000,1,핑크공주,53,GooglePlay,2025-08-20,7700,12702},,,
Order Complete (App),,ruby_3,11000,2,짱꾸,92,GooglePlay,2025-08-19,40700,7622},,,
Order Complete (App),,ruby_4,33000,2,짱꾸,92,GooglePlay,2025-08-19,7700,7622},,,
Order Complete (App),,ruby_1,1100,34,방랑검객,442,OneStore,2025-07-17,251900,121},,,
Order Complete (App),,ads_remove,7700,1,순대뛰어,51,GooglePlay,2025-08-20,0,14365},,,
Order Complete (App),,ruby_3,11000,1,살포시날다,36,GooglePlay,2025-08-20,7700,16682},,,
Order Complete (App),,ruby_5,55000,3,Hotal,354,GooglePlay,2025-08-18,612700,882},,,
Order Complete (App),,ads_remove,7700,1,가갸,14,GooglePlay,2025-08-20,0,99999999},,,
Order Complete (App),,ads_remove,7700,1,강구,7,GooglePlay,2025-08-20,0,99999999},,,
Order Complete (App),,ruby_5,55000,9,고슬,336,OneStore,2025-08-12,209000,1175},,,
Order Complete (App),,ruby_2,6600,9,낭강,306,GooglePlay,2025-08-12,383900,1918},,,
Order Complete (App),,ruby_3,11000,33,태백,525,GooglePlay,2025-07-18,957000,31},,,
Order Complete (App),,ruby_4,33000,27,이지대장,351,GooglePlay,2025-07-25,100100,910},,,
Order Complete (App),,ruby_4,33000,31,김견,445,GooglePlay,2025-07-20,557700,114},,,
Order Complete (App),,ruby_5,55000,9,낭강,297,GooglePlay,2025-08-12,328900,1918},,,
Order Complete (App),,ruby_2,6600,4,계란말이정식,129,GooglePlay,2025-08-17,7700,6121},,,
Order Complete (App),,ads_remove,7700,1,제이빠끄,14,GooglePlay,2025-08-20,0,99999999},,,
Order Complete (App),,ruby_3,11000,2,조선의검,73,GooglePlay,2025-08-18,40700,9588},,,
Order Complete (App),,ruby_3,11000,20,IPZA,370,GooglePlay,2025-07-31,99000,538},,,
Order Complete (App),,ads_remove,7700,1,요괴,26,GooglePlay,2025-08-20,0,16671},,,
Order Complete (App),,ruby_3,11000,4,혜정아,92,GooglePlay,2025-07-29,18700,8468},,,
Order Complete (App),,ads_remove,7700,1,옆길로새,44,GooglePlay,2025-08-20,0,16304},,,
Order Complete (App),,ruby_2,6600,2,비화가야,58,GooglePlay,2025-08-19,7700,11934},,,
Order Complete (App),,ruby_1,1100,2,비화가야,58,GooglePlay,2025-08-19,0,11934},,,
Order Complete (App),,ads_remove,7700,1,후미,4,GooglePlay,2025-08-20,0,99999999},,,
Order Complete (App),,ads_remove,7700,1,살포시날다,8,GooglePlay,2025-08-20,0,99999999},,,
Order Complete (App),,ruby_3,11000,20,꼬미몽,301,GooglePlay,2025-07-27,20900,1688},,,
Order Complete (App),,ruby_4,33000,20,담다미,289,GooglePlay,2025-08-01,36300,1923},,,
Order Complete (App),,ruby_3,11000,20,쌈쟁이,371,GooglePlay,2025-07-31,700700,508},,,
Order Complete (App),,ads_remove,7700,1,일품,8,GooglePlay,2025-08-20,0,99999999},,,
Order Complete (App),,ruby_3,11000,24,히스님,307,GooglePlay,2025-07-28,18700,1653},,,
Order Complete (App),,ruby_3,11000,14,러미,267,GooglePlay,2025-08-07,29700,2639},,,
Order Complete (App),,ruby_5,55000,18,김루팡,384,GooglePlay,2025-08-03,479600,396},,,
Order Complete (App),,ads_remove,7700,1,콤페,6,GooglePlay,2025-08-20,0,99999999},,,
Order Complete (App),,ruby_4,33000,9,낭강,289,GooglePlay,2025-08-12,295900,1918},,,
Order Complete (App),,ads_remove,7700,5,밸밸,117,GooglePlay,2025-08-15,0,6576},,,
Order Complete (App),,ads_remove,7700,1,프롬은,19,GooglePlay,2025-08-20,0,99999999},,,
Order Complete (App),,ads_remove,7700,1,라아타,53,GooglePlay,2025-08-19,0,12691},,,
Order Complete (App),,ruby_1,1100,326,다륜,951,OneStore,2024-09-29,41800,23},,,
Order Complete (App),,ruby_6,110000,3,Hotal,345,GooglePlay,2025-08-18,502700,1213},,,
Order Complete (App),,ruby_6,110000,3,Hotal,345,GooglePlay,2025-08-18,502700,1213},,,
Order Complete (App),,ruby_5,55000,35,덕풍동시라소니,643,GooglePlay,2025-07-16,1845800,13},,,
Order Complete (App),,ruby_1,1100,1,참시백,24,GooglePlay,2025-08-20,7700,17805},,,
Order Complete (App),,ruby_2,6600,1,참시백,24,GooglePlay,2025-08-20,0,17805},,,
Order Complete (App),,ruby_2,6600,1,참시백,24,GooglePlay,2025-08-20,0,17805},,,
Order Complete (App),,ruby_1,1100,327,한지민,899,OneStore,2024-09-28,36700,43},,,
Order Complete (App),,ruby_1,1100,327,한지민,899,OneStore,2024-09-28,36700,43},,,
Order Complete (App),,ruby_1,1100,327,한지민,899,OneStore,2024-09-28,35600,43},,,
Order Complete (App),,ruby_3,11000,15,펭구7,368,GooglePlay,2025-08-05,316800,573},,,
Order Complete (App),,ruby_2,6600,2,롯데자이언츠,57,GooglePlay,2025-08-19,7700,11762},,,
Order Complete (App),,ruby_1,1100,2,롯데자이언츠,57,GooglePlay,2025-08-19,0,11762},,,
Order Complete (App),,ads_remove,7700,1,orm,8,GooglePlay,2025-08-20,0,99999999},,,
Order Complete (App),,ruby_2,6600,19,뽄요,286,GooglePlay,2025-08-02,169400,2056},,,
Order Complete (App),,ruby_2,6600,9,고슬,334,OneStore,2025-08-12,154000,1196},,,
Order Complete (App),,ruby_4,33000,9,낭강,288,GooglePlay,2025-08-12,262900,1949},,,
Order Complete (App),,ruby_6,110000,34,KIRA,971,GooglePlay,2025-07-18,10237700,1},,,
Order Complete (App),,ads_remove,7700,1,노평근,12,GooglePlay,2025-08-20,0,99999999},,,
Order Complete (App),,ads_remove,7700,1,이순산,5,GooglePlay,2025-08-20,0,99999999},,,
Order Complete (App),,ads_remove,7700,1,휘락,5,GooglePlay,2025-08-20,0,99999999},,,
Order Complete (App),,ruby_3,11000,29,누나좋아,454,GooglePlay,2025-07-22,937200,88},,,
Order Complete (App),,ruby_3,11000,1,판광,54,GooglePlay,2025-08-20,40700,12998},,,
Order Complete (App),,ads_remove,7700,1,빡씬,47,GooglePlay,2025-08-20,0,13809},,,
Order Complete (App),,ruby_4,33000,19,조메기,430,GooglePlay,2025-08-02,515900,144},,,
Order Complete (App),,ads_remove,7700,1,아오진,5,GooglePlay,2025-08-20,0,99999999},,,
Order Complete (App),,ruby_3,11000,1,ckk,36,GooglePlay,2025-08-20,0,17779},,,
Order Complete (App),,ads_remove,7700,1,영양분,4,GooglePlay,2025-08-20,0,99999999},,,
Order Complete (App),,ads_remove,7700,1,윤이파파,15,GooglePlay,2025-08-20,0,99999999},,,
Order Complete (App),,ads_remove,7700,1,하이어,26,GooglePlay,2025-08-19,0,17738},,,
Order Complete (App),,ruby_4,33000,18,김루팡,374,GooglePlay,2025-08-03,446600,458},,,
Order Complete (App),,ruby_4,33000,2,조선의검,71,GooglePlay,2025-08-18,7700,10085},,,
Order Complete (App),,ruby_1,1100,34,김인서,381,GooglePlay,2025-07-18,27500,385},,,
Order Complete (App),,ruby_1,1100,34,김인서,381,GooglePlay,2025-07-18,27500,385},,,
Order Complete (App),,ruby_2,6600,34,김인서,381,GooglePlay,2025-07-18,25300,385},,,
Order Complete (App),,ruby_3,11000,34,김인서,381,GooglePlay,2025-07-18,7700,385},,,
Order Complete (App),,ruby_3,11000,18,김루팡,373,GooglePlay,2025-08-03,435600,458},,,
Order Complete (App),,ruby_1,1100,32,초록메뚜기,421,GooglePlay,2025-07-19,163900,185},,,
Order Complete (App),,ruby_1,1100,32,초록메뚜기,421,GooglePlay,2025-07-19,161700,185},,,
Order Complete (App),,ruby_1,1100,5,변화,121,GooglePlay,2025-08-16,7700,6166},,,
Order Complete (App),,ruby_2,6600,5,변화,121,GooglePlay,2025-08-16,0,6166},,,
Order Complete (App),,ads_remove,7700,2,므앙,32,GooglePlay,2025-06-27,0,10605},,,
Order Complete (App),,ads_remove,7700,1,한글로6자,17,GooglePlay,2025-08-20,0,99999999},,,
Order Complete (App),,ruby_2,6600,25,아루맘,430,GooglePlay,2025-07-26,225500,143},,,
Order Complete (App),,ruby_2,6600,25,아루맘,430,GooglePlay,2025-07-26,218900,143},,,
Order Complete (App),,ruby_5,55000,33,김죠,432,GooglePlay,2025-07-19,326700,136},,,
Order Complete (App),,ads_remove,7700,1,홍길동왕,4,GooglePlay,2025-08-20,0,99999999},,,
Order Complete (App),,ruby_4,33000,34,도재,449,GooglePlay,2025-07-18,253000,101},,,
Order Complete (App),,ruby_6,110000,29,초홍볶,450,GooglePlay,2025-07-23,447700,99},,,
Order Complete (App),,ruby_4,33000,1,판광,36,GooglePlay,2025-08-20,7700,16310},,,
Order Complete (App),,ruby_6,110000,3,Hotal,278,GooglePlay,2025-08-18,392700,2295},,,
Order Complete (App),,ruby_3,11000,326,동행,1134,OneStore,2024-09-29,4348200,5},,,
Order Complete (App),,ads_remove,7700,1,이릿,4,GooglePlay,2025-08-20,0,99999999},,,
Order Complete (App),,ruby_4,33000,2,김창식씌,140,GooglePlay,2025-08-19,58300,5994},,,
Order Complete (App),,ads_remove,7700,1,정도령이라니까,41,GooglePlay,2025-08-19,0,14720},,,
Order Complete (App),,ruby_2,6600,5,nakju1,186,GooglePlay,2025-08-16,55000,4724},,,
Order Complete (App),,ruby_4,33000,9,낭강,285,GooglePlay,2025-08-12,229900,2114},,,
Order Complete (App),,ruby_4,33000,2,김창식씌,127,GooglePlay,2025-08-19,25300,6369},,,
Order Complete (App),,ruby_2,6600,34,그것이섯다,429,GooglePlay,2025-07-18,851400,145},,,
Order Complete (App),,ruby_2,6600,34,그것이섯다,429,GooglePlay,2025-07-18,851400,145},,,
Order Complete (App),,ads_remove,7700,2,ASHION,31,GooglePlay,2025-08-15,0,16766},,,
Order Complete (App),,ruby_4,33000,9,낭강,271,GooglePlay,2025-08-12,196900,2426},,,
Order Complete (App),,ads_remove,7700,1,도대체가,5,GooglePlay,2025-08-20,0,99999999},,,
Order Complete (App),,ads_remove,7700,1,핑크공주,4,GooglePlay,2025-08-20,0,99999999},,,
Order Complete (App),,ruby_1,1100,2,칼방원,117,GooglePlay,2025-08-19,18700,6610},,,
Order Complete (App),,ruby_3,11000,27,더베,316,GooglePlay,2025-07-25,7700,1510},,,
Order Complete (App),,ruby_1,1100,16,조승연,524,GooglePlay,2025-08-04,1777600,33},,,
Order Complete (App),,ads_remove,7700,1,판광,4,GooglePlay,2025-08-20,0,99999999},,,
Order Complete (App),,ruby_3,11000,2,김창식씌,119,GooglePlay,2025-08-19,14300,6369},,,
Order Complete (App),,ruby_3,11000,25,허어어니,463,GooglePlay,2025-07-27,569800,79},,,
Order Complete (App),,ruby_2,6600,2,김창식씌,118,GooglePlay,2025-08-19,7700,6369},,,
Order Complete (App),,ruby_1,1100,304,제이드,566,OneStore,2024-10-16,51700,274},,,
Order Complete (App),,ruby_1,1100,304,제이드,566,OneStore,2024-10-16,50600,274},,,
Order Complete (App),,ruby_2,6600,24,주정배이,252,GooglePlay,2025-07-27,28600,3045},,,
Order Complete (App),,ads_remove,7700,1,에르메스매직스틱,9,GooglePlay,2025-08-20,0,99999999},,,
Order Complete (App),,ruby_3,11000,20,펜뷰,337,GooglePlay,2025-08-01,29700,1121},,,
Order Complete (App),,ruby_2,6600,1,큐앤비,101,GooglePlay,2025-08-19,29700,7324},,,
Order Complete (App),,ruby_3,11000,1,안주땡기,25,GooglePlay,2025-08-19,0,17139},,,
Order Complete (App),,ruby_3,11000,29,행수,365,GooglePlay,2025-07-23,56100,703},,,
Order Complete (App),,ruby_3,11000,2,검은괭이,72,GooglePlay,2025-08-19,0,9666},,,
Order Complete (App),,ruby_4,33000,5,루터스,99,GooglePlay,2025-07-15,11000,5904},,,
Order Complete (App),,ads_remove,7700,1,독고독0,11,GooglePlay,2025-08-19,0,99999999},,,
Order Complete (App),,ruby_2,6600,32,태굥,386,GooglePlay,2025-07-19,113300,304},,,
Order Complete (App),,ruby_3,11000,32,태굥,386,GooglePlay,2025-07-19,95700,304},,,
Order Complete (App),,ruby_4,33000,22,냉균,438,GooglePlay,2025-07-29,590700,118},,,
Order Complete (App),,ruby_4,33000,2,넛지,93,GooglePlay,2025-08-19,7700,7427},,,
Order Complete (App),,ruby_3,11000,29,나류토,347,GooglePlay,2025-07-22,128700,964},,,
Order Complete (App),,ruby_2,6600,20,담온누리,280,GooglePlay,2025-07-30,14300,2185},,,
Order Complete (App),,ruby_1,1100,25,아루맘,430,GooglePlay,2025-07-26,217800,143},,,
Order Complete (App),,ruby_3,11000,5,루터스,83,GooglePlay,2025-07-15,0,5904},,,
Order Complete (App),,ruby_1,1100,284,산나,903,OneStore,2024-10-04,66600,41},,,
Order Complete (App),,ads_remove,7700,6,앙두,178,GooglePlay,2025-08-15,0,5175},,,
Order Complete (App),,ruby_4,33000,5,nakju1,178,GooglePlay,2025-08-16,22000,4971},,,
Order Complete (App),,ruby_1,1100,293,큐브,896,OneStore,2024-10-30,99000,45},,,
Order Complete (App),,ruby_1,1100,293,큐브,896,OneStore,2024-10-30,97900,45},,,
Order Complete (App),,ruby_3,11000,7,설후아빠,272,GooglePlay,2025-08-14,118800,2331},,,
Order Complete (App),,ruby_1,1100,317,카오스,927,OneStore,2024-10-08,30100,32},,,
Order Complete (App),,ruby_1,1100,317,카오스,927,OneStore,2024-10-08,29000,32},,,
Order Complete (App),,ruby_2,6600,7,설후아빠,272,GooglePlay,2025-08-14,101200,2331},,,
Order Complete (App),,ruby_1,1100,317,카오스,927,OneStore,2024-10-08,27900,32},,,
Order Complete (App),,ruby_1,1100,27,윤이나,347,GooglePlay,2025-07-25,42900,961},,,
Order Complete (App),,ruby_1,1100,27,윤이나,347,GooglePlay,2025-07-25,42900,961},,,
Order Complete (App),,ruby_1,1100,27,윤이나,347,GooglePlay,2025-07-25,42900,961},,,
Order Complete (App),,ruby_1,1100,27,윤이나,347,GooglePlay,2025-07-25,40700,961},,,
Order Complete (App),,ruby_1,1100,27,윤이나,347,GooglePlay,2025-07-25,37400,961},,,
Order Complete (App),,ruby_4,33000,15,젤이쁜울아덜,298,GooglePlay,2025-08-06,155100,1681},,,
Order Complete (App),,ruby_5,55000,8,슬2,488,OneStore,2025-08-13,2710400,50},,,
Order Complete (App),,ruby_6,110000,8,슬2,488,OneStore,2025-08-13,2655400,50},,,
Order Complete (App),,ads_remove,7700,1,임당임당,4,GooglePlay,2025-08-19,0,99999999},,,
Order Complete (App),,ruby_1,1100,33,재밌는친구,368,OneStore,2025-07-19,17600,546},,,
Order Complete (App),,ruby_2,6600,4,난세표류기2기,101,GooglePlay,2025-08-17,7700,6998},,,
Order Complete (App),,ruby_1,1100,4,난세표류기2기,101,GooglePlay,2025-08-17,0,6998},,,
Order Complete (App),,ads_remove,7700,1,바르미,11,GooglePlay,2025-08-19,0,99999999},,,
Order Complete (App),,ruby_3,11000,1,큐앤비,41,GooglePlay,2025-08-19,18700,14687},,,
Order Complete (App),,ruby_3,11000,1,큐앤비,41,GooglePlay,2025-08-19,7700,14687},,,
Order Complete (App),,ads_remove,7700,1,큐앤비,8,GooglePlay,2025-08-19,0,99999999},,,
Order Complete (App),,ruby_1,1100,33,꿀망고,370,GooglePlay,2025-07-16,67100,518},,,
Order Complete (App),,ruby_1,1100,33,꿀망고,370,GooglePlay,2025-07-16,64900,518},,,
Order Complete (App),,ruby_3,11000,33,꿀망고,370,GooglePlay,2025-07-16,53900,518},,,
Order Complete (App),,ruby_2,6600,3,갸지니,119,GooglePlay,2025-08-18,18700,6259},,,
Order Complete (App),,ruby_3,11000,3,갸지니,118,GooglePlay,2025-08-18,7700,6356},,,
Order Complete (App),,ads_remove,7700,1,우렁,11,GooglePlay,2025-08-19,0,99999999},,,
Order Complete (App),,ruby_2,6600,1,한국사장인,66,GooglePlay,2025-08-19,7700,14253},,,
Order Complete (App),,ads_remove,7700,1,별비내리는밤,4,GooglePlay,2025-08-19,0,99999999},,,
Order Complete (App),,ads_remove,7700,1,채가,67,GooglePlay,2025-08-19,0,10232},,,
Order Complete (App),,ruby_3,11000,5,nakju1,167,GooglePlay,2025-08-16,11000,5581},,,
Order Complete (App),,ads_remove,7700,1,르아스,25,GooglePlay,2025-07-16,0,17699},,,
Order Complete (App),,ads_remove,7700,1,히샤,9,GooglePlay,2025-08-19,0,99999999},,,
Order Complete (App),,ruby_4,33000,16,조승연,522,GooglePlay,2025-08-04,1744600,33},,,
Order Complete (App),,ruby_1,1100,25,허어어니,459,GooglePlay,2025-07-27,568700,82},,,
Order Complete (App),,ruby_6,110000,12,찐내,281,GooglePlay,2025-08-09,102300,2181},,,
Order Complete (App),,ruby_2,6600,25,허어어니,458,GooglePlay,2025-07-27,562100,82},,,
Order Complete (App),,ads_remove,7700,1,한국사장인,24,GooglePlay,2025-08-19,0,17697},,,
Order Complete (App),,ads_remove,7700,1,흑쭈니,24,GooglePlay,2025-08-19,0,17694},,,
Order Complete (App),,ads_remove,7700,2,기짜니짱,46,GooglePlay,2025-08-19,0,13731},,,
Order Complete (App),,ruby_4,33000,22,마늘쫑,367,GooglePlay,2025-07-30,315700,694},,,
Order Complete (App),,ads_remove,7700,1,디엘,8,GooglePlay,2025-08-19,0,99999999},,,
Order Complete (App),,ads_remove,7700,1,유서,9,GooglePlay,2025-08-19,0,99999999},,,
Order Complete (App),,ruby_3,11000,5,nakju1,146,GooglePlay,2025-08-16,0,5577},,,
Order Complete (App),,ads_remove,7700,1,무무요,14,GooglePlay,2025-08-19,0,99999999},,,
Order Complete (App),,ruby_2,6600,6,레스메디,195,GooglePlay,2025-08-15,14300,4467},,,
Order Complete (App),,ruby_2,6600,21,하품,241,GooglePlay,2025-07-23,14300,3490},,,
Order Complete (App),,ruby_5,55000,22,마늘쫑,364,GooglePlay,2025-07-30,260700,694},,,
Order Complete (App),,ruby_3,11000,5,DeerPoro,279,GooglePlay,2025-08-16,237600,2177},,,
Order Complete (App),,ads_remove,7700,1,단풍백,25,GooglePlay,2025-08-19,0,17693},,,
Order Complete (App),,ruby_4,33000,33,무향후,397,GooglePlay,2025-07-19,58300,224},,,
Order Complete (App),,ruby_4,33000,15,일본인,427,GooglePlay,2025-08-05,762300,150},,,
Order Complete (App),,ruby_1,1100,26,그루터기,488,GooglePlay,2025-07-26,1079100,47},,,
Order Complete (App),,ruby_1,1100,26,그루터기,488,GooglePlay,2025-07-26,1078000,47},,,
Order Complete (App),,ruby_1,1100,26,그루터기,488,GooglePlay,2025-07-26,1075800,47},,,
Order Complete (App),,ruby_1,1100,17,눈의산들,338,GooglePlay,2025-08-03,231000,1071},,,
Order Complete (App),,ruby_1,1100,17,눈의산들,338,GooglePlay,2025-08-03,229900,1071},,,
Order Complete (App),,ruby_1,1100,17,눈의산들,338,GooglePlay,2025-08-03,227700,1071},,,
Order Complete (App),,ruby_2,6600,2,커버,76,GooglePlay,2025-08-19,18700,11089},,,
Order Complete (App),,ruby_1,1100,25,헤나,367,OneStore,2025-07-26,14300,567},,,
Order Complete (App),,ruby_1,1100,25,헤나,367,OneStore,2025-07-26,13200,567},,,
Order Complete (App),,ruby_4,33000,18,NADUNG,269,GooglePlay,2025-08-03,40700,2734},,,
Order Complete (App),,ruby_3,11000,2,커버,62,GooglePlay,2025-08-19,7700,11431},,,
Order Complete (App),,ruby_1,1100,326,동행,1134,OneStore,2024-09-29,4337200,5},,,
Order Complete (App),,ruby_4,33000,35,엉망,768,GooglePlay,2025-07-17,2825900,7},,,
Order Complete (App),,ruby_1,1100,326,동행,1134,OneStore,2024-09-29,4336100,5},,,
Order Complete (App),,ruby_5,55000,6,지서니,360,GooglePlay,2025-08-14,810700,725},,,
Order Complete (App),,ads_remove,7700,1,장유신,6,GooglePlay,2025-08-19,0,99999999},,,
Order Complete (App),,ads_remove,7700,2,강어부,64,GooglePlay,2025-08-18,0,10881},,,
Order Complete (App),,ruby_3,11000,2,비츠,127,GooglePlay,2025-08-18,47300,6036},,,
Order Complete (App),,ruby_5,55000,2,Hotal,256,GooglePlay,2025-08-18,337700,2959},,,
Order Complete (App),,ads_remove,7700,2,물락서,51,GooglePlay,2025-08-18,0,12914},,,
Order Complete (App),,ads_remove,7700,1,삼둥아빠,11,GooglePlay,2025-08-19,0,99999999},,,
Order Complete (App),,ruby_3,11000,2,박범,101,OneStore,2025-08-18,45100,6988},,,
Order Complete (App),,ads_remove,7700,1,엉싸니,4,GooglePlay,2025-08-19,0,99999999},,,
Order Complete (App),,ruby_3,11000,1,가가나나섭,26,GooglePlay,2025-08-19,0,17674},,,
Order Complete (App),,ruby_3,11000,21,엘지와,266,GooglePlay,2025-07-17,14300,2729},,,
Order Complete (App),,ruby_2,6600,12,이고,271,GooglePlay,2025-08-08,62700,2350},,,
Order Complete (App),,ruby_2,6600,27,aurora,382,OneStore,2025-07-24,139700,352},,,
Order Complete (App),,ruby_1,1100,27,aurora,382,OneStore,2025-07-24,133100,352},,,
Order Complete (App),,ruby_1,1100,27,aurora,382,OneStore,2025-07-24,133100,352},,,
Order Complete (App),,ruby_1,1100,27,aurora,382,OneStore,2025-07-24,132000,352},,,
Order Complete (App),,ruby_1,1100,27,aurora,382,OneStore,2025-07-24,129800,352},,,
Order Complete (App),,ads_remove,7700,1,난Say표류기,25,GooglePlay,2025-08-19,0,17671},,,
Order Complete (App),,ruby_2,6600,19,안동댐은찢어,249,GooglePlay,2025-08-01,14300,3117},,,
Order Complete (App),,ruby_3,11000,1,칼방원,91,GooglePlay,2025-08-19,7700,7776},,,
Order Complete (App),,ads_remove,7700,1,두루치,4,GooglePlay,2025-08-19,0,99999999},,,
Order Complete (App),,ruby_4,33000,3,버블,233,GooglePlay,2025-08-17,154000,3683},,,
Order Complete (App),,ruby_4,33000,2,Hotal,244,GooglePlay,2025-08-18,304700,3404},,,
Order Complete (App),,ruby_2,6600,30,허요허요,407,GooglePlay,2025-07-21,193600,204},,,
Order Complete (App),,ruby_2,6600,30,허요허요,407,GooglePlay,2025-07-21,187000,204},,,
Order Complete (App),,ruby_6,110000,33,103,451,GooglePlay,2025-07-17,497200,88},,,
Order Complete (App),,ads_remove,7700,1,몽튜,9,GooglePlay,2025-08-19,0,99999999},,,
Order Complete (App),,ruby_1,1100,307,전설방패,886,OneStore,2024-10-16,265700,50},,,
Order Complete (App),,ads_remove,7700,1,모름님님,46,GooglePlay,2025-08-19,0,15402},,,
Order Complete (App),,ruby_6,110000,31,s불멸1s,455,GooglePlay,2025-07-19,1372800,79},,,
Order Complete (App),,ads_remove,7700,1,더룸,25,GooglePlay,2025-08-19,0,16685},,,
Order Complete (App),,ruby_4,33000,11,린이꾸냥,264,GooglePlay,2025-08-09,150700,2694},,,
Order Complete (App),,ads_remove,7700,1,찐하,25,GooglePlay,2025-08-19,0,17664},,,
Order Complete (App),,ads_remove,7700,1,도연씨,8,GooglePlay,2025-08-19,0,99999999},,,
Order Complete (App),,ruby_5,55000,10,갠플,254,GooglePlay,2025-08-10,84700,2945},,,
Order Complete (App),,ruby_4,33000,25,yad,446,GooglePlay,2025-07-26,403700,105},,,
Order Complete (App),,ruby_1,1100,16,조엘,365,GooglePlay,2025-08-04,299200,648},,,
Order Complete (App),,ruby_1,1100,16,조엘,365,GooglePlay,2025-08-04,298100,648},,,
Order Complete (App),,ruby_2,6600,1,세종머빵,40,GooglePlay,2025-08-19,6600,17253},,,
Order Complete (App),,ruby_2,6600,1,세종머빵,40,GooglePlay,2025-08-19,0,17253},,,
Order Complete (App),,ruby_3,11000,16,조엘,365,GooglePlay,2025-08-04,287100,648},,,
Order Complete (App),,ruby_2,6600,18,인스,271,GooglePlay,2025-08-02,27500,2346},,,
Order Complete (App),,ads_remove,7700,1,힛트,13,GooglePlay,2025-08-19,0,99999999},,,
Order Complete (App),,ads_remove,7700,1,구요,4,GooglePlay,2025-08-19,0,99999999},,,
Order Complete (App),,ruby_4,33000,17,김루팡,358,GooglePlay,2025-08-03,402600,745},,,
Order Complete (App),,ruby_2,6600,1,이훈,68,GooglePlay,2025-08-19,7700,10205},,,
Order Complete (App),,ruby_5,55000,17,김루팡,358,GooglePlay,2025-08-03,347600,745},,,
Order Complete (App),,ruby_4,33000,33,심대표,534,GooglePlay,2025-07-18,1030700,25},,,
Order Complete (App),,ads_remove,7700,1,야수왕,7,GooglePlay,2025-08-19,0,99999999},,,
Order Complete (App),,ads_remove,7700,1,우유밀크,9,GooglePlay,2025-08-19,0,99999999},,,
Order Complete (App),,ads_remove,7700,1,요하나,4,GooglePlay,2025-08-19,0,99999999},,,
Order Complete (App),,ads_remove,7700,1,만순토,8,GooglePlay,2025-08-19,0,99999999},,,
Order Complete (App),,ruby_4,33000,2,로그인,183,GooglePlay,2025-08-18,370700,4778},,,
Order Complete (App),,ads_remove,7700,2,로그인,183,GooglePlay,2025-08-18,370700,4778},,,
Order Complete (App),,ruby_3,11000,13,석찬,284,GooglePlay,2025-08-07,62700,2111},,,
Order Complete (App),,ruby_3,11000,13,석찬,284,GooglePlay,2025-08-07,40700,2111},,,
Order Complete (App),,ruby_3,11000,13,석찬,282,GooglePlay,2025-08-07,29700,2111},,,
Order Complete (App),,ruby_5,55000,16,chemma,382,GooglePlay,2025-08-04,242000,357},,,
Order Complete (App),,ruby_4,33000,2,Hotal,235,GooglePlay,2025-08-18,271700,3897},,,
Order Complete (App),,ruby_3,11000,25,길동사마,364,GooglePlay,2025-07-26,202400,701},,,
Order Complete (App),,ads_remove,7700,1,복장군,6,OneStore,2025-08-19,7700,99999999},,,
Order Complete (App),,ruby_4,33000,2,비츠,118,GooglePlay,2025-08-18,14300,6327},,,
Order Complete (App),,ruby_4,33000,2,Hotal,225,GooglePlay,2025-08-18,238700,4762},,,
Order Complete (App),,ads_remove,7700,1,김창식씌,4,GooglePlay,2025-08-19,0,99999999},,,
Order Complete (App),,ruby_1,1100,16,짱주숭,397,GooglePlay,2025-08-04,389400,210},,,
Order Complete (App),,ruby_5,55000,17,소금상자,203,GooglePlay,2025-08-03,7700,4222},,,
Order Complete (App),,ads_remove,7700,1,커버,15,GooglePlay,2025-08-19,0,99999999},,,
Order Complete (App),,ads_remove,7700,1,칼방원,41,GooglePlay,2025-08-19,0,17637},,,
Order Complete (App),,ruby_5,55000,17,비갠뒤소나기,307,GooglePlay,2025-08-03,55000,1684},,,
Order Complete (App),,ads_remove,7700,1,무산한풍,43,OneStore,2025-08-19,7700,14626},,,
Order Complete (App),,ruby_4,33000,5,의리왕김배신,118,GooglePlay,2025-08-15,7700,6326},,,
Order Complete (App),,ruby_3,11000,11,토츠카,258,GooglePlay,2025-08-09,34100,2885},,,
Order Complete (App),,ruby_4,33000,8,고슬,316,OneStore,2025-08-12,147400,1466},,,
Order Complete (App),,ruby_3,11000,8,낭강,268,GooglePlay,2025-08-12,185900,2455},,,
Order Complete (App),,ads_remove,7700,1,아브,5,GooglePlay,2025-08-19,0,99999999},,,
Order Complete (App),,ruby_3,11000,8,낭강,268,GooglePlay,2025-08-12,174900,2455},,,
Order Complete (App),,ads_remove,7700,1,축구보다야구,41,GooglePlay,2025-08-19,0,15630},,,
Order Complete (App),,ruby_6,110000,35,대머리강서구,714,GooglePlay,2025-07-16,2130700,9},,,
Order Complete (App),,ruby_4,33000,31,나대는,351,GooglePlay,2025-07-19,28600,837},,,
Order Complete (App),,ruby_4,33000,19,이순신표류기,349,GooglePlay,2025-08-01,315700,881},,,
Order Complete (App),,ruby_2,6600,3,버블,230,GooglePlay,2025-08-17,147400,3669},,,
Order Complete (App),,ads_remove,7700,1,퐈이야뱃,12,GooglePlay,2025-08-19,0,99999999},,,
Order Complete (App),,ads_remove,7700,1,국사편찬위원회,28,GooglePlay,2025-08-19,0,17630},,,
Order Complete (App),,ruby_5,55000,2,Hotal,201,GooglePlay,2025-08-18,183700,4762},,,
Order Complete (App),,ruby_3,11000,8,goonin,234,GooglePlay,2025-08-12,73700,3830},,,
Order Complete (App),,ruby_5,55000,8,goonin,234,GooglePlay,2025-08-12,18700,3830},,,
Order Complete (App),,ruby_1,1100,2,하오카,25,GooglePlay,2025-08-18,7700,17630},,,
Order Complete (App),,ruby_2,6600,2,하오카,25,GooglePlay,2025-08-18,0,17630},,,
Order Complete (App),,ruby_4,33000,2,알천알,43,GooglePlay,2025-08-18,0,14194},,,
Order Complete (App),,ads_remove,7700,1,a3a3a,29,GooglePlay,2025-08-19,0,16478},,,
Order Complete (App),,ruby_3,11000,8,goonin,228,GooglePlay,2025-08-12,7700,3830},,,
Order Complete (App),,ruby_4,33000,23,당운룡,271,GooglePlay,2025-07-27,73700,2451},,,
Order Complete (App),,ads_remove,7700,1,어쩔래,4,GooglePlay,2025-08-19,0,99999999},,,
Order Complete (App),,ruby_2,6600,32,쟁요,526,GooglePlay,2025-07-19,914100,28},,,
Order Complete (App),,ruby_6,110000,28,nerdy,395,GooglePlay,2025-07-23,425700,213},,,
Order Complete (App),,ads_remove,7700,1,김찬종,68,GooglePlay,2025-08-19,0,12100},,,
Order Complete (App),,ruby_3,11000,2,마카다미,101,GooglePlay,2025-08-18,44000,7371},,,
Order Complete (App),,ruby_3,11000,23,톰달,366,GooglePlay,2025-07-28,205700,585},,,
Order Complete (App),,ruby_4,33000,2,마카다미,93,GooglePlay,2025-08-18,11000,7371},,,
Order Complete (App),,ads_remove,7700,1,사재미니,51,GooglePlay,2025-08-19,0,12867},,,
Order Complete (App),,ads_remove,7700,1,국밥장사,11,GooglePlay,2025-08-19,0,99999999},,,
Order Complete (App),,ruby_4,33000,11,규미니,231,GooglePlay,2025-08-09,7700,3673},,,
Order Complete (App),,ruby_4,33000,3,버블,221,GooglePlay,2025-08-17,114400,3934},,,
Order Complete (App),,ads_remove,7700,1,뚱냥,9,GooglePlay,2025-08-19,0,99999999},,,
Order Complete (App),,ruby_5,55000,17,김루팡,351,GooglePlay,2025-08-03,292600,833},,,
Order Complete (App),,ruby_6,110000,13,기분,246,GooglePlay,2025-08-01,7700,3251},,,
Order Complete (App),,ruby_4,33000,16,chemma,376,GooglePlay,2025-08-04,209000,378},,,
Order Complete (App),,ads_remove,7700,1,피렛,44,GooglePlay,2025-08-19,0,15473},,,
Order Complete (App),,ruby_4,33000,18,우성이,380,GooglePlay,2025-08-02,236500,352},,,
Order Complete (App),,ads_remove,7700,1,넛지,18,GooglePlay,2025-08-19,0,99999999},,,
Order Complete (App),,ruby_1,1100,29,두율대디,488,GooglePlay,2025-07-22,709500,45},,,
Order Complete (App),,ruby_1,1100,29,두율대디,488,GooglePlay,2025-07-22,707300,45},,,
Order Complete (App),,ads_remove,7700,1,도은소은,4,GooglePlay,2025-08-19,0,99999999},,,
Order Complete (App),,ads_remove,7700,1,이훈,6,GooglePlay,2025-08-19,0,99999999},,,
Order Complete (App),,ruby_5,55000,325,동행,1134,OneStore,2024-09-29,4335000,5},,,
Order Complete (App),,ads_remove,7700,1,화이트워,8,GooglePlay,2025-08-19,0,99999999},,,
Order Complete (App),,ads_remove,7700,1,짱꾸,5,GooglePlay,2025-08-19,0,99999999},,,
Order Complete (App),,ads_remove,7700,1,JJoo,20,GooglePlay,2025-08-18,0,99999999},,,
Order Complete (App),,ruby_4,33000,13,봄같은나라,336,GooglePlay,2025-08-07,121000,1074},,,
Order Complete (App),,ruby_3,11000,2,예소남푠,67,GooglePlay,2025-08-18,0,10691},,,
Order Complete (App),,ruby_6,110000,2,Hotal,150,GooglePlay,2025-08-18,73700,5832},,,
Order Complete (App),,ruby_4,33000,8,낭강,266,GooglePlay,2025-08-12,141900,2638},,,
Order Complete (App),,ruby_4,33000,29,두율대디,485,GooglePlay,2025-07-22,674300,49},,,
Order Complete (App),,ruby_4,33000,24,비기비,326,GooglePlay,2025-07-27,18700,1308},,,
Order Complete (App),,ruby_2,6600,3,버블,195,GooglePlay,2025-08-17,107800,4319},,,
Order Complete (App),,ruby_5,55000,16,오디나무,545,GooglePlay,2025-08-03,1711600,22},,,
Order Complete (App),,ruby_3,11000,31,쉬밤꺼,471,GooglePlay,2025-07-19,1190200,61},,,
Order Complete (App),,ruby_3,11000,16,르무르,305,GooglePlay,2025-08-04,100100,1564},,,
Order Complete (App),,ruby_3,11000,32,은선,442,GooglePlay,2025-07-19,293700,110},,,
Order Complete (App),,ruby_3,11000,24,비기비,326,GooglePlay,2025-07-27,7700,1308},,,
Order Complete (App),,ruby_5,55000,27,치우1,288,GooglePlay,2025-07-25,49500,1843},,,
Order Complete (App),,ruby_5,55000,6,지서니,349,GooglePlay,2025-08-14,755700,877},,,
Order Complete (App),,ruby_6,110000,15,금재곱,465,GooglePlay,2025-08-04,1257300,67},,,
Order Complete (App),,ads_remove,7700,4,창리알파카,58,GooglePlay,2025-08-16,0,11967},,,
Order Complete (App),,ruby_3,11000,4,가별초,189,GooglePlay,2025-08-15,128700,4604},,,
Order Complete (App),,ruby_3,11000,4,가별초,189,GooglePlay,2025-08-15,106700,4604},,,
Order Complete (App),,ruby_2,6600,25,yad,446,GooglePlay,2025-07-26,397100,105},,,
Order Complete (App),,ruby_4,33000,4,가별초,187,GooglePlay,2025-08-15,73700,4604},,,
Order Complete (App),,ruby_2,6600,2,피팡이,118,GooglePlay,2025-08-18,47300,6293},,,
Order Complete (App),,ruby_2,6600,2,피팡이,118,GooglePlay,2025-08-18,34100,6293},,,
Order Complete (App),,ruby_3,11000,14,zenz,417,GooglePlay,2025-08-05,548900,176},,,
Order Complete (App),,ruby_2,6600,2,피팡이,118,GooglePlay,2025-08-18,27500,6293},,,
Order Complete (App),,ruby_3,11000,14,리혜,368,GooglePlay,2025-08-05,163900,503},,,
Order Complete (App),,ruby_3,11000,8,낭강,261,GooglePlay,2025-08-12,130900,2936},,,
Order Complete (App),,ruby_6,110000,34,은월랑,489,GooglePlay,2025-07-17,1344200,43},,,
Order Complete (App),,ruby_2,6600,33,국산뽀또,483,GooglePlay,2025-07-17,387200,53},,,
Order Complete (App),,ruby_3,11000,31,초록메뚜기,413,GooglePlay,2025-07-19,150700,189},,,
Order Complete (App),,ruby_2,6600,31,초록메뚜기,412,GooglePlay,2025-07-19,144100,189},,,
Order Complete (App),,ruby_3,11000,29,안산한량,361,GooglePlay,2025-07-20,25300,730},,,
Order Complete (App),,ruby_4,33000,13,캐캐모모,365,GooglePlay,2025-08-06,359700,618},,,
Order Complete (App),,ruby_2,6600,303,무과금의교과서,1170,GooglePlay,2024-10-21,10365200,3},,,
Order Complete (App),,ruby_6,110000,303,무과금의교과서,1170,GooglePlay,2024-10-21,10255200,3},,,
Order Complete (App),,ads_remove,7700,1,나구나구,12,GooglePlay,2025-08-18,0,99999999},,,
Order Complete (App),,ruby_6,110000,303,무과금의교과서,1170,GooglePlay,2024-10-21,10145200,3},,,
Order Complete (App),,ads_remove,7700,1,조선의검,8,GooglePlay,2025-08-18,0,99999999},,,
Order Complete (App),,ruby_3,11000,14,리혜,367,GooglePlay,2025-08-05,152900,529},,,
Order Complete (App),,ruby_3,11000,31,하야안,396,GooglePlay,2025-07-20,346500,214},,,
Order Complete (App),,ruby_2,6600,2,피팡이,118,GooglePlay,2025-08-18,20900,6291},,,
Order Complete (App),,ruby_3,11000,15,기분풀자,257,GooglePlay,2025-08-05,18700,2810},,,
Order Complete (App),,ruby_2,6600,30,베노미,518,OneStore,2025-07-21,1119800,34},,,
Order Complete (App),,ruby_1,1100,22,상암존예여신,353,GooglePlay,2025-07-29,14300,786},,,
Order Complete (App),,ruby_2,6600,5,나는참새,169,GooglePlay,2025-08-15,18700,5158},,,
Order Complete (App),,ruby_3,11000,5,나는참새,169,GooglePlay,2025-08-15,7700,5158},,,
Order Complete (App),,ruby_3,11000,32,조단비,400,GooglePlay,2025-07-18,242000,202},,,
Order Complete (App),,ads_remove,7700,1,무선무악,15,GooglePlay,2025-08-18,0,99999999},,,
Order Complete (App),,ruby_1,1100,6,레오야멍멍해봐,266,GooglePlay,2025-08-13,75900,2619},,,
Order Complete (App),,ruby_1,1100,6,레오야멍멍해봐,266,GooglePlay,2025-08-13,75900,2619},,,
Order Complete (App),,ruby_1,1100,6,레오야멍멍해봐,266,GooglePlay,2025-08-13,73700,2619},,,
Order Complete (App),,ruby_3,11000,12,레고77,288,GooglePlay,2025-08-08,69300,1942},,,
Order Complete (App),,ruby_6,110000,29,Jemin,569,GooglePlay,2025-07-21,2346300,16},,,
Order Complete (App),,ruby_4,33000,18,영쟈굳,375,GooglePlay,2025-08-01,322300,381},,,
Order Complete (App),,ruby_6,110000,16,로하이,367,GooglePlay,2025-07-25,561000,518},,,
Order Complete (App),,ads_remove,7700,16,악동두리,197,GooglePlay,2025-08-03,0,4249},,,
Order Complete (App),,ruby_2,6600,35,만마앙복,500,GooglePlay,2025-07-16,420200,36},,,
Order Complete (App),,ruby_1,1100,35,마캔,470,GooglePlay,2025-07-15,279400,60},,,
Order Complete (App),,ruby_1,1100,35,마캔,470,GooglePlay,2025-07-15,278300,60},,,
Order Complete (App),,ruby_3,11000,3,승질난냥이,117,GooglePlay,2025-08-16,33000,6927},,,
Order Complete (App),,ads_remove,7700,1,asds,19,GooglePlay,2025-08-18,0,99999999},,,
Order Complete (App),,ruby_3,11000,34,하나공공,386,GooglePlay,2025-07-17,57200,272},,,
Order Complete (App),,ruby_1,1100,3,장군과멍군,92,GooglePlay,2025-08-16,15400,7494},,,
Order Complete (App),,ruby_1,1100,3,장군과멍군,92,GooglePlay,2025-08-16,14300,7494},,,
Order Complete (App),,ruby_2,6600,3,장군과멍군,92,GooglePlay,2025-08-16,7700,7494},,,
Order Complete (App),,ruby_3,11000,20,옥지의빵빵이,471,GooglePlay,2025-07-31,1107700,59},,,
Order Complete (App),,ruby_6,110000,7,슬2,485,OneStore,2025-08-13,2545400,57},,,
Order Complete (App),,ruby_1,1100,10,김난신,355,GooglePlay,2025-08-09,350900,868},,,
Order Complete (App),,ruby_3,11000,10,김난신,355,GooglePlay,2025-08-09,338800,868},,,
Order Complete (App),,ruby_2,6600,17,그럴수덕,346,GooglePlay,2025-08-02,117700,1195},,,
Order Complete (App),,ruby_1,1100,2,쿠웅백,34,GooglePlay,2025-08-17,7700,15572},,,
Order Complete (App),,ruby_2,6600,2,쿠웅백,34,GooglePlay,2025-08-17,0,15572},,,
Order Complete (App),,ruby_6,110000,7,슬2,466,OneStore,2025-08-13,2435400,63},,,
Order Complete (App),,ruby_6,110000,7,슬2,466,OneStore,2025-08-13,2325400,63},,,
Order Complete (App),,ruby_6,110000,7,슬2,466,OneStore,2025-08-13,2215400,63},,,
Order Complete (App),,ruby_6,110000,7,슬2,466,OneStore,2025-08-13,2105400,63},,,
Order Complete (App),,ruby_5,55000,29,조노비,456,GooglePlay,2025-07-21,403700,78},,,
Order Complete (App),,ruby_6,110000,7,슬2,466,OneStore,2025-08-13,1995400,63},,,
Order Complete (App),,ruby_6,110000,7,슬2,466,OneStore,2025-08-13,1885400,63},,,
Order Complete (App),,ruby_6,110000,29,Jemin,564,GooglePlay,2025-07-21,2236300,17},,,
Order Complete (App),,ruby_2,6600,10,알라베라,228,GooglePlay,2025-07-28,7700,5426},,,
Order Complete (App),,ruby_6,110000,7,슬2,465,OneStore,2025-08-13,1775400,64},,,
Order Complete (App),,ads_remove,7700,1,라벤더돼지,5,GooglePlay,2025-08-18,0,99999999},,,
Order Complete (App),,ruby_6,110000,7,슬2,465,OneStore,2025-08-13,1665400,64},,,
Order Complete (App),,ruby_5,55000,18,간웅,306,GooglePlay,2025-08-02,49500,1600},,,
Order Complete (App),,ruby_6,110000,22,암부,743,GooglePlay,2025-07-29,4297700,8},,,
Order Complete (App),,ruby_6,110000,7,슬2,465,OneStore,2025-08-13,1555400,64},,,
Order Complete (App),,ruby_3,11000,1,천지,26,GooglePlay,2025-08-18,0,17569},,,
Order Complete (App),,ruby_6,110000,22,암부,726,GooglePlay,2025-07-29,4187700,8},,,
Order Complete (App),,ruby_1,1100,6,설후아빠,246,GooglePlay,2025-08-14,101200,3225},,,
Order Complete (App),,ruby_1,1100,6,설후아빠,246,GooglePlay,2025-08-14,99000,3225},,,
Order Complete (App),,ruby_3,11000,6,설후아빠,246,GooglePlay,2025-08-14,88000,3225},,,
Order Complete (App),,ruby_5,55000,15,조승연,496,GooglePlay,2025-08-04,1689600,41},,,
Order Complete (App),,ruby_1,1100,6,설후아빠,246,GooglePlay,2025-08-14,86900,3296},,,
Order Complete (App),,ads_remove,7700,1,밍수지우,37,GooglePlay,2025-08-18,0,16202},,,
Order Complete (App),,ads_remove,7700,1,불닭라면,10,GooglePlay,2025-08-18,0,99999999},,,
Order Complete (App),,ruby_4,33000,317,파인트뤼,1060,OneStore,2024-10-07,4037200,7},,,
Order Complete (App),,ads_remove,7700,1,함진영,8,GooglePlay,2025-08-18,0,99999999},,,
Order Complete (App),,ruby_4,33000,20,오쭌쭌이,323,GooglePlay,2025-07-31,168300,1368},,,
Order Complete (App),,ruby_3,11000,15,꾸억,166,GooglePlay,2025-08-03,0,5212},,,
Order Complete (App),,ruby_1,1100,16,위코,287,GooglePlay,2025-08-04,9900,1922},,,
Order Complete (App),,ruby_6,110000,7,슬2,450,OneStore,2025-08-13,1445400,105},,,
Order Complete (App),,ruby_3,11000,2,마카다미,24,GooglePlay,2025-08-18,0,16750},,,
Order Complete (App),,ads_remove,7700,1,루버룹,10,GooglePlay,2025-08-18,0,99999999},,,
Order Complete (App),,ruby_1,1100,8,송송구리,124,GooglePlay,2025-08-12,1100,6046},,,
Order Complete (App),,ads_remove,7700,1,담덕광개토대왕,8,GooglePlay,2025-08-18,0,99999999},,,
Order Complete (App),,ruby_2,6600,2,피팡이,93,GooglePlay,2025-08-18,14300,7708},,,
Order Complete (App),,ruby_6,110000,7,슬2,443,OneStore,2025-08-13,1335400,116},,,
Order Complete (App),,ruby_1,1100,29,한뚜혁,369,GooglePlay,2025-07-22,7700,457},,,
Order Complete (App),,ruby_3,11000,8,고슬,307,OneStore,2025-08-12,114400,1552},,,
Order Complete (App),,ads_remove,7700,1,난세의런태,14,GooglePlay,2025-08-18,0,99999999},,,
Order Complete (App),,ruby_3,11000,3,연허,131,GooglePlay,2025-08-14,33000,5847},,,
Order Complete (App),,ruby_1,1100,15,조승연,491,GooglePlay,2025-08-04,1688500,42},,,
Order Complete (App),,ruby_4,33000,28,Raid,787,GooglePlay,2025-07-22,3709200,5},,,
Order Complete (App),,ruby_2,6600,17,갱민,432,GooglePlay,2025-08-02,872300,132},,,
Order Complete (App),,ruby_4,33000,22,난세난난세,354,GooglePlay,2025-07-29,139700,748},,,
Order Complete (App),,ruby_2,6600,25,혼세마왕,376,GooglePlay,2025-07-26,11000,414},,,
Order Complete (App),,ruby_1,1100,25,혼세마왕,376,GooglePlay,2025-07-26,9900,414},,,
Order Complete (App),,ruby_2,6600,2,피팡이,91,GooglePlay,2025-08-18,7700,8211},,,
Order Complete (App),,ruby_1,1100,25,혼세마왕,376,GooglePlay,2025-07-26,8800,414},,,
Order Complete (App),,ads_remove,7700,5,셔니,168,GooglePlay,2025-08-14,0,5146},,,
Order Complete (App),,ruby_6,110000,20,전종오,289,GooglePlay,2025-07-31,11000,1919},,,
Order Complete (App),,ruby_3,11000,4,전우치a,182,GooglePlay,2025-08-16,40700,4756},,,
Order Complete (App),,ruby_1,1100,2,박범,43,OneStore,2025-08-18,34100,14126},,,
Order Complete (App),,ruby_4,33000,9,rette,150,GooglePlay,2025-08-03,11000,5525},,,
Order Complete (App),,ruby_5,55000,15,조승연,487,GooglePlay,2025-08-04,1633500,44},,,
Order Complete (App),,ruby_4,33000,2,박범,43,OneStore,2025-08-18,33000,14126},,,
Order Complete (App),,ruby_4,33000,4,산나비,87,GooglePlay,2025-08-14,7700,8208},,,
Order Complete (App),,ruby_2,6600,27,랴니,371,GooglePlay,2025-07-23,62700,414},,,
Order Complete (App),,ruby_2,6600,24,허어어니,452,GooglePlay,2025-07-27,555500,81},,,
Order Complete (App),,ruby_2,6600,5,먼지아빠,280,GooglePlay,2025-08-15,191400,2098},,,
Order Complete (App),,ruby_6,110000,17,쵸돈단스,452,OneStore,2025-08-03,1008700,81},,,
Order Complete (App),,ruby_3,11000,1,Hotal,120,GooglePlay,2025-08-18,62700,6177},,,
Order Complete (App),,ads_remove,7700,1,환주,9,GooglePlay,2025-08-18,0,99999999},,,
Order Complete (App),,ruby_5,55000,5,지서니,333,GooglePlay,2025-08-14,700700,1096},,,
Order Complete (App),,ads_remove,7700,1,유비맹덕,5,GooglePlay,2025-08-18,0,99999999},,,
Order Complete (App),,ruby_3,11000,2,벨뚜,69,GooglePlay,2025-08-17,0,9827},,,
Order Complete (App),,ruby_3,11000,24,Tien,310,GooglePlay,2025-07-25,59400,1473},,,
Order Complete (App),,ruby_2,6600,24,Tien,310,GooglePlay,2025-07-25,52800,1473},,,
Order Complete (App),,ads_remove,7700,1,피팡이,18,GooglePlay,2025-08-18,0,99999999},,,
Order Complete (App),,ruby_1,1100,208,예압,684,GooglePlay,2025-01-23,447300,159},,,
Order Complete (App),,ads_remove,7700,1,천휘08,7,GooglePlay,2025-08-18,0,99999999},,,
Order Complete (App),,ruby_3,11000,21,둥근해,467,GooglePlay,2025-07-29,1151700,60},,,
Order Complete (App),,ruby_2,6600,1,비츠,88,GooglePlay,2025-08-18,7700,8318},,,
Order Complete (App),,ruby_3,11000,12,데오드란트,121,GooglePlay,2025-08-05,31900,6065},,,
Order Complete (App),,ruby_3,11000,12,데오드란트,121,GooglePlay,2025-08-05,20900,6065},,,
Order Complete (App),,ads_remove,7700,2,신세경,69,GooglePlay,2025-08-17,0,11140},,,
Order Complete (App),,ruby_6,110000,30,s불멸1s,453,GooglePlay,2025-07-19,1262800,97},,,
Order Complete (App),,ruby_5,55000,1,Hotal,91,GooglePlay,2025-08-18,7700,11716},,,
Order Complete (App),,ruby_4,33000,32,심대표,527,GooglePlay,2025-07-18,997700,27},,,
Order Complete (App),,ruby_3,11000,32,심대표,527,GooglePlay,2025-07-18,986700,27},,,
Order Complete (App),,ruby_4,33000,28,가우리열제,268,GooglePlay,2025-07-22,69300,2381},,,
Order Complete (App),,ruby_3,11000,4,모라동박성빈,116,GooglePlay,2025-08-15,0,6437},,,
Order Complete (App),,ads_remove,7700,1,유떵뜨,5,GooglePlay,2025-08-18,0,99999999},,,
Order Complete (App),,ruby_2,6600,33,안티왕,379,GooglePlay,2025-07-17,71500,351},,,
Order Complete (App),,ruby_1,1100,3,DeerPoro,260,GooglePlay,2025-08-16,236500,2711},,,
Order Complete (App),,ruby_2,6600,18,담다미,277,GooglePlay,2025-08-01,29700,2128},,,
Order Complete (App),,ruby_1,1100,18,담다미,277,GooglePlay,2025-08-01,28600,2128},,,
Order Complete (App),,ads_remove,7700,1,충만,7,GooglePlay,2025-08-18,0,99999999},,,
Order Complete (App),,ruby_1,1100,18,담다미,277,GooglePlay,2025-08-01,27500,2128},,,
Order Complete (App),,ruby_4,33000,32,어디서,325,GooglePlay,2025-07-18,234300,1303},,,
Order Complete (App),,ruby_2,6600,32,어디서,325,GooglePlay,2025-07-18,227700,1303},,,
Order Complete (App),,ruby_2,6600,33,노기,356,GooglePlay,2025-07-17,115500,702},,,
Order Complete (App),,ruby_3,11000,33,노기,356,GooglePlay,2025-07-17,97900,702},,,
Order Complete (App),,ruby_4,33000,32,어디서,325,GooglePlay,2025-07-18,194700,1303},,,
Order Complete (App),,ruby_4,33000,33,노기,356,GooglePlay,2025-07-17,64900,702},,,
Order Complete (App),,ruby_2,6600,25,무르무르,386,GooglePlay,2025-07-25,55000,266},,,
Order Complete (App),,ruby_3,11000,5,레오야멍멍해봐,256,GooglePlay,2025-08-13,62700,2782},,,
Order Complete (App),,ruby_4,33000,15,끼랄,325,GooglePlay,2025-08-03,784300,1311},,,
Order Complete (App),,ruby_3,11000,21,둥근해,467,GooglePlay,2025-07-29,1140700,60},,,
Order Complete (App),,ruby_4,33000,9,현세표루기,233,GooglePlay,2025-08-10,36300,3626},,,
Order Complete (App),,ruby_6,110000,15,끼랄,325,GooglePlay,2025-08-03,674300,1311},,,
Order Complete (App),,ruby_6,110000,15,끼랄,325,GooglePlay,2025-08-03,564300,1311},,,
Order Complete (App),,ads_remove,7700,1,하하동욱,5,GooglePlay,2025-08-18,0,99999999},,,
Order Complete (App),,ruby_3,11000,17,승질승,366,GooglePlay,2025-08-02,155100,539},,,
Order Complete (App),,ruby_6,110000,16,쵸돈단스,446,OneStore,2025-08-03,898700,99},,,
Order Complete (App),,ruby_5,55000,32,심대표,524,GooglePlay,2025-07-18,931700,30},,,
Order Complete (App),,ruby_4,33000,4,먼지아빠,268,GooglePlay,2025-08-15,158400,2494},,,
Order Complete (App),,ads_remove,7700,1,팔검,41,GooglePlay,2025-08-18,0,17512},,,
Order Complete (App),,ruby_3,11000,4,먼지아빠,268,GooglePlay,2025-08-15,147400,2494},,,
Order Complete (App),,ruby_2,6600,13,펭구7,350,GooglePlay,2025-08-05,316800,816},,,
Order Complete (App),,ruby_3,11000,13,펭구7,350,GooglePlay,2025-08-05,299200,816},,,
Order Complete (App),,ruby_6,110000,1,로그인,85,OneStore,2025-08-18,370700,8510},,,
Order Complete (App),,ruby_4,33000,312,흑천검,1219,GooglePlay,2024-09-28,13194200,1},,,
Order Complete (App),,ruby_6,110000,1,로그인,85,OneStore,2025-08-18,260700,8509},,,
Order Complete (App),,ruby_1,1100,31,재밌는친구,366,OneStore,2025-07-19,16500,536},,,
Order Complete (App),,ruby_4,33000,312,흑천검,1219,GooglePlay,2024-09-28,13161200,1},,,
Order Complete (App),,ruby_2,6600,30,벨로나,318,GooglePlay,2025-07-20,7700,1392},,,
Order Complete (App),,ruby_4,33000,312,흑천검,1219,GooglePlay,2024-09-28,13128200,1},,,
Order Complete (App),,ruby_4,33000,312,흑천검,1219,GooglePlay,2024-09-28,13095200,1},,,
Order Complete (App),,ruby_4,33000,312,흑천검,1219,GooglePlay,2024-09-28,13062200,1},,,
Order Complete (App),,ruby_4,33000,312,흑천검,1217,GooglePlay,2024-09-28,13029200,1},,,
Order Complete (App),,ruby_1,1100,15,호치민장군,212,GooglePlay,2025-08-04,7700,4035},,,
Order Complete (App),,ruby_2,6600,15,호치민장군,212,GooglePlay,2025-08-04,0,4035},,,
Order Complete (App),,ruby_3,11000,5,레오야멍멍해봐,249,GooglePlay,2025-08-13,51700,3037},,,
Order Complete (App),,ruby_6,110000,1,로그인,37,OneStore,2025-08-18,150700,15205},,,
Order Complete (App),,ruby_3,11000,5,비움,191,GooglePlay,2025-08-14,7700,4561},,,
Order Complete (App),,ruby_4,33000,5,응짱,301,GooglePlay,2025-08-14,337700,1532},,,
Order Complete (App),,ruby_3,11000,25,동이랑,306,GooglePlay,2025-07-22,14300,1532},,,
Order Complete (App),,ruby_4,33000,5,응짱,301,GooglePlay,2025-08-14,304700,1532},,,
Order Complete (App),,ruby_6,110000,312,흑천검,1217,GooglePlay,2024-09-28,12919200,1},,,
Order Complete (App),,ruby_4,33000,1,로그인,36,GooglePlay,2025-08-18,7700,17507},,,
Order Complete (App),,ruby_3,11000,25,기모찌맨,378,GooglePlay,2025-07-24,84700,345},,,
Order Complete (App),,ads_remove,7700,1,비츠,55,GooglePlay,2025-08-18,0,14095},,,
Order Complete (App),,ads_remove,7700,1,로그인,13,GooglePlay,2025-08-18,0,99999999},,,
Order Complete (App),,ruby_3,11000,7,낭강,248,GooglePlay,2025-08-12,119900,3137},,,
Order Complete (App),,ruby_2,6600,7,낭강,246,GooglePlay,2025-08-12,113300,3634},,,
Order Complete (App),,ruby_3,11000,31,쟁요,519,GooglePlay,2025-07-19,903100,30},,,
Order Complete (App),,ruby_3,11000,7,낭강,236,GooglePlay,2025-08-12,102300,3634},,,
Order Complete (App),,ruby_3,11000,20,코리아se스머신,486,GooglePlay,2025-07-30,1240800,46},,,
Order Complete (App),,ruby_3,11000,20,코리아se스머신,486,GooglePlay,2025-07-30,1218800,46},,,
Order Complete (App),,ruby_1,1100,31,쟁요,519,GooglePlay,2025-07-19,903100,30},,,
Order Complete (App),,ruby_1,1100,31,쟁요,519,GooglePlay,2025-07-19,900900,30},,,
Order Complete (App),,ruby_3,11000,31,쟁요,518,GooglePlay,2025-07-19,900900,30},,,
Order Complete (App),,ruby_3,11000,31,쟁요,518,GooglePlay,2025-07-19,878900,30},,,
Order Complete (App),,ruby_1,1100,18,IPZA,364,GooglePlay,2025-07-31,99000,655},,,
Order Complete (App),,ruby_1,1100,18,IPZA,364,GooglePlay,2025-07-31,97900,655},,,
Order Complete (App),,ruby_1,1100,18,IPZA,364,GooglePlay,2025-07-31,95700,655},,,
Order Complete (App),,ruby_3,11000,31,쟁요,518,GooglePlay,2025-07-19,867900,30},,,
Order Complete (App),,ads_remove,7700,1,Hotal,9,GooglePlay,2025-08-18,0,99999999},,,
Order Complete (App),,ruby_4,33000,18,IPZA,359,GooglePlay,2025-07-31,62700,655},,,
Order Complete (App),,ruby_5,55000,7,낭강,229,GooglePlay,2025-08-12,47300,3634},,,
Order Complete (App),,ads_remove,7700,1,갸지니,51,GooglePlay,2025-08-18,0,13444},,,
Order Complete (App),,ruby_3,11000,32,심대표,519,GooglePlay,2025-07-18,920700,30},,,
Order Complete (App),,ruby_5,55000,12,유음,242,GooglePlay,2025-08-07,18700,3331},,,
Order Complete (App),,ruby_4,33000,2,수미앤시로,67,GooglePlay,2025-08-16,0,10111},,,
Order Complete (App),,ruby_2,6600,17,우성이,371,GooglePlay,2025-08-02,229900,396},,,
Order Complete (App),,ruby_3,11000,18,이순신표류기,329,GooglePlay,2025-08-01,304700,1161},,,
Order Complete (App),,ruby_3,11000,4,먼지아빠,266,GooglePlay,2025-08-15,147400,2648},,,
Order Complete (App),,ruby_3,11000,4,먼지아빠,266,GooglePlay,2025-08-15,125400,2648},,,
Order Complete (App),,ruby_3,11000,18,이순신표류기,328,GooglePlay,2025-08-01,293700,1161},,,
Order Complete (App),,ruby_3,11000,18,이순신표류기,328,GooglePlay,2025-08-01,282700,1161},,,
Order Complete (App),,ruby_2,6600,11,레고77,276,GooglePlay,2025-08-08,69300,2117},,,
Order Complete (App),,ruby_3,11000,11,레고77,276,GooglePlay,2025-08-08,62700,2117},,,
Order Complete (App),,ruby_3,11000,11,레고77,276,GooglePlay,2025-08-08,40700,2117},,,
Order Complete (App),,ruby_6,110000,32,심대표,492,GooglePlay,2025-07-18,810700,40},,,
Order Complete (App),,ruby_2,6600,32,심대표,492,GooglePlay,2025-07-18,804100,40},,,
Order Complete (App),,ruby_4,33000,3,인간홍삼,232,GooglePlay,2025-08-16,198000,3537},,,
Order Complete (App),,ads_remove,7700,1,두하,41,GooglePlay,2025-08-18,0,16347},,,
Order Complete (App),,ruby_4,33000,24,yad,445,GooglePlay,2025-07-26,364100,104},,,
Order Complete (App),,ruby_3,11000,2,버블,177,GooglePlay,2025-08-17,96800,4961},,,
Order Complete (App),,ruby_2,6600,23,양키,353,GooglePlay,2025-07-26,14300,724},,,
Order Complete (App),,ruby_4,33000,10,하뚜루,246,GooglePlay,2025-08-09,27500,3191},,,
Order Complete (App),,ruby_2,6600,23,양키,353,GooglePlay,2025-07-26,7700,724},,,
Order Complete (App),,ruby_6,110000,15,끼랄,291,GooglePlay,2025-08-03,454300,1729},,,
Order Complete (App),,ruby_6,110000,15,끼랄,291,GooglePlay,2025-08-03,344300,1729},,,
Order Complete (App),,ruby_3,11000,3,인간홍삼,216,GooglePlay,2025-08-16,187000,3981},,,
Order Complete (App),,ruby_1,1100,2,쭈우쭈,31,GooglePlay,2025-08-17,7700,17483},,,
Order Complete (App),,ruby_2,6600,2,쭈우쭈,31,GooglePlay,2025-08-17,0,17483},,,
Order Complete (App),,ruby_5,55000,3,인간홍삼,215,GooglePlay,2025-08-16,132000,3981},,,
Order Complete (App),,ruby_3,11000,14,탄령,419,GooglePlay,2025-08-05,729300,163},,,
Order Complete (App),,ads_remove,7700,1,이현아빠,6,GooglePlay,2025-08-18,0,99999999},,,
Order Complete (App),,ads_remove,7700,1,개또,7,GooglePlay,2025-08-18,0,99999999},,,
Order Complete (App),,ruby_1,1100,3,인간홍삼,201,GooglePlay,2025-08-16,132000,4214},,,
Order Complete (App),,ruby_1,1100,3,인간홍삼,201,GooglePlay,2025-08-16,132000,4214},,,
Order Complete (App),,ruby_1,1100,3,인간홍삼,201,GooglePlay,2025-08-16,128700,4214},,,
Order Complete (App),,ruby_4,33000,24,Tien,299,GooglePlay,2025-07-25,19800,1612},,,
Order Complete (App),,ads_remove,7700,1,김원정,77,GooglePlay,2025-08-17,0,9085},,,
Order Complete (App),,ruby_6,110000,3,DeerPoro,232,GooglePlay,2025-08-16,126500,3558},,,
Order Complete (App),,ads_remove,7700,24,시티유,297,GooglePlay,2025-07-26,0,1566},,,
Order Complete (App),,ruby_3,11000,27,애쉬,268,GooglePlay,2025-07-23,18700,2360},,,
Order Complete (App),,ruby_3,11000,27,애쉬,268,GooglePlay,2025-07-23,7700,2360},,,
Order Complete (App),,ruby_3,11000,4,먼지아빠,256,GooglePlay,2025-08-15,114400,2752},,,
Order Complete (App),,ruby_4,33000,20,이몽타,346,GooglePlay,2025-07-18,294800,865},,,
Order Complete (App),,ruby_4,33000,25,순간적쾌락,353,GooglePlay,2025-07-24,148500,753},,,
Order Complete (App),,ads_remove,7700,1,오둥스,41,GooglePlay,2025-08-18,0,15793},,,
Order Complete (App),,ruby_1,1100,1,쿠쮜,33,GooglePlay,2025-08-18,7700,15636},,,
Order Complete (App),,ruby_2,6600,1,쿠쮜,33,GooglePlay,2025-08-18,0,15636},,,
Order Complete (App),,ads_remove,7700,2,시뇨영,48,GooglePlay,2025-08-17,0,14479},,,
Order Complete (App),,ads_remove,7700,1,임진록,27,GooglePlay,2025-08-18,0,16210},,,
Order Complete (App),,ruby_1,1100,9,바닥,246,GooglePlay,2025-08-09,11000,3180},,,
Order Complete (App),,ruby_1,1100,9,바닥,246,GooglePlay,2025-08-09,9900,3180},,,
Order Complete (App),,ruby_1,1100,9,바닥,246,GooglePlay,2025-08-09,7700,3180},,,
Order Complete (App),,ruby_4,33000,11,전력,226,GooglePlay,2025-08-08,233200,3767},,,
Order Complete (App),,ruby_5,55000,11,전력,226,GooglePlay,2025-08-08,178200,3767},,,
Order Complete (App),,ruby_4,33000,2,HIO,32,GooglePlay,2025-08-14,0,16327},,,
Order Complete (App),,ruby_1,1100,13,스한,198,GooglePlay,2025-08-06,7700,4192},,,
Order Complete (App),,ruby_2,6600,13,스한,198,GooglePlay,2025-08-06,0,4192},,,
Order Complete (App),,ads_remove,7700,1,두잔해,6,GooglePlay,2025-08-18,0,99999999},,,
Order Complete (App),,ruby_1,1100,1,JJAMs,92,GooglePlay,2025-08-17,11000,9199},,,
Order Complete (App),,ruby_1,1100,1,JJAMs,92,GooglePlay,2025-08-17,9900,9199},,,
Order Complete (App),,ruby_1,1100,1,JJAMs,92,GooglePlay,2025-08-17,7700,9199},,,
Order Complete (App),,ads_remove,7700,1,으챠,54,GooglePlay,2025-08-17,0,13290},,,
Order Complete (App),,ruby_5,55000,3,인간홍삼,186,GooglePlay,2025-08-16,73700,4811},,,
Order Complete (App),,ruby_3,11000,10,연주,264,GooglePlay,2025-08-07,7700,2600},,,
Order Complete (App),,ruby_1,1100,19,한탕주의자,274,OneStore,2025-07-31,2200,2144},,,
Order Complete (App),,ads_remove,7700,1,별빛멜로디,5,GooglePlay,2025-08-18,0,99999999},,,
Order Complete (App),,ruby_6,110000,17,소담소민,759,GooglePlay,2025-08-01,5060000,7},,,
Order Complete (App),,ruby_4,33000,4,먼지아빠,242,GooglePlay,2025-08-15,81400,3301},,,
Order Complete (App),,ruby_3,11000,17,굴비사마,372,GooglePlay,2025-08-01,119900,417},,,
Order Complete (App),,ruby_4,33000,3,인간홍삼,131,GooglePlay,2025-08-16,40700,5874},,,
Order Complete (App),,ruby_3,11000,7,낭강,195,GooglePlay,2025-08-12,36300,4274},,,
Order Complete (App),,ruby_3,11000,13,zenz,414,GooglePlay,2025-08-05,537900,168},,,
Order Complete (App),,ruby_4,33000,3,인간홍삼,120,GooglePlay,2025-08-16,7700,6083},,,
Order Complete (App),,ruby_3,11000,5,설후아빠,218,GooglePlay,2025-08-14,75900,3919},,,
Order Complete (App),,ruby_2,6600,324,동행,1131,OneStore,2024-09-29,4280000,5},,,
Order Complete (App),,ruby_2,6600,11,전력,198,GooglePlay,2025-08-08,171600,4185},,,
Order Complete (App),,ruby_2,6600,23,4827,337,GooglePlay,2025-07-27,24200,976},,,
Order Complete (App),,ruby_2,6600,23,4827,337,GooglePlay,2025-07-27,17600,976},,,
Order Complete (App),,ruby_1,1100,23,4827,337,GooglePlay,2025-07-27,16500,976},,,
Order Complete (App),,ruby_2,6600,5,설후아빠,207,GooglePlay,2025-08-14,69300,4329},,,
Order Complete (App),,ruby_4,33000,13,zenz,392,GooglePlay,2025-08-05,504900,209},,,
Order Complete (App),,ruby_4,33000,13,zenz,392,GooglePlay,2025-08-05,471900,209},,,
Order Complete (App),,ruby_3,11000,30,초슈익,359,GooglePlay,2025-07-19,20900,645},,,
Order Complete (App),,ruby_3,11000,5,설후아빠,192,GooglePlay,2025-08-14,58300,4329},,,
Order Complete (App),,ruby_3,11000,31,껸네,508,GooglePlay,2025-07-19,1082400,33},,,
Order Complete (App),,ruby_5,55000,31,신펜,500,GooglePlay,2025-07-19,826100,36},,,
Order Complete (App),,ruby_4,33000,12,기을낙화,270,GooglePlay,2025-08-07,73700,2264},,,
Order Complete (App),,ruby_5,55000,31,껸네,508,GooglePlay,2025-07-19,1027400,33},,,
Order Complete (App),,ruby_2,6600,31,껸네,508,GooglePlay,2025-07-19,1020800,33},,,
Order Complete (App),,ruby_3,11000,32,JJJ0738,700,GooglePlay,2025-07-18,2770900,10},,,
Order Complete (App),,ruby_2,6600,27,누나좋아,447,GooglePlay,2025-07-22,930600,91},,,
Order Complete (App),,ruby_4,33000,27,누나좋아,447,GooglePlay,2025-07-22,897600,91},,,
Order Complete (App),,ruby_3,11000,33,디우,481,GooglePlay,2025-07-17,641300,49},,,
Order Complete (App),,ruby_5,55000,33,디우,481,GooglePlay,2025-07-17,575300,49},,,
Order Complete (App),,ruby_2,6600,25,늄이훈이,301,GooglePlay,2025-07-22,18700,1518},,,
Order Complete (App),,ruby_3,11000,14,조승연,487,GooglePlay,2025-08-04,1622500,43},,,
Order Complete (App),,ruby_4,33000,2,버블,120,GooglePlay,2025-08-17,63800,6078},,,
Order Complete (App),,ruby_2,6600,33,김햇반,421,GooglePlay,2025-07-16,139700,161},,,
Order Complete (App),,ruby_3,11000,14,조승연,487,GooglePlay,2025-08-04,1611500,43},,,
Order Complete (App),,ruby_6,110000,32,JJJ0738,698,GooglePlay,2025-07-18,2660900,10},,,
Order Complete (App),,ruby_2,6600,14,조승연,487,GooglePlay,2025-08-04,1604900,43},,,
Order Complete (App),,ruby_5,55000,14,조승연,487,GooglePlay,2025-08-04,1549900,43},,,
Order Complete (App),,ruby_6,110000,32,JJJ0738,698,OneStore,2025-07-18,2660900,10},,,
Order Complete (App),,ruby_5,55000,13,zenz,381,GooglePlay,2025-08-05,416900,301},,,
Order Complete (App),,ruby_5,55000,2,TY탱율,48,GooglePlay,2025-08-17,62700,14461},,,
Order Complete (App),,ruby_5,55000,2,TY탱율,41,GooglePlay,2025-08-17,7700,17025},,,
Order Complete (App),,ruby_4,33000,32,JJJ0738,698,GooglePlay,2025-07-18,2550900,10},,,
Order Complete (App),,ruby_3,11000,32,JJJ0738,698,GooglePlay,2025-07-18,2506900,10},,,
Order Complete (App),,ruby_2,6600,27,누나좋아,446,GooglePlay,2025-07-22,891000,96},,,
Order Complete (App),,ruby_2,6600,30,헤롱이,486,GooglePlay,2025-07-20,983400,45},,,
Order Complete (App),,ruby_4,33000,32,심대표,491,GooglePlay,2025-07-18,771100,40},,,
Order Complete (App),,ruby_3,11000,324,동행,1131,OneStore,2024-09-29,4273400,5},,,
Order Complete (App),,ruby_4,33000,20,냉균,428,GooglePlay,2025-07-29,557700,128},,,
Order Complete (App),,ruby_3,11000,32,심대표,491,GooglePlay,2025-07-18,760100,40},,,
Order Complete (App),,ruby_1,1100,32,마갈곤,369,GooglePlay,2025-07-17,62700,406},,,
Order Complete (App),,ruby_1,1100,32,마갈곤,369,GooglePlay,2025-07-17,60500,406},,,
Order Complete (App),,ruby_5,55000,32,심대표,490,GooglePlay,2025-07-18,705100,40},,,
Order Complete (App),,ruby_4,33000,32,심대표,489,GooglePlay,2025-07-18,672100,40},,,
Order Complete (App),,ads_remove,7700,2,blake,84,GooglePlay,2025-08-17,0,11670},,,
Order Complete (App),,ads_remove,7700,1,홍자,8,GooglePlay,2025-08-17,0,99999999},,,
Order Complete (App),,ruby_3,11000,20,코리아se스머신,474,GooglePlay,2025-07-30,1207800,53},,,
Order Complete (App),,ruby_1,1100,20,코리아se스머신,474,GooglePlay,2025-07-30,1206700,53},,,
Order Complete (App),,ads_remove,7700,2,개갑부,24,GooglePlay,2025-08-17,6600,16634},,,
Order Complete (App),,ruby_2,6600,2,개갑부,24,GooglePlay,2025-08-17,0,16634},,,
Order Complete (App),,ruby_3,11000,2,버블,103,GooglePlay,2025-08-17,52800,7089},,,
Order Complete (App),,ruby_6,110000,6,슬2,426,OneStore,2025-08-13,1225400,146},,,
Order Complete (App),,ads_remove,7700,1,JJAMs,9,GooglePlay,2025-08-17,0,99999999},,,
Order Complete (App),,ruby_1,1100,4,마노,167,GooglePlay,2025-08-15,25300,5116},,,
Order Complete (App),,ruby_6,110000,6,슬2,415,OneStore,2025-08-13,1115400,184},,,
Order Complete (App),,ruby_1,1100,2,버블,94,GooglePlay,2025-08-17,51700,7261},,,
Order Complete (App),,ruby_1,1100,14,조승연,486,GooglePlay,2025-08-04,1548800,44},,,
Order Complete (App),,ruby_3,11000,2,버블,93,GooglePlay,2025-08-17,40700,7261},,,
Order Complete (App),,ruby_5,55000,33,쮸니,393,GooglePlay,2025-07-16,89100,203},,,
Order Complete (App),,ruby_3,11000,4,신검영,68,GooglePlay,2025-08-15,0,9881},,,
Order Complete (App),,ruby_3,11000,1,묵갓,24,GooglePlay,2025-08-17,0,17436},,,
Order Complete (App),,ads_remove,7700,1,쫠메,41,GooglePlay,2025-08-17,0,14448},,,
Order Complete (App),,ruby_5,55000,3,눈떠보니난린이,201,GooglePlay,2025-08-15,150700,4381},,,
Order Complete (App),,ruby_3,11000,20,이몽타,342,GooglePlay,2025-07-18,294800,1018},,,
Order Complete (App),,ruby_3,11000,20,이몽타,342,GooglePlay,2025-07-18,272800,1018},,,
Order Complete (App),,ruby_6,110000,20,이몽타,342,GooglePlay,2025-07-18,162800,1018},,,
Order Complete (App),,ruby_3,11000,14,조승연,486,GooglePlay,2025-08-04,1537800,44},,,
Order Complete (App),,ads_remove,7700,1,오뚜,8,GooglePlay,2025-08-17,0,99999999},,,
Order Complete (App),,ruby_1,1100,14,조승연,486,GooglePlay,2025-08-04,1536700,44},,,
Order Complete (App),,ruby_1,1100,14,조승연,486,GooglePlay,2025-08-04,1535600,44},,,
Order Complete (App),,ruby_3,11000,17,쿠행행,271,GooglePlay,2025-07-26,316800,2201},,,
Order Complete (App),,ruby_2,6600,33,은월랑,487,GooglePlay,2025-07-17,1337600,42},,,
Order Complete (App),,ruby_6,110000,6,슬2,395,OneStore,2025-08-13,1005400,196},,,
Order Complete (App),,ruby_2,6600,3,뽈랑,213,GooglePlay,2025-08-16,44000,4640},,,
Order Complete (App),,ruby_1,1100,30,광따,470,GooglePlay,2025-07-20,501600,56},,,
Order Complete (App),,ruby_6,110000,17,쿠행행,271,GooglePlay,2025-07-26,206800,2201},,,
Order Complete (App),,ruby_3,11000,31,태백,519,GooglePlay,2025-07-18,957000,29},,,
Order Complete (App),,ruby_3,11000,31,태백,519,GooglePlay,2025-07-18,935000,29},,,
Order Complete (App),,ruby_3,11000,30,광따,469,GooglePlay,2025-07-20,501600,58},,,
Order Complete (App),,ruby_3,11000,30,광따,469,GooglePlay,2025-07-20,479600,58},,,
Order Complete (App),,ads_remove,7700,1,간다삐아,36,GooglePlay,2025-08-17,0,17431},,,
Order Complete (App),,ads_remove,7700,1,슬아태민빠,6,GooglePlay,2025-08-17,0,99999999},,,
Order Complete (App),,ruby_3,11000,30,광따,467,GooglePlay,2025-07-20,468600,58},,,
Order Complete (App),,ruby_2,6600,3,뽈랑,201,GooglePlay,2025-08-16,37400,4640},,,
Order Complete (App),,ruby_3,11000,31,현쪄깅,374,GooglePlay,2025-07-19,106700,354},,,
Order Complete (App),,ruby_3,11000,31,현쪄깅,374,GooglePlay,2025-07-19,84700,354},,,
Order Complete (App),,ruby_1,1100,29,안양잠룡,362,GooglePlay,2025-07-20,34100,597},,,
Order Complete (App),,ruby_1,1100,29,안양잠룡,362,GooglePlay,2025-07-20,33000,597},,,
Order Complete (App),,ruby_1,1100,29,안양잠룡,362,GooglePlay,2025-07-20,30800,597},,,
Order Complete (App),,ruby_3,11000,30,Nospoon,372,GooglePlay,2025-07-19,185900,365},,,
Order Complete (App),,ruby_3,11000,30,Nospoon,372,GooglePlay,2025-07-19,163900,365},,,
Order Complete (App),,ruby_1,1100,15,조엘,365,GooglePlay,2025-08-04,286000,529},,,
Order Complete (App),,ruby_2,6600,15,조엘,365,GooglePlay,2025-08-04,279400,529},,,
Order Complete (App),,ruby_4,33000,19,오쭌쭌이,301,GooglePlay,2025-07-31,135300,1483},,,
Order Complete (App),,ruby_2,6600,2,이맛,92,GooglePlay,2025-08-16,7700,7410},,,
Order Complete (App),,ruby_1,1100,2,이맛,92,GooglePlay,2025-08-16,0,7410},,,
Order Complete (App),,ruby_1,1100,33,쩰리,377,GooglePlay,2025-07-16,55000,319},,,
Order Complete (App),,ruby_4,33000,32,JJJ0738,694,GooglePlay,2025-07-18,2473900,10},,,
Order Complete (App),,ruby_2,6600,3,산나비,25,GooglePlay,2025-08-14,7700,17430},,,
Order Complete (App),,ruby_1,1100,3,산나비,25,GooglePlay,2025-08-14,0,17430},,,
Order Complete (App),,ruby_3,11000,32,JJJ0738,694,GooglePlay,2025-07-18,2462900,10},,,
Order Complete (App),,ruby_2,6600,31,구독자,426,GooglePlay,2025-07-18,217800,141},,,
Order Complete (App),,ruby_3,11000,23,허어어니,450,GooglePlay,2025-07-27,544500,83},,,
Order Complete (App),,ruby_3,11000,2,툴툴,26,GooglePlay,2025-08-17,22000,16286},,,
Order Complete (App),,ruby_1,1100,1,미친자,25,GooglePlay,2025-08-17,7700,17430},,,
Order Complete (App),,ruby_3,11000,2,툴툴,26,GooglePlay,2025-08-17,11000,17026},,,
Order Complete (App),,ruby_2,6600,1,미친자,25,GooglePlay,2025-08-17,0,17430},,,
Order Complete (App),,ruby_3,11000,2,툴툴,24,GooglePlay,2025-08-17,0,17026},,,
Order Complete (App),,ruby_2,6600,294,예슬아,1007,OneStore,2024-10-28,1265800,10},,,
Order Complete (App),,ruby_3,11000,24,lokoko,253,GooglePlay,2025-07-22,13200,2831},,,
Order Complete (App),,ruby_1,1100,324,다륜,948,OneStore,2024-09-29,40700,23},,,
Order Complete (App),,ruby_1,1100,324,동행,1130,OneStore,2024-09-29,4262400,5},,,
Order Complete (App),,ruby_3,11000,2,오픈베타,25,GooglePlay,2025-08-16,28600,16452},,,
Order Complete (App),,ruby_3,11000,2,오픈베타,25,GooglePlay,2025-08-16,28600,16452},,,
Order Complete (App),,ruby_2,6600,2,오픈베타,25,GooglePlay,2025-08-16,0,16452},,,
Order Complete (App),,ruby_6,110000,31,KIRA,965,GooglePlay,2025-07-18,10127700,1},,,
Order Complete (App),,ruby_6,110000,31,KIRA,965,GooglePlay,2025-07-18,10017700,1},,,
Order Complete (App),,ruby_5,55000,4,지서니,305,GooglePlay,2025-08-14,645700,1611},,,
Order Complete (App),,ads_remove,7700,1,TY탱율,7,GooglePlay,2025-08-17,0,99999999},,,
Order Complete (App),,ruby_4,33000,32,지냥,426,GooglePlay,2025-07-17,140800,140},,,
Order Complete (App),,ruby_2,6600,9,하뚜루,229,GooglePlay,2025-08-09,20900,3601},,,
Order Complete (App),,ruby_4,33000,4,지서니,292,GooglePlay,2025-08-14,612700,1611},,,
Order Complete (App),,ruby_6,110000,16,웅이아부지,401,GooglePlay,2025-08-02,667700,176},,,
Order Complete (App),,ads_remove,7700,1,UC뽜니,8,GooglePlay,2025-08-17,0,99999999},,,
Order Complete (App),,ruby_5,55000,28,라영,321,GooglePlay,2025-07-21,80300,1331},,,
Order Complete (App),,ruby_4,33000,28,라영,321,GooglePlay,2025-07-21,47300,1331},,,
Order Complete (App),,ruby_4,33000,1,버블,26,GooglePlay,2025-08-17,7700,17010},,,
Order Complete (App),,ads_remove,7700,1,하화,24,GooglePlay,2025-08-17,0,17415},,,
Order Complete (App),,ruby_3,11000,28,수민이,369,GooglePlay,2025-07-21,155100,411},,,
Order Complete (App),,ruby_2,6600,7,간비드,117,GooglePlay,2025-08-11,7700,6726},,,
Order Complete (App),,ruby_3,11000,4,레오야멍멍해봐,234,GooglePlay,2025-08-13,40700,3440},,,
Order Complete (App),,ads_remove,7700,1,란준,24,GooglePlay,2025-08-17,0,16819},,,
Order Complete (App),,ads_remove,7700,1,미끼,7,GooglePlay,2025-08-17,0,99999999},,,
Order Complete (App),,ruby_1,1100,305,전설방패,884,OneStore,2024-10-16,264600,51},,,
Order Complete (App),,ads_remove,7700,1,버블,5,GooglePlay,2025-08-17,0,99999999},,,
Order Complete (App),,ruby_2,6600,3,레스메디,146,GooglePlay,2025-08-15,7700,5456},,,
Order Complete (App),,ruby_1,1100,34,아이구,376,OneStore,2025-07-15,11000,1080},,,
Order Complete (App),,ads_remove,7700,1,뚜뚜장,8,GooglePlay,2025-08-17,0,99999999},,,
Order Complete (App),,ruby_6,110000,16,소담소민,759,GooglePlay,2025-08-01,4950000,7},,,
Order Complete (App),,ruby_4,33000,17,루바토,280,GooglePlay,2025-07-31,7700,1979},,,
Order Complete (App),,ads_remove,7700,1,계란말이정식,24,GooglePlay,2025-08-17,0,16813},,,
Order Complete (App),,ruby_5,55000,26,nerdy,386,GooglePlay,2025-07-23,370700,243},,,
Order Complete (App),,ads_remove,7700,1,쟁이,62,GooglePlay,2025-08-16,0,10894},,,
Order Complete (App),,ads_remove,7700,1,더골프,32,GooglePlay,2025-08-17,0,15721},,,
Order Complete (App),,ruby_4,33000,2,가별초,134,GooglePlay,2025-08-15,40700,5754},,,
Order Complete (App),,ruby_3,11000,2,흑아,43,GooglePlay,2024-10-29,0,10390},,,
Order Complete (App),,ruby_2,6600,3,먼지아빠,236,GooglePlay,2025-08-15,74800,3367},,,
Order Complete (App),,ruby_4,33000,1,아마구찌,93,GooglePlay,2025-08-17,7700,7610},,,
Order Complete (App),,ruby_3,11000,12,젤이쁜울아덜,286,GooglePlay,2025-08-06,144100,1810},,,
Order Complete (App),,ruby_3,11000,10,붉은눈,282,GooglePlay,2025-08-08,29700,1979},,,
Order Complete (App),,ads_remove,7700,1,앨런,7,GooglePlay,2025-08-17,0,99999999},,,
Order Complete (App),,ruby_4,33000,18,옥지의빵빵이,465,GooglePlay,2025-07-31,1074700,60},,,
Order Complete (App),,ruby_3,11000,18,현기증난다고,277,GooglePlay,2025-07-31,238700,2034},,,
Order Complete (App),,ruby_1,1100,15,도또또,272,GooglePlay,2025-08-03,38500,2134},,,
Order Complete (App),,ruby_1,1100,15,도또또,272,GooglePlay,2025-08-03,36300,2134},,,
Order Complete (App),,ruby_3,11000,15,도또또,272,GooglePlay,2025-08-03,25300,2134},,,
Order Complete (App),,ruby_2,6600,23,타이거통,359,GooglePlay,2025-07-26,275000,591},,,
Order Complete (App),,ads_remove,7700,1,하브로,7,GooglePlay,2025-08-17,0,99999999},,,
Order Complete (App),,ads_remove,7700,1,모리와나,34,GooglePlay,2025-08-17,0,17385},,,
Order Complete (App),,ruby_5,55000,3,Space,150,GooglePlay,2025-08-15,40700,5361},,,
Order Complete (App),,ads_remove,7700,1,efj,25,GooglePlay,2025-08-17,0,16980},,,
Order Complete (App),,ads_remove,7700,18,풍야88,266,GooglePlay,2025-07-30,0,2379},,,
Order Complete (App),,ads_remove,7700,1,아마구찌,6,GooglePlay,2025-08-17,0,99999999},,,
Order Complete (App),,ruby_3,11000,6,장상,151,GooglePlay,2025-08-11,29700,5345},,,
Order Complete (App),,ads_remove,7700,1,준브로,65,GooglePlay,2025-08-17,0,10540},,,
Order Complete (App),,ruby_3,11000,4,차지우,229,GooglePlay,2025-08-14,79200,3575},,,
Order Complete (App),,ruby_1,1100,30,그칸당,347,GooglePlay,2025-07-19,7700,803},,,
Order Complete (App),,ruby_1,1100,1,암천,24,GooglePlay,2025-08-17,6600,16970},,,
Order Complete (App),,ruby_2,6600,1,암천,24,GooglePlay,2025-08-17,0,16970},,,
Order Complete (App),,ruby_3,11000,13,조승연,485,GooglePlay,2025-08-04,1524600,43},,,
Order Complete (App),,ruby_2,6600,13,조승연,485,GooglePlay,2025-08-04,1518000,43},,,
Order Complete (App),,ruby_2,6600,17,도라에몽표류기,394,GooglePlay,2025-08-01,366300,184},,,
Order Complete (App),,ruby_6,110000,16,웅이아부지,395,GooglePlay,2025-08-02,557700,177},,,
Order Complete (App),,ruby_3,11000,30,JMG,389,GooglePlay,2025-07-19,187000,208},,,
Order Complete (App),,ruby_5,55000,8,갠플,209,GooglePlay,2025-08-10,29700,4047},,,
Order Complete (App),,ruby_2,6600,9,토츠카,235,GooglePlay,2025-08-09,27500,3404},,,
Order Complete (App),,ruby_6,110000,4,응짱,249,GooglePlay,2025-08-14,194700,2946},,,
Order Complete (App),,ads_remove,7700,1,현진아씨,8,GooglePlay,2025-08-17,0,99999999},,,
Order Complete (App),,ads_remove,7700,1,블러디하트,11,GooglePlay,2025-08-17,0,99999999},,,
Order Complete (App),,ruby_2,6600,3,마노,142,GooglePlay,2025-08-15,18700,5527},,,
Order Complete (App),,ads_remove,7700,1,RSJ,57,GooglePlay,2025-08-17,0,11436},,,
Order Complete (App),,ruby_3,11000,3,마노,142,GooglePlay,2025-08-15,7700,5527},,,
Order Complete (App),,ads_remove,7700,1,낌동동,11,GooglePlay,2025-08-17,0,99999999},,,
Order Complete (App),,ads_remove,7700,1,반자간,5,GooglePlay,2025-08-17,0,99999999},,,
Order Complete (App),,ruby_6,110000,14,teamnose,333,GooglePlay,2025-08-03,207900,969},,,
Order Complete (App),,ruby_6,110000,5,호호걸,266,OneStore,2025-08-13,227700,2392},,,
Order Complete (App),,ruby_6,110000,4,지서니,281,GooglePlay,2025-08-14,502700,1924},,,
Order Complete (App),,ruby_2,6600,31,이오스,386,GooglePlay,2025-07-18,7700,239},,,
Order Complete (App),,ruby_4,33000,15,Salah,287,OneStore,2025-08-03,150700,1730},,,
Order Complete (App),,ads_remove,7700,1,miro1,24,GooglePlay,2025-08-17,0,17341},,,
Order Complete (App),,ruby_2,6600,3,먼지아빠,233,GooglePlay,2025-08-15,68200,3435},,,
Order Complete (App),,ads_remove,7700,1,논뉴,24,GooglePlay,2025-08-17,0,16950},,,
Order Complete (App),,ruby_4,33000,28,베노미,486,OneStore,2025-07-21,1113200,42},,,
Order Complete (App),,ads_remove,7700,1,최강창민,4,GooglePlay,2025-08-17,0,99999999},,,
Order Complete (App),,ruby_4,33000,9,오예유,246,GooglePlay,2025-08-09,68200,3109},,,
Order Complete (App),,ads_remove,7700,1,난세정착기,8,GooglePlay,2025-08-17,0,99999999},,,
Order Complete (App),,ruby_1,1100,23,격공,270,OneStore,2025-07-26,23100,2186},,,
Order Complete (App),,ruby_3,11000,23,격공,270,OneStore,2025-07-26,22000,2186},,,
Order Complete (App),,ads_remove,7700,1,우하하a,12,GooglePlay,2025-08-17,0,99999999},,,
Order Complete (App),,ruby_3,11000,15,꼬금또구토토아빠,288,GooglePlay,2025-08-03,84700,1678},,,
Order Complete (App),,ruby_4,33000,15,꼬금또구토토아빠,288,GooglePlay,2025-08-03,51700,1678},,,
Order Complete (App),,ruby_3,11000,19,코리아se스머신,473,GooglePlay,2025-07-30,1195700,52},,,
Order Complete (App),,ruby_4,33000,7,꺄르47,228,GooglePlay,2025-08-11,25300,3585},,,
Order Complete (App),,ruby_4,33000,22,허어어니,447,GooglePlay,2025-07-27,511500,85},,,
Order Complete (App),,ruby_6,110000,4,지서니,269,GooglePlay,2025-08-14,392700,2232},,,
Order Complete (App),,ruby_5,55000,19,코리아se스머신,469,GooglePlay,2025-07-30,1140700,56},,,
Order Complete (App),,ruby_4,33000,2,눈떠보니난린이,150,GooglePlay,2025-08-15,117700,5426},,,
Order Complete (App),,ruby_5,55000,19,코리아se스머신,468,GooglePlay,2025-07-30,1085700,56},,,
Order Complete (App),,ruby_3,11000,22,허어어니,447,GooglePlay,2025-07-27,500500,85},,,
Order Complete (App),,ruby_4,33000,29,이재영구속,292,GooglePlay,2025-07-19,95700,1553},,,
Order Complete (App),,ruby_3,11000,4,설후아빠,145,GooglePlay,2025-08-14,47300,5524},,,
Order Complete (App),,ruby_5,55000,29,이재영구속,292,GooglePlay,2025-07-19,7700,1553},,,
Order Complete (App),,ads_remove,7700,1,난새니까날아가,6,GooglePlay,2025-08-17,0,99999999},,,
Order Complete (App),,ruby_5,55000,2,눈떠보니난린이,147,GooglePlay,2025-08-15,62700,5426},,,
Order Complete (App),,ads_remove,7700,1,시락,8,GooglePlay,2025-08-17,0,99999999},,,
Order Complete (App),,ruby_3,11000,30,딱쎄,450,GooglePlay,2025-07-18,368500,81},,,
Order Complete (App),,ruby_4,33000,19,코리아se스머신,466,GooglePlay,2025-07-30,1052700,58},,,
Order Complete (App),,ruby_4,33000,19,코리아se스머신,466,GooglePlay,2025-07-30,1019700,58},,,
Order Complete (App),,ruby_3,11000,19,코리아se스머신,466,GooglePlay,2025-07-30,1008700,58},,,
Order Complete (App),,ruby_4,33000,16,우성이,348,GooglePlay,2025-08-02,196900,731},,,
Order Complete (App),,ads_remove,7700,1,변동출,5,GooglePlay,2025-08-17,0,99999999},,,
Order Complete (App),,ads_remove,7700,1,이력서,4,GooglePlay,2025-08-17,0,99999999},,,
Order Complete (App),,ruby_1,1100,17,도라에몽표류기,393,GooglePlay,2025-08-01,366300,182},,,
Order Complete (App),,ruby_1,1100,17,도라에몽표류기,393,GooglePlay,2025-08-01,365200,182},,,
Order Complete (App),,ruby_1,1100,17,도라에몽표류기,393,GooglePlay,2025-08-01,363000,182},,,
Order Complete (App),,ruby_5,55000,2,DeerPoro,170,GooglePlay,2025-08-16,71500,4975},,,
Order Complete (App),,ads_remove,7700,2,hohopapa,32,GooglePlay,2025-08-16,0,16731},,,
Order Complete (App),,ruby_2,6600,6,오지다리,153,GooglePlay,2025-08-12,14300,5472},,,
Order Complete (App),,ruby_4,33000,1,승질난냥이,38,GooglePlay,2025-08-16,0,15200},,,
Order Complete (App),,ads_remove,7700,1,하얀빽곰,10,GooglePlay,2025-08-17,0,99999999},,,
Order Complete (App),,ruby_4,33000,29,춘하,351,GooglePlay,2025-07-18,146300,661},,,
Order Complete (App),,ads_remove,7700,3,관운장비,41,GooglePlay,2025-08-15,0,14343},,,
Order Complete (App),,ruby_4,33000,29,춘하,351,GooglePlay,2025-07-18,113300,661},,,
Order Complete (App),,ruby_1,1100,1,nata,32,GooglePlay,2025-08-16,7700,17323},,,
Order Complete (App),,ruby_2,6600,1,nata,32,GooglePlay,2025-08-16,0,17323},,,
Order Complete (App),,ruby_1,1100,2,DeerPoro,151,GooglePlay,2025-08-16,71500,5369},,,
Order Complete (App),,ruby_1,1100,2,DeerPoro,151,GooglePlay,2025-08-16,69300,5369},,,
Order Complete (App),,ads_remove,7700,3,수수깡캉,95,GooglePlay,2025-08-15,0,7572},,,
Order Complete (App),,ruby_4,33000,29,춘하,350,GooglePlay,2025-07-18,80300,692},,,
Order Complete (App),,ads_remove,7700,5,막껄리이한잔,148,GooglePlay,2025-08-13,0,5332},,,
Order Complete (App),,ruby_2,6600,2,DeerPoro,129,GooglePlay,2025-08-16,62700,5950},,,
Order Complete (App),,ruby_3,11000,2,DeerPoro,129,GooglePlay,2025-08-16,62700,5950},,,
Order Complete (App),,ruby_3,11000,2,DeerPoro,129,GooglePlay,2025-08-16,40700,5950},,,
Order Complete (App),,ruby_2,6600,31,그것이섯다,421,GooglePlay,2025-07-18,844800,146},,,
Order Complete (App),,ruby_4,33000,12,젤이쁜울아덜,276,GooglePlay,2025-08-06,111100,2123},,,
Order Complete (App),,ruby_3,11000,1,비주얼보이,41,GooglePlay,2025-08-16,18700,14340},,,
Order Complete (App),,ruby_3,11000,31,그것이섯다,421,GooglePlay,2025-07-18,833800,146},,,
Order Complete (App),,ruby_3,11000,1,비주얼보이,41,GooglePlay,2025-08-16,7700,14340},,,
Order Complete (App),,ads_remove,7700,1,다미보이,6,GooglePlay,2025-08-16,0,99999999},,,
Order Complete (App),,ads_remove,7700,1,망야,29,GooglePlay,2025-08-16,0,16907},,,
Order Complete (App),,ads_remove,7700,1,신빡지,8,GooglePlay,2025-08-16,0,99999999},,,
Order Complete (App),,ads_remove,7700,1,첫번째레슨,29,GooglePlay,2025-08-16,0,17314},,,
Order Complete (App),,ruby_4,33000,15,김루팡,330,GooglePlay,2025-08-03,259600,1214},,,
Order Complete (App),,ruby_3,11000,26,장수척준경,437,GooglePlay,2025-07-22,455400,101},,,
Order Complete (App),,ruby_4,33000,26,누나좋아,441,GooglePlay,2025-07-22,858000,95},,,
Order Complete (App),,ruby_2,6600,15,김루팡,327,GooglePlay,2025-08-03,253000,1214},,,
Order Complete (App),,ruby_3,11000,2,야지쏭,27,GooglePlay,2025-08-16,0,16340},,,
Order Complete (App),,ruby_3,11000,2,fly84,82,GooglePlay,2025-08-16,92400,9661},,,
Order Complete (App),,ruby_3,11000,21,진우서우,449,GooglePlay,2025-07-28,696300,81},,,
Order Complete (App),,ruby_1,1100,3,canciro,96,GooglePlay,2025-08-13,7700,7104},,,
Order Complete (App),,ruby_2,6600,3,canciro,96,GooglePlay,2025-08-13,0,7104},,,
Order Complete (App),,ads_remove,7700,2,항마전,76,GooglePlay,2025-08-15,0,8936},,,
Order Complete (App),,ruby_3,11000,5,순둡,146,GooglePlay,2025-08-13,18700,5411},,,
Order Complete (App),,ruby_3,11000,5,순둡,146,GooglePlay,2025-08-13,7700,5411},,,
Order Complete (App),,ads_remove,7700,1,곰일억육천마리,4,GooglePlay,2025-08-16,0,99999999},,,
Order Complete (App),,ads_remove,7700,1,행직,8,GooglePlay,2025-08-16,0,99999999},,,
Order Complete (App),,ruby_5,55000,30,껸네,487,GooglePlay,2025-07-19,965800,38},,,
Order Complete (App),,ruby_3,11000,21,루아베니,438,GooglePlay,2025-07-17,1060400,100},,,
Order Complete (App),,ruby_3,11000,12,펭구7,344,GooglePlay,2025-08-05,288200,836},,,
Order Complete (App),,ruby_2,6600,14,조엘,350,GooglePlay,2025-08-04,272800,684},,,
Order Complete (App),,ruby_1,1100,1,헤데카,28,GooglePlay,2025-08-16,7700,17300},,,
Order Complete (App),,ruby_2,6600,1,헤데카,28,GooglePlay,2025-08-16,0,17300},,,
Order Complete (App),,ads_remove,7700,1,장군과멍군,16,GooglePlay,2025-08-16,0,99999999},,,
Order Complete (App),,ruby_5,55000,9,오예유,236,GooglePlay,2025-08-09,13200,3381},,,
Order Complete (App),,ruby_2,6600,17,oasis,251,GooglePlay,2025-07-31,7700,2949},,,
Order Complete (App),,ads_remove,7700,1,농부선수,47,GooglePlay,2025-08-16,0,13757},,,
Order Complete (App),,ads_remove,7700,2,1235,64,GooglePlay,2025-08-16,0,12282},,,
Order Complete (App),,ruby_1,1100,22,조선이도,289,GooglePlay,2025-07-27,41800,1611},,,
Order Complete (App),,ruby_1,1100,22,조선이도,289,GooglePlay,2025-07-27,40700,1611},,,
Order Complete (App),,ruby_1,1100,22,조선이도,289,GooglePlay,2025-07-27,38500,1611},,,
Order Complete (App),,ruby_2,6600,26,쿠쿵,457,GooglePlay,2025-07-23,590700,69},,,
Order Complete (App),,ruby_4,33000,17,루인군,295,GooglePlay,2025-07-31,40700,1648},,,
Order Complete (App),,ruby_4,33000,17,루인군,290,GooglePlay,2025-07-31,7700,1648},,,
Order Complete (App),,ruby_4,33000,13,짱콩파파,369,GooglePlay,2025-08-04,304700,363},,,
Order Complete (App),,ruby_3,11000,33,밀레니온,435,GooglePlay,2025-07-16,585200,102},,,
Order Complete (App),,ads_remove,7700,1,MonoCrom,5,GooglePlay,2025-08-16,0,99999999},,,
Order Complete (App),,ads_remove,7700,1,또이퐁,8,GooglePlay,2025-08-16,0,99999999},,,
Order Complete (App),,ads_remove,7700,1,176,4,GooglePlay,2025-08-16,0,99999999},,,
Order Complete (App),,ruby_1,1100,26,Raid,774,GooglePlay,2025-07-22,3708100,5},,,
Order Complete (App),,ruby_1,1100,32,윤관,443,GooglePlay,2025-07-17,169400,93},,,
Order Complete (App),,ruby_1,1100,32,윤관,441,GooglePlay,2025-07-17,169400,93},,,
Order Complete (App),,ruby_2,6600,32,윤관,441,GooglePlay,2025-07-17,161700,93},,,
Order Complete (App),,ruby_3,11000,31,국산뽀또,472,GooglePlay,2025-07-17,387200,51},,,
Order Complete (App),,ruby_3,11000,31,국산뽀또,472,GooglePlay,2025-07-17,365200,51},,,
Order Complete (App),,ads_remove,7700,2,Cleo,65,GooglePlay,2025-08-16,0,10613},,,
Order Complete (App),,ruby_4,33000,32,삼다,371,GooglePlay,2025-07-16,119900,333},,,
Order Complete (App),,ruby_3,11000,30,쟁요,512,GooglePlay,2025-07-19,856900,30},,,
Order Complete (App),,ruby_3,11000,24,rubidu,390,GooglePlay,2025-07-25,187000,209},,,
Order Complete (App),,ads_remove,7700,1,Oni,11,GooglePlay,2025-08-16,0,99999999},,,
Order Complete (App),,ruby_3,11000,18,꾸이짱,273,GooglePlay,2025-07-31,51700,2071},,,
Order Complete (App),,ruby_2,6600,11,류뎡하,147,GooglePlay,2025-08-06,12100,5345},,,
Order Complete (App),,ruby_3,11000,30,개근남,563,GooglePlay,2025-07-18,1226500,16},,,
Order Complete (App),,ads_remove,7700,4,샤이닝블랙핸드,41,GooglePlay,2025-08-14,0,15157},,,
Order Complete (App),,ruby_1,1100,23,혼세마왕,363,GooglePlay,2025-07-26,7700,523},,,
Order Complete (App),,ruby_3,11000,3,개루삭구,93,GooglePlay,2025-08-15,18700,7553},,,
Order Complete (App),,ads_remove,7700,1,비주얼보이,5,GooglePlay,2025-08-16,0,99999999},,,
Order Complete (App),,ruby_2,6600,22,허어어니,446,GooglePlay,2025-07-27,493900,85},,,
Order Complete (App),,ruby_2,6600,22,허어어니,446,GooglePlay,2025-07-27,487300,85},,,
Order Complete (App),,ruby_1,1100,2,뽈랑,150,GooglePlay,2025-08-16,37400,5565},,,
Order Complete (App),,ruby_1,1100,31,비련,404,GooglePlay,2025-07-18,169400,164},,,
Order Complete (App),,ruby_1,1100,2,뽈랑,150,GooglePlay,2025-08-16,36300,5565},,,
Order Complete (App),,ruby_1,1100,31,비련,404,GooglePlay,2025-07-18,167200,164},,,
Order Complete (App),,ruby_1,1100,2,뽈랑,150,GooglePlay,2025-08-16,34100,5565},,,
Order Complete (App),,ruby_3,11000,31,비련,404,GooglePlay,2025-07-18,156200,164},,,
Order Complete (App),,ruby_1,1100,4,차지우,216,GooglePlay,2025-08-14,78100,3872},,,
Order Complete (App),,ruby_1,1100,293,예슬아,1006,OneStore,2024-10-28,1259200,10},,,
Order Complete (App),,ruby_1,1100,30,쟁요,498,GooglePlay,2025-07-19,856900,32},,,
Order Complete (App),,ruby_1,1100,30,쟁요,498,GooglePlay,2025-07-19,854700,32},,,
Order Complete (App),,ruby_6,110000,31,KIRA,962,GooglePlay,2025-07-18,9907700,1},,,
Order Complete (App),,ruby_4,33000,3,허니잼,126,GooglePlay,2025-08-14,7700,5878},,,
Order Complete (App),,ads_remove,7700,1,mmc,36,GooglePlay,2025-08-16,0,15287},,,
Order Complete (App),,ruby_2,6600,1,건검,41,GooglePlay,2025-08-16,7700,16443},,,
Order Complete (App),,ruby_1,1100,1,건검,41,GooglePlay,2025-08-16,0,16443},,,
Order Complete (App),,ruby_4,33000,1,fly84,51,GooglePlay,2025-08-16,59400,12573},,,
Order Complete (App),,ads_remove,7700,1,떡두두야,5,GooglePlay,2025-08-16,0,99999999},,,
Order Complete (App),,ruby_1,1100,16,담다미,260,GooglePlay,2025-08-01,27500,2552},,,
Order Complete (App),,ruby_1,1100,16,담다미,260,GooglePlay,2025-08-01,26400,2552},,,
Order Complete (App),,ruby_2,6600,16,담다미,260,GooglePlay,2025-08-01,25300,2552},,,
Order Complete (App),,ruby_3,11000,16,담다미,260,GooglePlay,2025-08-01,7700,2552},,,
Order Complete (App),,ads_remove,7700,1,원신,6,GooglePlay,2025-08-16,0,99999999},,,
Order Complete (App),,ruby_2,6600,19,비뢰,304,GooglePlay,2025-07-29,31900,1417},,,
Order Complete (App),,ruby_3,11000,19,비뢰,302,GooglePlay,2025-07-29,20900,1417},,,
Order Complete (App),,ruby_2,6600,19,비뢰,300,GooglePlay,2025-07-29,14300,1417},,,
Order Complete (App),,ads_remove,7700,1,너거끼리,48,GooglePlay,2025-08-16,0,13721},,,
Order Complete (App),,ruby_6,110000,26,아키츠키,325,GooglePlay,2025-07-22,7700,1200},,,
Order Complete (App),,ruby_4,33000,1,DeerPoro,76,GooglePlay,2025-08-16,7700,9240},,,
Order Complete (App),,ruby_2,6600,2,먼지아빠,215,GooglePlay,2025-08-15,61600,3900},,,
Order Complete (App),,ruby_3,11000,16,이류희,238,GooglePlay,2025-07-30,7700,3296},,,
Order Complete (App),,ruby_1,1100,317,권준,764,OneStore,2024-10-04,13200,90},,,
Order Complete (App),,ruby_2,6600,9,인효바둑판,250,GooglePlay,2025-08-08,38500,2918},,,
Order Complete (App),,ruby_5,55000,14,김루팡,272,GooglePlay,2025-08-03,198000,2192},,,
Order Complete (App),,ads_remove,7700,1,Ya생마,5,GooglePlay,2025-08-16,0,99999999},,,
Order Complete (App),,ruby_4,33000,1,전우치a,81,GooglePlay,2025-08-16,7700,8856},,,
Order Complete (App),,ads_remove,7700,1,검은고영희,55,GooglePlay,2025-08-16,0,13356},,,
Order Complete (App),,ruby_4,33000,1,fly84,32,GooglePlay,2025-08-16,59400,16113},,,
Order Complete (App),,ruby_3,11000,1,fly84,32,GooglePlay,2025-08-16,26400,16113},,,
Order Complete (App),,ruby_2,6600,1,fly84,32,GooglePlay,2025-08-16,15400,16113},,,
Order Complete (App),,ruby_1,1100,1,fly84,32,GooglePlay,2025-08-16,7700,16113},,,
Order Complete (App),,ruby_1,1100,323,해요,924,OneStore,2024-09-28,34100,32},,,
Order Complete (App),,ads_remove,7700,1,극이,54,GooglePlay,2025-08-16,0,13349},,,
Order Complete (App),,ads_remove,7700,10,우떠,187,GooglePlay,2025-08-07,0,4442},,,
Order Complete (App),,ruby_3,11000,30,꿀망고,347,GooglePlay,2025-07-16,42900,723},,,
Order Complete (App),,ruby_4,33000,14,김루팡,266,GooglePlay,2025-08-03,165000,2464},,,
Order Complete (App),,ads_remove,7700,1,정명몽,19,GooglePlay,2025-08-16,0,99999999},,,
Order Complete (App),,ads_remove,7700,1,약사,5,GooglePlay,2025-08-16,0,99999999},,,
Order Complete (App),,ruby_3,11000,1,꼬북이,25,GooglePlay,2025-08-16,0,17238},,,
Order Complete (App),,ruby_3,11000,4,뗀석기식기,102,GooglePlay,2025-08-01,25300,8765},,,
Order Complete (App),,ads_remove,7700,1,가람찬,46,GooglePlay,2025-08-16,0,13345},,,
Order Complete (App),,ruby_3,11000,4,뗀석기식기,92,GooglePlay,2025-08-01,14300,8765},,,
Order Complete (App),,ads_remove,7700,1,북해,8,GooglePlay,2025-08-16,0,99999999},,,
Order Complete (App),,ads_remove,7700,1,운월,5,GooglePlay,2025-08-16,0,99999999},,,
Order Complete (App),,ads_remove,7700,1,전우치a,26,GooglePlay,2025-08-16,0,16833},,,
Order Complete (App),,ruby_2,6600,4,뗀석기식기,85,GooglePlay,2025-08-01,7700,8765},,,
Order Complete (App),,ruby_4,33000,14,김루팡,263,GooglePlay,2025-08-03,132000,2464},,,
Order Complete (App),,ruby_3,11000,30,하성,321,GooglePlay,2025-07-17,23100,1193},,,
Order Complete (App),,ads_remove,7700,1,표적,25,GooglePlay,2025-08-16,0,16824},,,
Order Complete (App),,ads_remove,7700,1,비매,44,GooglePlay,2025-08-16,0,17228},,,
Order Complete (App),,ads_remove,7700,1,maybe,7,GooglePlay,2025-08-16,0,99999999},,,
Order Complete (App),,ads_remove,7700,1,인간홍삼,9,GooglePlay,2025-08-16,0,99999999},,,
Order Complete (App),,ruby_5,55000,30,샹이,329,GooglePlay,2025-07-18,7700,996},,,
Order Complete (App),,ruby_3,11000,7,김태형,248,GooglePlay,2025-08-08,71500,2931},,,
Order Complete (App),,ads_remove,7700,1,아길이,10,GooglePlay,2025-08-16,0,99999999},,,
Order Complete (App),,ruby_3,11000,29,쟁요,497,GooglePlay,2025-07-19,843700,32},,,
Order Complete (App),,ruby_3,11000,1,롱쥬,25,GooglePlay,2025-08-16,0,16827},,,
Order Complete (App),,ads_remove,7700,4,아리엘,136,GooglePlay,2025-08-12,0,5942},,,
Order Complete (App),,ads_remove,7700,1,럭키비키,15,GooglePlay,2025-08-16,0,99999999},,,
Order Complete (App),,ruby_1,1100,30,일주일만,453,GooglePlay,2025-07-18,498300,74},,,
Order Complete (App),,ruby_1,1100,30,일주일만,453,GooglePlay,2025-07-18,497200,74},,,
Order Complete (App),,ruby_1,1100,30,일주일만,453,GooglePlay,2025-07-18,495000,74},,,
Order Complete (App),,ads_remove,7700,1,fly84,4,GooglePlay,2025-08-16,0,99999999},,,
Order Complete (App),,ruby_1,1100,1,뽈랑,119,GooglePlay,2025-08-16,34100,6534},,,
Order Complete (App),,ruby_1,1100,1,뽈랑,119,GooglePlay,2025-08-16,31900,6534},,,
Order Complete (App),,ruby_3,11000,1,뽈랑,116,GooglePlay,2025-08-16,20900,6534},,,
Order Complete (App),,ruby_1,1100,10,봄같은나라,298,GooglePlay,2025-08-07,121000,1415},,,
Order Complete (App),,ruby_3,11000,25,Raid,774,GooglePlay,2025-07-22,3697100,5},,,
Order Complete (App),,ruby_2,6600,10,봄같은나라,298,GooglePlay,2025-08-07,113300,1415},,,
Order Complete (App),,ruby_2,6600,1,뽈랑,116,GooglePlay,2025-08-16,14300,6534},,,
Order Complete (App),,ruby_2,6600,15,굴비사마,367,GooglePlay,2025-08-01,113300,388},,,
Order Complete (App),,ruby_2,6600,29,쟁요,497,GooglePlay,2025-07-19,837100,33},,,
Order Complete (App),,ruby_1,1100,29,쟁요,495,GooglePlay,2025-07-19,836000,33},,,
Order Complete (App),,ruby_6,110000,3,흑당밀크티v,119,GooglePlay,2025-08-14,55000,6040},,,
Order Complete (App),,ruby_1,1100,2,먼지아빠,209,GooglePlay,2025-08-15,60500,3989},,,
Order Complete (App),,ruby_3,11000,2,먼지아빠,209,GooglePlay,2025-08-15,49500,3989},,,
Order Complete (App),,ads_remove,7700,1,보리건영뿌꾸,35,GooglePlay,2025-08-16,0,15095},,,
Order Complete (App),,ads_remove,7700,1,말뚝,27,GooglePlay,2025-08-16,0,16817},,,
Order Complete (App),,ads_remove,7700,1,레오폰,5,GooglePlay,2025-08-16,0,99999999},,,
Order Complete (App),,ruby_3,11000,1,닻별w,89,GooglePlay,2025-08-15,7700,9334},,,
Order Complete (App),,ruby_3,11000,10,유음,211,GooglePlay,2025-08-07,7700,4007},,,
Order Complete (App),,ruby_2,6600,1,뽈랑,53,GooglePlay,2025-08-16,7700,12910},,,
Order Complete (App),,ads_remove,7700,1,풍양조씨,8,GooglePlay,2025-08-16,0,99999999},,,
Order Complete (App),,ruby_4,33000,24,홍귈동,294,GooglePlay,2025-07-24,29700,1492},,,
Order Complete (App),,ruby_4,33000,8,카후,263,GooglePlay,2025-08-08,229900,2466},,,
Order Complete (App),,ruby_2,6600,31,지냥,397,GooglePlay,2025-07-17,134200,168},,,
Order Complete (App),,ruby_3,11000,31,지냥,397,GooglePlay,2025-07-17,123200,168},,,
Order Complete (App),,ads_remove,7700,1,DeerPoro,12,GooglePlay,2025-08-16,0,99999999},,,
Order Complete (App),,ruby_6,110000,29,juseho,350,GooglePlay,2025-07-18,7700,639},,,
Order Complete (App),,ads_remove,7700,1,뽈랑,6,GooglePlay,2025-08-16,0,99999999},,,
Order Complete (App),,ruby_3,11000,9,전력,197,GooglePlay,2025-08-08,160600,4102},,,
Order Complete (App),,ruby_3,11000,2,먼지아빠,197,GooglePlay,2025-08-15,38500,4168},,,
Order Complete (App),,ads_remove,7700,1,콩이대디,7,GooglePlay,2025-08-16,0,99999999},,,
Order Complete (App),,ads_remove,7700,1,고소한맛,5,GooglePlay,2025-08-16,0,99999999},,,
Order Complete (App),,ruby_6,110000,26,킴혀노,488,GooglePlay,2025-07-22,1227600,34},,,
Order Complete (App),,ruby_4,33000,17,옭옭이,265,GooglePlay,2025-07-31,18700,2437},,,
Order Complete (App),,ads_remove,7700,1,상철,13,GooglePlay,2025-08-16,0,99999999},,,
Order Complete (App),,ruby_4,33000,29,쟁요,488,GooglePlay,2025-07-19,803000,34},,,
Order Complete (App),,ads_remove,7700,1,유린줄,45,GooglePlay,2025-08-16,0,15360},,,
Order Complete (App),,ruby_2,6600,9,김산,214,GooglePlay,2025-08-07,14300,3858},,,
Order Complete (App),,ruby_1,1100,12,샤오위,293,GooglePlay,2025-08-04,190300,1652},,,
Order Complete (App),,ruby_1,1100,12,샤오위,293,GooglePlay,2025-08-04,188100,1652},,,
Order Complete (App),,ads_remove,7700,1,다나파파,15,GooglePlay,2025-08-16,0,99999999},,,
Order Complete (App),,ruby_4,33000,12,샤오위,288,GooglePlay,2025-08-04,155100,1652},,,
Order Complete (App),,ruby_2,6600,28,쉬밤꺼,465,GooglePlay,2025-07-19,1190200,56},,,
Order Complete (App),,ruby_4,33000,28,쉬밤꺼,465,GooglePlay,2025-07-19,1150600,56},,,
Order Complete (App),,ruby_3,11000,23,순간적쾌락,336,GooglePlay,2025-07-24,148500,869},,,
Order Complete (App),,ruby_3,11000,23,순간적쾌락,336,GooglePlay,2025-07-24,126500,869},,,
Order Complete (App),,ruby_4,33000,12,샤오위,287,GooglePlay,2025-08-04,122100,1652},,,
Order Complete (App),,ruby_3,11000,23,순간적쾌락,336,GooglePlay,2025-07-24,115500,869},,,
Order Complete (App),,ruby_2,6600,9,리리플,191,GooglePlay,2025-08-06,40700,4427},,,
Order Complete (App),,ruby_3,11000,10,봄같은나라,294,GooglePlay,2025-08-07,102300,1454},,,
Order Complete (App),,ads_remove,7700,1,더동,8,GooglePlay,2025-08-16,0,99999999},,,
Order Complete (App),,ruby_4,33000,25,누나좋아,441,GooglePlay,2025-07-22,825000,92},,,
Order Complete (App),,ruby_3,11000,1,안태성,68,GooglePlay,2025-08-16,7700,13803},,,
Order Complete (App),,ads_remove,7700,1,리리야야,11,GooglePlay,2025-08-16,0,99999999},,,
Order Complete (App),,ruby_5,55000,3,지서니,258,GooglePlay,2025-08-14,337700,2578},,,
Order Complete (App),,ruby_1,1100,17,한탕주의자,267,OneStore,2025-07-31,1100,2250},,,
Order Complete (App),,ruby_3,11000,13,주시,236,GooglePlay,2025-08-03,7700,3270},,,
Order Complete (App),,ruby_5,55000,9,신공,216,GooglePlay,2025-08-08,40700,3813},,,
Order Complete (App),,ruby_4,33000,16,최무사,356,GooglePlay,2025-08-01,231000,587},,,
Order Complete (App),,ruby_3,11000,19,eclipse,305,GooglePlay,2025-07-28,20900,1481},,,
Order Complete (App),,ruby_2,6600,19,eclipse,305,GooglePlay,2025-07-28,14300,1481},,,
Order Complete (App),,ruby_4,33000,16,최무사,355,GooglePlay,2025-08-01,198000,587},,,
Order Complete (App),,ruby_6,110000,15,소담소민,748,GooglePlay,2025-08-01,4840000,7},,,
Order Complete (App),,ruby_2,6600,19,eclipse,302,GooglePlay,2025-07-28,7700,1481},,,
Order Complete (App),,ruby_2,6600,8,하뚜루,220,GooglePlay,2025-08-09,14300,4097},,,
Order Complete (App),,ruby_4,33000,3,미뻘위에서,91,GooglePlay,2025-08-14,7700,7513},,,
Order Complete (App),,ruby_4,33000,16,최무사,346,GooglePlay,2025-08-01,165000,720},,,
Order Complete (App),,ads_remove,7700,1,연태고량주,46,GooglePlay,2025-08-16,0,13796},,,
Order Complete (App),,ads_remove,7700,1,매바,26,GooglePlay,2025-08-16,0,17171},,,
Order Complete (App),,ruby_2,6600,8,하뚜루,200,GooglePlay,2025-08-09,7700,4097},,,
Order Complete (App),,ruby_3,11000,29,개근남,563,GooglePlay,2025-07-18,1215500,16},,,
Order Complete (App),,ads_remove,7700,1,바스토,56,GooglePlay,2025-08-16,0,15054},,,
Order Complete (App),,ads_remove,7700,1,곰우리,28,GooglePlay,2025-08-16,0,16199},,,
Order Complete (App),,ruby_1,1100,14,물빛,270,GooglePlay,2025-08-02,52800,2547},,,
Order Complete (App),,ruby_1,1100,14,물빛,269,GooglePlay,2025-08-02,51700,2547},,,
Order Complete (App),,ads_remove,7700,1,안태성,5,GooglePlay,2025-08-16,0,99999999},,,
Order Complete (App),,ads_remove,7700,1,공부왕,35,GooglePlay,2025-08-16,0,15494},,,
Order Complete (App),,ruby_6,110000,4,슬2,337,OneStore,2025-08-13,895400,856},,,
Order Complete (App),,ruby_3,11000,15,조메기,418,GooglePlay,2025-08-02,515900,143},,,
Order Complete (App),,ruby_6,110000,22,그루터기,469,GooglePlay,2025-07-26,965800,51},,,
Order Complete (App),,ruby_4,33000,3,레오야멍멍해봐,198,GooglePlay,2025-08-13,7700,4111},,,
Order Complete (App),,ruby_1,1100,22,그루터기,469,GooglePlay,2025-07-26,964700,51},,,
Order Complete (App),,ruby_1,1100,13,조엘,346,GooglePlay,2025-08-04,271700,712},,,
Order Complete (App),,ruby_2,6600,13,조엘,346,GooglePlay,2025-08-04,265100,712},,,
Order Complete (App),,ruby_4,33000,2,강한국,76,GooglePlay,2025-08-15,11000,9690},,,
Order Complete (App),,ruby_2,6600,29,구독자,422,GooglePlay,2025-07-18,211200,138},,,
Order Complete (App),,ruby_2,6600,25,누나좋아,439,GooglePlay,2025-07-22,818400,97},,,
Order Complete (App),,ads_remove,7700,28,민서공주,270,GooglePlay,2025-07-20,0,2100},,,
Order Complete (App),,ruby_1,1100,8,갱힘,116,OneStore,2025-08-08,2200,6285},,,
Order Complete (App),,ruby_5,55000,9,이고,228,GooglePlay,2025-08-08,7700,3518},,,
Order Complete (App),,ruby_4,33000,16,최무사,337,GooglePlay,2025-08-01,132000,840},,,
Order Complete (App),,ruby_3,11000,23,랄라링,356,GooglePlay,2025-07-24,22000,530},,,
Order Complete (App),,ruby_4,33000,1,가별초,24,GooglePlay,2025-08-15,7700,16757},,,
Order Complete (App),,ruby_1,1100,12,쏘가리,440,GooglePlay,2025-08-04,939400,91},,,
Order Complete (App),,ruby_2,6600,12,쏘가리,440,GooglePlay,2025-08-04,931700,91},,,
Order Complete (App),,ruby_3,11000,12,쏘가리,440,GooglePlay,2025-08-04,920700,91},,,
Order Complete (App),,ruby_3,11000,16,도라에몽표류기,385,GooglePlay,2025-08-01,352000,240},,,
Order Complete (App),,ads_remove,7700,1,가별초,10,GooglePlay,2025-08-15,0,99999999},,,
Order Complete (App),,ruby_4,33000,2,히나토닉1,46,GooglePlay,2025-08-15,7700,14047},,,
Order Complete (App),,ruby_3,11000,2,개루삭구,68,GooglePlay,2025-08-15,7700,10096},,,
Order Complete (App),,ruby_2,6600,3,설후아빠,118,GooglePlay,2025-08-14,47300,6110},,,
Order Complete (App),,ruby_3,11000,3,설후아빠,118,GooglePlay,2025-08-14,29700,6110},,,
Order Complete (App),,ruby_3,11000,20,루아베니,430,GooglePlay,2025-07-17,1049400,110},,,
Order Complete (App),,ruby_3,11000,14,멍오리곰,216,GooglePlay,2025-08-02,0,3793},,,
Order Complete (App),,ruby_4,33000,32,호펜,426,GooglePlay,2025-07-15,374000,121},,,
Order Complete (App),,ruby_4,33000,2,Space,84,GooglePlay,2025-08-15,7700,8469},,,
Order Complete (App),,ruby_1,1100,22,그루터기,469,GooglePlay,2025-07-26,964700,50},,,
Order Complete (App),,ruby_1,1100,22,그루터기,469,GooglePlay,2025-07-26,962500,50},,,
Order Complete (App),,ruby_3,11000,3,설후아빠,116,GooglePlay,2025-08-14,18700,6454},,,
Order Complete (App),,ruby_3,11000,6,꺄르47,193,GooglePlay,2025-08-11,14300,4355},,,
Order Complete (App),,ads_remove,7700,1,나는빛,11,GooglePlay,2025-08-15,0,99999999},,,
Order Complete (App),,ruby_6,110000,14,선장,347,GooglePlay,2025-08-03,495000,669},,,
Order Complete (App),,ruby_4,33000,14,선장,346,GooglePlay,2025-08-03,462000,696},,,
Order Complete (App),,ruby_5,55000,13,오디나무,534,GooglePlay,2025-08-03,1656600,23},,,
Order Complete (App),,ruby_1,1100,14,아모르,275,GooglePlay,2025-08-03,62700,1947},,,
Order Complete (App),,ruby_1,1100,289,큐브,893,OneStore,2024-10-30,96800,43},,,
Order Complete (App),,ruby_3,11000,3,설후아빠,111,GooglePlay,2025-08-14,7700,6502},,,
Order Complete (App),,ruby_5,55000,12,조승연,478,GooglePlay,2025-08-04,1463000,45},,,
Order Complete (App),,ruby_1,1100,299,멍구천사,925,OneStore,2024-10-16,101200,30},,,
Order Complete (App),,ruby_2,6600,17,옥지의빵빵이,453,GooglePlay,2025-07-31,1068100,70},,,
Order Complete (App),,ruby_2,6600,17,옥지의빵빵이,453,GooglePlay,2025-07-31,1061500,70},,,
Order Complete (App),,ruby_2,6600,17,옥지의빵빵이,453,GooglePlay,2025-07-31,1054900,70},,,
Order Complete (App),,ruby_1,1100,291,엘리트와룡,845,OneStore,2024-10-30,534300,61},,,
Order Complete (App),,ruby_3,11000,29,태백,507,GooglePlay,2025-07-18,924000,28},,,
Order Complete (App),,ruby_6,110000,17,옥지의빵빵이,448,GooglePlay,2025-07-31,944900,78},,,
Order Complete (App),,ruby_2,6600,12,조승연,477,GooglePlay,2025-08-04,1456400,46},,,
Order Complete (App),,ruby_5,55000,1,눈떠보니난린이,24,GooglePlay,2025-08-15,7700,16336},,,
Order Complete (App),,ruby_2,6600,17,옥지의빵빵이,447,GooglePlay,2025-07-31,938300,78},,,
Order Complete (App),,ruby_3,11000,2,먼지아빠,173,GooglePlay,2025-08-15,27500,4941},,,
Order Complete (App),,ruby_2,6600,28,하야안,386,GooglePlay,2025-07-20,339900,218},,,
Order Complete (App),,ruby_2,6600,28,하야안,386,GooglePlay,2025-07-20,333300,218},,,
Order Complete (App),,ads_remove,7700,1,눈떠보니난린이,11,GooglePlay,2025-08-15,0,5491},,,
Order Complete (App),,ruby_1,1100,14,구미곰탱이,309,GooglePlay,2025-08-02,14300,1274},,,
Order Complete (App),,ruby_2,6600,14,구미곰탱이,309,GooglePlay,2025-08-02,6600,1274},,,
Order Complete (App),,ads_remove,7700,2,Nest,57,GooglePlay,2025-08-15,0,11256},,,
Order Complete (App),,ruby_4,33000,29,개근남,560,GooglePlay,2025-07-18,1182500,16},,,
Order Complete (App),,ruby_5,55000,21,허어어니,439,GooglePlay,2025-07-27,432300,93},,,
Order Complete (App),,ads_remove,7700,1,닻별w,8,GooglePlay,2025-08-15,0,99999999},,,
Order Complete (App),,ruby_2,6600,21,허어어니,438,GooglePlay,2025-07-27,425700,94},,,
Order Complete (App),,ruby_3,11000,21,허어어니,438,GooglePlay,2025-07-27,414700,94},,,
Order Complete (App),,ruby_3,11000,21,허어어니,438,GooglePlay,2025-07-27,403700,94},,,
Order Complete (App),,ruby_1,1100,3,차지우,191,GooglePlay,2025-08-14,77000,4217},,,
Order Complete (App),,ruby_1,1100,1,통풍남,28,GooglePlay,2025-08-15,7700,15787},,,
Order Complete (App),,ruby_2,6600,1,통풍남,28,GooglePlay,2025-08-15,0,15787},,,
Order Complete (App),,ruby_5,55000,7,김난신,324,GooglePlay,2025-08-09,283800,1312},,,
Order Complete (App),,ruby_3,11000,21,허어어니,436,GooglePlay,2025-07-27,392700,97},,,
Order Complete (App),,ruby_6,110000,3,지서니,246,GooglePlay,2025-08-14,227700,3143},,,
Order Complete (App),,ruby_1,1100,12,조승연,475,GooglePlay,2025-08-04,1455300,46},,,
Order Complete (App),,ruby_1,1100,12,조승연,475,GooglePlay,2025-08-04,1454200,46},,,
Order Complete (App),,ruby_1,1100,2,아한,52,GooglePlay,2025-08-15,6600,12149},,,
Order Complete (App),,ruby_2,6600,2,아한,52,GooglePlay,2025-08-15,0,12149},,,
Order Complete (App),,ruby_6,110000,19,암부,704,GooglePlay,2025-07-29,4077700,8},,,
Order Complete (App),,ruby_3,11000,29,흑사초롱,384,GooglePlay,2025-07-19,68200,261},,,
Order Complete (App),,ruby_3,11000,15,조메기,397,GooglePlay,2025-08-02,504900,165},,,
Order Complete (App),,ruby_4,33000,28,헤롱이,477,GooglePlay,2025-07-20,950400,45},,,
Order Complete (App),,ruby_1,1100,28,GC,496,OneStore,2025-07-20,974600,29},,,
Order Complete (App),,ruby_4,33000,28,GC,496,OneStore,2025-07-20,973500,29},,,
Order Complete (App),,ruby_6,110000,4,슬2,317,OneStore,2025-08-13,785400,1304},,,
Order Complete (App),,ruby_1,1100,9,인효바둑판,246,GooglePlay,2025-08-08,38500,3120},,,
Order Complete (App),,ruby_1,1100,9,인효바둑판,246,GooglePlay,2025-08-08,36300,3120},,,
Order Complete (App),,ruby_2,6600,9,인효바둑판,246,GooglePlay,2025-08-08,36300,3120},,,
Order Complete (App),,ruby_3,11000,9,인효바둑판,246,GooglePlay,2025-08-08,18700,3120},,,
Order Complete (App),,ruby_2,6600,29,흑사초롱,376,GooglePlay,2025-07-19,61600,283},,,
Order Complete (App),,ruby_4,33000,15,뽄요,265,GooglePlay,2025-08-02,136400,2424},,,
Order Complete (App),,ruby_3,11000,9,인효바둑판,241,GooglePlay,2025-08-08,7700,3235},,,
Order Complete (App),,ruby_2,6600,29,은선,427,GooglePlay,2025-07-19,287100,117},,,
Order Complete (App),,ruby_3,11000,13,조엘,343,GooglePlay,2025-08-04,254100,767},,,
Order Complete (App),,ads_remove,7700,1,뿌릭샤,4,GooglePlay,2025-08-15,0,99999999},,,
Order Complete (App),,ruby_6,110000,2,몰리스,120,GooglePlay,2025-08-15,73700,5991},,,
Order Complete (App),,ruby_2,6600,32,만마앙복,488,GooglePlay,2025-07-16,413600,35},,,
Order Complete (App),,ruby_2,6600,14,요거트슈,298,GooglePlay,2025-08-03,71500,1413},,,
Order Complete (App),,ruby_2,6600,14,요거트슈,298,GooglePlay,2025-08-03,58300,1413},,,
Order Complete (App),,ruby_3,11000,2,심잉,26,GooglePlay,2025-08-15,0,16156},,,
Order Complete (App),,ruby_3,11000,322,동행,1129,OneStore,2024-09-29,4261300,5},,,
Order Complete (App),,ruby_1,1100,5,고슬,248,OneStore,2025-08-12,103400,2862},,,
Order Complete (App),,ruby_2,6600,5,고슬,248,OneStore,2025-08-12,102300,2862},,,
Order Complete (App),,ruby_3,11000,5,고슬,248,OneStore,2025-08-12,95700,2862},,,
Order Complete (App),,ruby_1,1100,2,차지우,124,GooglePlay,2025-08-14,77000,5921},,,
Order Complete (App),,ruby_1,1100,2,차지우,124,GooglePlay,2025-08-14,74800,5921},,,
Order Complete (App),,ruby_2,6600,2,차지우,124,GooglePlay,2025-08-14,68200,5921},,,
Order Complete (App),,ruby_2,6600,2,차지우,124,GooglePlay,2025-08-14,61600,5921},,,
Order Complete (App),,ruby_3,11000,19,톰달,339,GooglePlay,2025-07-28,194700,809},,,
Order Complete (App),,ruby_1,1100,24,조선칼잽이,347,GooglePlay,2025-07-23,34100,680},,,
Order Complete (App),,ruby_1,1100,24,조선칼잽이,347,GooglePlay,2025-07-23,34100,680},,,
Order Complete (App),,ruby_2,6600,24,조선칼잽이,347,GooglePlay,2025-07-23,31900,680},,,
Order Complete (App),,ruby_3,11000,24,조선칼잽이,347,GooglePlay,2025-07-23,14300,680},,,
Order Complete (App),,ruby_6,110000,16,현기증난다고,257,GooglePlay,2025-07-31,128700,2522},,,
Order Complete (App),,ads_remove,7700,1,환향님,8,GooglePlay,2025-08-15,0,99999999},,,
Order Complete (App),,ruby_3,11000,10,일본인,411,GooglePlay,2025-08-05,751300,153},,,
Order Complete (App),,ads_remove,7700,1,후츄후,46,GooglePlay,2025-08-15,0,13592},,,
Order Complete (App),,ruby_1,1100,20,아루맘,414,GooglePlay,2025-07-26,217800,145},,,
Order Complete (App),,ruby_1,1100,20,아루맘,414,GooglePlay,2025-07-26,215600,145},,,
Order Complete (App),,ruby_1,1100,1,먼지아빠,146,GooglePlay,2025-08-15,27500,5509},,,
Order Complete (App),,ruby_1,1100,1,먼지아빠,146,GooglePlay,2025-08-15,25300,5509},,,
Order Complete (App),,ruby_6,110000,2,지서니,171,GooglePlay,2025-08-14,117700,4826},,,
Order Complete (App),,ads_remove,7700,1,성쏘,66,GooglePlay,2025-08-15,0,10342},,,
Order Complete (App),,ruby_3,11000,14,킹스날,248,GooglePlay,2025-08-01,7700,3067},,,
Order Complete (App),,ruby_1,1100,2,차지우,118,GooglePlay,2025-08-14,60500,6074},,,
Order Complete (App),,ruby_4,33000,2,차지우,118,GooglePlay,2025-08-14,27500,6074},,,
Order Complete (App),,ads_remove,7700,1,이도세종,57,GooglePlay,2025-08-15,0,11237},,,
Order Complete (App),,ruby_3,11000,14,쿠행행,260,GooglePlay,2025-07-26,195800,2459},,,
Order Complete (App),,ruby_1,1100,21,길동사마,335,GooglePlay,2025-07-26,202400,841},,,
Order Complete (App),,ruby_2,6600,21,길동사마,335,GooglePlay,2025-07-26,201300,841},,,
Order Complete (App),,ruby_3,11000,21,길동사마,335,GooglePlay,2025-07-26,183700,841},,,
Order Complete (App),,ruby_2,6600,1,먼지아빠,131,GooglePlay,2025-08-15,18700,5649},,,
Order Complete (App),,ruby_2,6600,2,차지우,118,GooglePlay,2025-08-14,20900,6074},,,
Order Complete (App),,ruby_1,1100,1,먼지아빠,131,GooglePlay,2025-08-15,18700,5649},,,
Order Complete (App),,ruby_1,1100,1,먼지아빠,131,GooglePlay,2025-08-15,17600,5649},,,
Order Complete (App),,ruby_1,1100,1,먼지아빠,131,GooglePlay,2025-08-15,15400,5649},,,
Order Complete (App),,ruby_3,11000,205,예압,647,GooglePlay,2025-01-23,447300,189},,,
Order Complete (App),,ruby_4,33000,205,예압,647,GooglePlay,2025-01-23,403300,189},,,
Order Complete (App),,ruby_6,110000,3,슬2,268,OneStore,2025-08-13,675400,2544},,,
Order Complete (App),,ruby_1,1100,1,Space,25,GooglePlay,2025-08-15,6600,16134},,,
Order Complete (App),,ruby_2,6600,1,Space,25,GooglePlay,2025-08-15,0,16296},,,
Order Complete (App),,ruby_6,110000,3,슬2,265,OneStore,2025-08-13,565400,2544},,,
Order Complete (App),,ads_remove,7700,1,얌채,4,GooglePlay,2025-08-15,0,99999999},,,
Order Complete (App),,ruby_3,11000,205,예압,647,GooglePlay,2025-01-23,392300,189},,,
Order Complete (App),,ruby_1,1100,17,팔후,270,GooglePlay,2025-07-30,7700,2052},,,
Order Complete (App),,ruby_3,11000,18,젠비,282,GooglePlay,2025-07-16,29700,1785},,,
Order Complete (App),,ruby_3,11000,18,젠비,282,GooglePlay,2025-07-16,7700,1785},,,
Order Complete (App),,ruby_3,11000,25,fourzero,349,GooglePlay,2025-07-22,129800,609},,,
Order Complete (App),,ruby_4,33000,24,나류토,313,GooglePlay,2025-07-22,95700,1226},,,
Order Complete (App),,ads_remove,7700,1,마노,6,GooglePlay,2025-08-15,0,99999999},,,
Order Complete (App),,ruby_4,33000,22,할로윈,257,GooglePlay,2025-07-24,7700,2536},,,
Order Complete (App),,ads_remove,7700,1,라이언일병과하기,7,GooglePlay,2025-08-15,0,99999999},,,
Order Complete (App),,ruby_3,11000,21,yad,426,GooglePlay,2025-07-26,353100,119},,,
Order Complete (App),,ruby_2,6600,21,yad,426,GooglePlay,2025-07-26,346500,119},,,
Order Complete (App),,ads_remove,7700,11,부를하늘,237,GooglePlay,2025-08-02,0,3197},,,
Order Complete (App),,ruby_1,1100,322,한지민,890,OneStore,2024-09-28,34500,46},,,
Order Complete (App),,ads_remove,7700,1,라온나리,46,GooglePlay,2025-08-15,0,14120},,,
Order Complete (App),,ruby_2,6600,27,헤롱이,476,GooglePlay,2025-07-20,943800,46},,,
Order Complete (App),,ruby_3,11000,27,헤롱이,476,GooglePlay,2025-07-20,932800,46},,,
Order Complete (App),,ruby_3,11000,8,붉은눈,265,GooglePlay,2025-08-08,29700,2341},,,
Order Complete (App),,ruby_3,11000,8,붉은눈,265,GooglePlay,2025-08-08,7700,2341},,,
Order Complete (App),,ads_remove,7700,1,조선삼계탕,25,GooglePlay,2025-08-15,0,16689},,,
Order Complete (App),,ruby_6,110000,12,chemma,294,GooglePlay,2025-08-04,99000,1379},,,
Order Complete (App),,ruby_3,11000,13,푸르른달,327,GooglePlay,2025-08-02,112200,1021},,,
Order Complete (App),,ads_remove,7700,1,개루삭구,16,GooglePlay,2025-08-15,0,99999999},,,
Order Complete (App),,ruby_3,11000,15,또땡겨,418,GooglePlay,2025-07-31,642400,139},,,
Order Complete (App),,ads_remove,7700,1,의리왕김배신,6,GooglePlay,2025-08-15,0,99999999},,,
Order Complete (App),,ruby_1,1100,1,먼지아빠,120,GooglePlay,2025-08-15,14300,6691},,,
Order Complete (App),,ruby_3,11000,20,허어어니,427,GooglePlay,2025-07-27,392700,113},,,
Order Complete (App),,ruby_3,11000,20,허어어니,427,GooglePlay,2025-07-27,370700,113},,,
Order Complete (App),,ruby_4,33000,20,허어어니,427,GooglePlay,2025-07-27,337700,113},,,
Order Complete (App),,ruby_2,6600,31,트리니타스,374,GooglePlay,2025-07-15,22000,282},,,
Order Complete (App),,ruby_2,6600,4,GALDH,120,GooglePlay,2025-08-12,7700,5975},,,
Order Complete (App),,ruby_4,33000,2,미느,92,GooglePlay,2025-08-14,33000,8053},,,
Order Complete (App),,ads_remove,7700,1,레스메디,4,GooglePlay,2025-08-15,0,99999999},,,
Order Complete (App),,ruby_3,11000,21,타이거통,351,GooglePlay,2025-07-26,264000,556},,,
Order Complete (App),,ruby_4,33000,1,몰리스,93,GooglePlay,2025-08-15,40700,7459},,,
Order Complete (App),,ruby_2,6600,1,먼지아빠,86,GooglePlay,2025-08-15,7700,8243},,,
Order Complete (App),,ruby_6,110000,12,금재곱,446,GooglePlay,2025-08-04,1147300,80},,,
Order Complete (App),,ruby_3,11000,7,아무뭉,219,GooglePlay,2025-08-08,37400,3752},,,
Order Complete (App),,ruby_1,1100,322,산초울,964,OneStore,2024-09-28,172800,18},,,
Order Complete (App),,ruby_4,33000,29,그것이섯다,393,GooglePlay,2025-07-18,800800,166},,,
Order Complete (App),,ruby_3,11000,1,위즈빅,77,GooglePlay,2025-08-15,29700,8756},,,
Order Complete (App),,ruby_3,11000,1,위즈빅,77,GooglePlay,2025-08-15,7700,8756},,,
Order Complete (App),,ruby_3,11000,1,강한국,24,GooglePlay,2025-08-15,0,17064},,,
Order Complete (App),,ruby_3,11000,19,밥이,435,GooglePlay,2025-07-28,435600,102},,,
Order Complete (App),,ads_remove,7700,1,뚜비두왑,6,GooglePlay,2025-08-15,0,99999999},,,
Order Complete (App),,ruby_4,33000,25,게실염,398,GooglePlay,2025-07-21,491700,206},,,
Order Complete (App),,ruby_1,1100,27,막내키키,374,GooglePlay,2025-07-20,111100,276},,,
Order Complete (App),,ruby_1,1100,27,막내키키,374,GooglePlay,2025-07-20,108900,276},,,
Order Complete (App),,ruby_3,11000,27,막내키키,374,GooglePlay,2025-07-20,97900,276},,,
Order Complete (App),,ruby_5,55000,19,밥이,428,GooglePlay,2025-07-28,380600,107},,,
Order Complete (App),,ruby_4,33000,29,그것이섯다,392,GooglePlay,2025-07-18,767800,166},,,
Order Complete (App),,ruby_1,1100,29,그것이섯다,392,GooglePlay,2025-07-18,766700,166},,,
Order Complete (App),,ruby_1,1100,17,구데기,276,GooglePlay,2025-07-30,13200,1847},,,
Order Complete (App),,ruby_1,1100,17,구데기,276,GooglePlay,2025-07-30,13200,1847},,,
Order Complete (App),,ruby_1,1100,17,구데기,276,GooglePlay,2025-07-30,12100,1847},,,
Order Complete (App),,ruby_1,1100,17,구데기,276,GooglePlay,2025-07-30,9900,1847},,,
Order Complete (App),,ruby_3,11000,19,밥이,428,GooglePlay,2025-07-28,369600,107},,,
Order Complete (App),,ruby_1,1100,17,구데기,276,GooglePlay,2025-07-30,7700,1847},,,
Order Complete (App),,ruby_4,33000,25,게실염,389,GooglePlay,2025-07-21,458700,206},,,
Order Complete (App),,ruby_4,33000,25,게실염,389,GooglePlay,2025-07-21,425700,206},,,
Order Complete (App),,ruby_2,6600,8,카르마할,141,GooglePlay,2025-08-08,8800,5474},,,
Order Complete (App),,ruby_4,33000,25,게실염,387,GooglePlay,2025-07-21,392700,206},,,
Order Complete (App),,ruby_2,6600,1,승추,25,GooglePlay,2025-08-14,50600,16244},,,
Order Complete (App),,ruby_3,11000,1,승추,25,GooglePlay,2025-08-14,33000,16244},,,
Order Complete (App),,ruby_4,33000,1,승추,25,GooglePlay,2025-08-14,0,16244},,,
Order Complete (App),,ruby_3,11000,26,수민이,362,GooglePlay,2025-07-21,144100,444},,,
Order Complete (App),,ruby_1,1100,2,KICS,56,GooglePlay,2025-08-14,7700,11364},,,
Order Complete (App),,ruby_3,11000,1,몰리스,63,GooglePlay,2025-08-15,29700,10781},,,
Order Complete (App),,ruby_2,6600,2,KICS,56,GooglePlay,2025-08-14,0,11364},,,
Order Complete (App),,ruby_3,11000,1,다람뿡,26,GooglePlay,2025-08-14,0,17052},,,
Order Complete (App),,ruby_1,1100,17,후조,302,GooglePlay,2025-07-29,25300,1286},,,
Order Complete (App),,ruby_1,1100,17,후조,302,GooglePlay,2025-07-29,25300,1286},,,
Order Complete (App),,ruby_1,1100,17,후조,302,GooglePlay,2025-07-29,24200,1286},,,
Order Complete (App),,ruby_1,1100,17,후조,302,GooglePlay,2025-07-29,20900,1286},,,
Order Complete (App),,ruby_4,33000,25,만수르수슛,276,GooglePlay,2025-07-17,58300,1911},,,
Order Complete (App),,ruby_6,110000,3,슬2,251,OneStore,2025-08-13,455400,2683},,,
Order Complete (App),,ruby_5,55000,13,김루팡,241,GooglePlay,2025-08-03,77000,3299},,,
Order Complete (App),,ads_remove,7700,1,간고,32,GooglePlay,2025-08-15,0,17048},,,
Order Complete (App),,ads_remove,7700,1,kjh0224,66,GooglePlay,2025-08-14,0,10038},,,
Order Complete (App),,ruby_3,11000,1,몰리스,29,GooglePlay,2025-08-15,18700,15619},,,
Order Complete (App),,ruby_3,11000,1,몰리스,29,GooglePlay,2025-08-15,7700,15619},,,
Order Complete (App),,ruby_3,11000,18,충자,300,GooglePlay,2025-07-29,18700,1305},,,
Order Complete (App),,ruby_3,11000,18,충자,300,GooglePlay,2025-07-29,7700,1305},,,
Order Complete (App),,ruby_5,55000,2,키위송,104,GooglePlay,2025-08-14,15400,6876},,,
Order Complete (App),,ruby_3,11000,19,루아베니,426,GooglePlay,2025-07-17,1038400,114},,,
Order Complete (App),,ruby_3,11000,19,루아베니,426,GooglePlay,2025-07-17,1027400,125},,,
Order Complete (App),,ruby_1,1100,19,루아베니,426,GooglePlay,2025-07-17,1026300,125},,,
Order Complete (App),,ruby_6,110000,2,응짱,152,GooglePlay,2025-08-14,84700,6052},,,
Order Complete (App),,ruby_3,11000,27,초록메뚜기,384,GooglePlay,2025-07-19,133100,240},,,
Order Complete (App),,ads_remove,7700,1,몰리스,5,GooglePlay,2025-08-15,0,99999999},,,
Order Complete (App),,ruby_4,33000,29,김민교,396,GooglePlay,2025-07-18,206800,156},,,
Order Complete (App),,ruby_1,1100,19,루아베니,425,GooglePlay,2025-07-17,1025200,125},,,
Order Complete (App),,ads_remove,7700,2,도동리부상길,71,GooglePlay,2025-08-14,0,9235},,,
Order Complete (App),,ruby_3,11000,19,루아베니,425,GooglePlay,2025-07-17,1014200,125},,,
Order Complete (App),,ruby_3,11000,2,응짱,121,GooglePlay,2025-08-14,73700,6052},,,
Order Complete (App),,ruby_3,11000,2,응짱,118,GooglePlay,2025-08-14,62700,6052},,,
Order Complete (App),,ruby_2,6600,2,키위송,61,GooglePlay,2025-08-14,8800,12403},,,
Order Complete (App),,ruby_1,1100,2,키위송,61,GooglePlay,2025-08-14,7700,12403},,,
Order Complete (App),,ruby_3,11000,19,루아베니,425,GooglePlay,2025-07-17,1003200,125},,,
Order Complete (App),,ruby_3,11000,1,믱힁,34,GooglePlay,2025-08-15,0,15061},,,
Order Complete (App),,ruby_1,1100,29,하성,312,GooglePlay,2025-07-17,23100,1197},,,
Order Complete (App),,ruby_1,1100,29,하성,312,GooglePlay,2025-07-17,23100,1197},,,
Order Complete (App),,ruby_1,1100,29,하성,312,GooglePlay,2025-07-17,19800,1197},,,
Order Complete (App),,ruby_3,11000,14,쿠행행,260,GooglePlay,2025-07-26,184800,2421},,,
Order Complete (App),,ruby_4,33000,14,kolee,284,OneStore,2025-08-02,40700,1743},,,
Order Complete (App),,ads_remove,7700,1,일오일사,41,GooglePlay,2025-08-15,0,17028},,,
Order Complete (App),,ruby_3,11000,1,코와봉,32,GooglePlay,2025-08-14,0,17029},,,
Order Complete (App),,ads_remove,7700,1,래서팬더,7,GooglePlay,2025-08-15,0,99999999},,,
Order Complete (App),,ruby_4,33000,20,길몬,306,GooglePlay,2025-07-26,106700,1252},,,
Order Complete (App),,ads_remove,7700,1,추적자,5,OneStore,2025-08-15,7700,99999999},,,
Order Complete (App),,ruby_5,55000,31,밀레니온,435,GooglePlay,2025-07-16,530200,93},,,
Order Complete (App),,ads_remove,7700,17,hyeong04,300,GooglePlay,2025-07-30,11000,1308},,,
Order Complete (App),,ruby_1,1100,2,우다다다천사,27,GooglePlay,2025-08-14,7700,17020},,,
Order Complete (App),,ruby_2,6600,2,우다다다천사,27,GooglePlay,2025-08-14,0,17020},,,
Order Complete (App),,ruby_5,55000,19,루아베니,411,GooglePlay,2025-07-17,948200,151},,,
Order Complete (App),,ruby_5,55000,24,누나좋아,426,GooglePlay,2025-07-22,763400,121},,,
Order Complete (App),,ruby_1,1100,1,갓지노,83,GooglePlay,2025-08-14,1100,8501},,,
Order Complete (App),,ruby_1,1100,1,갓지노,83,GooglePlay,2025-08-14,0,8501},,,
Order Complete (App),,ruby_3,11000,31,밀레니온,433,GooglePlay,2025-07-16,519200,93},,,
Order Complete (App),,ruby_3,11000,19,톰달,332,GooglePlay,2025-07-28,183700,870},,,
Order Complete (App),,ruby_5,55000,19,루아베니,401,GooglePlay,2025-07-17,893200,151},,,
Order Complete (App),,ruby_6,110000,3,백병전장상인,57,GooglePlay,2025-08-06,0,11189},,,
Order Complete (App),,ruby_3,11000,25,두율대디,466,GooglePlay,2025-07-22,663300,53},,,
Order Complete (App),,ruby_3,11000,19,루아베니,401,GooglePlay,2025-07-17,882200,151},,,
Order Complete (App),,ads_remove,7700,1,아루872,5,GooglePlay,2025-08-12,0,99999999},,,
Order Complete (App),,ruby_4,33000,19,루아베니,401,GooglePlay,2025-07-17,849200,151},,,
Order Complete (App),,ruby_3,11000,19,루아베니,401,GooglePlay,2025-07-17,838200,151},,,
Order Complete (App),,ruby_2,6600,28,데몬,428,GooglePlay,2025-07-19,480700,110},,,
Order Complete (App),,ruby_3,11000,19,루아베니,398,GooglePlay,2025-07-17,827200,154},,,
Order Complete (App),,ads_remove,7700,1,천단아,4,GooglePlay,2025-08-15,0,99999999},,,
Order Complete (App),,ruby_2,6600,27,dongsmas,372,GooglePlay,2025-07-20,44000,281},,,
Order Complete (App),,ads_remove,7700,1,먼지아빠,48,GooglePlay,2025-08-15,0,13034},,,
Order Complete (App),,ruby_5,55000,12,짱주숭,366,GooglePlay,2025-08-04,334400,368},,,
Order Complete (App),,ads_remove,7700,1,나는참새,12,GooglePlay,2025-08-15,0,99999999},,,
Order Complete (App),,ads_remove,7700,1,머다나,6,GooglePlay,2025-08-15,0,99999999},,,
Order Complete (App),,ads_remove,7700,1,인천불개미,8,GooglePlay,2025-08-15,0,99999999},,,
Order Complete (App),,ruby_2,6600,1,pangit,40,GooglePlay,2025-08-15,7700,14614},,,
Order Complete (App),,ruby_4,33000,13,김루팡,231,GooglePlay,2025-08-03,44000,3328},,,
Order Complete (App),,ads_remove,7700,3,꿈꿈틀이,87,GooglePlay,2025-08-13,0,7909},,,
Order Complete (App),,ruby_6,110000,14,소담소민,726,GooglePlay,2025-08-01,4730000,7},,,
Order Complete (App),,ruby_3,11000,16,꾸이짱,260,GooglePlay,2025-07-31,40700,2563},,,
Order Complete (App),,ruby_3,11000,13,꽃방블루스,285,GooglePlay,2025-08-03,41800,1851},,,
Order Complete (App),,ads_remove,7700,1,pangit,5,GooglePlay,2025-08-15,0,99999999},,,
Order Complete (App),,ads_remove,7700,1,히나토닉1,5,GooglePlay,2025-08-15,0,99999999},,,
Order Complete (App),,ads_remove,7700,1,콜라곰,4,GooglePlay,2025-08-15,0,99999999},,,
Order Complete (App),,ruby_3,11000,13,꽃방블루스,277,GooglePlay,2025-08-03,30800,1851},,,
Order Complete (App),,ruby_3,11000,16,꾸이짱,258,GooglePlay,2025-07-31,40700,2563},,,
Order Complete (App),,ruby_3,11000,16,꾸이짱,258,GooglePlay,2025-07-31,18700,2563},,,
Order Complete (App),,ads_remove,7700,3,세상살이,14,GooglePlay,2025-07-17,0,99999999},,,
Order Complete (App),,ruby_2,6600,7,토츠카,185,GooglePlay,2025-08-09,20900,4538},,,
Order Complete (App),,ads_remove,7700,1,비무,19,GooglePlay,2025-08-14,0,99999999},,,
Order Complete (App),,ruby_3,11000,6,무궁,257,GooglePlay,2025-08-10,99000,2619},,,
Order Complete (App),,ruby_3,11000,30,노기,345,GooglePlay,2025-07-17,53900,876},,,
Order Complete (App),,ruby_1,1100,5,탱국,74,GooglePlay,2025-08-05,7700,11837},,,
Order Complete (App),,ruby_2,6600,5,탱국,74,GooglePlay,2025-08-05,0,11837},,,
Order Complete (App),,ads_remove,7700,1,위즈빅,24,GooglePlay,2025-08-15,0,16997},,,
Order Complete (App),,ads_remove,7700,1,챠콜,33,GooglePlay,2025-08-15,0,15450},,,
Order Complete (App),,ruby_5,55000,15,초행,306,GooglePlay,2025-07-17,205700,1284},,,
Order Complete (App),,ruby_2,6600,30,노기,331,GooglePlay,2025-07-17,47300,876},,,
Order Complete (App),,ruby_5,55000,2,흑당밀크티v,73,GooglePlay,2025-08-14,0,9475},,,
Order Complete (App),,ruby_2,6600,6,썩소당당당당,133,GooglePlay,2025-08-10,7700,5587},,,
Order Complete (App),,ruby_3,11000,14,무랭이,286,GooglePlay,2025-08-02,91300,1617},,,
Order Complete (App),,ruby_3,11000,28,쟁요,487,GooglePlay,2025-07-19,803000,35},,,
Order Complete (App),,ruby_3,11000,28,쟁요,487,GooglePlay,2025-07-19,781000,35},,,
Order Complete (App),,ruby_4,33000,28,쟁요,487,GooglePlay,2025-07-19,748000,35},,,
Order Complete (App),,ruby_3,11000,15,도라에몽표류기,381,GooglePlay,2025-08-01,341000,267},,,
Order Complete (App),,ads_remove,7700,1,군계마초,8,GooglePlay,2025-08-14,0,99999999},,,
Order Complete (App),,ruby_3,11000,8,재헌,265,GooglePlay,2025-08-07,0,2299},,,
Order Complete (App),,ruby_3,11000,254,난중왕,489,GooglePlay,2024-11-30,29700,503},,,
Order Complete (App),,ruby_3,11000,254,난중왕,489,GooglePlay,2024-11-30,7700,503},,,
Order Complete (App),,ads_remove,7700,1,스응호,4,GooglePlay,2025-08-15,0,99999999},,,
Order Complete (App),,ads_remove,7700,1,rdgv,4,GooglePlay,2025-08-14,0,99999999},,,
Order Complete (App),,ruby_4,33000,15,도라에몽표류기,374,GooglePlay,2025-08-01,308000,267},,,
Order Complete (App),,ads_remove,7700,1,즈엉현,7,GooglePlay,2025-08-14,0,99999999},,,
Order Complete (App),,ruby_4,33000,27,Nospoon,361,GooglePlay,2025-07-19,130900,471},,,
Order Complete (App),,ruby_2,6600,25,두율대디,466,GooglePlay,2025-07-22,656700,51},,,
Order Complete (App),,ads_remove,7700,1,디붕진서니,9,GooglePlay,2025-08-14,0,99999999},,,
Order Complete (App),,ruby_4,33000,313,파인트뤼,1051,OneStore,2024-10-07,4004200,7},,,
Order Complete (App),,ruby_2,6600,14,지나사랑,253,GooglePlay,2025-08-02,14300,2651},,,
Order Complete (App),,ruby_5,55000,2,지서니,118,GooglePlay,2025-08-14,62700,6195},,,
Order Complete (App),,ruby_1,1100,23,주현짱,352,GooglePlay,2025-07-23,119900,532},,,
Order Complete (App),,ruby_1,1100,23,주현짱,352,GooglePlay,2025-07-23,117700,532},,,
Order Complete (App),,ads_remove,7700,4,paxxi,133,GooglePlay,2025-08-12,0,5524},,,
Order Complete (App),,ads_remove,7700,1,익독,8,GooglePlay,2025-08-14,0,99999999},,,
Order Complete (App),,ads_remove,7700,1,stres,8,GooglePlay,2025-08-14,0,99999999},,,
Order Complete (App),,ruby_3,11000,2,김정은,136,GooglePlay,2025-08-13,14300,5794},,,
Order Complete (App),,ruby_3,11000,17,hyeong04,292,GooglePlay,2025-07-30,0,1374},,,
Order Complete (App),,ruby_4,33000,30,삼다,351,GooglePlay,2025-07-16,86900,532},,,
Order Complete (App),,ruby_4,33000,10,zenz,364,GooglePlay,2025-08-05,383900,476},,,
Order Complete (App),,ruby_1,1100,2,미삐순,93,GooglePlay,2025-08-14,27500,11823},,,
Order Complete (App),,ruby_1,1100,2,미삐순,93,GooglePlay,2025-08-14,27500,11823},,,
Order Complete (App),,ruby_2,6600,2,미삐순,93,GooglePlay,2025-08-14,25300,11823},,,
Order Complete (App),,ruby_3,11000,2,미삐순,93,GooglePlay,2025-08-14,7700,11823},,,
Order Complete (App),,ruby_1,1100,28,재밌는친구,351,OneStore,2025-07-19,15400,531},,,
Order Complete (App),,ruby_3,11000,28,미남고릴라,369,GooglePlay,2025-07-19,51700,375},,,
Order Complete (App),,ruby_3,11000,28,미남고릴라,366,GooglePlay,2025-07-19,40700,375},,,
Order Complete (App),,ruby_3,11000,1,hunehei,46,GooglePlay,2025-08-14,0,16975},,,
Order Complete (App),,ruby_4,33000,11,조승연,473,GooglePlay,2025-08-04,1421200,46},,,
Order Complete (App),,ads_remove,7700,1,orange,8,GooglePlay,2025-08-14,0,99999999},,,
Order Complete (App),,ruby_5,55000,11,조승연,473,GooglePlay,2025-08-04,1366200,46},,,
Order Complete (App),,ruby_2,6600,4,의샬,119,GooglePlay,2025-08-11,11000,6421},,,
Order Complete (App),,ruby_1,1100,288,큐브,893,OneStore,2024-10-30,95700,43},,,
Order Complete (App),,ruby_4,33000,11,조승연,473,GooglePlay,2025-08-04,1333200,46},,,
Order Complete (App),,ruby_1,1100,29,Karl,290,GooglePlay,2025-07-18,13200,1430},,,
Order Complete (App),,ruby_1,1100,29,Karl,290,GooglePlay,2025-07-18,12100,1430},,,
Order Complete (App),,ruby_4,33000,11,조승연,473,GooglePlay,2025-08-04,1300200,46},,,
Order Complete (App),,ruby_4,33000,10,펭구7,326,GooglePlay,2025-08-05,255200,1038},,,
Order Complete (App),,ruby_3,11000,20,임의변경,351,GooglePlay,2025-07-26,202400,574},,,
Order Complete (App),,ruby_1,1100,11,조승연,473,GooglePlay,2025-08-04,1300200,46},,,
Order Complete (App),,ruby_1,1100,11,조승연,473,GooglePlay,2025-08-04,1298000,46},,,
Order Complete (App),,ruby_6,110000,12,눈의산들,281,GooglePlay,2025-08-03,117700,1719},,,
Order Complete (App),,ruby_2,6600,11,조승연,473,GooglePlay,2025-08-04,1291400,47},,,
Order Complete (App),,ruby_1,1100,11,조승연,473,GooglePlay,2025-08-04,1290300,47},,,
Order Complete (App),,ruby_1,1100,20,임의변경,348,GooglePlay,2025-07-26,202400,583},,,
Order Complete (App),,ruby_1,1100,20,임의변경,348,GooglePlay,2025-07-26,201300,583},,,
Order Complete (App),,ruby_1,1100,20,임의변경,348,GooglePlay,2025-07-26,199100,583},,,
Order Complete (App),,ads_remove,7700,1,카유,5,GooglePlay,2025-08-13,0,99999999},,,
Order Complete (App),,ruby_3,11000,25,태승,324,GooglePlay,2025-07-22,37400,1189},,,
Order Complete (App),,ruby_3,11000,25,태승,322,GooglePlay,2025-07-22,26400,1189},,,
Order Complete (App),,ads_remove,7700,1,도틀러,25,GooglePlay,2025-08-14,0,16573},,,
Order Complete (App),,ruby_4,33000,16,옥지의빵빵이,445,GooglePlay,2025-07-31,905300,85},,,
Order Complete (App),,ruby_3,11000,16,옥지의빵빵이,444,GooglePlay,2025-07-31,894300,85},,,
Order Complete (App),,ruby_5,55000,16,옥지의빵빵이,443,GooglePlay,2025-07-31,839300,85},,,
Order Complete (App),,ruby_5,55000,17,코리아se스머신,454,GooglePlay,2025-07-30,953700,66},,,
Order Complete (App),,ruby_5,55000,12,오디나무,525,GooglePlay,2025-08-03,1601600,25},,,
Order Complete (App),,ruby_3,11000,7,sleck,93,GooglePlay,2025-08-08,0,7054},,,
Order Complete (App),,ruby_3,11000,14,사민,277,GooglePlay,2025-08-02,7700,1804},,,
Order Complete (App),,ruby_4,33000,2,미느,62,GooglePlay,2025-08-14,0,11153},,,
Order Complete (App),,ruby_6,110000,15,비글,296,GooglePlay,2025-07-29,132000,1318},,,
Order Complete (App),,ruby_6,110000,3,슬2,228,OneStore,2025-08-13,345400,3579},,,
Order Complete (App),,ruby_3,11000,27,주세요,365,GooglePlay,2025-07-19,91300,385},,,
Order Complete (App),,ads_remove,7700,1,빈칸,8,GooglePlay,2025-08-14,0,99999999},,,
Order Complete (App),,ruby_4,33000,11,조승연,470,GooglePlay,2025-08-04,1257300,48},,,
Order Complete (App),,ruby_3,11000,11,조승연,470,GooglePlay,2025-08-04,1246300,48},,,
Order Complete (App),,ruby_1,1100,25,귤귤귤귤,356,GooglePlay,2025-07-21,61600,467},,,
Order Complete (App),,ruby_1,1100,13,푸르른달,313,GooglePlay,2025-08-02,111100,1157},,,
Order Complete (App),,ads_remove,7700,2,밤안개,51,GooglePlay,2025-08-14,0,12348},,,
Order Complete (App),,ruby_6,110000,18,암부,695,GooglePlay,2025-07-29,3967700,9},,,
Order Complete (App),,ruby_5,55000,2,응짱,55,GooglePlay,2025-08-14,7700,12347},,,
Order Complete (App),,ruby_2,6600,9,봄같은나라,279,GooglePlay,2025-08-07,95700,1786},,,
Order Complete (App),,ruby_3,11000,28,개근남,551,GooglePlay,2025-07-18,1171500,17},,,
Order Complete (App),,ruby_5,55000,28,개근남,550,GooglePlay,2025-07-18,1116500,17},,,
Order Complete (App),,ruby_2,6600,14,국밥맛킷캣,328,GooglePlay,2025-08-02,247500,1108},,,
Order Complete (App),,ruby_4,33000,10,일본인,389,GooglePlay,2025-08-05,718300,173},,,
Order Complete (App),,ruby_1,1100,10,무이자할부,246,OneStore,2025-08-05,9900,2898},,,
Order Complete (App),,ruby_4,33000,14,국밥맛킷캣,318,GooglePlay,2025-08-02,214500,1108},,,
Order Complete (App),,ruby_3,11000,25,두율대디,466,GooglePlay,2025-07-22,645700,50},,,
Order Complete (App),,ruby_1,1100,29,JJJ0738,689,GooglePlay,2025-07-18,2461800,11},,,
Order Complete (App),,ruby_3,11000,6,무궁,248,GooglePlay,2025-08-10,88000,2781},,,
Order Complete (App),,ruby_3,11000,20,제이엠,332,GooglePlay,2025-07-27,47300,818},,,
Order Complete (App),,ruby_3,11000,25,두율대디,465,GooglePlay,2025-07-22,634700,52},,,
Order Complete (App),,ads_remove,7700,1,미스터마블,6,GooglePlay,2025-08-14,0,99999999},,,
Order Complete (App),,ruby_6,110000,26,럭키스트라이크,573,OneStore,2025-07-21,1940400,15},,,
Order Complete (App),,ruby_3,11000,12,조엘,337,GooglePlay,2025-08-04,243100,734},,,
Order Complete (App),,ruby_3,11000,19,진우서우,441,GooglePlay,2025-07-28,685300,86},,,
Order Complete (App),,ruby_2,6600,25,파대,425,GooglePlay,2025-07-22,336600,118},,,
Order Complete (App),,ruby_2,6600,25,안산한량,334,GooglePlay,2025-07-20,18700,783},,,
Order Complete (App),,ruby_3,11000,25,파대,425,GooglePlay,2025-07-22,319000,118},,,
Order Complete (App),,ruby_2,6600,20,허어어니,427,GooglePlay,2025-07-27,331100,106},,,
Order Complete (App),,ruby_5,55000,19,진우서우,441,GooglePlay,2025-07-28,630300,86},,,
Order Complete (App),,ruby_3,11000,23,aurora,365,OneStore,2025-07-24,128700,378},,,
Order Complete (App),,ruby_4,33000,17,코리아se스머신,450,GooglePlay,2025-07-30,953700,69},,,
Order Complete (App),,ads_remove,7700,1,투농,9,GooglePlay,2025-08-14,0,99999999},,,
Order Complete (App),,ruby_5,55000,17,코리아se스머신,450,GooglePlay,2025-07-30,865700,69},,,
Order Complete (App),,ruby_6,110000,29,KIRA,941,GooglePlay,2025-07-18,9797700,1},,,
Order Complete (App),,ruby_4,33000,4,고슬,168,OneStore,2025-08-12,84700,4855},,,
Order Complete (App),,ruby_1,1100,321,동행,1128,OneStore,2024-09-29,4250300,5},,,
Order Complete (App),,ruby_4,33000,13,김루팡,201,GooglePlay,2025-08-03,11000,3932},,,
Order Complete (App),,ruby_3,11000,13,김루팡,201,GooglePlay,2025-08-03,0,3932},,,
Order Complete (App),,ads_remove,7700,1,응짱,4,GooglePlay,2025-08-14,0,99999999},,,
Order Complete (App),,ruby_2,6600,17,비뢰,286,GooglePlay,2025-07-29,7700,1582},,,
Order Complete (App),,ruby_4,33000,24,두율대디,463,GooglePlay,2025-07-22,601700,54},,,
Order Complete (App),,ads_remove,7700,2,종수카센타,74,GooglePlay,2025-08-13,0,8923},,,
Order Complete (App),,ruby_5,55000,27,홍만춘,400,GooglePlay,2025-07-19,374000,143},,,
Order Complete (App),,ruby_2,6600,1,차지우,86,GooglePlay,2025-08-14,14300,8001},,,
Order Complete (App),,ruby_1,1100,25,세종더그레잇,388,GooglePlay,2025-07-21,108900,178},,,
Order Complete (App),,ads_remove,7700,1,매도,7,GooglePlay,2025-08-14,0,99999999},,,
Order Complete (App),,ruby_3,11000,29,Atom,360,GooglePlay,2025-07-17,0,426},,,
Order Complete (App),,ads_remove,7700,1,Sanchu,18,GooglePlay,2025-08-14,0,99999999},,,
Order Complete (App),,ruby_2,6600,3,낭강,116,GooglePlay,2025-08-12,29700,6947},,,
Order Complete (App),,ruby_4,33000,27,복마니1,368,GooglePlay,2025-07-18,271700,300},,,
Order Complete (App),,ruby_6,110000,2,호호걸,157,OneStore,2025-08-13,117700,5095},,,
Order Complete (App),,ruby_2,6600,16,홍키,298,GooglePlay,2025-07-30,7700,1259},,,
Order Complete (App),,ruby_2,6600,13,인스,251,GooglePlay,2025-08-02,20900,2615},,,
Order Complete (App),,ruby_3,11000,18,밥이,426,GooglePlay,2025-07-28,358600,109},,,
Order Complete (App),,ruby_6,110000,2,슬2,180,OneStore,2025-08-13,235400,5034},,,
Order Complete (App),,ruby_2,6600,13,인스,251,GooglePlay,2025-08-02,14300,2615},,,
Order Complete (App),,ruby_3,11000,14,이대길,235,GooglePlay,2025-07-31,9900,3210},,,
Order Complete (App),,ads_remove,7700,1,쿠로사기,7,GooglePlay,2025-08-14,0,99999999},,,
Order Complete (App),,ruby_1,1100,1,Chaser,24,GooglePlay,2025-08-14,7700,16343},,,
Order Complete (App),,ruby_2,6600,1,Chaser,24,GooglePlay,2025-08-14,0,16343},,,
Order Complete (App),,ruby_5,55000,1,지서니,58,GooglePlay,2025-08-14,7700,12327},,,
Order Complete (App),,ruby_4,33000,29,덕풍동시라소니,590,GooglePlay,2025-07-16,1812800,13},,,
Order Complete (App),,ads_remove,7700,1,허니잼,57,GooglePlay,2025-08-14,0,11282},,,
Order Complete (App),,ruby_5,55000,30,마캔,443,GooglePlay,2025-07-15,223300,83},,,
Order Complete (App),,ads_remove,7700,1,팟지,32,GooglePlay,2025-08-14,0,16533},,,
Order Complete (App),,ruby_3,11000,3,낭강,94,GooglePlay,2025-08-12,18700,6947},,,
Order Complete (App),,ruby_4,33000,30,마캔,443,GooglePlay,2025-07-15,190300,83},,,
Order Complete (App),,ruby_3,11000,30,마캔,443,GooglePlay,2025-07-15,190300,83},,,
Order Complete (App),,ruby_1,1100,30,마캔,443,GooglePlay,2025-07-15,179300,83},,,
Order Complete (App),,ruby_1,1100,30,마캔,443,GooglePlay,2025-07-15,179300,83},,,
Order Complete (App),,ruby_1,1100,30,마캔,443,GooglePlay,2025-07-15,178200,83},,,
Order Complete (App),,ruby_1,1100,30,마캔,443,GooglePlay,2025-07-15,176000,83},,,
Order Complete (App),,ruby_1,1100,30,마캔,443,GooglePlay,2025-07-15,173800,83},,,
Order Complete (App),,ruby_1,1100,30,마캔,443,GooglePlay,2025-07-15,172700,83},,,
Order Complete (App),,ruby_3,11000,6,스키비,196,GooglePlay,2025-08-09,7700,4012},,,
Order Complete (App),,ads_remove,7700,2,멍용,92,GooglePlay,2025-08-12,0,9054},,,
Order Complete (App),,ruby_3,11000,5,김태형,210,GooglePlay,2025-08-08,60500,3837},,,
Order Complete (App),,ads_remove,7700,1,뜨밤,7,GooglePlay,2025-08-14,0,99999999},,,
Order Complete (App),,ruby_3,11000,5,무궁,246,GooglePlay,2025-08-10,77000,2990},,,
Order Complete (App),,ruby_3,11000,10,조승연,467,GooglePlay,2025-08-04,1235300,48},,,
Order Complete (App),,ruby_5,55000,1,야성,38,GooglePlay,2025-08-14,7700,14980},,,
Order Complete (App),,ruby_3,11000,24,조노비,432,GooglePlay,2025-07-21,392700,95},,,
Order Complete (App),,ruby_5,55000,2,슬2,152,OneStore,2025-08-13,125400,5034},,,
Order Complete (App),,ads_remove,7700,1,지서니,8,GooglePlay,2025-08-14,0,99999999},,,
Order Complete (App),,ruby_4,33000,24,부릉부릉,870,OneStore,2025-07-20,6860700,2},,,
Order Complete (App),,ruby_6,110000,24,부릉부릉,870,OneStore,2025-07-20,6827700,2},,,
Order Complete (App),,ruby_6,110000,24,부릉부릉,870,OneStore,2025-07-20,6717700,2},,,
Order Complete (App),,ruby_6,110000,24,부릉부릉,870,OneStore,2025-07-20,6607700,2},,,
Order Complete (App),,ads_remove,7700,1,비움,8,GooglePlay,2025-08-14,0,99999999},,,
Order Complete (App),,ruby_2,6600,1,차지우,83,GooglePlay,2025-08-14,7700,8370},,,
Order Complete (App),,ads_remove,7700,1,야성,5,GooglePlay,2025-08-14,0,99999999},,,
Order Complete (App),,ruby_3,11000,8,봄같은나라,272,GooglePlay,2025-08-07,84700,1877},,,
Order Complete (App),,ruby_4,33000,6,찐내,194,GooglePlay,2025-08-09,69300,4048},,,
Order Complete (App),,ruby_3,11000,8,봄같은나라,272,GooglePlay,2025-08-07,73700,1877},,,
Order Complete (App),,ruby_3,11000,7,무진장큰스님,333,GooglePlay,2025-08-08,416900,787},,,
Order Complete (App),,ruby_3,11000,7,무진장큰스님,333,GooglePlay,2025-08-08,405900,787},,,
Order Complete (App),,ads_remove,7700,1,아이럽식,4,GooglePlay,2025-08-14,0,99999999},,,
Order Complete (App),,ruby_5,55000,19,퓨어,311,GooglePlay,2025-07-26,352000,1157},,,
Order Complete (App),,ruby_4,33000,20,길동사마,331,GooglePlay,2025-07-26,150700,826},,,
Order Complete (App),,ads_remove,7700,1,김대구,5,GooglePlay,2025-08-14,0,99999999},,,
Order Complete (App),,ads_remove,7700,1,손나은,8,GooglePlay,2025-08-14,0,99999999},,,
Order Complete (App),,ads_remove,7700,1,설후아빠,31,GooglePlay,2025-08-14,0,15675},,,
Order Complete (App),,ruby_6,110000,28,KIRA,935,GooglePlay,2025-07-18,9687700,1},,,
Order Complete (App),,ads_remove,7700,1,김빛나,7,GooglePlay,2025-08-14,0,99999999},,,
Order Complete (App),,ads_remove,7700,1,로랑,9,GooglePlay,2025-08-14,0,99999999},,,
Order Complete (App),,ruby_5,55000,2,슬2,140,OneStore,2025-08-13,70400,5381},,,
Order Complete (App),,ruby_3,11000,21,마마루,321,GooglePlay,2025-07-24,7700,1260},,,
Order Complete (App),,ruby_6,110000,28,KIRA,935,GooglePlay,2025-07-18,9577700,1},,,
Order Complete (App),,ads_remove,7700,1,윈터남편,6,GooglePlay,2025-08-14,0,99999999},,,
Order Complete (App),,ruby_5,55000,18,밥이,407,GooglePlay,2025-07-28,303600,140},,,
Order Complete (App),,ruby_6,110000,12,선장,325,GooglePlay,2025-08-03,352000,1006},,,
Order Complete (App),,ruby_1,1100,2,쭈니빠,24,GooglePlay,2025-07-18,7700,16496},,,
Order Complete (App),,ruby_2,6600,2,쭈니빠,24,GooglePlay,2025-07-18,0,16496},,,
Order Complete (App),,ruby_4,33000,16,이야이,476,OneStore,2025-07-30,1005400,42},,,
Order Complete (App),,ruby_3,11000,18,톰달,327,GooglePlay,2025-07-28,172700,927},,,
Order Complete (App),,ruby_3,11000,12,푸르른달,287,GooglePlay,2025-08-02,100100,1475},,,
Order Complete (App),,ruby_3,11000,8,봄같은나라,269,GooglePlay,2025-08-07,62700,1972},,,
Order Complete (App),,ads_remove,7700,1,미삐순,7,GooglePlay,2025-08-14,0,99999999},,,
Order Complete (App),,ruby_3,11000,12,푸르른달,287,GooglePlay,2025-08-02,89100,1475},,,
Order Complete (App),,ads_remove,7700,1,벙표류,12,GooglePlay,2025-08-14,0,99999999},,,
Order Complete (App),,ads_remove,7700,1,LILYang,14,GooglePlay,2025-08-14,0,99999999},,,
Order Complete (App),,ads_remove,7700,1,크리시,64,GooglePlay,2025-08-14,0,10354},,,
Order Complete (App),,ads_remove,7700,1,라마르,67,GooglePlay,2025-08-14,0,9938},,,
Order Complete (App),,ruby_3,11000,8,러미,218,GooglePlay,2025-08-07,18700,3619},,,
Order Complete (App),,ruby_3,11000,8,러미,218,GooglePlay,2025-08-07,7700,3619},,,
Order Complete (App),,ruby_5,55000,9,일본인,386,GooglePlay,2025-08-05,663300,192},,,
Order Complete (App),,ads_remove,7700,1,난세열세출세,6,GooglePlay,2025-08-14,0,99999999},,,
Order Complete (App),,ruby_3,11000,6,카후,249,GooglePlay,2025-08-08,218900,2702},,,
Order Complete (App),,ads_remove,7700,1,식스팩,8,GooglePlay,2025-08-14,0,99999999},,,
Order Complete (App),,ruby_5,55000,13,조메기,369,GooglePlay,2025-08-02,449900,278},,,
Order Complete (App),,ruby_5,55000,13,조메기,369,GooglePlay,2025-08-02,394900,278},,,
Order Complete (App),,ruby_3,11000,29,삼다,351,GooglePlay,2025-07-16,75900,499},,,
Order Complete (App),,ruby_3,11000,28,어디서,308,GooglePlay,2025-07-18,183700,1182},,,
Order Complete (App),,ruby_3,11000,28,어디서,308,GooglePlay,2025-07-18,172700,1182},,,
Order Complete (App),,ruby_3,11000,11,심정보,242,GooglePlay,2025-08-04,7700,2999},,,
Order Complete (App),,ruby_1,1100,29,싸우전드,365,OneStore,2025-07-17,30800,365},,,
Order Complete (App),,ruby_1,1100,29,싸우전드,365,OneStore,2025-07-17,29700,365},,,
Order Complete (App),,ruby_1,1100,29,싸우전드,365,OneStore,2025-07-17,28600,365},,,
Order Complete (App),,ruby_6,110000,12,선장,294,GooglePlay,2025-08-03,242000,1302},,,
Order Complete (App),,ruby_1,1100,29,싸우전드,365,OneStore,2025-07-17,27500,365},,,
Order Complete (App),,ruby_1,1100,29,싸우전드,365,OneStore,2025-07-17,26400,365},,,
Order Complete (App),,ruby_2,6600,29,싸우전드,365,OneStore,2025-07-17,25300,365},,,
Order Complete (App),,ruby_3,11000,7,akfqod20,146,GooglePlay,2025-08-08,0,5291},,,
Order Complete (App),,ruby_3,11000,29,싸우전드,365,OneStore,2025-07-17,18700,365},,,
Order Complete (App),,ruby_6,110000,12,선장,272,GooglePlay,2025-08-03,132000,1865},,,
Order Complete (App),,ads_remove,7700,1,램프의욕정,4,GooglePlay,2025-08-14,0,99999999},,,
Order Complete (App),,ruby_3,11000,3,전지적,149,GooglePlay,2025-08-12,51700,5111},,,
Order Complete (App),,ruby_3,11000,3,전지적,149,GooglePlay,2025-08-12,29700,5111},,,
Order Complete (App),,ads_remove,7700,1,심심한냥냥이,69,GooglePlay,2025-08-14,0,10532},,,
Order Complete (App),,ruby_2,6600,16,후조,293,GooglePlay,2025-07-29,14300,1323},,,
Order Complete (App),,ads_remove,7700,1,키위송,4,GooglePlay,2025-08-14,0,99999999},,,
Order Complete (App),,ruby_3,11000,8,류뎡하,119,GooglePlay,2025-08-06,1100,5884},,,
Order Complete (App),,ruby_2,6600,2,슬2,70,OneStore,2025-08-13,15400,9294},,,
Order Complete (App),,ruby_1,1100,2,슬2,70,OneStore,2025-08-13,8800,9294},,,
Order Complete (App),,ads_remove,7700,1,나는상훈이,52,GooglePlay,2025-08-13,0,11983},,,
Order Complete (App),,ads_remove,7700,29,백구뽀뚜,269,GooglePlay,2025-07-17,0,1933},,,
Order Complete (App),,ads_remove,7700,2,오이현구,93,GooglePlay,2025-08-13,0,7005},,,
Order Complete (App),,ruby_2,6600,3,신비혈풍,92,GooglePlay,2025-08-12,14300,7160},,,
Order Complete (App),,ruby_2,6600,3,신비혈풍,92,GooglePlay,2025-08-12,7700,7160},,,
Order Complete (App),,ads_remove,7700,1,이상한인간,47,GooglePlay,2025-08-14,0,12920},,,
Order Complete (App),,ruby_3,11000,3,낭강,92,GooglePlay,2025-08-12,7700,7159},,,
Order Complete (App),,ruby_2,6600,29,유하탱,317,GooglePlay,2025-07-15,26400,1064},,,
Order Complete (App),,ruby_2,6600,29,유하탱,317,GooglePlay,2025-07-15,26400,1064},,,
Order Complete (App),,ruby_5,55000,46,롱티,395,GooglePlay,2025-06-29,40700,974},,,
Order Complete (App),,ruby_1,1100,29,유하탱,317,GooglePlay,2025-07-15,18700,1064},,,
Order Complete (App),,ruby_1,1100,29,유하탱,317,GooglePlay,2025-07-15,17600,1064},,,
Order Complete (App),,ruby_1,1100,29,유하탱,317,GooglePlay,2025-07-15,16500,1064},,,
Order Complete (App),,ruby_1,1100,29,유하탱,317,GooglePlay,2025-07-15,16500,1064},,,
Order Complete (App),,ruby_1,1100,29,유하탱,317,GooglePlay,2025-07-15,14300,1064},,,
Order Complete (App),,ruby_1,1100,29,유하탱,317,GooglePlay,2025-07-15,13200,1064},,,
Order Complete (App),,ruby_4,33000,46,롱티,395,GooglePlay,2025-06-29,7700,974},,,
Order Complete (App),,ruby_4,33000,1,접근,26,GooglePlay,2025-08-14,0,16866},,,
Order Complete (App),,ruby_1,1100,5,김난신,286,GooglePlay,2025-08-09,282700,1541},,,
Order Complete (App),,ruby_4,33000,29,김햇반,387,GooglePlay,2025-07-16,106700,181},,,
Order Complete (App),,ruby_5,55000,17,사루다,338,GooglePlay,2025-07-29,282700,690},,,
Order Complete (App),,ruby_5,55000,17,사루다,338,GooglePlay,2025-07-29,227700,690},,,
Order Complete (App),,ruby_6,110000,6,saejeong,251,GooglePlay,2025-08-09,227700,2801},,,
Order Complete (App),,ruby_3,11000,21,이지대장,328,GooglePlay,2025-07-25,89100,868},,,
Order Complete (App),,ruby_1,1100,3,송송구리,88,GooglePlay,2025-08-12,0,8325},,,
Order Complete (App),,ruby_1,1100,19,순신좌,291,GooglePlay,2025-07-24,18700,1341},,,
Order Complete (App),,ruby_4,33000,20,선학,327,GooglePlay,2025-07-26,172700,910},,,
Order Complete (App),,ruby_4,33000,20,선학,327,GooglePlay,2025-07-26,139700,910},,,
Order Complete (App),,ruby_2,6600,7,리리플,176,GooglePlay,2025-08-06,34100,4693},,,
Order Complete (App),,ruby_5,55000,18,우르르쾅쾅,366,GooglePlay,2025-07-27,561000,327},,,
Order Complete (App),,ruby_1,1100,26,김도영,329,GooglePlay,2025-07-20,29700,867},,,
Order Complete (App),,ruby_4,33000,10,짱콩파파,356,GooglePlay,2025-08-04,271700,434},,,
Order Complete (App),,ruby_3,11000,13,국밥맛킷캣,303,GooglePlay,2025-08-02,203500,1232},,,
Order Complete (App),,ruby_4,33000,13,국밥맛킷캣,303,GooglePlay,2025-08-02,170500,1232},,,
Order Complete (App),,ads_remove,7700,1,상점직원,26,GooglePlay,2025-08-14,0,16861},,,
Order Complete (App),,ruby_3,11000,7,전력,159,GooglePlay,2025-08-08,149600,4962},,,
Order Complete (App),,ruby_5,55000,21,Lr비,435,GooglePlay,2025-07-25,473000,87},,,
Order Complete (App),,ads_remove,7700,1,미뻘위에서,6,GooglePlay,2025-08-14,0,99999999},,,
Order Complete (App),,ruby_2,6600,1,김정은,51,GooglePlay,2025-08-13,7700,13290},,,
Order Complete (App),,ruby_3,11000,2,유체리,33,GooglePlay,2025-08-13,0,16850},,,
Order Complete (App),,ads_remove,7700,1,차지우,8,GooglePlay,2025-08-14,0,99999999},,,
Order Complete (App),,ads_remove,7700,1,왼손,7,GooglePlay,2025-08-14,0,99999999},,,
Order Complete (App),,ruby_2,6600,14,도라에몽표류기,369,GooglePlay,2025-08-01,301400,277},,,
Order Complete (App),,ruby_4,33000,25,베노미,474,OneStore,2025-07-21,1080200,44},,,
Order Complete (App),,ruby_4,33000,24,두율대디,452,GooglePlay,2025-07-22,568700,61},,,
Order Complete (App),,ads_remove,7700,1,김정은,6,GooglePlay,2025-08-13,0,99999999},,,
Order Complete (App),,ads_remove,7700,1,레오야멍멍해봐,9,GooglePlay,2025-08-13,0,99999999},,,
Order Complete (App),,ruby_3,11000,1,휴륩,26,GooglePlay,2025-08-13,0,16442},,,
Order Complete (App),,ruby_5,55000,11,삥쭈,366,GooglePlay,2025-08-04,602800,322},,,
Order Complete (App),,ruby_3,11000,5,무궁,229,GooglePlay,2025-08-10,66000,3312},,,
Order Complete (App),,ruby_2,6600,13,지나사랑,245,GooglePlay,2025-08-02,7700,2915},,,
Order Complete (App),,ruby_2,6600,9,일본인,371,GooglePlay,2025-08-05,656700,258},,,
Order Complete (App),,ruby_5,55000,9,일본인,371,GooglePlay,2025-08-05,601700,258},,,
Order Complete (App),,ruby_6,110000,28,챰퐁,314,GooglePlay,2025-07-18,62700,1080},,,
Order Complete (App),,ruby_2,6600,13,무랭이,274,GooglePlay,2025-08-02,84700,1770},,,
Order Complete (App),,ruby_3,11000,27,김죠,390,GooglePlay,2025-07-19,315700,155},,,
Order Complete (App),,ruby_3,11000,13,영쟈굳,338,GooglePlay,2025-08-01,311300,695},,,
Order Complete (App),,ruby_3,11000,11,르무르,268,GooglePlay,2025-08-04,89100,1975},,,
Order Complete (App),,ruby_6,110000,13,영쟈굳,336,GooglePlay,2025-08-01,201300,695},,,
Order Complete (App),,ruby_4,33000,27,절대무적,490,GooglePlay,2025-07-18,691900,29},,,
Order Complete (App),,ruby_3,11000,27,절대무적,490,GooglePlay,2025-07-18,680900,29},,,
Order Complete (App),,ruby_4,33000,19,Realize,401,GooglePlay,2025-07-27,545600,137},,,
Order Complete (App),,ruby_6,110000,19,Realize,401,GooglePlay,2025-07-27,435600,138},,,
Order Complete (App),,ruby_3,11000,26,의천대협,346,GooglePlay,2025-07-19,7700,693},,,
Order Complete (App),,ads_remove,7700,1,지노핑,69,GooglePlay,2025-08-13,0,9890},,,
Order Complete (App),,ruby_2,6600,8,눈눈,153,GooglePlay,2025-08-06,14300,4961},,,
Order Complete (App),,ruby_2,6600,8,눈눈,153,GooglePlay,2025-08-06,7700,4961},,,
Order Complete (App),,ruby_3,11000,24,게실염,382,GooglePlay,2025-07-21,381700,228},,,
Order Complete (App),,ruby_3,11000,24,게실염,382,GooglePlay,2025-07-21,370700,228},,,
Order Complete (App),,ruby_2,6600,28,심대표,474,GooglePlay,2025-07-18,665500,45},,,
Order Complete (App),,ruby_1,1100,16,이몽타,281,GooglePlay,2025-07-18,161700,1719},,,
Order Complete (App),,ruby_3,11000,11,BADA,365,GooglePlay,2025-08-04,553300,348},,,
Order Complete (App),,ruby_5,55000,11,BADA,365,GooglePlay,2025-08-04,498300,348},,,
Order Complete (App),,ruby_6,110000,16,이몽타,281,GooglePlay,2025-07-18,51700,1719},,,
Order Complete (App),,ads_remove,7700,1,환결,14,GooglePlay,2025-08-13,0,99999999},,,
Order Complete (App),,ruby_2,6600,10,대도너구리,256,GooglePlay,2025-08-05,136400,2380},,,
Order Complete (App),,ruby_2,6600,10,대도너구리,256,GooglePlay,2025-08-05,129800,2380},,,
Order Complete (App),,ruby_1,1100,8,봄같은나라,267,GooglePlay,2025-08-07,61600,2021},,,
Order Complete (App),,ads_remove,7700,1,가헌대부,5,GooglePlay,2025-08-13,0,99999999},,,
Order Complete (App),,ruby_2,6600,10,대도너구리,256,GooglePlay,2025-08-05,123200,2647},,,
Order Complete (App),,ruby_2,6600,10,대도너구리,256,GooglePlay,2025-08-05,116600,2647},,,
Order Complete (App),,ruby_3,11000,1,혁명가,61,GooglePlay,2025-08-13,18700,10950},,,
Order Complete (App),,ruby_6,110000,1,코크,100,GooglePlay,2025-08-13,260700,8908},,,
Order Complete (App),,ruby_3,11000,10,대도너구리,252,GooglePlay,2025-08-05,105600,2647},,,
Order Complete (App),,ruby_3,11000,10,대도너구리,249,GooglePlay,2025-08-05,94600,2647},,,
Order Complete (App),,ruby_1,1100,10,대도너구리,249,GooglePlay,2025-08-05,93500,2647},,,
Order Complete (App),,ruby_1,1100,10,대도너구리,249,GooglePlay,2025-08-05,92400,2647},,,
Order Complete (App),,ruby_6,110000,1,코크,45,GooglePlay,2025-08-13,150700,15426},,,
Order Complete (App),,ruby_2,6600,28,줸줸,466,GooglePlay,2025-07-18,524700,49},,,
Order Complete (App),,ruby_3,11000,5,무궁,228,GooglePlay,2025-08-10,55000,3618},,,
Order Complete (App),,ruby_4,33000,1,코크,36,GooglePlay,2025-08-13,117700,15426},,,
Order Complete (App),,ruby_6,110000,1,코크,31,GooglePlay,2025-08-13,7700,15426},,,
Order Complete (App),,ruby_6,110000,17,암부,692,GooglePlay,2025-07-29,3857700,10},,,
Order Complete (App),,ruby_1,1100,23,태건이,294,GooglePlay,2025-07-23,1100,1309},,,
Order Complete (App),,ruby_3,11000,1,혁명가,46,GooglePlay,2025-08-13,7700,13019},,,
Order Complete (App),,ads_remove,7700,2,무치7,25,GooglePlay,2025-08-07,0,16819},,,
Order Complete (App),,ads_remove,7700,1,코크,5,GooglePlay,2025-08-13,0,99999999},,,
Order Complete (App),,ruby_6,110000,24,킴혀노,472,GooglePlay,2025-07-22,1117600,44},,,
Order Complete (App),,ruby_3,11000,14,IPZA,328,GooglePlay,2025-07-31,51700,832},,,
Order Complete (App),,ruby_3,11000,1,빼미올빼미,44,GooglePlay,2025-08-13,0,16418},,,
Order Complete (App),,ruby_4,33000,28,JJJ0738,652,GooglePlay,2025-07-18,2428800,10},,,
Order Complete (App),,ruby_3,11000,28,JJJ0738,652,GooglePlay,2025-07-18,2417800,10},,,
Order Complete (App),,ruby_4,33000,29,덕풍동시라소니,586,GooglePlay,2025-07-16,1779800,13},,,
Order Complete (App),,ads_remove,7700,1,객인,9,GooglePlay,2025-08-13,0,99999999},,,
Order Complete (App),,ruby_6,110000,17,암부,651,GooglePlay,2025-07-29,3857700,10},,,
Order Complete (App),,ruby_6,110000,17,암부,651,GooglePlay,2025-07-29,3637700,10},,,
Order Complete (App),,ruby_1,1100,10,조승연,467,GooglePlay,2025-08-04,1234200,48},,,
Order Complete (App),,ruby_4,33000,28,JJJ0738,650,GooglePlay,2025-07-18,2384800,10},,,
Order Complete (App),,ruby_3,11000,3,슈비드,58,GooglePlay,2025-08-12,0,11207},,,
Order Complete (App),,ruby_1,1100,2,김가루,101,GooglePlay,2025-08-13,7700,6802},,,
Order Complete (App),,ads_remove,7700,1,혁명가,10,GooglePlay,2025-08-13,0,99999999},,,
Order Complete (App),,ruby_2,6600,2,김가루,101,GooglePlay,2025-08-13,0,6802},,,
Order Complete (App),,ruby_1,1100,19,아루맘,398,GooglePlay,2025-07-26,214500,135},,,
Order Complete (App),,ruby_3,11000,13,쿠행행,251,GooglePlay,2025-07-26,173800,2527},,,
Order Complete (App),,ruby_3,11000,10,백초거,257,GooglePlay,2025-08-05,66000,2346},,,
Order Complete (App),,ads_remove,7700,1,하정원,24,GooglePlay,2025-08-13,0,16811},,,
Order Complete (App),,ruby_2,6600,1,S클래스,34,GooglePlay,2025-08-13,7700,16811},,,
Order Complete (App),,ruby_1,1100,1,S클래스,34,GooglePlay,2025-08-13,0,16811},,,
Order Complete (App),,ruby_4,33000,7,무진장큰스님,323,GooglePlay,2025-08-08,372900,1033},,,
Order Complete (App),,ruby_6,110000,11,끼랄,251,GooglePlay,2025-08-03,234300,2639},,,
Order Complete (App),,ruby_4,33000,16,코리아se스머신,440,GooglePlay,2025-07-30,832700,81},,,
Order Complete (App),,ruby_4,33000,25,애플청포도,371,GooglePlay,2025-07-20,267300,256},,,
Order Complete (App),,ruby_4,33000,25,애플청포도,371,GooglePlay,2025-07-20,201300,256},,,
Order Complete (App),,ruby_2,6600,11,수린향,242,GooglePlay,2025-08-03,22000,3125},,,
Order Complete (App),,ruby_3,11000,28,JJJ0738,647,GooglePlay,2025-07-18,2373800,10},,,
Order Complete (App),,ruby_3,11000,10,조승연,466,GooglePlay,2025-08-04,1234200,48},,,
Order Complete (App),,ruby_1,1100,28,JJJ0738,647,GooglePlay,2025-07-18,2372700,10},,,
Order Complete (App),,ruby_1,1100,10,조승연,466,GooglePlay,2025-08-04,1222100,48},,,
Order Complete (App),,ruby_3,11000,28,JJJ0738,647,GooglePlay,2025-07-18,2361700,10},,,
Order Complete (App),,ruby_6,110000,13,소담소민,652,GooglePlay,2025-08-01,4620000,11},,,
Order Complete (App),,ruby_5,55000,10,조승연,466,GooglePlay,2025-08-04,1167100,48},,,
Order Complete (App),,ruby_3,11000,3,고슬,91,OneStore,2025-08-12,51700,7339},,,
Order Complete (App),,ruby_3,11000,16,코리아se스머신,434,GooglePlay,2025-07-30,821700,86},,,
Order Complete (App),,ruby_4,33000,3,고슬,91,OneStore,2025-08-12,40700,7339},,,
Order Complete (App),,ads_remove,7700,16,팡이,248,GooglePlay,2024-11-25,0,2587},,,
Order Complete (App),,ruby_4,33000,5,구르미바라미,191,GooglePlay,2025-08-10,69300,4147},,,
Order Complete (App),,ruby_5,55000,13,쿠행행,244,GooglePlay,2025-07-26,118800,2920},,,
Order Complete (App),,ruby_3,11000,27,절대무적,489,GooglePlay,2025-07-18,669900,30},,,
Order Complete (App),,ruby_2,6600,11,조엘,330,GooglePlay,2025-08-04,236500,798},,,
Order Complete (App),,ruby_4,33000,7,무진장큰스님,301,GooglePlay,2025-08-08,339900,1172},,,
Order Complete (App),,ruby_1,1100,2,미얄,34,GooglePlay,2025-08-13,7700,15415},,,
Order Complete (App),,ruby_2,6600,2,미얄,34,GooglePlay,2025-08-13,0,15415},,,
Order Complete (App),,ruby_3,11000,28,JJJ0738,643,GooglePlay,2025-07-18,2350700,12},,,
Order Complete (App),,ruby_4,33000,26,GC,491,OneStore,2025-07-20,940500,28},,,
Order Complete (App),,ruby_3,11000,6,무진장큰스님,300,GooglePlay,2025-08-08,328900,1172},,,
Order Complete (App),,ads_remove,7700,18,양현,305,GooglePlay,2025-07-27,0,1136},,,
Order Complete (App),,ruby_3,11000,14,하곰탱,334,GooglePlay,2025-07-31,217800,861},,,
Order Complete (App),,ruby_6,110000,25,s불멸1s,439,GooglePlay,2025-07-19,1152800,80},,,
Order Complete (App),,ruby_4,33000,4,구르미바라미,176,GooglePlay,2025-08-10,36300,4550},,,
Order Complete (App),,ruby_3,11000,1,정재헌,24,GooglePlay,2025-08-13,0,16408},,,
Order Complete (App),,ruby_3,11000,1,무용,24,OneStore,2025-08-13,11000,16003},,,
Order Complete (App),,ads_remove,7700,1,범도,64,GooglePlay,2025-08-13,0,10286},,,
Order Complete (App),,ruby_2,6600,7,창제,233,GooglePlay,2025-08-07,51700,3149},,,
Order Complete (App),,ruby_3,11000,10,오디나무,487,GooglePlay,2025-08-03,1590600,31},,,
Order Complete (App),,ruby_5,55000,10,오디나무,487,GooglePlay,2025-08-03,1535600,31},,,
Order Complete (App),,ruby_2,6600,5,아무뭉,197,GooglePlay,2025-08-08,30800,3933},,,
Order Complete (App),,ruby_1,1100,5,아무뭉,197,GooglePlay,2025-08-08,29700,3933},,,
Order Complete (App),,ruby_3,11000,21,깡설이,326,GooglePlay,2025-07-23,7700,943},,,
Order Complete (App),,ruby_3,11000,12,자브종늑대,281,GooglePlay,2025-08-02,117700,1732},,,
Order Complete (App),,ads_remove,7700,1,석면표류,36,GooglePlay,2025-08-13,0,15841},,,
Order Complete (App),,ads_remove,7700,1,빡밍,34,GooglePlay,2025-08-13,0,15400},,,
Order Complete (App),,ads_remove,7700,1,순둡,9,GooglePlay,2025-08-13,0,99999999},,,
Order Complete (App),,ads_remove,7700,1,지꾸라미,36,GooglePlay,2025-08-12,0,15466},,,
Order Complete (App),,ruby_5,55000,12,무랭이,264,GooglePlay,2025-08-02,29700,2193},,,
Order Complete (App),,ads_remove,7700,1,우린,67,GooglePlay,2025-08-13,0,15987},,,
Order Complete (App),,ruby_2,6600,22,채봉이,317,GooglePlay,2025-07-23,60500,1020},,,
Order Complete (App),,ads_remove,7700,1,죠타조아,27,GooglePlay,2025-08-13,0,16787},,,
Order Complete (App),,ruby_3,11000,4,김태형,187,GooglePlay,2025-08-08,49500,4227},,,
Order Complete (App),,ads_remove,7700,1,배우치,14,GooglePlay,2025-08-13,0,99999999},,,
Order Complete (App),,ads_remove,7700,1,만아,58,GooglePlay,2025-08-13,0,12580},,,
Order Complete (App),,ruby_2,6600,12,갱민,371,GooglePlay,2025-08-02,865700,335},,,
Order Complete (App),,ruby_3,11000,12,갱민,371,GooglePlay,2025-08-02,854700,335},,,
Order Complete (App),,ruby_3,11000,12,갱민,371,GooglePlay,2025-08-02,843700,335},,,
Order Complete (App),,ruby_3,11000,12,갱민,371,GooglePlay,2025-08-02,832700,335},,,
Order Complete (App),,ruby_6,110000,12,갱민,371,GooglePlay,2025-08-02,832700,335},,,
Order Complete (App),,ruby_6,110000,12,갱민,371,GooglePlay,2025-08-02,612700,335},,,
Order Complete (App),,ads_remove,7700,1,카이네트,11,GooglePlay,2025-08-13,0,99999999},,,
Order Complete (App),,ads_remove,7700,1,주신아리아,10,GooglePlay,2025-08-13,0,99999999},,,
Order Complete (App),,ruby_4,33000,12,갱민,371,GooglePlay,2025-08-02,579700,335},,,
Order Complete (App),,ruby_4,33000,24,하인드킬,302,GooglePlay,2025-07-20,40700,1209},,,
Order Complete (App),,ruby_5,55000,12,갱민,364,GooglePlay,2025-08-02,524700,335},,,
Order Complete (App),,ruby_4,33000,17,밥이,398,GooglePlay,2025-07-28,270600,134},,,
Order Complete (App),,ruby_4,33000,25,환상의섬,424,GooglePlay,2025-07-19,433400,124},,,
Order Complete (App),,ruby_1,1100,23,밍글이,325,GooglePlay,2025-07-22,7700,942},,,
Order Complete (App),,ads_remove,7700,1,시타맨,7,GooglePlay,2025-08-13,0,99999999},,,
Order Complete (App),,ruby_2,6600,23,밍글이,325,GooglePlay,2025-07-22,0,942},,,
Order Complete (App),,ruby_4,33000,17,밥이,390,GooglePlay,2025-07-28,237600,177},,,
Order Complete (App),,ads_remove,7700,1,쌈오빠,6,GooglePlay,2025-08-13,0,99999999},,,
Order Complete (App),,ruby_4,33000,3,청심당,93,GooglePlay,2025-08-12,7700,7113},,,
Order Complete (App),,ruby_5,55000,18,as24,301,GooglePlay,2025-07-25,41800,1160},,,
Order Complete (App),,ruby_3,11000,17,밥이,388,GooglePlay,2025-07-28,226600,177},,,
Order Complete (App),,ads_remove,7700,1,춘추의기,5,GooglePlay,2025-08-13,0,99999999},,,
Order Complete (App),,ruby_3,11000,8,리츠리데,235,GooglePlay,2025-08-06,95700,3138},,,
Order Complete (App),,ruby_3,11000,22,나류토,285,GooglePlay,2025-07-22,84700,1617},,,
Order Complete (App),,ruby_2,6600,26,쟁요,485,GooglePlay,2025-07-19,741400,34},,,
Order Complete (App),,ruby_2,6600,17,밥이,387,GooglePlay,2025-07-28,220000,177},,,
Order Complete (App),,ads_remove,7700,1,몬돌,4,GooglePlay,2025-08-13,0,99999999},,,
Order Complete (App),,ruby_1,1100,26,쟁요,485,GooglePlay,2025-07-19,740300,34},,,
Order Complete (App),,ruby_4,33000,17,밥이,386,GooglePlay,2025-07-28,187000,177},,,
Order Complete (App),,ruby_3,11000,17,밥이,386,GooglePlay,2025-07-28,176000,177},,,
Order Complete (App),,ruby_2,6600,10,조엘,326,GooglePlay,2025-08-04,229900,900},,,
Order Complete (App),,ads_remove,7700,1,쥬리찌유,40,GooglePlay,2025-08-13,0,16375},,,
Order Complete (App),,ruby_5,55000,3,서후랑,150,GooglePlay,2025-08-11,51700,5371},,,
Order Complete (App),,ruby_1,1100,23,느엥,363,GooglePlay,2025-07-20,62700,360},,,
Order Complete (App),,ruby_1,1100,23,느엥,363,GooglePlay,2025-07-20,60500,360},,,
Order Complete (App),,ruby_1,1100,1,포아리,51,GooglePlay,2025-08-12,7700,12209},,,
Order Complete (App),,ruby_2,6600,1,포아리,51,GooglePlay,2025-08-12,0,12209},,,
Order Complete (App),,ruby_3,11000,3,류체리,24,GooglePlay,2025-07-29,0,16180},,,
Order Complete (App),,ruby_2,6600,3,꺄르47,132,GooglePlay,2025-08-11,7700,5503},,,
Order Complete (App),,ruby_4,33000,3,서후랑,146,GooglePlay,2025-08-11,18700,5371},,,
Order Complete (App),,ads_remove,7700,1,랑파파,37,GooglePlay,2025-08-13,0,16178},,,
Order Complete (App),,ruby_2,6600,5,홀로걷는나,92,GooglePlay,2025-08-09,7700,7107},,,
Order Complete (App),,ruby_4,33000,19,선학,318,GooglePlay,2025-07-26,106700,1005},,,
Order Complete (App),,ads_remove,7700,1,난세왕조,1,GooglePlay,2025-08-13,0,99999999},,,
Order Complete (App),,ruby_5,55000,5,찐내,167,GooglePlay,2025-08-09,14300,5010},,,
Order Complete (App),,ads_remove,7700,1,풀잎e,5,GooglePlay,2025-08-13,0,99999999},,,
Order Complete (App),,ruby_3,11000,27,민들레옹,392,GooglePlay,2025-07-18,161700,145},,,
Order Complete (App),,ads_remove,7700,1,한량풍월가,6,GooglePlay,2025-08-13,0,99999999},,,
Order Complete (App),,ads_remove,7700,1,재즈i,8,GooglePlay,2025-08-13,0,99999999},,,
Order Complete (App),,ads_remove,7700,1,반짝였던,9,GooglePlay,2025-08-13,0,99999999},,,
Order Complete (App),,ruby_4,33000,27,줸줸,465,GooglePlay,2025-07-18,491700,48},,,
Order Complete (App),,ruby_3,11000,15,얼죽뱅,268,GooglePlay,2025-07-30,53900,1947},,,
Order Complete (App),,ads_remove,7700,1,하늘skye다,9,GooglePlay,2025-08-13,0,99999999},,,
Order Complete (App),,ruby_1,1100,320,산초울,964,OneStore,2024-09-28,171700,16},,,
Order Complete (App),,ruby_1,1100,320,산초울,964,OneStore,2024-09-28,171700,16},,,
Order Complete (App),,ruby_1,1100,320,산초울,964,OneStore,2024-09-28,169500,16},,,
Order Complete (App),,ruby_3,11000,5,네이마루,111,GooglePlay,2025-07-24,18700,6393},,,
Order Complete (App),,ruby_3,11000,5,네이마루,111,GooglePlay,2025-07-24,7700,6393},,,
Order Complete (App),,ruby_3,11000,17,우르르쾅쾅,359,GooglePlay,2025-07-27,550000,393},,,
Order Complete (App),,ruby_4,33000,18,길몬,285,GooglePlay,2025-07-26,73700,1598},,,
Order Complete (App),,ruby_4,33000,18,길몬,285,GooglePlay,2025-07-26,40700,1598},,,
Order Complete (App),,ruby_4,33000,18,길몬,285,GooglePlay,2025-07-26,7700,1598},,,
Order Complete (App),,ruby_2,6600,23,게실염,373,GooglePlay,2025-07-21,364100,233},,,
Order Complete (App),,ruby_1,1100,19,그루터기,462,GooglePlay,2025-07-26,961400,53},,,
Order Complete (App),,ruby_1,1100,19,그루터기,462,GooglePlay,2025-07-26,960300,53},,,
Order Complete (App),,ruby_2,6600,21,서준아빠,346,GooglePlay,2025-07-22,276100,539},,,
Order Complete (App),,ruby_3,11000,12,우성이,325,GooglePlay,2025-08-02,196900,927},,,
Order Complete (App),,ruby_3,11000,12,우성이,325,GooglePlay,2025-08-02,174900,927},,,
Order Complete (App),,ruby_2,6600,21,서준아빠,346,GooglePlay,2025-07-22,276100,539},,,
Order Complete (App),,ruby_4,33000,21,서준아빠,346,GooglePlay,2025-07-22,276100,539},,,
Order Complete (App),,ruby_1,1100,21,서준아빠,346,GooglePlay,2025-07-22,276100,539},,,
Order Complete (App),,ruby_1,1100,21,서준아빠,346,GooglePlay,2025-07-22,236500,539},,,
Order Complete (App),,ruby_1,1100,21,서준아빠,346,GooglePlay,2025-07-22,234300,539},,,
Order Complete (App),,ruby_1,1100,21,서준아빠,346,GooglePlay,2025-07-22,232100,539},,,
Order Complete (App),,ads_remove,7700,1,서리아빠,5,GooglePlay,2025-08-13,0,99999999},,,
Order Complete (App),,ruby_4,33000,23,가우리열제,248,GooglePlay,2025-07-22,36300,2649},,,
Order Complete (App),,ruby_3,11000,2,전지적,91,GooglePlay,2025-08-12,18700,7314},,,
Order Complete (App),,ads_remove,7700,1,호호걸,11,OneStore,2025-08-13,7700,99999999},,,
Order Complete (App),,ruby_3,11000,2,전지적,91,GooglePlay,2025-08-12,7700,7314},,,
Order Complete (App),,ruby_4,33000,16,일해라정차장,414,GooglePlay,2025-07-29,624800,122},,,
Order Complete (App),,ruby_4,33000,16,일해라정차장,414,GooglePlay,2025-07-29,591800,122},,,
Order Complete (App),,ruby_3,11000,25,새드나,321,GooglePlay,2025-07-20,29700,975},,,
Order Complete (App),,ruby_3,11000,25,새드나,321,GooglePlay,2025-07-20,18700,975},,,
Order Complete (App),,ruby_1,1100,2,새룽이,40,GooglePlay,2025-08-12,7700,14582},,,
Order Complete (App),,ruby_2,6600,2,새룽이,40,GooglePlay,2025-08-12,0,14582},,,
Order Complete (App),,ruby_2,6600,7,캐캐모모,326,GooglePlay,2025-08-06,353100,925},,,
Order Complete (App),,ruby_2,6600,7,캐캐모모,326,GooglePlay,2025-08-06,346500,925},,,
Order Complete (App),,ads_remove,7700,1,슬2,9,GooglePlay,2025-08-13,0,99999999},,,
Order Complete (App),,ruby_3,11000,21,aurora,348,OneStore,2025-07-24,117700,500},,,
Order Complete (App),,ruby_1,1100,8,전동영,241,GooglePlay,2025-07-15,7700,3097},,,
Order Complete (App),,ruby_2,6600,12,뽄요,253,GooglePlay,2025-08-02,129800,2495},,,
Order Complete (App),,ads_remove,7700,1,거북선지해장국,17,GooglePlay,2025-08-13,0,99999999},,,
Order Complete (App),,ads_remove,7700,13,귀여운두더지,273,GooglePlay,2025-08-01,0,1697},,,
Order Complete (App),,ruby_3,11000,12,무랭이,256,GooglePlay,2025-08-02,18700,2334},,,
Order Complete (App),,ruby_2,6600,7,봄같은나라,266,GooglePlay,2025-08-07,55000,2041},,,
Order Complete (App),,ads_remove,7700,1,imbler,8,GooglePlay,2025-08-13,0,99999999},,,
Order Complete (App),,ruby_2,6600,7,봄같은나라,266,GooglePlay,2025-08-07,48400,2041},,,
Order Complete (App),,ruby_3,11000,27,심바군,290,GooglePlay,2025-07-18,18700,1350},,,
Order Complete (App),,ads_remove,7700,14,흑멸야,128,GooglePlay,2025-07-25,0,5595},,,
Order Complete (App),,ruby_5,55000,10,chemma,257,GooglePlay,2025-08-04,44000,2374},,,
Order Complete (App),,ruby_3,11000,27,심바군,290,GooglePlay,2025-07-18,7700,1350},,,
Order Complete (App),,ruby_2,6600,17,톰달,293,GooglePlay,2025-07-28,166100,1242},,,
Order Complete (App),,ruby_1,1100,9,어로,209,GooglePlay,2025-08-04,7700,3773},,,
Order Complete (App),,ruby_2,6600,9,어로,209,GooglePlay,2025-08-04,0,3773},,,
Order Complete (App),,ruby_4,33000,17,톰달,293,GooglePlay,2025-07-28,133100,1242},,,
Order Complete (App),,ruby_4,33000,10,짱주숭,360,GooglePlay,2025-08-04,301400,412},,,
Order Complete (App),,ads_remove,7700,1,헬스,11,GooglePlay,2025-08-13,0,99999999},,,
Order Complete (App),,ads_remove,7700,1,갓덕스,4,GooglePlay,2025-08-13,0,99999999},,,
Order Complete (App),,ruby_5,55000,6,유부장,252,GooglePlay,2025-08-08,47300,2489},,,
Order Complete (App),,ruby_2,6600,2,오지다리,85,GooglePlay,2025-08-12,7700,8539},,,
Order Complete (App),,ads_remove,7700,1,한이울,4,GooglePlay,2025-08-13,0,99999999},,,
Order Complete (App),,ruby_2,6600,26,태백,487,GooglePlay,2025-07-18,917400,31},,,
Order Complete (App),,ruby_3,11000,28,쩰리,357,GooglePlay,2025-07-16,44000,390},,,
Order Complete (App),,ruby_3,11000,12,무랭이,249,GooglePlay,2025-08-02,7700,2587},,,
Order Complete (App),,ruby_4,33000,19,선학,311,GooglePlay,2025-07-26,73700,1046},,,
Order Complete (App),,ruby_3,11000,26,쟁요,483,GooglePlay,2025-07-19,729300,37},,,
Order Complete (App),,ruby_1,1100,26,쟁요,483,GooglePlay,2025-07-19,729300,37},,,
Order Complete (App),,ruby_1,1100,26,쟁요,483,GooglePlay,2025-07-19,727100,37},,,
Order Complete (App),,ruby_5,55000,8,삵이,236,GooglePlay,2025-08-06,150700,3166},,,
Order Complete (App),,ruby_4,33000,4,김난신,246,GooglePlay,2025-08-09,249700,2868},,,
Order Complete (App),,ruby_4,33000,13,단태비,269,GooglePlay,2025-07-31,29700,1863},,,
Order Complete (App),,ruby_2,6600,18,죽랑,286,GooglePlay,2025-07-27,7700,1445},,,
Order Complete (App),,ruby_6,110000,4,김난신,244,GooglePlay,2025-08-09,139700,2868},,,
Order Complete (App),,ruby_3,11000,28,삼다,331,GooglePlay,2025-07-16,64900,725},,,
Order Complete (App),,ads_remove,7700,1,누보,10,GooglePlay,2025-08-13,0,99999999},,,
Order Complete (App),,ads_remove,7700,2,오지다리,54,GooglePlay,2025-08-12,0,12810},,,
Order Complete (App),,ruby_4,33000,26,토리9,326,GooglePlay,2025-07-19,7700,853},,,
Order Complete (App),,ads_remove,7700,1,쥬니짱,48,GooglePlay,2025-08-12,0,12686},,,
Order Complete (App),,ruby_5,55000,14,옥지의빵빵이,426,GooglePlay,2025-07-31,784300,96},,,
Order Complete (App),,ruby_4,33000,8,난세uk,229,GooglePlay,2025-08-05,40700,3240},,,
Order Complete (App),,ruby_4,33000,20,rubidu,367,GooglePlay,2025-07-25,154000,275},,,
Order Complete (App),,ruby_2,6600,21,신란,246,GooglePlay,2025-07-23,7700,2883},,,
Order Complete (App),,ruby_3,11000,21,손Zi,285,GooglePlay,2025-07-20,42900,1645},,,
Order Complete (App),,ruby_2,6600,9,탄령,389,GooglePlay,2025-08-05,722700,151},,,
Order Complete (App),,ads_remove,7700,1,돔황챠,36,GooglePlay,2025-08-13,0,16705},,,
Order Complete (App),,ruby_3,11000,7,광주난세,143,GooglePlay,2025-08-07,0,5266},,,
Order Complete (App),,ruby_3,11000,20,별찌,349,GooglePlay,2025-07-25,194700,468},,,
Order Complete (App),,ruby_5,55000,20,별찌,349,GooglePlay,2025-07-25,139700,468},,,
Order Complete (App),,ads_remove,7700,1,묘천,8,OneStore,2025-08-13,7700,99999999},,,
Order Complete (App),,ruby_1,1100,28,S썽아찌S,350,GooglePlay,2025-07-16,39600,456},,,
Order Complete (App),,ruby_2,6600,28,S썽아찌S,350,GooglePlay,2025-07-16,33000,456},,,
Order Complete (App),,ruby_2,6600,18,4827,310,GooglePlay,2025-07-27,9900,1036},,,
Order Complete (App),,ruby_4,33000,2,카카타,24,GooglePlay,2025-07-29,0,15912},,,
Order Complete (App),,ruby_1,1100,25,쉬밤꺼,450,GooglePlay,2025-07-19,1150600,59},,,
Order Complete (App),,ruby_1,1100,25,쉬밤꺼,450,GooglePlay,2025-07-19,1149500,59},,,
Order Complete (App),,ruby_1,1100,25,쉬밤꺼,450,GooglePlay,2025-07-19,1147300,59},,,
Order Complete (App),,ruby_3,11000,16,무우사무휼,269,GooglePlay,2025-07-29,14300,1842},,,
Order Complete (App),,ruby_4,33000,25,GC,487,OneStore,2025-07-20,907500,33},,,
Order Complete (App),,ruby_1,1100,7,신강,74,GooglePlay,2025-07-26,7700,8792},,,
Order Complete (App),,ruby_2,6600,7,신강,74,GooglePlay,2025-07-26,0,8792},,,
Order Complete (App),,ruby_2,6600,25,GC,485,OneStore,2025-07-20,874500,33},,,
Order Complete (App),,ads_remove,7700,1,일센치,5,GooglePlay,2025-08-12,0,99999999},,,
Order Complete (App),,ruby_3,11000,25,환상의섬,412,GooglePlay,2025-07-19,422400,124},,,
Order Complete (App),,ads_remove,7700,1,의상법사,11,GooglePlay,2025-08-12,0,99999999},,,
Order Complete (App),,ruby_4,33000,25,환상의섬,411,GooglePlay,2025-07-19,389400,124},,,
Order Complete (App),,ruby_1,1100,1,동해냉동참치,57,GooglePlay,2025-08-12,18700,11848},,,
Order Complete (App),,ruby_2,6600,1,동해냉동참치,57,GooglePlay,2025-08-12,11000,11848},,,
Order Complete (App),,ruby_3,11000,1,동해냉동참치,57,GooglePlay,2025-08-12,0,11848},,,
Order Complete (App),,ruby_2,6600,2,펜로,90,GooglePlay,2025-08-11,7700,7872},,,
Order Complete (App),,ruby_3,11000,23,게실염,372,GooglePlay,2025-07-21,353100,252},,,
Order Complete (App),,ruby_4,33000,27,심대표,472,GooglePlay,2025-07-18,632500,39},,,
Order Complete (App),,ruby_4,33000,23,게실염,371,GooglePlay,2025-07-21,320100,252},,,
Order Complete (App),,ruby_4,33000,2,차뭥쓰,91,GooglePlay,2025-08-12,11000,7282},,,
Order Complete (App),,ruby_4,33000,23,게실염,369,GooglePlay,2025-07-21,287100,252},,,
Order Complete (App),,ads_remove,7700,1,민용,4,GooglePlay,2025-08-12,0,99999999},,,
Order Complete (App),,ruby_1,1100,316,실타래,898,OneStore,2024-10-01,56100,39},,,
Order Complete (App),,ruby_6,110000,2,dlwlrma,72,GooglePlay,2025-08-12,7700,8921},,,
Order Complete (App),,ruby_3,11000,19,례진,289,GooglePlay,2025-07-26,55000,1272},,,
Order Complete (App),,ruby_3,11000,7,봄같은나라,261,GooglePlay,2025-08-07,37400,2168},,,
Order Complete (App),,ruby_2,6600,18,허어어니,420,GooglePlay,2025-07-27,324500,114},,,
Order Complete (App),,ruby_3,11000,8,펭구7,304,GooglePlay,2025-08-05,244200,1117},,,
Order Complete (App),,ruby_2,6600,7,봄같은나라,255,GooglePlay,2025-08-07,30800,2329},,,
Order Complete (App),,ads_remove,7700,4,ffvhyf,79,GooglePlay,2025-08-07,0,9393},,,
Order Complete (App),,ruby_5,55000,17,루아베니,389,GooglePlay,2025-07-17,772200,148},,,
Order Complete (App),,ruby_3,11000,22,쿠쿵,448,GooglePlay,2025-07-23,579700,61},,,
Order Complete (App),,ruby_3,11000,9,조승연,460,GooglePlay,2025-08-04,1156100,51},,,
Order Complete (App),,ruby_2,6600,5,카후,245,GooglePlay,2025-08-08,212300,2977},,,
Order Complete (App),,ruby_2,6600,5,카후,245,GooglePlay,2025-08-08,205700,2977},,,
Order Complete (App),,ruby_3,11000,18,유실물보관소,287,GooglePlay,2025-07-27,7700,1401},,,
Order Complete (App),,ruby_6,110000,28,엉망,737,GooglePlay,2025-07-17,2715900,6},,,
Order Complete (App),,ruby_2,6600,29,밀레니온,426,GooglePlay,2025-07-16,512600,93},,,
Order Complete (App),,ruby_3,11000,5,카후,236,GooglePlay,2025-08-08,194700,3054},,,
Order Complete (App),,ruby_1,1100,7,수동시,191,GooglePlay,2025-08-07,46200,4099},,,
Order Complete (App),,ruby_1,1100,7,수동시,191,GooglePlay,2025-08-07,46200,4099},,,
Order Complete (App),,ruby_1,1100,7,수동시,191,GooglePlay,2025-08-07,45100,4099},,,
Order Complete (App),,ruby_1,1100,7,수동시,191,GooglePlay,2025-08-07,42900,4099},,,
Order Complete (App),,ruby_1,1100,7,수동시,191,GooglePlay,2025-08-07,40700,4099},,,
Order Complete (App),,ruby_1,1100,320,막내시로,947,GooglePlay,2024-09-28,180900,20},,,
Order Complete (App),,ruby_1,1100,320,막내시로,947,GooglePlay,2024-09-28,178700,20},,,
Order Complete (App),,ruby_4,33000,7,수동시,189,GooglePlay,2025-08-07,7700,4099},,,
Order Complete (App),,ruby_3,11000,4,김난신,234,GooglePlay,2025-08-09,128700,3282},,,
Order Complete (App),,ruby_3,11000,27,어디서,294,GooglePlay,2025-07-18,161700,1156},,,
Order Complete (App),,ruby_1,1100,18,헤나,326,OneStore,2025-07-26,12100,828},,,
Order Complete (App),,ruby_4,33000,20,백진,444,GooglePlay,2025-07-24,617100,73},,,
Order Complete (App),,ruby_4,33000,1,마들역,25,GooglePlay,2025-08-12,7700,16672},,,
Order Complete (App),,ads_remove,7700,1,마들역,25,GooglePlay,2025-08-12,0,16672},,,
Order Complete (App),,ruby_2,6600,10,리세3,326,GooglePlay,2025-08-04,85800,828},,,
Order Complete (App),,ruby_1,1100,24,말랑김밥,327,GooglePlay,2025-07-21,57200,868},,,
Order Complete (App),,ads_remove,7700,1,가드,5,GooglePlay,2025-08-12,0,99999999},,,
Order Complete (App),,ruby_6,110000,21,서준아빠,333,GooglePlay,2025-07-22,122100,676},,,
Order Complete (App),,ruby_1,1100,24,말랑김밥,326,GooglePlay,2025-07-21,57200,868},,,
Order Complete (App),,ruby_1,1100,24,말랑김밥,326,GooglePlay,2025-07-21,56100,868},,,
Order Complete (App),,ruby_2,6600,24,말랑김밥,326,GooglePlay,2025-07-21,48400,868},,,
Order Complete (App),,ruby_3,11000,24,말랑김밥,326,GooglePlay,2025-07-21,37400,868},,,
Order Complete (App),,ruby_3,11000,25,Nospoon,352,GooglePlay,2025-07-19,119900,435},,,
Order Complete (App),,ads_remove,7700,1,예솔노을,14,GooglePlay,2025-08-12,0,99999999},,,
Order Complete (App),,ruby_3,11000,21,서준아빠,333,GooglePlay,2025-07-22,122100,676},,,
Order Complete (App),,ruby_3,11000,21,서준아빠,333,GooglePlay,2025-07-22,100100,676},,,
Order Complete (App),,ruby_3,11000,5,견받사,121,GooglePlay,2025-08-09,14300,5671},,,
Order Complete (App),,ruby_4,33000,23,두율대디,448,GooglePlay,2025-07-22,535700,61},,,
Order Complete (App),,ruby_2,6600,9,샤오위,266,GooglePlay,2025-08-04,115500,2152},,,
Order Complete (App),,ruby_6,110000,16,암부,630,GooglePlay,2025-07-29,3527700,10},,,
Order Complete (App),,ruby_1,1100,289,예슬아,994,OneStore,2024-10-28,1258100,11},,,
Order Complete (App),,ruby_2,6600,9,탄령,386,GooglePlay,2025-08-05,716100,167},,,
Order Complete (App),,ruby_3,11000,27,비련,385,GooglePlay,2025-07-18,145200,176},,,
Order Complete (App),,ruby_5,55000,27,JJJ0738,626,GooglePlay,2025-07-18,2295700,11},,,
Order Complete (App),,ruby_6,110000,15,냉균,408,GooglePlay,2025-07-29,447700,123},,,
Order Complete (App),,ruby_1,1100,7,무이자할부,226,OneStore,2025-08-05,8800,3331},,,
Order Complete (App),,ruby_4,33000,18,선학,294,GooglePlay,2025-07-26,40700,1179},,,
Order Complete (App),,ads_remove,7700,1,또뚜디,25,GooglePlay,2025-08-12,0,16064},,,
Order Complete (App),,ads_remove,7700,1,적후,8,GooglePlay,2025-08-12,0,99999999},,,
Order Complete (App),,ruby_1,1100,17,임의변경,346,GooglePlay,2025-07-26,198000,499},,,
Order Complete (App),,ruby_1,1100,17,아루맘,394,GooglePlay,2025-07-26,213400,134},,,
Order Complete (App),,ruby_1,1100,17,임의변경,346,GooglePlay,2025-07-26,198000,499},,,
Order Complete (App),,ruby_1,1100,17,임의변경,346,GooglePlay,2025-07-26,196900,499},,,
Order Complete (App),,ruby_1,1100,17,임의변경,346,GooglePlay,2025-07-26,194700,499},,,
Order Complete (App),,ads_remove,7700,1,가마니이스라,6,GooglePlay,2025-08-12,0,99999999},,,
Order Complete (App),,ruby_1,1100,12,이대길,226,GooglePlay,2025-07-31,8800,3479},,,
Order Complete (App),,ads_remove,7700,1,규보,14,GooglePlay,2025-08-11,0,99999999},,,
Order Complete (App),,ruby_1,1100,17,4827,303,GooglePlay,2025-07-27,8800,1039},,,
Order Complete (App),,ads_remove,7700,1,고슬,36,OneStore,2025-08-12,7700,16654},,,
Order Complete (App),,ruby_6,110000,25,leonso,685,GooglePlay,2025-07-19,5243700,9},,,
Order Complete (App),,ruby_6,110000,25,leonso,685,GooglePlay,2025-07-19,5243700,9},,,
Order Complete (App),,ruby_6,110000,25,leonso,685,GooglePlay,2025-07-19,5023700,9},,,
Order Complete (App),,ads_remove,7700,1,fly,4,GooglePlay,2025-08-12,0,99999999},,,
Order Complete (App),,ads_remove,7700,1,낭강,42,GooglePlay,2025-08-12,0,14599},,,
Order Complete (App),,ruby_6,110000,25,leonso,684,GooglePlay,2025-07-19,4913700,9},,,
Order Complete (App),,ruby_1,1100,5,카르마할,119,GooglePlay,2025-08-08,7700,6277},,,
Order Complete (App),,ruby_6,110000,25,leonso,684,GooglePlay,2025-07-19,4913700,9},,,
Order Complete (App),,ruby_5,55000,21,nerdy,351,GooglePlay,2025-07-23,315700,453},,,
Order Complete (App),,ruby_4,33000,1,손진훈,33,GooglePlay,2025-08-12,7700,15135},,,
Order Complete (App),,ruby_1,1100,2,재리,26,GooglePlay,2025-07-24,7700,16651},,,
Order Complete (App),,ruby_2,6600,2,재리,26,GooglePlay,2025-07-24,0,16651},,,
Order Complete (App),,ruby_4,33000,21,nerdy,351,GooglePlay,2025-07-23,282700,453},,,
Order Complete (App),,ads_remove,7700,1,신비혈풍,5,GooglePlay,2025-08-12,0,99999999},,,
Order Complete (App),,ruby_3,11000,318,동행,1126,OneStore,2024-09-29,4249200,5},,,
Order Complete (App),,ruby_2,6600,25,쟁요,478,GooglePlay,2025-07-19,720500,36},,,
Order Complete (App),,ads_remove,7700,1,청심당,5,GooglePlay,2025-08-12,0,99999999},,,
Order Complete (App),,ads_remove,7700,1,현더,22,GooglePlay,2025-08-12,0,16648},,,
Order Complete (App),,ruby_3,11000,24,막내키키,356,GooglePlay,2025-07-20,86900,385},,,
Order Complete (App),,ads_remove,7700,1,멸악,17,GooglePlay,2025-08-12,0,99999999},,,
Order Complete (App),,ruby_1,1100,5,굿포도,47,OneStore,2024-11-29,7700,8692},,,
Order Complete (App),,ruby_2,6600,5,굿포도,47,OneStore,2024-11-29,6600,8692},,,
Order Complete (App),,ruby_2,6600,8,샤오위,255,GooglePlay,2025-08-04,108900,2304},,,
Order Complete (App),,ruby_3,11000,24,사몬,299,GooglePlay,2025-07-19,172700,1082},,,
Order Complete (App),,ruby_3,11000,24,사몬,299,GooglePlay,2025-07-19,150700,1082},,,
Order Complete (App),,ads_remove,7700,4,네이마루,87,GooglePlay,2025-07-24,0,7737},,,
Order Complete (App),,ruby_4,33000,8,샤오위,255,GooglePlay,2025-08-04,75900,2304},,,
Order Complete (App),,ruby_6,110000,9,LIV해원,286,GooglePlay,2025-08-04,95700,1384},,,
Order Complete (App),,ads_remove,7700,1,소울트리,16,GooglePlay,2025-08-12,0,99999999},,,
Order Complete (App),,ads_remove,7700,1,유프,6,GooglePlay,2025-08-12,0,99999999},,,
Order Complete (App),,ads_remove,7700,1,르네,46,GooglePlay,2025-08-12,0,16246},,,
Order Complete (App),,ruby_3,11000,4,카후,231,GooglePlay,2025-08-08,183700,3101},,,
Order Complete (App),,ruby_5,55000,12,쌈쟁이,337,GooglePlay,2025-07-31,645700,605},,,
Order Complete (App),,ruby_3,11000,25,사랑잉,517,GooglePlay,2025-07-19,1096700,25},,,
Order Complete (App),,ads_remove,7700,1,dlwlrma,8,GooglePlay,2025-08-12,0,99999999},,,
Order Complete (App),,ads_remove,7700,1,엉려리,38,GooglePlay,2025-08-11,0,14372},,,
Order Complete (App),,ruby_1,1100,2,블랙잠바,29,GooglePlay,2025-08-11,27500,15422},,,
Order Complete (App),,ruby_1,1100,2,블랙잠바,29,GooglePlay,2025-08-11,25300,15422},,,
Order Complete (App),,ruby_2,6600,2,블랙잠바,29,GooglePlay,2025-08-11,18700,15422},,,
Order Complete (App),,ruby_3,11000,2,블랙잠바,29,GooglePlay,2025-08-11,7700,15422},,,
Order Complete (App),,ads_remove,7700,1,GALDH,56,GooglePlay,2025-08-12,0,13362},,,
Order Complete (App),,ads_remove,7700,2,블랙잠바,29,GooglePlay,2025-08-11,0,15422},,,
Order Complete (App),,ads_remove,7700,27,배똥꾸멍,347,GooglePlay,2025-07-17,0,473},,,
Order Complete (App),,ruby_3,11000,3,현세표루기,118,GooglePlay,2025-08-10,25300,5861},,,
Order Complete (App),,ruby_4,33000,23,콩쥐,445,GooglePlay,2025-07-21,443300,73},,,
Order Complete (App),,ruby_6,110000,3,물수건,84,GooglePlay,2025-08-10,40700,11811},,,
Order Complete (App),,ruby_5,55000,11,쿠행행,209,GooglePlay,2025-07-26,63800,3745},,,
Order Complete (App),,ads_remove,7700,1,손진훈,4,GooglePlay,2025-08-12,0,99999999},,,
Order Complete (App),,ruby_2,6600,8,샤오위,255,GooglePlay,2025-08-04,69300,2298},,,
Order Complete (App),,ruby_1,1100,1,설한풍,24,GooglePlay,2025-08-12,7700,16244},,,
Order Complete (App),,ruby_2,6600,1,설한풍,24,GooglePlay,2025-08-12,0,16244},,,
Order Complete (App),,ruby_2,6600,9,조엘,319,GooglePlay,2025-08-04,223300,933},,,
Order Complete (App),,ruby_3,11000,9,조엘,319,GooglePlay,2025-08-04,212300,933},,,
Order Complete (App),,ads_remove,7700,1,치우헌터,7,GooglePlay,2025-08-12,0,99999999},,,
Order Complete (App),,ruby_3,11000,1,초우,29,GooglePlay,2025-08-12,0,15694},,,
Order Complete (App),,ads_remove,7700,1,kalris,53,GooglePlay,2025-08-11,0,12113},,,
Order Complete (App),,ruby_3,11000,2,장상,94,GooglePlay,2025-08-11,18700,6795},,,
Order Complete (App),,ruby_6,110000,11,소담소민,613,GooglePlay,2025-08-01,4510000,12},,,
Order Complete (App),,ads_remove,7700,1,송재벌,7,GooglePlay,2025-08-12,0,99999999},,,
Order Complete (App),,ruby_2,6600,23,몽클,305,GooglePlay,2025-07-21,8800,1045},,,
Order Complete (App),,ads_remove,7700,1,알배추,13,GooglePlay,2025-08-12,0,99999999},,,
Order Complete (App),,ruby_3,11000,26,듀펠,390,GooglePlay,2025-07-18,315700,139},,,
Order Complete (App),,ads_remove,7700,2,v방치v,56,GooglePlay,2025-08-11,0,11263},,,
Order Complete (App),,ruby_3,11000,13,손도이,291,GooglePlay,2025-07-31,84700,1371},,,
Order Complete (App),,ruby_4,33000,26,듀펠,390,GooglePlay,2025-07-18,282700,139},,,
Order Complete (App),,ruby_4,33000,2,앵그리조,52,GooglePlay,2025-08-11,0,12468},,,
Order Complete (App),,ruby_2,6600,24,스무디킹,277,GooglePlay,2025-07-20,44000,1570},,,
Order Complete (App),,ruby_2,6600,26,세이러브,365,GooglePlay,2025-07-18,146300,301},,,
Order Complete (App),,ruby_3,11000,26,세이러브,365,GooglePlay,2025-07-18,135300,301},,,
Order Complete (App),,ruby_3,11000,16,지민이,250,GooglePlay,2025-07-27,7700,2473},,,
Order Complete (App),,ruby_3,11000,11,조메기,355,GooglePlay,2025-08-02,383900,362},,,
Order Complete (App),,ruby_2,6600,7,데오드란트,101,GooglePlay,2025-08-05,14300,7836},,,
Order Complete (App),,ads_remove,7700,1,전지적,7,GooglePlay,2025-08-12,0,99999999},,,
Order Complete (App),,ruby_5,55000,15,일해라정차장,411,GooglePlay,2025-07-29,536800,118},,,
Order Complete (App),,ruby_3,11000,13,백호표류기,192,GooglePlay,2025-07-31,7700,3992},,,
Order Complete (App),,ads_remove,7700,2,바키대왕,98,GooglePlay,2025-08-11,0,6627},,,
Order Complete (App),,ruby_3,11000,14,이몽타,268,GooglePlay,2025-07-18,40700,1829},,,
Order Complete (App),,ruby_2,6600,11,뽄요,248,GooglePlay,2025-08-02,123200,2531},,,
Order Complete (App),,ruby_3,11000,25,대명,486,GooglePlay,2025-07-19,778800,28},,,
Order Complete (App),,ruby_2,6600,19,윤이나,310,GooglePlay,2025-07-25,30800,1007},,,
Order Complete (App),,ruby_4,33000,25,대명,486,GooglePlay,2025-07-19,745800,28},,,
Order Complete (App),,ads_remove,7700,1,goonin,45,GooglePlay,2025-08-12,0,16234},,,
Order Complete (App),,ruby_4,33000,7,펭구7,286,GooglePlay,2025-08-05,211200,1427},,,
Order Complete (App),,ruby_1,1100,17,4827,301,GooglePlay,2025-07-27,7700,1059},,,
Order Complete (App),,ruby_1,1100,8,대도너구리,232,GooglePlay,2025-08-05,92400,3047},,,
Order Complete (App),,ruby_1,1100,8,대도너구리,232,GooglePlay,2025-08-05,91300,3047},,,
Order Complete (App),,ruby_1,1100,8,대도너구리,232,GooglePlay,2025-08-05,89100,3047},,,
Order Complete (App),,ruby_4,33000,24,강통,350,GooglePlay,2025-07-19,22000,428},,,
Order Complete (App),,ads_remove,7700,1,brownie,9,GooglePlay,2025-08-12,0,99999999},,,
Order Complete (App),,ads_remove,7700,1,지니니,4,GooglePlay,2025-08-12,0,99999999},,,
Order Complete (App),,ruby_4,33000,9,BADA,325,GooglePlay,2025-08-04,465300,834},,,
Order Complete (App),,ruby_1,1100,10,푸르른달,274,GooglePlay,2025-08-02,89100,1617},,,
Order Complete (App),,ruby_1,1100,10,푸르른달,274,GooglePlay,2025-08-02,88000,1617},,,
Order Complete (App),,ruby_1,1100,10,푸르른달,274,GooglePlay,2025-08-02,85800,1617},,,
Order Complete (App),,ruby_2,6600,10,푸르른달,274,GooglePlay,2025-08-02,79200,1617},,,
Order Complete (App),,ruby_3,11000,10,푸르른달,274,GooglePlay,2025-08-02,68200,1617},,,
Order Complete (App),,ruby_4,33000,9,BADA,325,GooglePlay,2025-08-04,432300,834},,,
Order Complete (App),,ruby_3,11000,20,qplaying,303,GooglePlay,2025-07-19,83600,1130},,,
Order Complete (App),,ruby_4,33000,25,김투명,345,GooglePlay,2025-07-19,7700,512},,,
Order Complete (App),,ruby_6,110000,11,소담소민,601,GooglePlay,2025-08-01,4400000,12},,,
Order Complete (App),,ruby_1,1100,1,IVIEW,33,GooglePlay,2025-08-12,7700,14850},,,
Order Complete (App),,ruby_2,6600,1,IVIEW,33,GooglePlay,2025-08-12,0,16613},,,
Order Complete (App),,ads_remove,7700,5,천사초리,86,GooglePlay,2025-08-08,0,7837},,,
Order Complete (App),,ruby_5,55000,15,국이,389,GooglePlay,2025-07-29,612700,151},,,
Order Complete (App),,ruby_2,6600,19,이지대장,326,GooglePlay,2025-07-25,82500,926},,,
Order Complete (App),,ruby_6,110000,11,소담소민,585,GooglePlay,2025-08-01,4290000,12},,,
Order Complete (App),,ads_remove,7700,1,함보,11,GooglePlay,2025-08-12,0,99999999},,,
Order Complete (App),,ads_remove,7700,1,푸다다닥,52,GooglePlay,2025-08-12,0,11799},,,
Order Complete (App),,ruby_1,1100,27,난중일기,445,OneStore,2025-07-17,231000,68},,,
Order Complete (App),,ruby_1,1100,27,난중일기,445,OneStore,2025-07-17,231000,68},,,
Order Complete (App),,ruby_1,1100,27,난중일기,445,OneStore,2025-07-17,228800,68},,,
Order Complete (App),,ruby_4,33000,27,난중일기,445,OneStore,2025-07-17,227700,68},,,
Order Complete (App),,ruby_3,11000,21,김뿡,311,GooglePlay,2025-07-23,14300,961},,,
Order Complete (App),,ruby_3,11000,27,난중일기,436,OneStore,2025-07-17,194700,74},,,
Order Complete (App),,ads_remove,7700,1,프에,4,GooglePlay,2025-08-12,0,99999999},,,
Order Complete (App),,ruby_2,6600,12,치운,278,GooglePlay,2025-08-01,60500,1541},,,
Order Complete (App),,ruby_1,1100,1,뒤태,51,GooglePlay,2025-08-12,20900,13729},,,
Order Complete (App),,ruby_1,1100,1,뒤태,51,GooglePlay,2025-08-12,19800,13729},,,
Order Complete (App),,ruby_3,11000,1,뒤태,51,GooglePlay,2025-08-12,7700,13729},,,
Order Complete (App),,ads_remove,7700,1,비오는날초코파이,9,GooglePlay,2025-08-12,0,99999999},,,
Order Complete (App),,ruby_3,11000,6,캐캐모모,309,GooglePlay,2025-08-06,335500,1020},,,
Order Complete (App),,ruby_2,6600,6,캐캐모모,306,GooglePlay,2025-08-06,328900,1020},,,
Order Complete (App),,ruby_4,33000,6,캐캐모모,305,GooglePlay,2025-08-06,295900,1020},,,
Order Complete (App),,ruby_1,1100,26,방랑검객,414,OneStore,2025-07-17,250800,111},,,
Order Complete (App),,ruby_5,55000,4,카후,182,GooglePlay,2025-08-08,128700,4280},,,
Order Complete (App),,ruby_3,11000,24,uj,414,GooglePlay,2025-07-18,586300,111},,,
Order Complete (App),,ruby_3,11000,1,차뭥쓰,27,GooglePlay,2025-08-12,0,16611},,,
Order Complete (App),,ruby_3,11000,14,이야이,470,OneStore,2025-07-30,972400,40},,,
Order Complete (App),,ruby_2,6600,5,리리플,120,GooglePlay,2025-08-06,27500,6239},,,
Order Complete (App),,ruby_3,11000,14,양승구,285,GooglePlay,2025-07-29,58300,1410},,,
Order Complete (App),,ruby_2,6600,13,이만냥,316,GooglePlay,2025-07-30,82500,915},,,
Order Complete (App),,ruby_3,11000,13,이만냥,316,GooglePlay,2025-07-30,71500,915},,,
Order Complete (App),,ads_remove,7700,1,뒤태,8,GooglePlay,2025-08-12,0,99999999},,,
Order Complete (App),,ruby_5,55000,18,그루터기,451,GooglePlay,2025-07-26,905300,57},,,
Order Complete (App),,ruby_5,55000,3,김난신,188,GooglePlay,2025-08-09,73700,4139},,,
Order Complete (App),,ruby_4,33000,7,카몽,212,GooglePlay,2025-08-06,14300,3625},,,
Order Complete (App),,ruby_3,11000,6,캐캐모모,305,GooglePlay,2025-08-06,284900,1111},,,
Order Complete (App),,ruby_3,11000,6,캐캐모모,301,GooglePlay,2025-08-06,273900,1111},,,
Order Complete (App),,ruby_4,33000,23,콩쥐,431,GooglePlay,2025-07-21,410300,85},,,
Order Complete (App),,ruby_5,55000,23,콩쥐,428,GooglePlay,2025-07-21,355300,85},,,
Order Complete (App),,ruby_4,33000,17,꼬치쓰,366,GooglePlay,2025-07-27,282700,266},,,
Order Complete (App),,ads_remove,7700,8,스릴느끼,147,GooglePlay,2025-08-05,0,5002},,,
Order Complete (App),,ruby_1,1100,49,사라,422,GooglePlay,2025-06-24,40700,897},,,
Order Complete (App),,ruby_1,1100,49,사라,422,GooglePlay,2025-06-24,38500,897},,,
Order Complete (App),,ruby_2,6600,49,사라,422,GooglePlay,2025-06-24,38500,897},,,
Order Complete (App),,ruby_3,11000,49,사라,422,GooglePlay,2025-06-24,20900,897},,,
Order Complete (App),,ruby_1,1100,27,유하탱,291,GooglePlay,2025-07-15,12100,1145},,,
Order Complete (App),,ruby_1,1100,27,유하탱,291,GooglePlay,2025-07-15,11000,1145},,,
Order Complete (App),,ruby_1,1100,27,유하탱,291,GooglePlay,2025-07-15,9900,1145},,,
Order Complete (App),,ruby_1,1100,27,유하탱,291,GooglePlay,2025-07-15,8800,1145},,,
Order Complete (App),,ruby_1,1100,2,lv52,30,GooglePlay,2025-08-11,6600,15380},,,
Order Complete (App),,ruby_1,1100,27,유하탱,291,GooglePlay,2025-07-15,7700,1145},,,
Order Complete (App),,ruby_2,6600,2,lv52,30,GooglePlay,2025-08-11,0,15380},,,
Order Complete (App),,ruby_4,33000,8,조승연,450,GooglePlay,2025-08-04,1123100,57},,,
Order Complete (App),,ads_remove,7700,9,best5sh,200,GooglePlay,2025-08-04,0,3728},,,
Order Complete (App),,ads_remove,7700,1,쑥쑥맨,14,GooglePlay,2025-08-12,0,99999999},,,
Order Complete (App),,ruby_3,11000,8,조승연,449,GooglePlay,2025-08-04,1112100,57},,,
Order Complete (App),,ads_remove,7700,1,매지구름,9,GooglePlay,2025-08-12,0,99999999},,,
Order Complete (App),,ruby_3,11000,5,댕심,82,GooglePlay,2025-08-07,0,8321},,,
Order Complete (App),,ruby_2,6600,8,조승연,449,GooglePlay,2025-08-04,1105500,57},,,
Order Complete (App),,ruby_4,33000,20,qplaying,292,GooglePlay,2025-07-19,50600,1159},,,
Order Complete (App),,ruby_2,6600,4,견받사,121,GooglePlay,2025-08-09,7700,5663},,,
Order Complete (App),,ruby_4,33000,20,qplaying,292,GooglePlay,2025-07-19,17600,1159},,,
Order Complete (App),,ruby_1,1100,21,쿠쿵,447,GooglePlay,2025-07-23,578600,61},,,
Order Complete (App),,ads_remove,7700,1,아왜,31,GooglePlay,2025-08-11,7700,15080},,,
Order Complete (App),,ads_remove,7700,1,아왜,31,GooglePlay,2025-08-11,0,15080},,,
Order Complete (App),,ruby_2,6600,14,이몽타,265,GooglePlay,2025-07-18,34100,2012},,,
Order Complete (App),,ruby_2,6600,8,노조원,197,GooglePlay,2025-08-05,7700,3776},,,
Order Complete (App),,ruby_2,6600,5,김산,128,GooglePlay,2025-08-07,7700,5482},,,
Order Complete (App),,ruby_3,11000,23,라영,288,GooglePlay,2025-07-21,36300,1224},,,
Order Complete (App),,ruby_2,6600,25,김죠,388,GooglePlay,2025-07-19,309100,148},,,
Order Complete (App),,ruby_4,33000,3,무궁,170,GooglePlay,2025-08-10,22000,4890},,,
Order Complete (App),,ruby_5,55000,25,김죠,388,GooglePlay,2025-07-19,254100,148},,,
Order Complete (App),,ruby_2,6600,3,무궁,170,GooglePlay,2025-08-10,15400,4890},,,
Order Complete (App),,ruby_4,33000,25,개근남,527,GooglePlay,2025-07-18,1083500,22},,,
Order Complete (App),,ruby_3,11000,25,개근남,527,GooglePlay,2025-07-18,1072500,22},,,
Order Complete (App),,ads_remove,7700,1,조작,14,GooglePlay,2025-08-11,0,99999999},,,
Order Complete (App),,ruby_3,11000,15,쵸기,292,GooglePlay,2025-07-29,29700,1103},,,
Order Complete (App),,ruby_3,11000,14,누기부기,300,GooglePlay,2025-07-28,99000,1186},,,
Order Complete (App),,ruby_4,33000,5,이순신7,132,GooglePlay,2025-08-07,7700,5337},,,
Order Complete (App),,ruby_4,33000,12,현이티,176,GooglePlay,2025-07-31,7700,4756},,,
Order Complete (App),,ruby_4,33000,3,장골드,138,GooglePlay,2025-08-09,18700,5423},,,
Order Complete (App),,ruby_4,33000,19,rubidu,356,GooglePlay,2025-07-25,121000,403},,,
Order Complete (App),,ruby_4,33000,22,미율,441,OneStore,2025-07-21,482900,69},,,
Order Complete (App),,ruby_4,33000,13,김철호,298,GooglePlay,2025-07-30,31900,1045},,,
Order Complete (App),,ruby_2,6600,13,김철호,290,GooglePlay,2025-07-30,25300,1251},,,
Order Complete (App),,ruby_5,55000,12,이순신표류기,270,GooglePlay,2025-08-01,227700,1703},,,
Order Complete (App),,ruby_3,11000,24,헤롱이,467,GooglePlay,2025-07-20,921800,42},,,
Order Complete (App),,ruby_6,110000,4,saejeong,150,GooglePlay,2025-08-09,117700,5294},,,
Order Complete (App),,ruby_4,33000,24,카리나v,329,GooglePlay,2025-07-18,11000,672},,,
Order Complete (App),,ruby_2,6600,22,낭군,285,GooglePlay,2025-07-19,26400,1569},,,
Order Complete (App),,ads_remove,7700,1,이윤,11,GooglePlay,2025-08-11,0,99999999},,,
Order Complete (App),,ruby_2,6600,4,제천대성1,156,GooglePlay,2025-08-09,7700,5590},,,
Order Complete (App),,ads_remove,7700,1,떡팡,36,GooglePlay,2025-08-11,0,14812},,,
Order Complete (App),,ruby_1,1100,29,아이구,357,OneStore,2025-07-15,9900,1268},,,
Order Complete (App),,ruby_4,33000,8,조승연,448,GooglePlay,2025-08-04,1072500,59},,,
Order Complete (App),,ruby_4,33000,25,개근남,527,GooglePlay,2025-07-18,1039500,21},,,
Order Complete (App),,ads_remove,7700,1,봄여름,14,GooglePlay,2025-08-11,0,99999999},,,
Order Complete (App),,ruby_3,11000,8,조승연,447,GooglePlay,2025-08-04,1061500,59},,,
Order Complete (App),,ruby_3,11000,8,조승연,447,GooglePlay,2025-08-04,1050500,59},,,
Order Complete (App),,ruby_2,6600,6,봄같은나라,239,GooglePlay,2025-08-07,24200,2810},,,
Order Complete (App),,ruby_2,6600,8,조승연,447,GooglePlay,2025-08-04,1043900,59},,,
Order Complete (App),,ruby_3,11000,7,펭구7,285,GooglePlay,2025-08-05,200200,1370},,,
Order Complete (App),,ruby_3,11000,19,들개군단,290,GooglePlay,2025-07-24,73700,1206},,,
Order Complete (App),,ruby_3,11000,22,두율대디,445,GooglePlay,2025-07-22,524700,64},,,
Order Complete (App),,ruby_6,110000,15,암부,629,GooglePlay,2025-07-29,3417700,10},,,
Order Complete (App),,ruby_3,11000,22,두율대디,445,GooglePlay,2025-07-22,513700,64},,,
Order Complete (App),,ruby_3,11000,8,조승연,446,GooglePlay,2025-08-04,1032900,61},,,
Order Complete (App),,ruby_3,11000,22,두율대디,445,GooglePlay,2025-07-22,502700,64},,,
Order Complete (App),,ruby_3,11000,8,조승연,446,GooglePlay,2025-08-04,1021900,61},,,
Order Complete (App),,ruby_4,33000,26,줸줸,456,GooglePlay,2025-07-18,458700,51},,,
Order Complete (App),,ruby_3,11000,18,그루터기,447,GooglePlay,2025-07-26,894300,57},,,
Order Complete (App),,ruby_4,33000,12,musetiro,250,GooglePlay,2025-07-31,7700,2405},,,
Order Complete (App),,ruby_2,6600,2,늦게픽할게,93,GooglePlay,2025-08-11,14300,7002},,,
Order Complete (App),,ruby_3,11000,16,진우서우,428,GooglePlay,2025-07-28,619300,84},,,
Order Complete (App),,ruby_6,110000,7,일본인,349,GooglePlay,2025-08-05,491700,396},,,
Order Complete (App),,ads_remove,7700,1,플러스플러스,9,GooglePlay,2025-08-11,0,99999999},,,
Order Complete (App),,ruby_4,33000,17,허어어니,396,GooglePlay,2025-07-27,291500,123},,,
Order Complete (App),,ruby_3,11000,21,Raid,765,GooglePlay,2025-07-22,3686100,5},,,
Order Complete (App),,ruby_5,55000,4,괴수,188,GooglePlay,2025-08-08,7700,4260},,,
Order Complete (App),,ruby_5,55000,24,talgol,413,GooglePlay,2025-07-20,359700,107},,,
Order Complete (App),,ruby_6,110000,7,일본인,326,GooglePlay,2025-08-05,381700,743},,,
Order Complete (App),,ads_remove,7700,1,천상무도,4,GooglePlay,2025-08-11,0,99999999},,,
Order Complete (App),,ruby_3,11000,11,찬란명화,264,GooglePlay,2025-08-02,14300,2022},,,
Order Complete (App),,ruby_2,6600,17,허어어니,391,GooglePlay,2025-07-27,284900,131},,,
Order Complete (App),,ruby_3,11000,25,절대무적,486,GooglePlay,2025-07-18,658900,28},,,
Order Complete (App),,ruby_3,11000,7,일본인,325,GooglePlay,2025-08-05,381700,790},,,
Order Complete (App),,ruby_3,11000,7,일본인,325,GooglePlay,2025-08-05,359700,790},,,
Order Complete (App),,ruby_4,33000,6,기을낙화,197,GooglePlay,2025-08-07,40700,3729},,,
Order Complete (App),,ruby_4,33000,17,허어어니,391,GooglePlay,2025-07-27,251900,131},,,
Order Complete (App),,ruby_4,33000,26,JJJ0738,605,GooglePlay,2025-07-18,2262700,11},,,
Order Complete (App),,ruby_3,11000,26,JJJ0738,605,GooglePlay,2025-07-18,2251700,11},,,
Order Complete (App),,ruby_6,110000,13,현기증난다고,213,GooglePlay,2025-07-31,18700,3498},,,
Order Complete (App),,ruby_1,1100,10,구미곰탱이,236,GooglePlay,2025-08-02,6600,3010},,,
Order Complete (App),,ruby_1,1100,10,구미곰탱이,236,GooglePlay,2025-08-02,5500,3010},,,
Order Complete (App),,ruby_1,1100,10,구미곰탱이,236,GooglePlay,2025-08-02,3300,3010},,,
Order Complete (App),,ruby_1,1100,10,구미곰탱이,236,GooglePlay,2025-08-02,2200,3010},,,
Order Complete (App),,ruby_1,1100,10,구미곰탱이,236,GooglePlay,2025-08-02,1100,3010},,,
Order Complete (App),,ruby_3,11000,9,오디나무,468,GooglePlay,2025-08-03,1524600,39},,,
Order Complete (App),,ads_remove,7700,1,서초패왕항우,21,GooglePlay,2025-08-11,0,16563},,,
Order Complete (App),,ruby_2,6600,17,허어어니,388,GooglePlay,2025-07-27,245300,142},,,
Order Complete (App),,ruby_2,6600,17,허어어니,388,GooglePlay,2025-07-27,238700,145},,,
Order Complete (App),,ruby_3,11000,17,허어어니,387,GooglePlay,2025-07-27,227700,145},,,
Order Complete (App),,ruby_4,33000,23,베노미,471,OneStore,2025-07-21,1047200,38},,,
Order Complete (App),,ruby_3,11000,14,코리아se스머신,426,GooglePlay,2025-07-30,810700,85},,,
Order Complete (App),,ruby_4,33000,20,aurora,321,OneStore,2025-07-24,106700,865},,,
Order Complete (App),,ruby_2,6600,9,오디나무,468,GooglePlay,2025-08-03,1518000,39},,,
Order Complete (App),,ruby_1,1100,17,아루맘,389,GooglePlay,2025-07-26,213400,168},,,
Order Complete (App),,ruby_3,11000,22,미율,439,OneStore,2025-07-21,449900,71},,,
Order Complete (App),,ruby_1,1100,17,아루맘,389,GooglePlay,2025-07-26,211200,168},,,
Order Complete (App),,ruby_5,55000,8,조승연,440,GooglePlay,2025-08-04,966900,67},,,
Order Complete (App),,ruby_2,6600,4,찐내,118,GooglePlay,2025-08-09,7700,5793},,,
Order Complete (App),,ruby_3,11000,18,소인은,389,GooglePlay,2025-07-26,518100,137},,,
Order Complete (App),,ruby_4,33000,21,Raid,765,GooglePlay,2025-07-22,3653100,5},,,
Order Complete (App),,ruby_1,1100,9,오디나무,467,GooglePlay,2025-08-03,1516900,40},,,
Order Complete (App),,ruby_5,55000,12,쌈쟁이,329,GooglePlay,2025-07-31,590700,682},,,
Order Complete (App),,ruby_5,55000,9,오디나무,467,GooglePlay,2025-08-03,1461900,40},,,
Order Complete (App),,ruby_5,55000,25,태백,480,GooglePlay,2025-07-18,862400,30},,,
Order Complete (App),,ruby_4,33000,12,쌈쟁이,329,GooglePlay,2025-07-31,557700,682},,,
Order Complete (App),,ruby_3,11000,12,쌈쟁이,329,GooglePlay,2025-07-31,546700,682},,,
Order Complete (App),,ruby_2,6600,12,안동댐은찢어,193,GooglePlay,2025-08-01,7700,3808},,,
Order Complete (App),,ads_remove,7700,1,펜로,11,GooglePlay,2025-08-11,0,99999999},,,
Order Complete (App),,ruby_4,33000,24,GC,482,OneStore,2025-07-20,867900,29},,,
Order Complete (App),,ruby_2,6600,25,태백,476,GooglePlay,2025-07-18,855800,34},,,
Order Complete (App),,ruby_3,11000,22,뿌돔,334,GooglePlay,2025-07-21,40700,572},,,
Order Complete (App),,ruby_3,11000,18,앙씨,299,GooglePlay,2025-07-24,18700,1002},,,
Order Complete (App),,ruby_3,11000,22,뿌돔,334,GooglePlay,2025-07-21,29700,572},,,
Order Complete (App),,ruby_3,11000,18,앙씨,299,GooglePlay,2025-07-24,7700,1002},,,
Order Complete (App),,ruby_6,110000,7,조승연,429,GooglePlay,2025-08-04,856900,81},,,
Order Complete (App),,ruby_4,33000,6,펭구7,272,GooglePlay,2025-08-05,167200,1637},,,
Order Complete (App),,ruby_4,33000,24,태백,475,GooglePlay,2025-07-18,822800,34},,,
Order Complete (App),,ruby_1,1100,1,클립,32,OneStore,2025-08-11,2200,14946},,,
Order Complete (App),,ruby_1,1100,1,클립,32,OneStore,2025-08-11,1100,14946},,,
Order Complete (App),,ruby_3,11000,14,유진킴,329,GooglePlay,2025-07-29,112200,651},,,
Order Complete (App),,ruby_1,1100,11,이대길,214,GooglePlay,2025-07-31,7700,3465},,,
Order Complete (App),,ads_remove,7700,5,겨울이좋다,150,GooglePlay,2025-08-07,0,4914},,,
Order Complete (App),,ruby_6,110000,3,린이꾸냥,119,GooglePlay,2025-08-09,40700,6813},,,
Order Complete (App),,ads_remove,7700,2,Zz자고싶다zZ,47,GooglePlay,2025-07-23,0,12682},,,
Order Complete (App),,ads_remove,7700,1,김기모,8,GooglePlay,2025-08-11,0,99999999},,,
Order Complete (App),,ruby_3,11000,10,은짱이,132,GooglePlay,2025-08-02,40700,5755},,,
Order Complete (App),,ads_remove,7700,1,간비드,4,GooglePlay,2025-08-11,0,99999999},,,
Order Complete (App),,ruby_3,11000,23,환상의섬,399,GooglePlay,2025-07-19,378400,121},,,
Order Complete (App),,ruby_5,55000,10,승질승,293,GooglePlay,2025-08-02,100100,1051},,,
Order Complete (App),,ruby_4,33000,25,심대표,465,GooglePlay,2025-07-18,599500,45},,,
Order Complete (App),,ruby_5,55000,22,해일,348,GooglePlay,2025-07-17,245300,413},,,
Order Complete (App),,ruby_3,11000,25,심대표,465,GooglePlay,2025-07-18,599500,45},,,
Order Complete (App),,ruby_2,6600,25,심대표,465,GooglePlay,2025-07-18,581900,45},,,
Order Complete (App),,ruby_3,11000,1,의샬,46,GooglePlay,2025-08-11,0,16549},,,
Order Complete (App),,ads_remove,7700,1,깐지유,57,GooglePlay,2025-08-11,0,12059},,,
Order Complete (App),,ruby_3,11000,21,허허하허,258,GooglePlay,2025-07-17,7700,2739},,,
Order Complete (App),,ads_remove,7700,24,치코리타,291,GooglePlay,2025-07-19,0,1082},,,
Order Complete (App),,ruby_3,11000,2,익주야,91,GooglePlay,2025-08-09,11000,7194},,,
Order Complete (App),,ruby_5,55000,24,복마니1,354,GooglePlay,2025-07-18,216700,412},,,
Order Complete (App),,ruby_3,11000,10,갱민,347,GooglePlay,2025-08-02,524700,412},,,
Order Complete (App),,ruby_3,11000,10,갱민,347,GooglePlay,2025-08-02,502700,412},,,
Order Complete (App),,ads_remove,7700,1,음악캠프,25,GooglePlay,2025-08-11,0,16548},,,
Order Complete (App),,ruby_6,110000,10,갱민,347,GooglePlay,2025-08-02,392700,412},,,
Order Complete (App),,ruby_2,6600,2,현세표루기,94,GooglePlay,2025-08-10,18700,6823},,,
Order Complete (App),,ruby_3,11000,299,전설방패,859,OneStore,2024-10-16,263500,51},,,
Order Complete (App),,ruby_3,11000,3,카후,172,GooglePlay,2025-08-08,117700,4473},,,
Order Complete (App),,ruby_3,11000,7,조승연,428,GooglePlay,2025-08-04,845900,82},,,
Order Complete (App),,ruby_3,11000,1,장상,34,GooglePlay,2025-08-11,7700,16542},,,
Order Complete (App),,ads_remove,7700,1,짜루다,4,GooglePlay,2025-08-11,0,99999999},,,
Order Complete (App),,ruby_2,6600,16,아루맘,385,GooglePlay,2025-07-26,204600,166},,,
Order Complete (App),,ruby_3,11000,16,아루맘,385,GooglePlay,2025-07-26,193600,166},,,
Order Complete (App),,ruby_4,33000,26,덕풍동시라소니,565,GooglePlay,2025-07-16,1746800,15},,,
Order Complete (App),,ruby_3,11000,26,덕풍동시라소니,565,GooglePlay,2025-07-16,1735800,15},,,
Order Complete (App),,ruby_4,33000,295,무과금의교과서,1165,GooglePlay,2024-10-21,10112200,3},,,
Order Complete (App),,ruby_2,6600,4,유부장,226,GooglePlay,2025-08-08,40700,3720},,,
Order Complete (App),,ruby_2,6600,295,무과금의교과서,1165,GooglePlay,2024-10-21,10105600,3},,,
Order Complete (App),,ruby_3,11000,26,덕풍동시라소니,557,GooglePlay,2025-07-16,1724800,15},,,
Order Complete (App),,ruby_6,110000,295,무과금의교과서,1165,GooglePlay,2024-10-21,9995600,3},,,
Order Complete (App),,ads_remove,7700,1,장상,4,GooglePlay,2025-08-11,0,99999999},,,
Order Complete (App),,ruby_3,11000,22,송학림,308,GooglePlay,2025-07-21,18700,925},,,
Order Complete (App),,ruby_6,110000,295,무과금의교과서,1165,GooglePlay,2024-10-21,9885600,3},,,
Order Complete (App),,ruby_3,11000,22,송학림,308,GooglePlay,2025-07-21,7700,925},,,
Order Complete (App),,ruby_3,11000,3,아무뭉,146,GooglePlay,2025-08-08,18700,5127},,,
Order Complete (App),,ruby_5,55000,7,경멸,214,GooglePlay,2025-08-04,7700,3472},,,
Order Complete (App),,ads_remove,7700,1,공반장,51,GooglePlay,2025-08-11,0,12554},,,
Order Complete (App),,ruby_4,33000,25,심대표,465,GooglePlay,2025-07-18,548900,45},,,
Order Complete (App),,ruby_5,55000,26,덕풍동시라소니,551,GooglePlay,2025-07-16,1669800,15},,,
Order Complete (App),,ruby_3,11000,21,안산한량,321,GooglePlay,2025-07-20,7700,793},,,
Order Complete (App),,ruby_3,11000,1,서후랑,25,GooglePlay,2025-08-11,7700,15751},,,
Order Complete (App),,ruby_3,11000,17,그루터기,438,GooglePlay,2025-07-26,883300,78},,,
Order Complete (App),,ruby_3,11000,22,흐물이,348,GooglePlay,2025-07-22,40700,385},,,
Order Complete (App),,ruby_2,6600,4,무진장큰스님,286,GooglePlay,2025-08-08,322300,1249},,,
Order Complete (App),,ruby_3,11000,4,무진장큰스님,286,GooglePlay,2025-08-08,311300,1249},,,
Order Complete (App),,ruby_3,11000,22,수민이,342,GooglePlay,2025-07-21,133100,490},,,
Order Complete (App),,ads_remove,7700,1,서후랑,8,GooglePlay,2025-08-11,0,99999999},,,
Order Complete (App),,ads_remove,7700,1,이딱삼,19,GooglePlay,2025-08-11,0,751},,,
Order Complete (App),,ruby_3,11000,3,아무뭉,133,GooglePlay,2025-08-08,7700,5250},,,
Order Complete (App),,ruby_3,11000,23,초록메뚜기,372,GooglePlay,2025-07-19,122100,211},,,
Order Complete (App),,ads_remove,7700,1,표류하,8,GooglePlay,2025-08-11,0,99999999},,,
Order Complete (App),,ads_remove,7700,1,영영영영,52,GooglePlay,2025-08-06,0,12041},,,
Order Complete (App),,ruby_4,33000,15,꼬꼬무,242,GooglePlay,2025-07-27,40700,2696},,,
Order Complete (App),,ruby_3,11000,23,코란,301,GooglePlay,2025-07-20,7700,980},,,
Order Complete (App),,ads_remove,7700,1,달호99,41,GooglePlay,2025-08-11,0,15158},,,
Order Complete (App),,ruby_4,33000,20,Raid,764,GooglePlay,2025-07-22,3620100,5},,,
Order Complete (App),,ruby_5,55000,20,Raid,764,GooglePlay,2025-07-22,3565100,5},,,
Order Complete (App),,ruby_1,1100,8,위코,233,GooglePlay,2025-08-04,8800,3046},,,
Order Complete (App),,ruby_1,1100,5,이봉주,119,GooglePlay,2025-08-07,7700,5651},,,
Order Complete (App),,ruby_2,6600,5,이봉주,119,GooglePlay,2025-08-07,0,5651},,,
Order Complete (App),,ads_remove,7700,1,김시아,4,GooglePlay,2025-08-11,0,99999999},,,
Order Complete (App),,ruby_4,33000,15,우르르쾅쾅,351,GooglePlay,2025-07-27,517000,402},,,
Order Complete (App),,ads_remove,7700,1,벵에돔,4,GooglePlay,2025-08-11,0,99999999},,,
Order Complete (App),,ads_remove,7700,1,madratto,24,GooglePlay,2025-08-11,0,16129},,,
Order Complete (App),,ruby_1,1100,284,큐브,849,OneStore,2024-10-30,94600,57},,,
Order Complete (App),,ruby_6,110000,14,암부,619,GooglePlay,2025-07-29,3307700,10},,,
Order Complete (App),,ads_remove,7700,1,꺄르47,4,GooglePlay,2025-08-11,0,99999999},,,
Order Complete (App),,ads_remove,7700,1,슬기윤서,26,GooglePlay,2025-08-11,0,16518},,,
Order Complete (App),,ruby_6,110000,14,암부,573,GooglePlay,2025-07-29,3197700,12},,,
Order Complete (App),,ruby_6,110000,14,암부,573,GooglePlay,2025-07-29,3087700,12},,,
Order Complete (App),,ruby_5,55000,24,쟁요,468,GooglePlay,2025-07-19,665500,41},,,
Order Complete (App),,ruby_5,55000,24,쟁요,466,GooglePlay,2025-07-19,610500,41},,,
Order Complete (App),,ruby_3,11000,4,월화낭자,101,GooglePlay,2025-08-08,29700,7140},,,
Order Complete (App),,ads_remove,7700,1,청금석,8,GooglePlay,2025-08-11,0,99999999},,,
Order Complete (App),,ruby_1,1100,8,위코,229,GooglePlay,2025-08-04,7700,3046},,,
Order Complete (App),,ruby_5,55000,13,이야이,465,OneStore,2025-07-30,961400,44},,,
Order Complete (App),,ruby_4,33000,25,방랑검객,411,OneStore,2025-07-17,249700,105},,,
Order Complete (App),,ads_remove,7700,1,포를란,30,GooglePlay,2025-08-11,0,15732},,,
Order Complete (App),,ruby_4,33000,4,유부장,181,GooglePlay,2025-08-08,7700,4211},,,
Order Complete (App),,ruby_3,11000,8,BADA,315,GooglePlay,2025-08-04,421300,832},,,
Order Complete (App),,ruby_2,6600,3,토츠카,112,GooglePlay,2025-08-09,14300,6094},,,
Order Complete (App),,ruby_3,11000,25,심대표,462,GooglePlay,2025-07-18,537900,48},,,
Order Complete (App),,ruby_2,6600,7,탄령,379,GooglePlay,2025-08-05,709500,180},,,
Order Complete (App),,ruby_3,11000,10,국밥맛킷캣,288,GooglePlay,2025-08-02,159500,1136},,,
Order Complete (App),,ruby_4,33000,10,국밥맛킷캣,287,GooglePlay,2025-08-02,126500,1180},,,
Order Complete (App),,ruby_3,11000,20,행수,326,GooglePlay,2025-07-23,45100,698},,,
Order Complete (App),,ruby_6,110000,305,흑천검,1207,GooglePlay,2024-09-28,12809200,1},,,
Order Complete (App),,ruby_4,33000,17,그루터기,429,GooglePlay,2025-07-26,850300,78},,,
Order Complete (App),,ruby_3,11000,9,푸르른달,265,GooglePlay,2025-08-02,57200,1918},,,
Order Complete (App),,ruby_1,1100,17,그루터기,429,GooglePlay,2025-07-26,849200,78},,,
Order Complete (App),,ruby_5,55000,17,그루터기,429,GooglePlay,2025-07-26,794200,78},,,
Order Complete (App),,ruby_4,33000,17,그루터기,429,GooglePlay,2025-07-26,761200,78},,,
Order Complete (App),,ruby_2,6600,22,수민이,327,GooglePlay,2025-07-21,126500,662},,,
Order Complete (App),,ruby_3,11000,4,월암,227,GooglePlay,2025-08-08,188100,3123},,,
Order Complete (App),,ruby_3,11000,18,순간적쾌락,286,GooglePlay,2025-07-24,104500,1222},,,
Order Complete (App),,ads_remove,7700,20,민락,196,GooglePlay,2025-07-19,0,3802},,,
Order Complete (App),,ruby_4,33000,15,당운룡,193,GooglePlay,2025-07-27,40700,3749},,,
Order Complete (App),,ruby_4,33000,13,마늘쫑,285,GooglePlay,2025-07-30,227700,1372},,,
Order Complete (App),,ruby_4,33000,13,마늘쫑,285,GooglePlay,2025-07-30,194700,1372},,,
Order Complete (App),,ruby_4,33000,19,k루인,290,GooglePlay,2025-07-24,95700,1166},,,
Order Complete (App),,ruby_4,33000,20,누나좋아,408,GooglePlay,2025-07-22,730400,109},,,
Order Complete (App),,ruby_4,33000,20,하드,324,GooglePlay,2025-07-23,64900,747},,,
Order Complete (App),,ruby_6,110000,8,금재곱,400,GooglePlay,2025-08-04,1037300,118},,,
Order Complete (App),,ads_remove,7700,1,인천흑곰,11,GooglePlay,2025-08-11,0,99999999},,,
Order Complete (App),,ruby_2,6600,14,무우사무휼,259,GooglePlay,2025-07-29,7700,2033},,,
Order Complete (App),,ruby_1,1100,295,제이드,555,OneStore,2024-10-16,49500,292},,,
Order Complete (App),,ruby_2,6600,1,늦게픽할게,54,GooglePlay,2025-08-11,7700,11290},,,
Order Complete (App),,ruby_4,33000,2,김난신,88,GooglePlay,2025-08-09,40700,7547},,,
Order Complete (App),,ruby_1,1100,275,산나,886,OneStore,2024-10-04,65500,43},,,
Order Complete (App),,ruby_1,1100,275,산나,886,OneStore,2024-10-04,65500,43},,,
Order Complete (App),,ruby_1,1100,275,산나,886,OneStore,2024-10-04,64400,43},,,
Order Complete (App),,ruby_1,1100,275,산나,886,OneStore,2024-10-04,62200,43},,,
Order Complete (App),,ruby_1,1100,275,산나,886,OneStore,2024-10-04,61100,43},,,
Order Complete (App),,ruby_2,6600,6,zenz,342,GooglePlay,2025-08-05,377300,762},,,
Order Complete (App),,ads_remove,7700,1,레이니더크,26,GooglePlay,2025-08-11,0,15566},,,
Order Complete (App),,ruby_3,11000,6,노키,245,GooglePlay,2025-08-06,150700,2875},,,
Order Complete (App),,ruby_1,1100,318,해요,923,OneStore,2024-09-28,33000,30},,,
Order Complete (App),,ruby_3,11000,15,성좌,265,GooglePlay,2025-07-28,11000,1904},,,
Order Complete (App),,ruby_5,55000,6,zenz,330,GooglePlay,2025-08-05,322300,762},,,
Order Complete (App),,ads_remove,7700,1,늦게픽할게,36,GooglePlay,2025-08-11,0,16495},,,
Order Complete (App),,ruby_3,11000,23,하야안,371,GooglePlay,2025-07-20,322300,202},,,
Order Complete (App),,ruby_2,6600,23,하야안,371,GooglePlay,2025-07-20,315700,202},,,
Order Complete (App),,ads_remove,7700,1,쓰엑꾼,5,GooglePlay,2025-08-11,0,99999999},,,
Order Complete (App),,ruby_4,33000,4,전력,151,GooglePlay,2025-08-08,116600,6283},,,
Order Complete (App),,ads_remove,7700,1,곤곤,46,GooglePlay,2025-08-10,0,12767},,,
Order Complete (App),,ruby_3,11000,4,전력,147,GooglePlay,2025-08-08,105600,6283},,,
Order Complete (App),,ads_remove,7700,16,삳즙,229,GooglePlay,2025-07-27,0,3024},,,
Order Complete (App),,ruby_2,6600,12,담온누리,231,GooglePlay,2025-07-30,7700,3107},,,
Order Complete (App),,ruby_3,11000,13,roki,331,GooglePlay,2025-07-30,239800,559},,,
Order Complete (App),,ruby_3,11000,21,나는동동,247,GooglePlay,2025-07-20,53900,2738},,,
Order Complete (App),,ruby_3,11000,12,손도이,285,GooglePlay,2025-07-31,73700,1508},,,
Order Complete (App),,ruby_4,33000,2,아스트로스,37,GooglePlay,2025-08-10,7700,14992},,,
Order Complete (App),,ruby_3,11000,7,기분풀자,185,GooglePlay,2025-08-05,7700,4138},,,
Order Complete (App),,ruby_1,1100,309,악귀강림,584,OneStore,2024-09-29,34900,235},,,
Order Complete (App),,ruby_1,1100,309,악귀강림,584,OneStore,2024-09-29,33800,235},,,
Order Complete (App),,ruby_1,1100,309,악귀강림,584,OneStore,2024-09-29,32700,235},,,
Order Complete (App),,ruby_3,11000,26,부가땅,347,GooglePlay,2025-07-17,185900,403},,,
Order Complete (App),,ruby_2,6600,26,부가땅,347,GooglePlay,2025-07-17,179300,403},,,
Order Complete (App),,ruby_1,1100,2,난세마왕,71,GooglePlay,2025-08-10,7700,8914},,,
Order Complete (App),,ruby_2,6600,2,난세마왕,71,GooglePlay,2025-08-10,0,8914},,,
Order Complete (App),,ruby_4,33000,1,안동김씨,84,GooglePlay,2025-08-10,40700,8498},,,
Order Complete (App),,ruby_3,11000,14,쵸기,285,GooglePlay,2025-07-29,18700,1288},,,
Order Complete (App),,ruby_3,11000,14,쵸기,285,GooglePlay,2025-07-29,7700,1288},,,
Order Complete (App),,ruby_1,1100,7,돌굴러가유,212,GooglePlay,2025-08-04,78100,3551},,,
Order Complete (App),,ruby_1,1100,7,돌굴러가유,212,GooglePlay,2025-08-04,77000,3551},,,
Order Complete (App),,ruby_1,1100,7,돌굴러가유,212,GooglePlay,2025-08-04,75900,3551},,,
Order Complete (App),,ruby_5,55000,11,이순신표류기,255,GooglePlay,2025-08-01,172700,2149},,,
Order Complete (App),,ruby_1,1100,7,돌굴러가유,212,GooglePlay,2025-08-04,73700,3551},,,
Order Complete (App),,ruby_1,1100,7,돌굴러가유,212,GooglePlay,2025-08-04,72600,3551},,,
Order Complete (App),,ruby_4,33000,7,돌굴러가유,212,GooglePlay,2025-08-04,39600,3551},,,
Order Complete (App),,ruby_3,11000,19,다흙,276,GooglePlay,2025-07-23,7700,1425},,,
Order Complete (App),,ruby_2,6600,10,나노머신,266,GooglePlay,2025-08-01,53900,1817},,,
Order Complete (App),,ruby_4,33000,20,누나좋아,394,GooglePlay,2025-07-22,697400,126},,,
Order Complete (App),,ruby_2,6600,10,나노머신,265,GooglePlay,2025-08-01,47300,2034},,,
Order Complete (App),,ruby_6,110000,25,심대표,451,GooglePlay,2025-07-18,427900,52},,,
Order Complete (App),,ruby_3,11000,15,톰달,284,GooglePlay,2025-07-28,122100,1423},,,
Order Complete (App),,ads_remove,7700,16,망고트리,229,GooglePlay,2025-07-26,0,3007},,,
Order Complete (App),,ruby_5,55000,13,코리아se스머신,401,GooglePlay,2025-07-30,755700,120},,,
Order Complete (App),,ruby_5,55000,13,코리아se스머신,401,GooglePlay,2025-07-30,700700,120},,,
Order Complete (App),,ruby_3,11000,20,소시미,298,GooglePlay,2025-07-22,18700,914},,,
Order Complete (App),,ruby_3,11000,20,소시미,298,GooglePlay,2025-07-22,7700,914},,,
Order Complete (App),,ruby_1,1100,11,도라에몽표류기,350,GooglePlay,2025-08-01,300300,346},,,
Order Complete (App),,ruby_1,1100,7,조승연,414,GooglePlay,2025-08-04,845900,99},,,
Order Complete (App),,ruby_1,1100,7,조승연,414,GooglePlay,2025-08-04,843700,99},,,
Order Complete (App),,ruby_1,1100,7,조승연,414,GooglePlay,2025-08-04,842600,99},,,
Order Complete (App),,ruby_1,1100,1,구탄,41,GooglePlay,2025-08-10,7700,13623},,,
Order Complete (App),,ruby_2,6600,1,구탄,41,GooglePlay,2025-08-10,0,13623},,,
Order Complete (App),,ruby_1,1100,23,광따,446,GooglePlay,2025-07-20,467500,58},,,
Order Complete (App),,ruby_3,11000,23,초록메뚜기,367,GooglePlay,2025-07-19,111100,235},,,
Order Complete (App),,ruby_3,11000,4,매혹,165,GooglePlay,2025-08-08,18700,4689},,,
Order Complete (App),,ruby_3,11000,25,텐프로,388,GooglePlay,2025-07-18,304700,141},,,
Order Complete (App),,ruby_4,33000,7,조승연,383,GooglePlay,2025-08-04,809600,162},,,
Order Complete (App),,ruby_4,33000,10,조메기,340,GooglePlay,2025-08-02,350900,461},,,
Order Complete (App),,ruby_4,33000,6,펭구7,266,GooglePlay,2025-08-05,134200,2076},,,
Order Complete (App),,ruby_1,1100,10,조메기,340,GooglePlay,2025-08-02,349800,461},,,
Order Complete (App),,ruby_4,33000,10,조메기,340,GooglePlay,2025-08-02,316800,461},,,
Order Complete (App),,ruby_2,6600,21,태승,285,GooglePlay,2025-07-22,19800,1278},,,
Order Complete (App),,ruby_1,1100,21,태승,285,GooglePlay,2025-07-22,18700,1278},,,
Order Complete (App),,ruby_4,33000,10,조메기,340,GooglePlay,2025-08-02,283800,461},,,
Order Complete (App),,ruby_3,11000,20,장수척준경,389,GooglePlay,2025-07-22,455400,131},,,
Order Complete (App),,ruby_3,11000,20,장수척준경,389,GooglePlay,2025-07-22,433400,131},,,
Order Complete (App),,ruby_1,1100,20,장수척준경,389,GooglePlay,2025-07-22,432300,131},,,
Order Complete (App),,ruby_3,11000,11,IPZA,287,GooglePlay,2025-07-31,40700,1326},,,
Order Complete (App),,ruby_4,33000,26,권대훈,354,GooglePlay,2025-07-17,49500,298},,,
Order Complete (App),,ruby_3,11000,7,조승연,369,GooglePlay,2025-08-04,798600,237},,,
Order Complete (App),,ruby_4,33000,7,조승연,369,GooglePlay,2025-08-04,765600,237},,,
Order Complete (App),,ruby_4,33000,20,장수척준경,376,GooglePlay,2025-07-22,399300,175},,,
Order Complete (App),,ruby_4,33000,20,장수척준경,376,GooglePlay,2025-07-22,366300,175},,,
Order Complete (App),,ruby_4,33000,7,조승연,367,GooglePlay,2025-08-04,732600,237},,,
Order Complete (App),,ruby_4,33000,20,장수척준경,376,GooglePlay,2025-07-22,333300,175},,,
Order Complete (App),,ruby_4,33000,20,장수척준경,376,GooglePlay,2025-07-22,300300,175},,,
Order Complete (App),,ruby_6,110000,7,조승연,366,GooglePlay,2025-08-04,622600,249},,,
Order Complete (App),,ruby_1,1100,1,bongja,26,GooglePlay,2025-08-10,7700,16086},,,
Order Complete (App),,ruby_2,6600,17,lokoko,237,GooglePlay,2025-07-22,6600,2911},,,
Order Complete (App),,ruby_2,6600,1,bongja,26,GooglePlay,2025-08-10,0,16086},,,
Order Complete (App),,ruby_4,33000,20,장수척준경,376,GooglePlay,2025-07-22,267300,175},,,
Order Complete (App),,ads_remove,7700,1,단호하게,15,GooglePlay,2025-08-10,0,99999999},,,
Order Complete (App),,ruby_4,33000,20,장수척준경,376,GooglePlay,2025-07-22,234300,175},,,
Order Complete (App),,ruby_3,11000,7,조승연,361,GooglePlay,2025-08-04,611600,267},,,
Order Complete (App),,ruby_3,11000,7,조승연,356,GooglePlay,2025-08-04,600600,288},,,
Order Complete (App),,ruby_4,33000,1,안동김씨,57,GooglePlay,2025-08-10,7700,11143},,,
Order Complete (App),,ruby_4,33000,14,일해라정차장,388,GooglePlay,2025-07-29,503800,144},,,
Order Complete (App),,ruby_6,110000,20,Raid,755,GooglePlay,2025-07-22,3455100,5},,,
Order Complete (App),,ruby_4,33000,14,일해라정차장,388,GooglePlay,2025-07-29,470800,144},,,
Order Complete (App),,ruby_3,11000,4,무진장큰스님,265,GooglePlay,2025-08-08,300300,1880},,,
Order Complete (App),,ruby_5,55000,4,무진장큰스님,265,GooglePlay,2025-08-08,245300,1880},,,
Order Complete (App),,ruby_4,33000,7,조승연,350,GooglePlay,2025-08-04,567600,379},,,
Order Complete (App),,ruby_3,11000,7,조승연,348,GooglePlay,2025-08-04,556600,379},,,
Order Complete (App),,ads_remove,7700,1,안동김씨,24,GooglePlay,2025-08-10,0,16467},,,
Order Complete (App),,ruby_1,1100,8,조엘,312,GooglePlay,2025-08-04,211200,802},,,
Order Complete (App),,ruby_2,6600,15,진우서우,414,GooglePlay,2025-07-28,612700,93},,,
Order Complete (App),,ads_remove,7700,17,내옆에공시리,192,GooglePlay,2025-07-25,0,3951},,,
Order Complete (App),,ads_remove,7700,1,좀비난세,7,GooglePlay,2025-08-10,0,99999999},,,
Order Complete (App),,ruby_4,33000,25,민들레옹,377,GooglePlay,2025-07-18,128700,182},,,
Order Complete (App),,ruby_3,11000,8,리세3,296,GooglePlay,2025-08-04,74800,921},,,
Order Complete (App),,ruby_3,11000,24,비스트롱,431,GooglePlay,2025-07-19,187000,73},,,
Order Complete (App),,ruby_2,6600,25,일주일만,441,GooglePlay,2025-07-18,488400,63},,,
Order Complete (App),,ruby_3,11000,8,조엘,305,GooglePlay,2025-08-04,200200,861},,,
Order Complete (App),,ruby_3,11000,16,허어어니,376,GooglePlay,2025-07-27,216700,173},,,
Order Complete (App),,ruby_3,11000,24,태백,471,GooglePlay,2025-07-18,822800,36},,,
Order Complete (App),,ruby_3,11000,24,태백,471,GooglePlay,2025-07-18,800800,36},,,
Order Complete (App),,ruby_4,33000,18,기모찌맨,301,GooglePlay,2025-07-24,51700,866},,,
Order Complete (App),,ruby_1,1100,9,란타,138,GooglePlay,2025-08-02,7700,5327},,,
Order Complete (App),,ruby_2,6600,9,란타,138,GooglePlay,2025-08-02,0,5327},,,
Order Complete (App),,ruby_3,11000,20,장수척준경,367,GooglePlay,2025-07-22,234300,226},,,
Order Complete (App),,ruby_4,33000,20,장수척준경,367,GooglePlay,2025-07-22,190300,226},,,
Order Complete (App),,ruby_1,1100,24,태백,468,GooglePlay,2025-07-18,799700,36},,,
Order Complete (App),,ruby_5,55000,24,태백,468,GooglePlay,2025-07-18,744700,36},,,
Order Complete (App),,ruby_3,11000,6,일본인,288,GooglePlay,2025-08-05,359700,1083},,,
Order Complete (App),,ruby_3,11000,7,탄령,370,GooglePlay,2025-08-05,698500,201},,,
Order Complete (App),,ruby_3,11000,20,꽃설,384,GooglePlay,2025-07-22,495000,169},,,
Order Complete (App),,ruby_1,1100,286,엘리트와룡,838,OneStore,2024-10-30,533200,63},,,
Order Complete (App),,ruby_3,11000,24,국산뽀또,437,GooglePlay,2025-07-17,354200,64},,,
Order Complete (App),,ruby_1,1100,283,큐브,849,OneStore,2024-10-30,93500,57},,,
Order Complete (App),,ruby_4,33000,13,디에러귱,228,GooglePlay,2025-07-29,7700,3029},,,
Order Complete (App),,ruby_3,11000,11,이만냥,285,GooglePlay,2025-07-30,60500,1253},,,
Order Complete (App),,ruby_3,11000,11,이만냥,285,GooglePlay,2025-07-30,49500,1253},,,
Order Complete (App),,ruby_3,11000,4,캐캐모모,281,GooglePlay,2025-08-06,262900,1429},,,
Order Complete (App),,ruby_1,1100,24,마갈곤,347,GooglePlay,2025-07-17,59400,354},,,
Order Complete (App),,ads_remove,7700,1,레몬즈,54,GooglePlay,2025-08-09,0,11435},,,
Order Complete (App),,ruby_2,6600,24,줸줸,450,GooglePlay,2025-07-18,452100,52},,,
Order Complete (App),,ruby_5,55000,19,국뿅,458,GooglePlay,2025-07-23,562100,46},,,
Order Complete (App),,ruby_3,11000,7,르무르,238,GooglePlay,2025-08-04,78100,2718},,,
Order Complete (App),,ruby_3,11000,23,개근남,500,GooglePlay,2025-07-18,1028500,23},,,
Order Complete (App),,ads_remove,7700,1,탄수화물,37,GooglePlay,2025-08-10,0,14321},,,
Order Complete (App),,ruby_4,33000,9,바우능,253,GooglePlay,2025-07-29,69300,2133},,,
Order Complete (App),,ruby_3,11000,10,굴비사마,324,GooglePlay,2025-08-01,102300,689},,,
Order Complete (App),,ads_remove,7700,1,콩홍홍,45,GooglePlay,2025-08-10,0,13192},,,
Order Complete (App),,ruby_4,33000,20,hun,226,GooglePlay,2025-07-21,95700,3110},,,
Order Complete (App),,ruby_2,6600,13,공명,247,GooglePlay,2025-07-29,7700,2423},,,
Order Complete (App),,ads_remove,7700,1,익산간다아,15,GooglePlay,2025-08-10,0,99999999},,,
Order Complete (App),,ruby_2,6600,1,무궁,91,GooglePlay,2025-08-10,8800,7394},,,
Order Complete (App),,ruby_2,6600,23,비스트롱,428,GooglePlay,2025-07-19,180400,73},,,
Order Complete (App),,ruby_2,6600,1,국립중앙박물관,24,GooglePlay,2025-08-10,7700,16438},,,
Order Complete (App),,ruby_1,1100,1,국립중앙박물관,24,GooglePlay,2025-08-10,0,16438},,,
Order Complete (App),,ruby_1,1100,1,무사미쯔,28,GooglePlay,2025-08-10,7700,16438},,,
Order Complete (App),,ruby_2,6600,1,무사미쯔,28,GooglePlay,2025-08-10,0,16438},,,
Order Complete (App),,ruby_2,6600,7,르무르,236,GooglePlay,2025-08-04,71500,2837},,,
Order Complete (App),,ruby_3,11000,4,창제,187,GooglePlay,2025-08-07,40700,4242},,,
Order Complete (App),,ruby_2,6600,4,창제,176,GooglePlay,2025-08-07,34100,4242},,,
Order Complete (App),,ruby_3,11000,24,그것이섯다,386,GooglePlay,2025-07-18,755700,136},,,
Order Complete (App),,ruby_5,55000,19,국뿅,452,GooglePlay,2025-07-23,507100,50},,,
Order Complete (App),,ads_remove,7700,9,9저씨,176,GooglePlay,2025-08-02,0,4236},,,
Order Complete (App),,ruby_3,11000,25,엉망,716,GooglePlay,2025-07-17,2704900,6},,,
Order Complete (App),,ruby_1,1100,4,suhyeon,267,GooglePlay,2025-08-06,133100,1709},,,
Order Complete (App),,ruby_2,6600,4,suhyeon,267,GooglePlay,2025-08-06,125400,1709},,,
Order Complete (App),,ruby_2,6600,4,suhyeon,267,GooglePlay,2025-08-06,118800,1709},,,
Order Complete (App),,ruby_4,33000,10,쌈쟁이,301,GooglePlay,2025-07-31,513700,853},,,
Order Complete (App),,ruby_2,6600,4,suhyeon,267,GooglePlay,2025-08-06,112200,1709},,,
Order Complete (App),,ruby_2,6600,1,센강,44,GooglePlay,2025-08-10,7700,16039},,,
Order Complete (App),,ruby_4,33000,1,물수건,24,GooglePlay,2025-08-10,7700,16427},,,
Order Complete (App),,ads_remove,7700,1,물수건,21,GooglePlay,2025-08-10,0,16427},,,
Order Complete (App),,ads_remove,7700,1,센강,26,GooglePlay,2025-08-10,0,16039},,,
Order Complete (App),,ruby_3,11000,14,히스님,218,GooglePlay,2025-07-28,7700,3337},,,
Order Complete (App),,ruby_3,11000,19,쿠쿵,440,GooglePlay,2025-07-23,578600,61},,,
Order Complete (App),,ruby_3,11000,19,쿠쿵,440,GooglePlay,2025-07-23,556600,61},,,
Order Complete (App),,ruby_3,11000,1,곡풍,25,GooglePlay,2025-08-10,0,16424},,,
Order Complete (App),,ruby_5,55000,5,노키,179,GooglePlay,2025-08-06,95700,4243},,,
Order Complete (App),,ruby_1,1100,8,꽃방블루스,236,GooglePlay,2025-08-03,29700,2777},,,
Order Complete (App),,ruby_3,11000,8,골고리,190,GooglePlay,2025-08-03,18700,3786},,,
Order Complete (App),,ruby_1,1100,8,꽃방블루스,236,GooglePlay,2025-08-03,28600,2777},,,
Order Complete (App),,ruby_5,55000,10,쌈쟁이,301,GooglePlay,2025-07-31,458700,943},,,
Order Complete (App),,ruby_5,55000,5,노키,175,GooglePlay,2025-08-06,40700,4300},,,
Order Complete (App),,ruby_2,6600,2,으니,69,GooglePlay,2025-08-09,1100,10217},,,
Order Complete (App),,ruby_3,11000,24,세이러브,350,GooglePlay,2025-07-18,124300,323},,,
Order Complete (App),,ruby_1,1100,2,으니,67,GooglePlay,2025-08-09,0,10217},,,
Order Complete (App),,ruby_6,110000,23,사랑잉,470,GooglePlay,2025-07-19,986700,32},,,
Order Complete (App),,ruby_3,11000,1,현세표루기,46,GooglePlay,2025-08-10,7700,13562},,,
Order Complete (App),,ruby_6,110000,23,사랑잉,470,GooglePlay,2025-07-19,876700,32},,,
Order Complete (App),,ads_remove,7700,10,기무민섭,213,GooglePlay,2025-08-01,0,3355},,,
Order Complete (App),,ruby_5,55000,22,태굥,345,GooglePlay,2025-07-19,40700,387},,,
Order Complete (App),,ads_remove,7700,1,썩소당당당당,33,GooglePlay,2025-08-10,0,15337},,,
Order Complete (App),,ruby_3,11000,2,하듀쀼,150,GooglePlay,2025-08-09,30800,4720},,,
Order Complete (App),,ruby_1,1100,1,무궁,76,GooglePlay,2025-08-10,7700,9005},,,
Order Complete (App),,ruby_4,33000,23,JMG,351,GooglePlay,2025-07-19,154000,320},,,
Order Complete (App),,ruby_3,11000,2,카후,137,GooglePlay,2025-08-08,106700,5066},,,
Order Complete (App),,ruby_3,11000,24,동광,309,GooglePlay,2025-07-18,110000,883},,,
Order Complete (App),,ruby_3,11000,16,그루터기,425,GooglePlay,2025-07-26,750200,83},,,
Order Complete (App),,ruby_4,33000,23,JMG,351,GooglePlay,2025-07-19,121000,320},,,
Order Complete (App),,ruby_3,11000,16,그루터기,418,GooglePlay,2025-07-26,739200,87},,,
Order Complete (App),,ruby_5,55000,14,곰표,411,GooglePlay,2025-07-22,546700,96},,,
Order Complete (App),,ruby_5,55000,16,그루터기,400,GooglePlay,2025-07-26,684200,123},,,
Order Complete (App),,ads_remove,7700,1,서버선택,43,GooglePlay,2025-08-09,0,13555},,,
Order Complete (App),,ruby_1,1100,16,그루터기,400,GooglePlay,2025-07-26,683100,123},,,
Order Complete (App),,ruby_4,33000,24,도재,396,GooglePlay,2025-07-18,220000,105},,,
Order Complete (App),,ads_remove,7700,1,신민규,46,GooglePlay,2025-08-10,0,13419},,,
Order Complete (App),,ruby_4,33000,11,오쭌쭌이,267,GooglePlay,2025-07-31,102300,1832},,,
Order Complete (App),,ruby_4,33000,24,도재,392,GooglePlay,2025-07-18,187000,114},,,
Order Complete (App),,ruby_1,1100,21,안양잠룡,305,GooglePlay,2025-07-20,29700,821},,,
Order Complete (App),,ruby_4,33000,16,그루터기,387,GooglePlay,2025-07-26,650100,128},,,
Order Complete (App),,ruby_4,33000,16,그루터기,387,GooglePlay,2025-07-26,617100,128},,,
Order Complete (App),,ads_remove,7700,1,최찬비,19,GooglePlay,2025-08-10,0,99999999},,,
Order Complete (App),,ruby_4,33000,16,그루터기,387,GooglePlay,2025-07-26,584100,128},,,
Order Complete (App),,ads_remove,7700,1,아스트로스,8,GooglePlay,2025-08-10,0,99999999},,,
Order Complete (App),,ruby_4,33000,6,조승연,340,GooglePlay,2025-08-04,523600,425},,,
Order Complete (App),,ruby_4,33000,7,삥쭈,331,GooglePlay,2025-08-04,569800,652},,,
Order Complete (App),,ads_remove,7700,2,새콤달콤짱,50,GooglePlay,2025-08-09,0,12251},,,
Order Complete (App),,ruby_3,11000,1,익주야,41,GooglePlay,2025-08-09,0,14068},,,
Order Complete (App),,ruby_2,6600,5,태힝,59,GooglePlay,2025-08-06,0,10903},,,
Order Complete (App),,ruby_5,55000,15,nambupas,254,GooglePlay,2025-07-27,7700,2068},,,
Order Complete (App),,ads_remove,7700,1,쿠크다스바삭,11,GooglePlay,2025-08-10,0,99999999},,,
Order Complete (App),,ruby_3,11000,6,조승연,334,GooglePlay,2025-08-04,512600,464},,,
Order Complete (App),,ruby_5,55000,11,오쭌쭌이,256,GooglePlay,2025-07-31,47300,2015},,,
Order Complete (App),,ads_remove,7700,1,현세표루기,5,GooglePlay,2025-08-10,0,99999999},,,
Order Complete (App),,ruby_5,55000,2,데카,150,GooglePlay,2025-08-08,73700,5809},,,
Order Complete (App),,ruby_2,6600,23,쟁요,464,GooglePlay,2025-07-19,603900,42},,,
Order Complete (App),,ruby_2,6600,6,탄령,366,GooglePlay,2025-08-05,691900,227},,,
Order Complete (App),,ruby_4,33000,23,비스트롱,419,GooglePlay,2025-07-19,147400,86},,,
Order Complete (App),,ruby_4,33000,2,데카,116,GooglePlay,2025-08-08,40700,5809},,,
Order Complete (App),,ruby_1,1100,23,비스트롱,419,GooglePlay,2025-07-19,146300,86},,,
Order Complete (App),,ruby_1,1100,21,안양잠룡,305,GooglePlay,2025-07-20,28600,813},,,
Order Complete (App),,ruby_1,1100,4,봄같은나라,197,GooglePlay,2025-08-07,23100,3716},,,
Order Complete (App),,ruby_1,1100,21,안양잠룡,305,GooglePlay,2025-07-20,27500,813},,,
Order Complete (App),,ruby_2,6600,4,봄같은나라,197,GooglePlay,2025-08-07,16500,3716},,,
Order Complete (App),,ruby_3,11000,23,비스트롱,418,GooglePlay,2025-07-19,135300,86},,,
Order Complete (App),,ruby_4,33000,4,기을낙화,119,GooglePlay,2025-08-07,7700,5544},,,
Order Complete (App),,ruby_3,11000,3,월암,210,GooglePlay,2025-08-08,177100,3410},,,
Order Complete (App),,ruby_2,6600,6,탄령,365,GooglePlay,2025-08-05,685300,239},,,
Order Complete (App),,ruby_3,11000,6,탄령,365,GooglePlay,2025-08-05,674300,239},,,
Order Complete (App),,ruby_5,55000,3,월암,210,GooglePlay,2025-08-08,122100,3510},,,
Order Complete (App),,ads_remove,7700,1,매화난무,20,GooglePlay,2025-08-09,0,99999999},,,
Order Complete (App),,ruby_4,33000,6,탄령,365,GooglePlay,2025-08-05,641300,239},,,
Order Complete (App),,ruby_3,11000,1,장골드,63,GooglePlay,2025-08-09,7700,11598},,,
Order Complete (App),,ruby_6,110000,26,대머리강서구,661,GooglePlay,2025-07-16,2020700,8},,,
Order Complete (App),,ruby_4,33000,13,국이,368,GooglePlay,2025-07-29,579700,227},,,
Order Complete (App),,ruby_2,6600,5,깅강,117,GooglePlay,2025-08-06,7700,5806},,,
Order Complete (App),,ruby_6,110000,7,금재곱,387,GooglePlay,2025-08-04,927300,132},,,
Order Complete (App),,ads_remove,7700,1,러네,11,GooglePlay,2025-08-10,0,99999999},,,
Order Complete (App),,ruby_6,110000,14,바삭,285,GooglePlay,2025-07-27,7700,1279},,,
Order Complete (App),,ruby_3,11000,3,월암,195,GooglePlay,2025-08-08,122100,3710},,,
Order Complete (App),,ruby_3,11000,3,월암,195,GooglePlay,2025-08-08,100100,3710},,,
Order Complete (App),,ruby_4,33000,3,월암,195,GooglePlay,2025-08-08,67100,3710},,,
Order Complete (App),,ads_remove,7700,18,kjerry12,196,GooglePlay,2025-07-23,0,3581},,,
Order Complete (App),,ads_remove,7700,1,구망,9,GooglePlay,2025-08-10,0,99999999},,,
Order Complete (App),,ruby_3,11000,23,비스트롱,414,GooglePlay,2025-07-19,124300,89},,,
Order Complete (App),,ruby_6,110000,3,무진장큰스님,210,GooglePlay,2025-08-08,135300,3523},,,
Order Complete (App),,ruby_3,11000,23,비스트롱,414,GooglePlay,2025-07-19,113300,89},,,
Order Complete (App),,ruby_1,1100,4,양관식,93,GooglePlay,2025-08-07,7700,6677},,,
Order Complete (App),,ruby_2,6600,4,양관식,93,GooglePlay,2025-08-07,0,6677},,,
Order Complete (App),,ruby_5,55000,19,누나좋아,381,GooglePlay,2025-07-22,642400,145},,,
Order Complete (App),,ads_remove,7700,1,VocaL,51,GooglePlay,2025-08-10,0,11895},,,
Order Complete (App),,ads_remove,7700,1,무궁,27,GooglePlay,2025-08-10,0,15810},,,
Order Complete (App),,ads_remove,7700,1,이화림,14,GooglePlay,2025-08-09,0,99999999},,,
Order Complete (App),,ruby_2,6600,2,토츠카,87,GooglePlay,2025-08-09,7700,8586},,,
Order Complete (App),,ruby_4,33000,16,그루터기,381,GooglePlay,2025-07-26,551100,162},,,
Order Complete (App),,ads_remove,7700,1,헤카,6,GooglePlay,2025-08-10,0,99999999},,,
Order Complete (App),,ruby_1,1100,8,탕아,156,GooglePlay,2025-08-03,7700,4629},,,
Order Complete (App),,ruby_2,6600,8,탕아,156,GooglePlay,2025-08-03,0,4629},,,
Order Complete (App),,ads_remove,7700,15,원소,272,GooglePlay,2025-07-27,0,1441},,,
Order Complete (App),,ruby_4,33000,16,그루터기,377,GooglePlay,2025-07-26,518100,162},,,
Order Complete (App),,ruby_2,6600,7,조엘,295,GooglePlay,2025-08-04,193600,892},,,
Order Complete (App),,ruby_3,11000,8,도또또,210,GooglePlay,2025-08-03,14300,3441},,,
Order Complete (App),,ruby_3,11000,11,이쏘지,277,GooglePlay,2025-07-30,102300,1795},,,
Order Complete (App),,ruby_3,11000,20,미율,427,OneStore,2025-07-21,438900,75},,,
Order Complete (App),,ruby_4,33000,3,무진장큰스님,186,GooglePlay,2025-08-08,102300,4262},,,
Order Complete (App),,ruby_1,1100,1,직군,35,GooglePlay,2025-08-10,7700,14344},,,
Order Complete (App),,ruby_2,6600,1,직군,35,GooglePlay,2025-08-10,0,14344},,,
Order Complete (App),,ruby_2,6600,11,이쏘지,266,GooglePlay,2025-07-30,95700,1795},,,
Order Complete (App),,ruby_6,110000,19,꽃설,371,GooglePlay,2025-07-22,385000,178},,,
Order Complete (App),,ruby_4,33000,11,이쏘지,265,GooglePlay,2025-07-30,62700,1795},,,
Order Complete (App),,ruby_2,6600,2,오예유,71,GooglePlay,2025-08-09,6600,9595},,,
Order Complete (App),,ruby_2,6600,2,오예유,71,GooglePlay,2025-08-09,0,9595},,,
Order Complete (App),,ruby_3,11000,11,관측불능,133,GooglePlay,2025-07-31,7700,5169},,,
Order Complete (App),,ruby_4,33000,8,jjiny,175,GooglePlay,2025-08-03,18700,4258},,,
Order Complete (App),,ruby_3,11000,4,노천재,41,GooglePlay,2025-08-05,0,14995},,,
Order Complete (App),,ruby_3,11000,11,이쏘지,257,GooglePlay,2025-07-30,51700,1960},,,
Order Complete (App),,ruby_5,55000,12,오비이락,294,GooglePlay,2025-07-30,29700,897},,,
Order Complete (App),,ruby_6,110000,9,소담소민,569,GooglePlay,2025-08-01,4180000,11},,,
Order Complete (App),,ads_remove,7700,1,밀천,6,GooglePlay,2025-08-10,0,99999999},,,
Order Complete (App),,ruby_3,11000,1,갠플,31,GooglePlay,2025-08-10,18700,15065},,,
Order Complete (App),,ruby_3,11000,1,갠플,31,GooglePlay,2025-08-10,7700,15065},,,
Order Complete (App),,ruby_3,11000,24,심대표,446,GooglePlay,2025-07-18,416900,56},,,
Order Complete (App),,ruby_6,110000,7,삥쭈,307,GooglePlay,2025-08-04,459800,891},,,
Order Complete (App),,ads_remove,7700,1,갠플,8,GooglePlay,2025-08-10,0,99999999},,,
Order Complete (App),,ruby_3,11000,17,duha,325,GooglePlay,2025-07-25,107800,633},,,
Order Complete (App),,ruby_1,1100,17,duha,325,GooglePlay,2025-07-25,95700,633},,,
Order Complete (App),,ruby_4,33000,11,이쏘지,254,GooglePlay,2025-07-30,18700,2292},,,
Order Complete (App),,ruby_4,33000,308,파인트뤼,1047,OneStore,2024-10-07,3971200,7},,,
Order Complete (App),,ruby_3,11000,5,창2,150,GooglePlay,2025-08-05,18700,4661},,,
Order Complete (App),,ruby_3,11000,11,이쏘지,251,GooglePlay,2025-07-30,7700,2292},,,
Order Complete (App),,ads_remove,7700,1,장골드,17,GooglePlay,2025-08-09,0,99999999},,,
Order Complete (App),,ruby_2,6600,1,켈리,45,GooglePlay,2025-08-09,7700,15964},,,
Order Complete (App),,ruby_4,33000,9,갱민,332,GooglePlay,2025-08-02,359700,472},,,
Order Complete (App),,ads_remove,7700,1,난세환웅,2,GooglePlay,2025-08-09,0,99999999},,,
Order Complete (App),,ruby_1,1100,11,잉어킹2,254,GooglePlay,2025-07-31,20900,2061},,,
Order Complete (App),,ruby_1,1100,307,카오스,896,OneStore,2024-10-08,26800,38},,,
Order Complete (App),,ruby_4,33000,6,맥가이버,148,GooglePlay,2025-08-05,44000,4761},,,
Order Complete (App),,ads_remove,7700,1,켈리,24,GooglePlay,2025-08-09,0,15964},,,
Order Complete (App),,ruby_3,11000,2,딸박사,26,GooglePlay,2025-08-09,0,16351},,,
Order Complete (App),,ruby_5,55000,3,무진장큰스님,142,GooglePlay,2025-08-08,47300,4906},,,
Order Complete (App),,ruby_1,1100,25,왕배,349,GooglePlay,2025-07-17,151800,298},,,
Order Complete (App),,ruby_1,1100,25,왕배,349,GooglePlay,2025-07-17,149600,298},,,
Order Complete (App),,ruby_3,11000,7,조엘,293,GooglePlay,2025-08-04,182600,902},,,
Order Complete (App),,ruby_6,110000,25,왕배,349,GooglePlay,2025-07-17,39600,298},,,
Order Complete (App),,ruby_4,33000,5,zenz,295,GooglePlay,2025-08-05,289300,1063},,,
Order Complete (App),,ruby_5,55000,5,zenz,289,GooglePlay,2025-08-05,234300,1063},,,
Order Complete (App),,ruby_2,6600,22,광따,443,GooglePlay,2025-07-20,460900,60},,,
Order Complete (App),,ruby_4,33000,1,김난신,43,GooglePlay,2025-08-09,7700,16346},,,
Order Complete (App),,ruby_1,1100,23,재밌는친구,328,OneStore,2025-07-19,14300,519},,,
Order Complete (App),,ruby_2,6600,3,김태형,150,GooglePlay,2025-08-08,42900,4717},,,
Order Complete (App),,ruby_5,55000,26,대머리강서구,655,GooglePlay,2025-07-16,1965700,8},,,
Order Complete (App),,ads_remove,7700,1,미르테일,4,GooglePlay,2025-08-09,0,99999999},,,
Order Complete (App),,ads_remove,7700,1,김난신,11,GooglePlay,2025-08-09,0,99999999},,,
Order Complete (App),,ruby_4,33000,6,쏘가리,408,GooglePlay,2025-08-04,887700,95},,,
Order Complete (App),,ruby_4,33000,22,talgol,387,GooglePlay,2025-07-20,326700,120},,,
Order Complete (App),,ads_remove,7700,1,달모어,33,GooglePlay,2025-08-09,0,15551},,,
Order Complete (App),,ruby_4,33000,18,태왕이순신,131,GooglePlay,2025-07-23,7700,5491},,,
Order Complete (App),,ruby_2,6600,13,일해라정차장,385,GooglePlay,2025-07-29,464200,131},,,
Order Complete (App),,ads_remove,7700,2,제천대성1,53,GooglePlay,2025-08-09,0,11341},,,
Order Complete (App),,ruby_6,110000,6,조승연,296,GooglePlay,2025-08-04,402600,847},,,
Order Complete (App),,ads_remove,7700,1,바닥,4,GooglePlay,2025-08-09,0,99999999},,,
Order Complete (App),,ruby_3,11000,23,개근남,497,GooglePlay,2025-07-18,1017500,23},,,
Order Complete (App),,ruby_4,33000,5,펭구7,229,GooglePlay,2025-08-05,101200,3028},,,
Order Complete (App),,ruby_3,11000,5,펭구7,227,GooglePlay,2025-08-05,90200,3028},,,
Order Complete (App),,ads_remove,7700,1,개굴굴,6,GooglePlay,2025-08-09,0,99999999},,,
Order Complete (App),,ruby_6,11,1,돈많은백수,24,GooglePlay,2025-08-09,0,16339},,,
Order Complete (App),,ruby_2,6600,15,조선이도,268,GooglePlay,2025-07-27,31900,1694},,,
Order Complete (App),,ruby_5,55000,22,위인전,310,GooglePlay,2025-07-19,62700,738},,,
Order Complete (App),,ruby_4,33000,2,백제근초고왕,45,GooglePlay,2025-08-08,0,12844},,,
Order Complete (App),,ruby_4,33000,9,승질승,274,GooglePlay,2025-08-02,67100,1352},,,
Order Complete (App),,ruby_1,1100,19,초코에몽,227,GooglePlay,2025-07-23,26400,3161},,,
Order Complete (App),,ruby_1,1100,19,초코에몽,227,GooglePlay,2025-07-23,25300,3161},,,
Order Complete (App),,ruby_2,6600,19,초코에몽,227,GooglePlay,2025-07-23,18700,3161},,,
Order Complete (App),,ruby_3,11000,19,초코에몽,227,GooglePlay,2025-07-23,7700,3161},,,
Order Complete (App),,ruby_3,11000,19,채봉이,286,GooglePlay,2025-07-23,49500,1108},,,
Order Complete (App),,ads_remove,7700,1,대석열,5,GooglePlay,2025-08-09,0,99999999},,,
Order Complete (App),,ruby_3,11000,13,일해라정차장,381,GooglePlay,2025-07-29,453200,157},,,
Order Complete (App),,ruby_2,6600,4,봄같은나라,178,GooglePlay,2025-08-07,9900,4128},,,
Order Complete (App),,ruby_3,11000,12,코리아se스머신,388,GooglePlay,2025-07-30,689700,115},,,
Order Complete (App),,ruby_2,6600,9,간웅,228,GooglePlay,2025-08-02,49500,2905},,,
Order Complete (App),,ruby_2,6600,9,간웅,228,GooglePlay,2025-08-02,49500,2905},,,
Order Complete (App),,ruby_2,6600,9,간웅,228,GooglePlay,2025-08-02,29700,2905},,,
Order Complete (App),,ruby_4,33000,15,허어어니,366,GooglePlay,2025-07-27,183700,219},,,
Order Complete (App),,ads_remove,7700,1,독거12척,10,GooglePlay,2025-08-09,0,99999999},,,
Order Complete (App),,ruby_1,1100,1,사장님,53,GooglePlay,2025-08-09,6600,12300},,,
Order Complete (App),,ruby_6,110000,7,오디나무,450,GooglePlay,2025-08-03,1351900,50},,,
Order Complete (App),,ruby_2,6600,1,사장님,53,GooglePlay,2025-08-09,0,12300},,,
Order Complete (App),,ruby_4,33000,16,정동인,291,GooglePlay,2025-07-26,47300,953},,,
Order Complete (App),,ruby_5,55000,7,오디나무,448,GooglePlay,2025-08-03,1296900,51},,,
Order Complete (App),,ruby_3,11000,8,댕댕E,291,GooglePlay,2025-08-03,93500,1052},,,
Order Complete (App),,ruby_6,110000,24,KIRA,892,GooglePlay,2025-07-18,9467700,1},,,
Order Complete (App),,ruby_1,1100,6,탄령,350,GooglePlay,2025-08-05,641300,286},,,
Order Complete (App),,ruby_1,1100,6,탄령,350,GooglePlay,2025-08-05,639100,286},,,
Order Complete (App),,ruby_1,1100,6,탄령,350,GooglePlay,2025-08-05,638000,286},,,
Order Complete (App),,ruby_4,33000,6,탄령,350,GooglePlay,2025-08-05,605000,286},,,
Order Complete (App),,ruby_2,6600,25,만슈리,307,GooglePlay,2025-07-16,29700,841},,,
Order Complete (App),,ruby_3,11000,25,만슈리,307,GooglePlay,2025-07-16,18700,841},,,
Order Complete (App),,ruby_3,11000,25,만슈리,307,GooglePlay,2025-07-16,7700,841},,,
Order Complete (App),,ruby_3,11000,20,두율대디,427,GooglePlay,2025-07-22,491700,72},,,
Order Complete (App),,ruby_2,6600,21,베노미,465,GooglePlay,2025-07-21,1014200,38},,,
Order Complete (App),,ruby_3,11000,21,베노미,465,GooglePlay,2025-07-21,996600,38},,,
Order Complete (App),,ads_remove,7700,1,병찔규,17,GooglePlay,2025-08-09,0,99999999},,,
Order Complete (App),,ruby_4,33000,5,일본인,271,GooglePlay,2025-08-05,315700,1437},,,
Order Complete (App),,ruby_3,11000,9,간웅,217,GooglePlay,2025-08-02,18700,3181},,,
Order Complete (App),,ruby_4,33000,6,짱콩파파,311,GooglePlay,2025-08-04,238700,808},,,
Order Complete (App),,ruby_4,33000,16,정동인,289,GooglePlay,2025-07-26,14300,977},,,
Order Complete (App),,ads_remove,7700,12,루니악,176,GooglePlay,2025-07-30,0,4268},,,
Order Complete (App),,ruby_5,55000,7,오디나무,446,GooglePlay,2025-08-03,1241900,56},,,
Order Complete (App),,ruby_1,1100,15,꼬치쓰,348,GooglePlay,2025-07-27,281600,316},,,
Order Complete (App),,ruby_4,33000,2,린이꾸냥,35,GooglePlay,2025-08-09,7700,15024},,,
Order Complete (App),,ruby_3,11000,14,진우서우,399,GooglePlay,2025-07-28,601700,96},,,
Order Complete (App),,ruby_5,55000,12,l대마왕l,311,GooglePlay,2025-07-30,238700,710},,,
Order Complete (App),,ruby_4,33000,23,대명,470,GooglePlay,2025-07-19,712800,30},,,
Order Complete (App),,ruby_1,1100,23,왕호야,340,OneStore,2025-07-19,16500,403},,,
Order Complete (App),,ruby_1,1100,3,갱힘,91,OneStore,2025-08-08,1100,7002},,,
Order Complete (App),,ruby_3,11000,7,조엘,289,GooglePlay,2025-08-04,171600,973},,,
Order Complete (App),,ruby_3,11000,5,일본인,262,GooglePlay,2025-08-05,315700,1816},,,
Order Complete (App),,ruby_3,11000,5,일본인,262,GooglePlay,2025-08-05,293700,1816},,,
Order Complete (App),,ruby_2,6600,26,만마앙복,468,GooglePlay,2025-07-16,407000,33},,,
Order Complete (App),,ads_remove,7700,6,밍냥당,152,GooglePlay,2025-08-05,0,4555},,,
Order Complete (App),,ruby_3,11000,6,탄령,347,GooglePlay,2025-08-05,594000,314},,,
Order Complete (App),,ruby_1,1100,316,다륜,932,OneStore,2024-09-29,39600,21},,,
Order Complete (App),,ruby_2,6600,5,조승연,290,GooglePlay,2025-08-04,396000,948},,,
Order Complete (App),,ruby_2,6600,5,조승연,290,GooglePlay,2025-08-04,389400,948},,,
Order Complete (App),,ruby_3,11000,23,세이러브,347,GooglePlay,2025-07-18,113300,308},,,
Order Complete (App),,ruby_3,11000,5,조승연,290,GooglePlay,2025-08-04,378400,948},,,
Order Complete (App),,ruby_1,1100,3,봄같은나라,146,GooglePlay,2025-08-07,8800,4774},,,
Order Complete (App),,ads_remove,7700,1,견받사,8,GooglePlay,2025-08-09,0,99999999},,,
Order Complete (App),,ruby_2,6600,24,윤관,390,GooglePlay,2025-07-17,155100,111},,,
Order Complete (App),,ruby_2,6600,13,밥이,329,GooglePlay,2025-07-28,169400,498},,,
Order Complete (App),,ads_remove,7700,1,규미니,4,GooglePlay,2025-08-09,0,99999999},,,
Order Complete (App),,ruby_3,11000,3,집시,91,GooglePlay,2025-08-07,11000,6991},,,
Order Complete (App),,ruby_2,6600,2,전력,101,GooglePlay,2025-08-08,99000,6789},,,
Order Complete (App),,ads_remove,7700,1,시싱이,48,GooglePlay,2025-08-09,0,14277},,,
Order Complete (App),,ruby_1,1100,9,치운,254,GooglePlay,2025-08-01,60500,1999},,,
Order Complete (App),,ruby_1,1100,13,밥이,329,GooglePlay,2025-07-28,169400,498},,,
Order Complete (App),,ruby_1,1100,9,치운,254,GooglePlay,2025-08-01,58300,1999},,,
Order Complete (App),,ruby_1,1100,13,밥이,329,GooglePlay,2025-07-28,167200,498},,,
Order Complete (App),,ruby_4,33000,2,전력,101,GooglePlay,2025-08-08,66000,6789},,,
Order Complete (App),,ads_remove,7700,1,린이꾸냥,5,GooglePlay,2025-08-09,0,99999999},,,
Order Complete (App),,ruby_3,11000,2,붕어싸만코,71,GooglePlay,2025-08-08,7700,9780},,,
Order Complete (App),,ruby_1,1100,2,전력,92,GooglePlay,2025-08-08,64900,6789},,,
Order Complete (App),,ruby_3,11000,40,artruis,304,GooglePlay,2024-09-29,29700,1828},,,
Order Complete (App),,ruby_3,11000,40,artruis,304,GooglePlay,2024-09-29,7700,1828},,,
Order Complete (App),,ruby_2,6600,4,리혜,228,GooglePlay,2025-08-05,146300,3455},,,
Order Complete (App),,ruby_3,11000,2,무진장큰스님,122,GooglePlay,2025-08-08,36300,5346},,,
Order Complete (App),,ruby_3,11000,4,리혜,228,GooglePlay,2025-08-05,135300,3455},,,
Order Complete (App),,ruby_5,55000,4,리혜,211,GooglePlay,2025-08-05,80300,3455},,,
Order Complete (App),,ruby_4,33000,22,대명,470,GooglePlay,2025-07-19,679800,30},,,
Order Complete (App),,ruby_3,11000,24,쩰리,339,GooglePlay,2025-07-16,33000,404},,,
Order Complete (App),,ads_remove,7700,1,찐내,7,GooglePlay,2025-08-09,0,99999999},,,
Order Complete (App),,ruby_4,33000,1,데카,89,GooglePlay,2025-08-08,7700,7593},,,
Order Complete (App),,ruby_1,1100,3,봄같은나라,145,GooglePlay,2025-08-07,7700,4885},,,
Order Complete (App),,ads_remove,7700,10,백곰집사흑곰,197,GooglePlay,2025-07-30,0,3500},,,
Order Complete (App),,ruby_4,33000,11,roki,301,GooglePlay,2025-07-30,206800,774},,,
Order Complete (App),,ruby_3,11000,9,치운,252,GooglePlay,2025-08-01,47300,2045},,,
Order Complete (App),,ads_remove,7700,7,영욱,100,GooglePlay,2025-08-03,0,6325},,,
Order Complete (App),,ruby_6,110000,1,saejeong,24,GooglePlay,2025-08-09,7700,16284},,,
Order Complete (App),,ruby_2,6600,5,풍운우사,177,GooglePlay,2025-08-04,25300,4186},,,
Order Complete (App),,ruby_2,6600,7,새내기,249,GooglePlay,2025-08-03,70400,2247},,,
Order Complete (App),,ads_remove,7700,1,피크94,4,GooglePlay,2025-08-09,0,99999999},,,
Order Complete (App),,ads_remove,7700,1,saejeong,4,GooglePlay,2025-08-09,0,99999999},,,
Order Complete (App),,ruby_4,33000,19,다움이룸,273,GooglePlay,2025-07-18,7700,1342},,,
Order Complete (App),,ruby_3,11000,4,힙스터,137,GooglePlay,2025-08-06,7700,5448},,,
Order Complete (App),,ruby_3,11000,23,일주일만,429,GooglePlay,2025-07-18,477400,69},,,
Order Complete (App),,ruby_4,33000,18,하드,286,GooglePlay,2025-07-23,31900,1093},,,
Order Complete (App),,ads_remove,7700,1,그녀석,8,GooglePlay,2025-08-09,0,99999999},,,
Order Complete (App),,ads_remove,7700,1,하뚜루,5,GooglePlay,2025-08-09,0,99999999},,,
Order Complete (App),,ads_remove,7700,1,신드롬,22,GooglePlay,2025-08-09,0,16274},,,
Order Complete (App),,ruby_6,110000,21,헤롱이,450,GooglePlay,2025-07-20,811800,47},,,
Order Complete (App),,ads_remove,7700,1,녹준경,9,GooglePlay,2025-08-09,0,99999999},,,
Order Complete (App),,ruby_3,11000,11,얼죽뱅,246,GooglePlay,2025-07-30,42900,2368},,,
Order Complete (App),,ads_remove,7700,7,타코랜드,91,GooglePlay,2025-07-17,0,7292},,,
Order Complete (App),,ads_remove,7700,1,스키비,4,GooglePlay,2025-08-09,0,99999999},,,
Order Complete (App),,ruby_6,110000,25,대머리강서구,650,GooglePlay,2025-07-16,1855700,8},,,
Order Complete (App),,ads_remove,7700,1,난적,6,GooglePlay,2025-08-08,0,99999999},,,
Order Complete (App),,ruby_5,55000,11,l대마왕l,302,GooglePlay,2025-07-30,183700,761},,,
Order Complete (App),,ads_remove,7700,1,멀린,6,GooglePlay,2025-08-09,0,99999999},,,
Order Complete (App),,ads_remove,7700,1,인성대폭발,35,GooglePlay,2025-08-09,0,16262},,,
Order Complete (App),,ruby_2,6600,10,김상,235,GooglePlay,2025-07-29,7700,2802},,,
Order Complete (App),,ruby_2,6600,3,창제,146,GooglePlay,2025-08-07,27500,4731},,,
Order Complete (App),,ruby_3,11000,1,여기가어디오,26,GooglePlay,2025-08-09,0,15483},,,
Order Complete (App),,ruby_2,6600,4,펭구7,215,GooglePlay,2025-08-05,83600,3221},,,
Order Complete (App),,ruby_4,33000,9,쌈쟁이,289,GooglePlay,2025-07-31,425700,958},,,
Order Complete (App),,ads_remove,7700,1,홀로걷는나,7,GooglePlay,2025-08-09,0,99999999},,,
Order Complete (App),,ruby_3,11000,18,하드,278,GooglePlay,2025-07-23,20900,1250},,,
Order Complete (App),,ads_remove,7700,1,깡문정,8,GooglePlay,2025-08-09,0,99999999},,,
Order Complete (App),,ruby_4,33000,4,리츠리데,118,GooglePlay,2025-08-06,62700,5540},,,
Order Complete (App),,ruby_4,33000,25,밀레니온,397,GooglePlay,2025-07-16,479600,96},,,
Order Complete (App),,ruby_4,33000,4,리츠리데,118,GooglePlay,2025-08-06,29700,5540},,,
Order Complete (App),,ruby_4,33000,12,둥근해,431,GooglePlay,2025-07-29,1107700,65},,,
Order Complete (App),,ruby_4,33000,25,연우파파,387,GooglePlay,2025-07-16,357500,117},,,
Order Complete (App),,ads_remove,7700,1,따고담고,76,GooglePlay,2025-08-09,0,8342},,,
Order Complete (App),,ruby_1,1100,9,IPZA,261,GooglePlay,2025-07-31,40700,1868},,,
Order Complete (App),,ruby_1,1100,9,IPZA,261,GooglePlay,2025-07-31,40700,1868},,,
Order Complete (App),,ruby_1,1100,9,IPZA,261,GooglePlay,2025-07-31,39600,1868},,,
Order Complete (App),,ruby_1,1100,9,IPZA,261,GooglePlay,2025-07-31,36300,1868},,,
Order Complete (App),,ruby_6,110000,13,밥이,287,GooglePlay,2025-07-28,57200,1030},,,
Order Complete (App),,ruby_3,11000,8,martney,208,GooglePlay,2025-08-01,26400,3456},,,
Order Complete (App),,ruby_4,33000,9,쌈쟁이,288,GooglePlay,2025-07-31,392700,979},,,
Order Complete (App),,ruby_3,11000,8,martney,198,GooglePlay,2025-08-01,15400,3456},,,
Order Complete (App),,ruby_2,6600,5,샤오위,227,GooglePlay,2025-08-04,62700,2907},,,
Order Complete (App),,ruby_4,33000,23,털숩,270,GooglePlay,2025-07-18,7700,1449},,,
Order Complete (App),,ruby_3,11000,12,유진킴,305,GooglePlay,2025-07-29,101200,745},,,
Order Complete (App),,ruby_1,1100,2,거어래,91,GooglePlay,2025-08-07,6600,6933},,,
Order Complete (App),,ruby_2,6600,2,거어래,91,GooglePlay,2025-08-07,0,6933},,,
Order Complete (App),,ruby_3,11000,22,은선,391,GooglePlay,2025-07-19,276100,106},,,
Order Complete (App),,ruby_3,11000,21,헤롱이,446,GooglePlay,2025-07-20,800800,54},,,
Order Complete (App),,ruby_4,33000,20,이건먼디,248,GooglePlay,2025-07-20,7700,2232},,,
Order Complete (App),,ruby_2,6600,23,방랑검객,393,OneStore,2025-07-17,216700,102},,,
Order Complete (App),,ruby_3,11000,3,suhyeon,259,GooglePlay,2025-08-06,101200,1842},,,
Order Complete (App),,ruby_5,55000,16,두식이아부지,345,GooglePlay,2025-07-24,410300,378},,,
Order Complete (App),,ruby_5,55000,7,이곰이,174,GooglePlay,2025-08-03,33000,4231},,,
Order Complete (App),,ruby_4,33000,21,Nospoon,333,GooglePlay,2025-07-19,86900,481},,,
Order Complete (App),,ruby_4,33000,8,쿠행행,147,GooglePlay,2025-07-26,30800,4732},,,
Order Complete (App),,ruby_4,33000,9,이순신표류기,230,GooglePlay,2025-08-01,172700,2785},,,
Order Complete (App),,ruby_3,11000,9,이순신표류기,230,GooglePlay,2025-08-01,128700,2785},,,
Order Complete (App),,ruby_3,11000,1,카후,94,GooglePlay,2025-08-08,95700,6503},,,
Order Complete (App),,ruby_2,6600,23,하성,273,GooglePlay,2025-07-17,13200,1331},,,
Order Complete (App),,ruby_2,6600,9,IPZA,254,GooglePlay,2025-07-31,29700,2018},,,
Order Complete (App),,ruby_2,6600,23,하성,273,GooglePlay,2025-07-17,6600,1331},,,
Order Complete (App),,ruby_3,11000,6,삥쭈,291,GooglePlay,2025-08-04,448800,1021},,,
Order Complete (App),,ruby_2,6600,12,일해라정차장,375,GooglePlay,2025-07-29,446600,152},,,
Order Complete (App),,ruby_4,33000,9,쌈쟁이,276,GooglePlay,2025-07-31,359700,1330},,,
Order Complete (App),,ruby_4,33000,12,일해라정차장,375,GooglePlay,2025-07-29,413600,152},,,
Order Complete (App),,ruby_2,6600,12,일해라정차장,375,GooglePlay,2025-07-29,407000,152},,,
Order Complete (App),,ruby_4,33000,8,훈애심S2,244,GooglePlay,2025-08-02,36300,2621},,,
Order Complete (App),,ruby_1,1100,10,이학주,232,GooglePlay,2025-07-29,132000,3122},,,
Order Complete (App),,ruby_1,1100,10,이학주,232,GooglePlay,2025-07-29,129800,3122},,,
Order Complete (App),,ads_remove,7700,1,내가널기억하마,6,GooglePlay,2025-08-09,0,99999999},,,
Order Complete (App),,ruby_4,33000,10,이학주,232,GooglePlay,2025-07-29,96800,3122},,,
Order Complete (App),,ruby_3,11000,12,일해라정차장,374,GooglePlay,2025-07-29,396000,152},,,
Order Complete (App),,ruby_3,11000,8,훈애심S2,240,GooglePlay,2025-08-02,25300,2621},,,
Order Complete (App),,ruby_1,1100,12,일해라정차장,374,GooglePlay,2025-07-29,394900,152},,,
Order Complete (App),,ruby_4,33000,12,일해라정차장,374,GooglePlay,2025-07-29,361900,152},,,
Order Complete (App),,ads_remove,7700,1,민이라,9,GooglePlay,2025-08-09,0,99999999},,,
Order Complete (App),,ruby_2,6600,1,Hipo,63,GooglePlay,2025-08-09,7700,10965},,,
Order Complete (App),,ruby_2,6600,15,그루터기,371,GooglePlay,2025-07-26,511500,167},,,
Order Complete (App),,ads_remove,7700,1,찌누,5,GooglePlay,2025-08-09,0,99999999},,,
Order Complete (App),,ruby_3,11000,1,뜨거운배추,33,GooglePlay,2025-08-09,29700,14632},,,
Order Complete (App),,ruby_3,11000,1,뜨거운배추,33,GooglePlay,2025-08-09,7700,14632},,,
Order Complete (App),,ruby_2,6600,3,뚱랑,93,GooglePlay,2025-08-07,7700,7338},,,
Order Complete (App),,ruby_2,6600,8,영쟈굳,301,GooglePlay,2025-08-01,194700,746},,,
Order Complete (App),,ads_remove,7700,1,큰종,53,GooglePlay,2025-08-09,0,12762},,,
Order Complete (App),,ruby_3,11000,11,인세,167,GooglePlay,2025-07-28,0,4385},,,
Order Complete (App),,ruby_1,1100,6,아스트라,112,GooglePlay,2025-07-24,7700,5872},,,
Order Complete (App),,ruby_2,6600,6,아스트라,112,GooglePlay,2025-07-24,0,5872},,,
Order Complete (App),,ruby_2,6600,2,김태형,120,GooglePlay,2025-08-08,36300,5645},,,
Order Complete (App),,ruby_4,33000,5,조승연,286,GooglePlay,2025-08-04,345400,1067},,,
Order Complete (App),,ruby_3,11000,22,쫑쫑이,313,GooglePlay,2025-07-19,57200,664},,,
Order Complete (App),,ruby_2,6600,23,살아남는자,346,GooglePlay,2025-07-18,95700,312},,,
Order Complete (App),,ruby_3,11000,6,르무르,216,GooglePlay,2025-08-04,60500,3189},,,
Order Complete (App),,ads_remove,7700,1,뜨거운배추,6,GooglePlay,2025-08-09,0,99999999},,,
Order Complete (App),,ruby_3,11000,4,펭구7,196,GooglePlay,2025-08-05,72600,3620},,,
Order Complete (App),,ads_remove,7700,1,토츠카,14,GooglePlay,2025-08-09,0,99999999},,,
Order Complete (App),,ruby_6,110000,8,소담소민,550,GooglePlay,2025-08-01,4070000,14},,,
Order Complete (App),,ruby_3,11000,22,쟁요,458,GooglePlay,2025-07-19,592900,43},,,
Order Complete (App),,ruby_3,11000,22,쟁요,458,GooglePlay,2025-07-19,581900,43},,,
Order Complete (App),,ruby_1,1100,18,채봉이,279,GooglePlay,2025-07-23,49500,1210},,,
Order Complete (App),,ruby_1,1100,18,채봉이,279,GooglePlay,2025-07-23,47300,1210},,,
Order Complete (App),,ruby_2,6600,18,채봉이,279,GooglePlay,2025-07-23,40700,1210},,,
Order Complete (App),,ruby_2,6600,22,나냐,388,GooglePlay,2025-07-19,215600,112},,,
Order Complete (App),,ruby_3,11000,22,나냐,388,GooglePlay,2025-07-19,209000,112},,,
Order Complete (App),,ruby_3,11000,22,나냐,388,GooglePlay,2025-07-19,187000,112},,,
Order Complete (App),,ruby_2,6600,2,김태형,117,GooglePlay,2025-08-08,29700,5645},,,
Order Complete (App),,ruby_1,1100,5,프링글스,151,OneStore,2025-08-05,50600,4525},,,
Order Complete (App),,ruby_1,1100,21,헤롱이,431,GooglePlay,2025-07-20,799700,69},,,
Order Complete (App),,ruby_5,55000,21,헤롱이,431,GooglePlay,2025-07-20,744700,69},,,
Order Complete (App),,ruby_1,1100,3,blackcho,53,GooglePlay,2025-08-02,7700,11480},,,
Order Complete (App),,ruby_2,6600,3,blackcho,53,GooglePlay,2025-08-02,0,11480},,,
Order Complete (App),,ruby_2,6600,4,젤이쁜울아덜,95,GooglePlay,2025-08-06,111100,6379},,,
Order Complete (App),,ruby_3,11000,4,젤이쁜울아덜,95,GooglePlay,2025-08-06,104500,6379},,,
Order Complete (App),,ruby_3,11000,4,젤이쁜울아덜,95,GooglePlay,2025-08-06,93500,6379},,,
Order Complete (App),,ruby_5,55000,4,젤이쁜울아덜,95,GooglePlay,2025-08-06,27500,6379},,,
Order Complete (App),,ads_remove,7700,1,Hipo,5,GooglePlay,2025-08-09,0,99999999},,,
Order Complete (App),,ruby_4,33000,2,룡룡,86,GooglePlay,2025-08-08,7700,8620},,,
Order Complete (App),,ruby_3,11000,1,화유명,81,GooglePlay,2025-08-09,29700,8053},,,
Order Complete (App),,ruby_2,6600,5,프링글스,136,OneStore,2025-08-05,49500,4960},,,
Order Complete (App),,ruby_2,6600,1,하듀쀼,46,GooglePlay,2025-08-09,30800,12855},,,
Order Complete (App),,ruby_3,11000,1,하듀쀼,46,GooglePlay,2025-08-09,13200,12855},,,
Order Complete (App),,ads_remove,7700,1,낭낭낭,36,GooglePlay,2025-08-09,0,14860},,,
Order Complete (App),,ruby_4,33000,17,덕덕,293,GooglePlay,2025-07-23,117700,864},,,
Order Complete (App),,ruby_3,11000,5,프링글스,136,OneStore,2025-08-05,42900,4960},,,
Order Complete (App),,ruby_4,33000,13,톰달,266,GooglePlay,2025-07-28,89100,1830},,,
Order Complete (App),,ruby_3,11000,1,화유명,68,GooglePlay,2025-08-09,18700,9894},,,
Order Complete (App),,ads_remove,7700,4,뭘로할까,91,GooglePlay,2025-08-02,0,6930},,,
Order Complete (App),,ruby_5,55000,25,대머리강서구,605,GooglePlay,2025-07-16,1800700,9},,,
Order Complete (App),,ruby_3,11000,1,화유명,64,GooglePlay,2025-08-09,7700,13241},,,
Order Complete (App),,ruby_3,11000,13,톰달,259,GooglePlay,2025-07-28,78100,1830},,,
Order Complete (App),,ruby_2,6600,2,근당이,88,GooglePlay,2025-08-08,7700,7323},,,
Order Complete (App),,ruby_2,6600,1,하듀쀼,25,GooglePlay,2025-08-09,13200,16215},,,
Order Complete (App),,ruby_2,6600,1,하듀쀼,25,GooglePlay,2025-08-09,0,16215},,,
Order Complete (App),,ruby_4,33000,14,허어어니,351,GooglePlay,2025-07-27,150700,267},,,
Order Complete (App),,ruby_3,11000,9,도라에몽표류기,332,GooglePlay,2025-08-01,289300,439},,,
Order Complete (App),,ruby_1,1100,8,승질승,267,GooglePlay,2025-08-02,66000,1531},,,
Order Complete (App),,ruby_1,1100,8,승질승,267,GooglePlay,2025-08-02,64900,1531},,,
Order Complete (App),,ruby_6,110000,21,규링,396,GooglePlay,2025-07-20,370700,103},,,
Order Complete (App),,ads_remove,7700,1,쇠질쟁이아재,47,GooglePlay,2025-08-08,0,14999},,,
Order Complete (App),,ruby_2,6600,2,전력,71,GooglePlay,2025-08-08,58300,8733},,,
Order Complete (App),,ruby_2,6600,2,전력,71,GooglePlay,2025-08-08,51700,8733},,,
Order Complete (App),,ruby_3,11000,8,현무암,251,GooglePlay,2025-08-02,7700,2045},,,
Order Complete (App),,ads_remove,7700,1,화유명,5,GooglePlay,2025-08-09,0,99999999},,,
Order Complete (App),,ruby_5,55000,25,대머리강서구,568,GooglePlay,2025-07-16,1800700,10},,,
Order Complete (App),,ruby_6,110000,25,대머리강서구,568,GooglePlay,2025-07-16,1635700,10},,,
Order Complete (App),,ruby_1,1100,2,모닝믹스커피,146,GooglePlay,2025-08-08,57200,4707},,,
Order Complete (App),,ruby_1,1100,2,모닝믹스커피,146,GooglePlay,2025-08-08,55000,4707},,,
Order Complete (App),,ruby_6,110000,25,대머리강서구,568,GooglePlay,2025-07-16,1525700,10},,,
Order Complete (App),,ads_remove,7700,1,캐룬,17,GooglePlay,2025-08-09,0,99999999},,,
Order Complete (App),,ads_remove,7700,1,갱민씨,15,GooglePlay,2025-08-09,0,99999999},,,
Order Complete (App),,ruby_4,33000,13,독립,301,GooglePlay,2025-07-28,167200,822},,,
Order Complete (App),,ads_remove,7700,1,편간,7,GooglePlay,2025-08-09,0,99999999},,,
Order Complete (App),,ruby_3,11000,21,썩쏘염염,345,GooglePlay,2025-07-19,315700,333},,,
Order Complete (App),,ruby_2,6600,2,근당이,76,GooglePlay,2025-08-08,7700,8302},,,
Order Complete (App),,ruby_1,1100,2,근당이,76,GooglePlay,2025-08-08,0,8302},,,
Order Complete (App),,ruby_1,1100,25,마캔,406,GooglePlay,2025-07-15,172700,89},,,
Order Complete (App),,ruby_1,1100,25,마캔,406,GooglePlay,2025-07-15,172700,89},,,
Order Complete (App),,ruby_1,1100,25,마캔,406,GooglePlay,2025-07-15,172700,89},,,
Order Complete (App),,ruby_1,1100,25,마캔,406,GooglePlay,2025-07-15,170500,89},,,
Order Complete (App),,ruby_1,1100,25,마캔,406,GooglePlay,2025-07-15,167200,89},,,
Order Complete (App),,ruby_6,110000,6,오디나무,432,GooglePlay,2025-08-03,1131900,66},,,
Order Complete (App),,ruby_1,1100,2,루망,118,GooglePlay,2025-08-08,82500,5482},,,
Order Complete (App),,ruby_1,1100,25,마캔,405,GooglePlay,2025-07-15,166100,89},,,
Order Complete (App),,ruby_1,1100,2,루망,118,GooglePlay,2025-08-08,81400,5482},,,
Order Complete (App),,ruby_4,33000,2,루망,118,GooglePlay,2025-08-08,47300,5482},,,
Order Complete (App),,ruby_1,1100,25,마캔,405,GooglePlay,2025-07-15,165000,89},,,
Order Complete (App),,ruby_3,11000,7,까에,246,GooglePlay,2025-08-03,66000,2533},,,
Order Complete (App),,ruby_2,6600,2,김태형,113,GooglePlay,2025-08-08,23100,6549},,,
Order Complete (App),,ruby_3,11000,25,마캔,405,GooglePlay,2025-07-15,154000,89},,,
Order Complete (App),,ruby_2,6600,9,도라에몽표류기,330,GooglePlay,2025-08-01,282700,458},,,
Order Complete (App),,ruby_2,6600,2,루망,114,GooglePlay,2025-08-08,40700,5792},,,
Order Complete (App),,ruby_4,33000,20,고운찡,307,GooglePlay,2025-07-20,7700,727},,,
Order Complete (App),,ruby_3,11000,21,Nospoon,328,GooglePlay,2025-07-19,75900,481},,,
Order Complete (App),,ruby_6,110000,21,짭서스,418,OneStore,2025-07-20,667700,81},,,
Order Complete (App),,ruby_4,33000,11,roki,293,GooglePlay,2025-07-30,173800,826},,,
Order Complete (App),,ads_remove,7700,1,밥강아지,9,GooglePlay,2025-08-09,0,99999999},,,
Order Complete (App),,ruby_2,6600,2,무진장큰스님,101,GooglePlay,2025-08-08,29700,6137},,,
Order Complete (App),,ruby_4,33000,2,루망,92,GooglePlay,2025-08-08,7700,6706},,,
Order Complete (App),,ruby_1,1100,2,김태형,98,GooglePlay,2025-08-08,22000,6549},,,
Order Complete (App),,ruby_3,11000,7,푸르른달,245,GooglePlay,2025-08-02,46200,2372},,,
Order Complete (App),,ruby_6,110000,7,쵸돈단스,355,OneStore,2025-08-03,788700,249},,,
Order Complete (App),,ads_remove,7700,1,Junmin78,8,GooglePlay,2025-08-09,0,99999999},,,
Order Complete (App),,ads_remove,7700,1,블러드월령,52,GooglePlay,2025-08-08,0,11453},,,
Order Complete (App),,ruby_3,11000,23,동광,294,GooglePlay,2025-07-18,99000,809},,,
Order Complete (App),,ruby_3,11000,21,춘하,312,GooglePlay,2025-07-18,69300,655},,,
Order Complete (App),,ruby_3,11000,21,춘하,312,GooglePlay,2025-07-18,58300,655},,,
Order Complete (App),,ruby_2,6600,9,도라에몽표류기,328,GooglePlay,2025-08-01,276100,475},,,
Order Complete (App),,ruby_3,11000,2,매혹,89,GooglePlay,2025-08-08,7700,8456},,,
Order Complete (App),,ruby_4,33000,21,GC,469,OneStore,2025-07-20,834900,29},,,
Order Complete (App),,ruby_1,1100,2,창조의빛,77,GooglePlay,2025-08-08,7700,9731},,,
Order Complete (App),,ruby_2,6600,2,창조의빛,77,GooglePlay,2025-08-08,0,9731},,,
Order Complete (App),,ads_remove,7700,1,오키타소지,17,GooglePlay,2025-08-08,0,99999999},,,
Order Complete (App),,ruby_4,33000,22,JMG,342,GooglePlay,2025-07-19,88000,356},,,
Order Complete (App),,ruby_1,1100,2,김산,42,GooglePlay,2025-08-07,6600,13222},,,
Order Complete (App),,ruby_2,6600,2,김산,42,GooglePlay,2025-08-07,0,13222},,,
Order Complete (App),,ruby_1,1100,14,as24,271,GooglePlay,2025-07-25,41800,1485},,,
Order Complete (App),,ruby_1,1100,14,as24,271,GooglePlay,2025-07-25,40700,1485},,,
Order Complete (App),,ruby_1,1100,14,as24,271,GooglePlay,2025-07-25,38500,1485},,,
Order Complete (App),,ruby_4,33000,19,조노비,413,GooglePlay,2025-07-21,359700,81},,,
Order Complete (App),,ruby_6,110000,8,갱민,315,GooglePlay,2025-08-02,249700,629},,,
Order Complete (App),,ruby_3,11000,9,눈누난라,226,GooglePlay,2025-07-31,33000,2904},,,
Order Complete (App),,ruby_3,11000,8,우성이,289,GooglePlay,2025-08-02,163900,923},,,
Order Complete (App),,ruby_4,33000,9,눈누난라,226,GooglePlay,2025-07-31,0,2975},,,
Order Complete (App),,ruby_3,11000,2,전력,68,GooglePlay,2025-08-08,40700,11748},,,
Order Complete (App),,ads_remove,7700,1,아무뭉,23,GooglePlay,2025-08-08,0,15795},,,
Order Complete (App),,ruby_3,11000,15,궁디팡,328,GooglePlay,2025-07-26,168300,516},,,
Order Complete (App),,ads_remove,7700,5,다르프렌,116,GooglePlay,2025-08-05,0,5709},,,
Order Complete (App),,ads_remove,7700,1,괴수,19,GooglePlay,2025-08-08,0,99999999},,,
Order Complete (App),,ruby_4,33000,10,금요일,361,GooglePlay,2025-07-30,519200,244},,,
Order Complete (App),,ruby_3,11000,2,무진장큰스님,100,GooglePlay,2025-08-08,18700,6219},,,
Order Complete (App),,ruby_5,55000,19,조노비,396,GooglePlay,2025-07-21,304700,91},,,
Order Complete (App),,ruby_3,11000,1,성냥파리,25,GooglePlay,2025-08-08,0,15794},,,
Order Complete (App),,ads_remove,7700,2,동바이슨,73,GooglePlay,2025-08-08,0,8494},,,
Order Complete (App),,ruby_2,6600,3,홍구,88,GooglePlay,2025-08-07,25300,7367},,,
Order Complete (App),,ruby_2,6600,3,홍구,88,GooglePlay,2025-08-07,18700,7367},,,
Order Complete (App),,ruby_5,55000,6,아핫,145,GooglePlay,2025-07-23,33000,6309},,,
Order Complete (App),,ruby_4,33000,6,아핫,145,GooglePlay,2025-07-23,0,6309},,,
Order Complete (App),,ruby_3,11000,23,비련,368,GooglePlay,2025-07-18,134200,177},,,
Order Complete (App),,ruby_4,33000,10,한결도희,286,GooglePlay,2025-07-30,157300,1029},,,
Order Complete (App),,ruby_5,55000,23,비련,368,GooglePlay,2025-07-18,79200,177},,,
Order Complete (App),,ruby_4,33000,17,주현짱,332,GooglePlay,2025-07-23,84700,447},,,
Order Complete (App),,ruby_2,6600,5,조승연,282,GooglePlay,2025-08-04,338800,1203},,,
Order Complete (App),,ruby_1,1100,1,무림검객,32,GooglePlay,2025-08-08,7700,15789},,,
Order Complete (App),,ruby_2,6600,1,무림검객,32,GooglePlay,2025-08-08,0,15789},,,
Order Complete (App),,ruby_2,6600,21,하야안,369,GooglePlay,2025-07-20,309100,169},,,
Order Complete (App),,ruby_6,110000,21,부릉부릉,861,OneStore,2025-07-20,6497700,2},,,
Order Complete (App),,ruby_6,110000,21,부릉부릉,861,OneStore,2025-07-20,6387700,2},,,
Order Complete (App),,ruby_5,55000,1,카후,86,GooglePlay,2025-08-08,40700,7485},,,
Order Complete (App),,ruby_6,110000,25,상처,774,OneStore,2025-07-16,3539800,4},,,
Order Complete (App),,ruby_1,1100,5,조승연,274,GooglePlay,2025-08-04,337700,1434},,,
Order Complete (App),,ruby_1,1100,4,카몽,145,GooglePlay,2025-08-06,14300,4762},,,
Order Complete (App),,ruby_1,1100,4,카몽,145,GooglePlay,2025-08-06,14300,4762},,,
Order Complete (App),,ruby_1,1100,4,카몽,145,GooglePlay,2025-08-06,11000,4762},,,
Order Complete (App),,ads_remove,7700,1,굿데이,41,GooglePlay,2025-08-08,0,13338},,,
Order Complete (App),,ruby_3,11000,11,이야이,449,OneStore,2025-07-30,906400,47},,,
Order Complete (App),,ruby_2,6600,5,조승연,272,GooglePlay,2025-08-04,331100,1434},,,
Order Complete (App),,ruby_1,1100,18,장수척준경,353,GooglePlay,2025-07-22,189200,254},,,
Order Complete (App),,ruby_4,33000,18,장수척준경,353,GooglePlay,2025-07-22,156200,254},,,
Order Complete (App),,ruby_2,6600,5,조승연,271,GooglePlay,2025-08-04,324500,1434},,,
Order Complete (App),,ruby_2,6600,10,옥지의빵빵이,397,GooglePlay,2025-07-31,777700,99},,,
Order Complete (App),,ruby_2,6600,5,조승연,271,GooglePlay,2025-08-04,317900,1434},,,
Order Complete (App),,ruby_1,1100,5,조승연,271,GooglePlay,2025-08-04,316800,1434},,,
Order Complete (App),,ruby_3,11000,5,조승연,271,GooglePlay,2025-08-04,305800,1434},,,
Order Complete (App),,ruby_2,6600,5,조승연,271,GooglePlay,2025-08-04,299200,1434},,,
Order Complete (App),,ruby_4,33000,1,카후,43,GooglePlay,2025-08-08,7700,12954},,,
Order Complete (App),,ruby_4,33000,10,옥지의빵빵이,393,GooglePlay,2025-07-31,744700,99},,,
Order Complete (App),,ruby_5,55000,19,이슬공주,322,GooglePlay,2025-07-22,7700,581},,,
Order Complete (App),,ruby_1,1100,25,트리니타스,339,GooglePlay,2025-07-15,22000,353},,,
Order Complete (App),,ruby_1,1100,25,트리니타스,339,GooglePlay,2025-07-15,22000,353},,,
Order Complete (App),,ruby_1,1100,25,트리니타스,339,GooglePlay,2025-07-15,19800,353},,,
Order Complete (App),,ruby_1,1100,25,트리니타스,339,GooglePlay,2025-07-15,17600,353},,,
Order Complete (App),,ruby_2,6600,12,유진킴,293,GooglePlay,2025-07-29,94600,876},,,
Order Complete (App),,ruby_3,11000,20,말랑김밥,300,GooglePlay,2025-07-21,26400,770},,,
Order Complete (App),,ruby_2,6600,25,트리니타스,339,GooglePlay,2025-07-15,11000,353},,,
Order Complete (App),,ruby_5,55000,6,오디나무,426,GooglePlay,2025-08-03,1076900,68},,,
Order Complete (App),,ads_remove,7700,1,카후,4,GooglePlay,2025-08-08,0,99999999},,,
Order Complete (App),,ruby_4,33000,5,조승연,266,GooglePlay,2025-08-04,266200,1591},,,
Order Complete (App),,ruby_2,6600,6,수린향,180,GooglePlay,2025-08-03,15400,4003},,,
Order Complete (App),,ruby_2,6600,2,김태형,91,GooglePlay,2025-08-08,15400,6876},,,
Order Complete (App),,ruby_1,1100,2,김태형,91,GooglePlay,2025-08-08,14300,7132},,,
Order Complete (App),,ruby_4,33000,22,개근남,492,GooglePlay,2025-07-18,984500,24},,,
Order Complete (App),,ads_remove,7700,4,지토,86,GooglePlay,2025-08-06,0,9042},,,
Order Complete (App),,ruby_1,1100,18,봉고,342,GooglePlay,2025-07-22,67100,340},,,
Order Complete (App),,ruby_1,1100,18,봉고,342,GooglePlay,2025-07-22,66000,340},,,
Order Complete (App),,ruby_1,1100,6,수린향,179,GooglePlay,2025-08-03,15400,4003},,,
Order Complete (App),,ruby_2,6600,6,수린향,179,GooglePlay,2025-08-03,7700,4003},,,
Order Complete (App),,ads_remove,7700,2,반야,126,GooglePlay,2025-08-08,0,5338},,,
Order Complete (App),,ruby_3,11000,15,고공이,305,GooglePlay,2025-07-26,33000,728},,,
Order Complete (App),,ads_remove,7700,1,데카,6,GooglePlay,2025-08-08,0,99999999},,,
Order Complete (App),,ads_remove,7700,1,해모완,22,GooglePlay,2025-08-08,0,16162},,,
Order Complete (App),,ruby_4,33000,6,짱주숭,306,GooglePlay,2025-08-04,268400,723},,,
Order Complete (App),,ruby_4,33000,7,NADUNG,149,GooglePlay,2025-08-03,7700,4549},,,
Order Complete (App),,ruby_2,6600,8,훈애심S2,230,GooglePlay,2025-08-02,18700,3121},,,
Order Complete (App),,ruby_3,11000,16,바가너,172,GooglePlay,2025-07-19,0,4160},,,
Order Complete (App),,ruby_3,11000,315,동행,1125,OneStore,2024-09-29,4238200,5},,,
Order Complete (App),,ruby_3,11000,315,동행,1125,OneStore,2024-09-29,4227200,5},,,
Order Complete (App),,ruby_3,11000,8,훈애심S2,228,GooglePlay,2025-08-02,7700,3121},,,
Order Complete (App),,ruby_3,11000,8,잽삐,246,GooglePlay,2025-08-02,66000,2267},,,
Order Complete (App),,ruby_4,33000,22,태백,460,GooglePlay,2025-07-18,711700,42},,,
Order Complete (App),,ruby_5,55000,11,코리아se스머신,384,GooglePlay,2025-07-30,634700,128},,,
Order Complete (App),,ruby_3,11000,2,모닝믹스커피,119,GooglePlay,2025-08-08,44000,5607},,,
Order Complete (App),,ruby_5,55000,24,엉망,710,GooglePlay,2025-07-17,2649900,6},,,
Order Complete (App),,ruby_5,55000,315,동행,1102,OneStore,2024-09-29,4216200,6},,,
Order Complete (App),,ruby_2,6600,3,창제,119,GooglePlay,2025-08-07,20900,5436},,,
Order Complete (App),,ruby_4,33000,23,JJJ0738,572,GooglePlay,2025-07-18,2218700,9},,,
Order Complete (App),,ads_remove,7700,1,병수꼬얌,9,GooglePlay,2025-08-08,0,99999999},,,
Order Complete (App),,ruby_4,33000,8,우성이,279,GooglePlay,2025-08-02,130900,1171},,,
Order Complete (App),,ruby_2,6600,5,탄령,343,GooglePlay,2025-08-05,587400,330},,,
Order Complete (App),,ruby_3,11000,22,태백,454,GooglePlay,2025-07-18,700700,42},,,
Order Complete (App),,ruby_4,33000,7,서나콩,163,GooglePlay,2025-08-03,62700,4395},,,
Order Complete (App),,ruby_1,1100,3,Arcania,111,GooglePlay,2025-08-05,7700,6207},,,
Order Complete (App),,ruby_2,6600,3,Arcania,111,GooglePlay,2025-08-05,0,6207},,,
Order Complete (App),,ruby_3,11000,6,서나콩,143,GooglePlay,2025-08-03,51700,4799},,,
Order Complete (App),,ruby_4,33000,8,초행,211,GooglePlay,2025-07-17,172700,3423},,,
Order Complete (App),,ruby_1,1100,281,큐브,846,OneStore,2024-10-30,92400,56},,,
Order Complete (App),,ruby_5,55000,8,초행,203,GooglePlay,2025-07-17,117700,3423},,,
Order Complete (App),,ruby_3,11000,4,풍운우사,150,GooglePlay,2025-08-04,14300,4509},,,
Order Complete (App),,ruby_4,33000,22,Suzzy,345,GooglePlay,2025-07-18,80300,325},,,
Order Complete (App),,ruby_2,6600,17,여름이니까,446,GooglePlay,2025-07-22,795300,49},,,
Order Complete (App),,ruby_3,11000,17,여름이니까,446,GooglePlay,2025-07-22,784300,49},,,
Order Complete (App),,ruby_5,55000,17,여름이니까,446,GooglePlay,2025-07-22,729300,49},,,
Order Complete (App),,ruby_1,1100,1,루망,53,GooglePlay,2025-08-08,7700,11719},,,
Order Complete (App),,ruby_2,6600,1,루망,53,GooglePlay,2025-08-08,0,11719},,,
Order Complete (App),,ads_remove,7700,1,붕어싸만코,16,GooglePlay,2025-08-08,0,99999999},,,
Order Complete (App),,ruby_4,33000,20,사몬,286,GooglePlay,2025-07-19,117700,1008},,,
Order Complete (App),,ruby_4,33000,20,사몬,286,GooglePlay,2025-07-19,84700,1008},,,
Order Complete (App),,ruby_3,11000,20,사몬,286,GooglePlay,2025-07-19,73700,1008},,,
Order Complete (App),,ruby_3,11000,3,곰대현,280,GooglePlay,2025-08-06,282700,1323},,,
Order Complete (App),,ruby_4,33000,11,문순우,290,GooglePlay,2025-07-29,24200,862},,,
Order Complete (App),,ads_remove,7700,1,청사,5,GooglePlay,2025-08-08,0,99999999},,,
Order Complete (App),,ruby_3,11000,13,꼬치쓰,331,GooglePlay,2025-07-27,270600,426},,,
Order Complete (App),,ruby_4,33000,16,애쁠,301,GooglePlay,2025-07-24,128700,694},,,
Order Complete (App),,ads_remove,7700,1,max21052,59,GooglePlay,2025-08-07,0,10459},,,
Order Complete (App),,ruby_2,6600,2,창제,116,GooglePlay,2025-08-07,14300,5701},,,
Order Complete (App),,ruby_6,110000,8,초행,176,GooglePlay,2025-07-17,7700,4028},,,
Order Complete (App),,ads_remove,7700,1,한화의이진영,36,GooglePlay,2025-08-08,0,15750},,,
Order Complete (App),,ruby_3,11000,4,더메이드,192,GooglePlay,2025-08-05,117700,3476},,,
Order Complete (App),,ruby_4,33000,24,연우파파,385,GooglePlay,2025-07-16,324500,124},,,
Order Complete (App),,ads_remove,7700,20,lsh,290,GooglePlay,2025-07-20,0,860},,,
Order Complete (App),,ruby_2,6600,1,호랑말꼬,83,GooglePlay,2025-08-08,7700,7918},,,
Order Complete (App),,ruby_4,33000,12,진우서우,385,GooglePlay,2025-07-28,568700,123},,,
Order Complete (App),,ruby_3,11000,22,일주일만,427,GooglePlay,2025-07-18,466400,67},,,
Order Complete (App),,ruby_3,11000,6,강민첨,190,GooglePlay,2025-08-03,7700,3558},,,
Order Complete (App),,ruby_5,55000,5,LIV해원,182,GooglePlay,2025-08-04,40700,3908},,,
Order Complete (App),,ads_remove,7700,1,룡룡,26,GooglePlay,2025-08-08,0,15747},,,
Order Complete (App),,ads_remove,7700,9,청무룡,198,GooglePlay,2025-07-29,0,3344},,,
Order Complete (App),,ruby_3,11000,12,진우서우,384,GooglePlay,2025-07-28,557700,129},,,
Order Complete (App),,ruby_2,6600,5,꿀꿀,197,GooglePlay,2025-08-04,7700,3383},,,
Order Complete (App),,ruby_5,55000,22,일주일만,427,GooglePlay,2025-07-18,411400,67},,,
Order Complete (App),,ads_remove,7700,1,블커,43,GooglePlay,2025-08-08,0,12919},,,
Order Complete (App),,ruby_3,11000,22,일주일만,427,GooglePlay,2025-07-18,400400,67},,,
Order Complete (App),,ruby_4,33000,12,푸르스텔라,226,GooglePlay,2025-07-27,7700,2853},,,
Order Complete (App),,ads_remove,7700,1,무녀기,20,GooglePlay,2025-08-08,0,99999999},,,
Order Complete (App),,ruby_3,11000,14,조기왕,247,GooglePlay,2025-07-25,22000,2197},,,
Order Complete (App),,ads_remove,7700,1,삼국유사,2,GooglePlay,2025-08-08,0,99999999},,,
Order Complete (App),,ruby_2,6600,1,김태형,52,GooglePlay,2025-08-08,7700,12769},,,
Order Complete (App),,ruby_3,11000,13,Navyy,225,GooglePlay,2025-07-27,6600,2996},,,
Order Complete (App),,ads_remove,7700,1,유부장,5,GooglePlay,2025-08-08,0,99999999},,,
Order Complete (App),,ruby_6,20,1,어린이1,25,GooglePlay,2025-08-08,0,16128},,,
Order Complete (App),,ads_remove,7700,1,다카론,23,GooglePlay,2025-08-08,0,15552},,,
Order Complete (App),,ads_remove,7700,1,시시싯,36,GooglePlay,2025-08-08,0,16126},,,
Order Complete (App),,ruby_1,1100,1,성근장군,66,GooglePlay,2025-08-07,9900,9678},,,
Order Complete (App),,ruby_1,1100,1,성근장군,66,GooglePlay,2025-08-07,7700,9678},,,
Order Complete (App),,ruby_5,55000,12,진우서우,348,GooglePlay,2025-07-28,502700,262},,,
Order Complete (App),,ruby_6,110000,18,킴혀노,455,GooglePlay,2025-07-22,1007600,41},,,
Order Complete (App),,ruby_3,11000,12,진우서우,348,GooglePlay,2025-07-28,491700,262},,,
Order Complete (App),,ads_remove,7700,1,이고,36,GooglePlay,2025-08-08,0,15548},,,
Order Complete (App),,ruby_5,55000,12,진우서우,348,GooglePlay,2025-07-28,436700,262},,,
Order Complete (App),,ruby_6,110000,12,진우서우,348,GooglePlay,2025-07-28,326700,262},,,
Order Complete (App),,ruby_5,55000,9,금요일,348,GooglePlay,2025-07-30,464200,271},,,
Order Complete (App),,ruby_4,33000,9,금요일,348,GooglePlay,2025-07-30,431200,271},,,
Order Complete (App),,ads_remove,7700,1,가곡총잡이,5,GooglePlay,2025-08-08,0,99999999},,,
Order Complete (App),,ruby_3,11000,7,뽄요,226,GooglePlay,2025-08-02,112200,2846},,,
Order Complete (App),,ruby_4,33000,9,금요일,348,GooglePlay,2025-07-30,398200,271},,,
Order Complete (App),,ruby_6,110000,13,창사마,377,GooglePlay,2025-07-27,601700,143},,,
Order Complete (App),,ruby_3,11000,12,진우서우,345,GooglePlay,2025-07-28,326700,307},,,
Order Complete (App),,ads_remove,7700,1,매혹,8,GooglePlay,2025-08-08,0,99999999},,,
Order Complete (App),,ruby_3,11000,12,진우서우,345,GooglePlay,2025-07-28,304700,307},,,
Order Complete (App),,ruby_2,6600,7,뽄요,215,GooglePlay,2025-08-02,105600,3073},,,
Order Complete (App),,ruby_4,33000,17,누나좋아,366,GooglePlay,2025-07-22,609400,190},,,
Order Complete (App),,ads_remove,7700,1,아일,15,GooglePlay,2025-08-08,0,99999999},,,
Order Complete (App),,ruby_1,1100,22,일주일만,427,GooglePlay,2025-07-18,399300,66},,,
Order Complete (App),,ads_remove,7700,1,김태형,9,GooglePlay,2025-08-08,0,99999999},,,
Order Complete (App),,ads_remove,7700,1,성근장군,43,GooglePlay,2025-08-07,0,12906},,,
Order Complete (App),,ruby_3,11000,20,llllIIII,259,GooglePlay,2025-07-19,0,1824},,,
Order Complete (App),,ruby_4,33000,1,신공,53,GooglePlay,2025-08-08,7700,11177},,,
Order Complete (App),,ruby_2,6600,4,조승연,261,GooglePlay,2025-08-04,259600,1767},,,
Order Complete (App),,ruby_3,11000,1,나이스팅,48,GooglePlay,2025-08-07,7700,12179},,,
Order Complete (App),,ruby_4,33000,22,일주일만,425,GooglePlay,2025-07-18,366300,72},,,
Order Complete (App),,ruby_2,6600,4,찐빵수아,120,GooglePlay,2025-08-04,11000,5236},,,
Order Complete (App),,ruby_4,33000,7,갱민,289,GooglePlay,2025-08-02,216700,911},,,
Order Complete (App),,ruby_3,11000,8,신아sin,91,GooglePlay,2025-07-29,0,6840},,,
Order Complete (App),,ruby_1,1100,60,후로샤끼,272,GooglePlay,2024-10-31,6009300,885},,,
Order Complete (App),,ruby_5,55000,8,도라에몽표류기,305,GooglePlay,2025-08-01,221100,670},,,
Order Complete (App),,ruby_4,33000,5,푸른백호,77,GooglePlay,2025-08-04,7700,8631},,,
Order Complete (App),,ruby_1,1100,4,고고려,185,GooglePlay,2025-08-05,20900,3807},,,
Order Complete (App),,ruby_1,1100,4,고고려,185,GooglePlay,2025-08-05,19800,3807},,,
Order Complete (App),,ruby_2,6600,20,규영,340,GooglePlay,2025-07-20,18700,334},,,
Order Complete (App),,ruby_3,11000,21,비스트롱,391,GooglePlay,2025-07-19,102300,99},,,
Order Complete (App),,ruby_3,11000,22,일주일만,418,GooglePlay,2025-07-18,355300,77},,,
Order Complete (App),,ruby_4,33000,5,LIV해원,169,GooglePlay,2025-08-04,7700,4241},,,
Order Complete (App),,ruby_1,1100,1,슈슈라,26,GooglePlay,2025-08-08,6600,16104},,,
Order Complete (App),,ruby_2,6600,1,슈슈라,26,GooglePlay,2025-08-08,0,16104},,,
Order Complete (App),,ruby_3,11000,14,그루터기,366,GooglePlay,2025-07-26,500500,188},,,
Order Complete (App),,ruby_5,55000,3,더블율,236,GooglePlay,2025-08-06,95700,2593},,,
Order Complete (App),,ruby_3,11000,14,그루터기,366,GooglePlay,2025-07-26,489500,188},,,
Order Complete (App),,ruby_5,55000,14,그루터기,366,GooglePlay,2025-07-26,434500,188},,,
Order Complete (App),,ads_remove,7700,1,푸른피리,5,GooglePlay,2025-08-08,0,99999999},,,
Order Complete (App),,ruby_2,6600,14,오태식이,325,GooglePlay,2025-07-26,110000,526},,,
Order Complete (App),,ads_remove,7700,1,류백,4,GooglePlay,2025-08-08,0,99999999},,,
Order Complete (App),,ruby_1,1100,1,힐라,51,GooglePlay,2025-08-08,42900,12023},,,
Order Complete (App),,ruby_2,6600,1,힐라,51,GooglePlay,2025-08-08,36300,12023},,,
Order Complete (App),,ruby_2,6600,1,힐라,43,GooglePlay,2025-08-08,29700,16097},,,
Order Complete (App),,ads_remove,7700,1,미친개,8,GooglePlay,2025-08-08,0,99999999},,,
Order Complete (App),,ruby_3,11000,1,힐라,43,GooglePlay,2025-08-08,18700,16097},,,
Order Complete (App),,ruby_3,11000,1,힐라,43,GooglePlay,2025-08-08,7700,16097},,,
Order Complete (App),,ruby_2,6600,1,힐라,43,GooglePlay,2025-08-08,7700,16097},,,
Order Complete (App),,ruby_1,1100,1,힐라,43,GooglePlay,2025-08-08,0,16097},,,
Order Complete (App),,ruby_2,6600,2,suhyeon,233,GooglePlay,2025-08-06,94600,2591},,,
Order Complete (App),,ruby_4,33000,4,탄령,331,GooglePlay,2025-08-05,554400,415},,,
Order Complete (App),,ruby_4,33000,4,탄령,331,GooglePlay,2025-08-05,521400,415},,,
Order Complete (App),,ruby_2,6600,2,suhyeon,232,GooglePlay,2025-08-06,88000,2591},,,
Order Complete (App),,ruby_1,1100,2,조선팔도,44,GooglePlay,2025-08-07,7700,12733},,,
Order Complete (App),,ruby_2,6600,2,조선팔도,44,GooglePlay,2025-08-07,0,12733},,,
Order Complete (App),,ruby_2,6600,2,창제,93,GooglePlay,2025-08-07,7700,6459},,,
Order Complete (App),,ruby_1,1100,4,노르보,178,GooglePlay,2025-08-05,42900,3999},,,
Order Complete (App),,ads_remove,7700,1,아바이,7,GooglePlay,2025-08-08,0,99999999},,,
Order Complete (App),,ruby_3,11000,18,미율,425,OneStore,2025-07-21,427900,71},,,
Order Complete (App),,ruby_2,6600,10,이야이,445,OneStore,2025-07-30,895400,51},,,
Order Complete (App),,ruby_1,1100,20,여수,286,OneStore,2025-07-20,12100,989},,,
Order Complete (App),,ruby_4,33000,1,모닝믹스커피,84,GooglePlay,2025-08-08,11000,8184},,,
Order Complete (App),,ruby_3,11000,1,초보어르신,24,GooglePlay,2025-08-08,0,16089},,,
Order Complete (App),,ruby_2,6600,24,연우파파,380,GooglePlay,2025-07-16,317900,132},,,
Order Complete (App),,ads_remove,7700,1,형광등,6,GooglePlay,2025-08-08,0,99999999},,,
Order Complete (App),,ruby_3,11000,24,연우파파,380,GooglePlay,2025-07-16,306900,132},,,
Order Complete (App),,ads_remove,7700,1,홍스루1,34,GooglePlay,2025-08-08,0,14791},,,
Order Complete (App),,ruby_1,1100,1,인효바둑판,26,GooglePlay,2025-08-08,7700,16087},,,
Order Complete (App),,ruby_2,6600,1,인효바둑판,26,GooglePlay,2025-08-08,0,16087},,,
Order Complete (App),,ruby_2,6600,21,쟁요,453,GooglePlay,2025-07-19,575300,42},,,
Order Complete (App),,ruby_1,1100,21,쟁요,453,GooglePlay,2025-07-19,574200,42},,,
Order Complete (App),,ruby_4,33000,14,그루터기,365,GooglePlay,2025-07-26,401500,203},,,
Order Complete (App),,ruby_5,55000,17,누나좋아,366,GooglePlay,2025-07-22,554400,188},,,
Order Complete (App),,ruby_3,11000,1,무진장큰스님,36,GooglePlay,2025-08-08,7700,16081},,,
Order Complete (App),,ruby_2,6600,4,조승연,259,GooglePlay,2025-08-04,253000,1767},,,
Order Complete (App),,ruby_4,33000,1,전력,25,GooglePlay,2025-08-08,7700,15302},,,
Order Complete (App),,ads_remove,7700,1,전력,24,GooglePlay,2025-08-08,0,15302},,,
Order Complete (App),,ruby_4,33000,6,Virr,196,GooglePlay,2025-08-03,51700,3477},,,
Order Complete (App),,ruby_2,6600,4,조승연,257,GooglePlay,2025-08-04,246400,1928},,,
Order Complete (App),,ruby_1,1100,5,원할머니보고쌈,211,GooglePlay,2025-08-03,64900,3198},,,
Order Complete (App),,ruby_4,33000,3,노키,124,GooglePlay,2025-08-06,7700,5141},,,
Order Complete (App),,ruby_2,6600,4,조승연,256,GooglePlay,2025-08-04,239800,1928},,,
Order Complete (App),,ruby_6,110000,7,소담소민,508,GooglePlay,2025-08-01,4070000,22},,,
Order Complete (App),,ruby_6,110000,7,소담소민,508,GooglePlay,2025-08-01,3850000,22},,,
Order Complete (App),,ruby_1,1100,1,모닝믹스커피,71,GooglePlay,2025-08-08,11000,9370},,,
Order Complete (App),,ruby_1,1100,1,모닝믹스커피,71,GooglePlay,2025-08-08,9900,9370},,,
Order Complete (App),,ruby_1,1100,1,모닝믹스커피,71,GooglePlay,2025-08-08,7700,9370},,,
Order Complete (App),,ruby_3,11000,13,후라이드참새,295,GooglePlay,2025-07-27,194700,741},,,
Order Complete (App),,ruby_1,1100,1,월암,118,GooglePlay,2025-08-08,66000,5388},,,
Order Complete (App),,ruby_4,33000,13,꼬치쓰,327,GooglePlay,2025-07-27,237600,468},,,
Order Complete (App),,ruby_1,1100,4,조승연,252,GooglePlay,2025-08-04,238700,1928},,,
Order Complete (App),,ads_remove,7700,1,rihopapa,9,GooglePlay,2025-08-08,0,99999999},,,
Order Complete (App),,ads_remove,7700,1,츄구리,9,GooglePlay,2025-08-08,0,99999999},,,
Order Complete (App),,ruby_3,11000,2,집시,39,GooglePlay,2025-08-07,0,13798},,,
Order Complete (App),,ads_remove,7700,1,무진장큰스님,6,GooglePlay,2025-08-08,0,99999999},,,
Order Complete (App),,ruby_4,33000,4,장꾸꾸,93,GooglePlay,2025-08-05,7700,7118},,,
Order Complete (App),,ruby_5,55000,4,조승연,247,GooglePlay,2025-08-04,183700,2307},,,
Order Complete (App),,ads_remove,7700,1,지정면,27,GooglePlay,2025-08-08,0,16066},,,
Order Complete (App),,ruby_3,11000,1,월암,101,GooglePlay,2025-08-08,55000,6448},,,
Order Complete (App),,ads_remove,7700,1,꼼딱마로,4,GooglePlay,2025-08-08,0,99999999},,,
Order Complete (App),,ads_remove,7700,1,모닝믹스커피,29,GooglePlay,2025-08-08,0,16065},,,
Order Complete (App),,ads_remove,7700,1,크림아부지,51,GooglePlay,2025-08-08,0,12367},,,
Order Complete (App),,ruby_6,110000,7,소담소민,485,GooglePlay,2025-08-01,3850000,26},,,
Order Complete (App),,ruby_6,110000,7,소담소민,485,GooglePlay,2025-08-01,3740000,26},,,
Order Complete (App),,ruby_6,110000,7,소담소민,485,GooglePlay,2025-08-01,3630000,26},,,
Order Complete (App),,ruby_6,110000,7,소담소민,485,GooglePlay,2025-08-01,3410000,26},,,
Order Complete (App),,ads_remove,7700,2,GUESS레기,44,GooglePlay,2025-01-11,1100,9015},,,
Order Complete (App),,ruby_5,55000,23,은월랑,465,GooglePlay,2025-07-17,1282600,34},,,
Order Complete (App),,ads_remove,7700,1,가로,58,GooglePlay,2025-08-08,0,10640},,,
Order Complete (App),,ads_remove,7700,1,붉은눈,37,GooglePlay,2025-08-08,0,14469},,,
Order Complete (App),,ruby_6,110000,7,소담소민,485,GooglePlay,2025-08-01,3300000,26},,,
Order Complete (App),,ruby_6,110000,7,소담소민,485,GooglePlay,2025-08-01,3190000,26},,,
Order Complete (App),,ruby_6,110000,7,소담소민,485,GooglePlay,2025-08-01,3190000,26},,,
Order Complete (App),,ruby_6,110000,7,소담소민,485,GooglePlay,2025-08-01,3080000,26},,,
Order Complete (App),,ruby_6,110000,7,소담소민,485,GooglePlay,2025-08-01,2860000,26},,,
Order Complete (App),,ruby_6,110000,7,갱민,252,GooglePlay,2025-08-02,106700,1922},,,
Order Complete (App),,ruby_2,6600,3,데오드란트,61,GooglePlay,2025-08-05,7700,10633},,,
Order Complete (App),,ruby_1,1100,20,광따,427,GooglePlay,2025-07-20,460900,64},,,
Order Complete (App),,ruby_1,1100,20,광따,427,GooglePlay,2025-07-20,459800,64},,,
Order Complete (App),,ruby_1,1100,20,광따,427,GooglePlay,2025-07-20,457600,64},,,
Order Complete (App),,ads_remove,7700,1,최지훈,67,GooglePlay,2025-08-07,0,9570},,,
Order Complete (App),,ruby_3,11000,22,아자핑,294,GooglePlay,2025-07-18,78100,765},,,
Order Complete (App),,ruby_1,1100,1,월암,84,GooglePlay,2025-08-08,53900,8154},,,
Order Complete (App),,ruby_4,33000,1,월암,84,GooglePlay,2025-08-08,20900,8154},,,
Order Complete (App),,ads_remove,7700,1,싱철,22,GooglePlay,2025-08-08,0,16048},,,
Order Complete (App),,ads_remove,7700,17,2an,297,GooglePlay,2025-07-23,0,708},,,
Order Complete (App),,ads_remove,7700,1,소방,9,GooglePlay,2025-08-08,0,99999999},,,
Order Complete (App),,ruby_2,6600,1,월암,76,GooglePlay,2025-08-08,14300,8154},,,
Order Complete (App),,ruby_4,33000,13,임의변경,291,GooglePlay,2025-07-26,161700,961},,,
Order Complete (App),,ruby_5,55000,5,삥쭈,267,GooglePlay,2025-08-04,393800,1461},,,
Order Complete (App),,ruby_1,1100,2,suhyeon,226,GooglePlay,2025-08-06,86900,2814},,,
Order Complete (App),,ruby_5,55000,20,위인전,270,GooglePlay,2025-07-19,7700,1405},,,
Order Complete (App),,ruby_3,11000,1,월화낭자,28,GooglePlay,2025-08-08,18700,14840},,,
Order Complete (App),,ruby_3,11000,1,월화낭자,28,GooglePlay,2025-08-08,7700,14840},,,
Order Complete (App),,ruby_3,11000,12,진우서우,310,GooglePlay,2025-07-28,293700,622},,,
Order Complete (App),,ruby_3,11000,12,독립,277,GooglePlay,2025-07-28,156200,1184},,,
Order Complete (App),,ruby_4,33000,12,진우서우,310,GooglePlay,2025-07-28,260700,622},,,
Order Complete (App),,ruby_1,1100,12,독립,277,GooglePlay,2025-07-28,156200,1184},,,
Order Complete (App),,ruby_1,1100,12,독립,277,GooglePlay,2025-07-28,154000,1184},,,
Order Complete (App),,ads_remove,7700,1,노주노,9,GooglePlay,2025-08-08,0,99999999},,,
Order Complete (App),,ruby_1,1100,2,우뢰진,66,GooglePlay,2025-08-06,7700,9348},,,
Order Complete (App),,ruby_2,6600,2,우뢰진,66,GooglePlay,2025-08-06,0,9348},,,
Order Complete (App),,ruby_4,33000,22,김민교,366,GooglePlay,2025-07-18,173800,187},,,
Order Complete (App),,ruby_6,110000,11,신비디음,390,GooglePlay,2025-07-29,997700,95},,,
Order Complete (App),,ruby_6,110000,11,신비디음,390,GooglePlay,2025-07-29,887700,95},,,
Order Complete (App),,ruby_3,11000,12,진우서우,310,GooglePlay,2025-07-28,249700,622},,,
Order Complete (App),,ruby_4,33000,12,진우서우,310,GooglePlay,2025-07-28,216700,622},,,
Order Complete (App),,ruby_5,55000,12,진우서우,310,GooglePlay,2025-07-28,161700,622},,,
Order Complete (App),,ruby_4,33000,12,독립,277,GooglePlay,2025-07-28,121000,1184},,,
Order Complete (App),,ads_remove,7700,1,고은석,8,GooglePlay,2025-08-08,0,99999999},,,
Order Complete (App),,ruby_3,11000,21,쟁요,452,GooglePlay,2025-07-19,563200,44},,,
Order Complete (App),,ruby_2,6600,1,월암,53,GooglePlay,2025-08-08,7700,11323},,,
Order Complete (App),,ruby_1,1100,2,맛둥,30,GooglePlay,2025-08-06,7700,15647},,,
Order Complete (App),,ruby_2,6600,2,맛둥,30,GooglePlay,2025-08-06,0,15647},,,
Order Complete (App),,ruby_2,6600,2,suhyeon,203,GooglePlay,2025-08-06,80300,3250},,,
Order Complete (App),,ruby_2,6600,2,suhyeon,203,GooglePlay,2025-08-06,73700,3250},,,
Order Complete (App),,ruby_4,33000,13,임의변경,289,GooglePlay,2025-07-26,128700,961},,,
Order Complete (App),,ruby_2,6600,2,리리플,90,GooglePlay,2025-08-06,20900,7263},,,
Order Complete (App),,ads_remove,7700,1,호랑말꼬,5,GooglePlay,2025-08-08,0,99999999},,,
Order Complete (App),,ads_remove,7700,1,신공,4,GooglePlay,2025-08-08,0,99999999},,,
Order Complete (App),,ruby_3,11000,3,풍류객,73,GooglePlay,2025-07-27,0,10049},,,
Order Complete (App),,ads_remove,7700,1,또남쓰,8,GooglePlay,2025-08-08,0,99999999},,,
Order Complete (App),,ruby_6,110000,4,쏘가리,357,GooglePlay,2025-08-04,777700,220},,,
Order Complete (App),,ruby_1,1100,22,김근육,272,GooglePlay,2025-07-16,27500,1252},,,
Order Complete (App),,ruby_1,1100,22,김근육,272,GooglePlay,2025-07-16,27500,1252},,,
Order Complete (App),,ruby_2,6600,22,김근육,272,GooglePlay,2025-07-16,18700,1252},,,
Order Complete (App),,ruby_4,33000,1,레고77,71,GooglePlay,2025-08-08,7700,8701},,,
Order Complete (App),,ruby_3,11000,22,김근육,272,GooglePlay,2025-07-16,7700,1252},,,
Order Complete (App),,ruby_6,110000,4,쏘가리,357,GooglePlay,2025-08-04,667700,220},,,
Order Complete (App),,ruby_4,33000,22,줸줸,446,GooglePlay,2025-07-18,419100,48},,,
Order Complete (App),,ruby_4,33000,13,하꼬,256,GooglePlay,2025-07-26,73700,1777},,,
Order Complete (App),,ruby_2,6600,2,suhyeon,191,GooglePlay,2025-08-06,67100,3546},,,
Order Complete (App),,ads_remove,7700,1,월화낭자,3,GooglePlay,2025-08-08,0,99999999},,,
Order Complete (App),,ruby_2,6600,4,조승연,236,GooglePlay,2025-08-04,177100,2489},,,
Order Complete (App),,ruby_4,33000,22,Suzzy,336,GooglePlay,2025-07-18,47300,342},,,
Order Complete (App),,ruby_3,11000,14,타이거통,311,GooglePlay,2025-07-26,253000,602},,,
Order Complete (App),,ruby_2,6600,4,조승연,235,GooglePlay,2025-08-04,170500,2489},,,
Order Complete (App),,ads_remove,7700,1,월암,5,GooglePlay,2025-08-08,0,99999999},,,
Order Complete (App),,ads_remove,7700,1,중전경라,14,GooglePlay,2025-08-08,0,99999999},,,
Order Complete (App),,ads_remove,7700,1,Hextor,4,GooglePlay,2025-08-08,0,99999999},,,
Order Complete (App),,ruby_6,110000,7,소담소민,480,GooglePlay,2025-08-01,2750000,26},,,
Order Complete (App),,ruby_6,110000,7,소담소민,480,GooglePlay,2025-08-01,2640000,26},,,
Order Complete (App),,ruby_6,110000,7,소담소민,480,GooglePlay,2025-08-01,2530000,26},,,
Order Complete (App),,ruby_2,6600,4,노르보,174,GooglePlay,2025-08-05,36300,4047},,,
Order Complete (App),,ads_remove,7700,1,GodSssu,24,GooglePlay,2025-08-08,0,16014},,,
Order Complete (App),,ads_remove,7700,1,호동왕자,37,GooglePlay,2025-08-07,0,14817},,,
Order Complete (App),,ruby_1,1100,3,거산호,66,GooglePlay,2025-08-06,0,9587},,,
Order Complete (App),,ruby_3,11000,4,조승연,231,GooglePlay,2025-08-04,159500,2654},,,
Order Complete (App),,ruby_3,11000,2,석찬,117,GooglePlay,2025-08-07,18700,5488},,,
Order Complete (App),,ruby_5,55000,15,로머드,267,GooglePlay,2025-07-24,88000,1443},,,
Order Complete (App),,ads_remove,7700,2,도화지,81,GooglePlay,2025-08-07,0,7866},,,
Order Complete (App),,ruby_5,55000,15,Lr비,396,GooglePlay,2025-07-25,418000,90},,,
Order Complete (App),,ruby_4,33000,15,rubidu,293,GooglePlay,2025-07-25,88000,748},,,
Order Complete (App),,ruby_4,33000,15,Lr비,391,GooglePlay,2025-07-25,385000,90},,,
Order Complete (App),,ads_remove,7700,1,주옥꾸미,18,GooglePlay,2025-08-08,0,99999999},,,
Order Complete (App),,ruby_2,6600,12,톰달,251,GooglePlay,2025-07-28,71500,2147},,,
Order Complete (App),,ruby_2,6600,13,꼬치쓰,321,GooglePlay,2025-07-27,231000,542},,,
Order Complete (App),,ruby_4,33000,15,손발을두잇,226,GooglePlay,2025-07-24,18700,2935},,,
Order Complete (App),,ruby_4,33000,3,여이,101,GooglePlay,2025-08-06,36300,6119},,,
Order Complete (App),,ruby_4,33000,3,zenz,262,GooglePlay,2025-08-05,201300,2502},,,
Order Complete (App),,ads_remove,7700,1,레고77,4,GooglePlay,2025-08-08,0,99999999},,,
Order Complete (App),,ads_remove,7700,2,Valis49,55,GooglePlay,2025-08-07,0,10902},,,
Order Complete (App),,ruby_3,11000,19,수라드,328,GooglePlay,2025-07-21,57200,442},,,
Order Complete (App),,ruby_3,11000,12,톰달,247,GooglePlay,2025-07-28,60500,2147},,,
Order Complete (App),,ruby_5,55000,19,베노미,456,GooglePlay,2025-07-21,941600,38},,,
Order Complete (App),,ruby_2,6600,2,인츄,114,GooglePlay,2025-08-07,11000,5666},,,
Order Complete (App),,ads_remove,7700,1,칼밥이,5,GooglePlay,2025-08-08,0,99999999},,,
Order Complete (App),,ruby_4,33000,3,zenz,252,GooglePlay,2025-08-05,168300,2502},,,
Order Complete (App),,ruby_3,11000,2,석찬,100,GooglePlay,2025-08-07,7700,6244},,,
Order Complete (App),,ruby_4,33000,22,로봇,411,GooglePlay,2025-07-18,452100,78},,,
Order Complete (App),,ads_remove,7700,1,장지웅,15,GooglePlay,2025-08-07,0,99999999},,,
Order Complete (App),,ruby_3,11000,19,애플청포도,348,GooglePlay,2025-07-20,190300,254},,,
Order Complete (App),,ruby_6,110000,11,암부,549,GooglePlay,2025-07-29,2977700,13},,,
Order Complete (App),,ruby_6,110000,19,베노미,450,OneStore,2025-07-21,941600,43},,,
Order Complete (App),,ruby_5,55000,3,zenz,229,GooglePlay,2025-08-05,113300,3671},,,
Order Complete (App),,ads_remove,7700,1,Remind,7,GooglePlay,2025-08-07,0,716},,,
Order Complete (App),,ruby_3,11000,3,zenz,218,GooglePlay,2025-08-05,102300,3671},,,
Order Complete (App),,ruby_3,11000,5,조엘,280,GooglePlay,2025-08-04,160600,1101},,,
Order Complete (App),,ruby_1,1100,20,광따,427,GooglePlay,2025-07-20,456500,64},,,
Order Complete (App),,ruby_4,33000,24,닝기밍,289,GooglePlay,2025-07-16,44000,863},,,
Order Complete (App),,ruby_3,11000,3,zenz,187,GooglePlay,2025-08-05,91300,3671},,,
Order Complete (App),,ruby_2,6600,9,금요일,328,GooglePlay,2025-07-30,398200,440},,,
Order Complete (App),,ruby_3,11000,9,금요일,328,GooglePlay,2025-07-30,380600,440},,,
Order Complete (App),,ads_remove,7700,1,칵씨,4,GooglePlay,2025-08-07,0,99999999},,,
Order Complete (App),,ruby_3,11000,3,zenz,187,GooglePlay,2025-08-05,80300,3671},,,
Order Complete (App),,ruby_3,11000,3,zenz,187,GooglePlay,2025-08-05,69300,3671},,,
Order Complete (App),,ruby_3,11000,3,zenz,186,GooglePlay,2025-08-05,58300,3671},,,
Order Complete (App),,ruby_3,11000,5,미드링,251,GooglePlay,2025-08-04,47300,2135},,,
Order Complete (App),,ruby_3,11000,1,대침투,53,GooglePlay,2025-08-07,7700,12013},,,
Order Complete (App),,ads_remove,7700,1,이순신7,7,GooglePlay,2025-08-07,0,99999999},,,
Order Complete (App),,ruby_1,1100,3,고오오,95,GooglePlay,2025-08-06,26400,6233},,,
Order Complete (App),,ruby_1,1100,3,고오오,95,GooglePlay,2025-08-06,25300,6233},,,
Order Complete (App),,ruby_2,6600,3,고오오,95,GooglePlay,2025-08-06,18700,6233},,,
Order Complete (App),,ruby_3,11000,3,고오오,95,GooglePlay,2025-08-06,7700,6233},,,
Order Complete (App),,ruby_2,6600,6,요거트슈,226,GooglePlay,2025-08-03,51700,3153},,,
Order Complete (App),,ads_remove,7700,1,JJH02,6,GooglePlay,2025-08-07,0,99999999},,,
Order Complete (App),,ads_remove,7700,1,약속박대,41,GooglePlay,2025-08-07,0,15991},,,
Order Complete (App),,ruby_1,1100,23,지피지기,346,GooglePlay,2025-07-16,104500,265},,,
Order Complete (App),,ruby_2,6600,23,지피지기,346,GooglePlay,2025-07-16,97900,265},,,
Order Complete (App),,ruby_1,1100,296,전설방패,850,OneStore,2024-10-16,252500,54},,,
Order Complete (App),,ruby_2,6600,8,가정주부,311,GooglePlay,2025-08-01,105600,595},,,
Order Complete (App),,ads_remove,7700,1,cherius,43,GooglePlay,2025-08-07,0,14104},,,
Order Complete (App),,ads_remove,7700,1,대침투,8,GooglePlay,2025-08-07,0,99999999},,,
Order Complete (App),,ruby_4,33000,8,나는새,183,GooglePlay,2025-08-01,62700,3765},,,
Order Complete (App),,ruby_3,11000,10,냉균,383,GooglePlay,2025-07-29,436700,122},,,
Order Complete (App),,ruby_3,11000,21,절대무적,466,GooglePlay,2025-07-18,647900,32},,,
Order Complete (App),,ruby_2,6600,16,개패는처녀,302,GooglePlay,2025-07-24,25300,637},,,
Order Complete (App),,ads_remove,7700,1,tffgh,7,GooglePlay,2025-08-07,0,99999999},,,
Order Complete (App),,ruby_3,11000,17,여름이니까,440,GooglePlay,2025-07-22,718300,53},,,
Order Complete (App),,ruby_4,33000,12,o해요,330,GooglePlay,2025-07-28,561000,407},,,
Order Complete (App),,ruby_5,55000,17,여름이니까,440,GooglePlay,2025-07-22,663300,53},,,
Order Complete (App),,ruby_3,11000,22,방귀꾼,359,GooglePlay,2025-07-18,235400,206},,,
Order Complete (App),,ads_remove,7700,1,태권상화,9,GooglePlay,2025-08-07,0,99999999},,,
Order Complete (App),,ruby_4,33000,10,코리아se스머신,372,GooglePlay,2025-07-30,601700,143},,,
Order Complete (App),,ruby_5,55000,10,코리아se스머신,372,GooglePlay,2025-07-30,546700,143},,,
Order Complete (App),,ruby_3,11000,20,광따,426,GooglePlay,2025-07-20,445500,64},,,
Order Complete (App),,ruby_4,33000,18,난세이,285,GooglePlay,2025-07-19,7700,1073},,,
Order Complete (App),,ads_remove,7700,1,만개꽃,8,GooglePlay,2025-08-07,0,99999999},,,
Order Complete (App),,ruby_4,33000,20,talgol,377,GooglePlay,2025-07-20,293700,128},,,
Order Complete (App),,ads_remove,7700,1,밤나비아,5,GooglePlay,2025-08-07,0,14091},,,
Order Complete (App),,ruby_2,6600,20,하야안,369,GooglePlay,2025-07-20,302500,166},,,
Order Complete (App),,ads_remove,7700,7,흑호령,152,GooglePlay,2025-08-02,0,4364},,,
Order Complete (App),,ruby_3,11000,7,국밥맛킷캣,252,GooglePlay,2025-08-02,115500,1979},,,
Order Complete (App),,ruby_4,33000,7,국밥맛킷캣,252,GooglePlay,2025-08-02,82500,1979},,,
Order Complete (App),,ruby_3,11000,3,zenz,173,GooglePlay,2025-08-05,47300,4064},,,
Order Complete (App),,ads_remove,7700,11,사해장로,96,GooglePlay,2025-07-29,0,6213},,,
Order Complete (App),,ruby_2,6600,12,뷔제,247,GooglePlay,2025-07-28,14300,2229},,,
Order Complete (App),,ruby_4,33000,4,대도너구리,166,GooglePlay,2025-08-05,56100,4234},,,
Order Complete (App),,ruby_2,6600,12,뷔제,247,GooglePlay,2025-07-28,7700,2229},,,
Order Complete (App),,ruby_3,11000,4,대도너구리,166,GooglePlay,2025-08-05,45100,4234},,,
Order Complete (App),,ruby_3,11000,9,한결도희,277,GooglePlay,2025-07-30,146300,1133},,,
Order Complete (App),,ruby_3,11000,4,대도너구리,166,GooglePlay,2025-08-05,34100,4234},,,
Order Complete (App),,ruby_4,33000,10,코리아se스머신,368,GooglePlay,2025-07-30,513700,159},,,
Order Complete (App),,ads_remove,7700,1,나이스팅,12,GooglePlay,2025-08-07,0,99999999},,,
Order Complete (App),,ruby_4,33000,3,펭구7,155,GooglePlay,2025-08-05,39600,4573},,,
Order Complete (App),,ruby_2,6600,14,그루터기,353,GooglePlay,2025-07-26,394900,225},,,
Order Complete (App),,ruby_4,33000,4,백초거,169,GooglePlay,2025-08-05,33000,4198},,,
Order Complete (App),,ruby_1,1100,4,조승연,228,GooglePlay,2025-08-04,158400,2763},,,
Order Complete (App),,ruby_4,33000,14,그루터기,351,GooglePlay,2025-07-26,361900,234},,,
Order Complete (App),,ruby_1,1100,3,펭구7,151,GooglePlay,2025-08-05,39600,4573},,,
Order Complete (App),,ruby_1,1100,3,펭구7,151,GooglePlay,2025-08-05,38500,4573},,,
Order Complete (App),,ruby_1,1100,3,펭구7,151,GooglePlay,2025-08-05,36300,4573},,,
Order Complete (App),,ruby_2,6600,11,하늘고백,273,GooglePlay,2025-07-29,13200,1370},,,
Order Complete (App),,ruby_1,1100,3,카몽,115,GooglePlay,2025-08-06,11000,5796},,,
Order Complete (App),,ruby_1,1100,3,카몽,115,GooglePlay,2025-08-06,11000,5796},,,
Order Complete (App),,ruby_1,1100,3,카몽,115,GooglePlay,2025-08-06,7700,5796},,,
Order Complete (App),,ruby_3,11000,3,디볼브,54,GooglePlay,2025-08-06,0,12302},,,
Order Complete (App),,ruby_1,1100,11,하늘고백,271,GooglePlay,2025-07-29,12100,1370},,,
Order Complete (App),,ruby_3,11000,4,조승연,222,GooglePlay,2025-08-04,147400,2958},,,
Order Complete (App),,ruby_4,33000,12,루아베니,371,GooglePlay,2025-07-17,739200,143},,,
Order Complete (App),,ruby_1,1100,21,구독자,371,GooglePlay,2025-07-18,210100,174},,,
Order Complete (App),,ruby_1,1100,12,루아베니,371,GooglePlay,2025-07-17,738100,143},,,
Order Complete (App),,ruby_2,6600,3,로히,101,GooglePlay,2025-08-04,7700,9865},,,
Order Complete (App),,ruby_2,6600,4,조승연,219,GooglePlay,2025-08-04,140800,2958},,,
Order Complete (App),,ads_remove,7700,1,공장장,4,GooglePlay,2025-08-07,0,99999999},,,
Order Complete (App),,ruby_4,33000,21,구독자,368,GooglePlay,2025-07-18,177100,174},,,
Order Complete (App),,ruby_6,110000,11,암부,549,GooglePlay,2025-07-29,2867700,13},,,
Order Complete (App),,ads_remove,7700,18,솔예,247,GooglePlay,2025-07-17,0,2168},,,
Order Complete (App),,ruby_1,1100,17,태건이,271,GooglePlay,2025-07-23,0,1332},,,
Order Complete (App),,ruby_2,6600,7,물빛,227,GooglePlay,2025-08-02,45100,2958},,,
Order Complete (App),,ruby_3,11000,21,구독자,367,GooglePlay,2025-07-18,166100,174},,,
Order Complete (App),,ruby_3,11000,14,길동사마,295,GooglePlay,2025-07-26,139700,695},,,
Order Complete (App),,ruby_5,55000,14,길동사마,295,GooglePlay,2025-07-26,84700,695},,,
Order Complete (App),,ruby_4,33000,15,들개군단,255,GooglePlay,2025-07-24,40700,1812},,,
Order Complete (App),,ruby_1,1100,1,근쨩,25,GooglePlay,2025-08-07,6600,15958},,,
Order Complete (App),,ruby_2,6600,1,근쨩,25,GooglePlay,2025-08-07,0,15958},,,
Order Complete (App),,ruby_4,33000,14,길동사마,274,GooglePlay,2025-07-26,51700,1166},,,
Order Complete (App),,ruby_4,33000,11,일해라정차장,354,GooglePlay,2025-07-29,328900,224},,,
Order Complete (App),,ads_remove,7700,2,스우0620,90,GooglePlay,2025-08-07,0,7042},,,
Order Complete (App),,ruby_2,6600,11,일해라정차장,354,GooglePlay,2025-07-29,322300,224},,,
Order Complete (App),,ruby_5,55000,3,야촌,350,GooglePlay,2025-08-06,770000,245},,,
Order Complete (App),,ruby_6,110000,24,김승원,499,GooglePlay,2025-07-16,880000,21},,,
Order Complete (App),,ruby_3,11000,19,허요허요,356,GooglePlay,2025-07-21,176000,213},,,
Order Complete (App),,ruby_3,11000,2,정끄롱,41,GooglePlay,2025-08-06,0,15945},,,
Order Complete (App),,ads_remove,7700,1,박격,4,GooglePlay,2025-08-07,0,99999999},,,
Order Complete (App),,ruby_3,11000,4,탄령,306,GooglePlay,2025-08-05,510400,688},,,
Order Complete (App),,ruby_1,1100,21,남궁세가,286,GooglePlay,2025-07-19,22000,949},,,
Order Complete (App),,ruby_2,6600,21,남궁세가,286,GooglePlay,2025-07-19,14300,949},,,
Order Complete (App),,ruby_2,6600,5,조엘,271,GooglePlay,2025-08-04,154000,1547},,,
Order Complete (App),,ruby_4,33000,4,탄령,306,GooglePlay,2025-08-05,477400,688},,,
Order Complete (App),,ads_remove,7700,1,눈누난지,4,GooglePlay,2025-08-07,0,99999999},,,
Order Complete (App),,ruby_1,1100,3,뇰드,81,GooglePlay,2025-08-05,7700,9053},,,
Order Complete (App),,ruby_2,6600,3,뇰드,81,GooglePlay,2025-08-05,0,9053},,,
Order Complete (App),,ruby_1,1100,4,탄령,300,GooglePlay,2025-08-05,476300,688},,,
Order Complete (App),,ruby_3,11000,23,난중일기,426,OneStore,2025-07-17,183700,68},,,
Order Complete (App),,ads_remove,7700,2,돌파,41,GooglePlay,2025-08-07,0,15939},,,
Order Complete (App),,ruby_5,55000,12,북부역사학자,276,GooglePlay,2025-07-27,99000,1248},,,
Order Complete (App),,ruby_3,11000,5,조엘,266,GooglePlay,2025-08-04,143000,1547},,,
Order Complete (App),,ruby_5,55000,2,돌비,32,GooglePlay,2025-08-07,0,15941},,,
Order Complete (App),,ruby_2,6600,2,혼자만두,36,GooglePlay,2025-08-07,7700,14590},,,
Order Complete (App),,ruby_3,11000,5,짱주숭,287,GooglePlay,2025-08-04,257400,896},,,
Order Complete (App),,ruby_3,11000,5,조엘,266,GooglePlay,2025-08-04,132000,1547},,,
Order Complete (App),,ruby_4,33000,21,태백,451,GooglePlay,2025-07-18,667700,43},,,
Order Complete (App),,ruby_2,6600,22,duck,293,GooglePlay,2025-07-16,117700,717},,,
Order Complete (App),,ruby_3,11000,21,송송송,298,GooglePlay,2025-07-19,55000,660},,,
Order Complete (App),,ruby_4,33000,2,에딘,96,GooglePlay,2025-08-06,7700,6143},,,
Order Complete (App),,ruby_4,33000,23,엉망,698,GooglePlay,2025-07-17,2616900,6},,,
Order Complete (App),,ruby_1,1100,2,란셀롯,66,GooglePlay,2025-08-07,26400,9267},,,
Order Complete (App),,ruby_6,110000,19,럭키스트라이크,550,OneStore,2025-07-21,1830400,12},,,
Order Complete (App),,ruby_1,1100,2,란셀롯,66,GooglePlay,2025-08-07,25300,9267},,,
Order Complete (App),,ruby_2,6600,2,란셀롯,66,GooglePlay,2025-08-07,18700,9267},,,
Order Complete (App),,ruby_3,11000,2,란셀롯,66,GooglePlay,2025-08-07,7700,9267},,,
Order Complete (App),,ruby_3,11000,22,방랑검객,383,OneStore,2025-07-17,210100,120},,,
Order Complete (App),,ads_remove,7700,1,혼자만두,24,GooglePlay,2025-08-07,0,15546},,,
Order Complete (App),,ruby_2,6600,3,대도너구리,128,GooglePlay,2025-08-05,27500,4988},,,
Order Complete (App),,ruby_3,11000,1,SMHong,51,GooglePlay,2025-08-07,0,11549},,,
Order Complete (App),,ruby_4,33000,21,심대표,431,GooglePlay,2025-07-18,383900,58},,,
Order Complete (App),,ads_remove,7700,1,땀제이,15,GooglePlay,2025-08-07,0,99999999},,,
Order Complete (App),,ads_remove,7700,1,바시,7,GooglePlay,2025-08-07,0,99999999},,,
Order Complete (App),,ruby_2,6600,16,엘지와,237,GooglePlay,2025-07-17,7700,2353},,,
Order Complete (App),,ruby_2,6600,2,젤이쁜울아덜,84,GooglePlay,2025-08-06,27500,7586},,,
Order Complete (App),,ruby_4,33000,7,쌈쟁이,254,GooglePlay,2025-07-31,326700,1794},,,
Order Complete (App),,ruby_2,6600,2,젤이쁜울아덜,84,GooglePlay,2025-08-06,14300,7586},,,
Order Complete (App),,ruby_2,6600,2,젤이쁜울아덜,84,GooglePlay,2025-08-06,7700,7586},,,
Order Complete (App),,ruby_3,11000,13,러브유애나,206,GooglePlay,2025-07-25,40700,3747},,,
Order Complete (App),,ruby_2,6600,4,짱주숭,286,GooglePlay,2025-08-04,250800,995},,,
Order Complete (App),,ruby_4,33000,7,쌈쟁이,254,GooglePlay,2025-07-31,293700,1794},,,
Order Complete (App),,ruby_1,1100,15,천상빛,251,GooglePlay,2025-07-24,20900,2206},,,
Order Complete (App),,ads_remove,7700,1,김웽운,5,GooglePlay,2025-08-07,0,99999999},,,
Order Complete (App),,ruby_3,11000,19,헤롱이,426,GooglePlay,2025-07-20,733700,72},,,
Order Complete (App),,ruby_2,6600,21,비련,366,GooglePlay,2025-07-18,72600,168},,,
Order Complete (App),,ruby_4,33000,4,오봉남,119,GooglePlay,2025-08-03,40700,5210},,,
Order Complete (App),,ruby_4,33000,4,오봉남,119,GooglePlay,2025-08-03,7700,5210},,,
Order Complete (App),,ruby_6,110000,5,쵸돈단스,330,OneStore,2025-08-03,678700,393},,,
Order Complete (App),,ads_remove,7700,1,혈사,8,GooglePlay,2025-08-07,0,99999999},,,
Order Complete (App),,ruby_2,6600,1,suhyeon,146,GooglePlay,2025-08-06,60500,4606},,,
Order Complete (App),,ruby_4,33000,1,토오리,25,GooglePlay,2025-08-07,0,15913},,,
Order Complete (App),,ruby_2,6600,6,벤야,308,GooglePlay,2025-08-01,372900,938},,,
Order Complete (App),,ruby_1,1100,1,유음,24,GooglePlay,2025-08-07,6600,15910},,,
Order Complete (App),,ads_remove,7700,1,뚱이다,5,GooglePlay,2025-08-07,0,99999999},,,
Order Complete (App),,ruby_2,6600,1,유음,24,GooglePlay,2025-08-07,0,15910},,,
Order Complete (App),,ads_remove,7700,6,버드나무1983,75,GooglePlay,2025-08-02,0,8624},,,
Order Complete (App),,ruby_5,55000,1,신지훈,152,GooglePlay,2025-08-07,286000,4418},,,
Order Complete (App),,ruby_6,110000,1,신지훈,152,GooglePlay,2025-08-07,121000,4418},,,
Order Complete (App),,ruby_3,11000,7,최무사,270,GooglePlay,2025-08-01,121000,1273},,,
Order Complete (App),,ruby_3,11000,7,최무사,270,GooglePlay,2025-08-01,110000,1273},,,
Order Complete (App),,ruby_3,11000,6,간웅,185,GooglePlay,2025-08-02,7700,3813},,,
Order Complete (App),,ads_remove,7700,2,블루문,24,GooglePlay,2025-08-05,0,15340},,,
Order Complete (App),,ruby_3,11000,6,벤야,288,GooglePlay,2025-08-01,361900,938},,,
Order Complete (App),,ads_remove,7700,1,혼또모,24,GooglePlay,2025-08-07,0,15907},,,
Order Complete (App),,ruby_3,11000,1,인츄,28,GooglePlay,2025-08-07,0,15337},,,
Order Complete (App),,ruby_5,55000,6,벤야,288,GooglePlay,2025-08-01,306900,938},,,
Order Complete (App),,ruby_4,33000,6,벤야,288,GooglePlay,2025-08-01,273900,938},,,
Order Complete (App),,ruby_2,6600,6,벤야,286,GooglePlay,2025-08-01,267300,938},,,
Order Complete (App),,ads_remove,7700,1,표운대덕,5,GooglePlay,2025-08-07,0,99999999},,,
Order Complete (App),,ruby_3,11000,5,까에,196,GooglePlay,2025-08-03,55000,3243},,,
Order Complete (App),,ruby_3,11000,1,이낙연,27,GooglePlay,2025-08-07,0,15126},,,
Order Complete (App),,ads_remove,7700,1,폼미쳤냥,8,GooglePlay,2025-08-07,0,99999999},,,
Order Complete (App),,ruby_2,6600,12,남해,271,GooglePlay,2025-07-27,7700,1230},,,
Order Complete (App),,ruby_4,33000,20,꿀곰,288,GooglePlay,2025-07-19,7700,829},,,
Order Complete (App),,ruby_1,1100,1,골퍼냥,29,GooglePlay,2025-08-07,6600,14704},,,
Order Complete (App),,ruby_2,6600,1,골퍼냥,29,GooglePlay,2025-08-07,0,14704},,,
Order Complete (App),,ads_remove,7700,1,을지소문,9,GooglePlay,2025-08-07,0,99999999},,,
Order Complete (App),,ruby_4,33000,1,신지훈,100,GooglePlay,2025-08-07,88000,6077},,,
Order Complete (App),,ads_remove,7700,1,Reus,21,GooglePlay,2025-08-07,0,99999999},,,
Order Complete (App),,ads_remove,7700,1,실버문,5,GooglePlay,2025-08-07,0,99999999},,,
Order Complete (App),,ruby_5,55000,14,신혜공주,302,GooglePlay,2025-07-25,117700,618},,,
Order Complete (App),,ruby_2,6600,3,탄령,292,GooglePlay,2025-08-05,469700,796},,,
Order Complete (App),,ruby_2,6600,6,국밥맛킷캣,249,GooglePlay,2025-08-02,75900,1974},,,
Order Complete (App),,ruby_2,6600,3,풍운우사,118,GooglePlay,2025-08-04,7700,5286},,,
Order Complete (App),,ruby_1,1100,2,김옥희,66,GooglePlay,2025-08-06,7700,9825},,,
Order Complete (App),,ruby_2,6600,2,김옥희,66,GooglePlay,2025-08-06,0,9825},,,
Order Complete (App),,ruby_4,33000,14,갓세종,387,GooglePlay,2025-07-24,390500,97},,,
Order Complete (App),,ruby_4,33000,1,신지훈,59,GooglePlay,2025-08-07,55000,10806},,,
Order Complete (App),,ruby_5,55000,1,신지훈,59,GooglePlay,2025-08-07,0,10806},,,
Order Complete (App),,ruby_2,6600,14,갓세종,380,GooglePlay,2025-07-24,383900,121},,,
Order Complete (App),,ruby_1,1100,16,봉고,328,GooglePlay,2025-07-22,66000,417},,,
Order Complete (App),,ruby_2,6600,16,봉고,328,GooglePlay,2025-07-22,58300,417},,,
Order Complete (App),,ads_remove,7700,2,InD,71,GooglePlay,2025-08-06,0,8471},,,
Order Complete (App),,ads_remove,7700,1,시읏,5,GooglePlay,2025-08-07,0,99999999},,,
Order Complete (App),,ruby_5,55000,14,갓세종,380,GooglePlay,2025-07-24,328900,121},,,
Order Complete (App),,ruby_4,33000,3,탄령,290,GooglePlay,2025-08-05,436700,796},,,
Order Complete (App),,ruby_4,33000,11,밥이,269,GooglePlay,2025-07-28,24200,1450},,,
Order Complete (App),,ads_remove,7700,1,상큼파잇,11,GooglePlay,2025-08-07,0,99999999},,,
Order Complete (App),,ads_remove,7700,3,소은잉,62,GooglePlay,2025-08-04,0,9823},,,
Order Complete (App),,ruby_3,11000,1,홍구,50,GooglePlay,2025-08-07,7700,12243},,,
Order Complete (App),,ads_remove,7700,1,피연,12,GooglePlay,2025-08-07,0,99999999},,,
Order Complete (App),,ruby_2,6600,11,밥이,266,GooglePlay,2025-07-28,17600,1450},,,
Order Complete (App),,ads_remove,7700,1,호호호소,4,GooglePlay,2025-08-07,0,99999999},,,
Order Complete (App),,ads_remove,7700,1,하우자,4,GooglePlay,2025-08-07,0,99999999},,,
Order Complete (App),,ads_remove,7700,1,러비,7,GooglePlay,2025-08-07,0,99999999},,,
Order Complete (App),,ruby_2,6600,11,밥이,266,GooglePlay,2025-07-28,11000,1450},,,
Order Complete (App),,ruby_6,110000,24,쿠빈,404,GooglePlay,2025-07-15,678700,938},,,
Order Complete (App),,ruby_2,6600,1,물귀,41,GooglePlay,2025-08-06,7700,13085},,,
Order Complete (App),,ruby_2,6600,1,suhyeon,138,GooglePlay,2025-08-06,53900,4820},,,
Order Complete (App),,ruby_2,6600,21,마갈곤,328,GooglePlay,2025-07-17,52800,413},,,
Order Complete (App),,ads_remove,7700,1,짤밮,36,GooglePlay,2025-08-06,0,13799},,,
Order Complete (App),,ads_remove,7700,1,겨울엔선풍기,12,GooglePlay,2025-08-07,0,99999999},,,
Order Complete (App),,ruby_6,110000,8,금요일,322,GooglePlay,2025-07-30,270600,500},,,
Order Complete (App),,ruby_1,1100,10,아이디없다,92,GooglePlay,2025-07-26,7700,6489},,,
Order Complete (App),,ruby_2,6600,10,아이디없다,92,GooglePlay,2025-07-26,0,6489},,,
Order Complete (App),,ads_remove,7700,22,이별,291,GooglePlay,2025-07-17,0,732},,,
Order Complete (App),,ruby_2,6600,1,suhyeon,133,GooglePlay,2025-08-06,47300,4820},,,
Order Complete (App),,ruby_2,6600,3,고고려,152,GooglePlay,2025-08-05,13200,4399},,,
Order Complete (App),,ruby_2,6600,1,suhyeon,133,GooglePlay,2025-08-06,40700,4820},,,
Order Complete (App),,ruby_1,1100,1,창제,24,GooglePlay,2025-08-07,7700,15866},,,
Order Complete (App),,ruby_2,6600,1,창제,24,GooglePlay,2025-08-07,0,15866},,,
Order Complete (App),,ruby_2,6600,1,이순신빙상장,48,GooglePlay,2025-08-06,7700,12107},,,
Order Complete (App),,ruby_2,6600,18,수라드,297,GooglePlay,2025-07-21,50600,643},,,
Order Complete (App),,ruby_4,33000,1,단기계획,43,GooglePlay,2025-08-07,0,13083},,,
Order Complete (App),,ruby_3,11000,9,ytkim822,235,GooglePlay,2025-07-30,51700,2362},,,
Order Complete (App),,ruby_2,6600,10,일해라정차장,346,GooglePlay,2025-07-29,315700,251},,,
Order Complete (App),,ruby_3,11000,2,쩡기영,107,GooglePlay,2025-08-06,7700,5805},,,
Order Complete (App),,ads_remove,7700,1,수동시,5,GooglePlay,2025-08-07,0,99999999},,,
Order Complete (App),,ads_remove,7700,1,자냔민,38,GooglePlay,2025-08-07,0,14155},,,
Order Complete (App),,ruby_5,55000,10,일해라정차장,346,GooglePlay,2025-07-29,260700,251},,,
Order Complete (App),,ruby_4,33000,5,Virr,173,GooglePlay,2025-08-03,18700,4386},,,
Order Complete (App),,ruby_6,110000,6,소담소민,469,GooglePlay,2025-08-01,2530000,28},,,
Order Complete (App),,ruby_6,110000,6,소담소민,469,GooglePlay,2025-08-01,2310000,28},,,
Order Complete (App),,ruby_5,55000,2,야촌,347,GooglePlay,2025-08-06,715000,283},,,
Order Complete (App),,ads_remove,7700,1,란셀롯,5,GooglePlay,2025-08-07,0,99999999},,,
Order Complete (App),,ruby_5,55000,23,kuwoo,289,GooglePlay,2025-07-16,29700,792},,,
Order Complete (App),,ruby_3,11000,21,방랑검객,383,OneStore,2025-07-17,199100,117},,,
Order Complete (App),,ruby_6,110000,6,소담소민,467,GooglePlay,2025-08-01,2200000,28},,,
Order Complete (App),,ruby_6,110000,6,소담소민,467,GooglePlay,2025-08-01,2090000,28},,,
Order Complete (App),,ruby_6,110000,19,부릉부릉,848,OneStore,2025-07-20,6277700,2},,,
Order Complete (App),,ruby_3,11000,13,도치야,350,GooglePlay,2025-07-16,328900,232},,,
Order Complete (App),,ruby_2,6600,8,잉어킹2,191,GooglePlay,2025-07-31,14300,3354},,,
Order Complete (App),,ruby_3,11000,20,쿠두스,292,GooglePlay,2025-07-18,18700,709},,,
Order Complete (App),,ruby_3,11000,5,Virr,150,GooglePlay,2025-08-03,7700,4386},,,
Order Complete (App),,ruby_3,11000,20,쿠두스,292,GooglePlay,2025-07-18,7700,709},,,
Order Complete (App),,ruby_2,6600,6,승질승,247,GooglePlay,2025-08-02,58300,2122},,,
Order Complete (App),,ruby_3,11000,14,rubidu,287,GooglePlay,2025-07-25,77000,913},,,
Order Complete (App),,ads_remove,7700,1,연주,5,GooglePlay,2025-08-07,0,99999999},,,
Order Complete (App),,ruby_6,110000,19,부릉부릉,827,OneStore,2025-07-20,6167700,2},,,
Order Complete (App),,ads_remove,7700,1,그니이,6,GooglePlay,2025-08-07,0,99999999},,,
Order Complete (App),,ads_remove,7700,1,홍구,4,GooglePlay,2025-08-07,0,99999999},,,
Order Complete (App),,ruby_3,11000,6,뽄요,187,GooglePlay,2025-08-02,94600,3726},,,
Order Complete (App),,ruby_4,33000,14,rubidu,286,GooglePlay,2025-07-25,44000,913},,,
Order Complete (App),,ruby_1,1100,12,꼬치쓰,313,GooglePlay,2025-07-27,231000,538},,,
Order Complete (App),,ruby_1,1100,12,꼬치쓰,313,GooglePlay,2025-07-27,228800,538},,,
Order Complete (App),,ruby_6,110000,19,부릉부릉,827,OneStore,2025-07-20,6057700,2},,,
Order Complete (App),,ruby_6,110000,19,부릉부릉,827,OneStore,2025-07-20,5947700,2},,,
Order Complete (App),,ruby_5,55000,12,꼬치쓰,313,GooglePlay,2025-07-27,173800,538},,,
Order Complete (App),,ads_remove,7700,1,아빠빠,4,GooglePlay,2025-08-07,0,99999999},,,
Order Complete (App),,ruby_6,110000,22,은월랑,451,GooglePlay,2025-07-17,1172600,40},,,
Order Complete (App),,ads_remove,7700,1,카우보이,19,GooglePlay,2025-08-07,0,99999999},,,
Order Complete (App),,ads_remove,7700,1,봄같은나라,22,GooglePlay,2025-08-07,0,15846},,,
Order Complete (App),,ruby_2,6600,3,조승연,190,GooglePlay,2025-08-04,134200,3769},,,
Order Complete (App),,ruby_2,6600,4,끼랄,187,GooglePlay,2025-08-03,227700,3588},,,
Order Complete (App),,ruby_5,55000,4,끼랄,187,GooglePlay,2025-08-03,172700,3588},,,
Order Complete (App),,ruby_3,11000,3,조승연,182,GooglePlay,2025-08-04,123200,3769},,,
Order Complete (App),,ads_remove,7700,1,난세표유rl,43,GooglePlay,2025-08-07,0,13619},,,
Order Complete (App),,ruby_4,33000,3,조승연,180,GooglePlay,2025-08-04,90200,3769},,,
Order Complete (App),,ruby_1,1100,280,큐브,846,OneStore,2024-10-30,91300,54},,,
Order Complete (App),,ads_remove,7700,2,도상,87,GooglePlay,2025-08-06,0,7142},,,
Order Complete (App),,ruby_4,33000,13,haro,218,GooglePlay,2025-07-25,36300,2834},,,
Order Complete (App),,ruby_5,55000,2,야촌,321,GooglePlay,2025-08-06,660000,575},,,
Order Complete (App),,ruby_3,11000,1,영신이,24,GooglePlay,2025-08-07,0,15830},,,
Order Complete (App),,ruby_5,55000,2,야촌,308,GooglePlay,2025-08-06,605000,575},,,
Order Complete (App),,ads_remove,7700,1,러미,5,GooglePlay,2025-08-07,0,99999999},,,
Order Complete (App),,ads_remove,7700,1,Ryun,24,GooglePlay,2025-08-07,0,15827},,,
Order Complete (App),,ads_remove,7700,1,똠지뽀기,10,GooglePlay,2025-08-07,0,99999999},,,
Order Complete (App),,ruby_3,11000,2,푸카,89,OneStore,2025-08-06,27500,6975},,,
Order Complete (App),,ruby_1,1100,2,푸카,89,GooglePlay,2025-08-06,16500,6975},,,
Order Complete (App),,ruby_1,1100,2,푸카,89,GooglePlay,2025-08-06,14300,6975},,,
Order Complete (App),,ruby_2,6600,2,푸카,89,OneStore,2025-08-06,14300,6974},,,
Order Complete (App),,ruby_3,11000,2,리츠리데,91,GooglePlay,2025-08-06,18700,6974},,,
Order Complete (App),,ads_remove,7700,1,폴진,4,GooglePlay,2025-08-07,0,99999999},,,
Order Complete (App),,ruby_3,11000,17,두율대디,423,GooglePlay,2025-07-22,480700,69},,,
Order Complete (App),,ruby_2,6600,3,탄령,289,GooglePlay,2025-08-05,430100,910},,,
Order Complete (App),,ruby_2,6600,3,탄령,289,GooglePlay,2025-08-05,423500,910},,,
Order Complete (App),,ruby_1,1100,3,대도너구리,126,GooglePlay,2025-08-05,27500,5017},,,
Order Complete (App),,ruby_1,1100,3,대도너구리,126,GooglePlay,2025-08-05,25300,5017},,,
Order Complete (App),,ruby_3,11000,3,탄령,286,GooglePlay,2025-08-05,412500,910},,,
Order Complete (App),,ruby_2,6600,3,탄령,286,GooglePlay,2025-08-05,405900,910},,,
Order Complete (App),,ruby_2,6600,3,대도너구리,126,GooglePlay,2025-08-05,18700,5017},,,
Order Complete (App),,ads_remove,7700,1,난세무사,3,GooglePlay,2025-08-07,0,99999999},,,
Order Complete (App),,ruby_4,33000,3,탄령,286,GooglePlay,2025-08-05,372900,910},,,
Order Complete (App),,ruby_1,1100,3,탄령,286,GooglePlay,2025-08-05,371800,910},,,
Order Complete (App),,ads_remove,7700,1,강릉짱돌,11,GooglePlay,2025-08-07,0,99999999},,,
Order Complete (App),,ruby_6,110000,2,야촌,287,GooglePlay,2025-08-06,495000,854},,,
Order Complete (App),,ruby_6,110000,4,금재곱,350,GooglePlay,2025-08-04,817300,238},,,
Order Complete (App),,ruby_6,110000,4,오디나무,389,GooglePlay,2025-08-03,966900,91},,,
Order Complete (App),,ruby_2,6600,1,suhyeon,89,GooglePlay,2025-08-06,34100,7619},,,
Order Complete (App),,ruby_3,11000,7,또땡겨,357,GooglePlay,2025-07-31,631400,198},,,
Order Complete (App),,ruby_1,1100,6,우성이,254,GooglePlay,2025-08-02,130900,1740},,,
Order Complete (App),,ruby_1,1100,6,우성이,254,GooglePlay,2025-08-02,130900,1740},,,
Order Complete (App),,ruby_6,110000,8,옥지의빵빵이,366,GooglePlay,2025-07-31,634700,238},,,
Order Complete (App),,ruby_1,1100,6,우성이,254,GooglePlay,2025-08-02,128700,1740},,,
Order Complete (App),,ruby_2,6600,6,우성이,254,GooglePlay,2025-08-02,121000,1740},,,
Order Complete (App),,ruby_5,55000,6,우성이,254,GooglePlay,2025-08-02,66000,1740},,,
Order Complete (App),,ads_remove,7700,1,한입문감자,4,GooglePlay,2025-08-07,0,99999999},,,
Order Complete (App),,ads_remove,7700,1,석찬,4,GooglePlay,2025-08-07,0,99999999},,,
Order Complete (App),,ruby_2,6600,1,suhyeon,83,GooglePlay,2025-08-06,27500,7619},,,
Order Complete (App),,ruby_2,6600,1,suhyeon,83,GooglePlay,2025-08-06,20900,7619},,,
Order Complete (App),,ruby_4,33000,8,옥지의빵빵이,365,GooglePlay,2025-07-31,601700,238},,,
Order Complete (App),,ruby_3,11000,1,게임잘몰라요,25,GooglePlay,2025-08-07,0,15814},,,
Order Complete (App),,ads_remove,7700,3,푸리링,53,GooglePlay,2025-08-04,0,12449},,,
Order Complete (App),,ruby_3,11000,22,이플,348,GooglePlay,2025-07-17,14300,238},,,
Order Complete (App),,ruby_1,1100,8,금요일,286,GooglePlay,2025-07-30,269500,1131},,,
Order Complete (App),,ruby_2,6600,12,체리벼리,191,GooglePlay,2025-07-27,7700,3327},,,
Order Complete (App),,ruby_2,6600,8,금요일,286,GooglePlay,2025-07-30,262900,1131},,,
Order Complete (App),,ads_remove,7700,1,필수인증,7,GooglePlay,2025-08-07,0,99999999},,,
Order Complete (App),,ads_remove,7700,1,현마루,1,GooglePlay,2025-08-07,0,99999999},,,
Order Complete (App),,ruby_3,11000,8,금요일,286,GooglePlay,2025-07-30,251900,1131},,,
Order Complete (App),,ruby_6,110000,6,소담소민,450,GooglePlay,2025-08-01,1980000,42},,,
Order Complete (App),,ruby_5,55000,8,금요일,286,GooglePlay,2025-07-30,196900,1131},,,
Order Complete (App),,ruby_6,110000,8,옥지의빵빵이,347,GooglePlay,2025-07-31,491700,244},,,
Order Complete (App),,ruby_3,11000,1,까르보나라,45,GooglePlay,2025-08-07,0,15421},,,
Order Complete (App),,ruby_5,55000,8,금요일,276,GooglePlay,2025-07-30,141900,1131},,,
Order Complete (App),,ads_remove,7700,1,종하,7,GooglePlay,2025-08-07,0,99999999},,,
Order Complete (App),,ruby_3,11000,5,새내기,192,GooglePlay,2025-08-03,59400,3380},,,
Order Complete (App),,ruby_3,11000,1,지심,65,GooglePlay,2025-08-06,62700,9444},,,
Order Complete (App),,ads_remove,7700,3,도토리온천,84,GooglePlay,2025-08-05,0,7520},,,
Order Complete (App),,ruby_4,33000,17,느엥,299,GooglePlay,2025-07-20,27500,673},,,
Order Complete (App),,ruby_2,6600,2,야당동꿀주먹,24,GooglePlay,2025-08-06,7700,15795},,,
Order Complete (App),,ruby_1,1100,2,야당동꿀주먹,24,GooglePlay,2025-08-06,0,15795},,,
Order Complete (App),,ruby_1,1100,3,조승연,172,GooglePlay,2025-08-04,90200,3969},,,
Order Complete (App),,ruby_1,1100,3,조승연,172,GooglePlay,2025-08-04,88000,3969},,,
Order Complete (App),,ruby_1,1100,20,태백,449,GooglePlay,2025-07-18,667700,42},,,
Order Complete (App),,ruby_1,1100,20,태백,449,GooglePlay,2025-07-18,666600,42},,,
Order Complete (App),,ruby_1,1100,20,태백,449,GooglePlay,2025-07-18,664400,42},,,
Order Complete (App),,ruby_4,33000,16,꽃설,351,GooglePlay,2025-07-22,352000,216},,,
Order Complete (App),,ruby_5,55000,4,teamnose,228,GooglePlay,2025-08-03,152900,2603},,,
Order Complete (App),,ruby_5,55000,22,103,411,GooglePlay,2025-07-17,442200,74},,,
Order Complete (App),,ruby_2,6600,1,리리플,50,GooglePlay,2025-08-06,14300,12153},,,
Order Complete (App),,ads_remove,7700,24,good소영,284,GooglePlay,2025-07-15,0,2040},,,
Order Complete (App),,ads_remove,7700,1,뇽길동,44,GooglePlay,2025-08-06,0,12634},,,
Order Complete (App),,ads_remove,7700,1,개산근,4,GooglePlay,2025-08-06,0,99999999},,,
Order Complete (App),,ruby_3,11000,2,여이,93,GooglePlay,2025-08-06,25300,6275},,,
Order Complete (App),,ruby_2,6600,2,여이,93,GooglePlay,2025-08-06,18700,6275},,,
Order Complete (App),,ruby_3,11000,16,쿠쿵,426,GooglePlay,2025-07-23,545600,65},,,
Order Complete (App),,ruby_2,6600,1,suhyeon,75,GooglePlay,2025-08-06,14300,8104},,,
Order Complete (App),,ruby_2,6600,7,도라에몽표류기,292,GooglePlay,2025-08-01,214500,686},,,
Order Complete (App),,ruby_4,33000,17,길옥,345,GooglePlay,2025-07-22,264000,253},,,
Order Complete (App),,ruby_2,6600,5,꽃방블루스,187,GooglePlay,2025-08-03,22000,3549},,,
Order Complete (App),,ruby_4,33000,20,유궁귀,388,GooglePlay,2025-07-19,335500,97},,,
Order Complete (App),,ruby_1,1100,7,oasis,116,GooglePlay,2025-07-31,7700,6268},,,
Order Complete (App),,ruby_2,6600,7,oasis,116,GooglePlay,2025-07-31,0,6268},,,
Order Complete (App),,ruby_2,6600,1,suhyeon,70,GooglePlay,2025-08-06,7700,8540},,,
Order Complete (App),,ruby_1,1100,7,라면먹자,187,GooglePlay,2025-07-31,7700,3500},,,
Order Complete (App),,ruby_2,6600,7,라면먹자,187,GooglePlay,2025-07-31,0,3500},,,
Order Complete (App),,ads_remove,7700,2,최강종화,44,GooglePlay,2025-08-06,0,14518},,,
Order Complete (App),,ads_remove,7700,1,어허하하,7,GooglePlay,2025-08-07,0,99999999},,,
Order Complete (App),,ruby_4,33000,3,탄령,278,GooglePlay,2025-08-05,338800,1182},,,
Order Complete (App),,ruby_4,33000,2,난세uk,118,GooglePlay,2025-08-05,7700,5234},,,
Order Complete (App),,ads_remove,7700,1,약육강식,4,GooglePlay,2025-08-07,0,99999999},,,
Order Complete (App),,ads_remove,7700,1,DolI,5,GooglePlay,2025-08-07,0,99999999},,,
Order Complete (App),,ruby_3,11000,2,다크린,92,GooglePlay,2025-08-06,40700,6895},,,
Order Complete (App),,ruby_1,1100,2,ddohul,51,GooglePlay,2025-08-06,7700,11894},,,
Order Complete (App),,ruby_2,6600,2,ddohul,51,GooglePlay,2025-08-06,0,11894},,,
Order Complete (App),,ruby_6,110000,6,소담소민,429,GooglePlay,2025-08-01,1870000,59},,,
Order Complete (App),,ads_remove,7700,1,현노,1,GooglePlay,2025-08-07,0,99999999},,,
Order Complete (App),,ruby_6,110000,6,소담소민,429,GooglePlay,2025-08-01,1870000,59},,,
Order Complete (App),,ruby_4,33000,22,건호최고,372,GooglePlay,2025-07-17,277200,133},,,
Order Complete (App),,ruby_6,110000,4,금재곱,319,GooglePlay,2025-08-04,707300,634},,,
Order Complete (App),,ruby_6,110000,3,쏘가리,326,GooglePlay,2025-08-04,557700,427},,,
Order Complete (App),,ruby_6,110000,6,소담소민,429,GooglePlay,2025-08-01,1760000,59},,,
Order Complete (App),,ruby_6,110000,6,소담소민,429,GooglePlay,2025-08-01,1650000,59},,,
Order Complete (App),,ruby_6,110000,6,소담소민,429,GooglePlay,2025-08-01,1430000,59},,,
Order Complete (App),,ruby_3,11000,12,후라이드참새,286,GooglePlay,2025-07-27,183700,891},,,
Order Complete (App),,ads_remove,7700,1,suhyeon,55,GooglePlay,2025-08-06,0,10613},,,
Order Complete (App),,ads_remove,7700,1,환웅o,6,GooglePlay,2025-08-07,0,99999999},,,
Order Complete (App),,ads_remove,7700,1,조청,10,GooglePlay,2025-08-07,0,99999999},,,
Order Complete (App),,ruby_5,55000,2,야촌,285,GooglePlay,2025-08-06,440000,955},,,
Order Complete (App),,ruby_3,11000,3,탄령,271,GooglePlay,2025-08-05,327800,1182},,,
Order Complete (App),,ruby_4,33000,6,벤야,282,GooglePlay,2025-08-01,234300,1244},,,
Order Complete (App),,ruby_2,6600,1,리리플,50,GooglePlay,2025-08-06,7700,12153},,,
Order Complete (App),,ads_remove,7700,1,기을낙화,6,GooglePlay,2025-08-07,0,99999999},,,
Order Complete (App),,ruby_3,11000,3,탄령,271,GooglePlay,2025-08-05,316800,1182},,,
Order Complete (App),,ruby_3,11000,3,탄령,271,GooglePlay,2025-08-05,305800,1182},,,
Order Complete (App),,ruby_3,11000,4,태도,151,GooglePlay,2025-08-04,51700,4267},,,
Order Complete (App),,ruby_3,11000,4,태도,151,GooglePlay,2025-08-04,40700,4267},,,
Order Complete (App),,ruby_6,110000,4,오디나무,365,GooglePlay,2025-08-03,856900,166},,,
Order Complete (App),,ruby_3,11000,13,타이거통,306,GooglePlay,2025-07-26,242000,554},,,
Order Complete (App),,ruby_2,6600,8,갬성,266,GooglePlay,2025-07-31,118800,1400},,,
Order Complete (App),,ruby_3,11000,20,은선,386,GooglePlay,2025-07-19,265100,98},,,
Order Complete (App),,ruby_1,1100,5,진삼,215,GooglePlay,2025-08-03,47300,3204},,,
Order Complete (App),,ruby_3,11000,5,진삼,215,GooglePlay,2025-08-03,47300,3204},,,
Order Complete (App),,ruby_3,11000,5,진삼,215,GooglePlay,2025-08-03,25300,3204},,,
Order Complete (App),,ruby_6,110000,10,암부,528,GooglePlay,2025-07-29,2757700,17},,,
Order Complete (App),,ruby_5,55000,22,맘바,400,OneStore,2025-07-17,364100,79},,,
Order Complete (App),,ruby_3,11000,5,진삼,212,GooglePlay,2025-08-03,14300,3204},,,
Order Complete (App),,ruby_2,6600,2,니얼핥,81,GooglePlay,2025-08-06,14300,7904},,,
Order Complete (App),,ads_remove,7700,1,리리플,24,GooglePlay,2025-08-06,0,15769},,,
Order Complete (App),,ruby_1,1100,2,꾸기표류기,44,GooglePlay,2025-08-06,7700,15205},,,
Order Complete (App),,ruby_2,6600,2,꾸기표류기,44,GooglePlay,2025-08-06,0,15205},,,
Order Complete (App),,ads_remove,7700,2,젤이쁜울아덜,52,GooglePlay,2025-08-06,0,11112},,,
Order Complete (App),,ruby_5,55000,14,두식이아부지,314,GooglePlay,2025-07-24,355300,511},,,
Order Complete (App),,ads_remove,7700,2,카몽,11,GooglePlay,2025-08-06,0,99999999},,,
Order Complete (App),,ruby_1,1100,1,술커담,26,GooglePlay,2025-08-06,7700,14858},,,
Order Complete (App),,ruby_2,6600,1,술커담,26,GooglePlay,2025-08-06,0,14858},,,
Order Complete (App),,ads_remove,7700,2,불사대마왕,80,GooglePlay,2025-08-06,0,7775},,,
Order Complete (App),,ruby_5,55000,1,지심,56,GooglePlay,2025-08-06,7700,11760},,,
Order Complete (App),,ruby_3,11000,12,꼬치쓰,305,GooglePlay,2025-07-27,162800,560},,,
Order Complete (App),,ruby_3,11000,12,꼬치쓰,305,GooglePlay,2025-07-27,151800,560},,,
Order Complete (App),,ads_remove,7700,1,꿍구,8,GooglePlay,2025-08-06,0,99999999},,,
Order Complete (App),,ruby_2,6600,19,하야안,360,GooglePlay,2025-07-20,295900,185},,,
Order Complete (App),,ruby_3,11000,19,하야안,360,GooglePlay,2025-07-20,284900,185},,,
Order Complete (App),,ruby_3,11000,10,v바나나우유v,261,GooglePlay,2025-07-28,33000,1543},,,
Order Complete (App),,ruby_3,11000,10,v바나나우유v,261,GooglePlay,2025-07-28,11000,1543},,,
Order Complete (App),,ruby_2,6600,1,캐캐모모,243,GooglePlay,2025-08-06,256300,2235},,,
Order Complete (App),,ads_remove,7700,1,이순신빙상장,13,GooglePlay,2025-08-06,0,99999999},,,
Order Complete (App),,ads_remove,7700,1,지심,5,GooglePlay,2025-08-06,0,99999999},,,
Order Complete (App),,ruby_4,33000,1,캐캐모모,229,GooglePlay,2025-08-06,223300,3000},,,
Order Complete (App),,ruby_4,33000,7,도라에몽표류기,289,GooglePlay,2025-08-01,181500,738},,,
Order Complete (App),,ruby_3,11000,11,톰달,236,GooglePlay,2025-07-28,49500,2280},,,
Order Complete (App),,ruby_3,11000,1,캐캐모모,217,GooglePlay,2025-08-06,212300,3000},,,
Order Complete (App),,ruby_1,1100,5,구미곰탱이,146,GooglePlay,2025-08-02,0,4713},,,
Order Complete (App),,ruby_5,55000,11,o해요,306,GooglePlay,2025-07-28,506000,543},,,
Order Complete (App),,ruby_5,55000,2,더블율,173,GooglePlay,2025-08-06,40700,3929},,,
Order Complete (App),,ads_remove,7700,4,나부랭이,92,GooglePlay,2025-08-03,0,6407},,,
Order Complete (App),,ruby_4,33000,1,캐캐모모,196,GooglePlay,2025-08-06,179300,3583},,,
Order Complete (App),,ruby_4,33000,2,조조3,114,GooglePlay,2025-08-05,33000,6903},,,
Order Complete (App),,ruby_1,1100,7,도라에몽표류기,289,GooglePlay,2025-08-01,180400,860},,,
Order Complete (App),,ruby_6,110000,17,헤븐윙,271,GooglePlay,2025-07-19,297000,1602},,,
Order Complete (App),,ruby_1,1100,19,광따,425,GooglePlay,2025-07-20,444400,64},,,
Order Complete (App),,ruby_6,110000,17,헤븐윙,271,GooglePlay,2025-07-19,187000,1602},,,
Order Complete (App),,ruby_4,33000,1,캐캐모모,173,GooglePlay,2025-08-06,146300,4289},,,
Order Complete (App),,ruby_3,11000,1,캐캐모모,150,GooglePlay,2025-08-06,135300,5499},,,
Order Complete (App),,ruby_2,6600,1,캐캐모모,126,GooglePlay,2025-08-06,128700,5499},,,
Order Complete (App),,ruby_2,6600,1,캐캐모모,125,GooglePlay,2025-08-06,122100,5499},,,
Order Complete (App),,ruby_3,11000,1,캐캐모모,125,GooglePlay,2025-08-06,111100,5499},,,
Order Complete (App),,ruby_6,110000,19,부릉부릉,824,OneStore,2025-07-20,5837700,2},,,
Order Complete (App),,ruby_4,33000,1,캐캐모모,99,GooglePlay,2025-08-06,78100,5980},,,
Order Complete (App),,ads_remove,7700,1,멍뭉쓰,4,GooglePlay,2025-08-06,0,99999999},,,
Order Complete (App),,ruby_6,110000,4,이게맞나,170,GooglePlay,2025-08-04,7700,3968},,,
Order Complete (App),,ruby_2,6600,1,캐캐모모,85,GooglePlay,2025-08-06,78100,7679},,,
Order Complete (App),,ruby_3,11000,1,캐캐모모,85,GooglePlay,2025-08-06,60500,7679},,,
Order Complete (App),,ads_remove,7700,1,일단패자,52,GooglePlay,2025-08-06,0,11094},,,
Order Complete (App),,ruby_2,6600,1,캐캐모모,81,GooglePlay,2025-08-06,53900,7679},,,
Order Complete (App),,ruby_2,6600,1,캐캐모모,81,GooglePlay,2025-08-06,47300,7679},,,
Order Complete (App),,ads_remove,7700,1,김쌈,8,GooglePlay,2025-08-05,0,99999999},,,
Order Complete (App),,ruby_1,1100,1,류뎡하,35,GooglePlay,2025-08-06,0,15735},,,
Order Complete (App),,ads_remove,7700,1,글글이,5,GooglePlay,2025-08-06,0,99999999},,,
Order Complete (App),,ruby_2,6600,2,펭구7,119,GooglePlay,2025-08-05,29700,5106},,,
Order Complete (App),,ruby_4,33000,1,캐캐모모,73,GooglePlay,2025-08-06,14300,8162},,,
Order Complete (App),,ruby_2,6600,6,국밥맛킷캣,236,GooglePlay,2025-08-02,69300,2267},,,
Order Complete (App),,ads_remove,7700,1,제보,14,GooglePlay,2025-08-06,0,99999999},,,
Order Complete (App),,ruby_1,1100,2,김오로라,24,GooglePlay,2025-08-06,6600,15734},,,
Order Complete (App),,ruby_2,6600,2,김오로라,24,GooglePlay,2025-08-06,0,15734},,,
Order Complete (App),,ruby_5,55000,4,오디나무,329,GooglePlay,2025-08-03,856900,363},,,
Order Complete (App),,ruby_6,110000,4,오디나무,329,GooglePlay,2025-08-03,691900,363},,,
Order Complete (App),,ruby_2,6600,1,캐캐모모,51,GooglePlay,2025-08-06,7700,14466},,,
Order Complete (App),,ruby_2,6600,6,꼬깔콘,213,GooglePlay,2025-08-01,35200,2890},,,
Order Complete (App),,ruby_6,110000,4,오디나무,329,GooglePlay,2025-08-03,581900,363},,,
Order Complete (App),,ruby_3,11000,16,디와이,270,GooglePlay,2025-07-21,27500,1378},,,
Order Complete (App),,ruby_1,1100,19,이천공안,334,GooglePlay,2025-07-19,144100,304},,,
Order Complete (App),,ruby_1,1100,19,이천공안,334,GooglePlay,2025-07-19,143000,304},,,
Order Complete (App),,ruby_1,1100,19,이천공안,334,GooglePlay,2025-07-19,140800,304},,,
Order Complete (App),,ads_remove,7700,1,에딘,8,GooglePlay,2025-08-06,0,99999999},,,
Order Complete (App),,ruby_6,110000,4,오디나무,326,GooglePlay,2025-08-03,471900,631},,,
Order Complete (App),,ads_remove,7700,3,뗀석기식기,27,GooglePlay,2025-08-01,0,15727},,,
Order Complete (App),,ruby_3,11000,2,펭구7,119,GooglePlay,2025-08-05,18700,6390},,,
Order Complete (App),,ruby_4,33000,14,양호두,285,GooglePlay,2025-07-24,84700,983},,,
Order Complete (App),,ruby_5,55000,17,미율,388,OneStore,2025-07-21,416900,89},,,
Order Complete (App),,ads_remove,7700,1,물귀,41,GooglePlay,2025-08-06,0,13772},,,
Order Complete (App),,ads_remove,7700,1,캐캐모모,10,GooglePlay,2025-08-06,0,99999999},,,
Order Complete (App),,ruby_1,1100,18,허요허요,354,GooglePlay,2025-07-21,174900,194},,,
Order Complete (App),,ruby_3,11000,2,펭구7,119,GooglePlay,2025-08-05,7700,6390},,,
Order Complete (App),,ruby_3,11000,6,잽삐,212,GooglePlay,2025-08-02,55000,2913},,,
Order Complete (App),,ruby_3,11000,2,고양이가없어,92,GooglePlay,2025-08-05,40700,7179},,,
Order Complete (App),,ads_remove,7700,1,엄소희,11,GooglePlay,2025-08-06,0,99999999},,,
Order Complete (App),,ruby_5,55000,8,맥심,229,GooglePlay,2025-07-31,7700,2579},,,
Order Complete (App),,ruby_2,6600,20,개근남,485,GooglePlay,2025-07-18,977900,25},,,
Order Complete (App),,ruby_4,33000,2,고양이가없어,86,GooglePlay,2025-08-05,7700,7179},,,
Order Complete (App),,ruby_6,110000,4,오디나무,294,GooglePlay,2025-08-03,361900,827},,,
Order Complete (App),,ruby_4,33000,7,쌈쟁이,232,GooglePlay,2025-07-31,260700,2376},,,
Order Complete (App),,ruby_4,33000,20,현쪄깅,332,GooglePlay,2025-07-19,51700,324},,,
Order Complete (App),,ruby_4,33000,16,Raid,723,GooglePlay,2025-07-22,3422100,5},,,
Order Complete (App),,ruby_5,55000,1,제제AB,51,OneStore,2025-08-06,55000,11805},,,
Order Complete (App),,ruby_2,6600,21,줸줸,431,GooglePlay,2025-07-18,412500,54},,,
Order Complete (App),,ruby_1,1100,18,말랑김밥,289,GooglePlay,2025-07-21,25300,760},,,
Order Complete (App),,ads_remove,7700,1,무뉴뉴,22,GooglePlay,2025-08-06,0,15723},,,
Order Complete (App),,ruby_1,1100,18,말랑김밥,289,GooglePlay,2025-07-21,24200,760},,,
Order Complete (App),,ruby_5,55000,7,쌈쟁이,229,GooglePlay,2025-07-31,205700,2487},,,
Order Complete (App),,ads_remove,7700,1,하비s,5,GooglePlay,2025-08-06,0,99999999},,,
Order Complete (App),,ruby_3,11000,18,허요허요,351,GooglePlay,2025-07-21,163900,215},,,
Order Complete (App),,ruby_3,11000,18,허요허요,351,GooglePlay,2025-07-21,152900,215},,,
Order Complete (App),,ruby_3,11000,14,순간적쾌락,266,GooglePlay,2025-07-24,93500,1370},,,
Order Complete (App),,ruby_4,33000,21,아즈,385,GooglePlay,2025-07-18,247500,101},,,
Order Complete (App),,ruby_3,11000,21,아즈,385,GooglePlay,2025-07-18,236500,122},,,
Order Complete (App),,ruby_6,110000,19,썩쏘염염,293,GooglePlay,2025-07-19,205700,969},,,
Order Complete (App),,ruby_3,11000,14,duha,293,GooglePlay,2025-07-25,84700,707},,,
Order Complete (App),,ruby_2,6600,3,조승연,145,GooglePlay,2025-08-04,81400,4671},,,
Order Complete (App),,ruby_6,110000,6,웅이아부지,301,GooglePlay,2025-08-02,447700,597},,,
Order Complete (App),,ruby_3,11000,3,탄령,261,GooglePlay,2025-08-05,294800,1589},,,
Order Complete (App),,ruby_5,55000,20,대명,456,GooglePlay,2025-07-19,624800,38},,,
Order Complete (App),,ruby_6,110000,21,꽃해골,491,GooglePlay,2025-07-18,1360700,22},,,
Order Complete (App),,ruby_4,33000,14,duha,290,GooglePlay,2025-07-25,51700,707},,,
Order Complete (App),,ruby_4,33000,21,아즈,381,GooglePlay,2025-07-18,203500,122},,,
Order Complete (App),,ruby_1,1100,3,탄령,261,GooglePlay,2025-08-05,293700,1589},,,
Order Complete (App),,ruby_2,6600,3,탄령,261,GooglePlay,2025-08-05,287100,1589},,,
Order Complete (App),,ruby_1,1100,17,두율대디,420,GooglePlay,2025-07-22,480700,69},,,
Order Complete (App),,ruby_1,1100,17,두율대디,420,GooglePlay,2025-07-22,478500,69},,,
Order Complete (App),,ruby_1,1100,17,두율대디,420,GooglePlay,2025-07-22,478500,69},,,
Order Complete (App),,ruby_3,11000,17,두율대디,420,GooglePlay,2025-07-22,466400,69},,,
Order Complete (App),,ruby_1,1100,6,배쓰로브,186,GooglePlay,2025-08-02,19800,3487},,,
Order Complete (App),,ruby_3,11000,20,대명,452,GooglePlay,2025-07-19,613800,38},,,
Order Complete (App),,ruby_1,1100,6,배쓰로브,186,GooglePlay,2025-08-02,18700,3487},,,
Order Complete (App),,ruby_1,1100,6,배쓰로브,186,GooglePlay,2025-08-02,16500,3487},,,
Order Complete (App),,ruby_6,110000,10,국이,321,GooglePlay,2025-07-29,469700,464},,,
Order Complete (App),,ruby_4,33000,20,대명,452,GooglePlay,2025-07-19,580800,38},,,
Order Complete (App),,ruby_3,11000,5,댕댕E,255,GooglePlay,2025-08-03,82500,1973},,,
Order Complete (App),,ruby_4,33000,2,리혜,118,GooglePlay,2025-08-05,47300,5936},,,
Order Complete (App),,ruby_6,110000,21,꽃해골,490,GooglePlay,2025-07-18,1250700,22},,,
Order Complete (App),,ruby_3,11000,10,일해라정차장,338,GooglePlay,2025-07-29,249700,285},,,
Order Complete (App),,ruby_4,33000,22,엉망,683,GooglePlay,2025-07-17,2583900,7},,,
Order Complete (App),,ruby_3,11000,5,댕댕E,255,GooglePlay,2025-08-03,71500,1973},,,
Order Complete (App),,ruby_4,33000,21,아즈,367,GooglePlay,2025-07-18,170500,156},,,
Order Complete (App),,ruby_6,110000,9,이야이,406,OneStore,2025-07-30,888800,75},,,
Order Complete (App),,ruby_2,6600,5,댕댕E,254,GooglePlay,2025-08-03,64900,1973},,,
Order Complete (App),,ruby_3,11000,22,틸라스,462,GooglePlay,2025-07-17,1109900,31},,,
Order Complete (App),,ruby_3,11000,20,대명,452,GooglePlay,2025-07-19,569800,38},,,
Order Complete (App),,ruby_2,6600,6,꼬깔콘,205,GooglePlay,2025-08-01,28600,3049},,,
Order Complete (App),,ruby_1,1100,20,쫑쫑이,301,GooglePlay,2025-07-19,56100,551},,,
Order Complete (App),,ruby_1,1100,2,유통기한만료,51,GooglePlay,2025-08-06,7700,14650},,,
Order Complete (App),,ruby_2,6600,2,유통기한만료,51,GooglePlay,2025-08-06,0,14650},,,
Order Complete (App),,ruby_5,55000,22,틸라스,462,GooglePlay,2025-07-17,1054900,31},,,
Order Complete (App),,ruby_6,110000,19,썩쏘염염,269,GooglePlay,2025-07-19,95700,1209},,,
Order Complete (App),,ruby_6,110000,265,튜토리얼,1159,GooglePlay,2024-11-15,4215000,4},,,
Order Complete (App),,ruby_4,33000,22,엉망,683,GooglePlay,2025-07-17,2550900,7},,,
Order Complete (App),,ruby_5,55000,2,곰대현,225,GooglePlay,2025-08-06,227700,3208},,,
Order Complete (App),,ruby_2,6600,5,댕댕E,251,GooglePlay,2025-08-03,58300,1973},,,
Order Complete (App),,ruby_3,11000,12,허어어니,331,GooglePlay,2025-07-27,139700,321},,,
Order Complete (App),,ruby_4,33000,15,아돌이,347,GooglePlay,2025-07-24,259600,233},,,
Order Complete (App),,ruby_3,11000,5,댕댕E,249,GooglePlay,2025-08-03,47300,1973},,,
Order Complete (App),,ads_remove,7700,1,정마의,10,GooglePlay,2025-08-06,0,99999999},,,
Order Complete (App),,ruby_6,110000,20,leonso,645,GooglePlay,2025-07-19,4693700,8},,,
Order Complete (App),,ruby_2,6600,20,줸줸,431,GooglePlay,2025-07-18,405900,52},,,
Order Complete (App),,ads_remove,7700,1,라크라크,9,GooglePlay,2025-08-06,0,99999999},,,
Order Complete (App),,ruby_5,55000,18,썩쏘염염,269,GooglePlay,2025-07-19,40700,1209},,,
Order Complete (App),,ruby_1,1100,1,작고귀여운수달,29,GooglePlay,2025-08-06,7700,15703},,,
Order Complete (App),,ruby_2,6600,1,작고귀여운수달,29,GooglePlay,2025-08-06,0,15703},,,
Order Complete (App),,ads_remove,7700,1,초록레몬,27,GooglePlay,2025-08-06,0,14528},,,
Order Complete (App),,ruby_5,55000,9,누기부기,234,GooglePlay,2025-07-28,44000,2511},,,
Order Complete (App),,ads_remove,7700,1,달땡,50,GooglePlay,2025-08-06,0,13864},,,
Order Complete (App),,ruby_3,11000,21,윤관,375,GooglePlay,2025-07-17,144100,115},,,
Order Complete (App),,ads_remove,7700,1,지존꼬음기,22,GooglePlay,2025-08-06,0,15316},,,
Order Complete (App),,ruby_6,110000,1,곰대현,138,GooglePlay,2025-08-06,117700,5013},,,
Order Complete (App),,ruby_2,6600,3,미드링,224,GooglePlay,2025-08-04,40700,2722},,,
Order Complete (App),,ruby_3,11000,20,일주일만,398,GooglePlay,2025-07-18,344300,77},,,
Order Complete (App),,ruby_5,55000,300,흑천검,1206,GooglePlay,2024-09-28,12754200,1},,,
Order Complete (App),,ruby_4,33000,1,더블율,119,GooglePlay,2025-08-06,7700,6096},,,
Order Complete (App),,ruby_1,1100,1,깅강,24,GooglePlay,2025-08-06,7700,15689},,,
Order Complete (App),,ruby_2,6600,1,깅강,24,GooglePlay,2025-08-06,0,15689},,,
Order Complete (App),,ruby_5,55000,1,려리,69,GooglePlay,2025-08-05,7700,12815},,,
Order Complete (App),,ads_remove,7700,1,메밀대장군,10,GooglePlay,2025-08-06,0,99999999},,,
Order Complete (App),,ads_remove,7700,1,던질래요,21,GooglePlay,2025-08-06,0,15687},,,
Order Complete (App),,ruby_6,110000,9,암부,527,GooglePlay,2025-07-29,2647700,17},,,
Order Complete (App),,ruby_3,11000,1,창2,78,GooglePlay,2025-08-05,7700,8691},,,
Order Complete (App),,ruby_3,11000,7,옭옭이,169,GooglePlay,2025-07-31,7700,3981},,,
Order Complete (App),,ruby_5,55000,300,흑천검,1206,GooglePlay,2024-09-28,12699200,1},,,
Order Complete (App),,ads_remove,7700,1,아무거다,9,GooglePlay,2025-08-06,0,99999999},,,
Order Complete (App),,ruby_5,55000,2,민트마라국밥,218,GooglePlay,2025-08-05,216700,3005},,,
Order Complete (App),,ruby_6,110000,9,암부,527,GooglePlay,2025-07-29,2537700,17},,,
Order Complete (App),,ads_remove,7700,1,BUCKs,19,GooglePlay,2025-08-06,0,99999999},,,
Order Complete (App),,ruby_2,6600,2,탄령,251,GooglePlay,2025-08-05,280500,2014},,,
Order Complete (App),,ruby_3,11000,1,에이레네,84,GooglePlay,2025-08-05,51700,7444},,,
Order Complete (App),,ruby_5,55000,15,여름이니까,425,GooglePlay,2025-07-22,608300,65},,,
Order Complete (App),,ads_remove,7700,1,난세의영웅박정무,10,GooglePlay,2025-08-06,0,99999999},,,
Order Complete (App),,ruby_2,6600,2,탄령,249,GooglePlay,2025-08-05,273900,2014},,,
Order Complete (App),,ruby_2,6600,20,민들레옹,345,GooglePlay,2025-07-18,122100,256},,,
Order Complete (App),,ruby_3,11000,12,그루터기,344,GooglePlay,2025-07-26,350900,252},,,
Order Complete (App),,ruby_1,1100,12,그루터기,344,GooglePlay,2025-07-26,349800,255},,,
Order Complete (App),,ruby_3,11000,12,그루터기,344,GooglePlay,2025-07-26,338800,255},,,
Order Complete (App),,ads_remove,7700,1,Jun-82,17,GooglePlay,2025-08-06,0,99999999},,,
Order Complete (App),,ruby_4,33000,3,르무르,119,GooglePlay,2025-08-04,27500,5074},,,
Order Complete (App),,ruby_2,6600,2,탄령,247,GooglePlay,2025-08-05,267300,2014},,,
Order Complete (App),,ruby_3,11000,2,백초거,118,GooglePlay,2025-08-05,33000,5158},,,
Order Complete (App),,ruby_3,11000,2,백초거,118,GooglePlay,2025-08-05,11000,5158},,,
Order Complete (App),,ruby_5,55000,15,여름이니까,421,GooglePlay,2025-07-22,553300,67},,,
Order Complete (App),,ruby_4,33000,13,신혜공주,291,GooglePlay,2025-07-25,84700,709},,,
Order Complete (App),,ruby_6,110000,1,곰대현,80,GooglePlay,2025-08-06,7700,7716},,,
Order Complete (App),,ruby_4,33000,2,짱콩파파,261,GooglePlay,2025-08-04,205700,1494},,,
Order Complete (App),,ruby_4,33000,8,코리아se스머신,350,GooglePlay,2025-07-30,480700,222},,,
Order Complete (App),,ruby_1,1100,2,탄령,247,GooglePlay,2025-08-05,266200,2014},,,
Order Complete (App),,ruby_2,6600,2,탄령,247,GooglePlay,2025-08-05,259600,2014},,,
Order Complete (App),,ruby_2,6600,2,탄령,247,GooglePlay,2025-08-05,253000,2014},,,
Order Complete (App),,ads_remove,7700,1,모다,4,GooglePlay,2025-08-06,0,99999999},,,
Order Complete (App),,ads_remove,7700,1,효섴,9,GooglePlay,2025-08-06,0,99999999},,,
Order Complete (App),,ruby_3,11000,22,연우파파,372,GooglePlay,2025-07-16,295900,124},,,
Order Complete (App),,ads_remove,7700,6,까밍,191,GooglePlay,2025-08-01,0,3230},,,
Order Complete (App),,ads_remove,7700,1,백룡용사,6,GooglePlay,2025-08-06,0,99999999},,,
Order Complete (App),,ruby_2,6600,7,잉어킹2,178,GooglePlay,2025-07-31,7700,3667},,,
Order Complete (App),,ruby_3,11000,1,리츠리데,34,GooglePlay,2025-08-06,7700,15663},,,
Order Complete (App),,ruby_2,6600,4,새내기,186,GooglePlay,2025-08-03,52800,3562},,,
Order Complete (App),,ruby_3,11000,17,리둠,348,GooglePlay,2025-07-22,79200,255},,,
Order Complete (App),,ruby_5,55000,1,삵이,120,GooglePlay,2025-08-06,95700,5000},,,
Order Complete (App),,ruby_3,11000,16,신효,254,GooglePlay,2025-07-22,18700,1663},,,
Order Complete (App),,ruby_1,1100,15,장수척준경,339,GooglePlay,2025-07-22,155100,262},,,
Order Complete (App),,ruby_1,1100,5,갱민,235,GooglePlay,2025-08-02,106700,2282},,,
Order Complete (App),,ruby_1,1100,5,갱민,235,GooglePlay,2025-08-02,106700,2282},,,
Order Complete (App),,ruby_1,1100,5,갱민,235,GooglePlay,2025-08-02,103400,2282},,,
Order Complete (App),,ruby_6,110000,1,야촌,246,GooglePlay,2025-08-06,330000,2005},,,
Order Complete (App),,ruby_3,11000,17,리둠,346,GooglePlay,2025-07-22,68200,255},,,
Order Complete (App),,ruby_3,11000,14,서준아빠,273,GooglePlay,2025-07-22,100100,1090},,,
Order Complete (App),,ruby_3,11000,14,서준아빠,273,GooglePlay,2025-07-22,78100,1090},,,
Order Complete (App),,ads_remove,7700,1,선무진,45,GooglePlay,2025-08-06,0,14751},,,
Order Complete (App),,ads_remove,7700,1,인킥,60,GooglePlay,2025-08-06,0,10027},,,
Order Complete (App),,ruby_2,6600,17,리둠,342,GooglePlay,2025-07-22,61600,255},,,
Order Complete (App),,ads_remove,7700,1,곰대현,17,GooglePlay,2025-08-06,0,99999999},,,
Order Complete (App),,ads_remove,7700,6,안동댐은찢어,70,GooglePlay,2025-08-01,0,8450},,,
Order Complete (App),,ruby_3,11000,8,양승구,249,GooglePlay,2025-07-29,47300,1850},,,
Order Complete (App),,ads_remove,7700,1,리츠리데,6,GooglePlay,2025-08-06,0,99999999},,,
Order Complete (App),,ruby_3,11000,8,냉균,373,GooglePlay,2025-07-29,425700,116},,,
Order Complete (App),,ruby_5,55000,15,국뿅,434,GooglePlay,2025-07-23,452100,50},,,
Order Complete (App),,ruby_3,11000,2,찐빵수아,41,GooglePlay,2025-08-04,0,12896},,,
Order Complete (App),,ruby_4,33000,4,오아니,172,OneStore,2025-08-02,33000,3928},,,
Order Complete (App),,ruby_3,11000,3,원할머니보고쌈,170,GooglePlay,2025-08-03,53900,3909},,,
Order Complete (App),,ruby_3,11000,14,세환,286,GooglePlay,2025-07-24,82500,828},,,
Order Complete (App),,ads_remove,7700,3,오건성,89,GooglePlay,2025-08-04,6600,6836},,,
Order Complete (App),,ruby_5,55000,15,국뿅,428,GooglePlay,2025-07-23,397100,57},,,
Order Complete (App),,ruby_4,33000,20,방랑검객,372,OneStore,2025-07-17,188100,123},,,
Order Complete (App),,ruby_4,33000,8,양승구,240,GooglePlay,2025-07-29,14300,2270},,,
Order Complete (App),,ads_remove,7700,11,살배,138,GooglePlay,2025-07-27,0,4541},,,
Order Complete (App),,ruby_3,11000,9,유진킴,285,GooglePlay,2025-07-29,83600,947},,,
Order Complete (App),,ruby_5,55000,2,민트마라국밥,187,GooglePlay,2025-08-05,161700,3445},,,
Order Complete (App),,ruby_2,6600,19,구독자,349,GooglePlay,2025-07-18,159500,211},,,
Order Complete (App),,ruby_4,33000,8,코리아se스머신,301,GooglePlay,2025-07-30,447700,572},,,
Order Complete (App),,ads_remove,7700,1,zxcv1212,46,GooglePlay,2025-08-06,0,12039},,,
Order Complete (App),,ads_remove,7700,1,키작은아이,14,GooglePlay,2025-08-06,0,99999999},,,
Order Complete (App),,ruby_5,55000,2,민트마라국밥,187,GooglePlay,2025-08-05,106700,3445},,,
Order Complete (App),,ruby_1,1100,2,돌굴러가유,137,GooglePlay,2025-08-04,39600,4573},,,
Order Complete (App),,ruby_1,1100,2,돌굴러가유,137,GooglePlay,2025-08-04,38500,4573},,,
Order Complete (App),,ruby_1,1100,2,돌굴러가유,137,GooglePlay,2025-08-04,36300,4573},,,
Order Complete (App),,ruby_3,11000,2,돌굴러가유,137,GooglePlay,2025-08-04,25300,4573},,,
Order Complete (App),,ruby_4,33000,5,힝꾸,176,GooglePlay,2025-07-31,231000,3661},,,
Order Complete (App),,ruby_6,110000,5,자브종늑대,171,GooglePlay,2025-08-02,7700,3849},,,
Order Complete (App),,ruby_3,11000,1,간첩김대중,51,GooglePlay,2025-08-06,0,11321},,,
Order Complete (App),,ruby_4,33000,1,joon02,75,GooglePlay,2025-08-06,7700,10496},,,
Order Complete (App),,ruby_3,11000,11,착함,226,GooglePlay,2025-07-27,18700,2586},,,
Order Complete (App),,ruby_3,11000,11,착함,226,GooglePlay,2025-07-27,7700,2586},,,
Order Complete (App),,ads_remove,7700,1,혜찌딸래미개쭈냥,71,GooglePlay,2025-08-06,0,9934},,,
Order Complete (App),,ruby_5,55000,8,코리아se스머신,301,GooglePlay,2025-07-30,392700,572},,,
Order Complete (App),,ads_remove,7700,1,오늘도행복,13,GooglePlay,2025-08-06,0,99999999},,,
Order Complete (App),,ruby_2,6600,7,신사독행,147,GooglePlay,2025-07-29,28600,4603},,,
Order Complete (App),,ads_remove,7700,1,가람아빠,8,GooglePlay,2025-08-06,0,99999999},,,
Order Complete (App),,ads_remove,7700,1,샤코,29,GooglePlay,2025-08-06,0,15265},,,
Order Complete (App),,ruby_3,11000,2,백초거,95,GooglePlay,2025-08-05,0,6004},,,
Order Complete (App),,ruby_4,33000,3,삥쭈,246,GooglePlay,2025-08-04,360800,2733},,,
Order Complete (App),,ruby_6,110000,8,코리아se스머신,288,GooglePlay,2025-07-30,282700,760},,,
Order Complete (App),,ads_remove,7700,1,푸카,19,GooglePlay,2025-08-06,0,99999999},,,
Order Complete (App),,ruby_1,1100,2,조승연,120,GooglePlay,2025-08-04,80300,5297},,,
Order Complete (App),,ruby_2,6600,2,흰구름,94,GooglePlay,2025-08-05,20900,6175},,,
Order Complete (App),,ruby_2,6600,2,흰구름,94,GooglePlay,2025-08-05,20900,6175},,,
Order Complete (App),,ruby_2,6600,2,흰구름,94,GooglePlay,2025-08-05,7700,6175},,,
Order Complete (App),,ruby_3,11000,5,잽삐,194,GooglePlay,2025-08-02,44000,3141},,,
Order Complete (App),,ruby_1,1100,10,지은이내꼬,256,GooglePlay,2025-07-27,71500,1576},,,
Order Complete (App),,ruby_1,1100,14,대날두,269,GooglePlay,2024-12-05,42900,2229},,,
Order Complete (App),,ads_remove,7700,1,건곰메,54,GooglePlay,2025-08-06,0,10792},,,
Order Complete (App),,ruby_3,11000,13,기모찌맨,273,GooglePlay,2025-07-24,40700,1079},,,
Order Complete (App),,ruby_2,6600,3,teamnose,211,GooglePlay,2025-08-03,146300,2881},,,
Order Complete (App),,ruby_1,1100,3,삥쭈,220,GooglePlay,2025-08-04,360800,2733},,,
Order Complete (App),,ruby_3,11000,3,삥쭈,220,GooglePlay,2025-08-04,348700,2733},,,
Order Complete (App),,ruby_6,110000,3,삥쭈,220,GooglePlay,2025-08-04,238700,2733},,,
Order Complete (App),,ruby_3,11000,3,삥쭈,218,GooglePlay,2025-08-04,227700,2733},,,
Order Complete (App),,ruby_4,33000,5,나노머신,192,GooglePlay,2025-08-01,14300,3163},,,
Order Complete (App),,ruby_1,1100,19,쟁요,448,GooglePlay,2025-07-19,563200,40},,,
Order Complete (App),,ruby_1,1100,19,쟁요,448,GooglePlay,2025-07-19,563200,40},,,
Order Complete (App),,ruby_1,1100,19,쟁요,448,GooglePlay,2025-07-19,561000,40},,,
Order Complete (App),,ruby_1,1100,19,쟁요,448,GooglePlay,2025-07-19,558800,40},,,
Order Complete (App),,ruby_3,11000,3,리세3,251,GooglePlay,2025-08-04,63800,1731},,,
Order Complete (App),,ruby_3,11000,2,부어버리,117,GooglePlay,2025-08-05,29700,5270},,,
Order Complete (App),,ruby_3,11000,2,부어버리,117,GooglePlay,2025-08-05,7700,5270},,,
Order Complete (App),,ruby_3,11000,7,현기증난다고,147,GooglePlay,2025-07-31,7700,4420},,,
Order Complete (App),,ads_remove,7700,1,압둘알라,18,GooglePlay,2025-08-06,0,99999999},,,
Order Complete (App),,ruby_3,11000,7,갬성w2,96,GooglePlay,2025-07-31,0,5951},,,
Order Complete (App),,ruby_4,33000,2,무록천마,42,GooglePlay,2025-08-05,0,12727},,,
Order Complete (App),,ads_remove,7700,1,o마왕o,5,GooglePlay,2025-08-06,0,99999999},,,
Order Complete (App),,ads_remove,7700,1,joon02,11,GooglePlay,2025-08-06,0,99999999},,,
Order Complete (App),,ruby_6,110000,10,우르르쾅쾅,291,GooglePlay,2025-07-27,407000,666},,,
Order Complete (App),,ads_remove,7700,1,쩡기영,8,GooglePlay,2025-08-06,0,99999999},,,
Order Complete (App),,ads_remove,7700,1,뜨경,6,GooglePlay,2025-08-06,0,99999999},,,
Order Complete (App),,ruby_3,11000,4,서나콩,101,GooglePlay,2025-08-03,40700,5747},,,
Order Complete (App),,ads_remove,7700,1,힙스터,14,GooglePlay,2025-08-06,0,99999999},,,
Order Complete (App),,ruby_2,6600,22,만마앙복,460,GooglePlay,2025-07-16,400400,32},,,
Order Complete (App),,ruby_5,55000,1,야촌,221,GooglePlay,2025-08-06,275000,2817},,,
Order Complete (App),,ruby_5,55000,1,일본인,88,GooglePlay,2025-08-05,238700,6905},,,
Order Complete (App),,ruby_6,110000,1,일본인,88,GooglePlay,2025-08-05,128700,6905},,,
Order Complete (App),,ruby_5,55000,1,삵이,116,GooglePlay,2025-08-06,40700,5297},,,
Order Complete (App),,ruby_2,6600,22,골덕,323,GooglePlay,2025-07-16,41800,424},,,
Order Complete (App),,ruby_2,6600,22,골덕,323,GooglePlay,2025-07-16,28600,424},,,
Order Complete (App),,ruby_6,110000,1,일본인,88,GooglePlay,2025-08-05,18700,6905},,,
Order Complete (App),,ads_remove,7700,1,죠드,37,GooglePlay,2025-08-06,0,14702},,,
Order Complete (App),,ruby_3,11000,2,탄령,234,GooglePlay,2025-08-05,242000,2350},,,
Order Complete (App),,ruby_1,1100,1,유쯔,46,GooglePlay,2025-08-06,7700,15599},,,
Order Complete (App),,ruby_2,6600,1,유쯔,46,GooglePlay,2025-08-06,0,15599},,,
Order Complete (App),,ads_remove,7700,1,곰방와,11,GooglePlay,2025-08-06,0,99999999},,,
Order Complete (App),,ads_remove,7700,1,뭉뭉이야,5,GooglePlay,2025-08-06,0,99999999},,,
Order Complete (App),,ruby_3,11000,5,망고스무디,185,GooglePlay,2025-08-01,44000,3640},,,
Order Complete (App),,ruby_2,6600,2,탄령,231,GooglePlay,2025-08-05,235400,2350},,,
Order Complete (App),,ads_remove,7700,1,오모꼬,4,GooglePlay,2025-08-06,0,99999999},,,
Order Complete (App),,ruby_2,6600,2,연쿵이,86,GooglePlay,2025-08-05,7700,7398},,,
Order Complete (App),,ruby_4,33000,2,조승연,115,GooglePlay,2025-08-04,47300,5364},,,
Order Complete (App),,ruby_1,1100,10,쇠를먹는불가사리,233,GooglePlay,2025-07-28,13200,2271},,,
Order Complete (App),,ruby_1,1100,10,쇠를먹는불가사리,233,GooglePlay,2025-07-28,13200,2271},,,
Order Complete (App),,ruby_1,1100,10,쇠를먹는불가사리,233,GooglePlay,2025-07-28,12100,2271},,,
Order Complete (App),,ruby_1,1100,10,쇠를먹는불가사리,233,GooglePlay,2025-07-28,9900,2271},,,
Order Complete (App),,ruby_1,1100,10,쇠를먹는불가사리,233,GooglePlay,2025-07-28,7700,2271},,,
Order Complete (App),,ruby_2,6600,2,탄령,229,GooglePlay,2025-08-05,228800,2459},,,
Order Complete (App),,ruby_2,6600,2,탄령,228,GooglePlay,2025-08-05,222200,2459},,,
Order Complete (App),,ruby_1,1100,5,꼬깔콘,187,GooglePlay,2025-08-01,27500,3368},,,
Order Complete (App),,ruby_5,55000,3,teamnose,187,GooglePlay,2025-08-03,91300,3365},,,
Order Complete (App),,ruby_4,33000,1,삵이,65,GooglePlay,2025-08-06,7700,9724},,,
Order Complete (App),,ads_remove,7700,1,샤워실,49,GooglePlay,2025-08-06,0,11875},,,
Order Complete (App),,ruby_1,1100,18,광따,418,GooglePlay,2025-07-20,443300,74},,,
Order Complete (App),,ruby_6,110000,13,가을빛달,294,GooglePlay,2025-07-25,700700,627},,,
Order Complete (App),,ruby_4,33000,18,광따,416,GooglePlay,2025-07-20,410300,74},,,
Order Complete (App),,ruby_6,110000,13,가을빛달,294,GooglePlay,2025-07-25,700700,627},,,
Order Complete (App),,ruby_6,110000,13,가을빛달,294,GooglePlay,2025-07-25,480700,627},,,
Order Complete (App),,ruby_6,110000,13,가을빛달,294,GooglePlay,2025-07-25,370700,627},,,
Order Complete (App),,ruby_3,11000,1,다쥬,35,GooglePlay,2025-08-06,0,14830},,,
Order Complete (App),,ruby_3,11000,7,옥지의빵빵이,338,GooglePlay,2025-07-31,480700,285},,,
Order Complete (App),,ads_remove,7700,1,고노도로,65,GooglePlay,2025-08-06,0,9280},,,
Order Complete (App),,ads_remove,7700,1,눈눈,15,GooglePlay,2025-08-06,0,99999999},,,
Order Complete (App),,ruby_6,110000,5,소담소민,410,GooglePlay,2025-08-01,1320000,70},,,
Order Complete (App),,ruby_6,110000,5,소담소민,410,GooglePlay,2025-08-01,1210000,70},,,
Order Complete (App),,ruby_3,11000,2,짱콩파파,252,GooglePlay,2025-08-04,194700,1680},,,
Order Complete (App),,ads_remove,7700,1,크츠,8,GooglePlay,2025-08-06,0,99999999},,,
Order Complete (App),,ruby_3,11000,5,승질승,194,GooglePlay,2025-08-02,47300,3109},,,
Order Complete (App),,ruby_3,11000,1,존우석,92,GooglePlay,2025-08-05,18700,6311},,,
Order Complete (App),,ruby_3,11000,1,존우석,92,GooglePlay,2025-08-05,7700,6311},,,
Order Complete (App),,ruby_4,33000,7,옥지의빵빵이,333,GooglePlay,2025-07-31,447700,285},,,
Order Complete (App),,ads_remove,7700,1,전광철,4,GooglePlay,2025-08-06,0,99999999},,,
Order Complete (App),,ruby_2,6600,16,두율대디,399,GooglePlay,2025-07-22,459800,74},,,
Order Complete (App),,ruby_4,33000,10,곰표,362,GooglePlay,2025-07-22,513700,181},,,
Order Complete (App),,ruby_5,55000,17,초코국밥,267,GooglePlay,2025-07-17,7700,1240},,,
Order Complete (App),,ruby_3,11000,10,곰표,362,GooglePlay,2025-07-22,502700,181},,,
Order Complete (App),,ruby_4,33000,21,엉망,682,GooglePlay,2025-07-17,2517900,7},,,
Order Complete (App),,ruby_5,55000,10,곰표,361,GooglePlay,2025-07-22,447700,181},,,
Order Complete (App),,ruby_3,11000,5,승질승,193,GooglePlay,2025-08-02,36300,3108},,,
Order Complete (App),,ruby_6,110000,1,야촌,134,GooglePlay,2025-08-06,165000,5280},,,
Order Complete (App),,ruby_3,11000,13,rubidu,280,GooglePlay,2025-07-25,44000,969},,,
Order Complete (App),,ruby_1,1100,13,rubidu,280,GooglePlay,2025-07-25,33000,969},,,
Order Complete (App),,ruby_2,6600,13,rubidu,280,GooglePlay,2025-07-25,25300,969},,,
Order Complete (App),,ruby_3,11000,13,rubidu,277,GooglePlay,2025-07-25,14300,969},,,
Order Complete (App),,ruby_3,11000,6,용하임,110,GooglePlay,2025-08-01,0,5604},,,
Order Complete (App),,ads_remove,7700,1,공무수행,5,GooglePlay,2025-08-06,0,99999999},,,
Order Complete (App),,ruby_4,33000,19,헬랑구,359,GooglePlay,2025-07-19,104500,171},,,
Order Complete (App),,ads_remove,7700,1,니르바나,5,GooglePlay,2025-08-06,0,99999999},,,
Order Complete (App),,ruby_6,110000,4,쵸돈단스,287,OneStore,2025-08-03,568700,754},,,
Order Complete (App),,ruby_3,11000,2,예니,79,GooglePlay,2025-08-05,7700,7696},,,
Order Complete (App),,ruby_5,55000,4,아모르,147,GooglePlay,2025-08-03,7700,4332},,,
Order Complete (App),,ruby_5,55000,3,BADA,268,GooglePlay,2025-08-04,366300,1236},,,
Order Complete (App),,ads_remove,7700,1,더블율,7,GooglePlay,2025-08-06,0,99999999},,,
Order Complete (App),,ruby_6,110000,8,심상,344,GooglePlay,2025-07-30,315700,357},,,
Order Complete (App),,ruby_3,11000,1,여이,69,GooglePlay,2025-08-06,7700,8803},,,
Order Complete (App),,ruby_3,11000,3,BADA,266,GooglePlay,2025-08-04,355300,1300},,,
Order Complete (App),,ruby_3,11000,14,aurora,270,OneStore,2025-07-24,73700,1160},,,
Order Complete (App),,ruby_4,33000,300,흑천검,1206,GooglePlay,2024-09-28,12666200,1},,,
Order Complete (App),,ruby_4,33000,300,흑천검,1206,GooglePlay,2024-09-28,12633200,1},,,
Order Complete (App),,ruby_3,11000,5,영쟈굳,266,GooglePlay,2025-08-01,183700,1506},,,
Order Complete (App),,ruby_4,33000,300,흑천검,1206,GooglePlay,2024-09-28,12600200,1},,,
Order Complete (App),,ruby_3,11000,4,푸르른달,197,GooglePlay,2025-08-02,35200,3025},,,
Order Complete (App),,ruby_3,11000,13,순간적쾌락,254,GooglePlay,2025-07-24,82500,1616},,,
Order Complete (App),,ruby_3,11000,13,순간적쾌락,254,GooglePlay,2025-07-24,71500,1616},,,
Order Complete (App),,ruby_2,6600,1,니얼핥,57,GooglePlay,2025-08-06,7700,10122},,,
Order Complete (App),,ruby_4,33000,300,흑천검,1206,GooglePlay,2024-09-28,12567200,1},,,
Order Complete (App),,ads_remove,7700,1,고오오,5,GooglePlay,2025-08-06,0,99999999},,,
Order Complete (App),,ruby_3,11000,300,흑천검,1206,GooglePlay,2024-09-28,12556200,1},,,
Order Complete (App),,ruby_1,1100,2,잉똔또,71,GooglePlay,2025-08-05,7700,8569},,,
Order Complete (App),,ruby_2,6600,2,노르보,92,GooglePlay,2025-08-05,29700,6500},,,
Order Complete (App),,ruby_3,11000,1,일본인,70,GooglePlay,2025-08-05,7700,8395},,,
Order Complete (App),,ads_remove,7700,2,보라미유,77,GooglePlay,2025-08-05,0,7793},,,
Order Complete (App),,ads_remove,7700,14,마구,179,GooglePlay,2025-07-24,0,3619},,,
Order Complete (App),,ruby_5,55000,20,그것이섯다,367,GooglePlay,2025-07-18,700700,153},,,
Order Complete (App),,ads_remove,7700,1,삵이,5,GooglePlay,2025-08-06,0,99999999},,,
Order Complete (App),,ruby_6,110000,1,야촌,76,GooglePlay,2025-08-06,55000,7870},,,
Order Complete (App),,ruby_5,55000,10,o해요,296,GooglePlay,2025-07-28,451000,552},,,
Order Complete (App),,ruby_5,55000,11,퓨어,256,GooglePlay,2025-07-26,297000,1543},,,
Order Complete (App),,ruby_6,110000,5,소담소민,401,GooglePlay,2025-08-01,1100000,83},,,
Order Complete (App),,ruby_3,11000,2,김미뭉,170,GooglePlay,2025-08-05,73700,4077},,,
Order Complete (App),,ruby_4,33000,2,김미뭉,170,GooglePlay,2025-08-05,40700,4077},,,
Order Complete (App),,ads_remove,7700,1,정관신도시,4,GooglePlay,2025-08-06,0,99999999},,,
Order Complete (App),,ruby_4,33000,1,다크린,31,GooglePlay,2025-08-06,7700,14155},,,
Order Complete (App),,ruby_3,11000,20,그것이섯다,366,GooglePlay,2025-07-18,689700,153},,,
Order Complete (App),,ruby_4,33000,6,야몽이,271,GooglePlay,2025-08-01,73700,1067},,,
Order Complete (App),,ruby_3,11000,7,금요일,265,GooglePlay,2025-07-30,130900,1634},,,
Order Complete (App),,ruby_3,11000,7,금요일,253,GooglePlay,2025-07-30,119900,1634},,,
Order Complete (App),,ruby_4,33000,312,동행,1099,OneStore,2024-09-29,4161200,6},,,
Order Complete (App),,ruby_4,33000,7,금요일,253,GooglePlay,2025-07-30,86900,1634},,,
Order Complete (App),,ruby_4,33000,1,케이케이케이,60,GooglePlay,2025-08-05,7700,10435},,,
Order Complete (App),,ads_remove,7700,1,다크린,25,GooglePlay,2025-08-06,0,14828},,,
Order Complete (App),,ruby_2,6600,2,탄령,221,GooglePlay,2025-08-05,215600,3121},,,
Order Complete (App),,ruby_3,11000,2,노르보,91,GooglePlay,2025-08-05,18700,6500},,,
Order Complete (App),,ruby_3,11000,2,노르보,91,GooglePlay,2025-08-05,7700,6500},,,
Order Complete (App),,ruby_5,55000,1,야촌,28,GooglePlay,2025-08-06,0,14331},,,
Order Complete (App),,ruby_4,33000,21,김햇반,355,GooglePlay,2025-07-16,73700,189},,,
Order Complete (App),,ruby_6,110000,3,금재곱,210,GooglePlay,2025-08-04,597300,2886},,,
Order Complete (App),,ruby_6,110000,3,금재곱,210,GooglePlay,2025-08-04,487300,2886},,,
Order Complete (App),,ads_remove,7700,1,전동영,87,GooglePlay,2025-07-15,0,5967},,,
Order Complete (App),,ruby_1,1100,2,탄령,211,GooglePlay,2025-08-05,214500,3121},,,
Order Complete (App),,ruby_3,11000,1,zenz,118,GooglePlay,2025-08-05,36300,5109},,,
Order Complete (App),,ads_remove,7700,3,맵고짠요거트,92,GooglePlay,2025-08-03,0,6299},,,
Order Complete (App),,ruby_5,55000,11,임의변경,252,GooglePlay,2025-07-26,73700,1679},,,
Order Complete (App),,ads_remove,7700,1,노키,6,GooglePlay,2025-08-06,0,99999999},,,
Order Complete (App),,ruby_3,11000,1,다오닝,37,GooglePlay,2025-08-06,0,15571},,,
Order Complete (App),,ruby_3,11000,4,꼬금또구토토아빠,148,GooglePlay,2025-08-03,40700,4402},,,
Order Complete (App),,ruby_4,33000,13,duha,269,GooglePlay,2025-07-25,18700,1185},,,
Order Complete (App),,ruby_3,11000,4,꼬금또구토토아빠,145,GooglePlay,2025-08-03,29700,4402},,,
Order Complete (App),,ads_remove,7700,1,하링,24,GooglePlay,2025-08-06,0,15571},,,
Order Complete (App),,ruby_3,11000,1,zenz,113,GooglePlay,2025-08-05,25300,5413},,,
Order Complete (App),,ads_remove,7700,1,장씨표류일기,9,GooglePlay,2025-08-06,0,99999999},,,
Order Complete (App),,ruby_2,6600,2,탄령,193,GooglePlay,2025-08-05,207900,3121},,,
Order Complete (App),,ads_remove,7700,1,호앤쭌,9,GooglePlay,2025-08-06,0,99999999},,,
Order Complete (App),,ruby_1,1100,16,다훙,145,GooglePlay,2025-07-19,7700,4370},,,
Order Complete (App),,ruby_2,6600,16,다훙,145,GooglePlay,2025-07-19,0,4370},,,
Order Complete (App),,ruby_1,1100,18,광따,400,GooglePlay,2025-07-20,409200,74},,,
Order Complete (App),,ruby_5,55000,20,딱쎄,415,GooglePlay,2025-07-18,313500,66},,,
Order Complete (App),,ruby_3,11000,2,프링글스,91,OneStore,2025-08-05,31900,6483},,,
Order Complete (App),,ads_remove,7700,1,니얼핥,24,GooglePlay,2025-08-06,0,15566},,,
Order Complete (App),,ruby_2,6600,1,zenz,101,GooglePlay,2025-08-05,18700,5837},,,
Order Complete (App),,ruby_1,1100,16,새벽빛세상,324,GooglePlay,2025-07-21,44000,461},,,
Order Complete (App),,ruby_4,33000,15,천상악,344,GooglePlay,2025-07-23,161700,243},,,
Order Complete (App),,ruby_2,6600,2,프링글스,91,OneStore,2025-08-05,20900,6483},,,
Order Complete (App),,ruby_1,1100,2,프링글스,91,OneStore,2025-08-05,14300,6483},,,
Order Complete (App),,ruby_1,1100,2,프링글스,91,OneStore,2025-08-05,13200,6483},,,
Order Complete (App),,ruby_3,11000,20,딱쎄,409,GooglePlay,2025-07-18,302500,70},,,
Order Complete (App),,ruby_1,1100,2,프링글스,91,OneStore,2025-08-05,12100,6483},,,
Order Complete (App),,ruby_2,6600,17,수라드,292,GooglePlay,2025-07-21,44000,599},,,
Order Complete (App),,ads_remove,7700,1,차뫼,4,GooglePlay,2025-08-06,0,99999999},,,
Order Complete (App),,ads_remove,7700,1,케이케이케이,29,GooglePlay,2025-08-05,0,15561},,,
Order Complete (App),,ads_remove,7700,1,또띠,11,GooglePlay,2025-08-06,0,99999999},,,
Order Complete (App),,ads_remove,7700,20,그것이섯다,366,GooglePlay,2025-07-18,682000,162},,,
Order Complete (App),,ruby_4,33000,5,조메기,278,GooglePlay,2025-08-02,250800,948},,,
Order Complete (App),,ads_remove,7700,1,여이,5,GooglePlay,2025-08-06,0,99999999},,,
Order Complete (App),,ruby_5,55000,11,Realize,321,GooglePlay,2025-07-27,380600,598},,,
Order Complete (App),,ruby_2,6600,5,꼬깔콘,172,GooglePlay,2025-08-01,20900,4084},,,
Order Complete (App),,ruby_3,11000,23,견곰,332,GooglePlay,2025-07-15,29700,1542},,,
Order Complete (App),,ads_remove,7700,1,일본인,18,GooglePlay,2025-08-05,0,99999999},,,
Order Complete (App),,ruby_4,33000,3,오디나무,276,GooglePlay,2025-08-03,328900,961},,,
Order Complete (App),,ruby_3,11000,14,카리스마행,289,GooglePlay,2025-07-24,102300,685},,,
Order Complete (App),,ruby_5,55000,3,오디나무,276,GooglePlay,2025-08-03,273900,961},,,
Order Complete (App),,ads_remove,7700,1,난세uk,8,GooglePlay,2025-08-05,0,99999999},,,
Order Complete (App),,ruby_3,11000,2,원일,24,GooglePlay,2025-08-05,0,15555},,,
Order Complete (App),,ruby_3,11000,21,건호최고,369,GooglePlay,2025-07-17,266200,138},,,
Order Complete (App),,ruby_2,6600,14,개패는처녀,290,GooglePlay,2025-07-24,18700,627},,,
Order Complete (App),,ruby_3,11000,14,개패는처녀,290,GooglePlay,2025-07-24,7700,627},,,
Order Complete (App),,ruby_3,11000,7,욜로욜로,282,GooglePlay,2025-07-30,157300,869},,,
Order Complete (App),,ruby_3,11000,22,닝기밍,288,GooglePlay,2025-07-16,33000,722},,,
Order Complete (App),,ads_remove,7700,1,무야무야,21,GooglePlay,2025-08-05,0,15551},,,
Order Complete (App),,ruby_5,55000,5,영쟈굳,236,GooglePlay,2025-08-01,128700,2709},,,
Order Complete (App),,ruby_4,33000,1,주움머,48,GooglePlay,2025-08-05,7700,13299},,,
Order Complete (App),,ruby_1,1100,3,하늘소리,51,GooglePlay,2025-08-04,7700,11230},,,
Order Complete (App),,ruby_1,1100,3,하늘소리,51,GooglePlay,2025-08-04,5500,11230},,,
Order Complete (App),,ruby_1,1100,3,하늘소리,51,GooglePlay,2025-08-04,4400,11230},,,
Order Complete (App),,ruby_1,1100,3,하늘소리,51,GooglePlay,2025-08-04,4400,11230},,,
Order Complete (App),,ruby_1,1100,3,하늘소리,51,GooglePlay,2025-08-04,4400,11230},,,
Order Complete (App),,ruby_1,1100,3,하늘소리,51,GooglePlay,2025-08-04,4400,11230},,,
Order Complete (App),,ruby_1,1100,3,하늘소리,51,GooglePlay,2025-08-04,0,11230},,,
Order Complete (App),,ruby_1,1100,3,태양이귀욥,66,GooglePlay,2025-08-04,7700,8999},,,
Order Complete (App),,ruby_2,6600,3,태양이귀욥,66,GooglePlay,2025-08-04,0,8999},,,
Order Complete (App),,ruby_5,55000,13,별찌,289,GooglePlay,2025-07-25,84700,654},,,
Order Complete (App),,ads_remove,7700,1,무이자할부,4,OneStore,2025-08-05,7700,99999999},,,
Order Complete (App),,ruby_2,6600,6,가정주부,291,GooglePlay,2025-08-01,99000,603},,,
Order Complete (App),,ruby_4,33000,16,미율,385,OneStore,2025-07-21,361900,99},,,
Order Complete (App),,ruby_4,33000,1,에이레네,26,GooglePlay,2025-08-05,18700,15543},,,
Order Complete (App),,ruby_3,11000,1,에이레네,26,GooglePlay,2025-08-05,7700,15543},,,
Order Complete (App),,ads_remove,7700,1,고양이가없어,7,GooglePlay,2025-08-05,0,99999999},,,
Order Complete (App),,ads_remove,7700,1,에이레네,20,GooglePlay,2025-08-05,0,99999999},,,
Order Complete (App),,ruby_6,110000,5,소담소민,354,GooglePlay,2025-08-01,990000,212},,,
Order Complete (App),,ads_remove,7700,1,주움머,19,GooglePlay,2025-08-05,0,99999999},,,
Order Complete (App),,ruby_4,33000,16,미율,377,OneStore,2025-07-21,328900,113},,,
Order Complete (App),,ruby_4,33000,1,조조3,27,GooglePlay,2025-08-05,0,15536},,,
Order Complete (App),,ruby_2,6600,5,나노머신,186,GooglePlay,2025-08-01,7700,3841},,,
Order Complete (App),,ruby_1,1100,3,조엘,249,GooglePlay,2025-08-04,130900,1928},,,
Order Complete (App),,ruby_1,1100,3,조엘,249,GooglePlay,2025-08-04,129800,1928},,,
Order Complete (App),,ruby_2,6600,3,조엘,248,GooglePlay,2025-08-04,123200,1928},,,
Order Complete (App),,ruby_3,11000,8,roki,277,GooglePlay,2025-07-30,162800,928},,,
Order Complete (App),,ruby_5,55000,1,나나미,112,GooglePlay,2025-08-05,51700,7047},,,
Order Complete (App),,ads_remove,7700,1,겨미,29,GooglePlay,2025-08-05,0,14211},,,
Order Complete (App),,ruby_1,1100,2,음쓰,24,GooglePlay,2025-08-05,7700,14778},,,
Order Complete (App),,ruby_2,6600,2,음쓰,24,GooglePlay,2025-08-05,0,14778},,,
Order Complete (App),,ruby_3,11000,21,수비,362,GooglePlay,2025-07-17,202400,169},,,
Order Complete (App),,ruby_3,11000,21,수비,362,GooglePlay,2025-07-17,180400,169},,,
Order Complete (App),,ruby_3,11000,2,돌굴러가유,119,GooglePlay,2025-08-04,14300,5660},,,
Order Complete (App),,ruby_1,1100,1,펭구7,51,GooglePlay,2025-08-05,7700,15524},,,
Order Complete (App),,ruby_2,6600,1,펭구7,51,GooglePlay,2025-08-05,0,15524},,,
Order Complete (App),,ruby_4,33000,1,나나미,67,GooglePlay,2025-08-05,18700,9234},,,
Order Complete (App),,ruby_3,11000,5,갱민,229,GooglePlay,2025-08-02,92400,2374},,,
Order Complete (App),,ads_remove,7700,1,충격과공포,8,GooglePlay,2025-08-05,0,99999999},,,
Order Complete (App),,ruby_3,11000,1,나나미,65,GooglePlay,2025-08-05,7700,9234},,,
Order Complete (App),,ruby_3,11000,15,돌비개,290,GooglePlay,2025-07-22,51700,612},,,
Order Complete (App),,ruby_3,11000,20,쇠질맨,288,GooglePlay,2025-07-18,14300,668},,,
Order Complete (App),,ruby_3,11000,1,zenz,86,GooglePlay,2025-08-05,7700,7328},,,
Order Complete (App),,ruby_2,6600,2,돌굴러가유,62,GooglePlay,2025-08-04,7700,12763},,,
Order Complete (App),,ruby_3,11000,21,권대훈,316,GooglePlay,2025-07-17,38500,432},,,
Order Complete (App),,ruby_2,6600,2,밀양박,119,GooglePlay,2025-08-04,7700,5624},,,
Order Complete (App),,ads_remove,7700,2,김경하,71,GooglePlay,2025-08-04,0,8216},,,
Order Complete (App),,ruby_6,110000,18,s불멸1s,426,GooglePlay,2025-07-19,1042800,59},,,
Order Complete (App),,ruby_1,1100,3,용산,171,GooglePlay,2025-08-04,27500,3886},,,
Order Complete (App),,ruby_4,33000,7,한결도희,209,GooglePlay,2025-07-30,113300,2854},,,
Order Complete (App),,ruby_4,33000,7,한결도희,209,GooglePlay,2025-07-30,80300,3256},,,
Order Complete (App),,ruby_2,6600,3,용산,149,GooglePlay,2025-08-04,20900,4129},,,
Order Complete (App),,ruby_3,11000,2,민트마라국밥,145,GooglePlay,2025-08-05,95700,4514},,,
Order Complete (App),,ruby_3,11000,8,로시야,197,GooglePlay,2025-07-30,44000,3495},,,
Order Complete (App),,ruby_4,33000,7,한결도희,198,GooglePlay,2025-07-30,47300,3256},,,
Order Complete (App),,ads_remove,7700,1,미민,33,GooglePlay,2025-08-05,0,13820},,,
Order Complete (App),,ruby_3,11000,1,호계동,33,GooglePlay,2025-08-05,0,15137},,,
Order Complete (App),,ads_remove,7700,1,려리,7,GooglePlay,2025-08-05,0,99999999},,,
Order Complete (App),,ruby_4,33000,7,한결도희,191,GooglePlay,2025-07-30,14300,3256},,,
Order Complete (App),,ruby_2,6600,20,올타신영,389,GooglePlay,2025-07-18,357500,108},,,
Order Complete (App),,ruby_4,33000,8,로시야,179,GooglePlay,2025-07-30,11000,3882},,,
Order Complete (App),,ruby_3,11000,7,간동원,248,OneStore,2025-07-31,64900,1806},,,
Order Complete (App),,ruby_3,11000,20,올타신영,379,GooglePlay,2025-07-18,346500,117},,,
Order Complete (App),,ruby_1,1100,21,지냥,355,GooglePlay,2025-07-17,123200,188},,,
Order Complete (App),,ruby_1,1100,21,지냥,355,GooglePlay,2025-07-17,121000,188},,,
Order Complete (App),,ads_remove,7700,1,럭키보이,4,GooglePlay,2025-08-05,0,99999999},,,
Order Complete (App),,ruby_3,11000,20,올타신영,379,GooglePlay,2025-07-18,346500,117},,,
Order Complete (App),,ruby_3,11000,20,올타신영,379,GooglePlay,2025-07-18,324500,117},,,
Order Complete (App),,ruby_5,55000,22,김승원,484,GooglePlay,2025-07-16,825000,25},,,
Order Complete (App),,ruby_5,55000,22,김승원,484,GooglePlay,2025-07-16,770000,25},,,
Order Complete (App),,ads_remove,7700,1,나나미,4,GooglePlay,2025-08-05,0,99999999},,,
Order Complete (App),,ruby_1,1100,1,할빙이,46,GooglePlay,2025-08-05,7700,12622},,,
Order Complete (App),,ruby_2,6600,1,할빙이,46,GooglePlay,2025-08-05,0,12622},,,
Order Complete (App),,ads_remove,7700,1,테미,7,GooglePlay,2025-08-05,0,99999999},,,
Order Complete (App),,ruby_2,6600,2,탄령,182,GooglePlay,2025-08-05,201300,3464},,,
Order Complete (App),,ruby_4,33000,21,E우주,295,GooglePlay,2025-07-17,209000,547},,,
Order Complete (App),,ruby_3,11000,2,조승연,94,GooglePlay,2025-08-04,36300,6433},,,
Order Complete (App),,ruby_5,55000,2,짱콩파파,240,GooglePlay,2025-08-04,139700,2217},,,
Order Complete (App),,ads_remove,7700,1,zenz,67,GooglePlay,2025-08-05,0,10678},,,
Order Complete (App),,ruby_4,33000,2,민트마라국밥,108,GooglePlay,2025-08-05,62700,5563},,,
Order Complete (App),,ruby_1,1100,2,녕녁,25,GooglePlay,2025-08-04,6600,15499},,,
Order Complete (App),,ruby_2,6600,2,녕녁,25,GooglePlay,2025-08-04,0,15499},,,
Order Complete (App),,ads_remove,7700,1,광7H토대왕,8,GooglePlay,2025-08-05,0,99999999},,,
Order Complete (App),,ruby_3,11000,6,최무사,247,GooglePlay,2025-08-01,99000,2080},,,
Order Complete (App),,ruby_2,6600,19,아쿠마,336,GooglePlay,2025-07-19,39600,268},,,
Order Complete (App),,ads_remove,7700,1,뾰또르비치,8,GooglePlay,2025-08-05,0,99999999},,,
Order Complete (App),,ruby_6,110000,9,암부,526,GooglePlay,2025-07-29,2427700,18},,,
Order Complete (App),,ruby_2,6600,19,아쿠마,330,GooglePlay,2025-07-19,33000,299},,,
Order Complete (App),,ruby_4,33000,8,이야이,403,OneStore,2025-07-30,778800,69},,,
Order Complete (App),,ruby_4,33000,1,리혜,32,GooglePlay,2025-08-05,14300,15488},,,
Order Complete (App),,ruby_2,6600,1,리혜,32,GooglePlay,2025-08-05,7700,15488},,,
Order Complete (App),,ruby_2,6600,2,조승연,91,GooglePlay,2025-08-04,29700,6732},,,
Order Complete (App),,ruby_1,1100,4,데빌,150,GooglePlay,2025-08-03,20900,4718},,,
Order Complete (App),,ads_remove,7700,10,지서,231,GooglePlay,2025-07-25,0,2276},,,
Order Complete (App),,ruby_5,55000,16,파대,357,GooglePlay,2025-07-22,264000,176},,,
Order Complete (App),,ruby_2,6600,4,데빌,150,GooglePlay,2025-08-03,14300,4718},,,
Order Complete (App),,ruby_2,6600,4,데빌,150,GooglePlay,2025-08-03,7700,4718},,,
Order Complete (App),,ruby_5,55000,8,코리아se스머신,270,GooglePlay,2025-07-30,227700,1085},,,
Order Complete (App),,ruby_3,11000,3,조엘,236,GooglePlay,2025-08-04,112200,2134},,,
Order Complete (App),,ruby_1,1100,20,Karl,266,GooglePlay,2025-07-18,11000,1237},,,
Order Complete (App),,ads_remove,7700,1,현권,27,GooglePlay,2025-08-05,0,15484},,,
Order Complete (App),,ruby_1,1100,20,Karl,266,GooglePlay,2025-07-18,9900,1237},,,
Order Complete (App),,ads_remove,7700,1,이밥이,7,GooglePlay,2025-08-05,0,99999999},,,
Order Complete (App),,ads_remove,7700,1,리혜,5,GooglePlay,2025-08-05,0,99999999},,,
Order Complete (App),,ruby_3,11000,22,땅더비,326,GooglePlay,2025-07-16,51700,340},,,
Order Complete (App),,ruby_4,33000,21,하모예,376,GooglePlay,2025-07-17,383900,108},,,
Order Complete (App),,ruby_6,110000,19,leonso,593,GooglePlay,2025-07-19,4583700,9},,,
Order Complete (App),,ads_remove,7700,1,존우석,10,GooglePlay,2025-08-05,0,99999999},,,
Order Complete (App),,ruby_6,110000,17,럭키스트라이크,545,OneStore,2025-07-21,1720400,14},,,
Order Complete (App),,ruby_4,33000,21,하모예,376,GooglePlay,2025-07-17,350900,108},,,
Order Complete (App),,ruby_3,11000,8,냉균,371,GooglePlay,2025-07-29,414700,117},,,
Order Complete (App),,ads_remove,7700,1,3341,8,GooglePlay,2025-08-05,0,99999999},,,
Order Complete (App),,ruby_3,11000,3,조엘,231,GooglePlay,2025-08-04,101200,2325},,,
Order Complete (App),,ruby_5,55000,17,베노미,436,OneStore,2025-07-21,831600,51},,,
Order Complete (App),,ruby_2,6600,19,쟁요,446,GooglePlay,2025-07-19,552200,44},,,
Order Complete (App),,ruby_3,11000,19,구독자,347,GooglePlay,2025-07-18,148500,206},,,
Order Complete (App),,ads_remove,7700,4,민윤,89,GooglePlay,2025-08-03,1100,6731},,,
Order Complete (App),,ads_remove,7700,1,창1,5,GooglePlay,2025-08-05,0,99999999},,,
Order Complete (App),,ruby_2,6600,3,짱주숭,255,GooglePlay,2025-08-04,244200,1616},,,
Order Complete (App),,ruby_1,1100,11,아루맘,357,GooglePlay,2025-07-26,192500,168},,,
Order Complete (App),,ruby_3,11000,19,태백,445,GooglePlay,2025-07-18,653400,44},,,
Order Complete (App),,ruby_6,110000,5,이순신표류기,147,GooglePlay,2025-08-01,62700,4181},,,
Order Complete (App),,ads_remove,7700,1,노조원,5,GooglePlay,2025-08-05,0,99999999},,,
Order Complete (App),,ruby_3,11000,5,이순신표류기,147,GooglePlay,2025-08-01,51700,4181},,,
Order Complete (App),,ruby_3,11000,1,샤오위,120,GooglePlay,2025-08-04,51700,4868},,,
Order Complete (App),,ruby_2,6600,6,오쭌쭌이,185,GooglePlay,2025-07-31,40700,3397},,,
Order Complete (App),,ruby_3,11000,21,땅더비,325,GooglePlay,2025-07-16,40700,400},,,
Order Complete (App),,ruby_4,33000,17,헤롱이,408,GooglePlay,2025-07-20,700700,66},,,
Order Complete (App),,ruby_3,11000,17,Nospoon,317,GooglePlay,2025-07-19,64900,412},,,
Order Complete (App),,ruby_2,6600,1,탄령,176,GooglePlay,2025-08-05,194700,3957},,,
Order Complete (App),,ruby_3,11000,16,반달,285,GooglePlay,2025-07-20,40700,802},,,
Order Complete (App),,ruby_2,6600,18,쟁요,441,GooglePlay,2025-07-19,545600,47},,,
Order Complete (App),,ruby_3,11000,1,대도너구리,70,GooglePlay,2025-08-05,7700,8441},,,
Order Complete (App),,ruby_1,1100,18,쟁요,441,GooglePlay,2025-07-19,544500,47},,,
Order Complete (App),,ruby_1,1100,3,선장,180,GooglePlay,2025-08-03,132000,3494},,,
Order Complete (App),,ruby_1,1100,3,선장,180,GooglePlay,2025-08-03,130900,3494},,,
Order Complete (App),,ads_remove,7700,1,san,4,GooglePlay,2025-08-05,0,99999999},,,
Order Complete (App),,ruby_1,1100,3,선장,180,GooglePlay,2025-08-03,128700,3494},,,
Order Complete (App),,ads_remove,7700,4,콜리는사랑,41,GooglePlay,2025-07-29,0,12722},,,
Order Complete (App),,ruby_4,33000,6,오쭌쭌이,176,GooglePlay,2025-07-31,7700,3574},,,
Order Complete (App),,ads_remove,7700,1,예니,4,GooglePlay,2025-08-05,0,99999999},,,
Order Complete (App),,ads_remove,7700,1,데오드란트,4,GooglePlay,2025-08-05,0,99999999},,,
Order Complete (App),,ruby_3,11000,4,은린,152,GooglePlay,2025-08-02,14300,4005},,,
Order Complete (App),,ads_remove,7700,1,인티얼,41,GooglePlay,2025-08-05,0,13418},,,
Order Complete (App),,ruby_6,110000,1,쏘가리,249,GooglePlay,2025-08-04,557700,1736},,,
Order Complete (App),,ruby_6,110000,1,쏘가리,249,GooglePlay,2025-08-04,337700,1736},,,
Order Complete (App),,ruby_3,11000,2,qazwsx,68,GooglePlay,2025-08-04,0,8543},,,
Order Complete (App),,ruby_1,1100,1,프링글스,41,GooglePlay,2025-08-05,11000,12715},,,
Order Complete (App),,ruby_3,11000,4,힝꾸,151,GooglePlay,2025-07-31,220000,4433},,,
Order Complete (App),,ruby_3,11000,9,보늬하늬,171,GooglePlay,2025-07-28,29700,3713},,,
Order Complete (App),,ruby_1,1100,1,프링글스,41,GooglePlay,2025-08-05,9900,12715},,,
Order Complete (App),,ruby_1,1100,1,프링글스,41,GooglePlay,2025-08-05,7700,12715},,,
Order Complete (App),,ruby_3,11000,9,보늬하늬,171,GooglePlay,2025-07-28,7700,3713},,,
Order Complete (App),,ruby_5,55000,17,헤롱이,402,GooglePlay,2025-07-20,645700,73},,,
Order Complete (App),,ruby_1,1100,1,탄령,141,GooglePlay,2025-08-05,194700,4850},,,
Order Complete (App),,ruby_1,1100,1,탄령,141,GooglePlay,2025-08-05,192500,4850},,,
Order Complete (App),,ads_remove,7700,1,프링글스,41,GooglePlay,2025-08-05,0,12715},,,
Order Complete (App),,ruby_3,11000,1,마노리스,27,GooglePlay,2025-08-05,0,14299},,,
Order Complete (App),,ruby_5,55000,5,쌈쟁이,146,GooglePlay,2025-07-31,150700,4217},,,
Order Complete (App),,ruby_2,6600,13,천상빛,234,GooglePlay,2025-07-24,14300,2192},,,
Order Complete (App),,ruby_6,110000,1,더메이드,53,GooglePlay,2025-08-05,7700,11151},,,
Order Complete (App),,ads_remove,7700,1,연쿵이,13,GooglePlay,2025-08-05,0,99999999},,,
Order Complete (App),,ruby_3,11000,2,짱주숭,243,GooglePlay,2025-08-04,233200,2002},,,
Order Complete (App),,ruby_5,55000,2,짱주숭,243,GooglePlay,2025-08-04,178200,2002},,,
Order Complete (App),,ruby_2,6600,11,하품,163,GooglePlay,2025-07-23,7700,3969},,,
Order Complete (App),,ruby_3,11000,17,김도영,280,GooglePlay,2025-07-20,18700,965},,,
Order Complete (App),,ruby_3,11000,5,부릅,225,GooglePlay,2025-08-01,82500,2585},,,
Order Complete (App),,ruby_4,33000,5,이순신표류기,147,GooglePlay,2025-08-01,18700,4173},,,
Order Complete (App),,ads_remove,7700,1,킴탠,4,GooglePlay,2025-08-05,0,99999999},,,
Order Complete (App),,ruby_2,6600,1,탄령,126,GooglePlay,2025-08-05,185900,4850},,,
Order Complete (App),,ruby_2,6600,1,고고려,92,GooglePlay,2025-08-05,6600,6209},,,
Order Complete (App),,ruby_3,11000,1,샤베,61,GooglePlay,2025-08-05,7700,9629},,,
Order Complete (App),,ruby_3,11000,5,조선호걸,167,GooglePlay,2025-08-01,128700,3878},,,
Order Complete (App),,ruby_3,11000,5,조선호걸,167,GooglePlay,2025-08-01,117700,3878},,,
Order Complete (App),,ruby_2,6600,19,민들레옹,332,GooglePlay,2025-07-18,115500,265},,,
Order Complete (App),,ruby_4,33000,1,김미뭉,87,GooglePlay,2025-08-05,7700,6992},,,
Order Complete (App),,ruby_3,11000,3,jjiny,88,GooglePlay,2025-08-03,7700,7484},,,
Order Complete (App),,ruby_4,33000,15,fourzero,287,GooglePlay,2025-07-22,96800,716},,,
Order Complete (App),,ruby_4,33000,1,탄령,120,GooglePlay,2025-08-05,185900,9620},,,
Order Complete (App),,ruby_5,55000,1,탄령,120,GooglePlay,2025-08-05,97900,9620},,,
Order Complete (App),,ads_remove,7700,1,제이크존슨,21,GooglePlay,2025-08-04,0,15237},,,
Order Complete (App),,ruby_4,33000,3,이곰이,46,GooglePlay,2025-08-03,0,15068},,,
Order Complete (App),,ruby_3,11000,19,민들레옹,332,GooglePlay,2025-07-18,104500,265},,,
Order Complete (App),,ruby_5,55000,4,힝꾸,141,GooglePlay,2025-07-31,165000,4433},,,
Order Complete (App),,ads_remove,7700,1,완태표류기,34,GooglePlay,2025-08-05,0,15445},,,
Order Complete (App),,ruby_1,1100,2,르무르,83,GooglePlay,2025-08-04,26400,7976},,,
Order Complete (App),,ruby_1,1100,2,르무르,83,GooglePlay,2025-08-04,26400,7976},,,
Order Complete (App),,ruby_2,6600,2,르무르,83,GooglePlay,2025-08-04,18700,7976},,,
Order Complete (App),,ruby_3,11000,2,르무르,83,GooglePlay,2025-08-04,7700,7976},,,
Order Complete (App),,ruby_5,55000,1,민트마라국밥,45,GooglePlay,2025-08-05,7700,13627},,,
Order Complete (App),,ads_remove,7700,2,호치파파,93,GooglePlay,2025-08-04,0,6014},,,
Order Complete (App),,ruby_4,33000,16,해일,292,GooglePlay,2025-07-17,212300,583},,,
Order Complete (App),,ruby_3,11000,3,골고리,119,GooglePlay,2025-08-03,7700,4912},,,
Order Complete (App),,ads_remove,7700,1,바이레도,16,GooglePlay,2025-08-05,0,99999999},,,
Order Complete (App),,ruby_4,33000,5,부릅,211,GooglePlay,2025-08-01,49500,2802},,,
Order Complete (App),,ads_remove,7700,1,명창곰돌이,7,GooglePlay,2025-08-05,0,99999999},,,
Order Complete (App),,ads_remove,7700,1,샤베,41,GooglePlay,2025-08-05,0,12696},,,
Order Complete (App),,ruby_3,11000,12,순간적쾌락,250,GooglePlay,2025-07-24,60500,1725},,,
Order Complete (App),,ads_remove,7700,1,이이우우,42,GooglePlay,2025-08-05,0,13622},,,
Order Complete (App),,ruby_4,33000,14,나류토,240,GooglePlay,2025-07-22,51700,2168},,,
Order Complete (App),,ruby_3,11000,1,민마이,29,GooglePlay,2025-08-05,7700,15430},,,
Order Complete (App),,ads_remove,7700,1,의심,4,GooglePlay,2025-08-05,0,99999999},,,
Order Complete (App),,ruby_2,6600,1,탄령,81,GooglePlay,2025-08-05,91300,9620},,,
Order Complete (App),,ads_remove,7700,3,알미사엘,109,GooglePlay,2025-08-03,0,5510},,,
Order Complete (App),,ruby_3,11000,1,조승연,81,GooglePlay,2025-08-04,18700,7703},,,
Order Complete (App),,ruby_3,11000,1,조승연,81,GooglePlay,2025-08-04,7700,7703},,,
Order Complete (App),,ruby_2,6600,1,고고려,87,GooglePlay,2025-08-05,0,6856},,,
Order Complete (App),,ruby_3,11000,18,구독자,346,GooglePlay,2025-07-18,137500,211},,,
Order Complete (App),,ruby_3,11000,19,일주일만,391,GooglePlay,2025-07-18,333300,82},,,
Order Complete (App),,ads_remove,7700,1,더메이드,7,GooglePlay,2025-08-05,0,99999999},,,
Order Complete (App),,ruby_3,11000,6,금요일,249,GooglePlay,2025-07-30,75900,1725},,,
Order Complete (App),,ruby_3,11000,1,탄령,61,GooglePlay,2025-08-05,80300,10329},,,
Order Complete (App),,ruby_3,11000,1,탄령,61,GooglePlay,2025-08-05,69300,10329},,,
Order Complete (App),,ruby_6,110000,17,부릉부릉,804,OneStore,2025-07-20,5727700,2},,,
Order Complete (App),,ruby_3,11000,1,탄령,61,GooglePlay,2025-08-05,58300,10329},,,
Order Complete (App),,ruby_4,33000,1,탄령,61,GooglePlay,2025-08-05,25300,10329},,,
Order Complete (App),,ruby_2,6600,7,행행,169,GooglePlay,2025-07-29,6600,3775},,,
Order Complete (App),,ads_remove,7700,1,민트마라국밥,11,GooglePlay,2025-08-05,0,99999999},,,
Order Complete (App),,ruby_3,11000,1,탄령,61,GooglePlay,2025-08-05,14300,10329},,,
Order Complete (App),,ads_remove,7700,1,흰구름,34,GooglePlay,2025-08-05,0,13618},,,
Order Complete (App),,ads_remove,7700,1,송촌감자,9,GooglePlay,2025-08-05,0,99999999},,,
Order Complete (App),,ads_remove,7700,1,콩똔또,24,GooglePlay,2025-08-05,0,15421},,,
Order Complete (App),,ads_remove,7700,1,잉똔또,5,GooglePlay,2025-08-05,0,99999999},,,
Order Complete (App),,ruby_6,110000,18,leonso,584,GooglePlay,2025-07-19,4473700,9},,,
Order Complete (App),,ruby_1,1100,11,그루터기,331,GooglePlay,2025-07-26,337700,267},,,
Order Complete (App),,ruby_6,110000,18,leonso,584,GooglePlay,2025-07-19,4363700,9},,,
Order Complete (App),,ads_remove,7700,1,porong,36,GooglePlay,2025-08-05,0,13489},,,
Order Complete (App),,ruby_2,6600,18,시조,249,GooglePlay,2025-07-19,14300,1768},,,
Order Complete (App),,ruby_5,55000,4,조메기,256,GooglePlay,2025-08-02,195800,1717},,,
Order Complete (App),,ruby_2,6600,1,탄령,49,GooglePlay,2025-08-05,7700,11850},,,
Order Complete (App),,ruby_2,6600,3,삼이,136,GooglePlay,2025-08-02,7700,4459},,,
Order Complete (App),,ruby_6,110000,3,쵸돈단스,267,GooglePlay,2025-08-03,348700,1159},,,
Order Complete (App),,ruby_1,1100,2,오리야zzi,66,GooglePlay,2025-08-03,7700,8907},,,
Order Complete (App),,ads_remove,7700,1,대도너구리,9,GooglePlay,2025-08-05,0,99999999},,,
Order Complete (App),,ruby_2,6600,2,오리야zzi,66,GooglePlay,2025-08-03,0,8907},,,
Order Complete (App),,ads_remove,7700,2,정길상,42,GooglePlay,2025-08-04,0,12532},,,
Order Complete (App),,ruby_2,6600,4,뽄요,176,GooglePlay,2025-08-02,88000,3551},,,
Order Complete (App),,ruby_6,110000,4,소담소민,286,GooglePlay,2025-08-01,880000,703},,,
Order Complete (App),,ruby_3,11000,8,난세난난세,266,GooglePlay,2025-07-29,128700,1204},,,
Order Complete (App),,ads_remove,7700,1,밤낮장꾸,24,GooglePlay,2025-08-05,0,14860},,,
Order Complete (App),,ruby_5,55000,10,퓨어,247,GooglePlay,2025-07-26,242000,1868},,,
Order Complete (App),,ruby_5,55000,10,퓨어,246,GooglePlay,2025-07-26,187000,1868},,,
Order Complete (App),,ads_remove,7700,1,김미뭉,24,GooglePlay,2025-08-05,0,14858},,,
Order Complete (App),,ruby_6,110000,16,채가네김집사,308,GooglePlay,2025-07-21,139700,439},,,
Order Complete (App),,ruby_5,55000,21,넌누구니,485,GooglePlay,2025-07-16,1046100,23},,,
Order Complete (App),,ruby_3,11000,4,짖리,184,GooglePlay,2025-08-02,29700,3422},,,
Order Complete (App),,ruby_3,11000,4,짖리,184,GooglePlay,2025-08-02,7700,3422},,,
Order Complete (App),,ads_remove,7700,1,장꾸꾸,1,GooglePlay,2025-08-05,0,99999999},,,
Order Complete (App),,ruby_4,33000,19,일주일만,385,GooglePlay,2025-07-18,300300,93},,,
Order Complete (App),,ruby_3,11000,4,뽄요,169,GooglePlay,2025-08-02,77000,3852},,,
Order Complete (App),,ruby_3,11000,311,동행,1098,OneStore,2024-09-29,4128200,6},,,
Order Complete (App),,ruby_5,55000,7,코리아se스머신,267,GooglePlay,2025-07-30,172700,1160},,,
Order Complete (App),,ruby_4,33000,6,금요일,234,GooglePlay,2025-07-30,42900,2193},,,
Order Complete (App),,ads_remove,7700,1,,6,GooglePlay,2025-08-05,0,99999999},,,
Order Complete (App),,ads_remove,7700,1,로토루,56,GooglePlay,2025-08-05,0,10814},,,
Order Complete (App),,ruby_3,11000,2,프레지던트반,102,GooglePlay,2025-08-04,7700,5916},,,
Order Complete (App),,ruby_3,11000,6,금요일,232,GooglePlay,2025-07-30,31900,2193},,,
Order Complete (App),,ruby_1,1100,14,아둔,117,GooglePlay,2025-07-16,233200,5133},,,
Order Complete (App),,ruby_3,11000,11,그루터기,329,GooglePlay,2025-07-26,326700,282},,,
Order Complete (App),,ads_remove,7700,1,여기영차,36,GooglePlay,2025-08-04,0,14086},,,
Order Complete (App),,ruby_2,6600,3,진삼,118,GooglePlay,2025-08-03,7700,5129},,,
Order Complete (App),,ruby_2,6600,17,스무디킹,249,GooglePlay,2025-07-20,37400,1710},,,
Order Complete (App),,ruby_3,11000,21,시인아이,302,GooglePlay,2025-07-16,71500,484},,,
Order Complete (App),,ruby_3,11000,3,요거트슈,173,GooglePlay,2025-08-03,40700,3616},,,
Order Complete (App),,ads_remove,7700,3,부마산기,102,GooglePlay,2025-08-02,0,5699},,,
Order Complete (App),,ruby_4,33000,15,두율대디,391,GooglePlay,2025-07-22,426800,80},,,
Order Complete (App),,ruby_5,55000,20,부가땅,310,GooglePlay,2025-07-17,124300,431},,,
Order Complete (App),,ruby_2,6600,21,시인아이,295,GooglePlay,2025-07-16,64900,511},,,
Order Complete (App),,ruby_3,11000,4,혼소,168,GooglePlay,2025-08-01,29700,3773},,,
Order Complete (App),,ruby_2,6600,19,명돌이,253,GooglePlay,2025-07-17,25300,1601},,,
Order Complete (App),,ruby_1,1100,1,임백현,71,GooglePlay,2025-08-04,0,8382},,,
Order Complete (App),,ruby_1,1100,2,대모험,113,GooglePlay,2025-08-04,7700,5390},,,
Order Complete (App),,ruby_2,6600,2,대모험,113,GooglePlay,2025-08-04,0,5390},,,
Order Complete (App),,ruby_3,11000,11,디아란,345,GooglePlay,2025-07-26,624800,219},,,
Order Complete (App),,ruby_3,11000,7,오비이락,266,GooglePlay,2025-07-30,18700,1199},,,
Order Complete (App),,ruby_2,6600,2,조엘,225,GooglePlay,2025-08-04,94600,2498},,,
Order Complete (App),,ads_remove,7700,1,밤낮장꾸,6,GooglePlay,2025-08-05,0,99999999},,,
Order Complete (App),,ads_remove,7700,1,밤낮장꾸,6,GooglePlay,2025-08-05,0,99999999},,,
Order Complete (App),,ruby_5,55000,2,눈의산들,118,GooglePlay,2025-08-03,62700,4947},,,
Order Complete (App),,ruby_3,11000,18,JMG,298,GooglePlay,2025-07-19,88000,521},,,
Order Complete (App),,ruby_4,33000,2,미누미누,24,GooglePlay,2025-08-04,0,14637},,,
Order Complete (App),,ruby_4,33000,18,JMG,298,GooglePlay,2025-07-19,44000,521},,,
Order Complete (App),,ruby_1,1100,14,아둔,117,OneStore,2025-07-16,233200,5125},,,
Order Complete (App),,ruby_4,33000,18,오동,302,GooglePlay,2025-07-19,35200,459},,,
Order Complete (App),,ruby_3,11000,5,꼭두,149,GooglePlay,2025-07-31,7700,4171},,,
Order Complete (App),,ads_remove,7700,1,피라몬드,8,GooglePlay,2025-08-05,0,99999999},,,
Order Complete (App),,ads_remove,7700,1,이타카,9,GooglePlay,2025-08-05,0,99999999},,,
Order Complete (App),,ruby_6,110000,4,소담소민,286,GooglePlay,2025-08-01,770000,688},,,
Order Complete (App),,ads_remove,7700,1,노르보,11,GooglePlay,2025-08-05,0,99999999},,,
Order Complete (App),,ruby_1,1100,58,후로샤끼,272,GooglePlay,2024-10-31,6008200,882},,,
Order Complete (App),,ruby_2,6600,2,조엘,215,GooglePlay,2025-08-04,88000,2659},,,
Order Complete (App),,ruby_3,11000,17,한료타,302,GooglePlay,2025-07-20,79200,452},,,
Order Complete (App),,ruby_1,1100,6,갬성,254,GooglePlay,2025-07-31,118800,1510},,,
Order Complete (App),,ruby_1,1100,6,갬성,254,GooglePlay,2025-07-31,116600,1510},,,
Order Complete (App),,ads_remove,7700,1,대형,41,GooglePlay,2025-08-05,0,12640},,,
Order Complete (App),,ruby_1,1100,2,짱주숭,226,GooglePlay,2025-08-04,178200,2525},,,
Order Complete (App),,ruby_1,1100,2,짱주숭,226,GooglePlay,2025-08-04,177100,2525},,,
Order Complete (App),,ruby_1,1100,2,짱주숭,226,GooglePlay,2025-08-04,174900,2525},,,
Order Complete (App),,ads_remove,7700,1,경의,7,GooglePlay,2025-08-05,0,99999999},,,
Order Complete (App),,ruby_2,6600,9,반여월,252,GooglePlay,2025-07-26,7700,1672},,,
Order Complete (App),,ruby_2,6600,19,기풍한1,319,GooglePlay,2025-07-17,62700,455},,,
Order Complete (App),,ruby_1,1100,19,딱쎄,395,GooglePlay,2025-07-18,302500,72},,,
Order Complete (App),,ruby_1,1100,19,딱쎄,395,GooglePlay,2025-07-18,302500,72},,,
Order Complete (App),,ruby_1,1100,19,딱쎄,395,GooglePlay,2025-07-18,301400,72},,,
Order Complete (App),,ruby_2,6600,19,기풍한1,315,GooglePlay,2025-07-17,56100,455},,,
Order Complete (App),,ruby_1,1100,19,딱쎄,395,GooglePlay,2025-07-18,299200,72},,,
Order Complete (App),,ruby_1,1100,19,딱쎄,395,GooglePlay,2025-07-18,297000,72},,,
Order Complete (App),,ruby_6,110000,2,굼재곱,144,GooglePlay,2025-08-04,377300,4576},,,
Order Complete (App),,ads_remove,7700,1,민마이,4,GooglePlay,2025-08-05,0,99999999},,,
Order Complete (App),,ads_remove,7700,1,메타폴리스,25,GooglePlay,2025-08-04,0,14625},,,
Order Complete (App),,ads_remove,7700,1,밀양박,66,GooglePlay,2025-08-04,0,8867},,,
Order Complete (App),,ruby_1,1100,3,민윤,86,GooglePlay,2025-08-03,0,6935},,,
Order Complete (App),,ruby_4,33000,1,짱콩파파,188,GooglePlay,2025-08-04,106700,3216},,,
Order Complete (App),,ruby_4,33000,2,짱주숭,201,GooglePlay,2025-08-04,141900,3001},,,
Order Complete (App),,ruby_4,33000,18,물긷는아낙네,338,GooglePlay,2025-07-19,179300,251},,,
Order Complete (App),,ruby_2,6600,9,송설정병,231,GooglePlay,2025-07-26,64900,2295},,,
Order Complete (App),,ruby_4,33000,20,맘바,390,OneStore,2025-07-17,309100,79},,,
Order Complete (App),,ruby_3,11000,10,전사법사,243,GooglePlay,2025-07-27,7700,1955},,,
Order Complete (App),,ads_remove,7700,1,강태니,41,GooglePlay,2025-08-05,0,13257},,,
Order Complete (App),,ruby_2,6600,5,치운,189,GooglePlay,2025-08-01,40700,3177},,,
Order Complete (App),,ruby_5,55000,2,짱주숭,192,GooglePlay,2025-08-04,86900,3001},,,
Order Complete (App),,ruby_1,1100,6,돌돌돌,233,GooglePlay,2025-07-30,17600,2192},,,
Order Complete (App),,ruby_3,11000,5,이순신표류기,118,GooglePlay,2025-08-01,7700,4967},,,
Order Complete (App),,ruby_3,11000,19,국산뽀또,405,GooglePlay,2025-07-17,343200,66},,,
Order Complete (App),,ruby_4,33000,19,텐프로,354,GooglePlay,2025-07-18,304700,175},,,
Order Complete (App),,ruby_5,55000,19,텐프로,354,GooglePlay,2025-07-18,216700,175},,,
Order Complete (App),,ruby_3,11000,2,막지었음,24,GooglePlay,2025-08-04,0,15360},,,
Order Complete (App),,ruby_2,6600,3,byeoll,92,GooglePlay,2025-08-03,8800,6139},,,
Order Complete (App),,ads_remove,7700,1,영웅등장,44,GooglePlay,2025-08-05,0,12246},,,
Order Complete (App),,ruby_5,55000,2,삥쭈,151,GooglePlay,2025-08-04,172700,4335},,,
Order Complete (App),,ads_remove,7700,1,탄령,14,GooglePlay,2025-08-05,0,99999999},,,
Order Complete (App),,ruby_6,110000,19,텐프로,347,GooglePlay,2025-07-18,106700,198},,,
Order Complete (App),,ruby_4,33000,3,까에,122,GooglePlay,2025-08-03,22000,4857},,,
Order Complete (App),,ruby_5,55000,20,엉망,671,GooglePlay,2025-07-17,2462900,7},,,
Order Complete (App),,ruby_4,33000,20,엉망,671,GooglePlay,2025-07-17,2429900,7},,,
Order Complete (App),,ruby_1,1100,5,떠쥬니,195,GooglePlay,2025-07-31,33000,2939},,,
Order Complete (App),,ruby_1,1100,5,떠쥬니,195,GooglePlay,2025-07-31,30800,2939},,,
Order Complete (App),,ruby_1,1100,5,떠쥬니,195,GooglePlay,2025-07-31,29700,2939},,,
Order Complete (App),,ads_remove,7700,7,오리꽥,104,GooglePlay,2025-07-29,0,5660},,,
Order Complete (App),,ruby_4,33000,13,aurora,247,OneStore,2025-07-24,62700,1778},,,
Order Complete (App),,ruby_3,11000,19,방귀꾼,349,GooglePlay,2025-07-18,224400,187},,,
Order Complete (App),,ruby_3,11000,19,방귀꾼,349,GooglePlay,2025-07-18,213400,187},,,
Order Complete (App),,ads_remove,7700,1,기분풀자,8,GooglePlay,2025-08-05,0,99999999},,,
Order Complete (App),,ads_remove,7700,1,다련장,6,GooglePlay,2025-08-05,0,99999999},,,
Order Complete (App),,ads_remove,7700,1,카펠,20,GooglePlay,2025-08-05,0,99999999},,,
Order Complete (App),,ruby_3,11000,9,술마신빈,191,GooglePlay,2025-07-28,22000,3262},,,
Order Complete (App),,ruby_3,11000,11,궁디팡,307,GooglePlay,2025-07-26,157300,478},,,
Order Complete (App),,ruby_2,6600,2,견1자희,72,GooglePlay,2025-08-03,29700,8241},,,
Order Complete (App),,ruby_3,11000,2,견1자희,72,GooglePlay,2025-08-03,18700,8241},,,
Order Complete (App),,ruby_6,110000,4,소담소민,265,GooglePlay,2025-08-01,660000,1258},,,
Order Complete (App),,ruby_3,11000,2,견1자희,72,GooglePlay,2025-08-03,7700,8241},,,
Order Complete (App),,ruby_6,110000,4,소담소민,265,GooglePlay,2025-08-01,550000,1258},,,
Order Complete (App),,ads_remove,7700,1,헉도사,9,GooglePlay,2025-08-05,0,99999999},,,
Order Complete (App),,ruby_4,33000,1,맥가이버,56,GooglePlay,2025-08-05,11000,10088},,,
Order Complete (App),,ruby_5,55000,9,우르르쾅쾅,273,GooglePlay,2025-07-27,352000,977},,,
Order Complete (App),,ruby_3,11000,2,짱주숭,179,GooglePlay,2025-08-04,75900,3428},,,
Order Complete (App),,ruby_4,33000,1,짱콩파파,179,GooglePlay,2025-08-04,73700,3429},,,
Order Complete (App),,ruby_3,11000,8,초인고양이,337,OneStore,2025-07-29,341000,235},,,
Order Complete (App),,ruby_4,33000,1,샤오위,91,GooglePlay,2025-08-04,18700,6339},,,
Order Complete (App),,ads_remove,7700,1,코나미,65,GooglePlay,2025-08-04,0,9481},,,
Order Complete (App),,ruby_3,11000,2,문정허목,82,GooglePlay,2025-08-04,7700,7977},,,
Order Complete (App),,ruby_3,11000,15,오늘만산다,285,GooglePlay,2025-07-19,113300,782},,,
Order Complete (App),,ruby_4,33000,15,오늘만산다,285,GooglePlay,2025-07-19,69300,782},,,
Order Complete (App),,ruby_3,11000,1,비행곰,29,GooglePlay,2025-08-05,29700,14966},,,
Order Complete (App),,ruby_3,11000,1,비행곰,29,GooglePlay,2025-08-05,7700,14966},,,
Order Complete (App),,ruby_1,1100,18,쟁요,436,GooglePlay,2025-07-19,544500,49},,,
Order Complete (App),,ruby_1,1100,18,쟁요,436,GooglePlay,2025-07-19,543400,49},,,
Order Complete (App),,ruby_1,1100,18,쟁요,436,GooglePlay,2025-07-19,541200,49},,,
Order Complete (App),,ruby_6,110000,1,쏘가리,200,GooglePlay,2025-08-04,227700,2871},,,
Order Complete (App),,ruby_3,11000,1,맥가이버,24,GooglePlay,2025-08-05,0,15334},,,
Order Complete (App),,ruby_4,33000,19,도재,369,GooglePlay,2025-07-18,154000,119},,,
Order Complete (App),,ads_remove,7700,1,비행곰,5,GooglePlay,2025-08-05,0,99999999},,,
Order Complete (App),,ruby_1,1100,19,동광,285,GooglePlay,2025-07-18,97900,760},,,
Order Complete (App),,ads_remove,7700,1,챠킹,5,GooglePlay,2025-08-05,0,99999999},,,
Order Complete (App),,ruby_4,33000,2,teamnose,120,GooglePlay,2025-08-03,58300,4912},,,
Order Complete (App),,ruby_4,33000,2,민이슬,86,GooglePlay,2025-08-04,7700,7666},,,
Order Complete (App),,ads_remove,7700,1,부어버리,6,GooglePlay,2025-08-05,0,99999999},,,
Order Complete (App),,ads_remove,7700,1,서워니남편,61,GooglePlay,2025-08-04,0,10352},,,
Order Complete (App),,ruby_4,33000,2,리세3,211,OneStore,2025-08-04,63800,2703},,,
Order Complete (App),,ruby_4,33000,12,Lr비,378,GooglePlay,2025-07-25,352000,104},,,
Order Complete (App),,ruby_2,6600,17,신선놀음,297,GooglePlay,2025-07-19,59400,475},,,
Order Complete (App),,ruby_2,6600,11,그루터기,328,GooglePlay,2025-07-26,320100,284},,,
Order Complete (App),,ruby_2,6600,11,그루터기,328,GooglePlay,2025-07-26,313500,284},,,
Order Complete (App),,ruby_3,11000,4,동탄잉어,112,GooglePlay,2025-08-02,7700,5295},,,
Order Complete (App),,ruby_2,6600,3,푸르른달,185,GooglePlay,2025-08-02,28600,3308},,,
Order Complete (App),,ruby_4,33000,1,무장전선,41,GooglePlay,2025-08-05,7700,15311},,,
Order Complete (App),,ads_remove,7700,1,위상수학,43,OneStore,2025-08-05,7700,12202},,,
Order Complete (App),,ruby_3,11000,5,도라에몽표류기,251,GooglePlay,2025-08-01,169400,1570},,,
Order Complete (App),,ruby_4,33000,13,카리스마행,266,GooglePlay,2025-07-24,69300,1343},,,
Order Complete (App),,ruby_5,55000,2,끼랄,103,GooglePlay,2025-08-03,117700,5747},,,
Order Complete (App),,ads_remove,7700,1,로시빠빠,43,GooglePlay,2025-08-05,0,14271},,,
Order Complete (App),,ruby_6,110000,1,쏘가리,150,GooglePlay,2025-08-04,117700,3598},,,
Order Complete (App),,ads_remove,7700,1,요롱2,7,GooglePlay,2025-08-05,0,99999999},,,
Order Complete (App),,ruby_2,6600,17,비긴이계인,288,GooglePlay,2025-07-19,18700,595},,,
Order Complete (App),,ruby_2,6600,13,카리스마행,261,GooglePlay,2025-07-24,62700,1343},,,
Order Complete (App),,ads_remove,7700,1,난세표루깅,7,GooglePlay,2025-08-05,0,99999999},,,
Order Complete (App),,ruby_1,1100,13,치우1,185,GooglePlay,2025-07-25,49500,3303},,,
Order Complete (App),,ruby_1,1100,13,치우1,185,GooglePlay,2025-07-25,47300,3303},,,
Order Complete (App),,ruby_2,6600,13,치우1,185,GooglePlay,2025-07-25,40700,3303},,,
Order Complete (App),,ruby_3,11000,13,치우1,185,GooglePlay,2025-07-25,29700,3303},,,
Order Complete (App),,ruby_1,1100,2,태구,109,GooglePlay,2025-08-03,23100,5423},,,
Order Complete (App),,ruby_1,1100,2,태구,109,GooglePlay,2025-08-03,20900,5423},,,
Order Complete (App),,ruby_2,6600,2,태구,109,GooglePlay,2025-08-03,14300,5423},,,
Order Complete (App),,ads_remove,7700,1,맹인,4,GooglePlay,2025-08-05,0,99999999},,,
Order Complete (App),,ruby_3,11000,5,떠쥬니,188,GooglePlay,2025-07-31,18700,3141},,,
Order Complete (App),,ruby_3,11000,13,치우1,185,GooglePlay,2025-07-25,18700,3303},,,
Order Complete (App),,ruby_3,11000,5,떠쥬니,188,GooglePlay,2025-07-31,7700,3141},,,
Order Complete (App),,ruby_1,1100,3,비갠뒤소나기,206,GooglePlay,2025-08-03,53900,2971},,,
Order Complete (App),,ruby_1,1100,9,쭈니띠,101,GooglePlay,2025-07-25,6600,5516},,,
Order Complete (App),,ruby_3,11000,13,치우1,185,GooglePlay,2025-07-25,7700,3303},,,
Order Complete (App),,ruby_2,6600,9,쭈니띠,101,GooglePlay,2025-07-25,0,5516},,,
Order Complete (App),,ads_remove,7700,1,무장전선,5,GooglePlay,2025-08-05,0,99999999},,,
Order Complete (App),,ruby_3,11000,1,다래,118,GooglePlay,2025-08-05,14300,6308},,,
Order Complete (App),,ruby_6,110000,2,오디나무,230,GooglePlay,2025-08-03,163900,3140},,,
Order Complete (App),,ruby_6,110000,2,굼재곱,58,GooglePlay,2025-08-04,377300,10724},,,
Order Complete (App),,ruby_6,110000,2,굼재곱,58,GooglePlay,2025-08-04,157300,10724},,,
Order Complete (App),,ruby_6,110000,18,leonso,573,GooglePlay,2025-07-19,4253700,8},,,
Order Complete (App),,ruby_2,6600,1,다래,59,GooglePlay,2025-08-05,7700,15286},,,
Order Complete (App),,ruby_5,55000,18,지남샘,371,GooglePlay,2025-07-18,314600,110},,,
Order Complete (App),,ruby_6,110000,2,굼재곱,54,GooglePlay,2025-08-04,47300,10724},,,
Order Complete (App),,ruby_4,33000,2,굼재곱,54,GooglePlay,2025-08-04,14300,10724},,,
Order Complete (App),,ruby_2,6600,2,굼재곱,54,GooglePlay,2025-08-04,7700,10724},,,
Order Complete (App),,ruby_3,11000,5,도라에몽표류기,250,GooglePlay,2025-08-01,158400,1662},,,
Order Complete (App),,ruby_2,6600,2,오디나무,198,GooglePlay,2025-08-03,157300,3140},,,
Order Complete (App),,ruby_1,1100,5,도라에몽표류기,249,GooglePlay,2025-08-01,157300,1662},,,
Order Complete (App),,ruby_4,33000,19,줸줸,426,GooglePlay,2025-07-18,372900,57},,,
Order Complete (App),,ads_remove,7700,1,나무심는권대표,4,GooglePlay,2025-08-05,0,99999999},,,
Order Complete (App),,ruby_5,55000,2,오디나무,188,GooglePlay,2025-08-03,102300,3140},,,
Order Complete (App),,ruby_3,11000,19,딱쎄,390,GooglePlay,2025-07-18,286000,78},,,
Order Complete (App),,ads_remove,7700,1,다래,7,GooglePlay,2025-08-05,0,99999999},,,
Order Complete (App),,ruby_1,1100,18,신펜,465,GooglePlay,2025-07-19,825000,27},,,
Order Complete (App),,ruby_2,6600,21,만마앙복,449,GooglePlay,2025-07-16,393800,38},,,
Order Complete (App),,ads_remove,7700,1,로저페더러,11,GooglePlay,2025-08-05,0,99999999},,,
Order Complete (App),,ruby_4,33000,5,야몽이,252,GooglePlay,2025-08-01,40700,1524},,,
Order Complete (App),,ads_remove,7700,1,로히,18,GooglePlay,2025-08-04,0,99999999},,,
Order Complete (App),,ruby_4,33000,20,지피지기,321,GooglePlay,2025-07-16,64900,378},,,
Order Complete (App),,ruby_4,33000,10,Realize,286,GooglePlay,2025-07-27,347600,659},,,
Order Complete (App),,ruby_4,33000,10,Realize,286,GooglePlay,2025-07-27,314600,659},,,
Order Complete (App),,ruby_2,6600,5,굴비사마,272,GooglePlay,2025-08-01,95700,1074},,,
Order Complete (App),,ruby_4,33000,14,누나좋아,333,GooglePlay,2025-07-22,521400,253},,,
Order Complete (App),,ruby_1,1100,16,뇽뇽이,247,GooglePlay,2025-07-21,7700,1747},,,
Order Complete (App),,ruby_1,1100,2,소땡,41,GooglePlay,2025-08-04,9900,12539},,,
Order Complete (App),,ruby_2,6600,16,뇽뇽이,247,GooglePlay,2025-07-21,0,1747},,,
Order Complete (App),,ruby_1,1100,2,소땡,41,GooglePlay,2025-08-04,9900,12539},,,
Order Complete (App),,ruby_1,1100,2,소땡,41,GooglePlay,2025-08-04,7700,12539},,,
Order Complete (App),,ads_remove,7700,5,로하1013,128,GooglePlay,2025-07-31,0,4570},,,
Order Complete (App),,ruby_3,11000,18,대명,446,GooglePlay,2025-07-19,558800,41},,,
Order Complete (App),,ruby_5,55000,2,삥쭈,101,GooglePlay,2025-08-04,117700,5924},,,
Order Complete (App),,ads_remove,7700,1,에흑,35,GooglePlay,2025-08-04,0,13344},,,
Order Complete (App),,ads_remove,7700,2,밤그늘,27,GooglePlay,2025-08-04,0,14120},,,
Order Complete (App),,ruby_3,11000,1,샤오위,46,GooglePlay,2025-08-04,7700,11727},,,
Order Complete (App),,ads_remove,7700,3,월광욕,52,GooglePlay,2025-07-30,0,11013},,,
Order Complete (App),,ruby_1,1100,10,꼬치쓰,286,GooglePlay,2025-07-27,151800,1062},,,
Order Complete (App),,ruby_1,1100,10,꼬치쓰,286,GooglePlay,2025-07-27,151800,1062},,,
Order Complete (App),,ruby_1,1100,10,꼬치쓰,286,GooglePlay,2025-07-27,151800,1062},,,
Order Complete (App),,ruby_1,1100,10,꼬치쓰,286,GooglePlay,2025-07-27,149600,1062},,,
Order Complete (App),,ruby_1,1100,10,꼬치쓰,286,GooglePlay,2025-07-27,146300,1062},,,
Order Complete (App),,ads_remove,7700,1,주블리,8,GooglePlay,2025-08-04,0,99999999},,,
Order Complete (App),,ads_remove,7700,1,풍운우사,13,GooglePlay,2025-08-04,0,99999999},,,
Order Complete (App),,ruby_2,6600,9,톰달,214,GooglePlay,2025-07-28,42900,2607},,,
Order Complete (App),,ruby_2,6600,1,백합,87,GooglePlay,2025-08-04,7700,6866},,,
Order Complete (App),,ruby_2,6600,2,태구,91,GooglePlay,2025-08-03,7700,6274},,,
Order Complete (App),,ruby_2,6600,16,수라드,286,GooglePlay,2025-07-21,37400,649},,,
Order Complete (App),,ads_remove,7700,1,JOSTIN,4,GooglePlay,2025-08-04,0,99999999},,,
Order Complete (App),,ruby_4,33000,10,꼬치쓰,269,GooglePlay,2025-07-27,113300,1062},,,
Order Complete (App),,ruby_3,11000,3,요거트슈,151,GooglePlay,2025-08-03,29700,4206},,,
Order Complete (App),,ruby_2,6600,2,조엘,199,GooglePlay,2025-08-04,81400,2822},,,
Order Complete (App),,ads_remove,7700,1,경멸,10,GooglePlay,2025-08-04,0,99999999},,,
Order Complete (App),,ruby_2,6600,16,이소룡,248,GooglePlay,2025-07-20,8800,1859},,,
Order Complete (App),,ruby_4,33000,1,짱콩파파,136,GooglePlay,2025-08-04,40700,4439},,,
Order Complete (App),,ruby_3,11000,19,그르,314,GooglePlay,2025-07-17,47300,398},,,
Order Complete (App),,ads_remove,7700,1,돌굴러가유,4,GooglePlay,2025-08-04,0,99999999},,,
Order Complete (App),,ruby_3,11000,2,Domic,55,GooglePlay,2025-08-04,0,12147},,,
Order Complete (App),,ruby_2,6600,19,그르,313,GooglePlay,2025-07-17,40700,398},,,
Order Complete (App),,ruby_5,55000,14,하누크,271,GooglePlay,2025-07-23,44000,958},,,
Order Complete (App),,ruby_3,11000,19,그르,311,GooglePlay,2025-07-17,29700,398},,,
Order Complete (App),,ruby_2,6600,18,아서물,301,GooglePlay,2025-07-19,37400,437},,,
Order Complete (App),,ruby_5,55000,4,갱민,148,GooglePlay,2025-08-02,37400,4087},,,
Order Complete (App),,ruby_3,11000,4,잽삐,180,GooglePlay,2025-08-02,33000,3400},,,
Order Complete (App),,ruby_4,33000,1,짱콩파파,115,GooglePlay,2025-08-04,7700,5140},,,
Order Complete (App),,ads_remove,7700,5,두다다쿵,68,GooglePlay,2025-08-01,0,8371},,,
Order Complete (App),,ruby_3,11000,2,짱주숭,148,GooglePlay,2025-08-04,64900,3983},,,
Order Complete (App),,ruby_4,33000,3,2인자,148,OneStore,2025-08-03,95700,3988},,,
Order Complete (App),,ruby_3,11000,15,귤귤귤귤,270,GooglePlay,2025-07-21,50600,1013},,,
Order Complete (App),,ruby_3,11000,15,귤귤귤귤,270,GooglePlay,2025-07-21,50600,1013},,,
Order Complete (App),,ruby_3,11000,15,귤귤귤귤,270,GooglePlay,2025-07-21,28600,1013},,,
Order Complete (App),,ruby_3,11000,15,귤귤귤귤,270,GooglePlay,2025-07-21,17600,1013},,,
Order Complete (App),,ruby_4,33000,15,게실염,293,GooglePlay,2025-07-21,254100,571},,,
Order Complete (App),,ads_remove,7700,1,와니이,7,GooglePlay,2025-08-04,0,99999999},,,
Order Complete (App),,ruby_2,6600,15,게실염,288,GooglePlay,2025-07-21,254100,571},,,
Order Complete (App),,ruby_3,11000,15,게실염,288,GooglePlay,2025-07-21,236500,571},,,
Order Complete (App),,ruby_4,33000,15,게실염,288,GooglePlay,2025-07-21,203500,571},,,
Order Complete (App),,ads_remove,7700,1,자화,36,GooglePlay,2025-08-04,0,14700},,,
Order Complete (App),,ruby_2,6600,3,꽃방블루스,118,GooglePlay,2025-08-03,15400,4882},,,
Order Complete (App),,ads_remove,7700,1,삼촌,24,GooglePlay,2025-08-04,0,14699},,,
Order Complete (App),,ruby_3,11000,15,오늘만산다,272,GooglePlay,2025-07-19,58300,920},,,
Order Complete (App),,ruby_6,110000,17,부릉부릉,792,OneStore,2025-07-20,5617700,2},,,
Order Complete (App),,ruby_4,33000,18,개근남,474,GooglePlay,2025-07-18,944900,25},,,
Order Complete (App),,ruby_2,6600,2,짱주숭,148,GooglePlay,2025-08-04,58300,4032},,,
Order Complete (App),,ads_remove,7700,1,백합,26,GooglePlay,2025-08-04,0,14693},,,
Order Complete (App),,ads_remove,7700,1,조승연,4,GooglePlay,2025-08-04,0,99999999},,,
Order Complete (App),,ads_remove,7700,2,수린향,88,GooglePlay,2025-08-03,0,6631},,,
Order Complete (App),,ruby_4,33000,3,서나콩,91,GooglePlay,2025-08-03,7700,6252},,,
Order Complete (App),,ruby_5,55000,8,국이,266,GooglePlay,2025-07-29,414700,1449},,,
Order Complete (App),,ruby_1,1100,8,물리,119,GooglePlay,2025-07-27,7700,4778},,,
Order Complete (App),,ruby_6,110000,8,국이,265,GooglePlay,2025-07-29,304700,1449},,,
Order Complete (App),,ruby_2,6600,8,물리,119,GooglePlay,2025-07-27,0,4778},,,
Order Complete (App),,ruby_6,110000,8,국이,255,GooglePlay,2025-07-29,194700,1449},,,
Order Complete (App),,ruby_3,11000,1,문문E,26,GooglePlay,2025-08-04,0,15232},,,
Order Complete (App),,ads_remove,7700,1,코카야,5,GooglePlay,2025-08-04,0,99999999},,,
Order Complete (App),,ads_remove,7700,3,재밋쌈,46,GooglePlay,2025-08-03,0,13984},,,
Order Complete (App),,ruby_3,11000,19,꼬냑,436,GooglePlay,2025-07-18,616000,47},,,
Order Complete (App),,ruby_3,11000,3,멍멍,122,GooglePlay,2025-08-03,7700,4768},,,
Order Complete (App),,ruby_3,11000,15,태승,252,GooglePlay,2025-07-22,7700,1660},,,
Order Complete (App),,ruby_6,110000,9,우르르쾅쾅,252,GooglePlay,2025-07-27,242000,1620},,,
Order Complete (App),,ruby_4,33000,1,유선,81,GooglePlay,2025-08-04,20900,7324},,,
Order Complete (App),,ruby_2,6600,3,규리링,145,GooglePlay,2025-08-02,81400,4127},,,
Order Complete (App),,ruby_3,11000,3,규리링,145,GooglePlay,2025-08-02,70400,4127},,,
Order Complete (App),,ruby_2,6600,2,조엘,184,GooglePlay,2025-08-04,74800,3318},,,
Order Complete (App),,ruby_5,55000,3,규리링,145,GooglePlay,2025-08-02,15400,4127},,,
Order Complete (App),,ruby_2,6600,1,밤하늘,83,GooglePlay,2025-08-04,7700,7890},,,
Order Complete (App),,ruby_1,1100,2,조엘,184,GooglePlay,2025-08-04,73700,3318},,,
Order Complete (App),,ruby_1,1100,2,조엘,184,GooglePlay,2025-08-04,72600,3318},,,
Order Complete (App),,ruby_4,33000,1,디비2,32,GooglePlay,2025-08-04,0,13703},,,
Order Complete (App),,ads_remove,7700,1,lkc,5,GooglePlay,2025-08-04,0,99999999},,,
Order Complete (App),,ruby_3,11000,4,망루,136,GooglePlay,2025-08-02,25300,4263},,,
Order Complete (App),,ruby_3,11000,3,박잼,54,GooglePlay,2025-08-03,0,10439},,,
Order Complete (App),,ruby_1,1100,1,묵룡,24,GooglePlay,2025-08-04,7700,15219},,,
Order Complete (App),,ruby_2,6600,1,묵룡,24,GooglePlay,2025-08-04,0,15219},,,
Order Complete (App),,ruby_4,33000,14,Raid,706,GooglePlay,2025-07-22,3389100,5},,,
Order Complete (App),,ruby_4,33000,15,파대,336,GooglePlay,2025-07-22,231000,247},,,
Order Complete (App),,ruby_2,6600,1,유선,51,GooglePlay,2025-08-04,14300,11995},,,
Order Complete (App),,ruby_2,6600,3,규리링,136,GooglePlay,2025-08-02,8800,4334},,,
Order Complete (App),,ruby_4,33000,17,GC,449,OneStore,2025-07-20,801900,44},,,
Order Complete (App),,ruby_1,1100,3,규리링,136,GooglePlay,2025-08-02,7700,4334},,,
Order Complete (App),,ruby_6,110000,7,비글,184,GooglePlay,2025-07-29,22000,3372},,,
Order Complete (App),,ruby_2,6600,1,유선,38,GooglePlay,2025-08-04,7700,13547},,,
Order Complete (App),,ruby_3,11000,20,권대훈,312,GooglePlay,2025-07-17,27500,385},,,
Order Complete (App),,ruby_4,33000,2,chemma,91,GooglePlay,2025-08-04,11000,6240},,,
Order Complete (App),,ruby_3,11000,14,Raid,701,GooglePlay,2025-07-22,3378100,5},,,
Order Complete (App),,ruby_3,11000,15,파대,306,GooglePlay,2025-07-22,231000,486},,,
Order Complete (App),,ruby_4,33000,15,파대,306,GooglePlay,2025-07-22,187000,486},,,
Order Complete (App),,ruby_3,11000,19,방랑검객,366,OneStore,2025-07-17,155100,133},,,
Order Complete (App),,ads_remove,7700,1,시란,6,GooglePlay,2025-08-04,0,99999999},,,
Order Complete (App),,ruby_3,11000,18,개근남,467,GooglePlay,2025-07-18,933900,26},,,
Order Complete (App),,ruby_4,33000,17,GC,433,OneStore,2025-07-20,768900,52},,,
Order Complete (App),,ruby_1,1100,4,piend,72,GooglePlay,2025-07-31,7700,8141},,,
Order Complete (App),,ruby_2,6600,4,piend,72,GooglePlay,2025-07-31,0,8141},,,
Order Complete (App),,ruby_2,6600,2,조엘,136,GooglePlay,2025-08-04,66000,4762},,,
Order Complete (App),,ruby_5,55000,18,개근남,467,GooglePlay,2025-07-18,878900,26},,,
Order Complete (App),,ruby_5,55000,15,파대,302,GooglePlay,2025-07-22,132000,486},,,
Order Complete (App),,ruby_3,11000,17,GC,430,OneStore,2025-07-20,735900,52},,,
Order Complete (App),,ruby_3,11000,15,파대,302,GooglePlay,2025-07-22,121000,486},,,
Order Complete (App),,ruby_1,1100,3,데빌,98,GooglePlay,2025-08-03,7700,5606},,,
Order Complete (App),,ruby_2,6600,3,데빌,98,GooglePlay,2025-08-03,0,5606},,,
Order Complete (App),,ruby_4,33000,2,BADA,232,GooglePlay,2025-08-04,322300,2458},,,
Order Complete (App),,ruby_3,11000,15,파대,302,GooglePlay,2025-07-22,110000,486},,,
Order Complete (App),,ruby_6,110000,1,쏘가리,30,GooglePlay,2025-08-04,7700,14468},,,
Order Complete (App),,ruby_3,11000,2,아니요오,77,GooglePlay,2025-08-03,33000,7742},,,
Order Complete (App),,ruby_4,33000,19,심대표,401,GooglePlay,2025-07-18,350900,66},,,
Order Complete (App),,ruby_1,1100,2,조엘,120,GooglePlay,2025-08-04,64900,4762},,,
Order Complete (App),,ruby_2,6600,2,조엘,120,GooglePlay,2025-08-04,58300,4762},,,
Order Complete (App),,ruby_3,11000,15,파대,301,GooglePlay,2025-07-22,99000,486},,,
Order Complete (App),,ruby_3,11000,2,아니요오,77,GooglePlay,2025-08-03,22000,7742},,,
Order Complete (App),,ruby_1,1100,2,조엘,120,GooglePlay,2025-08-04,57200,4762},,,
Order Complete (App),,ads_remove,7700,1,관훈장,9,GooglePlay,2025-08-04,0,99999999},,,
Order Complete (App),,ruby_1,1100,2,조엘,120,GooglePlay,2025-08-04,56100,4762},,,
Order Complete (App),,ruby_1,1100,2,조엘,120,GooglePlay,2025-08-04,55000,4762},,,
Order Complete (App),,ruby_3,11000,10,허어어니,311,GooglePlay,2025-07-27,128700,398},,,
Order Complete (App),,ads_remove,7700,1,샤오위,6,GooglePlay,2025-08-04,0,99999999},,,
Order Complete (App),,ruby_1,1100,7,구데기,127,GooglePlay,2025-07-30,7700,4524},,,
Order Complete (App),,ruby_2,6600,7,구데기,127,GooglePlay,2025-07-30,0,4524},,,
Order Complete (App),,ads_remove,7700,1,유선,7,GooglePlay,2025-08-04,0,99999999},,,
Order Complete (App),,ruby_3,11000,2,조엘,119,GooglePlay,2025-08-04,44000,5170},,,
Order Complete (App),,ruby_3,11000,2,조엘,119,GooglePlay,2025-08-04,33000,5170},,,
Order Complete (App),,ruby_5,55000,2,BADA,220,GooglePlay,2025-08-04,267300,2458},,,
Order Complete (App),,ads_remove,7700,1,쏘가리,10,GooglePlay,2025-08-04,0,99999999},,,
Order Complete (App),,ads_remove,7700,1,짱콩파파,5,GooglePlay,2025-08-04,0,99999999},,,
Order Complete (App),,ruby_1,1100,2,조엘,113,GooglePlay,2025-08-04,31900,5170},,,
Order Complete (App),,ads_remove,7700,1,밤하늘,5,GooglePlay,2025-08-04,0,99999999},,,
Order Complete (App),,ruby_3,11000,2,조엘,113,GooglePlay,2025-08-04,20900,5370},,,
Order Complete (App),,ruby_4,33000,21,시인아이,285,GooglePlay,2025-07-16,31900,732},,,
Order Complete (App),,ruby_3,11000,7,눈누난나난,126,GooglePlay,2025-07-30,18700,5039},,,
Order Complete (App),,ruby_3,11000,21,시인아이,285,GooglePlay,2025-07-16,20900,732},,,
Order Complete (App),,ruby_2,6600,3,댕댕E,229,GooglePlay,2025-08-03,40700,2284},,,
Order Complete (App),,ruby_2,6600,2,나는카리나,88,GooglePlay,2025-08-03,7700,6609},,,
Order Complete (App),,ruby_1,1100,2,나는카리나,88,GooglePlay,2025-08-03,0,6609},,,
Order Complete (App),,ruby_3,11000,11,디아란,338,GooglePlay,2025-07-26,613800,246},,,
Order Complete (App),,ruby_6,110000,7,이야이,371,OneStore,2025-07-30,745800,121},,,
Order Complete (App),,ruby_4,33000,7,멍조,120,GooglePlay,2025-07-30,40700,4685},,,
Order Complete (App),,ruby_4,33000,9,독립,251,GooglePlay,2025-07-28,88000,1696},,,
Order Complete (App),,ads_remove,7700,1,유설화,10,GooglePlay,2025-08-04,0,99999999},,,
Order Complete (App),,ruby_5,55000,16,해일,277,GooglePlay,2025-07-17,157300,938},,,
Order Complete (App),,ruby_5,55000,13,서준아빠,263,GooglePlay,2025-07-22,23100,1232},,,
Order Complete (App),,ruby_5,55000,2,고구려왕사유,24,GooglePlay,2025-08-04,0,14458},,,
Order Complete (App),,ruby_3,11000,10,허어어니,292,GooglePlay,2025-07-27,117700,538},,,
Order Complete (App),,ruby_4,33000,6,때린데또때린다,212,GooglePlay,2025-07-30,7700,2590},,,
Order Complete (App),,ruby_3,11000,311,동행,1097,OneStore,2024-09-29,4117200,6},,,
Order Complete (App),,ads_remove,7700,1,카세,7,GooglePlay,2025-08-04,0,99999999},,,
Order Complete (App),,ruby_2,6600,2,짱주숭,79,GooglePlay,2025-08-04,51700,7410},,,
Order Complete (App),,ruby_4,33000,16,해일,275,GooglePlay,2025-07-17,124300,938},,,
Order Complete (App),,ruby_6,110000,7,이야이,368,OneStore,2025-07-30,635800,121},,,
Order Complete (App),,ads_remove,7700,3,우주하늘,73,GooglePlay,2025-08-03,0,7795},,,
Order Complete (App),,ruby_4,33000,11,디아란,330,GooglePlay,2025-07-26,580800,246},,,
Order Complete (App),,ads_remove,7700,3,짝눈원숭이,90,GooglePlay,2025-08-03,0,6794},,,
Order Complete (App),,ads_remove,7700,1,마루짱,24,GooglePlay,2025-08-04,0,15174},,,
Order Complete (App),,ads_remove,7700,1,태을,6,GooglePlay,2025-08-04,0,99999999},,,
Order Complete (App),,ruby_3,11000,3,혼소,132,GooglePlay,2025-08-01,18700,4609},,,
Order Complete (App),,ruby_5,55000,3,벤야,234,GooglePlay,2025-08-01,179300,2065},,,
Order Complete (App),,ruby_3,11000,3,벤야,234,GooglePlay,2025-08-01,168300,2065},,,
Order Complete (App),,ads_remove,7700,1,세피로티즈,41,GooglePlay,2025-08-04,0,15162},,,
Order Complete (App),,ruby_1,1100,10,병천순대,249,GooglePlay,2025-07-26,9900,1596},,,
Order Complete (App),,ads_remove,7700,1,행주기,15,GooglePlay,2025-08-04,0,99999999},,,
Order Complete (App),,ruby_1,1100,10,병천순대,249,GooglePlay,2025-07-26,8800,1596},,,
Order Complete (App),,ruby_1,1100,10,병천순대,249,GooglePlay,2025-07-26,7700,1596},,,
Order Complete (App),,ruby_3,11000,15,수민이,290,GooglePlay,2025-07-21,115500,509},,,
Order Complete (App),,ads_remove,7700,1,SeeVa,25,GooglePlay,2025-08-04,0,15163},,,
Order Complete (App),,ruby_1,1100,6,갓묘,200,GooglePlay,2025-07-30,7700,2855},,,
Order Complete (App),,ruby_2,6600,6,갓묘,200,GooglePlay,2025-07-30,0,2855},,,
Order Complete (App),,ruby_1,1100,1,리세3,172,GooglePlay,2025-08-04,30800,3508},,,
Order Complete (App),,ruby_1,1100,1,리세3,172,GooglePlay,2025-08-04,30800,3508},,,
Order Complete (App),,ruby_1,1100,1,리세3,172,GooglePlay,2025-08-04,28600,3508},,,
Order Complete (App),,ruby_2,6600,1,리세3,172,GooglePlay,2025-08-04,20900,3508},,,
Order Complete (App),,ads_remove,7700,1,dnfn,14,GooglePlay,2025-08-04,0,99999999},,,
Order Complete (App),,ruby_3,11000,18,심대표,388,GooglePlay,2025-07-18,339900,80},,,
Order Complete (App),,ruby_5,55000,8,트림아재,149,GooglePlay,2025-07-25,62700,3907},,,
Order Complete (App),,ruby_5,55000,8,트림아재,149,GooglePlay,2025-07-25,7700,3907},,,
Order Complete (App),,ruby_4,33000,18,구자윤,286,GooglePlay,2025-07-17,33000,675},,,
Order Complete (App),,ruby_4,33000,1,점모,31,GooglePlay,2025-08-04,7700,15155},,,
Order Complete (App),,ruby_5,55000,18,심대표,387,GooglePlay,2025-07-18,284900,80},,,
Order Complete (App),,ruby_3,11000,1,짱주숭,55,GooglePlay,2025-08-04,40700,10901},,,
Order Complete (App),,ruby_3,11000,16,s불멸1s,388,GooglePlay,2025-07-19,1031800,74},,,
Order Complete (App),,ads_remove,7700,1,9미,36,GooglePlay,2025-08-04,0,13742},,,
Order Complete (App),,ruby_4,33000,1,짱주숭,54,GooglePlay,2025-08-04,7700,10901},,,
Order Complete (App),,ruby_3,11000,16,이천공안,301,GooglePlay,2025-07-19,129800,431},,,
Order Complete (App),,ruby_4,33000,8,북부역사학자,242,GooglePlay,2025-07-27,66000,1883},,,
Order Complete (App),,ads_remove,7700,1,Happypa,25,GooglePlay,2025-08-04,0,14784},,,
Order Complete (App),,ruby_4,33000,4,나는새,148,GooglePlay,2025-08-01,29700,4109},,,
Order Complete (App),,ads_remove,7700,1,점모,4,GooglePlay,2025-08-04,0,99999999},,,
Order Complete (App),,ruby_1,1100,2,DeathT,32,GooglePlay,2025-07-18,7700,14111},,,
Order Complete (App),,ruby_2,6600,2,DeathT,32,GooglePlay,2025-07-18,0,14111},,,
Order Complete (App),,ruby_3,11000,7,윤팀장,181,GooglePlay,2025-07-26,7700,3403},,,
Order Complete (App),,ads_remove,7700,1,춉춉,15,GooglePlay,2025-08-04,0,99999999},,,
Order Complete (App),,ruby_3,11000,4,나는새,144,GooglePlay,2025-08-01,18700,4109},,,
Order Complete (App),,ruby_3,11000,1,Riahy,24,GooglePlay,2025-08-04,0,15137},,,
Order Complete (App),,ads_remove,7700,1,태동,4,GooglePlay,2025-08-04,0,99999999},,,
Order Complete (App),,ruby_3,11000,4,나는새,144,GooglePlay,2025-08-01,7700,4109},,,
Order Complete (App),,ruby_3,11000,1,서우아빠,51,GooglePlay,2025-08-04,18700,11616},,,
Order Complete (App),,ruby_3,11000,1,서우아빠,51,GooglePlay,2025-08-04,7700,11616},,,
Order Complete (App),,ruby_3,11000,2,스브스브,24,GooglePlay,2025-08-03,0,15135},,,
Order Complete (App),,ads_remove,7700,1,코콬,50,GooglePlay,2025-08-04,0,13201},,,
Order Complete (App),,ads_remove,7700,1,무련,8,GooglePlay,2025-08-04,0,99999999},,,
Order Complete (App),,ruby_1,1100,18,구자윤,285,GooglePlay,2025-07-17,31900,675},,,
Order Complete (App),,ruby_3,11000,18,구자윤,285,GooglePlay,2025-07-17,20900,675},,,
Order Complete (App),,ruby_3,11000,18,구자윤,285,GooglePlay,2025-07-17,9900,675},,,
Order Complete (App),,ruby_2,6600,9,제이엠,252,GooglePlay,2025-07-27,40700,1463},,,
Order Complete (App),,ruby_5,55000,1,눈의산들,82,GooglePlay,2025-08-03,7700,7224},,,
Order Complete (App),,ruby_2,6600,2,비갠뒤소나기,186,GooglePlay,2025-08-03,47300,3175},,,
Order Complete (App),,ruby_3,11000,2,포특,79,GooglePlay,2025-08-03,7700,7416},,,
Order Complete (App),,ads_remove,7700,3,전화,111,GooglePlay,2025-08-01,0,5678},,,
Order Complete (App),,ads_remove,7700,1,월야비희,41,GooglePlay,2025-08-04,0,15120},,,
Order Complete (App),,ruby_4,33000,1,미드링,60,GooglePlay,2025-08-04,7700,10371},,,
Order Complete (App),,ruby_2,6600,1,오디나무,138,GooglePlay,2025-08-03,95700,4228},,,
Order Complete (App),,ruby_3,11000,17,태백,433,GooglePlay,2025-07-18,642400,51},,,
Order Complete (App),,ruby_2,6600,15,콩쥐,381,GooglePlay,2025-07-21,355300,91},,,
Order Complete (App),,ruby_3,11000,15,콩쥐,381,GooglePlay,2025-07-21,355300,91},,,
Order Complete (App),,ruby_3,11000,15,콩쥐,381,GooglePlay,2025-07-21,326700,91},,,
Order Complete (App),,ruby_3,11000,17,으누,316,GooglePlay,2025-07-18,86900,362},,,
Order Complete (App),,ruby_4,33000,1,월운,37,GooglePlay,2025-08-04,7700,13727},,,
Order Complete (App),,ruby_3,11000,8,로마노,265,GooglePlay,2025-07-28,19800,1160},,,
Order Complete (App),,ruby_3,11000,17,으누,315,GooglePlay,2025-07-18,75900,362},,,
Order Complete (App),,ruby_4,33000,17,태백,430,GooglePlay,2025-07-18,609400,51},,,
Order Complete (App),,ads_remove,7700,1,민이슬,8,GooglePlay,2025-08-04,0,99999999},,,
Order Complete (App),,ruby_2,6600,2,김대물,101,GooglePlay,2025-08-03,7700,5459},,,
Order Complete (App),,ads_remove,7700,1,월운,34,GooglePlay,2025-08-04,0,13727},,,
Order Complete (App),,ruby_3,11000,4,펜뷰,188,GooglePlay,2025-08-01,18700,3115},,,
Order Complete (App),,ruby_3,11000,4,펜뷰,188,GooglePlay,2025-08-01,7700,3115},,,
Order Complete (App),,ruby_4,33000,1,오디나무,137,GooglePlay,2025-08-03,62700,4228},,,
Order Complete (App),,ruby_2,6600,1,박왕구,41,GooglePlay,2025-08-04,7700,15119},,,
Order Complete (App),,ads_remove,7700,2,혈악,97,GooglePlay,2025-08-03,0,5596},,,
Order Complete (App),,ruby_1,1100,8,제트플랜,92,GooglePlay,2025-07-27,7700,9370},,,
Order Complete (App),,ruby_2,6600,8,제트플랜,92,GooglePlay,2025-07-27,0,9370},,,
Order Complete (App),,ruby_1,1100,1,족발,49,GooglePlay,2025-08-04,7700,11913},,,
Order Complete (App),,ruby_2,6600,1,족발,49,GooglePlay,2025-08-04,0,11913},,,
Order Complete (App),,ruby_1,1100,1,혀모,33,GooglePlay,2025-08-04,7700,15119},,,
Order Complete (App),,ruby_2,6600,1,혀모,33,GooglePlay,2025-08-04,0,15119},,,
Order Complete (App),,ruby_3,11000,6,멍조,118,GooglePlay,2025-07-30,29700,4836},,,
Order Complete (App),,ruby_2,6600,1,오건성,41,GooglePlay,2025-08-04,0,13104},,,
Order Complete (App),,ads_remove,7700,1,르무르,4,GooglePlay,2025-08-04,0,99999999},,,
Order Complete (App),,ads_remove,7700,1,박왕구,24,GooglePlay,2025-08-04,0,15119},,,
Order Complete (App),,ruby_2,6600,1,리세3,148,GooglePlay,2025-08-04,14300,4336},,,
Order Complete (App),,ruby_3,11000,1,오천,85,GooglePlay,2025-08-04,7700,7414},,,
Order Complete (App),,ruby_1,1100,2,방봉방,59,GooglePlay,2025-08-03,7700,11326},,,
Order Complete (App),,ruby_2,6600,2,방봉방,59,GooglePlay,2025-08-03,0,11326},,,
Order Complete (App),,ruby_3,11000,2,대도람지,51,GooglePlay,2025-08-03,0,11300},,,
Order Complete (App),,ruby_3,11000,1,BADA,191,GooglePlay,2025-08-04,256300,3293},,,
Order Complete (App),,ruby_3,11000,19,지피지기,299,GooglePlay,2025-07-16,64900,436},,,
Order Complete (App),,ruby_3,11000,19,지피지기,299,GooglePlay,2025-07-16,42900,436},,,
Order Complete (App),,ads_remove,7700,1,호라락,7,GooglePlay,2025-08-04,0,99999999},,,
Order Complete (App),,ads_remove,7700,1,제인이,51,GooglePlay,2025-08-04,0,12039},,,
Order Complete (App),,ads_remove,7700,1,헨딘,7,GooglePlay,2025-08-04,0,99999999},,,
Order Complete (App),,ads_remove,7700,1,서우아빠,4,GooglePlay,2025-08-04,0,99999999},,,
Order Complete (App),,ruby_4,33000,1,에테시앙,52,GooglePlay,2025-08-04,7700,10880},,,
Order Complete (App),,ruby_4,33000,8,가솔린,188,GooglePlay,2025-07-23,25300,3115},,,
Order Complete (App),,ads_remove,7700,1,미드링,5,GooglePlay,2025-08-04,0,99999999},,,
Order Complete (App),,ads_remove,7700,1,꿀꿀,5,GooglePlay,2025-08-04,0,99999999},,,
Order Complete (App),,ruby_4,33000,9,꼬치쓰,265,GooglePlay,2025-07-27,80300,1176},,,
Order Complete (App),,ads_remove,7700,1,빡조히,8,GooglePlay,2025-08-04,0,99999999},,,
Order Complete (App),,ruby_6,110000,16,부릉부릉,770,OneStore,2025-07-20,5507700,2},,,
Order Complete (App),,ruby_6,110000,16,부릉부릉,770,OneStore,2025-07-20,5397700,2},,,
Order Complete (App),,ads_remove,7700,14,파란아침,117,GooglePlay,2025-07-20,0,4962},,,
Order Complete (App),,ruby_1,1100,3,물빛,120,GooglePlay,2025-08-02,45100,4726},,,
Order Complete (App),,ruby_1,1100,3,물빛,120,GooglePlay,2025-08-02,42900,4726},,,
Order Complete (App),,ruby_3,11000,1,chemma,43,GooglePlay,2025-08-04,0,12031},,,
Order Complete (App),,ads_remove,7700,1,LIV해원,11,GooglePlay,2025-08-04,0,99999999},,,
Order Complete (App),,ruby_3,11000,13,나류토,230,GooglePlay,2025-07-22,40700,2204},,,
Order Complete (App),,ads_remove,7700,1,콩콩지지,30,GooglePlay,2025-08-04,0,15097},,,
Order Complete (App),,ads_remove,7700,1,완재,4,GooglePlay,2025-08-04,0,99999999},,,
Order Complete (App),,ruby_2,6600,2,다둥파파,83,GooglePlay,2025-08-03,7700,7121},,,
Order Complete (App),,ruby_3,11000,14,fourzero,275,GooglePlay,2025-07-22,85800,868},,,
Order Complete (App),,ruby_4,33000,1,BADA,116,GooglePlay,2025-08-04,223300,5729},,,
Order Complete (App),,ruby_5,55000,1,BADA,94,GooglePlay,2025-08-04,168300,5729},,,
Order Complete (App),,ruby_4,33000,1,BADA,94,GooglePlay,2025-08-04,135300,5729},,,
Order Complete (App),,ruby_1,1100,18,한국사1등급기원,301,GooglePlay,2025-07-18,7700,422},,,
Order Complete (App),,ruby_5,55000,1,BADA,94,GooglePlay,2025-08-04,80300,5729},,,
Order Complete (App),,ruby_3,11000,1,현서,42,GooglePlay,2025-08-04,0,12393},,,
Order Complete (App),,ruby_4,33000,14,fourzero,272,GooglePlay,2025-07-22,52800,944},,,
Order Complete (App),,ads_remove,7700,1,휴가,65,GooglePlay,2025-08-04,0,8923},,,
Order Complete (App),,ads_remove,7700,1,에테시앙,6,GooglePlay,2025-08-04,0,99999999},,,
Order Complete (App),,ruby_1,1100,3,쿠행행,92,GooglePlay,2025-07-26,29700,6749},,,
Order Complete (App),,ads_remove,7700,2,백사형,41,GooglePlay,2025-08-03,0,12941},,,
Order Complete (App),,ruby_3,11000,3,쿠행행,92,GooglePlay,2025-07-26,18700,6749},,,
Order Complete (App),,ruby_5,55000,1,오디나무,114,GooglePlay,2025-08-03,7700,5133},,,
Order Complete (App),,ruby_4,33000,18,그것이섯다,350,GooglePlay,2025-07-18,649000,173},,,
Order Complete (App),,ruby_3,11000,1,BADA,92,GooglePlay,2025-08-04,69300,6166},,,
Order Complete (App),,ruby_4,33000,18,그것이섯다,350,GooglePlay,2025-07-18,616000,173},,,
Order Complete (App),,ruby_2,6600,3,뽄요,139,GooglePlay,2025-08-02,70400,4640},,,
Order Complete (App),,ads_remove,7700,4,JD제이디,218,GooglePlay,2025-07-31,0,2430},,,
Order Complete (App),,ruby_3,11000,1,가빈파파,70,GooglePlay,2025-08-04,0,9718},,,
Order Complete (App),,ruby_5,55000,1,마즈,37,GooglePlay,2025-08-04,7700,15069},,,
Order Complete (App),,ruby_3,11000,17,쟁요,427,GooglePlay,2025-07-19,530200,53},,,
Order Complete (App),,ads_remove,7700,1,케익,36,GooglePlay,2025-08-04,0,14712},,,
Order Complete (App),,ruby_2,6600,17,쟁요,427,GooglePlay,2025-07-19,523600,53},,,
Order Complete (App),,ruby_3,11000,17,곰탕재료푸바오,389,GooglePlay,2025-07-19,520300,71},,,
Order Complete (App),,ruby_1,1100,17,쟁요,427,GooglePlay,2025-07-19,522500,53},,,
Order Complete (App),,ruby_1,1100,2,산하,63,GooglePlay,2025-08-03,7700,9117},,,
Order Complete (App),,ruby_2,6600,2,산하,63,GooglePlay,2025-08-03,0,9117},,,
Order Complete (App),,ruby_3,11000,17,쟁요,427,GooglePlay,2025-07-19,511500,53},,,
Order Complete (App),,ruby_1,1100,1,단영,53,GooglePlay,2025-08-03,7700,12013},,,
Order Complete (App),,ruby_2,6600,1,단영,53,GooglePlay,2025-08-03,0,12013},,,
Order Complete (App),,ruby_4,33000,1,teamnose,94,GooglePlay,2025-08-03,25300,5811},,,
Order Complete (App),,ads_remove,7700,1,문정허목,4,GooglePlay,2025-08-04,0,99999999},,,
Order Complete (App),,ruby_5,55000,18,그것이섯다,348,GooglePlay,2025-07-18,561000,171},,,
Order Complete (App),,ruby_2,6600,1,조엘,91,GooglePlay,2025-08-04,14300,6166},,,
Order Complete (App),,ads_remove,7700,1,마즈,7,GooglePlay,2025-08-04,0,99999999},,,
Order Complete (App),,ruby_2,6600,3,댕냥이당,119,GooglePlay,2025-08-02,14300,4664},,,
Order Complete (App),,ads_remove,7700,1,짱주숭,4,GooglePlay,2025-08-04,0,99999999},,,
Order Complete (App),,ads_remove,7700,2,백천화,49,GooglePlay,2025-08-02,0,11268},,,
Order Complete (App),,ruby_6,110000,9,숨소,365,GooglePlay,2025-07-27,601700,131},,,
Order Complete (App),,ruby_6,110000,16,talgol,347,GooglePlay,2025-07-20,183700,179},,,
Order Complete (App),,ruby_3,11000,1,빵훈이,54,GooglePlay,2025-08-04,7700,10325},,,
Order Complete (App),,ruby_1,1100,9,아루맘,342,GooglePlay,2025-07-26,192500,208},,,
Order Complete (App),,ruby_1,1100,9,아루맘,342,GooglePlay,2025-07-26,190300,208},,,
Order Complete (App),,ads_remove,7700,1,콩브로,52,GooglePlay,2025-08-03,0,12204},,,
Order Complete (App),,ruby_4,33000,9,창사마,365,GooglePlay,2025-07-27,568700,131},,,
Order Complete (App),,ruby_4,33000,18,그것이섯다,348,GooglePlay,2025-07-18,528000,171},,,
Order Complete (App),,ads_remove,7700,1,굼재곱,8,GooglePlay,2025-08-04,0,99999999},,,
Order Complete (App),,ads_remove,7700,1,박따블,17,GooglePlay,2025-08-03,0,99999999},,,
Order Complete (App),,ruby_3,11000,18,그것이섯다,348,GooglePlay,2025-07-18,528000,171},,,
Order Complete (App),,ruby_3,11000,18,그것이섯다,348,GooglePlay,2025-07-18,506000,171},,,
Order Complete (App),,ruby_4,33000,3,수애,246,GooglePlay,2025-08-02,165000,1726},,,
Order Complete (App),,ruby_4,33000,13,여름이니까,387,GooglePlay,2025-07-22,520300,75},,,
Order Complete (App),,ruby_2,6600,2,지유지아아빠,81,GooglePlay,2025-08-02,29700,7282},,,
Order Complete (App),,ruby_3,11000,2,지유지아아빠,81,GooglePlay,2025-08-02,29700,7282},,,
Order Complete (App),,ruby_3,11000,2,지유지아아빠,81,GooglePlay,2025-08-02,7700,7282},,,
Order Complete (App),,ruby_5,55000,15,개백정,249,GooglePlay,2025-07-21,18700,1568},,,
Order Complete (App),,ruby_3,11000,2,푸르른달,119,GooglePlay,2025-08-02,17600,4696},,,
Order Complete (App),,ruby_6,110000,7,암부,523,GooglePlay,2025-07-29,2317700,17},,,
Order Complete (App),,ads_remove,7700,1,이순갓,42,GooglePlay,2025-08-04,0,12858},,,
Order Complete (App),,ruby_4,33000,4,굴비사마,266,GooglePlay,2025-08-01,62700,1090},,,
Order Complete (App),,ruby_3,11000,2,꼬금또구토토아빠,85,GooglePlay,2025-08-03,18700,7081},,,
Order Complete (App),,ruby_3,11000,2,꼬금또구토토아빠,85,GooglePlay,2025-08-03,7700,7081},,,
Order Complete (App),,ads_remove,7700,1,심정보,10,GooglePlay,2025-08-04,0,99999999},,,
Order Complete (App),,ruby_2,6600,1,조엘,70,GooglePlay,2025-08-04,7700,8883},,,
Order Complete (App),,ruby_2,6600,3,제스턴로터멜,118,GooglePlay,2025-08-02,14300,4794},,,
Order Complete (App),,ruby_1,1100,16,쉬밤꺼,432,GooglePlay,2025-07-19,1147300,46},,,
Order Complete (App),,ruby_1,1100,16,쉬밤꺼,432,GooglePlay,2025-07-19,1146200,46},,,
Order Complete (App),,ruby_2,6600,16,쉬밤꺼,432,GooglePlay,2025-07-19,1145100,46},,,
Order Complete (App),,ruby_3,11000,16,쉬밤꺼,432,GooglePlay,2025-07-19,1127500,46},,,
Order Complete (App),,ads_remove,7700,1,빵훈이,6,GooglePlay,2025-08-04,0,99999999},,,
Order Complete (App),,ruby_2,6600,9,꼬치쓰,262,GooglePlay,2025-07-27,73700,1218},,,
Order Complete (App),,ruby_5,55000,7,사루다,254,GooglePlay,2025-07-29,172700,1529},,,
Order Complete (App),,ruby_5,55000,7,사루다,254,GooglePlay,2025-07-29,117700,1529},,,
Order Complete (App),,ruby_2,6600,4,도라에몽표류기,244,GooglePlay,2025-08-01,150700,1814},,,
Order Complete (App),,ruby_2,6600,5,알로아오에,192,GooglePlay,2025-07-30,29700,3034},,,
Order Complete (App),,ruby_3,11000,10,앙코,266,GooglePlay,2025-07-26,68200,1086},,,
Order Complete (App),,ads_remove,7700,1,낑스깡스,8,GooglePlay,2025-08-04,0,99999999},,,
Order Complete (App),,ruby_2,6600,1,원할머니보고쌈,115,GooglePlay,2025-08-03,47300,5247},,,
Order Complete (App),,ads_remove,7700,1,클밍고수,31,GooglePlay,2025-08-04,0,15037},,,
Order Complete (App),,ruby_2,6600,1,리세3,85,GooglePlay,2025-08-04,7700,15035},,,
Order Complete (App),,ruby_3,11000,20,마캔,366,GooglePlay,2025-07-15,143000,121},,,
Order Complete (App),,ruby_6,110000,20,마캔,366,GooglePlay,2025-07-15,33000,121},,,
Order Complete (App),,ruby_4,33000,6,이야이,365,OneStore,2025-07-30,525800,130},,,
Order Complete (App),,ads_remove,7700,1,리세3,81,GooglePlay,2025-08-04,0,15035},,,
Order Complete (App),,ruby_3,11000,2,까에,91,GooglePlay,2025-08-03,11000,7873},,,
Order Complete (App),,ruby_4,33000,1,원할머니보고쌈,112,GooglePlay,2025-08-03,14300,5247},,,
Order Complete (App),,ads_remove,7700,3,애플11,93,GooglePlay,2025-08-02,0,5947},,,
Order Complete (App),,ruby_1,1100,17,헬랑구,347,GooglePlay,2025-07-19,103400,203},,,
Order Complete (App),,ads_remove,7700,1,소땡,15,GooglePlay,2025-08-04,0,99999999},,,
Order Complete (App),,ruby_3,11000,17,헬랑구,347,GooglePlay,2025-07-19,92400,203},,,
Order Complete (App),,ruby_3,11000,17,헬랑구,346,GooglePlay,2025-07-19,81400,203},,,
Order Complete (App),,ruby_1,1100,2,아쿠표류기,40,GooglePlay,2025-08-03,7700,13640},,,
Order Complete (App),,ruby_2,6600,2,아쿠표류기,40,GooglePlay,2025-08-03,0,13640},,,
Order Complete (App),,ruby_4,33000,2,쌍현아빠,61,GooglePlay,2025-07-31,0,9307},,,
Order Complete (App),,ruby_2,6600,17,헬랑구,343,GooglePlay,2025-07-19,74800,211},,,
Order Complete (App),,ruby_2,6600,2,새내기,146,GooglePlay,2025-08-03,46200,3972},,,
Order Complete (App),,ruby_6,110000,7,신비디음,351,GooglePlay,2025-07-29,777700,168},,,
Order Complete (App),,ruby_3,11000,3,승질승,145,GooglePlay,2025-08-02,36300,4041},,,
Order Complete (App),,ruby_3,11000,3,승질승,145,GooglePlay,2025-08-02,14300,4041},,,
Order Complete (App),,ruby_3,11000,12,아돌이,305,GooglePlay,2025-07-24,259600,388},,,
Order Complete (App),,ruby_3,11000,12,아돌이,305,GooglePlay,2025-07-24,237600,388},,,
Order Complete (App),,ads_remove,7700,1,종우,13,GooglePlay,2025-08-04,0,99999999},,,
Order Complete (App),,ruby_1,1100,2,엉강,41,GooglePlay,2025-08-03,7700,12346},,,
Order Complete (App),,ruby_2,6600,2,엉강,41,GooglePlay,2025-08-03,0,12346},,,
Order Complete (App),,ads_remove,7700,1,서울카시,8,GooglePlay,2025-08-04,0,99999999},,,
Order Complete (App),,ads_remove,7700,1,이게맞나,4,GooglePlay,2025-08-04,0,99999999},,,
Order Complete (App),,ruby_3,11000,20,밀레니온,385,GooglePlay,2025-07-16,468600,86},,,
Order Complete (App),,ruby_3,11000,17,드웨인종슨,267,GooglePlay,2025-07-19,14300,1031},,,
Order Complete (App),,ruby_6,110000,7,암부,488,GooglePlay,2025-07-29,2207700,21},,,
Order Complete (App),,ruby_6,110000,7,암부,488,GooglePlay,2025-07-29,2097700,21},,,
Order Complete (App),,ruby_6,110000,7,신비디음,349,GooglePlay,2025-07-29,667700,168},,,
Order Complete (App),,ruby_1,1100,154,청자룡,456,GooglePlay,2025-01-10,31900,664},,,
Order Complete (App),,ads_remove,7700,1,고라니라고,27,GooglePlay,2025-08-04,0,14146},,,
Order Complete (App),,ruby_4,33000,17,유궁귀,371,GooglePlay,2025-07-19,302500,99},,,
Order Complete (App),,ruby_5,55000,16,광따,375,GooglePlay,2025-07-20,354200,94},,,
Order Complete (App),,ruby_2,6600,2,꽃방블루스,94,GooglePlay,2025-08-03,8800,5699},,,
Order Complete (App),,ads_remove,7700,1,조엘,4,GooglePlay,2025-08-04,0,99999999},,,
Order Complete (App),,ruby_2,6600,1,BADA,71,GooglePlay,2025-08-04,62700,9069},,,
Order Complete (App),,ruby_3,11000,1,BADA,71,GooglePlay,2025-08-04,51700,9069},,,
Order Complete (App),,ruby_6,110000,7,신비디음,349,GooglePlay,2025-07-29,667700,168},,,
Order Complete (App),,ruby_3,11000,1,BADA,71,GooglePlay,2025-08-04,40700,9069},,,
Order Complete (App),,ads_remove,7700,1,프레지던트반,29,GooglePlay,2025-08-04,0,15007},,,
Order Complete (App),,ruby_1,1100,4,도라에몽표류기,237,GooglePlay,2025-08-01,150700,1978},,,
Order Complete (App),,ruby_1,1100,4,도라에몽표류기,237,GooglePlay,2025-08-01,149600,1978},,,
Order Complete (App),,ruby_1,1100,4,도라에몽표류기,237,GooglePlay,2025-08-01,147400,1978},,,
Order Complete (App),,ruby_3,11000,2,비갠뒤소나기,150,GooglePlay,2025-08-03,36300,3813},,,
Order Complete (App),,ads_remove,7700,1,다부부,7,GooglePlay,2025-08-04,0,99999999},,,
Order Complete (App),,ruby_3,11000,1,BADA,61,GooglePlay,2025-08-04,29700,9981},,,
Order Complete (App),,ruby_6,110000,7,신비디음,346,GooglePlay,2025-07-29,557700,179},,,
Order Complete (App),,ruby_5,55000,2,그럴수덕,175,GooglePlay,2025-08-02,62700,3423},,,
Order Complete (App),,ruby_2,6600,17,비스트롱,367,GooglePlay,2025-07-19,95700,111},,,
Order Complete (App),,ruby_3,11000,17,비스트롱,367,GooglePlay,2025-07-19,84700,111},,,
Order Complete (App),,ruby_3,11000,1,BADA,53,GooglePlay,2025-08-04,18700,14631},,,
Order Complete (App),,ads_remove,7700,1,가므민,8,GooglePlay,2025-08-04,0,99999999},,,
Order Complete (App),,ruby_4,33000,17,비스트롱,367,GooglePlay,2025-07-19,51700,111},,,
Order Complete (App),,ruby_3,11000,1,BADA,53,GooglePlay,2025-08-04,7700,14631},,,
Order Complete (App),,ruby_4,33000,6,심상,304,GooglePlay,2025-07-30,282700,394},,,
Order Complete (App),,ads_remove,7700,1,사랑이1,70,GooglePlay,2025-08-04,0,11806},,,
Order Complete (App),,ruby_6,110000,16,규링,347,GooglePlay,2025-07-20,260700,173},,,
Order Complete (App),,ruby_3,11000,11,흑치,229,GooglePlay,2025-07-19,35200,2143},,,
Order Complete (App),,ruby_6,110000,3,소담소민,201,GooglePlay,2025-08-01,440000,2978},,,
Order Complete (App),,ads_remove,7700,1,토종법사,53,GooglePlay,2025-08-04,0,11948},,,
Order Complete (App),,ruby_4,33000,11,백진,393,GooglePlay,2025-07-24,584100,83},,,
Order Complete (App),,ads_remove,7700,1,고래오,60,GooglePlay,2025-08-04,0,9441},,,
Order Complete (App),,ruby_4,33000,10,디아란,323,GooglePlay,2025-07-26,547800,313},,,
Order Complete (App),,ruby_3,11000,1,teamnose,91,GooglePlay,2025-08-03,14300,6563},,,
Order Complete (App),,ruby_6,110000,18,KIRA,869,GooglePlay,2025-07-18,9467700,1},,,
Order Complete (App),,ruby_6,110000,18,KIRA,869,GooglePlay,2025-07-18,9247700,1},,,
Order Complete (App),,ruby_5,55000,11,백진,385,GooglePlay,2025-07-24,529100,83},,,
Order Complete (App),,ruby_6,110000,18,KIRA,869,GooglePlay,2025-07-18,9137700,1},,,
Order Complete (App),,ruby_6,110000,18,KIRA,869,GooglePlay,2025-07-18,9027700,1},,,
Order Complete (App),,ads_remove,7700,1,니콜라요키치,43,GooglePlay,2025-08-04,0,11943},,,
Order Complete (App),,ads_remove,7700,1,BADA,5,GooglePlay,2025-08-04,0,99999999},,,
Order Complete (App),,ruby_6,110000,11,백진,385,GooglePlay,2025-07-24,419100,83},,,
Order Complete (App),,ruby_2,6600,3,망루,68,GooglePlay,2025-08-02,18700,9268},,,
Order Complete (App),,ads_remove,7700,1,아는노래,4,GooglePlay,2025-08-04,0,99999999},,,
Order Complete (App),,ads_remove,7700,1,푸른백호,1,GooglePlay,2025-08-04,0,99999999},,,
Order Complete (App),,ruby_6,110000,18,KIRA,855,GooglePlay,2025-07-18,8917700,1},,,
Order Complete (App),,ads_remove,7700,1,응큼한땡중,28,GooglePlay,2025-08-04,0,13850},,,
Order Complete (App),,ruby_3,11000,5,김철호,245,GooglePlay,2025-07-30,14300,1805},,,
Order Complete (App),,ruby_1,1100,10,고공이,268,GooglePlay,2025-07-26,33000,978},,,
Order Complete (App),,ruby_1,1100,10,고공이,268,GooglePlay,2025-07-26,31900,978},,,
Order Complete (App),,ruby_1,1100,10,고공이,268,GooglePlay,2025-07-26,29700,978},,,
Order Complete (App),,ruby_3,11000,10,고공이,268,GooglePlay,2025-07-26,29700,978},,,
Order Complete (App),,ruby_3,11000,10,고공이,268,GooglePlay,2025-07-26,7700,978},,,
Order Complete (App),,ruby_5,55000,18,올타신영,366,GooglePlay,2025-07-18,269500,117},,,
Order Complete (App),,ruby_2,6600,5,갬성,234,GooglePlay,2025-07-31,110000,2110},,,
Order Complete (App),,ruby_3,11000,4,큰별샘오셨다,143,GooglePlay,2025-07-31,14300,4265},,,
Order Complete (App),,ruby_1,1100,4,머하징,146,GooglePlay,2025-07-31,18700,3955},,,
Order Complete (App),,ads_remove,7700,1,이름이무엇,4,GooglePlay,2025-08-04,0,99999999},,,
Order Complete (App),,ruby_6,110000,3,소담소민,166,GooglePlay,2025-08-01,330000,3826},,,
Order Complete (App),,ads_remove,7700,1,재혹이,54,GooglePlay,2025-08-03,0,10063},,,
Order Complete (App),,ruby_3,11000,17,드레옹,510,GooglePlay,2025-07-19,1925000,17},,,
Order Complete (App),,ads_remove,7700,1,낭만한스푼,10,GooglePlay,2025-08-04,0,99999999},,,
Order Complete (App),,ruby_2,6600,1,teamnose,86,GooglePlay,2025-08-03,7700,6946},,,
Order Complete (App),,ruby_3,11000,17,드레옹,510,GooglePlay,2025-07-19,1925000,17},,,
Order Complete (App),,ruby_4,33000,17,드레옹,510,GooglePlay,2025-07-19,1881000,17},,,
Order Complete (App),,ruby_6,110000,8,우르르쾅쾅,212,GooglePlay,2025-07-27,132000,2512},,,
Order Complete (App),,ruby_2,6600,7,유린,196,OneStore,2025-07-29,58300,2737},,,
Order Complete (App),,ads_remove,7700,1,아기사막여우,5,GooglePlay,2025-08-04,0,99999999},,,
Order Complete (App),,ruby_1,1100,215,아랍왕자,749,GooglePlay,2024-09-28,4824700,84},,,
Order Complete (App),,ruby_6,110000,17,드레옹,506,GooglePlay,2025-07-19,1771000,17},,,
Order Complete (App),,ads_remove,7700,2,난시요,41,GooglePlay,2025-08-03,0,12283},,,
Order Complete (App),,ruby_3,11000,8,행백이,285,GooglePlay,2025-07-28,126500,649},,,
Order Complete (App),,ads_remove,7700,1,위코,11,GooglePlay,2025-08-04,0,99999999},,,
Order Complete (App),,ads_remove,7700,1,오천,6,GooglePlay,2025-08-04,0,99999999},,,
Order Complete (App),,ruby_3,11000,8,행백이,282,GooglePlay,2025-07-28,115500,682},,,
Order Complete (App),,ruby_3,11000,12,아돌이,302,GooglePlay,2025-07-24,226600,392},,,
Order Complete (App),,ruby_5,55000,18,그것이섯다,346,GooglePlay,2025-07-18,451000,173},,,
Order Complete (App),,ruby_4,33000,16,제로나인,346,GooglePlay,2025-07-20,248600,202},,,
Order Complete (App),,ruby_5,55000,10,디아란,302,GooglePlay,2025-07-26,492800,404},,,
Order Complete (App),,ruby_6,110000,1,끼랄,26,GooglePlay,2025-08-03,7700,14216},,,
Order Complete (App),,ruby_3,11000,10,디아란,300,GooglePlay,2025-07-26,481800,404},,,
Order Complete (App),,ruby_1,1100,2,도르섬,79,GooglePlay,2025-08-03,7700,7569},,,
Order Complete (App),,ruby_2,6600,2,도르섬,79,GooglePlay,2025-08-03,0,7569},,,
Order Complete (App),,ruby_6,110000,15,베노미,419,OneStore,2025-07-21,776600,56},,,
Order Complete (App),,ads_remove,7700,1,환운,24,GooglePlay,2025-08-04,0,14214},,,
Order Complete (App),,ruby_4,33000,5,하곰탱,242,GooglePlay,2025-07-31,184800,1802},,,
Order Complete (App),,ruby_3,11000,4,야몽이,219,GooglePlay,2025-08-01,29700,2381},,,
Order Complete (App),,ads_remove,7700,9,양키,240,GooglePlay,2025-07-26,0,1859},,,
Order Complete (App),,ads_remove,7700,1,카피바라님,8,GooglePlay,2025-08-04,0,99999999},,,
Order Complete (App),,ads_remove,7700,2,노비왕,52,GooglePlay,2025-08-03,0,10420},,,
Order Complete (App),,ads_remove,7700,1,김사장,8,GooglePlay,2025-08-04,0,99999999},,,
Order Complete (App),,ruby_4,33000,17,태백,426,GooglePlay,2025-07-18,576400,53},,,
Order Complete (App),,ruby_4,33000,18,그것이섯다,344,GooglePlay,2025-07-18,418000,193},,,
Order Complete (App),,ruby_3,11000,11,치리군,322,GooglePlay,2025-07-24,146300,295},,,
Order Complete (App),,ruby_5,55000,4,도라에몽표류기,227,GooglePlay,2025-08-01,92400,2191},,,
Order Complete (App),,ads_remove,7700,1,기억시옷지읒,5,GooglePlay,2025-08-04,0,99999999},,,
Order Complete (App),,ruby_4,33000,14,fourzero,262,GooglePlay,2025-07-22,19800,1169},,,
Order Complete (App),,ruby_1,1100,2,울릉도,72,GooglePlay,2025-08-03,7700,7696},,,
Order Complete (App),,ruby_2,6600,1,용산,66,GooglePlay,2025-08-04,14300,9606},,,
Order Complete (App),,ruby_2,6600,2,울릉도,72,GooglePlay,2025-08-03,0,7696},,,
Order Complete (App),,ads_remove,7700,9,히힣,67,GooglePlay,2025-07-16,0,10409},,,
Order Complete (App),,ruby_6,110000,2,Salah,91,GooglePlay,2025-08-03,7700,6082},,,
Order Complete (App),,ruby_1,1100,19,안티왕,323,GooglePlay,2025-07-17,70400,296},,,
Order Complete (App),,ruby_2,6600,19,안티왕,322,GooglePlay,2025-07-17,63800,296},,,
Order Complete (App),,ads_remove,7700,1,개꿀잼,27,GooglePlay,2025-08-04,0,14904},,,
Order Complete (App),,ads_remove,7700,1,준민,27,GooglePlay,2025-08-04,0,14902},,,
Order Complete (App),,ruby_1,1100,3,우유민,43,GooglePlay,2025-07-26,7700,11863},,,
Order Complete (App),,ruby_2,6600,3,우유민,43,GooglePlay,2025-07-26,0,11863},,,
Order Complete (App),,ruby_2,6600,1,용산,54,GooglePlay,2025-08-04,7700,14529},,,
Order Complete (App),,ruby_4,33000,1,태도,24,GooglePlay,2025-08-04,7700,14894},,,
Order Complete (App),,ruby_5,55000,1,견이,47,GooglePlay,2025-08-04,7700,11861},,,
Order Complete (App),,ruby_1,1100,9,꼬치쓰,248,GooglePlay,2025-07-27,73700,1554},,,
Order Complete (App),,ruby_1,1100,9,꼬치쓰,248,GooglePlay,2025-07-27,73700,1554},,,
Order Complete (App),,ruby_1,1100,9,꼬치쓰,248,GooglePlay,2025-07-27,71500,1554},,,
Order Complete (App),,ruby_2,6600,9,꼬치쓰,248,GooglePlay,2025-07-27,63800,1726},,,
Order Complete (App),,ruby_1,1100,14,새벽빛세상,305,GooglePlay,2025-07-21,42900,380},,,
Order Complete (App),,ruby_6,110000,1,삥쭈,32,GooglePlay,2025-08-04,7700,13760},,,
Order Complete (App),,ads_remove,7700,1,끌껄깔끌,7,GooglePlay,2025-08-04,0,99999999},,,
Order Complete (App),,ads_remove,7700,1,우기네,11,GooglePlay,2025-08-03,0,99999999},,,
Order Complete (App),,ruby_1,1100,9,꼬치쓰,246,GooglePlay,2025-07-27,63800,1726},,,
Order Complete (App),,ruby_1,1100,9,꼬치쓰,246,GooglePlay,2025-07-27,63800,1726},,,
Order Complete (App),,ruby_1,1100,9,꼬치쓰,246,GooglePlay,2025-07-27,60500,1726},,,
Order Complete (App),,ruby_2,6600,9,꼬치쓰,246,GooglePlay,2025-07-27,53900,1726},,,
Order Complete (App),,ruby_1,1100,9,꼬치쓰,246,GooglePlay,2025-07-27,52800,1726},,,
Order Complete (App),,ads_remove,7700,1,견이,24,GooglePlay,2025-08-04,0,14891},,,
Order Complete (App),,ruby_2,6600,1,원할머니보고쌈,94,GooglePlay,2025-08-03,7700,5867},,,
Order Complete (App),,ads_remove,7700,1,박우영,31,GooglePlay,2025-08-03,0,14883},,,
Order Complete (App),,ads_remove,7700,1,태도,9,GooglePlay,2025-08-04,0,99999999},,,
Order Complete (App),,ruby_4,33000,3,영쟈굳,179,GooglePlay,2025-08-01,95700,3668},,,
Order Complete (App),,ruby_4,33000,16,talgol,334,GooglePlay,2025-07-20,150700,214},,,
Order Complete (App),,ads_remove,7700,1,삥쭈,4,GooglePlay,2025-08-04,0,99999999},,,
Order Complete (App),,ruby_1,1100,14,새벽빛세상,297,GooglePlay,2025-07-21,41800,456},,,
Order Complete (App),,ruby_2,6600,9,꼬치쓰,245,GooglePlay,2025-07-27,46200,1726},,,
Order Complete (App),,ads_remove,7700,1,농부아저씨,27,GooglePlay,2025-08-03,0,13754},,,
Order Complete (App),,ads_remove,7700,1,용산,7,GooglePlay,2025-08-04,0,5538},,,
Order Complete (App),,ruby_4,33000,19,은월랑,433,GooglePlay,2025-07-17,1139600,44},,,
Order Complete (App),,ruby_2,6600,14,새벽빛세상,297,GooglePlay,2025-07-21,35200,456},,,
Order Complete (App),,ruby_6,110000,3,소담소민,134,GooglePlay,2025-08-01,220000,4499},,,
Order Complete (App),,ruby_1,1100,2,꽃방블루스,92,GooglePlay,2025-08-03,7700,6323},,,
Order Complete (App),,ruby_1,1100,14,새벽빛세상,295,GooglePlay,2025-07-21,34100,456},,,
Order Complete (App),,ads_remove,7700,1,산샤춘,8,GooglePlay,2025-08-03,0,99999999},,,
Order Complete (App),,ruby_4,33000,19,은월랑,433,GooglePlay,2025-07-17,1106600,43},,,
Order Complete (App),,ruby_3,11000,2,쵸돈단스,168,GooglePlay,2025-08-03,337700,3550},,,
Order Complete (App),,ruby_2,6600,14,새벽빛세상,295,GooglePlay,2025-07-21,27500,456},,,
Order Complete (App),,ruby_3,11000,4,하늘길,101,GooglePlay,2025-08-01,28600,5867},,,
Order Complete (App),,ruby_1,1100,16,스무디킹,242,GooglePlay,2025-07-20,36300,1868},,,
Order Complete (App),,ruby_5,55000,3,조메기,217,GooglePlay,2025-08-02,140800,2386},,,
Order Complete (App),,ads_remove,7700,1,태구,7,GooglePlay,2025-08-03,0,99999999},,,
Order Complete (App),,ads_remove,7700,1,세이야,8,GooglePlay,2025-08-03,0,99999999},,,
Order Complete (App),,ruby_5,55000,16,talgol,327,GooglePlay,2025-07-20,95700,245},,,
Order Complete (App),,ruby_3,11000,4,하늘길,93,GooglePlay,2025-08-01,17600,5867},,,
Order Complete (App),,ruby_4,33000,7,호찌,191,GooglePlay,2025-07-29,24200,2839},,,
Order Complete (App),,ruby_3,11000,1,별달우리,26,GooglePlay,2025-08-03,0,14516},,,
Order Complete (App),,ruby_2,6600,7,이몽타,185,GooglePlay,2025-07-18,27500,3144},,,
Order Complete (App),,ads_remove,7700,1,끼랄,8,GooglePlay,2025-08-03,0,99999999},,,
Order Complete (App),,ruby_3,11000,1,뮤큐,24,GooglePlay,2025-08-03,0,14866},,,
Order Complete (App),,ads_remove,7700,1,눈의산들,5,GooglePlay,2025-08-03,0,99999999},,,
Order Complete (App),,ruby_5,55000,16,헤롱이,386,GooglePlay,2025-07-20,590700,76},,,
Order Complete (App),,ruby_4,33000,19,맘바,381,OneStore,2025-07-17,276100,88},,,
Order Complete (App),,ruby_1,1100,17,김죠,349,GooglePlay,2025-07-19,254100,159},,,
Order Complete (App),,ruby_1,1100,17,김죠,349,GooglePlay,2025-07-19,251900,159},,,
Order Complete (App),,ads_remove,7700,1,주시,4,GooglePlay,2025-08-03,0,99999999},,,
Order Complete (App),,ruby_2,6600,20,밈찌,305,GooglePlay,2025-07-16,84700,443},,,
Order Complete (App),,ruby_3,11000,20,만마앙복,445,GooglePlay,2025-07-16,382800,36},,,
Order Complete (App),,ruby_4,33000,20,밈찌,302,GooglePlay,2025-07-16,51700,443},,,
Order Complete (App),,ads_remove,7700,2,꼬금또구토토아빠,67,GooglePlay,2025-08-03,0,10659},,,
Order Complete (App),,ruby_1,1100,2,은시우,41,GooglePlay,2025-08-03,0,12182},,,
Order Complete (App),,ruby_2,6600,1,찬호,91,GooglePlay,2025-08-03,7700,6498},,,
Order Complete (App),,ruby_1,1100,16,광따,373,GooglePlay,2025-07-20,353100,94},,,
Order Complete (App),,ruby_3,11000,3,영쟈굳,160,GooglePlay,2025-08-01,84700,3668},,,
Order Complete (App),,ruby_5,55000,9,Realize,271,GooglePlay,2025-07-27,259600,834},,,
Order Complete (App),,ruby_3,11000,13,쿠쿵,392,GooglePlay,2025-07-23,534600,63},,,
Order Complete (App),,ruby_3,11000,16,헤롱이,386,GooglePlay,2025-07-20,579700,75},,,
Order Complete (App),,ads_remove,7700,5,먼우,118,GooglePlay,2025-07-30,0,4681},,,
Order Complete (App),,ruby_2,6600,17,껸네,450,GooglePlay,2025-07-19,959200,32},,,
Order Complete (App),,ads_remove,7700,1,뚠뚠한택이,20,GooglePlay,2025-08-03,0,99999999},,,
Order Complete (App),,ruby_1,1100,18,마갈곤,297,GooglePlay,2025-07-17,51700,391},,,
Order Complete (App),,ruby_3,11000,1,아니요오,41,GooglePlay,2025-08-03,11000,13214},,,
Order Complete (App),,ruby_2,6600,83,앙기모띠띠,491,GooglePlay,2024-10-02,29700,491},,,
Order Complete (App),,ruby_3,11000,83,앙기모띠띠,491,GooglePlay,2024-10-02,18700,491},,,
Order Complete (App),,ads_remove,7700,1,원할머니보고쌈,4,GooglePlay,2025-08-03,0,99999999},,,
Order Complete (App),,ads_remove,7700,1,자두사랑,31,GooglePlay,2025-08-03,0,13456},,,
Order Complete (App),,ruby_3,11000,17,구독자,335,GooglePlay,2025-07-18,126500,205},,,
Order Complete (App),,ads_remove,7700,1,오봉남,8,GooglePlay,2025-08-03,0,99999999},,,
Order Complete (App),,ruby_3,11000,83,앙기모띠띠,490,GooglePlay,2024-10-02,7700,497},,,
Order Complete (App),,ads_remove,7700,9,쿠디슝,188,GooglePlay,2025-07-27,0,3009},,,
Order Complete (App),,ads_remove,7700,1,냅다시작해봄,41,GooglePlay,2025-08-03,0,12949},,,
Order Complete (App),,ruby_5,55000,17,개근남,456,GooglePlay,2025-07-18,823900,27},,,
Order Complete (App),,ruby_5,55000,13,Raid,691,GooglePlay,2025-07-22,3323100,5},,,
Order Complete (App),,ruby_1,1100,1,바나나르끌레르,53,GooglePlay,2025-08-03,7700,10150},,,
Order Complete (App),,ruby_2,6600,1,바나나르끌레르,53,GooglePlay,2025-08-03,0,10150},,,
Order Complete (App),,ruby_4,33000,19,덕풍동시라소니,498,GooglePlay,2025-07-16,1636800,17},,,
Order Complete (App),,ads_remove,7700,1,견1자희,13,GooglePlay,2025-08-03,0,99999999},,,
Order Complete (App),,ruby_6,110000,3,소담소민,91,GooglePlay,2025-08-01,110000,6035},,,
Order Complete (App),,ruby_2,6600,6,roki,266,GooglePlay,2025-07-30,156200,1024},,,
Order Complete (App),,ruby_3,11000,3,혼소,118,GooglePlay,2025-08-01,7700,5062},,,
Order Complete (App),,ruby_4,33000,14,파대,289,GooglePlay,2025-07-22,66000,519},,,
Order Complete (App),,ruby_2,6600,1,뿡이오빠,54,GooglePlay,2025-08-03,51700,10348},,,
Order Complete (App),,ruby_3,11000,18,텐프로,323,GooglePlay,2025-07-18,95700,282},,,
Order Complete (App),,ads_remove,7700,1,뭉개,5,GooglePlay,2025-08-03,0,99999999},,,
Order Complete (App),,ads_remove,7700,2,채서랑,24,GooglePlay,2025-08-03,0,14288},,,
Order Complete (App),,ads_remove,7700,1,작은소인,7,GooglePlay,2025-08-03,0,99999999},,,
Order Complete (App),,ruby_5,55000,19,덕풍동시라소니,493,GooglePlay,2025-07-16,1581800,18},,,
Order Complete (App),,ruby_6,110000,13,Raid,689,GooglePlay,2025-07-22,3213100,6},,,
Order Complete (App),,ruby_6,110000,2,모매돌,173,GooglePlay,2025-08-02,117700,3540},,,
Order Complete (App),,ruby_4,33000,1,뿡이오빠,35,GooglePlay,2025-08-03,18700,14819},,,
Order Complete (App),,ruby_6,110000,7,암부,478,GooglePlay,2025-07-29,1987700,20},,,
Order Complete (App),,ruby_3,11000,1,뿡이오빠,29,GooglePlay,2025-08-03,7700,14819},,,
Order Complete (App),,ruby_4,33000,14,타난,351,GooglePlay,2025-07-21,190300,148},,,
Order Complete (App),,ruby_3,11000,3,잽삐,117,GooglePlay,2025-08-02,22000,5057},,,
Order Complete (App),,ads_remove,7700,1,뿡이오빠,24,GooglePlay,2025-08-03,0,14819},,,
Order Complete (App),,ads_remove,7700,1,루링이,61,GooglePlay,2025-08-03,0,11796},,,
Order Complete (App),,ruby_3,11000,3,잽삐,117,GooglePlay,2025-08-02,11000,5057},,,
Order Complete (App),,ruby_4,33000,19,덕풍동시라소니,492,GooglePlay,2025-07-16,1548800,18},,,
Order Complete (App),,ruby_6,110000,13,꽃설,301,GooglePlay,2025-07-22,242000,370},,,
Order Complete (App),,ads_remove,7700,1,랍비,5,GooglePlay,2025-08-03,0,99999999},,,
Order Complete (App),,ruby_5,55000,1,문기훈,24,GooglePlay,2025-08-03,0,14813},,,
Order Complete (App),,ruby_1,1100,279,엘리트와룡,810,GooglePlay,2024-10-30,531000,67},,,
Order Complete (App),,ads_remove,7700,1,글로리조,4,GooglePlay,2025-08-03,0,99999999},,,
Order Complete (App),,ruby_3,11000,279,엘리트와룡,810,OneStore,2024-10-30,531000,68},,,
Order Complete (App),,ruby_4,33000,2,댕댕E,142,GooglePlay,2025-08-03,7700,3983},,,
Order Complete (App),,ruby_1,1100,2,빰빰,51,GooglePlay,2025-08-03,7700,11109},,,
Order Complete (App),,ruby_2,6600,2,빰빰,51,GooglePlay,2025-08-03,0,11109},,,
Order Complete (App),,ruby_5,55000,19,덕풍동시라소니,490,GooglePlay,2025-07-16,1493800,18},,,
Order Complete (App),,ads_remove,7700,1,강정호,25,GooglePlay,2025-08-03,0,14445},,,
Order Complete (App),,ruby_6,110000,13,Raid,645,GooglePlay,2025-07-22,3103100,7},,,
Order Complete (App),,ruby_3,11000,1,아니요오,25,GooglePlay,2025-08-03,0,14802},,,
Order Complete (App),,ruby_1,1100,14,두율대디,387,GooglePlay,2025-07-22,425700,73},,,
Order Complete (App),,ruby_3,11000,7,초인고양이,324,GooglePlay,2025-07-29,319000,270},,,
Order Complete (App),,ruby_1,1100,7,초인고양이,324,GooglePlay,2025-07-29,317900,270},,,
Order Complete (App),,ads_remove,7700,1,찬호,8,GooglePlay,2025-08-03,0,99999999},,,
Order Complete (App),,ruby_5,55000,19,덕풍동시라소니,490,GooglePlay,2025-07-16,1438800,20},,,
Order Complete (App),,ruby_5,55000,19,덕풍동시라소니,490,GooglePlay,2025-07-16,1383800,20},,,
Order Complete (App),,ruby_3,11000,18,아밍,325,GooglePlay,2025-07-18,58300,270},,,
Order Complete (App),,ruby_5,55000,5,북조선고사포,144,GooglePlay,2025-07-31,7700,3981},,,
Order Complete (App),,ruby_3,11000,16,GC,427,OneStore,2025-07-20,724900,49},,,
Order Complete (App),,ruby_4,33000,19,엉망,649,GooglePlay,2025-07-17,2396900,6},,,
Order Complete (App),,ads_remove,7700,1,태안표류기,37,GooglePlay,2025-08-03,0,13585},,,
Order Complete (App),,ads_remove,7700,1,느앗,18,GooglePlay,2025-08-03,0,99999999},,,
Order Complete (App),,ads_remove,7700,1,까랑,24,GooglePlay,2025-08-03,0,14068},,,
Order Complete (App),,ruby_2,6600,14,두율대디,386,GooglePlay,2025-07-22,419100,73},,,
Order Complete (App),,ads_remove,7700,1,오디나무,16,GooglePlay,2025-08-03,0,99999999},,,
Order Complete (App),,ruby_1,1100,14,두율대디,386,GooglePlay,2025-07-22,418000,73},,,
Order Complete (App),,ruby_3,11000,14,두율대디,386,GooglePlay,2025-07-22,407000,73},,,
Order Complete (App),,ruby_3,11000,1,rette,34,GooglePlay,2025-08-03,0,13915},,,
Order Complete (App),,ruby_5,55000,19,덕풍동시라소니,486,GooglePlay,2025-07-16,1328800,20},,,
Order Complete (App),,ruby_4,33000,9,진세아,219,GooglePlay,2025-07-26,51700,2515},,,
Order Complete (App),,ruby_4,33000,8,우르르쾅쾅,193,GooglePlay,2025-07-27,99000,3034},,,
Order Complete (App),,ruby_6,110000,19,덕풍동시라소니,486,GooglePlay,2025-07-16,1218800,20},,,
Order Complete (App),,ads_remove,7700,2,쫑구요,51,GooglePlay,2025-08-03,0,10622},,,
Order Complete (App),,ruby_4,33000,7,일해라정차장,296,GooglePlay,2025-07-29,216700,389},,,
Order Complete (App),,ruby_4,33000,6,이야이,350,OneStore,2025-07-30,492800,158},,,
Order Complete (App),,ruby_5,55000,20,대머리강서구,544,GooglePlay,2025-07-16,1470700,13},,,
Order Complete (App),,ruby_4,33000,8,우르르쾅쾅,187,GooglePlay,2025-07-27,66000,3034},,,
Order Complete (App),,ruby_3,11000,6,코리아se스머신,235,GooglePlay,2025-07-30,161700,1919},,,
Order Complete (App),,ads_remove,7700,1,huri,24,GooglePlay,2025-08-03,0,14784},,,
Order Complete (App),,ads_remove,7700,1,따봉애기,5,GooglePlay,2025-08-03,0,99999999},,,
Order Complete (App),,ruby_6,110000,3,소담소민,25,GooglePlay,2025-08-01,0,14779},,,
Order Complete (App),,ruby_3,11000,18,올타신영,363,GooglePlay,2025-07-18,258500,120},,,
Order Complete (App),,ads_remove,7700,1,teamnose,4,GooglePlay,2025-08-03,0,99999999},,,
Order Complete (App),,ruby_6,110000,17,leonso,558,GooglePlay,2025-07-19,4143700,9},,,
Order Complete (App),,ads_remove,7700,1,그라데이션,6,GooglePlay,2025-08-03,0,99999999},,,
Order Complete (App),,ruby_3,11000,17,태백,426,GooglePlay,2025-07-18,565400,53},,,
Order Complete (App),,ruby_4,33000,10,디아란,291,GooglePlay,2025-07-26,448800,477},,,
Order Complete (App),,ads_remove,7700,1,너가좋아요,4,GooglePlay,2025-08-03,0,99999999},,,
Order Complete (App),,ruby_6,110000,15,럭키스트라이크,534,OneStore,2025-07-21,1610400,14},,,
Order Complete (App),,ruby_2,6600,7,제근,177,GooglePlay,2025-07-29,36300,3238},,,
Order Complete (App),,ruby_2,6600,10,앙코,255,GooglePlay,2025-07-26,61600,1306},,,
Order Complete (App),,ruby_2,6600,5,이만냥,197,GooglePlay,2025-07-30,42900,2662},,,
Order Complete (App),,ruby_2,6600,18,JJJ0738,558,GooglePlay,2025-07-18,2212100,8},,,
Order Complete (App),,ruby_6,110000,16,부릉부릉,767,OneStore,2025-07-20,5287700,2},,,
Order Complete (App),,ruby_1,1100,11,무르무르,293,GooglePlay,2025-07-25,53900,414},,,
Order Complete (App),,ads_remove,7700,1,레전필,9,GooglePlay,2025-08-03,0,99999999},,,
Order Complete (App),,ruby_2,6600,1,도또또,83,GooglePlay,2025-08-03,7700,6939},,,
Order Complete (App),,ruby_1,1100,3,모사불라,120,GooglePlay,2025-08-01,27500,4490},,,
Order Complete (App),,ruby_1,1100,3,모사불라,120,GooglePlay,2025-08-01,26400,4490},,,
Order Complete (App),,ruby_2,6600,3,모사불라,120,GooglePlay,2025-08-01,25300,4490},,,
Order Complete (App),,ruby_3,11000,3,모사불라,120,GooglePlay,2025-08-01,7700,4490},,,
Order Complete (App),,ads_remove,7700,1,망둥구,28,GooglePlay,2025-08-03,0,14778},,,
Order Complete (App),,ruby_3,11000,5,비글,129,GooglePlay,2025-07-29,11000,4645},,,
Order Complete (App),,ads_remove,7700,1,1여포1,19,GooglePlay,2025-08-02,0,99999999},,,
Order Complete (App),,ruby_3,11000,3,머하징,115,GooglePlay,2025-07-31,7700,5578},,,
Order Complete (App),,ads_remove,7700,1,태왕박장군,4,GooglePlay,2025-08-03,0,99999999},,,
Order Complete (App),,ruby_1,1100,6,미스터제로,193,GooglePlay,2025-07-29,27500,2727},,,
Order Complete (App),,ruby_1,1100,6,미스터제로,193,GooglePlay,2025-07-29,27500,2727},,,
Order Complete (App),,ruby_2,6600,6,미스터제로,193,GooglePlay,2025-07-29,25300,2727},,,
Order Complete (App),,ruby_3,11000,6,미스터제로,193,GooglePlay,2025-07-29,7700,2727},,,
Order Complete (App),,ruby_2,6600,1,찢짜이밍,28,GooglePlay,2025-08-03,7700,14769},,,
Order Complete (App),,ruby_4,33000,4,둥가,281,GooglePlay,2025-07-29,475200,674},,,
Order Complete (App),,ruby_3,11000,8,측반,237,GooglePlay,2025-07-27,18700,1834},,,
Order Complete (App),,ads_remove,7700,1,hoho33,8,GooglePlay,2025-08-03,0,99999999},,,
Order Complete (App),,ruby_3,11000,8,측반,237,GooglePlay,2025-07-27,7700,1834},,,
Order Complete (App),,ads_remove,7700,1,퇴마,23,GooglePlay,2025-08-03,0,14406},,,
Order Complete (App),,ads_remove,7700,1,끼루,6,GooglePlay,2025-08-02,0,99999999},,,
Order Complete (App),,ads_remove,7700,1,치킨은비비큐,14,GooglePlay,2025-08-03,0,99999999},,,
Order Complete (App),,ruby_2,6600,2,은린,86,GooglePlay,2025-08-02,7700,6583},,,
Order Complete (App),,ads_remove,7700,1,다둥파파,4,GooglePlay,2025-08-03,0,99999999},,,
Order Complete (App),,ads_remove,7700,1,찢짜이밍,6,GooglePlay,2025-08-03,0,99999999},,,
Order Complete (App),,ruby_3,11000,1,까에,28,GooglePlay,2025-08-03,0,14758},,,
Order Complete (App),,ads_remove,7700,1,꽃방블루스,4,GooglePlay,2025-08-03,0,99999999},,,
Order Complete (App),,ruby_2,6600,17,줸줸,399,GooglePlay,2025-07-18,366300,58},,,
Order Complete (App),,ads_remove,7700,1,파니트,8,GooglePlay,2025-08-03,0,99999999},,,
Order Complete (App),,ruby_3,11000,5,이야이,345,OneStore,2025-07-30,459800,184},,,
Order Complete (App),,ads_remove,7700,1,댕댕E,5,GooglePlay,2025-08-03,0,99999999},,,
Order Complete (App),,ruby_2,6600,9,그루터기,301,GooglePlay,2025-07-26,306900,696},,,
Order Complete (App),,ads_remove,7700,1,간지샤크,13,GooglePlay,2025-08-03,0,99999999},,,
Order Complete (App),,ruby_6,110000,2,웅이아부지,217,GooglePlay,2025-08-02,337700,2651},,,
Order Complete (App),,ads_remove,7700,1,머하지닉,6,GooglePlay,2025-08-03,0,99999999},,,
Order Complete (App),,ruby_3,11000,1,비갠뒤소나기,95,GooglePlay,2025-08-03,25300,5659},,,
Order Complete (App),,ads_remove,7700,2,킹스날,72,GooglePlay,2025-08-01,0,7606},,,
Order Complete (App),,ads_remove,7700,1,얼굴대장,53,GooglePlay,2025-08-03,0,11963},,,
Order Complete (App),,ruby_4,33000,3,힝꾸,133,GooglePlay,2025-07-31,132000,4181},,,
Order Complete (App),,ruby_2,6600,19,시인아이,269,GooglePlay,2025-07-16,14300,882},,,
Order Complete (App),,ads_remove,7700,1,팡달,8,GooglePlay,2025-08-03,0,99999999},,,
Order Complete (App),,ruby_3,11000,2,뽄요,116,GooglePlay,2025-08-02,59400,4826},,,
Order Complete (App),,ruby_6,110000,15,s불멸1s,384,GooglePlay,2025-07-19,921800,78},,,
Order Complete (App),,ads_remove,7700,1,라마에요,51,GooglePlay,2025-08-03,0,14725},,,
Order Complete (App),,ruby_3,11000,2,쿠행행,47,GooglePlay,2025-07-26,7700,11736},,,
Order Complete (App),,ads_remove,7700,1,곽이,44,GooglePlay,2025-08-03,0,14722},,,
Order Complete (App),,ruby_1,1100,1,새내기,113,GooglePlay,2025-08-03,45100,5057},,,
Order Complete (App),,ruby_4,33000,3,힝꾸,132,GooglePlay,2025-07-31,99000,4181},,,
Order Complete (App),,ruby_1,1100,1,새내기,113,GooglePlay,2025-08-03,44000,5057},,,
Order Complete (App),,ruby_4,33000,2,영쟈굳,137,GooglePlay,2025-08-01,51700,4103},,,
Order Complete (App),,ads_remove,7700,1,픽시라임,5,GooglePlay,2025-08-03,0,99999999},,,
Order Complete (App),,ruby_3,11000,19,밈찌,292,GooglePlay,2025-07-16,51700,445},,,
Order Complete (App),,ruby_6,110000,1,선장,31,GooglePlay,2025-08-03,18700,13867},,,
Order Complete (App),,ruby_3,11000,1,선장,31,GooglePlay,2025-08-03,7700,13867},,,
Order Complete (App),,ads_remove,7700,1,BsS2,80,GooglePlay,2025-08-03,0,7104},,,
Order Complete (App),,ruby_5,55000,15,제로나인,340,GooglePlay,2025-07-20,193600,183},,,
Order Complete (App),,ruby_6,110000,2,웅이아부지,154,GooglePlay,2025-08-02,227700,3833},,,
Order Complete (App),,ruby_3,11000,2,갱민,118,GooglePlay,2025-08-02,26400,4907},,,
Order Complete (App),,ads_remove,7700,1,jjiny,4,GooglePlay,2025-08-03,0,99999999},,,
Order Complete (App),,ads_remove,7700,1,홍하양,26,GooglePlay,2025-08-03,0,14367},,,
Order Complete (App),,ruby_6,110000,1,쵸돈단스,101,GooglePlay,2025-08-03,227700,5808},,,
Order Complete (App),,ads_remove,7700,1,얼굴메야,46,GooglePlay,2025-08-03,0,12831},,,
Order Complete (App),,ruby_1,1100,2,갱민,118,GooglePlay,2025-08-02,25300,4907},,,
Order Complete (App),,ads_remove,7700,1,선장,5,GooglePlay,2025-08-03,0,99999999},,,
Order Complete (App),,ads_remove,7700,1,포특,31,GooglePlay,2025-08-03,0,13847},,,
Order Complete (App),,ruby_4,33000,18,맘바,371,OneStore,2025-07-17,243100,93},,,
Order Complete (App),,ruby_6,110000,9,그루터기,274,GooglePlay,2025-07-26,196900,1225},,,
Order Complete (App),,ads_remove,7700,1,바루나,42,GooglePlay,2025-08-03,0,13083},,,
Order Complete (App),,ads_remove,7700,1,랑랑이,9,GooglePlay,2025-08-03,0,99999999},,,
Order Complete (App),,ads_remove,7700,1,석사,24,GooglePlay,2025-08-03,0,14718},,,
Order Complete (App),,ads_remove,7700,1,봄미,5,GooglePlay,2025-08-03,0,99999999},,,
Order Complete (App),,ruby_3,11000,1,몽디,39,GooglePlay,2025-08-03,0,12813},,,
Order Complete (App),,ruby_6,110000,8,숨소,307,GooglePlay,2025-07-27,491700,343},,,
Order Complete (App),,ads_remove,7700,1,지브라66,11,GooglePlay,2025-08-03,0,99999999},,,
Order Complete (App),,ruby_4,33000,5,이야이,332,OneStore,2025-07-30,448800,217},,,
Order Complete (App),,ruby_2,6600,9,그루터기,271,GooglePlay,2025-07-26,190300,1225},,,
Order Complete (App),,ruby_5,55000,8,숨소,306,GooglePlay,2025-07-27,436700,343},,,
Order Complete (App),,ruby_3,11000,9,그루터기,271,GooglePlay,2025-07-26,190300,1225},,,
Order Complete (App),,ruby_1,1100,9,그루터기,271,GooglePlay,2025-07-26,178200,1225},,,
Order Complete (App),,ads_remove,7700,1,벨리알,8,GooglePlay,2025-08-03,0,99999999},,,
Order Complete (App),,ruby_3,11000,3,IPZA,118,GooglePlay,2025-07-31,29700,5557},,,
Order Complete (App),,ruby_3,11000,3,IPZA,118,GooglePlay,2025-07-31,7700,5557},,,
Order Complete (App),,ads_remove,7700,1,겨레,13,GooglePlay,2025-08-02,0,99999999},,,
Order Complete (App),,ads_remove,7700,1,TicToc,25,GooglePlay,2025-08-03,0,99999999},,,
Order Complete (App),,ruby_1,1100,1,byeoll,55,GooglePlay,2025-08-03,7700,10978},,,
Order Complete (App),,ads_remove,7700,1,준티,8,GooglePlay,2025-08-03,0,99999999},,,
Order Complete (App),,ads_remove,7700,1,강민첨,8,GooglePlay,2025-08-03,0,99999999},,,
Order Complete (App),,ads_remove,7700,1,byeoll,52,GooglePlay,2025-08-03,0,10978},,,
Order Complete (App),,ruby_1,1100,9,그루터기,260,GooglePlay,2025-07-26,177100,1225},,,
Order Complete (App),,ruby_3,11000,9,그루터기,260,GooglePlay,2025-07-26,166100,1225},,,
Order Complete (App),,ruby_3,11000,9,그루터기,260,GooglePlay,2025-07-26,155100,1225},,,
Order Complete (App),,ruby_6,110000,1,쵸돈단스,68,GooglePlay,2025-08-03,117700,9268},,,
Order Complete (App),,ruby_1,1100,9,그루터기,256,GooglePlay,2025-07-26,154000,1225},,,
Order Complete (App),,ruby_1,1100,9,그루터기,256,GooglePlay,2025-07-26,154000,1225},,,
Order Complete (App),,ruby_1,1100,9,그루터기,256,GooglePlay,2025-07-26,152900,1225},,,
Order Complete (App),,ruby_1,1100,9,그루터기,256,GooglePlay,2025-07-26,150700,1225},,,
Order Complete (App),,ruby_2,6600,15,이천공안,292,GooglePlay,2025-07-19,123200,395},,,
Order Complete (App),,ruby_3,11000,9,그루터기,256,GooglePlay,2025-07-26,150700,1225},,,
Order Complete (App),,ruby_3,11000,9,그루터기,256,GooglePlay,2025-07-26,128700,1225},,,
Order Complete (App),,ads_remove,7700,1,범씨표류기,37,GooglePlay,2025-08-03,0,13497},,,
Order Complete (App),,ruby_5,55000,9,그루터기,256,GooglePlay,2025-07-26,73700,1225},,,
Order Complete (App),,ruby_5,55000,8,숨소,302,GooglePlay,2025-07-27,381700,346},,,
Order Complete (App),,ruby_3,11000,2,뽄요,109,GooglePlay,2025-08-02,48400,5155},,,
Order Complete (App),,ruby_3,11000,1,요거트슈,30,GooglePlay,2025-08-03,18700,13383},,,
Order Complete (App),,ruby_3,11000,1,요거트슈,30,GooglePlay,2025-08-03,7700,13572},,,
Order Complete (App),,ruby_4,33000,8,숨소,301,GooglePlay,2025-07-27,348700,346},,,
Order Complete (App),,ruby_1,1100,2,난쎄표루기,91,GooglePlay,2025-08-02,11000,6352},,,
Order Complete (App),,ruby_1,1100,2,난쎄표루기,91,GooglePlay,2025-08-02,9900,6352},,,
Order Complete (App),,ruby_1,1100,2,난쎄표루기,91,GooglePlay,2025-08-02,9900,6352},,,
Order Complete (App),,ruby_1,1100,2,난쎄표루기,91,GooglePlay,2025-08-02,7700,6352},,,
Order Complete (App),,ruby_3,11000,9,소인은,315,GooglePlay,2025-07-26,507100,426},,,
Order Complete (App),,ruby_2,6600,1,옴마니반메옴,51,GooglePlay,2025-08-03,7700,10552},,,
Order Complete (App),,ads_remove,7700,1,요거트슈,6,GooglePlay,2025-08-03,0,99999999},,,
Order Complete (App),,ruby_3,11000,14,나는동동,189,GooglePlay,2025-07-20,42900,2900},,,
Order Complete (App),,ads_remove,7700,1,유라온,20,GooglePlay,2025-08-03,0,99999999},,,
Order Complete (App),,ads_remove,7700,2,누크,61,GooglePlay,2025-08-01,0,9093},,,
Order Complete (App),,ruby_5,55000,17,일주일만,364,GooglePlay,2025-07-18,245300,114},,,
Order Complete (App),,ruby_5,55000,11,후리미,230,GooglePlay,2025-07-24,183700,2080},,,
Order Complete (App),,ads_remove,7700,1,공듀님,8,GooglePlay,2025-08-03,0,99999999},,,
Order Complete (App),,ruby_5,55000,9,소인은,296,GooglePlay,2025-07-26,452100,426},,,
Order Complete (App),,ruby_1,1100,2,진순이,100,GooglePlay,2025-08-02,7700,5360},,,
Order Complete (App),,ruby_5,55000,5,바우능,138,GooglePlay,2025-07-29,14300,4001},,,
Order Complete (App),,ads_remove,7700,1,밀렵,4,GooglePlay,2025-08-03,0,99999999},,,
Order Complete (App),,ruby_4,33000,15,헤롱이,370,GooglePlay,2025-07-20,546700,94},,,
Order Complete (App),,ruby_4,33000,3,치운,117,GooglePlay,2025-08-01,7700,4753},,,
Order Complete (App),,ruby_3,11000,9,소인은,285,GooglePlay,2025-07-26,441100,587},,,
Order Complete (App),,ruby_5,55000,9,소인은,285,GooglePlay,2025-07-26,386100,587},,,
Order Complete (App),,ads_remove,7700,2,맑은하늘,24,GooglePlay,2025-08-02,0,14657},,,
Order Complete (App),,ruby_6,110000,2,웅이아부지,131,GooglePlay,2025-08-02,117700,4256},,,
Order Complete (App),,ruby_5,55000,19,대머리강서구,539,GooglePlay,2025-07-16,1415700,13},,,
Order Complete (App),,ruby_5,55000,12,Raid,643,GooglePlay,2025-07-22,3048100,6},,,
Order Complete (App),,ads_remove,7700,1,채화바라기,14,GooglePlay,2025-08-03,0,99999999},,,
Order Complete (App),,ads_remove,7700,1,꼬노,8,GooglePlay,2025-08-03,0,99999999},,,
Order Complete (App),,ruby_6,110000,19,대머리강서구,539,GooglePlay,2025-07-16,1305700,13},,,
Order Complete (App),,ads_remove,7700,1,아모르,18,GooglePlay,2025-08-03,0,99999999},,,
Order Complete (App),,ruby_5,55000,5,l대마왕l,258,GooglePlay,2025-07-30,128700,1161},,,
Order Complete (App),,ruby_4,33000,4,연두유,149,GooglePlay,2025-07-30,18700,4016},,,
Order Complete (App),,ruby_4,33000,15,김견,386,GooglePlay,2025-07-20,524700,69},,,
Order Complete (App),,ruby_3,11000,19,넌누구니,474,GooglePlay,2025-07-16,1035100,24},,,
Order Complete (App),,ads_remove,7700,1,잘난놈293,30,GooglePlay,2025-08-03,0,13507},,,
Order Complete (App),,ads_remove,7700,1,카프란,8,GooglePlay,2025-08-03,0,99999999},,,
Order Complete (App),,ruby_6,110000,8,완투쓰리,487,GooglePlay,2025-07-27,1767700,19},,,
Order Complete (App),,ads_remove,7700,1,gin,5,GooglePlay,2025-08-03,0,99999999},,,
Order Complete (App),,ruby_6,110000,1,쵸돈단스,25,GooglePlay,2025-08-03,7700,14280},,,
Order Complete (App),,ruby_4,33000,3,쌈쟁이,116,GooglePlay,2025-07-31,117700,4905},,,
Order Complete (App),,ads_remove,7700,1,골고리,6,GooglePlay,2025-08-03,0,99999999},,,
Order Complete (App),,ruby_2,6600,3,도라에몽표류기,191,GooglePlay,2025-08-01,85800,2756},,,
Order Complete (App),,ruby_3,11000,10,duha,247,GooglePlay,2025-07-25,7700,1528},,,
Order Complete (App),,ads_remove,7700,1,진호영,7,GooglePlay,2025-08-03,0,99999999},,,
Order Complete (App),,ruby_4,33000,11,덕덕,253,GooglePlay,2025-07-23,84700,1289},,,
Order Complete (App),,ruby_3,11000,16,쟁요,425,GooglePlay,2025-07-19,500500,50},,,
Order Complete (App),,ruby_4,33000,18,건호최고,349,GooglePlay,2025-07-17,233200,142},,,
Order Complete (App),,ruby_2,6600,4,은홍,118,GooglePlay,2025-07-30,14300,5466},,,
Order Complete (App),,ruby_5,55000,1,2인자,58,OneStore,2025-08-03,62700,9343},,,
Order Complete (App),,ruby_4,33000,19,만마앙복,433,GooglePlay,2025-07-16,349800,39},,,
Order Complete (App),,ruby_4,33000,17,세이러브,302,GooglePlay,2025-07-18,80300,330},,,
Order Complete (App),,ruby_6,110000,1,비샤스,83,GooglePlay,2025-08-03,40700,6879},,,
Order Complete (App),,ruby_4,33000,3,괴협,109,GooglePlay,2025-08-01,7700,5117},,,
Order Complete (App),,ruby_2,6600,4,갬성,179,GooglePlay,2025-07-31,110000,3144},,,
Order Complete (App),,ruby_5,55000,4,갬성,179,GooglePlay,2025-07-31,48400,3144},,,
Order Complete (App),,ads_remove,7700,1,035포크,9,GooglePlay,2025-08-03,0,99999999},,,
Order Complete (App),,ruby_2,6600,7,지은이내꼬,233,GooglePlay,2025-07-27,64900,1919},,,
Order Complete (App),,ruby_4,33000,1,새내기,58,GooglePlay,2025-08-03,11000,9334},,,
Order Complete (App),,ads_remove,7700,3,링고,79,GooglePlay,2025-07-18,0,7095},,,
Order Complete (App),,ads_remove,7700,1,쵸돈단스,5,GooglePlay,2025-08-03,0,99999999},,,
Order Complete (App),,ruby_2,6600,1,승훈이이,84,GooglePlay,2025-08-02,6600,6784},,,
Order Complete (App),,ruby_4,33000,2,조메기,187,GooglePlay,2025-08-02,107800,2924},,,
Order Complete (App),,ruby_6,110000,15,짭서스,385,OneStore,2025-07-20,557700,73},,,
Order Complete (App),,ruby_3,11000,19,펜타닐,298,GooglePlay,2025-07-16,29700,365},,,
Order Complete (App),,ruby_3,11000,19,펜타닐,298,GooglePlay,2025-07-16,18700,365},,,
Order Complete (App),,ads_remove,7700,1,NADUNG,14,GooglePlay,2025-08-03,0,99999999},,,
Order Complete (App),,ads_remove,7700,1,혼과빛,7,GooglePlay,2025-08-03,0,99999999},,,
Order Complete (App),,ruby_3,11000,2,안앙뽀,57,GooglePlay,2025-08-01,0,10495},,,
Order Complete (App),,ads_remove,7700,1,싹싹,21,GooglePlay,2025-08-03,0,99999999},,,
Order Complete (App),,ads_remove,7700,1,롤로핑,9,GooglePlay,2025-08-03,0,99999999},,,
Order Complete (App),,ruby_2,6600,3,부릅,172,GooglePlay,2025-08-01,42900,3345},,,
Order Complete (App),,ruby_2,6600,6,초인고양이,293,GooglePlay,2025-07-29,311300,398},,,
Order Complete (App),,ads_remove,7700,1,출렁,38,GooglePlay,2025-08-03,0,14610},,,
Order Complete (App),,ruby_6,110000,18,엉망,613,GooglePlay,2025-07-17,2286900,7},,,
Order Complete (App),,ruby_2,6600,1,1부소,28,GooglePlay,2025-08-03,17600,14251},,,
Order Complete (App),,ruby_3,11000,1,1부소,28,GooglePlay,2025-08-03,0,14251},,,
Order Complete (App),,ruby_4,33000,2,칼리아나아쳐,24,GooglePlay,2025-08-02,7700,14606},,,
Order Complete (App),,ads_remove,7700,2,칼리아나아쳐,24,GooglePlay,2025-08-02,0,14606},,,
Order Complete (App),,ruby_1,1100,1,공왕,25,GooglePlay,2025-08-03,7700,14610},,,
Order Complete (App),,ruby_6,110000,18,엉망,612,GooglePlay,2025-07-17,2176900,7},,,
Order Complete (App),,ruby_2,6600,1,공왕,25,GooglePlay,2025-08-03,0,14610},,,
Order Complete (App),,ruby_1,1100,3,도라에몽표류기,186,GooglePlay,2025-08-01,85800,2973},,,
Order Complete (App),,ruby_1,1100,3,도라에몽표류기,186,GooglePlay,2025-08-01,83600,2973},,,
Order Complete (App),,ads_remove,7700,1,2인자,8,OneStore,2025-08-03,7700,99999999},,,
Order Complete (App),,ruby_3,11000,1,새내기,24,GooglePlay,2025-08-03,0,14603},,,
Order Complete (App),,ads_remove,7700,1,레쓰꾸,8,GooglePlay,2025-08-03,0,99999999},,,
Order Complete (App),,ruby_2,6600,15,스무디킹,236,GooglePlay,2025-07-20,29700,1888},,,
Order Complete (App),,ruby_4,33000,15,대베,248,GooglePlay,2025-07-19,7700,1580},,,
Order Complete (App),,ads_remove,7700,1,꿀봉이,5,GooglePlay,2025-08-03,0,99999999},,,
Order Complete (App),,ruby_4,33000,6,국이,251,GooglePlay,2025-07-29,161700,1317},,,
Order Complete (App),,ruby_4,33000,3,도라에몽표류기,186,GooglePlay,2025-08-01,50600,2973},,,
Order Complete (App),,ads_remove,7700,1,도또또,5,GooglePlay,2025-08-03,0,99999999},,,
Order Complete (App),,ruby_2,6600,1,말귀,50,GooglePlay,2025-08-03,7700,10917},,,
Order Complete (App),,ads_remove,7700,1,말귀,50,GooglePlay,2025-08-03,0,10917},,,
Order Complete (App),,ads_remove,7700,1,fak,8,GooglePlay,2025-08-03,0,99999999},,,
Order Complete (App),,ruby_4,33000,6,초인고양이,288,GooglePlay,2025-07-29,278300,463},,,
Order Complete (App),,ads_remove,7700,1,신들파,15,GooglePlay,2025-08-03,0,99999999},,,
Order Complete (App),,ruby_3,11000,3,야몽이,171,GooglePlay,2025-08-01,29700,3394},,,
Order Complete (App),,ruby_3,11000,3,야몽이,171,GooglePlay,2025-08-01,7700,3394},,,
Order Complete (App),,ruby_1,1100,1,진삼,51,GooglePlay,2025-08-03,7700,14570},,,
Order Complete (App),,ruby_2,6600,1,진삼,51,GooglePlay,2025-08-03,0,14570},,,
Order Complete (App),,ruby_2,6600,1,비갠뒤소나기,84,GooglePlay,2025-08-03,18700,6763},,,
Order Complete (App),,ads_remove,7700,2,될놈1,51,GooglePlay,2025-08-02,0,10876},,,
Order Complete (App),,ads_remove,7700,1,전설의박망고,7,GooglePlay,2025-08-03,0,99999999},,,
Order Complete (App),,ruby_3,11000,1,네마,48,GooglePlay,2025-08-03,7700,11042},,,
Order Complete (App),,ruby_4,33000,12,누나좋아,317,GooglePlay,2025-07-22,488400,271},,,
Order Complete (App),,ads_remove,7700,1,양림이,15,GooglePlay,2025-08-03,0,99999999},,,
Order Complete (App),,ruby_1,1100,16,드레옹,487,GooglePlay,2025-07-19,1769900,18},,,
Order Complete (App),,ruby_1,1100,16,드레옹,487,GooglePlay,2025-07-19,1768800,18},,,
Order Complete (App),,ruby_1,1100,16,드레옹,487,GooglePlay,2025-07-19,1767700,18},,,
Order Complete (App),,ruby_3,11000,16,드레옹,487,GooglePlay,2025-07-19,1767700,18},,,
Order Complete (App),,ruby_5,55000,16,드레옹,487,GooglePlay,2025-07-19,1701700,18},,,
Order Complete (App),,ruby_3,11000,8,godtwkim,226,GooglePlay,2025-07-26,25300,2142},,,
Order Complete (App),,ruby_5,55000,1,그럴수덕,90,GooglePlay,2025-08-02,7700,7108},,,
Order Complete (App),,ruby_6,110000,16,드레옹,487,GooglePlay,2025-07-19,1591700,18},,,
Order Complete (App),,ruby_6,110000,17,KIRA,853,GooglePlay,2025-07-18,8807700,1},,,
Order Complete (App),,ads_remove,7700,1,줍셰,4,GooglePlay,2025-08-03,0,99999999},,,
Order Complete (App),,ruby_5,55000,7,독립,216,GooglePlay,2025-07-28,33000,2463},,,
Order Complete (App),,ads_remove,7700,1,Salah,11,GooglePlay,2025-08-03,0,99999999},,,
Order Complete (App),,ruby_4,33000,2,수애,183,GooglePlay,2025-08-02,132000,3067},,,
Order Complete (App),,ruby_4,33000,2,수애,183,GooglePlay,2025-08-02,99000,3067},,,
Order Complete (App),,ads_remove,7700,1,afogy,18,GooglePlay,2025-08-03,0,99999999},,,
Order Complete (App),,ruby_2,6600,2,승질승,91,GooglePlay,2025-08-02,7700,5924},,,
Order Complete (App),,ruby_4,33000,12,국뿅,389,GooglePlay,2025-07-23,364100,62},,,
Order Complete (App),,ads_remove,7700,1,준이아범,43,GooglePlay,2025-08-02,0,12793},,,
Order Complete (App),,ads_remove,7700,1,섬유유병재,19,GooglePlay,2025-08-03,0,99999999},,,
Order Complete (App),,ruby_3,11000,8,허어어니,285,GooglePlay,2025-07-27,106700,606},,,
Order Complete (App),,ads_remove,7700,1,청소팀장,51,GooglePlay,2025-08-03,0,10787},,,
Order Complete (App),,ruby_3,11000,18,디우,435,GooglePlay,2025-07-17,564300,45},,,
Order Complete (App),,ads_remove,7700,1,키샤탄,29,GooglePlay,2025-08-03,0,13564},,,
Order Complete (App),,ruby_4,33000,2,망고스무디,92,GooglePlay,2025-08-01,11000,6361},,,
Order Complete (App),,ruby_3,11000,99,LovePoem,487,GooglePlay,2024-09-29,81400,503},,,
Order Complete (App),,ruby_4,33000,15,김견,376,GooglePlay,2025-07-20,491700,84},,,
Order Complete (App),,ruby_2,6600,3,임태산,87,GooglePlay,2025-08-01,20900,6381},,,
Order Complete (App),,ruby_4,33000,18,디우,433,GooglePlay,2025-07-17,531300,45},,,
Order Complete (App),,ads_remove,7700,1,새벽3시야식,4,GooglePlay,2025-08-03,0,99999999},,,
Order Complete (App),,ruby_3,11000,18,디우,428,GooglePlay,2025-07-17,520300,45},,,
Order Complete (App),,ruby_1,1100,10,무르무르,292,GooglePlay,2025-07-25,52800,398},,,
Order Complete (App),,ruby_2,6600,8,허어어니,276,GooglePlay,2025-07-27,100100,695},,,
Order Complete (App),,ruby_1,1100,10,무르무르,292,GooglePlay,2025-07-25,52800,398},,,
Order Complete (App),,ruby_2,6600,10,무르무르,292,GooglePlay,2025-07-25,45100,398},,,
Order Complete (App),,ruby_3,11000,8,허어어니,276,GooglePlay,2025-07-27,89100,695},,,
Order Complete (App),,ruby_1,1100,3,가정주부,241,GooglePlay,2025-08-01,97900,1733},,,
Order Complete (App),,ruby_2,6600,3,가정주부,241,GooglePlay,2025-08-01,97900,1733},,,
Order Complete (App),,ruby_3,11000,3,가정주부,241,GooglePlay,2025-08-01,80300,1733},,,
Order Complete (App),,ruby_1,1100,2,우성이,118,GooglePlay,2025-08-02,64900,4576},,,
Order Complete (App),,ruby_2,6600,2,뽄요,102,GooglePlay,2025-08-02,41800,7199},,,
Order Complete (App),,ruby_3,11000,2,뽄요,102,GooglePlay,2025-08-02,30800,7199},,,
Order Complete (App),,ruby_6,110000,5,냉균,328,GooglePlay,2025-07-29,304700,217},,,
Order Complete (App),,ruby_3,11000,7,테리정,176,GooglePlay,2025-07-27,29700,3271},,,
Order Complete (App),,ruby_4,33000,9,yad,349,GooglePlay,2025-07-26,313500,139},,,
Order Complete (App),,ads_remove,7700,1,탐켄치,16,GooglePlay,2025-08-03,0,99999999},,,
Order Complete (App),,ruby_3,11000,2,동물의왕흑인,93,GooglePlay,2025-08-02,14300,5731},,,
Order Complete (App),,ruby_1,1100,14,몽클,258,GooglePlay,2025-07-21,7700,1134},,,
Order Complete (App),,ads_remove,7700,1,Hub,14,GooglePlay,2025-08-03,0,99999999},,,
Order Complete (App),,ads_remove,7700,1,꽃돼지,9,GooglePlay,2025-08-03,0,99999999},,,
Order Complete (App),,ads_remove,7700,1,김대물,36,GooglePlay,2025-08-03,0,14536},,,
Order Complete (App),,ads_remove,7700,1,충무여해,45,GooglePlay,2025-08-03,0,13682},,,
Order Complete (App),,ads_remove,7700,1,서나콩,25,GooglePlay,2025-08-03,0,99999999},,,
Order Complete (App),,ads_remove,7700,2,체리써니,79,GooglePlay,2025-08-02,0,7054},,,
Order Complete (App),,ads_remove,7700,3,담다미,86,GooglePlay,2025-08-01,0,6488},,,
Order Complete (App),,ruby_3,11000,10,손발을두잇,199,GooglePlay,2025-07-24,7700,2697},,,
Order Complete (App),,ruby_3,11000,14,라영,265,GooglePlay,2025-07-21,25300,1012},,,
Order Complete (App),,ruby_3,11000,13,베빌레라,275,GooglePlay,2025-07-20,13200,824},,,
Order Complete (App),,ruby_2,6600,2,우성이,111,GooglePlay,2025-08-02,58300,4982},,,
Order Complete (App),,ruby_1,1100,3,초행,24,GooglePlay,2025-07-17,7700,13824},,,
Order Complete (App),,ruby_2,6600,3,초행,24,GooglePlay,2025-07-17,0,13824},,,
Order Complete (App),,ads_remove,7700,1,두방,4,GooglePlay,2025-08-03,0,99999999},,,
Order Complete (App),,ads_remove,7700,1,멍멍,10,GooglePlay,2025-08-03,0,99999999},,,
Order Complete (App),,ruby_1,1100,13,베빌레라,270,GooglePlay,2025-07-20,13200,824},,,
Order Complete (App),,ruby_1,1100,13,베빌레라,270,GooglePlay,2025-07-20,13200,824},,,
Order Complete (App),,ruby_1,1100,13,베빌레라,270,GooglePlay,2025-07-20,11000,824},,,
Order Complete (App),,ruby_1,1100,13,베빌레라,270,GooglePlay,2025-07-20,8800,824},,,
Order Complete (App),,ruby_1,1100,13,베빌레라,270,GooglePlay,2025-07-20,7700,824},,,
Order Complete (App),,ruby_4,33000,5,이야이,327,OneStore,2025-07-30,415800,221},,,
Order Complete (App),,ads_remove,7700,1,짧은매듭,11,GooglePlay,2025-08-03,0,99999999},,,
Order Complete (App),,ruby_1,1100,2,누루지,119,GooglePlay,2025-08-02,27500,4469},,,
Order Complete (App),,ruby_1,1100,2,누루지,119,GooglePlay,2025-08-02,26400,4469},,,
Order Complete (App),,ruby_2,6600,2,누루지,119,GooglePlay,2025-08-02,18700,4469},,,
Order Complete (App),,ruby_3,11000,2,누루지,119,GooglePlay,2025-08-02,7700,4469},,,
Order Complete (App),,ruby_3,11000,17,어디서,253,GooglePlay,2025-07-18,150700,1257},,,
Order Complete (App),,ruby_1,1100,3,최무사,171,GooglePlay,2025-08-01,97900,3312},,,
Order Complete (App),,ruby_4,33000,2,조메기,150,GooglePlay,2025-08-02,74800,3650},,,
Order Complete (App),,ruby_2,6600,3,최무사,171,GooglePlay,2025-08-01,97900,3312},,,
Order Complete (App),,ads_remove,7700,1,성시경,12,GooglePlay,2025-08-03,0,99999999},,,
Order Complete (App),,ruby_3,11000,3,최무사,171,GooglePlay,2025-08-01,91300,3312},,,
Order Complete (App),,ruby_3,11000,3,최무사,171,GooglePlay,2025-08-01,69300,3312},,,
Order Complete (App),,ruby_5,55000,17,옴스옴스,345,GooglePlay,2025-07-18,130900,158},,,
Order Complete (App),,ruby_4,33000,17,어디서,252,GooglePlay,2025-07-18,117700,1556},,,
Order Complete (App),,ruby_3,11000,9,조던,287,GooglePlay,2025-07-26,227700,476},,,
Order Complete (App),,ruby_2,6600,3,도라에몽표류기,185,GooglePlay,2025-08-01,44000,3013},,,
Order Complete (App),,ads_remove,7700,3,추쌍,95,GooglePlay,2025-07-30,0,5568},,,
Order Complete (App),,ads_remove,7700,1,아들러버,66,GooglePlay,2025-08-02,0,8312},,,
Order Complete (App),,ruby_3,11000,1,채은,54,GooglePlay,2025-08-03,0,10118},,,
Order Complete (App),,ruby_4,33000,7,실땅님,192,GooglePlay,2025-07-28,7700,2767},,,
Order Complete (App),,ruby_4,33000,7,지은이내꼬,227,GooglePlay,2025-07-27,31900,2075},,,
Order Complete (App),,ruby_6,110000,17,어디서,240,GooglePlay,2025-07-18,7700,1730},,,
Order Complete (App),,ruby_1,1100,2,흑의서생,66,GooglePlay,2025-08-01,7700,9472},,,
Order Complete (App),,ruby_2,6600,2,흑의서생,66,GooglePlay,2025-08-01,0,9472},,,
Order Complete (App),,ads_remove,7700,1,이에,12,GooglePlay,2025-08-03,0,99999999},,,
Order Complete (App),,ruby_2,6600,3,최무사,121,GooglePlay,2025-08-01,62700,4458},,,
Order Complete (App),,ruby_3,11000,3,최무사,121,GooglePlay,2025-08-01,62700,4458},,,
Order Complete (App),,ruby_3,11000,3,최무사,121,GooglePlay,2025-08-01,40700,4458},,,
Order Complete (App),,ads_remove,7700,1,모범,4,GooglePlay,2025-08-03,0,99999999},,,
Order Complete (App),,ads_remove,7700,1,소금상자,4,GooglePlay,2025-08-03,0,99999999},,,
Order Complete (App),,ruby_3,11000,9,타이거통,277,GooglePlay,2025-07-26,231000,650},,,
Order Complete (App),,ruby_4,33000,3,최무사,121,GooglePlay,2025-08-01,7700,4458},,,
Order Complete (App),,ruby_4,33000,3,디지고싶냐,109,GooglePlay,2025-08-01,18700,5187},,,
Order Complete (App),,ads_remove,7700,1,안주,21,GooglePlay,2025-08-02,0,99999999},,,
Order Complete (App),,ruby_6,110000,3,앙가람,91,GooglePlay,2025-08-01,7700,6193},,,
Order Complete (App),,ruby_2,6600,2,찬란명화,89,GooglePlay,2025-08-02,7700,6339},,,
Order Complete (App),,ruby_1,1100,1,단코,46,GooglePlay,2025-08-03,7700,11085},,,
Order Complete (App),,ruby_2,6600,1,단코,46,GooglePlay,2025-08-03,0,11085},,,
Order Complete (App),,ads_remove,7700,1,jxlome,16,GooglePlay,2025-08-03,0,99999999},,,
Order Complete (App),,ads_remove,7700,1,옴마니반메옴,31,GooglePlay,2025-08-03,0,13135},,,
Order Complete (App),,ruby_3,11000,1,비갠뒤소나기,68,GooglePlay,2025-08-03,7700,7915},,,
Order Complete (App),,ruby_3,11000,5,성난곰탱이,121,GooglePlay,2025-07-29,7700,4728},,,
Order Complete (App),,ruby_2,6600,8,이사빛,229,GooglePlay,2025-07-27,40700,2001},,,
Order Complete (App),,ruby_2,6600,8,이사빛,229,GooglePlay,2025-07-27,27500,2001},,,
Order Complete (App),,ruby_3,11000,6,국이,246,GooglePlay,2025-07-29,150700,2031},,,
Order Complete (App),,ads_remove,7700,1,또찬,5,GooglePlay,2025-08-03,0,99999999},,,
Order Complete (App),,ruby_4,33000,5,이야이,325,OneStore,2025-07-30,382800,240},,,
Order Complete (App),,ruby_2,6600,9,은룡표국,224,GooglePlay,2025-07-25,8800,2201},,,
Order Complete (App),,ads_remove,7700,1,조선의태종,7,GooglePlay,2025-08-03,0,99999999},,,
Order Complete (App),,ads_remove,7700,1,히리,13,GooglePlay,2025-08-03,0,99999999},,,
Order Complete (App),,ruby_2,6600,1,염동력자,26,GooglePlay,2025-08-03,7700,14120},,,
Order Complete (App),,ruby_1,1100,1,염동력자,26,GooglePlay,2025-08-03,0,14120},,,
Order Complete (App),,ruby_1,1100,19,만마앙복,433,GooglePlay,2025-07-16,348700,38},,,
Order Complete (App),,ads_remove,7700,1,말랑구름,6,GooglePlay,2025-08-03,0,99999999},,,
Order Complete (App),,ruby_3,11000,2,생존,25,GooglePlay,2025-08-02,0,13952},,,
Order Complete (App),,ruby_2,6600,10,백진,366,GooglePlay,2025-07-24,412500,103},,,
Order Complete (App),,ruby_3,11000,10,백진,366,GooglePlay,2025-07-24,401500,103},,,
Order Complete (App),,ruby_4,33000,1,비샤스,24,GooglePlay,2025-08-03,7700,14471},,,
Order Complete (App),,ruby_3,11000,16,사랑잉,446,GooglePlay,2025-07-19,865700,34},,,
Order Complete (App),,ruby_3,11000,5,얼죽뱅,189,GooglePlay,2025-07-30,31900,2834},,,
Order Complete (App),,ads_remove,7700,2,승질승,81,GooglePlay,2025-08-02,0,7440},,,
Order Complete (App),,ruby_2,6600,1,푸르른달,72,GooglePlay,2025-08-02,17600,7547},,,
Order Complete (App),,ruby_3,11000,1,푸르른달,72,GooglePlay,2025-08-02,0,7547},,,
Order Complete (App),,ruby_4,33000,15,제로나인,332,GooglePlay,2025-07-20,160600,190},,,
Order Complete (App),,ads_remove,7700,2,무적김대리,57,GooglePlay,2025-08-02,0,9309},,,
Order Complete (App),,ruby_4,33000,7,노이v,240,GooglePlay,2025-07-27,106700,1863},,,
Order Complete (App),,ads_remove,7700,1,해뜰,8,GooglePlay,2025-08-03,0,99999999},,,
Order Complete (App),,ads_remove,7700,1,비샤스,6,GooglePlay,2025-08-03,0,99999999},,,
Order Complete (App),,ads_remove,7700,1,초니,41,GooglePlay,2025-08-02,0,13103},,,
Order Complete (App),,ruby_4,33000,17,도재,345,GooglePlay,2025-07-18,121000,171},,,
Order Complete (App),,ruby_3,11000,17,일주일만,356,GooglePlay,2025-07-18,234300,132},,,
Order Complete (App),,ads_remove,7700,1,gbtps,17,GooglePlay,2025-08-03,0,99999999},,,
Order Complete (App),,ruby_5,55000,12,누나좋아,310,GooglePlay,2025-07-22,433400,291},,,
Order Complete (App),,ads_remove,7700,1,잠퉁이,8,GooglePlay,2025-08-03,0,99999999},,,
Order Complete (App),,ads_remove,7700,1,비갠뒤소나기,8,GooglePlay,2025-08-03,0,99999999},,,
Order Complete (App),,ruby_3,11000,17,줸줸,396,GooglePlay,2025-07-18,355300,57},,,
Order Complete (App),,ads_remove,7700,1,빈털터리,9,GooglePlay,2025-08-03,0,99999999},,,
Order Complete (App),,ads_remove,7700,1,하링이,25,GooglePlay,2025-08-03,0,14436},,,
Order Complete (App),,ruby_2,6600,15,하리보소주맛,326,GooglePlay,2025-07-20,34100,227},,,
Order Complete (App),,ads_remove,7700,1,으이구우,5,GooglePlay,2025-08-03,0,99999999},,,
Order Complete (App),,ads_remove,7700,1,Virr,6,GooglePlay,2025-08-03,0,99999999},,,
Order Complete (App),,ruby_2,6600,1,승훈이이,43,GooglePlay,2025-08-02,0,14417},,,
Order Complete (App),,ads_remove,7700,1,만두요리,11,GooglePlay,2025-08-03,0,99999999},,,
Order Complete (App),,ads_remove,7700,1,큐마,6,GooglePlay,2025-08-03,0,99999999},,,
Order Complete (App),,ruby_3,11000,1,하오진,27,GooglePlay,2025-08-03,0,14430},,,
Order Complete (App),,ruby_1,1100,9,정쾌남,245,GooglePlay,2025-07-25,27500,1590},,,
Order Complete (App),,ruby_4,33000,14,흐물이,270,GooglePlay,2025-07-22,7700,793},,,
Order Complete (App),,ruby_1,1100,1,공양왕,24,GooglePlay,2025-08-03,7700,14426},,,
Order Complete (App),,ruby_2,6600,1,공양왕,24,GooglePlay,2025-08-03,0,14426},,,
Order Complete (App),,ruby_4,33000,12,채봉이,245,GooglePlay,2025-07-23,7700,1637},,,
Order Complete (App),,ruby_4,33000,18,김햇반,327,GooglePlay,2025-07-16,40700,215},,,
Order Complete (App),,ads_remove,7700,1,뼈바가지승려,4,GooglePlay,2025-08-03,0,99999999},,,
Order Complete (App),,ads_remove,7700,1,누룩,4,GooglePlay,2025-08-03,0,99999999},,,
Order Complete (App),,ruby_4,33000,2,국밥맛킷캣,127,GooglePlay,2025-08-02,36300,4262},,,
Order Complete (App),,ads_remove,7700,1,코승우,8,GooglePlay,2025-08-03,0,99999999},,,
Order Complete (App),,ruby_1,1100,2,ppu99u,40,GooglePlay,2025-08-02,7700,14415},,,
Order Complete (App),,ruby_2,6600,2,ppu99u,40,GooglePlay,2025-08-02,0,14415},,,
Order Complete (App),,ruby_1,1100,2,배쓰로브,120,GooglePlay,2025-08-02,16500,4357},,,
Order Complete (App),,ruby_1,1100,2,배쓰로브,120,GooglePlay,2025-08-02,14300,4357},,,
Order Complete (App),,ads_remove,7700,1,조전제일검,4,GooglePlay,2025-08-03,0,99999999},,,
Order Complete (App),,ruby_2,6600,19,시인아이,267,GooglePlay,2025-07-16,7700,889},,,
Order Complete (App),,ruby_4,33000,2,조메기,118,GooglePlay,2025-08-02,41800,4529},,,
Order Complete (App),,ruby_3,11000,1,Khan87,32,GooglePlay,2025-08-02,0,12962},,,
Order Complete (App),,ruby_2,6600,2,배쓰로브,118,GooglePlay,2025-08-02,7700,5142},,,
Order Complete (App),,ads_remove,7700,1,장댕댕이,11,GooglePlay,2025-08-02,0,99999999},,,
Order Complete (App),,ads_remove,7700,1,안돌,11,GooglePlay,2025-08-02,0,99999999},,,
Order Complete (App),,ruby_2,6600,7,지은이내꼬,220,GooglePlay,2025-07-27,25300,2227},,,
Order Complete (App),,ads_remove,7700,1,지유지아아빠,4,GooglePlay,2025-08-02,0,99999999},,,
Order Complete (App),,ruby_3,11000,16,무향후,308,GooglePlay,2025-07-19,47300,321},,,
Order Complete (App),,ruby_2,6600,10,두식이아부지,288,GooglePlay,2025-07-24,348700,436},,,
Order Complete (App),,ruby_2,6600,4,신사독행,77,GooglePlay,2025-07-29,22000,7232},,,
Order Complete (App),,ruby_5,55000,10,두식이아부지,288,GooglePlay,2025-07-24,293700,436},,,
Order Complete (App),,ruby_3,11000,4,신사독행,77,GooglePlay,2025-07-29,11000,7232},,,
Order Complete (App),,ads_remove,7700,1,난세구리,22,GooglePlay,2025-08-02,0,14057},,,
Order Complete (App),,ruby_3,11000,4,신사독행,77,GooglePlay,2025-07-29,0,7232},,,
Order Complete (App),,ruby_5,55000,4,손도이,168,GooglePlay,2025-07-31,18700,3386},,,
Order Complete (App),,ruby_2,6600,3,임태산,85,GooglePlay,2025-08-01,14300,6598},,,
Order Complete (App),,ruby_3,11000,2,조메기,115,GooglePlay,2025-08-02,30800,4768},,,
Order Complete (App),,ruby_2,6600,3,임태산,85,GooglePlay,2025-08-01,7700,6598},,,
Order Complete (App),,ruby_2,6600,9,도치야,340,GooglePlay,2025-07-16,322300,176},,,
Order Complete (App),,ruby_2,6600,2,갱민,92,GooglePlay,2025-08-02,18700,5848},,,
Order Complete (App),,ruby_2,6600,2,물빛,87,GooglePlay,2025-08-02,36300,6411},,,
Order Complete (App),,ruby_2,6600,5,hobbit,226,GooglePlay,2025-07-30,7700,2097},,,
Order Complete (App),,ruby_3,11000,9,도치야,337,GooglePlay,2025-07-16,311300,176},,,
Order Complete (App),,ruby_3,11000,2,조메기,111,GooglePlay,2025-08-02,19800,4919},,,
Order Complete (App),,ruby_3,11000,13,보보부복,306,GooglePlay,2025-07-22,168300,320},,,
Order Complete (App),,ruby_2,6600,16,하야꾸,312,GooglePlay,2025-07-19,190300,313},,,
Order Complete (App),,ruby_3,11000,2,은짱이,37,GooglePlay,2025-08-02,29700,13050},,,
Order Complete (App),,ruby_3,11000,2,은짱이,35,GooglePlay,2025-08-02,18700,13050},,,
Order Complete (App),,ruby_3,11000,2,은짱이,35,GooglePlay,2025-08-02,7700,13050},,,
Order Complete (App),,ruby_1,1100,8,꼬치쓰,231,GooglePlay,2025-07-27,45100,1898},,,
Order Complete (App),,ruby_4,33000,16,하야꾸,302,GooglePlay,2025-07-19,157300,313},,,
Order Complete (App),,ruby_1,1100,8,꼬치쓰,231,GooglePlay,2025-07-27,45100,1898},,,
Order Complete (App),,ruby_1,1100,8,꼬치쓰,231,GooglePlay,2025-07-27,44000,1898},,,
Order Complete (App),,ruby_1,1100,8,꼬치쓰,231,GooglePlay,2025-07-27,41800,1898},,,
Order Complete (App),,ruby_1,1100,1,한자,27,GooglePlay,2025-08-02,7700,13396},,,
Order Complete (App),,ruby_2,6600,1,한자,27,GooglePlay,2025-08-02,0,13396},,,
Order Complete (App),,ruby_3,11000,2,영쟈굳,118,GooglePlay,2025-08-01,40700,5421},,,
Order Complete (App),,ads_remove,7700,7,육진,113,GooglePlay,2025-07-27,0,4826},,,
Order Complete (App),,ruby_6,110000,3,또땡겨,295,GooglePlay,2025-07-31,521400,343},,,
Order Complete (App),,ruby_4,33000,16,유궁귀,359,GooglePlay,2025-07-19,269500,114},,,
Order Complete (App),,ruby_5,55000,16,삼겹살이젤좋아,273,GooglePlay,2025-07-19,7700,691},,,
Order Complete (App),,ads_remove,7700,1,양님,18,GooglePlay,2025-08-02,0,99999999},,,
Order Complete (App),,ruby_2,6600,3,가르치,117,GooglePlay,2025-07-31,7700,4637},,,
Order Complete (App),,ruby_4,33000,8,숨소,293,GooglePlay,2025-07-27,315700,369},,,
Order Complete (App),,ruby_5,55000,7,노이v,226,GooglePlay,2025-07-27,51700,2084},,,
Order Complete (App),,ruby_2,6600,4,한결도희,137,GooglePlay,2025-07-30,7700,4163},,,
Order Complete (App),,ruby_5,55000,3,또땡겨,285,GooglePlay,2025-07-31,466400,545},,,
Order Complete (App),,ruby_6,110000,7,o해요,246,GooglePlay,2025-07-28,341000,1500},,,
Order Complete (App),,ruby_4,33000,13,미율,350,OneStore,2025-07-21,295900,126},,,
Order Complete (App),,ruby_3,11000,14,개백정,232,GooglePlay,2025-07-21,7700,1894},,,
Order Complete (App),,ads_remove,7700,1,렌카,9,GooglePlay,2025-08-02,0,99999999},,,
Order Complete (App),,ruby_1,1100,8,이사빛,220,GooglePlay,2025-07-27,27500,2242},,,
Order Complete (App),,ruby_1,1100,8,이사빛,220,GooglePlay,2025-07-27,26400,2242},,,
Order Complete (App),,ruby_2,6600,8,이사빛,220,GooglePlay,2025-07-27,18700,2242},,,
Order Complete (App),,ruby_3,11000,8,이사빛,220,GooglePlay,2025-07-27,7700,2242},,,
Order Complete (App),,ruby_2,6600,7,지은이내꼬,199,GooglePlay,2025-07-27,18700,2580},,,
Order Complete (App),,ruby_4,33000,13,미율,348,OneStore,2025-07-21,262900,136},,,
Order Complete (App),,ruby_1,1100,2,뜌브,86,GooglePlay,2025-08-01,11000,6393},,,
Order Complete (App),,ruby_1,1100,2,뜌브,86,GooglePlay,2025-08-01,9900,6393},,,
Order Complete (App),,ruby_1,1100,2,뜌브,86,GooglePlay,2025-08-01,7700,6393},,,
Order Complete (App),,ruby_4,33000,13,미율,344,OneStore,2025-07-21,229900,163},,,
Order Complete (App),,ruby_3,11000,4,돌돌돌,114,GooglePlay,2025-07-30,6600,4789},,,
Order Complete (App),,ruby_6,110000,16,곰탕재료푸바오,376,GooglePlay,2025-07-19,410300,85},,,
Order Complete (App),,ads_remove,7700,1,정원7,7,GooglePlay,2025-08-02,0,99999999},,,
Order Complete (App),,ads_remove,7700,1,규리링,66,GooglePlay,2025-08-02,0,8212},,,
Order Complete (App),,ads_remove,7700,1,유하일당,8,GooglePlay,2025-08-02,0,99999999},,,
Order Complete (App),,ads_remove,7700,1,그럴슨더,5,GooglePlay,2025-08-02,0,99999999},,,
Order Complete (App),,ruby_4,33000,18,쮸니,327,GooglePlay,2025-07-16,56100,212},,,
Order Complete (App),,ruby_1,1100,10,윤이나,251,GooglePlay,2025-07-25,29700,1498},,,
Order Complete (App),,ruby_1,1100,10,윤이나,251,GooglePlay,2025-07-25,29700,1498},,,
Order Complete (App),,ruby_2,6600,10,윤이나,251,GooglePlay,2025-07-25,28600,1498},,,
Order Complete (App),,ruby_3,11000,10,윤이나,251,GooglePlay,2025-07-25,11000,1498},,,
Order Complete (App),,ruby_2,6600,2,꼬깔콘,84,GooglePlay,2025-08-01,14300,6652},,,
Order Complete (App),,ruby_2,6600,2,아라가라가,148,GooglePlay,2025-08-01,27500,3680},,,
Order Complete (App),,ads_remove,7700,1,쯔리,46,GooglePlay,2025-08-02,0,14368},,,
Order Complete (App),,ruby_6,110000,1,모매돌,28,GooglePlay,2025-08-02,7700,13374},,,
Order Complete (App),,ruby_3,11000,2,우성이,76,GooglePlay,2025-08-02,47300,8202},,,
Order Complete (App),,ruby_2,6600,2,우성이,76,GooglePlay,2025-08-02,40700,8202},,,
Order Complete (App),,ruby_2,6600,2,우성이,76,GooglePlay,2025-08-02,34100,8202},,,
Order Complete (App),,ruby_2,6600,2,아라가라가,148,GooglePlay,2025-08-01,20900,3680},,,
Order Complete (App),,ruby_2,6600,2,우성이,76,GooglePlay,2025-08-02,27500,8202},,,
Order Complete (App),,ads_remove,7700,1,hallo,5,GooglePlay,2025-08-02,0,99999999},,,
Order Complete (App),,ruby_3,11000,2,망루,41,GooglePlay,2025-08-02,7700,12297},,,
Order Complete (App),,ruby_4,33000,13,게실염,271,GooglePlay,2025-07-21,170500,774},,,
Order Complete (App),,ruby_4,33000,13,게실염,271,GooglePlay,2025-07-21,137500,774},,,
Order Complete (App),,ads_remove,7700,2,망루,24,GooglePlay,2025-08-02,0,13850},,,
Order Complete (App),,ruby_2,6600,13,게실염,270,GooglePlay,2025-07-21,130900,774},,,
Order Complete (App),,ruby_3,11000,13,게실염,270,GooglePlay,2025-07-21,119900,774},,,
Order Complete (App),,ads_remove,7700,1,모매돌,5,GooglePlay,2025-08-02,0,99999999},,,
Order Complete (App),,ruby_3,11000,13,게실염,270,GooglePlay,2025-07-21,108900,774},,,
Order Complete (App),,ruby_2,6600,15,유설장카,189,GooglePlay,2025-07-19,6600,2754},,,
Order Complete (App),,ruby_2,6600,18,쩰리,311,GooglePlay,2025-07-16,26400,274},,,
Order Complete (App),,ruby_2,6600,16,태풍표류기,450,GooglePlay,2025-07-19,893200,28},,,
Order Complete (App),,ads_remove,7700,1,하커네,7,GooglePlay,2025-08-02,0,99999999},,,
Order Complete (App),,ads_remove,7700,1,흐으윽,6,GooglePlay,2025-08-02,0,99999999},,,
Order Complete (App),,ruby_6,110000,15,부릉부릉,764,OneStore,2025-07-20,5177700,2},,,
Order Complete (App),,ads_remove,7700,1,칠갑아범,8,GooglePlay,2025-08-02,0,99999999},,,
Order Complete (App),,ruby_4,33000,12,장수척준경,298,GooglePlay,2025-07-22,122100,322},,,
Order Complete (App),,ruby_4,33000,16,비스트롱,350,GooglePlay,2025-07-19,18700,126},,,
Order Complete (App),,ruby_1,1100,2,우성이,52,GooglePlay,2025-08-02,27500,10011},,,
Order Complete (App),,ruby_1,1100,2,우성이,52,GooglePlay,2025-08-02,25300,10011},,,
Order Complete (App),,ruby_2,6600,2,우성이,52,GooglePlay,2025-08-02,25300,10011},,,
Order Complete (App),,ruby_3,11000,2,우성이,52,GooglePlay,2025-08-02,7700,10011},,,
Order Complete (App),,ads_remove,7700,2,ni따위가,68,GooglePlay,2025-08-02,0,8197},,,
Order Complete (App),,ruby_1,1100,12,장수척준경,298,GooglePlay,2025-07-22,121000,322},,,
Order Complete (App),,ruby_5,55000,12,장수척준경,298,GooglePlay,2025-07-22,66000,322},,,
Order Complete (App),,ads_remove,7700,1,말랑카우진,8,GooglePlay,2025-08-02,0,99999999},,,
Order Complete (App),,ruby_3,11000,16,사랑잉,437,GooglePlay,2025-07-19,854700,39},,,
Order Complete (App),,ads_remove,7700,1,은짱사랑,11,GooglePlay,2025-08-02,0,99999999},,,
Order Complete (App),,ruby_5,55000,18,디올대디,406,GooglePlay,2025-07-17,449900,55},,,
Order Complete (App),,ads_remove,7700,2,우성이,24,GooglePlay,2025-08-02,0,13650},,,
Order Complete (App),,ruby_6,110000,5,퇴치하자,176,GooglePlay,2025-07-30,95700,3537},,,
Order Complete (App),,ads_remove,7700,1,nuyheaT,7,GooglePlay,2025-08-02,0,99999999},,,
Order Complete (App),,ruby_1,1100,18,권대훈,286,GooglePlay,2025-07-17,27500,569},,,
Order Complete (App),,ruby_1,1100,18,권대훈,286,GooglePlay,2025-07-17,27500,569},,,
Order Complete (App),,ruby_2,6600,18,권대훈,286,GooglePlay,2025-07-17,25300,569},,,
Order Complete (App),,ruby_3,11000,18,권대훈,286,GooglePlay,2025-07-17,7700,569},,,
Order Complete (App),,ads_remove,7700,1,팡두,8,GooglePlay,2025-08-02,0,99999999},,,
Order Complete (App),,ruby_2,6600,1,최매력,52,GooglePlay,2025-08-02,11000,10854},,,
Order Complete (App),,ruby_4,33000,12,Raid,612,GooglePlay,2025-07-22,3015100,6},,,
Order Complete (App),,ruby_3,11000,1,최매력,52,GooglePlay,2025-08-02,0,10854},,,
Order Complete (App),,ads_remove,7700,2,법기,51,GooglePlay,2025-08-02,0,10848},,,
Order Complete (App),,ruby_5,55000,8,오랑케,420,GooglePlay,2025-07-27,1070300,51},,,
Order Complete (App),,ruby_3,11000,9,유케이,280,GooglePlay,2025-07-26,88000,619},,,
Order Complete (App),,ruby_6,110000,8,오랑케,420,GooglePlay,2025-07-27,905300,51},,,
Order Complete (App),,ruby_5,55000,8,오랑케,420,GooglePlay,2025-07-27,850300,51},,,
Order Complete (App),,ruby_3,11000,17,기풍한1,286,GooglePlay,2025-07-17,45100,484},,,
Order Complete (App),,ads_remove,7700,2,자구살두,66,GooglePlay,2025-08-02,0,8184},,,
Order Complete (App),,ruby_3,11000,15,화니화니96,285,GooglePlay,2025-07-20,29700,558},,,
Order Complete (App),,ruby_3,11000,15,화니화니96,285,GooglePlay,2025-07-20,7700,558},,,
Order Complete (App),,ruby_1,1100,5,테오도르,92,GooglePlay,2025-07-29,7700,5624},,,
Order Complete (App),,ruby_2,6600,5,테오도르,92,GooglePlay,2025-07-29,0,5624},,,
Order Complete (App),,ruby_3,11000,7,루아베니,340,GooglePlay,2025-07-17,727100,168},,,
Order Complete (App),,ruby_3,11000,12,전위,263,GooglePlay,2025-07-23,18700,1011},,,
Order Complete (App),,ruby_3,11000,16,태백,399,GooglePlay,2025-07-18,554400,57},,,
Order Complete (App),,ruby_3,11000,12,전위,263,GooglePlay,2025-07-23,7700,1011},,,
Order Complete (App),,ruby_6,110000,12,Raid,601,GooglePlay,2025-07-22,2905100,6},,,
Order Complete (App),,ads_remove,7700,2,뜌브,82,GooglePlay,2025-08-01,0,6841},,,
Order Complete (App),,ads_remove,7700,1,블랙늑대,24,GooglePlay,2025-08-02,0,14343},,,
Order Complete (App),,ruby_3,11000,4,폭력왕,154,GooglePlay,2025-07-31,7700,3504},,,
Order Complete (App),,ruby_3,11000,9,타이거통,271,GooglePlay,2025-07-26,220000,730},,,
Order Complete (App),,ads_remove,7700,1,한라소주,13,GooglePlay,2025-08-02,0,99999999},,,
Order Complete (App),,ruby_6,110000,14,럭키스트라이크,526,OneStore,2025-07-21,1500400,14},,,
Order Complete (App),,ruby_2,6600,1,티몬짱,35,GooglePlay,2025-08-02,7700,12485},,,
Order Complete (App),,ruby_1,1100,1,티몬짱,35,GooglePlay,2025-08-02,0,12485},,,
Order Complete (App),,ruby_4,33000,16,태백,395,GooglePlay,2025-07-18,521400,57},,,
Order Complete (App),,ruby_6,110000,12,Raid,591,GooglePlay,2025-07-22,2905100,6},,,
Order Complete (App),,ruby_6,110000,12,Raid,591,GooglePlay,2025-07-22,2685100,6},,,
Order Complete (App),,ads_remove,7700,1,풍운우,45,GooglePlay,2025-08-02,0,12879},,,
Order Complete (App),,ruby_3,11000,5,얼죽뱅,173,GooglePlay,2025-07-30,20900,3666},,,
Order Complete (App),,ads_remove,7700,1,단구동맛피아,14,GooglePlay,2025-08-02,0,99999999},,,
Order Complete (App),,ads_remove,7700,1,송이아빠,9,GooglePlay,2025-08-02,0,99999999},,,
Order Complete (App),,ruby_6,110000,6,암부,469,GooglePlay,2025-07-29,1877700,22},,,
Order Complete (App),,ads_remove,7700,1,에드킴,26,GooglePlay,2025-08-02,0,14332},,,
Order Complete (App),,ruby_4,33000,5,냉균,316,GooglePlay,2025-07-29,271700,252},,,
Order Complete (App),,ruby_2,6600,3,와따숑,112,GooglePlay,2025-08-01,44000,4827},,,
Order Complete (App),,ruby_2,6600,9,앙코,250,GooglePlay,2025-07-26,55000,1334},,,
Order Complete (App),,ruby_3,11000,2,뽄요,71,GooglePlay,2025-08-02,19800,7590},,,
Order Complete (App),,ruby_2,6600,2,댕냥이당,85,GooglePlay,2025-08-02,7700,6546},,,
Order Complete (App),,ruby_1,1100,17,Karl,255,GooglePlay,2025-07-18,9900,1229},,,
Order Complete (App),,ruby_1,1100,17,Karl,255,GooglePlay,2025-07-18,8800,1229},,,
Order Complete (App),,ads_remove,7700,1,난세선조,4,GooglePlay,2025-08-02,0,99999999},,,
Order Complete (App),,ruby_2,6600,3,부릅,131,GooglePlay,2025-08-01,36300,4371},,,
Order Complete (App),,ruby_1,1100,17,Karl,255,GooglePlay,2025-07-18,8800,1229},,,
Order Complete (App),,ruby_1,1100,17,Karl,255,GooglePlay,2025-07-18,7700,1229},,,
Order Complete (App),,ruby_4,33000,6,일해라정차장,286,GooglePlay,2025-07-29,183700,484},,,
Order Complete (App),,ads_remove,7700,1,조비,9,GooglePlay,2025-08-02,0,99999999},,,
Order Complete (App),,ruby_6,110000,17,꽃해골,471,GooglePlay,2025-07-18,1140700,21},,,
Order Complete (App),,ruby_1,1100,2,물빛,67,GooglePlay,2025-08-02,36300,7968},,,
Order Complete (App),,ruby_1,1100,2,물빛,67,GooglePlay,2025-08-02,34100,7968},,,
Order Complete (App),,ruby_1,1100,2,물빛,67,GooglePlay,2025-08-02,33000,7968},,,
Order Complete (App),,ruby_2,6600,3,부릅,119,GooglePlay,2025-08-01,29700,4371},,,
Order Complete (App),,ruby_3,11000,8,godtwkim,224,GooglePlay,2025-07-26,14300,2350},,,
Order Complete (App),,ruby_2,6600,15,나태지옥,294,GooglePlay,2025-07-20,51700,399},,,
Order Complete (App),,ruby_3,11000,19,상처,737,GooglePlay,2025-07-16,3418800,3},,,
Order Complete (App),,ruby_2,6600,8,godtwkim,223,GooglePlay,2025-07-26,7700,2350},,,
Order Complete (App),,ruby_3,11000,2,뽄요,68,GooglePlay,2025-08-02,8800,11574},,,
Order Complete (App),,ruby_2,6600,3,큰별샘오셨다,101,GooglePlay,2025-07-31,7700,5461},,,
Order Complete (App),,ruby_1,1100,2,뽄요,68,GooglePlay,2025-08-02,7700,11574},,,
Order Complete (App),,ads_remove,7700,2,지나사랑,71,GooglePlay,2025-08-02,0,8531},,,
Order Complete (App),,ruby_1,1100,3,와따숑,94,GooglePlay,2025-08-01,44000,6357},,,
Order Complete (App),,ruby_1,1100,3,와따숑,94,GooglePlay,2025-08-01,42900,6357},,,
Order Complete (App),,ruby_1,1100,3,와따숑,94,GooglePlay,2025-08-01,40700,6357},,,
Order Complete (App),,ruby_1,1100,10,무르무르,289,GooglePlay,2025-07-25,44000,441},,,
Order Complete (App),,ruby_3,11000,3,와따숑,93,GooglePlay,2025-08-01,29700,6357},,,
Order Complete (App),,ruby_2,6600,15,막내키키,304,GooglePlay,2025-07-20,80300,296},,,
Order Complete (App),,ruby_3,11000,3,와따숑,93,GooglePlay,2025-08-01,18700,6357},,,
Order Complete (App),,ruby_3,11000,15,막내키키,304,GooglePlay,2025-07-20,69300,296},,,
Order Complete (App),,ruby_1,1100,12,봉고,286,GooglePlay,2025-07-22,57200,474},,,
Order Complete (App),,ruby_1,1100,12,봉고,286,GooglePlay,2025-07-22,56100,474},,,
Order Complete (App),,ruby_2,6600,11,천상빛,201,GooglePlay,2025-07-24,7700,2528},,,
Order Complete (App),,ruby_4,33000,7,루아베니,336,GooglePlay,2025-07-17,694100,177},,,
Order Complete (App),,ruby_3,11000,16,태풍표류기,449,GooglePlay,2025-07-19,882200,28},,,
Order Complete (App),,ruby_3,11000,15,코코봉봉,296,GooglePlay,2025-07-20,51700,318},,,
Order Complete (App),,ruby_6,110000,17,꽃해골,467,GooglePlay,2025-07-18,1030700,24},,,
Order Complete (App),,ruby_3,11000,3,부릅,114,GooglePlay,2025-08-01,29700,4760},,,
Order Complete (App),,ruby_3,11000,3,부릅,114,GooglePlay,2025-08-01,7700,4760},,,
Order Complete (App),,ruby_3,11000,3,와따숑,91,GooglePlay,2025-08-01,7700,6357},,,
Order Complete (App),,ads_remove,7700,11,귀가,136,GooglePlay,2025-07-24,0,3891},,,
Order Complete (App),,ruby_3,11000,16,하야꾸,302,GooglePlay,2025-07-19,146300,295},,,
Order Complete (App),,ruby_3,11000,2,아련나래,30,GooglePlay,2025-08-02,0,14312},,,
Order Complete (App),,ruby_3,11000,7,루아베니,334,GooglePlay,2025-07-17,683100,177},,,
Order Complete (App),,ads_remove,7700,1,은짱이,13,GooglePlay,2025-08-02,0,99999999},,,
Order Complete (App),,ruby_1,1100,8,정쾌남,237,GooglePlay,2025-07-25,27500,1683},,,
Order Complete (App),,ruby_1,1100,8,정쾌남,237,GooglePlay,2025-07-25,27500,1683},,,
Order Complete (App),,ruby_2,6600,8,정쾌남,237,GooglePlay,2025-07-25,25300,1683},,,
Order Complete (App),,ruby_3,11000,8,정쾌남,237,GooglePlay,2025-07-25,7700,1683},,,
Order Complete (App),,ruby_4,33000,1,수애,116,GooglePlay,2025-08-02,66000,4642},,,
Order Complete (App),,ads_remove,7700,3,때린데또때린다,118,GooglePlay,2025-07-30,0,4470},,,
Order Complete (App),,ruby_2,6600,1,동물의왕흑인,55,GooglePlay,2025-08-02,7700,14283},,,
Order Complete (App),,ruby_1,1100,2,치티,177,GooglePlay,2025-07-31,55000,3069},,,
Order Complete (App),,ruby_1,1100,2,치티,177,GooglePlay,2025-07-31,53900,3069},,,
Order Complete (App),,ruby_1,1100,2,치티,177,GooglePlay,2025-07-31,51700,3069},,,
Order Complete (App),,ads_remove,7700,1,캐드,43,GooglePlay,2025-08-02,0,11345},,,
Order Complete (App),,ruby_3,11000,1,갱민,89,GooglePlay,2025-08-02,7700,6609},,,
Order Complete (App),,ads_remove,7700,1,끼꼬,51,GooglePlay,2025-08-02,0,13758},,,
Order Complete (App),,ruby_3,11000,16,김민교,305,GooglePlay,2025-07-18,162800,288},,,
Order Complete (App),,ads_remove,7700,1,행인이오,17,GooglePlay,2025-08-02,0,99999999},,,
Order Complete (App),,ads_remove,7700,1,지존갑사123,44,GooglePlay,2025-08-02,0,12326},,,
Order Complete (App),,ads_remove,7700,1,훈애심S2,41,GooglePlay,2025-08-02,0,13925},,,
Order Complete (App),,ads_remove,7700,1,돌뺌,16,GooglePlay,2025-08-02,0,99999999},,,
Order Complete (App),,ruby_3,11000,15,하야꾸,292,GooglePlay,2025-07-19,135300,463},,,
Order Complete (App),,ads_remove,7700,7,원탱탱,147,GooglePlay,2025-07-27,0,3651},,,
Order Complete (App),,ads_remove,7700,1,로건이,4,GooglePlay,2025-08-02,0,99999999},,,
Order Complete (App),,ads_remove,7700,1,막조사,11,GooglePlay,2025-08-02,0,99999999},,,
Order Complete (App),,ads_remove,7700,1,나이스캐치,11,GooglePlay,2025-08-02,0,99999999},,,
Order Complete (App),,ruby_2,6600,5,제근,148,GooglePlay,2025-07-29,29700,3606},,,
Order Complete (App),,ruby_1,1100,5,하늘고백,237,GooglePlay,2025-07-29,11000,1769},,,
Order Complete (App),,ads_remove,7700,1,진순이,25,GooglePlay,2025-08-02,0,14276},,,
Order Complete (App),,ads_remove,7700,1,위연,69,GooglePlay,2025-08-02,0,9457},,,
Order Complete (App),,ads_remove,7700,1,야난,19,GooglePlay,2025-08-02,0,99999999},,,
Order Complete (App),,ruby_3,11000,3,둡두둡,118,GooglePlay,2025-07-31,18700,4461},,,
Order Complete (App),,ruby_6,110000,13,발직,324,GooglePlay,2025-07-21,128700,228},,,
Order Complete (App),,ruby_3,11000,3,둡두둡,118,GooglePlay,2025-07-31,7700,4461},,,
Order Complete (App),,ads_remove,7700,1,뽄요,5,GooglePlay,2025-08-02,0,99999999},,,
Order Complete (App),,ruby_3,11000,1,물빛,53,GooglePlay,2025-08-02,33000,9738},,,
Order Complete (App),,ruby_5,55000,17,디올대디,393,GooglePlay,2025-07-17,394900,56},,,
Order Complete (App),,ruby_3,11000,1,물빛,53,GooglePlay,2025-08-02,11000,9738},,,
Order Complete (App),,ruby_3,11000,9,치리군,288,GooglePlay,2025-07-24,135300,409},,,
Order Complete (App),,ads_remove,7700,1,동물의왕흑인,4,GooglePlay,2025-08-02,0,99999999},,,
Order Complete (App),,ruby_2,6600,1,인스,36,GooglePlay,2025-08-02,7700,14261},,,
Order Complete (App),,ruby_3,11000,1,조메기,82,GooglePlay,2025-08-02,8800,6758},,,
Order Complete (App),,ads_remove,7700,1,아뿔싸,4,GooglePlay,2025-08-02,0,99999999},,,
Order Complete (App),,ruby_1,1100,1,조메기,82,GooglePlay,2025-08-02,7700,6758},,,
Order Complete (App),,ads_remove,7700,1,댕냥이당,52,GooglePlay,2025-08-02,0,10212},,,
Order Complete (App),,ruby_2,6600,8,톰머,229,GooglePlay,2025-07-26,20900,2178},,,
Order Complete (App),,ruby_5,55000,5,국이,194,GooglePlay,2025-07-29,95700,2560},,,
Order Complete (App),,ads_remove,7700,1,조인성,5,GooglePlay,2025-08-02,0,99999999},,,
Order Complete (App),,ruby_4,33000,1,수애,62,GooglePlay,2025-08-02,33000,8810},,,
Order Complete (App),,ruby_2,6600,8,톰머,228,GooglePlay,2025-07-26,14300,2178},,,
Order Complete (App),,ads_remove,7700,1,인스,8,GooglePlay,2025-08-02,0,99999999},,,
Order Complete (App),,ads_remove,7700,1,MinniM,9,GooglePlay,2025-08-02,0,99999999},,,
Order Complete (App),,ads_remove,7700,1,오도화,18,GooglePlay,2025-08-02,0,99999999},,,
Order Complete (App),,ruby_2,6600,3,간동원,149,OneStore,2025-07-31,53900,3746},,,
Order Complete (App),,ruby_1,1100,1,만세하는냉장고,41,GooglePlay,2025-08-02,7700,12492},,,
Order Complete (App),,ruby_2,6600,3,간동원,149,OneStore,2025-07-31,47300,3746},,,
Order Complete (App),,ruby_3,11000,1,물빛,26,GooglePlay,2025-08-02,0,14243},,,
Order Complete (App),,ruby_2,6600,1,만세하는냉장고,41,GooglePlay,2025-08-02,0,12492},,,
Order Complete (App),,ruby_4,33000,3,간동원,149,OneStore,2025-07-31,40700,3746},,,
Order Complete (App),,ruby_5,55000,15,드레옹,479,GooglePlay,2025-07-19,1536700,19},,,
Order Complete (App),,ruby_1,1100,13,럭키스트라이크,493,OneStore,2025-07-21,1390400,15},,,
Order Complete (App),,ruby_3,11000,13,럭키스트라이크,493,OneStore,2025-07-21,1389300,15},,,
Order Complete (App),,ads_remove,7700,1,빵이아범,6,GooglePlay,2025-08-02,0,99999999},,,
Order Complete (App),,ruby_4,33000,1,수애,36,GooglePlay,2025-08-02,0,12929},,,
Order Complete (App),,ruby_4,33000,2,힝꾸,101,GooglePlay,2025-07-31,66000,5757},,,
Order Complete (App),,ruby_5,55000,14,s불멸1s,367,GooglePlay,2025-07-19,866800,93},,,
Order Complete (App),,ruby_4,33000,7,숨소,291,GooglePlay,2025-07-27,282700,365},,,
Order Complete (App),,ads_remove,7700,1,암흑가의악질,41,GooglePlay,2025-08-02,0,12765},,,
Order Complete (App),,ads_remove,7700,1,무랭이,25,GooglePlay,2025-08-02,0,14221},,,
Order Complete (App),,ads_remove,7700,1,제이씨,28,GooglePlay,2025-08-02,0,14222},,,
Order Complete (App),,ads_remove,7700,1,카르멘노아,7,GooglePlay,2025-08-02,0,99999999},,,
Order Complete (App),,ads_remove,7700,1,장토리,41,GooglePlay,2025-08-02,0,14212},,,
Order Complete (App),,ads_remove,7700,1,청주테크노폴리스,15,GooglePlay,2025-07-27,0,99999999},,,
Order Complete (App),,ads_remove,7700,1,도겸,4,GooglePlay,2025-08-02,0,99999999},,,
Order Complete (App),,ruby_4,33000,8,선학,226,GooglePlay,2025-07-26,7700,2044},,,
Order Complete (App),,ruby_3,11000,1,봉미미,28,GooglePlay,2025-08-02,40700,14207},,,
Order Complete (App),,ruby_4,33000,1,봉미미,28,GooglePlay,2025-08-02,7700,14207},,,
Order Complete (App),,ruby_6,110000,14,헤롱이,350,GooglePlay,2025-07-20,436700,127},,,
Order Complete (App),,ads_remove,7700,1,김종곰의난,6,GooglePlay,2025-08-02,0,99999999},,,
Order Complete (App),,ads_remove,7700,1,조메기,8,GooglePlay,2025-08-02,0,99999999},,,
Order Complete (App),,ruby_3,11000,17,불태워버려,344,GooglePlay,2025-07-17,60500,148},,,
Order Complete (App),,ads_remove,7700,1,봉미미,9,GooglePlay,2025-08-02,0,99999999},,,
Order Complete (App),,ruby_4,33000,2,힝꾸,91,GooglePlay,2025-07-31,33000,5757},,,
Order Complete (App),,ads_remove,7700,1,아틀레티꼬마,66,GooglePlay,2025-08-02,0,9277},,,
Order Complete (App),,ruby_2,6600,12,가우리열제,198,GooglePlay,2025-07-22,29700,2453},,,
Order Complete (App),,ads_remove,7700,3,관측불능,34,GooglePlay,2025-07-31,0,12463},,,
Order Complete (App),,ruby_3,11000,13,뿌돔,285,GooglePlay,2025-07-21,18700,514},,,
Order Complete (App),,ads_remove,7700,1,댕구에요,4,GooglePlay,2025-08-02,0,99999999},,,
Order Complete (App),,ads_remove,7700,1,닭ddi,8,GooglePlay,2025-08-02,0,99999999},,,
Order Complete (App),,ads_remove,7700,1,오미수미,11,OneStore,2025-08-02,7700,99999999},,,
Order Complete (App),,ads_remove,7700,1,삶이,69,GooglePlay,2025-08-02,0,8097},,,
Order Complete (App),,ruby_3,11000,5,초인고양이,277,GooglePlay,2025-07-29,267300,593},,,
Order Complete (App),,ads_remove,7700,1,은린,15,GooglePlay,2025-08-02,0,99999999},,,
Order Complete (App),,ads_remove,7700,1,푸쿠푸쿠,37,GooglePlay,2025-08-02,0,14178},,,
Order Complete (App),,ads_remove,7700,1,활빈당,8,GooglePlay,2025-08-02,0,99999999},,,
Order Complete (App),,ruby_4,33000,6,흑날,182,GooglePlay,2025-07-26,7700,3071},,,
Order Complete (App),,ruby_2,6600,14,규영,305,GooglePlay,2025-07-20,12100,292},,,
Order Complete (App),,ruby_2,6600,1,제스턴로터멜,41,GooglePlay,2025-08-02,7700,13820},,,
Order Complete (App),,ads_remove,7700,1,현무암,5,GooglePlay,2025-08-02,0,99999999},,,
Order Complete (App),,ads_remove,7700,1,듀하,8,GooglePlay,2025-08-02,0,99999999},,,
Order Complete (App),,ads_remove,7700,1,Jody,6,GooglePlay,2025-08-02,0,99999999},,,
Order Complete (App),,ruby_2,6600,1,국밥맛킷캣,91,GooglePlay,2025-08-02,29700,5748},,,
Order Complete (App),,ruby_4,33000,16,일주일만,347,GooglePlay,2025-07-18,201300,128},,,
Order Complete (App),,ads_remove,7700,1,Bbae,31,GooglePlay,2025-08-02,0,12986},,,
Order Complete (App),,ads_remove,7700,1,찬란명화,9,GooglePlay,2025-08-02,0,99999999},,,
Order Complete (App),,ads_remove,7700,1,제스턴로터멜,8,GooglePlay,2025-08-02,0,99999999},,,
Order Complete (App),,ruby_3,11000,16,일주일만,347,GooglePlay,2025-07-18,190300,128},,,
Order Complete (App),,ruby_3,11000,2,또땡겨,267,GooglePlay,2025-07-31,455400,830},,,
Order Complete (App),,ruby_3,11000,11,여름이니까,370,GooglePlay,2025-07-22,509300,89},,,
Order Complete (App),,ads_remove,7700,1,자브종늑대,25,GooglePlay,2025-08-02,0,14150},,,
Order Complete (App),,ruby_3,11000,1,국밥맛킷캣,66,GooglePlay,2025-08-02,29700,8628},,,
Order Complete (App),,ruby_3,11000,1,국밥맛킷캣,66,GooglePlay,2025-08-02,7700,8628},,,
Order Complete (App),,ruby_1,1100,3,천당이,48,GooglePlay,2025-07-31,6600,10589},,,
Order Complete (App),,ruby_2,6600,3,천당이,48,GooglePlay,2025-07-31,0,10589},,,
Order Complete (App),,ruby_6,110000,3,하곰탱,181,GooglePlay,2025-07-31,74800,2970},,,
Order Complete (App),,ruby_2,6600,304,아이유인나,988,GooglePlay,2024-10-01,620600,10},,,
Order Complete (App),,ruby_1,1100,13,안양잠룡,266,GooglePlay,2025-07-20,27500,882},,,
Order Complete (App),,ruby_3,11000,15,헬랑구,328,GooglePlay,2025-07-19,63800,210},,,
Order Complete (App),,ruby_1,1100,13,안양잠룡,266,GooglePlay,2025-07-20,26400,882},,,
Order Complete (App),,ruby_1,1100,13,안양잠룡,266,GooglePlay,2025-07-20,25300,882},,,
Order Complete (App),,ruby_1,1100,13,안양잠룡,266,GooglePlay,2025-07-20,23100,882},,,
Order Complete (App),,ruby_3,11000,15,헬랑구,326,GooglePlay,2025-07-19,52800,210},,,
Order Complete (App),,ruby_4,33000,6,당운룡,118,GooglePlay,2025-07-27,7700,4602},,,
Order Complete (App),,ruby_6,110000,15,사랑잉,419,GooglePlay,2025-07-19,744700,46},,,
Order Complete (App),,ruby_2,6600,5,초인고양이,277,GooglePlay,2025-07-29,260700,584},,,
Order Complete (App),,ruby_3,11000,15,무니스,289,GooglePlay,2025-07-19,33000,380},,,
Order Complete (App),,ads_remove,7700,1,난쎄표루기,6,GooglePlay,2025-08-02,0,99999999},,,
Order Complete (App),,ruby_1,1100,1,대도무문,26,GooglePlay,2025-08-02,7700,13767},,,
Order Complete (App),,ruby_2,6600,1,대도무문,26,GooglePlay,2025-08-02,0,13767},,,
Order Complete (App),,ruby_2,6600,1,또오치,25,GooglePlay,2025-08-02,28600,14114},,,
Order Complete (App),,ruby_3,11000,1,또오치,25,GooglePlay,2025-08-02,28600,14114},,,
Order Complete (App),,ruby_3,11000,10,덕덕,246,GooglePlay,2025-07-23,73700,1440},,,
Order Complete (App),,ruby_3,11000,1,또오치,25,GooglePlay,2025-08-02,0,14114},,,
Order Complete (App),,ads_remove,7700,1,구운토마토,10,GooglePlay,2025-08-02,0,99999999},,,
Order Complete (App),,ads_remove,7700,1,국밥맛킷캣,5,GooglePlay,2025-08-02,0,99999999},,,
Order Complete (App),,ads_remove,7700,1,삼이,4,GooglePlay,2025-08-02,0,99999999},,,
Order Complete (App),,ads_remove,7700,1,유슈미,5,GooglePlay,2025-08-02,0,99999999},,,
Order Complete (App),,ads_remove,7700,1,우산속하나,16,GooglePlay,2025-08-02,0,99999999},,,
Order Complete (App),,ads_remove,7700,1,술취한호양이,4,GooglePlay,2025-08-02,0,99999999},,,
Order Complete (App),,ads_remove,7700,3,E쪼오간다아,48,GooglePlay,2025-07-31,0,10658},,,
Order Complete (App),,ruby_4,33000,10,애쁠,253,GooglePlay,2025-07-24,95700,1135},,,
Order Complete (App),,ruby_4,33000,11,누나좋아,296,GooglePlay,2025-07-22,400400,329},,,
Order Complete (App),,ruby_3,11000,8,완달,228,GooglePlay,2025-07-26,29700,1923},,,
Order Complete (App),,ruby_3,11000,8,완달,228,GooglePlay,2025-07-26,7700,1923},,,
Order Complete (App),,ads_remove,7700,1,유진버프,43,GooglePlay,2025-08-02,0,11407},,,
Order Complete (App),,ruby_3,11000,9,포코로,205,GooglePlay,2025-07-25,29700,2384},,,
Order Complete (App),,ruby_3,11000,9,포코로,205,GooglePlay,2025-07-25,7700,2384},,,
Order Complete (App),,ads_remove,7700,1,난세이예이에,6,GooglePlay,2025-08-02,0,99999999},,,
Order Complete (App),,ads_remove,7700,1,압둘라,6,GooglePlay,2025-08-02,0,99999999},,,
Order Complete (App),,ruby_3,11000,1,소풍,37,GooglePlay,2025-08-02,0,12113},,,
Order Complete (App),,ruby_3,11000,7,청류,218,GooglePlay,2025-07-27,7700,2164},,,
Order Complete (App),,ruby_1,1100,16,기풍한1,282,GooglePlay,2025-07-17,44000,537},,,
Order Complete (App),,ads_remove,7700,1,찐콩알로,26,GooglePlay,2025-08-02,0,14074},,,
Order Complete (App),,ruby_2,6600,15,남궁세가,254,GooglePlay,2025-07-19,7700,1133},,,
Order Complete (App),,ruby_2,6600,14,사공가문,225,GooglePlay,2025-07-20,14300,2071},,,
Order Complete (App),,ads_remove,7700,1,수다리,4,GooglePlay,2025-08-02,0,99999999},,,
Order Complete (App),,ruby_3,11000,1,잉잉v,29,GooglePlay,2025-08-02,0,13568},,,
Order Complete (App),,ads_remove,7700,1,초혼비,5,GooglePlay,2025-08-02,0,99999999},,,
Order Complete (App),,ads_remove,7700,1,그랑조,61,GooglePlay,2025-08-02,0,10754},,,
Order Complete (App),,ads_remove,7700,1,고니고기,43,GooglePlay,2025-08-02,0,11519},,,
Order Complete (App),,ruby_3,11000,308,동행,1091,OneStore,2024-09-29,4106200,6},,,
Order Complete (App),,ruby_3,11000,308,동행,1091,OneStore,2024-09-29,4095200,6},,,
Order Complete (App),,ruby_2,6600,2,굴비사마,187,GooglePlay,2025-08-01,56100,2876},,,
Order Complete (App),,ruby_3,11000,15,구독자,298,GooglePlay,2025-07-18,126500,295},,,
Order Complete (App),,ruby_2,6600,15,구독자,298,GooglePlay,2025-07-18,108900,295},,,
Order Complete (App),,ruby_2,6600,4,이야이,297,OneStore,2025-07-30,349800,301},,,
Order Complete (App),,ruby_3,11000,8,두루,142,GooglePlay,2025-07-26,12100,3750},,,
Order Complete (App),,ruby_3,11000,2,굴비사마,187,GooglePlay,2025-08-01,45100,2876},,,
Order Complete (App),,ads_remove,7700,1,MONNI,12,GooglePlay,2025-08-02,0,99999999},,,
Order Complete (App),,ruby_2,6600,2,굴비사마,187,GooglePlay,2025-08-01,38500,2876},,,
Order Complete (App),,ruby_3,11000,2,굴비사마,187,GooglePlay,2025-08-01,27500,2876},,,
Order Complete (App),,ruby_2,6600,1,martney,85,GooglePlay,2025-08-01,8800,6445},,,
Order Complete (App),,ads_remove,7700,4,김지망생,72,GooglePlay,2025-07-27,0,7842},,,
Order Complete (App),,ads_remove,7700,1,누루지,26,GooglePlay,2025-08-02,0,13371},,,
Order Complete (App),,ruby_3,11000,1,어이가없네,67,GooglePlay,2025-08-01,18700,8692},,,
Order Complete (App),,ruby_3,11000,15,미남고릴라,308,GooglePlay,2025-07-19,29700,260},,,
Order Complete (App),,ruby_3,11000,1,어이가없네,67,GooglePlay,2025-08-01,7700,8692},,,
Order Complete (App),,ruby_4,33000,8,당백하,150,GooglePlay,2025-07-26,39600,3800},,,
Order Complete (App),,ads_remove,7700,3,단계천인,125,GooglePlay,2025-07-31,0,4314},,,
Order Complete (App),,ruby_4,33000,14,쉬밤꺼,415,GooglePlay,2025-07-19,1094500,48},,,
Order Complete (App),,ruby_3,11000,8,당백하,142,GooglePlay,2025-07-26,28600,3800},,,
Order Complete (App),,ruby_4,33000,3,정비왕조정비,150,GooglePlay,2025-07-31,82500,3554},,,
Order Complete (App),,ads_remove,7700,1,Oppen,11,GooglePlay,2025-08-02,0,99999999},,,
Order Complete (App),,ads_remove,7700,1,Moollon,25,GooglePlay,2025-08-02,0,14057},,,
Order Complete (App),,ads_remove,7700,1,동둉,67,GooglePlay,2025-08-02,0,9450},,,
Order Complete (App),,ads_remove,7700,1,유순정,6,GooglePlay,2025-08-02,0,99999999},,,
Order Complete (App),,ruby_3,11000,8,당백하,141,GooglePlay,2025-07-26,17600,3800},,,
Order Complete (App),,ads_remove,7700,1,야차83,7,GooglePlay,2025-08-02,0,99999999},,,
Order Complete (App),,ruby_2,6600,1,각질미녀,25,GooglePlay,2025-08-02,7700,13703},,,
Order Complete (App),,ruby_1,1100,1,각질미녀,25,GooglePlay,2025-08-02,0,13703},,,
Order Complete (App),,ruby_6,110000,10,은비,490,GooglePlay,2025-07-16,2570700,19},,,
Order Complete (App),,ads_remove,7700,1,짖리,9,GooglePlay,2025-08-02,0,99999999},,,
Order Complete (App),,ruby_6,110000,10,은비,490,GooglePlay,2025-07-16,2460700,19},,,
Order Complete (App),,ruby_6,110000,10,은비,490,GooglePlay,2025-07-16,2240700,19},,,
Order Complete (App),,ads_remove,7700,1,다시빛나리,8,GooglePlay,2025-08-02,0,99999999},,,
Order Complete (App),,ads_remove,7700,1,동탄잉어,44,GooglePlay,2025-08-02,0,14035},,,
Order Complete (App),,ruby_1,1100,1,배쓰로브,53,GooglePlay,2025-08-02,7700,10735},,,
Order Complete (App),,ruby_2,6600,1,배쓰로브,53,GooglePlay,2025-08-02,0,10735},,,
Order Complete (App),,ads_remove,7700,1,간웅,9,GooglePlay,2025-08-02,0,99999999},,,
Order Complete (App),,ruby_1,1100,8,사마빙,248,GooglePlay,2025-07-26,26400,1318},,,
Order Complete (App),,ruby_1,1100,8,사마빙,248,GooglePlay,2025-07-26,25300,1318},,,
Order Complete (App),,ruby_2,6600,8,사마빙,248,GooglePlay,2025-07-26,18700,1318},,,
Order Complete (App),,ruby_3,11000,8,사마빙,248,GooglePlay,2025-07-26,7700,1318},,,
Order Complete (App),,ruby_3,11000,9,닉네임표류기,245,GooglePlay,2025-07-25,14300,1537},,,
Order Complete (App),,ruby_3,11000,4,이야이,296,OneStore,2025-07-30,343200,303},,,
Order Complete (App),,ruby_4,33000,18,이로로,341,GooglePlay,2025-07-16,40700,151},,,
Order Complete (App),,ruby_4,33000,16,줸줸,390,GooglePlay,2025-07-18,355300,57},,,
Order Complete (App),,ruby_2,6600,16,줸줸,390,GooglePlay,2025-07-18,315700,57},,,
Order Complete (App),,ruby_3,11000,8,yad,336,GooglePlay,2025-07-26,313500,159},,,
Order Complete (App),,ruby_3,11000,8,yad,336,GooglePlay,2025-07-26,291500,159},,,
Order Complete (App),,ruby_6,110000,1,웅이아부지,26,GooglePlay,2025-08-02,7700,13338},,,
Order Complete (App),,ruby_2,6600,1,꼬깔콘,66,GooglePlay,2025-08-01,7700,8560},,,
Order Complete (App),,ruby_4,33000,2,호장,46,GooglePlay,2025-08-01,62700,13028},,,
Order Complete (App),,ruby_3,11000,17,수진,380,GooglePlay,2025-07-16,369600,72},,,
Order Complete (App),,ruby_1,1100,1,프리퍼런스,48,GooglePlay,2025-08-02,7700,10518},,,
Order Complete (App),,ruby_2,6600,1,프리퍼런스,48,GooglePlay,2025-08-02,0,10518},,,
Order Complete (App),,ruby_4,33000,2,쌈쟁이,94,GooglePlay,2025-07-31,84700,5308},,,
Order Complete (App),,ads_remove,7700,1,웅이아부지,9,GooglePlay,2025-08-02,0,99999999},,,
Order Complete (App),,ruby_6,110000,7,집안구석,370,GooglePlay,2025-07-27,953700,87},,,
Order Complete (App),,ruby_5,55000,11,Raid,587,GooglePlay,2025-07-22,2630100,6},,,
Order Complete (App),,ads_remove,7700,1,정시진,9,GooglePlay,2025-08-02,0,99999999},,,
Order Complete (App),,ads_remove,7700,1,딱지코딱지,54,GooglePlay,2025-08-01,0,9594},,,
Order Complete (App),,ads_remove,7700,2,네이버,41,GooglePlay,2025-08-01,0,12785},,,
Order Complete (App),,ads_remove,7700,1,Leta,4,GooglePlay,2025-08-02,0,99999999},,,
Order Complete (App),,ruby_3,11000,1,잽삐,25,GooglePlay,2025-08-02,0,13177},,,
Order Complete (App),,ads_remove,7700,1,lyi,46,GooglePlay,2025-08-02,0,10717},,,
Order Complete (App),,ruby_5,55000,1,홍제,58,GooglePlay,2025-08-01,7700,10447},,,
Order Complete (App),,ruby_5,55000,2,호장,36,GooglePlay,2025-08-01,7700,13028},,,
Order Complete (App),,ads_remove,7700,1,제라데,36,GooglePlay,2025-08-01,0,12780},,,
Order Complete (App),,ads_remove,7700,1,kolee,24,GooglePlay,2025-08-02,0,13489},,,
Order Complete (App),,ruby_3,11000,15,무향후,291,GooglePlay,2025-07-19,36300,345},,,
Order Complete (App),,ads_remove,7700,1,건곤일척,84,GooglePlay,2025-08-01,0,6505},,,
Order Complete (App),,ads_remove,7700,1,메뚝,10,GooglePlay,2025-08-02,0,99999999},,,
Order Complete (App),,ads_remove,7700,1,x천인x,6,GooglePlay,2025-08-02,0,99999999},,,
Order Complete (App),,ruby_3,11000,7,허어어니,261,GooglePlay,2025-07-27,78100,974},,,
Order Complete (App),,ruby_2,6600,4,이야이,292,OneStore,2025-07-30,332200,328},,,
Order Complete (App),,ruby_6,110000,7,집안구석,369,GooglePlay,2025-07-27,843700,91},,,
Order Complete (App),,ads_remove,7700,1,박정원빈,11,GooglePlay,2025-08-02,0,99999999},,,
Order Complete (App),,ruby_1,1100,1,연우지우아빠,70,GooglePlay,2025-08-01,7700,7454},,,
Order Complete (App),,ads_remove,7700,2,현승,55,GooglePlay,2025-07-31,0,9421},,,
Order Complete (App),,ads_remove,7700,1,토또뚜,4,GooglePlay,2025-08-02,0,99999999},,,
Order Complete (App),,ruby_5,55000,4,퇴치하자,134,GooglePlay,2025-07-30,40700,3857},,,
Order Complete (App),,ruby_3,11000,7,오랑케,404,GooglePlay,2025-07-27,839300,57},,,
Order Complete (App),,ruby_5,55000,7,오랑케,404,GooglePlay,2025-07-27,784300,57},,,
Order Complete (App),,ruby_1,1100,2,도라에몽표류기,133,GooglePlay,2025-08-01,42900,3877},,,
Order Complete (App),,ruby_6,110000,2,조선호걸,64,GooglePlay,2025-08-01,7700,8544},,,
Order Complete (App),,ads_remove,7700,1,배수로,9,GooglePlay,2025-08-02,0,99999999},,,
Order Complete (App),,ads_remove,7700,1,난세군,5,GooglePlay,2025-08-02,0,99999999},,,
Order Complete (App),,ruby_2,6600,2,굴비사마,180,GooglePlay,2025-08-01,20900,2945},,,
Order Complete (App),,ruby_5,55000,10,후리미,198,GooglePlay,2025-07-24,128700,2468},,,
Order Complete (App),,ruby_4,33000,15,드레옹,476,GooglePlay,2025-07-19,1503700,18},,,
Order Complete (App),,ruby_5,55000,1,벤야,129,GooglePlay,2025-08-01,113300,4635},,,
Order Complete (App),,ruby_5,55000,15,엄애숙,295,GooglePlay,2025-07-18,44000,320},,,
Order Complete (App),,ruby_3,11000,12,게실염,265,GooglePlay,2025-07-21,97900,940},,,
Order Complete (App),,ruby_5,55000,5,사루다,118,GooglePlay,2025-07-29,62700,4510},,,
Order Complete (App),,ruby_5,55000,7,오랑케,387,GooglePlay,2025-07-27,729300,70},,,
Order Complete (App),,ads_remove,7700,1,사민,36,GooglePlay,2025-08-02,0,13620},,,
Order Complete (App),,ruby_4,33000,1,벤야,118,GooglePlay,2025-08-01,80300,4635},,,
Order Complete (App),,ruby_5,55000,5,사루다,118,GooglePlay,2025-07-29,7700,4510},,,
Order Complete (App),,ruby_4,33000,7,오랑케,387,GooglePlay,2025-07-27,696300,70},,,
Order Complete (App),,ruby_2,6600,12,게실염,264,GooglePlay,2025-07-21,91300,940},,,
Order Complete (App),,ruby_4,33000,7,오랑케,387,GooglePlay,2025-07-27,663300,70},,,
Order Complete (App),,ruby_6,110000,15,드레옹,475,GooglePlay,2025-07-19,1393700,18},,,
Order Complete (App),,ruby_3,11000,4,ST한쿡,111,GooglePlay,2025-07-30,7700,5001},,,
Order Complete (App),,ruby_2,6600,17,지피지기,288,GooglePlay,2025-07-16,36300,440},,,
Order Complete (App),,ads_remove,7700,1,재재아배,8,GooglePlay,2025-08-02,0,99999999},,,
Order Complete (App),,ruby_2,6600,1,벤야,118,GooglePlay,2025-08-01,73700,4635},,,
Order Complete (App),,ruby_3,11000,15,엄애숙,291,GooglePlay,2025-07-18,33000,338},,,
Order Complete (App),,ruby_6,110000,7,오랑케,387,GooglePlay,2025-07-27,553300,70},,,
Order Complete (App),,ruby_5,55000,14,talgol,285,GooglePlay,2025-07-20,40700,491},,,
Order Complete (App),,ruby_4,33000,17,은월랑,397,GooglePlay,2025-07-17,1073600,53},,,
Order Complete (App),,ads_remove,7700,1,빠다코코넛,47,GooglePlay,2025-08-01,0,11426},,,
Order Complete (App),,ruby_3,11000,1,주즈,70,GooglePlay,2025-08-02,7700,7539},,,
Order Complete (App),,ruby_3,11000,2,디지고싶냐,47,GooglePlay,2025-08-01,7700,10688},,,
Order Complete (App),,ruby_3,11000,9,오직,166,GooglePlay,2025-07-23,18700,3313},,,
Order Complete (App),,ruby_3,11000,9,오직,166,GooglePlay,2025-07-23,7700,3313},,,
Order Complete (App),,ruby_5,55000,7,오랑케,381,GooglePlay,2025-07-27,498300,70},,,
Order Complete (App),,ruby_3,11000,1,제르비뉴,70,GooglePlay,2025-08-01,7700,7797},,,
Order Complete (App),,ads_remove,7700,1,김쑥갓,8,GooglePlay,2025-08-02,0,99999999},,,
Order Complete (App),,ads_remove,7700,2,blacks,51,GooglePlay,2025-07-31,0,10030},,,
Order Complete (App),,ruby_3,11000,3,옥지의빵빵이,287,GooglePlay,2025-07-31,436700,405},,,
Order Complete (App),,ads_remove,7700,1,jfi,4,GooglePlay,2025-08-02,0,99999999},,,
Order Complete (App),,ads_remove,7700,1,이셩,7,GooglePlay,2025-08-02,0,99999999},,,
Order Complete (App),,ads_remove,7700,1,긍서,43,GooglePlay,2025-08-02,0,12274},,,
Order Complete (App),,ruby_4,33000,3,옥지의빵빵이,285,GooglePlay,2025-07-31,403700,566},,,
Order Complete (App),,ruby_3,11000,1,망고스무디,53,GooglePlay,2025-08-01,0,11088},,,
Order Complete (App),,ruby_1,1100,1,봉규르,35,GooglePlay,2025-08-01,7700,13812},,,
Order Complete (App),,ruby_2,6600,1,봉규르,35,GooglePlay,2025-08-01,0,13812},,,
Order Complete (App),,ruby_4,33000,14,코일,287,GooglePlay,2025-07-20,223300,526},,,
Order Complete (App),,ruby_4,33000,14,코일,287,GooglePlay,2025-07-20,157300,526},,,
Order Complete (App),,ads_remove,7700,1,수월빛,5,GooglePlay,2025-08-02,0,99999999},,,
Order Complete (App),,ruby_3,11000,2,꼬롬하네,87,GooglePlay,2025-07-31,62700,6479},,,
Order Complete (App),,ruby_3,11000,2,꼬롬하네,87,GooglePlay,2025-07-31,40700,6479},,,
Order Complete (App),,ruby_1,1100,1,김아디,55,GooglePlay,2025-08-02,0,9279},,,
Order Complete (App),,ruby_4,33000,17,지냥,328,GooglePlay,2025-07-17,88000,174},,,
Order Complete (App),,ruby_2,6600,11,율촌,171,GooglePlay,2025-07-23,7700,3136},,,
Order Complete (App),,ruby_1,1100,11,율촌,171,GooglePlay,2025-07-23,0,3136},,,
Order Complete (App),,ads_remove,7700,2,수피리,72,GooglePlay,2025-08-01,0,7420},,,
Order Complete (App),,ruby_3,11000,2,꼬롬하네,86,GooglePlay,2025-07-31,40700,6479},,,
Order Complete (App),,ruby_3,11000,2,꼬롬하네,86,GooglePlay,2025-07-31,18700,6479},,,
Order Complete (App),,ruby_3,11000,2,꼬롬하네,86,GooglePlay,2025-07-31,7700,6479},,,
Order Complete (App),,ruby_5,55000,18,넌누구니,467,GooglePlay,2025-07-16,980100,22},,,
Order Complete (App),,ruby_4,33000,7,집안구석,286,GooglePlay,2025-07-27,810700,426},,,
Order Complete (App),,ruby_3,11000,5,유진킴,228,GooglePlay,2025-07-29,72600,1880},,,
Order Complete (App),,ruby_2,6600,2,도라에몽표류기,120,GooglePlay,2025-08-01,36300,4211},,,
Order Complete (App),,ads_remove,7700,1,모듬,7,GooglePlay,2025-08-02,0,99999999},,,
Order Complete (App),,ads_remove,7700,1,이거은근재밌는데,50,GooglePlay,2025-08-02,0,10339},,,
Order Complete (App),,ruby_3,11000,1,벤야,102,GooglePlay,2025-08-01,62700,5359},,,
Order Complete (App),,ads_remove,7700,1,혈랑초짜,19,GooglePlay,2025-08-02,0,99999999},,,
Order Complete (App),,ruby_3,11000,1,벤야,102,GooglePlay,2025-08-01,51700,5359},,,
Order Complete (App),,ruby_1,1100,8,아치발,214,GooglePlay,2025-07-26,40700,2169},,,
Order Complete (App),,ruby_5,55000,7,오랑케,357,GooglePlay,2025-07-27,443300,101},,,
Order Complete (App),,ruby_5,55000,3,Pixel,226,GooglePlay,2025-07-31,216700,2046},,,
Order Complete (App),,ads_remove,7700,1,우이이이이잇,11,GooglePlay,2025-08-02,0,99999999},,,
Order Complete (App),,ruby_3,11000,3,정비왕조정비,147,GooglePlay,2025-07-31,71500,3557},,,
Order Complete (App),,ads_remove,7700,1,갱민,7,GooglePlay,2025-08-02,0,99999999},,,
Order Complete (App),,ruby_3,11000,1,벤야,95,GooglePlay,2025-08-01,40700,5359},,,
Order Complete (App),,ruby_5,55000,7,오랑케,357,GooglePlay,2025-07-27,388300,101},,,
Order Complete (App),,ruby_1,1100,3,정비왕조정비,146,GooglePlay,2025-07-31,70400,3590},,,
Order Complete (App),,ads_remove,7700,3,초딩진사,95,GooglePlay,2025-07-31,0,5203},,,
Order Complete (App),,ruby_5,55000,7,오랑케,357,GooglePlay,2025-07-27,333300,101},,,
Order Complete (App),,ruby_3,11000,4,roki,246,GooglePlay,2025-07-30,145200,1454},,,
Order Complete (App),,ruby_5,55000,2,김용덕,174,GooglePlay,2025-07-31,135300,3152},,,
Order Complete (App),,ads_remove,7700,1,라미뾰롱,5,GooglePlay,2025-08-02,0,99999999},,,
Order Complete (App),,ads_remove,7700,1,타로마루,7,GooglePlay,2025-08-02,0,99999999},,,
Order Complete (App),,ruby_4,33000,12,두율대디,366,GooglePlay,2025-07-22,407000,93},,,
Order Complete (App),,ruby_4,33000,12,두율대디,366,GooglePlay,2025-07-22,341000,93},,,
Order Complete (App),,ruby_6,110000,7,집안구석,286,GooglePlay,2025-07-27,700700,426},,,
Order Complete (App),,ruby_5,55000,7,집안구석,286,GooglePlay,2025-07-27,700700,426},,,
Order Complete (App),,ruby_5,55000,17,시리찡,294,GooglePlay,2025-07-17,172700,344},,,
Order Complete (App),,ads_remove,7700,7,김치표류기,191,GooglePlay,2025-07-26,0,2613},,,
Order Complete (App),,ads_remove,7700,1,줌보,18,GooglePlay,2025-08-02,0,99999999},,,
Order Complete (App),,ruby_4,33000,5,초인고양이,270,OneStore,2025-07-29,260700,681},,,
Order Complete (App),,ads_remove,7700,1,게리굿,4,GooglePlay,2025-08-02,0,99999999},,,
Order Complete (App),,ruby_4,33000,1,벤야,88,GooglePlay,2025-08-01,7700,10645},,,
Order Complete (App),,ruby_3,11000,3,정비왕조정비,135,GooglePlay,2025-07-31,59400,3828},,,
Order Complete (App),,ruby_6,110000,7,집안구석,286,GooglePlay,2025-07-27,645700,426},,,
Order Complete (App),,ruby_3,11000,14,삼성,247,GooglePlay,2025-07-18,29700,1338},,,
Order Complete (App),,ruby_2,6600,4,roki,244,GooglePlay,2025-07-30,138600,1477},,,
Order Complete (App),,ads_remove,7700,1,연우지우아빠,63,GooglePlay,2025-08-01,0,10836},,,
Order Complete (App),,ruby_5,55000,17,건호최고,325,GooglePlay,2025-07-17,178200,213},,,
Order Complete (App),,ruby_3,11000,4,오비이락,119,GooglePlay,2025-07-30,7700,4267},,,
Order Complete (App),,ads_remove,7700,1,HALO111,8,GooglePlay,2025-08-02,0,99999999},,,
Order Complete (App),,ruby_4,33000,15,찌노,253,GooglePlay,2025-07-19,7700,1085},,,
Order Complete (App),,ruby_2,6600,7,흐잉련,118,GooglePlay,2025-07-27,7700,4358},,,
Order Complete (App),,ruby_2,6600,13,난킬,234,GooglePlay,2025-07-19,14300,1694},,,
Order Complete (App),,ruby_6,110000,7,집안구석,286,GooglePlay,2025-07-27,425700,423},,,
Order Complete (App),,ruby_2,6600,8,돈쓰나미,111,GooglePlay,2025-07-26,7700,4951},,,
Order Complete (App),,ads_remove,7700,1,정윤석,13,GooglePlay,2025-08-02,0,99999999},,,
Order Complete (App),,ruby_6,110000,7,집안구석,286,GooglePlay,2025-07-27,425700,627},,,
Order Complete (App),,ruby_6,110000,7,집안구석,286,GooglePlay,2025-07-27,205700,627},,,
Order Complete (App),,ads_remove,7700,1,주즈,9,GooglePlay,2025-08-02,0,99999999},,,
Order Complete (App),,ruby_3,11000,1,블랙커피,24,GooglePlay,2025-08-02,0,13902},,,
Order Complete (App),,ruby_3,11000,1,검고마,26,GooglePlay,2025-08-02,0,13902},,,
Order Complete (App),,ruby_2,6600,2,하늘길,88,GooglePlay,2025-08-01,11000,6463},,,
Order Complete (App),,ads_remove,7700,1,남자예절,47,GooglePlay,2025-08-01,0,13891},,,
Order Complete (App),,ruby_3,11000,11,장수척준경,285,GooglePlay,2025-07-22,55000,483},,,
Order Complete (App),,ruby_4,33000,3,정비왕조정비,116,GooglePlay,2025-07-31,26400,4523},,,
Order Complete (App),,ruby_4,33000,3,일지로문득이,116,GooglePlay,2025-07-31,7700,4602},,,
Order Complete (App),,ruby_3,11000,11,장수척준경,285,GooglePlay,2025-07-22,55000,483},,,
Order Complete (App),,ruby_3,11000,11,장수척준경,285,GooglePlay,2025-07-22,33000,483},,,
Order Complete (App),,ruby_3,11000,11,누나좋아,292,GooglePlay,2025-07-22,389400,320},,,
Order Complete (App),,ads_remove,7700,1,도하유니,11,GooglePlay,2025-08-02,0,99999999},,,
Order Complete (App),,ruby_1,1100,7,길몬,139,GooglePlay,2025-07-26,7700,3807},,,
Order Complete (App),,ruby_2,6600,7,길몬,139,GooglePlay,2025-07-26,0,3807},,,
Order Complete (App),,ruby_4,33000,14,한료타,280,GooglePlay,2025-07-20,46200,568},,,
Order Complete (App),,ads_remove,7700,1,이식,4,GooglePlay,2025-08-02,0,99999999},,,
Order Complete (App),,ruby_1,1100,16,제네럴이순신,285,GooglePlay,2025-07-18,33000,481},,,
Order Complete (App),,ruby_1,1100,16,제네럴이순신,285,GooglePlay,2025-07-18,33000,481},,,
Order Complete (App),,ruby_1,1100,16,제네럴이순신,285,GooglePlay,2025-07-18,31900,481},,,
Order Complete (App),,ruby_1,1100,16,제네럴이순신,285,GooglePlay,2025-07-18,29700,481},,,
Order Complete (App),,ruby_1,1100,16,제네럴이순신,285,GooglePlay,2025-07-18,27500,481},,,
Order Complete (App),,ads_remove,7700,1,벤야,18,GooglePlay,2025-08-01,0,99999999},,,
Order Complete (App),,ruby_2,6600,13,리둠,305,GooglePlay,2025-07-22,55000,269},,,
Order Complete (App),,ruby_3,11000,14,Nospoon,287,GooglePlay,2025-07-19,53900,407},,,
Order Complete (App),,ads_remove,7700,1,광구찌,14,GooglePlay,2025-08-01,0,99999999},,,
Order Complete (App),,ruby_2,6600,15,JMG,273,GooglePlay,2025-07-19,37400,645},,,
Order Complete (App),,ruby_4,33000,14,광따,366,GooglePlay,2025-07-20,320100,92},,,
Order Complete (App),,ruby_1,1100,13,리둠,305,GooglePlay,2025-07-22,53900,269},,,
Order Complete (App),,ads_remove,7700,1,제르비뉴,8,GooglePlay,2025-08-01,0,99999999},,,
Order Complete (App),,ads_remove,7700,1,퀙토마신,19,GooglePlay,2025-08-01,0,99999999},,,
Order Complete (App),,ruby_2,6600,6,진우서우,266,GooglePlay,2025-07-28,155100,932},,,
Order Complete (App),,ruby_4,33000,308,동행,1091,OneStore,2024-09-29,4084200,6},,,
Order Complete (App),,ads_remove,7700,1,하율이아빠,9,GooglePlay,2025-08-01,0,99999999},,,
Order Complete (App),,ruby_3,11000,6,진우서우,266,GooglePlay,2025-07-28,144100,932},,,
Order Complete (App),,ruby_6,110000,4,냉균,286,GooglePlay,2025-07-29,161700,529},,,
Order Complete (App),,ruby_3,11000,14,환상의섬,372,GooglePlay,2025-07-19,378400,84},,,
Order Complete (App),,ruby_2,6600,5,유원지스신,92,GooglePlay,2025-07-29,7700,5933},,,
Order Complete (App),,ruby_3,11000,1,하하아부지,25,GooglePlay,2025-08-01,0,13876},,,
Order Complete (App),,ads_remove,7700,1,메탈리퍼,11,OneStore,2025-08-01,7700,99999999},,,
Order Complete (App),,ads_remove,7700,1,조공왕,14,GooglePlay,2025-08-01,0,99999999},,,
Order Complete (App),,ruby_3,11000,14,환상의섬,372,GooglePlay,2025-07-19,356400,84},,,
Order Complete (App),,ads_remove,7700,1,홍제,43,GooglePlay,2025-08-01,0,11037},,,
Order Complete (App),,ruby_1,1100,3,청담역,61,OneStore,2025-07-31,7700,10293},,,
Order Complete (App),,ruby_2,6600,3,청담역,61,OneStore,2025-07-31,6600,10293},,,
Order Complete (App),,ads_remove,7700,1,어이가없네,33,GooglePlay,2025-08-01,0,13865},,,
Order Complete (App),,ruby_2,6600,15,김죠,306,GooglePlay,2025-07-19,245300,253},,,
Order Complete (App),,ruby_1,1100,10,DogFire,172,GooglePlay,2025-07-24,7700,3106},,,
Order Complete (App),,ruby_2,6600,10,DogFire,172,GooglePlay,2025-07-24,0,3106},,,
Order Complete (App),,ruby_5,55000,15,김죠,306,GooglePlay,2025-07-19,190300,253},,,
Order Complete (App),,ruby_1,1100,16,제네럴이순신,276,GooglePlay,2025-07-18,27500,564},,,
Order Complete (App),,ruby_1,1100,16,제네럴이순신,276,GooglePlay,2025-07-18,25300,564},,,
Order Complete (App),,ads_remove,7700,2,민정,64,GooglePlay,2025-08-01,0,8319},,,
Order Complete (App),,ruby_2,6600,16,제네럴이순신,276,GooglePlay,2025-07-18,25300,564},,,
Order Complete (App),,ruby_3,11000,16,제네럴이순신,276,GooglePlay,2025-07-18,7700,564},,,
Order Complete (App),,ads_remove,7700,1,로아당,7,GooglePlay,2025-08-01,0,99999999},,,
Order Complete (App),,ruby_2,6600,5,우춘돌,88,GooglePlay,2025-07-27,7700,6003},,,
Order Complete (App),,ruby_3,11000,15,쫑쫑이,282,GooglePlay,2025-07-19,45100,508},,,
Order Complete (App),,ruby_6,110000,15,절대무적,425,GooglePlay,2025-07-18,537900,42},,,
Order Complete (App),,ruby_4,33000,8,러브유애나,136,GooglePlay,2025-07-25,7700,3766},,,
Order Complete (App),,ruby_3,11000,12,게실염,260,GooglePlay,2025-07-21,80300,1130},,,
Order Complete (App),,ruby_2,6600,14,초슈익,269,GooglePlay,2025-07-19,14300,687},,,
Order Complete (App),,ruby_4,33000,13,반달,259,GooglePlay,2025-07-20,7700,992},,,
Order Complete (App),,ruby_1,1100,10,랄라링,271,GooglePlay,2025-07-24,22000,642},,,
Order Complete (App),,ruby_1,1100,10,랄라링,271,GooglePlay,2025-07-24,22000,642},,,
Order Complete (App),,ruby_1,1100,10,랄라링,271,GooglePlay,2025-07-24,18700,642},,,
Order Complete (App),,ruby_3,11000,10,랄라링,271,GooglePlay,2025-07-24,7700,642},,,
Order Complete (App),,ruby_4,33000,18,연우파파,336,GooglePlay,2025-07-16,262900,153},,,
Order Complete (App),,ruby_4,33000,5,누기부기,128,GooglePlay,2025-07-28,11000,4335},,,
Order Complete (App),,ads_remove,7700,1,나노머신,4,GooglePlay,2025-08-01,0,99999999},,,
Order Complete (App),,ruby_3,11000,2,도라에몽표류기,118,GooglePlay,2025-08-01,36300,4577},,,
Order Complete (App),,ruby_3,11000,2,도라에몽표류기,118,GooglePlay,2025-08-01,14300,4577},,,
Order Complete (App),,ruby_3,11000,14,태굥,283,GooglePlay,2025-07-19,29700,505},,,
Order Complete (App),,ruby_2,6600,14,하리보소주맛,306,GooglePlay,2025-07-20,27500,243},,,
Order Complete (App),,ruby_2,6600,7,Navyy,147,GooglePlay,2025-07-27,0,3614},,,
Order Complete (App),,ruby_3,11000,15,물긷는아낙네,323,GooglePlay,2025-07-19,168300,209},,,
Order Complete (App),,ruby_5,55000,7,A파도,444,GooglePlay,2025-07-27,1529000,33},,,
Order Complete (App),,ads_remove,7700,1,최녕락,24,GooglePlay,2025-08-01,0,13859},,,
Order Complete (App),,ruby_2,6600,8,톰머,209,GooglePlay,2025-07-26,7700,2355},,,
Order Complete (App),,ruby_6,110000,15,leonso,548,GooglePlay,2025-07-19,4033700,10},,,
Order Complete (App),,ads_remove,7700,2,솔리로퀴,76,GooglePlay,2025-08-01,0,7477},,,
Order Complete (App),,ruby_5,55000,11,무식한놈,250,OneStore,2025-07-23,62700,1155},,,
Order Complete (App),,ruby_1,1100,8,제2천마,236,GooglePlay,2025-07-27,118800,1666},,,
Order Complete (App),,ruby_1,1100,8,제2천마,236,GooglePlay,2025-07-27,117700,1666},,,
Order Complete (App),,ruby_2,6600,8,제2천마,236,GooglePlay,2025-07-27,110000,1666},,,
Order Complete (App),,ruby_6,110000,6,o해요,201,GooglePlay,2025-07-28,231000,2442},,,
Order Complete (App),,ruby_4,33000,1,영쟈굳,29,GooglePlay,2025-08-01,7700,13510},,,
Order Complete (App),,ruby_1,1100,8,제2천마,233,GooglePlay,2025-07-27,108900,1664},,,
Order Complete (App),,ruby_5,55000,8,제2천마,233,GooglePlay,2025-07-27,53900,1664},,,
Order Complete (App),,ruby_3,11000,2,혜정아,55,GooglePlay,2025-07-29,7700,12645},,,
Order Complete (App),,ads_remove,7700,1,Tefa,4,GooglePlay,2025-08-01,0,99999999},,,
Order Complete (App),,ads_remove,7700,1,영쟈굳,5,GooglePlay,2025-08-01,0,99999999},,,
Order Complete (App),,ruby_3,11000,8,궁디팡,276,GooglePlay,2025-07-26,146300,746},,,
Order Complete (App),,ruby_5,55000,15,지남샘,347,GooglePlay,2025-07-18,259600,113},,,
Order Complete (App),,ruby_4,33000,11,누나좋아,287,GooglePlay,2025-07-22,356400,383},,,
Order Complete (App),,ruby_3,11000,17,쩰리,291,GooglePlay,2025-07-16,15400,349},,,
Order Complete (App),,ruby_3,11000,15,개근남,447,GooglePlay,2025-07-18,812900,27},,,
Order Complete (App),,ruby_2,6600,17,쩰리,289,GooglePlay,2025-07-16,8800,411},,,
Order Complete (App),,ruby_4,33000,16,5456486,242,GooglePlay,2025-07-17,11000,1488},,,
Order Complete (App),,ruby_2,6600,1,아라가라가,92,GooglePlay,2025-08-01,14300,5635},,,
Order Complete (App),,ruby_2,6600,1,아라가라가,91,GooglePlay,2025-08-01,7700,5875},,,
Order Complete (App),,ruby_3,11000,16,뭘봐이거,241,GooglePlay,2025-07-18,7700,1487},,,
Order Complete (App),,ruby_3,11000,6,산연,171,GooglePlay,2025-07-21,11000,3088},,,
Order Complete (App),,ruby_3,11000,7,삥땡,188,GooglePlay,2025-07-26,7700,2663},,,
Order Complete (App),,ruby_4,33000,6,노이v,196,GooglePlay,2025-07-27,18700,2418},,,
Order Complete (App),,ads_remove,7700,1,꽃사랑2,5,GooglePlay,2025-08-01,0,99999999},,,
Order Complete (App),,ruby_3,11000,6,노이v,195,GooglePlay,2025-07-27,7700,2418},,,
Order Complete (App),,ruby_1,1100,16,아즈,331,GooglePlay,2025-07-18,170500,169},,,
Order Complete (App),,ruby_1,1100,16,아즈,331,GooglePlay,2025-07-18,168300,169},,,
Order Complete (App),,ruby_2,6600,16,아즈,331,GooglePlay,2025-07-18,161700,169},,,
Order Complete (App),,ruby_3,11000,4,이야이,273,OneStore,2025-07-30,325600,653},,,
Order Complete (App),,ruby_4,33000,4,이야이,266,OneStore,2025-07-30,314600,1297},,,
Order Complete (App),,ruby_3,11000,4,이야이,266,OneStore,2025-07-30,281600,1297},,,
Order Complete (App),,ads_remove,7700,1,윤서아빠,8,GooglePlay,2025-08-01,0,99999999},,,
Order Complete (App),,ruby_5,55000,4,이야이,266,OneStore,2025-07-30,270600,1297},,,
Order Complete (App),,ruby_2,6600,7,꼬치쓰,225,GooglePlay,2025-07-27,35200,2069},,,
Order Complete (App),,ruby_4,33000,15,복마니1,306,GooglePlay,2025-07-18,183700,269},,,
Order Complete (App),,ruby_3,11000,16,비련,332,GooglePlay,2025-07-18,61600,168},,,
Order Complete (App),,ruby_3,11000,4,이야이,257,OneStore,2025-07-30,215600,1297},,,
Order Complete (App),,ruby_1,1100,1,martney,65,GooglePlay,2025-08-01,7700,9316},,,
Order Complete (App),,ads_remove,7700,1,논뚜렁이,12,GooglePlay,2025-08-01,0,99999999},,,
Order Complete (App),,ruby_2,6600,2,룩엣츄,43,GooglePlay,2025-08-01,7700,11015},,,
Order Complete (App),,ruby_1,1100,2,룩엣츄,43,GooglePlay,2025-08-01,0,11015},,,
Order Complete (App),,ads_remove,7700,1,수아28,25,GooglePlay,2025-08-01,0,13832},,,
Order Complete (App),,ruby_3,11000,13,허요허요,306,GooglePlay,2025-07-21,141900,243},,,
Order Complete (App),,ruby_2,6600,7,허어어니,254,GooglePlay,2025-07-27,71500,1043},,,
Order Complete (App),,ruby_3,11000,3,술먹던천사,118,GooglePlay,2025-07-31,7700,4558},,,
Order Complete (App),,ads_remove,7700,1,랄부,18,GooglePlay,2025-08-01,0,99999999},,,
Order Complete (App),,ruby_3,11000,13,허요허요,305,GooglePlay,2025-07-21,130900,254},,,
Order Complete (App),,ads_remove,7700,3,술먹던천사,116,GooglePlay,2025-07-31,0,4558},,,
Order Complete (App),,ruby_1,1100,7,꼬치쓰,216,GooglePlay,2025-07-27,35200,2094},,,
Order Complete (App),,ruby_1,1100,7,꼬치쓰,216,GooglePlay,2025-07-27,33000,2094},,,
Order Complete (App),,ruby_3,11000,5,유진킴,194,GooglePlay,2025-07-29,61600,2863},,,
Order Complete (App),,ruby_5,55000,14,구름꽃,298,GooglePlay,2025-07-20,106700,273},,,
Order Complete (App),,ruby_1,1100,5,유진킴,180,GooglePlay,2025-07-29,61600,2863},,,
Order Complete (App),,ruby_3,11000,5,유진킴,180,GooglePlay,2025-07-29,49500,2863},,,
Order Complete (App),,ruby_2,6600,5,유린,151,OneStore,2025-07-29,51700,3361},,,
Order Complete (App),,ads_remove,7700,1,아라가라가,8,GooglePlay,2025-08-01,0,99999999},,,
Order Complete (App),,ads_remove,7700,1,명청,11,GooglePlay,2025-08-01,0,99999999},,,
Order Complete (App),,ruby_3,11000,5,유진킴,177,GooglePlay,2025-07-29,38500,2940},,,
Order Complete (App),,ruby_3,11000,15,비스트롱,346,GooglePlay,2025-07-19,7700,121},,,
Order Complete (App),,ruby_6,110000,13,럭키스트라이크,490,OneStore,2025-07-21,1378300,14},,,
Order Complete (App),,ads_remove,7700,1,DAYA,4,GooglePlay,2025-08-01,0,99999999},,,
Order Complete (App),,ruby_5,55000,13,아기왕자,279,GooglePlay,2025-07-21,201300,664},,,
Order Complete (App),,ruby_3,11000,13,허요허요,301,GooglePlay,2025-07-21,119900,254},,,
Order Complete (App),,ruby_3,11000,7,아기민돌,229,GooglePlay,2025-07-27,36300,1794},,,
Order Complete (App),,ruby_2,6600,7,아기민돌,229,GooglePlay,2025-07-27,29700,1794},,,
Order Complete (App),,ads_remove,7700,1,martney,33,GooglePlay,2025-08-01,0,13305},,,
Order Complete (App),,ruby_3,11000,15,홍만춘,346,GooglePlay,2025-07-19,363000,121},,,
Order Complete (App),,ads_remove,7700,1,snoww,5,GooglePlay,2025-08-01,0,99999999},,,
Order Complete (App),,ads_remove,7700,1,혼소,24,GooglePlay,2025-08-01,0,13812},,,
Order Complete (App),,ruby_5,55000,13,아기왕자,271,GooglePlay,2025-07-21,146300,664},,,
Order Complete (App),,ruby_2,6600,5,맹자,145,GooglePlay,2025-07-28,7700,4061},,,
Order Complete (App),,ruby_2,6600,10,서준아빠,245,GooglePlay,2025-07-22,16500,1624},,,
Order Complete (App),,ruby_6,110000,3,마듀,95,GooglePlay,2025-07-31,7700,5141},,,
Order Complete (App),,ads_remove,7700,3,카신,89,GooglePlay,2025-07-31,0,5896},,,
Order Complete (App),,ads_remove,7700,1,진월화,10,GooglePlay,2025-08-01,0,99999999},,,
Order Complete (App),,ruby_1,1100,16,hjjgf,231,GooglePlay,2025-07-18,6600,1814},,,
Order Complete (App),,ruby_2,6600,16,hjjgf,231,GooglePlay,2025-07-18,0,1814},,,
Order Complete (App),,ruby_3,11000,4,코리아se스머신,192,GooglePlay,2025-07-30,150700,2479},,,
Order Complete (App),,ruby_3,11000,16,방랑검객,354,OneStore,2025-07-17,144100,101},,,
Order Complete (App),,ads_remove,7700,1,Dog,5,GooglePlay,2025-08-01,0,99999999},,,
Order Complete (App),,ruby_4,33000,8,길동사마,226,GooglePlay,2025-07-26,18700,1913},,,
Order Complete (App),,ruby_4,33000,14,헤롱이,327,GooglePlay,2025-07-20,403700,179},,,
Order Complete (App),,ruby_1,1100,10,서준아빠,235,GooglePlay,2025-07-22,16500,1624},,,
Order Complete (App),,ruby_1,1100,10,서준아빠,235,GooglePlay,2025-07-22,14300,1624},,,
Order Complete (App),,ruby_3,11000,13,일어난오리,283,GooglePlay,2025-07-20,30800,482},,,
Order Complete (App),,ruby_3,11000,7,스과,257,GooglePlay,2025-07-27,56100,977},,,
Order Complete (App),,ruby_2,6600,7,아루맘,322,GooglePlay,2025-07-26,183700,211},,,
Order Complete (App),,ads_remove,7700,2,우리민,41,GooglePlay,2025-08-01,0,11288},,,
Order Complete (App),,ruby_4,33000,17,천하난세,546,GooglePlay,2025-07-16,1760000,11},,,
Order Complete (App),,ads_remove,7700,1,갓준,9,GooglePlay,2025-08-01,0,99999999},,,
Order Complete (App),,ads_remove,7700,2,용안,46,GooglePlay,2025-07-31,0,10567},,,
Order Complete (App),,ruby_1,1100,8,소인은,268,GooglePlay,2025-07-26,385000,689},,,
Order Complete (App),,ruby_4,33000,4,이야이,242,OneStore,2025-07-30,204600,1444},,,
Order Complete (App),,ruby_2,6600,9,빠따로삼국통일,149,GooglePlay,2025-07-25,7700,3417},,,
Order Complete (App),,ruby_1,1100,13,기린아,291,GooglePlay,2025-07-21,35200,304},,,
Order Complete (App),,ruby_1,1100,13,기린아,291,GooglePlay,2025-07-21,34100,304},,,
Order Complete (App),,ads_remove,7700,1,수지짱,5,GooglePlay,2025-08-01,0,99999999},,,
Order Complete (App),,ads_remove,7700,1,뇽뇽어멈,11,GooglePlay,2025-08-01,0,99999999},,,
Order Complete (App),,ruby_3,11000,16,JJJ0738,550,GooglePlay,2025-07-18,2201100,9},,,
Order Complete (App),,ruby_6,110000,13,베노미,370,OneStore,2025-07-21,666600,77},,,
Order Complete (App),,ads_remove,7700,2,부릅,48,GooglePlay,2025-08-01,0,10358},,,
Order Complete (App),,ruby_4,33000,12,타난,326,GooglePlay,2025-07-21,157300,187},,,
Order Complete (App),,ads_remove,7700,1,망고스틴,46,GooglePlay,2025-08-01,0,10751},,,
Order Complete (App),,ads_remove,7700,1,한국소드마스터,22,GooglePlay,2025-08-01,0,99999999},,,
Order Complete (App),,ruby_1,1100,16,서지니야,272,OneStore,2025-07-17,118800,592},,,
Order Complete (App),,ruby_2,6600,8,이지대장,266,GooglePlay,2025-07-25,75900,782},,,
Order Complete (App),,ruby_4,33000,9,덕덕,231,GooglePlay,2025-07-23,40700,1694},,,
Order Complete (App),,ruby_3,11000,11,보보부복,286,GooglePlay,2025-07-22,157300,399},,,
Order Complete (App),,ads_remove,7700,3,성난곰탱이,97,GooglePlay,2025-07-29,0,5037},,,
Order Complete (App),,ruby_3,11000,13,사몬,246,GooglePlay,2025-07-19,62700,1323},,,
Order Complete (App),,ruby_3,11000,13,사몬,246,GooglePlay,2025-07-19,51700,1323},,,
Order Complete (App),,ruby_2,6600,2,은홍,91,GooglePlay,2025-07-30,7700,5596},,,
Order Complete (App),,ruby_3,11000,16,틸라스,425,GooglePlay,2025-07-17,1043900,41},,,
Order Complete (App),,ruby_6,110000,16,틸라스,425,GooglePlay,2025-07-17,933900,41},,,
Order Complete (App),,ruby_4,33000,16,103,367,GooglePlay,2025-07-17,409200,84},,,
Order Complete (App),,ads_remove,7700,1,노노니,36,GooglePlay,2025-08-01,0,13417},,,
Order Complete (App),,ruby_6,110000,16,틸라스,425,GooglePlay,2025-07-17,823900,41},,,
Order Complete (App),,ruby_4,33000,3,마늘쫑,213,GooglePlay,2025-07-30,161700,2140},,,
Order Complete (App),,ads_remove,7700,2,베요네즈,48,GooglePlay,2025-07-31,0,10815},,,
Order Complete (App),,ads_remove,7700,1,나는새,10,GooglePlay,2025-08-01,0,99999999},,,
Order Complete (App),,ruby_3,11000,1,허밋,45,GooglePlay,2025-08-01,0,10825},,,
Order Complete (App),,ruby_4,33000,2,이만냥,131,GooglePlay,2025-07-30,9900,3836},,,
Order Complete (App),,ruby_2,6600,3,후조,175,GooglePlay,2025-07-29,7700,2993},,,
Order Complete (App),,ruby_3,11000,2,천망,69,GooglePlay,2025-07-31,0,7428},,,
Order Complete (App),,ads_remove,7700,1,호르바,45,GooglePlay,2025-08-01,0,12214},,,
Order Complete (App),,ruby_1,1100,1,민주니,43,GooglePlay,2025-08-01,7700,10948},,,
Order Complete (App),,ruby_2,6600,1,민주니,43,GooglePlay,2025-08-01,0,10948},,,
Order Complete (App),,ads_remove,7700,1,kjhkjh,7,GooglePlay,2025-08-01,0,99999999},,,
Order Complete (App),,ads_remove,7700,1,호장,8,GooglePlay,2025-08-01,0,99999999},,,
Order Complete (App),,ads_remove,7700,1,괴협,8,GooglePlay,2025-08-01,0,99999999},,,
Order Complete (App),,ads_remove,7700,1,야몽이,10,GooglePlay,2025-08-01,0,99999999},,,
Order Complete (App),,ruby_4,33000,7,아치발,191,GooglePlay,2025-07-26,7700,2463},,,
Order Complete (App),,ruby_4,33000,10,백두혈통,226,GooglePlay,2025-07-23,7700,1901},,,
Order Complete (App),,ads_remove,7700,1,뽀로로팍,4,GooglePlay,2025-08-01,0,99999999},,,
Order Complete (App),,ads_remove,7700,1,표상은,8,GooglePlay,2025-08-01,0,99999999},,,
Order Complete (App),,ruby_4,33000,1,용아치,91,OneStore,2025-08-01,66000,5592},,,
Order Complete (App),,ads_remove,7700,1,뽀리언니,9,GooglePlay,2025-08-01,0,99999999},,,
Order Complete (App),,ruby_5,55000,3,코리아se스머신,150,GooglePlay,2025-07-30,95700,3396},,,
Order Complete (App),,ads_remove,7700,1,서이현,8,GooglePlay,2025-08-01,0,99999999},,,
Order Complete (App),,ruby_6,110000,13,헤롱이,314,GooglePlay,2025-07-20,293700,219},,,
Order Complete (App),,ads_remove,7700,1,최무사,28,GooglePlay,2025-08-01,0,12597},,,
Order Complete (App),,ruby_4,33000,10,nerdy,249,GooglePlay,2025-07-23,249700,1489},,,
Order Complete (App),,ads_remove,7700,1,와따숑,8,GooglePlay,2025-08-01,0,99999999},,,
Order Complete (App),,ruby_2,6600,4,양승구,120,GooglePlay,2025-07-29,7700,4102},,,
Order Complete (App),,ruby_3,11000,8,기모찌맨,245,GooglePlay,2025-07-24,29700,1431},,,
Order Complete (App),,ruby_3,11000,10,누나좋아,286,GooglePlay,2025-07-22,345400,396},,,
Order Complete (App),,ruby_2,6600,6,옥수슝,76,GooglePlay,2025-07-26,0,6811},,,
Order Complete (App),,ruby_3,11000,6,아루맘,314,GooglePlay,2025-07-26,172700,218},,,
Order Complete (App),,ruby_3,11000,10,누나좋아,286,GooglePlay,2025-07-22,334400,396},,,
Order Complete (App),,ads_remove,7700,1,논셰,10,GooglePlay,2025-08-01,0,99999999},,,
Order Complete (App),,ads_remove,7700,1,미쓔아,4,GooglePlay,2025-08-01,0,99999999},,,
Order Complete (App),,ruby_6,110000,4,암부,461,GooglePlay,2025-07-29,1767700,25},,,
Order Complete (App),,ruby_6,110000,10,nerdy,242,GooglePlay,2025-07-23,139700,1489},,,
Order Complete (App),,ads_remove,7700,1,황상현,5,GooglePlay,2025-08-01,0,99999999},,,
Order Complete (App),,ruby_4,33000,2,체흐,32,GooglePlay,2025-07-31,0,12334},,,
Order Complete (App),,ads_remove,7700,1,균이,49,GooglePlay,2025-08-01,0,11689},,,
Order Complete (App),,ruby_6,110000,16,틸라스,382,GooglePlay,2025-07-17,823900,66},,,
Order Complete (App),,ruby_6,110000,16,틸라스,382,GooglePlay,2025-07-17,603900,66},,,
Order Complete (App),,ruby_5,55000,10,nerdy,229,GooglePlay,2025-07-23,84700,1836},,,
Order Complete (App),,ruby_5,55000,7,꿍도사,226,GooglePlay,2025-07-26,11000,1893},,,
Order Complete (App),,ruby_1,1100,16,맘바,352,GooglePlay,2025-07-17,210100,104},,,
Order Complete (App),,ruby_1,1100,16,맘바,352,GooglePlay,2025-07-17,207900,104},,,
Order Complete (App),,ruby_4,33000,16,맘바,352,GooglePlay,2025-07-17,174900,104},,,
Order Complete (App),,ruby_2,6600,16,틸라스,381,GooglePlay,2025-07-17,597300,66},,,
Order Complete (App),,ruby_6,110000,16,틸라스,381,GooglePlay,2025-07-17,487300,66},,,
Order Complete (App),,ruby_2,6600,2,흰준이,61,GooglePlay,2025-07-31,6600,8509},,,
Order Complete (App),,ads_remove,7700,1,치운,46,GooglePlay,2025-08-01,0,10496},,,
Order Complete (App),,ruby_1,1100,3,roki,226,GooglePlay,2025-07-30,137500,2192},,,
Order Complete (App),,ruby_4,33000,7,궁디팡,246,GooglePlay,2025-07-26,113300,1310},,,
Order Complete (App),,ruby_6,110000,13,짭서스,366,OneStore,2025-07-20,447700,89},,,
Order Complete (App),,ruby_6,110000,4,천상방랑자,76,GooglePlay,2025-07-29,73700,6953},,,
Order Complete (App),,ads_remove,7700,1,벚꽃망령,4,GooglePlay,2025-08-01,0,99999999},,,
Order Complete (App),,ruby_6,110000,16,지희88,321,GooglePlay,2025-07-17,174900,211},,,
Order Complete (App),,ruby_4,33000,14,개근남,447,GooglePlay,2025-07-18,779900,27},,,
Order Complete (App),,ruby_3,11000,13,김도영,258,GooglePlay,2025-07-20,7700,929},,,
Order Complete (App),,ruby_3,11000,8,키킴이,119,GooglePlay,2025-07-17,0,4434},,,
Order Complete (App),,ruby_4,33000,3,roki,210,GooglePlay,2025-07-30,104500,2192},,,
Order Complete (App),,ruby_2,6600,1,가정주부,130,GooglePlay,2025-08-01,73700,3871},,,
Order Complete (App),,ruby_4,33000,7,yad,315,GooglePlay,2025-07-26,258500,215},,,
Order Complete (App),,ruby_2,6600,7,yad,315,GooglePlay,2025-07-26,251900,215},,,
Order Complete (App),,ruby_4,33000,16,맘바,350,OneStore,2025-07-17,174900,110},,,
Order Complete (App),,ruby_3,11000,7,yad,315,GooglePlay,2025-07-26,240900,215},,,
Order Complete (App),,ruby_3,11000,12,리둠,296,GooglePlay,2025-07-22,42900,257},,,
Order Complete (App),,ruby_3,11000,1,가정주부,126,GooglePlay,2025-08-01,62700,3968},,,
Order Complete (App),,ruby_4,33000,9,카리스마행,230,GooglePlay,2025-07-24,29700,1779},,,
Order Complete (App),,ruby_4,33000,3,이야이,185,OneStore,2025-07-30,171600,2719},,,
Order Complete (App),,ruby_5,55000,1,가정주부,125,GooglePlay,2025-08-01,7700,3995},,,
Order Complete (App),,ruby_5,55000,3,이야이,185,OneStore,2025-07-30,138600,2719},,,
Order Complete (App),,ruby_3,11000,14,uj,386,GooglePlay,2025-07-18,575300,63},,,
Order Complete (App),,ruby_3,11000,15,방귀꾼,318,GooglePlay,2025-07-18,202400,209},,,
Order Complete (App),,ruby_2,6600,15,세이러브,287,GooglePlay,2025-07-18,73700,381},,,
Order Complete (App),,ads_remove,7700,1,watts,24,GooglePlay,2025-07-30,0,13019},,,
Order Complete (App),,ruby_3,11000,4,제근,118,GooglePlay,2025-07-29,18700,4255},,,
Order Complete (App),,ruby_2,6600,6,허어어니,248,GooglePlay,2025-07-27,64900,1209},,,
Order Complete (App),,ruby_6,110000,13,부릉부릉,752,OneStore,2025-07-20,5067700,2},,,
Order Complete (App),,ads_remove,7700,1,오옹홍,26,GooglePlay,2025-08-01,0,13699},,,
Order Complete (App),,ruby_3,11000,3,roki,201,GooglePlay,2025-07-30,93500,2265},,,
Order Complete (App),,ruby_1,1100,2,레전드2838,101,GooglePlay,2025-07-31,7700,4863},,,
Order Complete (App),,ruby_2,6600,2,레전드2838,101,GooglePlay,2025-07-31,0,4863},,,
Order Complete (App),,ruby_3,11000,3,이야이,176,OneStore,2025-07-30,83600,2898},,,
Order Complete (App),,ads_remove,7700,1,kim승원,7,GooglePlay,2025-08-01,0,99999999},,,
Order Complete (App),,ads_remove,7700,1,펜뷰,55,GooglePlay,2025-08-01,0,10891},,,
Order Complete (App),,ruby_6,110000,8,Lr비,326,GooglePlay,2025-07-25,242000,182},,,
Order Complete (App),,ruby_2,6600,6,아루맘,307,GooglePlay,2025-07-26,166100,228},,,
Order Complete (App),,ruby_3,11000,6,아루맘,307,GooglePlay,2025-07-26,155100,228},,,
Order Complete (App),,ruby_3,11000,16,지희88,305,GooglePlay,2025-07-17,163900,238},,,
Order Complete (App),,ruby_3,11000,16,지희88,305,GooglePlay,2025-07-17,152900,238},,,
Order Complete (App),,ruby_4,33000,16,지희88,305,GooglePlay,2025-07-17,119900,238},,,
Order Complete (App),,ruby_4,33000,13,헤롱이,291,GooglePlay,2025-07-20,260700,295},,,
Order Complete (App),,ruby_2,6600,1,힝꾸,41,GooglePlay,2025-07-31,26400,11187},,,
Order Complete (App),,ruby_3,11000,1,힝꾸,41,GooglePlay,2025-07-31,15400,11187},,,
Order Complete (App),,ruby_4,33000,14,화염방구,347,GooglePlay,2025-07-19,319000,113},,,
Order Complete (App),,ruby_4,33000,10,nerdy,214,GooglePlay,2025-07-23,51700,2092},,,
Order Complete (App),,ruby_1,1100,10,애쉬,129,GooglePlay,2025-07-23,6600,3878},,,
Order Complete (App),,ads_remove,7700,1,스텔라아,14,GooglePlay,2025-08-01,0,99999999},,,
Order Complete (App),,ruby_2,6600,10,애쉬,129,GooglePlay,2025-07-23,0,3876},,,
Order Complete (App),,ruby_4,33000,7,조던,270,GooglePlay,2025-07-26,194700,667},,,
Order Complete (App),,ruby_3,11000,1,단태비,68,GooglePlay,2025-07-31,18700,7621},,,
Order Complete (App),,ruby_3,11000,1,단태비,68,GooglePlay,2025-07-31,7700,7621},,,
Order Complete (App),,ruby_2,6600,3,roki,195,GooglePlay,2025-07-30,86900,2342},,,
Order Complete (App),,ads_remove,7700,2,예준빠,83,GooglePlay,2025-07-31,0,6419},,,
Order Complete (App),,ruby_4,33000,7,디아란,273,GooglePlay,2025-07-26,415800,563},,,
Order Complete (App),,ruby_4,33000,2,옥지의빵빵이,267,GooglePlay,2025-07-31,370700,697},,,
Order Complete (App),,ruby_2,6600,7,디아란,273,GooglePlay,2025-07-26,409200,563},,,
Order Complete (App),,ruby_1,1100,6,김안축,193,GooglePlay,2025-07-27,27500,2377},,,
Order Complete (App),,ruby_1,1100,6,김안축,193,GooglePlay,2025-07-27,26400,2377},,,
Order Complete (App),,ruby_2,6600,6,김안축,193,GooglePlay,2025-07-27,25300,2377},,,
Order Complete (App),,ruby_3,11000,6,김안축,193,GooglePlay,2025-07-27,7700,2377},,,
Order Complete (App),,ads_remove,7700,1,행운유수,5,GooglePlay,2025-08-01,0,99999999},,,
Order Complete (App),,ads_remove,7700,1,평강공주,8,GooglePlay,2025-08-01,0,99999999},,,
Order Complete (App),,ruby_3,11000,3,이야이,151,OneStore,2025-07-30,72600,3302},,,
Order Complete (App),,ruby_4,33000,1,또땡겨,232,GooglePlay,2025-07-31,455400,1660},,,
Order Complete (App),,ruby_6,110000,1,또땡겨,232,GooglePlay,2025-07-31,312400,1660},,,
Order Complete (App),,ruby_1,1100,1,또땡겨,232,GooglePlay,2025-07-31,312400,1660},,,
Order Complete (App),,ruby_2,6600,1,또땡겨,232,GooglePlay,2025-07-31,304700,1660},,,
Order Complete (App),,ruby_3,11000,17,펜타닐,288,GooglePlay,2025-07-16,7700,337},,,
Order Complete (App),,ruby_4,33000,17,상처,730,GooglePlay,2025-07-16,3385800,3},,,
Order Complete (App),,ruby_5,55000,17,상처,730,GooglePlay,2025-07-16,3330800,3},,,
Order Complete (App),,ruby_1,1100,2,하곰탱,134,GooglePlay,2025-07-31,73700,4016},,,
Order Complete (App),,ads_remove,7700,1,이순신표류기,14,GooglePlay,2025-08-01,0,99999999},,,
Order Complete (App),,ruby_6,110000,14,드레옹,468,GooglePlay,2025-07-19,1283700,19},,,
Order Complete (App),,ruby_3,11000,2,갬성,114,GooglePlay,2025-07-31,37400,4512},,,
Order Complete (App),,ruby_4,33000,10,누나좋아,276,GooglePlay,2025-07-22,301400,731},,,
Order Complete (App),,ruby_3,11000,14,쟁요,400,GooglePlay,2025-07-19,489500,51},,,
Order Complete (App),,ruby_4,33000,14,쟁요,400,GooglePlay,2025-07-19,456500,51},,,
Order Complete (App),,ruby_3,11000,12,성도,260,GooglePlay,2025-07-21,62700,895},,,
Order Complete (App),,ads_remove,7700,2,블랙카드,24,GooglePlay,2025-07-31,0,13650},,,
Order Complete (App),,ruby_6,110000,5,o해요,151,GooglePlay,2025-07-28,121000,3580},,,
Order Complete (App),,ruby_2,6600,10,누나좋아,269,GooglePlay,2025-07-22,294800,731},,,
Order Complete (App),,ads_remove,7700,1,세상이야기,9,GooglePlay,2025-08-01,0,99999999},,,
Order Complete (App),,ruby_4,33000,1,쌈쟁이,78,GooglePlay,2025-07-31,51700,6645},,,
Order Complete (App),,ruby_2,6600,3,코리아se스머신,121,GooglePlay,2025-07-30,89100,4049},,,
Order Complete (App),,ads_remove,7700,1,명하백,5,GooglePlay,2025-08-01,0,99999999},,,
Order Complete (App),,ads_remove,7700,1,쿠우,51,GooglePlay,2025-08-01,0,13641},,,
Order Complete (App),,ruby_4,33000,10,국뿅,365,GooglePlay,2025-07-23,331100,91},,,
Order Complete (App),,ruby_3,11000,15,기풍한1,268,GooglePlay,2025-07-17,33000,690},,,
Order Complete (App),,ruby_3,11000,1,쿠로아키,24,GooglePlay,2025-08-01,0,13643},,,
Order Complete (App),,ads_remove,7700,2,하네짱,70,GooglePlay,2025-07-30,0,7366},,,
Order Complete (App),,ruby_1,1100,15,기풍한1,268,GooglePlay,2025-07-17,31900,690},,,
Order Complete (App),,ruby_2,6600,15,기풍한1,268,GooglePlay,2025-07-17,25300,690},,,
Order Complete (App),,ruby_4,33000,14,쟁요,392,GooglePlay,2025-07-19,423500,51},,,
Order Complete (App),,ruby_3,11000,15,명돌이,220,GooglePlay,2025-07-17,14300,1979},,,
Order Complete (App),,ruby_4,33000,5,독립,136,GooglePlay,2025-07-28,0,3661},,,
Order Complete (App),,ruby_5,55000,11,금수,233,GooglePlay,2025-07-20,7700,1753},,,
Order Complete (App),,ruby_5,55000,10,누나좋아,266,GooglePlay,2025-07-22,239800,731},,,
Order Complete (App),,ads_remove,7700,1,피터마론,7,GooglePlay,2025-08-01,0,99999999},,,
Order Complete (App),,ruby_2,6600,3,재니33,90,GooglePlay,2025-07-30,7700,5779},,,
Order Complete (App),,ads_remove,7700,1,글라쎄,7,GooglePlay,2025-08-01,0,99999999},,,
Order Complete (App),,ads_remove,7700,1,백천야화,7,GooglePlay,2025-08-01,0,99999999},,,
Order Complete (App),,ruby_3,11000,16,윤관,345,GooglePlay,2025-07-17,133100,120},,,
Order Complete (App),,ruby_1,1100,3,이야이,147,OneStore,2025-07-30,61600,4041},,,
Order Complete (App),,ruby_3,11000,13,초코야놀자2,286,GooglePlay,2025-07-19,117700,386},,,
Order Complete (App),,ruby_2,6600,3,얼죽뱅,119,GooglePlay,2025-07-30,14300,4217},,,
Order Complete (App),,ads_remove,7700,1,쵼이,8,GooglePlay,2025-08-01,0,99999999},,,
Order Complete (App),,ads_remove,7700,2,쿵후팬더,83,GooglePlay,2025-07-31,0,6395},,,
Order Complete (App),,ruby_2,6600,3,이야이,121,OneStore,2025-07-30,60500,4041},,,
Order Complete (App),,ruby_4,33000,4,블랙릴,227,GooglePlay,2025-07-29,121000,2002},,,
Order Complete (App),,ruby_4,33000,14,고인물,280,GooglePlay,2025-07-19,63800,478},,,
Order Complete (App),,ads_remove,7700,1,EQBAmg,6,GooglePlay,2025-08-01,0,99999999},,,
Order Complete (App),,ruby_1,1100,13,광따,365,GooglePlay,2025-07-20,319000,89},,,
Order Complete (App),,ads_remove,7700,1,읭용,4,GooglePlay,2025-08-01,0,99999999},,,
Order Complete (App),,ruby_2,6600,1,김용덕,132,GooglePlay,2025-07-31,128700,3869},,,
Order Complete (App),,ruby_2,6600,15,심대표,370,GooglePlay,2025-07-18,278300,75},,,
Order Complete (App),,ruby_2,6600,2,정비왕조정비,93,GooglePlay,2025-07-31,19800,5507},,,
Order Complete (App),,ruby_1,1100,2,정비왕조정비,93,GooglePlay,2025-07-31,18700,5507},,,
Order Complete (App),,ruby_3,11000,2,온율,77,GooglePlay,2025-07-31,29700,8227},,,
Order Complete (App),,ads_remove,7700,1,루바토,43,GooglePlay,2025-07-31,0,11774},,,
Order Complete (App),,ruby_3,11000,15,줸줸,387,GooglePlay,2025-07-18,304700,56},,,
Order Complete (App),,ruby_3,11000,2,온율,77,GooglePlay,2025-07-31,18700,8227},,,
Order Complete (App),,ruby_5,55000,1,하늘천사,92,GooglePlay,2025-07-31,95700,5333},,,
Order Complete (App),,ruby_3,11000,2,알로아오에,95,GooglePlay,2025-07-30,29700,5105},,,
Order Complete (App),,ruby_3,11000,2,알로아오에,95,GooglePlay,2025-07-30,7700,5105},,,
Order Complete (App),,ruby_3,11000,3,냉균,271,GooglePlay,2025-07-29,150700,686},,,
Order Complete (App),,ruby_1,1100,5,행백이,250,GooglePlay,2025-07-28,115500,1147},,,
Order Complete (App),,ruby_1,1100,5,행백이,250,GooglePlay,2025-07-28,113300,1147},,,
Order Complete (App),,ruby_6,110000,4,암부,450,GooglePlay,2025-07-29,1657700,26},,,
Order Complete (App),,ads_remove,7700,1,아라아빠,6,GooglePlay,2025-08-01,0,99999999},,,
Order Complete (App),,ruby_2,6600,3,roki,189,GooglePlay,2025-07-30,80300,2492},,,
Order Complete (App),,ruby_3,11000,1,김용덕,78,GooglePlay,2025-07-31,128700,6840},,,
Order Complete (App),,ruby_5,55000,1,김용덕,78,GooglePlay,2025-07-31,62700,6840},,,
Order Complete (App),,ads_remove,7700,1,류향,6,GooglePlay,2025-08-01,0,99999999},,,
Order Complete (App),,ruby_5,55000,1,김용덕,78,GooglePlay,2025-07-31,7700,6840},,,
Order Complete (App),,ruby_4,33000,6,Realize,250,GooglePlay,2025-07-27,226600,1115},,,
Order Complete (App),,ruby_4,33000,6,Realize,250,GooglePlay,2025-07-27,193600,1115},,,
Order Complete (App),,ads_remove,7700,1,가정주부,8,GooglePlay,2025-08-01,0,99999999},,,
Order Complete (App),,ruby_5,55000,12,콩쥐,355,GooglePlay,2025-07-21,271700,103},,,
Order Complete (App),,ruby_6,110000,18,쿠빈,370,GooglePlay,2025-07-15,568700,1290},,,
Order Complete (App),,ruby_3,11000,7,유케이,264,GooglePlay,2025-07-26,77000,835},,,
Order Complete (App),,ads_remove,7700,1,AnA,55,GooglePlay,2025-07-31,0,9061},,,
Order Complete (App),,ads_remove,7700,4,무장마차,91,GooglePlay,2025-07-29,0,5511},,,
Order Complete (App),,ruby_3,11000,13,초코야놀자2,286,GooglePlay,2025-07-19,106700,382},,,
Order Complete (App),,ads_remove,7700,1,부재중,5,GooglePlay,2025-08-01,0,99999999},,,
Order Complete (App),,ads_remove,7700,1,이츠크,20,GooglePlay,2025-08-01,0,99999999},,,
Order Complete (App),,ads_remove,7700,1,임태산,4,GooglePlay,2025-08-01,0,99999999},,,
Order Complete (App),,ads_remove,7700,1,쑥쓰,4,GooglePlay,2025-08-01,0,99999999},,,
Order Complete (App),,ruby_3,11000,2,손도이,101,GooglePlay,2025-07-31,7700,5094},,,
Order Complete (App),,ruby_2,6600,1,굴비사마,128,GooglePlay,2025-08-01,14300,4036},,,
Order Complete (App),,ruby_2,6600,9,qplaying,192,GooglePlay,2025-07-19,11000,2804},,,
Order Complete (App),,ruby_2,6600,4,제갈시온,173,GooglePlay,2025-07-29,15400,2930},,,
Order Complete (App),,ruby_4,33000,1,아스본,25,GooglePlay,2025-08-01,0,12922},,,
Order Complete (App),,ads_remove,7700,1,방준호,51,GooglePlay,2025-07-31,0,9779},,,
Order Complete (App),,ads_remove,7700,1,순크,51,GooglePlay,2025-08-01,0,11026},,,
Order Complete (App),,ruby_4,33000,1,하늘천사,85,GooglePlay,2025-07-31,62700,7230},,,
Order Complete (App),,ruby_2,6600,1,도라에몽표류기,84,GooglePlay,2025-08-01,7700,6292},,,
Order Complete (App),,ruby_3,11000,4,진영도령,186,GooglePlay,2025-07-29,31900,2620},,,
Order Complete (App),,ads_remove,7700,1,곽춘삼,5,GooglePlay,2025-08-01,0,99999999},,,
Order Complete (App),,ads_remove,7700,1,일광,55,GooglePlay,2025-08-01,0,9056},,,
Order Complete (App),,ads_remove,7700,1,핸섬,4,GooglePlay,2025-08-01,0,99999999},,,
Order Complete (App),,ads_remove,7700,1,모사불라,9,GooglePlay,2025-08-01,0,99999999},,,
Order Complete (App),,ruby_4,33000,6,후라이드참새,244,GooglePlay,2025-07-27,150700,1353},,,
Order Complete (App),,ruby_2,6600,1,굴비사마,59,GooglePlay,2025-08-01,7700,11127},,,
Order Complete (App),,ruby_1,1100,8,무르무르,273,GooglePlay,2025-07-25,44000,551},,,
Order Complete (App),,ruby_1,1100,8,무르무르,273,GooglePlay,2025-07-25,41800,551},,,
Order Complete (App),,ruby_2,6600,8,무르무르,273,GooglePlay,2025-07-25,35200,551},,,
Order Complete (App),,ruby_1,1100,8,무르무르,273,GooglePlay,2025-07-25,34100,551},,,
Order Complete (App),,ads_remove,7700,2,호동지동,47,GooglePlay,2025-07-31,0,12112},,,
Order Complete (App),,ads_remove,7700,1,유누유리,36,GooglePlay,2025-08-01,0,12212},,,
Order Complete (App),,ruby_1,1100,1,치티,116,GooglePlay,2025-07-31,51700,4438},,,
Order Complete (App),,ruby_2,6600,1,치티,116,GooglePlay,2025-07-31,44000,4438},,,
Order Complete (App),,ads_remove,7700,1,조선호걸,8,GooglePlay,2025-08-01,0,99999999},,,
Order Complete (App),,ads_remove,7700,1,오오유됴,55,GooglePlay,2025-08-01,0,10064},,,
Order Complete (App),,ruby_3,11000,15,딱쎄,376,GooglePlay,2025-07-18,275000,66},,,
Order Complete (App),,ads_remove,7700,1,비실,7,GooglePlay,2025-08-01,0,99999999},,,
Order Complete (App),,ads_remove,7700,1,별따,4,GooglePlay,2025-08-01,0,99999999},,,
Order Complete (App),,ruby_1,1100,6,헤나,232,GooglePlay,2025-07-26,9900,1702},,,
Order Complete (App),,ruby_4,33000,16,건호최고,311,GooglePlay,2025-07-17,145200,214},,,
Order Complete (App),,ads_remove,7700,1,솔바,9,GooglePlay,2025-08-01,0,99999999},,,
Order Complete (App),,ruby_3,11000,2,정비왕조정비,91,GooglePlay,2025-07-31,7700,6413},,,
Order Complete (App),,ruby_6,110000,1,또땡겨,206,GooglePlay,2025-07-31,194700,2201},,,
Order Complete (App),,ruby_4,33000,1,용아치,52,GooglePlay,2025-08-01,0,9752},,,
Order Complete (App),,ads_remove,7700,1,멤피스,4,GooglePlay,2025-08-01,0,99999999},,,
Order Complete (App),,ruby_1,1100,5,로마노,238,GooglePlay,2025-07-28,18700,1435},,,
Order Complete (App),,ruby_1,1100,6,아루맘,307,GooglePlay,2025-07-26,154000,216},,,
Order Complete (App),,ruby_3,11000,2,쿄쿄쿄쿄쿄,68,GooglePlay,2024-10-10,0,7507},,,
Order Complete (App),,ads_remove,7700,1,북조선동무,6,GooglePlay,2025-08-01,0,8189},,,
Order Complete (App),,ruby_3,11000,14,나냐,350,GooglePlay,2025-07-19,176000,103},,,
Order Complete (App),,ruby_3,11000,15,민들레옹,318,GooglePlay,2025-07-18,93500,201},,,
Order Complete (App),,ruby_3,11000,14,태백,388,GooglePlay,2025-07-18,510400,54},,,
Order Complete (App),,ads_remove,7700,1,디지고싶냐,4,GooglePlay,2025-08-01,0,99999999},,,
Order Complete (App),,ruby_3,11000,2,꾸이짱,93,GooglePlay,2025-07-31,7700,5167},,,
Order Complete (App),,ruby_4,33000,1,쌈쟁이,69,GooglePlay,2025-07-31,18700,7304},,,
Order Complete (App),,ruby_4,33000,4,일해라정차장,245,GooglePlay,2025-07-29,150700,1529},,,
Order Complete (App),,ads_remove,7700,1,밤섬표류기,4,GooglePlay,2025-08-01,0,99999999},,,
Order Complete (App),,ruby_1,1100,12,이건먼디,134,GooglePlay,2025-07-20,7700,3661},,,
Order Complete (App),,ruby_2,6600,12,이건먼디,134,GooglePlay,2025-07-20,0,3661},,,
Order Complete (App),,ruby_1,1100,12,클롭,263,GooglePlay,2025-07-21,37400,828},,,
Order Complete (App),,ads_remove,7700,1,굴비사마,27,GooglePlay,2025-08-01,0,13554},,,
Order Complete (App),,ruby_3,11000,12,클롭,263,GooglePlay,2025-07-21,25300,828},,,
Order Complete (App),,ruby_2,6600,13,쉬밤꺼,400,GooglePlay,2025-07-19,1094500,48},,,
Order Complete (App),,ruby_4,33000,13,쉬밤꺼,400,GooglePlay,2025-07-19,1054900,48},,,
Order Complete (App),,ruby_3,11000,14,무향후,285,GooglePlay,2025-07-19,25300,420},,,
Order Complete (App),,ads_remove,7700,1,맹수벼리,37,GooglePlay,2025-08-01,0,12732},,,
Order Complete (App),,ruby_5,55000,5,업적,227,GooglePlay,2025-07-28,73700,1996},,,
Order Complete (App),,ruby_3,11000,8,XIA,231,GooglePlay,2025-07-24,18700,1657},,,
Order Complete (App),,ruby_2,6600,17,만마앙복,426,GooglePlay,2025-07-16,342100,38},,,
Order Complete (App),,ruby_3,11000,17,만마앙복,426,GooglePlay,2025-07-16,331100,38},,,
Order Complete (App),,ruby_2,6600,5,톰달,167,GooglePlay,2025-07-28,36300,3085},,,
Order Complete (App),,ruby_2,6600,7,오태식이,254,GooglePlay,2025-07-26,103400,963},,,
Order Complete (App),,ruby_3,11000,4,일해라정차장,236,GooglePlay,2025-07-29,139700,1529},,,
Order Complete (App),,ads_remove,7700,1,김용덕,54,GooglePlay,2025-07-31,0,10245},,,
Order Complete (App),,ruby_6,110000,15,국산뽀또,367,GooglePlay,2025-07-17,233200,75},,,
Order Complete (App),,ruby_3,11000,8,골든,245,GooglePlay,2025-07-25,36300,1333},,,
Order Complete (App),,ruby_3,11000,5,톰달,167,GooglePlay,2025-07-28,25300,3417},,,
Order Complete (App),,ruby_4,33000,5,업적,217,GooglePlay,2025-07-28,40700,1996},,,
Order Complete (App),,ruby_5,55000,17,김승원,446,GooglePlay,2025-07-16,715000,27},,,
Order Complete (App),,ruby_1,1100,14,아쿠마,288,GooglePlay,2025-07-19,31900,347},,,
Order Complete (App),,ruby_3,11000,13,하야안,320,GooglePlay,2025-07-20,273900,209},,,
Order Complete (App),,ruby_3,11000,14,아쿠마,288,GooglePlay,2025-07-19,20900,347},,,
Order Complete (App),,ads_remove,7700,1,태영신군,43,GooglePlay,2025-08-01,0,13535},,,
Order Complete (App),,ads_remove,7700,1,후니혀니,6,GooglePlay,2025-08-01,0,99999999},,,
Order Complete (App),,ruby_2,6600,14,아쿠마,287,GooglePlay,2025-07-19,14300,347},,,
Order Complete (App),,ruby_4,33000,6,후라이드참새,152,GooglePlay,2025-07-27,117700,3215},,,
Order Complete (App),,ruby_2,6600,9,땡중,257,GooglePlay,2025-07-23,58300,898},,,
Order Complete (App),,ads_remove,7700,1,스카이타워,11,GooglePlay,2025-08-01,0,99999999},,,
Order Complete (App),,ruby_4,33000,13,하야안,312,GooglePlay,2025-07-20,240900,209},,,
Order Complete (App),,ruby_3,11000,1,하늘길,25,GooglePlay,2025-08-01,0,12726},,,
Order Complete (App),,ruby_6,110000,6,후라이드참새,152,GooglePlay,2025-07-27,7700,3215},,,
Order Complete (App),,ruby_3,11000,5,톰달,151,GooglePlay,2025-07-28,14300,3417},,,
Order Complete (App),,ads_remove,7700,9,마래,56,GooglePlay,2025-07-16,0,8859},,,
Order Complete (App),,ads_remove,7700,1,핫핑크,7,GooglePlay,2025-08-01,0,99999999},,,
Order Complete (App),,ads_remove,7700,1,민하아빠,8,GooglePlay,2025-08-01,0,99999999},,,
Order Complete (App),,ruby_4,33000,5,루아베니,308,GooglePlay,2025-07-17,650100,213},,,
Order Complete (App),,ruby_1,1100,6,왕푸,133,GooglePlay,2025-07-26,7700,4070},,,
Order Complete (App),,ruby_2,6600,6,왕푸,133,GooglePlay,2025-07-26,0,4070},,,
Order Complete (App),,ruby_4,33000,10,쿠쿵,365,GooglePlay,2025-07-23,501600,97},,,
Order Complete (App),,ruby_4,33000,13,하야안,312,GooglePlay,2025-07-20,207900,209},,,
Order Complete (App),,ads_remove,7700,1,에스트라다,41,GooglePlay,2025-08-01,0,11590},,,
Order Complete (App),,ads_remove,7700,1,대장호랑이,43,GooglePlay,2025-07-31,0,11890},,,
Order Complete (App),,ads_remove,7700,1,도라에몽표류기,9,GooglePlay,2025-08-01,0,99999999},,,
Order Complete (App),,ads_remove,7700,10,또로롱,178,GooglePlay,2025-07-23,0,2766},,,
Order Complete (App),,ruby_4,33000,14,나냐,344,GooglePlay,2025-07-19,143000,122},,,
Order Complete (App),,ruby_2,6600,5,톰달,146,GooglePlay,2025-07-28,7700,3417},,,
Order Complete (App),,ruby_4,33000,9,내가왕이다,219,GooglePlay,2025-07-24,11000,1932},,,
Order Complete (App),,ruby_5,55000,2,Pixel,135,GooglePlay,2025-07-31,161700,4941},,,
Order Complete (App),,ruby_5,55000,1,하늘천사,43,GooglePlay,2025-07-31,7700,11880},,,
Order Complete (App),,ruby_6,110000,14,uj,371,GooglePlay,2025-07-18,465300,68},,,
Order Complete (App),,ads_remove,7700,1,꼭두,41,GooglePlay,2025-07-31,0,12406},,,
Order Complete (App),,ruby_1,1100,2,은빛비,123,GooglePlay,2025-07-30,6600,3915},,,
Order Complete (App),,ruby_3,11000,2,ahs5693,101,GooglePlay,2025-07-31,7700,5141},,,
Order Complete (App),,ruby_2,6600,2,은빛비,123,GooglePlay,2025-07-30,0,3915},,,
Order Complete (App),,ruby_1,1100,13,광따,365,GooglePlay,2025-07-20,317900,84},,,
Order Complete (App),,ads_remove,7700,1,정주녕,49,GooglePlay,2025-08-01,0,10749},,,
Order Complete (App),,ruby_3,11000,7,타이거통,256,GooglePlay,2025-07-26,209000,918},,,
Order Complete (App),,ads_remove,7700,2,밍츄,43,GooglePlay,2025-07-31,0,10749},,,
Order Complete (App),,ruby_3,11000,14,왕좌,252,GooglePlay,2025-07-19,33000,1023},,,
Order Complete (App),,ruby_3,11000,14,왕좌,252,GooglePlay,2025-07-19,11000,1023},,,
Order Complete (App),,ruby_4,33000,10,초홍볶,346,GooglePlay,2025-07-23,414700,124},,,
Order Complete (App),,ads_remove,7700,1,바지속의마법,4,GooglePlay,2025-08-01,0,99999999},,,
Order Complete (App),,ruby_3,11000,9,위반닉네임002,193,GooglePlay,2025-07-24,0,2369},,,
Order Complete (App),,ruby_2,6600,17,넌누구니,451,GooglePlay,2025-07-16,973500,24},,,
Order Complete (App),,ruby_3,11000,17,넌누구니,451,GooglePlay,2025-07-16,962500,24},,,
Order Complete (App),,ruby_5,55000,2,Pixel,102,GooglePlay,2025-07-31,106700,4941},,,
Order Complete (App),,ruby_3,11000,4,초인고양이,254,OneStore,2025-07-29,227700,953},,,
Order Complete (App),,ruby_4,33000,17,넌누구니,451,GooglePlay,2025-07-16,929500,24},,,
Order Complete (App),,ads_remove,7700,1,앙가람,5,GooglePlay,2025-08-01,0,99999999},,,
Order Complete (App),,ruby_4,33000,16,맘바,345,OneStore,2025-07-17,141900,115},,,
Order Complete (App),,ruby_5,55000,5,루아베니,298,GooglePlay,2025-07-17,595100,268},,,
Order Complete (App),,ruby_1,1100,13,쉬밤꺼,400,GooglePlay,2025-07-19,1054900,48},,,
Order Complete (App),,ruby_1,1100,13,쉬밤꺼,400,GooglePlay,2025-07-19,1054900,48},,,
Order Complete (App),,ruby_1,1100,13,쉬밤꺼,400,GooglePlay,2025-07-19,1052700,48},,,
Order Complete (App),,ruby_5,55000,13,쉬밤꺼,400,GooglePlay,2025-07-19,996600,48},,,
Order Complete (App),,ruby_2,6600,2,김철호,171,GooglePlay,2025-07-30,7700,2997},,,
Order Complete (App),,ads_remove,7700,1,Oon,5,GooglePlay,2025-08-01,0,99999999},,,
Order Complete (App),,ads_remove,7700,1,기분,10,GooglePlay,2025-08-01,0,99999999},,,
Order Complete (App),,ruby_3,11000,7,도치야,305,GooglePlay,2025-07-16,300300,219},,,
Order Complete (App),,ruby_5,55000,5,루아베니,295,GooglePlay,2025-07-17,540100,268},,,
Order Complete (App),,ruby_4,33000,2,Pixel,92,GooglePlay,2025-07-31,73700,6643},,,
Order Complete (App),,ruby_4,33000,10,국뿅,329,GooglePlay,2025-07-23,298100,151},,,
Order Complete (App),,ruby_4,33000,10,국뿅,329,GooglePlay,2025-07-23,265100,151},,,
Order Complete (App),,ruby_2,6600,1,삿갓김,71,GooglePlay,2025-07-31,7700,7035},,,
Order Complete (App),,ads_remove,7700,1,하늘천사,14,GooglePlay,2025-07-31,0,99999999},,,
Order Complete (App),,ruby_4,33000,307,동행,1089,OneStore,2024-09-29,4051200,6},,,
Order Complete (App),,ruby_3,11000,16,응아코,350,GooglePlay,2025-07-17,350900,132},,,
Order Complete (App),,ads_remove,7700,1,꿀벌럭시,51,GooglePlay,2025-07-31,0,10067},,,
Order Complete (App),,ads_remove,7700,1,광아,4,GooglePlay,2025-07-31,0,99999999},,,
Order Complete (App),,ads_remove,7700,1,은하별,24,GooglePlay,2025-07-31,0,12984},,,
Order Complete (App),,ruby_3,11000,5,로마노,233,GooglePlay,2025-07-28,7700,1547},,,
Order Complete (App),,ruby_3,11000,16,건호최고,300,GooglePlay,2025-07-17,134200,235},,,
Order Complete (App),,ruby_5,55000,5,루아베니,293,GooglePlay,2025-07-17,485100,268},,,
Order Complete (App),,ruby_2,6600,1,아스정,51,GooglePlay,2025-07-31,7700,10119},,,
Order Complete (App),,ruby_3,11000,10,초홍볶,321,GooglePlay,2025-07-23,403700,196},,,
Order Complete (App),,ads_remove,7700,1,단태비,26,GooglePlay,2025-07-31,0,13151},,,
Order Complete (App),,ruby_4,33000,16,건호최고,298,GooglePlay,2025-07-17,101200,235},,,
Order Complete (App),,ruby_2,6600,4,이몽타,126,GooglePlay,2025-07-18,20900,4150},,,
Order Complete (App),,ruby_4,33000,15,얌고,295,GooglePlay,2025-07-18,62700,245},,,
Order Complete (App),,ruby_5,55000,10,초홍볶,321,GooglePlay,2025-07-23,348700,196},,,
Order Complete (App),,ruby_3,11000,15,무한돈까스,216,GooglePlay,2025-07-16,0,2211},,,
Order Complete (App),,ruby_6,110000,18,쿠빈,351,GooglePlay,2025-07-15,458700,1379},,,
Order Complete (App),,ads_remove,7700,1,귤꽁,6,GooglePlay,2025-07-31,0,99999999},,,
Order Complete (App),,ads_remove,7700,1,레드3777,33,GooglePlay,2025-07-31,0,12677},,,
Order Complete (App),,ruby_5,55000,10,초홍볶,321,GooglePlay,2025-07-23,293700,196},,,
Order Complete (App),,ruby_5,55000,5,루아베니,289,GooglePlay,2025-07-17,430100,448},,,
Order Complete (App),,ruby_4,33000,15,얌고,295,GooglePlay,2025-07-18,29700,245},,,
Order Complete (App),,ruby_2,6600,4,이몽타,119,GooglePlay,2025-07-18,14300,4150},,,
Order Complete (App),,ruby_5,55000,5,루아베니,287,GooglePlay,2025-07-17,375100,448},,,
Order Complete (App),,ads_remove,7700,1,꼬롬하네,4,GooglePlay,2025-07-31,0,99999999},,,
Order Complete (App),,ruby_3,11000,5,bjihfdrt,128,GooglePlay,2025-07-23,14300,3856},,,
Order Complete (App),,ads_remove,7700,1,김민수,5,GooglePlay,2025-07-31,0,99999999},,,
Order Complete (App),,ruby_5,55000,5,루아베니,283,GooglePlay,2025-07-17,320100,448},,,
Order Complete (App),,ruby_4,33000,10,fr쿠마,248,GooglePlay,2025-07-23,51700,1136},,,
Order Complete (App),,ruby_3,11000,10,fr쿠마,248,GooglePlay,2025-07-23,7700,1136},,,
Order Complete (App),,ruby_3,11000,5,지은이내꼬,147,GooglePlay,2025-07-27,7700,3353},,,
Order Complete (App),,ruby_3,11000,10,누나좋아,266,GooglePlay,2025-07-22,228800,858},,,
Order Complete (App),,ruby_1,1100,1,다워닝아빠,28,GooglePlay,2025-07-31,7700,13468},,,
Order Complete (App),,ruby_2,6600,1,다워닝아빠,28,GooglePlay,2025-07-31,0,13468},,,
Order Complete (App),,ruby_6,110000,8,카르멘,273,GooglePlay,2025-07-24,113300,584},,,
Order Complete (App),,ads_remove,7700,1,아스정,8,GooglePlay,2025-07-31,0,99999999},,,
Order Complete (App),,ruby_4,33000,16,수진,366,GooglePlay,2025-07-16,336600,92},,,
Order Complete (App),,ruby_2,6600,10,벼리하니,238,GooglePlay,2025-07-23,7700,1420},,,
Order Complete (App),,ruby_6,110000,4,정찬비,186,GooglePlay,2025-07-29,121000,2575},,,
Order Complete (App),,ruby_5,55000,15,쭌이파파,496,GooglePlay,2025-07-18,1485000,13},,,
Order Complete (App),,ruby_4,33000,2,Pixel,84,GooglePlay,2025-07-31,40700,6643},,,
Order Complete (App),,ruby_3,11000,16,수진,357,GooglePlay,2025-07-16,336600,92},,,
Order Complete (App),,ruby_4,33000,11,나류토,190,GooglePlay,2025-07-22,7700,2440},,,
Order Complete (App),,ruby_3,11000,16,수진,357,GooglePlay,2025-07-16,314600,92},,,
Order Complete (App),,ads_remove,7700,1,삿갓김,11,GooglePlay,2025-07-31,0,99999999},,,
Order Complete (App),,ruby_3,11000,1,두몰랑,53,GooglePlay,2025-07-31,0,10050},,,
Order Complete (App),,ruby_2,6600,16,수진,357,GooglePlay,2025-07-16,308000,92},,,
Order Complete (App),,ruby_4,33000,2,Pixel,74,GooglePlay,2025-07-31,7700,6787},,,
Order Complete (App),,ruby_6,110000,2,욜로욜로,111,GooglePlay,2025-07-30,47300,5026},,,
Order Complete (App),,ads_remove,7700,3,연시,42,GooglePlay,2025-07-30,0,12781},,,
Order Complete (App),,ads_remove,7700,1,큰별샘오셨다,59,GooglePlay,2025-07-31,0,9191},,,
Order Complete (App),,ruby_3,11000,16,수진,356,GooglePlay,2025-07-16,308000,92},,,
Order Complete (App),,ruby_3,11000,16,수진,356,GooglePlay,2025-07-16,286000,92},,,
Order Complete (App),,ruby_3,11000,14,물긷는아낙네,318,GooglePlay,2025-07-19,157300,194},,,
Order Complete (App),,ads_remove,7700,1,머하징,8,GooglePlay,2025-07-31,0,99999999},,,
Order Complete (App),,ads_remove,7700,7,천마환e,111,GooglePlay,2025-07-25,0,4506},,,
Order Complete (App),,ruby_3,11000,14,물긷는아낙네,317,GooglePlay,2025-07-19,146300,194},,,
Order Complete (App),,ruby_1,1100,2,돈까,24,GooglePlay,2025-07-31,7700,12783},,,
Order Complete (App),,ruby_2,6600,2,돈까,24,GooglePlay,2025-07-31,0,12783},,,
Order Complete (App),,ruby_4,33000,16,수진,348,GooglePlay,2025-07-16,253000,102},,,
Order Complete (App),,ruby_3,11000,16,지피지기,280,GooglePlay,2025-07-16,36300,446},,,
Order Complete (App),,ruby_3,11000,16,지피지기,280,GooglePlay,2025-07-16,14300,446},,,
Order Complete (App),,ruby_1,1100,16,수진,348,GooglePlay,2025-07-16,251900,102},,,
Order Complete (App),,ads_remove,7700,1,떠쥬니,4,GooglePlay,2025-07-31,0,99999999},,,
Order Complete (App),,ruby_2,6600,16,수진,348,GooglePlay,2025-07-16,251900,102},,,
Order Complete (App),,ruby_3,11000,16,수진,348,GooglePlay,2025-07-16,234300,102},,,
Order Complete (App),,ruby_1,1100,2,돌돌돌,91,GooglePlay,2025-07-30,5500,5419},,,
Order Complete (App),,ruby_1,1100,2,돌돌돌,91,GooglePlay,2025-07-30,4400,5419},,,
Order Complete (App),,ruby_2,6600,7,타이거통,251,GooglePlay,2025-07-26,202400,1000},,,
Order Complete (App),,ruby_1,1100,2,돌돌돌,91,GooglePlay,2025-07-30,4400,5419},,,
Order Complete (App),,ruby_1,1100,2,돌돌돌,91,GooglePlay,2025-07-30,4400,5419},,,
Order Complete (App),,ruby_1,1100,2,돌돌돌,91,GooglePlay,2025-07-30,4400,5419},,,
Order Complete (App),,ruby_1,1100,2,돌돌돌,91,GooglePlay,2025-07-30,0,5419},,,
Order Complete (App),,ruby_4,33000,299,파인트뤼,1040,OneStore,2024-10-07,3938200,7},,,
Order Complete (App),,ads_remove,7700,1,자두피곤해,13,GooglePlay,2025-07-31,0,99999999},,,
Order Complete (App),,ruby_2,6600,3,코리아se스머신,116,GooglePlay,2025-07-30,82500,4304},,,
Order Complete (App),,ruby_2,6600,13,초슈익,266,GooglePlay,2025-07-19,7700,840},,,
Order Complete (App),,ruby_4,33000,14,껸네,437,GooglePlay,2025-07-19,926200,34},,,
Order Complete (App),,ruby_5,55000,5,루아베니,270,GooglePlay,2025-07-17,265100,609},,,
Order Complete (App),,ruby_1,1100,1,쥬비도비,35,GooglePlay,2025-07-31,7700,13444},,,
Order Complete (App),,ruby_2,6600,1,쥬비도비,35,GooglePlay,2025-07-31,0,13444},,,
Order Complete (App),,ruby_3,11000,16,건호최고,293,GooglePlay,2025-07-17,90200,263},,,
Order Complete (App),,ruby_1,1100,8,내왕이될상인가,266,GooglePlay,2025-07-24,51700,679},,,
Order Complete (App),,ruby_2,6600,3,코리아se스머신,96,GooglePlay,2025-07-30,75900,5411},,,
Order Complete (App),,ruby_2,6600,16,삼다,265,GooglePlay,2025-07-16,58300,736},,,
Order Complete (App),,ruby_2,6600,3,코리아se스머신,91,GooglePlay,2025-07-30,69300,5411},,,
Order Complete (App),,ruby_2,6600,13,유설장카,180,GooglePlay,2025-07-19,0,2692},,,
Order Complete (App),,ruby_3,11000,16,삼다,264,GooglePlay,2025-07-16,47300,774},,,
Order Complete (App),,ruby_3,11000,16,삼다,264,GooglePlay,2025-07-16,36300,774},,,
Order Complete (App),,ads_remove,7700,1,자라야잘자라,4,GooglePlay,2025-07-31,0,99999999},,,
Order Complete (App),,ads_remove,7700,1,앤드류,4,GooglePlay,2025-07-31,0,99999999},,,
Order Complete (App),,ruby_3,11000,3,ytkim822,142,GooglePlay,2025-07-30,40700,3624},,,
Order Complete (App),,ruby_5,55000,5,루아베니,265,GooglePlay,2025-07-17,210100,736},,,
Order Complete (App),,ruby_2,6600,14,구독자,290,GooglePlay,2025-07-18,102300,291},,,
Order Complete (App),,ruby_3,11000,6,초코칩,157,GooglePlay,2025-07-26,62700,3130},,,
Order Complete (App),,ruby_3,11000,6,초코칩,157,GooglePlay,2025-07-26,40700,3130},,,
Order Complete (App),,ruby_5,55000,5,루아베니,265,GooglePlay,2025-07-17,155100,736},,,
Order Complete (App),,ruby_2,6600,1,치티,95,GooglePlay,2025-07-31,37400,4938},,,
Order Complete (App),,ads_remove,7700,1,musetiro,14,GooglePlay,2025-07-31,0,99999999},,,
Order Complete (App),,ruby_3,11000,1,카메,43,GooglePlay,2025-07-31,18700,11724},,,
Order Complete (App),,ruby_3,11000,1,카메,43,GooglePlay,2025-07-31,7700,11724},,,
Order Complete (App),,ads_remove,7700,1,루인군,56,GooglePlay,2025-07-31,0,8799},,,
Order Complete (App),,ruby_3,11000,4,개장수,100,GooglePlay,2025-07-29,11000,4858},,,
Order Complete (App),,ruby_2,6600,8,닉네임표류기,226,GooglePlay,2025-07-25,7700,1830},,,
Order Complete (App),,ruby_1,1100,1,가르치,25,GooglePlay,2025-07-31,7700,13437},,,
Order Complete (App),,ruby_2,6600,1,가르치,25,GooglePlay,2025-07-31,0,13437},,,
Order Complete (App),,ads_remove,7700,1,카메,9,GooglePlay,2025-07-31,0,99999999},,,
Order Complete (App),,ruby_1,1100,1,치티,86,GooglePlay,2025-07-31,37400,6180},,,
Order Complete (App),,ruby_1,1100,1,치티,86,GooglePlay,2025-07-31,37400,6180},,,
Order Complete (App),,ruby_1,1100,1,치티,86,GooglePlay,2025-07-31,34100,6180},,,
Order Complete (App),,ruby_1,1100,1,치티,84,GooglePlay,2025-07-31,34100,6180},,,
Order Complete (App),,ruby_2,6600,1,치티,84,GooglePlay,2025-07-31,26400,6180},,,
Order Complete (App),,ruby_3,11000,1,치티,84,GooglePlay,2025-07-31,15400,9657},,,
Order Complete (App),,ruby_6,110000,1,또땡겨,129,GooglePlay,2025-07-31,84700,3740},,,
Order Complete (App),,ruby_1,1100,5,배리누스,53,GooglePlay,2025-07-27,7700,9200},,,
Order Complete (App),,ruby_2,6600,5,배리누스,53,GooglePlay,2025-07-27,0,9200},,,
Order Complete (App),,ruby_4,33000,13,헤롱이,288,GooglePlay,2025-07-20,227700,306},,,
Order Complete (App),,ruby_5,55000,3,ENS,118,GooglePlay,2025-07-29,7700,4109},,,
Order Complete (App),,ruby_6,110000,12,진홍,288,OneStore,2025-07-20,315700,306},,,
Order Complete (App),,ads_remove,7700,1,kccp3,39,GooglePlay,2025-07-31,0,13437},,,
Order Complete (App),,ruby_3,11000,13,Nospoon,286,GooglePlay,2025-07-19,42900,385},,,
Order Complete (App),,ruby_4,33000,15,JJJ0738,550,GooglePlay,2025-07-18,2168100,8},,,
Order Complete (App),,ruby_3,11000,5,산연,119,GooglePlay,2025-07-21,0,4005},,,
Order Complete (App),,ruby_3,11000,1,또땡겨,83,GooglePlay,2025-07-31,73700,6551},,,
Order Complete (App),,ruby_3,11000,1,또땡겨,83,GooglePlay,2025-07-31,62700,6551},,,
Order Complete (App),,ruby_4,33000,15,JJJ0738,550,GooglePlay,2025-07-18,2135100,8},,,
Order Complete (App),,ads_remove,7700,2,정부,85,GooglePlay,2025-07-30,0,6261},,,
Order Complete (App),,ruby_6,110000,10,꽃설,253,GooglePlay,2025-07-22,132000,943},,,
Order Complete (App),,ruby_2,6600,5,혈마사냥꾼,158,GooglePlay,2025-07-27,89100,3120},,,
Order Complete (App),,ruby_3,11000,6,조선이도,176,GooglePlay,2025-07-27,20900,3120},,,
Order Complete (App),,ruby_1,1100,1,치티,44,GooglePlay,2025-07-31,15400,10569},,,
Order Complete (App),,ruby_2,6600,1,치티,44,GooglePlay,2025-07-31,7700,10569},,,
Order Complete (App),,ruby_2,6600,4,초인고양이,252,GooglePlay,2025-07-29,210100,964},,,
Order Complete (App),,ruby_2,6600,5,혈마사냥꾼,142,GooglePlay,2025-07-27,82500,3933},,,
Order Complete (App),,ruby_5,55000,1,또땡겨,26,GooglePlay,2025-07-31,7700,12627},,,
Order Complete (App),,ruby_2,6600,49,vtctrcut,392,GooglePlay,2024-12-06,157800,965},,,
Order Complete (App),,ruby_3,11000,1,쌈쟁이,52,GooglePlay,2025-07-31,7700,9377},,,
Order Complete (App),,ruby_6,110000,5,o해요,109,GooglePlay,2025-07-28,11000,4572},,,
Order Complete (App),,ads_remove,7700,1,또땡겨,17,GooglePlay,2025-07-31,0,99999999},,,
Order Complete (App),,ruby_3,11000,3,이영하,120,GooglePlay,2025-07-26,18700,3934},,,
Order Complete (App),,ruby_2,6600,2,디디에드록바,111,GooglePlay,2025-07-29,39600,4923},,,
Order Complete (App),,ads_remove,7700,1,치티,4,GooglePlay,2025-07-31,0,99999999},,,
Order Complete (App),,ruby_3,11000,2,디디에드록바,111,GooglePlay,2025-07-29,28600,4923},,,
Order Complete (App),,ruby_3,11000,13,헤롱이,288,GooglePlay,2025-07-20,216700,303},,,
Order Complete (App),,ads_remove,7700,1,릴리요나,7,GooglePlay,2025-07-31,0,99999999},,,
Order Complete (App),,ruby_3,11000,11,서씨옴,294,GooglePlay,2025-07-21,111100,243},,,
Order Complete (App),,ruby_1,1100,10,궁디표류,247,GooglePlay,2025-07-23,51700,1247},,,
Order Complete (App),,ruby_6,110000,16,국내산,298,GooglePlay,2025-07-16,40700,228},,,
Order Complete (App),,ads_remove,7700,3,어느날우연히,93,GooglePlay,2025-07-30,0,5071},,,
Order Complete (App),,ruby_1,1100,13,이천공안,267,GooglePlay,2025-07-19,123200,631},,,
Order Complete (App),,ruby_1,1100,13,이천공안,267,GooglePlay,2025-07-19,121000,631},,,
Order Complete (App),,ruby_4,33000,13,이천공안,267,GooglePlay,2025-07-19,121000,631},,,
Order Complete (App),,ruby_5,55000,13,이천공안,267,GooglePlay,2025-07-19,33000,631},,,
Order Complete (App),,ruby_4,33000,16,엉망,568,GooglePlay,2025-07-17,2143900,7},,,
Order Complete (App),,ads_remove,7700,1,이대길,46,GooglePlay,2025-07-31,0,11494},,,
Order Complete (App),,ruby_6,110000,10,꽃설,228,GooglePlay,2025-07-22,22000,1649},,,
Order Complete (App),,ads_remove,7700,1,LAVE백곰,11,GooglePlay,2025-07-31,0,99999999},,,
Order Complete (App),,ruby_1,1100,2,하이바이,24,GooglePlay,2025-07-31,7700,13413},,,
Order Complete (App),,ruby_2,6600,2,하이바이,24,GooglePlay,2025-07-31,0,13413},,,
Order Complete (App),,ads_remove,7700,2,영원의시,28,GooglePlay,2025-07-31,0,12614},,,
Order Complete (App),,ruby_3,11000,8,백진,328,GooglePlay,2025-07-24,390500,149},,,
Order Complete (App),,ruby_6,110000,8,백진,328,GooglePlay,2025-07-24,280500,149},,,
Order Complete (App),,ads_remove,7700,1,헤파이토스,25,GooglePlay,2025-07-31,0,12612},,,
Order Complete (App),,ruby_1,1100,6,허어어니,246,GooglePlay,2025-07-27,64900,1188},,,
Order Complete (App),,ruby_1,1100,6,허어어니,246,GooglePlay,2025-07-27,62700,1188},,,
Order Complete (App),,ruby_2,6600,1,힝꾸,41,GooglePlay,2025-07-31,15400,11598},,,
Order Complete (App),,ruby_1,1100,1,힝꾸,41,GooglePlay,2025-07-31,7700,11598},,,
Order Complete (App),,ruby_5,55000,12,훈2,190,GooglePlay,2025-07-18,62700,2453},,,
Order Complete (App),,ruby_6,110000,4,암부,411,GooglePlay,2025-07-29,1547700,44},,,
Order Complete (App),,ruby_6,110000,15,KIRA,803,GooglePlay,2025-07-18,8697700,1},,,
Order Complete (App),,ruby_1,1100,4,유린,118,OneStore,2025-07-29,45100,4096},,,
Order Complete (App),,ruby_1,1100,4,유린,118,OneStore,2025-07-29,44000,4096},,,
Order Complete (App),,ruby_2,6600,15,마갈곤,282,GooglePlay,2025-07-17,45100,410},,,
Order Complete (App),,ruby_2,6600,6,허어어니,237,GooglePlay,2025-07-27,56100,1421},,,
Order Complete (App),,ads_remove,7700,1,뀰잼,4,GooglePlay,2025-07-31,0,99999999},,,
Order Complete (App),,ruby_6,110000,15,KIRA,803,GooglePlay,2025-07-18,8587700,1},,,
Order Complete (App),,ads_remove,7700,2,장문식,43,GooglePlay,2025-07-31,0,10674},,,
Order Complete (App),,ruby_6,110000,10,Raid,577,GooglePlay,2025-07-22,2520100,6},,,
Order Complete (App),,ruby_5,55000,14,대명,419,GooglePlay,2025-07-19,503800,36},,,
Order Complete (App),,ruby_6,110000,4,암부,405,GooglePlay,2025-07-29,1437700,44},,,
Order Complete (App),,ads_remove,7700,1,꾸엉라마,8,GooglePlay,2025-07-31,0,99999999},,,
Order Complete (App),,ads_remove,7700,9,초록매실,212,GooglePlay,2025-07-23,0,2001},,,
Order Complete (App),,ads_remove,7700,1,쌈쟁이,4,GooglePlay,2025-07-31,0,99999999},,,
Order Complete (App),,ads_remove,7700,1,IPZA,24,GooglePlay,2025-07-31,0,12899},,,
Order Complete (App),,ruby_4,33000,2,옥지의빵빵이,226,GooglePlay,2025-07-31,337700,1868},,,
Order Complete (App),,ads_remove,7700,1,오잉이,12,GooglePlay,2025-07-31,0,99999999},,,
Order Complete (App),,ruby_3,11000,4,유린,111,OneStore,2025-07-29,42900,4463},,,
Order Complete (App),,ruby_6,110000,2,옥지의빵빵이,226,GooglePlay,2025-07-31,227700,1868},,,
Order Complete (App),,ruby_6,110000,15,KIRA,803,GooglePlay,2025-07-18,8477700,1},,,
Order Complete (App),,ruby_6,110000,14,사랑잉,392,GooglePlay,2025-07-19,634700,48},,,
Order Complete (App),,ruby_6,110000,10,Raid,577,GooglePlay,2025-07-22,2410100,6},,,
Order Complete (App),,ruby_6,110000,15,KIRA,803,GooglePlay,2025-07-18,8367700,1},,,
Order Complete (App),,ruby_1,1100,4,초인고양이,247,OneStore,2025-07-29,210100,1142},,,
Order Complete (App),,ads_remove,7700,1,송차,6,GooglePlay,2025-07-31,0,99999999},,,
Order Complete (App),,ruby_4,33000,10,Raid,577,GooglePlay,2025-07-22,2377100,6},,,
Order Complete (App),,ruby_6,110000,14,사랑잉,392,GooglePlay,2025-07-19,524700,48},,,
Order Complete (App),,ruby_6,110000,10,부추,370,GooglePlay,2025-07-22,553300,68},,,
Order Complete (App),,ruby_2,6600,4,초인고양이,247,OneStore,2025-07-29,209000,1258},,,
Order Complete (App),,ruby_6,110000,6,A파도,430,GooglePlay,2025-07-27,1419000,34},,,
Order Complete (App),,ruby_6,110000,17,대머리강서구,478,GooglePlay,2025-07-16,1195700,16},,,
Order Complete (App),,ruby_6,110000,14,사랑잉,392,GooglePlay,2025-07-19,414700,48},,,
Order Complete (App),,ruby_4,33000,7,왈도,246,GooglePlay,2025-07-26,7700,1318},,,
Order Complete (App),,ruby_3,11000,13,길길길,324,GooglePlay,2025-07-20,110000,174},,,
Order Complete (App),,ruby_6,110000,12,베노미,355,OneStore,2025-07-21,556600,89},,,
Order Complete (App),,ruby_6,110000,11,킴혀노,406,GooglePlay,2025-07-22,897600,43},,,
Order Complete (App),,ads_remove,7700,1,힝꾸,5,GooglePlay,2025-07-31,0,99999999},,,
Order Complete (App),,ruby_1,1100,10,흑치,227,GooglePlay,2025-07-19,34100,1675},,,
Order Complete (App),,ruby_4,33000,11,두율대디,348,GooglePlay,2025-07-22,308000,102},,,
Order Complete (App),,ruby_2,6600,16,지냥,318,GooglePlay,2025-07-17,81400,194},,,
Order Complete (App),,ruby_4,33000,307,동행,1089,OneStore,2024-09-29,4018200,6},,,
Order Complete (App),,ruby_5,55000,6,A파도,418,GooglePlay,2025-07-27,1364000,36},,,
Order Complete (App),,ruby_4,33000,16,꿀망고,267,GooglePlay,2025-07-16,9900,620},,,
Order Complete (App),,ruby_3,11000,14,태풍표류기,433,GooglePlay,2025-07-19,882200,30},,,
Order Complete (App),,ruby_4,33000,14,태풍표류기,433,GooglePlay,2025-07-19,838200,30},,,
Order Complete (App),,ruby_4,33000,14,조단비,320,GooglePlay,2025-07-18,209000,177},,,
Order Complete (App),,ruby_2,6600,7,최쿠로,231,GooglePlay,2025-07-26,28600,1598},,,
Order Complete (App),,ads_remove,7700,3,다크문,72,GooglePlay,2025-07-30,0,6857},,,
Order Complete (App),,ads_remove,7700,1,한방한방,8,GooglePlay,2025-07-31,0,99999999},,,
Order Complete (App),,ruby_3,11000,10,봉고,267,GooglePlay,2025-07-22,45100,620},,,
Order Complete (App),,ruby_1,1100,10,봉고,267,GooglePlay,2025-07-22,44000,620},,,
Order Complete (App),,ruby_5,55000,14,태풍표류기,433,GooglePlay,2025-07-19,783200,30},,,
Order Complete (App),,ads_remove,7700,3,차밍,101,GooglePlay,2025-07-30,0,4689},,,
Order Complete (App),,ruby_3,11000,7,haro,178,GooglePlay,2025-07-25,25300,2702},,,
Order Complete (App),,ruby_3,11000,18,소룡녀,331,GooglePlay,2025-07-15,220000,1603},,,
Order Complete (App),,ruby_5,55000,5,루아베니,247,GooglePlay,2025-07-17,100100,1137},,,
Order Complete (App),,ruby_1,1100,276,엘리트와룡,791,GooglePlay,2024-10-30,518900,67},,,
Order Complete (App),,ruby_6,110000,15,KIRA,777,GooglePlay,2025-07-18,8257700,1},,,
Order Complete (App),,ruby_6,110000,18,소룡녀,328,GooglePlay,2025-07-15,110000,1603},,,
