"Event Category","Event Action","Event Label","Custom Event Properties"
"stage_reached_300 (App)","W:21_0A:19_0","6","{""Time"":""2025-12-31 18:38:58"",""UserUUID"":""b61f44a0-e257-11f0-9150-f1fb802a5e79"",""attendance_count"":6,""b.diamond"":31756,""b.ruby"":220,""boxAllCount"":4180,""curserver"":1,""install_day"":""2025-12-26"",""total_payment_amount"":223300,""user_name"":""뾰뀨"",""user_rank"":3538,""user_stage"":300}"
"stage_reached_300 (App)","W:21_0A:19_0","26","{""Time"":""2025-12-31 16:06:23"",""UserUUID"":""5a362180-d27c-11f0-b87e-79f2722a3d56"",""attendance_count"":26,""b.diamond"":69734,""b.ruby"":0,""boxAllCount"":1410,""curserver"":1,""install_day"":""2025-12-06"",""total_payment_amount"":7700,""user_name"":""아산두루치기"",""user_rank"":3572,""user_stage"":300}"
"stage_reached_300 (App)","W:22_0A:20_0","35","{""Time"":""2025-12-31 15:52:54"",""UserUUID"":""d870baa0-ca7b-11f0-b744-19d6a81d7634"",""attendance_count"":35,""b.diamond"":121315,""b.ruby"":0,""boxAllCount"":6580,""curserver"":1,""install_day"":""2025-11-26"",""total_payment_amount"":7700,""user_name"":""송원"",""user_rank"":3572,""user_stage"":300}"
"stage_reached_300 (App)","W:20_0A:20_0","22","{""Time"":""2025-12-31 11:18:13"",""UserUUID"":""0bf6ea30-d570-11f0-a76e-5566c4c2cec9"",""attendance_count"":22,""b.diamond"":68899,""b.ruby"":0,""boxAllCount"":6220,""curserver"":1,""install_day"":""2025-12-10"",""total_payment_amount"":7700,""user_name"":""몽몽실"",""user_rank"":3541,""user_stage"":300}"
"stage_reached_300 (App)","W:22_0A:19_0","25","{""Time"":""2025-12-31 07:35:59"",""UserUUID"":""b8c1f180-d339-11f0-9254-3ddc439ea1e6"",""attendance_count"":25,""b.diamond"":1025595,""b.ruby"":0,""boxAllCount"":2670,""curserver"":1,""install_day"":""2025-12-07"",""total_payment_amount"":7700,""user_name"":""차박"",""user_rank"":3568,""user_stage"":300}"
"stage_reached_300 (App)","W:22_0A:20_0","32","{""Time"":""2025-12-31 06:21:28"",""UserUUID"":""e434af40-cd6e-11f0-9353-b1ff925e388b"",""attendance_count"":32,""b.diamond"":229932,""b.ruby"":0,""boxAllCount"":7450,""curserver"":1,""install_day"":""2025-11-29"",""total_payment_amount"":0,""user_name"":""바람같이"",""user_rank"":3534,""user_stage"":300}"
"stage_reached_300 (App)","W:20_0A:21_0","34","{""Time"":""2025-12-31 05:38:24"",""UserUUID"":""739cafa0-cc4a-11f0-be7f-ff1e0fc5e46a"",""attendance_count"":34,""b.diamond"":179984,""b.ruby"":0,""boxAllCount"":12170,""curserver"":1,""install_day"":""2025-11-28"",""total_payment_amount"":7700,""user_name"":""꽁그이"",""user_rank"":3540,""user_stage"":300}"
"stage_reached_300 (App)","W:20_0A:19_0","21","{""Time"":""2025-12-31 00:58:14"",""UserUUID"":""a0c4ca90-d64e-11f0-855f-bf4f45d4d726"",""attendance_count"":21,""b.diamond"":67948,""b.ruby"":110,""boxAllCount"":2790,""curserver"":1,""install_day"":""2025-12-11"",""total_payment_amount"":18700,""user_name"":""흐림이"",""user_rank"":3534,""user_stage"":300}"
"stage_reached_300 (App)","W:21_0A:19_0","14","{""Time"":""2025-12-31 00:22:50"",""UserUUID"":""2fdb5f00-db5e-11f0-980e-773443872bc3"",""attendance_count"":14,""b.diamond"":1206,""b.ruby"":0,""boxAllCount"":2040,""curserver"":1,""install_day"":""2025-12-17"",""total_payment_amount"":40700,""user_name"":""문왕"",""user_rank"":3566,""user_stage"":300}"
"stage_reached_300 (App)","W:21_0A:21_0","36","{""Time"":""2025-12-30 20:58:01"",""UserUUID"":""017d53b0-c868-11f0-b319-dd59dbde236a"",""attendance_count"":36,""b.diamond"":254782,""b.ruby"":0,""boxAllCount"":10760,""curserver"":1,""install_day"":""2025-11-23"",""total_payment_amount"":7700,""user_name"":""무한상사"",""user_rank"":3675,""user_stage"":300}"
"stage_reached_300 (App)","W:21_0A:20_0","22","{""Time"":""2025-12-30 17:55:33"",""UserUUID"":""e63b7af0-d4f1-11f0-a662-694ea6ec01d9"",""attendance_count"":22,""b.diamond"":104399,""b.ruby"":0,""boxAllCount"":9800,""curserver"":1,""install_day"":""2025-12-09"",""total_payment_amount"":7700,""user_name"":""대박재욱"",""user_rank"":3529,""user_stage"":300}"
"stage_reached_300 (App)","W:23_0A:20_0","28","{""Time"":""2025-12-30 13:49:50"",""UserUUID"":""d53427d0-d00e-11f0-a057-434ebbc06554"",""attendance_count"":28,""b.diamond"":213141,""b.ruby"":110,""boxAllCount"":6310,""curserver"":1,""install_day"":""2025-12-03"",""total_payment_amount"":14300,""user_name"":""아기지연"",""user_rank"":3595,""user_stage"":300}"
"stage_reached_300 (App)","W:20_0A:19_0","25","{""Time"":""2025-12-30 11:40:32"",""UserUUID"":""267a7da0-d24a-11f0-82a3-97d40261fdab"",""attendance_count"":25,""b.diamond"":128105,""b.ruby"":0,""boxAllCount"":3210,""curserver"":1,""install_day"":""2025-12-06"",""total_payment_amount"":7700,""user_name"":""비운아"",""user_rank"":3526,""user_stage"":300}"
"stage_reached_300 (App)","W:20_0A:19_0","28","{""Time"":""2025-12-30 10:15:07"",""UserUUID"":""494757b0-cd52-11f0-b227-efed89f34db6"",""attendance_count"":28,""b.diamond"":12442,""b.ruby"":0,""boxAllCount"":2720,""curserver"":1,""install_day"":""2025-11-29"",""total_payment_amount"":7700,""user_name"":""눈호"",""user_rank"":3549,""user_stage"":300}"
"stage_reached_300 (App)","W:20_0A:19_0","16","{""Time"":""2025-12-30 08:34:20"",""UserUUID"":""8372fd20-d98e-11f0-887b-0b956eddd69f"",""attendance_count"":16,""b.diamond"":5259,""b.ruby"":0,""boxAllCount"":3420,""curserver"":1,""install_day"":""2025-12-15"",""total_payment_amount"":53900,""user_name"":""schmelia"",""user_rank"":3559,""user_stage"":300}"
"stage_reached_300 (App)","W:23_0A:20_0","27","{""Time"":""2025-12-30 08:17:18"",""UserUUID"":""ef315cd0-d0d0-11f0-9f5a-f97ae3c206ff"",""attendance_count"":27,""b.diamond"":122358,""b.ruby"":0,""boxAllCount"":6530,""curserver"":1,""install_day"":""2025-12-04"",""total_payment_amount"":20900,""user_name"":""사룡검신"",""user_rank"":3529,""user_stage"":300}"
"stage_reached_300 (App)","W:20_0A:19_0","21","{""Time"":""2025-12-30 07:39:20"",""UserUUID"":""0028da60-d615-11f0-89df-4d1d74858655"",""attendance_count"":21,""b.diamond"":730,""b.ruby"":0,""boxAllCount"":3790,""curserver"":1,""install_day"":""2025-12-10"",""total_payment_amount"":7700,""user_name"":""홍끄"",""user_rank"":3621,""user_stage"":300}"
"stage_reached_300 (App)","W:20_0A:20_0","20","{""Time"":""2025-12-30 00:41:59"",""UserUUID"":""c47203d0-d68b-11f0-8643-39e9786309a0"",""attendance_count"":20,""b.diamond"":56011,""b.ruby"":0,""boxAllCount"":6130,""curserver"":1,""install_day"":""2025-12-11"",""total_payment_amount"":51700,""user_name"":""카피"",""user_rank"":3517,""user_stage"":300}"
"stage_reached_300 (App)","W:23_0A:22_0","42","{""Time"":""2025-12-30 00:33:54"",""UserUUID"":""45208270-c36f-11f0-bf16-3bcc5b450ce8"",""attendance_count"":42,""b.diamond"":508821,""b.ruby"":0,""boxAllCount"":16100,""curserver"":1,""install_day"":""2025-11-17"",""total_payment_amount"":29700,""user_name"":""혼단"",""user_rank"":3519,""user_stage"":300}"
"stage_reached_300 (App)","W:22_0A:20_0","17","{""Time"":""2025-12-29 23:02:12"",""UserUUID"":""84b51a30-d806-11f0-aae0-f51c47c4a6c3"",""attendance_count"":17,""b.diamond"":9013,""b.ruby"":0,""boxAllCount"":6230,""curserver"":1,""install_day"":""2025-12-13"",""total_payment_amount"":7700,""user_name"":""김씨표류기0"",""user_rank"":3545,""user_stage"":300}"
"stage_reached_300 (App)","W:21_0A:20_0","35","{""Time"":""2025-12-29 21:14:49"",""UserUUID"":""38176540-c9e0-11f0-a811-b1e36c03d005"",""attendance_count"":35,""b.diamond"":1056258,""b.ruby"":0,""boxAllCount"":11210,""curserver"":1,""install_day"":""2025-11-25"",""total_payment_amount"":0,""user_name"":""하이듀크"",""user_rank"":3514,""user_stage"":300}"
"stage_reached_300 (App)","W:20_0A:19_0","37","{""Time"":""2025-12-29 21:09:12"",""UserUUID"":""bddf4ef0-c7d7-11f0-ae97-d1d93c75b63d"",""attendance_count"":37,""b.diamond"":234734,""b.ruby"":0,""boxAllCount"":2420,""curserver"":1,""install_day"":""2025-11-22"",""total_payment_amount"":39600,""user_name"":""lcls123"",""user_rank"":3514,""user_stage"":300}"
"stage_reached_300 (App)","W:23_0A:22_0","25","{""Time"":""2025-12-29 20:56:02"",""UserUUID"":""549c0550-d12d-11f0-93cf-c38ba407c781"",""attendance_count"":25,""b.diamond"":96167,""b.ruby"":0,""boxAllCount"":13020,""curserver"":1,""install_day"":""2025-12-04"",""total_payment_amount"":7700,""user_name"":""귀랑"",""user_rank"":3522,""user_stage"":300}"
"stage_reached_300 (App)","W:20_0A:20_0","24","{""Time"":""2025-12-29 13:04:56"",""UserUUID"":""807ae9d0-d29e-11f0-b5a8-9def3f29538e"",""attendance_count"":24,""b.diamond"":4178,""b.ruby"":0,""boxAllCount"":6530,""curserver"":1,""install_day"":""2025-12-06"",""total_payment_amount"":7700,""user_name"":""세라준"",""user_rank"":3560,""user_stage"":300}"
"stage_reached_300 (App)","W:20_0A:19_0","18","{""Time"":""2025-12-29 12:12:35"",""UserUUID"":""5f9aa320-d70a-11f0-930c-af99c13afb1d"",""attendance_count"":18,""b.diamond"":11493,""b.ruby"":0,""boxAllCount"":3580,""curserver"":1,""install_day"":""2025-12-12"",""total_payment_amount"":28600,""user_name"":""쏭프로"",""user_rank"":3529,""user_stage"":300}"
"stage_reached_300 (App)","W:21_0A:20_0","36","{""Time"":""2025-12-29 11:51:43"",""UserUUID"":""8c513290-c8db-11f0-8a5c-375c85ccfbf9"",""attendance_count"":36,""b.diamond"":599178,""b.ruby"":0,""boxAllCount"":16230,""curserver"":1,""install_day"":""2025-11-24"",""total_payment_amount"":7700,""user_name"":""우기가"",""user_rank"":3566,""user_stage"":300}"
"stage_reached_300 (App)","W:23_0A:19_0","41","{""Time"":""2025-12-29 09:36:53"",""UserUUID"":""99b74d30-c475-11f0-a885-43d64868e6f5"",""attendance_count"":41,""b.diamond"":1422458,""b.ruby"":0,""boxAllCount"":1600,""curserver"":1,""install_day"":""2025-11-18"",""total_payment_amount"":7700,""user_name"":""불멸의철갑궁"",""user_rank"":3582,""user_stage"":300}"
"stage_reached_300 (App)","W:20_0A:19_0","18","{""Time"":""2025-12-29 06:13:50"",""UserUUID"":""6997fca0-d74c-11f0-9c73-b70a03e0822b"",""attendance_count"":18,""b.diamond"":15891,""b.ruby"":0,""boxAllCount"":1230,""curserver"":1,""install_day"":""2025-12-12"",""total_payment_amount"":7700,""user_name"":""어떻게되겠지"",""user_rank"":3537,""user_stage"":300}"
"stage_reached_300 (App)","W:22_0A:20_0","27","{""Time"":""2025-12-29 06:00:43"",""UserUUID"":""e98feb10-cf28-11f0-8fdd-5f4be439a67e"",""attendance_count"":27,""b.diamond"":54497,""b.ruby"":0,""boxAllCount"":5330,""curserver"":1,""install_day"":""2025-12-02"",""total_payment_amount"":62700,""user_name"":""cony"",""user_rank"":3509,""user_stage"":300}"
"stage_reached_300 (App)","W:23_0A:20_0","18","{""Time"":""2025-12-29 04:59:17"",""UserUUID"":""cb3dd820-d2ca-11f0-8333-8538e0fa02f7"",""attendance_count"":18,""b.diamond"":11087,""b.ruby"":0,""boxAllCount"":2430,""curserver"":1,""install_day"":""2025-12-06"",""total_payment_amount"":20900,""user_name"":""헤엄쳐붕어빵"",""user_rank"":3527,""user_stage"":300}"
"stage_reached_300 (App)","W:20_0A:19_0","21","{""Time"":""2025-12-29 02:32:23"",""UserUUID"":""521882f0-d447-11f0-b034-1d5c4dd4b791"",""attendance_count"":21,""b.diamond"":175857,""b.ruby"":0,""boxAllCount"":3540,""curserver"":1,""install_day"":""2025-12-08"",""total_payment_amount"":0,""user_name"":""운수"",""user_rank"":3514,""user_stage"":300}"
"stage_reached_300 (App)","W:22_0A:21_0","23","{""Time"":""2025-12-29 02:21:35"",""UserUUID"":""7356fc80-d2cb-11f0-945b-978702e00770"",""attendance_count"":23,""b.diamond"":175263,""b.ruby"":0,""boxAllCount"":6550,""curserver"":1,""install_day"":""2025-12-06"",""total_payment_amount"":20900,""user_name"":""못다핀꽃한송이"",""user_rank"":3505,""user_stage"":300}"
"stage_reached_300 (App)","W:23_0A:20_0","52","{""Time"":""2025-12-29 01:38:14"",""UserUUID"":""0c542c80-bb31-11f0-a4d3-edbb47ea5aaa"",""attendance_count"":52,""b.diamond"":2425,""b.ruby"":0,""boxAllCount"":15840,""curserver"":1,""install_day"":""2025-11-06"",""total_payment_amount"":0,""user_name"":""오오올"",""user_rank"":3513,""user_stage"":300}"
"stage_reached_300 (App)","W:23_0A:20_0","28","{""Time"":""2025-12-29 00:37:02"",""UserUUID"":""f5efced0-cf2c-11f0-bd53-434f5dd6eb3f"",""attendance_count"":28,""b.diamond"":991179,""b.ruby"":0,""boxAllCount"":6520,""curserver"":1,""install_day"":""2025-12-02"",""total_payment_amount"":7700,""user_name"":""불좀주삼"",""user_rank"":3525,""user_stage"":300}"
"stage_reached_300 (App)","W:22_0A:22_0","34","{""Time"":""2025-12-28 22:59:45"",""UserUUID"":""5bcf4f10-c7bb-11f0-af84-c138ed71ad17"",""attendance_count"":34,""b.diamond"":23359,""b.ruby"":0,""boxAllCount"":10360,""curserver"":1,""install_day"":""2025-11-22"",""total_payment_amount"":7700,""user_name"":""천보미3"",""user_rank"":3561,""user_stage"":300}"
"stage_reached_300 (App)","W:22_0A:23_0","18","{""Time"":""2025-12-28 21:55:59"",""UserUUID"":""51722ae0-d636-11f0-a11a-270f7b08792f"",""attendance_count"":18,""b.diamond"":253943,""b.ruby"":0,""boxAllCount"":7950,""curserver"":1,""install_day"":""2025-12-11"",""total_payment_amount"":154000,""user_name"":""쭈바"",""user_rank"":3511,""user_stage"":300}"
"stage_reached_300 (App)","W:20_0A:19_0","19","{""Time"":""2025-12-28 18:31:43"",""UserUUID"":""ad28ee20-d5d0-11f0-826a-f19fae71c581"",""attendance_count"":19,""b.diamond"":566,""b.ruby"":0,""boxAllCount"":1560,""curserver"":1,""install_day"":""2025-12-10"",""total_payment_amount"":7700,""user_name"":""이서아범"",""user_rank"":3503,""user_stage"":300}"
"stage_reached_300 (App)","W:20_0A:19_0","26","{""Time"":""2025-12-28 11:47:27"",""UserUUID"":""99ca8f80-cfd8-11f0-a7cb-0bc69e64c77b"",""attendance_count"":26,""b.diamond"":17408,""b.ruby"":0,""boxAllCount"":1470,""curserver"":1,""install_day"":""2025-12-02"",""total_payment_amount"":7700,""user_name"":""JACKNINE"",""user_rank"":3499,""user_stage"":300}"
"stage_reached_300 (App)","W:20_0A:19_0","18","{""Time"":""2025-12-28 11:36:58"",""UserUUID"":""2c9105b0-d61e-11f0-89df-4d1d74858655"",""attendance_count"":18,""b.diamond"":42986,""b.ruby"":0,""boxAllCount"":4390,""curserver"":1,""install_day"":""2025-12-10"",""total_payment_amount"":7700,""user_name"":""임주"",""user_rank"":3534,""user_stage"":300}"
"stage_reached_300 (App)","W:22_0A:20_0","24","{""Time"":""2025-12-28 09:11:59"",""UserUUID"":""38371c70-d19a-11f0-a2a9-53bb289f28ea"",""attendance_count"":24,""b.diamond"":967625,""b.ruby"":0,""boxAllCount"":11120,""curserver"":1,""install_day"":""2025-12-05"",""total_payment_amount"":7700,""user_name"":""돌무새"",""user_rank"":3496,""user_stage"":300}"
"stage_reached_300 (App)","W:23_0A:23_0","9","{""Time"":""2025-12-28 01:40:46"",""UserUUID"":""46834e60-dda8-11f0-9151-99f1d5df2cf4"",""attendance_count"":9,""b.diamond"":11160,""b.ruby"":0,""boxAllCount"":7660,""curserver"":1,""install_day"":""2025-12-20"",""total_payment_amount"":139700,""user_name"":""제트앙"",""user_rank"":3587,""user_stage"":300}"
"stage_reached_300 (App)","W:24_0A:19_0","100","{""Time"":""2025-12-27 21:58:00"",""UserUUID"":""9cb69780-80ea-11f0-8d61-1591656d6f8c"",""attendance_count"":100,""b.diamond"":29973,""b.ruby"":0,""boxAllCount"":2250,""curserver"":1,""install_day"":""2025-08-24"",""total_payment_amount"":0,""user_name"":""일품협객"",""user_rank"":3599,""user_stage"":300}"
"stage_reached_300 (App)","W:21_0A:19_0","24","{""Time"":""2025-12-27 16:31:36"",""UserUUID"":""988fef50-d11a-11f0-9ace-71d28638b400"",""attendance_count"":24,""b.diamond"":3435,""b.ruby"":0,""boxAllCount"":3240,""curserver"":1,""install_day"":""2025-12-04"",""total_payment_amount"":7700,""user_name"":""Xen"",""user_rank"":3490,""user_stage"":300}"
"stage_reached_300 (App)","W:22_0A:19_0","15","{""Time"":""2025-12-27 15:41:38"",""UserUUID"":""2f444970-d7cc-11f0-bf54-0f86b6b1b063"",""attendance_count"":15,""b.diamond"":4954,""b.ruby"":0,""boxAllCount"":1080,""curserver"":1,""install_day"":""2025-12-13"",""total_payment_amount"":7700,""user_name"":""대영"",""user_rank"":3496,""user_stage"":300}"
"stage_reached_300 (App)","W:20_0A:19_0","35","{""Time"":""2025-12-27 12:14:37"",""UserUUID"":""28722570-c7b6-11f0-a1e4-076c0c318760"",""attendance_count"":35,""b.diamond"":1267947,""b.ruby"":0,""boxAllCount"":3140,""curserver"":1,""install_day"":""2025-11-22"",""total_payment_amount"":7700,""user_name"":""난세님"",""user_rank"":3507,""user_stage"":300}"
"stage_reached_300 (App)","W:20_0A:19_0","26","{""Time"":""2025-12-27 09:41:01"",""UserUUID"":""ba5b3370-cf39-11f0-8628-9d43469d462c"",""attendance_count"":26,""b.diamond"":603440,""b.ruby"":0,""boxAllCount"":1290,""curserver"":1,""install_day"":""2025-12-02"",""total_payment_amount"":7700,""user_name"":""여놔공주"",""user_rank"":3486,""user_stage"":300}"
"stage_reached_300 (App)","W:22_0A:19_0","20","{""Time"":""2025-12-27 09:08:09"",""UserUUID"":""7c4e6a30-d37a-11f0-bcc1-19633a19536a"",""attendance_count"":20,""b.diamond"":27793,""b.ruby"":0,""boxAllCount"":4510,""curserver"":1,""install_day"":""2025-12-07"",""total_payment_amount"":29700,""user_name"":""뇽늉"",""user_rank"":3544,""user_stage"":300}"
"stage_reached_300 (App)","W:20_0A:20_0","22","{""Time"":""2025-12-27 08:03:36"",""UserUUID"":""39cf36a0-d260-11f0-81b0-fdd650f327f9"",""attendance_count"":22,""b.diamond"":83559,""b.ruby"":0,""boxAllCount"":7110,""curserver"":1,""install_day"":""2025-12-06"",""total_payment_amount"":7700,""user_name"":""레비앙"",""user_rank"":3489,""user_stage"":300}"
"stage_reached_300 (App)","W:23_0A:19_0","10","{""Time"":""2025-12-27 05:17:17"",""UserUUID"":""dcfbc930-db5f-11f0-970e-a58816fb947b"",""attendance_count"":10,""b.diamond"":12586,""b.ruby"":110,""boxAllCount"":2580,""curserver"":1,""install_day"":""2025-12-17"",""total_payment_amount"":11000,""user_name"":""핑돼"",""user_rank"":3488,""user_stage"":300}"
"stage_reached_300 (App)","W:23_0A:20_0","20","{""Time"":""2025-12-27 03:24:21"",""UserUUID"":""9d671f70-d3c3-11f0-bbd3-a3f1b71aca0d"",""attendance_count"":20,""b.diamond"":210008,""b.ruby"":0,""boxAllCount"":10460,""curserver"":1,""install_day"":""2025-12-07"",""total_payment_amount"":40700,""user_name"":""LYN"",""user_rank"":3520,""user_stage"":300}"
"stage_reached_300 (App)","W:20_0A:19_0","15","{""Time"":""2025-12-27 01:50:07"",""UserUUID"":""e626c920-d820-11f0-a262-3de3ad1b0eb1"",""attendance_count"":15,""b.diamond"":17249,""b.ruby"":0,""boxAllCount"":1360,""curserver"":1,""install_day"":""2025-12-13"",""total_payment_amount"":84700,""user_name"":""뷰징"",""user_rank"":3501,""user_stage"":300}"
"stage_reached_300 (App)","W:23_0A:21_0","59","{""Time"":""2025-12-27 00:21:57"",""UserUUID"":""b4041ab0-a2ba-11f0-82e4-03b1b6409da3"",""attendance_count"":59,""b.diamond"":108716,""b.ruby"":0,""boxAllCount"":18560,""curserver"":1,""install_day"":""2025-10-06"",""total_payment_amount"":0,""user_name"":""부여주"",""user_rank"":3543,""user_stage"":300}"
"stage_reached_300 (App)","W:22_0A:20_0","31","{""Time"":""2025-12-26 22:40:59"",""UserUUID"":""65312fe0-be0d-11f0-91b5-6f96a21c392c"",""attendance_count"":31,""b.diamond"":81917,""b.ruby"":0,""boxAllCount"":3780,""curserver"":1,""install_day"":""2025-11-10"",""total_payment_amount"":7700,""user_name"":""pba"",""user_rank"":3519,""user_stage"":300}"
"stage_reached_300 (App)","W:21_0A:19_0","21","{""Time"":""2025-12-26 22:07:30"",""UserUUID"":""490b2950-d245-11f0-b87e-79f2722a3d56"",""attendance_count"":21,""b.diamond"":10711,""b.ruby"":0,""boxAllCount"":1450,""curserver"":1,""install_day"":""2025-12-06"",""total_payment_amount"":7700,""user_name"":""개골리"",""user_rank"":3478,""user_stage"":300}"
"stage_reached_300 (App)","W:23_0A:20_0","27","{""Time"":""2025-12-26 21:07:27"",""UserUUID"":""97f75530-ccae-11f0-a543-3132c89a0aa3"",""attendance_count"":27,""b.diamond"":433051,""b.ruby"":0,""boxAllCount"":12950,""curserver"":1,""install_day"":""2025-11-28"",""total_payment_amount"":7700,""user_name"":""맛동산맛나"",""user_rank"":3481,""user_stage"":300}"
"stage_reached_300 (App)","W:20_0A:19_0","18","{""Time"":""2025-12-26 14:45:12"",""UserUUID"":""d235c440-d495-11f0-9135-6f97d23ded76"",""attendance_count"":18,""b.diamond"":21373,""b.ruby"":0,""boxAllCount"":3520,""curserver"":1,""install_day"":""2025-12-09"",""total_payment_amount"":7700,""user_name"":""피즈치자"",""user_rank"":3484,""user_stage"":300}"
"stage_reached_300 (App)","W:21_0A:19_0","19","{""Time"":""2025-12-26 12:52:26"",""UserUUID"":""cec98150-d406-11f0-84dc-05571f73d6bf"",""attendance_count"":19,""b.diamond"":2060,""b.ruby"":0,""boxAllCount"":3910,""curserver"":1,""install_day"":""2025-12-08"",""total_payment_amount"":9900,""user_name"":""봉봉e"",""user_rank"":3473,""user_stage"":300}"
"stage_reached_300 (App)","W:21_0A:19_0","21","{""Time"":""2025-12-26 10:29:51"",""UserUUID"":""117b2bd0-d019-11f0-8abf-6938817f1f0a"",""attendance_count"":21,""b.diamond"":119581,""b.ruby"":0,""boxAllCount"":1230,""curserver"":1,""install_day"":""2025-12-03"",""total_payment_amount"":7700,""user_name"":""운마"",""user_rank"":3476,""user_stage"":300}"
"stage_reached_300 (App)","W:21_0A:20_0","30","{""Time"":""2025-12-26 08:41:50"",""UserUUID"":""f381ec50-cb6c-11f0-92f9-2938c38dd780"",""attendance_count"":30,""b.diamond"":502829,""b.ruby"":0,""boxAllCount"":8110,""curserver"":1,""install_day"":""2025-11-27"",""total_payment_amount"":7700,""user_name"":""파이리츠"",""user_rank"":3511,""user_stage"":300}"
"stage_reached_300 (App)","W:22_0A:16_0","18","{""Time"":""2025-12-26 08:11:32"",""UserUUID"":""f4a8aac0-d4bc-11f0-a235-5f27995adc9f"",""attendance_count"":18,""b.diamond"":25300,""b.ruby"":0,""boxAllCount"":2400,""curserver"":1,""install_day"":""2025-12-09"",""total_payment_amount"":7700,""user_name"":""돌체하니"",""user_rank"":3501,""user_stage"":300}"
"stage_reached_300 (App)","W:20_0A:19_0","24","{""Time"":""2025-12-26 08:11:12"",""UserUUID"":""36f05be0-cf3a-11f0-9aeb-058b22054d24"",""attendance_count"":24,""b.diamond"":18975,""b.ruby"":0,""boxAllCount"":2430,""curserver"":1,""install_day"":""2025-12-02"",""total_payment_amount"":7700,""user_name"":""앤디"",""user_rank"":3473,""user_stage"":300}"
"stage_reached_300 (App)","W:20_0A:19_0","20","{""Time"":""2025-12-26 07:03:45"",""UserUUID"":""ad119e90-d2fc-11f0-85a2-e7a81e2a3c6a"",""attendance_count"":20,""b.diamond"":49228,""b.ruby"":0,""boxAllCount"":1710,""curserver"":1,""install_day"":""2025-12-06"",""total_payment_amount"":7700,""user_name"":""성중"",""user_rank"":3478,""user_stage"":300}"
"stage_reached_300 (App)","W:20_0A:19_0","21","{""Time"":""2025-12-26 06:19:11"",""UserUUID"":""ae008880-d2a6-11f0-918d-e172697cc33d"",""attendance_count"":21,""b.diamond"":6770,""b.ruby"":0,""boxAllCount"":630,""curserver"":1,""install_day"":""2025-12-06"",""total_payment_amount"":0,""user_name"":""고왕"",""user_rank"":3474,""user_stage"":300}"
"stage_reached_300 (App)","W:22_0A:22_0","61","{""Time"":""2025-12-25 22:21:38"",""UserUUID"":""a11f29d0-abc0-11f0-9923-034844c51bd9"",""attendance_count"":61,""b.diamond"":1048730,""b.ruby"":0,""boxAllCount"":2290,""curserver"":1,""install_day"":""2025-10-18"",""total_payment_amount"":7700,""user_name"":""각짱"",""user_rank"":3476,""user_stage"":300}"
"stage_reached_300 (App)","W:21_0A:19_0","20","{""Time"":""2025-12-25 19:23:41"",""UserUUID"":""9438fbb0-d2a3-11f0-a1f7-2d870800d967"",""attendance_count"":20,""b.diamond"":43369,""b.ruby"":0,""boxAllCount"":3110,""curserver"":1,""install_day"":""2025-12-06"",""total_payment_amount"":7700,""user_name"":""댕진"",""user_rank"":3487,""user_stage"":300}"
"stage_reached_300 (App)","W:21_0A:19_0","25","{""Time"":""2025-12-25 17:08:36"",""UserUUID"":""46374850-cea1-11f0-91ad-474632e72d8a"",""attendance_count"":25,""b.diamond"":9316,""b.ruby"":0,""boxAllCount"":5580,""curserver"":1,""install_day"":""2025-12-01"",""total_payment_amount"":7700,""user_name"":""풀스윙"",""user_rank"":3467,""user_stage"":300}"
"stage_reached_300 (App)","W:20_0A:19_0","22","{""Time"":""2025-12-25 16:10:51"",""UserUUID"":""3ffc2090-d0c8-11f0-9482-459b072349da"",""attendance_count"":22,""b.diamond"":12322,""b.ruby"":0,""boxAllCount"":570,""curserver"":1,""install_day"":""2025-12-04"",""total_payment_amount"":7700,""user_name"":""완동"",""user_rank"":3657,""user_stage"":300}"
"stage_reached_300 (App)","W:22_0A:19_0","29","{""Time"":""2025-12-25 13:26:26"",""UserUUID"":""4fa47b10-ca96-11f0-93d3-3188d6487afd"",""attendance_count"":29,""b.diamond"":4303,""b.ruby"":0,""boxAllCount"":6490,""curserver"":1,""install_day"":""2025-11-26"",""total_payment_amount"":7700,""user_name"":""갈뤽"",""user_rank"":3537,""user_stage"":300}"
"stage_reached_300 (App)","W:23_0A:19_0","40","{""Time"":""2025-12-25 10:08:32"",""UserUUID"":""76ca75b0-c2e3-11f0-8172-3f6838132d74"",""attendance_count"":40,""b.diamond"":259455,""b.ruby"":0,""boxAllCount"":2300,""curserver"":1,""install_day"":""2025-11-16"",""total_payment_amount"":0,""user_name"":""규히코히"",""user_rank"":3466,""user_stage"":300}"
"stage_reached_300 (App)","W:23_0A:23_0","21","{""Time"":""2025-12-25 09:15:17"",""UserUUID"":""ddaddb40-cda2-11f0-9c1f-b9d86348c7ed"",""attendance_count"":21,""b.diamond"":282010,""b.ruby"":0,""boxAllCount"":16160,""curserver"":1,""install_day"":""2025-11-30"",""total_payment_amount"":106700,""user_name"":""유금필"",""user_rank"":3584,""user_stage"":300}"
"stage_reached_300 (App)","W:20_0A:19_0","23","{""Time"":""2025-12-25 05:04:02"",""UserUUID"":""9326e220-cd42-11f0-9353-b1ff925e388b"",""attendance_count"":23,""b.diamond"":3929,""b.ruby"":0,""boxAllCount"":1970,""curserver"":1,""install_day"":""2025-11-29"",""total_payment_amount"":14300,""user_name"":""도원수"",""user_rank"":3482,""user_stage"":300}"
"stage_reached_300 (App)","W:20_0A:22_0","24","{""Time"":""2025-12-25 03:45:50"",""UserUUID"":""31e60c00-cf3d-11f0-9aeb-058b22054d24"",""attendance_count"":24,""b.diamond"":580118,""b.ruby"":660,""boxAllCount"":6100,""curserver"":1,""install_day"":""2025-12-02"",""total_payment_amount"":40700,""user_name"":""규율"",""user_rank"":3481,""user_stage"":300}"
"stage_reached_300 (App)","W:21_0A:19_0","13","{""Time"":""2025-12-25 02:37:56"",""UserUUID"":""33b2c780-d816-11f0-befb-879d4d8955d8"",""attendance_count"":13,""b.diamond"":22436,""b.ruby"":0,""boxAllCount"":1680,""curserver"":1,""install_day"":""2025-12-13"",""total_payment_amount"":77000,""user_name"":""조몽"",""user_rank"":3463,""user_stage"":300}"
"stage_reached_300 (App)","W:21_0A:20_0","36","{""Time"":""2025-12-25 00:33:28"",""UserUUID"":""209405b0-c443-11f0-adbe-b3c6b091a142"",""attendance_count"":36,""b.diamond"":333428,""b.ruby"":0,""boxAllCount"":14430,""curserver"":1,""install_day"":""2025-11-18"",""total_payment_amount"":7700,""user_name"":""매미리"",""user_rank"":3464,""user_stage"":300}"
"stage_reached_300 (App)","W:20_0A:19_0","19","{""Time"":""2025-12-25 00:26:28"",""UserUUID"":""82169e60-d320-11f0-8bd4-c71a33bb84c6"",""attendance_count"":19,""b.diamond"":11247,""b.ruby"":0,""boxAllCount"":1620,""curserver"":1,""install_day"":""2025-12-07"",""total_payment_amount"":8800,""user_name"":""도파민"",""user_rank"":3464,""user_stage"":300}"
"stage_reached_300 (App)","W:20_0A:19_0","7","{""Time"":""2025-12-24 23:11:17"",""UserUUID"":""26fefda0-dc13-11f0-a311-01aeac5c39e2"",""attendance_count"":7,""b.diamond"":133043,""b.ruby"":330,""boxAllCount"":3160,""curserver"":1,""install_day"":""2025-12-18"",""total_payment_amount"":174900,""user_name"":""장인"",""user_rank"":3516,""user_stage"":300}"
"stage_reached_300 (App)","W:23_0A:23_0","12","{""Time"":""2025-12-24 13:21:07"",""UserUUID"":""26758170-d825-11f0-8cbd-99bffed43d17"",""attendance_count"":12,""b.diamond"":9750,""b.ruby"":0,""boxAllCount"":3480,""curserver"":1,""install_day"":""2025-12-13"",""total_payment_amount"":88000,""user_name"":""태리파파"",""user_rank"":3475,""user_stage"":300}"
"stage_reached_300 (App)","W:20_0A:19_0","22","{""Time"":""2025-12-24 12:18:50"",""UserUUID"":""128ae490-d00d-11f0-a057-434ebbc06554"",""attendance_count"":22,""b.diamond"":433336,""b.ruby"":0,""boxAllCount"":1450,""curserver"":1,""install_day"":""2025-12-03"",""total_payment_amount"":7700,""user_name"":""퐁퐁퐁퐁"",""user_rank"":3464,""user_stage"":300}"
"stage_reached_300 (App)","W:20_0A:19_0","19","{""Time"":""2025-12-24 04:56:56"",""UserUUID"":""f2a3c9c0-d1ed-11f0-a329-29a9d18c6412"",""attendance_count"":19,""b.diamond"":7903,""b.ruby"":0,""boxAllCount"":1050,""curserver"":1,""install_day"":""2025-12-05"",""total_payment_amount"":7700,""user_name"":""ffdyu"",""user_rank"":3454,""user_stage"":300}"
"stage_reached_300 (App)","W:21_0A:23_0","43","{""Time"":""2025-12-24 01:29:25"",""UserUUID"":""939b25b0-bf76-11f0-a575-73b567fd2bad"",""attendance_count"":43,""b.diamond"":1517229,""b.ruby"":0,""boxAllCount"":9690,""curserver"":1,""install_day"":""2025-11-12"",""total_payment_amount"":7700,""user_name"":""좋아요와구독"",""user_rank"":3469,""user_stage"":300}"
"stage_reached_300 (App)","W:22_0A:23_0","28","{""Time"":""2025-12-24 00:34:09"",""UserUUID"":""8b67da40-cb1b-11f0-aa3d-7bba626c2c70"",""attendance_count"":28,""b.diamond"":225727,""b.ruby"":0,""boxAllCount"":13190,""curserver"":1,""install_day"":""2025-11-26"",""total_payment_amount"":14300,""user_name"":""웅설재"",""user_rank"":3451,""user_stage"":300}"
"stage_reached_300 (App)","W:21_0A:19_0","15","{""Time"":""2025-12-24 00:13:24"",""UserUUID"":""88639be0-d598-11f0-951e-1d77575ad5dc"",""attendance_count"":15,""b.diamond"":5174,""b.ruby"":0,""boxAllCount"":3030,""curserver"":1,""install_day"":""2025-12-10"",""total_payment_amount"":36300,""user_name"":""우루랑"",""user_rank"":3451,""user_stage"":300}"
"stage_reached_300 (App)","W:21_0A:19_0","47","{""Time"":""2025-12-23 22:20:09"",""UserUUID"":""b82987e0-ae33-11f0-bffc-a54844912fd6"",""attendance_count"":47,""b.diamond"":7173,""b.ruby"":0,""boxAllCount"":1650,""curserver"":1,""install_day"":""2025-10-21"",""total_payment_amount"":0,""user_name"":""제갈민석"",""user_rank"":3449,""user_stage"":300}"
"stage_reached_300 (App)","W:23_0A:23_0","18","{""Time"":""2025-12-23 19:48:08"",""UserUUID"":""4328b550-d0fd-11f0-a135-cdba93f03c8e"",""attendance_count"":18,""b.diamond"":427568,""b.ruby"":220,""boxAllCount"":16230,""curserver"":1,""install_day"":""2025-12-04"",""total_payment_amount"":124300,""user_name"":""Yoon532"",""user_rank"":3465,""user_stage"":300}"
"stage_reached_300 (App)","W:21_0A:20_0","39","{""Time"":""2025-12-23 18:45:10"",""UserUUID"":""caf20240-c1d8-11f0-88d5-295ad8961215"",""attendance_count"":39,""b.diamond"":382457,""b.ruby"":0,""boxAllCount"":6890,""curserver"":1,""install_day"":""2025-11-15"",""total_payment_amount"":7700,""user_name"":""까만휴지"",""user_rank"":3549,""user_stage"":300}"
"stage_reached_300 (App)","W:23_0A:19_0","3","{""Time"":""2025-12-23 18:22:31"",""UserUUID"":""4fd59e60-de38-11f0-9f46-43370ba35199"",""attendance_count"":3,""b.diamond"":357508,""b.ruby"":2310,""boxAllCount"":4850,""curserver"":1,""install_day"":""2025-12-21"",""total_payment_amount"":451000,""user_name"":""알레스굿"",""user_rank"":3480,""user_stage"":300}"
"stage_reached_300 (App)","W:20_0A:20_0","37","{""Time"":""2025-12-23 18:11:10"",""UserUUID"":""7423c8a0-c344-11f0-84d3-d130a702dd19"",""attendance_count"":37,""b.diamond"":1453515,""b.ruby"":220,""boxAllCount"":7080,""curserver"":1,""install_day"":""2025-11-16"",""total_payment_amount"":29700,""user_name"":""북원"",""user_rank"":3452,""user_stage"":300}"
"stage_reached_300 (App)","W:23_0A:20_0","16","{""Time"":""2025-12-23 12:38:47"",""UserUUID"":""eaf10710-d41d-11f0-b820-f17fefc40f21"",""attendance_count"":16,""b.diamond"":11394,""b.ruby"":0,""boxAllCount"":6280,""curserver"":1,""install_day"":""2025-12-08"",""total_payment_amount"":62700,""user_name"":""일광두루미"",""user_rank"":3474,""user_stage"":300}"
"stage_reached_300 (App)","W:21_0A:19_0","26","{""Time"":""2025-12-23 11:48:18"",""UserUUID"":""89795130-cc4e-11f0-ae1d-6d0f25e639e0"",""attendance_count"":26,""b.diamond"":74910,""b.ruby"":0,""boxAllCount"":6720,""curserver"":1,""install_day"":""2025-11-28"",""total_payment_amount"":14300,""user_name"":""치후"",""user_rank"":3485,""user_stage"":300}"
"stage_reached_300 (App)","W:20_0A:19_0","20","{""Time"":""2025-12-23 11:46:34"",""UserUUID"":""0f17ba10-ca6b-11f0-8938-a9fe3c5adfbb"",""attendance_count"":20,""b.diamond"":16532,""b.ruby"":0,""boxAllCount"":1200,""curserver"":1,""install_day"":""2025-11-26"",""total_payment_amount"":7700,""user_name"":""다량"",""user_rank"":3495,""user_stage"":300}"
"stage_reached_300 (App)","W:23_0A:22_0","20","{""Time"":""2025-12-23 10:44:59"",""UserUUID"":""f225bc80-cd81-11f0-b227-efed89f34db6"",""attendance_count"":20,""b.diamond"":195343,""b.ruby"":0,""boxAllCount"":9920,""curserver"":1,""install_day"":""2025-11-30"",""total_payment_amount"":7700,""user_name"":""기능성곰돌이"",""user_rank"":3442,""user_stage"":300}"
"stage_reached_300 (App)","W:22_0A:19_0","30","{""Time"":""2025-12-23 08:51:32"",""UserUUID"":""48535590-c882-11f0-ad69-372492fff6af"",""attendance_count"":30,""b.diamond"":4472,""b.ruby"":0,""boxAllCount"":1940,""curserver"":1,""install_day"":""2025-11-23"",""total_payment_amount"":0,""user_name"":""껑충이"",""user_rank"":3463,""user_stage"":300}"
"stage_reached_300 (App)","W:20_0A:19_0","22","{""Time"":""2025-12-23 07:40:53"",""UserUUID"":""8fae7c20-cf22-11f0-bd53-434f5dd6eb3f"",""attendance_count"":22,""b.diamond"":11507,""b.ruby"":0,""boxAllCount"":3180,""curserver"":1,""install_day"":""2025-12-02"",""total_payment_amount"":19800,""user_name"":""ghygg"",""user_rank"":3495,""user_stage"":300}"
"stage_reached_300 (App)","W:23_0A:22_0","36","{""Time"":""2025-12-23 04:40:50"",""UserUUID"":""58865660-adcb-11ef-a454-0fb7d9f813eb"",""attendance_count"":36,""b.diamond"":2353,""b.ruby"":0,""boxAllCount"":12490,""curserver"":0,""install_day"":""2024-11-28"",""total_payment_amount"":7700,""user_name"":""호랑"",""user_rank"":366,""user_stage"":300}"
"stage_reached_300 (App)","W:21_0A:20_0","36","{""Time"":""2025-12-23 00:31:50"",""UserUUID"":""34192480-c40c-11f0-8266-3b39f1127d4f"",""attendance_count"":36,""b.diamond"":25693,""b.ruby"":0,""boxAllCount"":5450,""curserver"":1,""install_day"":""2025-11-17"",""total_payment_amount"":0,""user_name"":""reo"",""user_rank"":3437,""user_stage"":300}"
"stage_reached_300 (App)","W:20_0A:19_0","17","{""Time"":""2025-12-23 00:26:25"",""UserUUID"":""f79f1280-d2bb-11f0-8f67-2fc27a6d79ce"",""attendance_count"":17,""b.diamond"":7426,""b.ruby"":0,""boxAllCount"":3960,""curserver"":1,""install_day"":""2025-12-06"",""total_payment_amount"":62700,""user_name"":""조백구"",""user_rank"":3452,""user_stage"":300}"
"stage_reached_300 (App)","W:20_0A:20_0","28","{""Time"":""2025-12-23 00:16:09"",""UserUUID"":""ae40ea20-cad5-11f0-aea2-7749e6bfc452"",""attendance_count"":28,""b.diamond"":29571,""b.ruby"":0,""boxAllCount"":7690,""curserver"":1,""install_day"":""2025-11-26"",""total_payment_amount"":7700,""user_name"":""딸기가좋아"",""user_rank"":3509,""user_stage"":300}"
"stage_reached_300 (App)","W:22_0A:22_0","104","{""Time"":""2025-12-22 16:36:09"",""UserUUID"":""bc43a570-869e-11f0-bed5-ab4cf891ff94"",""attendance_count"":104,""b.diamond"":2077514,""b.ruby"":0,""boxAllCount"":9280,""curserver"":1,""install_day"":""2025-08-31"",""total_payment_amount"":0,""user_name"":""prut"",""user_rank"":3491,""user_stage"":300}"
"stage_reached_300 (App)","W:22_0A:19_0","34","{""Time"":""2025-12-22 16:02:32"",""UserUUID"":""b2709590-c43c-11f0-9bf9-6789603273ce"",""attendance_count"":34,""b.diamond"":105940,""b.ruby"":0,""boxAllCount"":3410,""curserver"":1,""install_day"":""2025-11-18"",""total_payment_amount"":7700,""user_name"":""관수현은정"",""user_rank"":3448,""user_stage"":300}"
"stage_reached_300 (App)","W:22_0A:20_0","19","{""Time"":""2025-12-22 14:16:56"",""UserUUID"":""b1c674d0-d11f-11f0-8363-57e2ddfd0e8b"",""attendance_count"":19,""b.diamond"":15289,""b.ruby"":0,""boxAllCount"":6240,""curserver"":1,""install_day"":""2025-12-04"",""total_payment_amount"":7700,""user_name"":""고순"",""user_rank"":3435,""user_stage"":300}"
"stage_reached_300 (App)","W:20_0A:19_0","16","{""Time"":""2025-12-22 13:42:41"",""UserUUID"":""f3ce56a0-d317-11f0-9e97-ed5ed872a196"",""attendance_count"":16,""b.diamond"":13778,""b.ruby"":0,""boxAllCount"":1770,""curserver"":1,""install_day"":""2025-12-07"",""total_payment_amount"":40700,""user_name"":""난령"",""user_rank"":3435,""user_stage"":300}"
"stage_reached_300 (App)","W:23_0A:19_0","16","{""Time"":""2025-12-22 12:58:58"",""UserUUID"":""e90906b0-d32c-11f0-9055-530019447e7c"",""attendance_count"":16,""b.diamond"":14736,""b.ruby"":0,""boxAllCount"":1740,""curserver"":1,""install_day"":""2025-12-07"",""total_payment_amount"":7700,""user_name"":""새우투"",""user_rank"":3585,""user_stage"":300}"
"stage_reached_300 (App)","W:20_0A:19_0","26","{""Time"":""2025-12-22 09:50:24"",""UserUUID"":""07c74910-cb92-11f0-8e7d-1fa7be194932"",""attendance_count"":26,""b.diamond"":202118,""b.ruby"":0,""boxAllCount"":6360,""curserver"":1,""install_day"":""2025-11-27"",""total_payment_amount"":7700,""user_name"":""사과맛캔디"",""user_rank"":3434,""user_stage"":300}"
"stage_reached_300 (App)","W:22_0A:20_0","28","{""Time"":""2025-12-22 06:23:04"",""UserUUID"":""ec2a0510-c9d1-11f0-935c-473ef28b2b31"",""attendance_count"":28,""b.diamond"":192027,""b.ruby"":0,""boxAllCount"":8750,""curserver"":1,""install_day"":""2025-11-25"",""total_payment_amount"":7700,""user_name"":""서채"",""user_rank"":3443,""user_stage"":300}"
"stage_reached_300 (App)","W:20_0A:19_0","25","{""Time"":""2025-12-22 04:21:17"",""UserUUID"":""e25a8370-cc2e-11f0-816d-7b1d0cc35d47"",""attendance_count"":25,""b.diamond"":331809,""b.ruby"":0,""boxAllCount"":2070,""curserver"":1,""install_day"":""2025-11-28"",""total_payment_amount"":7700,""user_name"":""눈달팽이"",""user_rank"":3443,""user_stage"":300}"
"stage_reached_300 (App)","W:21_0A:19_0","25","{""Time"":""2025-12-22 01:08:32"",""UserUUID"":""f4e3cd90-cc2d-11f0-ae41-637f52809895"",""attendance_count"":25,""b.diamond"":3425,""b.ruby"":0,""boxAllCount"":2760,""curserver"":1,""install_day"":""2025-11-28"",""total_payment_amount"":88000,""user_name"":""토비타신치"",""user_rank"":3442,""user_stage"":300}"
"stage_reached_300 (App)","W:23_0A:20_0","24","{""Time"":""2025-12-22 00:21:25"",""UserUUID"":""27520270-cd27-11f0-950e-a7a1ef72acba"",""attendance_count"":24,""b.diamond"":208088,""b.ruby"":0,""boxAllCount"":16380,""curserver"":1,""install_day"":""2025-11-29"",""total_payment_amount"":58300,""user_name"":""현백"",""user_rank"":3427,""user_stage"":300}"
"stage_reached_300 (App)","W:23_0A:20_0","62","{""Time"":""2025-12-21 20:34:30"",""UserUUID"":""123b3690-ab71-11f0-8d58-8def2f7c105d"",""attendance_count"":62,""b.diamond"":3391945,""b.ruby"":0,""boxAllCount"":6590,""curserver"":1,""install_day"":""2025-10-17"",""total_payment_amount"":7700,""user_name"":""동동프린스"",""user_rank"":3447,""user_stage"":300}"
"stage_reached_300 (App)","W:22_0A:19_0","21","{""Time"":""2025-12-21 19:26:01"",""UserUUID"":""e254ece0-ce99-11f0-af12-5d071558240c"",""attendance_count"":21,""b.diamond"":4293,""b.ruby"":0,""boxAllCount"":1680,""curserver"":1,""install_day"":""2025-12-01"",""total_payment_amount"":7700,""user_name"":""하이킥"",""user_rank"":3427,""user_stage"":300}"
"stage_reached_300 (App)","W:23_0A:19_0","18","{""Time"":""2025-12-21 13:03:04"",""UserUUID"":""1edf6ab0-d0e2-11f0-9f5a-f97ae3c206ff"",""attendance_count"":18,""b.diamond"":9713,""b.ruby"":0,""boxAllCount"":1870,""curserver"":1,""install_day"":""2025-12-04"",""total_payment_amount"":20900,""user_name"":""토마토끼"",""user_rank"":3425,""user_stage"":300}"
"stage_reached_300 (App)","W:20_0A:19_0","21","{""Time"":""2025-12-21 10:23:14"",""UserUUID"":""4224f330-ce87-11f0-b1c8-8bf1e4e378b9"",""attendance_count"":21,""b.diamond"":595121,""b.ruby"":0,""boxAllCount"":3660,""curserver"":1,""install_day"":""2025-12-01"",""total_payment_amount"":29700,""user_name"":""아따매"",""user_rank"":3436,""user_stage"":300}"
"stage_reached_300 (App)","W:23_0A:19_0","13","{""Time"":""2025-12-21 06:50:33"",""UserUUID"":""77c7e5a0-d504-11f0-89de-298c539e6423"",""attendance_count"":13,""b.diamond"":3412,""b.ruby"":0,""boxAllCount"":4090,""curserver"":1,""install_day"":""2025-12-09"",""total_payment_amount"":28600,""user_name"":""아가윤"",""user_rank"":3420,""user_stage"":300}"
"stage_reached_300 (App)","W:21_0A:20_0","37","{""Time"":""2025-12-21 00:39:06"",""UserUUID"":""dd3d3fb0-c1dc-11f0-a248-cf5767bc5156"",""attendance_count"":37,""b.diamond"":82596,""b.ruby"":0,""boxAllCount"":6510,""curserver"":1,""install_day"":""2025-11-15"",""total_payment_amount"":7700,""user_name"":""에리시스"",""user_rank"":3420,""user_stage"":300}"
"stage_reached_300 (App)","W:20_0A:23_0","36","{""Time"":""2025-12-20 19:10:53"",""UserUUID"":""b7b0e890-bf62-11f0-8232-771c6318a7e1"",""attendance_count"":36,""b.diamond"":107835,""b.ruby"":0,""boxAllCount"":14190,""curserver"":1,""install_day"":""2025-11-12"",""total_payment_amount"":7700,""user_name"":""s광개토태왕s"",""user_rank"":3452,""user_stage"":300}"
"stage_reached_300 (App)","W:23_0A:19_0","14","{""Time"":""2025-12-19 22:49:13"",""UserUUID"":""8d1c7ae0-d178-11f0-ab6f-69ece2f7f032"",""attendance_count"":14,""b.diamond"":41607,""b.ruby"":0,""boxAllCount"":1230,""curserver"":1,""install_day"":""2025-12-05"",""total_payment_amount"":40700,""user_name"":""신원동"",""user_rank"":3440,""user_stage"":300}"
"stage_reached_300 (App)","W:23_0A:19_0","17","{""Time"":""2025-12-19 20:50:17"",""UserUUID"":""1e356990-cfe6-11f0-92d2-cfaf73bf18f2"",""attendance_count"":17,""b.diamond"":8953,""b.ruby"":0,""boxAllCount"":540,""curserver"":1,""install_day"":""2025-12-03"",""total_payment_amount"":33000,""user_name"":""아구와"",""user_rank"":3419,""user_stage"":300}"
"stage_reached_300 (App)","W:22_0A:20_0","17","{""Time"":""2025-12-19 19:18:19"",""UserUUID"":""c27c3310-ce8f-11f0-bf58-651aa423980a"",""attendance_count"":17,""b.diamond"":206510,""b.ruby"":0,""boxAllCount"":4600,""curserver"":1,""install_day"":""2025-12-01"",""total_payment_amount"":7700,""user_name"":""생성중"",""user_rank"":3495,""user_stage"":300}"
"stage_reached_300 (App)","W:20_0A:19_0","17","{""Time"":""2025-12-19 15:43:14"",""UserUUID"":""d9b2dab0-d025-11f0-8702-8d2a153fc9ca"",""attendance_count"":17,""b.diamond"":171,""b.ruby"":0,""boxAllCount"":1190,""curserver"":1,""install_day"":""2025-12-03"",""total_payment_amount"":7700,""user_name"":""체리파파"",""user_rank"":3412,""user_stage"":300}"
"stage_reached_300 (App)","W:23_0A:21_0","18","{""Time"":""2025-12-19 14:28:46"",""UserUUID"":""8590fdc0-cf5f-11f0-99d4-1d9872f92241"",""attendance_count"":18,""b.diamond"":791,""b.ruby"":0,""boxAllCount"":4940,""curserver"":1,""install_day"":""2025-12-02"",""total_payment_amount"":7700,""user_name"":""미우"",""user_rank"":3437,""user_stage"":300}"
"stage_reached_300 (App)","W:21_0A:20_0","21","{""Time"":""2025-12-19 14:08:09"",""UserUUID"":""bc7913f0-ccd4-11f0-950e-a7a1ef72acba"",""attendance_count"":21,""b.diamond"":68882,""b.ruby"":0,""boxAllCount"":6600,""curserver"":1,""install_day"":""2025-11-29"",""total_payment_amount"":7700,""user_name"":""플릿"",""user_rank"":3411,""user_stage"":300}"
"stage_reached_300 (App)","W:22_0A:21_0","24","{""Time"":""2025-12-19 00:20:38"",""UserUUID"":""91790220-ca70-11f0-89e6-1f14b67d5d3e"",""attendance_count"":24,""b.diamond"":2035,""b.ruby"":110,""boxAllCount"":6750,""curserver"":1,""install_day"":""2025-11-26"",""total_payment_amount"":36300,""user_name"":""용근박"",""user_rank"":3408,""user_stage"":300}"
"stage_reached_300 (App)","W:21_0A:23_0","33","{""Time"":""2025-12-18 19:39:27"",""UserUUID"":""b46bd990-c2ed-11f0-916d-ffcab9913327"",""attendance_count"":33,""b.diamond"":130241,""b.ruby"":0,""boxAllCount"":3210,""curserver"":1,""install_day"":""2025-11-16"",""total_payment_amount"":7700,""user_name"":""삼부다이아"",""user_rank"":3586,""user_stage"":300}"
"stage_reached_300 (App)","W:23_0A:20_0","22","{""Time"":""2025-12-18 18:24:32"",""UserUUID"":""c9c17ab0-cb5e-11f0-8d98-8955239ff04f"",""attendance_count"":22,""b.diamond"":510085,""b.ruby"":0,""boxAllCount"":6280,""curserver"":1,""install_day"":""2025-11-27"",""total_payment_amount"":18700,""user_name"":""토토치"",""user_rank"":3445,""user_stage"":300}"
"stage_reached_300 (App)","W:21_0A:19_0","32","{""Time"":""2025-12-18 17:05:39"",""UserUUID"":""afa06590-c17e-11f0-9627-071387d0c237"",""attendance_count"":32,""b.diamond"":8918,""b.ruby"":0,""boxAllCount"":6220,""curserver"":1,""install_day"":""2025-11-14"",""total_payment_amount"":40700,""user_name"":""지폐줍기"",""user_rank"":3467,""user_stage"":300}"
"stage_reached_300 (App)","W:20_0A:19_0","23","{""Time"":""2025-12-18 15:57:03"",""UserUUID"":""30e30810-c9a4-11f0-bc54-6dcac970371e"",""attendance_count"":23,""b.diamond"":195919,""b.ruby"":0,""boxAllCount"":4110,""curserver"":1,""install_day"":""2025-11-25"",""total_payment_amount"":8800,""user_name"":""재니"",""user_rank"":3402,""user_stage"":300}"
"stage_reached_300 (App)","W:23_0A:18_0","3","{""Time"":""2025-12-18 13:49:26"",""UserUUID"":""577680c0-d9d9-11f0-a81b-eb9987951d41"",""attendance_count"":3,""b.diamond"":940483,""b.ruby"":5940,""boxAllCount"":2490,""curserver"":1,""install_day"":""2025-12-15"",""total_payment_amount"":451000,""user_name"":""조부장"",""user_rank"":4426,""user_stage"":300}"
"stage_reached_300 (App)","W:23_0A:20_0","31","{""Time"":""2025-12-18 11:16:44"",""UserUUID"":""18844bf0-c1ff-11f0-a1ae-85163c5166a7"",""attendance_count"":31,""b.diamond"":103540,""b.ruby"":0,""boxAllCount"":6560,""curserver"":1,""install_day"":""2025-11-15"",""total_payment_amount"":0,""user_name"":""이이강"",""user_rank"":3425,""user_stage"":300}"
"stage_reached_300 (App)","W:22_0A:23_0","20","{""Time"":""2025-12-18 08:13:06"",""UserUUID"":""3d80f310-ccc5-11f0-a25e-232a60e8924f"",""attendance_count"":20,""b.diamond"":43083,""b.ruby"":0,""boxAllCount"":1680,""curserver"":1,""install_day"":""2025-11-29"",""total_payment_amount"":40700,""user_name"":""미노s"",""user_rank"":3398,""user_stage"":300}"
"stage_reached_300 (App)","W:23_0A:19_0","6","{""Time"":""2025-12-18 08:00:28"",""UserUUID"":""0357a2a0-d7b6-11f0-8083-353c8de97648"",""attendance_count"":6,""b.diamond"":37907,""b.ruby"":220,""boxAllCount"":3130,""curserver"":1,""install_day"":""2025-12-12"",""total_payment_amount"":128700,""user_name"":""깔쌈"",""user_rank"":3392,""user_stage"":300}"
"stage_reached_300 (App)","W:21_0A:20_0","50","{""Time"":""2025-12-18 07:45:05"",""UserUUID"":""ba642f20-b224-11f0-aa93-bd13ec0c1c90"",""attendance_count"":50,""b.diamond"":478327,""b.ruby"":0,""boxAllCount"":8260,""curserver"":1,""install_day"":""2025-10-26"",""total_payment_amount"":0,""user_name"":""파스텔라인"",""user_rank"":3413,""user_stage"":300}"
"stage_reached_300 (App)","W:23_0A:21_0","22","{""Time"":""2025-12-18 06:45:05"",""UserUUID"":""75b40880-cb3a-11f0-9169-d74abd17c156"",""attendance_count"":22,""b.diamond"":41738,""b.ruby"":0,""boxAllCount"":9520,""curserver"":1,""install_day"":""2025-11-27"",""total_payment_amount"":7700,""user_name"":""무모바람"",""user_rank"":3448,""user_stage"":300}"
"stage_reached_300 (App)","W:22_0A:20_0","18","{""Time"":""2025-12-18 04:42:26"",""UserUUID"":""e7173b40-ce6a-11f0-87de-a77478213ab8"",""attendance_count"":18,""b.diamond"":138496,""b.ruby"":0,""boxAllCount"":1290,""curserver"":1,""install_day"":""2025-12-01"",""total_payment_amount"":7700,""user_name"":""새우탕"",""user_rank"":3482,""user_stage"":300}"
"stage_reached_300 (App)","W:20_0A:19_0","20","{""Time"":""2025-12-18 02:53:22"",""UserUUID"":""d5f8f4c0-cca8-11f0-a42a-01e36cd43f93"",""attendance_count"":20,""b.diamond"":3071,""b.ruby"":0,""boxAllCount"":1170,""curserver"":1,""install_day"":""2025-11-28"",""total_payment_amount"":7700,""user_name"":""임가영"",""user_rank"":3394,""user_stage"":300}"
"stage_reached_300 (App)","W:21_0A:19_0","21","{""Time"":""2025-12-18 02:03:56"",""UserUUID"":""5a019560-cc18-11f0-9d70-298188a7a855"",""attendance_count"":21,""b.diamond"":40621,""b.ruby"":0,""boxAllCount"":3500,""curserver"":1,""install_day"":""2025-11-28"",""total_payment_amount"":7700,""user_name"":""복자아부지"",""user_rank"":3412,""user_stage"":300}"
"stage_reached_300 (App)","W:23_0A:20_0","15","{""Time"":""2025-12-18 01:36:45"",""UserUUID"":""c2f551d0-caf9-11f0-91a3-159712a1e6fc"",""attendance_count"":15,""b.diamond"":24526,""b.ruby"":0,""boxAllCount"":6720,""curserver"":1,""install_day"":""2025-11-26"",""total_payment_amount"":89100,""user_name"":""진세콩"",""user_rank"":3577,""user_stage"":300}"
"stage_reached_300 (App)","W:22_0A:19_0","23","{""Time"":""2025-12-18 01:28:09"",""UserUUID"":""cdbe1870-cac9-11f0-a795-d7abef432c44"",""attendance_count"":23,""b.diamond"":56710,""b.ruby"":0,""boxAllCount"":3910,""curserver"":1,""install_day"":""2025-11-26"",""total_payment_amount"":7700,""user_name"":""나오코"",""user_rank"":3396,""user_stage"":300}"
"stage_reached_300 (App)","W:20_0A:20_0","29","{""Time"":""2025-12-18 00:45:58"",""UserUUID"":""8f998a90-c5cc-11f0-993c-3b7b1777cabe"",""attendance_count"":29,""b.diamond"":12203,""b.ruby"":0,""boxAllCount"":6420,""curserver"":1,""install_day"":""2025-11-20"",""total_payment_amount"":0,""user_name"":""위인전기"",""user_rank"":3445,""user_stage"":300}"
"stage_reached_300 (App)","W:23_0A:20_0","23","{""Time"":""2025-12-18 00:36:20"",""UserUUID"":""a10fa4a0-c165-11f0-93f9-e34ff735ef0d"",""attendance_count"":23,""b.diamond"":265154,""b.ruby"":0,""boxAllCount"":10540,""curserver"":1,""install_day"":""2025-11-14"",""total_payment_amount"":7700,""user_name"":""두두0704"",""user_rank"":3446,""user_stage"":300}"
"stage_reached_300 (App)","W:21_0A:20_0","33","{""Time"":""2025-12-18 00:11:11"",""UserUUID"":""20285580-bfb7-11f0-a339-073e32343cad"",""attendance_count"":33,""b.diamond"":87930,""b.ruby"":0,""boxAllCount"":3650,""curserver"":1,""install_day"":""2025-11-12"",""total_payment_amount"":7700,""user_name"":""표룡"",""user_rank"":3408,""user_stage"":300}"
"stage_reached_300 (App)","W:24_0A:23_0","6","{""Time"":""2025-12-17 20:34:55"",""UserUUID"":""b7d42ae0-d6c2-11f0-8e79-132d5f73273b"",""attendance_count"":6,""b.diamond"":65674,""b.ruby"":990,""boxAllCount"":2500,""curserver"":1,""install_day"":""2025-12-11"",""total_payment_amount"":281600,""user_name"":""손민"",""user_rank"":3387,""user_stage"":300}"
"stage_reached_300 (App)","W:20_0A:19_0","20","{""Time"":""2025-12-17 19:50:40"",""UserUUID"":""5e1d9900-cbe6-11f0-9abd-6bb2181d0c1d"",""attendance_count"":20,""b.diamond"":19849,""b.ruby"":0,""boxAllCount"":1050,""curserver"":1,""install_day"":""2025-11-27"",""total_payment_amount"":7700,""user_name"":""이와느요으"",""user_rank"":3626,""user_stage"":300}"
"stage_reached_300 (App)","W:20_0A:20_0","51","{""Time"":""2025-12-17 15:18:19"",""UserUUID"":""b37b7720-a8b7-11f0-b7c6-8bb6833ccb09"",""attendance_count"":51,""b.diamond"":1633054,""b.ruby"":330,""boxAllCount"":11620,""curserver"":1,""install_day"":""2025-10-14"",""total_payment_amount"":40700,""user_name"":""튼실스피드"",""user_rank"":3389,""user_stage"":300}"
"stage_reached_300 (App)","W:23_0A:22_0","17","{""Time"":""2025-12-17 14:26:17"",""UserUUID"":""34afe100-cea6-11f0-a2a2-a5d7634369c5"",""attendance_count"":17,""b.diamond"":145930,""b.ruby"":0,""boxAllCount"":7560,""curserver"":1,""install_day"":""2025-12-01"",""total_payment_amount"":7700,""user_name"":""불꽃도리"",""user_rank"":3384,""user_stage"":300}"
"stage_reached_300 (App)","W:22_0A:19_0","17","{""Time"":""2025-12-17 13:35:36"",""UserUUID"":""934dc990-ce8b-11f0-8ceb-479f6f0215dd"",""attendance_count"":17,""b.diamond"":12077,""b.ruby"":0,""boxAllCount"":1320,""curserver"":1,""install_day"":""2025-12-01"",""total_payment_amount"":7700,""user_name"":""마노나리"",""user_rank"":3422,""user_stage"":300}"
"stage_reached_300 (App)","W:23_0A:23_0","4","{""Time"":""2025-12-17 13:23:41"",""UserUUID"":""97326fd0-d8e9-11f0-b49c-cfb699faad32"",""attendance_count"":4,""b.diamond"":174099,""b.ruby"":110,""boxAllCount"":2910,""curserver"":1,""install_day"":""2025-12-14"",""total_payment_amount"":249700,""user_name"":""이접장"",""user_rank"":3532,""user_stage"":300}"
"stage_reached_300 (App)","W:20_0A:20_0","22","{""Time"":""2025-12-17 13:19:06"",""UserUUID"":""7362dd90-c6fd-11f0-b758-0f892b7ac0f5"",""attendance_count"":22,""b.diamond"":30345,""b.ruby"":0,""boxAllCount"":6090,""curserver"":1,""install_day"":""2025-11-21"",""total_payment_amount"":7700,""user_name"":""료9"",""user_rank"":3399,""user_stage"":300}"
"stage_reached_300 (App)","W:20_0A:19_0","25","{""Time"":""2025-12-17 11:45:43"",""UserUUID"":""173b57e0-c7f7-11f0-883b-0ddde47d2df6"",""attendance_count"":25,""b.diamond"":3662,""b.ruby"":0,""boxAllCount"":1460,""curserver"":1,""install_day"":""2025-11-22"",""total_payment_amount"":0,""user_name"":""럄지"",""user_rank"":3378,""user_stage"":300}"
"stage_reached_300 (App)","W:23_0A:23_0","21","{""Time"":""2025-12-17 10:23:43"",""UserUUID"":""13187700-cb09-11f0-ac9e-99dd74225517"",""attendance_count"":21,""b.diamond"":494765,""b.ruby"":220,""boxAllCount"":1090,""curserver"":1,""install_day"":""2025-11-26"",""total_payment_amount"":104500,""user_name"":""aStella"",""user_rank"":3396,""user_stage"":300}"
"stage_reached_300 (App)","W:21_0A:19_0","22","{""Time"":""2025-12-17 10:11:21"",""UserUUID"":""99fc0490-ca9a-11f0-8b8e-33739b8bfb0e"",""attendance_count"":22,""b.diamond"":18188,""b.ruby"":0,""boxAllCount"":2820,""curserver"":1,""install_day"":""2025-11-26"",""total_payment_amount"":7700,""user_name"":""조패스"",""user_rank"":3426,""user_stage"":300}"
"stage_reached_300 (App)","W:23_0A:20_0","12","{""Time"":""2025-12-17 08:53:26"",""UserUUID"":""f245f550-d1cc-11f0-9cd9-abc6dbc9671c"",""attendance_count"":12,""b.diamond"":15694,""b.ruby"":0,""boxAllCount"":7380,""curserver"":1,""install_day"":""2025-12-05"",""total_payment_amount"":63800,""user_name"":""박마토"",""user_rank"":3425,""user_stage"":300}"
"stage_reached_300 (App)","W:21_0A:19_0","23","{""Time"":""2025-12-17 08:00:11"",""UserUUID"":""639c09d0-c9a6-11f0-a6c9-f536deb81e7c"",""attendance_count"":23,""b.diamond"":176514,""b.ruby"":0,""boxAllCount"":3020,""curserver"":1,""install_day"":""2025-11-25"",""total_payment_amount"":7700,""user_name"":""발베르데15"",""user_rank"":3376,""user_stage"":300}"
"stage_reached_300 (App)","W:22_0A:20_0","21","{""Time"":""2025-12-17 07:39:42"",""UserUUID"":""bf6200d0-cb18-11f0-ab88-5fd74a68bf7c"",""attendance_count"":21,""b.diamond"":2011,""b.ruby"":0,""boxAllCount"":6430,""curserver"":1,""install_day"":""2025-11-26"",""total_payment_amount"":12100,""user_name"":""국사가최애과목"",""user_rank"":3474,""user_stage"":300}"
"stage_reached_300 (App)","W:21_0A:20_0","24","{""Time"":""2025-12-17 07:15:20"",""UserUUID"":""fc161a90-c819-11f0-bc54-6dcac970371e"",""attendance_count"":24,""b.diamond"":236084,""b.ruby"":0,""boxAllCount"":6600,""curserver"":1,""install_day"":""2025-11-23"",""total_payment_amount"":7700,""user_name"":""우녈"",""user_rank"":3374,""user_stage"":300}"
"stage_reached_300 (App)","W:20_0A:19_0","32","{""Time"":""2025-12-17 06:58:47"",""UserUUID"":""9806d470-c2bc-11f0-aac3-c7b079aac8d7"",""attendance_count"":32,""b.diamond"":956353,""b.ruby"":0,""boxAllCount"":1830,""curserver"":1,""install_day"":""2025-11-16"",""total_payment_amount"":7700,""user_name"":""장가지"",""user_rank"":3393,""user_stage"":300}"
"stage_reached_300 (App)","W:23_0A:20_0","31","{""Time"":""2025-12-17 05:12:22"",""UserUUID"":""00d4f7b0-c002-11f0-94e4-5b21adc77908"",""attendance_count"":31,""b.diamond"":189115,""b.ruby"":0,""boxAllCount"":5950,""curserver"":1,""install_day"":""2025-11-12"",""total_payment_amount"":18700,""user_name"":""타이거대왕"",""user_rank"":3684,""user_stage"":300}"
"stage_reached_300 (App)","W:23_0A:19_0","14","{""Time"":""2025-12-17 05:06:30"",""UserUUID"":""be7fc370-d084-11f0-b703-d78b009f8fbf"",""attendance_count"":14,""b.diamond"":18129,""b.ruby"":0,""boxAllCount"":2820,""curserver"":1,""install_day"":""2025-12-03"",""total_payment_amount"":7700,""user_name"":""리바이뷰"",""user_rank"":3424,""user_stage"":300}"
"stage_reached_300 (App)","W:23_0A:19_0","20","{""Time"":""2025-12-17 04:15:53"",""UserUUID"":""2f9b81e0-c8bd-11f0-aa30-7530b5e9ec5d"",""attendance_count"":20,""b.diamond"":201927,""b.ruby"":330,""boxAllCount"":1340,""curserver"":1,""install_day"":""2025-11-23"",""total_payment_amount"":11000,""user_name"":""미써닝"",""user_rank"":3424,""user_stage"":300}"
"stage_reached_300 (App)","W:23_0A:20_0","14","{""Time"":""2025-12-17 02:46:38"",""UserUUID"":""dcc84310-d10c-11f0-a135-cdba93f03c8e"",""attendance_count"":14,""b.diamond"":103917,""b.ruby"":0,""boxAllCount"":6280,""curserver"":1,""install_day"":""2025-12-04"",""total_payment_amount"":11000,""user_name"":""여우야"",""user_rank"":3783,""user_stage"":300}"
"stage_reached_300 (App)","W:22_0A:19_0","32","{""Time"":""2025-12-17 01:43:12"",""UserUUID"":""340f64e0-b049-11ef-b79e-71cbcc9fed2c"",""attendance_count"":32,""b.diamond"":1291164,""b.ruby"":0,""boxAllCount"":1770,""curserver"":0,""install_day"":""2024-12-02"",""total_payment_amount"":7700,""user_name"":""Tori"",""user_rank"":362,""user_stage"":300}"
"stage_reached_300 (App)","W:22_0A:19_0","27","{""Time"":""2025-12-17 00:35:02"",""UserUUID"":""0206fe20-c4db-11f0-b167-f57f11c62022"",""attendance_count"":27,""b.diamond"":298018,""b.ruby"":330,""boxAllCount"":4410,""curserver"":1,""install_day"":""2025-11-19"",""total_payment_amount"":11000,""user_name"":""서명균"",""user_rank"":3373,""user_stage"":300}"
"stage_reached_300 (App)","W:23_0A:19_0","15","{""Time"":""2025-12-17 00:18:15"",""UserUUID"":""9ecb8ec0-d010-11f0-a87b-e99b5babea0b"",""attendance_count"":15,""b.diamond"":44932,""b.ruby"":0,""boxAllCount"":1410,""curserver"":1,""install_day"":""2025-12-03"",""total_payment_amount"":91300,""user_name"":""강진묵"",""user_rank"":3370,""user_stage"":300}"
"stage_reached_300 (App)","W:23_0A:20_0","2","{""Time"":""2025-12-16 22:15:17"",""UserUUID"":""098a0160-d96c-11f0-9fe7-893ad2b17775"",""attendance_count"":2,""b.diamond"":40773,""b.ruby"":10230,""boxAllCount"":10000,""curserver"":1,""install_day"":""2025-12-15"",""total_payment_amount"":451000,""user_name"":""서후니파파"",""user_rank"":3419,""user_stage"":300}"
"stage_reached_300 (App)","W:20_0A:19_0","35","{""Time"":""2025-12-16 20:09:20"",""UserUUID"":""a6b766b0-be25-11f0-bfef-91b3a8178bf3"",""attendance_count"":35,""b.diamond"":1057095,""b.ruby"":0,""boxAllCount"":8390,""curserver"":1,""install_day"":""2025-11-10"",""total_payment_amount"":7700,""user_name"":""오로나민C"",""user_rank"":3374,""user_stage"":300}"
"stage_reached_300 (App)","W:21_0A:23_0","32","{""Time"":""2025-12-16 19:37:08"",""UserUUID"":""a847b790-6147-11f0-a063-d39384836b28"",""attendance_count"":32,""b.diamond"":59393,""b.ruby"":0,""boxAllCount"":6050,""curserver"":0,""install_day"":""2025-07-15"",""total_payment_amount"":0,""user_name"":""uuyrfgh"",""user_rank"":3369,""user_stage"":300}"
"stage_reached_300 (App)","W:20_0A:21_0","25","{""Time"":""2025-12-16 14:58:17"",""UserUUID"":""5632a380-c4fb-11f0-91cc-fb799cb91f42"",""attendance_count"":25,""b.diamond"":28296,""b.ruby"":0,""boxAllCount"":3260,""curserver"":1,""install_day"":""2025-11-19"",""total_payment_amount"":7700,""user_name"":""슴무"",""user_rank"":3366,""user_stage"":300}"
"stage_reached_300 (App)","W:22_0A:19_0","17","{""Time"":""2025-12-16 13:16:57"",""UserUUID"":""62b29a40-cd82-11f0-ac5a-7356ce8ae352"",""attendance_count"":17,""b.diamond"":21331,""b.ruby"":0,""boxAllCount"":1700,""curserver"":1,""install_day"":""2025-11-30"",""total_payment_amount"":11000,""user_name"":""와노"",""user_rank"":3365,""user_stage"":300}"
"stage_reached_300 (App)","W:21_0A:19_0","25","{""Time"":""2025-12-16 11:07:37"",""UserUUID"":""d3342080-c7a7-11f0-9d46-f36334fd5c9e"",""attendance_count"":25,""b.diamond"":1853,""b.ruby"":0,""boxAllCount"":2330,""curserver"":1,""install_day"":""2025-11-22"",""total_payment_amount"":7700,""user_name"":""핫덕"",""user_rank"":3365,""user_stage"":300}"
"stage_reached_300 (App)","W:21_0A:19_0","24","{""Time"":""2025-12-16 07:43:54"",""UserUUID"":""81c1e500-c867-11f0-b319-dd59dbde236a"",""attendance_count"":24,""b.diamond"":100081,""b.ruby"":0,""boxAllCount"":5010,""curserver"":1,""install_day"":""2025-11-23"",""total_payment_amount"":22000,""user_name"":""사랑해젤리야"",""user_rank"":3412,""user_stage"":300}"
"stage_reached_300 (App)","W:24_0A:23_0","3","{""Time"":""2025-12-16 07:31:31"",""UserUUID"":""5c9cc750-d8c9-11f0-9ff9-8328d534ad56"",""attendance_count"":3,""b.diamond"":35444,""b.ruby"":0,""boxAllCount"":1910,""curserver"":1,""install_day"":""2025-12-14"",""total_payment_amount"":311300,""user_name"":""발드"",""user_rank"":3364,""user_stage"":300}"
"stage_reached_300 (App)","W:23_0A:20_0","44","{""Time"":""2025-12-16 06:27:03"",""UserUUID"":""11978b90-b8ae-11f0-aaff-1fc7a8c06cc2"",""attendance_count"":44,""b.diamond"":1307195,""b.ruby"":0,""boxAllCount"":17340,""curserver"":1,""install_day"":""2025-11-03"",""total_payment_amount"":7700,""user_name"":""록록이"",""user_rank"":3360,""user_stage"":300}"
"stage_reached_300 (App)","W:20_0A:19_0","17","{""Time"":""2025-12-16 04:17:43"",""UserUUID"":""0ffea2c0-cd4c-11f0-8b51-8bcc6e9b8062"",""attendance_count"":17,""b.diamond"":7489,""b.ruby"":0,""boxAllCount"":2720,""curserver"":1,""install_day"":""2025-11-29"",""total_payment_amount"":7700,""user_name"":""홍순이얌"",""user_rank"":3387,""user_stage"":300}"
"stage_reached_300 (App)","W:23_0A:19_0","23","{""Time"":""2025-12-15 22:15:18"",""UserUUID"":""dd16ce40-c7b6-11f0-8e73-d30c14ea6035"",""attendance_count"":23,""b.diamond"":184853,""b.ruby"":0,""boxAllCount"":4260,""curserver"":1,""install_day"":""2025-11-22"",""total_payment_amount"":19800,""user_name"":""소랑소랑"",""user_rank"":3543,""user_stage"":300}"
"stage_reached_300 (App)","W:21_0A:20_0","25","{""Time"":""2025-12-15 21:15:18"",""UserUUID"":""c8e346b0-c6df-11f0-9472-278d43bb5434"",""attendance_count"":25,""b.diamond"":144916,""b.ruby"":0,""boxAllCount"":8600,""curserver"":1,""install_day"":""2025-11-21"",""total_payment_amount"":7700,""user_name"":""겨울정원"",""user_rank"":3404,""user_stage"":300}"
"stage_reached_300 (App)","W:23_0A:19_0","23","{""Time"":""2025-12-15 20:06:35"",""UserUUID"":""05299f30-c82e-11f0-bbfe-bb6577923ab0"",""attendance_count"":23,""b.diamond"":69369,""b.ruby"":0,""boxAllCount"":3720,""curserver"":1,""install_day"":""2025-11-23"",""total_payment_amount"":18700,""user_name"":""홍디"",""user_rank"":3541,""user_stage"":300}"
"stage_reached_300 (App)","W:23_0A:19_0","26","{""Time"":""2025-12-15 18:54:18"",""UserUUID"":""e5c6bbc0-c62d-11f0-a36d-ab03f52f1e62"",""attendance_count"":26,""b.diamond"":562602,""b.ruby"":110,""boxAllCount"":840,""curserver"":1,""install_day"":""2025-11-20"",""total_payment_amount"":19800,""user_name"":""닉네임뭐하지"",""user_rank"":3420,""user_stage"":300}"
"stage_reached_300 (App)","W:23_0A:20_0","36","{""Time"":""2025-12-15 16:07:38"",""UserUUID"":""53fd3480-b29c-11ef-8b0b-3f0a6e303454"",""attendance_count"":36,""b.diamond"":6023,""b.ruby"":0,""boxAllCount"":14350,""curserver"":0,""install_day"":""2024-12-05"",""total_payment_amount"":0,""user_name"":""쫑구"",""user_rank"":358,""user_stage"":300}"
"stage_reached_300 (App)","W:23_0A:19_0","25","{""Time"":""2025-12-15 13:10:22"",""UserUUID"":""f8cbecc0-c233-11f0-931c-abf33fef9740"",""attendance_count"":25,""b.diamond"":340112,""b.ruby"":0,""boxAllCount"":1700,""curserver"":1,""install_day"":""2025-11-15"",""total_payment_amount"":7700,""user_name"":""띵동2"",""user_rank"":3415,""user_stage"":300}"
"stage_reached_300 (App)","W:23_0A:21_0","21","{""Time"":""2025-12-15 11:39:37"",""UserUUID"":""5e3851d0-c855-11f0-9c82-d99e1e8cd870"",""attendance_count"":21,""b.diamond"":85872,""b.ruby"":0,""boxAllCount"":12300,""curserver"":1,""install_day"":""2025-11-23"",""total_payment_amount"":38500,""user_name"":""키부츠지무잔"",""user_rank"":3501,""user_stage"":300}"
"stage_reached_300 (App)","W:24_0A:23_0","18","{""Time"":""2025-12-15 11:09:43"",""UserUUID"":""25eb7600-80a6-11f0-ac89-050f59d69cce"",""attendance_count"":18,""b.diamond"":44421,""b.ruby"":1760,""boxAllCount"":16270,""curserver"":1,""install_day"":""2025-08-24"",""total_payment_amount"":154000,""user_name"":""미르엔"",""user_rank"":3443,""user_stage"":300}"
"stage_reached_300 (App)","W:21_0A:20_0","24","{""Time"":""2025-12-15 08:49:58"",""UserUUID"":""1d360770-c6d1-11f0-98ff-7fb8a6e16035"",""attendance_count"":24,""b.diamond"":100444,""b.ruby"":220,""boxAllCount"":7090,""curserver"":1,""install_day"":""2025-11-21"",""total_payment_amount"":29700,""user_name"":""미천태왕"",""user_rank"":3366,""user_stage"":300}"
"stage_reached_300 (App)","W:21_0A:20_0","21","{""Time"":""2025-12-15 07:58:39"",""UserUUID"":""341fabc0-c9c0-11f0-8a70-15d8309d47ed"",""attendance_count"":21,""b.diamond"":7349,""b.ruby"":0,""boxAllCount"":9400,""curserver"":1,""install_day"":""2025-11-25"",""total_payment_amount"":7700,""user_name"":""neon"",""user_rank"":3347,""user_stage"":300}"
"stage_reached_300 (App)","W:23_0A:19_0","22","{""Time"":""2025-12-15 07:51:04"",""UserUUID"":""5ac7a3c0-c913-11f0-903b-13e0ccbf006f"",""attendance_count"":22,""b.diamond"":293228,""b.ruby"":110,""boxAllCount"":1390,""curserver"":1,""install_day"":""2025-11-24"",""total_payment_amount"":25300,""user_name"":""홈런아부지"",""user_rank"":3465,""user_stage"":300}"
"stage_reached_300 (App)","W:23_0A:20_0","26","{""Time"":""2025-12-15 06:36:33"",""UserUUID"":""39db9a50-c589-11f0-b399-57758ed617cf"",""attendance_count"":26,""b.diamond"":73578,""b.ruby"":0,""boxAllCount"":7930,""curserver"":1,""install_day"":""2025-11-19"",""total_payment_amount"":18700,""user_name"":""나로야놀자"",""user_rank"":3682,""user_stage"":300}"
"stage_reached_300 (App)","W:22_0A:19_0","17","{""Time"":""2025-12-15 06:33:57"",""UserUUID"":""1e1c31c0-ccb0-11f0-86ce-7f31c2d71990"",""attendance_count"":17,""b.diamond"":98694,""b.ruby"":0,""boxAllCount"":1080,""curserver"":1,""install_day"":""2025-11-28"",""total_payment_amount"":7700,""user_name"":""뛰뛰빵빠앙"",""user_rank"":3390,""user_stage"":300}"
"stage_reached_300 (App)","W:23_0A:21_0","30","{""Time"":""2025-12-15 05:37:32"",""UserUUID"":""9156dc20-c2c5-11f0-a860-0bee5d6e818b"",""attendance_count"":30,""b.diamond"":1121992,""b.ruby"":550,""boxAllCount"":6070,""curserver"":1,""install_day"":""2025-11-16"",""total_payment_amount"":40700,""user_name"":""최필"",""user_rank"":3438,""user_stage"":300}"
"stage_reached_300 (App)","W:21_0A:22_0","21","{""Time"":""2025-12-15 03:01:39"",""UserUUID"":""5b1b9dd0-c9dc-11f0-8b3a-31f1e709cf38"",""attendance_count"":21,""b.diamond"":17316,""b.ruby"":0,""boxAllCount"":2840,""curserver"":1,""install_day"":""2025-11-25"",""total_payment_amount"":7700,""user_name"":""아라량"",""user_rank"":3361,""user_stage"":300}"
"stage_reached_300 (App)","W:24_0A:21_0","7","{""Time"":""2025-12-15 02:33:35"",""UserUUID"":""138c9430-d48e-11f0-9360-9f35b2dd89c0"",""attendance_count"":7,""b.diamond"":63844,""b.ruby"":1100,""boxAllCount"":9830,""curserver"":1,""install_day"":""2025-12-08"",""total_payment_amount"":282700,""user_name"":""아고난"",""user_rank"":3344,""user_stage"":300}"
"stage_reached_300 (App)","W:22_0A:20_0","25","{""Time"":""2025-12-15 01:38:10"",""UserUUID"":""549dd430-c623-11f0-87ed-7519dca1af0b"",""attendance_count"":25,""b.diamond"":16267,""b.ruby"":0,""boxAllCount"":6240,""curserver"":1,""install_day"":""2025-11-20"",""total_payment_amount"":33000,""user_name"":""지서기"",""user_rank"":3396,""user_stage"":300}"
"stage_reached_300 (App)","W:21_0A:19_0","22","{""Time"":""2025-12-15 01:04:41"",""UserUUID"":""5eef6ca0-c830-11f0-9c82-d99e1e8cd870"",""attendance_count"":22,""b.diamond"":11898,""b.ruby"":0,""boxAllCount"":2550,""curserver"":1,""install_day"":""2025-11-23"",""total_payment_amount"":7700,""user_name"":""넥토"",""user_rank"":3356,""user_stage"":300}"
"stage_reached_300 (App)","W:22_0A:20_0","27","{""Time"":""2025-12-15 00:36:22"",""UserUUID"":""ee0c2430-c53f-11f0-8a76-cbd83cf81758"",""attendance_count"":27,""b.diamond"":1020293,""b.ruby"":110,""boxAllCount"":7930,""curserver"":1,""install_day"":""2025-11-19"",""total_payment_amount"":20900,""user_name"":""홍색"",""user_rank"":3406,""user_stage"":300}"
"stage_reached_300 (App)","W:23_0A:19_0","23","{""Time"":""2025-12-15 00:26:35"",""UserUUID"":""5f48e200-c5e5-11f0-8dab-074e443debe0"",""attendance_count"":23,""b.diamond"":83129,""b.ruby"":110,""boxAllCount"":1440,""curserver"":1,""install_day"":""2025-11-20"",""total_payment_amount"":25300,""user_name"":""여노아니양"",""user_rank"":3375,""user_stage"":300}"
"stage_reached_300 (App)","W:20_0A:19_0","39","{""Time"":""2025-12-15 00:25:15"",""UserUUID"":""79de2320-bb34-11f0-8765-797a370c13a0"",""attendance_count"":39,""b.diamond"":31142,""b.ruby"":0,""boxAllCount"":2790,""curserver"":1,""install_day"":""2025-11-06"",""total_payment_amount"":0,""user_name"":""l덕만l"",""user_rank"":3343,""user_stage"":300}"
"stage_reached_300 (App)","W:20_0A:20_0","20","{""Time"":""2025-12-15 00:20:46"",""UserUUID"":""90687980-ca91-11f0-8938-a9fe3c5adfbb"",""attendance_count"":20,""b.diamond"":9771,""b.ruby"":0,""boxAllCount"":6240,""curserver"":1,""install_day"":""2025-11-26"",""total_payment_amount"":7700,""user_name"":""최강우니"",""user_rank"":3341,""user_stage"":300}"
"stage_reached_300 (App)","W:22_0A:19_0","21","{""Time"":""2025-12-14 23:15:40"",""UserUUID"":""873eaee0-c8ea-11f0-ba65-81dc9db23859"",""attendance_count"":21,""b.diamond"":14152,""b.ruby"":0,""boxAllCount"":2760,""curserver"":1,""install_day"":""2025-11-24"",""total_payment_amount"":7700,""user_name"":""사점"",""user_rank"":3340,""user_stage"":300}"
"stage_reached_300 (App)","W:20_0A:19_0","20","{""Time"":""2025-12-14 13:05:41"",""UserUUID"":""face2490-c9b6-11f0-9118-351810f7e756"",""attendance_count"":20,""b.diamond"":575338,""b.ruby"":0,""boxAllCount"":2450,""curserver"":1,""install_day"":""2025-11-25"",""total_payment_amount"":7700,""user_name"":""부여백정"",""user_rank"":3379,""user_stage"":300}"
"stage_reached_300 (App)","W:20_0A:19_0","53","{""Time"":""2025-12-14 13:01:06"",""UserUUID"":""0acdb6a0-8978-11f0-a3dc-414fbc6cec6a"",""attendance_count"":53,""b.diamond"":74179,""b.ruby"":0,""boxAllCount"":3000,""curserver"":1,""install_day"":""2025-09-04"",""total_payment_amount"":0,""user_name"":""화규리"",""user_rank"":3379,""user_stage"":300}"
"stage_reached_300 (App)","W:23_0A:19_0","11","{""Time"":""2025-12-14 10:30:47"",""UserUUID"":""47147b00-d0e8-11f0-9615-bdf7df38494f"",""attendance_count"":11,""b.diamond"":16901,""b.ruby"":0,""boxAllCount"":1410,""curserver"":1,""install_day"":""2025-12-04"",""total_payment_amount"":7700,""user_name"":""안단방"",""user_rank"":3332,""user_stage"":300}"
"stage_reached_300 (App)","W:22_0A:19_0","11","{""Time"":""2025-12-14 09:38:07"",""UserUUID"":""15e51ef0-d0c4-11f0-a2df-af98a08339ab"",""attendance_count"":11,""b.diamond"":2732,""b.ruby"":0,""boxAllCount"":2820,""curserver"":1,""install_day"":""2025-12-04"",""total_payment_amount"":92400,""user_name"":""싸구려초밥"",""user_rank"":3334,""user_stage"":300}"
"stage_reached_300 (App)","W:22_0A:19_0","18","{""Time"":""2025-12-14 08:57:25"",""UserUUID"":""fb212ea0-cb0b-11f0-968c-83ee6405665e"",""attendance_count"":18,""b.diamond"":387750,""b.ruby"":0,""boxAllCount"":2450,""curserver"":1,""install_day"":""2025-11-26"",""total_payment_amount"":7700,""user_name"":""김영재"",""user_rank"":3358,""user_stage"":300}"
"stage_reached_300 (App)","W:23_0A:23_0","13","{""Time"":""2025-12-14 03:26:28"",""UserUUID"":""4d529840-cf2a-11f0-a6bf-215289d9a2da"",""attendance_count"":13,""b.diamond"":3032,""b.ruby"":0,""boxAllCount"":7910,""curserver"":1,""install_day"":""2025-12-02"",""total_payment_amount"":29700,""user_name"":""쫀쪼"",""user_rank"":3331,""user_stage"":300}"
"stage_reached_300 (App)","W:23_0A:21_0","13","{""Time"":""2025-12-14 03:06:07"",""UserUUID"":""5353daa0-cecc-11f0-a361-c3ed45762af0"",""attendance_count"":13,""b.diamond"":2285,""b.ruby"":0,""boxAllCount"":6440,""curserver"":1,""install_day"":""2025-12-01"",""total_payment_amount"":0,""user_name"":""누데"",""user_rank"":3346,""user_stage"":300}"
"stage_reached_300 (App)","W:22_0A:21_0","24","{""Time"":""2025-12-14 02:21:20"",""UserUUID"":""6b53cb80-c637-11f0-8d60-b39bccf317bf"",""attendance_count"":24,""b.diamond"":16340,""b.ruby"":0,""boxAllCount"":13760,""curserver"":1,""install_day"":""2025-11-20"",""total_payment_amount"":7700,""user_name"":""시즈씨"",""user_rank"":3346,""user_stage"":300}"
"stage_reached_300 (App)","W:24_0A:23_0","6","{""Time"":""2025-12-14 01:19:37"",""UserUUID"":""011a53e0-d4e4-11f0-bb4d-33e8243605bd"",""attendance_count"":6,""b.diamond"":232693,""b.ruby"":1760,""boxAllCount"":5980,""curserver"":1,""install_day"":""2025-12-09"",""total_payment_amount"":315700,""user_name"":""행랑"",""user_rank"":3513,""user_stage"":300}"
"stage_reached_300 (App)","W:21_0A:20_0","37","{""Time"":""2025-12-14 00:25:07"",""UserUUID"":""da2de4b0-b6d7-11f0-9b38-dd761aa701fd"",""attendance_count"":37,""b.diamond"":265,""b.ruby"":0,""boxAllCount"":6520,""curserver"":1,""install_day"":""2025-11-01"",""total_payment_amount"":7700,""user_name"":""쭝이"",""user_rank"":3374,""user_stage"":300}"
"stage_reached_300 (App)","W:21_0A:20_0","57","{""Time"":""2025-12-13 23:23:06"",""UserUUID"":""e2c36bf0-a240-11f0-8a93-a718e989b525"",""attendance_count"":57,""b.diamond"":698117,""b.ruby"":0,""boxAllCount"":7590,""curserver"":1,""install_day"":""2025-10-05"",""total_payment_amount"":0,""user_name"":""기멜리"",""user_rank"":3332,""user_stage"":300}"
"stage_reached_300 (App)","W:20_0A:21_0","30","{""Time"":""2025-12-13 22:05:29"",""UserUUID"":""b0810e20-c169-11f0-b709-2fb46b193ceb"",""attendance_count"":30,""b.diamond"":524783,""b.ruby"":0,""boxAllCount"":3830,""curserver"":1,""install_day"":""2025-11-14"",""total_payment_amount"":0,""user_name"":""킹새종"",""user_rank"":3422,""user_stage"":300}"
"stage_reached_300 (App)","W:22_0A:20_0","18","{""Time"":""2025-12-13 19:34:21"",""UserUUID"":""ab0e4bb0-c9c0-11f0-bdab-f1a72f96efa8"",""attendance_count"":18,""b.diamond"":3279,""b.ruby"":0,""boxAllCount"":9420,""curserver"":1,""install_day"":""2025-11-25"",""total_payment_amount"":7700,""user_name"":""단골고객"",""user_rank"":3325,""user_stage"":300}"
"stage_reached_300 (App)","W:21_0A:19_0","25","{""Time"":""2025-12-13 19:33:42"",""UserUUID"":""359815f0-c515-11f0-8b69-ab3c44f487d3"",""attendance_count"":25,""b.diamond"":24259,""b.ruby"":0,""boxAllCount"":2250,""curserver"":1,""install_day"":""2025-11-19"",""total_payment_amount"":7700,""user_name"":""Lucidity"",""user_rank"":3324,""user_stage"":300}"
"stage_reached_300 (App)","W:23_0A:20_0","17","{""Time"":""2025-12-13 17:02:24"",""UserUUID"":""3470ee20-c751-11f0-a603-295428a5e1b1"",""attendance_count"":17,""b.diamond"":25044,""b.ruby"":0,""boxAllCount"":6490,""curserver"":1,""install_day"":""2025-11-22"",""total_payment_amount"":7700,""user_name"":""난식"",""user_rank"":3328,""user_stage"":300}"
"stage_reached_300 (App)","W:20_0A:19_0","28","{""Time"":""2025-12-13 16:38:25"",""UserUUID"":""20b03f10-81e5-11ef-86b0-9dd140ac99a5"",""attendance_count"":28,""b.diamond"":1608287,""b.ruby"":0,""boxAllCount"":3510,""curserver"":0,""install_day"":""2024-10-04"",""total_payment_amount"":11000,""user_name"":""마루랑아라"",""user_rank"":353,""user_stage"":300}"
"stage_reached_300 (App)","W:22_0A:23_0","28","{""Time"":""2025-12-13 14:01:15"",""UserUUID"":""5dd2f0f0-6708-11f0-a3d4-43ebc2e41e55"",""attendance_count"":28,""b.diamond"":326024,""b.ruby"":0,""boxAllCount"":8810,""curserver"":1,""install_day"":""2025-07-22"",""total_payment_amount"":0,""user_name"":""마미무샤"",""user_rank"":353,""user_stage"":300}"
"stage_reached_300 (App)","W:23_0A:20_0","17","{""Time"":""2025-12-13 08:21:36"",""UserUUID"":""15695f50-cb1e-11f0-9a43-296a06ab51c1"",""attendance_count"":17,""b.diamond"":86973,""b.ruby"":110,""boxAllCount"":8290,""curserver"":1,""install_day"":""2025-11-26"",""total_payment_amount"":25300,""user_name"":""하메르"",""user_rank"":3497,""user_stage"":300}"
"stage_reached_300 (App)","W:20_0A:19_0","18","{""Time"":""2025-12-13 08:01:07"",""UserUUID"":""52659050-ca69-11f0-b64f-8791af1bc2b5"",""attendance_count"":18,""b.diamond"":152793,""b.ruby"":0,""boxAllCount"":1440,""curserver"":1,""install_day"":""2025-11-26"",""total_payment_amount"":7700,""user_name"":""반뱅"",""user_rank"":3322,""user_stage"":300}"
"stage_reached_300 (App)","W:23_0A:20_0","27","{""Time"":""2025-12-13 00:17:29"",""UserUUID"":""6066d9b0-c3b7-11f0-9bd2-ad523d125748"",""attendance_count"":27,""b.diamond"":1806,""b.ruby"":0,""boxAllCount"":8740,""curserver"":1,""install_day"":""2025-11-17"",""total_payment_amount"":7700,""user_name"":""우노구나"",""user_rank"":3337,""user_stage"":300}"
"stage_reached_300 (App)","W:21_0A:19_0","93","{""Time"":""2025-12-12 22:07:13"",""UserUUID"":""783b9350-8073-11f0-83a6-333dee998155"",""attendance_count"":93,""b.diamond"":9171183,""b.ruby"":0,""boxAllCount"":3090,""curserver"":1,""install_day"":""2025-08-23"",""total_payment_amount"":7700,""user_name"":""만우주"",""user_rank"":3318,""user_stage"":300}"
"stage_reached_300 (App)","W:20_0A:19_0","26","{""Time"":""2025-12-12 20:05:01"",""UserUUID"":""f1aca770-c366-11f0-869d-d762a59a2f47"",""attendance_count"":26,""b.diamond"":560259,""b.ruby"":330,""boxAllCount"":1490,""curserver"":1,""install_day"":""2025-11-17"",""total_payment_amount"":11000,""user_name"":""설악"",""user_rank"":3317,""user_stage"":300}"
"stage_reached_300 (App)","W:20_0A:21_0","20","{""Time"":""2025-12-12 19:39:37"",""UserUUID"":""d59d54b0-c81d-11f0-88ef-0300177b89d5"",""attendance_count"":20,""b.diamond"":999,""b.ruby"":0,""boxAllCount"":6600,""curserver"":1,""install_day"":""2025-11-23"",""total_payment_amount"":7700,""user_name"":""달래"",""user_rank"":3318,""user_stage"":300}"
"stage_reached_300 (App)","W:23_0A:19_0","35","{""Time"":""2025-12-12 16:54:42"",""UserUUID"":""d4cef370-bc30-11f0-81aa-0bbb73120b19"",""attendance_count"":35,""b.diamond"":1642471,""b.ruby"":0,""boxAllCount"":2880,""curserver"":1,""install_day"":""2025-11-07"",""total_payment_amount"":96800,""user_name"":""청림"",""user_rank"":3353,""user_stage"":300}"
"stage_reached_300 (App)","W:21_0A:19_0","13","{""Time"":""2025-12-12 14:40:21"",""UserUUID"":""0b11a4d0-a1df-11f0-88a5-b317356e4e03"",""attendance_count"":13,""b.diamond"":1054,""b.ruby"":0,""boxAllCount"":2810,""curserver"":1,""install_day"":""2025-10-05"",""total_payment_amount"":111100,""user_name"":""땅개"",""user_rank"":3319,""user_stage"":300}"
"stage_reached_300 (App)","W:22_0A:20_0","23","{""Time"":""2025-12-12 14:32:24"",""UserUUID"":""a017bd70-c602-11f0-a054-b38b174f420b"",""attendance_count"":23,""b.diamond"":601263,""b.ruby"":0,""boxAllCount"":10060,""curserver"":1,""install_day"":""2025-11-20"",""total_payment_amount"":7700,""user_name"":""수달봉봉"",""user_rank"":3312,""user_stage"":300}"
"stage_reached_300 (App)","W:23_0A:19_0","17","{""Time"":""2025-12-12 13:06:51"",""UserUUID"":""e4efd270-cabc-11f0-80ae-e9bb82375a98"",""attendance_count"":17,""b.diamond"":10281,""b.ruby"":0,""boxAllCount"":5170,""curserver"":1,""install_day"":""2025-11-26"",""total_payment_amount"":40700,""user_name"":""온엘"",""user_rank"":3362,""user_stage"":300}"
"stage_reached_300 (App)","W:23_0A:23_0","18","{""Time"":""2025-12-12 12:48:18"",""UserUUID"":""031eb710-c9ba-11f0-a912-7d87817db723"",""attendance_count"":18,""b.diamond"":2896,""b.ruby"":0,""boxAllCount"":7110,""curserver"":1,""install_day"":""2025-11-25"",""total_payment_amount"":117700,""user_name"":""upright"",""user_rank"":3320,""user_stage"":300}"
"stage_reached_300 (App)","W:20_0A:22_0","120","{""Time"":""2025-12-12 10:23:08"",""UserUUID"":""627d9430-650e-11f0-a092-cfb4e8946e57"",""attendance_count"":120,""b.diamond"":10226936,""b.ruby"":0,""boxAllCount"":7080,""curserver"":1,""install_day"":""2025-07-20"",""total_payment_amount"":0,""user_name"":""fatalbug"",""user_rank"":3313,""user_stage"":300}"
"stage_reached_300 (App)","W:23_0A:19_0","8","{""Time"":""2025-12-12 10:06:32"",""UserUUID"":""e7dffb80-d175-11f0-9cd9-abc6dbc9671c"",""attendance_count"":8,""b.diamond"":3221,""b.ruby"":0,""boxAllCount"":1030,""curserver"":1,""install_day"":""2025-12-05"",""total_payment_amount"":77000,""user_name"":""시계소녀"",""user_rank"":3319,""user_stage"":300}"
"stage_reached_300 (App)","W:20_0A:19_0","24","{""Time"":""2025-12-12 09:38:01"",""UserUUID"":""f81d2f90-c2ca-11f0-aa2e-632a23649fe2"",""attendance_count"":24,""b.diamond"":116089,""b.ruby"":0,""boxAllCount"":720,""curserver"":1,""install_day"":""2025-11-16"",""total_payment_amount"":16500,""user_name"":""gw77"",""user_rank"":3329,""user_stage"":300}"
"stage_reached_300 (App)","W:20_0A:19_0","25","{""Time"":""2025-12-12 08:57:35"",""UserUUID"":""72543840-c482-11f0-a885-43d64868e6f5"",""attendance_count"":25,""b.diamond"":17819,""b.ruby"":0,""boxAllCount"":4870,""curserver"":1,""install_day"":""2025-11-18"",""total_payment_amount"":7700,""user_name"":""하이광배"",""user_rank"":3309,""user_stage"":300}"
"stage_reached_300 (App)","W:20_0A:19_0","21","{""Time"":""2025-12-12 08:50:34"",""UserUUID"":""b90621d0-c785-11f0-b3c0-8552c6140336"",""attendance_count"":21,""b.diamond"":4554,""b.ruby"":0,""boxAllCount"":4860,""curserver"":1,""install_day"":""2025-11-22"",""total_payment_amount"":7700,""user_name"":""AROI"",""user_rank"":3309,""user_stage"":300}"
"stage_reached_300 (App)","W:22_0A:21_0","22","{""Time"":""2025-12-12 02:14:23"",""UserUUID"":""0e6915f0-c6ba-11f0-9bf1-7bcba8fcdbf5"",""attendance_count"":22,""b.diamond"":2232,""b.ruby"":0,""boxAllCount"":1890,""curserver"":1,""install_day"":""2025-11-21"",""total_payment_amount"":31900,""user_name"":""늙기싫다"",""user_rank"":3332,""user_stage"":300}"
"stage_reached_300 (App)","W:20_0A:20_0","42","{""Time"":""2025-12-12 00:21:20"",""UserUUID"":""8d6874a0-b674-11f0-896c-87c849c8485b"",""attendance_count"":42,""b.diamond"":554805,""b.ruby"":0,""boxAllCount"":6640,""curserver"":1,""install_day"":""2025-10-31"",""total_payment_amount"":7700,""user_name"":""크랜베리"",""user_rank"":3311,""user_stage"":300}"
"stage_reached_300 (App)","W:22_0A:19_0","27","{""Time"":""2025-12-11 23:44:37"",""UserUUID"":""1041b970-c1cb-11f0-88d5-295ad8961215"",""attendance_count"":27,""b.diamond"":108196,""b.ruby"":0,""boxAllCount"":5740,""curserver"":1,""install_day"":""2025-11-15"",""total_payment_amount"":40700,""user_name"":""물소리"",""user_rank"":3330,""user_stage"":300}"
"stage_reached_300 (App)","W:23_0A:22_0","27","{""Time"":""2025-12-11 21:48:49"",""UserUUID"":""55a193a0-6d02-11f0-b0d7-0b3415ac89fb"",""attendance_count"":27,""b.diamond"":96568,""b.ruby"":0,""boxAllCount"":17120,""curserver"":1,""install_day"":""2025-07-30"",""total_payment_amount"":75900,""user_name"":""샹그리아"",""user_rank"":3305,""user_stage"":300}"
"stage_reached_300 (App)","W:22_0A:19_0","22","{""Time"":""2025-12-11 18:20:04"",""UserUUID"":""bd127420-c318-11f0-b8d1-07e4240b1b0e"",""attendance_count"":22,""b.diamond"":41376,""b.ruby"":0,""boxAllCount"":2000,""curserver"":1,""install_day"":""2025-11-16"",""total_payment_amount"":7700,""user_name"":""빈혈걸린상어"",""user_rank"":3318,""user_stage"":300}"
"stage_reached_300 (App)","W:20_0A:19_0","15","{""Time"":""2025-12-11 18:13:45"",""UserUUID"":""c40e7870-cb45-11f0-bc6d-0b0a19bd1310"",""attendance_count"":15,""b.diamond"":25517,""b.ruby"":0,""boxAllCount"":1130,""curserver"":1,""install_day"":""2025-11-27"",""total_payment_amount"":7700,""user_name"":""별님"",""user_rank"":3348,""user_stage"":300}"
"stage_reached_300 (App)","W:20_0A:19_0","13","{""Time"":""2025-12-11 14:49:53"",""UserUUID"":""c75a4890-cc78-11f0-ba35-b18cd67558a6"",""attendance_count"":13,""b.diamond"":7290,""b.ruby"":2640,""boxAllCount"":1110,""curserver"":1,""install_day"":""2025-11-28"",""total_payment_amount"":161700,""user_name"":""HQEE"",""user_rank"":3384,""user_stage"":300}"
"stage_reached_300 (App)","W:23_0A:19_0","15","{""Time"":""2025-12-11 13:09:27"",""UserUUID"":""3bffc410-cb82-11f0-8b8a-9bba9ff9549d"",""attendance_count"":15,""b.diamond"":184136,""b.ruby"":0,""boxAllCount"":2760,""curserver"":1,""install_day"":""2025-11-27"",""total_payment_amount"":40700,""user_name"":""덕하"",""user_rank"":3302,""user_stage"":300}"
"stage_reached_300 (App)","W:20_0A:19_0","18","{""Time"":""2025-12-11 11:21:40"",""UserUUID"":""21d8b3f0-c8d3-11f0-abcf-075ab38d048a"",""attendance_count"":18,""b.diamond"":27756,""b.ruby"":0,""boxAllCount"":4390,""curserver"":1,""install_day"":""2025-11-24"",""total_payment_amount"":50600,""user_name"":""흑두루미"",""user_rank"":3299,""user_stage"":300}"
"stage_reached_300 (App)","W:23_0A:23_0","11","{""Time"":""2025-12-11 06:40:27"",""UserUUID"":""c32d34c0-cea9-11f0-b1c4-a7c80ae82e94"",""attendance_count"":11,""b.diamond"":55045,""b.ruby"":0,""boxAllCount"":1810,""curserver"":1,""install_day"":""2025-12-01"",""total_payment_amount"":150700,""user_name"":""김시료"",""user_rank"":3293,""user_stage"":300}"
"stage_reached_300 (App)","W:23_0A:20_0","15","{""Time"":""2025-12-11 03:23:57"",""UserUUID"":""c5673030-cb7d-11f0-808c-233af50d12a0"",""attendance_count"":15,""b.diamond"":8714,""b.ruby"":0,""boxAllCount"":3020,""curserver"":1,""install_day"":""2025-11-27"",""total_payment_amount"":7700,""user_name"":""근구수"",""user_rank"":3310,""user_stage"":300}"
"stage_reached_300 (App)","W:20_0A:19_0","19","{""Time"":""2025-12-11 00:36:46"",""UserUUID"":""1bcbaaf0-7d9b-11ef-8266-5ff262c8cc1a"",""attendance_count"":19,""b.diamond"":3751,""b.ruby"":0,""boxAllCount"":2180,""curserver"":0,""install_day"":""2024-09-28"",""total_payment_amount"":7700,""user_name"":""리리아"",""user_rank"":352,""user_stage"":300}"
"stage_reached_300 (App)","W:20_0A:22_0","17","{""Time"":""2025-12-10 21:53:14"",""UserUUID"":""88fe1ce0-c910-11f0-8a70-15d8309d47ed"",""attendance_count"":17,""b.diamond"":1137,""b.ruby"":0,""boxAllCount"":2760,""curserver"":1,""install_day"":""2025-11-24"",""total_payment_amount"":62700,""user_name"":""흐엥흐엥"",""user_rank"":3292,""user_stage"":300}"
"stage_reached_300 (App)","W:20_0A:20_0","10","{""Time"":""2025-12-10 19:07:39"",""UserUUID"":""9be9bfc0-ce48-11f0-8af1-cd7b8de7dde0"",""attendance_count"":10,""b.diamond"":9307,""b.ruby"":110,""boxAllCount"":4090,""curserver"":1,""install_day"":""2025-11-30"",""total_payment_amount"":210100,""user_name"":""금목화"",""user_rank"":3326,""user_stage"":300}"
"stage_reached_300 (App)","W:22_0A:20_0","23","{""Time"":""2025-12-10 15:57:39"",""UserUUID"":""5804c880-c458-11f0-99a8-33ce1829e648"",""attendance_count"":23,""b.diamond"":234911,""b.ruby"":0,""boxAllCount"":8710,""curserver"":1,""install_day"":""2025-11-18"",""total_payment_amount"":27500,""user_name"":""일검무휼"",""user_rank"":3292,""user_stage"":300}"
"stage_reached_300 (App)","W:23_0A:20_0","23","{""Time"":""2025-12-10 15:40:01"",""UserUUID"":""97f3e2c0-c23a-11f0-81bf-09c910421dcb"",""attendance_count"":23,""b.diamond"":2395,""b.ruby"":0,""boxAllCount"":14730,""curserver"":1,""install_day"":""2025-11-15"",""total_payment_amount"":29700,""user_name"":""전민철"",""user_rank"":3347,""user_stage"":300}"
"stage_reached_300 (App)","W:21_0A:23_0","58","{""Time"":""2025-12-10 15:26:20"",""UserUUID"":""51590ca0-a8db-11f0-b6c9-690a6765a14c"",""attendance_count"":58,""b.diamond"":2173869,""b.ruby"":0,""boxAllCount"":10910,""curserver"":1,""install_day"":""2025-10-14"",""total_payment_amount"":0,""user_name"":""노인과해산물"",""user_rank"":3286,""user_stage"":300}"
"stage_reached_300 (App)","W:23_0A:23_0","22","{""Time"":""2025-12-10 14:19:04"",""UserUUID"":""97962370-c48c-11f0-bd56-67cbda4018ad"",""attendance_count"":22,""b.diamond"":400302,""b.ruby"":0,""boxAllCount"":5100,""curserver"":1,""install_day"":""2025-11-18"",""total_payment_amount"":7700,""user_name"":""다때려치자"",""user_rank"":3287,""user_stage"":300}"
"stage_reached_300 (App)","W:24_0A:19_0","73","{""Time"":""2025-12-10 12:31:53"",""UserUUID"":""efb9a390-945f-11f0-bb0d-d17914868644"",""attendance_count"":73,""b.diamond"":2593519,""b.ruby"":0,""boxAllCount"":2130,""curserver"":1,""install_day"":""2025-09-18"",""total_payment_amount"":7700,""user_name"":""모팔모"",""user_rank"":3356,""user_stage"":300}"
"stage_reached_300 (App)","W:21_0A:22_0","24","{""Time"":""2025-12-10 12:00:47"",""UserUUID"":""84028660-c3aa-11f0-8fcb-5f96a363cd57"",""attendance_count"":24,""b.diamond"":37301,""b.ruby"":0,""boxAllCount"":8260,""curserver"":1,""install_day"":""2025-11-17"",""total_payment_amount"":117700,""user_name"":""머하쇼"",""user_rank"":3320,""user_stage"":300}"
"stage_reached_300 (App)","W:21_0A:20_0","34","{""Time"":""2025-12-10 10:16:55"",""UserUUID"":""caa65e90-bb1a-11f0-8bfe-c3b689bfe199"",""attendance_count"":34,""b.diamond"":57062,""b.ruby"":0,""boxAllCount"":4880,""curserver"":1,""install_day"":""2025-11-06"",""total_payment_amount"":0,""user_name"":""무등산호랑이"",""user_rank"":3282,""user_stage"":300}"
"stage_reached_300 (App)","W:24_0A:23_0","4","{""Time"":""2025-12-10 09:54:57"",""UserUUID"":""401faac0-d310-11f0-9055-530019447e7c"",""attendance_count"":4,""b.diamond"":81966,""b.ruby"":110,""boxAllCount"":3600,""curserver"":1,""install_day"":""2025-12-07"",""total_payment_amount"":330000,""user_name"":""가레온"",""user_rank"":3282,""user_stage"":300}"
"stage_reached_300 (App)","W:23_0A:22_0","7","{""Time"":""2025-12-10 08:08:26"",""UserUUID"":""8bc08150-d09c-11f0-bb57-aba3dbaff4ba"",""attendance_count"":7,""b.diamond"":98151,""b.ruby"":0,""boxAllCount"":10610,""curserver"":1,""install_day"":""2025-12-03"",""total_payment_amount"":194700,""user_name"":""애리죠나심"",""user_rank"":3280,""user_stage"":300}"
"stage_reached_300 (App)","W:23_0A:20_0","27","{""Time"":""2025-12-10 08:01:19"",""UserUUID"":""6c421660-c145-11f0-9627-071387d0c237"",""attendance_count"":27,""b.diamond"":178273,""b.ruby"":0,""boxAllCount"":6660,""curserver"":1,""install_day"":""2025-11-14"",""total_payment_amount"":7700,""user_name"":""조커로드"",""user_rank"":3285,""user_stage"":300}"
"stage_reached_300 (App)","W:20_0A:20_0","88","{""Time"":""2025-12-10 07:34:20"",""UserUUID"":""36883860-8545-11f0-ae3c-29a303a1e907"",""attendance_count"":88,""b.diamond"":201003,""b.ruby"":0,""boxAllCount"":8770,""curserver"":1,""install_day"":""2025-08-30"",""total_payment_amount"":0,""user_name"":""알푸스날두"",""user_rank"":3306,""user_stage"":300}"
"stage_reached_300 (App)","W:21_0A:22_0","34","{""Time"":""2025-12-10 05:40:41"",""UserUUID"":""27e383e0-6c0a-11f0-b3a4-bdd7aa4d5379"",""attendance_count"":34,""b.diamond"":12063,""b.ruby"":0,""boxAllCount"":6840,""curserver"":1,""install_day"":""2025-07-28"",""total_payment_amount"":7700,""user_name"":""지존박봉식"",""user_rank"":3340,""user_stage"":300}"
"stage_reached_300 (App)","W:21_0A:23_0","32","{""Time"":""2025-12-10 03:04:20"",""UserUUID"":""bc9f6eb0-ba5f-11f0-a851-69c0bd983142"",""attendance_count"":32,""b.diamond"":257067,""b.ruby"":1320,""boxAllCount"":13800,""curserver"":1,""install_day"":""2025-11-05"",""total_payment_amount"":40700,""user_name"":""빛과비와공기"",""user_rank"":3274,""user_stage"":300}"
"stage_reached_300 (App)","W:22_0A:19_0","23","{""Time"":""2025-12-10 02:59:27"",""UserUUID"":""10ba2bc0-c3a2-11f0-88cb-592467163eb2"",""attendance_count"":23,""b.diamond"":16407,""b.ruby"":0,""boxAllCount"":3120,""curserver"":1,""install_day"":""2025-11-17"",""total_payment_amount"":8800,""user_name"":""뉴라니"",""user_rank"":3278,""user_stage"":300}"
"stage_reached_300 (App)","W:20_0A:19_0","23","{""Time"":""2025-12-10 01:40:26"",""UserUUID"":""e2d90350-c40c-11f0-b178-9f98740d4956"",""attendance_count"":23,""b.diamond"":722,""b.ruby"":0,""boxAllCount"":2380,""curserver"":1,""install_day"":""2025-11-17"",""total_payment_amount"":7700,""user_name"":""표남경"",""user_rank"":3273,""user_stage"":300}"
"stage_reached_300 (App)","W:24_0A:21_0","15","{""Time"":""2025-12-10 00:58:47"",""UserUUID"":""b287dd10-ca9d-11f0-8938-a9fe3c5adfbb"",""attendance_count"":15,""b.diamond"":109519,""b.ruby"":1100,""boxAllCount"":4640,""curserver"":1,""install_day"":""2025-11-26"",""total_payment_amount"":172700,""user_name"":""TREVI"",""user_rank"":3313,""user_stage"":300}"
"stage_reached_300 (App)","W:22_0A:23_0","14","{""Time"":""2025-12-10 00:20:40"",""UserUUID"":""913ae930-cb98-11f0-ae01-2dddb72c6393"",""attendance_count"":14,""b.diamond"":128918,""b.ruby"":0,""boxAllCount"":6100,""curserver"":1,""install_day"":""2025-11-27"",""total_payment_amount"":80300,""user_name"":""꿇리지말자"",""user_rank"":3278,""user_stage"":300}"
"stage_reached_300 (App)","W:20_0A:20_0","26","{""Time"":""2025-12-10 00:20:22"",""UserUUID"":""3d87d8f0-bd03-11f0-9fb2-13cff54627c0"",""attendance_count"":26,""b.diamond"":16498,""b.ruby"":0,""boxAllCount"":6850,""curserver"":1,""install_day"":""2025-11-09"",""total_payment_amount"":7700,""user_name"":""하늘나루"",""user_rank"":3272,""user_stage"":300}"
"stage_reached_300 (App)","W:23_0A:23_0","10","{""Time"":""2025-12-09 21:27:27"",""UserUUID"":""91f3efc0-cce7-11f0-a543-3132c89a0aa3"",""attendance_count"":10,""b.diamond"":126470,""b.ruby"":0,""boxAllCount"":3030,""curserver"":1,""install_day"":""2025-11-29"",""total_payment_amount"":139700,""user_name"":""냥만"",""user_rank"":3423,""user_stage"":300}"
"stage_reached_300 (App)","W:23_0A:20_0","18","{""Time"":""2025-12-09 21:12:58"",""UserUUID"":""04741ad0-c77e-11f0-9eb1-51ec7a729253"",""attendance_count"":18,""b.diamond"":375298,""b.ruby"":0,""boxAllCount"":6880,""curserver"":1,""install_day"":""2025-11-22"",""total_payment_amount"":40700,""user_name"":""김삿갓이"",""user_rank"":3389,""user_stage"":300}"
"stage_reached_300 (App)","W:20_0A:19_0","15","{""Time"":""2025-12-09 19:19:36"",""UserUUID"":""b626f350-c9cd-11f0-bdf8-21fced51be74"",""attendance_count"":15,""b.diamond"":5774,""b.ruby"":0,""boxAllCount"":3000,""curserver"":1,""install_day"":""2025-11-25"",""total_payment_amount"":73700,""user_name"":""용산폭격기"",""user_rank"":3359,""user_stage"":300}"
"stage_reached_300 (App)","W:20_0A:20_0","31","{""Time"":""2025-12-09 19:12:30"",""UserUUID"":""fbe65380-bd4e-11f0-ab03-b78766583128"",""attendance_count"":31,""b.diamond"":4654,""b.ruby"":0,""boxAllCount"":5650,""curserver"":1,""install_day"":""2025-11-09"",""total_payment_amount"":0,""user_name"":""골드버드"",""user_rank"":3283,""user_stage"":300}"
"stage_reached_300 (App)","W:21_0A:21_0","22","{""Time"":""2025-12-09 18:38:07"",""UserUUID"":""c45a04c0-c410-11f0-b999-3b4145e5732a"",""attendance_count"":22,""b.diamond"":153884,""b.ruby"":0,""boxAllCount"":7250,""curserver"":1,""install_day"":""2025-11-17"",""total_payment_amount"":7700,""user_name"":""LSAS"",""user_rank"":3269,""user_stage"":300}"
"stage_reached_300 (App)","W:23_0A:23_0","20","{""Time"":""2025-12-09 12:28:15"",""UserUUID"":""7d62c890-7b63-11f0-a8cb-57ecaf09bb65"",""attendance_count"":20,""b.diamond"":11004,""b.ruby"":0,""boxAllCount"":6400,""curserver"":1,""install_day"":""2025-08-17"",""total_payment_amount"":73700,""user_name"":""허정호"",""user_rank"":3289,""user_stage"":300}"
"stage_reached_300 (App)","W:21_0A:21_0","46","{""Time"":""2025-12-09 10:03:36"",""UserUUID"":""a2127f50-ae85-11f0-9199-778a4d7dc662"",""attendance_count"":46,""b.diamond"":9044,""b.ruby"":0,""boxAllCount"":16360,""curserver"":1,""install_day"":""2025-10-21"",""total_payment_amount"":7700,""user_name"":""스파크짜몽"",""user_rank"":3321,""user_stage"":300}"
"stage_reached_300 (App)","W:22_0A:21_0","31","{""Time"":""2025-12-09 07:32:17"",""UserUUID"":""68eea690-bd1c-11f0-92bc-fbaee944af6a"",""attendance_count"":31,""b.diamond"":7647,""b.ruby"":0,""boxAllCount"":16010,""curserver"":1,""install_day"":""2025-11-09"",""total_payment_amount"":14300,""user_name"":""창림이족옥"",""user_rank"":3263,""user_stage"":300}"
"stage_reached_300 (App)","W:22_0A:20_0","35","{""Time"":""2025-12-09 03:09:56"",""UserUUID"":""f610c470-b7ab-11f0-b3c2-e77b16e19a46"",""attendance_count"":35,""b.diamond"":107276,""b.ruby"":0,""boxAllCount"":6460,""curserver"":1,""install_day"":""2025-11-02"",""total_payment_amount"":50600,""user_name"":""이름짓기귀찮아"",""user_rank"":3287,""user_stage"":300}"
"stage_reached_300 (App)","W:23_0A:19_0","11","{""Time"":""2025-12-09 00:38:50"",""UserUUID"":""d5bd07f0-ccce-11f0-ad50-ffdb466958b0"",""attendance_count"":11,""b.diamond"":114035,""b.ruby"":1210,""boxAllCount"":3140,""curserver"":1,""install_day"":""2025-11-29"",""total_payment_amount"":117700,""user_name"":""베슬"",""user_rank"":3568,""user_stage"":300}"
"stage_reached_300 (App)","W:20_0A:19_0","27","{""Time"":""2025-12-08 16:50:31"",""UserUUID"":""6ad437b0-be96-11f0-ac3e-f9f4f28a1ce3"",""attendance_count"":27,""b.diamond"":87865,""b.ruby"":0,""boxAllCount"":5700,""curserver"":1,""install_day"":""2025-11-11"",""total_payment_amount"":7700,""user_name"":""비베"",""user_rank"":3263,""user_stage"":300}"
"stage_reached_300 (App)","W:20_0A:20_0","28","{""Time"":""2025-12-08 14:51:16"",""UserUUID"":""545a4110-bf08-11f0-b720-872744bc58c0"",""attendance_count"":28,""b.diamond"":40840,""b.ruby"":330,""boxAllCount"":6730,""curserver"":1,""install_day"":""2025-11-11"",""total_payment_amount"":11000,""user_name"":""주파리기지원"",""user_rank"":3309,""user_stage"":300}"
"stage_reached_300 (App)","W:20_0A:19_0","20","{""Time"":""2025-12-08 14:13:28"",""UserUUID"":""8090ef10-c546-11f0-b5a4-b968f02b214e"",""attendance_count"":20,""b.diamond"":20439,""b.ruby"":0,""boxAllCount"":4420,""curserver"":1,""install_day"":""2025-11-19"",""total_payment_amount"":7700,""user_name"":""빈땅콩"",""user_rank"":3272,""user_stage"":300}"
"stage_reached_300 (App)","W:20_0A:19_0","22","{""Time"":""2025-12-08 09:06:16"",""UserUUID"":""9a0f96b0-c3c2-11f0-9bb5-174fc7d9cbcd"",""attendance_count"":22,""b.diamond"":10290,""b.ruby"":0,""boxAllCount"":2910,""curserver"":1,""install_day"":""2025-11-17"",""total_payment_amount"":7700,""user_name"":""성서폭풍"",""user_rank"":3278,""user_stage"":300}"
"stage_reached_300 (App)","W:23_0A:22_0","35","{""Time"":""2025-12-08 07:12:00"",""UserUUID"":""e63fd510-b984-11f0-8fdc-d7ea558eb3ed"",""attendance_count"":35,""b.diamond"":971,""b.ruby"":0,""boxAllCount"":6290,""curserver"":1,""install_day"":""2025-11-04"",""total_payment_amount"":0,""user_name"":""장담몬"",""user_rank"":3258,""user_stage"":300}"
"stage_reached_300 (App)","W:23_0A:20_0","20","{""Time"":""2025-12-08 03:24:42"",""UserUUID"":""ddc4ae30-c508-11f0-96ea-9515b6ea5566"",""attendance_count"":20,""b.diamond"":30653,""b.ruby"":0,""boxAllCount"":3900,""curserver"":1,""install_day"":""2025-11-19"",""total_payment_amount"":42900,""user_name"":""바나나의섬"",""user_rank"":3319,""user_stage"":300}"
"stage_reached_300 (App)","W:23_0A:19_0","28","{""Time"":""2025-12-08 02:14:43"",""UserUUID"":""f73b78f0-bbb5-11f0-aad9-3f8c92edf230"",""attendance_count"":28,""b.diamond"":99805,""b.ruby"":0,""boxAllCount"":2320,""curserver"":1,""install_day"":""2025-11-07"",""total_payment_amount"":14300,""user_name"":""준준돌"",""user_rank"":3267,""user_stage"":300}"
"stage_reached_300 (App)","W:22_0A:19_0","20","{""Time"":""2025-12-08 01:47:37"",""UserUUID"":""bfac4790-c536-11f0-ac5f-796f91d2adcd"",""attendance_count"":20,""b.diamond"":14077,""b.ruby"":0,""boxAllCount"":4380,""curserver"":1,""install_day"":""2025-11-19"",""total_payment_amount"":7700,""user_name"":""윤괴물"",""user_rank"":3281,""user_stage"":300}"
"stage_reached_300 (App)","W:20_0A:21_0","13","{""Time"":""2025-12-08 01:07:26"",""UserUUID"":""c2c7d840-ca40-11f0-ab5c-11a13f135134"",""attendance_count"":13,""b.diamond"":1354,""b.ruby"":0,""boxAllCount"":3260,""curserver"":1,""install_day"":""2025-11-25"",""total_payment_amount"":52800,""user_name"":""꿀빵"",""user_rank"":3283,""user_stage"":300}"
"stage_reached_300 (App)","W:23_0A:19_0","16","{""Time"":""2025-12-08 00:47:54"",""UserUUID"":""6db39bd0-c858-11f0-88ef-0300177b89d5"",""attendance_count"":16,""b.diamond"":35354,""b.ruby"":0,""boxAllCount"":2010,""curserver"":1,""install_day"":""2025-11-23"",""total_payment_amount"":36300,""user_name"":""풋사과"",""user_rank"":3265,""user_stage"":300}"
"stage_reached_300 (App)","W:23_0A:20_0","49","{""Time"":""2025-12-07 22:31:36"",""UserUUID"":""90448b10-ab06-11f0-8a5d-5fa60b653a75"",""attendance_count"":49,""b.diamond"":132617,""b.ruby"":0,""boxAllCount"":7220,""curserver"":1,""install_day"":""2025-10-17"",""total_payment_amount"":7700,""user_name"":""오록"",""user_rank"":3265,""user_stage"":300}"
"stage_reached_300 (App)","W:21_0A:22_0","83","{""Time"":""2025-12-07 21:26:21"",""UserUUID"":""ff89f190-8f63-11f0-852a-b51e06df2c5e"",""attendance_count"":83,""b.diamond"":6961,""b.ruby"":0,""boxAllCount"":19740,""curserver"":1,""install_day"":""2025-09-11"",""total_payment_amount"":0,""user_name"":""kmm"",""user_rank"":3265,""user_stage"":300}"
"stage_reached_300 (App)","W:20_0A:21_0","51","{""Time"":""2025-12-07 15:45:52"",""UserUUID"":""3975f630-ac18-11f0-8d58-8def2f7c105d"",""attendance_count"":51,""b.diamond"":2101,""b.ruby"":0,""boxAllCount"":8950,""curserver"":1,""install_day"":""2025-10-18"",""total_payment_amount"":7700,""user_name"":""보브찬친"",""user_rank"":3249,""user_stage"":300}"
"stage_reached_300 (App)","W:21_0A:20_0","22","{""Time"":""2025-12-07 12:50:31"",""UserUUID"":""9cdb5730-c2cd-11f0-a1eb-592d90e56e86"",""attendance_count"":22,""b.diamond"":38118,""b.ruby"":0,""boxAllCount"":7250,""curserver"":1,""install_day"":""2025-11-16"",""total_payment_amount"":14300,""user_name"":""할이름없당"",""user_rank"":3253,""user_stage"":300}"
"stage_reached_300 (App)","W:20_0A:19_0","59","{""Time"":""2025-12-07 08:34:38"",""UserUUID"":""eb669420-a5d9-11f0-acb1-25d0c5643693"",""attendance_count"":59,""b.diamond"":1006884,""b.ruby"":550,""boxAllCount"":1770,""curserver"":1,""install_day"":""2025-10-10"",""total_payment_amount"":33000,""user_name"":""샤샤25"",""user_rank"":3297,""user_stage"":300}"
"stage_reached_300 (App)","W:22_0A:20_0","48","{""Time"":""2025-12-07 01:30:15"",""UserUUID"":""977f51d0-ae6c-11f0-8545-1f88ceef777d"",""attendance_count"":48,""b.diamond"":2047967,""b.ruby"":0,""boxAllCount"":6700,""curserver"":1,""install_day"":""2025-10-21"",""total_payment_amount"":7700,""user_name"":""네네코마시로"",""user_rank"":3251,""user_stage"":300}"
"stage_reached_300 (App)","W:21_0A:20_0","32","{""Time"":""2025-12-07 00:45:38"",""UserUUID"":""2a3ec850-b982-11f0-bebc-bb8b65ce30da"",""attendance_count"":32,""b.diamond"":58691,""b.ruby"":0,""boxAllCount"":8350,""curserver"":1,""install_day"":""2025-11-04"",""total_payment_amount"":7700,""user_name"":""SoDan"",""user_rank"":3250,""user_stage"":300}"
"stage_reached_300 (App)","W:23_0A:23_0","16","{""Time"":""2025-12-06 21:20:48"",""UserUUID"":""c7126930-c6dd-11f0-9472-278d43bb5434"",""attendance_count"":16,""b.diamond"":131670,""b.ruby"":0,""boxAllCount"":6310,""curserver"":1,""install_day"":""2025-11-21"",""total_payment_amount"":7700,""user_name"":""초록얼음"",""user_rank"":3258,""user_stage"":300}"
"stage_reached_300 (App)","W:24_1A:24_0","4","{""Time"":""2025-12-06 19:30:19"",""UserUUID"":""94322880-cf6f-11f0-b7b2-6fd5bc9752cd"",""attendance_count"":4,""b.diamond"":1255062,""b.ruby"":2860,""boxAllCount"":4740,""curserver"":1,""install_day"":""2025-12-02"",""total_payment_amount"":700700,""user_name"":""푸풋사과"",""user_rank"":3540,""user_stage"":300}"
"stage_reached_300 (App)","W:22_0A:19_0","19","{""Time"":""2025-12-06 17:15:17"",""UserUUID"":""f3e08020-c3a2-11f0-b679-ab189f9d1938"",""attendance_count"":19,""b.diamond"":19795,""b.ruby"":0,""boxAllCount"":4200,""curserver"":1,""install_day"":""2025-11-17"",""total_payment_amount"":7700,""user_name"":""단군황제검"",""user_rank"":3263,""user_stage"":300}"
"stage_reached_300 (App)","W:22_0A:20_0","32","{""Time"":""2025-12-06 13:48:08"",""UserUUID"":""29bce6b0-ba49-11f0-a500-bf00a91eaf0e"",""attendance_count"":32,""b.diamond"":528220,""b.ruby"":0,""boxAllCount"":9200,""curserver"":1,""install_day"":""2025-11-05"",""total_payment_amount"":7700,""user_name"":""국치피"",""user_rank"":3291,""user_stage"":300}"
"stage_reached_300 (App)","W:22_0A:22_0","32","{""Time"":""2025-12-06 13:41:13"",""UserUUID"":""46fc7220-b7ad-11f0-8acc-a113c81b9baa"",""attendance_count"":32,""b.diamond"":124966,""b.ruby"":0,""boxAllCount"":10810,""curserver"":1,""install_day"":""2025-11-02"",""total_payment_amount"":7700,""user_name"":""일그조아"",""user_rank"":3238,""user_stage"":300}"
"stage_reached_300 (App)","W:23_0A:22_0","17","{""Time"":""2025-12-06 13:25:12"",""UserUUID"":""c277af70-c5ed-11f0-b8db-cde1ab823385"",""attendance_count"":17,""b.diamond"":1989,""b.ruby"":0,""boxAllCount"":2820,""curserver"":1,""install_day"":""2025-11-20"",""total_payment_amount"":7700,""user_name"":""탄연자감"",""user_rank"":3268,""user_stage"":300}"
"stage_reached_300 (App)","W:21_0A:19_0","22","{""Time"":""2025-12-06 12:55:09"",""UserUUID"":""767975f0-c227-11f0-8a91-efe8055e79d6"",""attendance_count"":22,""b.diamond"":5242,""b.ruby"":0,""boxAllCount"":1730,""curserver"":1,""install_day"":""2025-11-15"",""total_payment_amount"":33000,""user_name"":""정빈"",""user_rank"":3259,""user_stage"":300}"
"stage_reached_300 (App)","W:23_0A:21_0","15","{""Time"":""2025-12-06 12:36:54"",""UserUUID"":""e61d4b40-c761-11f0-8728-310ad3054c26"",""attendance_count"":15,""b.diamond"":147789,""b.ruby"":330,""boxAllCount"":5270,""curserver"":1,""install_day"":""2025-11-22"",""total_payment_amount"":106700,""user_name"":""가룡"",""user_rank"":3303,""user_stage"":300}"
"stage_reached_300 (App)","W:20_0A:19_0","28","{""Time"":""2025-12-06 12:19:02"",""UserUUID"":""a79c8ae0-bd46-11f0-b2b5-bf87631ec4db"",""attendance_count"":28,""b.diamond"":18793,""b.ruby"":0,""boxAllCount"":2600,""curserver"":1,""install_day"":""2025-11-09"",""total_payment_amount"":7700,""user_name"":""블마띵"",""user_rank"":3237,""user_stage"":300}"
"stage_reached_300 (App)","W:21_0A:21_0","23","{""Time"":""2025-12-06 10:28:14"",""UserUUID"":""c7da6310-c109-11f0-9580-c5f29fb61127"",""attendance_count"":23,""b.diamond"":42595,""b.ruby"":0,""boxAllCount"":4790,""curserver"":1,""install_day"":""2025-11-14"",""total_payment_amount"":25300,""user_name"":""후두둑"",""user_rank"":3250,""user_stage"":300}"
"stage_reached_300 (App)","W:23_0A:23_0","31","{""Time"":""2025-12-06 10:16:20"",""UserUUID"":""37e6d5d0-9b71-11f0-87fa-d940c007be54"",""attendance_count"":31,""b.diamond"":180357,""b.ruby"":330,""boxAllCount"":17380,""curserver"":1,""install_day"":""2025-09-27"",""total_payment_amount"":110000,""user_name"":""알롱드"",""user_rank"":3375,""user_stage"":300}"
"stage_reached_300 (App)","W:23_0A:19_0","9","{""Time"":""2025-12-06 08:39:26"",""UserUUID"":""89c7ac60-cc5b-11f0-ae76-034ca447cf3b"",""attendance_count"":9,""b.diamond"":31458,""b.ruby"":440,""boxAllCount"":1870,""curserver"":1,""install_day"":""2025-11-28"",""total_payment_amount"":174900,""user_name"":""파파둥"",""user_rank"":3717,""user_stage"":300}"
"stage_reached_300 (App)","W:23_0A:19_0","45","{""Time"":""2025-12-06 08:21:42"",""UserUUID"":""11819640-adb0-11f0-92bd-9dd72cae1700"",""attendance_count"":45,""b.diamond"":4093,""b.ruby"":0,""boxAllCount"":2640,""curserver"":1,""install_day"":""2025-10-20"",""total_payment_amount"":7700,""user_name"":""통닭먹자"",""user_rank"":3233,""user_stage"":300}"
"stage_reached_300 (App)","W:21_0A:20_0","16","{""Time"":""2025-12-06 02:11:44"",""UserUUID"":""73ef6d20-c6b0-11f0-99fb-05c279b42331"",""attendance_count"":16,""b.diamond"":45752,""b.ruby"":550,""boxAllCount"":8250,""curserver"":1,""install_day"":""2025-11-21"",""total_payment_amount"":190300,""user_name"":""햇귀살이"",""user_rank"":3269,""user_stage"":300}"
"stage_reached_300 (App)","W:23_0A:20_0","12","{""Time"":""2025-12-06 01:37:27"",""UserUUID"":""21438380-c9bd-11f0-8e25-3b15f9bb8716"",""attendance_count"":12,""b.diamond"":4229,""b.ruby"":0,""boxAllCount"":5470,""curserver"":1,""install_day"":""2025-11-25"",""total_payment_amount"":159500,""user_name"":""녘스워리어"",""user_rank"":3243,""user_stage"":300}"
"stage_reached_300 (App)","W:23_0A:19_0","23","{""Time"":""2025-12-06 01:14:14"",""UserUUID"":""7d7b37d0-c15a-11f0-b709-2fb46b193ceb"",""attendance_count"":23,""b.diamond"":80382,""b.ruby"":0,""boxAllCount"":4240,""curserver"":1,""install_day"":""2025-11-14"",""total_payment_amount"":7700,""user_name"":""예천월"",""user_rank"":3234,""user_stage"":300}"
"stage_reached_300 (App)","W:23_0A:20_0","14","{""Time"":""2025-12-06 01:05:09"",""UserUUID"":""8f2c8440-c7b6-11f0-8ae5-8d25b10e515a"",""attendance_count"":14,""b.diamond"":6038,""b.ruby"":0,""boxAllCount"":6090,""curserver"":1,""install_day"":""2025-11-22"",""total_payment_amount"":51700,""user_name"":""공고생문과"",""user_rank"":3242,""user_stage"":300}"
"stage_reached_300 (App)","W:20_0A:19_0","22","{""Time"":""2025-12-05 22:57:44"",""UserUUID"":""ff732dd0-c0fe-11f0-b4df-07c8693dcdf4"",""attendance_count"":22,""b.diamond"":264454,""b.ruby"":0,""boxAllCount"":1890,""curserver"":1,""install_day"":""2025-11-14"",""total_payment_amount"":7700,""user_name"":""mandu"",""user_rank"":3281,""user_stage"":300}"
"stage_reached_300 (App)","W:21_0A:19_0","29","{""Time"":""2025-12-05 22:51:47"",""UserUUID"":""d89c7dd0-bb8e-11f0-a4ff-7310cd145dad"",""attendance_count"":29,""b.diamond"":171532,""b.ruby"":550,""boxAllCount"":1260,""curserver"":1,""install_day"":""2025-11-07"",""total_payment_amount"":33000,""user_name"":""BBACK"",""user_rank"":3258,""user_stage"":300}"
"stage_reached_300 (App)","W:21_0A:21_0","28","{""Time"":""2025-12-05 20:32:55"",""UserUUID"":""110e5080-bca2-11f0-a95c-056219d7af15"",""attendance_count"":28,""b.diamond"":298465,""b.ruby"":0,""boxAllCount"":5340,""curserver"":1,""install_day"":""2025-11-08"",""total_payment_amount"":7700,""user_name"":""나굴2g"",""user_rank"":3227,""user_stage"":300}"
"stage_reached_300 (App)","W:22_0A:20_0","14","{""Time"":""2025-12-05 18:53:32"",""UserUUID"":""380a3fb0-c78c-11f0-b980-af45aeb03a4d"",""attendance_count"":14,""b.diamond"":4810,""b.ruby"":0,""boxAllCount"":8060,""curserver"":1,""install_day"":""2025-11-22"",""total_payment_amount"":116600,""user_name"":""임종진"",""user_rank"":3241,""user_stage"":300}"
"stage_reached_300 (App)","W:23_0A:19_0","24","{""Time"":""2025-12-05 16:32:57"",""UserUUID"":""690501e0-bed6-11f0-ac3e-f9f4f28a1ce3"",""attendance_count"":24,""b.diamond"":45031,""b.ruby"":0,""boxAllCount"":4310,""curserver"":1,""install_day"":""2025-11-11"",""total_payment_amount"":47300,""user_name"":""Attack"",""user_rank"":3344,""user_stage"":300}"
"stage_reached_300 (App)","W:23_0A:23_0","14","{""Time"":""2025-12-05 12:00:07"",""UserUUID"":""da286710-c799-11f0-a6f3-87b5f015e41f"",""attendance_count"":14,""b.diamond"":3968,""b.ruby"":0,""boxAllCount"":9550,""curserver"":1,""install_day"":""2025-11-22"",""total_payment_amount"":125400,""user_name"":""청운동꿀주먹"",""user_rank"":3228,""user_stage"":300}"
"stage_reached_300 (App)","W:21_0A:19_0","17","{""Time"":""2025-12-05 10:03:31"",""UserUUID"":""e5f961a0-c4c6-11f0-8112-b729101b0da9"",""attendance_count"":17,""b.diamond"":126467,""b.ruby"":220,""boxAllCount"":4170,""curserver"":1,""install_day"":""2025-11-18"",""total_payment_amount"":47300,""user_name"":""멍뭉망"",""user_rank"":3223,""user_stage"":300}"
"stage_reached_300 (App)","W:20_0A:21_0","38","{""Time"":""2025-12-05 09:46:21"",""UserUUID"":""c9aff640-ae59-11f0-8545-1f88ceef777d"",""attendance_count"":38,""b.diamond"":13038,""b.ruby"":0,""boxAllCount"":16630,""curserver"":1,""install_day"":""2025-10-21"",""total_payment_amount"":7700,""user_name"":""따봉아범"",""user_rank"":3273,""user_stage"":300}"
"stage_reached_300 (App)","W:24_1A:23_0","3","{""Time"":""2025-12-04 22:29:24"",""UserUUID"":""01b9bee0-cf57-11f0-8628-9d43469d462c"",""attendance_count"":3,""b.diamond"":293068,""b.ruby"":0,""boxAllCount"":4930,""curserver"":1,""install_day"":""2025-12-02"",""total_payment_amount"":348700,""user_name"":""옥타"",""user_rank"":3256,""user_stage"":300}"
"stage_reached_300 (App)","W:21_0A:21_0","45","{""Time"":""2025-12-04 21:51:57"",""UserUUID"":""99b12160-b523-11ef-8a4d-5bd22890ef50"",""attendance_count"":45,""b.diamond"":104382,""b.ruby"":0,""boxAllCount"":10120,""curserver"":0,""install_day"":""2024-12-08"",""total_payment_amount"":7700,""user_name"":""다새이"",""user_rank"":341,""user_stage"":300}"
"stage_reached_300 (App)","W:20_0A:19_0","19","{""Time"":""2025-12-04 21:14:35"",""UserUUID"":""9e5a3890-c2d9-11f0-8172-3f6838132d74"",""attendance_count"":19,""b.diamond"":156856,""b.ruby"":0,""boxAllCount"":3920,""curserver"":1,""install_day"":""2025-11-16"",""total_payment_amount"":7700,""user_name"":""튜뷰"",""user_rank"":3220,""user_stage"":300}"
"stage_reached_300 (App)","W:23_0A:23_0","18","{""Time"":""2025-12-04 20:54:01"",""UserUUID"":""07fc8d90-c305-11f0-8d95-b7a7f28896b3"",""attendance_count"":18,""b.diamond"":14110,""b.ruby"":0,""boxAllCount"":16050,""curserver"":1,""install_day"":""2025-11-16"",""total_payment_amount"":7700,""user_name"":""양명"",""user_rank"":3230,""user_stage"":300}"
"stage_reached_300 (App)","W:21_0A:19_0","19","{""Time"":""2025-12-04 19:58:14"",""UserUUID"":""3f873640-c2f4-11f0-8f18-23910608c295"",""attendance_count"":19,""b.diamond"":71692,""b.ruby"":0,""boxAllCount"":3860,""curserver"":1,""install_day"":""2025-11-16"",""total_payment_amount"":7700,""user_name"":""지냄"",""user_rank"":3276,""user_stage"":300}"
"stage_reached_300 (App)","W:23_0A:21_0","31","{""Time"":""2025-12-04 10:58:09"",""UserUUID"":""4ee05480-b87e-11f0-b076-6198a702ee95"",""attendance_count"":31,""b.diamond"":2024,""b.ruby"":0,""boxAllCount"":7790,""curserver"":1,""install_day"":""2025-11-03"",""total_payment_amount"":7700,""user_name"":""T1gayria"",""user_rank"":3273,""user_stage"":300}"
"stage_reached_300 (App)","W:23_0A:23_0","20","{""Time"":""2025-12-04 10:48:02"",""UserUUID"":""1e7bf6f0-c1d9-11f0-a4ac-ef8081969052"",""attendance_count"":20,""b.diamond"":272354,""b.ruby"":2420,""boxAllCount"":2000,""curserver"":1,""install_day"":""2025-11-15"",""total_payment_amount"":117700,""user_name"":""말차"",""user_rank"":3214,""user_stage"":300}"
"stage_reached_300 (App)","W:21_0A:19_0","21","{""Time"":""2025-12-04 06:27:10"",""UserUUID"":""c17490c0-c0de-11f0-92bc-9b110df4047d"",""attendance_count"":21,""b.diamond"":2062,""b.ruby"":0,""boxAllCount"":2030,""curserver"":1,""install_day"":""2025-11-13"",""total_payment_amount"":7700,""user_name"":""현뭉이"",""user_rank"":3226,""user_stage"":300}"
"stage_reached_300 (App)","W:22_0A:22_0","18","{""Time"":""2025-12-04 04:38:22"",""UserUUID"":""59ef05d0-c367-11f0-a553-397e3588d004"",""attendance_count"":18,""b.diamond"":137860,""b.ruby"":0,""boxAllCount"":7580,""curserver"":1,""install_day"":""2025-11-17"",""total_payment_amount"":25300,""user_name"":""GODOL"",""user_rank"":3213,""user_stage"":300}"
"stage_reached_300 (App)","W:20_0A:19_0","16","{""Time"":""2025-12-04 01:02:29"",""UserUUID"":""ce762a70-c50e-11f0-9b08-654491b86197"",""attendance_count"":16,""b.diamond"":10439,""b.ruby"":0,""boxAllCount"":5130,""curserver"":1,""install_day"":""2025-11-19"",""total_payment_amount"":29700,""user_name"":""중폭"",""user_rank"":3212,""user_stage"":300}"
"stage_reached_300 (App)","W:23_0A:21_0","16","{""Time"":""2025-12-03 22:54:45"",""UserUUID"":""581a8580-c47b-11f0-beb5-7feca43c2a56"",""attendance_count"":16,""b.diamond"":6946,""b.ruby"":0,""boxAllCount"":10280,""curserver"":1,""install_day"":""2025-11-18"",""total_payment_amount"":106700,""user_name"":""사앙추"",""user_rank"":3233,""user_stage"":300}"
"stage_reached_300 (App)","W:23_0A:20_0","73","{""Time"":""2025-12-03 20:54:49"",""UserUUID"":""bc3375f0-9384-11ef-8187-bb551389c4ee"",""attendance_count"":73,""b.diamond"":4072,""b.ruby"":0,""boxAllCount"":8250,""curserver"":0,""install_day"":""2024-10-26"",""total_payment_amount"":0,""user_name"":""9000기념무기"",""user_rank"":340,""user_stage"":300}"
"stage_reached_300 (App)","W:20_0A:22_0","16","{""Time"":""2025-12-03 20:08:30"",""UserUUID"":""affeca10-c46f-11f0-b950-b9f1d23c911e"",""attendance_count"":16,""b.diamond"":868295,""b.ruby"":0,""boxAllCount"":3150,""curserver"":1,""install_day"":""2025-11-18"",""total_payment_amount"":95700,""user_name"":""초보돼지"",""user_rank"":3232,""user_stage"":300}"
"stage_reached_300 (App)","W:23_0A:20_0","16","{""Time"":""2025-12-03 18:58:46"",""UserUUID"":""455a0430-c3cb-11f0-9207-c9c68cae7dc6"",""attendance_count"":16,""b.diamond"":2227,""b.ruby"":0,""boxAllCount"":11410,""curserver"":1,""install_day"":""2025-11-17"",""total_payment_amount"":7700,""user_name"":""착칸아이"",""user_rank"":3221,""user_stage"":300}"
"stage_reached_300 (App)","W:21_0A:20_0","59","{""Time"":""2025-12-03 16:29:05"",""UserUUID"":""de02a510-97b7-11f0-8123-c5c81b207a7f"",""attendance_count"":59,""b.diamond"":185737,""b.ruby"":0,""boxAllCount"":6810,""curserver"":1,""install_day"":""2025-09-22"",""total_payment_amount"":7700,""user_name"":""오버로드"",""user_rank"":3211,""user_stage"":300}"
"stage_reached_300 (App)","W:22_0A:20_0","24","{""Time"":""2025-12-03 15:10:03"",""UserUUID"":""0313d7a0-bdf3-11f0-ad9e-f7739863577c"",""attendance_count"":24,""b.diamond"":838,""b.ruby"":0,""boxAllCount"":4320,""curserver"":1,""install_day"":""2025-11-10"",""total_payment_amount"":7700,""user_name"":""방긋곰"",""user_rank"":3205,""user_stage"":300}"
"stage_reached_300 (App)","W:22_0A:20_0","27","{""Time"":""2025-12-03 14:16:21"",""UserUUID"":""5d327250-baa6-11f0-a8a4-d5f0dc464370"",""attendance_count"":27,""b.diamond"":10840,""b.ruby"":0,""boxAllCount"":6950,""curserver"":1,""install_day"":""2025-11-06"",""total_payment_amount"":0,""user_name"":""bok"",""user_rank"":3205,""user_stage"":300}"
"stage_reached_300 (App)","W:21_0A:21_0","32","{""Time"":""2025-12-03 12:55:27"",""UserUUID"":""d8075950-b7d6-11f0-af09-9b9f9f411a38"",""attendance_count"":32,""b.diamond"":262062,""b.ruby"":0,""boxAllCount"":7810,""curserver"":1,""install_day"":""2025-11-02"",""total_payment_amount"":7700,""user_name"":""적비연"",""user_rank"":3266,""user_stage"":300}"
"stage_reached_300 (App)","W:20_0A:19_0","15","{""Time"":""2025-12-03 09:29:57"",""UserUUID"":""d4a97910-c54f-11f0-90ee-ebdece6165db"",""attendance_count"":15,""b.diamond"":38041,""b.ruby"":0,""boxAllCount"":3410,""curserver"":1,""install_day"":""2025-11-19"",""total_payment_amount"":40700,""user_name"":""슈슈기"",""user_rank"":3244,""user_stage"":300}"
"stage_reached_300 (App)","W:22_0A:19_0","19","{""Time"":""2025-12-03 07:15:37"",""UserUUID"":""7b4f24e0-c1ae-11f0-a28d-f9f64a82a17c"",""attendance_count"":19,""b.diamond"":203420,""b.ruby"":0,""boxAllCount"":1370,""curserver"":1,""install_day"":""2025-11-14"",""total_payment_amount"":18700,""user_name"":""dt112"",""user_rank"":3207,""user_stage"":300}"
"stage_reached_300 (App)","W:20_0A:19_0","23","{""Time"":""2025-12-03 02:37:00"",""UserUUID"":""e91f4110-bd23-11f0-921c-8340dbb80f71"",""attendance_count"":23,""b.diamond"":307404,""b.ruby"":0,""boxAllCount"":2610,""curserver"":1,""install_day"":""2025-11-09"",""total_payment_amount"":7700,""user_name"":""흰토끼"",""user_rank"":3258,""user_stage"":300}"
"stage_reached_300 (App)","W:20_0A:19_0","19","{""Time"":""2025-12-03 01:43:26"",""UserUUID"":""9d3c6dd0-c16b-11f0-bd48-c56fb819b331"",""attendance_count"":19,""b.diamond"":2701,""b.ruby"":0,""boxAllCount"":3550,""curserver"":1,""install_day"":""2025-11-14"",""total_payment_amount"":7700,""user_name"":""이프크루"",""user_rank"":3202,""user_stage"":300}"
"stage_reached_300 (App)","W:23_0A:19_0","13","{""Time"":""2025-12-03 00:54:43"",""UserUUID"":""e7cf5a60-c698-11f0-9eb1-51ec7a729253"",""attendance_count"":13,""b.diamond"":4139,""b.ruby"":0,""boxAllCount"":3920,""curserver"":1,""install_day"":""2025-11-21"",""total_payment_amount"":7700,""user_name"":""성화"",""user_rank"":3210,""user_stage"":300}"
"stage_reached_300 (App)","W:23_0A:23_0","11","{""Time"":""2025-12-02 22:30:38"",""UserUUID"":""22b2f200-c74c-11f0-baaf-61803b888950"",""attendance_count"":11,""b.diamond"":218691,""b.ruby"":220,""boxAllCount"":8350,""curserver"":1,""install_day"":""2025-11-22"",""total_payment_amount"":238700,""user_name"":""거어엄이"",""user_rank"":3212,""user_stage"":300}"
"stage_reached_300 (App)","W:22_0A:21_0","26","{""Time"":""2025-12-02 21:19:32"",""UserUUID"":""40fdbb90-bb9f-11f0-939b-2d736e3ae37d"",""attendance_count"":26,""b.diamond"":265475,""b.ruby"":0,""boxAllCount"":7960,""curserver"":1,""install_day"":""2025-11-07"",""total_payment_amount"":0,""user_name"":""아회"",""user_rank"":3199,""user_stage"":300}"
"stage_reached_300 (App)","W:22_0A:22_0","49","{""Time"":""2025-12-02 09:11:31"",""UserUUID"":""24710450-a911-11f0-919b-91cc02ee7f04"",""attendance_count"":49,""b.diamond"":97590,""b.ruby"":110,""boxAllCount"":16680,""curserver"":1,""install_day"":""2025-10-14"",""total_payment_amount"":58300,""user_name"":""생즉사사즉생"",""user_rank"":3252,""user_stage"":300}"
"stage_reached_300 (App)","W:21_0A:19_0","25","{""Time"":""2025-12-02 07:28:23"",""UserUUID"":""42d6d690-bc8a-11f0-a19f-17d56a4875f0"",""attendance_count"":25,""b.diamond"":206238,""b.ruby"":110,""boxAllCount"":1730,""curserver"":1,""install_day"":""2025-11-08"",""total_payment_amount"":14300,""user_name"":""윰스"",""user_rank"":3196,""user_stage"":300}"
"stage_reached_300 (App)","W:23_0A:23_0","20","{""Time"":""2025-12-02 01:54:31"",""UserUUID"":""6791dfe0-bcd3-11f0-9adc-c9ed02b4ce9c"",""attendance_count"":20,""b.diamond"":49975,""b.ruby"":0,""boxAllCount"":3340,""curserver"":1,""install_day"":""2025-11-08"",""total_payment_amount"":95700,""user_name"":""관동별곡"",""user_rank"":3943,""user_stage"":300}"
"stage_reached_300 (App)","W:23_0A:23_0","9","{""Time"":""2025-12-02 01:41:52"",""UserUUID"":""b6299200-c936-11f0-9533-2b9e6a739063"",""attendance_count"":9,""b.diamond"":23031,""b.ruby"":0,""boxAllCount"":8810,""curserver"":1,""install_day"":""2025-11-24"",""total_payment_amount"":205700,""user_name"":""전설의칼잡이"",""user_rank"":3221,""user_stage"":300}"
"stage_reached_300 (App)","W:20_0A:19_0","13","{""Time"":""2025-12-02 00:44:22"",""UserUUID"":""f2f9e920-c5f1-11f0-8979-fb9db65c6b46"",""attendance_count"":13,""b.diamond"":10942,""b.ruby"":0,""boxAllCount"":2400,""curserver"":1,""install_day"":""2025-11-20"",""total_payment_amount"":183700,""user_name"":""겨울이다"",""user_rank"":3195,""user_stage"":300}"
"stage_reached_300 (App)","W:20_0A:21_0","19","{""Time"":""2025-12-01 22:51:23"",""UserUUID"":""43fc40e0-c005-11f0-aa89-8d74427220a0"",""attendance_count"":19,""b.diamond"":112366,""b.ruby"":0,""boxAllCount"":2960,""curserver"":1,""install_day"":""2025-11-12"",""total_payment_amount"":7700,""user_name"":""배댕"",""user_rank"":3204,""user_stage"":300}"
"stage_reached_300 (App)","W:20_0A:19_0","20","{""Time"":""2025-12-01 21:15:08"",""UserUUID"":""b6eda250-bf93-11f0-a61d-17d7f9443750"",""attendance_count"":20,""b.diamond"":109295,""b.ruby"":0,""boxAllCount"":2580,""curserver"":1,""install_day"":""2025-11-12"",""total_payment_amount"":7700,""user_name"":""날씨요정"",""user_rank"":3248,""user_stage"":300}"
"stage_reached_300 (App)","W:24_0A:23_0","12","{""Time"":""2025-12-01 20:17:59"",""UserUUID"":""4265d710-c563-11f0-9518-7712badce674"",""attendance_count"":12,""b.diamond"":135741,""b.ruby"":4620,""boxAllCount"":20420,""curserver"":1,""install_day"":""2025-11-19"",""total_payment_amount"":337700,""user_name"":""김로아"",""user_rank"":3455,""user_stage"":300}"
"stage_reached_300 (App)","W:22_0A:19_0","17","{""Time"":""2025-12-01 19:56:34"",""UserUUID"":""f39c81f0-c1e4-11f0-b580-ff49775b3ade"",""attendance_count"":17,""b.diamond"":21942,""b.ruby"":0,""boxAllCount"":3620,""curserver"":1,""install_day"":""2025-11-15"",""total_payment_amount"":7700,""user_name"":""접촉왕도킹"",""user_rank"":3211,""user_stage"":300}"
"stage_reached_300 (App)","W:21_0A:19_0","21","{""Time"":""2025-12-01 19:22:46"",""UserUUID"":""d2b787b0-befa-11f0-a89b-ed491dcc4e7c"",""attendance_count"":21,""b.diamond"":50489,""b.ruby"":0,""boxAllCount"":5410,""curserver"":1,""install_day"":""2025-11-11"",""total_payment_amount"":7700,""user_name"":""sole"",""user_rank"":3192,""user_stage"":300}"
"stage_reached_300 (App)","W:20_0A:20_0","31","{""Time"":""2025-12-01 18:48:09"",""UserUUID"":""fd9e4830-7c1d-11f0-9dbf-4309faf7c698"",""attendance_count"":31,""b.diamond"":55292,""b.ruby"":110,""boxAllCount"":7150,""curserver"":1,""install_day"":""2025-08-18"",""total_payment_amount"":18700,""user_name"":""퍄퍄"",""user_rank"":3188,""user_stage"":300}"
"stage_reached_300 (App)","W:22_0A:23_0","20","{""Time"":""2025-12-01 11:19:57"",""UserUUID"":""688f3360-bf8b-11f0-8232-771c6318a7e1"",""attendance_count"":20,""b.diamond"":506656,""b.ruby"":0,""boxAllCount"":4450,""curserver"":1,""install_day"":""2025-11-12"",""total_payment_amount"":7700,""user_name"":""호두우유"",""user_rank"":3185,""user_stage"":300}"
"stage_reached_300 (App)","W:23_0A:19_0","19","{""Time"":""2025-12-01 09:50:45"",""UserUUID"":""f8fc0cf0-c050-11f0-8720-c50f9af43ccc"",""attendance_count"":19,""b.diamond"":21276,""b.ruby"":0,""boxAllCount"":1800,""curserver"":1,""install_day"":""2025-11-13"",""total_payment_amount"":7700,""user_name"":""코노키오"",""user_rank"":3184,""user_stage"":300}"
"stage_reached_300 (App)","W:23_0A:20_0","7","{""Time"":""2025-12-01 06:11:19"",""UserUUID"":""c3c812d0-c993-11f0-8a70-15d8309d47ed"",""attendance_count"":7,""b.diamond"":37004,""b.ruby"":0,""boxAllCount"":2640,""curserver"":1,""install_day"":""2025-11-25"",""total_payment_amount"":140800,""user_name"":""소월이"",""user_rank"":3540,""user_stage"":300}"
"stage_reached_300 (App)","W:21_0A:20_0","13","{""Time"":""2025-12-01 01:30:00"",""UserUUID"":""e8270920-c49c-11f0-9f0d-b9e858aa8392"",""attendance_count"":13,""b.diamond"":796,""b.ruby"":0,""boxAllCount"":6420,""curserver"":1,""install_day"":""2025-11-18"",""total_payment_amount"":151800,""user_name"":""나는야마이노"",""user_rank"":3183,""user_stage"":300}"
"stage_reached_300 (App)","W:23_0A:19_0","7","{""Time"":""2025-12-01 01:17:25"",""UserUUID"":""1c261f00-c9fb-11f0-97e4-27c77708a426"",""attendance_count"":7,""b.diamond"":918028,""b.ruby"":5430,""boxAllCount"":4140,""curserver"":1,""install_day"":""2025-11-25"",""total_payment_amount"":337700,""user_name"":""곤곤곤"",""user_rank"":3253,""user_stage"":300}"
"stage_reached_300 (App)","W:22_0A:21_0","22","{""Time"":""2025-12-01 01:06:06"",""UserUUID"":""4d611a30-bdf2-11f0-b2db-cd2c6ef2f4b8"",""attendance_count"":22,""b.diamond"":19165,""b.ruby"":0,""boxAllCount"":2570,""curserver"":1,""install_day"":""2025-11-10"",""total_payment_amount"":11000,""user_name"":""퇴계"",""user_rank"":3217,""user_stage"":300}"
"stage_reached_300 (App)","W:24_1A:19_0","6","{""Time"":""2025-12-01 00:51:12"",""UserUUID"":""01fb87a0-ca19-11f0-bde3-d1a8554c0145"",""attendance_count"":6,""b.diamond"":358482,""b.ruby"":1100,""boxAllCount"":3870,""curserver"":1,""install_day"":""2025-11-25"",""total_payment_amount"":531300,""user_name"":""별명가"",""user_rank"":3300,""user_stage"":300}"
"stage_reached_300 (App)","W:23_0A:19_0","15","{""Time"":""2025-12-01 00:37:30"",""UserUUID"":""e0b88300-c3b9-11f0-9bd2-ad523d125748"",""attendance_count"":15,""b.diamond"":107616,""b.ruby"":440,""boxAllCount"":3980,""curserver"":1,""install_day"":""2025-11-17"",""total_payment_amount"":106700,""user_name"":""nahahaha"",""user_rank"":3238,""user_stage"":300}"
