"Event Category","Event Action","Event Label","Custom Event Properties"
"stage_reached_200 (App)","W:20_0A:19_0","8","{""Time"":""2025-11-30 17:54:27"",""UserUUID"":""dd16ce40-c7b6-11f0-8e73-d30c14ea6035"",""attendance_count"":8,""b.diamond"":111800,""b.ruby"":0,""boxAllCount"":3380,""curserver"":1,""install_day"":""2025-11-22"",""total_payment_amount"":8800,""user_name"":""소랑소랑"",""user_rank"":4658,""user_stage"":200}"
"stage_reached_200 (App)","W:21_0A:19_0","8","{""Time"":""2025-11-30 16:29:07"",""UserUUID"":""d99aa540-c705-11f0-9a14-dd082f5f7edf"",""attendance_count"":8,""b.diamond"":179267,""b.ruby"":0,""boxAllCount"":2520,""curserver"":1,""install_day"":""2025-11-21"",""total_payment_amount"":20900,""user_name"":""지은이남푠"",""user_rank"":4603,""user_stage"":200}"
"stage_reached_200 (App)","W:20_0A:20_0","17","{""Time"":""2025-11-30 10:27:25"",""UserUUID"":""6c421660-c145-11f0-9627-071387d0c237"",""attendance_count"":17,""b.diamond"":214520,""b.ruby"":0,""boxAllCount"":6180,""curserver"":1,""install_day"":""2025-11-14"",""total_payment_amount"":7700,""user_name"":""조커로드"",""user_rank"":4599,""user_stage"":200}"
"stage_reached_200 (App)","W:21_0A:19_0","6","{""Time"":""2025-11-30 10:12:42"",""UserUUID"":""5b1b9dd0-c9dc-11f0-8b3a-31f1e709cf38"",""attendance_count"":6,""b.diamond"":348711,""b.ruby"":0,""boxAllCount"":2510,""curserver"":1,""install_day"":""2025-11-25"",""total_payment_amount"":7700,""user_name"":""아라량"",""user_rank"":4839,""user_stage"":200}"
"stage_reached_200 (App)","W:23_0A:20_0","6","{""Time"":""2025-11-30 09:02:44"",""UserUUID"":""3470ee20-c751-11f0-a603-295428a5e1b1"",""attendance_count"":6,""b.diamond"":189280,""b.ruby"":0,""boxAllCount"":6250,""curserver"":1,""install_day"":""2025-11-22"",""total_payment_amount"":7700,""user_name"":""난식"",""user_rank"":4627,""user_stage"":200}"
"stage_reached_200 (App)","W:20_0A:19_0","9","{""Time"":""2025-11-30 07:31:20"",""UserUUID"":""d3342080-c7a7-11f0-9d46-f36334fd5c9e"",""attendance_count"":9,""b.diamond"":3880,""b.ruby"":0,""boxAllCount"":2000,""curserver"":1,""install_day"":""2025-11-22"",""total_payment_amount"":7700,""user_name"":""핫덕"",""user_rank"":4582,""user_stage"":200}"
"stage_reached_200 (App)","W:18_0A:19_0","8","{""Time"":""2025-11-30 05:50:12"",""UserUUID"":""173b57e0-c7f7-11f0-883b-0ddde47d2df6"",""attendance_count"":8,""b.diamond"":6299,""b.ruby"":0,""boxAllCount"":1070,""curserver"":1,""install_day"":""2025-11-22"",""total_payment_amount"":0,""user_name"":""럄지"",""user_rank"":4591,""user_stage"":200}"
"stage_reached_200 (App)","W:20_0A:21_0","6","{""Time"":""2025-11-30 04:29:17"",""UserUUID"":""eb456150-c998-11f0-a912-7d87817db723"",""attendance_count"":6,""b.diamond"":349157,""b.ruby"":0,""boxAllCount"":3360,""curserver"":1,""install_day"":""2025-11-25"",""total_payment_amount"":73700,""user_name"":""전투종료"",""user_rank"":4591,""user_stage"":200}"
"stage_reached_200 (App)","W:20_0A:19_0","8","{""Time"":""2025-11-30 03:11:15"",""UserUUID"":""fc161a90-c819-11f0-bc54-6dcac970371e"",""attendance_count"":8,""b.diamond"":185369,""b.ruby"":0,""boxAllCount"":6060,""curserver"":1,""install_day"":""2025-11-23"",""total_payment_amount"":7700,""user_name"":""우녈"",""user_rank"":4619,""user_stage"":200}"
"stage_reached_200 (App)","W:20_0A:19_0","8","{""Time"":""2025-11-30 02:23:12"",""UserUUID"":""7362dd90-c6fd-11f0-b758-0f892b7ac0f5"",""attendance_count"":8,""b.diamond"":90337,""b.ruby"":0,""boxAllCount"":4040,""curserver"":1,""install_day"":""2025-11-21"",""total_payment_amount"":7700,""user_name"":""료9"",""user_rank"":4587,""user_stage"":200}"
"stage_reached_200 (App)","W:20_0A:19_0","7","{""Time"":""2025-11-29 23:03:21"",""UserUUID"":""4cd671e0-c870-11f0-8276-f7fc4792f39e"",""attendance_count"":7,""b.diamond"":23317,""b.ruby"":0,""boxAllCount"":1580,""curserver"":1,""install_day"":""2025-11-23"",""total_payment_amount"":7700,""user_name"":""유찬호"",""user_rank"":4661,""user_stage"":200}"
"stage_reached_200 (App)","W:20_0A:19_0","6","{""Time"":""2025-11-29 22:04:04"",""UserUUID"":""11d458e0-c885-11f0-a786-871897f41297"",""attendance_count"":6,""b.diamond"":77283,""b.ruby"":0,""boxAllCount"":3470,""curserver"":1,""install_day"":""2025-11-23"",""total_payment_amount"":7700,""user_name"":""당팅"",""user_rank"":4603,""user_stage"":200}"
"stage_reached_200 (App)","W:22_0A:16_0","5","{""Time"":""2025-11-29 21:06:46"",""UserUUID"":""2f9b81e0-c8bd-11f0-aa30-7530b5e9ec5d"",""attendance_count"":5,""b.diamond"":25175,""b.ruby"":330,""boxAllCount"":1010,""curserver"":1,""install_day"":""2025-11-23"",""total_payment_amount"":11000,""user_name"":""미써닝"",""user_rank"":4743,""user_stage"":200}"
"stage_reached_200 (App)","W:21_0A:19_0","15","{""Time"":""2025-11-29 19:59:43"",""UserUUID"":""afa06590-c17e-11f0-9627-071387d0c237"",""attendance_count"":15,""b.diamond"":1677,""b.ruby"":0,""boxAllCount"":4630,""curserver"":1,""install_day"":""2025-11-14"",""total_payment_amount"":7700,""user_name"":""지폐줍기"",""user_rank"":4582,""user_stage"":200}"
"stage_reached_200 (App)","W:20_0A:19_0","12","{""Time"":""2025-11-29 19:38:54"",""UserUUID"":""72543840-c482-11f0-a885-43d64868e6f5"",""attendance_count"":12,""b.diamond"":84246,""b.ruby"":0,""boxAllCount"":2100,""curserver"":1,""install_day"":""2025-11-18"",""total_payment_amount"":0,""user_name"":""하이광배"",""user_rank"":4601,""user_stage"":200}"
"stage_reached_200 (App)","W:22_0A:19_0","5","{""Time"":""2025-11-29 19:21:11"",""UserUUID"":""1c261f00-c9fb-11f0-97e4-27c77708a426"",""attendance_count"":5,""b.diamond"":122669,""b.ruby"":11000,""boxAllCount"":2850,""curserver"":1,""install_day"":""2025-11-25"",""total_payment_amount"":117700,""user_name"":""곤곤곤"",""user_rank"":4580,""user_stage"":200}"
"stage_reached_200 (App)","W:21_0A:19_0","9","{""Time"":""2025-11-29 18:27:52"",""UserUUID"":""549dd430-c623-11f0-87ed-7519dca1af0b"",""attendance_count"":9,""b.diamond"":9427,""b.ruby"":0,""boxAllCount"":3380,""curserver"":1,""install_day"":""2025-11-20"",""total_payment_amount"":33000,""user_name"":""지서기"",""user_rank"":4690,""user_stage"":200}"
"stage_reached_200 (App)","W:20_0A:19_0","7","{""Time"":""2025-11-29 18:26:25"",""UserUUID"":""bddf4ef0-c7d7-11f0-ae97-d1d93c75b63d"",""attendance_count"":7,""b.diamond"":2036,""b.ruby"":0,""boxAllCount"":1700,""curserver"":1,""install_day"":""2025-11-22"",""total_payment_amount"":37400,""user_name"":""lcls123"",""user_rank"":4574,""user_stage"":200}"
"stage_reached_200 (App)","W:20_0A:19_0","7","{""Time"":""2025-11-29 17:07:48"",""UserUUID"":""81c1e500-c867-11f0-b319-dd59dbde236a"",""attendance_count"":7,""b.diamond"":36776,""b.ruby"":0,""boxAllCount"":3200,""curserver"":1,""install_day"":""2025-11-23"",""total_payment_amount"":11000,""user_name"":""사랑해젤리야"",""user_rank"":4573,""user_stage"":200}"
"stage_reached_200 (App)","W:20_0A:17_0","7","{""Time"":""2025-11-29 16:23:59"",""UserUUID"":""dabb4cf0-c222-11f0-bcad-05a15535ae29"",""attendance_count"":7,""b.diamond"":114133,""b.ruby"":0,""boxAllCount"":3360,""curserver"":1,""install_day"":""2025-11-15"",""total_payment_amount"":7700,""user_name"":""외모"",""user_rank"":4698,""user_stage"":200}"
"stage_reached_200 (App)","W:23_0A:19_0","14","{""Time"":""2025-11-29 15:56:52"",""UserUUID"":""00d4f7b0-c002-11f0-94e4-5b21adc77908"",""attendance_count"":14,""b.diamond"":61345,""b.ruby"":0,""boxAllCount"":4060,""curserver"":1,""install_day"":""2025-11-12"",""total_payment_amount"":18700,""user_name"":""타이거대왕"",""user_rank"":4594,""user_stage"":200}"
"stage_reached_200 (App)","W:22_0A:19_0","6","{""Time"":""2025-11-29 15:01:20"",""UserUUID"":""5a6f4930-c8d4-11f0-ba65-81dc9db23859"",""attendance_count"":6,""b.diamond"":150847,""b.ruby"":0,""boxAllCount"":4620,""curserver"":1,""install_day"":""2025-11-24"",""total_payment_amount"":73700,""user_name"":""신신신"",""user_rank"":4690,""user_stage"":200}"
"stage_reached_200 (App)","W:22_0A:19_0","7","{""Time"":""2025-11-29 13:54:53"",""UserUUID"":""078d1500-c80a-11f0-bbfe-bb6577923ab0"",""attendance_count"":7,""b.diamond"":429065,""b.ruby"":0,""boxAllCount"":3790,""curserver"":1,""install_day"":""2025-11-23"",""total_payment_amount"":7700,""user_name"":""카세인"",""user_rank"":4591,""user_stage"":200}"
"stage_reached_200 (App)","W:20_0A:19_0","11","{""Time"":""2025-11-29 12:24:06"",""UserUUID"":""a65dadc0-c2e2-11f0-b051-9910b8fc8c0d"",""attendance_count"":11,""b.diamond"":4375,""b.ruby"":0,""boxAllCount"":1190,""curserver"":1,""install_day"":""2025-11-16"",""total_payment_amount"":0,""user_name"":""Qfhfh"",""user_rank"":4611,""user_stage"":200}"
"stage_reached_200 (App)","W:20_0A:21_0","6","{""Time"":""2025-11-29 11:28:34"",""UserUUID"":""9097e3f0-c88e-11f0-a410-ed641709c34b"",""attendance_count"":6,""b.diamond"":133661,""b.ruby"":0,""boxAllCount"":6730,""curserver"":1,""install_day"":""2025-11-23"",""total_payment_amount"":117700,""user_name"":""이승주사랑해"",""user_rank"":4970,""user_stage"":200}"
"stage_reached_200 (App)","W:22_0A:21_0","9","{""Time"":""2025-11-29 10:18:39"",""UserUUID"":""0e6915f0-c6ba-11f0-9bf1-7bcba8fcdbf5"",""attendance_count"":9,""b.diamond"":6362,""b.ruby"":0,""boxAllCount"":1440,""curserver"":1,""install_day"":""2025-11-21"",""total_payment_amount"":8800,""user_name"":""늙기싫다"",""user_rank"":4587,""user_stage"":200}"
"stage_reached_200 (App)","W:22_0A:22_0","2","{""Time"":""2025-11-29 10:18:03"",""UserUUID"":""e608aab0-cba7-11f0-8d77-41cade851cb1"",""attendance_count"":2,""b.diamond"":281427,""b.ruby"":3520,""boxAllCount"":6750,""curserver"":1,""install_day"":""2025-11-27"",""total_payment_amount"":205700,""user_name"":""YoNa"",""user_rank"":4925,""user_stage"":200}"
"stage_reached_200 (App)","W:20_0A:19_0","5","{""Time"":""2025-11-29 10:03:04"",""UserUUID"":""21438380-c9bd-11f0-8e25-3b15f9bb8716"",""attendance_count"":5,""b.diamond"":36089,""b.ruby"":0,""boxAllCount"":4150,""curserver"":1,""install_day"":""2025-11-25"",""total_payment_amount"":60500,""user_name"":""녘스워리어"",""user_rank"":4573,""user_stage"":200}"
"stage_reached_200 (App)","W:20_0A:19_0","6","{""Time"":""2025-11-29 08:58:58"",""UserUUID"":""21d8b3f0-c8d3-11f0-abcf-075ab38d048a"",""attendance_count"":6,""b.diamond"":96584,""b.ruby"":0,""boxAllCount"":3020,""curserver"":1,""install_day"":""2025-11-24"",""total_payment_amount"":11000,""user_name"":""흑두루미"",""user_rank"":4566,""user_stage"":200}"
"stage_reached_200 (App)","W:22_0A:20_0","9","{""Time"":""2025-11-29 08:03:27"",""UserUUID"":""681774e0-c6ea-11f0-8a00-b9c3a3462573"",""attendance_count"":9,""b.diamond"":271098,""b.ruby"":0,""boxAllCount"":4600,""curserver"":1,""install_day"":""2025-11-21"",""total_payment_amount"":7700,""user_name"":""자리비움"",""user_rank"":4578,""user_stage"":200}"
"stage_reached_200 (App)","W:20_0A:19_0","9","{""Time"":""2025-11-29 07:42:21"",""UserUUID"":""c8e346b0-c6df-11f0-9472-278d43bb5434"",""attendance_count"":9,""b.diamond"":2306,""b.ruby"":0,""boxAllCount"":3050,""curserver"":1,""install_day"":""2025-11-21"",""total_payment_amount"":7700,""user_name"":""겨울정원"",""user_rank"":4600,""user_stage"":200}"
"stage_reached_200 (App)","W:20_0A:19_0","8","{""Time"":""2025-11-29 07:27:32"",""UserUUID"":""b90621d0-c785-11f0-b3c0-8552c6140336"",""attendance_count"":8,""b.diamond"":11191,""b.ruby"":0,""boxAllCount"":3830,""curserver"":1,""install_day"":""2025-11-22"",""total_payment_amount"":7700,""user_name"":""AROI"",""user_rank"":4585,""user_stage"":200}"
"stage_reached_200 (App)","W:19_0A:18_0","4","{""Time"":""2025-11-29 05:53:08"",""UserUUID"":""c2c7d840-ca40-11f0-ab5c-11a13f135134"",""attendance_count"":4,""b.diamond"":2989,""b.ruby"":220,""boxAllCount"":2690,""curserver"":1,""install_day"":""2025-11-25"",""total_payment_amount"":52800,""user_name"":""꿀빵"",""user_rank"":4567,""user_stage"":200}"
"stage_reached_200 (App)","W:19_0A:19_0","6","{""Time"":""2025-11-29 05:26:11"",""UserUUID"":""983351b0-c859-11f0-8c56-8f254a8eb00a"",""attendance_count"":6,""b.diamond"":177727,""b.ruby"":0,""boxAllCount"":2340,""curserver"":1,""install_day"":""2025-11-23"",""total_payment_amount"":7700,""user_name"":""아리갓또"",""user_rank"":4566,""user_stage"":200}"
"stage_reached_200 (App)","W:21_0A:20_0","9","{""Time"":""2025-11-29 02:53:16"",""UserUUID"":""73ef6d20-c6b0-11f0-99fb-05c279b42331"",""attendance_count"":9,""b.diamond"":142098,""b.ruby"":440,""boxAllCount"":6250,""curserver"":1,""install_day"":""2025-11-21"",""total_payment_amount"":40700,""user_name"":""햇귀살이"",""user_rank"":4560,""user_stage"":200}"
"stage_reached_200 (App)","W:22_0A:19_0","12","{""Time"":""2025-11-29 02:00:42"",""UserUUID"":""1148c300-c459-11f0-b434-2fa99c3eecd7"",""attendance_count"":12,""b.diamond"":1420,""b.ruby"":0,""boxAllCount"":2610,""curserver"":1,""install_day"":""2025-11-18"",""total_payment_amount"":0,""user_name"":""장래희망거북이"",""user_rank"":4641,""user_stage"":200}"
"stage_reached_200 (App)","W:20_0A:19_0","11","{""Time"":""2025-11-29 01:57:11"",""UserUUID"":""359815f0-c515-11f0-8b69-ab3c44f487d3"",""attendance_count"":11,""b.diamond"":30027,""b.ruby"":0,""boxAllCount"":1920,""curserver"":1,""install_day"":""2025-11-19"",""total_payment_amount"":7700,""user_name"":""Lucidity"",""user_rank"":4581,""user_stage"":200}"
"stage_reached_200 (App)","W:20_0A:21_0","7","{""Time"":""2025-11-29 01:39:28"",""UserUUID"":""d59d54b0-c81d-11f0-88ef-0300177b89d5"",""attendance_count"":7,""b.diamond"":58895,""b.ruby"":0,""boxAllCount"":4710,""curserver"":1,""install_day"":""2025-11-23"",""total_payment_amount"":7700,""user_name"":""달래"",""user_rank"":4596,""user_stage"":200}"
"stage_reached_200 (App)","W:20_0A:19_0","7","{""Time"":""2025-11-29 01:07:38"",""UserUUID"":""1bcbaaf0-7d9b-11ef-8266-5ff262c8cc1a"",""attendance_count"":7,""b.diamond"":8148,""b.ruby"":0,""boxAllCount"":1940,""curserver"":0,""install_day"":""2024-09-28"",""total_payment_amount"":7700,""user_name"":""리리아"",""user_rank"":391,""user_stage"":200}"
"stage_reached_200 (App)","W:20_0A:20_0","10","{""Time"":""2025-11-29 00:38:05"",""UserUUID"":""8f998a90-c5cc-11f0-993c-3b7b1777cabe"",""attendance_count"":10,""b.diamond"":132488,""b.ruby"":0,""boxAllCount"":6060,""curserver"":1,""install_day"":""2025-11-20"",""total_payment_amount"":0,""user_name"":""위인전기"",""user_rank"":4619,""user_stage"":200}"
"stage_reached_200 (App)","W:20_0A:19_0","7","{""Time"":""2025-11-28 22:36:24"",""UserUUID"":""fed14660-c77e-11f0-b30a-c10d7b0581cd"",""attendance_count"":7,""b.diamond"":14562,""b.ruby"":0,""boxAllCount"":3040,""curserver"":1,""install_day"":""2025-11-22"",""total_payment_amount"":8800,""user_name"":""흑곰06"",""user_rank"":4563,""user_stage"":200}"
"stage_reached_200 (App)","W:23_0A:21_0","1","{""Time"":""2025-11-28 21:13:43"",""UserUUID"":""925a77d0-cc39-11f0-bf93-37008e8f05cc"",""attendance_count"":1,""b.diamond"":487880,""b.ruby"":1210,""boxAllCount"":9730,""curserver"":1,""install_day"":""2025-11-28"",""total_payment_amount"":227700,""user_name"":""객이"",""user_rank"":4850,""user_stage"":200}"
"stage_reached_200 (App)","W:21_0A:19_0","14","{""Time"":""2025-11-28 20:39:36"",""UserUUID"":""afa06590-c17e-11f0-9627-071387d0c237"",""attendance_count"":14,""b.diamond"":145827,""b.ruby"":0,""boxAllCount"":4630,""curserver"":1,""install_day"":""2025-11-14"",""total_payment_amount"":7700,""user_name"":""지폐줍기"",""user_rank"":4551,""user_stage"":200}"
"stage_reached_200 (App)","W:21_0A:21_0","7","{""Time"":""2025-11-28 19:02:49"",""UserUUID"":""22b2f200-c74c-11f0-baaf-61803b888950"",""attendance_count"":7,""b.diamond"":322737,""b.ruby"":660,""boxAllCount"":6510,""curserver"":1,""install_day"":""2025-11-22"",""total_payment_amount"":150700,""user_name"":""거어엄이"",""user_rank"":4592,""user_stage"":200}"
"stage_reached_200 (App)","W:20_0A:19_0","8","{""Time"":""2025-11-28 17:50:32"",""UserUUID"":""ba33d600-c6cd-11f0-9bf1-7bcba8fcdbf5"",""attendance_count"":8,""b.diamond"":116094,""b.ruby"":0,""boxAllCount"":2670,""curserver"":1,""install_day"":""2025-11-21"",""total_payment_amount"":14300,""user_name"":""씨터스"",""user_rank"":4658,""user_stage"":200}"
"stage_reached_200 (App)","W:20_0A:20_0","12","{""Time"":""2025-11-28 17:13:18"",""UserUUID"":""e5ffac70-c3c4-11f0-80da-09d01b444db9"",""attendance_count"":12,""b.diamond"":533848,""b.ruby"":0,""boxAllCount"":6140,""curserver"":1,""install_day"":""2025-11-17"",""total_payment_amount"":11000,""user_name"":""소우신7"",""user_rank"":4548,""user_stage"":200}"
"stage_reached_200 (App)","W:20_0A:19_0","8","{""Time"":""2025-11-28 17:10:27"",""UserUUID"":""78315a00-c657-11f0-a36d-ab03f52f1e62"",""attendance_count"":8,""b.diamond"":524576,""b.ruby"":0,""boxAllCount"":950,""curserver"":1,""install_day"":""2025-11-20"",""total_payment_amount"":7700,""user_name"":""송코"",""user_rank"":4624,""user_stage"":200}"
"stage_reached_200 (App)","W:20_0A:20_0","4","{""Time"":""2025-11-28 16:42:30"",""UserUUID"":""c3c812d0-c993-11f0-8a70-15d8309d47ed"",""attendance_count"":4,""b.diamond"":4554,""b.ruby"":0,""boxAllCount"":2340,""curserver"":1,""install_day"":""2025-11-25"",""total_payment_amount"":41800,""user_name"":""소월이"",""user_rank"":4583,""user_stage"":200}"
"stage_reached_200 (App)","W:20_0A:20_0","5","{""Time"":""2025-11-28 15:53:57"",""UserUUID"":""b6299200-c936-11f0-9533-2b9e6a739063"",""attendance_count"":5,""b.diamond"":324372,""b.ruby"":4400,""boxAllCount"":8040,""curserver"":1,""install_day"":""2025-11-24"",""total_payment_amount"":150700,""user_name"":""전설의칼잡이"",""user_rank"":4685,""user_stage"":200}"
"stage_reached_200 (App)","W:20_0A:19_0","7","{""Time"":""2025-11-28 15:27:37"",""UserUUID"":""275e9a60-c739-11f0-baaf-61803b888950"",""attendance_count"":7,""b.diamond"":53143,""b.ruby"":0,""boxAllCount"":2600,""curserver"":1,""install_day"":""2025-11-22"",""total_payment_amount"":7700,""user_name"":""권별"",""user_rank"":4582,""user_stage"":200}"
"stage_reached_200 (App)","W:21_0A:20_0","9","{""Time"":""2025-11-28 12:51:38"",""UserUUID"":""a017bd70-c602-11f0-a054-b38b174f420b"",""attendance_count"":9,""b.diamond"":404374,""b.ruby"":0,""boxAllCount"":4140,""curserver"":1,""install_day"":""2025-11-20"",""total_payment_amount"":7700,""user_name"":""수달봉봉"",""user_rank"":4540,""user_stage"":200}"
"stage_reached_200 (App)","W:21_0A:20_0","8","{""Time"":""2025-11-28 12:37:55"",""UserUUID"":""2ef76c80-c6b6-11f0-a0a6-b71890c73213"",""attendance_count"":8,""b.diamond"":112234,""b.ruby"":0,""boxAllCount"":6240,""curserver"":1,""install_day"":""2025-11-21"",""total_payment_amount"":7700,""user_name"":""장정리"",""user_rank"":4592,""user_stage"":200}"
"stage_reached_200 (App)","W:20_0A:20_0","11","{""Time"":""2025-11-28 12:03:56"",""UserUUID"":""97f3e2c0-c23a-11f0-81bf-09c910421dcb"",""attendance_count"":11,""b.diamond"":4107,""b.ruby"":0,""boxAllCount"":6790,""curserver"":1,""install_day"":""2025-11-15"",""total_payment_amount"":7700,""user_name"":""전민철"",""user_rank"":4575,""user_stage"":200}"
"stage_reached_200 (App)","W:20_0A:22_0","11","{""Time"":""2025-11-28 11:50:23"",""UserUUID"":""769e64b0-c438-11f0-9931-1d7575dbde7b"",""attendance_count"":11,""b.diamond"":91302,""b.ruby"":0,""boxAllCount"":3830,""curserver"":1,""install_day"":""2025-11-18"",""total_payment_amount"":7700,""user_name"":""웹쁘"",""user_rank"":4544,""user_stage"":200}"
"stage_reached_200 (App)","W:20_0A:19_0","9","{""Time"":""2025-11-28 05:58:03"",""UserUUID"":""39db9a50-c589-11f0-b399-57758ed617cf"",""attendance_count"":9,""b.diamond"":26800,""b.ruby"":0,""boxAllCount"":4830,""curserver"":1,""install_day"":""2025-11-19"",""total_payment_amount"":7700,""user_name"":""나로야놀자"",""user_rank"":4618,""user_stage"":200}"
"stage_reached_200 (App)","W:21_0A:19_0","12","{""Time"":""2025-11-28 03:30:13"",""UserUUID"":""18844bf0-c1ff-11f0-a1ae-85163c5166a7"",""attendance_count"":12,""b.diamond"":183315,""b.ruby"":0,""boxAllCount"":6170,""curserver"":1,""install_day"":""2025-11-15"",""total_payment_amount"":0,""user_name"":""이이강"",""user_rank"":4535,""user_stage"":200}"
"stage_reached_200 (App)","W:20_0A:19_0","8","{""Time"":""2025-11-28 03:27:14"",""UserUUID"":""1d360770-c6d1-11f0-98ff-7fb8a6e16035"",""attendance_count"":8,""b.diamond"":103396,""b.ruby"":0,""boxAllCount"":2580,""curserver"":1,""install_day"":""2025-11-21"",""total_payment_amount"":7700,""user_name"":""미천태왕"",""user_rank"":4586,""user_stage"":200}"
"stage_reached_200 (App)","W:20_0A:19_0","11","{""Time"":""2025-11-28 03:06:38"",""UserUUID"":""f523dcc0-c37a-11f0-b817-3d4c19036a2a"",""attendance_count"":11,""b.diamond"":149308,""b.ruby"":0,""boxAllCount"":2630,""curserver"":1,""install_day"":""2025-11-17"",""total_payment_amount"":7700,""user_name"":""채택"",""user_rank"":4696,""user_stage"":200}"
"stage_reached_200 (App)","W:20_0A:19_0","3","{""Time"":""2025-11-28 01:44:24"",""UserUUID"":""01fb87a0-ca19-11f0-bde3-d1a8554c0145"",""attendance_count"":3,""b.diamond"":150260,""b.ruby"":330,""boxAllCount"":3140,""curserver"":1,""install_day"":""2025-11-25"",""total_payment_amount"":150700,""user_name"":""별명가"",""user_rank"":4877,""user_stage"":200}"
"stage_reached_200 (App)","W:20_0A:19_0","12","{""Time"":""2025-11-28 01:43:09"",""UserUUID"":""b7469890-b810-11f0-9d71-359bc38cbd8a"",""attendance_count"":12,""b.diamond"":421834,""b.ruby"":0,""boxAllCount"":3150,""curserver"":1,""install_day"":""2025-11-02"",""total_payment_amount"":7700,""user_name"":""디뇽"",""user_rank"":4575,""user_stage"":200}"
"stage_reached_200 (App)","W:20_0A:22_0","70","{""Time"":""2025-11-28 01:16:46"",""UserUUID"":""fa757d30-7296-11f0-963b-153d9ba83aa3"",""attendance_count"":70,""b.diamond"":30329,""b.ruby"":0,""boxAllCount"":21820,""curserver"":1,""install_day"":""2025-08-06"",""total_payment_amount"":0,""user_name"":""장샘"",""user_rank"":4597,""user_stage"":200}"
"stage_reached_200 (App)","W:20_0A:18_0","4","{""Time"":""2025-11-28 00:13:51"",""UserUUID"":""b626f350-c9cd-11f0-bdf8-21fced51be74"",""attendance_count"":4,""b.diamond"":17061,""b.ruby"":0,""boxAllCount"":2700,""curserver"":1,""install_day"":""2025-11-25"",""total_payment_amount"":47300,""user_name"":""용산폭격기"",""user_rank"":4612,""user_stage"":200}"
"stage_reached_200 (App)","W:21_0A:19_0","17","{""Time"":""2025-11-27 22:29:26"",""UserUUID"":""6c258fd0-bd36-11f0-a751-59f7515c769b"",""attendance_count"":17,""b.diamond"":862326,""b.ruby"":0,""boxAllCount"":2850,""curserver"":1,""install_day"":""2025-11-09"",""total_payment_amount"":7700,""user_name"":""샤이니티"",""user_rank"":4582,""user_stage"":200}"
"stage_reached_200 (App)","W:20_0A:19_0","11","{""Time"":""2025-11-27 18:53:00"",""UserUUID"":""37e1cf50-c2da-11f0-a860-0bee5d6e818b"",""attendance_count"":11,""b.diamond"":56156,""b.ruby"":0,""boxAllCount"":6080,""curserver"":1,""install_day"":""2025-11-16"",""total_payment_amount"":7700,""user_name"":""설미"",""user_rank"":4534,""user_stage"":200}"
"stage_reached_200 (App)","W:22_0A:19_0","9","{""Time"":""2025-11-27 16:32:23"",""UserUUID"":""d3199900-c549-11f0-adad-8153cfe40bc6"",""attendance_count"":9,""b.diamond"":18243,""b.ruby"":0,""boxAllCount"":4080,""curserver"":1,""install_day"":""2025-11-19"",""total_payment_amount"":7700,""user_name"":""모닝난표"",""user_rank"":4533,""user_stage"":200}"
"stage_reached_200 (App)","W:20_0A:21_0","12","{""Time"":""2025-11-27 15:09:04"",""UserUUID"":""9156dc20-c2c5-11f0-a860-0bee5d6e818b"",""attendance_count"":12,""b.diamond"":1153914,""b.ruby"":1650,""boxAllCount"":3330,""curserver"":1,""install_day"":""2025-11-16"",""total_payment_amount"":40700,""user_name"":""최필"",""user_rank"":4532,""user_stage"":200}"
"stage_reached_200 (App)","W:21_0A:20_0","7","{""Time"":""2025-11-27 14:34:07"",""UserUUID"":""6b53cb80-c637-11f0-8d60-b39bccf317bf"",""attendance_count"":7,""b.diamond"":18393,""b.ruby"":0,""boxAllCount"":6000,""curserver"":1,""install_day"":""2025-11-20"",""total_payment_amount"":7700,""user_name"":""시즈씨"",""user_rank"":4547,""user_stage"":200}"
"stage_reached_200 (App)","W:22_0A:20_0","6","{""Time"":""2025-11-27 14:25:09"",""UserUUID"":""04741ad0-c77e-11f0-9eb1-51ec7a729253"",""attendance_count"":6,""b.diamond"":5138,""b.ruby"":0,""boxAllCount"":6430,""curserver"":1,""install_day"":""2025-11-22"",""total_payment_amount"":7700,""user_name"":""김삿갓이"",""user_rank"":4532,""user_stage"":200}"
"stage_reached_200 (App)","W:20_0A:19_0","10","{""Time"":""2025-11-27 13:04:25"",""UserUUID"":""209405b0-c443-11f0-adbe-b3c6b091a142"",""attendance_count"":10,""b.diamond"":327473,""b.ruby"":0,""boxAllCount"":5430,""curserver"":1,""install_day"":""2025-11-18"",""total_payment_amount"":7700,""user_name"":""매미리"",""user_rank"":4530,""user_stage"":200}"
"stage_reached_200 (App)","W:22_0A:19_0","21","{""Time"":""2025-11-27 12:54:12"",""UserUUID"":""d1b56b90-aa62-11f0-b1db-2150be524b88"",""attendance_count"":21,""b.diamond"":186895,""b.ruby"":0,""boxAllCount"":4950,""curserver"":1,""install_day"":""2025-10-16"",""total_payment_amount"":6600,""user_name"":""술준이"",""user_rank"":4545,""user_stage"":200}"
"stage_reached_200 (App)","W:23_0A:19_0","2","{""Time"":""2025-11-27 12:03:33"",""UserUUID"":""fc7d4d00-ca2b-11f0-b205-0f2c430b0481"",""attendance_count"":2,""b.diamond"":1360428,""b.ruby"":6490,""boxAllCount"":2450,""curserver"":1,""install_day"":""2025-11-25"",""total_payment_amount"":359700,""user_name"":""MoonBear"",""user_rank"":5034,""user_stage"":200}"
"stage_reached_200 (App)","W:22_0A:20_0","8","{""Time"":""2025-11-27 11:32:12"",""UserUUID"":""7d62c890-7b63-11f0-a8cb-57ecaf09bb65"",""attendance_count"":8,""b.diamond"":20469,""b.ruby"":0,""boxAllCount"":6040,""curserver"":1,""install_day"":""2025-08-17"",""total_payment_amount"":7700,""user_name"":""허정호"",""user_rank"":4520,""user_stage"":200}"
"stage_reached_200 (App)","W:20_0A:19_0","7","{""Time"":""2025-11-27 09:21:26"",""UserUUID"":""56bbf410-c635-11f0-b9d2-f9d3f4b07673"",""attendance_count"":7,""b.diamond"":96087,""b.ruby"":0,""boxAllCount"":1160,""curserver"":1,""install_day"":""2025-11-20"",""total_payment_amount"":7700,""user_name"":""비행"",""user_rank"":4541,""user_stage"":200}"
"stage_reached_200 (App)","W:18_0A:19_0","6","{""Time"":""2025-11-27 08:51:08"",""UserUUID"":""e61d4b40-c761-11f0-8728-310ad3054c26"",""attendance_count"":6,""b.diamond"":237516,""b.ruby"":0,""boxAllCount"":1440,""curserver"":1,""install_day"":""2025-11-22"",""total_payment_amount"":30800,""user_name"":""가룡"",""user_rank"":4662,""user_stage"":200}"
"stage_reached_200 (App)","W:23_0A:19_0","17","{""Time"":""2025-11-27 07:12:49"",""UserUUID"":""498e33a0-becb-11f0-b720-872744bc58c0"",""attendance_count"":17,""b.diamond"":14095,""b.ruby"":0,""boxAllCount"":5480,""curserver"":1,""install_day"":""2025-11-11"",""total_payment_amount"":1100,""user_name"":""진승"",""user_rank"":4537,""user_stage"":200}"
"stage_reached_200 (App)","W:20_0A:19_0","9","{""Time"":""2025-11-27 05:19:58"",""UserUUID"":""ddc4ae30-c508-11f0-96ea-9515b6ea5566"",""attendance_count"":9,""b.diamond"":2930,""b.ruby"":0,""boxAllCount"":2430,""curserver"":1,""install_day"":""2025-11-19"",""total_payment_amount"":7700,""user_name"":""바나나의섬"",""user_rank"":4660,""user_stage"":200}"
"stage_reached_200 (App)","W:22_0A:19_0","9","{""Time"":""2025-11-27 02:33:42"",""UserUUID"":""ee0c2430-c53f-11f0-8a76-cbd83cf81758"",""attendance_count"":9,""b.diamond"":130548,""b.ruby"":0,""boxAllCount"":2660,""curserver"":1,""install_day"":""2025-11-19"",""total_payment_amount"":14300,""user_name"":""홍색"",""user_rank"":4678,""user_stage"":200}"
"stage_reached_200 (App)","W:23_0A:23_0","6","{""Time"":""2025-11-27 01:37:45"",""UserUUID"":""4a8c2c70-c7af-11f0-9eb1-51ec7a729253"",""attendance_count"":6,""b.diamond"":28126,""b.ruby"":0,""boxAllCount"":8530,""curserver"":1,""install_day"":""2025-11-22"",""total_payment_amount"":7700,""user_name"":""투움"",""user_rank"":4523,""user_stage"":200}"
"stage_reached_200 (App)","W:23_0A:19_0","5","{""Time"":""2025-11-27 00:42:23"",""UserUUID"":""8f2c8440-c7b6-11f0-8ae5-8d25b10e515a"",""attendance_count"":5,""b.diamond"":11794,""b.ruby"":110,""boxAllCount"":3590,""curserver"":1,""install_day"":""2025-11-22"",""total_payment_amount"":18700,""user_name"":""공고생문과"",""user_rank"":4556,""user_stage"":200}"
"stage_reached_200 (App)","W:20_0A:22_0","4","{""Time"":""2025-11-27 00:29:50"",""UserUUID"":""88fe1ce0-c910-11f0-8a70-15d8309d47ed"",""attendance_count"":4,""b.diamond"":2210,""b.ruby"":0,""boxAllCount"":2430,""curserver"":1,""install_day"":""2025-11-24"",""total_payment_amount"":62700,""user_name"":""흐엥흐엥"",""user_rank"":4730,""user_stage"":200}"
"stage_reached_200 (App)","W:23_0A:20_0","8","{""Time"":""2025-11-27 00:25:04"",""UserUUID"":""4265d710-c563-11f0-9518-7712badce674"",""attendance_count"":8,""b.diamond"":927248,""b.ruby"":110,""boxAllCount"":11160,""curserver"":1,""install_day"":""2025-11-19"",""total_payment_amount"":117700,""user_name"":""김로아"",""user_rank"":4564,""user_stage"":200}"
"stage_reached_200 (App)","W:22_0A:19_0","28","{""Time"":""2025-11-26 22:13:01"",""UserUUID"":""7faabb60-84e8-11f0-8626-7f970315ea75"",""attendance_count"":28,""b.diamond"":133214,""b.ruby"":0,""boxAllCount"":1050,""curserver"":1,""install_day"":""2025-08-29"",""total_payment_amount"":0,""user_name"":""슈크리미빵"",""user_rank"":4590,""user_stage"":200}"
"stage_reached_200 (App)","W:22_0A:19_0","5","{""Time"":""2025-11-26 19:42:00"",""UserUUID"":""da286710-c799-11f0-a6f3-87b5f015e41f"",""attendance_count"":5,""b.diamond"":10988,""b.ruby"":110,""boxAllCount"":6540,""curserver"":1,""install_day"":""2025-11-22"",""total_payment_amount"":38500,""user_name"":""청운동꿀주먹"",""user_rank"":4511,""user_stage"":200}"
"stage_reached_200 (App)","W:22_0A:18_0","4","{""Time"":""2025-11-26 19:25:36"",""UserUUID"":""05299f30-c82e-11f0-bbfe-bb6577923ab0"",""attendance_count"":4,""b.diamond"":7849,""b.ruby"":0,""boxAllCount"":1010,""curserver"":1,""install_day"":""2025-11-23"",""total_payment_amount"":7700,""user_name"":""홍디"",""user_rank"":4530,""user_stage"":200}"
"stage_reached_200 (App)","W:21_0A:19_0","12","{""Time"":""2025-11-26 15:38:11"",""UserUUID"":""dd3d3fb0-c1dc-11f0-a248-cf5767bc5156"",""attendance_count"":12,""b.diamond"":13538,""b.ruby"":0,""boxAllCount"":3500,""curserver"":1,""install_day"":""2025-11-15"",""total_payment_amount"":7700,""user_name"":""에리시스"",""user_rank"":4544,""user_stage"":200}"
"stage_reached_200 (App)","W:19_0A:19_0","6","{""Time"":""2025-11-26 15:35:31"",""UserUUID"":""a322f7a0-c670-11f0-99fb-05c279b42331"",""attendance_count"":6,""b.diamond"":26959,""b.ruby"":0,""boxAllCount"":3270,""curserver"":1,""install_day"":""2025-11-21"",""total_payment_amount"":40700,""user_name"":""밍망기"",""user_rank"":4526,""user_stage"":200}"
"stage_reached_200 (App)","W:20_0A:20_0","9","{""Time"":""2025-11-26 13:59:56"",""UserUUID"":""a49fca40-c418-11f0-8266-3b39f1127d4f"",""attendance_count"":9,""b.diamond"":196668,""b.ruby"":0,""boxAllCount"":6900,""curserver"":1,""install_day"":""2025-11-18"",""total_payment_amount"":7700,""user_name"":""닭갈비맛사탕"",""user_rank"":4566,""user_stage"":200}"
"stage_reached_200 (App)","W:22_0A:19_0","11","{""Time"":""2025-11-26 13:06:04"",""UserUUID"":""e7438f40-c2e1-11f0-8172-3f6838132d74"",""attendance_count"":11,""b.diamond"":69269,""b.ruby"":0,""boxAllCount"":1110,""curserver"":1,""install_day"":""2025-11-16"",""total_payment_amount"":7700,""user_name"":""산삼홍삼인삼"",""user_rank"":4523,""user_stage"":200}"
"stage_reached_200 (App)","W:20_0A:19_0","10","{""Time"":""2025-11-26 11:52:13"",""UserUUID"":""84028660-c3aa-11f0-8fcb-5f96a363cd57"",""attendance_count"":10,""b.diamond"":29072,""b.ruby"":0,""boxAllCount"":4690,""curserver"":1,""install_day"":""2025-11-17"",""total_payment_amount"":7700,""user_name"":""머하쇼"",""user_rank"":4563,""user_stage"":200}"
"stage_reached_200 (App)","W:23_0A:19_0","9","{""Time"":""2025-11-26 11:29:06"",""UserUUID"":""97962370-c48c-11f0-bd56-67cbda4018ad"",""attendance_count"":9,""b.diamond"":259041,""b.ruby"":0,""boxAllCount"":2660,""curserver"":1,""install_day"":""2025-11-18"",""total_payment_amount"":7700,""user_name"":""다때려치자"",""user_rank"":4742,""user_stage"":200}"
"stage_reached_200 (App)","W:20_0A:21_0","9","{""Time"":""2025-11-26 11:25:38"",""UserUUID"":""17c86b70-c46f-11f0-9b2e-e53a0756fafb"",""attendance_count"":9,""b.diamond"":21011,""b.ruby"":110,""boxAllCount"":2130,""curserver"":1,""install_day"":""2025-11-18"",""total_payment_amount"":14300,""user_name"":""산결"",""user_rank"":4621,""user_stage"":200}"
"stage_reached_200 (App)","W:21_0A:21_0","9","{""Time"":""2025-11-26 09:07:50"",""UserUUID"":""c45a04c0-c410-11f0-b999-3b4145e5732a"",""attendance_count"":9,""b.diamond"":383681,""b.ruby"":0,""boxAllCount"":5470,""curserver"":1,""install_day"":""2025-11-17"",""total_payment_amount"":7700,""user_name"":""LSAS"",""user_rank"":4506,""user_stage"":200}"
"stage_reached_200 (App)","W:20_0A:19_0","7","{""Time"":""2025-11-26 08:55:43"",""UserUUID"":""f2f9e920-c5f1-11f0-8979-fb9db65c6b46"",""attendance_count"":7,""b.diamond"":35985,""b.ruby"":0,""boxAllCount"":1670,""curserver"":1,""install_day"":""2025-11-20"",""total_payment_amount"":7700,""user_name"":""겨울이다"",""user_rank"":4639,""user_stage"":200}"
"stage_reached_200 (App)","W:20_0A:19_0","6","{""Time"":""2025-11-26 08:24:57"",""UserUUID"":""f9aa03e0-c669-11f0-b021-a157745d7ea4"",""attendance_count"":6,""b.diamond"":8592,""b.ruby"":0,""boxAllCount"":2930,""curserver"":1,""install_day"":""2025-11-20"",""total_payment_amount"":7700,""user_name"":""오도도독"",""user_rank"":4603,""user_stage"":200}"
"stage_reached_200 (App)","W:20_0A:19_0","11","{""Time"":""2025-11-26 08:09:35"",""UserUUID"":""9806d470-c2bc-11f0-aac3-c7b079aac8d7"",""attendance_count"":11,""b.diamond"":328166,""b.ruby"":0,""boxAllCount"":1170,""curserver"":1,""install_day"":""2025-11-16"",""total_payment_amount"":7700,""user_name"":""장가지"",""user_rank"":4573,""user_stage"":200}"
"stage_reached_200 (App)","W:22_0A:21_0","19","{""Time"":""2025-11-26 08:07:45"",""UserUUID"":""e8faf1f0-bb3b-11f0-b09f-2314857b2125"",""attendance_count"":19,""b.diamond"":95110,""b.ruby"":0,""boxAllCount"":21820,""curserver"":1,""install_day"":""2025-11-06"",""total_payment_amount"":0,""user_name"":""지호꺼"",""user_rank"":4530,""user_stage"":200}"
"stage_reached_200 (App)","W:22_0A:19_0","5","{""Time"":""2025-11-26 07:16:59"",""UserUUID"":""380a3fb0-c78c-11f0-b980-af45aeb03a4d"",""attendance_count"":5,""b.diamond"":18967,""b.ruby"":0,""boxAllCount"":4770,""curserver"":1,""install_day"":""2025-11-22"",""total_payment_amount"":33000,""user_name"":""임종진"",""user_rank"":4570,""user_stage"":200}"
"stage_reached_200 (App)","W:20_0A:19_0","8","{""Time"":""2025-11-26 02:59:44"",""UserUUID"":""00b954d0-c4a1-11f0-b9d9-3b7307d0ded0"",""attendance_count"":8,""b.diamond"":176552,""b.ruby"":0,""boxAllCount"":3410,""curserver"":1,""install_day"":""2025-11-18"",""total_payment_amount"":0,""user_name"":""있떠"",""user_rank"":4495,""user_stage"":200}"
"stage_reached_200 (App)","W:20_0A:19_0","12","{""Time"":""2025-11-26 02:33:30"",""UserUUID"":""6c981880-c0eb-11f0-96cf-a38420600392"",""attendance_count"":12,""b.diamond"":90285,""b.ruby"":0,""boxAllCount"":3090,""curserver"":1,""install_day"":""2025-11-13"",""total_payment_amount"":0,""user_name"":""뽀득뽀득"",""user_rank"":4611,""user_stage"":200}"
"stage_reached_200 (App)","W:21_0A:21_0","9","{""Time"":""2025-11-26 01:02:22"",""UserUUID"":""c4634990-c47e-11f0-8dce-d58e3e0d47b5"",""attendance_count"":9,""b.diamond"":17732,""b.ruby"":0,""boxAllCount"":6490,""curserver"":1,""install_day"":""2025-11-18"",""total_payment_amount"":7700,""user_name"":""스기"",""user_rank"":4494,""user_stage"":200}"
"stage_reached_200 (App)","W:20_0A:19_0","9","{""Time"":""2025-11-26 00:05:43"",""UserUUID"":""f3e08020-c3a2-11f0-b679-ab189f9d1938"",""attendance_count"":9,""b.diamond"":76470,""b.ruby"":0,""boxAllCount"":2780,""curserver"":1,""install_day"":""2025-11-17"",""total_payment_amount"":7700,""user_name"":""단군황제검"",""user_rank"":4680,""user_stage"":200}"
"stage_reached_200 (App)","W:21_0A:19_0","8","{""Time"":""2025-11-25 23:45:24"",""UserUUID"":""34192480-c40c-11f0-8266-3b39f1127d4f"",""attendance_count"":8,""b.diamond"":3088,""b.ruby"":0,""boxAllCount"":1820,""curserver"":1,""install_day"":""2025-11-17"",""total_payment_amount"":0,""user_name"":""reo"",""user_rank"":4509,""user_stage"":200}"
"stage_reached_200 (App)","W:22_0A:19_0","14","{""Time"":""2025-11-25 23:14:21"",""UserUUID"":""334c9620-bb8f-11f0-91dd-e9b94ce8c478"",""attendance_count"":14,""b.diamond"":94339,""b.ruby"":0,""boxAllCount"":2720,""curserver"":1,""install_day"":""2025-11-07"",""total_payment_amount"":0,""user_name"":""벽력무제"",""user_rank"":4488,""user_stage"":200}"
"stage_reached_200 (App)","W:20_0A:19_0","8","{""Time"":""2025-11-25 22:48:43"",""UserUUID"":""e2d90350-c40c-11f0-b178-9f98740d4956"",""attendance_count"":8,""b.diamond"":661,""b.ruby"":0,""boxAllCount"":2080,""curserver"":1,""install_day"":""2025-11-17"",""total_payment_amount"":7700,""user_name"":""표남경"",""user_rank"":4487,""user_stage"":200}"
"stage_reached_200 (App)","W:20_0A:21_0","15","{""Time"":""2025-11-25 21:05:09"",""UserUUID"":""626eeca0-beff-11f0-a89b-ed491dcc4e7c"",""attendance_count"":15,""b.diamond"":408673,""b.ruby"":0,""boxAllCount"":2720,""curserver"":1,""install_day"":""2025-11-11"",""total_payment_amount"":0,""user_name"":""싸데기"",""user_rank"":4519,""user_stage"":200}"
"stage_reached_200 (App)","W:21_0A:19_0","11","{""Time"":""2025-11-25 20:28:08"",""UserUUID"":""caf20240-c1d8-11f0-88d5-295ad8961215"",""attendance_count"":11,""b.diamond"":376192,""b.ruby"":0,""boxAllCount"":5120,""curserver"":1,""install_day"":""2025-11-15"",""total_payment_amount"":0,""user_name"":""까만휴지"",""user_rank"":4505,""user_stage"":200}"
"stage_reached_200 (App)","W:20_0A:19_0","8","{""Time"":""2025-11-25 17:49:08"",""UserUUID"":""0206fe20-c4db-11f0-b167-f57f11c62022"",""attendance_count"":8,""b.diamond"":228222,""b.ruby"":330,""boxAllCount"":3560,""curserver"":1,""install_day"":""2025-11-19"",""total_payment_amount"":11000,""user_name"":""서명균"",""user_rank"":4504,""user_stage"":200}"
"stage_reached_200 (App)","W:20_0A:19_0","6","{""Time"":""2025-11-25 17:00:20"",""UserUUID"":""1dae1bc0-c55f-11f0-94d8-8baee88851e7"",""attendance_count"":6,""b.diamond"":366011,""b.ruby"":0,""boxAllCount"":2580,""curserver"":1,""install_day"":""2025-11-19"",""total_payment_amount"":71500,""user_name"":""쥬셰프"",""user_rank"":4563,""user_stage"":200}"
"stage_reached_200 (App)","W:22_0A:19_0","11","{""Time"":""2025-11-25 16:50:18"",""UserUUID"":""7d21ff30-c1a5-11f0-bcad-05a15535ae29"",""attendance_count"":11,""b.diamond"":1334,""b.ruby"":0,""boxAllCount"":570,""curserver"":1,""install_day"":""2025-11-14"",""total_payment_amount"":7700,""user_name"":""꾸러안자"",""user_rank"":4525,""user_stage"":200}"
"stage_reached_200 (App)","W:22_0A:20_0","8","{""Time"":""2025-11-25 14:10:26"",""UserUUID"":""5804c880-c458-11f0-99a8-33ce1829e648"",""attendance_count"":8,""b.diamond"":195681,""b.ruby"":0,""boxAllCount"":6150,""curserver"":1,""install_day"":""2025-11-18"",""total_payment_amount"":27500,""user_name"":""일검무휼"",""user_rank"":4559,""user_stage"":200}"
"stage_reached_200 (App)","W:22_0A:19_0","8","{""Time"":""2025-11-25 12:56:38"",""UserUUID"":""0422c010-c358-11f0-84d3-d130a702dd19"",""attendance_count"":8,""b.diamond"":187018,""b.ruby"":0,""boxAllCount"":3510,""curserver"":1,""install_day"":""2025-11-17"",""total_payment_amount"":7700,""user_name"":""연비랑"",""user_rank"":4488,""user_stage"":200}"
"stage_reached_200 (App)","W:20_0A:19_0","9","{""Time"":""2025-11-25 12:52:36"",""UserUUID"":""f1aca770-c366-11f0-869d-d762a59a2f47"",""attendance_count"":9,""b.diamond"":651666,""b.ruby"":330,""boxAllCount"":1130,""curserver"":1,""install_day"":""2025-11-17"",""total_payment_amount"":11000,""user_name"":""설악"",""user_rank"":4599,""user_stage"":200}"
"stage_reached_200 (App)","W:23_0A:19_0","9","{""Time"":""2025-11-25 11:56:56"",""UserUUID"":""cfadfa10-c01f-11f0-b9d9-611999d0f956"",""attendance_count"":9,""b.diamond"":622182,""b.ruby"":0,""boxAllCount"":4240,""curserver"":1,""install_day"":""2025-11-12"",""total_payment_amount"":7700,""user_name"":""랜랜"",""user_rank"":4620,""user_stage"":200}"
"stage_reached_200 (App)","W:20_0A:19_0","7","{""Time"":""2025-11-25 11:02:16"",""UserUUID"":""eec1ea00-c51b-11f0-a254-290538ae5c93"",""attendance_count"":7,""b.diamond"":244901,""b.ruby"":0,""boxAllCount"":1070,""curserver"":1,""install_day"":""2025-11-19"",""total_payment_amount"":7700,""user_name"":""문무신"",""user_rank"":4668,""user_stage"":200}"
"stage_reached_200 (App)","W:22_0A:20_0","12","{""Time"":""2025-11-25 10:57:44"",""UserUUID"":""f9e3bcd0-bd3a-11f0-b2b5-bf87631ec4db"",""attendance_count"":12,""b.diamond"":54761,""b.ruby"":0,""boxAllCount"":7200,""curserver"":1,""install_day"":""2025-11-09"",""total_payment_amount"":7700,""user_name"":""lotus"",""user_rank"":4620,""user_stage"":200}"
"stage_reached_200 (App)","W:23_0A:23_0","5","{""Time"":""2025-11-25 10:36:39"",""UserUUID"":""c7126930-c6dd-11f0-9472-278d43bb5434"",""attendance_count"":5,""b.diamond"":226535,""b.ruby"":0,""boxAllCount"":6040,""curserver"":1,""install_day"":""2025-11-21"",""total_payment_amount"":7700,""user_name"":""초록얼음"",""user_rank"":4486,""user_stage"":200}"
"stage_reached_200 (App)","W:21_0A:19_0","11","{""Time"":""2025-11-25 09:27:09"",""UserUUID"":""d146cd00-c0e4-11f0-b2b2-11f00f2b1ae0"",""attendance_count"":11,""b.diamond"":128502,""b.ruby"":0,""boxAllCount"":1120,""curserver"":1,""install_day"":""2025-11-13"",""total_payment_amount"":7700,""user_name"":""시여니"",""user_rank"":4539,""user_stage"":200}"
"stage_reached_200 (App)","W:20_0A:20_0","8","{""Time"":""2025-11-25 09:24:29"",""UserUUID"":""6d71df30-c437-11f0-9dba-69b1c61e04d7"",""attendance_count"":8,""b.diamond"":477173,""b.ruby"":660,""boxAllCount"":8110,""curserver"":1,""install_day"":""2025-11-18"",""total_payment_amount"":117700,""user_name"":""멸살"",""user_rank"":4664,""user_stage"":200}"
"stage_reached_200 (App)","W:20_0A:18_0","7","{""Time"":""2025-11-25 07:43:38"",""UserUUID"":""bfac4790-c536-11f0-ac5f-796f91d2adcd"",""attendance_count"":7,""b.diamond"":20237,""b.ruby"":0,""boxAllCount"":4140,""curserver"":1,""install_day"":""2025-11-19"",""total_payment_amount"":7700,""user_name"":""윤괴물"",""user_rank"":4492,""user_stage"":200}"
"stage_reached_200 (App)","W:20_0A:19_0","9","{""Time"":""2025-11-25 07:17:46"",""UserUUID"":""8d49e2b0-c3b2-11f0-afb8-f73514f9b071"",""attendance_count"":9,""b.diamond"":47502,""b.ruby"":110,""boxAllCount"":3960,""curserver"":1,""install_day"":""2025-11-17"",""total_payment_amount"":40700,""user_name"":""쩡하사"",""user_rank"":4463,""user_stage"":200}"
"stage_reached_200 (App)","W:21_0A:19_0","8","{""Time"":""2025-11-25 07:11:58"",""UserUUID"":""581a8580-c47b-11f0-beb5-7feca43c2a56"",""attendance_count"":8,""b.diamond"":4343,""b.ruby"":110,""boxAllCount"":4560,""curserver"":1,""install_day"":""2025-11-18"",""total_payment_amount"":73700,""user_name"":""사앙추"",""user_rank"":4553,""user_stage"":200}"
"stage_reached_200 (App)","W:20_0A:19_0","7","{""Time"":""2025-11-25 06:55:48"",""UserUUID"":""8090ef10-c546-11f0-b5a4-b968f02b214e"",""attendance_count"":7,""b.diamond"":350784,""b.ruby"":0,""boxAllCount"":1950,""curserver"":1,""install_day"":""2025-11-19"",""total_payment_amount"":7700,""user_name"":""빈땅콩"",""user_rank"":4582,""user_stage"":200}"
"stage_reached_200 (App)","W:20_0A:19_0","9","{""Time"":""2025-11-25 04:29:58"",""UserUUID"":""bd127420-c318-11f0-b8d1-07e4240b1b0e"",""attendance_count"":9,""b.diamond"":130749,""b.ruby"":0,""boxAllCount"":1700,""curserver"":1,""install_day"":""2025-11-16"",""total_payment_amount"":7700,""user_name"":""빈혈걸린상어"",""user_rank"":4476,""user_stage"":200}"
"stage_reached_200 (App)","W:22_0A:21_0","9","{""Time"":""2025-11-25 02:47:45"",""UserUUID"":""c3f00b30-bfe5-11f0-b34d-adf999b6510a"",""attendance_count"":9,""b.diamond"":49975,""b.ruby"":0,""boxAllCount"":6120,""curserver"":1,""install_day"":""2025-11-12"",""total_payment_amount"":7700,""user_name"":""이덕수"",""user_rank"":4487,""user_stage"":200}"
"stage_reached_200 (App)","W:20_0A:22_0","13","{""Time"":""2025-11-25 02:27:13"",""UserUUID"":""208fe790-b87d-11f0-833b-d9142fbd15ab"",""attendance_count"":13,""b.diamond"":9873,""b.ruby"":0,""boxAllCount"":4750,""curserver"":1,""install_day"":""2025-11-03"",""total_payment_amount"":7700,""user_name"":""미운학교"",""user_rank"":4518,""user_stage"":200}"
"stage_reached_200 (App)","W:17_0A:19_0","6","{""Time"":""2025-11-25 02:03:34"",""UserUUID"":""ecf55390-c61c-11f0-89ec-711f707c784a"",""attendance_count"":6,""b.diamond"":34988,""b.ruby"":0,""boxAllCount"":2630,""curserver"":1,""install_day"":""2025-11-20"",""total_payment_amount"":7700,""user_name"":""토니오"",""user_rank"":4465,""user_stage"":200}"
"stage_reached_200 (App)","W:22_0A:19_0","5","{""Time"":""2025-11-25 01:57:27"",""UserUUID"":""e7cf5a60-c698-11f0-9eb1-51ec7a729253"",""attendance_count"":5,""b.diamond"":6287,""b.ruby"":0,""boxAllCount"":3680,""curserver"":1,""install_day"":""2025-11-21"",""total_payment_amount"":7700,""user_name"":""성화"",""user_rank"":4507,""user_stage"":200}"
"stage_reached_200 (App)","W:20_0A:19_0","6","{""Time"":""2025-11-25 01:22:45"",""UserUUID"":""5f48e200-c5e5-11f0-8dab-074e443debe0"",""attendance_count"":6,""b.diamond"":37935,""b.ruby"":0,""boxAllCount"":1080,""curserver"":1,""install_day"":""2025-11-20"",""total_payment_amount"":7700,""user_name"":""여노아니양"",""user_rank"":4484,""user_stage"":200}"
"stage_reached_200 (App)","W:20_0A:19_0","7","{""Time"":""2025-11-25 00:17:37"",""UserUUID"":""46e5db90-c550-11f0-ba43-d79cd89d05a6"",""attendance_count"":7,""b.diamond"":113339,""b.ruby"":0,""boxAllCount"":900,""curserver"":1,""install_day"":""2025-11-19"",""total_payment_amount"":7700,""user_name"":""Maxian"",""user_rank"":4496,""user_stage"":200}"
"stage_reached_200 (App)","W:22_0A:20_0","10","{""Time"":""2025-11-25 00:00:15"",""UserUUID"":""cff86270-c241-11f0-b610-171b19553b50"",""attendance_count"":10,""b.diamond"":26919,""b.ruby"":220,""boxAllCount"":6730,""curserver"":1,""install_day"":""2025-11-15"",""total_payment_amount"":73700,""user_name"":""날개달린우투리"",""user_rank"":4460,""user_stage"":200}"
"stage_reached_200 (App)","W:18_0A:19_0","6","{""Time"":""2025-11-24 23:53:33"",""UserUUID"":""e1d76200-c4e1-11f0-963f-cd0142ce115f"",""attendance_count"":6,""b.diamond"":21120,""b.ruby"":0,""boxAllCount"":2670,""curserver"":1,""install_day"":""2025-11-19"",""total_payment_amount"":7700,""user_name"":""로카무카"",""user_rank"":4463,""user_stage"":200}"
"stage_reached_200 (App)","W:20_0A:19_0","10","{""Time"":""2025-11-24 22:54:33"",""UserUUID"":""d73e46b0-c1cb-11f0-bcad-05a15535ae29"",""attendance_count"":10,""b.diamond"":11020,""b.ruby"":0,""boxAllCount"":2670,""curserver"":1,""install_day"":""2025-11-15"",""total_payment_amount"":0,""user_name"":""난세영웅연주"",""user_rank"":4460,""user_stage"":200}"
"stage_reached_200 (App)","W:22_0A:19_0","6","{""Time"":""2025-11-24 22:14:36"",""UserUUID"":""b48ba360-c4aa-11f0-a122-8f7f3af32353"",""attendance_count"":6,""b.diamond"":81260,""b.ruby"":0,""boxAllCount"":1700,""curserver"":1,""install_day"":""2025-11-18"",""total_payment_amount"":7700,""user_name"":""띵동1"",""user_rank"":4600,""user_stage"":200}"
"stage_reached_200 (App)","W:22_0A:23_0","10","{""Time"":""2025-11-24 21:36:10"",""UserUUID"":""5dd2f0f0-6708-11f0-a3d4-43ebc2e41e55"",""attendance_count"":10,""b.diamond"":308735,""b.ruby"":0,""boxAllCount"":6250,""curserver"":1,""install_day"":""2025-07-22"",""total_payment_amount"":0,""user_name"":""마미무샤"",""user_rank"":387,""user_stage"":200}"
"stage_reached_200 (App)","W:22_0A:19_0","8","{""Time"":""2025-11-24 21:29:12"",""UserUUID"":""3cd08fc0-c3ba-11f0-9bb5-174fc7d9cbcd"",""attendance_count"":8,""b.diamond"":73016,""b.ruby"":220,""boxAllCount"":2370,""curserver"":1,""install_day"":""2025-11-17"",""total_payment_amount"":99000,""user_name"":""이수지주아나"",""user_rank"":4678,""user_stage"":200}"
"stage_reached_200 (App)","W:20_0A:22_0","1","{""Time"":""2025-11-24 20:28:43"",""UserUUID"":""30ef8510-c8fd-11f0-a306-03226dc783ee"",""attendance_count"":1,""b.diamond"":821252,""b.ruby"":4400,""boxAllCount"":18500,""curserver"":1,""install_day"":""2025-11-24"",""total_payment_amount"":480700,""user_name"":""프페"",""user_rank"":5223,""user_stage"":200}"
"stage_reached_200 (App)","W:20_0A:17_0","8","{""Time"":""2025-11-24 19:27:09"",""UserUUID"":""10ba2bc0-c3a2-11f0-88cb-592467163eb2"",""attendance_count"":8,""b.diamond"":99378,""b.ruby"":0,""boxAllCount"":2610,""curserver"":1,""install_day"":""2025-11-17"",""total_payment_amount"":8800,""user_name"":""뉴라니"",""user_rank"":4457,""user_stage"":200}"
"stage_reached_200 (App)","W:17_0A:17_0","3","{""Time"":""2025-11-24 17:53:07"",""UserUUID"":""e102c7c0-c7b1-11f0-9eb1-51ec7a729253"",""attendance_count"":3,""b.diamond"":156243,""b.ruby"":0,""boxAllCount"":800,""curserver"":1,""install_day"":""2025-11-22"",""total_payment_amount"":77000,""user_name"":""초초빠"",""user_rank"":4478,""user_stage"":200}"
"stage_reached_200 (App)","W:20_0A:23_0","16","{""Time"":""2025-11-24 18:14:08"",""UserUUID"":""67f77c40-b8b1-11f0-a993-3d25faa8e69c"",""attendance_count"":16,""b.diamond"":188573,""b.ruby"":0,""boxAllCount"":5500,""curserver"":1,""install_day"":""2025-11-03"",""total_payment_amount"":7700,""user_name"":""귀천마"",""user_rank"":4461,""user_stage"":200}"
"stage_reached_200 (App)","W:21_0A:19_0","13","{""Time"":""2025-11-24 16:46:09"",""UserUUID"":""20285580-bfb7-11f0-a339-073e32343cad"",""attendance_count"":13,""b.diamond"":37713,""b.ruby"":0,""boxAllCount"":3260,""curserver"":1,""install_day"":""2025-11-12"",""total_payment_amount"":7700,""user_name"":""표룡"",""user_rank"":4485,""user_stage"":200}"
"stage_reached_200 (App)","W:22_0A:19_0","8","{""Time"":""2025-11-24 15:46:12"",""UserUUID"":""e5039a10-c2d0-11f0-b87e-99b64f3d06fa"",""attendance_count"":8,""b.diamond"":5273,""b.ruby"":0,""boxAllCount"":2210,""curserver"":1,""install_day"":""2025-11-16"",""total_payment_amount"":7700,""user_name"":""조나단트럼프"",""user_rank"":4568,""user_stage"":200}"
"stage_reached_200 (App)","W:22_0A:20_0","16","{""Time"":""2025-11-24 15:16:50"",""UserUUID"":""b09651c0-bcb1-11f0-8b4e-3dfcbb405833"",""attendance_count"":16,""b.diamond"":58423,""b.ruby"":0,""boxAllCount"":6210,""curserver"":1,""install_day"":""2025-11-08"",""total_payment_amount"":0,""user_name"":""숩숩세"",""user_rank"":4452,""user_stage"":200}"
"stage_reached_200 (App)","W:20_0A:19_0","8","{""Time"":""2025-11-24 13:46:59"",""UserUUID"":""6cf29190-c37d-11f0-a553-397e3588d004"",""attendance_count"":8,""b.diamond"":9193,""b.ruby"":0,""boxAllCount"":4570,""curserver"":1,""install_day"":""2025-11-17"",""total_payment_amount"":0,""user_name"":""호래씨"",""user_rank"":4490,""user_stage"":200}"
"stage_reached_200 (App)","W:20_0A:19_0","8","{""Time"":""2025-11-24 11:05:09"",""UserUUID"":""f6776960-c37b-11f0-8255-8f3fd29d9978"",""attendance_count"":8,""b.diamond"":5135,""b.ruby"":0,""boxAllCount"":1020,""curserver"":1,""install_day"":""2025-11-17"",""total_payment_amount"":7700,""user_name"":""영글"",""user_rank"":4514,""user_stage"":200}"
"stage_reached_200 (App)","W:20_0A:20_0","10","{""Time"":""2025-11-24 10:48:38"",""UserUUID"":""3d87d8f0-bd03-11f0-9fb2-13cff54627c0"",""attendance_count"":10,""b.diamond"":21432,""b.ruby"":0,""boxAllCount"":6070,""curserver"":1,""install_day"":""2025-11-09"",""total_payment_amount"":7700,""user_name"":""하늘나루"",""user_rank"":4561,""user_stage"":200}"
"stage_reached_200 (App)","W:20_0A:19_0","7","{""Time"":""2025-11-24 08:12:41"",""UserUUID"":""affeca10-c46f-11f0-b950-b9f1d23c911e"",""attendance_count"":7,""b.diamond"":684906,""b.ruby"":880,""boxAllCount"":2490,""curserver"":1,""install_day"":""2025-11-18"",""total_payment_amount"":40700,""user_name"":""초보돼지"",""user_rank"":4570,""user_stage"":200}"
"stage_reached_200 (App)","W:20_0A:19_0","7","{""Time"":""2025-11-24 07:53:29"",""UserUUID"":""b2709590-c43c-11f0-9bf9-6789603273ce"",""attendance_count"":7,""b.diamond"":34029,""b.ruby"":0,""boxAllCount"":2330,""curserver"":1,""install_day"":""2025-11-18"",""total_payment_amount"":7700,""user_name"":""관수현은정"",""user_rank"":4548,""user_stage"":200}"
"stage_reached_200 (App)","W:20_0A:19_0","8","{""Time"":""2025-11-24 04:28:32"",""UserUUID"":""6066d9b0-c3b7-11f0-9bd2-ad523d125748"",""attendance_count"":8,""b.diamond"":85187,""b.ruby"":0,""boxAllCount"":1850,""curserver"":1,""install_day"":""2025-11-17"",""total_payment_amount"":7700,""user_name"":""우노구나"",""user_rank"":4491,""user_stage"":200}"
"stage_reached_200 (App)","W:20_0A:23_0","12","{""Time"":""2025-11-24 04:00:06"",""UserUUID"":""a847b790-6147-11f0-a063-d39384836b28"",""attendance_count"":12,""b.diamond"":41027,""b.ruby"":0,""boxAllCount"":5330,""curserver"":0,""install_day"":""2025-07-15"",""total_payment_amount"":0,""user_name"":""uuyrfgh"",""user_rank"":4442,""user_stage"":200}"
"stage_reached_200 (App)","W:22_0A:19_0","6","{""Time"":""2025-11-24 00:52:30"",""UserUUID"":""7b5b8d40-c4a9-11f0-9d24-9f9c42027e60"",""attendance_count"":6,""b.diamond"":33377,""b.ruby"":0,""boxAllCount"":3360,""curserver"":1,""install_day"":""2025-11-18"",""total_payment_amount"":7700,""user_name"":""naruto"",""user_rank"":4505,""user_stage"":200}"
"stage_reached_200 (App)","W:19_0A:19_0","6","{""Time"":""2025-11-24 00:50:08"",""UserUUID"":""ce762a70-c50e-11f0-9b08-654491b86197"",""attendance_count"":6,""b.diamond"":212705,""b.ruby"":0,""boxAllCount"":3800,""curserver"":1,""install_day"":""2025-11-19"",""total_payment_amount"":29700,""user_name"":""중폭"",""user_rank"":4520,""user_stage"":200}"
"stage_reached_200 (App)","W:19_0A:19_0","6","{""Time"":""2025-11-24 00:33:18"",""UserUUID"":""d4a97910-c54f-11f0-90ee-ebdece6165db"",""attendance_count"":6,""b.diamond"":40125,""b.ruby"":0,""boxAllCount"":2900,""curserver"":1,""install_day"":""2025-11-19"",""total_payment_amount"":40700,""user_name"":""슈슈기"",""user_rank"":4547,""user_stage"":200}"
"stage_reached_200 (App)","W:23_0A:19_0","4","{""Time"":""2025-11-23 20:55:59"",""UserUUID"":""697d4a20-b97b-11f0-8fdc-d7ea558eb3ed"",""attendance_count"":4,""b.diamond"":14427,""b.ruby"":0,""boxAllCount"":4090,""curserver"":1,""install_day"":""2025-11-04"",""total_payment_amount"":95700,""user_name"":""탕이"",""user_rank"":4518,""user_stage"":200}"
"stage_reached_200 (App)","W:22_0A:20_0","6","{""Time"":""2025-11-23 20:46:43"",""UserUUID"":""d5b018e0-c479-11f0-b7a1-ddaadb2a2680"",""attendance_count"":6,""b.diamond"":234880,""b.ruby"":0,""boxAllCount"":5650,""curserver"":1,""install_day"":""2025-11-18"",""total_payment_amount"":0,""user_name"":""크아"",""user_rank"":4471,""user_stage"":200}"
"stage_reached_200 (App)","W:20_0A:20_0","15","{""Time"":""2025-11-23 20:38:48"",""UserUUID"":""e998dcb0-bd09-11f0-9116-75ba56f3fca2"",""attendance_count"":15,""b.diamond"":914534,""b.ruby"":0,""boxAllCount"":6030,""curserver"":1,""install_day"":""2025-11-09"",""total_payment_amount"":7700,""user_name"":""인덱이"",""user_rank"":4737,""user_stage"":200}"
"stage_reached_200 (App)","W:22_0A:19_0","7","{""Time"":""2025-11-23 18:54:32"",""UserUUID"":""eb68b330-c376-11f0-83c3-e72674e60065"",""attendance_count"":7,""b.diamond"":32850,""b.ruby"":0,""boxAllCount"":5120,""curserver"":1,""install_day"":""2025-11-17"",""total_payment_amount"":0,""user_name"":""날카로운비수"",""user_rank"":4434,""user_stage"":200}"
"stage_reached_200 (App)","W:20_0A:22_0","10","{""Time"":""2025-11-23 18:39:59"",""UserUUID"":""bbb3d570-c11e-11f0-b485-51a73e6dcdcc"",""attendance_count"":10,""b.diamond"":50675,""b.ruby"":0,""boxAllCount"":2600,""curserver"":1,""install_day"":""2025-11-14"",""total_payment_amount"":7700,""user_name"":""덕우당근"",""user_rank"":4455,""user_stage"":200}"
"stage_reached_200 (App)","W:23_0A:22_0","4","{""Time"":""2025-11-23 16:33:55"",""UserUUID"":""c277af70-c5ed-11f0-b8db-cde1ab823385"",""attendance_count"":4,""b.diamond"":37765,""b.ruby"":0,""boxAllCount"":1580,""curserver"":1,""install_day"":""2025-11-20"",""total_payment_amount"":0,""user_name"":""탄연자감"",""user_rank"":4452,""user_stage"":200}"
"stage_reached_200 (App)","W:22_0A:20_0","6","{""Time"":""2025-11-23 15:13:41"",""UserUUID"":""729fa6e0-c487-11f0-8dac-3d9dc776b249"",""attendance_count"":6,""b.diamond"":231841,""b.ruby"":0,""boxAllCount"":7990,""curserver"":1,""install_day"":""2025-11-18"",""total_payment_amount"":7700,""user_name"":""가남"",""user_rank"":4537,""user_stage"":200}"
"stage_reached_200 (App)","W:22_0A:20_0","7","{""Time"":""2025-11-23 15:04:26"",""UserUUID"":""d5a73200-c336-11f0-be4b-814f11da214e"",""attendance_count"":7,""b.diamond"":22983,""b.ruby"":0,""boxAllCount"":7060,""curserver"":1,""install_day"":""2025-11-16"",""total_payment_amount"":7700,""user_name"":""후늬쓰"",""user_rank"":4432,""user_stage"":200}"
"stage_reached_200 (App)","W:21_0A:19_0","5","{""Time"":""2025-11-23 14:35:33"",""UserUUID"":""1dc9d130-c54b-11f0-adad-8153cfe40bc6"",""attendance_count"":5,""b.diamond"":7235,""b.ruby"":0,""boxAllCount"":6060,""curserver"":1,""install_day"":""2025-11-19"",""total_payment_amount"":99000,""user_name"":""차시로"",""user_rank"":4465,""user_stage"":200}"
"stage_reached_200 (App)","W:20_0A:23_0","11","{""Time"":""2025-11-23 12:07:24"",""UserUUID"":""b7b0e890-bf62-11f0-8232-771c6318a7e1"",""attendance_count"":11,""b.diamond"":35877,""b.ruby"":0,""boxAllCount"":6710,""curserver"":1,""install_day"":""2025-11-12"",""total_payment_amount"":7700,""user_name"":""s광개토태왕s"",""user_rank"":4481,""user_stage"":200}"
"stage_reached_200 (App)","W:17_0A:22_0","4","{""Time"":""2025-11-23 11:36:17"",""UserUUID"":""3415fc60-c61e-11f0-89ec-711f707c784a"",""attendance_count"":4,""b.diamond"":109204,""b.ruby"":880,""boxAllCount"":1290,""curserver"":1,""install_day"":""2025-11-20"",""total_payment_amount"":110000,""user_name"":""익숙한달"",""user_rank"":4510,""user_stage"":200}"
"stage_reached_200 (App)","W:20_0A:19_0","12","{""Time"":""2025-11-23 10:52:16"",""UserUUID"":""334b0210-b7b6-11f0-b846-d12d75c68cec"",""attendance_count"":12,""b.diamond"":72651,""b.ruby"":0,""boxAllCount"":1280,""curserver"":1,""install_day"":""2025-11-02"",""total_payment_amount"":7700,""user_name"":""광짱"",""user_rank"":4430,""user_stage"":200}"
"stage_reached_200 (App)","W:20_0A:19_0","15","{""Time"":""2025-11-23 10:39:32"",""UserUUID"":""35b28590-bd2f-11f0-b2b5-bf87631ec4db"",""attendance_count"":15,""b.diamond"":23897,""b.ruby"":0,""boxAllCount"":2680,""curserver"":1,""install_day"":""2025-11-09"",""total_payment_amount"":8800,""user_name"":""초락"",""user_rank"":4480,""user_stage"":200}"
"stage_reached_200 (App)","W:20_0A:19_0","7","{""Time"":""2025-11-23 08:28:35"",""UserUUID"":""9a0f96b0-c3c2-11f0-9bb5-174fc7d9cbcd"",""attendance_count"":7,""b.diamond"":99265,""b.ruby"":0,""boxAllCount"":2520,""curserver"":1,""install_day"":""2025-11-17"",""total_payment_amount"":7700,""user_name"":""성서폭풍"",""user_rank"":4429,""user_stage"":200}"
"stage_reached_200 (App)","W:20_0A:19_0","7","{""Time"":""2025-11-23 08:10:30"",""UserUUID"":""e0b88300-c3b9-11f0-9bd2-ad523d125748"",""attendance_count"":7,""b.diamond"":88638,""b.ruby"":220,""boxAllCount"":3320,""curserver"":1,""install_day"":""2025-11-17"",""total_payment_amount"":40700,""user_name"":""nahahaha"",""user_rank"":4428,""user_stage"":200}"
"stage_reached_200 (App)","W:21_0A:21_0","4","{""Time"":""2025-11-23 06:42:49"",""UserUUID"":""206a8a30-c53f-11f0-96ea-9515b6ea5566"",""attendance_count"":4,""b.diamond"":107224,""b.ruby"":0,""boxAllCount"":3260,""curserver"":1,""install_day"":""2025-11-19"",""total_payment_amount"":73700,""user_name"":""투사2"",""user_rank"":4814,""user_stage"":200}"
"stage_reached_200 (App)","W:21_0A:19_0","5","{""Time"":""2025-11-23 02:25:33"",""UserUUID"":""e5f961a0-c4c6-11f0-8112-b729101b0da9"",""attendance_count"":5,""b.diamond"":244792,""b.ruby"":220,""boxAllCount"":3260,""curserver"":1,""install_day"":""2025-11-18"",""total_payment_amount"":36300,""user_name"":""멍뭉망"",""user_rank"":4504,""user_stage"":200}"
"stage_reached_200 (App)","W:23_0A:19_0","12","{""Time"":""2025-11-23 00:24:11"",""UserUUID"":""0b96ce90-bfd4-11f0-89bf-e3c28a706d73"",""attendance_count"":12,""b.diamond"":33388,""b.ruby"":0,""boxAllCount"":2640,""curserver"":1,""install_day"":""2025-11-12"",""total_payment_amount"":0,""user_name"":""난korean"",""user_rank"":4504,""user_stage"":200}"
"stage_reached_200 (App)","W:22_0A:19_0","6","{""Time"":""2025-11-22 22:12:56"",""UserUUID"":""a3a4e7d0-c30d-11f0-bf16-3bcc5b450ce8"",""attendance_count"":6,""b.diamond"":389858,""b.ruby"":0,""boxAllCount"":4770,""curserver"":1,""install_day"":""2025-11-16"",""total_payment_amount"":7700,""user_name"":""젠로로"",""user_rank"":4463,""user_stage"":200}"
"stage_reached_200 (App)","W:20_0A:19_0","14","{""Time"":""2025-11-22 21:45:06"",""UserUUID"":""1d3c1130-bd29-11f0-b2b5-bf87631ec4db"",""attendance_count"":14,""b.diamond"":2061167,""b.ruby"":0,""boxAllCount"":1680,""curserver"":1,""install_day"":""2025-11-09"",""total_payment_amount"":7700,""user_name"":""에반데"",""user_rank"":4455,""user_stage"":200}"
"stage_reached_200 (App)","W:22_0A:20_0","6","{""Time"":""2025-11-22 20:57:50"",""UserUUID"":""07fc8d90-c305-11f0-8d95-b7a7f28896b3"",""attendance_count"":6,""b.diamond"":14927,""b.ruby"":0,""boxAllCount"":6100,""curserver"":1,""install_day"":""2025-11-16"",""total_payment_amount"":7700,""user_name"":""양명"",""user_rank"":4485,""user_stage"":200}"
"stage_reached_200 (App)","W:21_0A:21_0","7","{""Time"":""2025-11-22 19:14:29"",""UserUUID"":""a85698d0-c238-11f0-8cff-57e785ae7c64"",""attendance_count"":7,""b.diamond"":7203,""b.ruby"":0,""boxAllCount"":10050,""curserver"":1,""install_day"":""2025-11-15"",""total_payment_amount"":58300,""user_name"":""뚜이또이"",""user_rank"":4498,""user_stage"":200}"
"stage_reached_200 (App)","W:20_0A:19_0","44","{""Time"":""2025-11-22 17:54:24"",""UserUUID"":""eb669420-a5d9-11f0-acb1-25d0c5643693"",""attendance_count"":44,""b.diamond"":1699424,""b.ruby"":0,""boxAllCount"":490,""curserver"":1,""install_day"":""2025-10-10"",""total_payment_amount"":0,""user_name"":""샤샤25"",""user_rank"":4425,""user_stage"":200}"
"stage_reached_200 (App)","W:22_0A:23_0","4","{""Time"":""2025-11-22 16:55:20"",""UserUUID"":""fcfa8590-c544-11f0-a500-afbe937cde8c"",""attendance_count"":4,""b.diamond"":148124,""b.ruby"":0,""boxAllCount"":3470,""curserver"":1,""install_day"":""2025-11-19"",""total_payment_amount"":7700,""user_name"":""내일은88"",""user_rank"":4416,""user_stage"":200}"
"stage_reached_200 (App)","W:21_0A:21_0","16","{""Time"":""2025-11-22 16:46:31"",""UserUUID"":""69359b00-b884-11f0-ab78-e90b8df5eefe"",""attendance_count"":16,""b.diamond"":121136,""b.ruby"":0,""boxAllCount"":6270,""curserver"":1,""install_day"":""2025-11-03"",""total_payment_amount"":0,""user_name"":""라면공장"",""user_rank"":4416,""user_stage"":200}"
"stage_reached_200 (App)","W:20_0A:19_0","7","{""Time"":""2025-11-22 16:11:59"",""UserUUID"":""9cdb5730-c2cd-11f0-a1eb-592d90e56e86"",""attendance_count"":7,""b.diamond"":42970,""b.ruby"":0,""boxAllCount"":6010,""curserver"":1,""install_day"":""2025-11-16"",""total_payment_amount"":14300,""user_name"":""할이름없당"",""user_rank"":4414,""user_stage"":200}"
"stage_reached_200 (App)","W:22_0A:20_0","15","{""Time"":""2025-11-22 14:27:43"",""UserUUID"":""0c542c80-bb31-11f0-a4d3-edbb47ea5aaa"",""attendance_count"":15,""b.diamond"":3044,""b.ruby"":0,""boxAllCount"":9300,""curserver"":1,""install_day"":""2025-11-06"",""total_payment_amount"":0,""user_name"":""오오올"",""user_rank"":4414,""user_stage"":200}"
"stage_reached_200 (App)","W:20_0A:19_0","14","{""Time"":""2025-11-22 11:43:46"",""UserUUID"":""9810a380-bc9d-11f0-926a-0308b6dc2abf"",""attendance_count"":14,""b.diamond"":21341,""b.ruby"":110,""boxAllCount"":5010,""curserver"":1,""install_day"":""2025-11-08"",""total_payment_amount"":14300,""user_name"":""가온on07"",""user_rank"":4477,""user_stage"":200}"
"stage_reached_200 (App)","W:20_0A:19_0","7","{""Time"":""2025-11-22 11:02:47"",""UserUUID"":""f81d2f90-c2ca-11f0-aa2e-632a23649fe2"",""attendance_count"":7,""b.diamond"":45750,""b.ruby"":0,""boxAllCount"":420,""curserver"":1,""install_day"":""2025-11-16"",""total_payment_amount"":16500,""user_name"":""gw77"",""user_rank"":4448,""user_stage"":200}"
"stage_reached_200 (App)","W:20_0A:19_0","13","{""Time"":""2025-11-22 10:34:28"",""UserUUID"":""a6b766b0-be25-11f0-bfef-91b3a8178bf3"",""attendance_count"":13,""b.diamond"":1456557,""b.ruby"":0,""boxAllCount"":3780,""curserver"":1,""install_day"":""2025-11-10"",""total_payment_amount"":7700,""user_name"":""오로나민C"",""user_rank"":4416,""user_stage"":200}"
"stage_reached_200 (App)","W:21_0A:20_0","20","{""Time"":""2025-11-22 10:28:45"",""UserUUID"":""11978b90-b8ae-11f0-aaff-1fc7a8c06cc2"",""attendance_count"":20,""b.diamond"":299723,""b.ruby"":0,""boxAllCount"":16230,""curserver"":1,""install_day"":""2025-11-03"",""total_payment_amount"":7700,""user_name"":""록록이"",""user_rank"":4428,""user_stage"":200}"
"stage_reached_200 (App)","W:20_0A:19_0","15","{""Time"":""2025-11-22 09:04:02"",""UserUUID"":""6b1d52e0-b196-11f0-acfc-15c9a69650b5"",""attendance_count"":15,""b.diamond"":105579,""b.ruby"":0,""boxAllCount"":1320,""curserver"":1,""install_day"":""2025-10-25"",""total_payment_amount"":7700,""user_name"":""힐픽이"",""user_rank"":4646,""user_stage"":200}"
"stage_reached_200 (App)","W:20_0A:19_0","14","{""Time"":""2025-11-22 05:43:36"",""UserUUID"":""57ff7630-6672-11f0-ba90-31fb5fd677bf"",""attendance_count"":14,""b.diamond"":285803,""b.ruby"":0,""boxAllCount"":8060,""curserver"":1,""install_day"":""2025-07-21"",""total_payment_amount"":7700,""user_name"":""이대론후달리오"",""user_rank"":4445,""user_stage"":200}"
"stage_reached_200 (App)","W:23_0A:20_0","2","{""Time"":""2025-11-22 04:36:52"",""UserUUID"":""d758ab80-c6b8-11f0-a0a6-b71890c73213"",""attendance_count"":2,""b.diamond"":226282,""b.ruby"":990,""boxAllCount"":4740,""curserver"":1,""install_day"":""2025-11-21"",""total_payment_amount"":227700,""user_name"":""별이된시아"",""user_rank"":4668,""user_stage"":200}"
"stage_reached_200 (App)","W:20_0A:19_0","7","{""Time"":""2025-11-22 01:30:44"",""UserUUID"":""9e5a3890-c2d9-11f0-8172-3f6838132d74"",""attendance_count"":7,""b.diamond"":344442,""b.ruby"":0,""boxAllCount"":2450,""curserver"":1,""install_day"":""2025-11-16"",""total_payment_amount"":7700,""user_name"":""튜뷰"",""user_rank"":4424,""user_stage"":200}"
"stage_reached_200 (App)","W:23_0A:18_0","2","{""Time"":""2025-11-22 00:59:28"",""UserUUID"":""ddc1c0e0-c6dd-11f0-ae57-f19a6766e5fe"",""attendance_count"":2,""b.diamond"":75675,""b.ruby"":12870,""boxAllCount"":1810,""curserver"":1,""install_day"":""2025-11-21"",""total_payment_amount"":370700,""user_name"":""큰정씨"",""user_rank"":5224,""user_stage"":200}"
"stage_reached_200 (App)","W:20_0A:19_0","9","{""Time"":""2025-11-22 00:52:24"",""UserUUID"":""7d7b37d0-c15a-11f0-b709-2fb46b193ceb"",""attendance_count"":9,""b.diamond"":21873,""b.ruby"":0,""boxAllCount"":510,""curserver"":1,""install_day"":""2025-11-14"",""total_payment_amount"":7700,""user_name"":""예천월"",""user_rank"":4409,""user_stage"":200}"
"stage_reached_200 (App)","W:20_0A:19_0","7","{""Time"":""2025-11-22 00:15:32"",""UserUUID"":""fef33e20-c0ab-11f0-8e64-11f349662564"",""attendance_count"":7,""b.diamond"":158728,""b.ruby"":0,""boxAllCount"":1190,""curserver"":1,""install_day"":""2025-11-13"",""total_payment_amount"":7700,""user_name"":""Drager"",""user_rank"":4482,""user_stage"":200}"
"stage_reached_200 (App)","W:20_0A:19_0","6","{""Time"":""2025-11-21 21:41:47"",""UserUUID"":""3f873640-c2f4-11f0-8f18-23910608c295"",""attendance_count"":6,""b.diamond"":127453,""b.ruby"":0,""boxAllCount"":2510,""curserver"":1,""install_day"":""2025-11-16"",""total_payment_amount"":7700,""user_name"":""지냄"",""user_rank"":4409,""user_stage"":200}"
"stage_reached_200 (App)","W:20_0A:19_0","7","{""Time"":""2025-11-21 21:26:32"",""UserUUID"":""767975f0-c227-11f0-8a91-efe8055e79d6"",""attendance_count"":7,""b.diamond"":7832,""b.ruby"":0,""boxAllCount"":1370,""curserver"":1,""install_day"":""2025-11-15"",""total_payment_amount"":18700,""user_name"":""정빈"",""user_rank"":4451,""user_stage"":200}"
"stage_reached_200 (App)","W:20_0A:17_0","3","{""Time"":""2025-11-21 16:49:26"",""UserUUID"":""e8270920-c49c-11f0-9f0d-b9e858aa8392"",""attendance_count"":3,""b.diamond"":133961,""b.ruby"":0,""boxAllCount"":6020,""curserver"":1,""install_day"":""2025-11-18"",""total_payment_amount"":91300,""user_name"":""나는야마이노"",""user_rank"":4510,""user_stage"":200}"
"stage_reached_200 (App)","W:20_0A:21_0","7","{""Time"":""2025-11-21 15:54:46"",""UserUUID"":""e098d680-c1cb-11f0-a4ac-ef8081969052"",""attendance_count"":7,""b.diamond"":39078,""b.ruby"":110,""boxAllCount"":7900,""curserver"":1,""install_day"":""2025-11-15"",""total_payment_amount"":51700,""user_name"":""여경찡"",""user_rank"":4401,""user_stage"":200}"
"stage_reached_200 (App)","W:21_0A:20_0","33","{""Time"":""2025-11-21 13:03:10"",""UserUUID"":""fb4cbd60-adbd-11f0-87ed-4595f5c61f7c"",""attendance_count"":33,""b.diamond"":1097580,""b.ruby"":0,""boxAllCount"":6510,""curserver"":1,""install_day"":""2025-10-20"",""total_payment_amount"":0,""user_name"":""파랑E"",""user_rank"":4397,""user_stage"":200}"
"stage_reached_200 (App)","W:20_0A:19_0","6","{""Time"":""2025-11-21 09:18:32"",""UserUUID"":""c8664970-c2f8-11f0-9d04-6f36fad21b1c"",""attendance_count"":6,""b.diamond"":48437,""b.ruby"":1760,""boxAllCount"":3500,""curserver"":1,""install_day"":""2025-11-16"",""total_payment_amount"":36300,""user_name"":""신베포"",""user_rank"":4398,""user_stage"":200}"
"stage_reached_200 (App)","W:20_0A:19_0","7","{""Time"":""2025-11-21 08:34:06"",""UserUUID"":""9d3c6dd0-c16b-11f0-bd48-c56fb819b331"",""attendance_count"":7,""b.diamond"":11662,""b.ruby"":0,""boxAllCount"":2400,""curserver"":1,""install_day"":""2025-11-14"",""total_payment_amount"":7700,""user_name"":""이프크루"",""user_rank"":4394,""user_stage"":200}"
"stage_reached_200 (App)","W:22_0A:19_0","7","{""Time"":""2025-11-21 08:28:57"",""UserUUID"":""c7288ea0-c20e-11f0-ace7-b18438283cc8"",""attendance_count"":7,""b.diamond"":538855,""b.ruby"":0,""boxAllCount"":840,""curserver"":1,""install_day"":""2025-11-15"",""total_payment_amount"":7700,""user_name"":""칡콩"",""user_rank"":4598,""user_stage"":200}"
"stage_reached_200 (App)","W:19_0A:19_0","6","{""Time"":""2025-11-21 06:49:05"",""UserUUID"":""9d5d5ae0-c23d-11f0-8173-09cb60cbebe3"",""attendance_count"":6,""b.diamond"":24745,""b.ruby"":0,""boxAllCount"":3270,""curserver"":1,""install_day"":""2025-11-15"",""total_payment_amount"":7700,""user_name"":""수정동대갓집"",""user_rank"":4398,""user_stage"":200}"
"stage_reached_200 (App)","W:20_0A:19_0","8","{""Time"":""2025-11-21 06:48:50"",""UserUUID"":""ff732dd0-c0fe-11f0-b4df-07c8693dcdf4"",""attendance_count"":8,""b.diamond"":784249,""b.ruby"":0,""boxAllCount"":1350,""curserver"":1,""install_day"":""2025-11-14"",""total_payment_amount"":7700,""user_name"":""mandu"",""user_rank"":4438,""user_stage"":200}"
"stage_reached_200 (App)","W:22_0A:22_0","5","{""Time"":""2025-11-21 05:38:23"",""UserUUID"":""59ef05d0-c367-11f0-a553-397e3588d004"",""attendance_count"":5,""b.diamond"":13242,""b.ruby"":0,""boxAllCount"":6000,""curserver"":1,""install_day"":""2025-11-17"",""total_payment_amount"":7700,""user_name"":""GODOL"",""user_rank"":4751,""user_stage"":200}"
"stage_reached_200 (App)","W:20_0A:19_0","12","{""Time"":""2025-11-21 05:15:44"",""UserUUID"":""b84829d0-bd91-11f0-b823-e9d3381fd873"",""attendance_count"":12,""b.diamond"":119874,""b.ruby"":0,""boxAllCount"":1710,""curserver"":1,""install_day"":""2025-11-09"",""total_payment_amount"":0,""user_name"":""개깡"",""user_rank"":4449,""user_stage"":200}"
"stage_reached_200 (App)","W:21_0A:19_0","6","{""Time"":""2025-11-21 02:10:31"",""UserUUID"":""f8cbecc0-c233-11f0-931c-abf33fef9740"",""attendance_count"":6,""b.diamond"":51249,""b.ruby"":0,""boxAllCount"":1280,""curserver"":1,""install_day"":""2025-11-15"",""total_payment_amount"":7700,""user_name"":""띵동2"",""user_rank"":4426,""user_stage"":200}"
"stage_reached_200 (App)","W:22_0A:19_0","4","{""Time"":""2025-11-21 01:44:32"",""UserUUID"":""6a5afd80-c3cf-11f0-bf18-79d651a5a152"",""attendance_count"":4,""b.diamond"":5472,""b.ruby"":0,""boxAllCount"":4500,""curserver"":1,""install_day"":""2025-11-17"",""total_payment_amount"":11000,""user_name"":""도이도헌아빠"",""user_rank"":4701,""user_stage"":200}"
"stage_reached_200 (App)","W:20_0A:19_0","7","{""Time"":""2025-11-21 01:13:03"",""UserUUID"":""1e7bf6f0-c1d9-11f0-a4ac-ef8081969052"",""attendance_count"":7,""b.diamond"":109719,""b.ruby"":0,""boxAllCount"":1040,""curserver"":1,""install_day"":""2025-11-15"",""total_payment_amount"":7700,""user_name"":""말차"",""user_rank"":4418,""user_stage"":200}"
"stage_reached_200 (App)","W:23_0A:20_0","4","{""Time"":""2025-11-21 00:34:20"",""UserUUID"":""455a0430-c3cb-11f0-9207-c9c68cae7dc6"",""attendance_count"":4,""b.diamond"":120083,""b.ruby"":0,""boxAllCount"":6240,""curserver"":1,""install_day"":""2025-11-17"",""total_payment_amount"":7700,""user_name"":""착칸아이"",""user_rank"":4405,""user_stage"":200}"
"stage_reached_200 (App)","W:20_0A:19_0","8","{""Time"":""2025-11-21 00:10:36"",""UserUUID"":""c17490c0-c0de-11f0-92bc-9b110df4047d"",""attendance_count"":8,""b.diamond"":27090,""b.ruby"":0,""boxAllCount"":1700,""curserver"":1,""install_day"":""2025-11-13"",""total_payment_amount"":7700,""user_name"":""현뭉이"",""user_rank"":4384,""user_stage"":200}"
"stage_reached_200 (App)","W:20_0A:20_0","14","{""Time"":""2025-11-20 23:09:53"",""UserUUID"":""bc9f6eb0-ba5f-11f0-a851-69c0bd983142"",""attendance_count"":14,""b.diamond"":400781,""b.ruby"":1320,""boxAllCount"":8000,""curserver"":1,""install_day"":""2025-11-05"",""total_payment_amount"":40700,""user_name"":""빛과비와공기"",""user_rank"":4384,""user_stage"":200}"
"stage_reached_200 (App)","W:22_0A:22_0","1","{""Time"":""2025-11-20 22:16:53"",""UserUUID"":""5eda9a30-c5c1-11f0-a914-f703f87de748"",""attendance_count"":1,""b.diamond"":541803,""b.ruby"":550,""boxAllCount"":4110,""curserver"":1,""install_day"":""2025-11-20"",""total_payment_amount"":227700,""user_name"":""치킨오버라이스"",""user_rank"":4388,""user_stage"":200}"
"stage_reached_200 (App)","W:19_0A:17_0","3","{""Time"":""2025-11-20 20:54:14"",""UserUUID"":""b7d47190-c401-11f0-bd8e-d97da5e47a41"",""attendance_count"":3,""b.diamond"":2368704,""b.ruby"":4180,""boxAllCount"":1340,""curserver"":1,""install_day"":""2025-11-17"",""total_payment_amount"":295900,""user_name"":""아진이"",""user_rank"":4400,""user_stage"":200}"
"stage_reached_200 (App)","W:22_0A:20_0","6","{""Time"":""2025-11-20 18:40:19"",""UserUUID"":""be95e020-c1b5-11f0-8dd8-03aa820c3a8e"",""attendance_count"":6,""b.diamond"":51792,""b.ruby"":110,""boxAllCount"":7180,""curserver"":1,""install_day"":""2025-11-14"",""total_payment_amount"":18700,""user_name"":""쭈니파즈"",""user_rank"":4554,""user_stage"":200}"
"stage_reached_200 (App)","W:22_0A:19_0","6","{""Time"":""2025-11-20 18:33:52"",""UserUUID"":""7b4f24e0-c1ae-11f0-a28d-f9f64a82a17c"",""attendance_count"":6,""b.diamond"":11104,""b.ruby"":0,""boxAllCount"":1070,""curserver"":1,""install_day"":""2025-11-14"",""total_payment_amount"":7700,""user_name"":""dt112"",""user_rank"":4737,""user_stage"":200}"
"stage_reached_200 (App)","W:21_0A:20_0","20","{""Time"":""2025-11-20 18:06:44"",""UserUUID"":""178aa200-9ec6-11f0-a719-73b4cd18736d"",""attendance_count"":20,""b.diamond"":396310,""b.ruby"":0,""boxAllCount"":7980,""curserver"":1,""install_day"":""2025-10-01"",""total_payment_amount"":7700,""user_name"":""졔걀량"",""user_rank"":4522,""user_stage"":200}"
"stage_reached_200 (App)","W:22_0A:19_0","6","{""Time"":""2025-11-20 15:11:14"",""UserUUID"":""eeae7930-c1d2-11f0-8cbf-ff3f222cfd8a"",""attendance_count"":6,""b.diamond"":10590,""b.ruby"":0,""boxAllCount"":2490,""curserver"":1,""install_day"":""2025-11-15"",""total_payment_amount"":29700,""user_name"":""우팡이"",""user_rank"":4409,""user_stage"":200}"
"stage_reached_200 (App)","W:20_0A:19_0","6","{""Time"":""2025-11-20 12:10:27"",""UserUUID"":""f39c81f0-c1e4-11f0-b580-ff49775b3ade"",""attendance_count"":6,""b.diamond"":27484,""b.ruby"":0,""boxAllCount"":2540,""curserver"":1,""install_day"":""2025-11-15"",""total_payment_amount"":7700,""user_name"":""접촉왕도킹"",""user_rank"":4412,""user_stage"":200}"
"stage_reached_200 (App)","W:20_0A:19_0","8","{""Time"":""2025-11-20 11:55:21"",""UserUUID"":""0d981830-c055-11f0-a866-8f619d271fa1"",""attendance_count"":8,""b.diamond"":46362,""b.ruby"":0,""boxAllCount"":1610,""curserver"":1,""install_day"":""2025-11-13"",""total_payment_amount"":7700,""user_name"":""냐뇽"",""user_rank"":4475,""user_stage"":200}"
"stage_reached_200 (App)","W:21_0A:19_0","10","{""Time"":""2025-11-20 10:44:29"",""UserUUID"":""690501e0-bed6-11f0-ac3e-f9f4f28a1ce3"",""attendance_count"":10,""b.diamond"":4206,""b.ruby"":0,""boxAllCount"":4010,""curserver"":1,""install_day"":""2025-11-11"",""total_payment_amount"":47300,""user_name"":""Attack"",""user_rank"":4474,""user_stage"":200}"
"stage_reached_200 (App)","W:20_0A:19_0","7","{""Time"":""2025-11-20 09:29:14"",""UserUUID"":""c7da6310-c109-11f0-9580-c5f29fb61127"",""attendance_count"":7,""b.diamond"":171985,""b.ruby"":0,""boxAllCount"":2530,""curserver"":1,""install_day"":""2025-11-14"",""total_payment_amount"":25300,""user_name"":""후두둑"",""user_rank"":4516,""user_stage"":200}"
"stage_reached_200 (App)","W:19_0A:19_0","6","{""Time"":""2025-11-20 08:02:23"",""UserUUID"":""7ad181b0-c1b4-11f0-b0cb-b9a5950dd4b2"",""attendance_count"":6,""b.diamond"":165435,""b.ruby"":0,""boxAllCount"":1460,""curserver"":1,""install_day"":""2025-11-14"",""total_payment_amount"":7700,""user_name"":""이찬희"",""user_rank"":4417,""user_stage"":200}"
"stage_reached_200 (App)","W:21_0A:22_0","14","{""Time"":""2025-11-20 07:09:58"",""UserUUID"":""27e383e0-6c0a-11f0-b3a4-bdd7aa4d5379"",""attendance_count"":14,""b.diamond"":112647,""b.ruby"":0,""boxAllCount"":6450,""curserver"":1,""install_day"":""2025-07-28"",""total_payment_amount"":7700,""user_name"":""지존박봉식"",""user_rank"":4405,""user_stage"":200}"
"stage_reached_200 (App)","W:22_0A:20_0","3","{""Time"":""2025-11-20 06:47:31"",""UserUUID"":""7f484e10-c478-11f0-8dce-d58e3e0d47b5"",""attendance_count"":3,""b.diamond"":3651,""b.ruby"":0,""boxAllCount"":6030,""curserver"":1,""install_day"":""2025-11-18"",""total_payment_amount"":62700,""user_name"":""장우"",""user_rank"":4499,""user_stage"":200}"
"stage_reached_200 (App)","W:22_0A:23_0","3","{""Time"":""2025-11-20 00:46:36"",""UserUUID"":""54632500-c48a-11f0-8dac-3d9dc776b249"",""attendance_count"":3,""b.diamond"":34731,""b.ruby"":660,""boxAllCount"":2540,""curserver"":1,""install_day"":""2025-11-18"",""total_payment_amount"":70400,""user_name"":""바요"",""user_rank"":4496,""user_stage"":200}"
"stage_reached_200 (App)","W:20_0A:22_0","8","{""Time"":""2025-11-20 00:27:46"",""UserUUID"":""9c576c10-c05a-11f0-81ad-21a35e1c12b7"",""attendance_count"":8,""b.diamond"":38942,""b.ruby"":0,""boxAllCount"":1390,""curserver"":1,""install_day"":""2025-11-13"",""total_payment_amount"":14300,""user_name"":""철인짱가"",""user_rank"":4404,""user_stage"":200}"
"stage_reached_200 (App)","W:22_0A:19_0","3","{""Time"":""2025-11-19 22:50:52"",""UserUUID"":""176d97f0-c3c4-11f0-bda5-bb2afac69470"",""attendance_count"":3,""b.diamond"":520462,""b.ruby"":2860,""boxAllCount"":6130,""curserver"":1,""install_day"":""2025-11-17"",""total_payment_amount"":204600,""user_name"":""연아랑"",""user_rank"":4538,""user_stage"":200}"
"stage_reached_200 (App)","W:20_0A:19_0","8","{""Time"":""2025-11-19 21:45:59"",""UserUUID"":""75422650-bf25-11f0-9dda-336ec08f3a22"",""attendance_count"":8,""b.diamond"":160331,""b.ruby"":0,""boxAllCount"":1350,""curserver"":1,""install_day"":""2025-11-11"",""total_payment_amount"":7700,""user_name"":""윤겸"",""user_rank"":4402,""user_stage"":200}"
"stage_reached_200 (App)","W:20_0A:19_0","9","{""Time"":""2025-11-19 21:36:14"",""UserUUID"":""7dcbffd0-befd-11f0-b9a9-cf67df362175"",""attendance_count"":9,""b.diamond"":126959,""b.ruby"":1980,""boxAllCount"":1410,""curserver"":1,""install_day"":""2025-11-11"",""total_payment_amount"":117700,""user_name"":""소림"",""user_rank"":4402,""user_stage"":200}"
"stage_reached_200 (App)","W:22_0A:19_0","7","{""Time"":""2025-11-19 20:34:26"",""UserUUID"":""65312fe0-be0d-11f0-91b5-6f96a21c392c"",""attendance_count"":7,""b.diamond"":76310,""b.ruby"":0,""boxAllCount"":930,""curserver"":1,""install_day"":""2025-11-10"",""total_payment_amount"":7700,""user_name"":""pba"",""user_rank"":4372,""user_stage"":200}"
"stage_reached_200 (App)","W:21_0A:19_0","5","{""Time"":""2025-11-19 19:49:51"",""UserUUID"":""1041b970-c1cb-11f0-88d5-295ad8961215"",""attendance_count"":5,""b.diamond"":12369,""b.ruby"":0,""boxAllCount"":2610,""curserver"":1,""install_day"":""2025-11-15"",""total_payment_amount"":40700,""user_name"":""물소리"",""user_rank"":4437,""user_stage"":200}"
"stage_reached_200 (App)","W:20_0A:19_0","11","{""Time"":""2025-11-19 19:04:38"",""UserUUID"":""fbe65380-bd4e-11f0-ab03-b78766583128"",""attendance_count"":11,""b.diamond"":45056,""b.ruby"":0,""boxAllCount"":2460,""curserver"":1,""install_day"":""2025-11-09"",""total_payment_amount"":0,""user_name"":""골드버드"",""user_rank"":4393,""user_stage"":200}"
"stage_reached_200 (App)","W:20_0A:19_0","11","{""Time"":""2025-11-19 18:54:27"",""UserUUID"":""3bb4d8d0-bc62-11f0-81aa-0bbb73120b19"",""attendance_count"":11,""b.diamond"":189671,""b.ruby"":0,""boxAllCount"":1440,""curserver"":1,""install_day"":""2025-11-08"",""total_payment_amount"":0,""user_name"":""mrkim"",""user_rank"":4382,""user_stage"":200}"
"stage_reached_200 (App)","W:20_0A:19_0","11","{""Time"":""2025-11-19 18:15:07"",""UserUUID"":""a79c8ae0-bd46-11f0-b2b5-bf87631ec4db"",""attendance_count"":11,""b.diamond"":15064,""b.ruby"":0,""boxAllCount"":1880,""curserver"":1,""install_day"":""2025-11-09"",""total_payment_amount"":0,""user_name"":""블마띵"",""user_rank"":4369,""user_stage"":200}"
"stage_reached_200 (App)","W:20_0A:19_0","9","{""Time"":""2025-11-19 08:50:38"",""UserUUID"":""6ad437b0-be96-11f0-ac3e-f9f4f28a1ce3"",""attendance_count"":9,""b.diamond"":75435,""b.ruby"":0,""boxAllCount"":4270,""curserver"":1,""install_day"":""2025-11-11"",""total_payment_amount"":7700,""user_name"":""비베"",""user_rank"":4415,""user_stage"":200}"
"stage_reached_200 (App)","W:21_0A:20_0","15","{""Time"":""2025-11-19 03:10:14"",""UserUUID"":""0c3fa120-b280-11f0-9007-f1e99d9b9b65"",""attendance_count"":15,""b.diamond"":5992,""b.ruby"":0,""boxAllCount"":8250,""curserver"":1,""install_day"":""2025-10-26"",""total_payment_amount"":7700,""user_name"":""술술"",""user_rank"":4354,""user_stage"":200}"
"stage_reached_200 (App)","W:22_0A:21_0","14","{""Time"":""2025-11-19 02:52:41"",""UserUUID"":""3c2b7330-b200-11f0-89a9-7f11eff0f044"",""attendance_count"":14,""b.diamond"":22110,""b.ruby"":0,""boxAllCount"":12640,""curserver"":1,""install_day"":""2025-10-26"",""total_payment_amount"":7700,""user_name"":""깅깅자"",""user_rank"":4410,""user_stage"":200}"
"stage_reached_200 (App)","W:23_0A:19_0","14","{""Time"":""2025-11-19 02:39:50"",""UserUUID"":""f3c3b5d0-ba8d-11f0-978e-6fe1d83719ea"",""attendance_count"":14,""b.diamond"":95249,""b.ruby"":0,""boxAllCount"":4420,""curserver"":1,""install_day"":""2025-11-05"",""total_payment_amount"":0,""user_name"":""말보로레드"",""user_rank"":4521,""user_stage"":200}"
"stage_reached_200 (App)","W:20_0A:19_0","6","{""Time"":""2025-11-19 00:17:10"",""UserUUID"":""349241d0-c0fb-11f0-adf4-0d9f4e53fc2b"",""attendance_count"":6,""b.diamond"":74045,""b.ruby"":0,""boxAllCount"":2430,""curserver"":1,""install_day"":""2025-11-14"",""total_payment_amount"":8800,""user_name"":""imastar"",""user_rank"":4389,""user_stage"":200}"
"stage_reached_200 (App)","W:20_0A:19_0","8","{""Time"":""2025-11-18 23:35:31"",""UserUUID"":""7c1bec70-be19-11f0-8b2b-4d96063b15b2"",""attendance_count"":8,""b.diamond"":16705,""b.ruby"":0,""boxAllCount"":1010,""curserver"":1,""install_day"":""2025-11-10"",""total_payment_amount"":7700,""user_name"":""대왕김춘식"",""user_rank"":4376,""user_stage"":200}"
"stage_reached_200 (App)","W:20_0A:19_0","7","{""Time"":""2025-11-18 23:21:43"",""UserUUID"":""b6eda250-bf93-11f0-a61d-17d7f9443750"",""attendance_count"":7,""b.diamond"":32212,""b.ruby"":0,""boxAllCount"":1440,""curserver"":1,""install_day"":""2025-11-12"",""total_payment_amount"":7700,""user_name"":""날씨요정"",""user_rank"":4350,""user_stage"":200}"
"stage_reached_200 (App)","W:20_0A:19_0","9","{""Time"":""2025-11-18 23:08:43"",""UserUUID"":""f0d25b80-bcac-11f0-9eb9-09033acf6c60"",""attendance_count"":9,""b.diamond"":56610,""b.ruby"":0,""boxAllCount"":3090,""curserver"":1,""install_day"":""2025-11-08"",""total_payment_amount"":0,""user_name"":""소싱"",""user_rank"":4348,""user_stage"":200}"
"stage_reached_200 (App)","W:19_0A:19_0","6","{""Time"":""2025-11-18 22:49:50"",""UserUUID"":""f8fc0cf0-c050-11f0-8720-c50f9af43ccc"",""attendance_count"":6,""b.diamond"":126334,""b.ruby"":0,""boxAllCount"":1590,""curserver"":1,""install_day"":""2025-11-13"",""total_payment_amount"":7700,""user_name"":""코노키오"",""user_rank"":4353,""user_stage"":200}"
"stage_reached_200 (App)","W:22_0A:19_0","5","{""Time"":""2025-11-18 21:29:41"",""UserUUID"":""7ab08080-c0d5-11f0-a4fc-adc50b9e49e3"",""attendance_count"":5,""b.diamond"":36468,""b.ruby"":0,""boxAllCount"":2690,""curserver"":1,""install_day"":""2025-11-13"",""total_payment_amount"":7700,""user_name"":""새담"",""user_rank"":4421,""user_stage"":200}"
"stage_reached_200 (App)","W:21_0A:19_0","8","{""Time"":""2025-11-18 18:21:55"",""UserUUID"":""52657cc0-be96-11f0-90fa-73d662b6190e"",""attendance_count"":8,""b.diamond"":525144,""b.ruby"":0,""boxAllCount"":3060,""curserver"":1,""install_day"":""2025-11-11"",""total_payment_amount"":7700,""user_name"":""비씨"",""user_rank"":4363,""user_stage"":200}"
"stage_reached_200 (App)","W:21_0A:20_0","9","{""Time"":""2025-11-18 17:20:26"",""UserUUID"":""6320fb80-bd73-11f0-ab03-b78766583128"",""attendance_count"":9,""b.diamond"":257237,""b.ruby"":0,""boxAllCount"":6020,""curserver"":1,""install_day"":""2025-11-09"",""total_payment_amount"":11000,""user_name"":""stfd"",""user_rank"":4417,""user_stage"":200}"
"stage_reached_200 (App)","W:20_0A:20_0","9","{""Time"":""2025-11-18 15:48:51"",""UserUUID"":""d793c2f0-afb2-11f0-b752-6971be802c20"",""attendance_count"":9,""b.diamond"":227549,""b.ruby"":0,""boxAllCount"":3290,""curserver"":1,""install_day"":""2025-10-23"",""total_payment_amount"":7700,""user_name"":""진룬칸델"",""user_rank"":4345,""user_stage"":200}"
"stage_reached_200 (App)","W:20_0A:19_0","9","{""Time"":""2025-11-18 15:23:53"",""UserUUID"":""bd519a70-bdfe-11f0-b27c-b13c35ad2128"",""attendance_count"":9,""b.diamond"":299304,""b.ruby"":0,""boxAllCount"":2640,""curserver"":1,""install_day"":""2025-11-10"",""total_payment_amount"":14300,""user_name"":""샤론크"",""user_rank"":4349,""user_stage"":200}"
"stage_reached_200 (App)","W:21_0A:19_0","8","{""Time"":""2025-11-18 15:11:52"",""UserUUID"":""d2b787b0-befa-11f0-a89b-ed491dcc4e7c"",""attendance_count"":8,""b.diamond"":8912,""b.ruby"":0,""boxAllCount"":4870,""curserver"":1,""install_day"":""2025-11-11"",""total_payment_amount"":7700,""user_name"":""sole"",""user_rank"":4343,""user_stage"":200}"
"stage_reached_200 (App)","W:20_0A:19_0","7","{""Time"":""2025-11-18 13:36:15"",""UserUUID"":""571f7b20-bf82-11f0-8232-771c6318a7e1"",""attendance_count"":7,""b.diamond"":181931,""b.ruby"":0,""boxAllCount"":3630,""curserver"":1,""install_day"":""2025-11-12"",""total_payment_amount"":7700,""user_name"":""덜렁"",""user_rank"":4343,""user_stage"":200}"
"stage_reached_200 (App)","W:23_0A:20_0","8","{""Time"":""2025-11-18 11:03:04"",""UserUUID"":""9cee1370-bebd-11f0-b077-d5ebad1456c3"",""attendance_count"":8,""b.diamond"":19443,""b.ruby"":0,""boxAllCount"":7300,""curserver"":1,""install_day"":""2025-11-11"",""total_payment_amount"":18700,""user_name"":""우졸"",""user_rank"":4342,""user_stage"":200}"
"stage_reached_200 (App)","W:23_0A:20_0","5","{""Time"":""2025-11-18 03:55:38"",""UserUUID"":""653be900-c0a4-11f0-a910-530d1b5d3d47"",""attendance_count"":5,""b.diamond"":32651,""b.ruby"":0,""boxAllCount"":9700,""curserver"":1,""install_day"":""2025-11-13"",""total_payment_amount"":7700,""user_name"":""세세"",""user_rank"":4344,""user_stage"":200}"
"stage_reached_200 (App)","W:19_0A:19_0","5","{""Time"":""2025-11-18 03:11:13"",""UserUUID"":""0c4f1670-c0a2-11f0-90d7-c3e862d46a7b"",""attendance_count"":5,""b.diamond"":106941,""b.ruby"":0,""boxAllCount"":1470,""curserver"":1,""install_day"":""2025-11-13"",""total_payment_amount"":7700,""user_name"":""shibuya"",""user_rank"":4412,""user_stage"":200}"
"stage_reached_200 (App)","W:23_0A:21_0","8","{""Time"":""2025-11-18 00:58:10"",""UserUUID"":""f7d7d4a0-be55-11f0-8c6f-51d966810e71"",""attendance_count"":8,""b.diamond"":182462,""b.ruby"":0,""boxAllCount"":6700,""curserver"":1,""install_day"":""2025-11-10"",""total_payment_amount"":7700,""user_name"":""별빛하엘"",""user_rank"":4367,""user_stage"":200}"
"stage_reached_200 (App)","W:20_0A:19_0","10","{""Time"":""2025-11-18 00:55:33"",""UserUUID"":""6791dfe0-bcd3-11f0-9adc-c9ed02b4ce9c"",""attendance_count"":10,""b.diamond"":192271,""b.ruby"":220,""boxAllCount"":2560,""curserver"":1,""install_day"":""2025-11-08"",""total_payment_amount"":18700,""user_name"":""관동별곡"",""user_rank"":4476,""user_stage"":200}"
"stage_reached_200 (App)","W:19_0A:19_0","6","{""Time"":""2025-11-18 00:34:43"",""UserUUID"":""4666be20-c03a-11f0-9cab-f1a7df3b6cda"",""attendance_count"":6,""b.diamond"":8908,""b.ruby"":0,""boxAllCount"":1500,""curserver"":1,""install_day"":""2025-11-13"",""total_payment_amount"":7700,""user_name"":""아디다스"",""user_rank"":4333,""user_stage"":200}"
"stage_reached_200 (App)","W:20_0A:20_0","35","{""Time"":""2025-11-17 23:44:18"",""UserUUID"":""3dbc9840-6e59-11f0-9583-e13b9b28a72b"",""attendance_count"":35,""b.diamond"":19976,""b.ruby"":0,""boxAllCount"":6740,""curserver"":1,""install_day"":""2025-07-31"",""total_payment_amount"":0,""user_name"":""백남준"",""user_rank"":4330,""user_stage"":200}"
"stage_reached_200 (App)","W:17_0A:19_0","5","{""Time"":""2025-11-17 23:43:27"",""UserUUID"":""43fc40e0-c005-11f0-aa89-8d74427220a0"",""attendance_count"":5,""b.diamond"":36054,""b.ruby"":0,""boxAllCount"":1700,""curserver"":1,""install_day"":""2025-11-12"",""total_payment_amount"":7700,""user_name"":""배댕"",""user_rank"":4331,""user_stage"":200}"
"stage_reached_200 (App)","W:23_0A:20_0","2","{""Time"":""2025-11-17 23:30:17"",""UserUUID"":""92a30940-c217-11f0-bcad-05a15535ae29"",""attendance_count"":2,""b.diamond"":4956,""b.ruby"":0,""boxAllCount"":6150,""curserver"":1,""install_day"":""2025-11-15"",""total_payment_amount"":95700,""user_name"":""알랑방구"",""user_rank"":4368,""user_stage"":200}"
"stage_reached_200 (App)","W:20_0A:19_0","7","{""Time"":""2025-11-17 22:28:50"",""UserUUID"":""545a4110-bf08-11f0-b720-872744bc58c0"",""attendance_count"":7,""b.diamond"":4926,""b.ruby"":330,""boxAllCount"":3240,""curserver"":1,""install_day"":""2025-11-11"",""total_payment_amount"":11000,""user_name"":""주파리기지원"",""user_rank"":4335,""user_stage"":200}"
"stage_reached_200 (App)","W:18_0A:17_0","4","{""Time"":""2025-11-17 21:49:49"",""UserUUID"":""86aef1e0-c0ae-11f0-acef-396a67ee6723"",""attendance_count"":4,""b.diamond"":18585,""b.ruby"":0,""boxAllCount"":1130,""curserver"":1,""install_day"":""2025-11-13"",""total_payment_amount"":40700,""user_name"":""수상전신"",""user_rank"":4388,""user_stage"":200}"
"stage_reached_200 (App)","W:21_0A:20_0","9","{""Time"":""2025-11-17 21:23:30"",""UserUUID"":""c48285d0-bd35-11f0-ab03-b78766583128"",""attendance_count"":9,""b.diamond"":134078,""b.ruby"":1320,""boxAllCount"":7540,""curserver"":1,""install_day"":""2025-11-09"",""total_payment_amount"":40700,""user_name"":""본어겐"",""user_rank"":4326,""user_stage"":200}"
"stage_reached_200 (App)","W:20_0A:19_0","10","{""Time"":""2025-11-17 21:14:12"",""UserUUID"":""d4cef370-bc30-11f0-81aa-0bbb73120b19"",""attendance_count"":10,""b.diamond"":1318599,""b.ruby"":0,""boxAllCount"":2100,""curserver"":1,""install_day"":""2025-11-07"",""total_payment_amount"":52800,""user_name"":""청림"",""user_rank"":4347,""user_stage"":200}"
"stage_reached_200 (App)","W:20_0A:19_0","10","{""Time"":""2025-11-17 20:38:01"",""UserUUID"":""110e5080-bca2-11f0-a95c-056219d7af15"",""attendance_count"":10,""b.diamond"":772041,""b.ruby"":0,""boxAllCount"":2460,""curserver"":1,""install_day"":""2025-11-08"",""total_payment_amount"":7700,""user_name"":""나굴2g"",""user_rank"":4325,""user_stage"":200}"
"stage_reached_200 (App)","W:20_0A:20_0","6","{""Time"":""2025-11-17 20:29:26"",""UserUUID"":""56927d90-bfa7-11f0-b012-05fc899438fb"",""attendance_count"":6,""b.diamond"":168732,""b.ruby"":0,""boxAllCount"":1760,""curserver"":1,""install_day"":""2025-11-12"",""total_payment_amount"":7700,""user_name"":""취검객"",""user_rank"":4363,""user_stage"":200}"
"stage_reached_200 (App)","W:21_0A:20_0","44","{""Time"":""2025-11-17 16:51:50"",""UserUUID"":""668b3fc0-e5c3-11ef-a495-05f7741a8e2d"",""attendance_count"":44,""b.diamond"":455477,""b.ruby"":0,""boxAllCount"":7560,""curserver"":0,""install_day"":""2025-02-08"",""total_payment_amount"":0,""user_name"":""희망꺼지게생겼어"",""user_rank"":373,""user_stage"":200}"
"stage_reached_200 (App)","W:21_0A:19_0","4","{""Time"":""2025-11-17 15:35:06"",""UserUUID"":""2da0fd90-c0be-11f0-8808-339d0e8e40a6"",""attendance_count"":4,""b.diamond"":6099,""b.ruby"":0,""boxAllCount"":4760,""curserver"":1,""install_day"":""2025-11-13"",""total_payment_amount"":47300,""user_name"":""파덕"",""user_rank"":4433,""user_stage"":200}"
"stage_reached_200 (App)","W:22_0A:23_0","6","{""Time"":""2025-11-17 14:32:33"",""UserUUID"":""688f3360-bf8b-11f0-8232-771c6318a7e1"",""attendance_count"":6,""b.diamond"":170010,""b.ruby"":0,""boxAllCount"":3900,""curserver"":1,""install_day"":""2025-11-12"",""total_payment_amount"":7700,""user_name"":""호두우유"",""user_rank"":4365,""user_stage"":200}"
"stage_reached_200 (App)","W:23_0A:19_0","5","{""Time"":""2025-11-17 14:26:58"",""UserUUID"":""45264b00-bede-11f0-86e5-8d9d3c548e5e"",""attendance_count"":5,""b.diamond"":88427,""b.ruby"":0,""boxAllCount"":4190,""curserver"":1,""install_day"":""2025-11-11"",""total_payment_amount"":0,""user_name"":""꽃화보"",""user_rank"":4391,""user_stage"":200}"
"stage_reached_200 (App)","W:22_0A:19_0","11","{""Time"":""2025-11-17 12:42:22"",""UserUUID"":""3eddfb20-6403-11f0-a3ab-515b7dbdbb4f"",""attendance_count"":11,""b.diamond"":54797,""b.ruby"":330,""boxAllCount"":2780,""curserver"":1,""install_day"":""2025-07-18"",""total_payment_amount"":39600,""user_name"":""말부기"",""user_rank"":4334,""user_stage"":200}"
"stage_reached_200 (App)","W:20_0A:19_0","7","{""Time"":""2025-11-17 12:12:21"",""UserUUID"":""e9e63180-be4a-11f0-99d1-5353603ebe53"",""attendance_count"":7,""b.diamond"":108907,""b.ruby"":0,""boxAllCount"":1010,""curserver"":1,""install_day"":""2025-11-10"",""total_payment_amount"":7700,""user_name"":""한국초저온"",""user_rank"":4417,""user_stage"":200}"
"stage_reached_200 (App)","W:20_0A:19_0","8","{""Time"":""2025-11-17 11:13:59"",""UserUUID"":""e946e4a0-643f-11f0-832b-c7e877b24350"",""attendance_count"":8,""b.diamond"":41356,""b.ruby"":0,""boxAllCount"":3660,""curserver"":1,""install_day"":""2025-07-19"",""total_payment_amount"":0,""user_name"":""쀼쀼"",""user_rank"":4390,""user_stage"":200}"
"stage_reached_200 (App)","W:22_0A:20_0","8","{""Time"":""2025-11-17 10:11:30"",""UserUUID"":""0313d7a0-bdf3-11f0-ad9e-f7739863577c"",""attendance_count"":8,""b.diamond"":2174,""b.ruby"":0,""boxAllCount"":2630,""curserver"":1,""install_day"":""2025-11-10"",""total_payment_amount"":7700,""user_name"":""방긋곰"",""user_rank"":4389,""user_stage"":200}"
"stage_reached_200 (App)","W:20_0A:20_0","7","{""Time"":""2025-11-17 09:29:14"",""UserUUID"":""beb26840-bed5-11f0-8f05-b3d9bb53276c"",""attendance_count"":7,""b.diamond"":6668,""b.ruby"":0,""boxAllCount"":6010,""curserver"":1,""install_day"":""2025-11-11"",""total_payment_amount"":7700,""user_name"":""레오아빠"",""user_rank"":4345,""user_stage"":200}"
"stage_reached_200 (App)","W:20_0A:19_0","7","{""Time"":""2025-11-17 09:19:13"",""UserUUID"":""57d262c0-bf06-11f0-b9a9-cf67df362175"",""attendance_count"":7,""b.diamond"":15378,""b.ruby"":0,""boxAllCount"":3120,""curserver"":1,""install_day"":""2025-11-11"",""total_payment_amount"":18700,""user_name"":""순천"",""user_rank"":4314,""user_stage"":200}"
"stage_reached_200 (App)","W:21_0A:19_0","11","{""Time"":""2025-11-17 08:42:33"",""UserUUID"":""d89c7dd0-bb8e-11f0-a4ff-7310cd145dad"",""attendance_count"":11,""b.diamond"":108524,""b.ruby"":550,""boxAllCount"":690,""curserver"":1,""install_day"":""2025-11-07"",""total_payment_amount"":33000,""user_name"":""BBACK"",""user_rank"":4332,""user_stage"":200}"
"stage_reached_200 (App)","W:20_0A:19_0","10","{""Time"":""2025-11-17 08:00:21"",""UserUUID"":""30526ae0-bc3d-11f0-b718-3f6f358d62a1"",""attendance_count"":10,""b.diamond"":463606,""b.ruby"":0,""boxAllCount"":3360,""curserver"":1,""install_day"":""2025-11-08"",""total_payment_amount"":7700,""user_name"":""livercro"",""user_rank"":4314,""user_stage"":200}"
"stage_reached_200 (App)","W:20_0A:21_0","5","{""Time"":""2025-11-17 06:54:40"",""UserUUID"":""4e9ae2e0-bfd8-11f0-9fd0-ffa36ef1d1da"",""attendance_count"":5,""b.diamond"":300385,""b.ruby"":440,""boxAllCount"":6320,""curserver"":1,""install_day"":""2025-11-12"",""total_payment_amount"":117700,""user_name"":""소오스"",""user_rank"":4329,""user_stage"":200}"
"stage_reached_200 (App)","W:22_0A:21_0","8","{""Time"":""2025-11-17 04:38:01"",""UserUUID"":""4d611a30-bdf2-11f0-b2db-cd2c6ef2f4b8"",""attendance_count"":8,""b.diamond"":16529,""b.ruby"":330,""boxAllCount"":2120,""curserver"":1,""install_day"":""2025-11-10"",""total_payment_amount"":11000,""user_name"":""퇴계"",""user_rank"":4386,""user_stage"":200}"
"stage_reached_200 (App)","W:24_0A:17_0","3","{""Time"":""2025-11-17 02:07:26"",""UserUUID"":""06533850-c21e-11f0-bcad-05a15535ae29"",""attendance_count"":3,""b.diamond"":4167,""b.ruby"":110,""boxAllCount"":2180,""curserver"":1,""install_day"":""2025-11-15"",""total_payment_amount"":216700,""user_name"":""앙금빵"",""user_rank"":4326,""user_stage"":200}"
"stage_reached_200 (App)","W:20_0A:19_0","9","{""Time"":""2025-11-17 01:15:30"",""UserUUID"":""06f307b0-bd71-11f0-88cd-a1008ff90b7d"",""attendance_count"":9,""b.diamond"":83712,""b.ruby"":0,""boxAllCount"":1020,""curserver"":1,""install_day"":""2025-11-09"",""total_payment_amount"":0,""user_name"":""090406"",""user_rank"":4437,""user_stage"":200}"
"stage_reached_200 (App)","W:23_0A:19_0","22","{""Time"":""2025-11-16 18:12:11"",""UserUUID"":""99086f90-b0ed-11f0-a0ee-f3691a1b0205"",""attendance_count"":22,""b.diamond"":600910,""b.ruby"":0,""boxAllCount"":1860,""curserver"":1,""install_day"":""2025-10-24"",""total_payment_amount"":0,""user_name"":""민제"",""user_rank"":4363,""user_stage"":200}"
"stage_reached_200 (App)","W:20_0A:19_0","13","{""Time"":""2025-11-16 17:33:55"",""UserUUID"":""e63fd510-b984-11f0-8fdc-d7ea558eb3ed"",""attendance_count"":13,""b.diamond"":62397,""b.ruby"":0,""boxAllCount"":3110,""curserver"":1,""install_day"":""2025-11-04"",""total_payment_amount"":0,""user_name"":""장담몬"",""user_rank"":4377,""user_stage"":200}"
"stage_reached_200 (App)","W:21_0A:19_0","9","{""Time"":""2025-11-16 15:05:57"",""UserUUID"":""f73b78f0-bbb5-11f0-aad9-3f8c92edf230"",""attendance_count"":9,""b.diamond"":90315,""b.ruby"":0,""boxAllCount"":1720,""curserver"":1,""install_day"":""2025-11-07"",""total_payment_amount"":14300,""user_name"":""준준돌"",""user_rank"":4304,""user_stage"":200}"
"stage_reached_200 (App)","W:21_0A:19_0","21","{""Time"":""2025-11-16 14:03:16"",""UserUUID"":""ba642f20-b224-11f0-aa93-bd13ec0c1c90"",""attendance_count"":21,""b.diamond"":740870,""b.ruby"":0,""boxAllCount"":4410,""curserver"":1,""install_day"":""2025-10-26"",""total_payment_amount"":0,""user_name"":""파스텔라인"",""user_rank"":4332,""user_stage"":200}"
"stage_reached_200 (App)","W:20_0A:19_0","7","{""Time"":""2025-11-16 10:35:56"",""UserUUID"":""56cc42a0-be30-11f0-a583-ab4c68412f7a"",""attendance_count"":7,""b.diamond"":365470,""b.ruby"":0,""boxAllCount"":2520,""curserver"":1,""install_day"":""2025-11-10"",""total_payment_amount"":7700,""user_name"":""알리야"",""user_rank"":4346,""user_stage"":200}"
"stage_reached_200 (App)","W:22_0A:19_0","9","{""Time"":""2025-11-16 07:28:18"",""UserUUID"":""4aa02600-bbf0-11f0-aeca-799b03651eef"",""attendance_count"":9,""b.diamond"":294974,""b.ruby"":0,""boxAllCount"":5000,""curserver"":1,""install_day"":""2025-11-07"",""total_payment_amount"":0,""user_name"":""순풍산부인과"",""user_rank"":4299,""user_stage"":200}"
"stage_reached_200 (App)","W:20_0A:19_0","16","{""Time"":""2025-11-16 06:43:30"",""UserUUID"":""f1b5fb40-b6fa-11f0-b87c-4b49b586a0c5"",""attendance_count"":16,""b.diamond"":35353,""b.ruby"":0,""boxAllCount"":4180,""curserver"":1,""install_day"":""2025-11-01"",""total_payment_amount"":0,""user_name"":""일소월향"",""user_rank"":4307,""user_stage"":200}"
"stage_reached_200 (App)","W:22_0A:21_0","3","{""Time"":""2025-11-16 02:25:52"",""UserUUID"":""193fd340-c0cc-11f0-bf80-2720fc5f4f6b"",""attendance_count"":3,""b.diamond"":546499,""b.ruby"":110,""boxAllCount"":6090,""curserver"":1,""install_day"":""2025-11-13"",""total_payment_amount"":139700,""user_name"":""세미"",""user_rank"":4495,""user_stage"":200}"
"stage_reached_200 (App)","W:19_0A:19_0","6","{""Time"":""2025-11-16 00:09:39"",""UserUUID"":""be917230-be66-11f0-9474-c136075e57ee"",""attendance_count"":6,""b.diamond"":115711,""b.ruby"":0,""boxAllCount"":1170,""curserver"":1,""install_day"":""2025-11-10"",""total_payment_amount"":7700,""user_name"":""쪼쭈"",""user_rank"":4297,""user_stage"":200}"
"stage_reached_200 (App)","W:21_0A:19_0","2","{""Time"":""2025-11-15 21:20:49"",""UserUUID"":""c4a11590-c0ff-11f0-8d80-c75a37bc3dcb"",""attendance_count"":2,""b.diamond"":163137,""b.ruby"":0,""boxAllCount"":4040,""curserver"":1,""install_day"":""2025-11-14"",""total_payment_amount"":114400,""user_name"":""원주민"",""user_rank"":4457,""user_stage"":200}"
"stage_reached_200 (App)","W:23_0A:20_0","4","{""Time"":""2025-11-15 20:28:04"",""UserUUID"":""9c22edd0-bd55-11f0-8d2e-3534a1b06bd8"",""attendance_count"":4,""b.diamond"":93686,""b.ruby"":2310,""boxAllCount"":6180,""curserver"":1,""install_day"":""2025-11-09"",""total_payment_amount"":84700,""user_name"":""크림파파"",""user_rank"":4609,""user_stage"":200}"
"stage_reached_200 (App)","W:20_0A:19_0","5","{""Time"":""2025-11-15 20:17:14"",""UserUUID"":""fa9034b0-be93-11f0-8ff0-edbd82ed8e4f"",""attendance_count"":5,""b.diamond"":200125,""b.ruby"":0,""boxAllCount"":1940,""curserver"":1,""install_day"":""2025-11-11"",""total_payment_amount"":40700,""user_name"":""러러"",""user_rank"":4300,""user_stage"":200}"
"stage_reached_200 (App)","W:22_0A:18_0","1","{""Time"":""2025-11-15 13:56:48"",""UserUUID"":""af16eed0-c1c1-11f0-a1ae-85163c5166a7"",""attendance_count"":1,""b.diamond"":1567306,""b.ruby"":440,""boxAllCount"":2440,""curserver"":1,""install_day"":""2025-11-15"",""total_payment_amount"":227700,""user_name"":""라인하르"",""user_rank"":4422,""user_stage"":200}"
"stage_reached_200 (App)","W:22_0A:19_0","5","{""Time"":""2025-11-15 13:30:27"",""UserUUID"":""cc0af2f0-bed0-11f0-b4fb-1b3ceacaeff6"",""attendance_count"":5,""b.diamond"":10251,""b.ruby"":0,""boxAllCount"":1640,""curserver"":1,""install_day"":""2025-11-11"",""total_payment_amount"":7700,""user_name"":""치핵제거"",""user_rank"":4290,""user_stage"":200}"
"stage_reached_200 (App)","W:20_0A:20_0","10","{""Time"":""2025-11-15 12:08:17"",""UserUUID"":""caa65e90-bb1a-11f0-8bfe-c3b689bfe199"",""attendance_count"":10,""b.diamond"":25093,""b.ruby"":0,""boxAllCount"":4340,""curserver"":1,""install_day"":""2025-11-06"",""total_payment_amount"":0,""user_name"":""무등산호랑이"",""user_rank"":4286,""user_stage"":200}"
"stage_reached_200 (App)","W:20_0A:19_0","13","{""Time"":""2025-11-15 12:07:15"",""UserUUID"":""8b288270-b8b3-11f0-83d9-056f1c17d318"",""attendance_count"":13,""b.diamond"":30829,""b.ruby"":0,""boxAllCount"":3030,""curserver"":1,""install_day"":""2025-11-03"",""total_payment_amount"":0,""user_name"":""추풍낙엽"",""user_rank"":4286,""user_stage"":200}"
"stage_reached_200 (App)","W:20_0A:19_0","9","{""Time"":""2025-11-15 11:28:15"",""UserUUID"":""2b473aa0-bbd2-11f0-aaab-5d7593790234"",""attendance_count"":9,""b.diamond"":98375,""b.ruby"":0,""boxAllCount"":2580,""curserver"":1,""install_day"":""2025-11-07"",""total_payment_amount"":9900,""user_name"":""망각의왕"",""user_rank"":4286,""user_stage"":200}"
"stage_reached_200 (App)","W:22_0A:19_0","8","{""Time"":""2025-11-15 11:03:37"",""UserUUID"":""663b94f0-bca2-11f0-926a-0308b6dc2abf"",""attendance_count"":8,""b.diamond"":84692,""b.ruby"":0,""boxAllCount"":2590,""curserver"":1,""install_day"":""2025-11-08"",""total_payment_amount"":0,""user_name"":""korboss"",""user_rank"":4286,""user_stage"":200}"
"stage_reached_200 (App)","W:21_0A:19_0","9","{""Time"":""2025-11-15 10:08:20"",""UserUUID"":""e70231f0-bbb9-11f0-a9fc-afdab97c4ad2"",""attendance_count"":9,""b.diamond"":426804,""b.ruby"":0,""boxAllCount"":5350,""curserver"":1,""install_day"":""2025-11-07"",""total_payment_amount"":7700,""user_name"":""깜장귀신"",""user_rank"":4300,""user_stage"":200}"
"stage_reached_200 (App)","W:20_0A:19_0","8","{""Time"":""2025-11-15 10:00:08"",""UserUUID"":""1ae7bbd0-b795-11f0-8acc-a113c81b9baa"",""attendance_count"":8,""b.diamond"":3935,""b.ruby"":0,""boxAllCount"":1940,""curserver"":1,""install_day"":""2025-11-02"",""total_payment_amount"":7700,""user_name"":""ggjaja"",""user_rank"":4354,""user_stage"":200}"
"stage_reached_200 (App)","W:20_0A:19_0","9","{""Time"":""2025-11-15 08:44:42"",""UserUUID"":""e87bb280-b79b-11f0-bc39-f9d73816753d"",""attendance_count"":9,""b.diamond"":2743,""b.ruby"":0,""boxAllCount"":2060,""curserver"":1,""install_day"":""2025-11-02"",""total_payment_amount"":0,""user_name"":""민간인호소인"",""user_rank"":4338,""user_stage"":200}"
"stage_reached_200 (App)","W:22_0A:21_0","12","{""Time"":""2025-11-15 08:25:25"",""UserUUID"":""4ee05480-b87e-11f0-b076-6198a702ee95"",""attendance_count"":12,""b.diamond"":77269,""b.ruby"":0,""boxAllCount"":7170,""curserver"":1,""install_day"":""2025-11-03"",""total_payment_amount"":7700,""user_name"":""T1gayria"",""user_rank"":4286,""user_stage"":200}"
"stage_reached_200 (App)","W:20_0A:19_0","10","{""Time"":""2025-11-15 08:06:48"",""UserUUID"":""88967670-7b69-11f0-a8cb-57ecaf09bb65"",""attendance_count"":10,""b.diamond"":292048,""b.ruby"":0,""boxAllCount"":1020,""curserver"":1,""install_day"":""2025-08-17"",""total_payment_amount"":11000,""user_name"":""신무형"",""user_rank"":4388,""user_stage"":200}"
"stage_reached_200 (App)","W:22_0A:19_0","6","{""Time"":""2025-11-15 06:44:53"",""UserUUID"":""44d46180-bdcd-11f0-b2db-cd2c6ef2f4b8"",""attendance_count"":6,""b.diamond"":169420,""b.ruby"":0,""boxAllCount"":3710,""curserver"":1,""install_day"":""2025-11-10"",""total_payment_amount"":40700,""user_name"":""역사부도"",""user_rank"":4295,""user_stage"":200}"
"stage_reached_200 (App)","W:22_0A:21_0","6","{""Time"":""2025-11-15 04:25:55"",""UserUUID"":""c47256f0-bdea-11f0-914a-6134d907336e"",""attendance_count"":6,""b.diamond"":127812,""b.ruby"":0,""boxAllCount"":2900,""curserver"":1,""install_day"":""2025-11-10"",""total_payment_amount"":7700,""user_name"":""안냐셈"",""user_rank"":4294,""user_stage"":200}"
"stage_reached_200 (App)","W:21_0A:19_0","25","{""Time"":""2025-11-15 02:43:29"",""UserUUID"":""9dc98990-af0a-11f0-9a65-7f407c5d6722"",""attendance_count"":25,""b.diamond"":438905,""b.ruby"":0,""boxAllCount"":2490,""curserver"":1,""install_day"":""2025-10-22"",""total_payment_amount"":0,""user_name"":""K고양이"",""user_rank"":4276,""user_stage"":200}"
"stage_reached_200 (App)","W:23_0A:23_0","3","{""Time"":""2025-11-15 01:13:17"",""UserUUID"":""b63de630-c097-11f0-8d44-173ad4cc030b"",""attendance_count"":3,""b.diamond"":12022,""b.ruby"":440,""boxAllCount"":1770,""curserver"":1,""install_day"":""2025-11-13"",""total_payment_amount"":90200,""user_name"":""고동"",""user_rank"":4387,""user_stage"":200}"
"stage_reached_200 (App)","W:20_0A:19_0","9","{""Time"":""2025-11-15 01:04:29"",""UserUUID"":""40fdbb90-bb9f-11f0-939b-2d736e3ae37d"",""attendance_count"":9,""b.diamond"":84749,""b.ruby"":0,""boxAllCount"":5640,""curserver"":1,""install_day"":""2025-11-07"",""total_payment_amount"":0,""user_name"":""아회"",""user_rank"":4322,""user_stage"":200}"
"stage_reached_200 (App)","W:20_0A:19_0","9","{""Time"":""2025-11-14 23:29:57"",""UserUUID"":""bb5438c0-ba59-11f0-8484-c3384a4e85b8"",""attendance_count"":9,""b.diamond"":83254,""b.ruby"":0,""boxAllCount"":3780,""curserver"":1,""install_day"":""2025-11-05"",""total_payment_amount"":7700,""user_name"":""난누구인가"",""user_rank"":4414,""user_stage"":200}"
"stage_reached_200 (App)","W:19_0A:19_0","5","{""Time"":""2025-11-14 23:06:21"",""UserUUID"":""90e1b910-be18-11f0-b27c-b13c35ad2128"",""attendance_count"":5,""b.diamond"":216413,""b.ruby"":0,""boxAllCount"":1730,""curserver"":1,""install_day"":""2025-11-10"",""total_payment_amount"":59400,""user_name"":""프리랜서"",""user_rank"":4331,""user_stage"":200}"
"stage_reached_200 (App)","W:20_0A:20_0","7","{""Time"":""2025-11-14 22:33:19"",""UserUUID"":""854de8c0-bc70-11f0-bd7b-dd44bb8ca458"",""attendance_count"":7,""b.diamond"":10655,""b.ruby"":0,""boxAllCount"":6990,""curserver"":1,""install_day"":""2025-11-08"",""total_payment_amount"":7700,""user_name"":""이루카스"",""user_rank"":4270,""user_stage"":200}"
"stage_reached_200 (App)","W:22_0A:20_0","10","{""Time"":""2025-11-14 22:03:22"",""UserUUID"":""29bce6b0-ba49-11f0-a500-bf00a91eaf0e"",""attendance_count"":10,""b.diamond"":507240,""b.ruby"":0,""boxAllCount"":8510,""curserver"":1,""install_day"":""2025-11-05"",""total_payment_amount"":7700,""user_name"":""국치피"",""user_rank"":4272,""user_stage"":200}"
"stage_reached_200 (App)","W:23_0A:23_0","3","{""Time"":""2025-11-14 21:43:24"",""UserUUID"":""19d094c0-bf0f-11f0-a010-11b38019010f"",""attendance_count"":3,""b.diamond"":218956,""b.ruby"":0,""boxAllCount"":2600,""curserver"":1,""install_day"":""2025-11-11"",""total_payment_amount"":40700,""user_name"":""밤티라미수맛"",""user_rank"":369,""user_stage"":200}"
"stage_reached_200 (App)","W:20_0A:19_0","7","{""Time"":""2025-11-14 19:18:33"",""UserUUID"":""b9430480-bbe4-11f0-bfaf-b1d75cc0e724"",""attendance_count"":7,""b.diamond"":113917,""b.ruby"":0,""boxAllCount"":1310,""curserver"":1,""install_day"":""2025-11-07"",""total_payment_amount"":7700,""user_name"":""아흥행흥행"",""user_rank"":4260,""user_stage"":200}"
"stage_reached_200 (App)","W:19_0A:19_0","6","{""Time"":""2025-11-14 18:22:23"",""UserUUID"":""e91f4110-bd23-11f0-921c-8340dbb80f71"",""attendance_count"":6,""b.diamond"":405534,""b.ruby"":0,""boxAllCount"":1410,""curserver"":1,""install_day"":""2025-11-09"",""total_payment_amount"":7700,""user_name"":""흰토끼"",""user_rank"":4317,""user_stage"":200}"
"stage_reached_200 (App)","W:20_0A:19_0","5","{""Time"":""2025-11-14 13:42:56"",""UserUUID"":""63fef610-bd8c-11f0-aa35-ab1456076047"",""attendance_count"":5,""b.diamond"":7368,""b.ruby"":0,""boxAllCount"":1790,""curserver"":1,""install_day"":""2025-11-09"",""total_payment_amount"":27500,""user_name"":""킹순신"",""user_rank"":4284,""user_stage"":200}"
"stage_reached_200 (App)","W:22_0A:20_0","11","{""Time"":""2025-11-14 13:17:58"",""UserUUID"":""f9381c60-b97d-11f0-ab8d-25482f402e19"",""attendance_count"":11,""b.diamond"":86588,""b.ruby"":0,""boxAllCount"":6220,""curserver"":1,""install_day"":""2025-11-04"",""total_payment_amount"":7700,""user_name"":""레지붕"",""user_rank"":4367,""user_stage"":200}"
"stage_reached_200 (App)","W:23_0A:16_0","2","{""Time"":""2025-11-14 12:03:06"",""UserUUID"":""e91bb430-c07c-11f0-b301-9d07e65412a6"",""attendance_count"":2,""b.diamond"":265305,""b.ruby"":1100,""boxAllCount"":1520,""curserver"":1,""install_day"":""2025-11-13"",""total_payment_amount"":95700,""user_name"":""세가온"",""user_rank"":4336,""user_stage"":200}"
"stage_reached_200 (App)","W:19_0A:22_0","7","{""Time"":""2025-11-14 10:58:02"",""UserUUID"":""3f923e40-bc5b-11f0-b357-1bba43bb7d07"",""attendance_count"":7,""b.diamond"":8250,""b.ruby"":0,""boxAllCount"":2740,""curserver"":1,""install_day"":""2025-11-08"",""total_payment_amount"":0,""user_name"":""대작"",""user_rank"":4293,""user_stage"":200}"
"stage_reached_200 (App)","W:21_0A:20_0","9","{""Time"":""2025-11-14 09:50:37"",""UserUUID"":""713c7950-bb03-11f0-b9d7-83d4c4533f82"",""attendance_count"":9,""b.diamond"":67898,""b.ruby"":0,""boxAllCount"":6750,""curserver"":1,""install_day"":""2025-11-06"",""total_payment_amount"":7700,""user_name"":""IMME"",""user_rank"":4278,""user_stage"":200}"
"stage_reached_200 (App)","W:22_0A:21_0","31","{""Time"":""2025-11-14 08:46:41"",""UserUUID"":""999ee0f0-b149-11ef-aedc-33a238222e02"",""attendance_count"":31,""b.diamond"":129323,""b.ruby"":0,""boxAllCount"":8320,""curserver"":0,""install_day"":""2024-12-03"",""total_payment_amount"":0,""user_name"":""염세주의자"",""user_rank"":366,""user_stage"":200}"
"stage_reached_200 (App)","W:23_0A:23_0","4","{""Time"":""2025-11-14 07:16:59"",""UserUUID"":""cd0ded90-bedc-11f0-b502-3317e8f7b9c5"",""attendance_count"":4,""b.diamond"":197206,""b.ruby"":990,""boxAllCount"":4590,""curserver"":1,""install_day"":""2025-11-11"",""total_payment_amount"":110000,""user_name"":""문최고"",""user_rank"":4334,""user_stage"":200}"
"stage_reached_200 (App)","W:20_0A:21_0","10","{""Time"":""2025-11-14 06:18:14"",""UserUUID"":""5aa74950-ba53-11f0-9136-d160ce9b2bc3"",""attendance_count"":10,""b.diamond"":87549,""b.ruby"":0,""boxAllCount"":5120,""curserver"":1,""install_day"":""2025-11-05"",""total_payment_amount"":0,""user_name"":""Stefano"",""user_rank"":4333,""user_stage"":200}"
"stage_reached_200 (App)","W:21_0A:19_0","9","{""Time"":""2025-11-14 04:25:25"",""UserUUID"":""01fcc450-b68a-11f0-9bc4-f1ec91b9d500"",""attendance_count"":9,""b.diamond"":45621,""b.ruby"":0,""boxAllCount"":1380,""curserver"":1,""install_day"":""2025-10-31"",""total_payment_amount"":7700,""user_name"":""탐라국"",""user_rank"":4496,""user_stage"":200}"
"stage_reached_200 (App)","W:20_0A:19_0","7","{""Time"":""2025-11-14 03:34:48"",""UserUUID"":""42d6d690-bc8a-11f0-a19f-17d56a4875f0"",""attendance_count"":7,""b.diamond"":112845,""b.ruby"":110,""boxAllCount"":1400,""curserver"":1,""install_day"":""2025-11-08"",""total_payment_amount"":14300,""user_name"":""윰스"",""user_rank"":4428,""user_stage"":200}"
"stage_reached_200 (App)","W:21_0A:19_0","26","{""Time"":""2025-11-14 02:06:57"",""UserUUID"":""90448b10-ab06-11f0-8a5d-5fa60b653a75"",""attendance_count"":26,""b.diamond"":505113,""b.ruby"":0,""boxAllCount"":4870,""curserver"":1,""install_day"":""2025-10-17"",""total_payment_amount"":7700,""user_name"":""오록"",""user_rank"":4276,""user_stage"":200}"
"stage_reached_200 (App)","W:23_0A:19_0","2","{""Time"":""2025-11-14 01:59:55"",""UserUUID"":""8e75a080-bfd8-11f0-a7c0-b581c2dbeed7"",""attendance_count"":2,""b.diamond"":112692,""b.ruby"":110,""boxAllCount"":5380,""curserver"":1,""install_day"":""2025-11-12"",""total_payment_amount"":88000,""user_name"":""홍둥이"",""user_rank"":4673,""user_stage"":200}"
"stage_reached_200 (App)","W:19_0A:19_0","6","{""Time"":""2025-11-14 00:30:46"",""UserUUID"":""705c82f0-bd5b-11f0-b196-f3211a4010b8"",""attendance_count"":6,""b.diamond"":119326,""b.ruby"":0,""boxAllCount"":1290,""curserver"":1,""install_day"":""2025-11-09"",""total_payment_amount"":7700,""user_name"":""사극"",""user_rank"":4293,""user_stage"":200}"
"stage_reached_200 (App)","W:20_0A:19_0","14","{""Time"":""2025-11-14 00:18:42"",""UserUUID"":""8d6874a0-b674-11f0-896c-87c849c8485b"",""attendance_count"":14,""b.diamond"":1366160,""b.ruby"":0,""boxAllCount"":2550,""curserver"":1,""install_day"":""2025-10-31"",""total_payment_amount"":7700,""user_name"":""크랜베리"",""user_rank"":4262,""user_stage"":200}"
"stage_reached_200 (App)","W:23_0A:19_0","7","{""Time"":""2025-11-13 22:39:19"",""UserUUID"":""55a193a0-6d02-11f0-b0d7-0b3415ac89fb"",""attendance_count"":7,""b.diamond"":27407,""b.ruby"":0,""boxAllCount"":3520,""curserver"":1,""install_day"":""2025-07-30"",""total_payment_amount"":25300,""user_name"":""샹그리아"",""user_rank"":4507,""user_stage"":200}"
"stage_reached_200 (App)","W:20_0A:20_0","5","{""Time"":""2025-11-13 22:29:26"",""UserUUID"":""c66921a0-bbec-11f0-934b-df51d59e4584"",""attendance_count"":5,""b.diamond"":3644,""b.ruby"":110,""boxAllCount"":2480,""curserver"":1,""install_day"":""2025-11-07"",""total_payment_amount"":94600,""user_name"":""감자깍기"",""user_rank"":4271,""user_stage"":200}"
"stage_reached_200 (App)","W:22_0A:19_0","1","{""Time"":""2025-11-13 21:45:16"",""UserUUID"":""6ba2cad0-c021-11f0-8a5b-5b2bd103f86a"",""attendance_count"":1,""b.diamond"":33665,""b.ruby"":110,""boxAllCount"":8120,""curserver"":1,""install_day"":""2025-11-12"",""total_payment_amount"":172700,""user_name"":""봉식아빠"",""user_rank"":4328,""user_stage"":200}"
"stage_reached_200 (App)","W:20_0A:20_0","12","{""Time"":""2025-11-13 20:42:18"",""UserUUID"":""46fc7220-b7ad-11f0-8acc-a113c81b9baa"",""attendance_count"":12,""b.diamond"":193227,""b.ruby"":0,""boxAllCount"":7750,""curserver"":1,""install_day"":""2025-11-02"",""total_payment_amount"":7700,""user_name"":""일그조아"",""user_rank"":4252,""user_stage"":200}"
"stage_reached_200 (App)","W:17_0A:19_0","1","{""Time"":""2025-11-13 20:34:47"",""UserUUID"":""dd9d94d0-c03f-11f0-b802-29b278820af3"",""attendance_count"":1,""b.diamond"":204747,""b.ruby"":110,""boxAllCount"":1890,""curserver"":1,""install_day"":""2025-11-13"",""total_payment_amount"":202400,""user_name"":""김맘세"",""user_rank"":4325,""user_stage"":200}"
"stage_reached_200 (App)","W:22_0A:22_0","39","{""Time"":""2025-11-13 18:33:35"",""UserUUID"":""e96392d1-a0e4-11f0-8321-1b04e8e6b913"",""attendance_count"":39,""b.diamond"":1526367,""b.ruby"":0,""boxAllCount"":1260,""curserver"":1,""install_day"":""2025-10-04"",""total_payment_amount"":0,""user_name"":""쿠이"",""user_rank"":4350,""user_stage"":200}"
"stage_reached_200 (App)","W:21_0A:23_0","17","{""Time"":""2025-11-13 17:16:14"",""UserUUID"":""55c569b0-ad08-11f0-971d-e18563a2382c"",""attendance_count"":17,""b.diamond"":63986,""b.ruby"":0,""boxAllCount"":2790,""curserver"":1,""install_day"":""2025-10-19"",""total_payment_amount"":7700,""user_name"":""딸셋까망"",""user_rank"":4249,""user_stage"":200}"
"stage_reached_200 (App)","W:20_0A:19_0","26","{""Time"":""2025-11-13 09:24:51"",""UserUUID"":""b37b7720-a8b7-11f0-b7c6-8bb6833ccb09"",""attendance_count"":26,""b.diamond"":2908263,""b.ruby"":880,""boxAllCount"":4170,""curserver"":1,""install_day"":""2025-10-14"",""total_payment_amount"":40700,""user_name"":""튼실스피드"",""user_rank"":4244,""user_stage"":200}"
"stage_reached_200 (App)","W:20_0A:20_0","11","{""Time"":""2025-11-13 09:20:11"",""UserUUID"":""f03b15c0-b894-11f0-b27a-631becb336e4"",""attendance_count"":11,""b.diamond"":417698,""b.ruby"":0,""boxAllCount"":6600,""curserver"":1,""install_day"":""2025-11-03"",""total_payment_amount"":7700,""user_name"":""모래시계"",""user_rank"":4262,""user_stage"":200}"
"stage_reached_200 (App)","W:22_0A:23_0","4","{""Time"":""2025-11-13 08:57:39"",""UserUUID"":""ee603350-bd0a-11f0-8184-db0830adc1e5"",""attendance_count"":4,""b.diamond"":252064,""b.ruby"":0,""boxAllCount"":6050,""curserver"":1,""install_day"":""2025-11-09"",""total_payment_amount"":75900,""user_name"":""잊다람쥐"",""user_rank"":4242,""user_stage"":200}"
"stage_reached_200 (App)","W:21_0A:23_0","15","{""Time"":""2025-11-13 08:47:24"",""UserUUID"":""33e46430-b38a-11f0-88a5-f9b929619bcb"",""attendance_count"":15,""b.diamond"":126965,""b.ruby"":0,""boxAllCount"":3400,""curserver"":1,""install_day"":""2025-10-27"",""total_payment_amount"":14300,""user_name"":""인슐"",""user_rank"":4291,""user_stage"":200}"
"stage_reached_200 (App)","W:22_0A:19_0","37","{""Time"":""2025-11-13 07:56:48"",""UserUUID"":""e5e57980-a35e-11f0-9a03-cb3d5978f1c1"",""attendance_count"":37,""b.diamond"":547915,""b.ruby"":0,""boxAllCount"":6180,""curserver"":1,""install_day"":""2025-10-07"",""total_payment_amount"":0,""user_name"":""lIIIl"",""user_rank"":4241,""user_stage"":200}"
"stage_reached_200 (App)","W:19_0A:19_0","6","{""Time"":""2025-11-13 07:32:38"",""UserUUID"":""07fc1a50-bc60-11f0-a1c8-c7d79b0c22d9"",""attendance_count"":6,""b.diamond"":39949,""b.ruby"":0,""boxAllCount"":2690,""curserver"":1,""install_day"":""2025-11-08"",""total_payment_amount"":40700,""user_name"":""무적8단변신"",""user_rank"":4290,""user_stage"":200}"
"stage_reached_200 (App)","W:22_0A:19_0","5","{""Time"":""2025-11-13 07:07:05"",""UserUUID"":""68eea690-bd1c-11f0-92bc-fbaee944af6a"",""attendance_count"":5,""b.diamond"":57852,""b.ruby"":0,""boxAllCount"":3860,""curserver"":1,""install_day"":""2025-11-09"",""total_payment_amount"":14300,""user_name"":""창림이족옥"",""user_rank"":4476,""user_stage"":200}"
"stage_reached_200 (App)","W:20_0A:22_0","11","{""Time"":""2025-11-13 05:05:32"",""UserUUID"":""c0c165e0-b8a5-11f0-9d18-fdd6c5236ba2"",""attendance_count"":11,""b.diamond"":173884,""b.ruby"":0,""boxAllCount"":2780,""curserver"":1,""install_day"":""2025-11-03"",""total_payment_amount"":7700,""user_name"":""wertiod"",""user_rank"":4241,""user_stage"":200}"
"stage_reached_200 (App)","W:23_0A:22_0","8","{""Time"":""2025-11-13 01:15:37"",""UserUUID"":""c4978650-ba75-11f0-99ba-3bfb88a8ea0e"",""attendance_count"":8,""b.diamond"":137026,""b.ruby"":330,""boxAllCount"":5300,""curserver"":1,""install_day"":""2025-11-05"",""total_payment_amount"":11000,""user_name"":""뒷동산백곰"",""user_rank"":4458,""user_stage"":200}"
"stage_reached_200 (App)","W:20_0A:19_0","5","{""Time"":""2025-11-13 00:44:01"",""UserUUID"":""cf725dd0-bd44-11f0-921c-8340dbb80f71"",""attendance_count"":5,""b.diamond"":3163,""b.ruby"":0,""boxAllCount"":2660,""curserver"":1,""install_day"":""2025-11-09"",""total_payment_amount"":7700,""user_name"":""수진맘"",""user_rank"":4246,""user_stage"":200}"
"stage_reached_200 (App)","W:20_0A:19_0","11","{""Time"":""2025-11-12 23:47:02"",""UserUUID"":""9c59d860-b7db-11f0-843c-352fbc8a5a45"",""attendance_count"":11,""b.diamond"":105290,""b.ruby"":0,""boxAllCount"":4840,""curserver"":1,""install_day"":""2025-11-02"",""total_payment_amount"":0,""user_name"":""휴직하고싶다"",""user_rank"":4297,""user_stage"":200}"
"stage_reached_200 (App)","W:22_0A:20_0","7","{""Time"":""2025-11-12 22:24:10"",""UserUUID"":""5d327250-baa6-11f0-a8a4-d5f0dc464370"",""attendance_count"":7,""b.diamond"":4401,""b.ruby"":0,""boxAllCount"":6470,""curserver"":1,""install_day"":""2025-11-06"",""total_payment_amount"":0,""user_name"":""bok"",""user_rank"":4244,""user_stage"":200}"
"stage_reached_200 (App)","W:20_0A:19_0","9","{""Time"":""2025-11-12 19:17:11"",""UserUUID"":""a0212730-b968-11f0-85a5-67876c0a05f7"",""attendance_count"":9,""b.diamond"":205056,""b.ruby"":0,""boxAllCount"":1120,""curserver"":1,""install_day"":""2025-11-04"",""total_payment_amount"":7700,""user_name"":""짠순이"",""user_rank"":4273,""user_stage"":200}"
"stage_reached_200 (App)","W:18_0A:19_0","6","{""Time"":""2025-11-12 17:12:01"",""UserUUID"":""0d2b2b20-bbab-11f0-879c-db2b41e44bf9"",""attendance_count"":6,""b.diamond"":122232,""b.ruby"":0,""boxAllCount"":1650,""curserver"":1,""install_day"":""2025-11-07"",""total_payment_amount"":7700,""user_name"":""이방우"",""user_rank"":4332,""user_stage"":200}"
"stage_reached_200 (App)","W:20_0A:19_0","25","{""Time"":""2025-11-12 17:00:40"",""UserUUID"":""91d6e7d0-a97a-11f0-b2eb-1741d8f8091b"",""attendance_count"":25,""b.diamond"":244110,""b.ruby"":0,""boxAllCount"":3810,""curserver"":1,""install_day"":""2025-10-15"",""total_payment_amount"":0,""user_name"":""천연싸이다"",""user_rank"":4238,""user_stage"":200}"
"stage_reached_200 (App)","W:21_0A:20_0","11","{""Time"":""2025-11-12 14:26:46"",""UserUUID"":""19fed0e0-b7e1-11f0-ad47-771e44f5124a"",""attendance_count"":11,""b.diamond"":63491,""b.ruby"":0,""boxAllCount"":6030,""curserver"":1,""install_day"":""2025-11-02"",""total_payment_amount"":0,""user_name"":""가누사"",""user_rank"":4303,""user_stage"":200}"
"stage_reached_200 (App)","W:22_0A:19_0","12","{""Time"":""2025-11-12 14:05:40"",""UserUUID"":""0707cf80-b6df-11f0-8d5a-8559281f19e8"",""attendance_count"":12,""b.diamond"":198870,""b.ruby"":0,""boxAllCount"":1870,""curserver"":1,""install_day"":""2025-11-01"",""total_payment_amount"":0,""user_name"":""미니세또"",""user_rank"":4261,""user_stage"":200}"
"stage_reached_200 (App)","W:23_0A:20_0","23","{""Time"":""2025-11-12 13:53:41"",""UserUUID"":""30834a50-aca4-11f0-9126-05c83ff68025"",""attendance_count"":23,""b.diamond"":145271,""b.ruby"":0,""boxAllCount"":6540,""curserver"":1,""install_day"":""2025-10-19"",""total_payment_amount"":0,""user_name"":""유승유"",""user_rank"":4328,""user_stage"":200}"
"stage_reached_200 (App)","W:22_0A:19_0","9","{""Time"":""2025-11-12 13:35:30"",""UserUUID"":""bd98c6e0-b96f-11f0-a318-6187f5479b8a"",""attendance_count"":9,""b.diamond"":11399,""b.ruby"":0,""boxAllCount"":3240,""curserver"":1,""install_day"":""2025-11-04"",""total_payment_amount"":7700,""user_name"":""이다영"",""user_rank"":4470,""user_stage"":200}"
"stage_reached_200 (App)","W:22_0A:19_0","5","{""Time"":""2025-11-12 13:25:51"",""UserUUID"":""fa1081c0-bc40-11f0-8fd0-3b38925eb9e2"",""attendance_count"":5,""b.diamond"":38986,""b.ruby"":0,""boxAllCount"":4120,""curserver"":1,""install_day"":""2025-11-08"",""total_payment_amount"":7700,""user_name"":""차르"",""user_rank"":4226,""user_stage"":200}"
"stage_reached_200 (App)","W:23_0A:18_0","3","{""Time"":""2025-11-12 12:55:31"",""UserUUID"":""fd076890-bdca-11f0-92bc-fbaee944af6a"",""attendance_count"":3,""b.diamond"":29191,""b.ruby"":0,""boxAllCount"":2390,""curserver"":1,""install_day"":""2025-11-10"",""total_payment_amount"":40700,""user_name"":""재쿤"",""user_rank"":4303,""user_stage"":200}"
"stage_reached_200 (App)","W:22_0A:21_0","2","{""Time"":""2025-11-12 10:49:26"",""UserUUID"":""e301be70-bed1-11f0-bfc1-ef4826a23f20"",""attendance_count"":2,""b.diamond"":216882,""b.ruby"":0,""boxAllCount"":6880,""curserver"":1,""install_day"":""2025-11-11"",""total_payment_amount"":128700,""user_name"":""Sniping"",""user_rank"":4244,""user_stage"":200}"
"stage_reached_200 (App)","W:23_0A:22_0","15","{""Time"":""2025-11-12 10:41:16"",""UserUUID"":""d708e640-a89a-11f0-b6c9-690a6765a14c"",""attendance_count"":15,""b.diamond"":40770,""b.ruby"":0,""boxAllCount"":3380,""curserver"":1,""install_day"":""2025-10-14"",""total_payment_amount"":7700,""user_name"":""기르동이"",""user_rank"":4275,""user_stage"":200}"
"stage_reached_200 (App)","W:20_0A:19_0","11","{""Time"":""2025-11-12 09:28:20"",""UserUUID"":""880ae250-6b91-11f0-ade8-c73a2a775495"",""attendance_count"":11,""b.diamond"":3402,""b.ruby"":0,""boxAllCount"":6130,""curserver"":1,""install_day"":""2025-07-28"",""total_payment_amount"":7700,""user_name"":""신우아빠"",""user_rank"":4223,""user_stage"":200}"
"stage_reached_200 (App)","W:20_0A:21_0","25","{""Time"":""2025-11-12 07:57:38"",""UserUUID"":""3fdedaf0-ac31-11f0-9a69-03b647bedb20"",""attendance_count"":25,""b.diamond"":133354,""b.ruby"":0,""boxAllCount"":6060,""curserver"":1,""install_day"":""2025-10-18"",""total_payment_amount"":0,""user_name"":""이럴우쩌꾸"",""user_rank"":4242,""user_stage"":200}"
"stage_reached_200 (App)","W:22_0A:19_0","8","{""Time"":""2025-11-12 07:41:42"",""UserUUID"":""67a9b6a0-b9ff-11f0-a23f-05e04025e68a"",""attendance_count"":8,""b.diamond"":100402,""b.ruby"":0,""boxAllCount"":4990,""curserver"":1,""install_day"":""2025-11-05"",""total_payment_amount"":7700,""user_name"":""양근혁"",""user_rank"":4256,""user_stage"":200}"
"stage_reached_200 (App)","W:22_0A:19_0","7","{""Time"":""2025-11-12 07:14:56"",""UserUUID"":""8f6ac4a0-baa3-11f0-8691-4575827f29e7"",""attendance_count"":7,""b.diamond"":9278,""b.ruby"":0,""boxAllCount"":2450,""curserver"":1,""install_day"":""2025-11-06"",""total_payment_amount"":13200,""user_name"":""vent"",""user_rank"":4261,""user_stage"":200}"
"stage_reached_200 (App)","W:20_0A:19_0","24","{""Time"":""2025-11-12 06:48:42"",""UserUUID"":""11819640-adb0-11f0-92bd-9dd72cae1700"",""attendance_count"":24,""b.diamond"":3372222,""b.ruby"":0,""boxAllCount"":840,""curserver"":1,""install_day"":""2025-10-20"",""total_payment_amount"":7700,""user_name"":""통닭먹자"",""user_rank"":4222,""user_stage"":200}"
"stage_reached_200 (App)","W:20_0A:19_0","6","{""Time"":""2025-11-12 05:49:25"",""UserUUID"":""5da182c0-bba1-11f0-bf54-67e817d6a5cd"",""attendance_count"":6,""b.diamond"":111043,""b.ruby"":0,""boxAllCount"":2600,""curserver"":1,""install_day"":""2025-11-07"",""total_payment_amount"":7700,""user_name"":""정우짱123"",""user_rank"":4394,""user_stage"":200}"
"stage_reached_200 (App)","W:20_0A:19_0","74","{""Time"":""2025-11-12 00:56:29"",""UserUUID"":""415c9c40-83ab-11f0-88b5-fdc059bcdc02"",""attendance_count"":74,""b.diamond"":5168959,""b.ruby"":0,""boxAllCount"":3600,""curserver"":1,""install_day"":""2025-08-28"",""total_payment_amount"":0,""user_name"":""사호"",""user_rank"":4216,""user_stage"":200}"
"stage_reached_200 (App)","W:20_0A:20_0","8","{""Time"":""2025-11-12 00:40:13"",""UserUUID"":""2a3ec850-b982-11f0-bebc-bb8b65ce30da"",""attendance_count"":8,""b.diamond"":19638,""b.ruby"":0,""boxAllCount"":6080,""curserver"":1,""install_day"":""2025-11-04"",""total_payment_amount"":7700,""user_name"":""SoDan"",""user_rank"":4254,""user_stage"":200}"
"stage_reached_200 (App)","W:21_0A:19_0","7","{""Time"":""2025-11-12 00:18:04"",""UserUUID"":""4d37c9e0-bac9-11f0-9df2-b5ac5e492069"",""attendance_count"":7,""b.diamond"":191006,""b.ruby"":0,""boxAllCount"":1290,""curserver"":1,""install_day"":""2025-11-06"",""total_payment_amount"":7700,""user_name"":""난세에서"",""user_rank"":4253,""user_stage"":200}"
"stage_reached_200 (App)","W:22_0A:22_0","5","{""Time"":""2025-11-11 23:06:27"",""UserUUID"":""684e9120-bbcb-11f0-9875-f5cc81ec311a"",""attendance_count"":5,""b.diamond"":172123,""b.ruby"":0,""boxAllCount"":4680,""curserver"":1,""install_day"":""2025-11-07"",""total_payment_amount"":7700,""user_name"":""백무진"",""user_rank"":4473,""user_stage"":200}"
"stage_reached_200 (App)","W:21_0A:20_0","23","{""Time"":""2025-11-11 22:57:03"",""UserUUID"":""99b12160-b523-11ef-8a4d-5bd22890ef50"",""attendance_count"":23,""b.diamond"":433291,""b.ruby"":0,""boxAllCount"":7270,""curserver"":0,""install_day"":""2024-12-08"",""total_payment_amount"":0,""user_name"":""다새이"",""user_rank"":360,""user_stage"":200}"
"stage_reached_200 (App)","W:20_0A:19_0","4","{""Time"":""2025-11-11 22:12:56"",""UserUUID"":""addbf280-bc4a-11f0-9497-878526916d09"",""attendance_count"":4,""b.diamond"":29635,""b.ruby"":0,""boxAllCount"":1170,""curserver"":1,""install_day"":""2025-11-08"",""total_payment_amount"":7700,""user_name"":""leader"",""user_rank"":4211,""user_stage"":200}"
"stage_reached_200 (App)","W:21_0A:22_0","14","{""Time"":""2025-11-11 22:07:29"",""UserUUID"":""482b7cb1-b251-11f0-b36f-874169332297"",""attendance_count"":14,""b.diamond"":113573,""b.ruby"":0,""boxAllCount"":6040,""curserver"":1,""install_day"":""2025-10-26"",""total_payment_amount"":7700,""user_name"":""진유화"",""user_rank"":4234,""user_stage"":200}"
"stage_reached_200 (App)","W:20_0A:19_0","17","{""Time"":""2025-11-11 21:25:09"",""UserUUID"":""f4a0c230-a76f-11f0-905b-8f1dec2891fc"",""attendance_count"":17,""b.diamond"":384620,""b.ruby"":330,""boxAllCount"":3630,""curserver"":1,""install_day"":""2025-10-12"",""total_payment_amount"":11000,""user_name"":""오현석"",""user_rank"":4209,""user_stage"":200}"
"stage_reached_200 (App)","W:20_0A:19_0","7","{""Time"":""2025-11-11 20:35:06"",""UserUUID"":""242b32d0-ba56-11f0-9e05-c52458cdf599"",""attendance_count"":7,""b.diamond"":35324,""b.ruby"":0,""boxAllCount"":1020,""curserver"":1,""install_day"":""2025-11-05"",""total_payment_amount"":0,""user_name"":""광화"",""user_rank"":4209,""user_stage"":200}"
"stage_reached_200 (App)","W:23_0A:18_0","2","{""Time"":""2025-11-11 18:38:49"",""UserUUID"":""1638d8d0-be2f-11f0-92bc-fbaee944af6a"",""attendance_count"":2,""b.diamond"":166908,""b.ruby"":110,""boxAllCount"":2840,""curserver"":1,""install_day"":""2025-11-10"",""total_payment_amount"":106700,""user_name"":""저런"",""user_rank"":4469,""user_stage"":200}"
"stage_reached_200 (App)","W:21_0A:22_0","10","{""Time"":""2025-11-11 17:03:48"",""UserUUID"":""0b4978f0-b770-11f0-b846-d12d75c68cec"",""attendance_count"":10,""b.diamond"":42974,""b.ruby"":0,""boxAllCount"":2630,""curserver"":1,""install_day"":""2025-11-01"",""total_payment_amount"":7700,""user_name"":""돌게잉"",""user_rank"":4260,""user_stage"":200}"
"stage_reached_200 (App)","W:20_0A:19_0","11","{""Time"":""2025-11-11 16:13:08"",""UserUUID"":""da2de4b0-b6d7-11f0-9b38-dd761aa701fd"",""attendance_count"":11,""b.diamond"":29305,""b.ruby"":0,""boxAllCount"":3750,""curserver"":1,""install_day"":""2025-11-01"",""total_payment_amount"":7700,""user_name"":""쭝이"",""user_rank"":4263,""user_stage"":200}"
"stage_reached_200 (App)","W:20_0A:20_0","7","{""Time"":""2025-11-11 14:39:08"",""UserUUID"":""c794cbf0-ba21-11f0-83d9-f9142a1f583b"",""attendance_count"":7,""b.diamond"":991972,""b.ruby"":0,""boxAllCount"":1100,""curserver"":1,""install_day"":""2025-11-05"",""total_payment_amount"":14300,""user_name"":""toyouto"",""user_rank"":4373,""user_stage"":200}"
"stage_reached_200 (App)","W:23_0A:20_0","1","{""Time"":""2025-11-11 13:46:50"",""UserUUID"":""eb258750-bea2-11f0-ba08-4d31aa62ab6f"",""attendance_count"":1,""b.diamond"":30434,""b.ruby"":110,""boxAllCount"":6740,""curserver"":1,""install_day"":""2025-11-11"",""total_payment_amount"":154000,""user_name"":""황정미니"",""user_rank"":4770,""user_stage"":200}"
"stage_reached_200 (App)","W:21_0A:23_0","11","{""Time"":""2025-11-11 13:13:44"",""UserUUID"":""dcebe4e0-b727-11f0-a693-ad9433b98f9b"",""attendance_count"":11,""b.diamond"":65417,""b.ruby"":0,""boxAllCount"":6000,""curserver"":1,""install_day"":""2025-11-01"",""total_payment_amount"":0,""user_name"":""마컨"",""user_rank"":4212,""user_stage"":200}"
"stage_reached_200 (App)","W:20_0A:19_0","16","{""Time"":""2025-11-11 10:38:36"",""UserUUID"":""810ceb40-623d-11f0-8ed7-4f4ea466921e"",""attendance_count"":16,""b.diamond"":50963,""b.ruby"":0,""boxAllCount"":790,""curserver"":1,""install_day"":""2025-07-16"",""total_payment_amount"":7700,""user_name"":""이빨"",""user_rank"":4336,""user_stage"":200}"
"stage_reached_200 (App)","W:21_0A:21_0","7","{""Time"":""2025-11-11 09:46:40"",""UserUUID"":""6213cdc0-b9f0-11f0-8054-9dac564c9f06"",""attendance_count"":7,""b.diamond"":2679,""b.ruby"":0,""boxAllCount"":1580,""curserver"":1,""install_day"":""2025-11-05"",""total_payment_amount"":7700,""user_name"":""지나가던아제"",""user_rank"":4220,""user_stage"":200}"
"stage_reached_200 (App)","W:22_0A:20_0","6","{""Time"":""2025-11-11 08:53:27"",""UserUUID"":""b95f0c20-bae0-11f0-a1c5-2f16f7630ec6"",""attendance_count"":6,""b.diamond"":4874,""b.ruby"":0,""boxAllCount"":2510,""curserver"":1,""install_day"":""2025-11-06"",""total_payment_amount"":7700,""user_name"":""곰집"",""user_rank"":4198,""user_stage"":200}"
"stage_reached_200 (App)","W:21_0A:19_0","5","{""Time"":""2025-11-11 08:20:41"",""UserUUID"":""9edcd240-bbd7-11f0-91c2-5d4d21aab2f2"",""attendance_count"":5,""b.diamond"":8904,""b.ruby"":0,""boxAllCount"":2690,""curserver"":1,""install_day"":""2025-11-07"",""total_payment_amount"":7700,""user_name"":""moom"",""user_rank"":4199,""user_stage"":200}"
"stage_reached_200 (App)","W:20_0A:19_0","7","{""Time"":""2025-11-11 05:25:50"",""UserUUID"":""eb5c8591-ab09-11f0-9a69-03b647bedb20"",""attendance_count"":7,""b.diamond"":56399,""b.ruby"":0,""boxAllCount"":900,""curserver"":1,""install_day"":""2025-10-17"",""total_payment_amount"":7700,""user_name"":""세연"",""user_rank"":4363,""user_stage"":200}"
"stage_reached_200 (App)","W:23_0A:19_0","15","{""Time"":""2025-11-11 04:32:20"",""UserUUID"":""7ebe0060-afe8-11f0-8caf-0ba47c2801f8"",""attendance_count"":15,""b.diamond"":684066,""b.ruby"":0,""boxAllCount"":4200,""curserver"":1,""install_day"":""2025-10-23"",""total_payment_amount"":29700,""user_name"":""현한"",""user_rank"":4303,""user_stage"":200}"
"stage_reached_200 (App)","W:23_0A:20_0","3","{""Time"":""2025-11-11 03:18:32"",""UserUUID"":""6bf8d090-bce0-11f0-938f-d7998ead0b13"",""attendance_count"":3,""b.diamond"":63333,""b.ruby"":810,""boxAllCount"":3880,""curserver"":1,""install_day"":""2025-11-08"",""total_payment_amount"":168300,""user_name"":""Dugi"",""user_rank"":4342,""user_stage"":200}"
"stage_reached_200 (App)","W:23_0A:19_0","10","{""Time"":""2025-11-11 03:15:06"",""UserUUID"":""a64019a0-af18-11f0-9281-53bf219d1a2a"",""attendance_count"":10,""b.diamond"":214686,""b.ruby"":0,""boxAllCount"":3260,""curserver"":1,""install_day"":""2025-10-22"",""total_payment_amount"":62700,""user_name"":""열스물둘"",""user_rank"":4258,""user_stage"":200}"
"stage_reached_200 (App)","W:20_0A:19_0","9","{""Time"":""2025-11-11 03:08:58"",""UserUUID"":""6572d2d0-b825-11f0-840e-ebaeb4e999fb"",""attendance_count"":9,""b.diamond"":61068,""b.ruby"":0,""boxAllCount"":4840,""curserver"":1,""install_day"":""2025-11-02"",""total_payment_amount"":7700,""user_name"":""술취한안개"",""user_rank"":4191,""user_stage"":200}"
"stage_reached_200 (App)","W:20_0A:19_0","8","{""Time"":""2025-11-11 01:02:05"",""UserUUID"":""564f12e0-b8cb-11f0-83d9-056f1c17d318"",""attendance_count"":8,""b.diamond"":182588,""b.ruby"":0,""boxAllCount"":5360,""curserver"":1,""install_day"":""2025-11-03"",""total_payment_amount"":73700,""user_name"":""네코다이스키"",""user_rank"":4192,""user_stage"":200}"
"stage_reached_200 (App)","W:21_0A:20_0","31","{""Time"":""2025-11-10 22:47:31"",""UserUUID"":""de654690-a6a1-11f0-82ee-71b13adf991c"",""attendance_count"":31,""b.diamond"":324627,""b.ruby"":0,""boxAllCount"":7800,""curserver"":1,""install_day"":""2025-10-11"",""total_payment_amount"":0,""user_name"":""방문재활"",""user_rank"":4197,""user_stage"":200}"
"stage_reached_200 (App)","W:20_0A:19_0","6","{""Time"":""2025-11-10 21:33:47"",""UserUUID"":""7e0f6150-b9e2-11f0-b283-67ac901e2d77"",""attendance_count"":6,""b.diamond"":4053,""b.ruby"":0,""boxAllCount"":2750,""curserver"":1,""install_day"":""2025-11-05"",""total_payment_amount"":14300,""user_name"":""살별"",""user_rank"":4308,""user_stage"":200}"
"stage_reached_200 (App)","W:22_0A:20_0","7","{""Time"":""2025-11-10 21:08:18"",""UserUUID"":""a6ed54f0-b8ad-11f0-a0a9-95276f234856"",""attendance_count"":7,""b.diamond"":15096,""b.ruby"":0,""boxAllCount"":6470,""curserver"":1,""install_day"":""2025-11-03"",""total_payment_amount"":0,""user_name"":""성마"",""user_rank"":4207,""user_stage"":200}"
"stage_reached_200 (App)","W:23_0A:21_0","16","{""Time"":""2025-11-10 21:04:26"",""UserUUID"":""07741d90-b147-11f0-bc4f-3dc280c598c5"",""attendance_count"":16,""b.diamond"":206494,""b.ruby"":0,""boxAllCount"":16020,""curserver"":1,""install_day"":""2025-10-25"",""total_payment_amount"":7700,""user_name"":""포청천"",""user_rank"":4254,""user_stage"":200}"
"stage_reached_200 (App)","W:20_0A:19_0","7","{""Time"":""2025-11-10 18:34:41"",""UserUUID"":""a90ae4e0-b949-11f0-ae65-e521a063dedd"",""attendance_count"":7,""b.diamond"":8434,""b.ruby"":0,""boxAllCount"":1160,""curserver"":1,""install_day"":""2025-11-04"",""total_payment_amount"":27500,""user_name"":""모다이"",""user_rank"":4185,""user_stage"":200}"
"stage_reached_200 (App)","W:23_0A:19_0","6","{""Time"":""2025-11-10 18:23:58"",""UserUUID"":""06d5f9f0-ba28-11f0-9e22-e9e21d7b1f9f"",""attendance_count"":6,""b.diamond"":258528,""b.ruby"":0,""boxAllCount"":4410,""curserver"":1,""install_day"":""2025-11-05"",""total_payment_amount"":7700,""user_name"":""나만못먹냐"",""user_rank"":4406,""user_stage"":200}"
"stage_reached_200 (App)","W:22_0A:19_0","12","{""Time"":""2025-11-10 16:22:47"",""UserUUID"":""bf79f640-b4ca-11f0-b4ad-e5f48a29ce4f"",""attendance_count"":12,""b.diamond"":179325,""b.ruby"":0,""boxAllCount"":2670,""curserver"":1,""install_day"":""2025-10-29"",""total_payment_amount"":7700,""user_name"":""깜부기"",""user_rank"":4226,""user_stage"":200}"
"stage_reached_200 (App)","W:21_0A:19_0","2","{""Time"":""2025-11-10 16:14:00"",""UserUUID"":""9e18ea10-bd58-11f0-9ce4-99d07c7dbe42"",""attendance_count"":2,""b.diamond"":42811,""b.ruby"":0,""boxAllCount"":6090,""curserver"":1,""install_day"":""2025-11-09"",""total_payment_amount"":69300,""user_name"":""옹좌"",""user_rank"":4250,""user_stage"":200}"
"stage_reached_200 (App)","W:20_0A:20_0","3","{""Time"":""2025-11-10 15:20:55"",""UserUUID"":""b72d3e10-bc4b-11f0-bd87-2d32c54c0cba"",""attendance_count"":3,""b.diamond"":39052,""b.ruby"":0,""boxAllCount"":6030,""curserver"":1,""install_day"":""2025-11-08"",""total_payment_amount"":176000,""user_name"":""소밤"",""user_rank"":4219,""user_stage"":200}"
"stage_reached_200 (App)","W:20_0A:20_0","12","{""Time"":""2025-11-10 13:54:47"",""UserUUID"":""138b63a0-b53d-11f0-97b2-0b3725cc8786"",""attendance_count"":12,""b.diamond"":209081,""b.ruby"":0,""boxAllCount"":6270,""curserver"":1,""install_day"":""2025-10-30"",""total_payment_amount"":7700,""user_name"":""김리즈"",""user_rank"":4317,""user_stage"":200}"
"stage_reached_200 (App)","W:20_0A:19_0","12","{""Time"":""2025-11-10 12:50:13"",""UserUUID"":""2a5de620-65dd-11f0-a0dc-ad6210879902"",""attendance_count"":12,""b.diamond"":493672,""b.ruby"":0,""boxAllCount"":2260,""curserver"":1,""install_day"":""2025-07-21"",""total_payment_amount"":7700,""user_name"":""난리야"",""user_rank"":4200,""user_stage"":200}"
"stage_reached_200 (App)","W:22_0A:19_0","7","{""Time"":""2025-11-10 12:46:48"",""UserUUID"":""560f9d00-b988-11f0-abd9-9bded32e8a89"",""attendance_count"":7,""b.diamond"":14652,""b.ruby"":0,""boxAllCount"":3200,""curserver"":1,""install_day"":""2025-11-04"",""total_payment_amount"":11000,""user_name"":""은섬섬"",""user_rank"":4299,""user_stage"":200}"
"stage_reached_200 (App)","W:20_0A:19_0","12","{""Time"":""2025-11-10 11:46:14"",""UserUUID"":""9b166870-b2e4-11f0-b7ce-532b8030c968"",""attendance_count"":12,""b.diamond"":262832,""b.ruby"":0,""boxAllCount"":3080,""curserver"":1,""install_day"":""2025-10-27"",""total_payment_amount"":7700,""user_name"":""농심후시딘"",""user_rank"":4259,""user_stage"":200}"
"stage_reached_200 (App)","W:20_0A:19_0","10","{""Time"":""2025-11-10 09:41:29"",""UserUUID"":""c5480190-b707-11f0-aec7-a3f3a6c586d2"",""attendance_count"":10,""b.diamond"":90858,""b.ruby"":0,""boxAllCount"":1140,""curserver"":1,""install_day"":""2025-11-01"",""total_payment_amount"":7700,""user_name"":""이시다"",""user_rank"":4213,""user_stage"":200}"
"stage_reached_200 (App)","W:23_0A:19_0","18","{""Time"":""2025-11-10 07:57:24"",""UserUUID"":""09e60b00-b062-11f0-b246-c72e1f25336d"",""attendance_count"":18,""b.diamond"":2304637,""b.ruby"":0,""boxAllCount"":2430,""curserver"":1,""install_day"":""2025-10-23"",""total_payment_amount"":7700,""user_name"":""거북한거북이"",""user_rank"":4513,""user_stage"":200}"
"stage_reached_200 (App)","W:20_0A:19_0","7","{""Time"":""2025-11-10 07:27:03"",""UserUUID"":""09543f70-b96f-11f0-ab58-697d54ae6543"",""attendance_count"":7,""b.diamond"":57712,""b.ruby"":220,""boxAllCount"":1130,""curserver"":1,""install_day"":""2025-11-04"",""total_payment_amount"":29700,""user_name"":""리은"",""user_rank"":4305,""user_stage"":200}"
"stage_reached_200 (App)","W:20_0A:19_0","8","{""Time"":""2025-11-10 06:59:59"",""UserUUID"":""24e88d20-b89a-11f0-a993-3d25faa8e69c"",""attendance_count"":8,""b.diamond"":127723,""b.ruby"":0,""boxAllCount"":420,""curserver"":1,""install_day"":""2025-11-03"",""total_payment_amount"":7700,""user_name"":""쥬늬"",""user_rank"":4286,""user_stage"":200}"
"stage_reached_200 (App)","W:22_0A:19_0","6","{""Time"":""2025-11-10 05:54:28"",""UserUUID"":""d9a920b0-b9be-11f0-b44e-3356b7fdf8fa"",""attendance_count"":6,""b.diamond"":2516,""b.ruby"":0,""boxAllCount"":3750,""curserver"":1,""install_day"":""2025-11-04"",""total_payment_amount"":7700,""user_name"":""환룡"",""user_rank"":4244,""user_stage"":200}"
"stage_reached_200 (App)","W:22_0A:19_0","9","{""Time"":""2025-11-10 01:06:13"",""UserUUID"":""f610c470-b7ab-11f0-b3c2-e77b16e19a46"",""attendance_count"":9,""b.diamond"":107139,""b.ruby"":0,""boxAllCount"":2430,""curserver"":1,""install_day"":""2025-11-02"",""total_payment_amount"":39600,""user_name"":""이름짓기귀찮아"",""user_rank"":4190,""user_stage"":200}"
"stage_reached_200 (App)","W:22_0A:20_0","17","{""Time"":""2025-11-09 18:13:52"",""UserUUID"":""f67776d0-aeea-11f0-9a65-7f407c5d6722"",""attendance_count"":17,""b.diamond"":784,""b.ruby"":0,""boxAllCount"":8390,""curserver"":1,""install_day"":""2025-10-22"",""total_payment_amount"":7700,""user_name"":""공상"",""user_rank"":4166,""user_stage"":200}"
"stage_reached_200 (App)","W:22_0A:19_0","7","{""Time"":""2025-11-09 16:56:06"",""UserUUID"":""85bd49f0-b81e-11f0-bf85-3b578b49a061"",""attendance_count"":7,""b.diamond"":10917,""b.ruby"":0,""boxAllCount"":1650,""curserver"":1,""install_day"":""2025-11-02"",""total_payment_amount"":0,""user_name"":""복돼지"",""user_rank"":4165,""user_stage"":200}"
"stage_reached_200 (App)","W:19_0A:19_0","6","{""Time"":""2025-11-09 16:39:15"",""UserUUID"":""5106ba10-b946-11f0-85a5-67876c0a05f7"",""attendance_count"":6,""b.diamond"":80581,""b.ruby"":0,""boxAllCount"":3180,""curserver"":1,""install_day"":""2025-11-04"",""total_payment_amount"":59400,""user_name"":""록온포드"",""user_rank"":4162,""user_stage"":200}"
"stage_reached_200 (App)","W:20_0A:19_0","7","{""Time"":""2025-11-09 14:11:30"",""UserUUID"":""c7c8dbc0-a9f0-11f0-b8c9-4baf8f983061"",""attendance_count"":7,""b.diamond"":299290,""b.ruby"":0,""boxAllCount"":2830,""curserver"":1,""install_day"":""2025-10-15"",""total_payment_amount"":7700,""user_name"":""kkiugg"",""user_rank"":4471,""user_stage"":200}"
"stage_reached_200 (App)","W:22_0A:22_0","8","{""Time"":""2025-11-09 13:16:44"",""UserUUID"":""24f469b0-b7fa-11f0-8d63-ff1ae0ca1f5a"",""attendance_count"":8,""b.diamond"":276288,""b.ruby"":0,""boxAllCount"":7270,""curserver"":1,""install_day"":""2025-11-02"",""total_payment_amount"":0,""user_name"":""랑새아빠"",""user_rank"":4202,""user_stage"":200}"
"stage_reached_200 (App)","W:20_0A:21_0","9","{""Time"":""2025-11-09 12:31:25"",""UserUUID"":""652dc320-b72b-11f0-a988-fd370d20ff37"",""attendance_count"":9,""b.diamond"":2095,""b.ruby"":0,""boxAllCount"":3080,""curserver"":1,""install_day"":""2025-11-01"",""total_payment_amount"":7700,""user_name"":""하늘땅"",""user_rank"":4180,""user_stage"":200}"
"stage_reached_200 (App)","W:22_0A:20_0","12","{""Time"":""2025-11-09 11:55:01"",""UserUUID"":""366b99e0-b4bf-11f0-a880-03ef5623b059"",""attendance_count"":12,""b.diamond"":889766,""b.ruby"":1320,""boxAllCount"":7190,""curserver"":1,""install_day"":""2025-10-29"",""total_payment_amount"":40700,""user_name"":""한리에"",""user_rank"":4160,""user_stage"":200}"
"stage_reached_200 (App)","W:21_0A:19_0","8","{""Time"":""2025-11-09 10:30:21"",""UserUUID"":""fd6ce200-b7f4-11f0-9b88-8fc2d4e8731b"",""attendance_count"":8,""b.diamond"":40733,""b.ruby"":0,""boxAllCount"":2990,""curserver"":1,""install_day"":""2025-11-02"",""total_payment_amount"":7700,""user_name"":""백수왕이한량"",""user_rank"":4266,""user_stage"":200}"
"stage_reached_200 (App)","W:20_0A:19_0","15","{""Time"":""2025-11-09 10:10:54"",""UserUUID"":""f249e3c0-b24d-11f0-b544-e79d9cd456fc"",""attendance_count"":15,""b.diamond"":1202703,""b.ruby"":0,""boxAllCount"":4610,""curserver"":1,""install_day"":""2025-10-26"",""total_payment_amount"":0,""user_name"":""날치머"",""user_rank"":4192,""user_stage"":200}"
"stage_reached_200 (App)","W:23_0A:20_0","37","{""Time"":""2025-11-09 09:57:04"",""UserUUID"":""95c17110-8b81-11f0-86f9-89694c0e6793"",""attendance_count"":37,""b.diamond"":13717,""b.ruby"":0,""boxAllCount"":8010,""curserver"":1,""install_day"":""2025-09-07"",""total_payment_amount"":0,""user_name"":""갓신석윤아"",""user_rank"":4178,""user_stage"":200}"
"stage_reached_200 (App)","W:20_0A:19_0","7","{""Time"":""2025-11-09 09:18:17"",""UserUUID"":""df3de6e0-b8b6-11f0-840e-ebaeb4e999fb"",""attendance_count"":7,""b.diamond"":37209,""b.ruby"":0,""boxAllCount"":1370,""curserver"":1,""install_day"":""2025-11-03"",""total_payment_amount"":7700,""user_name"":""까여워"",""user_rank"":4192,""user_stage"":200}"
"stage_reached_200 (App)","W:21_0A:19_0","6","{""Time"":""2025-11-09 09:09:08"",""UserUUID"":""9b6f99f0-b950-11f0-bd92-673d3e7b18f0"",""attendance_count"":6,""b.diamond"":12764,""b.ruby"":0,""boxAllCount"":3600,""curserver"":1,""install_day"":""2025-11-04"",""total_payment_amount"":9900,""user_name"":""양프로링"",""user_rank"":4199,""user_stage"":200}"
"stage_reached_200 (App)","W:20_0A:19_0","8","{""Time"":""2025-11-09 08:11:31"",""UserUUID"":""d8075950-b7d6-11f0-af09-9b9f9f411a38"",""attendance_count"":8,""b.diamond"":418095,""b.ruby"":0,""boxAllCount"":3110,""curserver"":1,""install_day"":""2025-11-02"",""total_payment_amount"":7700,""user_name"":""적비연"",""user_rank"":4224,""user_stage"":200}"
"stage_reached_200 (App)","W:21_0A:20_0","30","{""Time"":""2025-11-09 02:00:30"",""UserUUID"":""4f269e70-a679-11f0-b464-fd3f136f2bc7"",""attendance_count"":30,""b.diamond"":85864,""b.ruby"":0,""boxAllCount"":7400,""curserver"":1,""install_day"":""2025-10-11"",""total_payment_amount"":0,""user_name"":""달구르릉"",""user_rank"":4157,""user_stage"":200}"
"stage_reached_200 (App)","W:20_0A:19_0","10","{""Time"":""2025-11-09 01:49:37"",""UserUUID"":""14be31b0-b616-11f0-9665-3f39b10d3a55"",""attendance_count"":10,""b.diamond"":93943,""b.ruby"":0,""boxAllCount"":2600,""curserver"":1,""install_day"":""2025-10-31"",""total_payment_amount"":0,""user_name"":""칠흑"",""user_rank"":4153,""user_stage"":200}"
"stage_reached_200 (App)","W:22_0A:20_0","8","{""Time"":""2025-11-09 01:17:18"",""UserUUID"":""0de872e0-b7d5-11f0-ac78-fd015e470dee"",""attendance_count"":8,""b.diamond"":95365,""b.ruby"":0,""boxAllCount"":6120,""curserver"":1,""install_day"":""2025-11-02"",""total_payment_amount"":13200,""user_name"":""tonguenu"",""user_rank"":4197,""user_stage"":200}"
"stage_reached_200 (App)","W:20_0A:19_0","10","{""Time"":""2025-11-09 00:52:09"",""UserUUID"":""576414b0-b5ff-11f0-8cfc-3ddd0a97c64a"",""attendance_count"":10,""b.diamond"":1073486,""b.ruby"":0,""boxAllCount"":1070,""curserver"":1,""install_day"":""2025-10-31"",""total_payment_amount"":7700,""user_name"":""국세청암행어사"",""user_rank"":4155,""user_stage"":200}"
"stage_reached_200 (App)","W:20_0A:19_0","7","{""Time"":""2025-11-09 00:32:04"",""UserUUID"":""4fe59c70-b8b3-11f0-a0a9-95276f234856"",""attendance_count"":7,""b.diamond"":143461,""b.ruby"":0,""boxAllCount"":3480,""curserver"":1,""install_day"":""2025-11-03"",""total_payment_amount"":8800,""user_name"":""양웅"",""user_rank"":4188,""user_stage"":200}"
"stage_reached_200 (App)","W:20_0A:19_0","18","{""Time"":""2025-11-08 23:31:27"",""UserUUID"":""b82987e0-ae33-11f0-bffc-a54844912fd6"",""attendance_count"":18,""b.diamond"":2045,""b.ruby"":0,""boxAllCount"":930,""curserver"":1,""install_day"":""2025-10-21"",""total_payment_amount"":0,""user_name"":""제갈민석"",""user_rank"":4161,""user_stage"":200}"
"stage_reached_200 (App)","W:20_0A:19_0","8","{""Time"":""2025-11-08 21:34:30"",""UserUUID"":""1ffb2c50-b6f6-11f0-9b2e-612ab1f10a8e"",""attendance_count"":8,""b.diamond"":86712,""b.ruby"":0,""boxAllCount"":2580,""curserver"":1,""install_day"":""2025-11-01"",""total_payment_amount"":7700,""user_name"":""맹씨표류기"",""user_rank"":4271,""user_stage"":200}"
"stage_reached_200 (App)","W:22_0A:19_0","5","{""Time"":""2025-11-08 20:55:40"",""UserUUID"":""ff8161b0-b8c6-11f0-a993-3d25faa8e69c"",""attendance_count"":5,""b.diamond"":42989,""b.ruby"":0,""boxAllCount"":2550,""curserver"":1,""install_day"":""2025-11-03"",""total_payment_amount"":7700,""user_name"":""범쿠"",""user_rank"":4149,""user_stage"":200}"
"stage_reached_200 (App)","W:20_0A:19_0","9","{""Time"":""2025-11-08 17:00:25"",""UserUUID"":""67469510-b63b-11f0-9fee-13902101c5b3"",""attendance_count"":9,""b.diamond"":411871,""b.ruby"":0,""boxAllCount"":1190,""curserver"":1,""install_day"":""2025-10-31"",""total_payment_amount"":7700,""user_name"":""내가이재영"",""user_rank"":4331,""user_stage"":200}"
"stage_reached_200 (App)","W:20_0A:19_0","13","{""Time"":""2025-11-08 18:14:31"",""UserUUID"":""cc7174b0-ac3f-11f0-99d9-d9427822da30"",""attendance_count"":13,""b.diamond"":111240,""b.ruby"":0,""boxAllCount"":7540,""curserver"":1,""install_day"":""2025-10-18"",""total_payment_amount"":0,""user_name"":""써밋"",""user_rank"":4215,""user_stage"":200}"
"stage_reached_200 (App)","W:20_0A:19_0","10","{""Time"":""2025-11-08 18:04:54"",""UserUUID"":""b5c309a0-b54e-11f0-80c4-03f42c2ad6d0"",""attendance_count"":10,""b.diamond"":362177,""b.ruby"":0,""boxAllCount"":4750,""curserver"":1,""install_day"":""2025-10-30"",""total_payment_amount"":7700,""user_name"":""곰폐인"",""user_rank"":4189,""user_stage"":200}"
"stage_reached_200 (App)","W:23_0A:20_0","11","{""Time"":""2025-11-08 17:34:39"",""UserUUID"":""2a4cf650-b004-11f0-bbe9-8d1496a4141c"",""attendance_count"":11,""b.diamond"":131860,""b.ruby"":0,""boxAllCount"":6010,""curserver"":1,""install_day"":""2025-10-23"",""total_payment_amount"":0,""user_name"":""으잌"",""user_rank"":4180,""user_stage"":200}"
"stage_reached_200 (App)","W:22_0A:20_0","22","{""Time"":""2025-11-08 15:14:53"",""UserUUID"":""1dbbdde0-ab75-11f0-9a69-03b647bedb20"",""attendance_count"":22,""b.diamond"":102269,""b.ruby"":0,""boxAllCount"":6120,""curserver"":1,""install_day"":""2025-10-17"",""total_payment_amount"":0,""user_name"":""세라우니"",""user_rank"":4153,""user_stage"":200}"
"stage_reached_200 (App)","W:20_0A:20_0","17","{""Time"":""2025-11-08 13:58:13"",""UserUUID"":""7a728330-689b-11f0-ac3c-39e6bff8c472"",""attendance_count"":17,""b.diamond"":984464,""b.ruby"":0,""boxAllCount"":6070,""curserver"":1,""install_day"":""2025-07-24"",""total_payment_amount"":7700,""user_name"":""후호후호"",""user_rank"":4142,""user_stage"":200}"
"stage_reached_200 (App)","W:23_0A:20_0","2","{""Time"":""2025-11-08 12:30:48"",""UserUUID"":""b861fe50-bb6b-11f0-be01-0d642e06cde4"",""attendance_count"":2,""b.diamond"":28654,""b.ruby"":550,""boxAllCount"":6010,""curserver"":1,""install_day"":""2025-11-06"",""total_payment_amount"":95700,""user_name"":""버민"",""user_rank"":4140,""user_stage"":200}"
"stage_reached_200 (App)","W:20_0A:19_0","31","{""Time"":""2025-11-08 11:32:16"",""UserUUID"":""fa6c6b90-a0f0-11f0-9beb-7bfeea0ee423"",""attendance_count"":31,""b.diamond"":544367,""b.ruby"":0,""boxAllCount"":5510,""curserver"":1,""install_day"":""2025-10-04"",""total_payment_amount"":0,""user_name"":""동식이"",""user_rank"":4145,""user_stage"":200}"
"stage_reached_200 (App)","W:21_0A:19_0","9","{""Time"":""2025-11-08 10:34:25"",""UserUUID"":""02910260-b5f8-11f0-96ec-2f6b90b5d865"",""attendance_count"":9,""b.diamond"":3751,""b.ruby"":0,""boxAllCount"":4490,""curserver"":1,""install_day"":""2025-10-31"",""total_payment_amount"":0,""user_name"":""동치"",""user_rank"":4152,""user_stage"":200}"
"stage_reached_200 (App)","W:22_0A:19_0","5","{""Time"":""2025-11-08 09:49:51"",""UserUUID"":""ae7c3a80-b973-11f0-ab58-697d54ae6543"",""attendance_count"":5,""b.diamond"":79648,""b.ruby"":0,""boxAllCount"":6300,""curserver"":1,""install_day"":""2025-11-04"",""total_payment_amount"":7700,""user_name"":""GRIT"",""user_rank"":4143,""user_stage"":200}"
"stage_reached_200 (App)","W:20_0A:19_0","10","{""Time"":""2025-11-08 08:24:51"",""UserUUID"":""320e7390-b4ba-11f0-96d2-e7fec094515e"",""attendance_count"":10,""b.diamond"":42152,""b.ruby"":0,""boxAllCount"":900,""curserver"":1,""install_day"":""2025-10-29"",""total_payment_amount"":7700,""user_name"":""대림사"",""user_rank"":4151,""user_stage"":200}"
"stage_reached_200 (App)","W:20_0A:19_0","12","{""Time"":""2025-11-08 01:52:06"",""UserUUID"":""6ae9cef0-b387-11f0-8a42-317af4aa2d1e"",""attendance_count"":12,""b.diamond"":1666,""b.ruby"":0,""boxAllCount"":1750,""curserver"":1,""install_day"":""2025-10-27"",""total_payment_amount"":27500,""user_name"":""레몬나르는다빈치"",""user_rank"":4139,""user_stage"":200}"
"stage_reached_200 (App)","W:20_0A:19_0","6","{""Time"":""2025-11-07 22:38:27"",""UserUUID"":""09b27e10-b798-11f0-ad47-771e44f5124a"",""attendance_count"":6,""b.diamond"":109924,""b.ruby"":0,""boxAllCount"":2720,""curserver"":1,""install_day"":""2025-11-02"",""total_payment_amount"":7700,""user_name"":""이붕"",""user_rank"":4211,""user_stage"":200}"
"stage_reached_200 (App)","W:21_0A:19_0","21","{""Time"":""2025-11-07 21:45:56"",""UserUUID"":""8a1774f0-abec-11f0-9a69-03b647bedb20"",""attendance_count"":21,""b.diamond"":1612835,""b.ruby"":0,""boxAllCount"":4830,""curserver"":1,""install_day"":""2025-10-18"",""total_payment_amount"":0,""user_name"":""그라데니고"",""user_rank"":4145,""user_stage"":200}"
"stage_reached_200 (App)","W:20_0A:19_0","8","{""Time"":""2025-11-07 14:17:46"",""UserUUID"":""a331f040-b660-11f0-a7cc-ad13ac8ef2b6"",""attendance_count"":8,""b.diamond"":115084,""b.ruby"":0,""boxAllCount"":2100,""curserver"":1,""install_day"":""2025-10-31"",""total_payment_amount"":25300,""user_name"":""상길"",""user_rank"":4129,""user_stage"":200}"
"stage_reached_200 (App)","W:21_0A:19_0","5","{""Time"":""2025-11-07 13:18:28"",""UserUUID"":""8fed69e0-b879-11f0-8110-6f9a2b09a555"",""attendance_count"":5,""b.diamond"":109812,""b.ruby"":2310,""boxAllCount"":3410,""curserver"":1,""install_day"":""2025-11-03"",""total_payment_amount"":64900,""user_name"":""강화법사"",""user_rank"":4137,""user_stage"":200}"
"stage_reached_200 (App)","W:20_0A:19_0","7","{""Time"":""2025-11-07 12:21:01"",""UserUUID"":""166dcd80-b6c6-11f0-b438-6967020c24f9"",""attendance_count"":7,""b.diamond"":76239,""b.ruby"":0,""boxAllCount"":2900,""curserver"":1,""install_day"":""2025-11-01"",""total_payment_amount"":7700,""user_name"":""레스코"",""user_rank"":4125,""user_stage"":200}"
"stage_reached_200 (App)","W:20_0A:22_0","12","{""Time"":""2025-11-07 12:15:34"",""UserUUID"":""b8d86000-2e43-11f0-ac2a-ab169033f472"",""attendance_count"":12,""b.diamond"":515803,""b.ruby"":0,""boxAllCount"":4750,""curserver"":0,""install_day"":""2025-05-11"",""total_payment_amount"":7700,""user_name"":""당당한남군"",""user_rank"":355,""user_stage"":200}"
"stage_reached_200 (App)","W:20_0A:19_0","10","{""Time"":""2025-11-07 12:12:24"",""UserUUID"":""fb7bbf20-b3bc-11f0-9462-f12902e4135a"",""attendance_count"":10,""b.diamond"":21934,""b.ruby"":0,""boxAllCount"":3720,""curserver"":1,""install_day"":""2025-10-28"",""total_payment_amount"":7700,""user_name"":""이순민"",""user_rank"":4125,""user_stage"":200}"
"stage_reached_200 (App)","W:20_0A:19_0","8","{""Time"":""2025-11-07 10:54:40"",""UserUUID"":""8f660ca0-b664-11f0-896c-87c849c8485b"",""attendance_count"":8,""b.diamond"":11862,""b.ruby"":0,""boxAllCount"":3290,""curserver"":1,""install_day"":""2025-10-31"",""total_payment_amount"":40700,""user_name"":""실뭉"",""user_rank"":4127,""user_stage"":200}"
"stage_reached_200 (App)","W:20_0A:19_0","8","{""Time"":""2025-11-07 10:21:03"",""UserUUID"":""6681cf60-b644-11f0-9653-119f87fc0b99"",""attendance_count"":8,""b.diamond"":83829,""b.ruby"":0,""boxAllCount"":1070,""curserver"":1,""install_day"":""2025-10-31"",""total_payment_amount"":11000,""user_name"":""뚱나"",""user_rank"":4125,""user_stage"":200}"
"stage_reached_200 (App)","W:20_0A:19_0","7","{""Time"":""2025-11-07 09:53:17"",""UserUUID"":""59e11c60-b6e0-11f0-8303-25f8abc1faf3"",""attendance_count"":7,""b.diamond"":157272,""b.ruby"":0,""boxAllCount"":2640,""curserver"":1,""install_day"":""2025-11-01"",""total_payment_amount"":0,""user_name"":""요대킴"",""user_rank"":4267,""user_stage"":200}"
"stage_reached_200 (App)","W:20_0A:19_0","11","{""Time"":""2025-11-07 08:25:48"",""UserUUID"":""0218fcf0-b36b-11f0-88a5-f9b929619bcb"",""attendance_count"":11,""b.diamond"":122315,""b.ruby"":0,""boxAllCount"":5200,""curserver"":1,""install_day"":""2025-10-27"",""total_payment_amount"":7700,""user_name"":""모롱키"",""user_rank"":4164,""user_stage"":200}"
"stage_reached_200 (App)","W:20_0A:21_0","10","{""Time"":""2025-11-07 07:45:58"",""UserUUID"":""f09e7140-b34b-11f0-820f-359f95dd251b"",""attendance_count"":10,""b.diamond"":47792,""b.ruby"":0,""boxAllCount"":4800,""curserver"":1,""install_day"":""2025-10-27"",""total_payment_amount"":7700,""user_name"":""동돌"",""user_rank"":4253,""user_stage"":200}"
"stage_reached_200 (App)","W:23_0A:19_0","14","{""Time"":""2025-11-07 07:04:28"",""UserUUID"":""5d4b3600-b0d8-11f0-8768-6121b774132b"",""attendance_count"":14,""b.diamond"":85534,""b.ruby"":110,""boxAllCount"":1330,""curserver"":1,""install_day"":""2025-10-24"",""total_payment_amount"":25300,""user_name"":""젬민2"",""user_rank"":4134,""user_stage"":200}"
"stage_reached_200 (App)","W:21_0A:19_0","9","{""Time"":""2025-11-07 01:32:21"",""UserUUID"":""8017c630-b4d9-11f0-96e7-1d4a4b56ef13"",""attendance_count"":9,""b.diamond"":6153,""b.ruby"":0,""boxAllCount"":1760,""curserver"":1,""install_day"":""2025-10-29"",""total_payment_amount"":7700,""user_name"":""조선시대알파카"",""user_rank"":4287,""user_stage"":200}"
"stage_reached_200 (App)","W:22_0A:22_0","22","{""Time"":""2025-11-07 00:35:29"",""UserUUID"":""80f19b20-a846-11f0-acab-2defac05dfc2"",""attendance_count"":22,""b.diamond"":13708,""b.ruby"":0,""boxAllCount"":9500,""curserver"":1,""install_day"":""2025-10-13"",""total_payment_amount"":0,""user_name"":""한국사능력1등급"",""user_rank"":4123,""user_stage"":200}"
"stage_reached_200 (App)","W:21_0A:21_0","12","{""Time"":""2025-11-07 00:00:40"",""UserUUID"":""9cf3c450-b27e-11f0-a8fa-776255ea0f8f"",""attendance_count"":12,""b.diamond"":299202,""b.ruby"":0,""boxAllCount"":6000,""curserver"":1,""install_day"":""2025-10-26"",""total_payment_amount"":0,""user_name"":""미하시"",""user_rank"":4130,""user_stage"":200}"
"stage_reached_200 (App)","W:21_0A:19_0","9","{""Time"":""2025-11-06 22:56:16"",""UserUUID"":""48421fb0-b4c7-11f0-8aa8-1d3c27271614"",""attendance_count"":9,""b.diamond"":4407,""b.ruby"":0,""boxAllCount"":6420,""curserver"":1,""install_day"":""2025-10-29"",""total_payment_amount"":7700,""user_name"":""욱이짱"",""user_rank"":4122,""user_stage"":200}"
"stage_reached_200 (App)","W:21_0A:22_0","29","{""Time"":""2025-11-06 21:26:19"",""UserUUID"":""d0664e50-861b-11f0-b4ba-3dfbdb4f144e"",""attendance_count"":29,""b.diamond"":457572,""b.ruby"":0,""boxAllCount"":15920,""curserver"":1,""install_day"":""2025-08-31"",""total_payment_amount"":7700,""user_name"":""serendip"",""user_rank"":4196,""user_stage"":200}"
"stage_reached_200 (App)","W:20_0A:20_0","8","{""Time"":""2025-11-06 19:35:23"",""UserUUID"":""9c364c20-aca9-11f0-b752-95620d7e2a54"",""attendance_count"":8,""b.diamond"":4178,""b.ruby"":0,""boxAllCount"":7210,""curserver"":1,""install_day"":""2025-10-19"",""total_payment_amount"":0,""user_name"":""바이염"",""user_rank"":4141,""user_stage"":200}"
"stage_reached_200 (App)","W:18_0A:19_0","5","{""Time"":""2025-11-06 16:51:45"",""UserUUID"":""d4a44e40-b780-11f0-8596-1de7e0c2b0f3"",""attendance_count"":5,""b.diamond"":64080,""b.ruby"":0,""boxAllCount"":600,""curserver"":1,""install_day"":""2025-11-02"",""total_payment_amount"":18700,""user_name"":""와이니"",""user_rank"":4123,""user_stage"":200}"
"stage_reached_200 (App)","W:21_0A:22_0","21","{""Time"":""2025-11-06 15:31:37"",""UserUUID"":""0136d700-ab2b-11f0-b419-159eaa0ff3bf"",""attendance_count"":21,""b.diamond"":36485,""b.ruby"":0,""boxAllCount"":5230,""curserver"":1,""install_day"":""2025-10-17"",""total_payment_amount"":0,""user_name"":""이름뭐로하지"",""user_rank"":4139,""user_stage"":200}"
"stage_reached_200 (App)","W:22_0A:19_0","24","{""Time"":""2025-11-06 14:05:47"",""UserUUID"":""e483b6b0-a34a-11f0-a0dd-69ec0e5841d1"",""attendance_count"":24,""b.diamond"":231808,""b.ruby"":0,""boxAllCount"":2910,""curserver"":1,""install_day"":""2025-10-07"",""total_payment_amount"":0,""user_name"":""검성길동"",""user_rank"":4139,""user_stage"":200}"
"stage_reached_200 (App)","W:19_0A:19_0","6","{""Time"":""2025-11-06 13:54:18"",""UserUUID"":""c7a1e600-b6d9-11f0-8f64-c3433c48e0b5"",""attendance_count"":6,""b.diamond"":255361,""b.ruby"":0,""boxAllCount"":1460,""curserver"":1,""install_day"":""2025-11-01"",""total_payment_amount"":7700,""user_name"":""가령이"",""user_rank"":4122,""user_stage"":200}"
"stage_reached_200 (App)","W:23_0A:20_0","22","{""Time"":""2025-11-06 13:37:03"",""UserUUID"":""b4041ab0-a2ba-11f0-82e4-03b1b6409da3"",""attendance_count"":22,""b.diamond"":401014,""b.ruby"":0,""boxAllCount"":7930,""curserver"":1,""install_day"":""2025-10-06"",""total_payment_amount"":0,""user_name"":""부여주"",""user_rank"":4320,""user_stage"":200}"
"stage_reached_200 (App)","W:21_0A:19_0","11","{""Time"":""2025-11-06 12:47:39"",""UserUUID"":""1b135280-b31d-11f0-bb7d-cf5c3d0179e0"",""attendance_count"":11,""b.diamond"":2091,""b.ruby"":0,""boxAllCount"":1930,""curserver"":1,""install_day"":""2025-10-27"",""total_payment_amount"":7700,""user_name"":""식웅"",""user_rank"":4116,""user_stage"":200}"
"stage_reached_200 (App)","W:20_0A:20_0","3","{""Time"":""2025-11-06 12:37:20"",""UserUUID"":""276be720-b95f-11f0-ae65-e521a063dedd"",""attendance_count"":3,""b.diamond"":1814,""b.ruby"":110,""boxAllCount"":2240,""curserver"":1,""install_day"":""2025-11-04"",""total_payment_amount"":77000,""user_name"":""푸르지오"",""user_rank"":4134,""user_stage"":200}"
"stage_reached_200 (App)","W:20_0A:19_0","17","{""Time"":""2025-11-06 12:24:05"",""UserUUID"":""977f51d0-ae6c-11f0-8545-1f88ceef777d"",""attendance_count"":17,""b.diamond"":1490347,""b.ruby"":0,""boxAllCount"":1860,""curserver"":1,""install_day"":""2025-10-21"",""total_payment_amount"":7700,""user_name"":""네네코마시로"",""user_rank"":4276,""user_stage"":200}"
"stage_reached_200 (App)","W:22_0A:17_0","4","{""Time"":""2025-11-06 10:14:33"",""UserUUID"":""53ee7090-b85d-11f0-8ea3-71861e567bcc"",""attendance_count"":4,""b.diamond"":20968,""b.ruby"":0,""boxAllCount"":2360,""curserver"":1,""install_day"":""2025-11-03"",""total_payment_amount"":7700,""user_name"":""호까"",""user_rank"":4172,""user_stage"":200}"
"stage_reached_200 (App)","W:21_0A:23_0","16","{""Time"":""2025-11-06 09:43:36"",""UserUUID"":""78b2f8b0-acd2-11f0-9126-05c83ff68025"",""attendance_count"":16,""b.diamond"":73953,""b.ruby"":330,""boxAllCount"":1620,""curserver"":1,""install_day"":""2025-10-19"",""total_payment_amount"":11000,""user_name"":""무이이야"",""user_rank"":4132,""user_stage"":200}"
"stage_reached_200 (App)","W:22_0A:20_0","8","{""Time"":""2025-11-06 08:43:27"",""UserUUID"":""76ea5b70-b58a-11f0-bbb0-8fee942117fc"",""attendance_count"":8,""b.diamond"":208912,""b.ruby"":0,""boxAllCount"":8140,""curserver"":1,""install_day"":""2025-10-30"",""total_payment_amount"":7700,""user_name"":""파일럿"",""user_rank"":4129,""user_stage"":200}"
"stage_reached_200 (App)","W:20_0A:19_0","8","{""Time"":""2025-11-06 04:49:48"",""UserUUID"":""54acd0e0-b523-11f0-ba7e-5f0f2fa746aa"",""attendance_count"":8,""b.diamond"":65851,""b.ruby"":0,""boxAllCount"":1790,""curserver"":1,""install_day"":""2025-10-29"",""total_payment_amount"":7700,""user_name"":""tygom12"",""user_rank"":4128,""user_stage"":200}"
"stage_reached_200 (App)","W:21_0A:20_0","6","{""Time"":""2025-11-06 01:44:37"",""UserUUID"":""48cb7ff0-b6b4-11f0-a280-61630857717f"",""attendance_count"":6,""b.diamond"":85308,""b.ruby"":0,""boxAllCount"":4320,""curserver"":1,""install_day"":""2025-10-31"",""total_payment_amount"":7700,""user_name"":""술을끊자"",""user_rank"":4125,""user_stage"":200}"
"stage_reached_200 (App)","W:23_0A:23_0","3","{""Time"":""2025-11-06 00:48:25"",""UserUUID"":""0b6b0a00-b889-11f0-840e-ebaeb4e999fb"",""attendance_count"":3,""b.diamond"":27397,""b.ruby"":0,""boxAllCount"":960,""curserver"":1,""install_day"":""2025-11-03"",""total_payment_amount"":80300,""user_name"":""freedom"",""user_rank"":4176,""user_stage"":200}"
"stage_reached_200 (App)","W:20_0A:19_0","14","{""Time"":""2025-11-06 00:35:59"",""UserUUID"":""1abbd410-6868-11f0-8565-f911fd9ea35c"",""attendance_count"":14,""b.diamond"":5143,""b.ruby"":0,""boxAllCount"":3530,""curserver"":1,""install_day"":""2025-07-24"",""total_payment_amount"":0,""user_name"":""블랙돌멩이"",""user_rank"":4120,""user_stage"":200}"
"stage_reached_200 (App)","W:20_0A:17_0","4","{""Time"":""2025-11-06 00:28:33"",""UserUUID"":""b4d313d0-b84d-11f0-ae35-fff6dc9f3fce"",""attendance_count"":4,""b.diamond"":151212,""b.ruby"":0,""boxAllCount"":2450,""curserver"":1,""install_day"":""2025-11-03"",""total_payment_amount"":38500,""user_name"":""왕현"",""user_rank"":4174,""user_stage"":200}"
"stage_reached_200 (App)","W:20_0A:19_0","5","{""Time"":""2025-11-05 23:40:27"",""UserUUID"":""25360310-b6e8-11f0-b2e5-552c016e3ecd"",""attendance_count"":5,""b.diamond"":3150,""b.ruby"":0,""boxAllCount"":2600,""curserver"":1,""install_day"":""2025-11-01"",""total_payment_amount"":7700,""user_name"":""영신"",""user_rank"":4119,""user_stage"":200}"
"stage_reached_200 (App)","W:22_0A:19_0","12","{""Time"":""2025-11-05 22:57:42"",""UserUUID"":""55f62850-b016-11f0-ac06-71b995bc339b"",""attendance_count"":12,""b.diamond"":3333,""b.ruby"":0,""boxAllCount"":2760,""curserver"":1,""install_day"":""2025-10-23"",""total_payment_amount"":18700,""user_name"":""하렘해적단"",""user_rank"":4099,""user_stage"":200}"
"stage_reached_200 (App)","W:22_0A:19_0","12","{""Time"":""2025-11-05 22:55:08"",""UserUUID"":""55f62850-b016-11f0-ac06-71b995bc339b"",""attendance_count"":12,""b.diamond"":3333,""b.ruby"":0,""boxAllCount"":2760,""curserver"":1,""install_day"":""2025-10-23"",""total_payment_amount"":18700,""user_name"":""하렘해적단"",""user_rank"":4263,""user_stage"":200}"
"stage_reached_200 (App)","W:22_0A:19_0","5","{""Time"":""2025-11-05 21:40:16"",""UserUUID"":""71970ca0-b6f6-11f0-997b-eb201c6c23f4"",""attendance_count"":5,""b.diamond"":50839,""b.ruby"":0,""boxAllCount"":4210,""curserver"":1,""install_day"":""2025-11-01"",""total_payment_amount"":7700,""user_name"":""오모이"",""user_rank"":4095,""user_stage"":200}"
"stage_reached_200 (App)","W:22_0A:19_0","14","{""Time"":""2025-11-05 21:17:17"",""UserUUID"":""16554c20-adb5-11f0-bd3a-fdda9e3f1f34"",""attendance_count"":14,""b.diamond"":18702,""b.ruby"":0,""boxAllCount"":1530,""curserver"":1,""install_day"":""2025-10-20"",""total_payment_amount"":7700,""user_name"":""김필수"",""user_rank"":4100,""user_stage"":200}"
"stage_reached_200 (App)","W:21_0A:19_0","33","{""Time"":""2025-11-05 20:06:39"",""UserUUID"":""014db860-97b9-11f0-b689-e3a9aa6cc327"",""attendance_count"":33,""b.diamond"":111868,""b.ruby"":0,""boxAllCount"":720,""curserver"":1,""install_day"":""2025-09-22"",""total_payment_amount"":7700,""user_name"":""갱수타"",""user_rank"":4169,""user_stage"":200}"
"stage_reached_200 (App)","W:21_0A:18_0","4","{""Time"":""2025-11-05 18:46:03"",""UserUUID"":""54df8ec0-b796-11f0-8997-f341e3070639"",""attendance_count"":4,""b.diamond"":28443,""b.ruby"":330,""boxAllCount"":2450,""curserver"":1,""install_day"":""2025-11-02"",""total_payment_amount"":69300,""user_name"":""Havoc"",""user_rank"":4153,""user_stage"":200}"
"stage_reached_200 (App)","W:20_0A:20_0","14","{""Time"":""2025-11-05 18:40:47"",""UserUUID"":""b8c3f3b0-aea2-11f0-9dee-2dab823f0011"",""attendance_count"":14,""b.diamond"":777241,""b.ruby"":0,""boxAllCount"":7090,""curserver"":1,""install_day"":""2025-10-21"",""total_payment_amount"":7700,""user_name"":""청유하"",""user_rank"":4090,""user_stage"":200}"
"stage_reached_200 (App)","W:20_0A:19_0","10","{""Time"":""2025-11-05 16:47:17"",""UserUUID"":""4b41de00-b30d-11f0-90fd-5dba3b256e36"",""attendance_count"":10,""b.diamond"":697005,""b.ruby"":0,""boxAllCount"":4680,""curserver"":1,""install_day"":""2025-10-27"",""total_payment_amount"":7700,""user_name"":""잿빛의노래"",""user_rank"":4096,""user_stage"":200}"
"stage_reached_200 (App)","W:22_0A:19_0","7","{""Time"":""2025-11-05 15:58:56"",""UserUUID"":""2ba56020-b543-11f0-bc54-c38a0418ee10"",""attendance_count"":7,""b.diamond"":117591,""b.ruby"":0,""boxAllCount"":3390,""curserver"":1,""install_day"":""2025-10-30"",""total_payment_amount"":0,""user_name"":""골드골드"",""user_rank"":4251,""user_stage"":200}"
"stage_reached_200 (App)","W:24_0A:24_0","1","{""Time"":""2025-11-05 15:06:11"",""UserUUID"":""ee762300-b9ee-11f0-8e26-735b412330a7"",""attendance_count"":1,""b.diamond"":1995766200,""b.ruby"":1999986910,""boxAllCount"":28740,""curserver"":1,""install_day"":""2025-11-05"",""total_payment_amount"":0,""user_name"":""최아린"",""user_rank"":4093,""user_stage"":200}"
"stage_reached_200 (App)","W:23_0A:23_0","2","{""Time"":""2025-11-05 15:07:33"",""UserUUID"":""03dbb7b0-b962-11f0-8069-593bf26c1f04"",""attendance_count"":2,""b.diamond"":138771,""b.ruby"":0,""boxAllCount"":3080,""curserver"":1,""install_day"":""2025-11-04"",""total_payment_amount"":132000,""user_name"":""태이츠"",""user_rank"":4135,""user_stage"":200}"
"stage_reached_200 (App)","W:22_0A:19_0","1","{""Time"":""2025-11-05 14:04:18"",""UserUUID"":""1d98ed60-b9eb-11f0-9bc0-97edea8f5423"",""attendance_count"":1,""b.diamond"":1065368,""b.ruby"":550,""boxAllCount"":5610,""curserver"":1,""install_day"":""2025-11-05"",""total_payment_amount"":231000,""user_name"":""빼꼼이야"",""user_rank"":4186,""user_stage"":200}"
"stage_reached_200 (App)","W:22_0A:20_0","17","{""Time"":""2025-11-05 14:03:47"",""UserUUID"":""0b3c7610-adab-11f0-a9b9-dbbb3d6b3356"",""attendance_count"":17,""b.diamond"":9490,""b.ruby"":0,""boxAllCount"":7830,""curserver"":1,""install_day"":""2025-10-20"",""total_payment_amount"":0,""user_name"":""어리워리"",""user_rank"":4123,""user_stage"":200}"
"stage_reached_200 (App)","W:22_0A:19_0","16","{""Time"":""2025-11-05 13:31:04"",""UserUUID"":""d1461781-ac9d-11f0-a9b9-dbbb3d6b3356"",""attendance_count"":16,""b.diamond"":513828,""b.ruby"":0,""boxAllCount"":1200,""curserver"":1,""install_day"":""2025-10-19"",""total_payment_amount"":7700,""user_name"":""wwedcd"",""user_rank"":4186,""user_stage"":200}"
"stage_reached_200 (App)","W:23_0A:22_0","2","{""Time"":""2025-11-05 12:31:01"",""UserUUID"":""a8a67530-b932-11f0-8069-593bf26c1f04"",""attendance_count"":2,""b.diamond"":4937,""b.ruby"":330,""boxAllCount"":6230,""curserver"":1,""install_day"":""2025-11-04"",""total_payment_amount"":117700,""user_name"":""환웅천왕"",""user_rank"":4114,""user_stage"":200}"
"stage_reached_200 (App)","W:22_0A:19_0","18","{""Time"":""2025-11-05 09:21:56"",""UserUUID"":""88e48c90-ab23-11f0-993f-a183c9d983a9"",""attendance_count"":18,""b.diamond"":312532,""b.ruby"":0,""boxAllCount"":1530,""curserver"":1,""install_day"":""2025-10-17"",""total_payment_amount"":0,""user_name"":""곡예하는광대"",""user_rank"":4082,""user_stage"":200}"
"stage_reached_200 (App)","W:19_0A:19_0","6","{""Time"":""2025-11-05 08:59:20"",""UserUUID"":""a43249e0-b60b-11f0-8223-012f005fb972"",""attendance_count"":6,""b.diamond"":68056,""b.ruby"":110,""boxAllCount"":2630,""curserver"":1,""install_day"":""2025-10-31"",""total_payment_amount"":14300,""user_name"":""투구타"",""user_rank"":4112,""user_stage"":200}"
"stage_reached_200 (App)","W:20_0A:19_0","14","{""Time"":""2025-11-05 08:54:53"",""UserUUID"":""8a666510-b01a-11f0-a4ac-91a567c01ea9"",""attendance_count"":14,""b.diamond"":305223,""b.ruby"":0,""boxAllCount"":2820,""curserver"":1,""install_day"":""2025-10-23"",""total_payment_amount"":0,""user_name"":""벽호"",""user_rank"":4079,""user_stage"":200}"
"stage_reached_200 (App)","W:20_0A:22_0","7","{""Time"":""2025-11-05 07:06:47"",""UserUUID"":""89a03470-b534-11f0-a6f5-4777c0817fbc"",""attendance_count"":7,""b.diamond"":119242,""b.ruby"":0,""boxAllCount"":6150,""curserver"":1,""install_day"":""2025-10-30"",""total_payment_amount"":36300,""user_name"":""발리니"",""user_rank"":4075,""user_stage"":200}"
"stage_reached_200 (App)","W:23_0A:23_0","7","{""Time"":""2025-11-05 01:56:56"",""UserUUID"":""21116360-b4ea-11f0-afee-67e775da2e47"",""attendance_count"":7,""b.diamond"":353351,""b.ruby"":4400,""boxAllCount"":6720,""curserver"":1,""install_day"":""2025-10-29"",""total_payment_amount"":194700,""user_name"":""졸리"",""user_rank"":4110,""user_stage"":200}"
"stage_reached_200 (App)","W:23_0A:20_0","29","{""Time"":""2025-11-05 00:49:13"",""UserUUID"":""26885c50-9a4f-11f0-8da3-8fd5ef6265f9"",""attendance_count"":29,""b.diamond"":1422021,""b.ruby"":0,""boxAllCount"":6930,""curserver"":1,""install_day"":""2025-09-25"",""total_payment_amount"":0,""user_name"":""륑륑"",""user_rank"":4189,""user_stage"":200}"
"stage_reached_200 (App)","W:23_0A:20_0","4","{""Time"":""2025-11-05 00:16:34"",""UserUUID"":""bf6a1cb0-b7c8-11f0-b3c2-e77b16e19a46"",""attendance_count"":4,""b.diamond"":6571,""b.ruby"":0,""boxAllCount"":10550,""curserver"":1,""install_day"":""2025-11-02"",""total_payment_amount"":25300,""user_name"":""이순신이아니라"",""user_rank"":4076,""user_stage"":200}"
"stage_reached_200 (App)","W:22_0A:20_0","12","{""Time"":""2025-11-04 21:59:33"",""UserUUID"":""d0f32520-b085-11f0-b51c-4bcc59b09700"",""attendance_count"":12,""b.diamond"":68266,""b.ruby"":0,""boxAllCount"":5960,""curserver"":1,""install_day"":""2025-10-24"",""total_payment_amount"":7700,""user_name"":""일월아빠"",""user_rank"":4077,""user_stage"":200}"
"stage_reached_200 (App)","W:20_0A:19_0","8","{""Time"":""2025-11-04 21:40:27"",""UserUUID"":""ea010170-b352-11f0-8474-a190dfb12e57"",""attendance_count"":8,""b.diamond"":380806,""b.ruby"":0,""boxAllCount"":1950,""curserver"":1,""install_day"":""2025-10-27"",""total_payment_amount"":7700,""user_name"":""루래비"",""user_rank"":4115,""user_stage"":200}"
"stage_reached_200 (App)","W:22_0A:19_0","9","{""Time"":""2025-11-04 21:21:49"",""UserUUID"":""e696ad30-b269-11f0-a16d-b14150db1d8c"",""attendance_count"":9,""b.diamond"":2696,""b.ruby"":0,""boxAllCount"":1840,""curserver"":1,""install_day"":""2025-10-26"",""total_payment_amount"":7700,""user_name"":""비젼"",""user_rank"":4115,""user_stage"":200}"
"stage_reached_200 (App)","W:20_0A:19_0","7","{""Time"":""2025-11-04 20:38:12"",""UserUUID"":""01cb2890-b4bf-11f0-ba44-775eec59276d"",""attendance_count"":7,""b.diamond"":4694,""b.ruby"":0,""boxAllCount"":1440,""curserver"":1,""install_day"":""2025-10-29"",""total_payment_amount"":7700,""user_name"":""코코잉코"",""user_rank"":4227,""user_stage"":200}"
"stage_reached_200 (App)","W:20_0A:19_0","12","{""Time"":""2025-11-04 20:18:31"",""UserUUID"":""97e3c650-b098-11f0-916c-15e4dd0d67bd"",""attendance_count"":12,""b.diamond"":111204,""b.ruby"":0,""boxAllCount"":1500,""curserver"":1,""install_day"":""2025-10-24"",""total_payment_amount"":0,""user_name"":""Shona"",""user_rank"":4074,""user_stage"":200}"
"stage_reached_200 (App)","W:21_0A:22_0","6","{""Time"":""2025-11-04 20:18:21"",""UserUUID"":""a645eeb0-b4fa-11f0-ba7e-5f0f2fa746aa"",""attendance_count"":6,""b.diamond"":1959,""b.ruby"":220,""boxAllCount"":6020,""curserver"":1,""install_day"":""2025-10-29"",""total_payment_amount"":29700,""user_name"":""한국백신"",""user_rank"":4069,""user_stage"":200}"
"stage_reached_200 (App)","W:22_0A:19_0","18","{""Time"":""2025-11-04 20:06:07"",""UserUUID"":""fe80fd90-ac21-11f0-9130-877ee54cbde4"",""attendance_count"":18,""b.diamond"":73592,""b.ruby"":0,""boxAllCount"":3250,""curserver"":1,""install_day"":""2025-10-18"",""total_payment_amount"":0,""user_name"":""하의실종곰"",""user_rank"":4086,""user_stage"":200}"
"stage_reached_200 (App)","W:20_0A:20_0","26","{""Time"":""2025-11-04 19:06:17"",""UserUUID"":""f1783b20-a584-11f0-b79f-5b93555f4d01"",""attendance_count"":26,""b.diamond"":59561,""b.ruby"":0,""boxAllCount"":6220,""curserver"":1,""install_day"":""2025-10-10"",""total_payment_amount"":0,""user_name"":""소일향백향"",""user_rank"":4099,""user_stage"":200}"
"stage_reached_200 (App)","W:20_0A:19_0","8","{""Time"":""2025-11-04 18:48:33"",""UserUUID"":""615895c0-b3ea-11f0-ae3c-f35c47cf8b3a"",""attendance_count"":8,""b.diamond"":15893,""b.ruby"":0,""boxAllCount"":1110,""curserver"":1,""install_day"":""2025-10-28"",""total_payment_amount"":7700,""user_name"":""무협매니아"",""user_rank"":4130,""user_stage"":200}"
"stage_reached_200 (App)","W:23_0A:21_0","6","{""Time"":""2025-11-04 18:36:26"",""UserUUID"":""ea05bf00-b558-11f0-b902-11450f661ce7"",""attendance_count"":6,""b.diamond"":116441,""b.ruby"":0,""boxAllCount"":3440,""curserver"":1,""install_day"":""2025-10-30"",""total_payment_amount"":25300,""user_name"":""타로쿰"",""user_rank"":4225,""user_stage"":200}"
"stage_reached_200 (App)","W:23_0A:19_0","13","{""Time"":""2025-11-04 18:15:39"",""UserUUID"":""400ced30-af0d-11f0-be6e-d7520a2c9875"",""attendance_count"":13,""b.diamond"":3796,""b.ruby"":0,""boxAllCount"":570,""curserver"":1,""install_day"":""2025-10-22"",""total_payment_amount"":7700,""user_name"":""꾸미곰"",""user_rank"":4109,""user_stage"":200}"
"stage_reached_200 (App)","W:20_0A:17_0","22","{""Time"":""2025-11-04 13:56:27"",""UserUUID"":""70e002f0-a8a3-11f0-b6c9-690a6765a14c"",""attendance_count"":22,""b.diamond"":154209,""b.ruby"":0,""boxAllCount"":6090,""curserver"":1,""install_day"":""2025-10-14"",""total_payment_amount"":0,""user_name"":""hyacinth"",""user_rank"":4081,""user_stage"":200}"
"stage_reached_200 (App)","W:20_0A:19_0","7","{""Time"":""2025-11-04 13:09:19"",""UserUUID"":""8da20eb0-b465-11f0-a84b-190bed00b811"",""attendance_count"":7,""b.diamond"":7033,""b.ruby"":0,""boxAllCount"":900,""curserver"":1,""install_day"":""2025-10-29"",""total_payment_amount"":0,""user_name"":""붕이"",""user_rank"":4069,""user_stage"":200}"
"stage_reached_200 (App)","W:21_0A:23_0","12","{""Time"":""2025-11-04 11:22:30"",""UserUUID"":""dc229b20-af08-11f0-83a9-75cd8738bd47"",""attendance_count"":12,""b.diamond"":129934,""b.ruby"":330,""boxAllCount"":4240,""curserver"":1,""install_day"":""2025-10-22"",""total_payment_amount"":11000,""user_name"":""초리짱"",""user_rank"":4358,""user_stage"":200}"
"stage_reached_200 (App)","W:21_0A:19_0","8","{""Time"":""2025-11-04 09:45:04"",""UserUUID"":""de390190-b3f6-11f0-be05-d5b9914ee117"",""attendance_count"":8,""b.diamond"":120222,""b.ruby"":0,""boxAllCount"":3990,""curserver"":1,""install_day"":""2025-10-28"",""total_payment_amount"":7700,""user_name"":""다간"",""user_rank"":4122,""user_stage"":200}"
"stage_reached_200 (App)","W:20_0A:19_0","6","{""Time"":""2025-11-04 09:25:57"",""UserUUID"":""4de47620-b54e-11f0-9a00-2f4cd01e3e2c"",""attendance_count"":6,""b.diamond"":31106,""b.ruby"":0,""boxAllCount"":1020,""curserver"":1,""install_day"":""2025-10-30"",""total_payment_amount"":7700,""user_name"":""쎄오르"",""user_rank"":4122,""user_stage"":200}"
"stage_reached_200 (App)","W:22_0A:19_0","21","{""Time"":""2025-11-04 08:52:53"",""UserUUID"":""24710450-a911-11f0-919b-91cc02ee7f04"",""attendance_count"":21,""b.diamond"":883915,""b.ruby"":330,""boxAllCount"":6100,""curserver"":1,""install_day"":""2025-10-14"",""total_payment_amount"":40700,""user_name"":""생즉사사즉생"",""user_rank"":4110,""user_stage"":200}"
"stage_reached_200 (App)","W:20_0A:19_0","7","{""Time"":""2025-11-04 08:03:24"",""UserUUID"":""1c2bfab0-b46b-11f0-b988-f3c0b2707588"",""attendance_count"":7,""b.diamond"":8503,""b.ruby"":0,""boxAllCount"":3380,""curserver"":1,""install_day"":""2025-10-29"",""total_payment_amount"":0,""user_name"":""1144"",""user_rank"":4056,""user_stage"":200}"
"stage_reached_200 (App)","W:23_0A:23_0","5","{""Time"":""2025-11-04 02:03:20"",""UserUUID"":""0bd8bd00-b575-11f0-baf6-d5bbebe4ee7b"",""attendance_count"":5,""b.diamond"":16122,""b.ruby"":0,""boxAllCount"":7570,""curserver"":1,""install_day"":""2025-10-30"",""total_payment_amount"":77000,""user_name"":""스루나"",""user_rank"":4194,""user_stage"":200}"
"stage_reached_200 (App)","W:22_0A:19_0","9","{""Time"":""2025-11-04 00:26:48"",""UserUUID"":""d0aff9f0-ad09-11f0-a9b9-dbbb3d6b3356"",""attendance_count"":9,""b.diamond"":251135,""b.ruby"":0,""boxAllCount"":6070,""curserver"":1,""install_day"":""2025-10-19"",""total_payment_amount"":7700,""user_name"":""킷힝"",""user_rank"":4058,""user_stage"":200}"
"stage_reached_200 (App)","W:21_0A:19_0","6","{""Time"":""2025-11-04 00:21:46"",""UserUUID"":""60e3e460-b57e-11f0-b0b5-0bc85d3df1fd"",""attendance_count"":6,""b.diamond"":1500,""b.ruby"":0,""boxAllCount"":2700,""curserver"":1,""install_day"":""2025-10-30"",""total_payment_amount"":7700,""user_name"":""고냥이출동"",""user_rank"":4098,""user_stage"":200}"
"stage_reached_200 (App)","W:20_0A:19_0","17","{""Time"":""2025-11-03 23:29:27"",""UserUUID"":""7dbd9b40-aaa1-11f0-946a-3534a5d34ce0"",""attendance_count"":17,""b.diamond"":4064,""b.ruby"":0,""boxAllCount"":1530,""curserver"":1,""install_day"":""2025-10-16"",""total_payment_amount"":0,""user_name"":""이거뭐냐"",""user_rank"":4057,""user_stage"":200}"
"stage_reached_200 (App)","W:19_0A:19_0","3","{""Time"":""2025-11-03 22:48:40"",""UserUUID"":""b90202e0-b70d-11f0-ac5a-d37bb054c3c2"",""attendance_count"":3,""b.diamond"":22864,""b.ruby"":0,""boxAllCount"":1110,""curserver"":1,""install_day"":""2025-11-01"",""total_payment_amount"":49500,""user_name"":""민영2임"",""user_rank"":4048,""user_stage"":200}"
"stage_reached_200 (App)","W:19_0A:19_0","6","{""Time"":""2025-11-03 22:21:25"",""UserUUID"":""4e79b150-b48a-11f0-b247-9332640e9ffa"",""attendance_count"":6,""b.diamond"":37814,""b.ruby"":0,""boxAllCount"":2610,""curserver"":1,""install_day"":""2025-10-29"",""total_payment_amount"":7700,""user_name"":""쿠니"",""user_rank"":4049,""user_stage"":200}"
"stage_reached_200 (App)","W:20_0A:19_0","8","{""Time"":""2025-11-03 22:17:21"",""UserUUID"":""02f60c60-b2f0-11f0-b04c-9ba93f509836"",""attendance_count"":8,""b.diamond"":17614,""b.ruby"":0,""boxAllCount"":4750,""curserver"":1,""install_day"":""2025-10-27"",""total_payment_amount"":25300,""user_name"":""우주표류기"",""user_rank"":4055,""user_stage"":200}"
"stage_reached_200 (App)","W:20_0A:19_0","7","{""Time"":""2025-11-03 21:19:45"",""UserUUID"":""7dabbf00-b3b7-11f0-9c03-8b2e4518c440"",""attendance_count"":7,""b.diamond"":71557,""b.ruby"":0,""boxAllCount"":1130,""curserver"":1,""install_day"":""2025-10-28"",""total_payment_amount"":0,""user_name"":""천하무적사자"",""user_rank"":4150,""user_stage"":200}"
"stage_reached_200 (App)","W:21_0A:22_0","19","{""Time"":""2025-11-03 21:09:10"",""UserUUID"":""614c8912-a97c-11f0-b2eb-1741d8f8091b"",""attendance_count"":19,""b.diamond"":255563,""b.ruby"":0,""boxAllCount"":2670,""curserver"":1,""install_day"":""2025-10-15"",""total_payment_amount"":7700,""user_name"":""천혜양"",""user_rank"":4044,""user_stage"":200}"
"stage_reached_200 (App)","W:22_0A:19_0","14","{""Time"":""2025-11-03 20:51:35"",""UserUUID"":""cf636820-ae3a-11f0-9420-f7392c60467c"",""attendance_count"":14,""b.diamond"":47629,""b.ruby"":0,""boxAllCount"":2350,""curserver"":1,""install_day"":""2025-10-21"",""total_payment_amount"":0,""user_name"":""할부인생"",""user_rank"":4144,""user_stage"":200}"
"stage_reached_200 (App)","W:23_0A:20_0","5","{""Time"":""2025-11-03 20:45:59"",""UserUUID"":""9559c080-b500-11f0-ba7e-5f0f2fa746aa"",""attendance_count"":5,""b.diamond"":7044,""b.ruby"":0,""boxAllCount"":6390,""curserver"":1,""install_day"":""2025-10-29"",""total_payment_amount"":52800,""user_name"":""별매"",""user_rank"":4087,""user_stage"":200}"
"stage_reached_200 (App)","W:21_0A:19_0","9","{""Time"":""2025-11-03 19:32:06"",""UserUUID"":""4a2bc0b0-b229-11f0-ba9a-c33c4d4d8891"",""attendance_count"":9,""b.diamond"":102071,""b.ruby"":0,""boxAllCount"":5650,""curserver"":1,""install_day"":""2025-10-26"",""total_payment_amount"":18700,""user_name"":""소운룡"",""user_rank"":4066,""user_stage"":200}"
"stage_reached_200 (App)","W:23_0A:18_0","3","{""Time"":""2025-11-03 18:56:10"",""UserUUID"":""3fdc82c0-b72e-11f0-b87c-4b49b586a0c5"",""attendance_count"":3,""b.diamond"":65232,""b.ruby"":550,""boxAllCount"":1610,""curserver"":1,""install_day"":""2025-11-01"",""total_payment_amount"":66000,""user_name"":""진상이"",""user_rank"":4266,""user_stage"":200}"
"stage_reached_200 (App)","W:22_0A:19_0","9","{""Time"":""2025-11-03 18:39:02"",""UserUUID"":""3730e910-b277-11f0-9166-cd05c4397506"",""attendance_count"":9,""b.diamond"":17535,""b.ruby"":0,""boxAllCount"":1980,""curserver"":1,""install_day"":""2025-10-26"",""total_payment_amount"":7700,""user_name"":""어스름달빛"",""user_rank"":4205,""user_stage"":200}"
"stage_reached_200 (App)","W:20_0A:19_0","13","{""Time"":""2025-11-03 18:06:41"",""UserUUID"":""89e89bf0-ae8d-11f0-9199-778a4d7dc662"",""attendance_count"":13,""b.diamond"":10775,""b.ruby"":0,""boxAllCount"":4270,""curserver"":1,""install_day"":""2025-10-21"",""total_payment_amount"":7700,""user_name"":""카니발차주"",""user_rank"":4122,""user_stage"":200}"
"stage_reached_200 (App)","W:21_0A:20_0","15","{""Time"":""2025-11-03 17:53:14"",""UserUUID"":""795c24c0-9cde-11f0-8bf7-41a460ccd430"",""attendance_count"":15,""b.diamond"":448578,""b.ruby"":0,""boxAllCount"":6230,""curserver"":1,""install_day"":""2025-09-29"",""total_payment_amount"":7700,""user_name"":""엠앤엠즈다크초코"",""user_rank"":4076,""user_stage"":200}"
"stage_reached_200 (App)","W:21_0A:20_0","11","{""Time"":""2025-11-03 16:51:22"",""UserUUID"":""b833cf40-adbe-11f0-88ab-8b379a956166"",""attendance_count"":11,""b.diamond"":11283,""b.ruby"":0,""boxAllCount"":6370,""curserver"":1,""install_day"":""2025-10-20"",""total_payment_amount"":7700,""user_name"":""비두"",""user_rank"":4092,""user_stage"":200}"
"stage_reached_200 (App)","W:23_0A:22_0","4","{""Time"":""2025-11-03 15:29:43"",""UserUUID"":""872650d0-b5a2-11f0-b843-697a469901d8"",""attendance_count"":4,""b.diamond"":41307,""b.ruby"":0,""boxAllCount"":7400,""curserver"":1,""install_day"":""2025-10-30"",""total_payment_amount"":7700,""user_name"":""김진관"",""user_rank"":4040,""user_stage"":200}"
"stage_reached_200 (App)","W:21_0A:23_0","21","{""Time"":""2025-11-03 15:15:03"",""UserUUID"":""51590ca0-a8db-11f0-b6c9-690a6765a14c"",""attendance_count"":21,""b.diamond"":852336,""b.ruby"":0,""boxAllCount"":6130,""curserver"":1,""install_day"":""2025-10-14"",""total_payment_amount"":0,""user_name"":""노인과해산물"",""user_rank"":4058,""user_stage"":200}"
"stage_reached_200 (App)","W:23_0A:19_0","3","{""Time"":""2025-11-03 14:43:52"",""UserUUID"":""df7c7740-b6d9-11f0-bae3-079437fe0678"",""attendance_count"":3,""b.diamond"":8514,""b.ruby"":0,""boxAllCount"":6750,""curserver"":1,""install_day"":""2025-11-01"",""total_payment_amount"":69300,""user_name"":""서산몽키스패너"",""user_rank"":4171,""user_stage"":200}"
"stage_reached_200 (App)","W:22_0A:23_0","12","{""Time"":""2025-11-03 13:41:02"",""UserUUID"":""dca0ea40-afb5-11f0-b752-6971be802c20"",""attendance_count"":12,""b.diamond"":939050,""b.ruby"":0,""boxAllCount"":6100,""curserver"":1,""install_day"":""2025-10-23"",""total_payment_amount"":7700,""user_name"":""우앰"",""user_rank"":4070,""user_stage"":200}"
"stage_reached_200 (App)","W:20_0A:19_0","27","{""Time"":""2025-11-03 13:08:13"",""UserUUID"":""76b23ee0-72b7-11f0-978f-4dc0cad52184"",""attendance_count"":27,""b.diamond"":482070,""b.ruby"":0,""boxAllCount"":1020,""curserver"":1,""install_day"":""2025-08-06"",""total_payment_amount"":0,""user_name"":""steven"",""user_rank"":4056,""user_stage"":200}"
"stage_reached_200 (App)","W:20_0A:19_0","7","{""Time"":""2025-11-03 12:53:00"",""UserUUID"":""21769b40-b3e1-11f0-b5bc-e315b32ef7b1"",""attendance_count"":7,""b.diamond"":1241,""b.ruby"":220,""boxAllCount"":3020,""curserver"":1,""install_day"":""2025-10-28"",""total_payment_amount"":51700,""user_name"":""꿀곰상곰"",""user_rank"":4034,""user_stage"":200}"
"stage_reached_200 (App)","W:20_0A:19_0","12","{""Time"":""2025-11-03 12:50:15"",""UserUUID"":""6fd37840-ae72-11f0-8545-1f88ceef777d"",""attendance_count"":12,""b.diamond"":6591,""b.ruby"":0,""boxAllCount"":1050,""curserver"":1,""install_day"":""2025-10-21"",""total_payment_amount"":0,""user_name"":""추수"",""user_rank"":4099,""user_stage"":200}"
"stage_reached_200 (App)","W:20_0A:23_0","7","{""Time"":""2025-11-03 11:55:57"",""UserUUID"":""77c5d600-b3d7-11f0-be05-d5b9914ee117"",""attendance_count"":7,""b.diamond"":70295,""b.ruby"":0,""boxAllCount"":4440,""curserver"":1,""install_day"":""2025-10-28"",""total_payment_amount"":40700,""user_name"":""생도"",""user_rank"":4142,""user_stage"":200}"
"stage_reached_200 (App)","W:23_0A:21_0","4","{""Time"":""2025-11-03 10:00:41"",""UserUUID"":""67a61640-b5a3-11f0-b843-697a469901d8"",""attendance_count"":4,""b.diamond"":200524,""b.ruby"":0,""boxAllCount"":3020,""curserver"":1,""install_day"":""2025-10-30"",""total_payment_amount"":53900,""user_name"":""골든듀록"",""user_rank"":4083,""user_stage"":200}"
"stage_reached_200 (App)","W:22_0A:19_0","7","{""Time"":""2025-11-03 09:33:42"",""UserUUID"":""4eefb240-b3a6-11f0-be67-4bf6138a2945"",""attendance_count"":7,""b.diamond"":129058,""b.ruby"":0,""boxAllCount"":3320,""curserver"":1,""install_day"":""2025-10-28"",""total_payment_amount"":7700,""user_name"":""그렌"",""user_rank"":4039,""user_stage"":200}"
"stage_reached_200 (App)","W:20_0A:19_0","7","{""Time"":""2025-11-03 08:33:12"",""UserUUID"":""83923250-b399-11f0-bf62-17a6bb5b2e47"",""attendance_count"":7,""b.diamond"":79594,""b.ruby"":0,""boxAllCount"":2510,""curserver"":1,""install_day"":""2025-10-28"",""total_payment_amount"":0,""user_name"":""금장난"",""user_rank"":4033,""user_stage"":200}"
"stage_reached_200 (App)","W:21_0A:20_0","9","{""Time"":""2025-11-03 07:53:18"",""UserUUID"":""cf6baa90-b221-11f0-be13-15adb80cd19b"",""attendance_count"":9,""b.diamond"":61894,""b.ruby"":0,""boxAllCount"":6080,""curserver"":1,""install_day"":""2025-10-26"",""total_payment_amount"":7700,""user_name"":""소보루"",""user_rank"":4033,""user_stage"":200}"
"stage_reached_200 (App)","W:22_0A:20_0","15","{""Time"":""2025-11-03 06:54:26"",""UserUUID"":""1fbfee00-a4a0-11f0-a9ad-7327de6685bf"",""attendance_count"":15,""b.diamond"":471045,""b.ruby"":330,""boxAllCount"":7720,""curserver"":1,""install_day"":""2025-10-08"",""total_payment_amount"":11000,""user_name"":""하니하니"",""user_rank"":4030,""user_stage"":200}"
"stage_reached_200 (App)","W:23_0A:19_0","7","{""Time"":""2025-11-03 05:19:54"",""UserUUID"":""5abc82c0-b102-11f0-91c9-75e87215f9e5"",""attendance_count"":7,""b.diamond"":238150,""b.ruby"":0,""boxAllCount"":1680,""curserver"":1,""install_day"":""2025-10-24"",""total_payment_amount"":7700,""user_name"":""Gongback"",""user_rank"":4107,""user_stage"":200}"
"stage_reached_200 (App)","W:19_0A:19_0","6","{""Time"":""2025-11-03 00:55:30"",""UserUUID"":""10c48ea0-b491-11f0-91e9-3310de5bcc36"",""attendance_count"":6,""b.diamond"":98002,""b.ruby"":0,""boxAllCount"":2760,""curserver"":1,""install_day"":""2025-10-29"",""total_payment_amount"":33000,""user_name"":""purrine"",""user_rank"":4042,""user_stage"":200}"
"stage_reached_200 (App)","W:22_0A:17_0","8","{""Time"":""2025-11-03 00:53:49"",""UserUUID"":""f0650300-b0e0-11f0-8a06-012dcff21027"",""attendance_count"":8,""b.diamond"":216408,""b.ruby"":220,""boxAllCount"":4510,""curserver"":1,""install_day"":""2025-10-24"",""total_payment_amount"":29700,""user_name"":""흑별"",""user_rank"":4191,""user_stage"":200}"
"stage_reached_200 (App)","W:21_0A:22_0","11","{""Time"":""2025-11-03 00:21:05"",""UserUUID"":""204b44a0-ac20-11f0-8058-e706b1a42ba8"",""attendance_count"":11,""b.diamond"":80979,""b.ruby"":0,""boxAllCount"":7960,""curserver"":1,""install_day"":""2025-10-18"",""total_payment_amount"":7700,""user_name"":""은하신룡"",""user_rank"":4304,""user_stage"":200}"
"stage_reached_200 (App)","W:20_0A:22_0","23","{""Time"":""2025-11-02 23:53:09"",""UserUUID"":""fb678db0-a580-11f0-9451-c571302acd94"",""attendance_count"":23,""b.diamond"":711320,""b.ruby"":0,""boxAllCount"":4290,""curserver"":1,""install_day"":""2025-10-10"",""total_payment_amount"":0,""user_name"":""시간을거스르는자"",""user_rank"":4029,""user_stage"":200}"
"stage_reached_200 (App)","W:19_0A:18_0","4","{""Time"":""2025-11-02 21:55:20"",""UserUUID"":""1ab123a0-b4f1-11f0-9bc2-51dca1a62a05"",""attendance_count"":4,""b.diamond"":22831,""b.ruby"":110,""boxAllCount"":3080,""curserver"":1,""install_day"":""2025-10-29"",""total_payment_amount"":40700,""user_name"":""아기야옹이"",""user_rank"":4026,""user_stage"":200}"
"stage_reached_200 (App)","W:22_0A:19_0","8","{""Time"":""2025-11-02 19:50:51"",""UserUUID"":""bbcbce80-b1ad-11f0-9dde-afe2dc580111"",""attendance_count"":8,""b.diamond"":36707,""b.ruby"":220,""boxAllCount"":2560,""curserver"":1,""install_day"":""2025-10-25"",""total_payment_amount"":20900,""user_name"":""서휘"",""user_rank"":4072,""user_stage"":200}"
"stage_reached_200 (App)","W:20_0A:19_0","15","{""Time"":""2025-11-02 19:34:08"",""UserUUID"":""8df15ea0-acfb-11f0-8795-2f3b26e217ea"",""attendance_count"":15,""b.diamond"":12276,""b.ruby"":0,""boxAllCount"":1400,""curserver"":1,""install_day"":""2025-10-19"",""total_payment_amount"":0,""user_name"":""hahe"",""user_rank"":4050,""user_stage"":200}"
"stage_reached_200 (App)","W:19_0A:19_0","5","{""Time"":""2025-11-02 18:05:13"",""UserUUID"":""799c3cb0-b424-11f0-854b-c7cb6620e926"",""attendance_count"":5,""b.diamond"":10635,""b.ruby"":0,""boxAllCount"":1670,""curserver"":1,""install_day"":""2025-10-28"",""total_payment_amount"":7700,""user_name"":""얗흥"",""user_rank"":4033,""user_stage"":200}"
"stage_reached_200 (App)","W:23_0A:19_0","7","{""Time"":""2025-11-02 17:22:57"",""UserUUID"":""976eeba0-b2e1-11f0-91d0-d73d21a53319"",""attendance_count"":7,""b.diamond"":205007,""b.ruby"":0,""boxAllCount"":3390,""curserver"":1,""install_day"":""2025-10-27"",""total_payment_amount"":40700,""user_name"":""fjess8"",""user_rank"":4130,""user_stage"":200}"
"stage_reached_200 (App)","W:23_0A:20_0","22","{""Time"":""2025-11-02 15:36:47"",""UserUUID"":""2d38cdb0-6d3f-11f0-b976-671badd129d8"",""attendance_count"":22,""b.diamond"":3015,""b.ruby"":0,""boxAllCount"":9330,""curserver"":1,""install_day"":""2025-07-30"",""total_payment_amount"":0,""user_name"":""전주시"",""user_rank"":4079,""user_stage"":200}"
"stage_reached_200 (App)","W:20_0A:19_0","10","{""Time"":""2025-11-02 14:45:32"",""UserUUID"":""c599b5d0-6f4f-11f0-ac43-e97313d2b0eb"",""attendance_count"":10,""b.diamond"":164619,""b.ruby"":0,""boxAllCount"":2550,""curserver"":1,""install_day"":""2025-08-02"",""total_payment_amount"":7700,""user_name"":""재재아배"",""user_rank"":4156,""user_stage"":200}"
"stage_reached_200 (App)","W:20_0A:19_0","11","{""Time"":""2025-11-02 14:08:29"",""UserUUID"":""18293dc0-aef2-11f0-83a9-75cd8738bd47"",""attendance_count"":11,""b.diamond"":628795,""b.ruby"":0,""boxAllCount"":4810,""curserver"":1,""install_day"":""2025-10-22"",""total_payment_amount"":7700,""user_name"":""Nimbler"",""user_rank"":4122,""user_stage"":200}"
"stage_reached_200 (App)","W:20_0A:19_0","18","{""Time"":""2025-11-02 13:54:10"",""UserUUID"":""b21d73d0-aa22-11f0-b827-ad139037b7b2"",""attendance_count"":18,""b.diamond"":269244,""b.ruby"":0,""boxAllCount"":6570,""curserver"":1,""install_day"":""2025-10-15"",""total_payment_amount"":0,""user_name"":""바람좀"",""user_rank"":4018,""user_stage"":200}"
"stage_reached_200 (App)","W:22_0A:19_0","9","{""Time"":""2025-11-02 12:58:07"",""UserUUID"":""a93d86b0-b17f-11f0-9846-add0b1408638"",""attendance_count"":9,""b.diamond"":88178,""b.ruby"":0,""boxAllCount"":6650,""curserver"":1,""install_day"":""2025-10-25"",""total_payment_amount"":7700,""user_name"":""No는아이"",""user_rank"":4066,""user_stage"":200}"
"stage_reached_200 (App)","W:23_0A:19_0","16","{""Time"":""2025-11-02 11:29:09"",""UserUUID"":""123b3690-ab71-11f0-8d58-8def2f7c105d"",""attendance_count"":16,""b.diamond"":1139279,""b.ruby"":0,""boxAllCount"":660,""curserver"":1,""install_day"":""2025-10-17"",""total_payment_amount"":7700,""user_name"":""동동프린스"",""user_rank"":4416,""user_stage"":200}"
"stage_reached_200 (App)","W:20_0A:19_0","14","{""Time"":""2025-11-02 10:40:45"",""UserUUID"":""c9c149b0-adbc-11f0-86ae-339cf8999a4f"",""attendance_count"":14,""b.diamond"":36616,""b.ruby"":0,""boxAllCount"":6010,""curserver"":1,""install_day"":""2025-10-20"",""total_payment_amount"":7700,""user_name"":""골반이안멈춰요"",""user_rank"":4025,""user_stage"":200}"
"stage_reached_200 (App)","W:23_0A:19_0","8","{""Time"":""2025-11-02 10:14:24"",""UserUUID"":""38500a90-b1fc-11f0-a527-1b6bbe24abb7"",""attendance_count"":8,""b.diamond"":908197,""b.ruby"":0,""boxAllCount"":570,""curserver"":1,""install_day"":""2025-10-25"",""total_payment_amount"":94600,""user_name"":""zma"",""user_rank"":4362,""user_stage"":200}"
"stage_reached_200 (App)","W:21_0A:22_0","10","{""Time"":""2025-11-02 10:14:04"",""UserUUID"":""cdb88d90-b0c7-11f0-8952-0d8e0fdcd26a"",""attendance_count"":10,""b.diamond"":32983,""b.ruby"":0,""boxAllCount"":5590,""curserver"":1,""install_day"":""2025-10-24"",""total_payment_amount"":0,""user_name"":""Riyuanai"",""user_rank"":4036,""user_stage"":200}"
"stage_reached_200 (App)","W:20_0A:19_0","9","{""Time"":""2025-11-02 09:44:48"",""UserUUID"":""8bfa5110-b052-11f0-a4de-03bfe760573d"",""attendance_count"":9,""b.diamond"":204146,""b.ruby"":0,""boxAllCount"":2610,""curserver"":1,""install_day"":""2025-10-23"",""total_payment_amount"":0,""user_name"":""kadoma"",""user_rank"":4036,""user_stage"":200}"
"stage_reached_200 (App)","W:20_0A:20_0","14","{""Time"":""2025-11-02 09:09:55"",""UserUUID"":""66eafba0-ac37-11f0-92bd-9dd72cae1700"",""attendance_count"":14,""b.diamond"":1022470,""b.ruby"":0,""boxAllCount"":6510,""curserver"":1,""install_day"":""2025-10-18"",""total_payment_amount"":7700,""user_name"":""헤랑"",""user_rank"":4055,""user_stage"":200}"
"stage_reached_200 (App)","W:21_0A:19_0","19","{""Time"":""2025-11-02 08:19:58"",""UserUUID"":""042c5290-a965-11f0-a5f8-09501956ab36"",""attendance_count"":19,""b.diamond"":434093,""b.ruby"":0,""boxAllCount"":6160,""curserver"":1,""install_day"":""2025-10-15"",""total_payment_amount"":7700,""user_name"":""dhkvr"",""user_rank"":4166,""user_stage"":200}"
"stage_reached_200 (App)","W:18_0A:19_0","6","{""Time"":""2025-11-02 08:03:26"",""UserUUID"":""27f8d230-b3eb-11f0-98ce-fd82d2e836e9"",""attendance_count"":6,""b.diamond"":92839,""b.ruby"":0,""boxAllCount"":1520,""curserver"":1,""install_day"":""2025-10-28"",""total_payment_amount"":7700,""user_name"":""테라슬로"",""user_rank"":4066,""user_stage"":200}"
"stage_reached_200 (App)","W:20_0A:19_0","13","{""Time"":""2025-11-02 04:37:07"",""UserUUID"":""448e9d80-ad88-11f0-b752-95620d7e2a54"",""attendance_count"":13,""b.diamond"":22984,""b.ruby"":0,""boxAllCount"":1920,""curserver"":1,""install_day"":""2025-10-20"",""total_payment_amount"":0,""user_name"":""익시퀀스"",""user_rank"":4003,""user_stage"":200}"
"stage_reached_200 (App)","W:22_0A:23_0","5","{""Time"":""2025-11-02 02:36:07"",""UserUUID"":""20648bf0-b4c6-11f0-beac-15d851e14f05"",""attendance_count"":5,""b.diamond"":19370,""b.ruby"":0,""boxAllCount"":3470,""curserver"":1,""install_day"":""2025-10-29"",""total_payment_amount"":11000,""user_name"":""호통"",""user_rank"":4017,""user_stage"":200}"
"stage_reached_200 (App)","W:23_0A:19_0","4","{""Time"":""2025-11-02 01:11:00"",""UserUUID"":""946b3740-b4ff-11f0-b808-f5113cb61998"",""attendance_count"":4,""b.diamond"":981721,""b.ruby"":2640,""boxAllCount"":6400,""curserver"":1,""install_day"":""2025-10-29"",""total_payment_amount"":227700,""user_name"":""웃청"",""user_rank"":4255,""user_stage"":200}"
"stage_reached_200 (App)","W:20_0A:19_0","13","{""Time"":""2025-11-01 23:48:09"",""UserUUID"":""476ae4e0-acf8-11f0-952d-b7ce37295e23"",""attendance_count"":13,""b.diamond"":877609,""b.ruby"":0,""boxAllCount"":2920,""curserver"":1,""install_day"":""2025-10-19"",""total_payment_amount"":0,""user_name"":""아강지"",""user_rank"":4075,""user_stage"":200}"
"stage_reached_200 (App)","W:22_0A:19_0","6","{""Time"":""2025-11-01 22:42:39"",""UserUUID"":""3eaa1510-b27f-11f0-972b-3bf956773a89"",""attendance_count"":6,""b.diamond"":301999,""b.ruby"":0,""boxAllCount"":3990,""curserver"":1,""install_day"":""2025-10-26"",""total_payment_amount"":7700,""user_name"":""이른"",""user_rank"":4075,""user_stage"":200}"
"stage_reached_200 (App)","W:23_0A:23_0","3","{""Time"":""2025-11-01 21:05:20"",""UserUUID"":""d5ba05c0-b598-11f0-97a1-bf45ba21dc64"",""attendance_count"":3,""b.diamond"":190105,""b.ruby"":440,""boxAllCount"":1640,""curserver"":1,""install_day"":""2025-10-30"",""total_payment_amount"":128700,""user_name"":""theELF"",""user_rank"":4053,""user_stage"":200}"
"stage_reached_200 (App)","W:20_0A:19_0","6","{""Time"":""2025-11-01 20:18:35"",""UserUUID"":""393aeea0-b2df-11f0-a7d3-1f2ffd3d3813"",""attendance_count"":6,""b.diamond"":278415,""b.ruby"":220,""boxAllCount"":2500,""curserver"":1,""install_day"":""2025-10-27"",""total_payment_amount"":40700,""user_name"":""양산이기"",""user_rank"":3993,""user_stage"":200}"
"stage_reached_200 (App)","W:20_0A:19_0","9","{""Time"":""2025-11-01 20:08:02"",""UserUUID"":""d5136ba0-aeec-11f0-9281-53bf219d1a2a"",""attendance_count"":9,""b.diamond"":7599,""b.ruby"":0,""boxAllCount"":1260,""curserver"":1,""install_day"":""2025-10-22"",""total_payment_amount"":7700,""user_name"":""빈부지"",""user_rank"":3997,""user_stage"":200}"
"stage_reached_200 (App)","W:19_0A:19_0","6","{""Time"":""2025-11-01 17:48:42"",""UserUUID"":""76b6a510-b2c8-11f0-91e2-65e792c191c9"",""attendance_count"":6,""b.diamond"":10379,""b.ruby"":0,""boxAllCount"":1560,""curserver"":1,""install_day"":""2025-10-27"",""total_payment_amount"":0,""user_name"":""동학농민군"",""user_rank"":4007,""user_stage"":200}"
"stage_reached_200 (App)","W:20_0A:19_0","6","{""Time"":""2025-11-01 17:24:54"",""UserUUID"":""393aeea0-b2df-11f0-a7d3-1f2ffd3d3813"",""attendance_count"":6,""b.diamond"":263571,""b.ruby"":220,""boxAllCount"":2500,""curserver"":1,""install_day"":""2025-10-27"",""total_payment_amount"":40700,""user_name"":""양산이기"",""user_rank"":4114,""user_stage"":200}"
"stage_reached_200 (App)","W:20_0A:19_0","16","{""Time"":""2025-11-01 16:01:45"",""UserUUID"":""16045db0-a5f9-11f0-9a4c-21642e795e46"",""attendance_count"":16,""b.diamond"":217299,""b.ruby"":0,""boxAllCount"":3170,""curserver"":1,""install_day"":""2025-10-10"",""total_payment_amount"":0,""user_name"":""삼봉정도전"",""user_rank"":4026,""user_stage"":200}"
"stage_reached_200 (App)","W:22_0A:19_0","6","{""Time"":""2025-11-01 15:58:49"",""UserUUID"":""d09ff4e0-b31e-11f0-8f8a-97841f840c2a"",""attendance_count"":6,""b.diamond"":86863,""b.ruby"":0,""boxAllCount"":3780,""curserver"":1,""install_day"":""2025-10-27"",""total_payment_amount"":7700,""user_name"":""훈도"",""user_rank"":4111,""user_stage"":200}"
"stage_reached_200 (App)","W:20_0A:19_0","70","{""Time"":""2025-11-01 15:08:04"",""UserUUID"":""80848830-af92-11ef-b543-cbbf953b5fb8"",""attendance_count"":70,""b.diamond"":6449506,""b.ruby"":0,""boxAllCount"":4250,""curserver"":0,""install_day"":""2024-12-01"",""total_payment_amount"":7700,""user_name"":""일성무신"",""user_rank"":346,""user_stage"":200}"
"stage_reached_200 (App)","W:22_0A:20_0","5","{""Time"":""2025-11-01 13:31:29"",""UserUUID"":""a212be40-b3e7-11f0-b51f-3d89ad40d5c9"",""attendance_count"":5,""b.diamond"":50651,""b.ruby"":0,""boxAllCount"":3940,""curserver"":1,""install_day"":""2025-10-28"",""total_payment_amount"":11000,""user_name"":""세종대앙"",""user_rank"":4039,""user_stage"":200}"
"stage_reached_200 (App)","W:22_0A:19_0","18","{""Time"":""2025-11-01 13:02:44"",""UserUUID"":""8ae9cc60-a747-11f0-9f73-65dc09e1a8e5"",""attendance_count"":18,""b.diamond"":13498,""b.ruby"":0,""boxAllCount"":1200,""curserver"":1,""install_day"":""2025-10-12"",""total_payment_amount"":0,""user_name"":""태일신"",""user_rank"":4025,""user_stage"":200}"
"stage_reached_200 (App)","W:20_0A:21_0","12","{""Time"":""2025-11-01 10:39:51"",""UserUUID"":""c9aff640-ae59-11f0-8545-1f88ceef777d"",""attendance_count"":12,""b.diamond"":176468,""b.ruby"":0,""boxAllCount"":8160,""curserver"":1,""install_day"":""2025-10-21"",""total_payment_amount"":7700,""user_name"":""따봉아범"",""user_rank"":4001,""user_stage"":200}"
"stage_reached_200 (App)","W:22_0A:19_0","6","{""Time"":""2025-11-01 09:59:58"",""UserUUID"":""78b504c0-b2d6-11f0-91d0-d73d21a53319"",""attendance_count"":6,""b.diamond"":105225,""b.ruby"":0,""boxAllCount"":2490,""curserver"":1,""install_day"":""2025-10-27"",""total_payment_amount"":7700,""user_name"":""단군왕건이"",""user_rank"":4001,""user_stage"":200}"
"stage_reached_200 (App)","W:20_0A:21_0","15","{""Time"":""2025-11-01 08:35:36"",""UserUUID"":""3975f630-ac18-11f0-8d58-8def2f7c105d"",""attendance_count"":15,""b.diamond"":50162,""b.ruby"":0,""boxAllCount"":6610,""curserver"":1,""install_day"":""2025-10-18"",""total_payment_amount"":0,""user_name"":""보브찬친"",""user_rank"":4015,""user_stage"":200}"
"stage_reached_200 (App)","W:21_0A:22_0","7","{""Time"":""2025-11-01 08:02:19"",""UserUUID"":""45be6000-b21f-11f0-8907-2764556adf28"",""attendance_count"":7,""b.diamond"":169107,""b.ruby"":0,""boxAllCount"":3980,""curserver"":1,""install_day"":""2025-10-26"",""total_payment_amount"":8800,""user_name"":""우역거"",""user_rank"":3988,""user_stage"":200}"
"stage_reached_200 (App)","W:20_0A:20_0","19","{""Time"":""2025-11-01 07:39:16"",""UserUUID"":""efaa1980-a8b3-11f0-9abe-d9aaf154d6fe"",""attendance_count"":19,""b.diamond"":56530,""b.ruby"":0,""boxAllCount"":2580,""curserver"":1,""install_day"":""2025-10-14"",""total_payment_amount"":0,""user_name"":""sks"",""user_rank"":4025,""user_stage"":200}"
"stage_reached_200 (App)","W:21_0A:22_0","5","{""Time"":""2025-11-01 06:37:22"",""UserUUID"":""23577820-b400-11f0-bb1e-4ddf68d9373c"",""attendance_count"":5,""b.diamond"":34263,""b.ruby"":0,""boxAllCount"":2520,""curserver"":1,""install_day"":""2025-10-28"",""total_payment_amount"":7700,""user_name"":""온달장군"",""user_rank"":4039,""user_stage"":200}"
"stage_reached_200 (App)","W:20_0A:18_0","11","{""Time"":""2025-11-01 06:41:11"",""UserUUID"":""79c62dc0-ae90-11f0-a1e6-9dc7f0508c51"",""attendance_count"":11,""b.diamond"":153608,""b.ruby"":0,""boxAllCount"":3960,""curserver"":1,""install_day"":""2025-10-21"",""total_payment_amount"":7700,""user_name"":""어쩌다별빛"",""user_rank"":4013,""user_stage"":200}"
"stage_reached_200 (App)","W:23_0A:20_0","7","{""Time"":""2025-11-01 03:26:52"",""UserUUID"":""17f3e860-b1d0-11f0-a83d-3fb8ac71d809"",""attendance_count"":7,""b.diamond"":13775,""b.ruby"":0,""boxAllCount"":8620,""curserver"":1,""install_day"":""2025-10-25"",""total_payment_amount"":11000,""user_name"":""gytfdfg"",""user_rank"":3982,""user_stage"":200}"
"stage_reached_200 (App)","W:23_0A:19_0","10","{""Time"":""2025-11-01 02:27:53"",""UserUUID"":""4e6e2fb0-af94-11f0-83a9-75cd8738bd47"",""attendance_count"":10,""b.diamond"":628060,""b.ruby"":1430,""boxAllCount"":2530,""curserver"":1,""install_day"":""2025-10-22"",""total_payment_amount"":150700,""user_name"":""모용외"",""user_rank"":4023,""user_stage"":200}"
"stage_reached_200 (App)","W:22_0A:22_0","16","{""Time"":""2025-11-01 00:36:16"",""UserUUID"":""842b6830-a82c-11f0-a7b5-01608f57ed31"",""attendance_count"":16,""b.diamond"":499058,""b.ruby"":0,""boxAllCount"":7540,""curserver"":1,""install_day"":""2025-10-13"",""total_payment_amount"":0,""user_name"":""구름바다"",""user_rank"":3993,""user_stage"":200}"
