Event Category,Event Action,Event Label,Custom Event Properties,,,,,,,,,,,,,,,,,,,,,,,
stage_reached_500 (App),W:23_0A:23_0,42,"{""Time""",2025-11-30 16:45,UserUUID,33132b00-adb7-11f0-a3c7-058572531315,attendance_count,42,b.diamond,1439779,b.ruby,0,boxAllCount,19720,curserver,1,install_day,2025-10-20,total_payment_amount,191400,user_name,곰선생,user_rank,1609,user_stage,500}
stage_reached_500 (App),W:22_0A:23_0,67,"{""Time""",2025-11-30 11:56,UserUUID,1803d500-99b5-11f0-88fa-db1a2e80747b,attendance_count,67,b.diamond,1517016,b.ruby,0,boxAllCount,7760,curserver,1,install_day,2025-09-25,total_payment_amount,7700,user_name,이쁜콜라,user_rank,1614,user_stage,500}
stage_reached_500 (App),W:23_0A:19_0,58,"{""Time""",2025-11-30 11:54,UserUUID,d62f5b60-a024-11f0-8057-e96164e29cdc,attendance_count,58,b.diamond,1016,b.ruby,0,boxAllCount,4640,curserver,1,install_day,2025-10-03,total_payment_amount,36300,user_name,댕청한뭉치,user_rank,1587,user_stage,500}
stage_reached_500 (App),W:23_0A:20_0,64,"{""Time""",2025-11-30 7:35,UserUUID,bb9b4400-9c35-11f0-be99-592a843e3253,attendance_count,64,b.diamond,3662,b.ruby,0,boxAllCount,10670,curserver,1,install_day,2025-09-28,total_payment_amount,7700,user_name,전령,user_rank,1586,user_stage,500}
stage_reached_500 (App),W:22_0A:22_0,78,"{""Time""",2025-11-30 4:16,UserUUID,6a961090-880c-11f0-99a2-3dbbe2e98f50,attendance_count,78,b.diamond,458880,b.ruby,0,boxAllCount,11670,curserver,1,install_day,2025-09-02,total_payment_amount,7700,user_name,혀늬,user_rank,1582,user_stage,500}
stage_reached_500 (App),W:23_0A:21_0,89,"{""Time""",2025-11-29 22:32,UserUUID,a93e0810-879f-11f0-a175-69a635a979c8,attendance_count,89,b.diamond,3980309,b.ruby,0,boxAllCount,21530,curserver,1,install_day,2025-09-02,total_payment_amount,7700,user_name,지금시작,user_rank,1635,user_stage,500}
stage_reached_500 (App),W:23_0A:19_0,34,"{""Time""",2025-11-29 21:16,UserUUID,75f29c60-b205-11f0-aa48-e9a698a63226,attendance_count,34,b.diamond,237060,b.ruby,330,boxAllCount,3420,curserver,1,install_day,2025-10-26,total_payment_amount,348700,user_name,채선생,user_rank,1624,user_stage,500}
stage_reached_500 (App),W:22_0A:22_0,45,"{""Time""",2025-11-29 19:52,UserUUID,f8179e00-aa23-11f0-ad48-b537ca6ad785,attendance_count,45,b.diamond,183561,b.ruby,0,boxAllCount,6880,curserver,1,install_day,2025-10-16,total_payment_amount,95700,user_name,김누렁,user_rank,1580,user_stage,500}
stage_reached_500 (App),W:22_0A:20_0,77,"{""Time""",2025-11-29 18:40,UserUUID,27b0b9d0-9106-11f0-9710-516fe168e51d,attendance_count,77,b.diamond,83963,b.ruby,0,boxAllCount,4500,curserver,1,install_day,2025-09-14,total_payment_amount,7700,user_name,고라니사육사,user_rank,1579,user_stage,500}
stage_reached_500 (App),W:23_0A:19_0,80,"{""Time""",2025-11-29 18:07,UserUUID,b604b600-8ecc-11f0-9a7e-a56e29ad938b,attendance_count,80,b.diamond,154435,b.ruby,0,boxAllCount,3920,curserver,1,install_day,2025-09-11,total_payment_amount,7700,user_name,청출어랍쇼,user_rank,1568,user_stage,500}
stage_reached_500 (App),W:22_0A:22_0,50,"{""Time""",2025-11-29 16:39,UserUUID,a59d3590-a5e6-11f0-a3f8-a3ce02762dcb,attendance_count,50,b.diamond,38543,b.ruby,0,boxAllCount,6460,curserver,1,install_day,2025-10-10,total_payment_amount,29700,user_name,겁쟁이사자,user_rank,1661,user_stage,500}
stage_reached_500 (App),W:23_0A:22_0,57,"{""Time""",2025-11-29 11:25,UserUUID,a8ba5f10-a08b-11f0-9315-2790b9726c56,attendance_count,57,b.diamond,199780,b.ruby,0,boxAllCount,8880,curserver,1,install_day,2025-10-03,total_payment_amount,150700,user_name,산들바람,user_rank,1597,user_stage,500}
stage_reached_500 (App),W:22_0A:20_0,58,"{""Time""",2025-11-29 11:24,UserUUID,649fe000-9e8a-11f0-ae22-f3c5d7ee3c1d,attendance_count,58,b.diamond,387015,b.ruby,0,boxAllCount,8140,curserver,1,install_day,2025-10-01,total_payment_amount,7700,user_name,헬리,user_rank,1575,user_stage,500}
stage_reached_500 (App),W:23_0A:19_0,65,"{""Time""",2025-11-29 9:13,UserUUID,33b23aa0-95d0-11f0-88ba-537d8e99bc5a,attendance_count,65,b.diamond,619370,b.ruby,0,boxAllCount,9210,curserver,1,install_day,2025-09-20,total_payment_amount,18700,user_name,이녁,user_rank,1574,user_stage,500}
stage_reached_500 (App),W:24_1A:23_0,55,"{""Time""",2025-11-29 3:36,UserUUID,4bf19a60-a2c4-11f0-8954-79629ba203d8,attendance_count,55,b.diamond,161778,b.ruby,0,boxAllCount,29660,curserver,1,install_day,2025-10-06,total_payment_amount,416900,user_name,GabeL,user_rank,1571,user_stage,500}
stage_reached_500 (App),W:21_0A:21_0,127,"{""Time""",2025-11-29 3:34,UserUUID,afd800a0-69f8-11f0-9adb-01ec0e539aaf,attendance_count,127,b.diamond,4985671,b.ruby,0,boxAllCount,18040,curserver,1,install_day,2025-07-26,total_payment_amount,7700,user_name,해결사헥사,user_rank,1716,user_stage,500}
stage_reached_500 (App),W:22_0A:19_0,125,"{""Time""",2025-11-29 2:07,UserUUID,b2163840-6ba2-11f0-a181-7d0fbb0b8246,attendance_count,125,b.diamond,21599,b.ruby,0,boxAllCount,6290,curserver,1,install_day,2025-07-28,total_payment_amount,0,user_name,mg42,user_rank,1569,user_stage,500}
stage_reached_500 (App),W:23_0A:22_0,87,"{""Time""",2025-11-29 1:53,UserUUID,43e3da50-8743-11f0-96d2-414270e3bfe3,attendance_count,87,b.diamond,251718,b.ruby,0,boxAllCount,6090,curserver,1,install_day,2025-09-01,total_payment_amount,0,user_name,땡준이,user_rank,1573,user_stage,500}
stage_reached_500 (App),W:23_0A:21_0,56,"{""Time""",2025-11-29 1:44,UserUUID,c255e6b0-a13a-11f0-8710-edca76847c8b,attendance_count,56,b.diamond,15478,b.ruby,0,boxAllCount,17470,curserver,1,install_day,2025-10-04,total_payment_amount,139700,user_name,오티피고프스,user_rank,1714,user_stage,500}
stage_reached_500 (App),W:23_0A:20_0,22,"{""Time""",2025-11-29 0:52,UserUUID,b72d3e10-bc4b-11f0-bd87-2d32c54c0cba,attendance_count,22,b.diamond,5736,b.ruby,40,boxAllCount,8280,curserver,1,install_day,2025-11-08,total_payment_amount,573100,user_name,소밤,user_rank,1565,user_stage,500}
stage_reached_500 (App),W:23_0A:22_0,61,"{""Time""",2025-11-28 23:52,UserUUID,63f873d0-9cc6-11f0-a6b3-a50abed2bb5a,attendance_count,61,b.diamond,55751,b.ruby,0,boxAllCount,6970,curserver,1,install_day,2025-09-28,total_payment_amount,7700,user_name,대끼리,user_rank,1602,user_stage,500}
stage_reached_500 (App),W:23_0A:19_0,49,"{""Time""",2025-11-28 21:31,UserUUID,8a683d60-a6a4-11f0-a841-995da90f7620,attendance_count,49,b.diamond,10203,b.ruby,0,boxAllCount,4430,curserver,1,install_day,2025-10-11,total_payment_amount,62700,user_name,듀드,user_rank,1570,user_stage,500}
stage_reached_500 (App),W:22_0A:23_0,79,"{""Time""",2025-11-28 21:22,UserUUID,3f70d0d0-e294-11ef-9245-8ffe3887f60f,attendance_count,79,b.diamond,200145,b.ruby,0,boxAllCount,6830,curserver,0,install_day,2025-02-04,total_payment_amount,25300,user_name,와우아이,user_rank,219,user_stage,500}
stage_reached_500 (App),W:21_0A:22_0,82,"{""Time""",2025-11-28 21:19,UserUUID,ca50cd30-88d5-11f0-b0ee-a70f301349fe,attendance_count,82,b.diamond,197241,b.ruby,0,boxAllCount,7010,curserver,1,install_day,2025-09-03,total_payment_amount,7700,user_name,짯응,user_rank,1894,user_stage,500}
stage_reached_500 (App),W:23_0A:19_0,82,"{""Time""",2025-11-28 18:29,UserUUID,21d7c350-8076-11f0-9fb4-83a9b8268b82,attendance_count,82,b.diamond,499339,b.ruby,0,boxAllCount,6200,curserver,1,install_day,2025-08-23,total_payment_amount,7700,user_name,메이너,user_rank,1643,user_stage,500}
stage_reached_500 (App),W:23_0A:22_0,113,"{""Time""",2025-11-28 15:46,UserUUID,2a6c95d0-dba9-11ef-8c9e-2f550fcbb0ac,attendance_count,113,b.diamond,366858,b.ruby,0,boxAllCount,14130,curserver,0,install_day,2025-01-26,total_payment_amount,0,user_name,제갈명월,user_rank,217,user_stage,500}
stage_reached_500 (App),W:23_0A:20_0,96,"{""Time""",2025-11-28 13:12,UserUUID,95830fc0-7bef-11f0-9b4b-d1d630a60e88,attendance_count,96,b.diamond,655213,b.ruby,0,boxAllCount,11780,curserver,1,install_day,2025-08-18,total_payment_amount,7700,user_name,이현아빠,user_rank,1562,user_stage,500}
stage_reached_500 (App),W:23_0A:23_0,70,"{""Time""",2025-11-28 12:39,UserUUID,c478da60-958c-11f0-a4a0-9529ae16d8bb,attendance_count,70,b.diamond,188902,b.ruby,0,boxAllCount,17240,curserver,1,install_day,2025-09-19,total_payment_amount,7700,user_name,마리나리,user_rank,1565,user_stage,500}
stage_reached_500 (App),W:23_0A:21_0,118,"{""Time""",2025-11-28 9:50,UserUUID,e8165360-6f41-11f0-9723-733fa094f405,attendance_count,118,b.diamond,11009841,b.ruby,0,boxAllCount,5560,curserver,1,install_day,2025-08-02,total_payment_amount,7700,user_name,캐드,user_rank,1564,user_stage,500}
stage_reached_500 (App),W:23_0A:20_0,85,"{""Time""",2025-11-28 7:36,UserUUID,39d2caf0-89e4-11f0-8545-37061fbb8ec1,attendance_count,85,b.diamond,414244,b.ruby,0,boxAllCount,8610,curserver,1,install_day,2025-09-04,total_payment_amount,7700,user_name,악의마음,user_rank,1593,user_stage,500}
stage_reached_500 (App),W:24_1A:23_0,18,"{""Time""",2025-11-28 1:48,UserUUID,eb258750-bea2-11f0-ba08-4d31aa62ab6f,attendance_count,18,b.diamond,13418,b.ruby,0,boxAllCount,10200,curserver,1,install_day,2025-11-11,total_payment_amount,596200,user_name,황정미니,user_rank,1750,user_stage,500}
stage_reached_500 (App),W:24_1A:23_0,124,"{""Time""",2025-11-28 1:18,UserUUID,f1f16021-6b57-11f0-8113-eb4cb292d581,attendance_count,124,b.diamond,3556859,b.ruby,0,boxAllCount,12510,curserver,1,install_day,2025-07-28,total_payment_amount,7700,user_name,한량성이,user_rank,1582,user_stage,500}
stage_reached_500 (App),W:23_0A:22_0,80,"{""Time""",2025-11-28 0:41,UserUUID,a34672a0-73c5-11f0-b8ef-5981db9dfd30,attendance_count,80,b.diamond,187309,b.ruby,0,boxAllCount,8460,curserver,1,install_day,2025-08-07,total_payment_amount,7700,user_name,밤나비아,user_rank,1561,user_stage,500}
stage_reached_500 (App),W:24_0A:22_0,61,"{""Time""",2025-11-27 21:39,UserUUID,4c733a20-9987-11f0-81d8-9df7a2d02b50,attendance_count,61,b.diamond,248718,b.ruby,0,boxAllCount,8430,curserver,1,install_day,2025-09-24,total_payment_amount,105600,user_name,달달한핫소스,user_rank,1581,user_stage,500}
stage_reached_500 (App),W:23_0A:22_0,120,"{""Time""",2025-11-27 20:25,UserUUID,8ce00c40-649a-11f0-829b-d50781ca76af,attendance_count,120,b.diamond,710714,b.ruby,0,boxAllCount,10110,curserver,1,install_day,2025-07-19,total_payment_amount,7700,user_name,손가락원숭이,user_rank,1950,user_stage,500}
stage_reached_500 (App),W:23_0A:23_0,92,"{""Time""",2025-11-27 18:05,UserUUID,d4e74f60-8085-11f0-b5cf-59183f275e62,attendance_count,92,b.diamond,314257,b.ruby,0,boxAllCount,16470,curserver,1,install_day,2025-08-24,total_payment_amount,7700,user_name,발록,user_rank,1590,user_stage,500}
stage_reached_500 (App),W:20_0A:19_0,52,"{""Time""",2025-11-27 12:06,UserUUID,6dd5e790-a30e-11f0-b67d-55456c8bd3ff,attendance_count,52,b.diamond,150756,b.ruby,0,boxAllCount,2360,curserver,1,install_day,2025-10-06,total_payment_amount,7700,user_name,니니도가,user_rank,1555,user_stage,500}
stage_reached_500 (App),W:23_0A:21_0,76,"{""Time""",2025-11-27 11:51,UserUUID,44b5c941-8fa7-11f0-965f-29dc59a64dc6,attendance_count,76,b.diamond,299026,b.ruby,0,boxAllCount,19870,curserver,1,install_day,2025-09-12,total_payment_amount,40700,user_name,홈키파사과향,user_rank,1556,user_stage,500}
stage_reached_500 (App),W:23_0A:23_0,25,"{""Time""",2025-11-27 10:18,UserUUID,8fed69e0-b879-11f0-8110-6f9a2b09a555,attendance_count,25,b.diamond,262896,b.ruby,110,boxAllCount,8840,curserver,1,install_day,2025-11-03,total_payment_amount,471900,user_name,강화법사,user_rank,1554,user_stage,500}
stage_reached_500 (App),W:22_0A:19_0,79,"{""Time""",2025-11-27 6:28,UserUUID,35c8bae0-8ad5-11f0-a59e-f5b0c5b25d5f,attendance_count,79,b.diamond,275238,b.ruby,0,boxAllCount,4310,curserver,1,install_day,2025-09-06,total_payment_amount,7700,user_name,아이젠,user_rank,1551,user_stage,500}
stage_reached_500 (App),W:24_0A:22_0,43,"{""Time""",2025-11-27 2:24,UserUUID,10d74960-aa77-11f0-ba35-b7216c1bad3c,attendance_count,43,b.diamond,2855,b.ruby,0,boxAllCount,2960,curserver,1,install_day,2025-10-16,total_payment_amount,132000,user_name,공민기,user_rank,1542,user_stage,500}
stage_reached_500 (App),W:22_0A:20_0,19,"{""Time""",2025-11-27 1:02,UserUUID,1d98ed60-b9eb-11f0-9bc0-97edea8f5423,attendance_count,19,b.diamond,2194,b.ruby,1540,boxAllCount,8870,curserver,1,install_day,2025-11-05,total_payment_amount,776600,user_name,빼꼼이야,user_rank,1553,user_stage,500}
stage_reached_500 (App),W:22_0A:23_0,116,"{""Time""",2025-11-26 20:52,UserUUID,2532a060-6ce9-11f0-9497-07950a6b2df0,attendance_count,116,b.diamond,2358567,b.ruby,0,boxAllCount,12210,curserver,1,install_day,2025-07-30,total_payment_amount,7700,user_name,삼성의별,user_rank,1541,user_stage,500}
stage_reached_500 (App),W:23_0A:21_0,75,"{""Time""",2025-11-26 11:21,UserUUID,06f62a00-8fd4-11f0-9be0-55f859459429,attendance_count,75,b.diamond,157885,b.ruby,0,boxAllCount,9440,curserver,1,install_day,2025-09-12,total_payment_amount,7700,user_name,팔진격,user_rank,1937,user_stage,500}
stage_reached_500 (App),W:23_0A:20_0,66,"{""Time""",2025-11-26 11:03,UserUUID,3970c500-96ee-11f0-930d-e9fb2d814dec,attendance_count,66,b.diamond,1049359,b.ruby,0,boxAllCount,12400,curserver,1,install_day,2025-09-21,total_payment_amount,29700,user_name,신컨트리,user_rank,1779,user_stage,500}
stage_reached_500 (App),W:22_0A:20_0,123,"{""Time""",2025-11-26 9:31,UserUUID,e7bc1db0-6536-11f0-a15d-6fd1b18d9c14,attendance_count,123,b.diamond,11391,b.ruby,0,boxAllCount,11230,curserver,1,install_day,2025-07-20,total_payment_amount,0,user_name,바쿠,user_rank,1566,user_stage,500}
stage_reached_500 (App),W:23_0A:22_0,77,"{""Time""",2025-11-26 8:14,UserUUID,1640c3f0-8f0f-11f0-a2c5-4fbc29b76b45,attendance_count,77,b.diamond,10292,b.ruby,0,boxAllCount,16980,curserver,1,install_day,2025-09-11,total_payment_amount,7700,user_name,8366727,user_rank,1566,user_stage,500}
stage_reached_500 (App),W:22_0A:20_0,64,"{""Time""",2025-11-26 8:05,UserUUID,050e0170-9558-11f0-8cff-953e81268a72,attendance_count,64,b.diamond,29515,b.ruby,0,boxAllCount,6370,curserver,1,install_day,2025-09-19,total_payment_amount,7700,user_name,최가미로,user_rank,1507,user_stage,500}
stage_reached_500 (App),W:23_0A:22_0,60,"{""Time""",2025-11-26 7:31,UserUUID,262fb9d0-9c64-11f0-be99-592a843e3253,attendance_count,60,b.diamond,210220,b.ruby,0,boxAllCount,17340,curserver,1,install_day,2025-09-28,total_payment_amount,7700,user_name,에스플랜,user_rank,1542,user_stage,500}
stage_reached_500 (App),W:22_0A:19_0,62,"{""Time""",2025-11-26 2:29,UserUUID,d2fa7860-9a40-11f0-baff-6196da93eeb9,attendance_count,62,b.diamond,354267,b.ruby,0,boxAllCount,3810,curserver,1,install_day,2025-09-25,total_payment_amount,18700,user_name,도라이야,user_rank,1518,user_stage,500}
stage_reached_500 (App),W:23_0A:20_0,82,"{""Time""",2025-11-26 1:51,UserUUID,323e1440-8b27-11f0-beac-27a7871a369e,attendance_count,82,b.diamond,493759,b.ruby,2200,boxAllCount,7460,curserver,1,install_day,2025-09-06,total_payment_amount,154000,user_name,판테라,user_rank,1528,user_stage,500}
stage_reached_500 (App),W:21_0A:21_0,53,"{""Time""",2025-11-26 1:04,UserUUID,54097350-a14b-11f0-b7ba-13198bef3a5a,attendance_count,53,b.diamond,272719,b.ruby,660,boxAllCount,17930,curserver,1,install_day,2025-10-04,total_payment_amount,414700,user_name,경자친구,user_rank,1513,user_stage,500}
stage_reached_500 (App),W:23_0A:19_0,48,"{""Time""",2025-11-26 0:59,UserUUID,a07791c0-a576-11f0-95a1-3388269e1b2b,attendance_count,48,b.diamond,48871,b.ruby,0,boxAllCount,3130,curserver,1,install_day,2025-10-10,total_payment_amount,7700,user_name,카이블루,user_rank,1577,user_stage,500}
stage_reached_500 (App),W:23_0A:20_0,75,"{""Time""",2025-11-26 0:57,UserUUID,7a196570-9055-11f0-b322-ef4ad584af25,attendance_count,75,b.diamond,106872,b.ruby,0,boxAllCount,8000,curserver,1,install_day,2025-09-13,total_payment_amount,7700,user_name,누노사,user_rank,1540,user_stage,500}
stage_reached_500 (App),W:23_0A:20_0,53,"{""Time""",2025-11-26 0:34,UserUUID,033cdb00-a179-11f0-b2b0-09829a872268,attendance_count,53,b.diamond,10506,b.ruby,0,boxAllCount,12990,curserver,1,install_day,2025-10-04,total_payment_amount,22000,user_name,잉잉츄리,user_rank,1524,user_stage,500}
stage_reached_500 (App),W:23_0A:23_0,66,"{""Time""",2025-11-25 19:48,UserUUID,d44c8c01-96ec-11f0-af14-c76fc3ecc932,attendance_count,66,b.diamond,153472,b.ruby,110,boxAllCount,11350,curserver,1,install_day,2025-09-21,total_payment_amount,18700,user_name,공이공,user_rank,1625,user_stage,500}
stage_reached_500 (App),W:23_0A:23_0,90,"{""Time""",2025-11-25 19:47,UserUUID,1f6fc560-80b5-11f0-9757-914654f74dd9,attendance_count,90,b.diamond,1691572,b.ruby,0,boxAllCount,18830,curserver,1,install_day,2025-08-24,total_payment_amount,18700,user_name,그레이세이야,user_rank,1534,user_stage,500}
stage_reached_500 (App),W:22_0A:22_0,67,"{""Time""",2025-11-25 18:31,UserUUID,f8ab4100-9623-11f0-b10a-5d20ea5efba9,attendance_count,67,b.diamond,1208123,b.ruby,0,boxAllCount,4930,curserver,1,install_day,2025-09-20,total_payment_amount,7700,user_name,미후,user_rank,1558,user_stage,500}
stage_reached_500 (App),W:23_0A:23_0,68,"{""Time""",2025-11-25 13:47,UserUUID,a1c79ae0-952f-11f0-aea7-67e7d826a251,attendance_count,68,b.diamond,161612,b.ruby,110,boxAllCount,16870,curserver,1,install_day,2025-09-19,total_payment_amount,305800,user_name,주삐리나,user_rank,1530,user_stage,500}
stage_reached_500 (App),W:22_0A:20_0,67,"{""Time""",2025-11-25 13:17,UserUUID,c1804590-92f4-11f0-92f5-91802e6523d3,attendance_count,67,b.diamond,250136,b.ruby,0,boxAllCount,8210,curserver,1,install_day,2025-09-16,total_payment_amount,7700,user_name,홍태식,user_rank,1572,user_stage,500}
stage_reached_500 (App),W:23_0A:20_0,65,"{""Time""",2025-11-25 12:34,UserUUID,63bdf7e0-985d-11f0-8e72-41c51f68a0f8,attendance_count,65,b.diamond,20282,b.ruby,0,boxAllCount,4370,curserver,1,install_day,2025-09-23,total_payment_amount,7700,user_name,카로사,user_rank,1530,user_stage,500}
stage_reached_500 (App),W:23_0A:22_0,91,"{""Time""",2025-11-25 12:09,UserUUID,438ff420-8244-11f0-aa47-75514399207f,attendance_count,91,b.diamond,164692,b.ruby,0,boxAllCount,20130,curserver,1,install_day,2025-08-26,total_payment_amount,7700,user_name,맹물,user_rank,1615,user_stage,500}
stage_reached_500 (App),W:23_0A:22_0,62,"{""Time""",2025-11-25 7:28,UserUUID,f3ee5d10-99c4-11f0-b35d-1173fb9470fa,attendance_count,62,b.diamond,213431,b.ruby,0,boxAllCount,4310,curserver,1,install_day,2025-09-25,total_payment_amount,7700,user_name,알페르노,user_rank,1522,user_stage,500}
stage_reached_500 (App),W:22_0A:20_0,54,"{""Time""",2025-11-25 3:12,UserUUID,a3cf72c0-9ff9-11f0-8279-4941b6b1a3ad,attendance_count,54,b.diamond,931334,b.ruby,0,boxAllCount,8080,curserver,1,install_day,2025-10-03,total_payment_amount,7700,user_name,요분질,user_rank,1529,user_stage,500}
stage_reached_500 (App),W:23_0A:22_0,72,"{""Time""",2025-11-25 2:20,UserUUID,1caf1460-91f0-11f0-a81a-b78643213501,attendance_count,72,b.diamond,505647,b.ruby,0,boxAllCount,8180,curserver,1,install_day,2025-09-15,total_payment_amount,7700,user_name,마족준이,user_rank,1568,user_stage,500}
stage_reached_500 (App),W:22_0A:19_0,51,"{""Time""",2025-11-25 0:40,UserUUID,3575e430-a274-11f0-af10-cf17fe4a376e,attendance_count,51,b.diamond,176265,b.ruby,0,boxAllCount,2980,curserver,1,install_day,2025-10-06,total_payment_amount,9900,user_name,다요미,user_rank,1492,user_stage,500}
stage_reached_500 (App),W:22_0A:20_0,53,"{""Time""",2025-11-25 0:34,UserUUID,22584f70-a0ab-11f0-a99a-835a3aaa295b,attendance_count,53,b.diamond,10820,b.ruby,0,boxAllCount,7820,curserver,1,install_day,2025-10-03,total_payment_amount,181500,user_name,니카루피지지,user_rank,1520,user_stage,500}
stage_reached_500 (App),W:22_0A:19_0,55,"{""Time""",2025-11-24 22:18,UserUUID,57ac6640-9e6f-11f0-bf10-09d87783f1ca,attendance_count,55,b.diamond,16722,b.ruby,0,boxAllCount,4480,curserver,1,install_day,2025-10-01,total_payment_amount,14300,user_name,김뜨랄,user_rank,1565,user_stage,500}
stage_reached_500 (App),W:23_0A:22_0,69,"{""Time""",2025-11-24 22:12,UserUUID,c8bcdcf0-932c-11f0-8744-e56cae99d405,attendance_count,69,b.diamond,1569010,b.ruby,0,boxAllCount,9970,curserver,1,install_day,2025-09-16,total_payment_amount,80300,user_name,망크크,user_rank,1565,user_stage,500}
stage_reached_500 (App),W:23_0A:21_0,107,"{""Time""",2025-11-24 21:40,UserUUID,8c49c780-668e-11f0-8d91-67464caa9884,attendance_count,107,b.diamond,271814,b.ruby,0,boxAllCount,17740,curserver,1,install_day,2025-07-21,total_payment_amount,7700,user_name,뱅꾸,user_rank,1518,user_stage,500}
stage_reached_500 (App),W:23_0A:23_0,46,"{""Time""",2025-11-24 21:32,UserUUID,dad84e50-a5e8-11f0-8240-21e719137fdd,attendance_count,46,b.diamond,206287,b.ruby,0,boxAllCount,13570,curserver,1,install_day,2025-10-10,total_payment_amount,243100,user_name,촉도리,user_rank,1518,user_stage,500}
stage_reached_500 (App),W:23_0A:23_0,101,"{""Time""",2025-11-24 19:36,UserUUID,266e8070-6ba4-11f0-adee-07ff0aed7119,attendance_count,101,b.diamond,148014,b.ruby,0,boxAllCount,45900,curserver,1,install_day,2025-07-28,total_payment_amount,7700,user_name,랑이장군,user_rank,1517,user_stage,500}
stage_reached_500 (App),W:23_0A:23_0,42,"{""Time""",2025-11-24 19:06,UserUUID,62509140-a82c-11f0-aa04-7574b58ff310,attendance_count,42,b.diamond,188594,b.ruby,0,boxAllCount,12380,curserver,1,install_day,2025-10-13,total_payment_amount,424600,user_name,구구도,user_rank,1669,user_stage,500}
stage_reached_500 (App),W:23_0A:20_0,60,"{""Time""",2025-11-24 18:04,UserUUID,f7d222e0-9843-11f0-89ce-238fb1e6de28,attendance_count,60,b.diamond,14496,b.ruby,0,boxAllCount,8280,curserver,1,install_day,2025-09-23,total_payment_amount,55000,user_name,마바4,user_rank,1514,user_stage,500}
stage_reached_500 (App),W:23_0A:21_0,61,"{""Time""",2025-11-24 12:20,UserUUID,d44f7990-995a-11f0-b94d-ad7f04888406,attendance_count,61,b.diamond,295118,b.ruby,660,boxAllCount,16130,curserver,1,install_day,2025-09-24,total_payment_amount,62700,user_name,whoopss,user_rank,1545,user_stage,500}
stage_reached_500 (App),W:24_2A:23_0,112,"{""Time""",2025-11-24 9:32,UserUUID,2c739e40-6773-11f0-ac22-89a616aaf971,attendance_count,112,b.diamond,394579,b.ruby,0,boxAllCount,7590,curserver,1,install_day,2025-07-23,total_payment_amount,7700,user_name,uiiiii,user_rank,1591,user_stage,500}
stage_reached_500 (App),W:23_0A:20_0,78,"{""Time""",2025-11-24 8:04,UserUUID,f2d6c690-7cfc-11f0-aa85-57b9a548782f,attendance_count,78,b.diamond,1185273,b.ruby,0,boxAllCount,3600,curserver,1,install_day,2025-08-19,total_payment_amount,7700,user_name,몽튜,user_rank,1519,user_stage,500}
stage_reached_500 (App),W:22_0A:21_0,50,"{""Time""",2025-11-24 6:35,UserUUID,fb4b36e0-a271-11f0-940c-eb8b97264d34,attendance_count,50,b.diamond,106673,b.ruby,220,boxAllCount,13930,curserver,1,install_day,2025-10-06,total_payment_amount,29700,user_name,밤마녀,user_rank,1509,user_stage,500}
stage_reached_500 (App),W:23_0A:19_0,68,"{""Time""",2025-11-24 1:21,UserUUID,a2b28110-9474-11f0-be70-97a695ba77bc,attendance_count,68,b.diamond,12506,b.ruby,110,boxAllCount,8390,curserver,1,install_day,2025-09-18,total_payment_amount,17600,user_name,킹슬레이,user_rank,1515,user_stage,500}
stage_reached_500 (App),W:23_0A:20_0,72,"{""Time""",2025-11-24 0:35,UserUUID,84d35f20-910e-11f0-aa8c-9d899af0a2fb,attendance_count,72,b.diamond,200710,b.ruby,0,boxAllCount,9690,curserver,1,install_day,2025-09-14,total_payment_amount,25300,user_name,코자약사,user_rank,1688,user_stage,500}
stage_reached_500 (App),W:23_0A:22_0,79,"{""Time""",2025-11-24 0:34,UserUUID,bdfad740-8bc0-11f0-b7cf-9b77b7548194,attendance_count,79,b.diamond,357961,b.ruby,0,boxAllCount,30680,curserver,1,install_day,2025-09-07,total_payment_amount,7700,user_name,IFONLY,user_rank,1509,user_stage,500}
stage_reached_500 (App),W:23_0A:20_0,63,"{""Time""",2025-11-23 22:14,UserUUID,82481a41-97ba-11f0-95f9-172016b80af2,attendance_count,63,b.diamond,103052,b.ruby,0,boxAllCount,5080,curserver,1,install_day,2025-09-22,total_payment_amount,7700,user_name,ddoe,user_rank,1577,user_stage,500}
stage_reached_500 (App),W:22_0A:20_0,55,"{""Time""",2025-11-23 20:37,UserUUID,b46da4a0-9d59-11f0-9405-7171c6e56dfb,attendance_count,55,b.diamond,441847,b.ruby,0,boxAllCount,5150,curserver,1,install_day,2025-09-29,total_payment_amount,7700,user_name,monkey,user_rank,1539,user_stage,500}
stage_reached_500 (App),W:24_0A:23_0,72,"{""Time""",2025-11-23 20:20,UserUUID,b06dd020-8d67-11f0-a2fb-e735de811448,attendance_count,72,b.diamond,133947,b.ruby,110,boxAllCount,20220,curserver,1,install_day,2025-09-09,total_payment_amount,265100,user_name,hook1,user_rank,1496,user_stage,500}
stage_reached_500 (App),W:22_0A:21_0,103,"{""Time""",2025-11-23 17:06,UserUUID,58341950-780e-11f0-9285-5996bfc69d20,attendance_count,103,b.diamond,519932,b.ruby,0,boxAllCount,29360,curserver,1,install_day,2025-08-13,total_payment_amount,7700,user_name,imbler,user_rank,1504,user_stage,500}
stage_reached_500 (App),W:22_0A:21_0,79,"{""Time""",2025-11-23 13:43,UserUUID,b9de15d0-8a7d-11f0-b89c-43cfa73e0949,attendance_count,79,b.diamond,308707,b.ruby,0,boxAllCount,6320,curserver,1,install_day,2025-09-05,total_payment_amount,8800,user_name,누오,user_rank,1581,user_stage,500}
stage_reached_500 (App),W:21_0A:19_0,46,"{""Time""",2025-11-23 12:06,UserUUID,88c33620-a4c6-11f0-bf72-cf017ddd619b,attendance_count,46,b.diamond,3716,b.ruby,0,boxAllCount,3720,curserver,1,install_day,2025-10-09,total_payment_amount,30800,user_name,마이구밍,user_rank,1500,user_stage,500}
stage_reached_500 (App),W:23_0A:20_0,82,"{""Time""",2025-11-23 10:19,UserUUID,529c7a40-883b-11f0-8e31-4bcfc9411a6d,attendance_count,82,b.diamond,1616519,b.ruby,0,boxAllCount,7380,curserver,1,install_day,2025-09-02,total_payment_amount,18700,user_name,미라쥬,user_rank,1511,user_stage,500}
stage_reached_500 (App),W:23_0A:22_0,48,"{""Time""",2025-11-23 7:20,UserUUID,41c10ca0-a266-11f0-a7d4-b3961e80a745,attendance_count,48,b.diamond,247453,b.ruby,0,boxAllCount,9960,curserver,1,install_day,2025-10-06,total_payment_amount,47300,user_name,싱캐,user_rank,1510,user_stage,500}
stage_reached_500 (App),W:22_0A:19_0,53,"{""Time""",2025-11-23 5:55,UserUUID,dba1cce0-9f66-11f0-a09e-a9fc5e0789d7,attendance_count,53,b.diamond,321666,b.ruby,0,boxAllCount,2690,curserver,1,install_day,2025-10-02,total_payment_amount,105600,user_name,햄복하니,user_rank,1613,user_stage,500}
stage_reached_500 (App),W:23_0A:22_0,124,"{""Time""",2025-11-23 3:47,UserUUID,2cf52580-655e-11f0-9d97-192c64bf62e6,attendance_count,124,b.diamond,2491093,b.ruby,0,boxAllCount,28000,curserver,1,install_day,2025-07-20,total_payment_amount,7700,user_name,글라시어,user_rank,1580,user_stage,500}
stage_reached_500 (App),W:21_0A:20_0,49,"{""Time""",2025-11-23 1:18,UserUUID,fb0096c0-a218-11f0-8a93-a718e989b525,attendance_count,49,b.diamond,128737,b.ruby,0,boxAllCount,2910,curserver,1,install_day,2025-10-05,total_payment_amount,7700,user_name,쿠론,user_rank,1495,user_stage,500}
stage_reached_500 (App),W:23_0A:22_0,86,"{""Time""",2025-11-23 1:01,UserUUID,2016fb50-856a-11f0-99db-5f260a0f685b,attendance_count,86,b.diamond,324249,b.ruby,0,boxAllCount,12270,curserver,1,install_day,2025-08-30,total_payment_amount,7700,user_name,무무뭉,user_rank,1508,user_stage,500}
stage_reached_500 (App),W:23_0A:21_0,92,"{""Time""",2025-11-23 0:58,UserUUID,888fd720-cc9b-11ef-aa52-cb9b8d269c2e,attendance_count,92,b.diamond,240296,b.ruby,0,boxAllCount,16890,curserver,0,install_day,2025-01-07,total_payment_amount,7700,user_name,묘리,user_rank,215,user_stage,500}
stage_reached_500 (App),W:23_0A:21_0,46,"{""Time""",2025-11-23 0:37,UserUUID,d40fddf0-a4de-11f0-972f-4bf17a5acb30,attendance_count,46,b.diamond,11004,b.ruby,0,boxAllCount,13740,curserver,1,install_day,2025-10-09,total_payment_amount,7700,user_name,규박이,user_rank,1488,user_stage,500}
stage_reached_500 (App),W:23_0A:20_0,59,"{""Time""",2025-11-23 0:19,UserUUID,5fe9be80-9946-11f0-8c6e-69cc8b846a6e,attendance_count,59,b.diamond,116851,b.ruby,220,boxAllCount,9960,curserver,1,install_day,2025-09-24,total_payment_amount,196900,user_name,냐냐냥,user_rank,1506,user_stage,500}
stage_reached_500 (App),W:23_0A:22_0,68,"{""Time""",2025-11-23 0:14,UserUUID,fdce7670-93b7-11f0-abe0-d5db6d50d6ca,attendance_count,68,b.diamond,83372,b.ruby,0,boxAllCount,8730,curserver,1,install_day,2025-09-17,total_payment_amount,29700,user_name,마이너감성,user_rank,1499,user_stage,500}
stage_reached_500 (App),W:24_4A:22_0,89,"{""Time""",2025-11-22 16:10,UserUUID,40757ce0-81c4-11f0-bcb6-f9dc3c20d52e,attendance_count,89,b.diamond,251094,b.ruby,0,boxAllCount,19990,curserver,1,install_day,2025-08-25,total_payment_amount,33000,user_name,표박자,user_rank,1586,user_stage,500}
stage_reached_500 (App),W:23_0A:22_0,31,"{""Time""",2025-11-22 12:34,UserUUID,cb92f500-ae83-11f0-b417-b3644375e170,attendance_count,31,b.diamond,191227,b.ruby,0,boxAllCount,7720,curserver,1,install_day,2025-10-21,total_payment_amount,304700,user_name,gkfjea,user_rank,1503,user_stage,500}
stage_reached_500 (App),W:24_0A:20_0,81,"{""Time""",2025-11-22 4:51,UserUUID,00d92600-86e1-11f0-9ef2-1f935111c500,attendance_count,81,b.diamond,374675,b.ruby,0,boxAllCount,7540,curserver,1,install_day,2025-09-01,total_payment_amount,7700,user_name,우유악마,user_rank,1902,user_stage,500}
stage_reached_500 (App),W:23_0A:23_0,72,"{""Time""",2025-11-22 0:47,UserUUID,5ff546f0-8f24-11f0-a21c-e77932a0d4a4,attendance_count,72,b.diamond,460575,b.ruby,0,boxAllCount,17430,curserver,1,install_day,2025-09-11,total_payment_amount,40700,user_name,뉴팡,user_rank,1500,user_stage,500}
stage_reached_500 (App),W:23_0A:22_0,117,"{""Time""",2025-11-21 22:48,UserUUID,096bf7c0-6a3f-11f0-b350-274e47244e62,attendance_count,117,b.diamond,240943,b.ruby,0,boxAllCount,27850,curserver,1,install_day,2025-07-26,total_payment_amount,7700,user_name,Jinusdad,user_rank,1633,user_stage,500}
stage_reached_500 (App),W:23_0A:22_0,95,"{""Time""",2025-11-21 22:02,UserUUID,89cbe760-6a8d-11f0-b350-274e47244e62,attendance_count,95,b.diamond,284408,b.ruby,0,boxAllCount,16210,curserver,1,install_day,2025-07-27,total_payment_amount,7700,user_name,전자램지,user_rank,1494,user_stage,500}
stage_reached_500 (App),W:21_0A:20_0,104,"{""Time""",2025-11-21 17:21,UserUUID,0edbf260-683b-11f0-b67b-53511e47b780,attendance_count,104,b.diamond,224321,b.ruby,0,boxAllCount,6880,curserver,1,install_day,2025-07-24,total_payment_amount,7700,user_name,마구,user_rank,1496,user_stage,500}
stage_reached_500 (App),W:23_0A:20_0,64,"{""Time""",2025-11-21 12:33,UserUUID,a7e746f0-961f-11f0-9c53-57c1ee0c22b9,attendance_count,64,b.diamond,342485,b.ruby,0,boxAllCount,7590,curserver,1,install_day,2025-09-20,total_payment_amount,66000,user_name,키리에어,user_rank,1488,user_stage,500}
stage_reached_500 (App),W:22_0A:22_0,52,"{""Time""",2025-11-21 8:26,UserUUID,23038550-9ec3-11f0-9397-91ab78841df1,attendance_count,52,b.diamond,166015,b.ruby,0,boxAllCount,15280,curserver,1,install_day,2025-10-01,total_payment_amount,7700,user_name,스너피,user_rank,1492,user_stage,500}
stage_reached_500 (App),W:24_0A:23_0,96,"{""Time""",2025-11-21 8:08,UserUUID,97a9b720-79bc-11f0-bf60-df866b69ad40,attendance_count,96,b.diamond,904084,b.ruby,0,boxAllCount,24200,curserver,1,install_day,2025-08-15,total_payment_amount,29700,user_name,개루삭구,user_rank,1793,user_stage,500}
stage_reached_500 (App),W:23_0A:20_0,68,"{""Time""",2025-11-21 1:32,UserUUID,90291f60-8db0-11f0-b03a-1331d2fc8633,attendance_count,68,b.diamond,6616,b.ruby,0,boxAllCount,10260,curserver,1,install_day,2025-09-09,total_payment_amount,57200,user_name,로도,user_rank,1639,user_stage,500}
stage_reached_500 (App),W:24_1A:22_0,69,"{""Time""",2025-11-21 0:59,UserUUID,a30f3930-9115-11f0-b01a-412459a86743,attendance_count,69,b.diamond,266758,b.ruby,220,boxAllCount,8590,curserver,1,install_day,2025-09-14,total_payment_amount,29700,user_name,짱민,user_rank,1518,user_stage,500}
stage_reached_500 (App),W:23_0A:20_0,31,"{""Time""",2025-11-21 0:38,UserUUID,77e13190-aec6-11f0-83a9-75cd8738bd47,attendance_count,31,b.diamond,11662,b.ruby,0,boxAllCount,4160,curserver,1,install_day,2025-10-21,total_payment_amount,264000,user_name,harang,user_rank,1491,user_stage,500}
stage_reached_500 (App),W:23_0A:21_0,111,"{""Time""",2025-11-20 22:30,UserUUID,dcbe5ab0-6bc4-11f0-8a8f-27115ddc2d8b,attendance_count,111,b.diamond,957836,b.ruby,0,boxAllCount,19920,curserver,1,install_day,2025-07-28,total_payment_amount,7700,user_name,OTL,user_rank,1843,user_stage,500}
stage_reached_500 (App),W:23_0A:20_0,19,"{""Time""",2025-11-20 20:09,UserUUID,d4a44e40-b780-11f0-8596-1de7e0c2b0f3,attendance_count,19,b.diamond,298434,b.ruby,0,boxAllCount,2340,curserver,1,install_day,2025-11-02,total_payment_amount,524700,user_name,와이니,user_rank,1486,user_stage,500}
stage_reached_500 (App),W:24_0A:23_0,118,"{""Time""",2025-11-20 15:25,UserUUID,a1b309d0-692f-11f0-847d-739109080a96,attendance_count,118,b.diamond,2362054,b.ruby,0,boxAllCount,22660,curserver,1,install_day,2025-07-25,total_payment_amount,7700,user_name,류중혁,user_rank,1544,user_stage,500}
stage_reached_500 (App),W:23_0A:22_0,77,"{""Time""",2025-11-20 14:33,UserUUID,50b434b0-8a1c-11f0-83ad-512c7cf988b1,attendance_count,77,b.diamond,13992,b.ruby,0,boxAllCount,8450,curserver,1,install_day,2025-09-05,total_payment_amount,83600,user_name,헬고려,user_rank,1485,user_stage,500}
stage_reached_500 (App),W:23_0A:22_0,62,"{""Time""",2025-11-20 13:53,UserUUID,a05a9020-917b-11f0-9253-37b5892e2e23,attendance_count,62,b.diamond,33254,b.ruby,220,boxAllCount,27010,curserver,1,install_day,2025-09-14,total_payment_amount,80300,user_name,대구웅이,user_rank,1483,user_stage,500}
stage_reached_500 (App),W:23_0A:23_0,106,"{""Time""",2025-11-20 11:48,UserUUID,cc903b70-7314-11f0-bc5c-ad10104b5495,attendance_count,106,b.diamond,1777578,b.ruby,0,boxAllCount,35110,curserver,1,install_day,2025-08-06,total_payment_amount,7700,user_name,꿍구,user_rank,1885,user_stage,500}
stage_reached_500 (App),W:24_1A:23_0,30,"{""Time""",2025-11-20 5:02,UserUUID,56cd0af1-af53-11f0-9281-53bf219d1a2a,attendance_count,30,b.diamond,170168,b.ruby,0,boxAllCount,3640,curserver,1,install_day,2025-10-22,total_payment_amount,322300,user_name,ffdccu,user_rank,1481,user_stage,500}
stage_reached_500 (App),W:23_0A:20_0,76,"{""Time""",2025-11-20 2:22,UserUUID,29337870-8822-11f0-9807-99ef14a4db24,attendance_count,76,b.diamond,55594,b.ruby,0,boxAllCount,11890,curserver,1,install_day,2025-09-02,total_payment_amount,7700,user_name,언제될까,user_rank,1481,user_stage,500}
stage_reached_500 (App),W:24_0A:20_0,75,"{""Time""",2025-11-20 2:19,UserUUID,1aaa95b0-8bf9-11f0-a62f-5dae1ef66ce9,attendance_count,75,b.diamond,14619,b.ruby,0,boxAllCount,9380,curserver,1,install_day,2025-09-07,total_payment_amount,7700,user_name,국인,user_rank,1585,user_stage,500}
stage_reached_500 (App),W:23_0A:20_0,88,"{""Time""",2025-11-20 1:43,UserUUID,3fa9bfe0-81ad-11f0-9bf7-ed9ad2210ff5,attendance_count,88,b.diamond,286455,b.ruby,0,boxAllCount,9420,curserver,1,install_day,2025-08-25,total_payment_amount,14300,user_name,이지랍,user_rank,1509,user_stage,500}
stage_reached_500 (App),W:23_0A:23_0,79,"{""Time""",2025-11-19 22:36,UserUUID,3a3daf00-87a5-11f0-ac4e-1baacf62606f,attendance_count,79,b.diamond,1223382,b.ruby,0,boxAllCount,13170,curserver,1,install_day,2025-09-02,total_payment_amount,7700,user_name,송협지,user_rank,1506,user_stage,500}
stage_reached_500 (App),W:23_0A:20_0,110,"{""Time""",2025-11-19 22:14,UserUUID,92774910-6f3b-11f0-b2bf-cfa517af65a1,attendance_count,110,b.diamond,152636,b.ruby,0,boxAllCount,8310,curserver,1,install_day,2025-08-02,total_payment_amount,0,user_name,새우까스덮밥,user_rank,1471,user_stage,500}
stage_reached_500 (App),W:23_0A:19_0,50,"{""Time""",2025-11-19 22:05,UserUUID,38dd9170-9e5c-11f0-9dea-c51275afc402,attendance_count,50,b.diamond,11963,b.ruby,0,boxAllCount,5760,curserver,1,install_day,2025-10-01,total_payment_amount,7700,user_name,작집,user_rank,1469,user_stage,500}
stage_reached_500 (App),W:23_0A:21_0,80,"{""Time""",2025-11-19 17:16,UserUUID,300c9f40-80a8-11f0-8236-5d42e86fdf12,attendance_count,80,b.diamond,360591,b.ruby,0,boxAllCount,15110,curserver,1,install_day,2025-08-24,total_payment_amount,0,user_name,시간죽이기용,user_rank,1493,user_stage,500}
stage_reached_500 (App),W:23_0A:23_0,49,"{""Time""",2025-11-19 14:42,UserUUID,6557d680-ae65-11ef-aea8-73717a3b18aa,attendance_count,49,b.diamond,8582,b.ruby,0,boxAllCount,13710,curserver,0,install_day,2024-11-29,total_payment_amount,453200,user_name,아이든,user_rank,213,user_stage,500}
stage_reached_500 (App),W:23_0A:20_0,91,"{""Time""",2025-11-19 9:24,UserUUID,49c69250-796a-11f0-877c-3f518665a8a0,attendance_count,91,b.diamond,22356,b.ruby,0,boxAllCount,16240,curserver,1,install_day,2025-08-14,total_payment_amount,7700,user_name,군계마초,user_rank,1532,user_stage,500}
stage_reached_500 (App),W:23_0A:23_0,61,"{""Time""",2025-11-19 9:17,UserUUID,07ccbad0-814c-11ef-896c-6b707883d646,attendance_count,61,b.diamond,6560,b.ruby,0,boxAllCount,8820,curserver,0,install_day,2024-10-03,total_payment_amount,205700,user_name,테라,user_rank,213,user_stage,500}
stage_reached_500 (App),W:23_0A:20_0,50,"{""Time""",2025-11-19 6:43,UserUUID,c9717ae0-9e38-11f0-8e87-9785d086f61e,attendance_count,50,b.diamond,368758,b.ruby,220,boxAllCount,8020,curserver,1,install_day,2025-09-30,total_payment_amount,50600,user_name,임띠리,user_rank,1449,user_stage,500}
stage_reached_500 (App),W:23_0A:21_0,70,"{""Time""",2025-11-19 1:34,UserUUID,46993780-8eb0-11f0-bcc3-47a9fb44b10c,attendance_count,70,b.diamond,4940,b.ruby,0,boxAllCount,7720,curserver,1,install_day,2025-09-11,total_payment_amount,51700,user_name,태양초,user_rank,1472,user_stage,500}
stage_reached_500 (App),W:23_0A:22_0,45,"{""Time""",2025-11-19 1:18,UserUUID,0ef66730-a22e-11f0-ad45-0fa56b6e1076,attendance_count,45,b.diamond,8478,b.ruby,0,boxAllCount,3340,curserver,1,install_day,2025-10-05,total_payment_amount,7700,user_name,쩍꽃쮜,user_rank,1812,user_stage,500}
stage_reached_500 (App),W:22_0A:20_0,94,"{""Time""",2025-11-19 1:07,UserUUID,703ff600-7c3b-11f0-928e-e928beb430b1,attendance_count,94,b.diamond,139026,b.ruby,0,boxAllCount,6760,curserver,1,install_day,2025-08-18,total_payment_amount,0,user_name,보니반카트,user_rank,1472,user_stage,500}
stage_reached_500 (App),W:23_0A:21_0,62,"{""Time""",2025-11-19 0:45,UserUUID,264cf310-8df0-11f0-a060-7578e927dc37,attendance_count,62,b.diamond,373180,b.ruby,440,boxAllCount,9240,curserver,1,install_day,2025-09-10,total_payment_amount,42900,user_name,로그인샷,user_rank,1472,user_stage,500}
stage_reached_500 (App),W:22_0A:19_0,114,"{""Time""",2025-11-19 0:11,UserUUID,f1cb83c0-6c77-11f0-bb12-f394c5e7b677,attendance_count,114,b.diamond,18578,b.ruby,0,boxAllCount,4730,curserver,1,install_day,2025-07-29,total_payment_amount,7700,user_name,셧다,user_rank,1497,user_stage,500}
stage_reached_500 (App),W:23_0A:20_0,98,"{""Time""",2025-11-18 22:02,UserUUID,a582e2f0-634f-11f0-899c-ed58ed9d92cb,attendance_count,98,b.diamond,2619074,b.ruby,330,boxAllCount,8080,curserver,1,install_day,2025-07-17,total_payment_amount,11000,user_name,키킴이,user_rank,1684,user_stage,500}
stage_reached_500 (App),W:23_0A:23_0,84,"{""Time""",2025-11-18 21:22,UserUUID,00b99bc0-82de-11f0-a0c8-2f75a4fd45d7,attendance_count,84,b.diamond,909205,b.ruby,220,boxAllCount,12720,curserver,1,install_day,2025-08-27,total_payment_amount,27500,user_name,류헌,user_rank,1471,user_stage,500}
stage_reached_500 (App),W:23_0A:20_0,80,"{""Time""",2025-11-18 19:42,UserUUID,0b0e78f1-8632-11f0-8137-398b9c63c3d2,attendance_count,80,b.diamond,752230,b.ruby,0,boxAllCount,9340,curserver,1,install_day,2025-08-31,total_payment_amount,0,user_name,대자,user_rank,1486,user_stage,500}
stage_reached_500 (App),W:23_0A:19_0,54,"{""Time""",2025-11-18 17:27,UserUUID,6e989630-9898-11f0-bc11-8f1cd342cb59,attendance_count,54,b.diamond,89895,b.ruby,0,boxAllCount,2730,curserver,1,install_day,2025-09-23,total_payment_amount,18700,user_name,와니대디,user_rank,1460,user_stage,500}
stage_reached_500 (App),W:23_0A:23_0,64,"{""Time""",2025-11-18 13:57,UserUUID,8e064ae0-90db-11f0-ac2a-9b33cc6acca5,attendance_count,64,b.diamond,211465,b.ruby,0,boxAllCount,7440,curserver,1,install_day,2025-09-13,total_payment_amount,198000,user_name,베베핑,user_rank,1486,user_stage,500}
stage_reached_500 (App),W:22_0A:21_0,111,"{""Time""",2025-11-18 12:54,UserUUID,1d6321e0-6df0-11f0-9fe7-6bd625648cc5,attendance_count,111,b.diamond,72863,b.ruby,0,boxAllCount,3520,curserver,1,install_day,2025-07-31,total_payment_amount,0,user_name,CIAaan,user_rank,1865,user_stage,500}
stage_reached_500 (App),W:23_0A:23_0,41,"{""Time""",2025-11-18 8:36,UserUUID,043b5f90-a4f8-11f0-9e55-0f5f1fd7280a,attendance_count,41,b.diamond,155675,b.ruby,0,boxAllCount,8740,curserver,1,install_day,2025-10-09,total_payment_amount,122100,user_name,혁유범,user_rank,1462,user_stage,500}
stage_reached_500 (App),W:23_0A:23_0,48,"{""Time""",2025-11-18 2:12,UserUUID,bff65750-9f83-11f0-bdae-a5dfb1fe3076,attendance_count,48,b.diamond,206120,b.ruby,110,boxAllCount,8270,curserver,1,install_day,2025-10-02,total_payment_amount,146300,user_name,류미류바,user_rank,1555,user_stage,500}
stage_reached_500 (App),W:21_0A:19_0,104,"{""Time""",2025-11-18 1:50,UserUUID,fdf1a0a0-6e2d-11f0-85e6-cfac77f34799,attendance_count,104,b.diamond,138775,b.ruby,110,boxAllCount,3580,curserver,1,install_day,2025-07-31,total_payment_amount,14300,user_name,oasis,user_rank,1462,user_stage,500}
stage_reached_500 (App),W:22_0A:20_0,42,"{""Time""",2025-11-18 1:49,UserUUID,a9c50d10-a414-11f0-8864-1d0d01a726af,attendance_count,42,b.diamond,3556,b.ruby,0,boxAllCount,4050,curserver,1,install_day,2025-10-08,total_payment_amount,150700,user_name,토종꿀,user_rank,1506,user_stage,500}
stage_reached_500 (App),W:23_0A:20_0,92,"{""Time""",2025-11-18 1:23,UserUUID,746bcb80-6478-11f0-a8d6-9514efa5ade9,attendance_count,92,b.diamond,21262,b.ruby,0,boxAllCount,8720,curserver,1,install_day,2025-07-19,total_payment_amount,0,user_name,달빛품은별,user_rank,1458,user_stage,500}
stage_reached_500 (App),W:24_1A:24_0,35,"{""Time""",2025-11-18 0:42,UserUUID,da02daf0-a9cf-11f0-9071-057807d9a290,attendance_count,35,b.diamond,387358,b.ruby,220,boxAllCount,6360,curserver,1,install_day,2025-10-15,total_payment_amount,350900,user_name,징어,user_rank,1457,user_stage,500}
stage_reached_500 (App),W:23_0A:21_0,86,"{""Time""",2025-11-17 22:50,UserUUID,bb85d1b0-7f61-11f0-b38d-8b9fa53314a3,attendance_count,86,b.diamond,19370,b.ruby,0,boxAllCount,7900,curserver,1,install_day,2025-08-22,total_payment_amount,20900,user_name,tanklife,user_rank,1460,user_stage,500}
stage_reached_500 (App),W:22_0A:19_0,93,"{""Time""",2025-11-17 20:39,UserUUID,7fba6740-7b2e-11f0-96fc-f50297d478fc,attendance_count,93,b.diamond,138806,b.ruby,0,boxAllCount,4290,curserver,1,install_day,2025-08-17,total_payment_amount,7700,user_name,블러디하트,user_rank,1571,user_stage,500}
stage_reached_500 (App),W:22_0A:23_0,117,"{""Time""",2025-11-17 20:33,UserUUID,7ce17cd0-689a-11f0-905e-c7bed89e0fd3,attendance_count,117,b.diamond,6630807,b.ruby,0,boxAllCount,24270,curserver,1,install_day,2025-07-24,total_payment_amount,84700,user_name,사신마제,user_rank,1595,user_stage,500}
stage_reached_500 (App),W:23_0A:19_0,44,"{""Time""",2025-11-17 18:56,UserUUID,5faf7220-a1ed-11f0-8975-239f40690c42,attendance_count,44,b.diamond,205797,b.ruby,220,boxAllCount,4050,curserver,1,install_day,2025-10-05,total_payment_amount,117700,user_name,GENYUM,user_rank,1449,user_stage,500}
stage_reached_500 (App),W:24_0A:23_0,14,"{""Time""",2025-11-17 14:26,UserUUID,a8a67530-b932-11f0-8069-593bf26c1f04,attendance_count,14,b.diamond,373120,b.ruby,0,boxAllCount,19810,curserver,1,install_day,2025-11-04,total_payment_amount,843700,user_name,환웅천왕,user_rank,1513,user_stage,500}
stage_reached_500 (App),W:23_0A:23_0,66,"{""Time""",2025-11-17 12:45,UserUUID,1bdc0cd0-9107-11f0-9710-516fe168e51d,attendance_count,66,b.diamond,5723,b.ruby,110,boxAllCount,9930,curserver,1,install_day,2025-09-14,total_payment_amount,117700,user_name,amita,user_rank,1503,user_stage,500}
stage_reached_500 (App),W:23_0A:22_0,83,"{""Time""",2025-11-17 10:11,UserUUID,d0377260-8337-11f0-9708-eb4af0cd5451,attendance_count,83,b.diamond,1287415,b.ruby,0,boxAllCount,19780,curserver,1,install_day,2025-08-27,total_payment_amount,7700,user_name,3분카레,user_rank,1859,user_stage,500}
stage_reached_500 (App),W:23_0A:22_0,54,"{""Time""",2025-11-17 8:29,UserUUID,8049f760-99ca-11f0-88fa-db1a2e80747b,attendance_count,54,b.diamond,229178,b.ruby,0,boxAllCount,7410,curserver,1,install_day,2025-09-25,total_payment_amount,0,user_name,피자좋아,user_rank,1436,user_stage,500}
stage_reached_500 (App),W:23_0A:23_0,58,"{""Time""",2025-11-17 8:05,UserUUID,369488b0-9641-11f0-a35c-57b1c69c502a,attendance_count,58,b.diamond,594723,b.ruby,0,boxAllCount,11090,curserver,1,install_day,2025-09-20,total_payment_amount,150700,user_name,눈꽃사인,user_rank,1438,user_stage,500}
stage_reached_500 (App),W:23_0A:23_0,44,"{""Time""",2025-11-17 3:16,UserUUID,ebda7a10-a143-11f0-8661-ab7cccfcfa4c,attendance_count,44,b.diamond,89996,b.ruby,0,boxAllCount,8150,curserver,1,install_day,2025-10-04,total_payment_amount,256300,user_name,헌쥐,user_rank,1451,user_stage,500}
stage_reached_500 (App),W:23_0A:20_0,60,"{""Time""",2025-11-17 0:56,UserUUID,3121c410-94c5-11f0-8201-8bf5c886eef3,attendance_count,60,b.diamond,42581,b.ruby,1320,boxAllCount,9130,curserver,1,install_day,2025-09-18,total_payment_amount,64900,user_name,imktr123,user_rank,1752,user_stage,500}
stage_reached_500 (App),W:23_0A:21_0,68,"{""Time""",2025-11-17 0:33,UserUUID,d7b3f740-8e57-11f0-9905-ab25e5144aad,attendance_count,68,b.diamond,250810,b.ruby,0,boxAllCount,10640,curserver,1,install_day,2025-09-10,total_payment_amount,7700,user_name,뽀오라미,user_rank,1449,user_stage,500}
stage_reached_500 (App),W:23_0A:20_0,76,"{""Time""",2025-11-17 0:12,UserUUID,071f4580-7cff-11f0-b272-5fb58f2e9930,attendance_count,76,b.diamond,203485,b.ruby,0,boxAllCount,7340,curserver,1,install_day,2025-08-19,total_payment_amount,7700,user_name,난Say표류기,user_rank,1449,user_stage,500}
stage_reached_500 (App),W:23_0A:20_0,86,"{""Time""",2025-11-16 23:36,UserUUID,4e1459d0-7f16-11f0-ba67-e1ae6b7fdab5,attendance_count,86,b.diamond,1064896,b.ruby,110,boxAllCount,10810,curserver,1,install_day,2025-08-22,total_payment_amount,29700,user_name,다정횟집,user_rank,1448,user_stage,500}
stage_reached_500 (App),W:22_0A:21_0,86,"{""Time""",2025-11-16 22:46,UserUUID,2dd44350-7f67-11f0-b38d-8b9fa53314a3,attendance_count,86,b.diamond,511029,b.ruby,0,boxAllCount,10030,curserver,1,install_day,2025-08-22,total_payment_amount,7700,user_name,여니니,user_rank,1444,user_stage,500}
stage_reached_500 (App),W:23_0A:21_0,66,"{""Time""",2025-11-16 19:46,UserUUID,9c6fd941-8d19-11f0-99ff-af23914668a6,attendance_count,66,b.diamond,203782,b.ruby,0,boxAllCount,25780,curserver,1,install_day,2025-09-09,total_payment_amount,7700,user_name,쏘쥬,user_rank,1441,user_stage,500}
stage_reached_500 (App),W:23_0A:22_0,29,"{""Time""",2025-11-16 15:03,UserUUID,3bdbcb90-aab8-11f0-a014-13e30c25c83b,attendance_count,29,b.diamond,20281,b.ruby,220,boxAllCount,4470,curserver,1,install_day,2025-10-16,total_payment_amount,359700,user_name,모찌상,user_rank,1462,user_stage,500}
stage_reached_500 (App),W:23_0A:22_0,86,"{""Time""",2025-11-16 11:20,UserUUID,6f550310-7f57-11f0-9e43-9971322aa8d3,attendance_count,86,b.diamond,183800,b.ruby,0,boxAllCount,42370,curserver,1,install_day,2025-08-22,total_payment_amount,18700,user_name,박유리,user_rank,1499,user_stage,500}
stage_reached_500 (App),W:22_0A:22_0,70,"{""Time""",2025-11-16 10:20,UserUUID,f5264851-8c04-11f0-a809-29759f3f14b5,attendance_count,70,b.diamond,920457,b.ruby,0,boxAllCount,17860,curserver,1,install_day,2025-09-07,total_payment_amount,20900,user_name,아카본,user_rank,1434,user_stage,500}
stage_reached_500 (App),W:23_0A:20_0,97,"{""Time""",2025-11-16 9:13,UserUUID,c55af1c0-7205-11f0-91c2-0d47c4209baa,attendance_count,97,b.diamond,148086,b.ruby,0,boxAllCount,14840,curserver,1,install_day,2025-08-05,total_payment_amount,95700,user_name,wnstn,user_rank,1457,user_stage,500}
stage_reached_500 (App),W:24_0A:23_0,108,"{""Time""",2025-11-16 1:53,UserUUID,e5b60930-6e65-11f0-bc41-8bdb8a00fc54,attendance_count,108,b.diamond,496904,b.ruby,0,boxAllCount,18800,curserver,1,install_day,2025-07-31,total_payment_amount,7700,user_name,김민수,user_rank,1437,user_stage,500}
stage_reached_500 (App),W:23_0A:20_0,63,"{""Time""",2025-11-16 1:19,UserUUID,8aeeb810-8fd2-11f0-965f-29dc59a64dc6,attendance_count,63,b.diamond,15301,b.ruby,0,boxAllCount,10420,curserver,1,install_day,2025-09-12,total_payment_amount,55000,user_name,엘죠,user_rank,1432,user_stage,500}
stage_reached_500 (App),W:22_0A:19_0,89,"{""Time""",2025-11-16 1:04,UserUUID,934ec4c0-7d1a-11f0-b69b-43e81270e003,attendance_count,89,b.diamond,2446861,b.ruby,0,boxAllCount,7500,curserver,1,install_day,2025-08-19,total_payment_amount,7700,user_name,히샤,user_rank,1542,user_stage,500}
stage_reached_500 (App),W:23_0A:22_0,101,"{""Time""",2025-11-15 20:28,UserUUID,329a0340-6ae3-11f0-adf1-352afe5db30b,attendance_count,101,b.diamond,674689,b.ruby,0,boxAllCount,23810,curserver,1,install_day,2025-07-27,total_payment_amount,7700,user_name,소림동자,user_rank,1429,user_stage,500}
stage_reached_500 (App),W:21_0A:19_0,46,"{""Time""",2025-11-15 19:38,UserUUID,d937b490-9e0f-11f0-8528-51498fad5f9b,attendance_count,46,b.diamond,94943,b.ruby,110,boxAllCount,2490,curserver,1,install_day,2025-09-30,total_payment_amount,48400,user_name,꼼무,user_rank,1432,user_stage,500}
stage_reached_500 (App),W:23_0A:20_0,40,"{""Time""",2025-11-15 18:44,UserUUID,23fd20d0-a353-11f0-a903-71b376a76adb,attendance_count,40,b.diamond,267067,b.ruby,1320,boxAllCount,5570,curserver,1,install_day,2025-10-07,total_payment_amount,205700,user_name,허리,user_rank,1426,user_stage,500}
stage_reached_500 (App),W:23_0A:20_0,119,"{""Time""",2025-11-15 17:07,UserUUID,8c5b9770-6441-11f0-98f0-415ec4f41c6d,attendance_count,119,b.diamond,910428,b.ruby,0,boxAllCount,12480,curserver,1,install_day,2025-07-19,total_payment_amount,0,user_name,오리지날고,user_rank,1675,user_stage,500}
stage_reached_500 (App),W:21_0A:19_0,57,"{""Time""",2025-11-15 12:13,UserUUID,fa32fbd0-960a-11f0-af15-9d08773415dd,attendance_count,57,b.diamond,143422,b.ruby,330,boxAllCount,5110,curserver,1,install_day,2025-09-20,total_payment_amount,11000,user_name,실학자장씨,user_rank,1422,user_stage,500}
stage_reached_500 (App),W:23_0A:21_0,78,"{""Time""",2025-11-15 11:28,UserUUID,0ef150d0-7d10-11f0-b626-5187d34b08e5,attendance_count,78,b.diamond,365153,b.ruby,110,boxAllCount,10380,curserver,1,install_day,2025-08-19,total_payment_amount,40700,user_name,무무요,user_rank,1581,user_stage,500}
stage_reached_500 (App),W:23_0A:20_0,67,"{""Time""",2025-11-15 10:10,UserUUID,2d5ae3d0-8eed-11f0-88ed-f7c1a699006a,attendance_count,67,b.diamond,358639,b.ruby,0,boxAllCount,8470,curserver,1,install_day,2025-09-11,total_payment_amount,27500,user_name,케이원,user_rank,1413,user_stage,500}
stage_reached_500 (App),W:23_0A:21_0,85,"{""Time""",2025-11-15 10:03,UserUUID,8e6baa30-7a23-11f0-8e19-cf72656b400b,attendance_count,85,b.diamond,1597094,b.ruby,0,boxAllCount,19410,curserver,1,install_day,2025-08-15,total_payment_amount,7700,user_name,나는빛,user_rank,1415,user_stage,500}
stage_reached_500 (App),W:23_0A:22_0,57,"{""Time""",2025-11-15 5:23,UserUUID,2bbb2610-7d47-11ef-8daf-bd28ce8e72c0,attendance_count,57,b.diamond,15499,b.ruby,0,boxAllCount,8160,curserver,0,install_day,2024-09-28,total_payment_amount,152800,user_name,뭉크,user_rank,256,user_stage,500}
stage_reached_500 (App),W:24_1A:20_0,82,"{""Time""",2025-11-15 5:07,UserUUID,502409b0-81b8-11f0-9bf7-ed9ad2210ff5,attendance_count,82,b.diamond,4812,b.ruby,0,boxAllCount,6470,curserver,1,install_day,2025-08-25,total_payment_amount,22000,user_name,뻘뻘뻘행,user_rank,1510,user_stage,500}
stage_reached_500 (App),W:23_0A:22_0,61,"{""Time""",2025-11-15 2:33,UserUUID,dda84480-906e-11f0-9be0-55f859459429,attendance_count,61,b.diamond,11216,b.ruby,0,boxAllCount,5520,curserver,1,install_day,2025-09-13,total_payment_amount,7700,user_name,히노얏,user_rank,1442,user_stage,500}
stage_reached_500 (App),W:24_0A:22_0,77,"{""Time""",2025-11-15 2:25,UserUUID,cdc64a40-8677-11f0-8f5c-9d599e999853,attendance_count,77,b.diamond,162154,b.ruby,0,boxAllCount,8160,curserver,1,install_day,2025-08-31,total_payment_amount,7700,user_name,보조미사일,user_rank,1774,user_stage,500}
stage_reached_500 (App),W:23_0A:23_0,52,"{""Time""",2025-11-15 0:42,UserUUID,dc0f6160-99f8-11f0-a62b-939c791c75d9,attendance_count,52,b.diamond,259137,b.ruby,0,boxAllCount,4730,curserver,1,install_day,2025-09-25,total_payment_amount,7700,user_name,kuzi,user_rank,1416,user_stage,500}
stage_reached_500 (App),W:24_2A:20_0,60,"{""Time""",2025-11-15 0:36,UserUUID,d69aa770-921a-11f0-b78b-c75dcd60d4eb,attendance_count,60,b.diamond,1410,b.ruby,110,boxAllCount,8070,curserver,1,install_day,2025-09-15,total_payment_amount,436700,user_name,배지태,user_rank,1420,user_stage,500}
stage_reached_500 (App),W:22_0A:21_0,88,"{""Time""",2025-11-15 0:19,UserUUID,cab00050-7db5-11f0-a40d-073ecb44f9ba,attendance_count,88,b.diamond,399783,b.ruby,0,boxAllCount,26440,curserver,1,install_day,2025-08-20,total_payment_amount,7700,user_name,프롬은,user_rank,1486,user_stage,500}
stage_reached_500 (App),W:23_0A:21_0,67,"{""Time""",2025-11-14 23:36,UserUUID,abb41470-8d6e-11f0-995d-b58e73cdc1a3,attendance_count,67,b.diamond,351494,b.ruby,0,boxAllCount,7430,curserver,1,install_day,2025-09-09,total_payment_amount,14300,user_name,극락주식회사,user_rank,1472,user_stage,500}
stage_reached_500 (App),W:22_0A:20_0,74,"{""Time""",2025-11-14 17:46,UserUUID,4faabab0-87fd-11f0-ac24-233bed9e2279,attendance_count,74,b.diamond,443165,b.ruby,0,boxAllCount,6820,curserver,1,install_day,2025-09-02,total_payment_amount,7700,user_name,qeadws,user_rank,1470,user_stage,500}
stage_reached_500 (App),W:22_0A:22_0,86,"{""Time""",2025-11-14 17:16,UserUUID,14915530-7d06-11f0-8294-7be825ffa2d5,attendance_count,86,b.diamond,409547,b.ruby,220,boxAllCount,19220,curserver,1,install_day,2025-08-19,total_payment_amount,29700,user_name,삼둥아빠,user_rank,1416,user_stage,500}
stage_reached_500 (App),W:24_0A:20_0,89,"{""Time""",2025-11-14 16:23,UserUUID,d83ad710-7b6a-11f0-9fa9-191b0c1262fd,attendance_count,89,b.diamond,413,b.ruby,0,boxAllCount,12350,curserver,1,install_day,2025-08-17,total_payment_amount,14300,user_name,넹넹난세,user_rank,1813,user_stage,500}
stage_reached_500 (App),W:23_0A:23_0,117,"{""Time""",2025-11-14 14:29,UserUUID,4a5ea1f0-6545-11f0-b8dc-e3660ae75e14,attendance_count,117,b.diamond,757655,b.ruby,0,boxAllCount,9440,curserver,1,install_day,2025-07-20,total_payment_amount,0,user_name,필그램,user_rank,1543,user_stage,500}
stage_reached_500 (App),W:24_0A:21_0,70,"{""Time""",2025-11-14 13:32,UserUUID,fa9fccd0-8442-11f0-9337-c700969cfeff,attendance_count,70,b.diamond,20362,b.ruby,0,boxAllCount,7620,curserver,1,install_day,2025-08-28,total_payment_amount,7700,user_name,윤이도령,user_rank,1431,user_stage,500}
stage_reached_500 (App),W:23_0A:20_0,68,"{""Time""",2025-11-14 13:06,UserUUID,da55d880-8ab8-11f0-ac60-dd4ffd368f2a,attendance_count,68,b.diamond,278674,b.ruby,0,boxAllCount,6060,curserver,1,install_day,2025-09-06,total_payment_amount,7700,user_name,해소래비,user_rank,1480,user_stage,500}
stage_reached_500 (App),W:23_0A:23_0,79,"{""Time""",2025-11-14 10:05,UserUUID,aea5be90-82d8-11f0-ab43-5b45cc5562f9,attendance_count,79,b.diamond,221984,b.ruby,0,boxAllCount,9370,curserver,1,install_day,2025-08-26,total_payment_amount,51700,user_name,physis,user_rank,1455,user_stage,500}
stage_reached_500 (App),W:22_0A:20_0,89,"{""Time""",2025-11-14 9:48,UserUUID,055fc300-704d-11f0-ae02-f18fe4742d9f,attendance_count,89,b.diamond,86719,b.ruby,0,boxAllCount,8430,curserver,1,install_day,2025-08-03,total_payment_amount,7700,user_name,노비왕,user_rank,1439,user_stage,500}
stage_reached_500 (App),W:23_0A:23_0,87,"{""Time""",2025-11-14 8:55,UserUUID,349d16a0-7a83-11f0-9776-f3aff39091b6,attendance_count,87,b.diamond,514151,b.ruby,330,boxAllCount,27470,curserver,1,install_day,2025-08-16,total_payment_amount,389400,user_name,fly84,user_rank,1407,user_stage,500}
stage_reached_500 (App),W:23_0A:22_0,61,"{""Time""",2025-11-14 8:47,UserUUID,a6ca8e10-91c6-11f0-9be0-55f859459429,attendance_count,61,b.diamond,80145,b.ruby,0,boxAllCount,6090,curserver,1,install_day,2025-09-14,total_payment_amount,25300,user_name,난세평정김태수,user_rank,1465,user_stage,500}
stage_reached_500 (App),W:24_1A:20_0,79,"{""Time""",2025-11-14 8:02,UserUUID,6a457230-6b05-11f0-8a36-cbdc4f6e0ab3,attendance_count,79,b.diamond,9645,b.ruby,0,boxAllCount,8030,curserver,1,install_day,2025-07-27,total_payment_amount,7700,user_name,하잇,user_rank,1439,user_stage,500}
stage_reached_500 (App),W:24_0A:20_0,66,"{""Time""",2025-11-14 5:30,UserUUID,8cf24310-8dcb-11f0-a0db-dd8f74f14da6,attendance_count,66,b.diamond,706346,b.ruby,0,boxAllCount,6550,curserver,1,install_day,2025-09-09,total_payment_amount,7700,user_name,홍es,user_rank,1424,user_stage,500}
stage_reached_500 (App),W:24_0A:20_0,71,"{""Time""",2025-11-14 4:21,UserUUID,82420690-88a2-11f0-ad13-61423e93afba,attendance_count,71,b.diamond,168656,b.ruby,0,boxAllCount,3780,curserver,1,install_day,2025-09-03,total_payment_amount,7700,user_name,용I이,user_rank,1393,user_stage,500}
stage_reached_500 (App),W:24_0A:20_0,90,"{""Time""",2025-11-14 2:20,UserUUID,fcaf4680-7a6b-11f0-9a29-559f62923361,attendance_count,90,b.diamond,2002431,b.ruby,0,boxAllCount,7710,curserver,1,install_day,2025-08-16,total_payment_amount,7700,user_name,고소한맛,user_rank,1422,user_stage,500}
stage_reached_500 (App),W:23_0A:21_0,92,"{""Time""",2025-11-14 1:52,UserUUID,91d231d0-6f6f-11f0-9dc6-c740e199e4f0,attendance_count,92,b.diamond,8033,b.ruby,220,boxAllCount,11420,curserver,1,install_day,2025-08-02,total_payment_amount,11000,user_name,미미입니다,user_rank,1740,user_stage,500}
stage_reached_500 (App),W:23_0A:23_0,103,"{""Time""",2025-11-14 0:33,UserUUID,2bfce1d0-6a4b-11f0-8acc-fb286914151f,attendance_count,103,b.diamond,421284,b.ruby,2640,boxAllCount,41230,curserver,1,install_day,2025-07-26,total_payment_amount,69300,user_name,주두리,user_rank,1584,user_stage,500}
stage_reached_500 (App),W:24_0A:23_0,36,"{""Time""",2025-11-14 0:28,UserUUID,61841880-a5c6-11f0-bf9f-fbfb356ef9a2,attendance_count,36,b.diamond,82306,b.ruby,330,boxAllCount,4270,curserver,1,install_day,2025-10-10,total_payment_amount,308000,user_name,태권도사,user_rank,1401,user_stage,500}
stage_reached_500 (App),W:23_0A:23_0,91,"{""Time""",2025-11-14 0:17,UserUUID,ce72bba0-7aaa-11f0-9fb1-89ee5035f96f,attendance_count,91,b.diamond,832084,b.ruby,0,boxAllCount,26000,curserver,1,install_day,2025-08-16,total_payment_amount,35200,user_name,야지쏭,user_rank,1430,user_stage,500}
stage_reached_500 (App),W:23_0A:20_0,52,"{""Time""",2025-11-14 0:17,UserUUID,c9c54a30-98e8-11f0-ba5a-8f5c4c1c7d61,attendance_count,52,b.diamond,173108,b.ruby,0,boxAllCount,6380,curserver,1,install_day,2025-09-24,total_payment_amount,7700,user_name,곰돌찡,user_rank,1427,user_stage,500}
stage_reached_500 (App),W:23_0A:19_0,72,"{""Time""",2025-11-13 23:29,UserUUID,d79342e0-8522-11f0-8717-edf6bbe913ca,attendance_count,72,b.diamond,365295,b.ruby,0,boxAllCount,5030,curserver,1,install_day,2025-08-29,total_payment_amount,7700,user_name,난무,user_rank,1493,user_stage,500}
stage_reached_500 (App),W:22_0A:23_0,62,"{""Time""",2025-11-13 23:12,UserUUID,0188e610-9039-11f0-9dfb-112803f5449c,attendance_count,62,b.diamond,1158172,b.ruby,110,boxAllCount,9540,curserver,1,install_day,2025-09-13,total_payment_amount,25300,user_name,몽양,user_rank,1398,user_stage,500}
stage_reached_500 (App),W:24_0A:23_0,79,"{""Time""",2025-11-13 21:26,UserUUID,e0886550-7fec-11f0-983d-1f559f6e3941,attendance_count,79,b.diamond,87754,b.ruby,0,boxAllCount,41110,curserver,1,install_day,2025-08-23,total_payment_amount,106700,user_name,심청오빠,user_rank,1396,user_stage,500}
stage_reached_500 (App),W:23_0A:22_0,61,"{""Time""",2025-11-13 18:18,UserUUID,47f86070-9170-11f0-83ef-a93379ab6bdf,attendance_count,61,b.diamond,1326580,b.ruby,0,boxAllCount,9700,curserver,1,install_day,2025-09-14,total_payment_amount,7700,user_name,검은티,user_rank,1549,user_stage,500}
stage_reached_500 (App),W:23_0A:20_0,85,"{""Time""",2025-11-13 14:00,UserUUID,3f9cf910-7e54-11f0-b3d0-af3e870c43a5,attendance_count,85,b.diamond,18757,b.ruby,0,boxAllCount,7170,curserver,1,install_day,2025-08-21,total_payment_amount,0,user_name,무야뭐야,user_rank,1396,user_stage,500}
stage_reached_500 (App),W:23_0A:23_0,115,"{""Time""",2025-11-13 10:07,UserUUID,10a86c90-669c-11f0-80e7-c54421442f0e,attendance_count,115,b.diamond,207591,b.ruby,0,boxAllCount,8930,curserver,1,install_day,2025-07-22,total_payment_amount,7700,user_name,한방이아부지,user_rank,1467,user_stage,500}
stage_reached_500 (App),W:24_0A:23_0,24,"{""Time""",2025-11-13 8:03,UserUUID,9f9da960-ae72-11f0-b59e-4f4f38da1da0,attendance_count,24,b.diamond,44710,b.ruby,1100,boxAllCount,3320,curserver,1,install_day,2025-10-21,total_payment_amount,427900,user_name,천마왕,user_rank,1382,user_stage,500}
stage_reached_500 (App),W:23_0A:20_0,76,"{""Time""",2025-11-13 6:50,UserUUID,bfb8ebd0-853a-11f0-a7c9-c5264549a54b,attendance_count,76,b.diamond,1542633,b.ruby,0,boxAllCount,8910,curserver,1,install_day,2025-08-30,total_payment_amount,7700,user_name,보키오빠,user_rank,1361,user_stage,500}
stage_reached_500 (App),W:23_0A:19_0,58,"{""Time""",2025-11-13 6:27,UserUUID,642c7b80-9357-11f0-a658-bdaaffc44b1b,attendance_count,58,b.diamond,344147,b.ruby,0,boxAllCount,8180,curserver,1,install_day,2025-09-16,total_payment_amount,7700,user_name,백제의자왕,user_rank,1394,user_stage,500}
stage_reached_500 (App),W:24_0A:22_0,115,"{""Time""",2025-11-13 6:27,UserUUID,c42ffa10-6482-11f0-923b-cb064b77cde3,attendance_count,115,b.diamond,911459,b.ruby,0,boxAllCount,11560,curserver,1,install_day,2025-07-19,total_payment_amount,8800,user_name,이시섭혈,user_rank,1524,user_stage,500}
stage_reached_500 (App),W:22_0A:22_0,110,"{""Time""",2025-11-13 5:40,UserUUID,5d2d0e00-69bb-11f0-8a6d-053337276a21,attendance_count,110,b.diamond,2815412,b.ruby,0,boxAllCount,6650,curserver,1,install_day,2025-07-26,total_payment_amount,7700,user_name,arch,user_rank,1385,user_stage,500}
stage_reached_500 (App),W:23_0A:22_0,88,"{""Time""",2025-11-13 4:44,UserUUID,277b1d40-7bf1-11f0-8b60-1584082e2e52,attendance_count,88,b.diamond,110214,b.ruby,0,boxAllCount,17250,curserver,1,install_day,2025-08-18,total_payment_amount,7700,user_name,개또,user_rank,1542,user_stage,500}
stage_reached_500 (App),W:23_0A:22_0,96,"{""Time""",2025-11-13 0:06,UserUUID,15d25af0-72e5-11f0-a49b-5792369b4d1c,attendance_count,96,b.diamond,469223,b.ruby,0,boxAllCount,22350,curserver,1,install_day,2025-08-06,total_payment_amount,7700,user_name,엄소희,user_rank,1458,user_stage,500}
stage_reached_500 (App),W:22_0A:20_0,119,"{""Time""",2025-11-12 23:06,UserUUID,1c085af0-620a-11f0-8954-d1ddcca9d272,attendance_count,119,b.diamond,144878,b.ruby,0,boxAllCount,7800,curserver,1,install_day,2025-07-16,total_payment_amount,0,user_name,문창현,user_rank,1388,user_stage,500}
stage_reached_500 (App),W:23_0A:23_0,44,"{""Time""",2025-11-12 22:19,UserUUID,7d325f60-9db5-11f0-a81c-d1a53fb56163,attendance_count,44,b.diamond,45648,b.ruby,0,boxAllCount,7860,curserver,1,install_day,2025-09-30,total_payment_amount,139700,user_name,전골,user_rank,1469,user_stage,500}
stage_reached_500 (App),W:23_0A:20_0,41,"{""Time""",2025-11-12 21:31,UserUUID,6e7b24b0-a04f-11f0-8018-8565a8c05c4d,attendance_count,41,b.diamond,434729,b.ruby,0,boxAllCount,7030,curserver,1,install_day,2025-10-03,total_payment_amount,157300,user_name,도아파파,user_rank,1388,user_stage,500}
stage_reached_500 (App),W:22_0A:20_0,64,"{""Time""",2025-11-12 20:33,UserUUID,e31676b0-87a1-11f0-86ba-3d8f28f1e596,attendance_count,64,b.diamond,152143,b.ruby,0,boxAllCount,8900,curserver,1,install_day,2025-09-02,total_payment_amount,7700,user_name,팡구르,user_rank,1386,user_stage,500}
stage_reached_500 (App),W:22_0A:19_0,67,"{""Time""",2025-11-12 20:06,UserUUID,32aeb380-8bef-11f0-bf4a-9da14483b2e3,attendance_count,67,b.diamond,1518450,b.ruby,0,boxAllCount,2580,curserver,1,install_day,2025-09-07,total_payment_amount,7700,user_name,커피보이,user_rank,1373,user_stage,500}
stage_reached_500 (App),W:23_0A:22_0,70,"{""Time""",2025-11-12 19:00,UserUUID,7dc07ca0-865e-11f0-be70-2d2bf7de7214,attendance_count,70,b.diamond,290030,b.ruby,0,boxAllCount,9140,curserver,1,install_day,2025-08-31,total_payment_amount,7700,user_name,백복치,user_rank,1411,user_stage,500}
stage_reached_500 (App),W:22_0A:14_0,76,"{""Time""",2025-11-12 14:41,UserUUID,b4ea9ec0-7e4a-11f0-9b49-598397606263,attendance_count,76,b.diamond,450264,b.ruby,0,boxAllCount,6240,curserver,1,install_day,2025-08-21,total_payment_amount,7700,user_name,매튜스,user_rank,1400,user_stage,500}
stage_reached_500 (App),W:22_0A:20_0,88,"{""Time""",2025-11-12 14:29,UserUUID,e40c9880-7b56-11f0-8bae-fd0e5d24ff17,attendance_count,88,b.diamond,1731,b.ruby,0,boxAllCount,7220,curserver,1,install_day,2025-08-17,total_payment_amount,7700,user_name,난세표류기2기,user_rank,1373,user_stage,500}
stage_reached_500 (App),W:23_0A:20_0,67,"{""Time""",2025-11-12 14:21,UserUUID,64c5f2f0-6842-11f0-9858-4f568ed316af,attendance_count,67,b.diamond,257387,b.ruby,440,boxAllCount,9600,curserver,1,install_day,2025-07-24,total_payment_amount,152900,user_name,홍귈동,user_rank,1452,user_stage,500}
stage_reached_500 (App),W:21_0A:21_0,111,"{""Time""",2025-11-12 13:21,UserUUID,5b94c8c0-6921-11f0-a1de-d56c01849062,attendance_count,111,b.diamond,168067,b.ruby,0,boxAllCount,4500,curserver,1,install_day,2025-07-25,total_payment_amount,0,user_name,아르마로스,user_rank,1494,user_stage,500}
stage_reached_500 (App),W:23_0A:21_0,41,"{""Time""",2025-11-12 12:49,UserUUID,8ca1ba90-9fbd-11f0-a980-ebf0f50f9665,attendance_count,41,b.diamond,112896,b.ruby,0,boxAllCount,6050,curserver,1,install_day,2025-10-02,total_payment_amount,168300,user_name,포오,user_rank,1379,user_stage,500}
stage_reached_500 (App),W:23_0A:21_0,48,"{""Time""",2025-11-12 12:10,UserUUID,8c832660-9a28-11f0-807f-df70eabd4886,attendance_count,48,b.diamond,237081,b.ruby,0,boxAllCount,17400,curserver,1,install_day,2025-09-25,total_payment_amount,40700,user_name,국사성적0점,user_rank,1382,user_stage,500}
stage_reached_500 (App),W:22_0A:20_0,76,"{""Time""",2025-11-12 11:22,UserUUID,6c358910-8485-11f0-b877-6b79a932a8be,attendance_count,76,b.diamond,241474,b.ruby,0,boxAllCount,17700,curserver,1,install_day,2025-08-29,total_payment_amount,62700,user_name,난세17,user_rank,1400,user_stage,500}
stage_reached_500 (App),W:23_0A:22_0,62,"{""Time""",2025-11-12 5:59,UserUUID,4d587d90-8f61-11f0-ba6b-ef242a7dedaf,attendance_count,62,b.diamond,692887,b.ruby,0,boxAllCount,11350,curserver,1,install_day,2025-09-11,total_payment_amount,7700,user_name,Dopamine,user_rank,1381,user_stage,500}
stage_reached_500 (App),W:23_0A:20_0,77,"{""Time""",2025-11-12 0:33,UserUUID,4ac1a1c0-824a-11f0-9673-11cfbaf3d0f4,attendance_count,77,b.diamond,414342,b.ruby,0,boxAllCount,6070,curserver,1,install_day,2025-08-26,total_payment_amount,7700,user_name,히타,user_rank,1375,user_stage,500}
stage_reached_500 (App),W:24_2A:24_0,17,"{""Time""",2025-11-11 22:57,UserUUID,e5a352b0-b24c-11f0-b633-9174fbf7693e,attendance_count,17,b.diamond,157743,b.ruby,0,boxAllCount,2960,curserver,1,install_day,2025-10-26,total_payment_amount,608300,user_name,중국인절단기,user_rank,1375,user_stage,500}
stage_reached_500 (App),W:23_0A:22_0,95,"{""Time""",2025-11-11 22:40,UserUUID,dbb95860-7478-11f0-b0ca-e5cbc16f2f7f,attendance_count,95,b.diamond,394108,b.ruby,0,boxAllCount,31940,curserver,1,install_day,2025-08-08,total_payment_amount,14300,user_name,꿀리는데로,user_rank,1373,user_stage,500}
stage_reached_500 (App),W:23_0A:20_0,52,"{""Time""",2025-11-11 22:07,UserUUID,b3048730-9694-11f0-adf2-d984549a6b07,attendance_count,52,b.diamond,304661,b.ruby,0,boxAllCount,7900,curserver,1,install_day,2025-09-21,total_payment_amount,18700,user_name,난세묘은,user_rank,1374,user_stage,500}
stage_reached_500 (App),W:22_0A:20_0,101,"{""Time""",2025-11-11 21:18,UserUUID,9d91b9b0-6569-11f0-94e1-9148d7950b64,attendance_count,101,b.diamond,250193,b.ruby,0,boxAllCount,7020,curserver,1,install_day,2025-07-20,total_payment_amount,7700,user_name,쭈꾸쭈꾸,user_rank,1402,user_stage,500}
stage_reached_500 (App),W:23_0A:22_0,45,"{""Time""",2025-11-11 20:33,UserUUID,9c77c4b0-9c10-11f0-bf29-c3eb6dc5395b,attendance_count,45,b.diamond,13634,b.ruby,0,boxAllCount,9620,curserver,1,install_day,2025-09-28,total_payment_amount,133100,user_name,자니,user_rank,1374,user_stage,500}
stage_reached_500 (App),W:21_0A:19_0,79,"{""Time""",2025-11-11 17:02,UserUUID,ae7f2780-80da-11f0-9359-89e3bde4afff,attendance_count,79,b.diamond,151737,b.ruby,0,boxAllCount,3560,curserver,1,install_day,2025-08-24,total_payment_amount,7700,user_name,김백약,user_rank,1373,user_stage,500}
stage_reached_500 (App),W:23_0A:20_0,89,"{""Time""",2025-11-11 7:51,UserUUID,7f920ec0-796d-11f0-885f-a30bc85a4e3f,attendance_count,89,b.diamond,913715,b.ruby,0,boxAllCount,9850,curserver,1,install_day,2025-08-15,total_payment_amount,95700,user_name,위즈빅,user_rank,1362,user_stage,500}
stage_reached_500 (App),W:23_0A:20_0,75,"{""Time""",2025-11-11 1:33,UserUUID,1a8c69e0-84a7-11f0-bc72-6f331482630b,attendance_count,75,b.diamond,167764,b.ruby,0,boxAllCount,4910,curserver,1,install_day,2025-08-29,total_payment_amount,7700,user_name,국치p,user_rank,1755,user_stage,500}
stage_reached_500 (App),W:22_0A:21_0,61,"{""Time""",2025-11-11 1:10,UserUUID,1b841a30-8f85-11f0-a643-190bba69ede5,attendance_count,61,b.diamond,12992,b.ruby,0,boxAllCount,7800,curserver,1,install_day,2025-09-12,total_payment_amount,29700,user_name,양전하,user_rank,1370,user_stage,500}
stage_reached_500 (App),W:22_0A:22_0,114,"{""Time""",2025-11-11 1:09,UserUUID,d26de200-6549-11f0-967b-813ea1627f76,attendance_count,114,b.diamond,307862,b.ruby,0,boxAllCount,5130,curserver,1,install_day,2025-07-20,total_payment_amount,0,user_name,bestian,user_rank,1366,user_stage,500}
stage_reached_500 (App),W:23_0A:22_0,59,"{""Time""",2025-11-11 0:46,UserUUID,cd3de550-90c8-11f0-ac2a-9b33cc6acca5,attendance_count,59,b.diamond,161651,b.ruby,0,boxAllCount,9130,curserver,1,install_day,2025-09-13,total_payment_amount,194700,user_name,츠바려니,user_rank,1366,user_stage,500}
stage_reached_500 (App),W:20_0A:20_0,94,"{""Time""",2025-11-11 0:25,UserUUID,bf031c60-74ff-11f0-9924-ddd16f50703e,attendance_count,94,b.diamond,1323134,b.ruby,0,boxAllCount,7080,curserver,1,install_day,2025-08-09,total_payment_amount,7700,user_name,깡문정,user_rank,1368,user_stage,500}
stage_reached_500 (App),W:24_0A:23_0,22,"{""Time""",2025-11-10 19:17,UserUUID,bc6e8aa0-aabc-11f0-8a5d-5fa60b653a75,attendance_count,22,b.diamond,335371,b.ruby,330,boxAllCount,16790,curserver,1,install_day,2025-10-16,total_payment_amount,726000,user_name,퍼플e,user_rank,1539,user_stage,500}
stage_reached_500 (App),W:23_0A:22_0,82,"{""Time""",2025-11-10 13:59,UserUUID,ffaf9120-7d7f-11f0-ac64-e5649fbf762b,attendance_count,82,b.diamond,154885,b.ruby,0,boxAllCount,27600,curserver,1,install_day,2025-08-20,total_payment_amount,7700,user_name,Nemo,user_rank,1362,user_stage,500}
stage_reached_500 (App),W:23_0A:22_0,118,"{""Time""",2025-11-10 13:45,UserUUID,da097440-624a-11f0-a923-e5c378e4162f,attendance_count,118,b.diamond,140057,b.ruby,0,boxAllCount,12320,curserver,1,install_day,2025-07-16,total_payment_amount,0,user_name,여우개,user_rank,1352,user_stage,500}
stage_reached_500 (App),W:21_0A:20_0,51,"{""Time""",2025-11-10 6:10,UserUUID,0b818950-9689-11f0-a35c-57b1c69c502a,attendance_count,51,b.diamond,217150,b.ruby,0,boxAllCount,2920,curserver,1,install_day,2025-09-21,total_payment_amount,7700,user_name,행복또복,user_rank,1359,user_stage,500}
stage_reached_500 (App),W:23_0A:23_0,96,"{""Time""",2025-11-10 5:56,UserUUID,bd5b9480-6f39-11f0-af35-e3ea8786f567,attendance_count,96,b.diamond,708178,b.ruby,0,boxAllCount,27720,curserver,1,install_day,2025-08-02,total_payment_amount,7700,user_name,l뭘로할까l,user_rank,1353,user_stage,500}
stage_reached_500 (App),W:23_0A:21_0,55,"{""Time""",2025-11-10 5:54,UserUUID,1adecc40-9324-11f0-99da-75df9143b78d,attendance_count,55,b.diamond,250703,b.ruby,0,boxAllCount,7120,curserver,1,install_day,2025-09-16,total_payment_amount,62700,user_name,안문숙,user_rank,1360,user_stage,500}
stage_reached_500 (App),W:24_1A:23_0,40,"{""Time""",2025-11-10 5:12,UserUUID,9d4b8070-9f26-11f0-ad98-4bea83920cb3,attendance_count,40,b.diamond,83922,b.ruby,880,boxAllCount,6540,curserver,1,install_day,2025-10-02,total_payment_amount,432300,user_name,맘바아웃,user_rank,1412,user_stage,500}
stage_reached_500 (App),W:22_0A:22_0,118,"{""Time""",2025-11-10 1:23,UserUUID,9e52baa0-6246-11f0-9224-eb6b2b2ecb55,attendance_count,118,b.diamond,2781758,b.ruby,0,boxAllCount,7140,curserver,1,install_day,2025-07-16,total_payment_amount,0,user_name,앤디미온,user_rank,1464,user_stage,500}
stage_reached_500 (App),W:24_0A:22_0,22,"{""Time""",2025-11-09 19:44,UserUUID,20398790-acb3-11f0-9b8c-2d87bb6cd3f7,attendance_count,22,b.diamond,259440,b.ruby,0,boxAllCount,6580,curserver,1,install_day,2025-10-19,total_payment_amount,513700,user_name,곰탕재료푸우,user_rank,1356,user_stage,500}
stage_reached_500 (App),W:23_0A:22_0,60,"{""Time""",2025-11-09 17:28,UserUUID,c0c59eb0-8eef-11f0-9ad1-0f3cfe0f55b8,attendance_count,60,b.diamond,577316,b.ruby,0,boxAllCount,5250,curserver,1,install_day,2025-09-11,total_payment_amount,27500,user_name,이남길,user_rank,1346,user_stage,500}
stage_reached_500 (App),W:22_0A:22_0,100,"{""Time""",2025-11-09 11:14,UserUUID,749a4e60-64a0-11f0-8dc2-b1d7780ea280,attendance_count,100,b.diamond,92477,b.ruby,1320,boxAllCount,11170,curserver,1,install_day,2025-07-19,total_payment_amount,40700,user_name,우용,user_rank,1341,user_stage,500}
stage_reached_500 (App),W:23_0A:22_0,69,"{""Time""",2025-11-09 10:36,UserUUID,4b6c2040-87f5-11f0-ad17-4b3452b0914d,attendance_count,69,b.diamond,374203,b.ruby,0,boxAllCount,17800,curserver,1,install_day,2025-09-02,total_payment_amount,7700,user_name,족방맹이,user_rank,1350,user_stage,500}
stage_reached_500 (App),W:23_0A:23_0,38,"{""Time""",2025-11-09 10:28,UserUUID,08c1aa31-a046-11f0-8057-e96164e29cdc,attendance_count,38,b.diamond,614591,b.ruby,0,boxAllCount,11790,curserver,1,install_day,2025-10-03,total_payment_amount,510400,user_name,알도,user_rank,1347,user_stage,500}
stage_reached_500 (App),W:22_0A:19_0,63,"{""Time""",2025-11-09 6:42,UserUUID,92e94d10-8acc-11f0-a984-d78b2d882da4,attendance_count,63,b.diamond,126028,b.ruby,0,boxAllCount,3570,curserver,1,install_day,2025-09-06,total_payment_amount,14300,user_name,lkjhg,user_rank,1337,user_stage,500}
stage_reached_500 (App),W:23_0A:19_0,50,"{""Time""",2025-11-09 2:43,UserUUID,28894a00-96ad-11f0-adf2-d984549a6b07,attendance_count,50,b.diamond,40308,b.ruby,0,boxAllCount,4470,curserver,1,install_day,2025-09-21,total_payment_amount,0,user_name,준혁준혁,user_rank,1338,user_stage,500}
stage_reached_500 (App),W:23_0A:20_0,88,"{""Time""",2025-11-09 2:21,UserUUID,0a43e020-614a-11f0-96bb-e132d97f8ce0,attendance_count,88,b.diamond,5256,b.ruby,0,boxAllCount,10180,curserver,0,install_day,2025-07-15,total_payment_amount,7700,user_name,볼리,user_rank,209,user_stage,500}
stage_reached_500 (App),W:23_0A:19_0,49,"{""Time""",2025-11-09 1:16,UserUUID,e122e260-976b-11f0-8f49-35f89e1f354b,attendance_count,49,b.diamond,153524,b.ruby,0,boxAllCount,3160,curserver,1,install_day,2025-09-22,total_payment_amount,7700,user_name,황제궁예,user_rank,1346,user_stage,500}
stage_reached_500 (App),W:23_0A:20_0,74,"{""Time""",2025-11-09 1:02,UserUUID,f4712de0-78e4-11f0-b4f4-3bc25117c189,attendance_count,74,b.diamond,333421,b.ruby,0,boxAllCount,8070,curserver,1,install_day,2025-08-14,total_payment_amount,34100,user_name,식스팩,user_rank,1607,user_stage,500}
stage_reached_500 (App),W:22_0A:20_0,82,"{""Time""",2025-11-09 0:58,UserUUID,75261a31-7d37-11f0-9f8c-8f161b55f415,attendance_count,82,b.diamond,671316,b.ruby,220,boxAllCount,7980,curserver,1,install_day,2025-08-19,total_payment_amount,29700,user_name,바르미,user_rank,1346,user_stage,500}
stage_reached_500 (App),W:22_0A:21_0,66,"{""Time""",2025-11-09 0:47,UserUUID,34a09580-88db-11f0-969d-05818baa5158,attendance_count,66,b.diamond,209803,b.ruby,0,boxAllCount,18390,curserver,1,install_day,2025-09-03,total_payment_amount,7700,user_name,오르스,user_rank,1346,user_stage,500}
stage_reached_500 (App),W:22_0A:21_0,58,"{""Time""",2025-11-09 0:30,UserUUID,c0b71050-8d9d-11f0-ab26-6fd8aa8ae8c8,attendance_count,58,b.diamond,1220322,b.ruby,0,boxAllCount,6760,curserver,1,install_day,2025-09-09,total_payment_amount,36300,user_name,Handai,user_rank,1346,user_stage,500}
stage_reached_500 (App),W:24_0A:22_0,23,"{""Time""",2025-11-08 20:30,UserUUID,dbf15e70-aad5-11f0-a014-13e30c25c83b,attendance_count,23,b.diamond,501665,b.ruby,110,boxAllCount,9180,curserver,1,install_day,2025-10-16,total_payment_amount,605000,user_name,미우미우,user_rank,1342,user_stage,500}
stage_reached_500 (App),W:23_0A:23_0,104,"{""Time""",2025-11-08 20:23,UserUUID,b0656c90-6a45-11f0-b350-274e47244e62,attendance_count,104,b.diamond,1341898,b.ruby,0,boxAllCount,15040,curserver,1,install_day,2025-07-26,total_payment_amount,7700,user_name,수호리,user_rank,1682,user_stage,500}
stage_reached_500 (App),W:24_0A:23_0,81,"{""Time""",2025-11-08 19:41,UserUUID,4cca17f0-7d94-11f0-9119-6f547d1662fc,attendance_count,81,b.diamond,17842,b.ruby,0,boxAllCount,42990,curserver,1,install_day,2025-08-20,total_payment_amount,315700,user_name,아오진,user_rank,1636,user_stage,500}
stage_reached_500 (App),W:23_0A:23_0,18,"{""Time""",2025-11-08 14:51,UserUUID,ad3dae30-af3a-11f0-9a65-7f407c5d6722,attendance_count,18,b.diamond,71437,b.ruby,0,boxAllCount,10540,curserver,1,install_day,2025-10-22,total_payment_amount,581900,user_name,랜단,user_rank,1342,user_stage,500}
stage_reached_500 (App),W:23_0A:22_0,54,"{""Time""",2025-11-08 7:45,UserUUID,50a7cf40-9188-11f0-9be0-55f859459429,attendance_count,54,b.diamond,250527,b.ruby,0,boxAllCount,6680,curserver,1,install_day,2025-09-14,total_payment_amount,40700,user_name,뿅망치,user_rank,1336,user_stage,500}
stage_reached_500 (App),W:23_0A:20_0,43,"{""Time""",2025-11-08 1:37,UserUUID,c68edfa0-999e-11f0-88fa-db1a2e80747b,attendance_count,43,b.diamond,30699,b.ruby,110,boxAllCount,4960,curserver,1,install_day,2025-09-24,total_payment_amount,145200,user_name,가온코믹스,user_rank,1359,user_stage,500}
stage_reached_500 (App),W:23_0A:22_0,60,"{""Time""",2025-11-08 0:30,UserUUID,3e89db90-8d1f-11f0-af62-a5e418cbc901,attendance_count,60,b.diamond,226809,b.ruby,0,boxAllCount,24760,curserver,1,install_day,2025-09-09,total_payment_amount,317900,user_name,밤에우는곰,user_rank,1357,user_stage,500}
stage_reached_500 (App),W:23_0A:21_0,75,"{""Time""",2025-11-07 22:26,UserUUID,a9fdbbb1-80a6-11f0-ac89-050f59d69cce,attendance_count,75,b.diamond,281083,b.ruby,220,boxAllCount,6180,curserver,1,install_day,2025-08-24,total_payment_amount,84700,user_name,호엥하임,user_rank,1600,user_stage,500}
stage_reached_500 (App),W:22_0A:22_0,106,"{""Time""",2025-11-07 18:27,UserUUID,8591e4f0-63ef-11f0-931c-5f0600bc75da,attendance_count,106,b.diamond,266201,b.ruby,0,boxAllCount,8810,curserver,1,install_day,2025-07-18,total_payment_amount,7700,user_name,움망,user_rank,1286,user_stage,500}
stage_reached_500 (App),W:22_0A:23_0,112,"{""Time""",2025-11-07 9:44,UserUUID,1ccb2e30-6459-11f0-baaf-45c3a00048ee,attendance_count,112,b.diamond,1941933,b.ruby,0,boxAllCount,29840,curserver,1,install_day,2025-07-19,total_payment_amount,7700,user_name,윤수서시,user_rank,1328,user_stage,500}
stage_reached_500 (App),W:23_0A:22_0,39,"{""Time""",2025-11-07 9:42,UserUUID,868ad080-9dae-11f0-ac3e-91241303dc51,attendance_count,39,b.diamond,586833,b.ruby,0,boxAllCount,8540,curserver,1,install_day,2025-09-30,total_payment_amount,86900,user_name,몫추,user_rank,1331,user_stage,500}
stage_reached_500 (App),W:24_0A:21_0,66,"{""Time""",2025-11-07 9:25,UserUUID,47ca02c0-8883-11f0-b8b5-5163e2cdc780,attendance_count,66,b.diamond,553410,b.ruby,0,boxAllCount,23970,curserver,1,install_day,2025-09-03,total_payment_amount,84700,user_name,다미미,user_rank,1407,user_stage,500}
stage_reached_500 (App),W:23_0A:19_0,38,"{""Time""",2025-11-07 9:07,UserUUID,5d0a6ae0-9ead-11f0-9f82-313aaa38123f,attendance_count,38,b.diamond,10939,b.ruby,0,boxAllCount,5480,curserver,1,install_day,2025-10-01,total_payment_amount,116600,user_name,오리구조대,user_rank,1332,user_stage,500}
stage_reached_500 (App),W:23_0A:19_0,102,"{""Time""",2025-11-07 8:15,UserUUID,3d9d5190-6a55-11f0-b4af-bd0ab1be2018,attendance_count,102,b.diamond,719244,b.ruby,0,boxAllCount,3240,curserver,1,install_day,2025-07-26,total_payment_amount,7700,user_name,그냥아빠,user_rank,1308,user_stage,500}
stage_reached_500 (App),W:23_0A:23_0,45,"{""Time""",2025-11-07 7:00,UserUUID,09548bd0-9929-11f0-a5ef-47d65b6cc528,attendance_count,45,b.diamond,4118,b.ruby,0,boxAllCount,4660,curserver,1,install_day,2025-09-24,total_payment_amount,73700,user_name,바위게,user_rank,1318,user_stage,500}
stage_reached_500 (App),W:22_0A:22_0,76,"{""Time""",2025-11-07 6:38,UserUUID,28f4c6f0-80bd-11f0-9a04-a7fc193ff295,attendance_count,76,b.diamond,563105,b.ruby,0,boxAllCount,7060,curserver,1,install_day,2025-08-24,total_payment_amount,7700,user_name,꼬북선,user_rank,1348,user_stage,500}
stage_reached_500 (App),W:22_0A:22_0,68,"{""Time""",2025-11-07 6:13,UserUUID,ab38ddf0-7b7b-11f0-ac39-e5441be67fa1,attendance_count,68,b.diamond,247842,b.ruby,0,boxAllCount,5420,curserver,1,install_day,2025-08-17,total_payment_amount,7700,user_name,쫠메,user_rank,1330,user_stage,500}
stage_reached_500 (App),W:23_0A:21_0,79,"{""Time""",2025-11-07 6:10,UserUUID,a390f070-7e4a-11f0-9f7a-cf1a020fbb02,attendance_count,79,b.diamond,148366,b.ruby,0,boxAllCount,16690,curserver,1,install_day,2025-08-21,total_payment_amount,7700,user_name,무휼랑,user_rank,1380,user_stage,500}
stage_reached_500 (App),W:22_0A:22_0,45,"{""Time""",2025-11-07 4:39,UserUUID,4a782e10-9932-11f0-bc1e-691d0cefee85,attendance_count,45,b.diamond,272149,b.ruby,0,boxAllCount,5340,curserver,1,install_day,2025-09-24,total_payment_amount,162800,user_name,nalunluv,user_rank,1557,user_stage,500}
stage_reached_500 (App),W:23_0A:21_0,90,"{""Time""",2025-11-07 2:48,UserUUID,4343f1d0-713f-11f0-ba41-4f9290f71145,attendance_count,90,b.diamond,206607,b.ruby,0,boxAllCount,20570,curserver,1,install_day,2025-08-04,total_payment_amount,7700,user_name,마루짱,user_rank,1320,user_stage,500}
stage_reached_500 (App),W:22_0A:20_0,52,"{""Time""",2025-11-07 0:46,UserUUID,ef08ad40-9416-11f0-b168-796d4daf1ae7,attendance_count,52,b.diamond,13804,b.ruby,0,boxAllCount,4990,curserver,1,install_day,2025-09-17,total_payment_amount,7700,user_name,2기갑,user_rank,1377,user_stage,500}
stage_reached_500 (App),W:20_0A:20_0,57,"{""Time""",2025-11-06 20:50,UserUUID,d18c21a0-8ed7-11f0-959f-a942d98c4784,attendance_count,57,b.diamond,30896,b.ruby,0,boxAllCount,7690,curserver,1,install_day,2025-09-11,total_payment_amount,0,user_name,쑤우니,user_rank,1319,user_stage,500}
stage_reached_500 (App),W:22_0A:22_0,44,"{""Time""",2025-11-06 19:16,UserUUID,456d2180-989e-11f0-bc11-8f1cd342cb59,attendance_count,44,b.diamond,14395,b.ruby,0,boxAllCount,3570,curserver,1,install_day,2025-09-23,total_payment_amount,119900,user_name,젬준,user_rank,1323,user_stage,500}
stage_reached_500 (App),W:22_0A:20_0,92,"{""Time""",2025-11-06 19:13,UserUUID,1b789c10-6e55-11f0-9583-e13b9b28a72b,attendance_count,92,b.diamond,175589,b.ruby,0,boxAllCount,13500,curserver,1,install_day,2025-07-31,total_payment_amount,0,user_name,메탈이,user_rank,1318,user_stage,500}
stage_reached_500 (App),W:20_0A:20_0,50,"{""Time""",2025-11-06 18:10,UserUUID,2be56a21-9438-11f0-bde0-2f07bfdeaf4a,attendance_count,50,b.diamond,4547,b.ruby,0,boxAllCount,6400,curserver,1,install_day,2025-09-18,total_payment_amount,7700,user_name,병하,user_rank,1304,user_stage,500}
stage_reached_500 (App),W:24_0A:19_0,19,"{""Time""",2025-11-06 16:44,UserUUID,e6d7bda0-acb2-11f0-9b8c-2d87bb6cd3f7,attendance_count,19,b.diamond,588248,b.ruby,440,boxAllCount,2950,curserver,1,install_day,2025-10-19,total_payment_amount,700700,user_name,딴딴뚠뚠,user_rank,1379,user_stage,500}
stage_reached_500 (App),W:23_0A:22_0,41,"{""Time""",2025-11-06 16:30,UserUUID,874c9650-9aef-11f0-bf29-c3eb6dc5395b,attendance_count,41,b.diamond,154052,b.ruby,0,boxAllCount,5490,curserver,1,install_day,2025-09-26,total_payment_amount,194700,user_name,은둥쓰,user_rank,1295,user_stage,500}
stage_reached_500 (App),W:23_0A:23_0,54,"{""Time""",2025-11-06 13:10,UserUUID,2c6ce4b0-913a-11f0-a6e8-5dbbe8c5ae5c,attendance_count,54,b.diamond,12936,b.ruby,0,boxAllCount,11050,curserver,1,install_day,2025-09-14,total_payment_amount,7700,user_name,수아비,user_rank,1318,user_stage,500}
stage_reached_500 (App),W:23_0A:20_0,94,"{""Time""",2025-11-06 13:08,UserUUID,7f785790-719e-11f0-b105-2df5f94f2a7c,attendance_count,94,b.diamond,2733999,b.ruby,0,boxAllCount,4380,curserver,1,install_day,2025-08-05,total_payment_amount,7700,user_name,로시빠빠,user_rank,1267,user_stage,500}
stage_reached_500 (App),W:21_0A:20_0,58,"{""Time""",2025-11-06 12:27,UserUUID,43e39c40-8d22-11f0-a2fb-e735de811448,attendance_count,58,b.diamond,305707,b.ruby,550,boxAllCount,3710,curserver,1,install_day,2025-09-09,total_payment_amount,125400,user_name,에헴,user_rank,1554,user_stage,500}
stage_reached_500 (App),W:23_0A:23_0,71,"{""Time""",2025-11-06 8:00,UserUUID,922838b0-8305-11f0-ad6a-db40b6fe1eaf,attendance_count,71,b.diamond,189798,b.ruby,0,boxAllCount,12970,curserver,1,install_day,2025-08-27,total_payment_amount,7700,user_name,김한량,user_rank,1307,user_stage,500}
stage_reached_500 (App),W:21_0A:20_0,66,"{""Time""",2025-11-06 6:58,UserUUID,277919e0-8322-11f0-b271-fd79b64e4d3f,attendance_count,66,b.diamond,345203,b.ruby,1320,boxAllCount,4690,curserver,1,install_day,2025-08-27,total_payment_amount,40700,user_name,다케다후미나,user_rank,1314,user_stage,500}
stage_reached_500 (App),W:22_0A:21_0,51,"{""Time""",2025-11-06 6:34,UserUUID,90f07640-93bf-11f0-a3f5-918e8cc6d153,attendance_count,51,b.diamond,200095,b.ruby,110,boxAllCount,16250,curserver,1,install_day,2025-09-17,total_payment_amount,117700,user_name,탱니투스,user_rank,1308,user_stage,500}
stage_reached_500 (App),W:24_0A:22_0,33,"{""Time""",2025-11-06 0:59,UserUUID,58fe1f40-a1bf-11f0-bf2e-bbbcc8fef1d4,attendance_count,33,b.diamond,110176,b.ruby,330,boxAllCount,8020,curserver,1,install_day,2025-10-05,total_payment_amount,524700,user_name,날린,user_rank,1390,user_stage,500}
stage_reached_500 (App),W:24_0A:24_0,41,"{""Time""",2025-11-06 0:50,UserUUID,f7aea1d0-9b63-11f0-bf29-c3eb6dc5395b,attendance_count,41,b.diamond,1958,b.ruby,110,boxAllCount,8810,curserver,1,install_day,2025-09-27,total_payment_amount,525800,user_name,유리뎃,user_rank,1450,user_stage,500}
stage_reached_500 (App),W:23_0A:23_0,72,"{""Time""",2025-11-06 0:24,UserUUID,b8218b80-7d05-11f0-a008-8ddb30fd5aec,attendance_count,72,b.diamond,5625,b.ruby,0,boxAllCount,12860,curserver,1,install_day,2025-08-19,total_payment_amount,7700,user_name,엉싸니,user_rank,1338,user_stage,500}
stage_reached_500 (App),W:22_0A:19_0,63,"{""Time""",2025-11-05 20:39,UserUUID,00944ca0-8985-11f0-a30e-b9396195bcca,attendance_count,63,b.diamond,282428,b.ruby,0,boxAllCount,3400,curserver,1,install_day,2025-09-04,total_payment_amount,7700,user_name,HiNoTh01,user_rank,1388,user_stage,500}
stage_reached_500 (App),W:22_0A:19_0,68,"{""Time""",2025-11-05 19:18,UserUUID,9ae20380-83e8-11f0-8aa5-b74dd4efa3a6,attendance_count,68,b.diamond,2371,b.ruby,0,boxAllCount,3030,curserver,1,install_day,2025-08-28,total_payment_amount,7700,user_name,네비클로버,user_rank,1308,user_stage,500}
stage_reached_500 (App),W:22_0A:20_0,107,"{""Time""",2025-11-05 13:41,UserUUID,24a40670-660e-11f0-b420-973bd54af871,attendance_count,107,b.diamond,2206,b.ruby,0,boxAllCount,12330,curserver,1,install_day,2025-07-21,total_payment_amount,0,user_name,영노,user_rank,1292,user_stage,500}
stage_reached_500 (App),W:23_0A:19_0,109,"{""Time""",2025-11-05 13:26,UserUUID,32826b20-6365-11f0-a70b-97528033efd5,attendance_count,109,b.diamond,1644826,b.ruby,0,boxAllCount,3990,curserver,1,install_day,2025-07-17,total_payment_amount,7700,user_name,K31,user_rank,1271,user_stage,500}
stage_reached_500 (App),W:23_0A:20_0,91,"{""Time""",2025-11-05 13:23,UserUUID,2a675b50-732b-11f0-85ed-d9929016bb95,attendance_count,91,b.diamond,748748,b.ruby,0,boxAllCount,7850,curserver,1,install_day,2025-08-07,total_payment_amount,7700,user_name,DolI,user_rank,1295,user_stage,500}
stage_reached_500 (App),W:24_0A:22_0,56,"{""Time""",2025-11-05 12:31,UserUUID,426442f0-8f09-11f0-842e-9169428d25e9,attendance_count,56,b.diamond,600536,b.ruby,1540,boxAllCount,12750,curserver,1,install_day,2025-09-11,total_payment_amount,227700,user_name,freej,user_rank,1301,user_stage,500}
stage_reached_500 (App),W:22_0A:21_0,96,"{""Time""",2025-11-05 8:57,UserUUID,59a28ad0-6a83-11f0-8032-c32c225a07c5,attendance_count,96,b.diamond,172705,b.ruby,0,boxAllCount,24440,curserver,1,install_day,2025-07-27,total_payment_amount,101200,user_name,주정배이,user_rank,1301,user_stage,500}
stage_reached_500 (App),W:23_0A:22_0,102,"{""Time""",2025-11-05 6:21,UserUUID,26922a90-6adf-11f0-b538-6192b34d2599,attendance_count,102,b.diamond,456903,b.ruby,0,boxAllCount,11230,curserver,1,install_day,2025-07-27,total_payment_amount,7700,user_name,정후니라,user_rank,1291,user_stage,500}
stage_reached_500 (App),W:24_4A:21_0,92,"{""Time""",2025-11-05 2:16,UserUUID,f3dc5f80-7263-11f0-978f-4dc0cad52184,attendance_count,92,b.diamond,570473,b.ruby,0,boxAllCount,3440,curserver,1,install_day,2025-08-06,total_payment_amount,8800,user_name,스한,user_rank,1267,user_stage,500}
stage_reached_500 (App),W:24_2A:21_0,84,"{""Time""",2025-11-05 1:04,UserUUID,5f6d0160-78ad-11f0-aef6-6556dbd950a6,attendance_count,84,b.diamond,172302,b.ruby,0,boxAllCount,9660,curserver,1,install_day,2025-08-14,total_payment_amount,51700,user_name,미뻘위에서,user_rank,1356,user_stage,500}
stage_reached_500 (App),W:22_0A:19_0,60,"{""Time""",2025-11-05 0:34,UserUUID,469aa610-8b9a-11f0-93f7-81182efba54e,attendance_count,60,b.diamond,2026,b.ruby,0,boxAllCount,3630,curserver,1,install_day,2025-09-07,total_payment_amount,7700,user_name,최가장남,user_rank,1313,user_stage,500}
stage_reached_500 (App),W:24_1A:22_0,76,"{""Time""",2025-11-05 0:33,UserUUID,7d9b8360-7ea6-11f0-9fd8-e7aa87e5f478,attendance_count,76,b.diamond,238853,b.ruby,0,boxAllCount,19250,curserver,1,install_day,2025-08-21,total_payment_amount,58300,user_name,홀릭스,user_rank,1344,user_stage,500}
stage_reached_500 (App),W:23_0A:23_0,20,"{""Time""",2025-11-05 0:30,UserUUID,0de66bc0-ab0b-11f0-8456-276986b6c5e2,attendance_count,20,b.diamond,632304,b.ruby,330,boxAllCount,6040,curserver,1,install_day,2025-10-17,total_payment_amount,777700,user_name,dzdzdzdz,user_rank,1298,user_stage,500}
stage_reached_500 (App),W:22_0A:22_0,103,"{""Time""",2025-11-05 0:16,UserUUID,4587bbf0-6a1b-11f0-81d8-d75e58d916af,attendance_count,103,b.diamond,68023,b.ruby,0,boxAllCount,26950,curserver,1,install_day,2025-07-26,total_payment_amount,7700,user_name,후끈한후시딘,user_rank,1298,user_stage,500}
stage_reached_500 (App),W:22_0A:22_0,69,"{""Time""",2025-11-04 22:33,UserUUID,fd232e80-83a1-11f0-b11d-bdf9558f316a,attendance_count,69,b.diamond,216811,b.ruby,0,boxAllCount,4270,curserver,1,install_day,2025-08-28,total_payment_amount,7700,user_name,맹덕맹덕,user_rank,1604,user_stage,500}
stage_reached_500 (App),W:22_0A:22_0,103,"{""Time""",2025-11-04 20:13,UserUUID,e999c160-68e6-11f0-acc6-9fa957ae20ea,attendance_count,103,b.diamond,2119599,b.ruby,0,boxAllCount,32270,curserver,1,install_day,2025-07-24,total_payment_amount,7700,user_name,카로스1,user_rank,1311,user_stage,500}
stage_reached_500 (App),W:23_0A:22_0,108,"{""Time""",2025-11-04 20:00,UserUUID,9a4f0980-64b3-11f0-b9c1-735c4e167b9f,attendance_count,108,b.diamond,873118,b.ruby,0,boxAllCount,9940,curserver,1,install_day,2025-07-19,total_payment_amount,7700,user_name,개구리복덕방,user_rank,1634,user_stage,500}
stage_reached_500 (App),W:21_0A:21_0,48,"{""Time""",2025-11-04 12:49,UserUUID,dd89a4c0-9236-11f0-96bd-f9725f35aa3b,attendance_count,48,b.diamond,157240,b.ruby,0,boxAllCount,3210,curserver,1,install_day,2025-09-15,total_payment_amount,40700,user_name,아윤a,user_rank,1338,user_stage,500}
stage_reached_500 (App),W:23_0A:19_0,77,"{""Time""",2025-11-04 7:19,UserUUID,c1598ae0-7a62-11f0-9e8e-6d705120925e,attendance_count,77,b.diamond,640809,b.ruby,0,boxAllCount,4020,curserver,1,install_day,2025-08-16,total_payment_amount,7700,user_name,말뚝,user_rank,1410,user_stage,500}
stage_reached_500 (App),W:23_0A:20_0,76,"{""Time""",2025-11-04 5:59,UserUUID,20b38c30-7e95-11f0-9fd8-e7aa87e5f478,attendance_count,76,b.diamond,323920,b.ruby,0,boxAllCount,10030,curserver,1,install_day,2025-08-21,total_payment_amount,7700,user_name,하동훈,user_rank,1314,user_stage,500}
stage_reached_500 (App),W:23_0A:22_0,50,"{""Time""",2025-11-03 22:39,UserUUID,e60482f0-9236-11f0-a4c2-25c625aa8794,attendance_count,50,b.diamond,215363,b.ruby,0,boxAllCount,6210,curserver,1,install_day,2025-09-15,total_payment_amount,128700,user_name,dlffpr,user_rank,1305,user_stage,500}
stage_reached_500 (App),W:23_0A:22_0,97,"{""Time""",2025-11-03 19:11,UserUUID,d352b3c0-6117-11f0-91d6-b1e4615a068a,attendance_count,97,b.diamond,825485,b.ruby,0,boxAllCount,24520,curserver,0,install_day,2025-07-15,total_payment_amount,11000,user_name,준기,user_rank,208,user_stage,500}
stage_reached_500 (App),W:23_0A:21_0,108,"{""Time""",2025-11-03 18:47,UserUUID,9c366820-64a8-11f0-a8e1-0128328b4be6,attendance_count,108,b.diamond,1331445,b.ruby,0,boxAllCount,6650,curserver,1,install_day,2025-07-19,total_payment_amount,113300,user_name,졸업앨범을피지마,user_rank,1287,user_stage,500}
stage_reached_500 (App),W:24_0A:19_0,52,"{""Time""",2025-11-03 17:32,UserUUID,2880ec10-904b-11f0-8d5c-936e06ae4443,attendance_count,52,b.diamond,6492,b.ruby,110,boxAllCount,3550,curserver,1,install_day,2025-09-13,total_payment_amount,149600,user_name,아포가또,user_rank,1365,user_stage,500}
stage_reached_500 (App),W:22_0A:21_0,80,"{""Time""",2025-11-03 14:57,UserUUID,909e5730-79ab-11f0-a997-ef28d2e66d95,attendance_count,80,b.diamond,305729,b.ruby,1100,boxAllCount,12830,curserver,1,install_day,2025-08-15,total_payment_amount,31900,user_name,가나위,user_rank,1301,user_stage,500}
stage_reached_500 (App),W:22_0A:20_0,98,"{""Time""",2025-11-03 14:39,UserUUID,5d7f2420-6b04-11f0-8475-b3ab8d76cf83,attendance_count,98,b.diamond,2167863,b.ruby,0,boxAllCount,8540,curserver,1,install_day,2025-07-27,total_payment_amount,7700,user_name,혜비나,user_rank,1266,user_stage,500}
stage_reached_500 (App),W:23_0A:23_0,108,"{""Time""",2025-11-03 14:20,UserUUID,f7121cc0-6486-11f0-bbfe-0d14bcd852b5,attendance_count,108,b.diamond,171215,b.ruby,220,boxAllCount,42890,curserver,1,install_day,2025-07-19,total_payment_amount,18700,user_name,냠냠포미ss,user_rank,1287,user_stage,500}
stage_reached_500 (App),W:22_0A:19_0,41,"{""Time""",2025-11-03 11:56,UserUUID,eb58a620-990f-11f0-84fb-111c0dcc8289,attendance_count,41,b.diamond,103585,b.ruby,220,boxAllCount,4720,curserver,1,install_day,2025-09-24,total_payment_amount,95700,user_name,성님나왔소,user_rank,1299,user_stage,500}
stage_reached_500 (App),W:22_0A:20_0,103,"{""Time""",2025-11-03 8:51,UserUUID,228e20f0-688e-11f0-8a2e-739305bc1e9c,attendance_count,103,b.diamond,60406,b.ruby,0,boxAllCount,8710,curserver,1,install_day,2025-07-24,total_payment_amount,7700,user_name,welcome,user_rank,1272,user_stage,500}
stage_reached_500 (App),W:21_0A:22_0,79,"{""Time""",2025-11-03 6:53,UserUUID,66db4dc0-7b6f-11f0-9fa9-191b0c1262fd,attendance_count,79,b.diamond,2575893,b.ruby,0,boxAllCount,14340,curserver,1,install_day,2025-08-17,total_payment_amount,7700,user_name,미끼,user_rank,1305,user_stage,500}
stage_reached_500 (App),W:23_0A:20_0,58,"{""Time""",2025-11-03 3:52,UserUUID,35ca0e40-8b34-11f0-9419-bfb7a4657ece,attendance_count,58,b.diamond,642185,b.ruby,0,boxAllCount,10860,curserver,1,install_day,2025-09-06,total_payment_amount,129800,user_name,Pepeng,user_rank,1282,user_stage,500}
stage_reached_500 (App),W:23_0A:21_0,75,"{""Time""",2025-11-03 0:47,UserUUID,15742ee0-7e29-11f0-a291-6db542f3ddb3,attendance_count,75,b.diamond,272397,b.ruby,0,boxAllCount,17200,curserver,1,install_day,2025-08-21,total_payment_amount,7700,user_name,요괴소녀,user_rank,1267,user_stage,500}
stage_reached_500 (App),W:24_1A:23_0,20,"{""Time""",2025-11-03 0:29,UserUUID,151bc2d0-a964-11f0-a5f8-09501956ab36,attendance_count,20,b.diamond,108976,b.ruby,0,boxAllCount,9140,curserver,1,install_day,2025-10-15,total_payment_amount,726000,user_name,천마총,user_rank,1293,user_stage,500}
stage_reached_500 (App),W:22_0A:21_0,76,"{""Time""",2025-11-03 0:23,UserUUID,a0afc7d0-781b-11f0-8355-91a21b7092d6,attendance_count,76,b.diamond,402502,b.ruby,0,boxAllCount,16750,curserver,1,install_day,2025-08-13,total_payment_amount,0,user_name,밍밍한된장찌개,user_rank,1280,user_stage,500}
stage_reached_500 (App),W:20_0A:21_0,91,"{""Time""",2025-11-02 23:35,UserUUID,cadf5570-6a74-11f0-b7a5-333dfc345c53,attendance_count,91,b.diamond,214964,b.ruby,0,boxAllCount,4240,curserver,1,install_day,2025-07-26,total_payment_amount,7700,user_name,아이티브,user_rank,1399,user_stage,500}
stage_reached_500 (App),W:23_0A:21_0,79,"{""Time""",2025-11-02 16:54,UserUUID,e4964ce0-7a90-11f0-8a8a-7ff09f521a1f,attendance_count,79,b.diamond,333629,b.ruby,880,boxAllCount,17350,curserver,1,install_day,2025-08-16,total_payment_amount,31900,user_name,북해,user_rank,1275,user_stage,500}
stage_reached_500 (App),W:23_0A:20_0,57,"{""Time""",2025-11-02 13:45,UserUUID,d3b031d0-8bb0-11f0-8ed0-63823bf401ec,attendance_count,57,b.diamond,416695,b.ruby,0,boxAllCount,7410,curserver,1,install_day,2025-09-07,total_payment_amount,7700,user_name,이아네스,user_rank,1257,user_stage,500}
stage_reached_500 (App),W:23_0A:22_0,92,"{""Time""",2025-11-02 9:09,UserUUID,5637cde0-6f2b-11f0-926b-bd6819081865,attendance_count,92,b.diamond,247387,b.ruby,0,boxAllCount,16090,curserver,1,install_day,2025-08-01,total_payment_amount,7700,user_name,로아당,user_rank,1268,user_stage,500}
stage_reached_500 (App),W:24_1A:23_0,75,"{""Time""",2025-11-02 5:49,UserUUID,575bd970-7276-11f0-8216-5de659323c9c,attendance_count,75,b.diamond,227185,b.ruby,3780,boxAllCount,32430,curserver,1,install_day,2025-08-06,total_payment_amount,326700,user_name,삵이,user_rank,1443,user_stage,500}
stage_reached_500 (App),W:22_0A:21_0,55,"{""Time""",2025-11-02 5:37,UserUUID,d9be5d30-8d5a-11f0-a2fb-e735de811448,attendance_count,55,b.diamond,10828,b.ruby,0,boxAllCount,3930,curserver,1,install_day,2025-09-09,total_payment_amount,62700,user_name,여린,user_rank,1268,user_stage,500}
stage_reached_500 (App),W:23_0A:19_0,62,"{""Time""",2025-11-02 3:55,UserUUID,d50a1510-8795-11f0-97f8-ffa91087ea4b,attendance_count,62,b.diamond,320327,b.ruby,0,boxAllCount,2970,curserver,1,install_day,2025-09-02,total_payment_amount,7700,user_name,웅크,user_rank,1268,user_stage,500}
stage_reached_500 (App),W:22_0A:22_0,69,"{""Time""",2025-11-02 1:04,UserUUID,5a9d00e0-80ff-11f0-8a2b-93b804dddd2f,attendance_count,69,b.diamond,80807,b.ruby,0,boxAllCount,6930,curserver,1,install_day,2025-08-24,total_payment_amount,7700,user_name,연수표류기,user_rank,1263,user_stage,500}
stage_reached_500 (App),W:23_0A:20_0,86,"{""Time""",2025-11-01 23:28,UserUUID,8f3f2250-6a76-11f0-b350-274e47244e62,attendance_count,86,b.diamond,433755,b.ruby,0,boxAllCount,7770,curserver,1,install_day,2025-07-26,total_payment_amount,7700,user_name,클라스,user_rank,1464,user_stage,500}
stage_reached_500 (App),W:23_0A:21_0,98,"{""Time""",2025-11-01 23:09,UserUUID,8479bdd0-6af8-11f0-a6ea-759c93ed2c8f,attendance_count,98,b.diamond,297572,b.ruby,0,boxAllCount,5340,curserver,1,install_day,2025-07-27,total_payment_amount,7700,user_name,한방약,user_rank,1310,user_stage,500}
stage_reached_500 (App),W:22_0A:20_0,91,"{""Time""",2025-11-01 22:28,UserUUID,d415dec0-6ee3-11f0-935a-958fa9dfbe28,attendance_count,91,b.diamond,612082,b.ruby,110,boxAllCount,9450,curserver,1,install_day,2025-08-01,total_payment_amount,75900,user_name,안동댐은찢어,user_rank,1249,user_stage,500}
stage_reached_500 (App),W:22_0A:19_0,63,"{""Time""",2025-11-01 20:57,UserUUID,1a3c9be0-860a-11f0-ae4a-3318fa0e9677,attendance_count,63,b.diamond,181801,b.ruby,0,boxAllCount,2420,curserver,1,install_day,2025-08-31,total_payment_amount,7700,user_name,도령룐,user_rank,1262,user_stage,500}
stage_reached_500 (App),W:23_0A:19_0,58,"{""Time""",2025-11-01 20:22,UserUUID,2aa6aa20-85f6-11f0-8b94-a54006a5fd6d,attendance_count,58,b.diamond,194839,b.ruby,0,boxAllCount,2170,curserver,1,install_day,2025-08-30,total_payment_amount,51700,user_name,로웁,user_rank,1186,user_stage,500}
stage_reached_500 (App),W:22_0A:21_0,80,"{""Time""",2025-11-01 20:19,UserUUID,a4bbca30-78cb-11f0-b7dd-ad9d9af8ab36,attendance_count,80,b.diamond,399339,b.ruby,0,boxAllCount,17620,curserver,1,install_day,2025-08-14,total_payment_amount,7700,user_name,샤이닝블랙핸드,user_rank,1323,user_stage,500}
stage_reached_500 (App),W:23_0A:22_0,92,"{""Time""",2025-11-01 19:27,UserUUID,195eea50-6f46-11f0-9723-733fa094f405,attendance_count,92,b.diamond,552080,b.ruby,0,boxAllCount,3930,curserver,1,install_day,2025-08-02,total_payment_amount,7700,user_name,법기,user_rank,1205,user_stage,500}
stage_reached_500 (App),W:22_0A:22_0,93,"{""Time""",2025-11-01 16:41,UserUUID,e98bef20-6a2d-11f0-83c1-071402a58f9d,attendance_count,93,b.diamond,1168671,b.ruby,220,boxAllCount,7560,curserver,1,install_day,2025-07-26,total_payment_amount,33000,user_name,격공,user_rank,1625,user_stage,500}
stage_reached_500 (App),W:24_0A:24_0,28,"{""Time""",2025-11-01 16:46,UserUUID,ef2dc190-a134-11f0-adfa-23dc9e3c63a9,attendance_count,28,b.diamond,488951,b.ruby,2200,boxAllCount,2740,curserver,1,install_day,2025-10-04,total_payment_amount,513700,user_name,저주거는노인,user_rank,1314,user_stage,500}
stage_reached_500 (App),W:23_0A:23_0,89,"{""Time""",2025-11-01 15:16,UserUUID,86744850-6df8-11f0-bed5-21adf8baad1f,attendance_count,89,b.diamond,13355,b.ruby,0,boxAllCount,4980,curserver,1,install_day,2025-07-31,total_payment_amount,7700,user_name,개집주형,user_rank,1258,user_stage,500}
stage_reached_500 (App),W:22_0A:20_0,49,"{""Time""",2025-11-01 14:33,UserUUID,0f6b7120-910c-11f0-9be0-55f859459429,attendance_count,49,b.diamond,98626,b.ruby,0,boxAllCount,6300,curserver,1,install_day,2025-09-14,total_payment_amount,7700,user_name,거기서봐,user_rank,1253,user_stage,500}
stage_reached_500 (App),W:21_0A:20_0,65,"{""Time""",2025-11-01 14:18,UserUUID,3f695ae0-8473-11f0-81f5-0f42f950861f,attendance_count,65,b.diamond,319224,b.ruby,0,boxAllCount,6710,curserver,1,install_day,2025-08-29,total_payment_amount,7700,user_name,혀니찬,user_rank,1349,user_stage,500}
stage_reached_500 (App),W:23_0A:20_0,84,"{""Time""",2025-11-01 14:07,UserUUID,9dccfcd0-74f2-11f0-bac4-ed3432c832e9,attendance_count,84,b.diamond,657512,b.ruby,0,boxAllCount,6610,curserver,1,install_day,2025-08-09,total_payment_amount,0,user_name,율민,user_rank,1257,user_stage,500}
stage_reached_500 (App),W:20_0A:19_0,82,"{""Time""",2025-11-01 10:44,UserUUID,3963e330-7772-11f0-b708-79d9504e1472,attendance_count,82,b.diamond,1940608,b.ruby,330,boxAllCount,4120,curserver,1,install_day,2025-08-12,total_payment_amount,11000,user_name,슈비드,user_rank,1515,user_stage,500}
stage_reached_500 (App),W:24_0A:22_0,90,"{""Time""",2025-11-01 10:22,UserUUID,3a4e1a80-707f-11f0-bbfe-f18eba7fe529,attendance_count,90,b.diamond,456183,b.ruby,110,boxAllCount,6180,curserver,1,install_day,2025-08-03,total_payment_amount,14300,user_name,태안표류기,user_rank,1248,user_stage,500}
stage_reached_500 (App),W:23_0A:20_0,35,"{""Time""",2025-11-01 9:29,UserUUID,a72fed70-9c78-11f0-bf29-c3eb6dc5395b,attendance_count,35,b.diamond,196641,b.ruby,0,boxAllCount,9870,curserver,1,install_day,2025-09-28,total_payment_amount,271700,user_name,사과선물,user_rank,1240,user_stage,500}
stage_reached_500 (App),W:21_0A:19_0,58,"{""Time""",2025-11-01 8:38,UserUUID,cb441570-b5f0-11ef-a206-db7a4a43e872,attendance_count,58,b.diamond,211234,b.ruby,0,boxAllCount,2790,curserver,0,install_day,2024-12-09,total_payment_amount,27500,user_name,피크닠,user_rank,205,user_stage,500}
stage_reached_500 (App),W:23_0A:20_0,56,"{""Time""",2025-11-01 7:34,UserUUID,806b3450-71a4-11f0-8c85-d7ad389eda36,attendance_count,56,b.diamond,12240,b.ruby,0,boxAllCount,9240,curserver,1,install_day,2025-08-05,total_payment_amount,36300,user_name,난세표루깅,user_rank,1355,user_stage,500}
stage_reached_500 (App),W:24_0A:23_0,13,"{""Time""",2025-11-01 5:50,UserUUID,40dd8e80-adab-11f0-95b2-434738683f21,attendance_count,13,b.diamond,13437,b.ruby,330,boxAllCount,13000,curserver,1,install_day,2025-10-20,total_payment_amount,1227600,user_name,준상상,user_rank,1250,user_stage,500}
stage_reached_500 (App),W:22_0A:21_0,59,"{""Time""",2025-11-01 3:21,UserUUID,9b904900-8987-11f0-8ab0-176faa921396,attendance_count,59,b.diamond,59110,b.ruby,0,boxAllCount,7690,curserver,1,install_day,2025-09-04,total_payment_amount,117700,user_name,난세표창원,user_rank,1282,user_stage,500}
stage_reached_500 (App),W:21_0A:21_0,61,"{""Time""",2025-11-01 1:57,UserUUID,41faab20-8747-11f0-9db4-a938e0bdb53d,attendance_count,61,b.diamond,725824,b.ruby,110,boxAllCount,6660,curserver,1,install_day,2025-09-01,total_payment_amount,14300,user_name,해멍,user_rank,1228,user_stage,500}
