"Event Category","Event Action","Event Label","Custom Event Properties"
"stage_reached_300 (App)","W:22_0A:22_0","42","{""attendance_count"":42,""b.diamond"":637322,""b.ruby"":110,""curserver"":1,""install_day"":""2025-07-20"",""total_payment_amount"":25300,""user_name"":""삼봉이형"",""user_rank"":2288,""user_stage"":300}"
"stage_reached_300 (App)","W:20_0A:19_0","32","{""attendance_count"":32,""b.diamond"":102022,""b.ruby"":0,""curserver"":1,""install_day"":""2025-07-31"",""total_payment_amount"":0,""user_name"":""CIAaan"",""user_rank"":2272,""user_stage"":300}"
"stage_reached_300 (App)","W:23_0A:20_0","43","{""attendance_count"":43,""b.diamond"":23021,""b.ruby"":0,""curserver"":1,""install_day"":""2025-07-19"",""total_payment_amount"":0,""user_name"":""오리지날고"",""user_rank"":2333,""user_stage"":300}"
"stage_reached_300 (App)","W:21_0A:19_0","43","{""attendance_count"":43,""b.diamond"":413780,""b.ruby"":0,""curserver"":1,""install_day"":""2025-07-20"",""total_payment_amount"":0,""user_name"":""덕유산담비"",""user_rank"":2276,""user_stage"":300}"
"stage_reached_300 (App)","W:22_0A:19_0","36","{""attendance_count"":36,""b.diamond"":81678,""b.ruby"":0,""curserver"":1,""install_day"":""2025-07-26"",""total_payment_amount"":0,""user_name"":""g1two"",""user_rank"":2285,""user_stage"":300}"
"stage_reached_300 (App)","W:20_0A:19_0","24","{""attendance_count"":24,""b.diamond"":157325,""b.ruby"":0,""curserver"":1,""install_day"":""2025-08-02"",""total_payment_amount"":7700,""user_name"":""MinniM"",""user_rank"":2330,""user_stage"":300}"
"stage_reached_300 (App)","W:23_0A:22_0","29","{""attendance_count"":29,""b.diamond"":8711,""b.ruby"":0,""curserver"":1,""install_day"":""2025-08-03"",""total_payment_amount"":14300,""user_name"":""얼굴메야"",""user_rank"":2274,""user_stage"":300}"
"stage_reached_300 (App)","W:20_0A:19_0","28","{""attendance_count"":28,""b.diamond"":3774,""b.ruby"":0,""curserver"":1,""install_day"":""2025-08-04"",""total_payment_amount"":14300,""user_name"":""오건성"",""user_rank"":2267,""user_stage"":300}"
"stage_reached_300 (App)","W:23_0A:19_0","22","{""attendance_count"":22,""b.diamond"":120157,""b.ruby"":0,""curserver"":1,""install_day"":""2025-08-10"",""total_payment_amount"":80300,""user_name"":""현세표루기"",""user_rank"":2542,""user_stage"":300}"
"stage_reached_300 (App)","W:22_0A:20_0","29","{""attendance_count"":29,""b.diamond"":108852,""b.ruby"":0,""curserver"":1,""install_day"":""2025-08-03"",""total_payment_amount"":51700,""user_name"":""엉강"",""user_rank"":2294,""user_stage"":300}"
"stage_reached_300 (App)","W:23_0A:19_0","25","{""attendance_count"":25,""b.diamond"":229145,""b.ruby"":0,""curserver"":1,""install_day"":""2025-08-07"",""total_payment_amount"":7700,""user_name"":""DolI"",""user_rank"":2269,""user_stage"":300}"
"stage_reached_300 (App)","W:20_0A:19_0","25","{""attendance_count"":25,""b.diamond"":5499,""b.ruby"":0,""curserver"":1,""install_day"":""2025-08-07"",""total_payment_amount"":7700,""user_name"":""우떠"",""user_rank"":2280,""user_stage"":300}"
"stage_reached_300 (App)","W:23_0A:19_0","13","{""attendance_count"":13,""b.diamond"":6178,""b.ruby"":5170,""curserver"":1,""install_day"":""2025-08-19"",""total_payment_amount"":168300,""user_name"":""짱꾸"",""user_rank"":2261,""user_stage"":300}"
"stage_reached_300 (App)","W:20_0A:19_0","26","{""attendance_count"":26,""b.diamond"":119530,""b.ruby"":330,""curserver"":1,""install_day"":""2025-08-05"",""total_payment_amount"":29700,""user_name"":""창2"",""user_rank"":2264,""user_stage"":300}"
"stage_reached_300 (App)","W:22_0A:19_0","18","{""attendance_count"":18,""b.diamond"":181855,""b.ruby"":0,""curserver"":1,""install_day"":""2025-08-09"",""total_payment_amount"":41800,""user_name"":""하듀쀼"",""user_rank"":2288,""user_stage"":300}"
"stage_reached_300 (App)","W:23_0A:20_0","21","{""attendance_count"":21,""b.diamond"":90247,""b.ruby"":110,""curserver"":1,""install_day"":""2025-08-11"",""total_payment_amount"":20900,""user_name"":""늦게픽할게"",""user_rank"":2349,""user_stage"":300}"
"stage_reached_300 (App)","W:23_0A:20_0","28","{""attendance_count"":28,""b.diamond"":27489,""b.ruby"":0,""curserver"":1,""install_day"":""2025-08-04"",""total_payment_amount"":0,""user_name"":""사또왕"",""user_rank"":2967,""user_stage"":300}"
"stage_reached_300 (App)","W:21_0A:19_0","27","{""attendance_count"":27,""b.diamond"":308423,""b.ruby"":0,""curserver"":1,""install_day"":""2025-08-05"",""total_payment_amount"":7700,""user_name"":""로시빠빠"",""user_rank"":2287,""user_stage"":300}"
"stage_reached_300 (App)","W:21_0A:19_0","19","{""attendance_count"":19,""b.diamond"":16263,""b.ruby"":0,""curserver"":1,""install_day"":""2025-08-13"",""total_payment_amount"":7700,""user_name"":""김가루"",""user_rank"":2378,""user_stage"":300}"
"stage_reached_300 (App)","W:22_0A:22_0","36","{""attendance_count"":36,""b.diamond"":1520402,""b.ruby"":0,""curserver"":1,""install_day"":""2025-07-26"",""total_payment_amount"":7700,""user_name"":""arch"",""user_rank"":2258,""user_stage"":300}"
"stage_reached_300 (App)","W:20_0A:19_0","20","{""attendance_count"":20,""b.diamond"":1380,""b.ruby"":0,""curserver"":1,""install_day"":""2025-08-11"",""total_payment_amount"":18700,""user_name"":""김시아"",""user_rank"":2256,""user_stage"":300}"
"stage_reached_300 (App)","W:22_0A:20_0","61","{""attendance_count"":61,""b.diamond"":3625,""b.ruby"":0,""curserver"":0,""install_day"":""2025-07-02"",""total_payment_amount"":0,""user_name"":""오마주"",""user_rank"":1864,""user_stage"":300}"
"stage_reached_300 (App)","W:23_0A:23_0","38","{""attendance_count"":38,""b.diamond"":13626,""b.ruby"":0,""curserver"":1,""install_day"":""2025-07-25"",""total_payment_amount"":0,""user_name"":""애후보동"",""user_rank"":2351,""user_stage"":300}"
"stage_reached_300 (App)","W:23_0A:22_0","44","{""attendance_count"":44,""b.diamond"":105924,""b.ruby"":0,""curserver"":1,""install_day"":""2025-07-19"",""total_payment_amount"":7700,""user_name"":""세훈"",""user_rank"":2254,""user_stage"":300}"
"stage_reached_300 (App)","W:22_0A:22_0","18","{""attendance_count"":18,""b.diamond"":59979,""b.ruby"":0,""curserver"":1,""install_day"":""2025-08-14"",""total_payment_amount"":51700,""user_name"":""라마르"",""user_rank"":2280,""user_stage"":300}"
"stage_reached_300 (App)","W:22_0A:19_0","15","{""attendance_count"":15,""b.diamond"":144302,""b.ruby"":0,""curserver"":1,""install_day"":""2025-08-17"",""total_payment_amount"":7700,""user_name"":""무사100동수"",""user_rank"":2253,""user_stage"":300}"
"stage_reached_300 (App)","W:21_0A:21_0","20","{""attendance_count"":20,""b.diamond"":67555,""b.ruby"":0,""curserver"":1,""install_day"":""2025-08-12"",""total_payment_amount"":27500,""user_name"":""paxxi"",""user_rank"":2243,""user_stage"":300}"
"stage_reached_300 (App)","W:21_0A:19_0","24","{""attendance_count"":24,""b.diamond"":430998,""b.ruby"":110,""curserver"":1,""install_day"":""2025-08-07"",""total_payment_amount"":9900,""user_name"":""성근장군"",""user_rank"":2243,""user_stage"":300}"
"stage_reached_300 (App)","W:23_0A:19_0","28","{""attendance_count"":28,""b.diamond"":3683,""b.ruby"":0,""curserver"":1,""install_day"":""2025-08-04"",""total_payment_amount"":0,""user_name"":""산호맨션"",""user_rank"":2260,""user_stage"":300}"
"stage_reached_300 (App)","W:23_0A:21_0","30","{""attendance_count"":30,""b.diamond"":1688266,""b.ruby"":0,""curserver"":1,""install_day"":""2025-08-01"",""total_payment_amount"":7700,""user_name"":""누크"",""user_rank"":2363,""user_stage"":300}"
"stage_reached_300 (App)","W:20_0A:19_0","26","{""attendance_count"":26,""b.diamond"":300361,""b.ruby"":0,""curserver"":1,""install_day"":""2025-08-03"",""total_payment_amount"":48400,""user_name"":""jxlome"",""user_rank"":2274,""user_stage"":300}"
"stage_reached_300 (App)","W:22_0A:20_0","29","{""attendance_count"":29,""b.diamond"":127697,""b.ruby"":0,""curserver"":1,""install_day"":""2025-08-02"",""total_payment_amount"":7700,""user_name"":""조인성"",""user_rank"":2253,""user_stage"":300}"
"stage_reached_300 (App)","W:20_0A:20_0","24","{""attendance_count"":24,""b.diamond"":537098,""b.ruby"":0,""curserver"":1,""install_day"":""2025-08-07"",""total_payment_amount"":7700,""user_name"":""겨울이좋다"",""user_rank"":2323,""user_stage"":300}"
"stage_reached_300 (App)","W:20_0A:19_0","29","{""attendance_count"":29,""b.diamond"":2619,""b.ruby"":0,""curserver"":1,""install_day"":""2025-07-26"",""total_payment_amount"":0,""user_name"":""이빨괴물에이미"",""user_rank"":2241,""user_stage"":300}"
"stage_reached_300 (App)","W:23_0A:20_0","33","{""attendance_count"":33,""b.diamond"":431547,""b.ruby"":0,""curserver"":1,""install_day"":""2025-07-29"",""total_payment_amount"":7700,""user_name"":""플라티"",""user_rank"":2290,""user_stage"":300}"
"stage_reached_300 (App)","W:22_0A:19_0","40","{""attendance_count"":40,""b.diamond"":210439,""b.ruby"":0,""curserver"":1,""install_day"":""2025-07-19"",""total_payment_amount"":0,""user_name"":""짜파구리"",""user_rank"":2234,""user_stage"":300}"
"stage_reached_300 (App)","W:21_0A:19_0","30","{""attendance_count"":30,""b.diamond"":359020,""b.ruby"":110,""curserver"":1,""install_day"":""2025-07-31"",""total_payment_amount"":14300,""user_name"":""oasis"",""user_rank"":2283,""user_stage"":300}"
"stage_reached_300 (App)","W:22_0A:19_0","33","{""attendance_count"":33,""b.diamond"":10352,""b.ruby"":0,""curserver"":1,""install_day"":""2025-07-29"",""total_payment_amount"":7700,""user_name"":""시온스"",""user_rank"":2333,""user_stage"":300}"
"stage_reached_300 (App)","W:22_0A:22_0","33","{""attendance_count"":33,""b.diamond"":478703,""b.ruby"":0,""curserver"":1,""install_day"":""2025-07-26"",""total_payment_amount"":0,""user_name"":""제르비노"",""user_rank"":2265,""user_stage"":300}"
"stage_reached_300 (App)","W:22_0A:19_0","15","{""attendance_count"":15,""b.diamond"":875,""b.ruby"":0,""curserver"":1,""install_day"":""2025-08-16"",""total_payment_amount"":7700,""user_name"":""joata"",""user_rank"":2238,""user_stage"":300}"
"stage_reached_300 (App)","W:22_0A:19_0","16","{""attendance_count"":16,""b.diamond"":14173,""b.ruby"":440,""curserver"":1,""install_day"":""2025-07-29"",""total_payment_amount"":154000,""user_name"":""블랙릴"",""user_rank"":2323,""user_stage"":300}"
"stage_reached_300 (App)","W:22_0A:19_0","41","{""attendance_count"":41,""b.diamond"":1304356,""b.ruby"":0,""curserver"":1,""install_day"":""2025-07-20"",""total_payment_amount"":7700,""user_name"":""글라시어"",""user_rank"":2246,""user_stage"":300}"
"stage_reached_300 (App)","W:22_0A:20_0","42","{""attendance_count"":42,""b.diamond"":12072,""b.ruby"":0,""curserver"":1,""install_day"":""2025-07-20"",""total_payment_amount"":0,""user_name"":""공낭"",""user_rank"":2289,""user_stage"":300}"
"stage_reached_300 (App)","W:20_0A:19_0","20","{""attendance_count"":20,""b.diamond"":53435,""b.ruby"":0,""curserver"":1,""install_day"":""2025-08-12"",""total_payment_amount"":40700,""user_name"":""청심당"",""user_rank"":2503,""user_stage"":300}"
"stage_reached_300 (App)","W:22_0A:19_0","25","{""attendance_count"":25,""b.diamond"":172954,""b.ruby"":0,""curserver"":1,""install_day"":""2025-08-05"",""total_payment_amount"":40700,""user_name"":""장꾸꾸"",""user_rank"":2289,""user_stage"":300}"
"stage_reached_300 (App)","W:22_0A:21_0","36","{""attendance_count"":36,""b.diamond"":907037,""b.ruby"":0,""curserver"":1,""install_day"":""2025-07-20"",""total_payment_amount"":7700,""user_name"":""진민영"",""user_rank"":2241,""user_stage"":300}"
"stage_reached_300 (App)","W:22_0A:20_0","30","{""attendance_count"":30,""b.diamond"":665022,""b.ruby"":110,""curserver"":1,""install_day"":""2025-08-01"",""total_payment_amount"":20900,""user_name"":""안동댐은찢어"",""user_rank"":2235,""user_stage"":300}"
"stage_reached_300 (App)","W:20_0A:19_0","18","{""attendance_count"":18,""b.diamond"":124808,""b.ruby"":0,""curserver"":1,""install_day"":""2025-08-13"",""total_payment_amount"":7700,""user_name"":""꿈꿈틀이"",""user_rank"":2234,""user_stage"":300}"
"stage_reached_300 (App)","W:22_0A:19_0","20","{""attendance_count"":20,""b.diamond"":12669,""b.ruby"":0,""curserver"":0,""install_day"":""2025-07-15"",""total_payment_amount"":8800,""user_name"":""전동영"",""user_rank"":1912,""user_stage"":300}"
"stage_reached_300 (App)","W:20_0A:19_0","18","{""attendance_count"":18,""b.diamond"":110594,""b.ruby"":0,""curserver"":1,""install_day"":""2025-08-13"",""total_payment_amount"":7700,""user_name"":""막껄리이한잔"",""user_rank"":2256,""user_stage"":300}"
"stage_reached_300 (App)","W:21_0A:20_0","10","{""attendance_count"":10,""b.diamond"":2506,""b.ruby"":110,""curserver"":1,""install_day"":""2025-08-21"",""total_payment_amount"":249700,""user_name"":""모래내"",""user_rank"":2325,""user_stage"":300}"
"stage_reached_300 (App)","W:22_0A:20_0","24","{""attendance_count"":24,""b.diamond"":64384,""b.ruby"":0,""curserver"":1,""install_day"":""2025-08-03"",""total_payment_amount"":7700,""user_name"":""또찬"",""user_rank"":2231,""user_stage"":300}"
"stage_reached_300 (App)","W:23_0A:19_0","36","{""attendance_count"":36,""b.diamond"":10601,""b.ruby"":0,""curserver"":1,""install_day"":""2025-07-26"",""total_payment_amount"":7700,""user_name"":""궤양인"",""user_rank"":2207,""user_stage"":300}"
"stage_reached_300 (App)","W:22_0A:20_0","40","{""attendance_count"":40,""b.diamond"":24836,""b.ruby"":0,""curserver"":1,""install_day"":""2025-07-21"",""total_payment_amount"":0,""user_name"":""영노"",""user_rank"":2222,""user_stage"":300}"
"stage_reached_300 (App)","W:22_0A:22_0","37","{""attendance_count"":37,""b.diamond"":1214890,""b.ruby"":0,""curserver"":1,""install_day"":""2025-07-24"",""total_payment_amount"":7700,""user_name"":""카로스1"",""user_rank"":2313,""user_stage"":300}"
"stage_reached_300 (App)","W:22_0A:22_0","35","{""attendance_count"":35,""b.diamond"":1054380,""b.ruby"":0,""curserver"":1,""install_day"":""2025-07-27"",""total_payment_amount"":0,""user_name"":""ssaksoo"",""user_rank"":2225,""user_stage"":300}"
"stage_reached_300 (App)","W:22_0A:22_0","35","{""attendance_count"":35,""b.diamond"":553516,""b.ruby"":0,""curserver"":1,""install_day"":""2025-07-27"",""total_payment_amount"":7700,""user_name"":""소림동자"",""user_rank"":2216,""user_stage"":300}"
"stage_reached_300 (App)","W:20_0A:19_0","36","{""attendance_count"":36,""b.diamond"":148605,""b.ruby"":0,""curserver"":1,""install_day"":""2025-07-25"",""total_payment_amount"":7700,""user_name"":""덕빠"",""user_rank"":2233,""user_stage"":300}"
"stage_reached_300 (App)","W:20_0A:19_0","30","{""attendance_count"":30,""b.diamond"":43947,""b.ruby"":0,""curserver"":1,""install_day"":""2025-07-31"",""total_payment_amount"":0,""user_name"":""힌서"",""user_rank"":2249,""user_stage"":300}"
"stage_reached_300 (App)","W:21_0A:20_0","26","{""attendance_count"":26,""b.diamond"":9695,""b.ruby"":0,""curserver"":1,""install_day"":""2025-08-05"",""total_payment_amount"":7700,""user_name"":""스릴느끼"",""user_rank"":2221,""user_stage"":300}"
"stage_reached_300 (App)","W:21_0A:20_0","29","{""attendance_count"":29,""b.diamond"":10529,""b.ruby"":0,""curserver"":1,""install_day"":""2025-08-02"",""total_payment_amount"":7700,""user_name"":""빨간맛"",""user_rank"":2287,""user_stage"":300}"
"stage_reached_300 (App)","W:20_0A:19_0","17","{""attendance_count"":17,""b.diamond"":25181,""b.ruby"":0,""curserver"":1,""install_day"":""2025-08-14"",""total_payment_amount"":7700,""user_name"":""왼손"",""user_rank"":2312,""user_stage"":300}"
"stage_reached_300 (App)","W:20_0A:19_0","20","{""attendance_count"":20,""b.diamond"":6449,""b.ruby"":0,""curserver"":1,""install_day"":""2025-08-10"",""total_payment_amount"":7700,""user_name"":""곤곤"",""user_rank"":2208,""user_stage"":300}"
"stage_reached_300 (App)","W:20_0A:19_0","37","{""attendance_count"":37,""b.diamond"":15788,""b.ruby"":1320,""curserver"":1,""install_day"":""2025-07-24"",""total_payment_amount"":40700,""user_name"":""할로윈"",""user_rank"":2398,""user_stage"":300}"
"stage_reached_300 (App)","W:20_0A:19_0","28","{""attendance_count"":28,""b.diamond"":12644,""b.ruby"":0,""curserver"":1,""install_day"":""2025-08-03"",""total_payment_amount"":7700,""user_name"":""노비왕"",""user_rank"":2206,""user_stage"":300}"
"stage_reached_300 (App)","W:20_0A:19_0","26","{""attendance_count"":26,""b.diamond"":307875,""b.ruby"":0,""curserver"":1,""install_day"":""2025-08-05"",""total_payment_amount"":7700,""user_name"":""카펠"",""user_rank"":2211,""user_stage"":300}"
"stage_reached_300 (App)","W:20_0A:20_0","17","{""attendance_count"":17,""b.diamond"":99276,""b.ruby"":220,""curserver"":1,""install_day"":""2025-08-08"",""total_payment_amount"":134200,""user_name"":""김태형"",""user_rank"":2223,""user_stage"":300}"
"stage_reached_300 (App)","W:22_0A:19_0","29","{""attendance_count"":29,""b.diamond"":1050808,""b.ruby"":0,""curserver"":1,""install_day"":""2025-08-02"",""total_payment_amount"":7700,""user_name"":""Oppen"",""user_rank"":2299,""user_stage"":300}"
"stage_reached_300 (App)","W:20_0A:20_0","28","{""attendance_count"":28,""b.diamond"":127379,""b.ruby"":0,""curserver"":1,""install_day"":""2025-08-03"",""total_payment_amount"":7700,""user_name"":""혈악"",""user_rank"":2208,""user_stage"":300}"
"stage_reached_300 (App)","W:20_0A:19_0","19","{""attendance_count"":19,""b.diamond"":80545,""b.ruby"":0,""curserver"":1,""install_day"":""2025-08-12"",""total_payment_amount"":7700,""user_name"":""또뚜디"",""user_rank"":2221,""user_stage"":300}"
"stage_reached_300 (App)","W:22_0A:20_0","18","{""attendance_count"":18,""b.diamond"":100501,""b.ruby"":110,""curserver"":1,""install_day"":""2025-08-13"",""total_payment_amount"":62700,""user_name"":""순둡"",""user_rank"":2202,""user_stage"":300}"
"stage_reached_300 (App)","W:20_0A:19_0","25","{""attendance_count"":25,""b.diamond"":131085,""b.ruby"":0,""curserver"":1,""install_day"":""2025-08-06"",""total_payment_amount"":7700,""user_name"":""샤코"",""user_rank"":2219,""user_stage"":300}"
"stage_reached_300 (App)","W:20_0A:19_0","28","{""attendance_count"":28,""b.diamond"":53510,""b.ruby"":0,""curserver"":1,""install_day"":""2025-08-02"",""total_payment_amount"":7700,""user_name"":""란타"",""user_rank"":2331,""user_stage"":300}"
"stage_reached_300 (App)","W:22_0A:20_0","25","{""attendance_count"":25,""b.diamond"":2535,""b.ruby"":0,""curserver"":1,""install_day"":""2025-08-04"",""total_payment_amount"":78100,""user_name"":""돌굴러가유"",""user_rank"":2395,""user_stage"":300}"
"stage_reached_300 (App)","W:21_0A:19_0","21","{""attendance_count"":21,""b.diamond"":142442,""b.ruby"":0,""curserver"":1,""install_day"":""2025-08-10"",""total_payment_amount"":7700,""user_name"":""밀천"",""user_rank"":2199,""user_stage"":300}"
"stage_reached_300 (App)","W:22_0A:20_0","17","{""attendance_count"":17,""b.diamond"":158756,""b.ruby"":0,""curserver"":1,""install_day"":""2025-08-14"",""total_payment_amount"":11000,""user_name"":""식스팩"",""user_rank"":2230,""user_stage"":300}"
"stage_reached_300 (App)","W:20_0A:19_0","19","{""attendance_count"":19,""b.diamond"":18314,""b.ruby"":0,""curserver"":1,""install_day"":""2025-08-12"",""total_payment_amount"":7700,""user_name"":""brownie"",""user_rank"":2272,""user_stage"":300}"
"stage_reached_300 (App)","W:22_0A:22_0","29","{""attendance_count"":29,""b.diamond"":129248,""b.ruby"":0,""curserver"":1,""install_day"":""2025-08-02"",""total_payment_amount"":7700,""user_name"":""법기"",""user_rank"":2201,""user_stage"":300}"
"stage_reached_300 (App)","W:22_0A:19_0","30","{""attendance_count"":30,""b.diamond"":21286,""b.ruby"":0,""curserver"":1,""install_day"":""2025-07-18"",""total_payment_amount"":7700,""user_name"":""인지매"",""user_rank"":2361,""user_stage"":300}"
"stage_reached_300 (App)","W:21_0A:21_0","25","{""attendance_count"":25,""b.diamond"":1860,""b.ruby"":0,""curserver"":1,""install_day"":""2025-08-04"",""total_payment_amount"":7700,""user_name"":""코카야"",""user_rank"":2289,""user_stage"":300}"
"stage_reached_300 (App)","W:23_0A:22_0","43","{""attendance_count"":43,""b.diamond"":111764,""b.ruby"":0,""curserver"":1,""install_day"":""2025-07-18"",""total_payment_amount"":0,""user_name"":""낑깡낑깡"",""user_rank"":2193,""user_stage"":300}"
"stage_reached_300 (App)","W:22_0A:19_0","13","{""attendance_count"":13,""b.diamond"":29475,""b.ruby"":220,""curserver"":1,""install_day"":""2025-08-18"",""total_payment_amount"":96800,""user_name"":""박범"",""user_rank"":2222,""user_stage"":300}"
"stage_reached_300 (App)","W:20_0A:19_0","29","{""attendance_count"":29,""b.diamond"":12187,""b.ruby"":0,""curserver"":1,""install_day"":""2025-08-01"",""total_payment_amount"":7700,""user_name"":""최녕락"",""user_rank"":2245,""user_stage"":300}"
"stage_reached_300 (App)","W:21_0A:19_0","19","{""attendance_count"":19,""b.diamond"":102279,""b.ruby"":110,""curserver"":1,""install_day"":""2025-08-12"",""total_payment_amount"":61600,""user_name"":""차뭥쓰"",""user_rank"":2221,""user_stage"":300}"
"stage_reached_300 (App)","W:23_0A:20_0","18","{""attendance_count"":18,""b.diamond"":117691,""b.ruby"":0,""curserver"":1,""install_day"":""2025-08-13"",""total_payment_amount"":7700,""user_name"":""풀잎e"",""user_rank"":2195,""user_stage"":300}"
"stage_reached_300 (App)","W:23_0A:23_0","29","{""attendance_count"":29,""b.diamond"":48617,""b.ruby"":0,""curserver"":1,""install_day"":""2025-08-01"",""total_payment_amount"":18700,""user_name"":""흑의서생"",""user_rank"":2188,""user_stage"":300}"
"stage_reached_300 (App)","W:20_0A:19_0","36","{""attendance_count"":36,""b.diamond"":8645,""b.ruby"":0,""curserver"":1,""install_day"":""2025-07-26"",""total_payment_amount"":0,""user_name"":""duki"",""user_rank"":2188,""user_stage"":300}"
"stage_reached_300 (App)","W:21_0A:21_0","36","{""attendance_count"":36,""b.diamond"":619850,""b.ruby"":0,""curserver"":1,""install_day"":""2025-07-25"",""total_payment_amount"":7700,""user_name"":""드웬달"",""user_rank"":2194,""user_stage"":300}"
"stage_reached_300 (App)","W:22_0A:23_0","30","{""attendance_count"":30,""b.diamond"":689312,""b.ruby"":0,""curserver"":1,""install_day"":""2025-07-31"",""total_payment_amount"":0,""user_name"":""병돌"",""user_rank"":2293,""user_stage"":300}"
"stage_reached_300 (App)","W:22_0A:23_0","35","{""attendance_count"":35,""b.diamond"":2053004,""b.ruby"":0,""curserver"":1,""install_day"":""2025-07-25"",""total_payment_amount"":7700,""user_name"":""게롤트"",""user_rank"":2295,""user_stage"":300}"
"stage_reached_300 (App)","W:22_0A:19_0","18","{""attendance_count"":18,""b.diamond"":129688,""b.ruby"":0,""curserver"":1,""install_day"":""2025-08-12"",""total_payment_amount"":0,""user_name"":""간셈보살"",""user_rank"":2238,""user_stage"":300}"
"stage_reached_300 (App)","W:22_0A:20_0","28","{""attendance_count"":28,""b.diamond"":241979,""b.ruby"":0,""curserver"":1,""install_day"":""2025-07-31"",""total_payment_amount"":7700,""user_name"":""베요네즈"",""user_rank"":2184,""user_stage"":300}"
"stage_reached_300 (App)","W:21_0A:19_0","33","{""attendance_count"":33,""b.diamond"":4097,""b.ruby"":0,""curserver"":1,""install_day"":""2025-07-27"",""total_payment_amount"":7700,""user_name"":""령주"",""user_rank"":2275,""user_stage"":300}"
"stage_reached_300 (App)","W:20_0A:19_0","26","{""attendance_count"":26,""b.diamond"":212513,""b.ruby"":0,""curserver"":1,""install_day"":""2025-08-03"",""total_payment_amount"":7700,""user_name"":""벨리알"",""user_rank"":2182,""user_stage"":300}"
"stage_reached_300 (App)","W:22_0A:22_0","28","{""attendance_count"":28,""b.diamond"":573253,""b.ruby"":0,""curserver"":1,""install_day"":""2025-08-02"",""total_payment_amount"":7700,""user_name"":""다시빛나리"",""user_rank"":2186,""user_stage"":300}"
"stage_reached_300 (App)","W:22_0A:19_0","31","{""attendance_count"":31,""b.diamond"":47907,""b.ruby"":110,""curserver"":1,""install_day"":""2025-07-27"",""total_payment_amount"":25300,""user_name"":""우춘돌"",""user_rank"":2412,""user_stage"":300}"
"stage_reached_300 (App)","W:22_0A:20_0","22","{""attendance_count"":22,""b.diamond"":200548,""b.ruby"":0,""curserver"":1,""install_day"":""2025-08-08"",""total_payment_amount"":7700,""user_name"":""rihopapa"",""user_rank"":2199,""user_stage"":300}"
"stage_reached_300 (App)","W:21_0A:21_0","16","{""attendance_count"":16,""b.diamond"":7451,""b.ruby"":0,""curserver"":1,""install_day"":""2025-08-14"",""total_payment_amount"":49500,""user_name"":""비움"",""user_rank"":2199,""user_stage"":300}"
"stage_reached_300 (App)","W:22_0A:19_0","42","{""attendance_count"":42,""b.diamond"":1504634,""b.ruby"":0,""curserver"":1,""install_day"":""2025-07-17"",""total_payment_amount"":7700,""user_name"":""K31"",""user_rank"":2266,""user_stage"":300}"
"stage_reached_300 (App)","W:22_0A:19_0","22","{""attendance_count"":22,""b.diamond"":343551,""b.ruby"":0,""curserver"":1,""install_day"":""2025-08-07"",""total_payment_amount"":33000,""user_name"":""단기계획"",""user_rank"":2346,""user_stage"":300}"
"stage_reached_300 (App)","W:23_0A:20_0","20","{""attendance_count"":20,""b.diamond"":53388,""b.ruby"":0,""curserver"":1,""install_day"":""2025-08-10"",""total_payment_amount"":0,""user_name"":""중간"",""user_rank"":2172,""user_stage"":300}"
"stage_reached_300 (App)","W:22_0A:20_0","28","{""attendance_count"":28,""b.diamond"":392394,""b.ruby"":0,""curserver"":1,""install_day"":""2025-08-02"",""total_payment_amount"":7700,""user_name"":""닭ddi"",""user_rank"":2171,""user_stage"":300}"
"stage_reached_300 (App)","W:22_0A:22_0","20","{""attendance_count"":20,""b.diamond"":345309,""b.ruby"":220,""curserver"":1,""install_day"":""2025-08-10"",""total_payment_amount"":139700,""user_name"":""갠플"",""user_rank"":2228,""user_stage"":300}"
"stage_reached_300 (App)","W:22_0A:22_0","43","{""attendance_count"":43,""b.diamond"":24731,""b.ruby"":0,""curserver"":1,""install_day"":""2025-07-17"",""total_payment_amount"":0,""user_name"":""위드"",""user_rank"":2171,""user_stage"":300}"
"stage_reached_300 (App)","W:22_0A:19_0","25","{""attendance_count"":25,""b.diamond"":254836,""b.ruby"":0,""curserver"":1,""install_day"":""2025-07-22"",""total_payment_amount"":7700,""user_name"":""또로미냥"",""user_rank"":2195,""user_stage"":300}"
"stage_reached_300 (App)","W:22_0A:21_0","33","{""attendance_count"":33,""b.diamond"":350243,""b.ruby"":0,""curserver"":1,""install_day"":""2025-07-28"",""total_payment_amount"":0,""user_name"":""낸낸"",""user_rank"":2167,""user_stage"":300}"
"stage_reached_300 (App)","W:22_0A:22_0","7","{""attendance_count"":7,""b.diamond"":151665,""b.ruby"":5500,""curserver"":1,""install_day"":""2025-08-23"",""total_payment_amount"":458700,""user_name"":""고대문명"",""user_rank"":2167,""user_stage"":300}"
"stage_reached_300 (App)","W:21_0A:20_0","27","{""attendance_count"":27,""b.diamond"":25704,""b.ruby"":0,""curserver"":1,""install_day"":""2025-08-03"",""total_payment_amount"":7700,""user_name"":""백사형"",""user_rank"":2302,""user_stage"":300}"
"stage_reached_300 (App)","W:22_0A:21_0","18","{""attendance_count"":18,""b.diamond"":215393,""b.ruby"":0,""curserver"":1,""install_day"":""2025-08-12"",""total_payment_amount"":7700,""user_name"":""알배추"",""user_rank"":2199,""user_stage"":300}"
"stage_reached_300 (App)","W:23_0A:23_0","18","{""attendance_count"":18,""b.diamond"":109971,""b.ruby"":550,""curserver"":1,""install_day"":""2025-08-12"",""total_payment_amount"":95700,""user_name"":""goonin"",""user_rank"":2164,""user_stage"":300}"
"stage_reached_300 (App)","W:22_0A:20_0","25","{""attendance_count"":25,""b.diamond"":234920,""b.ruby"":0,""curserver"":1,""install_day"":""2025-08-05"",""total_payment_amount"":7700,""user_name"":""도토리온천"",""user_rank"":2198,""user_stage"":300}"
"stage_reached_300 (App)","W:23_0A:22_0","24","{""attendance_count"":24,""b.diamond"":30023,""b.ruby"":0,""curserver"":1,""install_day"":""2025-08-06"",""total_payment_amount"":7700,""user_name"":""BUCKs"",""user_rank"":2197,""user_stage"":300}"
"stage_reached_300 (App)","W:22_0A:20_0","38","{""attendance_count"":38,""b.diamond"":7335,""b.ruby"":0,""curserver"":1,""install_day"":""2025-07-23"",""total_payment_amount"":29700,""user_name"":""애쉬"",""user_rank"":2161,""user_stage"":300}"
"stage_reached_300 (App)","W:22_0A:20_0","27","{""attendance_count"":27,""b.diamond"":300312,""b.ruby"":0,""curserver"":1,""install_day"":""2025-08-02"",""total_payment_amount"":7700,""user_name"":""난세구리"",""user_rank"":2297,""user_stage"":300}"
"stage_reached_300 (App)","W:20_0A:20_0","24","{""attendance_count"":24,""b.diamond"":100004,""b.ruby"":0,""curserver"":1,""install_day"":""2025-08-06"",""total_payment_amount"":7700,""user_name"":""도상"",""user_rank"":2160,""user_stage"":300}"
"stage_reached_300 (App)","W:20_0A:21_0","21","{""attendance_count"":21,""b.diamond"":5713,""b.ruby"":0,""curserver"":1,""install_day"":""2025-08-09"",""total_payment_amount"":51700,""user_name"":""규미니"",""user_rank"":2333,""user_stage"":300}"
"stage_reached_300 (App)","W:23_0A:21_0","33","{""attendance_count"":33,""b.diamond"":198767,""b.ruby"":0,""curserver"":1,""install_day"":""2025-07-17"",""total_payment_amount"":0,""user_name"":""밈밈"",""user_rank"":2167,""user_stage"":300}"
"stage_reached_300 (App)","W:20_0A:19_0","28","{""attendance_count"":28,""b.diamond"":134105,""b.ruby"":0,""curserver"":1,""install_day"":""2025-08-02"",""total_payment_amount"":7700,""user_name"":""버드나무1983"",""user_rank"":2179,""user_stage"":300}"
"stage_reached_300 (App)","W:20_0A:19_0","22","{""attendance_count"":22,""b.diamond"":365052,""b.ruby"":0,""curserver"":1,""install_day"":""2025-08-08"",""total_payment_amount"":14300,""user_name"":""근당이"",""user_rank"":2147,""user_stage"":300}"
"stage_reached_300 (App)","W:21_0A:19_0","26","{""attendance_count"":26,""b.diamond"":90482,""b.ruby"":0,""curserver"":1,""install_day"":""2025-08-04"",""total_payment_amount"":7700,""user_name"":""best5sh"",""user_rank"":2152,""user_stage"":300}"
"stage_reached_300 (App)","W:20_0A:21_0","28","{""attendance_count"":28,""b.diamond"":21855,""b.ruby"":0,""curserver"":1,""install_day"":""2025-07-29"",""total_payment_amount"":7700,""user_name"":""테오도르"",""user_rank"":2151,""user_stage"":300}"
"stage_reached_300 (App)","W:22_0A:20_0","38","{""attendance_count"":38,""b.diamond"":2629,""b.ruby"":0,""curserver"":1,""install_day"":""2025-07-19"",""total_payment_amount"":0,""user_name"":""날쎈꼬북"",""user_rank"":2209,""user_stage"":300}"
"stage_reached_300 (App)","W:22_0A:22_0","33","{""attendance_count"":33,""b.diamond"":457125,""b.ruby"":0,""curserver"":1,""install_day"":""2025-07-24"",""total_payment_amount"":7700,""user_name"":""IKONGI"",""user_rank"":2259,""user_stage"":300}"
"stage_reached_300 (App)","W:23_0A:20_0","18","{""attendance_count"":18,""b.diamond"":19057,""b.ruby"":0,""curserver"":1,""install_day"":""2025-07-27"",""total_payment_amount"":95700,""user_name"":""혈마사냥꾼"",""user_rank"":2174,""user_stage"":300}"
"stage_reached_300 (App)","W:22_0A:19_0","27","{""attendance_count"":27,""b.diamond"":24161,""b.ruby"":0,""curserver"":1,""install_day"":""2025-08-03"",""total_payment_amount"":7700,""user_name"":""곽이"",""user_rank"":2259,""user_stage"":300}"
"stage_reached_300 (App)","W:21_0A:22_0","39","{""attendance_count"":39,""b.diamond"":1126031,""b.ruby"":0,""curserver"":1,""install_day"":""2025-07-21"",""total_payment_amount"":7700,""user_name"":""마이헌"",""user_rank"":2174,""user_stage"":300}"
"stage_reached_300 (App)","W:21_0A:19_0","30","{""attendance_count"":30,""b.diamond"":230746,""b.ruby"":0,""curserver"":1,""install_day"":""2025-07-22"",""total_payment_amount"":13200,""user_name"":""Hanwoo"",""user_rank"":2326,""user_stage"":300}"
"stage_reached_300 (App)","W:22_0A:23_0","35","{""attendance_count"":35,""b.diamond"":929888,""b.ruby"":0,""curserver"":1,""install_day"":""2025-07-25"",""total_payment_amount"":11000,""user_name"":""눈누s"",""user_rank"":2147,""user_stage"":300}"
"stage_reached_300 (App)","W:22_0A:20_0","43","{""attendance_count"":43,""b.diamond"":15551,""b.ruby"":0,""curserver"":1,""install_day"":""2025-07-17"",""total_payment_amount"":7700,""user_name"":""hsbdj"",""user_rank"":2172,""user_stage"":300}"
"stage_reached_300 (App)","W:20_0A:20_0","20","{""attendance_count"":20,""b.diamond"":39123,""b.ruby"":0,""curserver"":1,""install_day"":""2025-08-10"",""total_payment_amount"":0,""user_name"":""진행시켜"",""user_rank"":2156,""user_stage"":300}"
"stage_reached_300 (App)","W:21_0A:19_0","24","{""attendance_count"":24,""b.diamond"":100205,""b.ruby"":0,""curserver"":1,""install_day"":""2025-08-05"",""total_payment_amount"":7700,""user_name"":""할빙이"",""user_rank"":2170,""user_stage"":300}"
"stage_reached_300 (App)","W:22_0A:20_0","37","{""attendance_count"":37,""b.diamond"":354073,""b.ruby"":110,""curserver"":1,""install_day"":""2025-07-20"",""total_payment_amount"":20900,""user_name"":""사공가문"",""user_rank"":2185,""user_stage"":300}"
"stage_reached_300 (App)","W:21_0A:20_0","29","{""attendance_count"":29,""b.diamond"":8227,""b.ruby"":0,""curserver"":1,""install_day"":""2025-07-30"",""total_payment_amount"":7700,""user_name"":""신로"",""user_rank"":2201,""user_stage"":300}"
"stage_reached_300 (App)","W:22_0A:22_0","44","{""attendance_count"":44,""b.diamond"":3207840,""b.ruby"":0,""curserver"":1,""install_day"":""2025-07-16"",""total_payment_amount"":0,""user_name"":""앤디미온"",""user_rank"":2165,""user_stage"":300}"
"stage_reached_300 (App)","W:22_0A:21_0","30","{""attendance_count"":30,""b.diamond"":326908,""b.ruby"":0,""curserver"":1,""install_day"":""2025-07-29"",""total_payment_amount"":7700,""user_name"":""하이요요"",""user_rank"":2231,""user_stage"":300}"
"stage_reached_300 (App)","W:21_0A:19_0","22","{""attendance_count"":22,""b.diamond"":3752,""b.ruby"":0,""curserver"":1,""install_day"":""2025-08-06"",""total_payment_amount"":7700,""user_name"":""짤밮"",""user_rank"":2150,""user_stage"":300}"
"stage_reached_300 (App)","W:21_0A:19_0","14","{""attendance_count"":14,""b.diamond"":40220,""b.ruby"":4620,""curserver"":1,""install_day"":""2025-08-15"",""total_payment_amount"":256300,""user_name"":""나는참새"",""user_rank"":2271,""user_stage"":300}"
"stage_reached_300 (App)","W:22_0A:22_0","21","{""attendance_count"":21,""b.diamond"":204396,""b.ruby"":0,""curserver"":1,""install_day"":""2025-08-07"",""total_payment_amount"":61600,""user_name"":""집시"",""user_rank"":2147,""user_stage"":300}"
"stage_reached_300 (App)","W:20_0A:19_0","28","{""attendance_count"":28,""b.diamond"":768025,""b.ruby"":0,""curserver"":1,""install_day"":""2025-08-01"",""total_payment_amount"":7700,""user_name"":""표상은"",""user_rank"":2175,""user_stage"":300}"
"stage_reached_300 (App)","W:20_0A:19_0","21","{""attendance_count"":21,""b.diamond"":7109,""b.ruby"":220,""curserver"":1,""install_day"":""2025-08-08"",""total_payment_amount"":67100,""user_name"":""매혹"",""user_rank"":2175,""user_stage"":300}"
"stage_reached_300 (App)","W:21_0A:19_0","24","{""attendance_count"":24,""b.diamond"":2825,""b.ruby"":0,""curserver"":1,""install_day"":""2025-08-05"",""total_payment_amount"":18700,""user_name"":""샤베"",""user_rank"":2144,""user_stage"":300}"
"stage_reached_300 (App)","W:22_0A:20_0","38","{""attendance_count"":38,""b.diamond"":180564,""b.ruby"":0,""curserver"":1,""install_day"":""2025-07-19"",""total_payment_amount"":7700,""user_name"":""범비"",""user_rank"":2137,""user_stage"":300}"
"stage_reached_300 (App)","W:22_0A:20_0","19","{""attendance_count"":19,""b.diamond"":1108,""b.ruby"":0,""curserver"":1,""install_day"":""2025-08-10"",""total_payment_amount"":7700,""user_name"":""난세마왕"",""user_rank"":2142,""user_stage"":300}"
"stage_reached_300 (App)","W:22_0A:22_0","33","{""attendance_count"":33,""b.diamond"":3745,""b.ruby"":0,""curserver"":1,""install_day"":""2025-07-20"",""total_payment_amount"":7700,""user_name"":""야낫"",""user_rank"":2141,""user_stage"":300}"
"stage_reached_300 (App)","W:21_0A:20_0","21","{""attendance_count"":21,""b.diamond"":3574,""b.ruby"":0,""curserver"":1,""install_day"":""2025-08-07"",""total_payment_amount"":66000,""user_name"":""이순신7"",""user_rank"":2260,""user_stage"":300}"
"stage_reached_300 (App)","W:21_0A:19_0","44","{""attendance_count"":44,""b.diamond"":328092,""b.ruby"":0,""curserver"":1,""install_day"":""2025-07-16"",""total_payment_amount"":0,""user_name"":""문창현"",""user_rank"":2133,""user_stage"":300}"
"stage_reached_300 (App)","W:23_0A:21_0","41","{""attendance_count"":41,""b.diamond"":10029,""b.ruby"":0,""curserver"":1,""install_day"":""2025-07-18"",""total_payment_amount"":0,""user_name"":""넨다"",""user_rank"":2152,""user_stage"":300}"
"stage_reached_300 (App)","W:22_0A:20_0","21","{""attendance_count"":21,""b.diamond"":7043,""b.ruby"":0,""curserver"":1,""install_day"":""2025-08-08"",""total_payment_amount"":7700,""user_name"":""창조의빛"",""user_rank"":2152,""user_stage"":300}"
"stage_reached_300 (App)","W:23_0A:19_0","36","{""attendance_count"":36,""b.diamond"":26087,""b.ruby"":0,""curserver"":1,""install_day"":""2025-07-24"",""total_payment_amount"":7700,""user_name"":""수야싫어"",""user_rank"":2130,""user_stage"":300}"
"stage_reached_300 (App)","W:22_0A:20_0","27","{""attendance_count"":27,""b.diamond"":416914,""b.ruby"":0,""curserver"":1,""install_day"":""2025-07-25"",""total_payment_amount"":7700,""user_name"":""금강이"",""user_rank"":2257,""user_stage"":300}"
"stage_reached_300 (App)","W:21_0A:22_0","39","{""attendance_count"":39,""b.diamond"":117807,""b.ruby"":0,""curserver"":1,""install_day"":""2025-07-17"",""total_payment_amount"":0,""user_name"":""wooyas"",""user_rank"":2201,""user_stage"":300}"
"stage_reached_300 (App)","W:20_0A:19_0","36","{""attendance_count"":36,""b.diamond"":78647,""b.ruby"":0,""curserver"":1,""install_day"":""2025-07-17"",""total_payment_amount"":7700,""user_name"":""dttttttt"",""user_rank"":2201,""user_stage"":300}"
"stage_reached_300 (App)","W:21_0A:19_0","20","{""attendance_count"":20,""b.diamond"":2943,""b.ruby"":0,""curserver"":1,""install_day"":""2025-08-09"",""total_payment_amount"":7700,""user_name"":""Junmin78"",""user_rank"":2131,""user_stage"":300}"
"stage_reached_300 (App)","W:20_0A:19_0","18","{""attendance_count"":18,""b.diamond"":4223,""b.ruby"":0,""curserver"":1,""install_day"":""2025-08-11"",""total_payment_amount"":58300,""user_name"":""꺄르47"",""user_rank"":2131,""user_stage"":300}"
"stage_reached_300 (App)","W:23_0A:22_0","31","{""attendance_count"":31,""b.diamond"":570822,""b.ruby"":0,""curserver"":1,""install_day"":""2025-07-29"",""total_payment_amount"":7700,""user_name"":""메탈구피"",""user_rank"":2138,""user_stage"":300}"
"stage_reached_300 (App)","W:20_0A:21_0","20","{""attendance_count"":20,""b.diamond"":103547,""b.ruby"":0,""curserver"":1,""install_day"":""2025-07-24"",""total_payment_amount"":29700,""user_name"":""네이마루"",""user_rank"":2120,""user_stage"":300}"
"stage_reached_300 (App)","W:20_0A:19_0","19","{""attendance_count"":19,""b.diamond"":205799,""b.ruby"":0,""curserver"":1,""install_day"":""2025-08-09"",""total_payment_amount"":7700,""user_name"":""난세환웅"",""user_rank"":2118,""user_stage"":300}"
"stage_reached_300 (App)","W:23_0A:23_0","11","{""attendance_count"":11,""b.diamond"":9814,""b.ruby"":220,""curserver"":1,""install_day"":""2025-08-18"",""total_payment_amount"":143000,""user_name"":""마카다미"",""user_rank"":2248,""user_stage"":300}"
"stage_reached_300 (App)","W:22_0A:19_0","20","{""attendance_count"":20,""b.diamond"":76218,""b.ruby"":0,""curserver"":1,""install_day"":""2025-08-07"",""total_payment_amount"":7700,""user_name"":""자냔민"",""user_rank"":2151,""user_stage"":300}"
"stage_reached_300 (App)","W:20_0A:19_0","21","{""attendance_count"":21,""b.diamond"":5479,""b.ruby"":0,""curserver"":1,""install_day"":""2025-08-07"",""total_payment_amount"":7700,""user_name"":""태권상화"",""user_rank"":2116,""user_stage"":300}"
"stage_reached_300 (App)","W:20_0A:19_0","13","{""attendance_count"":13,""b.diamond"":13914,""b.ruby"":1430,""curserver"":1,""install_day"":""2025-08-16"",""total_payment_amount"":106700,""user_name"":""전우치a"",""user_rank"":2186,""user_stage"":300}"
"stage_reached_300 (App)","W:22_0A:20_0","24","{""attendance_count"":24,""b.diamond"":4559,""b.ruby"":0,""curserver"":1,""install_day"":""2025-08-05"",""total_payment_amount"":7700,""user_name"":""대형"",""user_rank"":2116,""user_stage"":300}"
"stage_reached_300 (App)","W:22_0A:19_0","28","{""attendance_count"":28,""b.diamond"":4691,""b.ruby"":0,""curserver"":1,""install_day"":""2025-07-24"",""total_payment_amount"":7700,""user_name"":""뭐가요"",""user_rank"":2217,""user_stage"":300}"
"stage_reached_300 (App)","W:22_0A:20_0","35","{""attendance_count"":35,""b.diamond"":2540781,""b.ruby"":0,""curserver"":1,""install_day"":""2025-07-24"",""total_payment_amount"":84700,""user_name"":""사신마제"",""user_rank"":2163,""user_stage"":300}"
"stage_reached_300 (App)","W:20_0A:19_0","15","{""attendance_count"":15,""b.diamond"":5030,""b.ruby"":0,""curserver"":1,""install_day"":""2025-08-12"",""total_payment_amount"":106700,""user_name"":""마들역"",""user_rank"":2107,""user_stage"":300}"
"stage_reached_300 (App)","W:22_0A:22_0","34","{""attendance_count"":34,""b.diamond"":303049,""b.ruby"":0,""curserver"":1,""install_day"":""2025-07-25"",""total_payment_amount"":14300,""user_name"":""표씨표류기"",""user_rank"":2127,""user_stage"":300}"
"stage_reached_300 (App)","W:23_0A:22_0","33","{""attendance_count"":33,""b.diamond"":21905,""b.ruby"":0,""curserver"":1,""install_day"":""2025-07-23"",""total_payment_amount"":0,""user_name"":""사자보이스"",""user_rank"":2107,""user_stage"":300}"
"stage_reached_300 (App)","W:22_0A:21_0","37","{""attendance_count"":37,""b.diamond"":388767,""b.ruby"":0,""curserver"":1,""install_day"":""2025-07-22"",""total_payment_amount"":135300,""user_name"":""가우리열제"",""user_rank"":2160,""user_stage"":300}"
"stage_reached_300 (App)","W:23_0A:22_0","41","{""attendance_count"":41,""b.diamond"":87260,""b.ruby"":0,""curserver"":1,""install_day"":""2025-07-18"",""total_payment_amount"":7700,""user_name"":""스하츠"",""user_rank"":2110,""user_stage"":300}"
"stage_reached_300 (App)","W:22_0A:19_0","29","{""attendance_count"":29,""b.diamond"":16390,""b.ruby"":0,""curserver"":1,""install_day"":""2025-07-27"",""total_payment_amount"":7700,""user_name"":""은닉"",""user_rank"":2176,""user_stage"":300}"
"stage_reached_300 (App)","W:23_0A:19_0","40","{""attendance_count"":40,""b.diamond"":277787,""b.ruby"":0,""curserver"":1,""install_day"":""2025-07-19"",""total_payment_amount"":33000,""user_name"":""졸업앨범을피지마"",""user_rank"":2104,""user_stage"":300}"
"stage_reached_300 (App)","W:21_0A:21_0","26","{""attendance_count"":26,""b.diamond"":382077,""b.ruby"":0,""curserver"":1,""install_day"":""2025-08-01"",""total_payment_amount"":40700,""user_name"":""괴협"",""user_rank"":2108,""user_stage"":300}"
"stage_reached_300 (App)","W:20_0A:19_0","23","{""attendance_count"":23,""b.diamond"":110576,""b.ruby"":0,""curserver"":1,""install_day"":""2025-07-29"",""total_payment_amount"":14300,""user_name"":""김상"",""user_rank"":2100,""user_stage"":300}"
"stage_reached_300 (App)","W:22_0A:22_0","28","{""attendance_count"":28,""b.diamond"":233978,""b.ruby"":0,""curserver"":1,""install_day"":""2025-07-30"",""total_payment_amount"":8800,""user_name"":""팔후"",""user_rank"":2132,""user_stage"":300}"
"stage_reached_300 (App)","W:21_0A:20_0","20","{""attendance_count"":20,""b.diamond"":606470,""b.ruby"":440,""curserver"":1,""install_day"":""2025-08-08"",""total_payment_amount"":371800,""user_name"":""전력"",""user_rank"":2297,""user_stage"":300}"
"stage_reached_300 (App)","W:23_0A:20_0","22","{""attendance_count"":22,""b.diamond"":26601,""b.ruby"":0,""curserver"":1,""install_day"":""2025-08-02"",""total_payment_amount"":7700,""user_name"":""l뭘로할까l"",""user_rank"":2231,""user_stage"":300}"
"stage_reached_300 (App)","W:22_0A:19_0","21","{""attendance_count"":21,""b.diamond"":7266,""b.ruby"":0,""curserver"":1,""install_day"":""2025-07-24"",""total_payment_amount"":7700,""user_name"":""아스트라"",""user_rank"":2227,""user_stage"":300}"
"stage_reached_300 (App)","W:23_0A:20_0","2","{""attendance_count"":2,""b.diamond"":222958,""b.ruby"":330,""curserver"":1,""install_day"":""2025-08-26"",""total_payment_amount"":418000,""user_name"":""태율태양"",""user_rank"":2294,""user_stage"":300}"
"stage_reached_300 (App)","W:22_0A:20_0","29","{""attendance_count"":29,""b.diamond"":155873,""b.ruby"":0,""curserver"":1,""install_day"":""2025-07-30"",""total_payment_amount"":7700,""user_name"":""초시계"",""user_rank"":2097,""user_stage"":300}"
"stage_reached_300 (App)","W:20_0A:20_0","29","{""attendance_count"":29,""b.diamond"":17692,""b.ruby"":0,""curserver"":1,""install_day"":""2025-07-29"",""total_payment_amount"":13200,""user_name"":""행행"",""user_rank"":2184,""user_stage"":300}"
"stage_reached_300 (App)","W:22_0A:22_0","29","{""attendance_count"":29,""b.diamond"":2972,""b.ruby"":0,""curserver"":1,""install_day"":""2025-07-30"",""total_payment_amount"":0,""user_name"":""궁YE"",""user_rank"":2099,""user_stage"":300}"
"stage_reached_300 (App)","W:20_0A:20_0","18","{""attendance_count"":18,""b.diamond"":163945,""b.ruby"":0,""curserver"":1,""install_day"":""2025-08-09"",""total_payment_amount"":11000,""user_name"":""바닥"",""user_rank"":2109,""user_stage"":300}"
"stage_reached_300 (App)","W:20_0A:19_0","27","{""attendance_count"":27,""b.diamond"":8423,""b.ruby"":0,""curserver"":1,""install_day"":""2025-07-21"",""total_payment_amount"":7700,""user_name"":""메나큐"",""user_rank"":2162,""user_stage"":300}"
"stage_reached_300 (App)","W:22_0A:22_0","32","{""attendance_count"":32,""b.diamond"":218768,""b.ruby"":0,""curserver"":1,""install_day"":""2025-07-27"",""total_payment_amount"":7700,""user_name"":""지나가던김서방"",""user_rank"":2091,""user_stage"":300}"
"stage_reached_300 (App)","W:22_0A:20_0","13","{""attendance_count"":13,""b.diamond"":62434,""b.ruby"":0,""curserver"":1,""install_day"":""2025-08-15"",""total_payment_amount"":95700,""user_name"":""Space"",""user_rank"":2141,""user_stage"":300}"
"stage_reached_300 (App)","W:22_0A:19_0","38","{""attendance_count"":38,""b.diamond"":77231,""b.ruby"":0,""curserver"":1,""install_day"":""2025-07-20"",""total_payment_amount"":0,""user_name"":""땋땋"",""user_rank"":2097,""user_stage"":300}"
"stage_reached_300 (App)","W:21_0A:20_0","37","{""attendance_count"":37,""b.diamond"":115422,""b.ruby"":0,""curserver"":1,""install_day"":""2025-07-16"",""total_payment_amount"":11000,""user_name"":""민준이"",""user_rank"":2138,""user_stage"":300}"
"stage_reached_300 (App)","W:21_0A:19_0","19","{""attendance_count"":19,""b.diamond"":65060,""b.ruby"":0,""curserver"":1,""install_day"":""2025-08-09"",""total_payment_amount"":18700,""user_name"":""스키비"",""user_rank"":2105,""user_stage"":300}"
"stage_reached_300 (App)","W:21_0A:22_0","31","{""attendance_count"":31,""b.diamond"":362272,""b.ruby"":220,""curserver"":1,""install_day"":""2025-07-28"",""total_payment_amount"":29700,""user_name"":""보늬하늬"",""user_rank"":2118,""user_stage"":300}"
"stage_reached_300 (App)","W:21_0A:19_0","35","{""attendance_count"":35,""b.diamond"":131829,""b.ruby"":0,""curserver"":1,""install_day"":""2025-07-24"",""total_payment_amount"":7700,""user_name"":""마구"",""user_rank"":2163,""user_stage"":300}"
"stage_reached_300 (App)","W:20_0A:20_0","25","{""attendance_count"":25,""b.diamond"":120209,""b.ruby"":0,""curserver"":1,""install_day"":""2025-08-03"",""total_payment_amount"":7700,""user_name"":""지브라66"",""user_rank"":2172,""user_stage"":300}"
"stage_reached_300 (App)","W:22_0A:19_0","39","{""attendance_count"":39,""b.diamond"":382210,""b.ruby"":0,""curserver"":1,""install_day"":""2025-07-19"",""total_payment_amount"":7700,""user_name"":""미니와플"",""user_rank"":2090,""user_stage"":300}"
"stage_reached_300 (App)","W:20_0A:20_0","44","{""attendance_count"":44,""b.diamond"":64005,""b.ruby"":0,""curserver"":0,""install_day"":""2025-07-15"",""total_payment_amount"":0,""user_name"":""나막소"",""user_rank"":1856,""user_stage"":300}"
"stage_reached_300 (App)","W:23_0A:21_0","22","{""attendance_count"":22,""b.diamond"":330377,""b.ruby"":590,""curserver"":1,""install_day"":""2025-08-06"",""total_payment_amount"":205700,""user_name"":""삵이"",""user_rank"":2090,""user_stage"":300}"
"stage_reached_300 (App)","W:23_0A:21_0","17","{""attendance_count"":17,""b.diamond"":10019,""b.ruby"":0,""curserver"":1,""install_day"":""2025-08-11"",""total_payment_amount"":0,""user_name"":""센징"",""user_rank"":2097,""user_stage"":300}"
"stage_reached_300 (App)","W:23_0A:20_0","29","{""attendance_count"":29,""b.diamond"":105301,""b.ruby"":0,""curserver"":1,""install_day"":""2025-07-28"",""total_payment_amount"":0,""user_name"":""Chimus"",""user_rank"":2098,""user_stage"":300}"
"stage_reached_300 (App)","W:22_0A:19_0","25","{""attendance_count"":25,""b.diamond"":9567,""b.ruby"":0,""curserver"":1,""install_day"":""2025-08-02"",""total_payment_amount"":13200,""user_name"":""멍오리곰"",""user_rank"":2145,""user_stage"":300}"
"stage_reached_300 (App)","W:20_0A:19_0","21","{""attendance_count"":21,""b.diamond"":24417,""b.ruby"":0,""curserver"":1,""install_day"":""2025-08-07"",""total_payment_amount"":73700,""user_name"":""유음"",""user_rank"":2108,""user_stage"":300}"
"stage_reached_300 (App)","W:22_0A:19_0","15","{""attendance_count"":15,""b.diamond"":2158,""b.ruby"":0,""curserver"":1,""install_day"":""2025-08-13"",""total_payment_amount"":7700,""user_name"":""오이현구"",""user_rank"":2071,""user_stage"":300}"
"stage_reached_300 (App)","W:23_0A:21_0","30","{""attendance_count"":30,""b.diamond"":1185195,""b.ruby"":0,""curserver"":1,""install_day"":""2025-07-29"",""total_payment_amount"":7700,""user_name"":""어라차차"",""user_rank"":2077,""user_stage"":300}"
"stage_reached_300 (App)","W:23_0A:19_0","26","{""attendance_count"":26,""b.diamond"":15233,""b.ruby"":110,""curserver"":1,""install_day"":""2025-08-02"",""total_payment_amount"":25300,""user_name"":""동탄잉어"",""user_rank"":2141,""user_stage"":300}"
"stage_reached_300 (App)","W:22_0A:20_0","35","{""attendance_count"":35,""b.diamond"":562218,""b.ruby"":0,""curserver"":1,""install_day"":""2025-07-23"",""total_payment_amount"":7700,""user_name"":""훈남준"",""user_rank"":2204,""user_stage"":300}"
"stage_reached_300 (App)","W:22_0A:19_0","23","{""attendance_count"":23,""b.diamond"":26746,""b.ruby"":0,""curserver"":1,""install_day"":""2025-08-04"",""total_payment_amount"":7700,""user_name"":""이름이무엇"",""user_rank"":2091,""user_stage"":300}"
"stage_reached_300 (App)","W:22_0A:22_0","25","{""attendance_count"":25,""b.diamond"":116565,""b.ruby"":0,""curserver"":1,""install_day"":""2025-07-17"",""total_payment_amount"":7700,""user_name"":""난씨다"",""user_rank"":2140,""user_stage"":300}"
"stage_reached_300 (App)","W:20_0A:22_0","27","{""attendance_count"":27,""b.diamond"":22678,""b.ruby"":0,""curserver"":1,""install_day"":""2025-07-29"",""total_payment_amount"":35200,""user_name"":""신사독행"",""user_rank"":2235,""user_stage"":300}"
"stage_reached_300 (App)","W:22_0A:19_0","28","{""attendance_count"":28,""b.diamond"":37864,""b.ruby"":0,""curserver"":1,""install_day"":""2025-07-17"",""total_payment_amount"":18700,""user_name"":""허허하허"",""user_rank"":2136,""user_stage"":300}"
"stage_reached_300 (App)","W:22_0A:22_0","29","{""attendance_count"":29,""b.diamond"":85026,""b.ruby"":0,""curserver"":1,""install_day"":""2025-07-28"",""total_payment_amount"":7700,""user_name"":""칙준경"",""user_rank"":2069,""user_stage"":300}"
"stage_reached_300 (App)","W:23_0A:19_0","28","{""attendance_count"":28,""b.diamond"":63470,""b.ruby"":0,""curserver"":1,""install_day"":""2025-07-27"",""total_payment_amount"":9900,""user_name"":""은빛마녀"",""user_rank"":2177,""user_stage"":300}"
"stage_reached_300 (App)","W:22_0A:21_0","31","{""attendance_count"":31,""b.diamond"":299168,""b.ruby"":0,""curserver"":1,""install_day"":""2025-07-24"",""total_payment_amount"":7700,""user_name"":""호디"",""user_rank"":2086,""user_stage"":300}"
"stage_reached_300 (App)","W:23_0A:19_0","27","{""attendance_count"":27,""b.diamond"":847156,""b.ruby"":330,""curserver"":1,""install_day"":""2025-07-24"",""total_payment_amount"":11000,""user_name"":""rei"",""user_rank"":2072,""user_stage"":300}"
"stage_reached_300 (App)","W:22_0A:22_0","29","{""attendance_count"":29,""b.diamond"":401351,""b.ruby"":0,""curserver"":1,""install_day"":""2025-07-24"",""total_payment_amount"":7700,""user_name"":""천화"",""user_rank"":2192,""user_stage"":300}"
"stage_reached_300 (App)","W:22_0A:19_0","25","{""attendance_count"":25,""b.diamond"":111400,""b.ruby"":0,""curserver"":1,""install_day"":""2025-08-02"",""total_payment_amount"":7700,""user_name"":""흑호령"",""user_rank"":2096,""user_stage"":300}"
"stage_reached_300 (App)","W:23_0A:20_0","31","{""attendance_count"":31,""b.diamond"":9853,""b.ruby"":0,""curserver"":1,""install_day"":""2025-07-27"",""total_payment_amount"":0,""user_name"":""양붕"",""user_rank"":2060,""user_stage"":300}"
"stage_reached_300 (App)","W:20_0A:19_0","20","{""attendance_count"":20,""b.diamond"":102142,""b.ruby"":0,""curserver"":1,""install_day"":""2025-08-07"",""total_payment_amount"":0,""user_name"":""비가한방울"",""user_rank"":2062,""user_stage"":300}"
"stage_reached_300 (App)","W:22_0A:19_0","25","{""attendance_count"":25,""b.diamond"":7750,""b.ruby"":0,""curserver"":1,""install_day"":""2025-08-02"",""total_payment_amount"":7700,""user_name"":""동둉"",""user_rank"":2062,""user_stage"":300}"
"stage_reached_300 (App)","W:20_0A:20_0","25","{""attendance_count"":25,""b.diamond"":155932,""b.ruby"":0,""curserver"":1,""install_day"":""2025-08-02"",""total_payment_amount"":34100,""user_name"":""인스"",""user_rank"":2069,""user_stage"":300}"
"stage_reached_300 (App)","W:22_0A:19_0","13","{""attendance_count"":13,""b.diamond"":13236,""b.ruby"":0,""curserver"":1,""install_day"":""2025-08-13"",""total_payment_amount"":77000,""user_name"":""레오야멍멍해봐"",""user_rank"":2094,""user_stage"":300}"
"stage_reached_300 (App)","W:20_0A:19_0","22","{""attendance_count"":22,""b.diamond"":13905,""b.ruby"":0,""curserver"":1,""install_day"":""2025-08-05"",""total_payment_amount"":7700,""user_name"":""밍냥당"",""user_rank"":2080,""user_stage"":300}"
"stage_reached_300 (App)","W:22_0A:19_0","27","{""attendance_count"":27,""b.diamond"":11128,""b.ruby"":0,""curserver"":1,""install_day"":""2025-07-30"",""total_payment_amount"":7700,""user_name"":""루니악"",""user_rank"":2091,""user_stage"":300}"
"stage_reached_300 (App)","W:22_0A:19_0","18","{""attendance_count"":18,""b.diamond"":29942,""b.ruby"":0,""curserver"":1,""install_day"":""2025-08-09"",""total_payment_amount"":7700,""user_name"":""밥강아지"",""user_rank"":2055,""user_stage"":300}"
"stage_reached_300 (App)","W:22_0A:20_0","30","{""attendance_count"":30,""b.diamond"":86122,""b.ruby"":0,""curserver"":1,""install_day"":""2025-07-28"",""total_payment_amount"":7700,""user_name"":""소소안"",""user_rank"":2057,""user_stage"":300}"
"stage_reached_300 (App)","W:21_0A:23_0","35","{""attendance_count"":35,""b.diamond"":35488,""b.ruby"":0,""curserver"":1,""install_day"":""2025-07-23"",""total_payment_amount"":0,""user_name"":""난세컴온"",""user_rank"":2055,""user_stage"":300}"
"stage_reached_300 (App)","W:20_0A:19_0","18","{""attendance_count"":18,""b.diamond"":8764,""b.ruby"":0,""curserver"":1,""install_day"":""2025-08-09"",""total_payment_amount"":29700,""user_name"":""뜨거운배추"",""user_rank"":2062,""user_stage"":300}"
"stage_reached_300 (App)","W:20_0A:19_0","26","{""attendance_count"":26,""b.diamond"":14527,""b.ruby"":2970,""curserver"":1,""install_day"":""2025-08-01"",""total_payment_amount"":62700,""user_name"":""기무민섭"",""user_rank"":2054,""user_stage"":300}"
"stage_reached_300 (App)","W:20_0A:19_0","16","{""attendance_count"":16,""b.diamond"":4907,""b.ruby"":0,""curserver"":1,""install_day"":""2025-08-04"",""total_payment_amount"":28600,""user_name"":""용산"",""user_rank"":2085,""user_stage"":300}"
"stage_reached_300 (App)","W:22_0A:19_0","35","{""attendance_count"":35,""b.diamond"":46312,""b.ruby"":0,""curserver"":0,""install_day"":""2024-11-28"",""total_payment_amount"":0,""user_name"":""플루"",""user_rank"":1910,""user_stage"":300}"
"stage_reached_300 (App)","W:23_0A:19_0","18","{""attendance_count"":18,""b.diamond"":192483,""b.ruby"":0,""curserver"":1,""install_day"":""2025-08-06"",""total_payment_amount"":7700,""user_name"":""일단패자"",""user_rank"":2058,""user_stage"":300}"
"stage_reached_300 (App)","W:22_0A:19_0","21","{""attendance_count"":21,""b.diamond"":28100,""b.ruby"":0,""curserver"":1,""install_day"":""2025-08-06"",""total_payment_amount"":7700,""user_name"":""오모꼬"",""user_rank"":2058,""user_stage"":300}"
"stage_reached_300 (App)","W:20_0A:19_0","21","{""attendance_count"":21,""b.diamond"":208980,""b.ruby"":0,""curserver"":1,""install_day"":""2025-08-06"",""total_payment_amount"":7700,""user_name"":""ddohul"",""user_rank"":2058,""user_stage"":300}"
"stage_reached_300 (App)","W:22_0A:19_0","27","{""attendance_count"":27,""b.diamond"":394785,""b.ruby"":0,""curserver"":1,""install_day"":""2025-07-28"",""total_payment_amount"":7700,""user_name"":""화난파"",""user_rank"":2082,""user_stage"":300}"
"stage_reached_300 (App)","W:22_0A:20_0","21","{""attendance_count"":21,""b.diamond"":139717,""b.ruby"":0,""curserver"":1,""install_day"":""2025-08-06"",""total_payment_amount"":7700,""user_name"":""지토"",""user_rank"":2078,""user_stage"":300}"
"stage_reached_300 (App)","W:21_0A:23_0","27","{""attendance_count"":27,""b.diamond"":31374,""b.ruby"":0,""curserver"":1,""install_day"":""2025-07-29"",""total_payment_amount"":7700,""user_name"":""청무룡"",""user_rank"":2077,""user_stage"":300}"
"stage_reached_300 (App)","W:22_0A:19_0","24","{""attendance_count"":24,""b.diamond"":117745,""b.ruby"":0,""curserver"":1,""install_day"":""2025-08-02"",""total_payment_amount"":7700,""user_name"":""한자"",""user_rank"":2130,""user_stage"":300}"
"stage_reached_300 (App)","W:22_0A:19_0","32","{""attendance_count"":32,""b.diamond"":8227,""b.ruby"":0,""curserver"":1,""install_day"":""2025-07-24"",""total_payment_amount"":0,""user_name"":""노네임1"",""user_rank"":2150,""user_stage"":300}"
"stage_reached_300 (App)","W:21_0A:19_0","18","{""attendance_count"":18,""b.diamond"":93017,""b.ruby"":0,""curserver"":1,""install_day"":""2025-08-09"",""total_payment_amount"":7700,""user_name"":""시싱이"",""user_rank"":2064,""user_stage"":300}"
"stage_reached_300 (App)","W:22_0A:11_0","38","{""attendance_count"":38,""b.diamond"":40837,""b.ruby"":0,""curserver"":1,""install_day"":""2025-07-17"",""total_payment_amount"":7700,""user_name"":""시원하빈"",""user_rank"":2052,""user_stage"":300}"
"stage_reached_300 (App)","W:22_0A:22_0","26","{""attendance_count"":26,""b.diamond"":53612,""b.ruby"":0,""curserver"":1,""install_day"":""2025-08-01"",""total_payment_amount"":7700,""user_name"":""뽀로로팍"",""user_rank"":2052,""user_stage"":300}"
"stage_reached_300 (App)","W:22_0A:20_0","21","{""attendance_count"":21,""b.diamond"":2574,""b.ruby"":0,""curserver"":1,""install_day"":""2025-08-06"",""total_payment_amount"":7700,""user_name"":""메밀대장군"",""user_rank"":2042,""user_stage"":300}"
"stage_reached_300 (App)","W:23_0A:21_0","23","{""attendance_count"":23,""b.diamond"":36362,""b.ruby"":0,""curserver"":1,""install_day"":""2025-08-03"",""total_payment_amount"":18700,""user_name"":""주시"",""user_rank"":2055,""user_stage"":300}"
"stage_reached_300 (App)","W:22_0A:19_0","23","{""attendance_count"":23,""b.diamond"":13996,""b.ruby"":0,""curserver"":1,""install_day"":""2025-08-02"",""total_payment_amount"":7700,""user_name"":""이거은근재밌는데"",""user_rank"":2067,""user_stage"":300}"
"stage_reached_300 (App)","W:22_0A:19_0","25","{""attendance_count"":25,""b.diamond"":13308,""b.ruby"":110,""curserver"":1,""install_day"":""2025-07-30"",""total_payment_amount"":20900,""user_name"":""담온누리"",""user_rank"":2121,""user_stage"":300}"
"stage_reached_300 (App)","W:20_0A:20_0","21","{""attendance_count"":21,""b.diamond"":262398,""b.ruby"":0,""curserver"":1,""install_day"":""2025-08-06"",""total_payment_amount"":7700,""user_name"":""장씨표류일기"",""user_rank"":2019,""user_stage"":300}"
"stage_reached_300 (App)","W:21_0A:19_0","13","{""attendance_count"":13,""b.diamond"":2082,""b.ruby"":0,""curserver"":1,""install_day"":""2025-08-14"",""total_payment_amount"":60500,""user_name"":""미삐순"",""user_rank"":2033,""user_stage"":300}"
"stage_reached_300 (App)","W:22_0A:20_0","24","{""attendance_count"":24,""b.diamond"":122672,""b.ruby"":0,""curserver"":1,""install_day"":""2025-08-01"",""total_payment_amount"":7700,""user_name"":""남자예절"",""user_rank"":2119,""user_stage"":300}"
"stage_reached_300 (App)","W:22_0A:19_0","8","{""attendance_count"":8,""b.diamond"":6857,""b.ruby"":0,""curserver"":1,""install_day"":""2025-08-19"",""total_payment_amount"":146300,""user_name"":""김창식씌"",""user_rank"":2096,""user_stage"":300}"
"stage_reached_300 (App)","W:23_0A:19_0","27","{""attendance_count"":27,""b.diamond"":1182934,""b.ruby"":0,""curserver"":1,""install_day"":""2025-07-31"",""total_payment_amount"":7700,""user_name"":""E쪼오간다아"",""user_rank"":2032,""user_stage"":300}"
"stage_reached_300 (App)","W:23_0A:20_0","30","{""attendance_count"":30,""b.diamond"":26445,""b.ruby"":0,""curserver"":1,""install_day"":""2025-07-27"",""total_payment_amount"":7700,""user_name"":""푸하할"",""user_rank"":2264,""user_stage"":300}"
"stage_reached_300 (App)","W:22_0A:19_0","22","{""attendance_count"":22,""b.diamond"":22207,""b.ruby"":0,""curserver"":1,""install_day"":""2025-08-01"",""total_payment_amount"":18700,""user_name"":""제르비뉴"",""user_rank"":2112,""user_stage"":300}"
"stage_reached_300 (App)","W:22_0A:22_0","26","{""attendance_count"":26,""b.diamond"":52890,""b.ruby"":0,""curserver"":1,""install_day"":""2025-07-31"",""total_payment_amount"":0,""user_name"":""우와아하하"",""user_rank"":2029,""user_stage"":300}"
"stage_reached_300 (App)","W:20_0A:19_0","21","{""attendance_count"":21,""b.diamond"":4599,""b.ruby"":0,""curserver"":1,""install_day"":""2025-08-03"",""total_payment_amount"":7700,""user_name"":""작은소인"",""user_rank"":2058,""user_stage"":300}"
"stage_reached_300 (App)","W:22_0A:21_0","23","{""attendance_count"":23,""b.diamond"":73243,""b.ruby"":0,""curserver"":1,""install_day"":""2025-08-04"",""total_payment_amount"":7700,""user_name"":""코콬"",""user_rank"":2036,""user_stage"":300}"
"stage_reached_300 (App)","W:20_0A:19_0","23","{""attendance_count"":23,""b.diamond"":15921,""b.ruby"":0,""curserver"":1,""install_day"":""2025-08-04"",""total_payment_amount"":18700,""user_name"":""심정보"",""user_rank"":2108,""user_stage"":300}"
"stage_reached_300 (App)","W:22_0A:22_0","36","{""attendance_count"":36,""b.diamond"":1430071,""b.ruby"":0,""curserver"":1,""install_day"":""2025-07-22"",""total_payment_amount"":7700,""user_name"":""검나루"",""user_rank"":2130,""user_stage"":300}"
"stage_reached_300 (App)","W:21_0A:19_0","33","{""attendance_count"":33,""b.diamond"":5904,""b.ruby"":0,""curserver"":1,""install_day"":""2025-07-22"",""total_payment_amount"":1100,""user_name"":""sang223"",""user_rank"":2024,""user_stage"":300}"
"stage_reached_300 (App)","W:23_0A:22_0","18","{""attendance_count"":18,""b.diamond"":46960,""b.ruby"":0,""curserver"":1,""install_day"":""2025-08-07"",""total_payment_amount"":7700,""user_name"":""박격"",""user_rank"":2024,""user_stage"":300}"
"stage_reached_300 (App)","W:22_0A:19_0","21","{""attendance_count"":21,""b.diamond"":161433,""b.ruby"":0,""curserver"":1,""install_day"":""2025-08-06"",""total_payment_amount"":7700,""user_name"":""키작은아이"",""user_rank"":2032,""user_stage"":300}"
"stage_reached_300 (App)","W:21_0A:19_0","20","{""attendance_count"":20,""b.diamond"":3713,""b.ruby"":0,""curserver"":1,""install_day"":""2025-08-07"",""total_payment_amount"":7700,""user_name"":""스우0620"",""user_rank"":2054,""user_stage"":300}"
"stage_reached_300 (App)","W:22_0A:19_0","24","{""attendance_count"":24,""b.diamond"":10968,""b.ruby"":0,""curserver"":1,""install_day"":""2025-08-01"",""total_payment_amount"":7700,""user_name"":""딱지코딱지"",""user_rank"":2106,""user_stage"":300}"
"stage_reached_300 (App)","W:20_0A:19_0","28","{""attendance_count"":28,""b.diamond"":153219,""b.ruby"":0,""curserver"":0,""install_day"":""2024-11-25"",""total_payment_amount"":7700,""user_name"":""팡이"",""user_rank"":1881,""user_stage"":300}"
"stage_reached_300 (App)","W:21_0A:19_0","29","{""attendance_count"":29,""b.diamond"":21190,""b.ruby"":0,""curserver"":1,""install_day"":""2025-07-29"",""total_payment_amount"":7700,""user_name"":""셧다"",""user_rank"":2141,""user_stage"":300}"
"stage_reached_300 (App)","W:22_0A:22_0","21","{""attendance_count"":21,""b.diamond"":83609,""b.ruby"":0,""curserver"":1,""install_day"":""2025-08-05"",""total_payment_amount"":33000,""user_name"":""무록천마"",""user_rank"":2019,""user_stage"":300}"
"stage_reached_300 (App)","W:20_0A:19_0","22","{""attendance_count"":22,""b.diamond"":28142,""b.ruby"":0,""curserver"":1,""install_day"":""2025-08-03"",""total_payment_amount"":7700,""user_name"":""자두사랑"",""user_rank"":2026,""user_stage"":300}"
"stage_reached_300 (App)","W:22_0A:19_0","32","{""attendance_count"":32,""b.diamond"":151,""b.ruby"":0,""curserver"":1,""install_day"":""2025-07-24"",""total_payment_amount"":0,""user_name"":""강백약"",""user_rank"":2015,""user_stage"":300}"
"stage_reached_300 (App)","W:22_0A:20_0","27","{""attendance_count"":27,""b.diamond"":905831,""b.ruby"":0,""curserver"":1,""install_day"":""2025-07-30"",""total_payment_amount"":7700,""user_name"":""차매"",""user_rank"":2067,""user_stage"":300}"
"stage_reached_300 (App)","W:21_0A:21_0","25","{""attendance_count"":25,""b.diamond"":66194,""b.ruby"":0,""curserver"":1,""install_day"":""2025-08-01"",""total_payment_amount"":7700,""user_name"":""룩엣츄"",""user_rank"":2014,""user_stage"":300}"
"stage_reached_300 (App)","W:20_0A:20_0","26","{""attendance_count"":26,""b.diamond"":16505,""b.ruby"":0,""curserver"":1,""install_day"":""2025-07-31"",""total_payment_amount"":7700,""user_name"":""청담역"",""user_rank"":2042,""user_stage"":300}"
"stage_reached_300 (App)","W:23_0A:22_0","19","{""attendance_count"":19,""b.diamond"":28569,""b.ruby"":0,""curserver"":1,""install_day"":""2025-08-01"",""total_payment_amount"":7700,""user_name"":""논셰"",""user_rank"":2061,""user_stage"":300}"
"stage_reached_300 (App)","W:23_0A:19_0","17","{""attendance_count"":17,""b.diamond"":348601,""b.ruby"":0,""curserver"":1,""install_day"":""2025-08-09"",""total_payment_amount"":7700,""user_name"":""신드롬"",""user_rank"":2696,""user_stage"":300}"
"stage_reached_300 (App)","W:20_0A:19_0","34","{""attendance_count"":34,""b.diamond"":7367,""b.ruby"":0,""curserver"":1,""install_day"":""2025-07-23"",""total_payment_amount"":0,""user_name"":""죠광죠"",""user_rank"":2009,""user_stage"":300}"
"stage_reached_300 (App)","W:22_0A:20_0","23","{""attendance_count"":23,""b.diamond"":710411,""b.ruby"":0,""curserver"":1,""install_day"":""2025-08-03"",""total_payment_amount"":7700,""user_name"":""BsS2"",""user_rank"":1989,""user_stage"":300}"
"stage_reached_300 (App)","W:23_0A:22_0","20","{""attendance_count"":20,""b.diamond"":33680,""b.ruby"":0,""curserver"":1,""install_day"":""2025-07-26"",""total_payment_amount"":7700,""user_name"":""유성별"",""user_rank"":2515,""user_stage"":300}"
"stage_reached_300 (App)","W:20_0A:19_0","32","{""attendance_count"":32,""b.diamond"":42775,""b.ruby"":0,""curserver"":1,""install_day"":""2025-07-21"",""total_payment_amount"":0,""user_name"":""아는형아"",""user_rank"":2017,""user_stage"":300}"
"stage_reached_300 (App)","W:23_0A:20_0","21","{""attendance_count"":21,""b.diamond"":39190,""b.ruby"":0,""curserver"":1,""install_day"":""2025-07-26"",""total_payment_amount"":7700,""user_name"":""우유민"",""user_rank"":2089,""user_stage"":300}"
"stage_reached_300 (App)","W:20_0A:19_0","24","{""attendance_count"":24,""b.diamond"":58409,""b.ruby"":0,""curserver"":1,""install_day"":""2025-07-25"",""total_payment_amount"":7700,""user_name"":""으허허허"",""user_rank"":2049,""user_stage"":300}"
"stage_reached_300 (App)","W:20_0A:19_0","23","{""attendance_count"":23,""b.diamond"":715235,""b.ruby"":0,""curserver"":1,""install_day"":""2025-08-03"",""total_payment_amount"":7700,""user_name"":""탕아"",""user_rank"":1999,""user_stage"":300}"
"stage_reached_300 (App)","W:21_0A:20_0","29","{""attendance_count"":29,""b.diamond"":320085,""b.ruby"":0,""curserver"":0,""install_day"":""2024-12-07"",""total_payment_amount"":0,""user_name"":""위봉"",""user_rank"":1853,""user_stage"":300}"
"stage_reached_300 (App)","W:20_0A:19_0","32","{""attendance_count"":32,""b.diamond"":1104,""b.ruby"":0,""curserver"":1,""install_day"":""2025-07-25"",""total_payment_amount"":0,""user_name"":""아르마로스"",""user_rank"":1999,""user_stage"":300}"
"stage_reached_300 (App)","W:22_0A:22_0","38","{""attendance_count"":38,""install_day"":""2025-07-19"",""total_payment_amount"":14300,""user_name"":""썩TV"",""user_rank"":1999,""user_stage"":300}"
"stage_reached_300 (App)","W:21_0A:19_0","21","{""attendance_count"":21,""b.diamond"":104943,""b.ruby"":0,""curserver"":1,""install_day"":""2025-08-05"",""total_payment_amount"":7700,""user_name"":""로저페더러"",""user_rank"":1999,""user_stage"":300}"
"stage_reached_300 (App)","W:22_0A:20_0","35","{""attendance_count"":35,""b.diamond"":126978,""b.ruby"":0,""curserver"":1,""install_day"":""2025-07-21"",""total_payment_amount"":7700,""user_name"":""뱅꾸"",""user_rank"":1991,""user_stage"":300}"
"stage_reached_300 (App)","W:22_0A:19_0","27","{""attendance_count"":27,""b.diamond"":719350,""b.ruby"":0,""curserver"":1,""install_day"":""2025-07-30"",""total_payment_amount"":7700,""user_name"":""연시"",""user_rank"":2014,""user_stage"":300}"
"stage_reached_300 (App)","W:23_0A:22_0","17","{""attendance_count"":17,""install_day"":""2025-08-08"",""total_payment_amount"":14300,""user_name"":""형광등"",""user_rank"":2036,""user_stage"":300}"
"stage_reached_300 (App)","W:22_0A:19_0","21","{""attendance_count"":21,""b.diamond"":1860,""b.ruby"":110,""curserver"":1,""install_day"":""2025-08-05"",""total_payment_amount"":36300,""user_name"":""기분풀자"",""user_rank"":2003,""user_stage"":300}"
"stage_reached_300 (App)","W:20_0A:19_0","20","{""attendance_count"":20,""b.diamond"":21408,""b.ruby"":0,""curserver"":1,""install_day"":""2025-08-06"",""total_payment_amount"":7700,""user_name"":""유통기한만료"",""user_rank"":2055,""user_stage"":300}"
"stage_reached_300 (App)","W:22_0A:22_0","30","{""attendance_count"":30,""b.diamond"":200854,""b.ruby"":0,""curserver"":1,""install_day"":""2025-07-23"",""total_payment_amount"":7700,""user_name"":""타츠타"",""user_rank"":1992,""user_stage"":300}"
"stage_reached_300 (App)","W:22_0A:20_0","23","{""attendance_count"":23,""b.diamond"":6309,""b.ruby"":220,""curserver"":1,""install_day"":""2025-07-30"",""total_payment_amount"":33000,""user_name"":""주한나베"",""user_rank"":2177,""user_stage"":300}"
"stage_reached_300 (App)","W:22_0A:19_0","29","{""attendance_count"":29,""b.diamond"":219618,""b.ruby"":0,""curserver"":1,""install_day"":""2025-07-27"",""total_payment_amount"":7700,""user_name"":""ELyon"",""user_rank"":2177,""user_stage"":300}"
"stage_reached_300 (App)","W:22_0A:20_0","28","{""attendance_count"":28,""b.diamond"":15712,""b.ruby"":0,""curserver"":1,""install_day"":""2025-07-29"",""total_payment_amount"":7700,""user_name"":""백봉"",""user_rank"":1990,""user_stage"":300}"
"stage_reached_300 (App)","W:22_0A:20_0","38","{""attendance_count"":38,""b.diamond"":8743,""b.ruby"":0,""curserver"":1,""install_day"":""2025-07-19"",""total_payment_amount"":7700,""user_name"":""siuu"",""user_rank"":2110,""user_stage"":300}"
"stage_reached_300 (App)","W:20_0A:20_0","19","{""attendance_count"":19,""b.diamond"":24293,""b.ruby"":0,""curserver"":1,""install_day"":""2025-08-07"",""total_payment_amount"":58300,""user_name"":""창제"",""user_rank"":2013,""user_stage"":300}"
"stage_reached_300 (App)","W:20_0A:19_0","24","{""attendance_count"":24,""b.diamond"":10834,""b.ruby"":0,""curserver"":1,""install_day"":""2025-08-02"",""total_payment_amount"":7700,""user_name"":""애플11"",""user_rank"":2013,""user_stage"":300}"
"stage_reached_300 (App)","W:20_0A:19_0","24","{""attendance_count"":24,""b.diamond"":28241,""b.ruby"":0,""curserver"":1,""install_day"":""2025-08-02"",""total_payment_amount"":7700,""user_name"":""Moollon"",""user_rank"":2105,""user_stage"":300}"
"stage_reached_300 (App)","W:20_0A:19_0","10","{""attendance_count"":10,""b.diamond"":12947,""b.ruby"":0,""curserver"":1,""install_day"":""2025-08-15"",""total_payment_amount"":161700,""user_name"":""가별초"",""user_rank"":1990,""user_stage"":300}"
"stage_reached_300 (App)","W:22_0A:23_0","33","{""attendance_count"":33,""b.diamond"":397407,""b.ruby"":0,""curserver"":1,""install_day"":""2025-07-21"",""total_payment_amount"":7700,""user_name"":""백하"",""user_rank"":2000,""user_stage"":300}"
"stage_reached_300 (App)","W:22_0A:19_0","20","{""attendance_count"":20,""b.diamond"":6159,""b.ruby"":0,""curserver"":1,""install_day"":""2025-08-06"",""total_payment_amount"":18700,""user_name"":""건곰메"",""user_rank"":1983,""user_stage"":300}"
"stage_reached_300 (App)","W:23_0A:19_0","28","{""attendance_count"":28,""b.diamond"":27328,""b.ruby"":0,""curserver"":1,""install_day"":""2025-07-26"",""total_payment_amount"":7700,""user_name"":""달빛섬광"",""user_rank"":2043,""user_stage"":300}"
"stage_reached_300 (App)","W:21_0A:19_0","21","{""attendance_count"":21,""b.diamond"":47261,""b.ruby"":0,""curserver"":1,""install_day"":""2025-08-05"",""total_payment_amount"":7700,""user_name"":""이타카"",""user_rank"":1997,""user_stage"":300}"
"stage_reached_300 (App)","W:23_0A:19_0","12","{""attendance_count"":12,""b.diamond"":62076,""b.ruby"":0,""curserver"":1,""install_day"":""2025-08-14"",""total_payment_amount"":118800,""user_name"":""설후아빠"",""user_rank"":1987,""user_stage"":300}"
"stage_reached_300 (App)","W:21_0A:19_0","22","{""attendance_count"":22,""b.diamond"":172521,""b.ruby"":0,""curserver"":1,""install_day"":""2025-08-04"",""total_payment_amount"":7700,""user_name"":""태양이귀욥"",""user_rank"":2007,""user_stage"":300}"
"stage_reached_300 (App)","W:23_0A:19_0","17","{""attendance_count"":17,""b.diamond"":24134,""b.ruby"":0,""curserver"":1,""install_day"":""2025-08-03"",""total_payment_amount"":7700,""user_name"":""TicToc"",""user_rank"":1976,""user_stage"":300}"
"stage_reached_300 (App)","W:20_0A:19_0","19","{""attendance_count"":19,""b.diamond"":158700,""b.ruby"":0,""curserver"":1,""install_day"":""2025-08-06"",""total_payment_amount"":18700,""user_name"":""힙스터"",""user_rank"":1993,""user_stage"":300}"
"stage_reached_300 (App)","W:21_0A:19_0","22","{""attendance_count"":22,""b.diamond"":12615,""b.ruby"":0,""curserver"":1,""install_day"":""2025-08-03"",""total_payment_amount"":18700,""user_name"":""강민첨"",""user_rank"":2004,""user_stage"":300}"
"stage_reached_300 (App)","W:22_0A:19_0","17","{""attendance_count"":17,""b.diamond"":4549,""b.ruby"":110,""curserver"":1,""install_day"":""2025-08-08"",""total_payment_amount"":69300,""user_name"":""이고"",""user_rank"":1982,""user_stage"":300}"
"stage_reached_300 (App)","W:22_0A:20_0","26","{""attendance_count"":26,""b.diamond"":46541,""b.ruby"":0,""curserver"":1,""install_day"":""2025-07-30"",""total_payment_amount"":7700,""user_name"":""우기으기우기"",""user_rank"":1993,""user_stage"":300}"
"stage_reached_300 (App)","W:22_0A:22_0","25","{""attendance_count"":25,""b.diamond"":88207,""b.ruby"":110,""curserver"":1,""install_day"":""2025-07-31"",""total_payment_amount"":249700,""user_name"":""현기증난다고"",""user_rank"":1975,""user_stage"":300}"
"stage_reached_300 (App)","W:22_0A:19_0","37","{""attendance_count"":37,""b.diamond"":11515,""b.ruby"":0,""curserver"":1,""install_day"":""2025-07-18"",""total_payment_amount"":0,""user_name"":""검은수염"",""user_rank"":1976,""user_stage"":300}"
"stage_reached_300 (App)","W:20_0A:19_0","22","{""attendance_count"":22,""b.diamond"":8914,""b.ruby"":0,""curserver"":1,""install_day"":""2025-08-02"",""total_payment_amount"":7700,""user_name"":""장토리"",""user_rank"":1989,""user_stage"":300}"
"stage_reached_300 (App)","W:22_0A:19_0","18","{""attendance_count"":18,""b.diamond"":346665,""b.ruby"":0,""curserver"":1,""install_day"":""2025-08-01"",""total_payment_amount"":117700,""user_name"":""기분"",""user_rank"":1979,""user_stage"":300}"
"stage_reached_300 (App)","W:22_0A:22_0","34","{""attendance_count"":34,""b.diamond"":2915,""b.ruby"":0,""curserver"":1,""install_day"":""2025-07-19"",""total_payment_amount"":0,""user_name"":""난세에난새"",""user_rank"":2022,""user_stage"":300}"
"stage_reached_300 (App)","W:22_0A:22_0","23","{""attendance_count"":23,""b.diamond"":740238,""b.ruby"":0,""curserver"":1,""install_day"":""2025-07-29"",""total_payment_amount"":7700,""user_name"":""네몽"",""user_rank"":1984,""user_stage"":300}"
"stage_reached_300 (App)","W:22_0A:21_0","29","{""attendance_count"":29,""b.diamond"":1174134,""b.ruby"":0,""curserver"":1,""install_day"":""2025-07-26"",""total_payment_amount"":27500,""user_name"":""아테"",""user_rank"":2053,""user_stage"":300}"
"stage_reached_300 (App)","W:22_0A:19_0","29","{""attendance_count"":29,""b.diamond"":186732,""b.ruby"":0,""curserver"":1,""install_day"":""2025-07-25"",""total_payment_amount"":0,""user_name"":""세분인네분"",""user_rank"":2091,""user_stage"":300}"
"stage_reached_300 (App)","W:22_0A:19_0","22","{""attendance_count"":22,""b.diamond"":10057,""b.ruby"":0,""curserver"":1,""install_day"":""2025-08-01"",""total_payment_amount"":7700,""user_name"":""수피리"",""user_rank"":1996,""user_stage"":300}"
"stage_reached_300 (App)","W:22_0A:19_0","25","{""attendance_count"":25,""b.diamond"":17480,""b.ruby"":0,""curserver"":1,""install_day"":""2025-07-30"",""total_payment_amount"":183700,""user_name"":""멍조"",""user_rank"":1975,""user_stage"":300}"
"stage_reached_300 (App)","W:23_0A:19_0","20","{""attendance_count"":20,""install_day"":""2025-08-05"",""total_payment_amount"":7700,""user_name"":""다르프렌"",""user_rank"":2061,""user_stage"":300}"
"stage_reached_300 (App)","W:20_0A:19_0","28","{""attendance_count"":28,""b.diamond"":21327,""b.ruby"":0,""curserver"":1,""install_day"":""2025-07-28"",""total_payment_amount"":7700,""user_name"":""천풍로이안"",""user_rank"":2064,""user_stage"":300}"
"stage_reached_300 (App)","W:22_0A:22_0","24","{""attendance_count"":24,""b.diamond"":195952,""b.ruby"":0,""curserver"":1,""install_day"":""2025-07-31"",""total_payment_amount"":20900,""user_name"":""이대길"",""user_rank"":1981,""user_stage"":300}"
"stage_reached_300 (App)","W:20_0A:19_0","18","{""attendance_count"":18,""b.diamond"":113,""b.ruby"":0,""curserver"":1,""install_day"":""2025-08-06"",""total_payment_amount"":7700,""user_name"":""제보"",""user_rank"":1986,""user_stage"":300}"
"stage_reached_300 (App)","W:22_0A:20_0","18","{""attendance_count"":18,""b.diamond"":299763,""b.ruby"":330,""curserver"":1,""install_day"":""2025-08-04"",""total_payment_amount"":14300,""user_name"":""꿀꿀"",""user_rank"":2021,""user_stage"":300}"
"stage_reached_300 (App)","W:22_0A:23_0","24","{""attendance_count"":24,""install_day"":""2025-08-01"",""total_payment_amount"":7700,""user_name"":""솔리로퀴"",""user_rank"":1963,""user_stage"":300}"
"stage_reached_300 (App)","W:22_0A:23_0","10","{""attendance_count"":10,""install_day"":""2025-08-15"",""total_payment_amount"":183700,""user_name"":""몰리스"",""user_rank"":1983,""user_stage"":300}"
"stage_reached_300 (App)","W:22_0A:19_0","23","{""attendance_count"":23,""install_day"":""2025-08-02"",""total_payment_amount"":7700,""user_name"":""9저씨"",""user_rank"":1970,""user_stage"":300}"
"stage_reached_300 (App)","W:20_0A:19_0","26","{""attendance_count"":26,""install_day"":""2025-07-29"",""total_payment_amount"":7700,""user_name"":""오리꽥"",""user_rank"":1980,""user_stage"":300}"
"stage_reached_300 (App)","W:22_0A:20_0","25","{""attendance_count"":25,""install_day"":""2025-07-31"",""total_payment_amount"":7700,""user_name"":""이씨가문장남"",""user_rank"":1959,""user_stage"":300}"
"stage_reached_300 (App)","W:22_0A:19_0","34","{""attendance_count"":34,""install_day"":""2025-07-20"",""total_payment_amount"":64900,""user_name"":""나는동동"",""user_rank"":1967,""user_stage"":300}"
"stage_reached_300 (App)","W:22_0A:21_0","16","{""attendance_count"":16,""install_day"":""2025-08-09"",""total_payment_amount"":62700,""user_name"":""토츠카"",""user_rank"":1966,""user_stage"":300}"
"stage_reached_300 (App)","W:22_0A:19_0","21","{""attendance_count"":21,""install_day"":""2025-08-04"",""total_payment_amount"":7700,""user_name"":""휴가"",""user_rank"":2130,""user_stage"":300}"
"stage_reached_300 (App)","W:21_0A:19_0","16","{""attendance_count"":16,""install_day"":""2025-08-08"",""total_payment_amount"":92400,""user_name"":""아무뭉"",""user_rank"":1957,""user_stage"":300}"
"stage_reached_300 (App)","W:20_0A:19_0","19","{""attendance_count"":19,""install_day"":""2025-08-06"",""total_payment_amount"":27500,""user_name"":""고오오"",""user_rank"":1971,""user_stage"":300}"
"stage_reached_300 (App)","W:22_0A:20_0","39","{""attendance_count"":39,""install_day"":""2025-07-17"",""total_payment_amount"":7700,""user_name"":""월치스"",""user_rank"":1955,""user_stage"":300}"
"stage_reached_300 (App)","W:22_0A:22_0","35","{""attendance_count"":35,""install_day"":""2025-07-20"",""total_payment_amount"":7700,""user_name"":""을지문덕워터밤"",""user_rank"":1989,""user_stage"":300}"
"stage_reached_300 (App)","W:22_0A:22_0","24","{""attendance_count"":24,""install_day"":""2025-07-31"",""total_payment_amount"":7700,""user_name"":""blacks"",""user_rank"":2042,""user_stage"":300}"
"stage_reached_300 (App)","W:21_0A:21_0","25","{""attendance_count"":25,""install_day"":""2025-07-31"",""total_payment_amount"":29700,""user_name"":""둡두둡"",""user_rank"":1948,""user_stage"":300}"
"stage_reached_300 (App)","W:21_0A:19_0","17","{""attendance_count"":17,""install_day"":""2025-08-08"",""total_payment_amount"":7700,""user_name"":""중전경라"",""user_rank"":2095,""user_stage"":300}"
"stage_reached_300 (App)","W:22_0A:19_0","28","{""attendance_count"":28,""install_day"":""2025-07-25"",""total_payment_amount"":11000,""user_name"":""차니님"",""user_rank"":1956,""user_stage"":300}"
"stage_reached_300 (App)","W:22_0A:19_0","22","{""attendance_count"":22,""install_day"":""2025-08-02"",""total_payment_amount"":18700,""user_name"":""안돌"",""user_rank"":2090,""user_stage"":300}"
"stage_reached_300 (App)","W:22_0A:20_0","23","{""attendance_count"":23,""install_day"":""2025-08-02"",""total_payment_amount"":7700,""user_name"":""혈랑초짜"",""user_rank"":1984,""user_stage"":300}"
"stage_reached_300 (App)","W:22_0A:19_0","36","{""attendance_count"":36,""install_day"":""2025-07-20"",""total_payment_amount"":0,""user_name"":""필그램"",""user_rank"":1923,""user_stage"":300}"
"stage_reached_300 (App)","W:22_0A:20_0","28","{""attendance_count"":28,""install_day"":""2025-07-28"",""total_payment_amount"":7700,""user_name"":""풀풀이"",""user_rank"":2057,""user_stage"":300}"
"stage_reached_300 (App)","W:22_0A:23_0","37","{""attendance_count"":37,""install_day"":""2025-07-19"",""total_payment_amount"":0,""user_name"":""와사비베어"",""user_rank"":2159,""user_stage"":300}"
"stage_reached_300 (App)","W:23_0A:19_0","15","{""attendance_count"":15,""install_day"":""2025-08-10"",""total_payment_amount"":7700,""user_name"":""탄수화물"",""user_rank"":1940,""user_stage"":300}"
"stage_reached_300 (App)","W:23_0A:20_0","19","{""attendance_count"":19,""install_day"":""2025-08-06"",""total_payment_amount"":7700,""user_name"":""오늘도행복"",""user_rank"":1955,""user_stage"":300}"
"stage_reached_300 (App)","W:21_0A:20_0","19","{""attendance_count"":19,""install_day"":""2025-08-06"",""total_payment_amount"":27500,""user_name"":""불사대마왕"",""user_rank"":1938,""user_stage"":300}"
"stage_reached_300 (App)","W:22_0A:19_0","22","{""attendance_count"":22,""install_day"":""2025-08-02"",""total_payment_amount"":7700,""user_name"":""준이아범"",""user_rank"":2379,""user_stage"":300}"
"stage_reached_300 (App)","W:20_0A:21_0","9","{""attendance_count"":9,""install_day"":""2025-08-16"",""total_payment_amount"":242000,""user_name"":""인간홍삼"",""user_rank"":1942,""user_stage"":300}"
"stage_reached_300 (App)","W:22_0A:19_0","25","{""attendance_count"":25,""install_day"":""2025-07-31"",""total_payment_amount"":7700,""user_name"":""카신"",""user_rank"":1960,""user_stage"":300}"
"stage_reached_300 (App)","W:20_0A:19_0","20","{""attendance_count"":20,""install_day"":""2025-08-05"",""total_payment_amount"":143000,""user_name"":""대도너구리"",""user_rank"":1944,""user_stage"":300}"
"stage_reached_300 (App)","W:22_0A:22_0","28","{""attendance_count"":28,""install_day"":""2025-07-27"",""total_payment_amount"":106700,""user_name"":""당운룡"",""user_rank"":1991,""user_stage"":300}"
"stage_reached_300 (App)","W:23_0A:20_0","22","{""attendance_count"":22,""install_day"":""2025-08-02"",""total_payment_amount"":20900,""user_name"":""nuyheaT"",""user_rank"":1975,""user_stage"":300}"
"stage_reached_300 (App)","W:23_0A:20_0","31","{""attendance_count"":31,""install_day"":""2025-07-25"",""total_payment_amount"":14300,""user_name"":""아이요"",""user_rank"":1939,""user_stage"":300}"
"stage_reached_300 (App)","W:22_0A:20_0","23","{""attendance_count"":23,""install_day"":""2025-08-02"",""total_payment_amount"":176000,""user_name"":""뽄요"",""user_rank"":1931,""user_stage"":300}"
"stage_reached_300 (App)","W:22_0A:20_0","29","{""attendance_count"":29,""install_day"":""2025-07-27"",""total_payment_amount"":7700,""user_name"":""삳즙"",""user_rank"":2027,""user_stage"":300}"
"stage_reached_300 (App)","W:20_0A:19_0","25","{""attendance_count"":25,""install_day"":""2025-07-31"",""total_payment_amount"":4400,""user_name"":""한탕주의자"",""user_rank"":1938,""user_stage"":300}"
"stage_reached_300 (App)","W:22_0A:22_0","29","{""attendance_count"":29,""install_day"":""2025-07-27"",""total_payment_amount"":0,""user_name"":""넨네"",""user_rank"":1937,""user_stage"":300}"
"stage_reached_300 (App)","W:23_0A:22_0","23","{""attendance_count"":23,""install_day"":""2025-08-02"",""total_payment_amount"":7700,""user_name"":""Bbae"",""user_rank"":1936,""user_stage"":300}"
"stage_reached_300 (App)","W:21_0A:19_0","24","{""attendance_count"":24,""install_day"":""2025-07-29"",""total_payment_amount"":7700,""user_name"":""김허벅지"",""user_rank"":1956,""user_stage"":300}"
"stage_reached_300 (App)","W:20_0A:19_0","19","{""attendance_count"":19,""install_day"":""2025-08-06"",""total_payment_amount"":7700,""user_name"":""아무거다"",""user_rank"":1952,""user_stage"":300}"
"stage_reached_300 (App)","W:22_0A:20_0","24","{""attendance_count"":24,""install_day"":""2025-08-01"",""total_payment_amount"":95700,""user_name"":""나는새"",""user_rank"":1970,""user_stage"":300}"
"stage_reached_300 (App)","W:23_0A:22_0","28","{""attendance_count"":28,""install_day"":""2025-07-25"",""total_payment_amount"":7700,""user_name"":""껌성"",""user_rank"":1926,""user_stage"":300}"
"stage_reached_300 (App)","W:20_0A:19_0","21","{""attendance_count"":21,""install_day"":""2025-08-03"",""total_payment_amount"":14300,""user_name"":""다둥파파"",""user_rank"":1924,""user_stage"":300}"
"stage_reached_300 (App)","W:22_0A:19_0","25","{""attendance_count"":25,""install_day"":""2025-07-29"",""total_payment_amount"":7700,""user_name"":""후니군"",""user_rank"":1931,""user_stage"":300}"
"stage_reached_300 (App)","W:22_0A:20_0","32","{""attendance_count"":32,""install_day"":""2025-07-23"",""total_payment_amount"":7700,""user_name"":""포도라"",""user_rank"":1952,""user_stage"":300}"
"stage_reached_300 (App)","W:22_0A:20_0","18","{""attendance_count"":18,""install_day"":""2025-08-04"",""total_payment_amount"":7700,""user_name"":""마루짱"",""user_rank"":1938,""user_stage"":300}"
"stage_reached_300 (App)","W:22_0A:22_0","26","{""attendance_count"":26,""install_day"":""2025-07-23"",""total_payment_amount"":7700,""user_name"":""노대퀸"",""user_rank"":2000,""user_stage"":300}"
"stage_reached_300 (App)","W:23_0A:20_0","19","{""attendance_count"":19,""install_day"":""2025-08-04"",""total_payment_amount"":31900,""user_name"":""풍운우사"",""user_rank"":2371,""user_stage"":300}"
"stage_reached_300 (App)","W:21_0A:19_0","17","{""attendance_count"":17,""install_day"":""2025-08-06"",""total_payment_amount"":7700,""user_name"":""개산근"",""user_rank"":1927,""user_stage"":300}"
"stage_reached_300 (App)","W:21_0A:22_0","27","{""attendance_count"":27,""install_day"":""2025-07-27"",""total_payment_amount"":7700,""user_name"":""행주이"",""user_rank"":1999,""user_stage"":300}"
"stage_reached_300 (App)","W:22_0A:19_0","18","{""attendance_count"":18,""install_day"":""2025-08-06"",""total_payment_amount"":106700,""user_name"":""리츠리데"",""user_rank"":1916,""user_stage"":300}"
"stage_reached_300 (App)","W:20_0A:19_0","16","{""attendance_count"":16,""install_day"":""2025-08-08"",""total_payment_amount"":47300,""user_name"":""인효바둑판"",""user_rank"":2000,""user_stage"":300}"
"stage_reached_300 (App)","W:22_0A:19_0","22","{""attendance_count"":22,""install_day"":""2025-07-29"",""total_payment_amount"":7700,""user_name"":""쥐니야"",""user_rank"":1927,""user_stage"":300}"
"stage_reached_300 (App)","W:20_0A:19_0","28","{""attendance_count"":28,""install_day"":""2025-07-27"",""total_payment_amount"":0,""user_name"":""너도밤"",""user_rank"":1909,""user_stage"":300}"
"stage_reached_300 (App)","W:23_0A:21_0","37","{""attendance_count"":37,""install_day"":""2025-07-18"",""total_payment_amount"":0,""user_name"":""와일드울프"",""user_rank"":1941,""user_stage"":300}"
"stage_reached_300 (App)","W:22_0A:22_0","22","{""attendance_count"":22,""install_day"":""2025-08-01"",""total_payment_amount"":7700,""user_name"":""로아당"",""user_rank"":1997,""user_stage"":300}"
"stage_reached_300 (App)","W:20_0A:19_0","15","{""attendance_count"":15,""install_day"":""2025-08-09"",""total_payment_amount"":137500,""user_name"":""하뚜루"",""user_rank"":1918,""user_stage"":300}"
"stage_reached_300 (App)","W:23_0A:22_0","28","{""attendance_count"":28,""install_day"":""2025-07-27"",""total_payment_amount"":7700,""user_name"":""메인막장"",""user_rank"":1995,""user_stage"":300}"
"stage_reached_300 (App)","W:23_0A:22_0","27","{""attendance_count"":27,""install_day"":""2025-07-26"",""total_payment_amount"":7700,""user_name"":""오티만"",""user_rank"":2237,""user_stage"":300}"
"stage_reached_300 (App)","W:22_0A:20_0","26","{""attendance_count"":26,""install_day"":""2025-07-26"",""total_payment_amount"":0,""user_name"":""금귤"",""user_rank"":1904,""user_stage"":300}"
"stage_reached_300 (App)","W:22_0A:19_0","21","{""attendance_count"":21,""install_day"":""2025-08-03"",""total_payment_amount"":7700,""user_name"":""단코"",""user_rank"":2124,""user_stage"":300}"
"stage_reached_300 (App)","W:23_0A:20_0","19","{""attendance_count"":19,""install_day"":""2025-07-31"",""total_payment_amount"":36300,""user_name"":""bbbb"",""user_rank"":1972,""user_stage"":300}"
"stage_reached_300 (App)","W:22_0A:23_0","21","{""attendance_count"":21,""install_day"":""2025-08-03"",""total_payment_amount"":7700,""user_name"":""산하"",""user_rank"":1985,""user_stage"":300}"
"stage_reached_300 (App)","W:22_0A:19_0","27","{""attendance_count"":27,""install_day"":""2025-07-28"",""total_payment_amount"":7700,""user_name"":""선한용"",""user_rank"":1915,""user_stage"":300}"
"stage_reached_300 (App)","W:21_0A:20_0","27","{""attendance_count"":27,""install_day"":""2025-07-28"",""total_payment_amount"":7700,""user_name"":""87"",""user_rank"":1905,""user_stage"":300}"
"stage_reached_300 (App)","W:22_0A:19_0","22","{""attendance_count"":22,""install_day"":""2025-08-01"",""total_payment_amount"":7700,""user_name"":""전화"",""user_rank"":2023,""user_stage"":300}"
"stage_reached_300 (App)","W:22_0A:19_0","24","{""attendance_count"":24,""install_day"":""2025-07-30"",""total_payment_amount"":7700,""user_name"":""풍야88"",""user_rank"":1906,""user_stage"":300}"
"stage_reached_300 (App)","W:22_0A:20_0","31","{""attendance_count"":31,""install_day"":""2025-07-23"",""total_payment_amount"":7700,""user_name"":""kjerry12"",""user_rank"":1903,""user_stage"":300}"
"stage_reached_300 (App)","W:20_0A:19_0","19","{""attendance_count"":19,""install_day"":""2025-08-03"",""total_payment_amount"":77000,""user_name"":""새내기"",""user_rank"":1912,""user_stage"":300}"
"stage_reached_300 (App)","W:20_0A:19_0","18","{""attendance_count"":18,""install_day"":""2025-08-05"",""total_payment_amount"":66000,""user_name"":""조조3"",""user_rank"":1922,""user_stage"":300}"
"stage_reached_300 (App)","W:21_0A:20_0","29","{""attendance_count"":29,""install_day"":""2025-07-26"",""total_payment_amount"":14300,""user_name"":""무선지"",""user_rank"":1902,""user_stage"":300}"
"stage_reached_300 (App)","W:20_0A:20_0","36","{""attendance_count"":36,""install_day"":""2025-07-17"",""total_payment_amount"":0,""user_name"":""초코아"",""user_rank"":1912,""user_stage"":300}"
"stage_reached_300 (App)","W:22_0A:19_0","29","{""attendance_count"":29,""install_day"":""2025-07-26"",""total_payment_amount"":7700,""user_name"":""현웅"",""user_rank"":1912,""user_stage"":300}"
"stage_reached_300 (App)","W:21_0A:19_0","20","{""attendance_count"":20,""install_day"":""2025-08-04"",""total_payment_amount"":0,""user_name"":""꾸꾹까가"",""user_rank"":1894,""user_stage"":300}"
"stage_reached_300 (App)","W:23_0A:21_0","30","{""attendance_count"":30,""install_day"":""2024-09-29"",""total_payment_amount"":33000,""user_name"":""격정멜로"",""user_rank"":1859,""user_stage"":300}"
"stage_reached_300 (App)","W:22_0A:19_0","8","{""attendance_count"":8,""install_day"":""2025-08-15"",""total_payment_amount"":271700,""user_name"":""눈떠보니난린이"",""user_rank"":1910,""user_stage"":300}"
"stage_reached_300 (App)","W:20_0A:20_0","23","{""attendance_count"":23,""install_day"":""2025-08-01"",""total_payment_amount"":0,""user_name"":""나노하나"",""user_rank"":1903,""user_stage"":300}"
"stage_reached_300 (App)","W:22_0A:22_0","27","{""attendance_count"":27,""install_day"":""2025-07-28"",""total_payment_amount"":7700,""user_name"":""요고에몽"",""user_rank"":2034,""user_stage"":300}"
"stage_reached_300 (App)","W:20_0A:19_0","22","{""attendance_count"":22,""install_day"":""2025-08-02"",""total_payment_amount"":7700,""user_name"":""MONNI"",""user_rank"":1963,""user_stage"":300}"
"stage_reached_300 (App)","W:22_0A:20_0","16","{""attendance_count"":16,""install_day"":""2025-08-08"",""total_payment_amount"":95700,""user_name"":""신공"",""user_rank"":1888,""user_stage"":300}"
"stage_reached_300 (App)","W:21_0A:19_0","24","{""attendance_count"":24,""install_day"":""2025-07-31"",""total_payment_amount"":7700,""user_name"":""알라신"",""user_rank"":1926,""user_stage"":300}"
"stage_reached_300 (App)","W:21_0A:22_0","28","{""attendance_count"":28,""install_day"":""2025-07-19"",""total_payment_amount"":7700,""user_name"":""나타나엘"",""user_rank"":1887,""user_stage"":300}"
"stage_reached_300 (App)","W:20_0A:19_0","26","{""attendance_count"":26,""install_day"":""2025-07-26"",""total_payment_amount"":62700,""user_name"":""초코칩"",""user_rank"":2100,""user_stage"":300}"
"stage_reached_300 (App)","W:23_0A:22_0","31","{""attendance_count"":31,""install_day"":""2025-07-24"",""total_payment_amount"":0,""user_name"":""hx"",""user_rank"":1957,""user_stage"":300}"
"stage_reached_300 (App)","W:22_0A:20_0","29","{""attendance_count"":29,""install_day"":""2025-07-18"",""total_payment_amount"":7700,""user_name"":""휘인"",""user_rank"":2025,""user_stage"":300}"
"stage_reached_300 (App)","W:20_0A:19_0","20","{""attendance_count"":20,""install_day"":""2025-08-03"",""total_payment_amount"":18700,""user_name"":""멍멍"",""user_rank"":1883,""user_stage"":300}"
"stage_reached_300 (App)","W:22_0A:21_0","36","{""attendance_count"":36,""install_day"":""2025-07-17"",""total_payment_amount"":7700,""user_name"":""피자플렉스"",""user_rank"":2058,""user_stage"":300}"
"stage_reached_300 (App)","W:22_0A:19_0","26","{""attendance_count"":26,""install_day"":""2025-07-29"",""total_payment_amount"":0,""user_name"":""구름너머"",""user_rank"":1903,""user_stage"":300}"
"stage_reached_300 (App)","W:22_0A:20_0","20","{""attendance_count"":20,""install_day"":""2025-08-03"",""total_payment_amount"":83600,""user_name"":""수린향"",""user_rank"":1900,""user_stage"":300}"
"stage_reached_300 (App)","W:20_0A:19_0","21","{""attendance_count"":21,""install_day"":""2025-08-02"",""total_payment_amount"":7700,""user_name"":""유하일당"",""user_rank"":1902,""user_stage"":300}"
"stage_reached_300 (App)","W:20_0A:19_0","24","{""attendance_count"":24,""install_day"":""2025-07-30"",""total_payment_amount"":7700,""user_name"":""코쿠시보"",""user_rank"":1901,""user_stage"":300}"
"stage_reached_300 (App)","W:20_0A:19_0","21","{""attendance_count"":21,""install_day"":""2025-08-02"",""total_payment_amount"":7700,""user_name"":""단구동맛피아"",""user_rank"":1918,""user_stage"":300}"
"stage_reached_300 (App)","W:22_0A:19_0","21","{""attendance_count"":21,""install_day"":""2025-08-03"",""total_payment_amount"":84700,""user_name"":""Virr"",""user_rank"":1865,""user_stage"":300}"
"stage_reached_300 (App)","W:23_0A:21_0","28","{""attendance_count"":28,""install_day"":""2025-07-26"",""total_payment_amount"":72600,""user_name"":""당백하"",""user_rank"":1953,""user_stage"":300}"
"stage_reached_300 (App)","W:20_0A:19_0","21","{""attendance_count"":21,""install_day"":""2025-08-03"",""total_payment_amount"":38500,""user_name"":""도또또"",""user_rank"":1876,""user_stage"":300}"
"stage_reached_300 (App)","W:22_0A:19_0","15","{""attendance_count"":15,""install_day"":""2025-08-09"",""total_payment_amount"":101200,""user_name"":""오예유"",""user_rank"":1891,""user_stage"":300}"
"stage_reached_300 (App)","W:23_0A:22_0","37","{""attendance_count"":37,""install_day"":""2025-07-17"",""total_payment_amount"":0,""user_name"":""지끈"",""user_rank"":1878,""user_stage"":300}"
"stage_reached_300 (App)","W:22_0A:21_0","25","{""attendance_count"":25,""install_day"":""2025-07-29"",""total_payment_amount"":7700,""user_name"":""공방"",""user_rank"":1907,""user_stage"":300}"
"stage_reached_300 (App)","W:22_0A:19_0","15","{""attendance_count"":15,""install_day"":""2025-08-08"",""total_payment_amount"":7700,""user_name"":""푸른피리"",""user_rank"":1871,""user_stage"":300}"
"stage_reached_300 (App)","W:22_0A:19_0","25","{""attendance_count"":25,""install_day"":""2025-07-27"",""total_payment_amount"":0,""user_name"":""콜드브루93"",""user_rank"":1894,""user_stage"":300}"
"stage_reached_300 (App)","W:22_0A:22_0","15","{""attendance_count"":15,""install_day"":""2025-08-06"",""total_payment_amount"":161700,""user_name"":""노키"",""user_rank"":1868,""user_stage"":300}"
"stage_reached_300 (App)","W:22_0A:22_0","14","{""attendance_count"":14,""install_day"":""2025-08-09"",""total_payment_amount"":212300,""user_name"":""찐내"",""user_rank"":1924,""user_stage"":300}"
"stage_reached_300 (App)","W:23_0A:22_0","27","{""attendance_count"":27,""install_day"":""2025-07-26"",""total_payment_amount"":7700,""user_name"":""지한아범"",""user_rank"":1927,""user_stage"":300}"
"stage_reached_300 (App)","W:22_0A:19_0","15","{""attendance_count"":15,""install_day"":""2025-08-08"",""total_payment_amount"":7700,""user_name"":""소방"",""user_rank"":1886,""user_stage"":300}"
"stage_reached_300 (App)","W:20_0A:22_0","33","{""attendance_count"":33,""install_day"":""2025-07-20"",""total_payment_amount"":7700,""user_name"":""나가노메이"",""user_rank"":1859,""user_stage"":300}"
"stage_reached_300 (App)","W:23_0A:22_0","27","{""attendance_count"":27,""install_day"":""2025-07-27"",""total_payment_amount"":29700,""user_name"":""착함"",""user_rank"":2042,""user_stage"":300}"
"stage_reached_300 (App)","W:22_0A:19_0","27","{""attendance_count"":27,""install_day"":""2025-07-26"",""total_payment_amount"":7700,""user_name"":""렴원"",""user_rank"":1898,""user_stage"":300}"
"stage_reached_300 (App)","W:22_0A:22_0","33","{""attendance_count"":33,""install_day"":""2025-07-21"",""total_payment_amount"":7700,""user_name"":""간석동라모스"",""user_rank"":1921,""user_stage"":300}"
"stage_reached_300 (App)","W:20_0A:19_0","18","{""attendance_count"":18,""install_day"":""2025-08-04"",""total_payment_amount"":95700,""user_name"":""경멸"",""user_rank"":1868,""user_stage"":300}"
"stage_reached_300 (App)","W:23_0A:20_0","19","{""attendance_count"":19,""install_day"":""2025-08-03"",""total_payment_amount"":0,""user_name"":""볻이"",""user_rank"":1857,""user_stage"":300}"
"stage_reached_300 (App)","W:22_0A:19_0","29","{""attendance_count"":29,""install_day"":""2025-07-24"",""total_payment_amount"":7700,""user_name"":""로마의토티"",""user_rank"":1856,""user_stage"":300}"
"stage_reached_300 (App)","W:23_0A:19_0","17","{""attendance_count"":17,""install_day"":""2025-08-06"",""total_payment_amount"":27500,""user_name"":""푸카"",""user_rank"":1855,""user_stage"":300}"
"stage_reached_300 (App)","W:22_0A:19_0","26","{""attendance_count"":26,""install_day"":""2025-07-28"",""total_payment_amount"":7700,""user_name"":""임정란"",""user_rank"":1896,""user_stage"":300}"
"stage_reached_300 (App)","W:22_0A:23_0","31","{""attendance_count"":31,""install_day"":""2025-07-22"",""total_payment_amount"":7700,""user_name"":""애쉬v"",""user_rank"":1877,""user_stage"":300}"
"stage_reached_300 (App)","W:22_0A:19_0","36","{""attendance_count"":36,""install_day"":""2025-07-16"",""total_payment_amount"":0,""user_name"":""옥수수스프"",""user_rank"":1854,""user_stage"":300}"
"stage_reached_300 (App)","W:22_0A:19_0","31","{""attendance_count"":31,""install_day"":""2025-07-23"",""total_payment_amount"":7700,""user_name"":""반담"",""user_rank"":1947,""user_stage"":300}"
"stage_reached_300 (App)","W:21_0A:19_0","23","{""attendance_count"":23,""install_day"":""2025-07-31"",""total_payment_amount"":7700,""user_name"":""타락홍길동"",""user_rank"":1846,""user_stage"":300}"
"stage_reached_300 (App)","W:21_0A:20_0","26","{""attendance_count"":26,""install_day"":""2025-07-27"",""total_payment_amount"":18700,""user_name"":""지민이"",""user_rank"":1850,""user_stage"":300}"
"stage_reached_300 (App)","W:22_0A:20_0","27","{""attendance_count"":27,""install_day"":""2025-07-27"",""total_payment_amount"":7700,""user_name"":""대검매니아"",""user_rank"":1862,""user_stage"":300}"
"stage_reached_300 (App)","W:22_0A:22_0","22","{""attendance_count"":22,""install_day"":""2025-07-31"",""total_payment_amount"":7700,""user_name"":""로하1013"",""user_rank"":1860,""user_stage"":300}"
"stage_reached_300 (App)","W:23_0A:19_0","21","{""attendance_count"":21,""install_day"":""2025-07-24"",""total_payment_amount"":15400,""user_name"":""욱쭈"",""user_rank"":1860,""user_stage"":300}"
"stage_reached_300 (App)","W:22_0A:19_0","24","{""attendance_count"":24,""install_day"":""2025-07-29"",""total_payment_amount"":7700,""user_name"":""레르로"",""user_rank"":1890,""user_stage"":300}"
"stage_reached_300 (App)","W:22_0A:22_0","22","{""attendance_count"":22,""install_day"":""2025-08-01"",""total_payment_amount"":7700,""user_name"":""평강공주"",""user_rank"":1927,""user_stage"":300}"
"stage_reached_300 (App)","W:22_0A:19_0","28","{""attendance_count"":28,""install_day"":""2025-07-26"",""total_payment_amount"":7700,""user_name"":""자연재해"",""user_rank"":1941,""user_stage"":300}"
"stage_reached_300 (App)","W:20_0A:19_0","15","{""attendance_count"":15,""install_day"":""2025-08-08"",""total_payment_amount"":57200,""user_name"":""모닝믹스커피"",""user_rank"":1861,""user_stage"":300}"
"stage_reached_300 (App)","W:21_0A:20_0","24","{""attendance_count"":24,""install_day"":""2025-07-25"",""total_payment_amount"":7700,""user_name"":""서백"",""user_rank"":1850,""user_stage"":300}"
"stage_reached_300 (App)","W:20_0A:21_0","21","{""attendance_count"":21,""install_day"":""2025-08-02"",""total_payment_amount"":20900,""user_name"":""지나사랑"",""user_rank"":1835,""user_stage"":300}"
"stage_reached_300 (App)","W:22_0A:22_0","26","{""attendance_count"":26,""install_day"":""2025-07-28"",""total_payment_amount"":33000,""user_name"":""철인28호"",""user_rank"":1835,""user_stage"":300}"
"stage_reached_300 (App)","W:22_0A:19_0","14","{""attendance_count"":14,""install_day"":""2025-08-09"",""total_payment_amount"":7700,""user_name"":""낭낭낭"",""user_rank"":1826,""user_stage"":300}"
"stage_reached_300 (App)","W:22_0A:19_0","21","{""attendance_count"":21,""install_day"":""2025-08-01"",""total_payment_amount"":29700,""user_name"":""킹스날"",""user_rank"":1914,""user_stage"":300}"
"stage_reached_300 (App)","W:20_0A:19_0","25","{""attendance_count"":25,""install_day"":""2025-07-29"",""total_payment_amount"":7700,""user_name"":""울릉도표류기"",""user_rank"":1832,""user_stage"":300}"
"stage_reached_300 (App)","W:22_0A:19_0","24","{""attendance_count"":24,""install_day"":""2025-07-29"",""total_payment_amount"":7700,""user_name"":""도왕"",""user_rank"":1841,""user_stage"":300}"
"stage_reached_300 (App)","W:23_0A:20_0","15","{""attendance_count"":15,""install_day"":""2025-08-08"",""total_payment_amount"":7700,""user_name"":""반야"",""user_rank"":1823,""user_stage"":300}"
"stage_reached_300 (App)","W:23_0A:19_0","19","{""attendance_count"":19,""install_day"":""2025-08-04"",""total_payment_amount"":7700,""user_name"":""끌껄깔끌"",""user_rank"":1853,""user_stage"":300}"
"stage_reached_300 (App)","W:21_0A:20_0","25","{""attendance_count"":25,""install_day"":""2025-07-29"",""total_payment_amount"":19800,""user_name"":""지하수로"",""user_rank"":1823,""user_stage"":300}"
"stage_reached_300 (App)","W:23_0A:19_0","22","{""attendance_count"":22,""install_day"":""2025-08-01"",""total_payment_amount"":7700,""user_name"":""부재중"",""user_rank"":1835,""user_stage"":300}"
"stage_reached_300 (App)","W:22_0A:19_0","23","{""attendance_count"":23,""install_day"":""2025-07-24"",""total_payment_amount"":20900,""user_name"":""곽철도"",""user_rank"":1882,""user_stage"":300}"
"stage_reached_300 (App)","W:23_0A:22_0","32","{""attendance_count"":32,""install_day"":""2025-07-20"",""total_payment_amount"":7700,""user_name"":""시안문"",""user_rank"":1824,""user_stage"":300}"
"stage_reached_300 (App)","W:20_0A:19_0","24","{""attendance_count"":24,""install_day"":""2025-07-29"",""total_payment_amount"":7700,""user_name"":""망고우유"",""user_rank"":1949,""user_stage"":300}"
"stage_reached_300 (App)","W:20_0A:19_0","24","{""attendance_count"":24,""install_day"":""2025-07-30"",""total_payment_amount"":7700,""user_name"":""스키틀즈"",""user_rank"":1824,""user_stage"":300}"
"stage_reached_300 (App)","W:20_0A:19_0","22","{""attendance_count"":22,""install_day"":""2025-07-31"",""total_payment_amount"":7700,""user_name"":""라면먹자"",""user_rank"":1824,""user_stage"":300}"
"stage_reached_300 (App)","W:20_0A:19_0","21","{""attendance_count"":21,""install_day"":""2025-08-01"",""total_payment_amount"":7700,""user_name"":""랄부"",""user_rank"":1823,""user_stage"":300}"
"stage_reached_300 (App)","W:22_0A:19_0","20","{""attendance_count"":20,""install_day"":""2025-08-03"",""total_payment_amount"":7700,""user_name"":""권태검"",""user_rank"":1816,""user_stage"":300}"
"stage_reached_300 (App)","W:22_0A:19_0","24","{""attendance_count"":24,""install_day"":""2025-07-30"",""total_payment_amount"":7700,""user_name"":""Stella"",""user_rank"":1824,""user_stage"":300}"
"stage_reached_300 (App)","W:22_0A:22_0","23","{""attendance_count"":23,""install_day"":""2025-07-31"",""total_payment_amount"":7700,""user_name"":""레전드2838"",""user_rank"":1846,""user_stage"":300}"
"stage_reached_300 (App)","W:22_0A:23_0","31","{""attendance_count"":31,""install_day"":""2025-07-21"",""total_payment_amount"":7700,""user_name"":""여르미"",""user_rank"":1945,""user_stage"":300}"
"stage_reached_300 (App)","W:23_0A:19_0","19","{""attendance_count"":19,""install_day"":""2025-08-04"",""total_payment_amount"":7700,""user_name"":""종우"",""user_rank"":1829,""user_stage"":300}"
"stage_reached_300 (App)","W:20_0A:19_0","26","{""attendance_count"":26,""install_day"":""2025-07-27"",""total_payment_amount"":7700,""user_name"":""육진"",""user_rank"":1916,""user_stage"":300}"
"stage_reached_300 (App)","W:20_0A:19_0","27","{""attendance_count"":27,""install_day"":""2025-07-26"",""total_payment_amount"":7700,""user_name"":""뜨라이야"",""user_rank"":1817,""user_stage"":300}"
"stage_reached_300 (App)","W:22_0A:20_0","35","{""attendance_count"":35,""install_day"":""2025-07-19"",""total_payment_amount"":0,""user_name"":""770"",""user_rank"":1829,""user_stage"":300}"
"stage_reached_300 (App)","W:22_0A:19_0","27","{""attendance_count"":27,""install_day"":""2025-07-23"",""total_payment_amount"":7700,""user_name"":""으아니"",""user_rank"":1860,""user_stage"":300}"
"stage_reached_300 (App)","W:20_0A:19_0","18","{""attendance_count"":18,""install_day"":""2025-08-05"",""total_payment_amount"":77000,""user_name"":""백초거"",""user_rank"":1858,""user_stage"":300}"
"stage_reached_300 (App)","W:22_0A:20_0","21","{""attendance_count"":21,""install_day"":""2025-08-02"",""total_payment_amount"":51700,""user_name"":""봉미미"",""user_rank"":2041,""user_stage"":300}"
"stage_reached_300 (App)","W:22_0A:19_0","23","{""attendance_count"":23,""install_day"":""2025-07-30"",""total_payment_amount"":7700,""user_name"":""백곰집사흑곰"",""user_rank"":2041,""user_stage"":300}"
"stage_reached_300 (App)","W:23_0A:19_0","15","{""attendance_count"":15,""install_day"":""2025-08-08"",""total_payment_amount"":7700,""user_name"":""시시싯"",""user_rank"":1895,""user_stage"":300}"
"stage_reached_300 (App)","W:22_0A:20_0","23","{""attendance_count"":23,""install_day"":""2025-07-30"",""total_payment_amount"":40700,""user_name"":""웰치곰"",""user_rank"":1803,""user_stage"":300}"
"stage_reached_300 (App)","W:20_0A:20_0","16","{""attendance_count"":16,""install_day"":""2025-08-06"",""total_payment_amount"":40700,""user_name"":""에딘"",""user_rank"":1817,""user_stage"":300}"
"stage_reached_300 (App)","W:22_0A:20_0","23","{""attendance_count"":23,""install_day"":""2025-07-31"",""total_payment_amount"":7700,""user_name"":""예준빠"",""user_rank"":1808,""user_stage"":300}"
"stage_reached_300 (App)","W:22_0A:19_0","20","{""attendance_count"":20,""install_day"":""2025-08-03"",""total_payment_amount"":7700,""user_name"":""간지샤크"",""user_rank"":1835,""user_stage"":300}"
"stage_reached_300 (App)","W:20_0A:20_0","22","{""attendance_count"":22,""install_day"":""2025-08-01"",""total_payment_amount"":50600,""user_name"":""와따숑"",""user_rank"":1804,""user_stage"":300}"
"stage_reached_300 (App)","W:20_0A:20_0","31","{""attendance_count"":31,""install_day"":""2025-07-23"",""total_payment_amount"":0,""user_name"":""김c1"",""user_rank"":1802,""user_stage"":300}"
"stage_reached_300 (App)","W:22_0A:19_0","27","{""attendance_count"":27,""install_day"":""2025-07-26"",""total_payment_amount"":7700,""user_name"":""페페리"",""user_rank"":1806,""user_stage"":300}"
"stage_reached_300 (App)","W:20_0A:19_0","37","{""attendance_count"":37,""install_day"":""2025-07-15"",""total_payment_amount"":0,""user_name"":""벽묘"",""user_rank"":1817,""user_stage"":300}"
"stage_reached_300 (App)","W:20_0A:19_0","28","{""attendance_count"":28,""install_day"":""2025-07-25"",""total_payment_amount"":40700,""user_name"":""감자도둑"",""user_rank"":1871,""user_stage"":300}"
"stage_reached_300 (App)","W:22_0A:19_0","21","{""attendance_count"":21,""install_day"":""2025-08-01"",""total_payment_amount"":7700,""user_name"":""행운유수"",""user_rank"":1892,""user_stage"":300}"
"stage_reached_300 (App)","W:22_0A:19_0","13","{""attendance_count"":13,""install_day"":""2025-08-08"",""total_payment_amount"":210100,""user_name"":""월암"",""user_rank"":1831,""user_stage"":300}"
"stage_reached_300 (App)","W:23_0A:22_0","30","{""attendance_count"":30,""install_day"":""2025-07-19"",""total_payment_amount"":7700,""user_name"":""김주호오"",""user_rank"":1887,""user_stage"":300}"
"stage_reached_300 (App)","W:20_0A:19_0","20","{""attendance_count"":20,""install_day"":""2025-08-02"",""total_payment_amount"":12100,""user_name"":""난쎄표루기"",""user_rank"":1794,""user_stage"":300}"
"stage_reached_300 (App)","W:21_0A:19_0","23","{""attendance_count"":23,""install_day"":""2025-07-28"",""total_payment_amount"":7700,""user_name"":""낵구"",""user_rank"":1792,""user_stage"":300}"
"stage_reached_300 (App)","W:22_0A:19_0","30","{""attendance_count"":30,""install_day"":""2025-07-23"",""total_payment_amount"":7700,""user_name"":""sudosu"",""user_rank"":1825,""user_stage"":300}"
"stage_reached_300 (App)","W:22_0A:19_0","7","{""attendance_count"":7,""install_day"":""2025-08-15"",""total_payment_amount"":242000,""user_name"":""먼지아빠"",""user_rank"":1883,""user_stage"":300}"
"stage_reached_300 (App)","W:23_0A:19_0","13","{""attendance_count"":13,""install_day"":""2025-08-09"",""total_payment_amount"":7700,""user_name"":""새콤달콤짱"",""user_rank"":1810,""user_stage"":300}"
"stage_reached_300 (App)","W:22_0A:20_0","24","{""attendance_count"":24,""install_day"":""2025-07-29"",""total_payment_amount"":7700,""user_name"":""HG"",""user_rank"":1796,""user_stage"":300}"
"stage_reached_300 (App)","W:20_0A:19_0","20","{""attendance_count"":20,""install_day"":""2025-07-31"",""total_payment_amount"":7700,""user_name"":""AnA"",""user_rank"":1795,""user_stage"":300}"
"stage_reached_300 (App)","W:20_0A:19_0","15","{""attendance_count"":15,""install_day"":""2025-08-07"",""total_payment_amount"":62700,""user_name"":""석찬"",""user_rank"":1862,""user_stage"":300}"
"stage_reached_300 (App)","W:22_0A:19_0","22","{""attendance_count"":22,""install_day"":""2025-07-30"",""total_payment_amount"":7700,""user_name"":""차밍"",""user_rank"":1902,""user_stage"":300}"
"stage_reached_300 (App)","W:22_0A:19_0","20","{""attendance_count"":20,""install_day"":""2025-08-02"",""total_payment_amount"":7700,""user_name"":""박정원빈"",""user_rank"":1955,""user_stage"":300}"
"stage_reached_300 (App)","W:22_0A:19_0","28","{""attendance_count"":28,""install_day"":""2025-07-25"",""total_payment_amount"":7700,""user_name"":""nana51"",""user_rank"":1820,""user_stage"":300}"
"stage_reached_300 (App)","W:22_0A:22_0","34","{""attendance_count"":34,""install_day"":""2025-07-17"",""total_payment_amount"":7700,""user_name"":""독개미"",""user_rank"":1790,""user_stage"":300}"
"stage_reached_300 (App)","W:22_0A:20_0","30","{""attendance_count"":30,""install_day"":""2025-07-23"",""total_payment_amount"":7700,""user_name"":""호야붕"",""user_rank"":1817,""user_stage"":300}"
"stage_reached_300 (App)","W:22_0A:22_0","32","{""attendance_count"":32,""install_day"":""2025-07-19"",""total_payment_amount"":7700,""user_name"":""손가락원숭이"",""user_rank"":2130,""user_stage"":300}"
"stage_reached_300 (App)","W:22_0A:19_0","15","{""attendance_count"":15,""install_day"":""2025-08-07"",""total_payment_amount"":80300,""user_name"":""러미"",""user_rank"":1847,""user_stage"":300}"
"stage_reached_300 (App)","W:20_0A:22_0","26","{""attendance_count"":26,""install_day"":""2025-07-27"",""total_payment_amount"":0,""user_name"":""sijomi"",""user_rank"":1789,""user_stage"":300}"
"stage_reached_300 (App)","W:20_0A:19_0","18","{""attendance_count"":18,""install_day"":""2025-08-04"",""total_payment_amount"":11000,""user_name"":""위코"",""user_rank"":1837,""user_stage"":300}"
"stage_reached_300 (App)","W:20_0A:19_0","24","{""attendance_count"":24,""install_day"":""2025-07-29"",""total_payment_amount"":7700,""user_name"":""빠죵"",""user_rank"":1784,""user_stage"":300}"
"stage_reached_300 (App)","W:22_0A:22_0","29","{""attendance_count"":29,""install_day"":""2025-07-25"",""total_payment_amount"":104500,""user_name"":""치우1"",""user_rank"":1787,""user_stage"":300}"
"stage_reached_300 (App)","W:22_0A:21_0","27","{""attendance_count"":27,""install_day"":""2025-07-26"",""total_payment_amount"":7700,""user_name"":""다운"",""user_rank"":1812,""user_stage"":300}"
"stage_reached_300 (App)","W:20_0A:19_0","18","{""attendance_count"":18,""install_day"":""2025-08-04"",""total_payment_amount"":18700,""user_name"":""프레지던트반"",""user_rank"":1784,""user_stage"":300}"
"stage_reached_300 (App)","W:22_0A:19_0","26","{""attendance_count"":26,""install_day"":""2025-07-26"",""total_payment_amount"":7700,""user_name"":""낭만치사량"",""user_rank"":1849,""user_stage"":300}"
"stage_reached_300 (App)","W:20_0A:21_0","22","{""attendance_count"":22,""install_day"":""2025-07-31"",""total_payment_amount"":0,""user_name"":""착각의틈"",""user_rank"":1807,""user_stage"":300}"
"stage_reached_300 (App)","W:21_0A:19_0","22","{""attendance_count"":22,""install_day"":""2025-07-31"",""total_payment_amount"":7700,""user_name"":""블랙카드"",""user_rank"":1884,""user_stage"":300}"
"stage_reached_300 (App)","W:21_0A:21_0","34","{""attendance_count"":34,""install_day"":""2025-07-19"",""total_payment_amount"":7700,""user_name"":""다잡아화물"",""user_rank"":1884,""user_stage"":300}"
"stage_reached_300 (App)","W:22_0A:21_0","27","{""attendance_count"":27,""install_day"":""2025-07-26"",""total_payment_amount"":7700,""user_name"":""환두대도"",""user_rank"":1787,""user_stage"":300}"
"stage_reached_300 (App)","W:22_0A:19_0","32","{""attendance_count"":32,""install_day"":""2025-07-20"",""total_payment_amount"":0,""user_name"":""bestian"",""user_rank"":1787,""user_stage"":300}"
"stage_reached_300 (App)","W:22_0A:19_0","24","{""attendance_count"":24,""install_day"":""2025-07-29"",""total_payment_amount"":7700,""user_name"":""미뷰"",""user_rank"":2069,""user_stage"":300}"
"stage_reached_300 (App)","W:23_0A:22_0","24","{""attendance_count"":24,""install_day"":""2025-07-28"",""total_payment_amount"":7700,""user_name"":""보통의하루"",""user_rank"":1817,""user_stage"":300}"
"stage_reached_300 (App)","W:22_0A:20_0","22","{""attendance_count"":22,""install_day"":""2025-07-27"",""total_payment_amount"":7700,""user_name"":""레이가르드"",""user_rank"":1765,""user_stage"":300}"
"stage_reached_300 (App)","W:22_0A:19_0","24","{""attendance_count"":24,""install_day"":""2025-07-28"",""total_payment_amount"":7700,""user_name"":""OTL"",""user_rank"":1835,""user_stage"":300}"
"stage_reached_300 (App)","W:22_0A:19_0","27","{""attendance_count"":27,""install_day"":""2025-07-25"",""total_payment_amount"":7700,""user_name"":""연끼"",""user_rank"":1763,""user_stage"":300}"
"stage_reached_300 (App)","W:22_0A:22_0","33","{""attendance_count"":33,""install_day"":""2025-07-17"",""total_payment_amount"":7700,""user_name"":""보리보리피쉬"",""user_rank"":1770,""user_stage"":300}"
"stage_reached_300 (App)","W:20_0A:19_0","24","{""attendance_count"":24,""install_day"":""2025-07-27"",""total_payment_amount"":7700,""user_name"":""물리"",""user_rank"":1758,""user_stage"":300}"
"stage_reached_300 (App)","W:22_0A:19_0","19","{""attendance_count"":19,""install_day"":""2025-08-03"",""total_payment_amount"":7700,""user_name"":""유라온"",""user_rank"":2318,""user_stage"":300}"
"stage_reached_300 (App)","W:22_0A:19_0","22","{""attendance_count"":22,""install_day"":""2025-07-31"",""total_payment_amount"":62700,""user_name"":""꾸이짱"",""user_rank"":1755,""user_stage"":300}"
"stage_reached_300 (App)","W:22_0A:19_0","20","{""attendance_count"":20,""install_day"":""2025-08-01"",""total_payment_amount"":7700,""user_name"":""갓준"",""user_rank"":1753,""user_stage"":300}"
"stage_reached_300 (App)","W:23_0A:22_0","30","{""attendance_count"":30,""install_day"":""2025-07-19"",""total_payment_amount"":7700,""user_name"":""민락"",""user_rank"":1803,""user_stage"":300}"
"stage_reached_300 (App)","W:22_0A:20_0","24","{""attendance_count"":24,""install_day"":""2025-07-29"",""total_payment_amount"":7700,""user_name"":""srfgyy1"",""user_rank"":1817,""user_stage"":300}"
"stage_reached_300 (App)","W:22_0A:22_0","28","{""attendance_count"":28,""install_day"":""2025-07-24"",""total_payment_amount"":51700,""user_name"":""손발을두잇"",""user_rank"":1778,""user_stage"":300}"
"stage_reached_300 (App)","W:22_0A:22_0","31","{""attendance_count"":31,""install_day"":""2025-07-22"",""total_payment_amount"":7700,""user_name"":""얄라숑구리"",""user_rank"":1747,""user_stage"":300}"
"stage_reached_300 (App)","W:22_0A:21_0","20","{""attendance_count"":20,""install_day"":""2025-08-02"",""total_payment_amount"":7700,""user_name"":""Leta"",""user_rank"":1994,""user_stage"":300}"
"stage_reached_300 (App)","W:22_0A:22_0","21","{""attendance_count"":21,""install_day"":""2025-08-01"",""total_payment_amount"":7700,""user_name"":""일광"",""user_rank"":1744,""user_stage"":300}"
"stage_reached_300 (App)","W:23_0A:21_0","19","{""attendance_count"":19,""install_day"":""2025-08-01"",""total_payment_amount"":7700,""user_name"":""읭용"",""user_rank"":1887,""user_stage"":300}"
"stage_reached_300 (App)","W:22_0A:23_0","28","{""attendance_count"":28,""install_day"":""2025-07-25"",""total_payment_amount"":7700,""user_name"":""한경"",""user_rank"":1749,""user_stage"":300}"
"stage_reached_300 (App)","W:20_0A:19_0","19","{""attendance_count"":19,""install_day"":""2025-08-03"",""total_payment_amount"":7700,""user_name"":""도르섬"",""user_rank"":1761,""user_stage"":300}"
"stage_reached_300 (App)","W:22_0A:19_0","26","{""attendance_count"":26,""install_day"":""2025-07-27"",""total_payment_amount"":14300,""user_name"":""체리벼리"",""user_rank"":1748,""user_stage"":300}"
"stage_reached_300 (App)","W:20_0A:19_0","14","{""attendance_count"":14,""install_day"":""2025-08-08"",""total_payment_amount"":80300,""user_name"":""레고77"",""user_rank"":1745,""user_stage"":300}"
"stage_reached_300 (App)","W:23_0A:20_0","27","{""attendance_count"":27,""install_day"":""2025-07-26"",""total_payment_amount"":11000,""user_name"":""짬쥐"",""user_rank"":1947,""user_stage"":300}"
"stage_reached_300 (App)","W:21_0A:10_0","31","{""attendance_count"":31,""install_day"":""2025-07-20"",""total_payment_amount"":7700,""user_name"":""익명이"",""user_rank"":1744,""user_stage"":300}"
"stage_reached_300 (App)","W:22_0A:19_0","28","{""attendance_count"":28,""install_day"":""2025-07-25"",""total_payment_amount"":7700,""user_name"":""PRO"",""user_rank"":1740,""user_stage"":300}"
"stage_reached_300 (App)","W:22_0A:19_0","25","{""attendance_count"":25,""install_day"":""2025-07-27"",""total_payment_amount"":73700,""user_name"":""푸르스텔라"",""user_rank"":1755,""user_stage"":300}"
"stage_reached_300 (App)","W:22_0A:22_0","25","{""attendance_count"":25,""install_day"":""2025-07-26"",""total_payment_amount"":18700,""user_name"":""꽃채린"",""user_rank"":1743,""user_stage"":300}"
"stage_reached_300 (App)","W:23_0A:23_0","35","{""attendance_count"":35,""install_day"":""2025-07-18"",""total_payment_amount"":18700,""user_name"":""뭘봐이거"",""user_rank"":1807,""user_stage"":300}"
"stage_reached_300 (App)","W:22_0A:23_0","26","{""attendance_count"":26,""install_day"":""2025-07-26"",""total_payment_amount"":7700,""user_name"":""망고트리"",""user_rank"":1761,""user_stage"":300}"
"stage_reached_300 (App)","W:22_0A:22_0","26","{""attendance_count"":26,""install_day"":""2025-07-26"",""total_payment_amount"":36300,""user_name"":""godtwkim"",""user_rank"":1832,""user_stage"":300}"
"stage_reached_300 (App)","W:21_0A:19_0","18","{""attendance_count"":18,""install_day"":""2025-08-03"",""total_payment_amount"":7700,""user_name"":""너가좋아요"",""user_rank"":1739,""user_stage"":300}"
"stage_reached_300 (App)","W:20_0A:19_0","17","{""attendance_count"":17,""install_day"":""2025-08-05"",""total_payment_amount"":29700,""user_name"":""부어버리"",""user_rank"":1790,""user_stage"":300}"
"stage_reached_300 (App)","W:22_0A:19_0","23","{""attendance_count"":23,""install_day"":""2025-07-30"",""total_payment_amount"":7700,""user_name"":""갓묘"",""user_rank"":1765,""user_stage"":300}"
"stage_reached_300 (App)","W:20_0A:19_0","21","{""attendance_count"":21,""install_day"":""2025-07-31"",""total_payment_amount"":40700,""user_name"":""루바토"",""user_rank"":1734,""user_stage"":300}"
"stage_reached_300 (App)","W:20_0A:19_0","12","{""attendance_count"":12,""install_day"":""2025-08-10"",""total_payment_amount"":110000,""user_name"":""무궁"",""user_rank"":1738,""user_stage"":300}"
"stage_reached_300 (App)","W:22_0A:20_0","14","{""attendance_count"":14,""install_day"":""2025-08-07"",""total_payment_amount"":11000,""user_name"":""재헌"",""user_rank"":1731,""user_stage"":300}"
"stage_reached_300 (App)","W:23_0A:19_0","24","{""attendance_count"":24,""install_day"":""2025-07-29"",""total_payment_amount"":40700,""user_name"":""디에러귱"",""user_rank"":1845,""user_stage"":300}"
"stage_reached_300 (App)","W:21_0A:19_0","17","{""attendance_count"":17,""install_day"":""2025-08-05"",""total_payment_amount"":27500,""user_name"":""흰구름"",""user_rank"":1761,""user_stage"":300}"
"stage_reached_300 (App)","W:22_0A:19_0","31","{""attendance_count"":31,""install_day"":""2025-07-17"",""total_payment_amount"":7700,""user_name"":""솔예"",""user_rank"":1799,""user_stage"":300}"
"stage_reached_300 (App)","W:23_0A:21_0","25","{""attendance_count"":25,""install_day"":""2025-07-26"",""total_payment_amount"":7700,""user_name"":""체강한화"",""user_rank"":1800,""user_stage"":300}"
"stage_reached_300 (App)","W:21_0A:19_0","21","{""attendance_count"":21,""install_day"":""2025-08-01"",""total_payment_amount"":7700,""user_name"":""두다다쿵"",""user_rank"":1730,""user_stage"":300}"
"stage_reached_300 (App)","W:19_0A:19_0","6","{""attendance_count"":6,""install_day"":""2025-08-16"",""total_payment_amount"":358600,""user_name"":""DeerPoro"",""user_rank"":1905,""user_stage"":300}"
"stage_reached_300 (App)","W:22_0A:19_0","30","{""attendance_count"":30,""install_day"":""2025-07-23"",""total_payment_amount"":0,""user_name"":""루슬롱"",""user_rank"":1798,""user_stage"":300}"
"stage_reached_300 (App)","W:20_0A:19_0","18","{""attendance_count"":18,""install_day"":""2025-08-04"",""total_payment_amount"":7700,""user_name"":""호치파파"",""user_rank"":1727,""user_stage"":300}"
"stage_reached_300 (App)","W:23_0A:22_0","34","{""attendance_count"":34,""install_day"":""2025-07-16"",""total_payment_amount"":0,""user_name"":""찝찔"",""user_rank"":1821,""user_stage"":300}"
"stage_reached_300 (App)","W:20_0A:19_0","19","{""attendance_count"":19,""install_day"":""2025-08-03"",""total_payment_amount"":150700,""user_name"":""비샤스"",""user_rank"":1740,""user_stage"":300}"
"stage_reached_300 (App)","W:22_0A:19_0","19","{""attendance_count"":19,""install_day"":""2025-08-02"",""total_payment_amount"":7700,""user_name"":""티몬짱"",""user_rank"":1835,""user_stage"":300}"
"stage_reached_300 (App)","W:22_0A:19_0","21","{""attendance_count"":21,""install_day"":""2025-07-31"",""total_payment_amount"":7700,""user_name"":""LAVE백곰"",""user_rank"":1834,""user_stage"":300}"
"stage_reached_300 (App)","W:20_0A:19_0","21","{""attendance_count"":21,""install_day"":""2025-08-01"",""total_payment_amount"":69300,""user_name"":""담다미"",""user_rank"":1726,""user_stage"":300}"
"stage_reached_300 (App)","W:22_0A:20_0","14","{""attendance_count"":14,""install_day"":""2025-08-07"",""total_payment_amount"":106700,""user_name"":""기을낙화"",""user_rank"":1719,""user_stage"":300}"
"stage_reached_300 (App)","W:22_0A:19_0","25","{""attendance_count"":25,""install_day"":""2025-07-23"",""total_payment_amount"":7700,""user_name"":""장뚠뚠"",""user_rank"":1735,""user_stage"":300}"
"stage_reached_300 (App)","W:22_0A:23_0","23","{""attendance_count"":23,""install_day"":""2025-07-29"",""total_payment_amount"":7700,""user_name"":""앙기모뤼"",""user_rank"":1887,""user_stage"":300}"
"stage_reached_300 (App)","W:23_0A:20_0","13","{""attendance_count"":13,""install_day"":""2025-08-07"",""total_payment_amount"":7700,""user_name"":""cherius"",""user_rank"":1742,""user_stage"":300}"
"stage_reached_300 (App)","W:22_0A:19_0","19","{""attendance_count"":19,""install_day"":""2025-07-28"",""total_payment_amount"":7700,""user_name"":""휴식용"",""user_rank"":1777,""user_stage"":300}"
"stage_reached_300 (App)","W:21_0A:19_0","9","{""attendance_count"":9,""install_day"":""2025-08-12"",""total_payment_amount"":383900,""user_name"":""낭강"",""user_rank"":1918,""user_stage"":300}"
"stage_reached_300 (App)","W:22_0A:22_0","25","{""attendance_count"":25,""install_day"":""2025-07-27"",""total_payment_amount"":7700,""user_name"":""Solagon"",""user_rank"":1760,""user_stage"":300}"
"stage_reached_300 (App)","W:22_0A:20_0","21","{""attendance_count"":21,""install_day"":""2025-07-31"",""total_payment_amount"":51700,""user_name"":""옭옭이"",""user_rank"":1714,""user_stage"":300}"
"stage_reached_300 (App)","W:23_0A:21_0","34","{""attendance_count"":34,""install_day"":""2025-07-17"",""total_payment_amount"":7700,""user_name"":""채채야"",""user_rank"":2019,""user_stage"":300}"
"stage_reached_300 (App)","W:22_0A:21_0","17","{""attendance_count"":17,""install_day"":""2025-08-03"",""total_payment_amount"":7700,""user_name"":""재혹이"",""user_rank"":1742,""user_stage"":300}"
"stage_reached_300 (App)","W:23_0A:22_0","16","{""attendance_count"":16,""install_day"":""2025-08-05"",""total_payment_amount"":14300,""user_name"":""노조원"",""user_rank"":1728,""user_stage"":300}"
"stage_reached_300 (App)","W:23_0A:22_0","32","{""attendance_count"":32,""install_day"":""2025-07-19"",""total_payment_amount"":7700,""user_name"":""gom탱이"",""user_rank"":1655,""user_stage"":300}"
"stage_reached_300 (App)","W:22_0A:19_0","22","{""attendance_count"":22,""install_day"":""2025-07-23"",""total_payment_amount"":7700,""user_name"":""가프"",""user_rank"":1740,""user_stage"":300}"
"stage_reached_300 (App)","W:20_0A:19_0","20","{""attendance_count"":20,""install_day"":""2025-07-27"",""total_payment_amount"":20900,""user_name"":""꼬미몽"",""user_rank"":1716,""user_stage"":300}"
"stage_reached_300 (App)","W:23_0A:22_0","24","{""attendance_count"":24,""install_day"":""2025-07-27"",""total_payment_amount"":7700,""user_name"":""STARLION"",""user_rank"":1772,""user_stage"":300}"
"stage_reached_300 (App)","W:23_0A:19_0","28","{""attendance_count"":28,""install_day"":""2025-07-24"",""total_payment_amount"":15400,""user_name"":""비뉘부니"",""user_rank"":1914,""user_stage"":300}"
"stage_reached_300 (App)","W:20_0A:20_0","20","{""attendance_count"":20,""install_day"":""2025-08-01"",""total_payment_amount"":66000,""user_name"":""용아치"",""user_rank"":1733,""user_stage"":300}"
"stage_reached_300 (App)","W:22_0A:19_0","18","{""attendance_count"":18,""install_day"":""2025-08-02"",""total_payment_amount"":7700,""user_name"":""말랑카우진"",""user_rank"":1705,""user_stage"":300}"
"stage_reached_300 (App)","W:20_0A:20_0","17","{""attendance_count"":17,""install_day"":""2025-08-04"",""total_payment_amount"":117700,""user_name"":""이게맞나"",""user_rank"":1760,""user_stage"":300}"
"stage_reached_300 (App)","W:22_0A:22_0","18","{""attendance_count"":18,""install_day"":""2025-08-03"",""total_payment_amount"":95700,""user_name"":""2인자"",""user_rank"":1802,""user_stage"":300}"
"stage_reached_300 (App)","W:22_0A:19_0","26","{""attendance_count"":26,""install_day"":""2025-07-26"",""total_payment_amount"":23100,""user_name"":""격공"",""user_rank"":1704,""user_stage"":300}"
"stage_reached_300 (App)","W:21_0A:20_0","23","{""attendance_count"":23,""install_day"":""2025-07-28"",""total_payment_amount"":51700,""user_name"":""난깡"",""user_rank"":1711,""user_stage"":300}"
"stage_reached_300 (App)","W:22_0A:19_0","29","{""attendance_count"":29,""install_day"":""2025-07-23"",""total_payment_amount"":7700,""user_name"":""피대협"",""user_rank"":1726,""user_stage"":300}"
"stage_reached_300 (App)","W:21_0A:22_0","19","{""attendance_count"":19,""install_day"":""2025-07-26"",""total_payment_amount"":327800,""user_name"":""쿠행행"",""user_rank"":1753,""user_stage"":300}"
"stage_reached_300 (App)","W:21_0A:23_0","21","{""attendance_count"":21,""install_day"":""2025-07-31"",""total_payment_amount"":121000,""user_name"":""전종오"",""user_rank"":1702,""user_stage"":300}"
"stage_reached_300 (App)","W:22_0A:19_0","20","{""attendance_count"":20,""install_day"":""2025-08-01"",""total_payment_amount"":7700,""user_name"":""에스트라다"",""user_rank"":1693,""user_stage"":300}"
"stage_reached_300 (App)","W:22_0A:23_0","32","{""attendance_count"":32,""install_day"":""2025-07-20"",""total_payment_amount"":7700,""user_name"":""윤탱"",""user_rank"":1724,""user_stage"":300}"
"stage_reached_300 (App)","W:22_0A:22_0","34","{""attendance_count"":34,""install_day"":""2025-07-18"",""total_payment_amount"":7700,""user_name"":""Grey"",""user_rank"":1695,""user_stage"":300}"
"stage_reached_300 (App)","W:22_0A:17_0","3","{""attendance_count"":3,""install_day"":""2025-08-18"",""total_payment_amount"":502700,""user_name"":""Hotal"",""user_rank"":2295,""user_stage"":300}"
"stage_reached_300 (App)","W:20_0A:19_0","17","{""attendance_count"":17,""install_day"":""2025-08-04"",""total_payment_amount"":7700,""user_name"":""고래오"",""user_rank"":1698,""user_stage"":300}"
"stage_reached_300 (App)","W:22_0A:19_0","25","{""attendance_count"":25,""install_day"":""2025-07-27"",""total_payment_amount"":7700,""user_name"":""한방약"",""user_rank"":1690,""user_stage"":300}"
"stage_reached_300 (App)","W:20_0A:19_0","20","{""attendance_count"":20,""install_day"":""2025-08-01"",""total_payment_amount"":7700,""user_name"":""민정"",""user_rank"":1698,""user_stage"":300}"
"stage_reached_300 (App)","W:20_0A:20_0","27","{""attendance_count"":27,""install_day"":""2025-07-25"",""total_payment_amount"":7700,""user_name"":""혀비"",""user_rank"":1890,""user_stage"":300}"
"stage_reached_300 (App)","W:23_0A:22_0","13","{""attendance_count"":13,""install_day"":""2025-08-08"",""total_payment_amount"":40700,""user_name"":""붉은눈"",""user_rank"":1688,""user_stage"":300}"
"stage_reached_300 (App)","W:22_0A:22_0","32","{""attendance_count"":32,""install_day"":""2025-07-18"",""total_payment_amount"":7700,""user_name"":""따혜"",""user_rank"":1890,""user_stage"":300}"
"stage_reached_300 (App)","W:22_0A:21_0","29","{""attendance_count"":29,""install_day"":""2025-07-18"",""total_payment_amount"":0,""user_name"":""교수양말탐낸도비"",""user_rank"":1980,""user_stage"":300}"
"stage_reached_300 (App)","W:20_0A:19_0","22","{""attendance_count"":22,""install_day"":""2025-07-30"",""total_payment_amount"":7700,""user_name"":""Lecruz"",""user_rank"":1733,""user_stage"":300}"
"stage_reached_300 (App)","W:20_0A:19_0","19","{""attendance_count"":19,""install_day"":""2025-08-02"",""total_payment_amount"":7700,""user_name"":""아틀레티꼬마"",""user_rank"":1677,""user_stage"":300}"
"stage_reached_300 (App)","W:23_0A:22_0","12","{""attendance_count"":12,""install_day"":""2025-08-09"",""total_payment_amount"":0,""user_name"":""JS지수"",""user_rank"":1844,""user_stage"":300}"
"stage_reached_300 (App)","W:20_0A:19_0","19","{""attendance_count"":19,""install_day"":""2025-08-02"",""total_payment_amount"":8800,""user_name"":""진순이"",""user_rank"":1733,""user_stage"":300}"
"stage_reached_300 (App)","W:22_0A:19_0","26","{""attendance_count"":26,""install_day"":""2025-07-26"",""total_payment_amount"":7700,""user_name"":""육뇽수"",""user_rank"":1669,""user_stage"":300}"
"stage_reached_300 (App)","W:22_0A:19_0","20","{""attendance_count"":20,""install_day"":""2025-08-01"",""total_payment_amount"":33000,""user_name"":""아스본"",""user_rank"":2022,""user_stage"":300}"
"stage_reached_300 (App)","W:20_0A:20_0","20","{""attendance_count"":20,""install_day"":""2025-07-31"",""total_payment_amount"":33000,""user_name"":""떠쥬니"",""user_rank"":1667,""user_stage"":300}"
"stage_reached_300 (App)","W:23_0A:22_0","24","{""attendance_count"":24,""install_day"":""2025-07-28"",""total_payment_amount"":18700,""user_name"":""히스님"",""user_rank"":1666,""user_stage"":300}"
"stage_reached_300 (App)","W:20_0A:19_0","18","{""attendance_count"":18,""install_day"":""2025-08-03"",""total_payment_amount"":63800,""user_name"":""아모르"",""user_rank"":1663,""user_stage"":300}"
"stage_reached_300 (App)","W:22_0A:19_0","29","{""attendance_count"":29,""install_day"":""2025-07-23"",""total_payment_amount"":14300,""user_name"":""벼리하니"",""user_rank"":1683,""user_stage"":300}"
"stage_reached_300 (App)","W:21_0A:19_0","20","{""attendance_count"":20,""install_day"":""2025-08-01"",""total_payment_amount"":7700,""user_name"":""비실"",""user_rank"":1664,""user_stage"":300}"
"stage_reached_300 (App)","W:22_0A:21_0","15","{""attendance_count"":15,""install_day"":""2025-08-06"",""total_payment_amount"":188100,""user_name"":""젤이쁜울아덜"",""user_rank"":1681,""user_stage"":300}"
"stage_reached_300 (App)","W:22_0A:19_0","25","{""attendance_count"":25,""install_day"":""2025-07-24"",""total_payment_amount"":18700,""user_name"":""전화하지마"",""user_rank"":2092,""user_stage"":300}"
"stage_reached_300 (App)","W:22_0A:19_0","18","{""attendance_count"":18,""install_day"":""2025-08-02"",""total_payment_amount"":36300,""user_name"":""지유지아아빠"",""user_rank"":1797,""user_stage"":300}"
"stage_reached_300 (App)","W:20_0A:19_0","20","{""attendance_count"":20,""install_day"":""2025-08-01"",""total_payment_amount"":7700,""user_name"":""미쓔아"",""user_rank"":1699,""user_stage"":300}"
"stage_reached_300 (App)","W:22_0A:19_0","22","{""attendance_count"":22,""install_day"":""2025-07-30"",""total_payment_amount"":7700,""user_name"":""빡쇼"",""user_rank"":1959,""user_stage"":300}"
"stage_reached_300 (App)","W:22_0A:20_0","29","{""attendance_count"":29,""install_day"":""2025-07-23"",""total_payment_amount"":7700,""user_name"":""초보산적"",""user_rank"":1831,""user_stage"":300}"
"stage_reached_300 (App)","W:22_0A:20_0","25","{""attendance_count"":25,""install_day"":""2025-07-24"",""total_payment_amount"":7700,""user_name"":""백설기"",""user_rank"":1679,""user_stage"":300}"
"stage_reached_300 (App)","W:23_0A:20_0","23","{""attendance_count"":23,""install_day"":""2025-07-24"",""total_payment_amount"":19800,""user_name"":""순신좌"",""user_rank"":1679,""user_stage"":300}"
"stage_reached_300 (App)","W:21_0A:19_0","15","{""attendance_count"":15,""install_day"":""2025-08-06"",""total_payment_amount"":40700,""user_name"":""joon02"",""user_rank"":1741,""user_stage"":300}"
"stage_reached_300 (App)","W:20_0A:19_0","27","{""attendance_count"":27,""install_day"":""2025-07-24"",""total_payment_amount"":7700,""user_name"":""Schatz"",""user_rank"":1668,""user_stage"":300}"
"stage_reached_300 (App)","W:22_0A:19_0","24","{""attendance_count"":24,""install_day"":""2025-07-28"",""total_payment_amount"":7700,""user_name"":""aloha"",""user_rank"":1693,""user_stage"":300}"
"stage_reached_300 (App)","W:23_0A:19_0","20","{""attendance_count"":20,""install_day"":""2025-08-01"",""total_payment_amount"":7700,""user_name"":""유누유리"",""user_rank"":1677,""user_stage"":300}"
"stage_reached_300 (App)","W:22_0A:19_0","25","{""attendance_count"":25,""install_day"":""2025-07-27"",""total_payment_amount"":7700,""user_name"":""력자자"",""user_rank"":1859,""user_stage"":300}"
"stage_reached_300 (App)","W:22_0A:20_0","30","{""attendance_count"":30,""install_day"":""2025-07-21"",""total_payment_amount"":27500,""user_name"":""익상이"",""user_rank"":1893,""user_stage"":300}"
"stage_reached_300 (App)","W:22_0A:20_0","19","{""attendance_count"":19,""install_day"":""2025-08-01"",""total_payment_amount"":7700,""user_name"":""건곤일척"",""user_rank"":1717,""user_stage"":300}"
"stage_reached_300 (App)","W:20_0A:19_0","19","{""attendance_count"":19,""install_day"":""2025-08-02"",""total_payment_amount"":69300,""user_name"":""훈애심S2"",""user_rank"":1654,""user_stage"":300}"
"stage_reached_300 (App)","W:21_0A:20_0","25","{""attendance_count"":25,""install_day"":""2025-07-27"",""total_payment_amount"":7700,""user_name"":""형사괴수란내"",""user_rank"":1737,""user_stage"":300}"
"stage_reached_300 (App)","W:22_0A:19_0","29","{""attendance_count"":29,""install_day"":""2025-07-23"",""total_payment_amount"":7700,""user_name"":""에이스5"",""user_rank"":1670,""user_stage"":300}"
"stage_reached_300 (App)","W:22_0A:19_0","34","{""attendance_count"":34,""install_day"":""2025-07-17"",""total_payment_amount"":0,""user_name"":""귀염지우"",""user_rank"":1736,""user_stage"":300}"
"stage_reached_300 (App)","W:22_0A:22_0","31","{""attendance_count"":31,""install_day"":""2025-07-20"",""total_payment_amount"":7700,""user_name"":""깍두기처럼"",""user_rank"":1756,""user_stage"":300}"
"stage_reached_300 (App)","W:22_0A:22_0","24","{""attendance_count"":24,""install_day"":""2025-07-26"",""total_payment_amount"":11000,""user_name"":""병천순대"",""user_rank"":1648,""user_stage"":300}"
"stage_reached_300 (App)","W:22_0A:21_0","27","{""attendance_count"":27,""install_day"":""2025-07-24"",""total_payment_amount"":7700,""user_name"":""강공e"",""user_rank"":1644,""user_stage"":300}"
"stage_reached_300 (App)","W:20_0A:19_0","28","{""attendance_count"":28,""install_day"":""2025-07-23"",""total_payment_amount"":7700,""user_name"":""자힐"",""user_rank"":1660,""user_stage"":300}"
"stage_reached_300 (App)","W:22_0A:19_0","27","{""attendance_count"":27,""install_day"":""2025-07-18"",""total_payment_amount"":18700,""user_name"":""소붕"",""user_rank"":1684,""user_stage"":300}"
"stage_reached_300 (App)","W:22_0A:19_0","23","{""attendance_count"":23,""install_day"":""2025-07-20"",""total_payment_amount"":7700,""user_name"":""양땡"",""user_rank"":1711,""user_stage"":300}"
"stage_reached_300 (App)","W:22_0A:20_0","26","{""attendance_count"":26,""install_day"":""2025-07-25"",""total_payment_amount"":7700,""user_name"":""popman"",""user_rank"":1637,""user_stage"":300}"
"stage_reached_300 (App)","W:22_0A:20_0","25","{""attendance_count"":25,""install_day"":""2025-07-26"",""total_payment_amount"":7700,""user_name"":""될꺼다"",""user_rank"":1644,""user_stage"":300}"
"stage_reached_300 (App)","W:21_0A:22_0","19","{""attendance_count"":19,""install_day"":""2025-07-31"",""total_payment_amount"":7700,""user_name"":""귤꽁"",""user_rank"":1654,""user_stage"":300}"
"stage_reached_300 (App)","W:23_0A:20_0","18","{""attendance_count"":18,""install_day"":""2025-08-02"",""total_payment_amount"":7700,""user_name"":""위연"",""user_rank"":1807,""user_stage"":300}"
"stage_reached_300 (App)","W:22_0A:20_0","23","{""attendance_count"":23,""install_day"":""2025-07-28"",""total_payment_amount"":7700,""user_name"":""또올추"",""user_rank"":1646,""user_stage"":300}"
"stage_reached_300 (App)","W:22_0A:20_0","32","{""attendance_count"":32,""install_day"":""2025-07-19"",""total_payment_amount"":0,""user_name"":""브론박"",""user_rank"":1671,""user_stage"":300}"
"stage_reached_300 (App)","W:20_0A:19_0","27","{""attendance_count"":27,""install_day"":""2025-07-24"",""total_payment_amount"":11000,""user_name"":""어반인테리어"",""user_rank"":1668,""user_stage"":300}"
"stage_reached_300 (App)","W:20_0A:19_0","27","{""attendance_count"":27,""install_day"":""2025-07-24"",""total_payment_amount"":7700,""user_name"":""프리콩"",""user_rank"":1654,""user_stage"":300}"
"stage_reached_300 (App)","W:22_0A:19_0","21","{""attendance_count"":21,""install_day"":""2025-07-30"",""total_payment_amount"":14300,""user_name"":""소향"",""user_rank"":1872,""user_stage"":300}"
"stage_reached_300 (App)","W:21_0A:19_0","20","{""attendance_count"":20,""install_day"":""2025-07-31"",""total_payment_amount"":18700,""user_name"":""폭력왕"",""user_rank"":1641,""user_stage"":300}"
"stage_reached_300 (App)","W:22_0A:19_0","30","{""attendance_count"":30,""install_day"":""2025-07-20"",""total_payment_amount"":7700,""user_name"":""우쿠아쿠"",""user_rank"":1722,""user_stage"":300}"
"stage_reached_300 (App)","W:22_0A:19_0","24","{""attendance_count"":24,""install_day"":""2025-07-27"",""total_payment_amount"":62700,""user_name"":""nambupas"",""user_rank"":1662,""user_stage"":300}"
"stage_reached_300 (App)","W:21_0A:21_0","17","{""attendance_count"":17,""install_day"":""2025-08-03"",""total_payment_amount"":55000,""user_name"":""비갠뒤소나기"",""user_rank"":1684,""user_stage"":300}"
"stage_reached_300 (App)","W:22_0A:22_0","25","{""attendance_count"":25,""install_day"":""2025-07-26"",""total_payment_amount"":7700,""user_name"":""막장초딩"",""user_rank"":1646,""user_stage"":300}"
"stage_reached_300 (App)","W:22_0A:19_0","31","{""attendance_count"":31,""install_day"":""2025-07-20"",""total_payment_amount"":0,""user_name"":""바쿠"",""user_rank"":1659,""user_stage"":300}"
"stage_reached_300 (App)","W:22_0A:21_0","21","{""attendance_count"":21,""install_day"":""2025-07-28"",""total_payment_amount"":7700,""user_name"":""살인견"",""user_rank"":1760,""user_stage"":300}"
"stage_reached_300 (App)","W:20_0A:20_0","24","{""attendance_count"":24,""install_day"":""2025-07-17"",""total_payment_amount"":18700,""user_name"":""미노브"",""user_rank"":1733,""user_stage"":300}"
"stage_reached_300 (App)","W:22_0A:22_0","32","{""attendance_count"":32,""install_day"":""2025-07-18"",""total_payment_amount"":7700,""user_name"":""원필"",""user_rank"":1632,""user_stage"":300}"
"stage_reached_300 (App)","W:21_0A:19_0","16","{""attendance_count"":16,""install_day"":""2025-08-03"",""total_payment_amount"":7700,""user_name"":""냅다시작해봄"",""user_rank"":1678,""user_stage"":300}"
"stage_reached_300 (App)","W:20_0A:19_0","17","{""attendance_count"":17,""install_day"":""2025-08-03"",""total_payment_amount"":77000,""user_name"":""까에"",""user_rank"":1628,""user_stage"":300}"
"stage_reached_300 (App)","W:22_0A:22_0","24","{""attendance_count"":24,""install_day"":""2025-07-27"",""total_payment_amount"":7700,""user_name"":""회기동"",""user_rank"":1623,""user_stage"":300}"
"stage_reached_300 (App)","W:23_0A:20_0","18","{""attendance_count"":18,""install_day"":""2025-07-30"",""total_payment_amount"":7700,""user_name"":""추쌍"",""user_rank"":1639,""user_stage"":300}"
"stage_reached_300 (App)","W:22_0A:19_0","29","{""attendance_count"":29,""install_day"":""2025-07-21"",""total_payment_amount"":7700,""user_name"":""이또니"",""user_rank"":1710,""user_stage"":300}"
"stage_reached_300 (App)","W:20_0A:19_0","29","{""attendance_count"":29,""install_day"":""2025-07-22"",""total_payment_amount"":7700,""user_name"":""먼밍"",""user_rank"":1649,""user_stage"":300}"
"stage_reached_300 (App)","W:20_0A:19_0","31","{""attendance_count"":31,""install_day"":""2025-07-16"",""total_payment_amount"":11000,""user_name"":""엽기곰"",""user_rank"":1649,""user_stage"":300}"
"stage_reached_300 (App)","W:22_0A:19_0","19","{""attendance_count"":19,""install_day"":""2025-07-31"",""total_payment_amount"":40700,""user_name"":""일지로문득이"",""user_rank"":1705,""user_stage"":300}"
"stage_reached_300 (App)","W:22_0A:19_0","25","{""attendance_count"":25,""install_day"":""2025-07-26"",""total_payment_amount"":7700,""user_name"":""무알"",""user_rank"":1647,""user_stage"":300}"
"stage_reached_300 (App)","W:20_0A:19_0","18","{""attendance_count"":18,""install_day"":""2025-08-02"",""total_payment_amount"":7700,""user_name"":""ni따위가"",""user_rank"":1616,""user_stage"":300}"
"stage_reached_300 (App)","W:22_0A:22_0","31","{""attendance_count"":31,""install_day"":""2025-07-19"",""total_payment_amount"":7700,""user_name"":""개구리복덕방"",""user_rank"":1631,""user_stage"":300}"
"stage_reached_300 (App)","W:22_0A:19_0","21","{""attendance_count"":21,""install_day"":""2025-07-27"",""total_payment_amount"":7700,""user_name"":""홍딴"",""user_rank"":1627,""user_stage"":300}"
"stage_reached_300 (App)","W:20_0A:19_0","11","{""attendance_count"":11,""install_day"":""2025-08-08"",""total_payment_amount"":128700,""user_name"":""데카"",""user_rank"":1642,""user_stage"":300}"
"stage_reached_300 (App)","W:20_0A:19_0","30","{""attendance_count"":30,""install_day"":""2025-07-21"",""total_payment_amount"":7700,""user_name"":""새벽한시"",""user_rank"":1623,""user_stage"":300}"
"stage_reached_300 (App)","W:20_0A:19_0","20","{""attendance_count"":20,""install_day"":""2025-07-31"",""total_payment_amount"":7700,""user_name"":""졀멩"",""user_rank"":1606,""user_stage"":300}"
"stage_reached_300 (App)","W:22_0A:19_0","26","{""attendance_count"":26,""install_day"":""2025-07-25"",""total_payment_amount"":8800,""user_name"":""두유코"",""user_rank"":1613,""user_stage"":300}"
"stage_reached_300 (App)","W:22_0A:19_0","24","{""attendance_count"":24,""install_day"":""2025-07-27"",""total_payment_amount"":40700,""user_name"":""은우은성"",""user_rank"":1604,""user_stage"":300}"
"stage_reached_300 (App)","W:22_0A:19_0","21","{""attendance_count"":21,""install_day"":""2025-07-30"",""total_payment_amount"":7700,""user_name"":""제후"",""user_rank"":1738,""user_stage"":300}"
"stage_reached_300 (App)","W:21_0A:19_0","23","{""attendance_count"":23,""install_day"":""2025-07-28"",""total_payment_amount"":7700,""user_name"":""빛돌버디"",""user_rank"":1606,""user_stage"":300}"
"stage_reached_300 (App)","W:21_0A:19_0","17","{""attendance_count"":17,""install_day"":""2025-08-03"",""total_payment_amount"":52800,""user_name"":""꽃방블루스"",""user_rank"":1621,""user_stage"":300}"
"stage_reached_300 (App)","W:21_0A:19_0","23","{""attendance_count"":23,""install_day"":""2025-07-26"",""total_payment_amount"":40700,""user_name"":""흑날"",""user_rank"":1657,""user_stage"":300}"
"stage_reached_300 (App)","W:23_0A:22_0","12","{""attendance_count"":12,""install_day"":""2025-08-08"",""total_payment_amount"":102300,""user_name"":""유부장"",""user_rank"":1618,""user_stage"":300}"
"stage_reached_300 (App)","W:23_0A:20_0","24","{""attendance_count"":24,""install_day"":""2025-07-26"",""total_payment_amount"":7700,""user_name"":""Jiny"",""user_rank"":1599,""user_stage"":300}"
"stage_reached_300 (App)","W:22_0A:19_0","23","{""attendance_count"":23,""install_day"":""2025-07-22"",""total_payment_amount"":33000,""user_name"":""호유세"",""user_rank"":1614,""user_stage"":300}"
"stage_reached_300 (App)","W:23_0A:20_0","23","{""attendance_count"":23,""install_day"":""2025-07-26"",""total_payment_amount"":7700,""user_name"":""코봉이"",""user_rank"":1605,""user_stage"":300}"
"stage_reached_300 (App)","W:22_0A:20_0","25","{""attendance_count"":25,""install_day"":""2025-07-26"",""total_payment_amount"":7700,""user_name"":""여신김철"",""user_rank"":1630,""user_stage"":300}"
"stage_reached_300 (App)","W:23_0A:20_0","28","{""attendance_count"":28,""install_day"":""2025-07-21"",""total_payment_amount"":14300,""user_name"":""코코미"",""user_rank"":1703,""user_stage"":300}"
"stage_reached_300 (App)","W:22_0A:19_0","21","{""attendance_count"":21,""install_day"":""2025-07-30"",""total_payment_amount"":7700,""user_name"":""우맨"",""user_rank"":1607,""user_stage"":300}"
"stage_reached_300 (App)","W:22_0A:20_0","32","{""attendance_count"":32,""install_day"":""2025-07-18"",""total_payment_amount"":7700,""user_name"":""Shami"",""user_rank"":1614,""user_stage"":300}"
"stage_reached_300 (App)","W:21_0A:19_0","15","{""attendance_count"":15,""install_day"":""2025-08-05"",""total_payment_amount"":44000,""user_name"":""노르보"",""user_rank"":1761,""user_stage"":300}"
"stage_reached_300 (App)","W:23_0A:20_0","18","{""attendance_count"":18,""install_day"":""2025-08-02"",""total_payment_amount"":40700,""user_name"":""칼리아나아쳐"",""user_rank"":1626,""user_stage"":300}"
"stage_reached_300 (App)","W:23_0A:22_0","32","{""attendance_count"":32,""install_day"":""2025-07-19"",""total_payment_amount"":7700,""user_name"":""오오오냐"",""user_rank"":1598,""user_stage"":300}"
"stage_reached_300 (App)","W:20_0A:19_0","26","{""attendance_count"":26,""install_day"":""2025-07-25"",""total_payment_amount"":7700,""user_name"":""순대렐라"",""user_rank"":1662,""user_stage"":300}"
"stage_reached_300 (App)","W:22_0A:19_0","22","{""attendance_count"":22,""install_day"":""2025-07-28"",""total_payment_amount"":7700,""user_name"":""hgsbch"",""user_rank"":1625,""user_stage"":300}"
"stage_reached_300 (App)","W:22_0A:20_0","27","{""attendance_count"":27,""install_day"":""2025-07-24"",""total_payment_amount"":7700,""user_name"":""귀가"",""user_rank"":1593,""user_stage"":300}"
"stage_reached_300 (App)","W:22_0A:19_0","19","{""attendance_count"":19,""install_day"":""2025-07-31"",""total_payment_amount"":7700,""user_name"":""총이님"",""user_rank"":1590,""user_stage"":300}"
"stage_reached_300 (App)","W:20_0A:19_0","26","{""attendance_count"":26,""install_day"":""2025-07-24"",""total_payment_amount"":7700,""user_name"":""알카라스"",""user_rank"":1608,""user_stage"":300}"
"stage_reached_300 (App)","W:20_0A:19_0","23","{""attendance_count"":23,""install_day"":""2025-07-28"",""total_payment_amount"":7700,""user_name"":""몽콩장군"",""user_rank"":1590,""user_stage"":300}"
"stage_reached_300 (App)","W:22_0A:20_0","25","{""attendance_count"":25,""install_day"":""2025-07-26"",""total_payment_amount"":7700,""user_name"":""소마척준경"",""user_rank"":1590,""user_stage"":300}"
"stage_reached_300 (App)","W:20_0A:19_0","21","{""attendance_count"":21,""install_day"":""2025-07-30"",""total_payment_amount"":13200,""user_name"":""구데기"",""user_rank"":1590,""user_stage"":300}"
"stage_reached_300 (App)","W:22_0A:19_0","28","{""attendance_count"":28,""install_day"":""2025-07-23"",""total_payment_amount"":7700,""user_name"":""던져"",""user_rank"":1596,""user_stage"":300}"
"stage_reached_300 (App)","W:22_0A:21_0","24","{""attendance_count"":24,""install_day"":""2025-07-27"",""total_payment_amount"":7700,""user_name"":""노근성"",""user_rank"":1624,""user_stage"":300}"
"stage_reached_300 (App)","W:22_0A:19_0","26","{""attendance_count"":26,""install_day"":""2025-07-25"",""total_payment_amount"":7700,""user_name"":""단기통"",""user_rank"":1596,""user_stage"":300}"
"stage_reached_300 (App)","W:22_0A:20_0","25","{""attendance_count"":25,""install_day"":""2025-07-25"",""total_payment_amount"":7700,""user_name"":""possible"",""user_rank"":1595,""user_stage"":300}"
"stage_reached_300 (App)","W:20_0A:21_0","32","{""attendance_count"":32,""install_day"":""2025-07-19"",""total_payment_amount"":7700,""user_name"":""아스라히"",""user_rank"":1620,""user_stage"":300}"
"stage_reached_300 (App)","W:22_0A:20_0","18","{""attendance_count"":18,""install_day"":""2025-08-02"",""total_payment_amount"":49500,""user_name"":""간웅"",""user_rank"":1600,""user_stage"":300}"
"stage_reached_300 (App)","W:22_0A:20_0","28","{""attendance_count"":28,""install_day"":""2025-07-23"",""total_payment_amount"":7700,""user_name"":""율촌"",""user_rank"":1615,""user_stage"":300}"
"stage_reached_300 (App)","W:20_0A:19_0","19","{""attendance_count"":19,""install_day"":""2025-07-31"",""total_payment_amount"":7700,""user_name"":""용안"",""user_rank"":1669,""user_stage"":300}"
"stage_reached_300 (App)","W:22_0A:22_0","28","{""attendance_count"":28,""install_day"":""2025-07-23"",""total_payment_amount"":0,""user_name"":""hoone"",""user_rank"":1594,""user_stage"":300}"
"stage_reached_300 (App)","W:22_0A:19_0","18","{""attendance_count"":18,""install_day"":""2025-08-01"",""total_payment_amount"":7700,""user_name"":""윤서아빠"",""user_rank"":1681,""user_stage"":300}"
"stage_reached_300 (App)","W:20_0A:20_0","33","{""attendance_count"":33,""install_day"":""2025-07-18"",""total_payment_amount"":14300,""user_name"":""Karl"",""user_rank"":1610,""user_stage"":300}"
"stage_reached_300 (App)","W:22_0A:19_0","32","{""attendance_count"":32,""install_day"":""2025-07-17"",""total_payment_amount"":7700,""user_name"":""단비유품정리"",""user_rank"":1593,""user_stage"":300}"
"stage_reached_300 (App)","W:22_0A:19_0","21","{""attendance_count"":21,""install_day"":""2025-07-30"",""total_payment_amount"":7700,""user_name"":""쥼쥼이"",""user_rank"":1609,""user_stage"":300}"
"stage_reached_300 (App)","W:22_0A:19_0","24","{""attendance_count"":24,""install_day"":""2025-07-26"",""total_payment_amount"":7700,""user_name"":""시티유"",""user_rank"":1586,""user_stage"":300}"
"stage_reached_300 (App)","W:20_0A:19_0","16","{""attendance_count"":16,""install_day"":""2025-08-02"",""total_payment_amount"":7700,""user_name"":""초니"",""user_rank"":1642,""user_stage"":300}"
"stage_reached_300 (App)","W:22_0A:19_0","20","{""attendance_count"":20,""install_day"":""2025-07-30"",""total_payment_amount"":7700,""user_name"":""투리보스"",""user_rank"":1662,""user_stage"":300}"
"stage_reached_300 (App)","W:22_0A:22_0","35","{""attendance_count"":35,""install_day"":""2025-07-15"",""total_payment_amount"":7700,""user_name"":""츄피"",""user_rank"":1874,""user_stage"":300}"
"stage_reached_300 (App)","W:22_0A:19_0","18","{""attendance_count"":18,""install_day"":""2025-07-31"",""total_payment_amount"":7700,""user_name"":""페파포"",""user_rank"":1608,""user_stage"":300}"
"stage_reached_300 (App)","W:22_0A:20_0","21","{""attendance_count"":21,""install_day"":""2025-07-16"",""total_payment_amount"":29700,""user_name"":""젠비"",""user_rank"":1681,""user_stage"":300}"
"stage_reached_300 (App)","W:22_0A:19_0","29","{""attendance_count"":29,""install_day"":""2025-07-21"",""total_payment_amount"":7700,""user_name"":""그냥함"",""user_rank"":1679,""user_stage"":300}"
"stage_reached_300 (App)","W:22_0A:19_0","21","{""attendance_count"":21,""install_day"":""2025-07-26"",""total_payment_amount"":14300,""user_name"":""막나가는범이"",""user_rank"":1592,""user_stage"":300}"
"stage_reached_300 (App)","W:21_0A:20_0","28","{""attendance_count"":28,""install_day"":""2025-07-19"",""total_payment_amount"":33000,""user_name"":""낭군"",""user_rank"":1621,""user_stage"":300}"
"stage_reached_300 (App)","W:20_0A:19_0","26","{""attendance_count"":26,""install_day"":""2025-07-24"",""total_payment_amount"":7700,""user_name"":""아리라키"",""user_rank"":1619,""user_stage"":300}"
"stage_reached_300 (App)","W:22_0A:22_0","32","{""attendance_count"":32,""install_day"":""2025-07-18"",""total_payment_amount"":7700,""user_name"":""올라"",""user_rank"":1836,""user_stage"":300}"
"stage_reached_300 (App)","W:22_0A:19_0","28","{""attendance_count"":28,""install_day"":""2025-07-20"",""total_payment_amount"":7700,""user_name"":""고려5도양계"",""user_rank"":1892,""user_stage"":300}"
"stage_reached_300 (App)","W:23_0A:21_0","17","{""attendance_count"":17,""install_day"":""2025-08-02"",""total_payment_amount"":19800,""user_name"":""배쓰로브"",""user_rank"":1669,""user_stage"":300}"
"stage_reached_300 (App)","W:22_0A:19_0","34","{""attendance_count"":34,""install_day"":""2025-07-16"",""total_payment_amount"":0,""user_name"":""히야앗"",""user_rank"":1596,""user_stage"":300}"
"stage_reached_300 (App)","W:20_0A:19_0","28","{""attendance_count"":28,""install_day"":""2025-07-20"",""total_payment_amount"":7700,""user_name"":""영케이"",""user_rank"":1580,""user_stage"":300}"
"stage_reached_300 (App)","W:22_0A:20_0","26","{""attendance_count"":26,""install_day"":""2025-07-24"",""total_payment_amount"":7700,""user_name"":""천지개벽"",""user_rank"":1548,""user_stage"":300}"
"stage_reached_300 (App)","W:22_0A:19_0","33","{""attendance_count"":33,""install_day"":""2025-07-17"",""total_payment_amount"":7700,""user_name"":""백구뽀뚜"",""user_rank"":1627,""user_stage"":300}"
"stage_reached_300 (App)","W:21_0A:19_0","5","{""attendance_count"":5,""install_day"":""2025-08-14"",""total_payment_amount"":304700,""user_name"":""응짱"",""user_rank"":1710,""user_stage"":300}"
"stage_reached_300 (App)","W:22_0A:19_0","22","{""attendance_count"":22,""install_day"":""2025-07-20"",""total_payment_amount"":7700,""user_name"":""빵댕이아빠"",""user_rank"":1710,""user_stage"":300}"
"stage_reached_300 (App)","W:22_0A:20_0","19","{""attendance_count"":19,""install_day"":""2025-07-31"",""total_payment_amount"":7700,""user_name"":""초딩진사"",""user_rank"":1572,""user_stage"":300}"
"stage_reached_300 (App)","W:23_0A:19_0","6","{""attendance_count"":6,""install_day"":""2025-08-13"",""total_payment_amount"":227700,""user_name"":""호호걸"",""user_rank"":1870,""user_stage"":300}"
"stage_reached_300 (App)","W:22_0A:19_0","23","{""attendance_count"":23,""install_day"":""2025-07-27"",""total_payment_amount"":7700,""user_name"":""비기비"",""user_rank"":1653,""user_stage"":300}"
"stage_reached_300 (App)","W:23_0A:20_0","26","{""attendance_count"":26,""install_day"":""2025-07-24"",""total_payment_amount"":7700,""user_name"":""내눈앞에낙타냐"",""user_rank"":1558,""user_stage"":300}"
"stage_reached_300 (App)","W:23_0A:22_0","15","{""attendance_count"":15,""install_day"":""2025-08-03"",""total_payment_amount"":564300,""user_name"":""끼랄"",""user_rank"":1570,""user_stage"":300}"
"stage_reached_300 (App)","W:22_0A:19_0","34","{""attendance_count"":34,""install_day"":""2025-07-16"",""total_payment_amount"":7700,""user_name"":""둘리당"",""user_rank"":1559,""user_stage"":300}"
"stage_reached_300 (App)","W:23_0A:21_0","15","{""attendance_count"":15,""install_day"":""2025-08-04"",""total_payment_amount"":40700,""user_name"":""점모"",""user_rank"":1551,""user_stage"":300}"
"stage_reached_300 (App)","W:20_0A:19_0","19","{""attendance_count"":19,""install_day"":""2025-07-30"",""total_payment_amount"":7700,""user_name"":""고창이"",""user_rank"":1559,""user_stage"":300}"
"stage_reached_300 (App)","W:22_0A:19_0","21","{""attendance_count"":21,""install_day"":""2025-07-29"",""total_payment_amount"":14300,""user_name"":""공명"",""user_rank"":1548,""user_stage"":300}"
"stage_reached_300 (App)","W:21_0A:19_0","24","{""attendance_count"":24,""install_day"":""2025-07-25"",""total_payment_amount"":52800,""user_name"":""Tien"",""user_rank"":1612,""user_stage"":300}"
"stage_reached_300 (App)","W:21_0A:19_0","20","{""attendance_count"":20,""install_day"":""2025-07-30"",""total_payment_amount"":7700,""user_name"":""어느날우연히"",""user_rank"":1592,""user_stage"":300}"
"stage_reached_300 (App)","W:23_0A:22_0","28","{""attendance_count"":28,""install_day"":""2025-07-22"",""total_payment_amount"":0,""user_name"":""유일무이"",""user_rank"":1565,""user_stage"":300}"
"stage_reached_300 (App)","W:21_0A:19_0","18","{""attendance_count"":18,""install_day"":""2025-07-31"",""total_payment_amount"":40700,""user_name"":""musetiro"",""user_rank"":1725,""user_stage"":300}"
"stage_reached_300 (App)","W:23_0A:19_0","16","{""attendance_count"":16,""install_day"":""2025-08-03"",""total_payment_amount"":150700,""user_name"":""Salah"",""user_rank"":1646,""user_stage"":300}"
"stage_reached_300 (App)","W:22_0A:19_0","22","{""attendance_count"":22,""install_day"":""2025-07-28"",""total_payment_amount"":7700,""user_name"":""교타"",""user_rank"":1554,""user_stage"":300}"
"stage_reached_300 (App)","W:22_0A:22_0","29","{""attendance_count"":29,""install_day"":""2025-07-18"",""total_payment_amount"":7700,""user_name"":""히야신스"",""user_rank"":1572,""user_stage"":300}"
"stage_reached_300 (App)","W:20_0A:19_0","19","{""attendance_count"":19,""install_day"":""2025-07-30"",""total_payment_amount"":7700,""user_name"":""굿난세"",""user_rank"":1553,""user_stage"":300}"
"stage_reached_300 (App)","W:23_0A:21_0","10","{""attendance_count"":10,""install_day"":""2025-08-08"",""total_payment_amount"":262900,""user_name"":""카후"",""user_rank"":1572,""user_stage"":300}"
"stage_reached_300 (App)","W:20_0A:21_0","32","{""attendance_count"":32,""install_day"":""2025-07-18"",""total_payment_amount"":7700,""user_name"":""윤율"",""user_rank"":1544,""user_stage"":300}"
"stage_reached_300 (App)","W:20_0A:19_0","16","{""attendance_count"":16,""install_day"":""2025-08-03"",""total_payment_amount"":95700,""user_name"":""꼬금또구토토아빠"",""user_rank"":1540,""user_stage"":300}"
"stage_reached_300 (App)","W:22_0A:19_0","21","{""attendance_count"":21,""install_day"":""2025-07-27"",""total_payment_amount"":73700,""user_name"":""꼬꼬무"",""user_rank"":1534,""user_stage"":300}"
"stage_reached_300 (App)","W:22_0A:20_0","19","{""attendance_count"":19,""install_day"":""2025-07-31"",""total_payment_amount"":62700,""user_name"":""북조선고사포"",""user_rank"":1596,""user_stage"":300}"
"stage_reached_300 (App)","W:22_0A:19_0","25","{""attendance_count"":25,""install_day"":""2025-07-22"",""total_payment_amount"":14300,""user_name"":""동이랑"",""user_rank"":1566,""user_stage"":300}"
"stage_reached_300 (App)","W:22_0A:19_0","26","{""attendance_count"":26,""install_day"":""2025-07-18"",""total_payment_amount"":7700,""user_name"":""느시"",""user_rank"":1613,""user_stage"":300}"
"stage_reached_300 (App)","W:23_0A:22_0","31","{""attendance_count"":31,""install_day"":""2025-07-19"",""total_payment_amount"":7700,""user_name"":""별할온"",""user_rank"":1562,""user_stage"":300}"
"stage_reached_300 (App)","W:20_0A:20_0","18","{""attendance_count"":18,""install_day"":""2025-08-01"",""total_payment_amount"":27500,""user_name"":""모사불라"",""user_rank"":1530,""user_stage"":300}"
"stage_reached_300 (App)","W:22_0A:20_0","30","{""attendance_count"":30,""install_day"":""2025-07-20"",""total_payment_amount"":0,""user_name"":""6005"",""user_rank"":1530,""user_stage"":300}"
"stage_reached_300 (App)","W:22_0A:20_0","28","{""attendance_count"":28,""install_day"":""2025-07-21"",""total_payment_amount"":7700,""user_name"":""나유"",""user_rank"":1645,""user_stage"":300}"
"stage_reached_300 (App)","W:20_0A:19_0","18","{""attendance_count"":18,""install_day"":""2025-07-31"",""total_payment_amount"":62700,""user_name"":""단태비"",""user_rank"":1548,""user_stage"":300}"
"stage_reached_300 (App)","W:22_0A:22_0","26","{""attendance_count"":26,""install_day"":""2025-07-24"",""total_payment_amount"":22000,""user_name"":""천상빛"",""user_rank"":1571,""user_stage"":300}"
"stage_reached_300 (App)","W:22_0A:19_0","21","{""attendance_count"":21,""install_day"":""2025-07-29"",""total_payment_amount"":7700,""user_name"":""김기현"",""user_rank"":1641,""user_stage"":300}"
"stage_reached_300 (App)","W:22_0A:19_0","22","{""attendance_count"":22,""install_day"":""2025-07-27"",""total_payment_amount"":7700,""user_name"":""이만두"",""user_rank"":1565,""user_stage"":300}"
"stage_reached_300 (App)","W:23_0A:20_0","31","{""attendance_count"":31,""install_day"":""2025-07-19"",""total_payment_amount"":7700,""user_name"":""쵸이"",""user_rank"":1565,""user_stage"":300}"
"stage_reached_300 (App)","W:22_0A:19_0","18","{""attendance_count"":18,""install_day"":""2025-08-01"",""total_payment_amount"":7700,""user_name"":""아라아빠"",""user_rank"":1784,""user_stage"":300}"
"stage_reached_300 (App)","W:20_0A:19_0","19","{""attendance_count"":19,""install_day"":""2025-07-31"",""total_payment_amount"":7700,""user_name"":""쪽파"",""user_rank"":1528,""user_stage"":300}"
"stage_reached_300 (App)","W:22_0A:19_0","20","{""attendance_count"":20,""install_day"":""2025-07-30"",""total_payment_amount"":7700,""user_name"":""써티프로"",""user_rank"":1528,""user_stage"":300}"
"stage_reached_300 (App)","W:22_0A:19_0","28","{""attendance_count"":28,""install_day"":""2025-07-22"",""total_payment_amount"":7700,""user_name"":""한방이아부지"",""user_rank"":1520,""user_stage"":300}"
"stage_reached_300 (App)","W:22_0A:21_0","26","{""attendance_count"":26,""install_day"":""2025-07-20"",""total_payment_amount"":15400,""user_name"":""이소룡"",""user_rank"":1632,""user_stage"":300}"
"stage_reached_300 (App)","W:23_0A:23_0","24","{""attendance_count"":24,""install_day"":""2025-07-26"",""total_payment_amount"":7700,""user_name"":""YangC"",""user_rank"":1519,""user_stage"":300}"
"stage_reached_300 (App)","W:20_0A:19_0","15","{""attendance_count"":15,""install_day"":""2025-08-04"",""total_payment_amount"":100100,""user_name"":""르무르"",""user_rank"":1527,""user_stage"":300}"
"stage_reached_300 (App)","W:22_0A:19_0","21","{""attendance_count"":21,""install_day"":""2025-07-29"",""total_payment_amount"":7700,""user_name"":""윤서"",""user_rank"":1544,""user_stage"":300}"
"stage_reached_300 (App)","W:22_0A:19_0","19","{""attendance_count"":19,""install_day"":""2025-07-30"",""total_payment_amount"":7700,""user_name"":""먼우"",""user_rank"":1629,""user_stage"":300}"
"stage_reached_300 (App)","W:22_0A:19_0","18","{""attendance_count"":18,""install_day"":""2025-07-29"",""total_payment_amount"":46200,""user_name"":""디디에드록바"",""user_rank"":1515,""user_stage"":300}"
"stage_reached_300 (App)","W:22_0A:19_0","28","{""attendance_count"":28,""install_day"":""2025-07-22"",""total_payment_amount"":7700,""user_name"":""탕탕이"",""user_rank"":1521,""user_stage"":300}"
"stage_reached_300 (App)","W:22_0A:22_0","30","{""attendance_count"":30,""install_day"":""2025-07-19"",""total_payment_amount"":7700,""user_name"":""iiliiiil"",""user_rank"":1529,""user_stage"":300}"
"stage_reached_300 (App)","W:20_0A:19_0","19","{""attendance_count"":19,""install_day"":""2025-07-30"",""total_payment_amount"":7700,""user_name"":""무쿤"",""user_rank"":1558,""user_stage"":300}"
"stage_reached_300 (App)","W:20_0A:19_0","16","{""attendance_count"":16,""install_day"":""2025-08-02"",""total_payment_amount"":33000,""user_name"":""오아니"",""user_rank"":1519,""user_stage"":300}"
"stage_reached_300 (App)","W:22_0A:20_0","33","{""attendance_count"":33,""install_day"":""2025-07-16"",""total_payment_amount"":7700,""user_name"":""물리면아파요"",""user_rank"":1555,""user_stage"":300}"
"stage_reached_300 (App)","W:20_0A:20_0","22","{""attendance_count"":22,""install_day"":""2025-07-27"",""total_payment_amount"":7700,""user_name"":""우빵빵"",""user_rank"":1525,""user_stage"":300}"
"stage_reached_300 (App)","W:22_0A:19_0","20","{""attendance_count"":20,""install_day"":""2025-07-29"",""total_payment_amount"":7700,""user_name"":""블랙윈저"",""user_rank"":1695,""user_stage"":300}"
"stage_reached_300 (App)","W:21_0A:21_0","21","{""attendance_count"":21,""install_day"":""2025-07-21"",""total_payment_amount"":22000,""user_name"":""산연"",""user_rank"":1523,""user_stage"":300}"
"stage_reached_300 (App)","W:20_0A:19_0","22","{""attendance_count"":22,""install_day"":""2025-07-27"",""total_payment_amount"":14300,""user_name"":""준떵어리"",""user_rank"":1522,""user_stage"":300}"
"stage_reached_300 (App)","W:20_0A:19_0","17","{""attendance_count"":17,""install_day"":""2025-08-02"",""total_payment_amount"":77000,""user_name"":""잽삐"",""user_rank"":1731,""user_stage"":300}"
"stage_reached_300 (App)","W:22_0A:19_0","22","{""attendance_count"":22,""install_day"":""2025-07-27"",""total_payment_amount"":7700,""user_name"":""푸니라"",""user_rank"":1549,""user_stage"":300}"
"stage_reached_300 (App)","W:22_0A:20_0","22","{""attendance_count"":22,""install_day"":""2025-07-28"",""total_payment_amount"":7700,""user_name"":""아냐띠"",""user_rank"":1547,""user_stage"":300}"
"stage_reached_300 (App)","W:22_0A:22_0","25","{""attendance_count"":25,""install_day"":""2025-07-20"",""total_payment_amount"":7700,""user_name"":""닉네임99999"",""user_rank"":1664,""user_stage"":300}"
"stage_reached_300 (App)","W:22_0A:19_0","21","{""attendance_count"":21,""install_day"":""2025-07-24"",""total_payment_amount"":8800,""user_name"":""nihilism"",""user_rank"":1510,""user_stage"":300}"
"stage_reached_300 (App)","W:22_0A:19_0","22","{""attendance_count"":22,""install_day"":""2025-07-27"",""total_payment_amount"":11000,""user_name"":""JoonM"",""user_rank"":2005,""user_stage"":300}"
"stage_reached_300 (App)","W:21_0A:20_0","15","{""attendance_count"":15,""install_day"":""2025-08-02"",""total_payment_amount"":88000,""user_name"":""규리링"",""user_rank"":1596,""user_stage"":300}"
"stage_reached_300 (App)","W:23_0A:19_0","7","{""attendance_count"":7,""install_day"":""2025-08-12"",""total_payment_amount"":103400,""user_name"":""고슬"",""user_rank"":1616,""user_stage"":300}"
"stage_reached_300 (App)","W:22_0A:19_0","15","{""attendance_count"":15,""install_day"":""2025-08-03"",""total_payment_amount"":7700,""user_name"":""느앗"",""user_rank"":1595,""user_stage"":300}"
"stage_reached_300 (App)","W:22_0A:19_0","20","{""attendance_count"":20,""install_day"":""2025-07-29"",""total_payment_amount"":7700,""user_name"":""허생"",""user_rank"":1518,""user_stage"":300}"
"stage_reached_300 (App)","W:20_0A:19_0","21","{""attendance_count"":21,""install_day"":""2025-07-27"",""total_payment_amount"":7700,""user_name"":""주만두"",""user_rank"":1490,""user_stage"":300}"
"stage_reached_300 (App)","W:22_0A:19_0","30","{""attendance_count"":30,""install_day"":""2025-07-20"",""total_payment_amount"":0,""user_name"":""테이코"",""user_rank"":1517,""user_stage"":300}"
"stage_reached_300 (App)","W:22_0A:22_0","23","{""attendance_count"":23,""install_day"":""2025-07-27"",""total_payment_amount"":7700,""user_name"":""땅모"",""user_rank"":1473,""user_stage"":300}"
"stage_reached_300 (App)","W:20_0A:19_0","25","{""attendance_count"":25,""install_day"":""2025-07-24"",""total_payment_amount"":7700,""user_name"":""탐험가"",""user_rank"":1501,""user_stage"":300}"
"stage_reached_300 (App)","W:22_0A:20_0","20","{""attendance_count"":20,""install_day"":""2025-07-30"",""total_payment_amount"":64900,""user_name"":""얼죽뱅"",""user_rank"":1553,""user_stage"":300}"
"stage_reached_300 (App)","W:23_0A:19_0","19","{""attendance_count"":19,""install_day"":""2025-07-31"",""total_payment_amount"":7700,""user_name"":""한시대풍미"",""user_rank"":1516,""user_stage"":300}"
"stage_reached_300 (App)","W:21_0A:20_0","19","{""attendance_count"":19,""install_day"":""2025-07-31"",""total_payment_amount"":135300,""user_name"":""오쭌쭌이"",""user_rank"":1483,""user_stage"":300}"
"stage_reached_300 (App)","W:20_0A:19_0","17","{""attendance_count"":17,""install_day"":""2025-08-02"",""total_payment_amount"":7700,""user_name"":""행인이오"",""user_rank"":1501,""user_stage"":300}"
"stage_reached_300 (App)","W:20_0A:21_0","22","{""attendance_count"":22,""install_day"":""2025-07-28"",""total_payment_amount"":7700,""user_name"":""llIIl"",""user_rank"":1497,""user_stage"":300}"
"stage_reached_300 (App)","W:20_0A:19_0","19","{""attendance_count"":19,""install_day"":""2025-07-31"",""total_payment_amount"":7700,""user_name"":""태바리"",""user_rank"":1590,""user_stage"":300}"
"stage_reached_300 (App)","W:22_0A:19_0","20","{""attendance_count"":20,""install_day"":""2025-07-30"",""total_payment_amount"":7700,""user_name"":""옆집빡구"",""user_rank"":1593,""user_stage"":300}"
"stage_reached_300 (App)","W:20_0A:19_0","18","{""attendance_count"":18,""install_day"":""2025-08-01"",""total_payment_amount"":7700,""user_name"":""후니혀니"",""user_rank"":1498,""user_stage"":300}"
"stage_reached_300 (App)","W:22_0A:19_0","22","{""attendance_count"":22,""install_day"":""2025-07-28"",""total_payment_amount"":40700,""user_name"":""실땅님"",""user_rank"":1650,""user_stage"":300}"
"stage_reached_300 (App)","W:20_0A:19_0","22","{""attendance_count"":22,""install_day"":""2025-07-27"",""total_payment_amount"":7700,""user_name"":""시꾼"",""user_rank"":1481,""user_stage"":300}"
"stage_reached_300 (App)","W:22_0A:19_0","24","{""attendance_count"":24,""install_day"":""2025-07-25"",""total_payment_amount"":0,""user_name"":""조퇴중입니다"",""user_rank"":1951,""user_stage"":300}"
"stage_reached_300 (App)","W:22_0A:20_0","4","{""attendance_count"":4,""install_day"":""2025-08-14"",""total_payment_amount"":645700,""user_name"":""지서니"",""user_rank"":1611,""user_stage"":300}"
"stage_reached_300 (App)","W:22_0A:19_0","28","{""attendance_count"":28,""install_day"":""2025-07-18"",""total_payment_amount"":7700,""user_name"":""소여니사랑해"",""user_rank"":1527,""user_stage"":300}"
"stage_reached_300 (App)","W:22_0A:19_0","25","{""attendance_count"":25,""install_day"":""2025-07-22"",""total_payment_amount"":7700,""user_name"":""진접대장"",""user_rank"":1501,""user_stage"":300}"
"stage_reached_300 (App)","W:22_0A:19_0","20","{""attendance_count"":20,""install_day"":""2025-07-29"",""total_payment_amount"":7700,""user_name"":""가람뿡"",""user_rank"":1528,""user_stage"":300}"
"stage_reached_300 (App)","W:22_0A:21_0","28","{""attendance_count"":28,""install_day"":""2025-07-20"",""total_payment_amount"":40700,""user_name"":""이건먼디"",""user_rank"":1473,""user_stage"":300}"
"stage_reached_300 (App)","W:20_0A:19_0","21","{""attendance_count"":21,""install_day"":""2025-07-26"",""total_payment_amount"":7700,""user_name"":""에삐핑"",""user_rank"":1557,""user_stage"":300}"
"stage_reached_300 (App)","W:20_0A:20_0","16","{""attendance_count"":16,""install_day"":""2025-08-01"",""total_payment_amount"":60500,""user_name"":""나노머신"",""user_rank"":1473,""user_stage"":300}"
"stage_reached_300 (App)","W:21_0A:19_0","18","{""attendance_count"":18,""install_day"":""2025-07-26"",""total_payment_amount"":27500,""user_name"":""톰머"",""user_rank"":1487,""user_stage"":300}"
"stage_reached_300 (App)","W:21_0A:22_0","21","{""attendance_count"":21,""install_day"":""2025-07-27"",""total_payment_amount"":7700,""user_name"":""적혈"",""user_rank"":1470,""user_stage"":300}"
"stage_reached_300 (App)","W:20_0A:19_0","16","{""attendance_count"":16,""install_day"":""2025-08-02"",""total_payment_amount"":29700,""user_name"":""짖리"",""user_rank"":1470,""user_stage"":300}"
"stage_reached_300 (App)","W:22_0A:22_0","24","{""attendance_count"":24,""install_day"":""2025-07-24"",""total_payment_amount"":7700,""user_name"":""뎌지"",""user_rank"":1486,""user_stage"":300}"
"stage_reached_300 (App)","W:20_0A:21_0","24","{""attendance_count"":24,""install_day"":""2025-07-16"",""total_payment_amount"":7700,""user_name"":""호멍"",""user_rank"":1480,""user_stage"":300}"
"stage_reached_300 (App)","W:23_0A:22_0","30","{""attendance_count"":30,""install_day"":""2025-07-19"",""total_payment_amount"":0,""user_name"":""콱퉤일"",""user_rank"":1467,""user_stage"":300}"
"stage_reached_300 (App)","W:22_0A:20_0","17","{""attendance_count"":17,""install_day"":""2025-08-01"",""total_payment_amount"":29700,""user_name"":""펜뷰"",""user_rank"":1464,""user_stage"":300}"
"stage_reached_300 (App)","W:20_0A:19_0","16","{""attendance_count"":16,""install_day"":""2025-08-02"",""total_payment_amount"":40700,""user_name"":""kolee"",""user_rank"":1433,""user_stage"":300}"
"stage_reached_300 (App)","W:22_0A:20_0","23","{""attendance_count"":23,""install_day"":""2025-07-26"",""total_payment_amount"":11000,""user_name"":""초류비연"",""user_rank"":1559,""user_stage"":300}"
"stage_reached_300 (App)","W:22_0A:20_0","26","{""attendance_count"":26,""install_day"":""2025-07-22"",""total_payment_amount"":7700,""user_name"":""거타지"",""user_rank"":1463,""user_stage"":300}"
"stage_reached_300 (App)","W:22_0A:20_0","26","{""attendance_count"":26,""install_day"":""2025-07-22"",""total_payment_amount"":7700,""user_name"":""모르는개산책"",""user_rank"":1495,""user_stage"":300}"
"stage_reached_300 (App)","W:20_0A:19_0","16","{""attendance_count"":16,""install_day"":""2025-08-02"",""total_payment_amount"":7700,""user_name"":""암흑가의악질"",""user_rank"":1456,""user_stage"":300}"
"stage_reached_300 (App)","W:22_0A:19_0","31","{""attendance_count"":31,""install_day"":""2025-07-17"",""total_payment_amount"":7700,""user_name"":""조선의포터"",""user_rank"":1459,""user_stage"":300}"
"stage_reached_300 (App)","W:22_0A:20_0","29","{""attendance_count"":29,""install_day"":""2025-07-19"",""total_payment_amount"":95700,""user_name"":""이재영구속"",""user_rank"":1467,""user_stage"":300}"
"stage_reached_300 (App)","W:22_0A:20_0","26","{""attendance_count"":26,""install_day"":""2025-07-23"",""total_payment_amount"":7700,""user_name"":""제아"",""user_rank"":1458,""user_stage"":300}"
"stage_reached_300 (App)","W:22_0A:20_0","17","{""attendance_count"":17,""install_day"":""2025-08-01"",""total_payment_amount"":7700,""user_name"":""스텔라아"",""user_rank"":1524,""user_stage"":300}"
"stage_reached_300 (App)","W:22_0A:19_0","27","{""attendance_count"":27,""install_day"":""2025-07-21"",""total_payment_amount"":7700,""user_name"":""칼린츠"",""user_rank"":1464,""user_stage"":300}"
"stage_reached_300 (App)","W:20_0A:19_0","26","{""attendance_count"":26,""install_day"":""2025-07-18"",""total_payment_amount"":7700,""user_name"":""고야드"",""user_rank"":1504,""user_stage"":300}"
"stage_reached_300 (App)","W:22_0A:22_0","29","{""attendance_count"":29,""install_day"":""2025-07-20"",""total_payment_amount"":7700,""user_name"":""이억만"",""user_rank"":1551,""user_stage"":300}"
"stage_reached_300 (App)","W:22_0A:23_0","18","{""attendance_count"":18,""install_day"":""2025-07-30"",""total_payment_amount"":18700,""user_name"":""돌돌돌"",""user_rank"":1456,""user_stage"":300}"
"stage_reached_300 (App)","W:22_0A:20_0","24","{""attendance_count"":24,""install_day"":""2025-07-25"",""total_payment_amount"":7700,""user_name"":""카리헬"",""user_rank"":1487,""user_stage"":300}"
"stage_reached_300 (App)","W:22_0A:19_0","24","{""attendance_count"":24,""install_day"":""2025-07-25"",""total_payment_amount"":7700,""user_name"":""탈모의종선"",""user_rank"":1505,""user_stage"":300}"
"stage_reached_300 (App)","W:22_0A:20_0","29","{""attendance_count"":29,""install_day"":""2025-07-19"",""total_payment_amount"":11000,""user_name"":""llllIIII"",""user_rank"":1547,""user_stage"":300}"
"stage_reached_300 (App)","W:22_0A:19_0","24","{""attendance_count"":24,""install_day"":""2025-07-25"",""total_payment_amount"":7700,""user_name"":""장세현"",""user_rank"":1450,""user_stage"":300}"
"stage_reached_300 (App)","W:22_0A:19_0","15","{""attendance_count"":15,""install_day"":""2025-08-02"",""total_payment_amount"":7700,""user_name"":""블랙늑대"",""user_rank"":1450,""user_stage"":300}"
"stage_reached_300 (App)","W:20_0A:19_0","16","{""attendance_count"":16,""install_day"":""2025-08-02"",""total_payment_amount"":27500,""user_name"":""누루지"",""user_rank"":1445,""user_stage"":300}"
"stage_reached_300 (App)","W:22_0A:22_0","22","{""attendance_count"":22,""install_day"":""2025-07-27"",""total_payment_amount"":7700,""user_name"":""원탱탱"",""user_rank"":1524,""user_stage"":300}"
"stage_reached_300 (App)","W:22_0A:22_0","31","{""attendance_count"":31,""install_day"":""2025-07-16"",""total_payment_amount"":8800,""user_name"":""최강한화"",""user_rank"":1453,""user_stage"":300}"
"stage_reached_300 (App)","W:22_0A:20_0","16","{""attendance_count"":16,""install_day"":""2025-08-02"",""total_payment_amount"":102300,""user_name"":""무랭이"",""user_rank"":1442,""user_stage"":300}"
"stage_reached_300 (App)","W:22_0A:19_0","20","{""attendance_count"":20,""install_day"":""2025-07-29"",""total_payment_amount"":7700,""user_name"":""Nuckduri"",""user_rank"":1481,""user_stage"":300}"
"stage_reached_300 (App)","W:20_0A:19_0","20","{""attendance_count"":20,""install_day"":""2025-07-29"",""total_payment_amount"":7700,""user_name"":""째째"",""user_rank"":1503,""user_stage"":300}"
"stage_reached_300 (App)","W:22_0A:20_0","32","{""attendance_count"":32,""install_day"":""2025-07-17"",""total_payment_amount"":7700,""user_name"":""성청"",""user_rank"":1450,""user_stage"":300}"
"stage_reached_300 (App)","W:23_0A:19_0","28","{""attendance_count"":28,""install_day"":""2025-07-21"",""total_payment_amount"":14300,""user_name"":""요로롱도로롱"",""user_rank"":1437,""user_stage"":300}"
"stage_reached_300 (App)","W:22_0A:20_0","31","{""attendance_count"":31,""install_day"":""2025-07-18"",""total_payment_amount"":117700,""user_name"":""쪽쪽"",""user_rank"":2121,""user_stage"":300}"
"stage_reached_300 (App)","W:22_0A:22_0","30","{""attendance_count"":30,""install_day"":""2025-07-19"",""total_payment_amount"":7700,""user_name"":""lameo"",""user_rank"":1540,""user_stage"":300}"
"stage_reached_300 (App)","W:22_0A:19_0","18","{""attendance_count"":18,""install_day"":""2025-07-31"",""total_payment_amount"":22000,""user_name"":""잉어킹2"",""user_rank"":1449,""user_stage"":300}"
"stage_reached_300 (App)","W:22_0A:22_0","17","{""attendance_count"":17,""install_day"":""2025-08-01"",""total_payment_amount"":7700,""user_name"":""귀여운두더지"",""user_rank"":1498,""user_stage"":300}"
"stage_reached_300 (App)","W:20_0A:19_0","17","{""attendance_count"":17,""install_day"":""2025-08-01"",""total_payment_amount"":67100,""user_name"":""치운"",""user_rank"":1433,""user_stage"":300}"
"stage_reached_300 (App)","W:22_0A:20_0","26","{""attendance_count"":26,""install_day"":""2025-07-23"",""total_payment_amount"":2200,""user_name"":""태건이"",""user_rank"":1446,""user_stage"":300}"
"stage_reached_300 (App)","W:22_0A:22_0","25","{""attendance_count"":25,""install_day"":""2025-07-23"",""total_payment_amount"":7700,""user_name"":""최사전"",""user_rank"":1498,""user_stage"":300}"
"stage_reached_300 (App)","W:20_0A:19_0","24","{""attendance_count"":24,""install_day"":""2025-07-23"",""total_payment_amount"":7700,""user_name"":""천제국왕"",""user_rank"":1431,""user_stage"":300}"
"stage_reached_300 (App)","W:22_0A:19_0","22","{""attendance_count"":22,""install_day"":""2025-07-27"",""total_payment_amount"":41800,""user_name"":""조선이도"",""user_rank"":1611,""user_stage"":300}"
"stage_reached_300 (App)","W:20_0A:19_0","17","{""attendance_count"":17,""install_day"":""2025-07-31"",""total_payment_amount"":73700,""user_name"":""루인군"",""user_rank"":1648,""user_stage"":300}"
"stage_reached_300 (App)","W:22_0A:22_0","30","{""attendance_count"":30,""install_day"":""2025-07-15"",""total_payment_amount"":7700,""user_name"":""코코볼"",""user_rank"":1847,""user_stage"":300}"
"stage_reached_300 (App)","W:23_0A:19_0","26","{""attendance_count"":26,""install_day"":""2025-07-23"",""total_payment_amount"":7700,""user_name"":""또로롱"",""user_rank"":1442,""user_stage"":300}"
"stage_reached_300 (App)","W:22_0A:19_0","29","{""attendance_count"":29,""install_day"":""2025-07-20"",""total_payment_amount"":7700,""user_name"":""민서공주"",""user_rank"":1450,""user_stage"":300}"
"stage_reached_300 (App)","W:22_0A:19_0","30","{""attendance_count"":30,""install_day"":""2025-07-16"",""total_payment_amount"":7700,""user_name"":""사하라소"",""user_rank"":1462,""user_stage"":300}"
"stage_reached_300 (App)","W:20_0A:19_0","18","{""attendance_count"":18,""install_day"":""2025-07-31"",""total_payment_amount"":7700,""user_name"":""아윤하율"",""user_rank"":1428,""user_stage"":300}"
"stage_reached_300 (App)","W:22_0A:19_0","20","{""attendance_count"":20,""install_day"":""2025-07-28"",""total_payment_amount"":7700,""user_name"":""크산테"",""user_rank"":1497,""user_stage"":300}"
"stage_reached_300 (App)","W:20_0A:19_0","23","{""attendance_count"":23,""install_day"":""2025-07-26"",""total_payment_amount"":7700,""user_name"":""지멘"",""user_rank"":1423,""user_stage"":300}"
"stage_reached_300 (App)","W:22_0A:19_0","28","{""attendance_count"":28,""install_day"":""2025-07-21"",""total_payment_amount"":7700,""user_name"":""박수"",""user_rank"":1436,""user_stage"":300}"
"stage_reached_300 (App)","W:20_0A:19_0","29","{""attendance_count"":29,""install_day"":""2025-07-19"",""total_payment_amount"":7700,""user_name"":""매운맛스낵면"",""user_rank"":1442,""user_stage"":300}"
"stage_reached_300 (App)","W:23_0A:22_0","27","{""attendance_count"":27,""install_day"":""2025-07-20"",""total_payment_amount"":7700,""user_name"":""딩떵이"",""user_rank"":1392,""user_stage"":300}"
"stage_reached_300 (App)","W:22_0A:22_0","23","{""attendance_count"":23,""install_day"":""2025-07-25"",""total_payment_amount"":7700,""user_name"":""자잉"",""user_rank"":1425,""user_stage"":300}"
"stage_reached_300 (App)","W:22_0A:19_0","20","{""attendance_count"":20,""install_day"":""2025-07-27"",""total_payment_amount"":7700,""user_name"":""다모다모"",""user_rank"":1478,""user_stage"":300}"
"stage_reached_300 (App)","W:23_0A:19_0","15","{""attendance_count"":15,""install_day"":""2025-08-01"",""total_payment_amount"":55000,""user_name"":""망고스무디"",""user_rank"":1436,""user_stage"":300}"
"stage_reached_300 (App)","W:22_0A:19_0","31","{""attendance_count"":31,""install_day"":""2025-07-16"",""total_payment_amount"":0,""user_name"":""여소율"",""user_rank"":1440,""user_stage"":300}"
"stage_reached_300 (App)","W:22_0A:19_0","20","{""attendance_count"":20,""install_day"":""2025-07-28"",""total_payment_amount"":7700,""user_name"":""송대근"",""user_rank"":1440,""user_stage"":300}"
"stage_reached_300 (App)","W:20_0A:19_0","19","{""attendance_count"":19,""install_day"":""2025-07-29"",""total_payment_amount"":14300,""user_name"":""비뢰"",""user_rank"":1417,""user_stage"":300}"
"stage_reached_300 (App)","W:23_0A:19_0","14","{""attendance_count"":14,""install_day"":""2025-08-03"",""total_payment_amount"":253000,""user_name"":""김루팡"",""user_rank"":1430,""user_stage"":300}"
"stage_reached_300 (App)","W:20_0A:20_0","21","{""attendance_count"":21,""install_day"":""2025-07-26"",""total_payment_amount"":7700,""user_name"":""디에이드"",""user_rank"":1383,""user_stage"":300}"
"stage_reached_300 (App)","W:21_0A:19_0","26","{""attendance_count"":26,""install_day"":""2025-07-18"",""total_payment_amount"":7700,""user_name"":""유지노"",""user_rank"":1456,""user_stage"":300}"
"stage_reached_300 (App)","W:23_0A:19_0","22","{""attendance_count"":22,""install_day"":""2025-07-25"",""total_payment_amount"":0,""user_name"":""구준표인봉"",""user_rank"":1485,""user_stage"":300}"
"stage_reached_300 (App)","W:20_0A:19_0","18","{""attendance_count"":18,""install_day"":""2025-07-30"",""total_payment_amount"":34100,""user_name"":""제웁스"",""user_rank"":1431,""user_stage"":300}"
"stage_reached_300 (App)","W:20_0A:19_0","19","{""attendance_count"":19,""install_day"":""2025-07-29"",""total_payment_amount"":25300,""user_name"":""무우사무휼"",""user_rank"":1430,""user_stage"":300}"
"stage_reached_300 (App)","W:22_0A:19_0","28","{""attendance_count"":28,""install_day"":""2025-07-20"",""total_payment_amount"":7700,""user_name"":""봉돌이"",""user_rank"":1468,""user_stage"":300}"
"stage_reached_300 (App)","W:23_0A:20_0","20","{""attendance_count"":20,""install_day"":""2025-07-28"",""total_payment_amount"":7700,""user_name"":""랑시랑"",""user_rank"":1402,""user_stage"":300}"
"stage_reached_300 (App)","W:21_0A:19_0","10","{""attendance_count"":10,""install_day"":""2025-08-07"",""total_payment_amount"":121000,""user_name"":""봄같은나라"",""user_rank"":1415,""user_stage"":300}"
"stage_reached_300 (App)","W:20_0A:19_0","28","{""attendance_count"":28,""install_day"":""2025-07-19"",""total_payment_amount"":0,""user_name"":""난세의다미"",""user_rank"":1402,""user_stage"":300}"
"stage_reached_300 (App)","W:23_0A:23_0","19","{""attendance_count"":19,""install_day"":""2025-07-26"",""total_payment_amount"":7700,""user_name"":""다크주"",""user_rank"":1473,""user_stage"":300}"
"stage_reached_300 (App)","W:20_0A:19_0","22","{""attendance_count"":22,""install_day"":""2025-07-18"",""total_payment_amount"":7700,""user_name"":""너하고"",""user_rank"":1444,""user_stage"":300}"
"stage_reached_300 (App)","W:20_0A:19_0","17","{""attendance_count"":17,""install_day"":""2025-07-31"",""total_payment_amount"":11000,""user_name"":""천망"",""user_rank"":1393,""user_stage"":300}"
"stage_reached_300 (App)","W:22_0A:19_0","24","{""attendance_count"":24,""install_day"":""2025-07-24"",""total_payment_amount"":62700,""user_name"":""홍귈동"",""user_rank"":1492,""user_stage"":300}"
"stage_reached_300 (App)","W:23_0A:22_0","29","{""attendance_count"":29,""install_day"":""2025-07-18"",""total_payment_amount"":7700,""user_name"":""이순신99번분신"",""user_rank"":1492,""user_stage"":300}"
"stage_reached_300 (App)","W:21_0A:19_0","21","{""attendance_count"":21,""install_day"":""2025-07-27"",""total_payment_amount"":7700,""user_name"":""그랑나랑"",""user_rank"":1413,""user_stage"":300}"
"stage_reached_300 (App)","W:22_0A:19_0","27","{""attendance_count"":27,""install_day"":""2025-07-18"",""total_payment_amount"":7700,""user_name"":""스킨"",""user_rank"":1491,""user_stage"":300}"
"stage_reached_300 (App)","W:20_0A:19_0","24","{""attendance_count"":24,""install_day"":""2025-07-22"",""total_payment_amount"":18700,""user_name"":""늄이훈이"",""user_rank"":1419,""user_stage"":300}"
"stage_reached_300 (App)","W:21_0A:19_0","20","{""attendance_count"":20,""install_day"":""2025-07-28"",""total_payment_amount"":7700,""user_name"":""강반석"",""user_rank"":1389,""user_stage"":300}"
"stage_reached_300 (App)","W:22_0A:19_0","15","{""attendance_count"":15,""install_day"":""2025-08-02"",""total_payment_amount"":18700,""user_name"":""사민"",""user_rank"":1395,""user_stage"":300}"
"stage_reached_300 (App)","W:20_0A:19_0","12","{""attendance_count"":12,""install_day"":""2025-08-04"",""total_payment_amount"":190300,""user_name"":""샤오위"",""user_rank"":1652,""user_stage"":300}"
"stage_reached_300 (App)","W:20_0A:19_0","28","{""attendance_count"":28,""install_day"":""2025-07-20"",""total_payment_amount"":7700,""user_name"":""섭군"",""user_rank"":1393,""user_stage"":300}"
"stage_reached_300 (App)","W:22_0A:20_0","31","{""attendance_count"":31,""install_day"":""2025-07-17"",""total_payment_amount"":7700,""user_name"":""분석이"",""user_rank"":1717,""user_stage"":300}"
"stage_reached_300 (App)","W:20_0A:19_0","33","{""attendance_count"":33,""install_day"":""2025-01-16"",""total_payment_amount"":8800,""user_name"":""명악"",""user_rank"":1918,""user_stage"":300}"
"stage_reached_300 (App)","W:23_0A:22_0","26","{""attendance_count"":26,""install_day"":""2025-07-19"",""total_payment_amount"":7700,""user_name"":""이시섭혈"",""user_rank"":1436,""user_stage"":300}"
"stage_reached_300 (App)","W:21_0A:20_0","14","{""attendance_count"":14,""install_day"":""2025-08-02"",""total_payment_amount"":117700,""user_name"":""그럴수덕"",""user_rank"":1390,""user_stage"":300}"
"stage_reached_300 (App)","W:22_0A:19_0","20","{""attendance_count"":20,""install_day"":""2025-07-27"",""total_payment_amount"":28600,""user_name"":""아랫도리용솟음"",""user_rank"":1385,""user_stage"":300}"
"stage_reached_300 (App)","W:22_0A:19_0","19","{""attendance_count"":19,""install_day"":""2025-07-28"",""total_payment_amount"":7700,""user_name"":""eclipse"",""user_rank"":1481,""user_stage"":300}"
"stage_reached_300 (App)","W:21_0A:20_0","19","{""attendance_count"":19,""install_day"":""2025-07-28"",""total_payment_amount"":7700,""user_name"":""JBOX"",""user_rank"":1378,""user_stage"":300}"
"stage_reached_300 (App)","W:22_0A:20_0","32","{""attendance_count"":32,""install_day"":""2025-07-16"",""total_payment_amount"":7700,""user_name"":""bpjr"",""user_rank"":1561,""user_stage"":300}"
"stage_reached_300 (App)","W:22_0A:19_0","21","{""attendance_count"":21,""install_day"":""2025-07-24"",""total_payment_amount"":7700,""user_name"":""로즈베리"",""user_rank"":1501,""user_stage"":300}"
"stage_reached_300 (App)","W:21_0A:19_0","19","{""attendance_count"":19,""install_day"":""2025-07-29"",""total_payment_amount"":7700,""user_name"":""booui"",""user_rank"":1408,""user_stage"":300}"
"stage_reached_300 (App)","W:22_0A:23_0","24","{""attendance_count"":24,""install_day"":""2025-07-24"",""total_payment_amount"":7700,""user_name"":""벳토리"",""user_rank"":1382,""user_stage"":300}"
"stage_reached_300 (App)","W:21_0A:19_0","27","{""attendance_count"":27,""install_day"":""2025-07-19"",""total_payment_amount"":7700,""user_name"":""PODO"",""user_rank"":1382,""user_stage"":300}"
"stage_reached_300 (App)","W:23_0A:22_0","30","{""attendance_count"":30,""install_day"":""2025-07-17"",""total_payment_amount"":7700,""user_name"":""유송현"",""user_rank"":1391,""user_stage"":300}"
"stage_reached_300 (App)","W:22_0A:19_0","20","{""attendance_count"":20,""install_day"":""2025-07-27"",""total_payment_amount"":29700,""user_name"":""토낑이"",""user_rank"":1401,""user_stage"":300}"
"stage_reached_300 (App)","W:22_0A:20_0","27","{""attendance_count"":27,""install_day"":""2025-07-21"",""total_payment_amount"":7700,""user_name"":""니동"",""user_rank"":1390,""user_stage"":300}"
"stage_reached_300 (App)","W:22_0A:19_0","24","{""attendance_count"":24,""install_day"":""2025-07-18"",""total_payment_amount"":7700,""user_name"":""매컬린"",""user_rank"":1583,""user_stage"":300}"
"stage_reached_300 (App)","W:22_0A:19_0","20","{""attendance_count"":20,""install_day"":""2025-07-28"",""total_payment_amount"":7700,""user_name"":""적이건"",""user_rank"":1399,""user_stage"":300}"
"stage_reached_300 (App)","W:22_0A:19_0","25","{""attendance_count"":25,""install_day"":""2025-07-21"",""total_payment_amount"":7700,""user_name"":""루기서"",""user_rank"":1368,""user_stage"":300}"
"stage_reached_300 (App)","W:20_0A:22_0","26","{""attendance_count"":26,""install_day"":""2025-07-19"",""total_payment_amount"":7700,""user_name"":""캐깜"",""user_rank"":1396,""user_stage"":300}"
"stage_reached_300 (App)","W:22_0A:19_0","28","{""attendance_count"":28,""install_day"":""2025-07-20"",""total_payment_amount"":7700,""user_name"":""수호무적"",""user_rank"":1371,""user_stage"":300}"
"stage_reached_300 (App)","W:20_0A:23_0","21","{""attendance_count"":21,""install_day"":""2025-07-27"",""total_payment_amount"":7700,""user_name"":""드로"",""user_rank"":1373,""user_stage"":300}"
"stage_reached_300 (App)","W:21_0A:19_0","26","{""attendance_count"":26,""install_day"":""2025-07-22"",""total_payment_amount"":40700,""user_name"":""꾸꾸꾸"",""user_rank"":1365,""user_stage"":300}"
"stage_reached_300 (App)","W:20_0A:19_0","22","{""attendance_count"":22,""install_day"":""2025-07-25"",""total_payment_amount"":7700,""user_name"":""난망고다"",""user_rank"":1479,""user_stage"":300}"
"stage_reached_300 (App)","W:22_0A:20_0","26","{""attendance_count"":26,""install_day"":""2025-07-22"",""total_payment_amount"":7700,""user_name"":""콧물이파도를치네"",""user_rank"":1361,""user_stage"":300}"
"stage_reached_300 (App)","W:20_0A:19_0","29","{""attendance_count"":29,""install_day"":""2025-07-18"",""total_payment_amount"":0,""user_name"":""탐탐탐탐"",""user_rank"":1360,""user_stage"":300}"
"stage_reached_300 (App)","W:22_0A:22_0","16","{""attendance_count"":16,""install_day"":""2025-08-01"",""total_payment_amount"":282700,""user_name"":""이순신표류기"",""user_rank"":1391,""user_stage"":300}"
"stage_reached_300 (App)","W:22_0A:20_0","26","{""attendance_count"":26,""install_day"":""2024-09-29"",""total_payment_amount"":7700,""user_name"":""그미그미"",""user_rank"":1856,""user_stage"":300}"
"stage_reached_300 (App)","W:22_0A:19_0","21","{""attendance_count"":21,""install_day"":""2025-07-26"",""total_payment_amount"":7700,""user_name"":""밠쨁"",""user_rank"":1359,""user_stage"":300}"
"stage_reached_300 (App)","W:22_0A:22_0","27","{""attendance_count"":27,""install_day"":""2025-07-19"",""total_payment_amount"":7700,""user_name"":""장규리열혈팬"",""user_rank"":1389,""user_stage"":300}"
"stage_reached_300 (App)","W:20_0A:22_0","13","{""attendance_count"":13,""install_day"":""2025-08-03"",""total_payment_amount"":227700,""user_name"":""눈의산들"",""user_rank"":1356,""user_stage"":300}"
"stage_reached_300 (App)","W:23_0A:23_0","27","{""attendance_count"":27,""install_day"":""2025-07-18"",""total_payment_amount"":117700,""user_name"":""훈2"",""user_rank"":1464,""user_stage"":300}"
"stage_reached_300 (App)","W:22_0A:19_0","20","{""attendance_count"":20,""install_day"":""2025-07-28"",""total_payment_amount"":7700,""user_name"":""동일"",""user_rank"":1373,""user_stage"":300}"
"stage_reached_300 (App)","W:23_0A:23_0","14","{""attendance_count"":14,""install_day"":""2025-08-02"",""total_payment_amount"":6600,""user_name"":""구미곰탱이"",""user_rank"":1422,""user_stage"":300}"
"stage_reached_300 (App)","W:20_0A:19_0","20","{""attendance_count"":20,""install_day"":""2025-07-25"",""total_payment_amount"":7700,""user_name"":""지서"",""user_rank"":1373,""user_stage"":300}"
"stage_reached_300 (App)","W:22_0A:19_0","28","{""attendance_count"":28,""install_day"":""2025-07-19"",""total_payment_amount"":7700,""user_name"":""아르카네"",""user_rank"":1352,""user_stage"":300}"
"stage_reached_300 (App)","W:22_0A:21_0","23","{""attendance_count"":23,""install_day"":""2025-07-24"",""total_payment_amount"":7700,""user_name"":""노브랜드"",""user_rank"":1352,""user_stage"":300}"
"stage_reached_300 (App)","W:22_0A:19_0","23","{""attendance_count"":23,""install_day"":""2025-07-25"",""total_payment_amount"":20900,""user_name"":""라이터"",""user_rank"":1506,""user_stage"":300}"
"stage_reached_300 (App)","W:22_0A:19_0","22","{""attendance_count"":22,""install_day"":""2025-07-26"",""total_payment_amount"":7700,""user_name"":""뚱슈"",""user_rank"":1530,""user_stage"":300}"
"stage_reached_300 (App)","W:20_0A:19_0","24","{""attendance_count"":24,""install_day"":""2025-07-24"",""total_payment_amount"":7700,""user_name"":""보라돌"",""user_rank"":1347,""user_stage"":300}"
"stage_reached_300 (App)","W:20_0A:19_0","7","{""attendance_count"":7,""install_day"":""2025-08-09"",""total_payment_amount"":283800,""user_name"":""김난신"",""user_rank"":1351,""user_stage"":300}"
"stage_reached_300 (App)","W:23_0A:20_0","21","{""attendance_count"":21,""install_day"":""2025-07-27"",""total_payment_amount"":0,""user_name"":""미키천국"",""user_rank"":1347,""user_stage"":300}"
"stage_reached_300 (App)","W:22_0A:19_0","24","{""attendance_count"":24,""install_day"":""2025-07-23"",""total_payment_amount"":11000,""user_name"":""민초파"",""user_rank"":1551,""user_stage"":300}"
"stage_reached_300 (App)","W:20_0A:20_0","30","{""attendance_count"":30,""install_day"":""2025-07-17"",""total_payment_amount"":7700,""user_name"":""깐세"",""user_rank"":1520,""user_stage"":300}"
"stage_reached_300 (App)","W:22_0A:19_0","15","{""attendance_count"":15,""install_day"":""2025-08-02"",""total_payment_amount"":128700,""user_name"":""자브종늑대"",""user_rank"":1342,""user_stage"":300}"
"stage_reached_300 (App)","W:20_0A:19_0","14","{""attendance_count"":14,""install_day"":""2025-08-03"",""total_payment_amount"":71500,""user_name"":""요거트슈"",""user_rank"":1413,""user_stage"":300}"
"stage_reached_300 (App)","W:23_0A:20_0","29","{""attendance_count"":29,""install_day"":""2025-07-19"",""total_payment_amount"":0,""user_name"":""Melo"",""user_rank"":1369,""user_stage"":300}"
"stage_reached_300 (App)","W:23_0A:20_0","23","{""attendance_count"":23,""install_day"":""2025-07-16"",""total_payment_amount"":7700,""user_name"":""두자님"",""user_rank"":1369,""user_stage"":300}"
"stage_reached_300 (App)","W:22_0A:19_0","23","{""attendance_count"":23,""install_day"":""2025-07-25"",""total_payment_amount"":25300,""user_name"":""닉네임표류기"",""user_rank"":1605,""user_stage"":300}"
"stage_reached_300 (App)","W:20_0A:23_0","16","{""attendance_count"":16,""install_day"":""2025-07-31"",""total_payment_amount"":55000,""user_name"":""치티"",""user_rank"":1370,""user_stage"":300}"
"stage_reached_300 (App)","W:22_0A:19_0","24","{""attendance_count"":24,""install_day"":""2025-07-23"",""total_payment_amount"":7700,""user_name"":""한국하렘왕"",""user_rank"":1413,""user_stage"":300}"
"stage_reached_300 (App)","W:22_0A:19_0","20","{""attendance_count"":20,""install_day"":""2025-07-26"",""total_payment_amount"":7700,""user_name"":""moassam"",""user_rank"":1356,""user_stage"":300}"
"stage_reached_300 (App)","W:20_0A:19_0","21","{""attendance_count"":21,""install_day"":""2025-07-25"",""total_payment_amount"":7700,""user_name"":""박덕춘"",""user_rank"":1356,""user_stage"":300}"
"stage_reached_300 (App)","W:23_0A:22_0","3","{""attendance_count"":3,""install_day"":""2025-08-13"",""total_payment_amount"":675400,""user_name"":""슬2"",""user_rank"":1831,""user_stage"":300}"
"stage_reached_300 (App)","W:22_0A:22_0","20","{""attendance_count"":20,""install_day"":""2025-07-27"",""total_payment_amount"":7700,""user_name"":""원소"",""user_rank"":1340,""user_stage"":300}"
"stage_reached_300 (App)","W:22_0A:19_0","27","{""attendance_count"":27,""install_day"":""2025-07-20"",""total_payment_amount"":7700,""user_name"":""환영z"",""user_rank"":1380,""user_stage"":300}"
"stage_reached_300 (App)","W:22_0A:19_0","27","{""attendance_count"":27,""install_day"":""2025-07-20"",""total_payment_amount"":7700,""user_name"":""o그래o"",""user_rank"":1339,""user_stage"":300}"
"stage_reached_300 (App)","W:22_0A:20_0","20","{""attendance_count"":20,""install_day"":""2025-07-27"",""total_payment_amount"":0,""user_name"":""sh"",""user_rank"":1334,""user_stage"":300}"
"stage_reached_300 (App)","W:20_0A:19_0","20","{""attendance_count"":20,""install_day"":""2025-07-26"",""total_payment_amount"":7700,""user_name"":""은솔정"",""user_rank"":1345,""user_stage"":300}"
"stage_reached_300 (App)","W:23_0A:21_0","22","{""attendance_count"":22,""install_day"":""2025-07-24"",""total_payment_amount"":7700,""user_name"":""제1사막"",""user_rank"":1331,""user_stage"":300}"
"stage_reached_300 (App)","W:20_0A:19_0","28","{""attendance_count"":28,""install_day"":""2025-07-19"",""total_payment_amount"":14300,""user_name"":""광개토대황제"",""user_rank"":1401,""user_stage"":300}"
"stage_reached_300 (App)","W:22_0A:19_0","27","{""attendance_count"":27,""install_day"":""2025-07-18"",""total_payment_amount"":7700,""user_name"":""흑미"",""user_rank"":1598,""user_stage"":300}"
"stage_reached_300 (App)","W:22_0A:19_0","12","{""attendance_count"":12,""install_day"":""2025-08-04"",""total_payment_amount"":205700,""user_name"":""LIV해원"",""user_rank"":1401,""user_stage"":300}"
"stage_reached_300 (App)","W:23_0A:19_0","23","{""attendance_count"":23,""install_day"":""2025-07-24"",""total_payment_amount"":7700,""user_name"":""상콤쏘쥬맛"",""user_rank"":1348,""user_stage"":300}"
"stage_reached_300 (App)","W:22_0A:20_0","26","{""attendance_count"":26,""install_day"":""2025-07-21"",""total_payment_amount"":47300,""user_name"":""라영"",""user_rank"":1347,""user_stage"":300}"
"stage_reached_300 (App)","W:23_0A:19_0","20","{""attendance_count"":20,""install_day"":""2025-07-26"",""total_payment_amount"":7700,""user_name"":""클라스"",""user_rank"":1314,""user_stage"":300}"
"stage_reached_300 (App)","W:21_0A:20_0","20","{""attendance_count"":20,""install_day"":""2025-07-27"",""total_payment_amount"":40700,""user_name"":""이사빛"",""user_rank"":1348,""user_stage"":300}"
"stage_reached_300 (App)","W:20_0A:19_0","18","{""attendance_count"":18,""install_day"":""2025-07-21"",""total_payment_amount"":7700,""user_name"":""범주니"",""user_rank"":1348,""user_stage"":300}"
"stage_reached_300 (App)","W:22_0A:20_0","27","{""attendance_count"":27,""install_day"":""2025-07-20"",""total_payment_amount"":47300,""user_name"":""김춘배"",""user_rank"":1349,""user_stage"":300}"
"stage_reached_300 (App)","W:22_0A:19_0","12","{""attendance_count"":12,""install_day"":""2025-08-04"",""total_payment_amount"":209000,""user_name"":""chemma"",""user_rank"":1379,""user_stage"":300}"
"stage_reached_300 (App)","W:22_0A:19_0","19","{""attendance_count"":19,""install_day"":""2025-07-28"",""total_payment_amount"":7700,""user_name"":""장가계"",""user_rank"":1391,""user_stage"":300}"
"stage_reached_300 (App)","W:22_0A:19_0","21","{""attendance_count"":21,""install_day"":""2025-07-26"",""total_payment_amount"":7700,""user_name"":""꼬매아지"",""user_rank"":1292,""user_stage"":300}"
"stage_reached_300 (App)","W:22_0A:20_0","16","{""attendance_count"":16,""install_day"":""2025-07-30"",""total_payment_amount"":40700,""user_name"":""때린데또때린다"",""user_rank"":1308,""user_stage"":300}"
"stage_reached_300 (App)","W:22_0A:23_0","28","{""attendance_count"":28,""install_day"":""2025-07-19"",""total_payment_amount"":7700,""user_name"":""지동파"",""user_rank"":1315,""user_stage"":300}"
"stage_reached_300 (App)","W:22_0A:19_0","24","{""attendance_count"":24,""install_day"":""2025-07-24"",""total_payment_amount"":7700,""user_name"":""DogFire"",""user_rank"":1387,""user_stage"":300}"
"stage_reached_300 (App)","W:23_0A:22_0","30","{""attendance_count"":30,""install_day"":""2025-07-17"",""total_payment_amount"":7700,""user_name"":""가원"",""user_rank"":1408,""user_stage"":300}"
"stage_reached_300 (App)","W:23_0A:22_0","27","{""attendance_count"":27,""install_day"":""2025-07-20"",""total_payment_amount"":106700,""user_name"":""홍게대게"",""user_rank"":1341,""user_stage"":300}"
"stage_reached_300 (App)","W:23_0A:19_0","19","{""attendance_count"":19,""install_day"":""2025-07-27"",""total_payment_amount"":18700,""user_name"":""청류"",""user_rank"":1320,""user_stage"":300}"
"stage_reached_300 (App)","W:23_0A:21_0","28","{""attendance_count"":28,""install_day"":""2025-07-17"",""total_payment_amount"":7700,""user_name"":""무도실무관"",""user_rank"":1353,""user_stage"":300}"
"stage_reached_300 (App)","W:22_0A:19_0","25","{""attendance_count"":25,""install_day"":""2025-07-19"",""total_payment_amount"":7700,""user_name"":""찹쌀딸기모찌"",""user_rank"":1318,""user_stage"":300}"
"stage_reached_300 (App)","W:22_0A:23_0","16","{""attendance_count"":16,""install_day"":""2025-07-30"",""total_payment_amount"":7700,""user_name"":""박지뿡"",""user_rank"":1330,""user_stage"":300}"
"stage_reached_300 (App)","W:20_0A:19_0","16","{""attendance_count"":16,""install_day"":""2025-07-31"",""total_payment_amount"":7700,""user_name"":""휴가을"",""user_rank"":1311,""user_stage"":300}"
"stage_reached_300 (App)","W:20_0A:19_0","18","{""attendance_count"":18,""install_day"":""2025-07-29"",""total_payment_amount"":7700,""user_name"":""충자"",""user_rank"":1308,""user_stage"":300}"
"stage_reached_300 (App)","W:20_0A:23_0","28","{""attendance_count"":28,""install_day"":""2025-07-19"",""total_payment_amount"":29700,""user_name"":""수염"",""user_rank"":1323,""user_stage"":300}"
"stage_reached_300 (App)","W:22_0A:19_0","21","{""attendance_count"":21,""install_day"":""2025-07-26"",""total_payment_amount"":11000,""user_name"":""왕세자"",""user_rank"":1863,""user_stage"":300}"
"stage_reached_300 (App)","W:21_0A:19_0","17","{""attendance_count"":17,""install_day"":""2025-07-29"",""total_payment_amount"":20900,""user_name"":""후조"",""user_rank"":1309,""user_stage"":300}"
"stage_reached_300 (App)","W:23_0A:20_0","17","{""attendance_count"":17,""install_day"":""2025-07-30"",""total_payment_amount"":11000,""user_name"":""hyeong04"",""user_rank"":1308,""user_stage"":300}"
"stage_reached_300 (App)","W:22_0A:20_0","24","{""attendance_count"":24,""install_day"":""2025-07-22"",""total_payment_amount"":95700,""user_name"":""나류토"",""user_rank"":1307,""user_stage"":300}"
"stage_reached_300 (App)","W:20_0A:19_0","19","{""attendance_count"":19,""install_day"":""2025-07-27"",""total_payment_amount"":27500,""user_name"":""남방신주작"",""user_rank"":1308,""user_stage"":300}"
"stage_reached_300 (App)","W:23_0A:22_0","21","{""attendance_count"":21,""install_day"":""2025-07-25"",""total_payment_amount"":7700,""user_name"":""찹쌀누룽지"",""user_rank"":1361,""user_stage"":300}"
"stage_reached_300 (App)","W:23_0A:23_0","17","{""attendance_count"":17,""install_day"":""2025-07-29"",""total_payment_amount"":69300,""user_name"":""양승구"",""user_rank"":1339,""user_stage"":300}"
"stage_reached_300 (App)","W:20_0A:19_0","21","{""attendance_count"":21,""install_day"":""2025-07-26"",""total_payment_amount"":66000,""user_name"":""꿍도사"",""user_rank"":1323,""user_stage"":300}"
"stage_reached_300 (App)","W:21_0A:22_0","12","{""attendance_count"":12,""install_day"":""2025-08-03"",""total_payment_amount"":207900,""user_name"":""teamnose"",""user_rank"":1299,""user_stage"":300}"
"stage_reached_300 (App)","W:22_0A:19_0","20","{""attendance_count"":20,""install_day"":""2025-07-26"",""total_payment_amount"":106700,""user_name"":""길몬"",""user_rank"":1264,""user_stage"":300}"
"stage_reached_300 (App)","W:22_0A:19_0","23","{""attendance_count"":23,""install_day"":""2025-07-24"",""total_payment_amount"":40700,""user_name"":""갓생"",""user_rank"":1393,""user_stage"":300}"
"stage_reached_300 (App)","W:21_0A:20_0","29","{""attendance_count"":29,""install_day"":""2025-07-18"",""total_payment_amount"":29700,""user_name"":""심바군"",""user_rank"":1301,""user_stage"":300}"
"stage_reached_300 (App)","W:20_0A:19_0","27","{""attendance_count"":27,""install_day"":""2025-07-20"",""total_payment_amount"":7700,""user_name"":""달군"",""user_rank"":1352,""user_stage"":300}"
"stage_reached_300 (App)","W:22_0A:19_0","20","{""attendance_count"":20,""install_day"":""2025-07-27"",""total_payment_amount"":47300,""user_name"":""아기민돌"",""user_rank"":1296,""user_stage"":300}"
"stage_reached_300 (App)","W:20_0A:19_0","27","{""attendance_count"":27,""install_day"":""2025-07-19"",""total_payment_amount"":7700,""user_name"":""Yeo"",""user_rank"":1316,""user_stage"":300}"
"stage_reached_300 (App)","W:20_0A:19_0","15","{""attendance_count"":15,""install_day"":""2025-07-17"",""total_payment_amount"":205700,""user_name"":""초행"",""user_rank"":1366,""user_stage"":300}"
"stage_reached_300 (App)","W:23_0A:19_0","13","{""attendance_count"":13,""install_day"":""2025-08-03"",""total_payment_amount"":17600,""user_name"":""1부소"",""user_rank"":1330,""user_stage"":300}"
"stage_reached_300 (App)","W:21_0A:21_0","26","{""attendance_count"":26,""install_day"":""2025-07-21"",""total_payment_amount"":7700,""user_name"":""가가파파"",""user_rank"":1342,""user_stage"":300}"
"stage_reached_300 (App)","W:20_0A:20_0","28","{""attendance_count"":28,""install_day"":""2025-07-19"",""total_payment_amount"":40700,""user_name"":""찌노"",""user_rank"":1341,""user_stage"":300}"
"stage_reached_300 (App)","W:22_0A:19_0","21","{""attendance_count"":21,""install_day"":""2025-07-26"",""total_payment_amount"":7700,""user_name"":""달순"",""user_rank"":1359,""user_stage"":300}"
"stage_reached_300 (App)","W:23_0A:19_0","20","{""attendance_count"":20,""install_day"":""2025-07-27"",""total_payment_amount"":7700,""user_name"":""쿠디슝"",""user_rank"":1308,""user_stage"":300}"
"stage_reached_300 (App)","W:23_0A:21_0","22","{""attendance_count"":22,""install_day"":""2025-07-21"",""total_payment_amount"":7700,""user_name"":""게시판"",""user_rank"":1323,""user_stage"":300}"
"stage_reached_300 (App)","W:22_0A:20_0","25","{""attendance_count"":25,""install_day"":""2025-07-22"",""total_payment_amount"":7700,""user_name"":""아키츠키"",""user_rank"":1298,""user_stage"":300}"
"stage_reached_300 (App)","W:23_0A:19_0","13","{""attendance_count"":13,""install_day"":""2025-08-03"",""total_payment_amount"":7700,""user_name"":""짝눈원숭이"",""user_rank"":1287,""user_stage"":300}"
"stage_reached_300 (App)","W:22_0A:23_0","27","{""attendance_count"":27,""install_day"":""2025-07-20"",""total_payment_amount"":7700,""user_name"":""JohnSnow"",""user_rank"":1282,""user_stage"":300}"
"stage_reached_300 (App)","W:22_0A:21_0","24","{""attendance_count"":24,""install_day"":""2025-07-23"",""total_payment_amount"":7700,""user_name"":""Renberto"",""user_rank"":1305,""user_stage"":300}"
"stage_reached_300 (App)","W:22_0A:22_0","27","{""attendance_count"":27,""install_day"":""2025-07-19"",""total_payment_amount"":7700,""user_name"":""귤까면너줄게"",""user_rank"":1372,""user_stage"":300}"
"stage_reached_300 (App)","W:22_0A:19_0","20","{""attendance_count"":20,""install_day"":""2025-07-26"",""total_payment_amount"":7700,""user_name"":""테슬라몰빵"",""user_rank"":1349,""user_stage"":300}"
"stage_reached_300 (App)","W:22_0A:22_0","32","{""attendance_count"":32,""install_day"":""2025-07-15"",""total_payment_amount"":7700,""user_name"":""담배"",""user_rank"":1881,""user_stage"":300}"
"stage_reached_300 (App)","W:20_0A:19_0","21","{""attendance_count"":21,""install_day"":""2025-07-26"",""total_payment_amount"":7700,""user_name"":""기승전망"",""user_rank"":1277,""user_stage"":300}"
"stage_reached_300 (App)","W:20_0A:19_0","27","{""attendance_count"":27,""install_day"":""2025-07-19"",""total_payment_amount"":8800,""user_name"":""새도"",""user_rank"":1351,""user_stage"":300}"
"stage_reached_300 (App)","W:23_0A:21_0","9","{""attendance_count"":9,""install_day"":""2025-08-06"",""total_payment_amount"":133100,""user_name"":""suhyeon"",""user_rank"":1319,""user_stage"":300}"
"stage_reached_300 (App)","W:22_0A:19_0","20","{""attendance_count"":20,""install_day"":""2025-07-26"",""total_payment_amount"":7700,""user_name"":""정뚜억"",""user_rank"":1301,""user_stage"":300}"
"stage_reached_300 (App)","W:22_0A:19_0","26","{""attendance_count"":26,""install_day"":""2025-07-19"",""total_payment_amount"":7700,""user_name"":""노리치민히"",""user_rank"":1299,""user_stage"":300}"
"stage_reached_300 (App)","W:22_0A:20_0","15","{""attendance_count"":15,""install_day"":""2025-07-29"",""total_payment_amount"":242000,""user_name"":""비글"",""user_rank"":1300,""user_stage"":300}"
"stage_reached_300 (App)","W:22_0A:19_0","20","{""attendance_count"":20,""install_day"":""2025-07-27"",""total_payment_amount"":7700,""user_name"":""수배중"",""user_rank"":1485,""user_stage"":300}"
"stage_reached_300 (App)","W:23_0A:20_0","15","{""attendance_count"":15,""install_day"":""2025-08-01"",""total_payment_amount"":7700,""user_name"":""kjhkjh"",""user_rank"":1316,""user_stage"":300}"
"stage_reached_300 (App)","W:20_0A:22_0","22","{""attendance_count"":22,""install_day"":""2025-07-25"",""total_payment_amount"":7700,""user_name"":""더베"",""user_rank"":1274,""user_stage"":300}"
"stage_reached_300 (App)","W:22_0A:21_0","26","{""attendance_count"":26,""install_day"":""2025-07-21"",""total_payment_amount"":7700,""user_name"":""노바디노"",""user_rank"":1393,""user_stage"":300}"
"stage_reached_300 (App)","W:22_0A:19_0","20","{""attendance_count"":20,""install_day"":""2025-07-27"",""total_payment_amount"":7700,""user_name"":""더부센"",""user_rank"":1307,""user_stage"":300}"
"stage_reached_300 (App)","W:23_0A:20_0","31","{""attendance_count"":31,""install_day"":""2025-07-15"",""total_payment_amount"":0,""user_name"":""쥐샥기"",""user_rank"":1847,""user_stage"":300}"
"stage_reached_300 (App)","W:21_0A:19_0","19","{""attendance_count"":19,""install_day"":""2025-07-28"",""total_payment_amount"":7700,""user_name"":""오이짱"",""user_rank"":1380,""user_stage"":300}"
"stage_reached_300 (App)","W:22_0A:22_0","21","{""attendance_count"":21,""install_day"":""2025-07-26"",""total_payment_amount"":7700,""user_name"":""하온왕자"",""user_rank"":1266,""user_stage"":300}"
"stage_reached_300 (App)","W:23_0A:20_0","18","{""attendance_count"":18,""install_day"":""2025-07-29"",""total_payment_amount"":42900,""user_name"":""진영도령"",""user_rank"":1259,""user_stage"":300}"
"stage_reached_300 (App)","W:22_0A:19_0","29","{""attendance_count"":29,""install_day"":""2025-07-18"",""total_payment_amount"":7700,""user_name"":""개냥OI"",""user_rank"":1266,""user_stage"":300}"
"stage_reached_300 (App)","W:23_0A:20_0","17","{""attendance_count"":17,""install_day"":""2025-07-30"",""total_payment_amount"":14300,""user_name"":""홍키"",""user_rank"":1256,""user_stage"":300}"
"stage_reached_300 (App)","W:21_0A:19_0","26","{""attendance_count"":26,""install_day"":""2025-07-19"",""total_payment_amount"":7700,""user_name"":""모지"",""user_rank"":1266,""user_stage"":300}"
"stage_reached_300 (App)","W:22_0A:19_0","21","{""attendance_count"":21,""install_day"":""2025-07-25"",""total_payment_amount"":7700,""user_name"":""오프너지니"",""user_rank"":1286,""user_stage"":300}"
"stage_reached_300 (App)","W:22_0A:20_0","21","{""attendance_count"":21,""install_day"":""2025-07-25"",""total_payment_amount"":7700,""user_name"":""너는누구세요"",""user_rank"":1264,""user_stage"":300}"
"stage_reached_300 (App)","W:22_0A:19_0","25","{""attendance_count"":25,""install_day"":""2025-07-19"",""total_payment_amount"":7700,""user_name"":""레곤즈"",""user_rank"":1256,""user_stage"":300}"
"stage_reached_300 (App)","W:20_0A:19_0","15","{""attendance_count"":15,""install_day"":""2025-07-31"",""total_payment_amount"":62700,""user_name"":""맥심"",""user_rank"":1276,""user_stage"":300}"
"stage_reached_300 (App)","W:22_0A:21_0","24","{""attendance_count"":24,""install_day"":""2025-07-20"",""total_payment_amount"":20900,""user_name"":""드주낵"",""user_rank"":1274,""user_stage"":300}"
"stage_reached_300 (App)","W:22_0A:20_0","24","{""attendance_count"":24,""install_day"":""2025-07-22"",""total_payment_amount"":7700,""user_name"":""진화론"",""user_rank"":1273,""user_stage"":300}"
"stage_reached_300 (App)","W:22_0A:19_0","27","{""attendance_count"":27,""install_day"":""2025-07-19"",""total_payment_amount"":0,""user_name"":""하하로"",""user_rank"":1365,""user_stage"":300}"
"stage_reached_300 (App)","W:22_0A:20_0","28","{""attendance_count"":28,""install_day"":""2025-07-18"",""total_payment_amount"":0,""user_name"":""곤뇽"",""user_rank"":1339,""user_stage"":300}"
"stage_reached_300 (App)","W:20_0A:19_0","29","{""attendance_count"":29,""install_day"":""2025-07-17"",""total_payment_amount"":7700,""user_name"":""로디악"",""user_rank"":1280,""user_stage"":300}"
"stage_reached_300 (App)","W:20_0A:19_0","21","{""attendance_count"":21,""install_day"":""2025-07-25"",""total_payment_amount"":27500,""user_name"":""조디악"",""user_rank"":1256,""user_stage"":300}"
"stage_reached_300 (App)","W:22_0A:22_0","25","{""attendance_count"":25,""install_day"":""2025-07-18"",""total_payment_amount"":7700,""user_name"":""백캐노"",""user_rank"":1457,""user_stage"":300}"
"stage_reached_300 (App)","W:22_0A:19_0","23","{""attendance_count"":23,""install_day"":""2025-07-23"",""total_payment_amount"":11000,""user_name"":""노을과낭만"",""user_rank"":1516,""user_stage"":300}"
"stage_reached_300 (App)","W:20_0A:19_0","25","{""attendance_count"":25,""install_day"":""2025-07-16"",""total_payment_amount"":124300,""user_name"":""duck"",""user_rank"":1325,""user_stage"":300}"
"stage_reached_300 (App)","W:22_0A:19_0","23","{""attendance_count"":23,""install_day"":""2025-07-22"",""total_payment_amount"":7700,""user_name"":""지효효"",""user_rank"":1268,""user_stage"":300}"
"stage_reached_300 (App)","W:20_0A:19_0","24","{""attendance_count"":24,""install_day"":""2025-07-22"",""total_payment_amount"":7700,""user_name"":""그것이나다"",""user_rank"":1294,""user_stage"":300}"
"stage_reached_300 (App)","W:23_0A:20_0","9","{""attendance_count"":9,""install_day"":""2025-08-06"",""total_payment_amount"":150700,""user_name"":""더블율"",""user_rank"":1274,""user_stage"":300}"
"stage_reached_300 (App)","W:23_0A:19_0","28","{""attendance_count"":28,""install_day"":""2025-07-18"",""total_payment_amount"":7700,""user_name"":""Green"",""user_rank"":1361,""user_stage"":300}"
"stage_reached_300 (App)","W:20_0A:19_0","28","{""attendance_count"":28,""install_day"":""2025-07-17"",""total_payment_amount"":19800,""user_name"":""하성"",""user_rank"":1292,""user_stage"":300}"
"stage_reached_300 (App)","W:23_0A:20_0","22","{""attendance_count"":22,""install_day"":""2025-07-24"",""total_payment_amount"":7700,""user_name"":""테슬라곱버스"",""user_rank"":1249,""user_stage"":300}"
"stage_reached_300 (App)","W:22_0A:20_0","17","{""attendance_count"":17,""install_day"":""2025-07-29"",""total_payment_amount"":7700,""user_name"":""난세의나미"",""user_rank"":1262,""user_stage"":300}"
"stage_reached_300 (App)","W:22_0A:20_0","27","{""attendance_count"":27,""install_day"":""2025-07-18"",""total_payment_amount"":0,""user_name"":""fromis9"",""user_rank"":1262,""user_stage"":300}"
"stage_reached_300 (App)","W:20_0A:19_0","17","{""attendance_count"":17,""install_day"":""2025-07-28"",""total_payment_amount"":33000,""user_name"":""v바나나우유v"",""user_rank"":1241,""user_stage"":300}"
"stage_reached_300 (App)","W:23_0A:21_0","15","{""attendance_count"":15,""install_day"":""2025-07-30"",""total_payment_amount"":113300,""user_name"":""이쏘지"",""user_rank"":1290,""user_stage"":300}"
"stage_reached_300 (App)","W:20_0A:19_0","19","{""attendance_count"":19,""install_day"":""2025-07-26"",""total_payment_amount"":7700,""user_name"":""한국사능력검정"",""user_rank"":1246,""user_stage"":300}"
"stage_reached_300 (App)","W:21_0A:21_0","28","{""attendance_count"":28,""install_day"":""2025-07-18"",""total_payment_amount"":36300,""user_name"":""장마"",""user_rank"":1240,""user_stage"":300}"
"stage_reached_300 (App)","W:22_0A:20_0","26","{""attendance_count"":26,""install_day"":""2025-07-20"",""total_payment_amount"":7700,""user_name"":""쭈꾸쭈꾸"",""user_rank"":1246,""user_stage"":300}"
"stage_reached_300 (App)","W:22_0A:19_0","21","{""attendance_count"":21,""install_day"":""2025-07-24"",""total_payment_amount"":7700,""user_name"":""마마루"",""user_rank"":1260,""user_stage"":300}"
"stage_reached_300 (App)","W:23_0A:22_0","12","{""attendance_count"":12,""install_day"":""2025-08-02"",""total_payment_amount"":111100,""user_name"":""푸르른달"",""user_rank"":1504,""user_stage"":300}"
"stage_reached_300 (App)","W:20_0A:19_0","22","{""attendance_count"":22,""install_day"":""2024-12-05"",""total_payment_amount"":44000,""user_name"":""대날두"",""user_rank"":1846,""user_stage"":300}"
"stage_reached_300 (App)","W:22_0A:19_0","21","{""attendance_count"":21,""install_day"":""2025-07-25"",""total_payment_amount"":18700,""user_name"":""하얀늑대들"",""user_rank"":1239,""user_stage"":300}"
"stage_reached_300 (App)","W:21_0A:21_0","12","{""attendance_count"":12,""install_day"":""2025-08-03"",""total_payment_amount"":352000,""user_name"":""선장"",""user_rank"":1302,""user_stage"":300}"
"stage_reached_300 (App)","W:22_0A:19_0","21","{""attendance_count"":21,""install_day"":""2025-07-22"",""total_payment_amount"":59400,""user_name"":""김영식"",""user_rank"":1324,""user_stage"":300}"
"stage_reached_300 (App)","W:20_0A:19_0","17","{""attendance_count"":17,""install_day"":""2025-07-29"",""total_payment_amount"":7700,""user_name"":""떵호예은"",""user_rank"":1203,""user_stage"":300}"
"stage_reached_300 (App)","W:22_0A:19_0","25","{""attendance_count"":25,""install_day"":""2025-07-21"",""total_payment_amount"":7700,""user_name"":""몽키K"",""user_rank"":1404,""user_stage"":300}"
"stage_reached_300 (App)","W:23_0A:19_0","12","{""attendance_count"":12,""install_day"":""2025-08-03"",""total_payment_amount"":7700,""user_name"":""레전필"",""user_rank"":1225,""user_stage"":300}"
"stage_reached_300 (App)","W:20_0A:19_0","22","{""attendance_count"":22,""install_day"":""2025-07-24"",""total_payment_amount"":7700,""user_name"":""리오넬맹기"",""user_rank"":1243,""user_stage"":300}"
"stage_reached_300 (App)","W:22_0A:20_0","26","{""attendance_count"":26,""install_day"":""2025-07-19"",""total_payment_amount"":7700,""user_name"":""rorori"",""user_rank"":1233,""user_stage"":300}"
"stage_reached_300 (App)","W:23_0A:19_0","15","{""attendance_count"":15,""install_day"":""2025-07-30"",""total_payment_amount"":7700,""user_name"":""은빛비"",""user_rank"":1252,""user_stage"":300}"
"stage_reached_300 (App)","W:22_0A:22_0","21","{""attendance_count"":21,""install_day"":""2025-07-24"",""total_payment_amount"":143000,""user_name"":""로머드"",""user_rank"":1273,""user_stage"":300}"
"stage_reached_300 (App)","W:23_0A:22_0","13","{""attendance_count"":13,""install_day"":""2025-08-02"",""total_payment_amount"":18700,""user_name"":""현무암"",""user_rank"":1252,""user_stage"":300}"
"stage_reached_300 (App)","W:22_0A:21_0","27","{""attendance_count"":27,""install_day"":""2025-07-19"",""total_payment_amount"":7700,""user_name"":""윤수서시"",""user_rank"":1271,""user_stage"":300}"
"stage_reached_300 (App)","W:21_0A:22_0","21","{""attendance_count"":21,""install_day"":""2025-07-24"",""total_payment_amount"":7700,""user_name"":""너를향한지도"",""user_rank"":1221,""user_stage"":300}"
"stage_reached_300 (App)","W:20_0A:19_0","26","{""attendance_count"":26,""install_day"":""2025-07-19"",""total_payment_amount"":7700,""user_name"":""채린"",""user_rank"":1313,""user_stage"":300}"
"stage_reached_300 (App)","W:22_0A:19_0","26","{""attendance_count"":26,""install_day"":""2025-07-21"",""total_payment_amount"":7700,""user_name"":""애도"",""user_rank"":1217,""user_stage"":300}"
"stage_reached_300 (App)","W:21_0A:19_0","15","{""attendance_count"":15,""install_day"":""2025-07-31"",""total_payment_amount"":7700,""user_name"":""cozy"",""user_rank"":1209,""user_stage"":300}"
"stage_reached_300 (App)","W:22_0A:19_0","13","{""attendance_count"":13,""install_day"":""2025-08-02"",""total_payment_amount"":170500,""user_name"":""국밥맛킷캣"",""user_rank"":1232,""user_stage"":300}"
"stage_reached_300 (App)","W:21_0A:19_0","16","{""attendance_count"":16,""install_day"":""2025-07-30"",""total_payment_amount"":40700,""user_name"":""신난노비"",""user_rank"":1215,""user_stage"":300}"
"stage_reached_300 (App)","W:23_0A:20_0","29","{""attendance_count"":29,""install_day"":""2025-07-17"",""total_payment_amount"":7700,""user_name"":""OF47"",""user_rank"":1229,""user_stage"":300}"
"stage_reached_300 (App)","W:23_0A:22_0","30","{""attendance_count"":30,""install_day"":""2025-07-16"",""total_payment_amount"":0,""user_name"":""루카스o"",""user_rank"":1241,""user_stage"":300}"
"stage_reached_300 (App)","W:22_0A:22_0","22","{""attendance_count"":22,""install_day"":""2025-07-24"",""total_payment_amount"":7700,""user_name"":""문드르륵"",""user_rank"":1790,""user_stage"":300}"
"stage_reached_300 (App)","W:22_0A:21_0","24","{""attendance_count"":24,""install_day"":""2025-07-21"",""total_payment_amount"":7700,""user_name"":""톰과제리"",""user_rank"":1259,""user_stage"":300}"
"stage_reached_300 (App)","W:22_0A:19_0","26","{""attendance_count"":26,""install_day"":""2025-07-19"",""total_payment_amount"":7700,""user_name"":""플딱아재"",""user_rank"":1369,""user_stage"":300}"
"stage_reached_300 (App)","W:21_0A:19_0","22","{""attendance_count"":22,""install_day"":""2025-07-24"",""total_payment_amount"":7700,""user_name"":""진니크"",""user_rank"":1215,""user_stage"":300}"
"stage_reached_300 (App)","W:22_0A:19_0","20","{""attendance_count"":20,""install_day"":""2025-07-26"",""total_payment_amount"":7700,""user_name"":""불짜장"",""user_rank"":1363,""user_stage"":300}"
"stage_reached_300 (App)","W:22_0A:20_0","21","{""attendance_count"":21,""install_day"":""2025-07-25"",""total_payment_amount"":29700,""user_name"":""포코로"",""user_rank"":1281,""user_stage"":300}"
"stage_reached_300 (App)","W:22_0A:20_0","23","{""attendance_count"":23,""install_day"":""2025-07-21"",""total_payment_amount"":7700,""user_name"":""두두두두"",""user_rank"":1225,""user_stage"":300}"
"stage_reached_300 (App)","W:22_0A:19_0","27","{""attendance_count"":27,""install_day"":""2025-07-19"",""total_payment_amount"":7700,""user_name"":""곰맛"",""user_rank"":1225,""user_stage"":300}"
"stage_reached_300 (App)","W:22_0A:19_0","24","{""attendance_count"":24,""install_day"":""2025-07-22"",""total_payment_amount"":7700,""user_name"":""초복중복말복"",""user_rank"":1205,""user_stage"":300}"
"stage_reached_300 (App)","W:22_0A:20_0","20","{""attendance_count"":20,""install_day"":""2025-07-26"",""total_payment_amount"":7700,""user_name"":""호박벌"",""user_rank"":1281,""user_stage"":300}"
"stage_reached_300 (App)","W:22_0A:19_0","26","{""attendance_count"":26,""install_day"":""2025-07-20"",""total_payment_amount"":7700,""user_name"":""흑골"",""user_rank"":1211,""user_stage"":300}"
"stage_reached_300 (App)","W:22_0A:20_0","26","{""attendance_count"":26,""install_day"":""2025-07-20"",""total_payment_amount"":7700,""user_name"":""벨로나"",""user_rank"":1204,""user_stage"":300}"
"stage_reached_300 (App)","W:21_0A:20_0","23","{""attendance_count"":23,""install_day"":""2025-07-23"",""total_payment_amount"":23100,""user_name"":""코디악"",""user_rank"":1232,""user_stage"":300}"
"stage_reached_300 (App)","W:22_0A:21_0","27","{""attendance_count"":27,""install_day"":""2025-07-18"",""total_payment_amount"":7700,""user_name"":""주영"",""user_rank"":1204,""user_stage"":300}"
"stage_reached_300 (App)","W:22_0A:19_0","28","{""attendance_count"":28,""install_day"":""2025-07-17"",""total_payment_amount"":7700,""user_name"":""아이동노우"",""user_rank"":1322,""user_stage"":300}"
"stage_reached_300 (App)","W:22_0A:23_0","15","{""attendance_count"":15,""install_day"":""2025-07-31"",""total_payment_amount"":125400,""user_name"":""갬성"",""user_rank"":1232,""user_stage"":300}"
"stage_reached_300 (App)","W:22_0A:19_0","25","{""attendance_count"":25,""install_day"":""2025-07-21"",""total_payment_amount"":7700,""user_name"":""뇽뇽이"",""user_rank"":1382,""user_stage"":300}"
"stage_reached_300 (App)","W:22_0A:20_0","19","{""attendance_count"":19,""install_day"":""2025-07-27"",""total_payment_amount"":27500,""user_name"":""김안축"",""user_rank"":1218,""user_stage"":300}"
"stage_reached_300 (App)","W:22_0A:19_0","19","{""attendance_count"":19,""install_day"":""2025-07-27"",""total_payment_amount"":18700,""user_name"":""전사법사"",""user_rank"":1294,""user_stage"":300}"
"stage_reached_300 (App)","W:23_0A:21_0","26","{""attendance_count"":26,""install_day"":""2025-07-20"",""total_payment_amount"":11000,""user_name"":""hansaco"",""user_rank"":1214,""user_stage"":300}"
"stage_reached_300 (App)","W:21_0A:22_0","28","{""attendance_count"":28,""install_day"":""2025-07-17"",""total_payment_amount"":7700,""user_name"":""하람온"",""user_rank"":1213,""user_stage"":300}"
"stage_reached_300 (App)","W:22_0A:19_0","23","{""attendance_count"":23,""install_day"":""2025-07-22"",""total_payment_amount"":7700,""user_name"":""충무우공"",""user_rank"":1292,""user_stage"":300}"
"stage_reached_300 (App)","W:22_0A:19_0","16","{""attendance_count"":16,""install_day"":""2025-07-18"",""total_payment_amount"":162800,""user_name"":""이몽타"",""user_rank"":1719,""user_stage"":300}"
"stage_reached_300 (App)","W:22_0A:19_0","21","{""attendance_count"":21,""install_day"":""2025-07-24"",""total_payment_amount"":7700,""user_name"":""김쿠니"",""user_rank"":1259,""user_stage"":300}"
"stage_reached_300 (App)","W:22_0A:19_0","24","{""attendance_count"":24,""install_day"":""2025-07-21"",""total_payment_amount"":7700,""user_name"":""스멜"",""user_rank"":1232,""user_stage"":300}"
"stage_reached_300 (App)","W:21_0A:19_0","27","{""attendance_count"":27,""install_day"":""2025-07-18"",""total_payment_amount"":7700,""user_name"":""치우비"",""user_rank"":1218,""user_stage"":300}"
"stage_reached_300 (App)","W:20_0A:19_0","26","{""attendance_count"":26,""install_day"":""2025-07-19"",""total_payment_amount"":0,""user_name"":""빗치"",""user_rank"":1174,""user_stage"":300}"
"stage_reached_300 (App)","W:23_0A:19_0","13","{""attendance_count"":13,""install_day"":""2025-08-02"",""total_payment_amount"":7700,""user_name"":""유진버프"",""user_rank"":1178,""user_stage"":300}"
"stage_reached_300 (App)","W:22_0A:22_0","28","{""attendance_count"":28,""install_day"":""2025-07-18"",""total_payment_amount"":172700,""user_name"":""어디서"",""user_rank"":1180,""user_stage"":300}"
"stage_reached_300 (App)","W:20_0A:19_0","16","{""attendance_count"":16,""install_day"":""2025-07-29"",""total_payment_amount"":62700,""user_name"":""ENS"",""user_rank"":1208,""user_stage"":300}"
"stage_reached_300 (App)","W:22_0A:20_0","24","{""attendance_count"":24,""install_day"":""2025-07-22"",""total_payment_amount"":26400,""user_name"":""태승"",""user_rank"":1276,""user_stage"":300}"
"stage_reached_300 (App)","W:22_0A:19_0","19","{""attendance_count"":19,""install_day"":""2025-07-27"",""total_payment_amount"":7700,""user_name"":""운타이"",""user_rank"":1299,""user_stage"":300}"
"stage_reached_300 (App)","W:22_0A:19_0","19","{""attendance_count"":19,""install_day"":""2025-07-27"",""total_payment_amount"":7700,""user_name"":""BlessG"",""user_rank"":1399,""user_stage"":300}"
"stage_reached_300 (App)","W:20_0A:19_0","17","{""attendance_count"":17,""install_day"":""2025-07-26"",""total_payment_amount"":40700,""user_name"":""조디리"",""user_rank"":1178,""user_stage"":300}"
"stage_reached_300 (App)","W:20_0A:19_0","16","{""attendance_count"":16,""install_day"":""2025-07-29"",""total_payment_amount"":27500,""user_name"":""미스터제로"",""user_rank"":1175,""user_stage"":300}"
"stage_reached_300 (App)","W:23_0A:19_0","8","{""attendance_count"":8,""install_day"":""2025-08-05"",""total_payment_amount"":152900,""user_name"":""리혜"",""user_rank"":1266,""user_stage"":300}"
"stage_reached_300 (App)","W:22_0A:21_0","28","{""attendance_count"":28,""install_day"":""2025-07-17"",""total_payment_amount"":51700,""user_name"":""김재칠"",""user_rank"":1194,""user_stage"":300}"
"stage_reached_300 (App)","W:22_0A:21_0","21","{""attendance_count"":21,""install_day"":""2025-07-24"",""total_payment_amount"":128700,""user_name"":""k루인"",""user_rank"":1180,""user_stage"":300}"
"stage_reached_300 (App)","W:20_0A:19_0","24","{""attendance_count"":24,""install_day"":""2025-07-18"",""total_payment_amount"":7700,""user_name"":""RUGA"",""user_rank"":1178,""user_stage"":300}"
"stage_reached_300 (App)","W:22_0A:20_0","25","{""attendance_count"":25,""install_day"":""2025-07-20"",""total_payment_amount"":7700,""user_name"":""해롱"",""user_rank"":1177,""user_stage"":300}"
"stage_reached_300 (App)","W:23_0A:20_0","25","{""attendance_count"":25,""install_day"":""2025-07-19"",""total_payment_amount"":0,""user_name"":""1충1"",""user_rank"":1171,""user_stage"":300}"
"stage_reached_300 (App)","W:22_0A:19_0","20","{""attendance_count"":20,""install_day"":""2025-07-25"",""total_payment_amount"":7700,""user_name"":""지평선의악마"",""user_rank"":1169,""user_stage"":300}"
"stage_reached_300 (App)","W:22_0A:19_0","22","{""attendance_count"":22,""install_day"":""2025-07-23"",""total_payment_amount"":7700,""user_name"":""잠온다1"",""user_rank"":1292,""user_stage"":300}"
"stage_reached_300 (App)","W:20_0A:19_0","24","{""attendance_count"":24,""install_day"":""2025-07-19"",""total_payment_amount"":7700,""user_name"":""왕슈"",""user_rank"":1326,""user_stage"":300}"
"stage_reached_300 (App)","W:22_0A:20_0","6","{""attendance_count"":6,""install_day"":""2025-08-08"",""total_payment_amount"":328900,""user_name"":""무진장큰스님"",""user_rank"":1175,""user_stage"":300}"
"stage_reached_300 (App)","W:22_0A:20_0","21","{""attendance_count"":21,""install_day"":""2025-07-24"",""total_payment_amount"":7700,""user_name"":""나정아"",""user_rank"":1185,""user_stage"":300}"
"stage_reached_300 (App)","W:22_0A:19_0","25","{""attendance_count"":25,""install_day"":""2025-07-19"",""total_payment_amount"":7700,""user_name"":""Ruoo"",""user_rank"":1162,""user_stage"":300}"
"stage_reached_300 (App)","W:20_0A:22_0","24","{""attendance_count"":24,""install_day"":""2025-07-20"",""total_payment_amount"":40700,""user_name"":""하인드킬"",""user_rank"":1209,""user_stage"":300}"
"stage_reached_300 (App)","W:23_0A:20_0","28","{""attendance_count"":28,""install_day"":""2025-07-16"",""total_payment_amount"":7700,""user_name"":""탕탕너구리"",""user_rank"":1289,""user_stage"":300}"
"stage_reached_300 (App)","W:23_0A:22_0","19","{""attendance_count"":19,""install_day"":""2025-07-25"",""total_payment_amount"":7700,""user_name"":""민서은서아빠"",""user_rank"":1164,""user_stage"":300}"
"stage_reached_300 (App)","W:20_0A:19_0","16","{""attendance_count"":16,""install_day"":""2025-07-29"",""total_payment_amount"":22000,""user_name"":""제갈시온"",""user_rank"":1161,""user_stage"":300}"
"stage_reached_300 (App)","W:20_0A:19_0","26","{""attendance_count"":26,""install_day"":""2025-07-19"",""total_payment_amount"":0,""user_name"":""송하냥"",""user_rank"":1183,""user_stage"":300}"
"stage_reached_300 (App)","W:22_0A:19_0","17","{""attendance_count"":17,""install_day"":""2025-07-28"",""total_payment_amount"":20900,""user_name"":""뷔제"",""user_rank"":1161,""user_stage"":300}"
"stage_reached_300 (App)","W:22_0A:22_0","21","{""attendance_count"":21,""install_day"":""2025-07-23"",""total_payment_amount"":7700,""user_name"":""별로"",""user_rank"":1225,""user_stage"":300}"
"stage_reached_300 (App)","W:21_0A:19_0","24","{""attendance_count"":24,""install_day"":""2025-07-21"",""total_payment_amount"":7700,""user_name"":""바나나킥"",""user_rank"":1147,""user_stage"":300}"
"stage_reached_300 (App)","W:20_0A:22_0","26","{""attendance_count"":26,""install_day"":""2025-07-18"",""total_payment_amount"":7700,""user_name"":""한국사일타강사"",""user_rank"":1159,""user_stage"":300}"
"stage_reached_300 (App)","W:21_0A:19_0","13","{""attendance_count"":13,""install_day"":""2025-07-31"",""total_payment_amount"":51700,""user_name"":""IPZA"",""user_rank"":1164,""user_stage"":300}"
"stage_reached_300 (App)","W:21_0A:19_0","14","{""attendance_count"":14,""install_day"":""2025-07-31"",""total_payment_amount"":64900,""user_name"":""간동원"",""user_rank"":1159,""user_stage"":300}"
"stage_reached_300 (App)","W:23_0A:20_0","26","{""attendance_count"":26,""install_day"":""2025-07-19"",""total_payment_amount"":7700,""user_name"":""동구랑땡"",""user_rank"":1369,""user_stage"":300}"
"stage_reached_300 (App)","W:23_0A:19_0","19","{""attendance_count"":19,""install_day"":""2025-07-26"",""total_payment_amount"":7700,""user_name"":""호박설기"",""user_rank"":1180,""user_stage"":300}"
"stage_reached_300 (App)","W:21_0A:20_0","18","{""attendance_count"":18,""install_day"":""2025-07-25"",""total_payment_amount"":41800,""user_name"":""as24"",""user_rank"":1168,""user_stage"":300}"
"stage_reached_300 (App)","W:22_0A:19_0","25","{""attendance_count"":25,""install_day"":""2025-07-20"",""total_payment_amount"":31900,""user_name"":""매운맛루이"",""user_rank"":1221,""user_stage"":300}"
"stage_reached_300 (App)","W:22_0A:19_0","23","{""attendance_count"":23,""install_day"":""2025-07-22"",""total_payment_amount"":29700,""user_name"":""신효"",""user_rank"":1396,""user_stage"":300}"
"stage_reached_300 (App)","W:21_0A:19_0","17","{""attendance_count"":17,""install_day"":""2025-07-28"",""total_payment_amount"":172700,""user_name"":""톰달"",""user_rank"":1242,""user_stage"":300}"
"stage_reached_300 (App)","W:22_0A:19_0","26","{""attendance_count"":26,""install_day"":""2025-07-17"",""total_payment_amount"":9900,""user_name"":""푸푸푸"",""user_rank"":1348,""user_stage"":300}"
"stage_reached_300 (App)","W:21_0A:19_0","14","{""attendance_count"":14,""install_day"":""2025-07-30"",""total_payment_amount"":36300,""user_name"":""알로아오에"",""user_rank"":1143,""user_stage"":300}"
"stage_reached_300 (App)","W:20_0A:19_0","21","{""attendance_count"":21,""install_day"":""2025-07-24"",""total_payment_amount"":7700,""user_name"":""도호"",""user_rank"":1158,""user_stage"":300}"
"stage_reached_300 (App)","W:22_0A:19_0","25","{""attendance_count"":25,""install_day"":""2025-07-20"",""total_payment_amount"":7700,""user_name"":""피엔나리"",""user_rank"":1722,""user_stage"":300}"
"stage_reached_300 (App)","W:14_0A:20_0","24","{""attendance_count"":24,""install_day"":""2025-07-21"",""total_payment_amount"":7700,""user_name"":""작은세상큰꿈"",""user_rank"":1143,""user_stage"":300}"
"stage_reached_300 (App)","W:22_0A:19_0","24","{""attendance_count"":24,""install_day"":""2025-07-21"",""total_payment_amount"":7700,""user_name"":""투명슬라임"",""user_rank"":1134,""user_stage"":300}"
"stage_reached_300 (App)","W:22_0A:20_0","28","{""attendance_count"":28,""install_day"":""2025-07-16"",""total_payment_amount"":7700,""user_name"":""쿠크리"",""user_rank"":1193,""user_stage"":300}"
"stage_reached_300 (App)","W:22_0A:19_0","19","{""attendance_count"":19,""install_day"":""2025-07-24"",""total_payment_amount"":29700,""user_name"":""비깨도"",""user_rank"":1134,""user_stage"":300}"
"stage_reached_300 (App)","W:20_0A:19_0","21","{""attendance_count"":21,""install_day"":""2025-07-24"",""total_payment_amount"":11000,""user_name"":""폭제"",""user_rank"":1191,""user_stage"":300}"
"stage_reached_300 (App)","W:23_0A:22_0","17","{""attendance_count"":17,""install_day"":""2025-07-27"",""total_payment_amount"":7700,""user_name"":""드라리"",""user_rank"":1133,""user_stage"":300}"
"stage_reached_300 (App)","W:22_0A:23_0","20","{""attendance_count"":20,""install_day"":""2025-07-24"",""total_payment_amount"":84700,""user_name"":""들개군단"",""user_rank"":1148,""user_stage"":300}"
"stage_reached_300 (App)","W:22_0A:20_0","26","{""attendance_count"":26,""install_day"":""2025-07-18"",""total_payment_amount"":7700,""user_name"":""익토"",""user_rank"":1131,""user_stage"":300}"
"stage_reached_300 (App)","W:22_0A:21_0","29","{""attendance_count"":29,""install_day"":""2025-07-16"",""total_payment_amount"":7700,""user_name"":""호빵도령"",""user_rank"":1137,""user_stage"":300}"
"stage_reached_300 (App)","W:20_0A:19_0","26","{""attendance_count"":26,""install_day"":""2025-07-19"",""total_payment_amount"":7700,""user_name"":""쫑이염"",""user_rank"":1228,""user_stage"":300}"
"stage_reached_300 (App)","W:20_0A:19_0","21","{""attendance_count"":21,""install_day"":""2025-07-22"",""total_payment_amount"":7700,""user_name"":""캡틴용박"",""user_rank"":1156,""user_stage"":300}"
"stage_reached_300 (App)","W:22_0A:19_0","24","{""attendance_count"":24,""install_day"":""2025-07-21"",""total_payment_amount"":7700,""user_name"":""백히랑"",""user_rank"":1251,""user_stage"":300}"
"stage_reached_300 (App)","W:22_0A:19_0","21","{""attendance_count"":21,""install_day"":""2025-07-20"",""total_payment_amount"":53900,""user_name"":""손Zi"",""user_rank"":1645,""user_stage"":300}"
"stage_reached_300 (App)","W:22_0A:20_0","25","{""attendance_count"":25,""install_day"":""2025-07-20"",""total_payment_amount"":7700,""user_name"":""심심한걸"",""user_rank"":1154,""user_stage"":300}"
"stage_reached_300 (App)","W:20_0A:19_0","24","{""attendance_count"":24,""install_day"":""2025-07-21"",""total_payment_amount"":7700,""user_name"":""편각"",""user_rank"":1144,""user_stage"":300}"
"stage_reached_300 (App)","W:22_0A:19_0","23","{""attendance_count"":23,""install_day"":""2025-07-21"",""total_payment_amount"":7700,""user_name"":""국사형"",""user_rank"":1169,""user_stage"":300}"
"stage_reached_300 (App)","W:20_0A:19_0","21","{""attendance_count"":21,""install_day"":""2025-07-24"",""total_payment_amount"":44000,""user_name"":""내가왕이다"",""user_rank"":1151,""user_stage"":300}"
"stage_reached_300 (App)","W:23_0A:19_0","25","{""attendance_count"":25,""install_day"":""2025-07-20"",""total_payment_amount"":11000,""user_name"":""푸응"",""user_rank"":1137,""user_stage"":300}"
"stage_reached_300 (App)","W:22_0A:20_0","29","{""attendance_count"":29,""install_day"":""2025-07-16"",""total_payment_amount"":7700,""user_name"":""덕산"",""user_rank"":1137,""user_stage"":300}"
"stage_reached_300 (App)","W:20_0A:19_0","24","{""attendance_count"":24,""install_day"":""2025-07-21"",""total_payment_amount"":7700,""user_name"":""아제발"",""user_rank"":1124,""user_stage"":300}"
"stage_reached_300 (App)","W:21_0A:20_0","26","{""attendance_count"":26,""install_day"":""2025-07-19"",""total_payment_amount"":0,""user_name"":""부사교"",""user_rank"":1123,""user_stage"":300}"
"stage_reached_300 (App)","W:20_0A:19_0","26","{""attendance_count"":26,""install_day"":""2025-07-19"",""total_payment_amount"":7700,""user_name"":""momo2"",""user_rank"":1135,""user_stage"":300}"
"stage_reached_300 (App)","W:20_0A:19_0","20","{""attendance_count"":20,""install_day"":""2025-07-25"",""total_payment_amount"":7700,""user_name"":""KENZO"",""user_rank"":1163,""user_stage"":300}"
"stage_reached_300 (App)","W:22_0A:20_0","27","{""attendance_count"":27,""install_day"":""2025-07-18"",""total_payment_amount"":9900,""user_name"":""마요"",""user_rank"":1163,""user_stage"":300}"
"stage_reached_300 (App)","W:23_0A:22_0","29","{""attendance_count"":29,""install_day"":""2025-07-16"",""total_payment_amount"":480700,""user_name"":""육도선인"",""user_rank"":1130,""user_stage"":300}"
"stage_reached_300 (App)","W:21_0A:19_0","16","{""attendance_count"":16,""install_day"":""2025-07-29"",""total_payment_amount"":40700,""user_name"":""쵸기"",""user_rank"":1142,""user_stage"":300}"
"stage_reached_300 (App)","W:22_0A:19_0","22","{""attendance_count"":22,""install_day"":""2025-07-23"",""total_payment_amount"":40700,""user_name"":""백두혈통"",""user_rank"":1174,""user_stage"":300}"
"stage_reached_300 (App)","W:22_0A:20_0","23","{""attendance_count"":23,""install_day"":""2024-12-10"",""total_payment_amount"":7700,""user_name"":""루피해적단"",""user_rank"":1952,""user_stage"":300}"
"stage_reached_300 (App)","W:20_0A:19_0","19","{""attendance_count"":19,""install_day"":""2025-07-26"",""total_payment_amount"":40700,""user_name"":""권률"",""user_rank"":1187,""user_stage"":300}"
"stage_reached_300 (App)","W:20_0A:19_0","20","{""attendance_count"":20,""install_day"":""2025-07-25"",""total_payment_amount"":7700,""user_name"":""뚜구리"",""user_rank"":1127,""user_stage"":300}"
"stage_reached_300 (App)","W:22_0A:19_0","23","{""attendance_count"":23,""install_day"":""2025-07-22"",""total_payment_amount"":18700,""user_name"":""기본금"",""user_rank"":1357,""user_stage"":300}"
"stage_reached_300 (App)","W:22_0A:19_0","19","{""attendance_count"":19,""install_day"":""2025-07-25"",""total_payment_amount"":7700,""user_name"":""허이"",""user_rank"":1263,""user_stage"":300}"
"stage_reached_300 (App)","W:20_0A:19_0","14","{""attendance_count"":14,""install_day"":""2025-07-31"",""total_payment_amount"":95700,""user_name"":""손도이"",""user_rank"":1108,""user_stage"":300}"
"stage_reached_300 (App)","W:22_0A:19_0","24","{""attendance_count"":24,""install_day"":""2025-07-19"",""total_payment_amount"":33000,""user_name"":""견우와직쏘"",""user_rank"":1304,""user_stage"":300}"
"stage_reached_300 (App)","W:23_0A:23_0","24","{""attendance_count"":24,""install_day"":""2025-07-17"",""total_payment_amount"":62700,""user_name"":""초코국밥"",""user_rank"":1125,""user_stage"":300}"
"stage_reached_300 (App)","W:22_0A:19_0","19","{""attendance_count"":19,""install_day"":""2025-07-26"",""total_payment_amount"":66000,""user_name"":""례진"",""user_rank"":1272,""user_stage"":300}"
"stage_reached_300 (App)","W:22_0A:19_0","22","{""attendance_count"":22,""install_day"":""2025-07-20"",""total_payment_amount"":7700,""user_name"":""민초세멸"",""user_rank"":1109,""user_stage"":300}"
"stage_reached_300 (App)","W:22_0A:19_0","20","{""attendance_count"":20,""install_day"":""2025-07-23"",""total_payment_amount"":7700,""user_name"":""복규"",""user_rank"":1257,""user_stage"":300}"
"stage_reached_300 (App)","W:22_0A:20_0","25","{""attendance_count"":25,""install_day"":""2025-07-19"",""total_payment_amount"":7700,""user_name"":""송지효"",""user_rank"":1107,""user_stage"":300}"
"stage_reached_300 (App)","W:21_0A:19_0","27","{""attendance_count"":27,""install_day"":""2025-07-16"",""total_payment_amount"":7700,""user_name"":""jisung"",""user_rank"":1101,""user_stage"":300}"
"stage_reached_300 (App)","W:22_0A:20_0","20","{""attendance_count"":20,""install_day"":""2025-07-25"",""total_payment_amount"":7700,""user_name"":""김떡팔"",""user_rank"":1146,""user_stage"":300}"
"stage_reached_300 (App)","W:22_0A:21_0","19","{""attendance_count"":19,""install_day"":""2025-07-26"",""total_payment_amount"":41800,""user_name"":""아치발"",""user_rank"":1268,""user_stage"":300}"
"stage_reached_300 (App)","W:21_0A:20_0","8","{""attendance_count"":8,""install_day"":""2025-08-05"",""total_payment_amount"":244200,""user_name"":""펭구7"",""user_rank"":1117,""user_stage"":300}"
"stage_reached_300 (App)","W:22_0A:19_0","18","{""attendance_count"":18,""install_day"":""2025-07-27"",""total_payment_amount"":18700,""user_name"":""유실물보관소"",""user_rank"":1117,""user_stage"":300}"
"stage_reached_300 (App)","W:22_0A:19_0","22","{""attendance_count"":22,""install_day"":""2025-07-23"",""total_payment_amount"":7700,""user_name"":""bamuse"",""user_rank"":1125,""user_stage"":300}"
"stage_reached_300 (App)","W:20_0A:19_0","23","{""attendance_count"":23,""install_day"":""2025-07-21"",""total_payment_amount"":14300,""user_name"":""달데시마"",""user_rank"":1122,""user_stage"":300}"
"stage_reached_300 (App)","W:22_0A:19_0","18","{""attendance_count"":18,""install_day"":""2025-07-26"",""total_payment_amount"":7700,""user_name"":""풉풉이"",""user_rank"":1102,""user_stage"":300}"
"stage_reached_300 (App)","W:22_0A:19_0","19","{""attendance_count"":19,""install_day"":""2025-07-25"",""total_payment_amount"":7700,""user_name"":""하얀띠"",""user_rank"":1399,""user_stage"":300}"
"stage_reached_300 (App)","W:21_0A:19_0","18","{""attendance_count"":18,""install_day"":""2025-07-27"",""total_payment_amount"":0,""user_name"":""양현"",""user_rank"":1109,""user_stage"":300}"
"stage_reached_300 (App)","W:22_0A:22_0","28","{""attendance_count"":28,""install_day"":""2025-07-17"",""total_payment_amount"":0,""user_name"":""hduwk"",""user_rank"":1238,""user_stage"":300}"
"stage_reached_300 (App)","W:21_0A:19_0","20","{""attendance_count"":20,""install_day"":""2025-07-25"",""total_payment_amount"":7700,""user_name"":""단다단다"",""user_rank"":1287,""user_stage"":300}"
"stage_reached_300 (App)","W:20_0A:20_0","25","{""attendance_count"":25,""install_day"":""2025-07-20"",""total_payment_amount"":7700,""user_name"":""카레우동"",""user_rank"":1098,""user_stage"":300}"
"stage_reached_300 (App)","W:22_0A:19_0","24","{""attendance_count"":24,""install_day"":""2025-07-20"",""total_payment_amount"":7700,""user_name"":""물수제"",""user_rank"":1120,""user_stage"":300}"
"stage_reached_300 (App)","W:22_0A:19_0","18","{""attendance_count"":18,""install_day"":""2025-07-27"",""total_payment_amount"":14300,""user_name"":""남해"",""user_rank"":1136,""user_stage"":300}"
"stage_reached_300 (App)","W:22_0A:19_0","24","{""attendance_count"":24,""install_day"":""2025-07-21"",""total_payment_amount"":39600,""user_name"":""미야"",""user_rank"":1087,""user_stage"":300}"
"stage_reached_300 (App)","W:22_0A:19_0","24","{""attendance_count"":24,""install_day"":""2025-07-19"",""total_payment_amount"":40700,""user_name"":""대베"",""user_rank"":1141,""user_stage"":300}"
"stage_reached_300 (App)","W:22_0A:19_0","24","{""attendance_count"":24,""install_day"":""2025-07-19"",""total_payment_amount"":11000,""user_name"":""뮴윰"",""user_rank"":1108,""user_stage"":300}"
"stage_reached_300 (App)","W:22_0A:19_0","18","{""attendance_count"":18,""install_day"":""2025-07-26"",""total_payment_amount"":73700,""user_name"":""선학"",""user_rank"":1179,""user_stage"":300}"
"stage_reached_300 (App)","W:22_0A:20_0","26","{""attendance_count"":26,""install_day"":""2025-07-18"",""total_payment_amount"":40700,""user_name"":""털숩"",""user_rank"":1089,""user_stage"":300}"
"stage_reached_300 (App)","W:23_0A:22_0","26","{""attendance_count"":26,""install_day"":""2025-07-18"",""total_payment_amount"":62700,""user_name"":""챰퐁"",""user_rank"":1086,""user_stage"":300}"
"stage_reached_300 (App)","W:20_0A:19_0","23","{""attendance_count"":23,""install_day"":""2025-07-19"",""total_payment_amount"":7700,""user_name"":""JS"",""user_rank"":1173,""user_stage"":300}"
"stage_reached_300 (App)","W:21_0A:21_0","24","{""attendance_count"":24,""install_day"":""2025-07-19"",""total_payment_amount"":172700,""user_name"":""사몬"",""user_rank"":1082,""user_stage"":300}"
"stage_reached_300 (App)","W:20_0A:19_0","22","{""attendance_count"":22,""install_day"":""2025-07-22"",""total_payment_amount"":7700,""user_name"":""휘이잉"",""user_rank"":1096,""user_stage"":300}"
"stage_reached_300 (App)","W:20_0A:20_0","27","{""attendance_count"":27,""install_day"":""2025-07-17"",""total_payment_amount"":7700,""user_name"":""아꿍이"",""user_rank"":1102,""user_stage"":300}"
"stage_reached_300 (App)","W:20_0A:19_0","24","{""attendance_count"":24,""install_day"":""2025-07-18"",""total_payment_amount"":14300,""user_name"":""키썽"",""user_rank"":1094,""user_stage"":300}"
"stage_reached_300 (App)","W:20_0A:19_0","21","{""attendance_count"":21,""install_day"":""2025-07-23"",""total_payment_amount"":60500,""user_name"":""채봉이"",""user_rank"":1142,""user_stage"":300}"
"stage_reached_300 (App)","W:22_0A:19_0","26","{""attendance_count"":26,""install_day"":""2025-07-19"",""total_payment_amount"":0,""user_name"":""악오"",""user_rank"":1064,""user_stage"":300}"
"stage_reached_300 (App)","W:22_0A:19_0","27","{""attendance_count"":27,""install_day"":""2025-07-17"",""total_payment_amount"":7700,""user_name"":""신비블루"",""user_rank"":1150,""user_stage"":300}"
"stage_reached_300 (App)","W:20_0A:19_0","18","{""attendance_count"":18,""install_day"":""2025-07-25"",""total_payment_amount"":7700,""user_name"":""구니구니"",""user_rank"":1073,""user_stage"":300}"
"stage_reached_300 (App)","W:22_0A:22_0","17","{""attendance_count"":17,""install_day"":""2025-07-27"",""total_payment_amount"":29700,""user_name"":""측반"",""user_rank"":1142,""user_stage"":300}"
"stage_reached_300 (App)","W:21_0A:19_0","25","{""attendance_count"":25,""install_day"":""2025-07-19"",""total_payment_amount"":7700,""user_name"":""그칸당"",""user_rank"":1075,""user_stage"":300}"
"stage_reached_300 (App)","W:21_0A:19_0","24","{""attendance_count"":24,""install_day"":""2025-07-20"",""total_payment_amount"":7700,""user_name"":""요마"",""user_rank"":1142,""user_stage"":300}"
"stage_reached_300 (App)","W:22_0A:19_0","25","{""attendance_count"":25,""install_day"":""2025-07-19"",""total_payment_amount"":7700,""user_name"":""1집사"",""user_rank"":1068,""user_stage"":300}"
"stage_reached_300 (App)","W:23_0A:19_0","17","{""attendance_count"":17,""install_day"":""2025-07-26"",""total_payment_amount"":106700,""user_name"":""하꼬"",""user_rank"":1526,""user_stage"":300}"
"stage_reached_300 (App)","W:22_0A:19_0","24","{""attendance_count"":24,""install_day"":""2025-07-20"",""total_payment_amount"":7700,""user_name"":""아싸사랑이"",""user_rank"":1718,""user_stage"":300}"
"stage_reached_300 (App)","W:22_0A:19_0","23","{""attendance_count"":23,""install_day"":""2025-07-21"",""total_payment_amount"":8800,""user_name"":""몽클"",""user_rank"":1298,""user_stage"":300}"
"stage_reached_300 (App)","W:22_0A:19_0","11","{""attendance_count"":11,""install_day"":""2025-07-31"",""total_payment_amount"":190300,""user_name"":""김용덕"",""user_rank"":1166,""user_stage"":300}"
"stage_reached_300 (App)","W:22_0A:19_0","19","{""attendance_count"":19,""install_day"":""2025-07-24"",""total_payment_amount"":115500,""user_name"":""순간적쾌락"",""user_rank"":1086,""user_stage"":300}"
"stage_reached_300 (App)","W:23_0A:22_0","25","{""attendance_count"":25,""install_day"":""2025-07-19"",""total_payment_amount"":7700,""user_name"":""불타는곰팅"",""user_rank"":1086,""user_stage"":300}"
"stage_reached_300 (App)","W:21_0A:19_0","27","{""attendance_count"":27,""install_day"":""2025-07-15"",""total_payment_amount"":7700,""user_name"":""볼리"",""user_rank"":1877,""user_stage"":300}"
"stage_reached_300 (App)","W:21_0A:19_0","21","{""attendance_count"":21,""install_day"":""2025-07-22"",""total_payment_amount"":17600,""user_name"":""acpf"",""user_rank"":1036,""user_stage"":300}"
"stage_reached_300 (App)","W:20_0A:19_0","17","{""attendance_count"":17,""install_day"":""2025-07-27"",""total_payment_amount"":7700,""user_name"":""4827"",""user_rank"":1062,""user_stage"":300}"
"stage_reached_300 (App)","W:23_0A:23_0","17","{""attendance_count"":17,""install_day"":""2025-07-26"",""total_payment_amount"":7700,""user_name"":""양키"",""user_rank"":1072,""user_stage"":300}"
"stage_reached_300 (App)","W:22_0A:19_0","22","{""attendance_count"":22,""install_day"":""2025-07-18"",""total_payment_amount"":40700,""user_name"":""다움이룸"",""user_rank"":1060,""user_stage"":300}"
"stage_reached_300 (App)","W:22_0A:19_0","21","{""attendance_count"":21,""install_day"":""2025-07-21"",""total_payment_amount"":38500,""user_name"":""디와이"",""user_rank"":1159,""user_stage"":300}"
"stage_reached_300 (App)","W:22_0A:20_0","25","{""attendance_count"":25,""install_day"":""2025-07-19"",""total_payment_amount"":29700,""user_name"":""나이팅게일"",""user_rank"":1063,""user_stage"":300}"
"stage_reached_300 (App)","W:22_0A:19_0","18","{""attendance_count"":18,""install_day"":""2025-07-26"",""total_payment_amount"":7700,""user_name"":""사탕한가득"",""user_rank"":1339,""user_stage"":300}"
"stage_reached_300 (App)","W:20_0A:19_0","20","{""attendance_count"":20,""install_day"":""2025-07-19"",""total_payment_amount"":83600,""user_name"":""qplaying"",""user_rank"":1130,""user_stage"":300}"
"stage_reached_300 (App)","W:22_0A:20_0","24","{""attendance_count"":24,""install_day"":""2025-07-19"",""total_payment_amount"":7700,""user_name"":""혀미네이터"",""user_rank"":1077,""user_stage"":300}"
"stage_reached_300 (App)","W:21_0A:20_0","27","{""attendance_count"":27,""install_day"":""2025-07-15"",""total_payment_amount"":13200,""user_name"":""유하탱"",""user_rank"":1059,""user_stage"":300}"
"stage_reached_300 (App)","W:20_0A:22_0","23","{""attendance_count"":23,""install_day"":""2025-07-21"",""total_payment_amount"":7700,""user_name"":""둥장"",""user_rank"":1067,""user_stage"":300}"
"stage_reached_300 (App)","W:20_0A:19_0","6","{""attendance_count"":6,""install_day"":""2025-08-06"",""total_payment_amount"":273900,""user_name"":""캐캐모모"",""user_rank"":1111,""user_stage"":300}"
"stage_reached_300 (App)","W:20_0A:19_0","19","{""attendance_count"":19,""install_day"":""2025-07-25"",""total_payment_amount"":7700,""user_name"":""닼미"",""user_rank"":1100,""user_stage"":300}"
"stage_reached_300 (App)","W:22_0A:19_0","20","{""attendance_count"":20,""install_day"":""2025-07-23"",""total_payment_amount"":7700,""user_name"":""내안에이무기"",""user_rank"":1100,""user_stage"":300}"
"stage_reached_300 (App)","W:15_0A:19_0","18","{""attendance_count"":18,""install_day"":""2025-07-25"",""total_payment_amount"":52800,""user_name"":""하품만나와"",""user_rank"":1053,""user_stage"":300}"
"stage_reached_300 (App)","W:20_0A:19_0","17","{""attendance_count"":17,""install_day"":""2025-07-27"",""total_payment_amount"":47300,""user_name"":""제이엠"",""user_rank"":1061,""user_stage"":300}"
"stage_reached_300 (App)","W:23_0A:21_0","21","{""attendance_count"":21,""install_day"":""2025-07-20"",""total_payment_amount"":7700,""user_name"":""alpen"",""user_rank"":1049,""user_stage"":300}"
"stage_reached_300 (App)","W:20_0A:20_0","23","{""attendance_count"":23,""install_day"":""2025-07-21"",""total_payment_amount"":7700,""user_name"":""쫑하"",""user_rank"":1053,""user_stage"":300}"
"stage_reached_300 (App)","W:23_0A:19_0","25","{""attendance_count"":25,""install_day"":""2025-07-18"",""total_payment_amount"":7700,""user_name"":""리얼리즘"",""user_rank"":1528,""user_stage"":300}"
"stage_reached_300 (App)","W:22_0A:19_0","15","{""attendance_count"":15,""install_day"":""2025-07-29"",""total_payment_amount"":139700,""user_name"":""난세난난세"",""user_rank"":1032,""user_stage"":300}"
"stage_reached_300 (App)","W:22_0A:19_0","18","{""attendance_count"":18,""install_day"":""2025-07-26"",""total_payment_amount"":7700,""user_name"":""홈과보리"",""user_rank"":1103,""user_stage"":300}"
"stage_reached_300 (App)","W:22_0A:19_0","20","{""attendance_count"":20,""install_day"":""2025-07-23"",""total_payment_amount"":7700,""user_name"":""깡설이"",""user_rank"":1104,""user_stage"":300}"
"stage_reached_300 (App)","W:20_0A:19_0","19","{""attendance_count"":19,""install_day"":""2025-07-25"",""total_payment_amount"":62700,""user_name"":""난세에영웅이도래"",""user_rank"":1070,""user_stage"":300}"
"stage_reached_300 (App)","W:22_0A:19_0","14","{""attendance_count"":14,""install_day"":""2025-07-28"",""total_payment_amount"":99000,""user_name"":""누기부기"",""user_rank"":1186,""user_stage"":300}"
"stage_reached_300 (App)","W:21_0A:19_0","22","{""attendance_count"":22,""install_day"":""2025-07-20"",""total_payment_amount"":7700,""user_name"":""윤신달"",""user_rank"":1049,""user_stage"":300}"
"stage_reached_300 (App)","W:23_0A:23_0","24","{""attendance_count"":24,""install_day"":""2025-07-20"",""total_payment_amount"":7700,""user_name"":""오이당근"",""user_rank"":1043,""user_stage"":300}"
"stage_reached_300 (App)","W:22_0A:22_0","13","{""attendance_count"":13,""install_day"":""2025-07-30"",""total_payment_amount"":64900,""user_name"":""김철호"",""user_rank"":1045,""user_stage"":300}"
"stage_reached_300 (App)","W:21_0A:19_0","25","{""attendance_count"":25,""install_day"":""2025-07-18"",""total_payment_amount"":11000,""user_name"":""콩엨콩"",""user_rank"":1058,""user_stage"":300}"
"stage_reached_300 (App)","W:22_0A:23_0","20","{""attendance_count"":20,""install_day"":""2025-07-24"",""total_payment_amount"":7700,""user_name"":""Lagard"",""user_rank"":1211,""user_stage"":300}"
"stage_reached_300 (App)","W:22_0A:20_0","19","{""attendance_count"":19,""install_day"":""2025-07-25"",""total_payment_amount"":29700,""user_name"":""반달곰"",""user_rank"":1212,""user_stage"":300}"
"stage_reached_300 (App)","W:20_0A:19_0","19","{""attendance_count"":19,""install_day"":""2025-07-25"",""total_payment_amount"":11000,""user_name"":""기동대"",""user_rank"":1040,""user_stage"":300}"
"stage_reached_300 (App)","W:21_0A:22_0","12","{""attendance_count"":12,""install_day"":""2025-08-01"",""total_payment_amount"":132000,""user_name"":""최무사"",""user_rank"":1029,""user_stage"":300}"
"stage_reached_300 (App)","W:22_0A:19_0","21","{""attendance_count"":21,""install_day"":""2025-07-23"",""total_payment_amount"":7700,""user_name"":""지삼선생"",""user_rank"":1118,""user_stage"":300}"
"stage_reached_300 (App)","W:22_0A:23_0","26","{""attendance_count"":26,""install_day"":""2025-07-18"",""total_payment_amount"":7700,""user_name"":""로빈홋"",""user_rank"":1045,""user_stage"":300}"
"stage_reached_300 (App)","W:22_0A:19_0","26","{""attendance_count"":26,""install_day"":""2025-07-17"",""total_payment_amount"":7700,""user_name"":""일등"",""user_rank"":1148,""user_stage"":300}"
"stage_reached_300 (App)","W:22_0A:19_0","18","{""attendance_count"":18,""install_day"":""2025-07-25"",""total_payment_amount"":7700,""user_name"":""건거니"",""user_rank"":1299,""user_stage"":300}"
"stage_reached_300 (App)","W:20_0A:19_0","18","{""attendance_count"":18,""install_day"":""2025-07-26"",""total_payment_amount"":25300,""user_name"":""블랙머리"",""user_rank"":1029,""user_stage"":300}"
"stage_reached_300 (App)","W:22_0A:20_0","19","{""attendance_count"":19,""install_day"":""2025-07-24"",""total_payment_amount"":29700,""user_name"":""XIA"",""user_rank"":1027,""user_stage"":300}"
"stage_reached_300 (App)","W:20_0A:20_0","16","{""attendance_count"":16,""install_day"":""2025-07-27"",""total_payment_amount"":139700,""user_name"":""노이v"",""user_rank"":1047,""user_stage"":300}"
"stage_reached_300 (App)","W:22_0A:19_0","27","{""attendance_count"":27,""install_day"":""2025-07-17"",""total_payment_amount"":7700,""user_name"":""처벌자"",""user_rank"":1115,""user_stage"":300}"
"stage_reached_300 (App)","W:20_0A:19_0","24","{""attendance_count"":24,""install_day"":""2025-07-19"",""total_payment_amount"":7700,""user_name"":""두나케시이장"",""user_rank"":1024,""user_stage"":300}"
"stage_reached_300 (App)","W:20_0A:22_0","19","{""attendance_count"":19,""install_day"":""2025-07-25"",""total_payment_amount"":30800,""user_name"":""윤이나"",""user_rank"":1031,""user_stage"":300}"
"stage_reached_300 (App)","W:20_0A:20_0","13","{""attendance_count"":13,""install_day"":""2025-07-30"",""total_payment_amount"":71500,""user_name"":""이만냥"",""user_rank"":1029,""user_stage"":300}"
"stage_reached_300 (App)","W:22_0A:19_0","24","{""attendance_count"":24,""install_day"":""2025-07-20"",""total_payment_amount"":7700,""user_name"":""모너"",""user_rank"":1229,""user_stage"":300}"
"stage_reached_300 (App)","W:22_0A:22_0","26","{""attendance_count"":26,""install_day"":""2025-07-16"",""total_payment_amount"":27500,""user_name"":""김근육"",""user_rank"":1108,""user_stage"":300}"
"stage_reached_300 (App)","W:21_0A:19_0","15","{""attendance_count"":15,""install_day"":""2025-07-29"",""total_payment_amount"":19800,""user_name"":""하늘고백"",""user_rank"":1017,""user_stage"":300}"
"stage_reached_300 (App)","W:22_0A:22_0","26","{""attendance_count"":26,""install_day"":""2025-07-18"",""total_payment_amount"":7700,""user_name"":""활빈당홍길동"",""user_rank"":1029,""user_stage"":300}"
"stage_reached_300 (App)","W:22_0A:20_0","25","{""attendance_count"":25,""install_day"":""2025-07-19"",""total_payment_amount"":7700,""user_name"":""흥신"",""user_rank"":1047,""user_stage"":300}"
"stage_reached_300 (App)","W:22_0A:19_0","19","{""attendance_count"":19,""install_day"":""2025-07-25"",""total_payment_amount"":7700,""user_name"":""스토리"",""user_rank"":1016,""user_stage"":300}"
"stage_reached_300 (App)","W:22_0A:19_0","20","{""attendance_count"":20,""install_day"":""2025-07-23"",""total_payment_amount"":7700,""user_name"":""JJ8D8"",""user_rank"":1024,""user_stage"":300}"
"stage_reached_300 (App)","W:22_0A:19_0","21","{""attendance_count"":21,""install_day"":""2025-07-21"",""total_payment_amount"":7700,""user_name"":""제육"",""user_rank"":1241,""user_stage"":300}"
"stage_reached_300 (App)","W:22_0A:19_0","19","{""attendance_count"":19,""install_day"":""2025-07-25"",""total_payment_amount"":20900,""user_name"":""여씨표류기"",""user_rank"":1056,""user_stage"":300}"
"stage_reached_300 (App)","W:22_0A:21_0","10","{""attendance_count"":10,""install_day"":""2025-08-03"",""total_payment_amount"":104500,""user_name"":""댕댕E"",""user_rank"":1014,""user_stage"":300}"
"stage_reached_300 (App)","W:22_0A:19_0","23","{""attendance_count"":23,""install_day"":""2025-07-21"",""total_payment_amount"":33000,""user_name"":""쮸아해요구독"",""user_rank"":1009,""user_stage"":300}"
"stage_reached_300 (App)","W:22_0A:20_0","21","{""attendance_count"":21,""install_day"":""2025-07-22"",""total_payment_amount"":7700,""user_name"":""백이련"",""user_rank"":1069,""user_stage"":300}"
"stage_reached_300 (App)","W:21_0A:19_0","25","{""attendance_count"":25,""install_day"":""2025-07-19"",""total_payment_amount"":20900,""user_name"":""시조"",""user_rank"":1018,""user_stage"":300}"
"stage_reached_300 (App)","W:23_0A:22_0","7","{""attendance_count"":7,""install_day"":""2025-08-05"",""total_payment_amount"":359700,""user_name"":""일본인"",""user_rank"":1156,""user_stage"":300}"
"stage_reached_300 (App)","W:20_0A:19_0","11","{""attendance_count"":11,""install_day"":""2025-08-02"",""total_payment_amount"":155100,""user_name"":""승질승"",""user_rank"":1036,""user_stage"":300}"
"stage_reached_300 (App)","W:22_0A:19_0","18","{""attendance_count"":18,""install_day"":""2025-07-26"",""total_payment_amount"":7700,""user_name"":""헤모"",""user_rank"":1036,""user_stage"":300}"
"stage_reached_300 (App)","W:23_0A:22_0","19","{""attendance_count"":19,""install_day"":""2025-07-24"",""total_payment_amount"":7700,""user_name"":""평양성"",""user_rank"":1123,""user_stage"":300}"
"stage_reached_300 (App)","W:22_0A:19_0","21","{""attendance_count"":21,""install_day"":""2025-07-23"",""total_payment_amount"":7700,""user_name"":""바르다지"",""user_rank"":1094,""user_stage"":300}"
"stage_reached_300 (App)","W:22_0A:22_0","14","{""attendance_count"":14,""install_day"":""2025-07-30"",""total_payment_amount"":260700,""user_name"":""마늘쫑"",""user_rank"":1015,""user_stage"":300}"
"stage_reached_300 (App)","W:20_0A:19_0","19","{""attendance_count"":19,""install_day"":""2025-07-24"",""total_payment_amount"":29700,""user_name"":""앙씨"",""user_rank"":1002,""user_stage"":300}"
"stage_reached_300 (App)","W:20_0A:19_0","25","{""attendance_count"":25,""install_day"":""2025-07-18"",""total_payment_amount"":7700,""user_name"":""강한자"",""user_rank"":1006,""user_stage"":300}"
"stage_reached_300 (App)","W:23_0A:22_0","25","{""attendance_count"":25,""install_day"":""2025-07-18"",""total_payment_amount"":7700,""user_name"":""송희립"",""user_rank"":1069,""user_stage"":300}"
"stage_reached_300 (App)","W:20_0A:19_0","22","{""attendance_count"":22,""install_day"":""2025-07-20"",""total_payment_amount"":51700,""user_name"":""반달"",""user_rank"":999,""user_stage"":300}"
"stage_reached_300 (App)","W:20_0A:19_0","20","{""attendance_count"":20,""install_day"":""2025-07-23"",""total_payment_amount"":7700,""user_name"":""ellquine"",""user_rank"":997,""user_stage"":300}"
"stage_reached_300 (App)","W:20_0A:19_0","24","{""attendance_count"":24,""install_day"":""2025-07-19"",""total_payment_amount"":7700,""user_name"":""치코리타"",""user_rank"":1082,""user_stage"":300}"
"stage_reached_300 (App)","W:23_0A:21_0","26","{""attendance_count"":26,""install_day"":""2025-07-17"",""total_payment_amount"":118800,""user_name"":""서지니야"",""user_rank"":1032,""user_stage"":300}"
"stage_reached_300 (App)","W:20_0A:19_0","21","{""attendance_count"":21,""install_day"":""2025-07-22"",""total_payment_amount"":7700,""user_name"":""난세의난"",""user_rank"":995,""user_stage"":300}"
"stage_reached_300 (App)","W:22_0A:20_0","24","{""attendance_count"":24,""install_day"":""2025-07-19"",""total_payment_amount"":7700,""user_name"":""냠냠포미ss"",""user_rank"":991,""user_stage"":300}"
"stage_reached_300 (App)","W:20_0A:19_0","18","{""attendance_count"":18,""install_day"":""2025-07-25"",""total_payment_amount"":7700,""user_name"":""비표기"",""user_rank"":1074,""user_stage"":300}"
"stage_reached_300 (App)","W:22_0A:19_0","23","{""attendance_count"":23,""install_day"":""2025-07-20"",""total_payment_amount"":18700,""user_name"":""새드나"",""user_rank"":1608,""user_stage"":300}"
"stage_reached_300 (App)","W:22_0A:19_0","24","{""attendance_count"":24,""install_day"":""2025-07-19"",""total_payment_amount"":7700,""user_name"":""류슈"",""user_rank"":1001,""user_stage"":300}"
"stage_reached_300 (App)","W:23_0A:22_0","16","{""attendance_count"":16,""install_day"":""2025-07-26"",""total_payment_amount"":352000,""user_name"":""퓨어"",""user_rank"":1008,""user_stage"":300}"
"stage_reached_300 (App)","W:22_0A:20_0","22","{""attendance_count"":22,""install_day"":""2025-07-21"",""total_payment_amount"":7700,""user_name"":""송학림"",""user_rank"":988,""user_stage"":300}"
"stage_reached_300 (App)","W:22_0A:19_0","20","{""attendance_count"":20,""install_day"":""2025-07-23"",""total_payment_amount"":8800,""user_name"":""의자의자"",""user_rank"":1008,""user_stage"":300}"
"stage_reached_300 (App)","W:22_0A:19_0","27","{""attendance_count"":27,""install_day"":""2025-07-16"",""total_payment_amount"":7700,""user_name"":""이미존재함"",""user_rank"":988,""user_stage"":300}"
"stage_reached_300 (App)","W:22_0A:19_0","25","{""attendance_count"":25,""install_day"":""2025-07-18"",""total_payment_amount"":7700,""user_name"":""gamian"",""user_rank"":1053,""user_stage"":300}"
"stage_reached_300 (App)","W:21_0A:21_0","25","{""attendance_count"":25,""install_day"":""2025-07-17"",""total_payment_amount"":44000,""user_name"":""5456486"",""user_rank"":985,""user_stage"":300}"
"stage_reached_300 (App)","W:22_0A:19_0","24","{""attendance_count"":24,""install_day"":""2025-07-18"",""total_payment_amount"":7700,""user_name"":""미소사이"",""user_rank"":1018,""user_stage"":300}"
"stage_reached_300 (App)","W:20_0A:19_0","24","{""attendance_count"":24,""install_day"":""2025-07-19"",""total_payment_amount"":7700,""user_name"":""슭슭"",""user_rank"":1003,""user_stage"":300}"
"stage_reached_300 (App)","W:21_0A:19_0","23","{""attendance_count"":23,""install_day"":""2025-07-20"",""total_payment_amount"":7700,""user_name"":""코란"",""user_rank"":980,""user_stage"":300}"
"stage_reached_300 (App)","W:22_0A:20_0","23","{""attendance_count"":23,""install_day"":""2025-07-19"",""total_payment_amount"":7700,""user_name"":""조문열"",""user_rank"":1069,""user_stage"":300}"
"stage_reached_300 (App)","W:23_0A:19_0","24","{""attendance_count"":24,""install_day"":""2025-07-19"",""total_payment_amount"":29700,""user_name"":""갓수영"",""user_rank"":1363,""user_stage"":300}"
"stage_reached_300 (App)","W:23_0A:20_0","15","{""attendance_count"":15,""install_day"":""2025-07-21"",""total_payment_amount"":28600,""user_name"":""할비"",""user_rank"":1010,""user_stage"":300}"
"stage_reached_300 (App)","W:22_0A:19_0","23","{""attendance_count"":23,""install_day"":""2025-07-20"",""total_payment_amount"":7700,""user_name"":""라쿠"",""user_rank"":988,""user_stage"":300}"
"stage_reached_300 (App)","W:22_0A:21_0","21","{""attendance_count"":21,""install_day"":""2025-07-22"",""total_payment_amount"":7700,""user_name"":""동디니"",""user_rank"":1147,""user_stage"":300}"
"stage_reached_300 (App)","W:22_0A:20_0","23","{""attendance_count"":23,""install_day"":""2025-07-20"",""total_payment_amount"":7700,""user_name"":""극치"",""user_rank"":1053,""user_stage"":300}"
"stage_reached_300 (App)","W:22_0A:22_0","24","{""attendance_count"":24,""install_day"":""2025-07-18"",""total_payment_amount"":7700,""user_name"":""188w27"",""user_rank"":1039,""user_stage"":300}"
"stage_reached_300 (App)","W:22_0A:22_0","25","{""attendance_count"":25,""install_day"":""2025-07-18"",""total_payment_amount"":7700,""user_name"":""킴손산"",""user_rank"":990,""user_stage"":300}"
"stage_reached_300 (App)","W:20_0A:19_0","17","{""attendance_count"":17,""install_day"":""2025-07-25"",""total_payment_amount"":14300,""user_name"":""코리안소드마스터"",""user_rank"":976,""user_stage"":300}"
"stage_reached_300 (App)","W:22_0A:19_0","26","{""attendance_count"":26,""install_day"":""2025-07-17"",""total_payment_amount"":47300,""user_name"":""노기"",""user_rank"":989,""user_stage"":300}"
"stage_reached_300 (App)","W:20_0A:19_0","20","{""attendance_count"":20,""install_day"":""2025-07-23"",""total_payment_amount"":7700,""user_name"":""용용이다"",""user_rank"":985,""user_stage"":300}"
"stage_reached_300 (App)","W:22_0A:19_0","10","{""attendance_count"":10,""install_day"":""2025-08-02"",""total_payment_amount"":174900,""user_name"":""우성이"",""user_rank"":1005,""user_stage"":300}"
"stage_reached_300 (App)","W:22_0A:19_0","24","{""attendance_count"":24,""install_day"":""2025-07-19"",""total_payment_amount"":7700,""user_name"":""토리9"",""user_rank"":1000,""user_stage"":300}"
"stage_reached_300 (App)","W:23_0A:21_0","21","{""attendance_count"":21,""install_day"":""2025-07-22"",""total_payment_amount"":7700,""user_name"":""이딱이"",""user_rank"":1051,""user_stage"":300}"
"stage_reached_300 (App)","W:22_0A:19_0","24","{""attendance_count"":24,""install_day"":""2025-07-19"",""total_payment_amount"":14300,""user_name"":""라인서"",""user_rank"":1180,""user_stage"":300}"
"stage_reached_300 (App)","W:22_0A:19_0","25","{""attendance_count"":25,""install_day"":""2025-07-18"",""total_payment_amount"":29700,""user_name"":""김아싸"",""user_rank"":977,""user_stage"":300}"
"stage_reached_300 (App)","W:20_0A:19_0","18","{""attendance_count"":18,""install_day"":""2025-07-25"",""total_payment_amount"":27500,""user_name"":""꿀떡이"",""user_rank"":954,""user_stage"":300}"
"stage_reached_300 (App)","W:20_0A:19_0","25","{""attendance_count"":25,""install_day"":""2025-07-18"",""total_payment_amount"":7700,""user_name"":""불꺼진성냥"",""user_rank"":954,""user_stage"":300}"
"stage_reached_300 (App)","W:20_0A:19_0","24","{""attendance_count"":24,""install_day"":""2025-07-18"",""total_payment_amount"":7700,""user_name"":""단밤"",""user_rank"":979,""user_stage"":300}"
"stage_reached_300 (App)","W:21_0A:20_0","26","{""attendance_count"":26,""install_day"":""2025-07-17"",""total_payment_amount"":190300,""user_name"":""줄까"",""user_rank"":954,""user_stage"":300}"
"stage_reached_300 (App)","W:22_0A:19_0","24","{""attendance_count"":24,""install_day"":""2025-07-18"",""total_payment_amount"":7700,""user_name"":""람각"",""user_rank"":1075,""user_stage"":300}"
"stage_reached_300 (App)","W:22_0A:20_0","23","{""attendance_count"":23,""install_day"":""2025-07-20"",""total_payment_amount"":7700,""user_name"":""클라이벗"",""user_rank"":953,""user_stage"":300}"
"stage_reached_300 (App)","W:23_0A:19_0","16","{""attendance_count"":16,""install_day"":""2025-07-26"",""total_payment_amount"":7700,""user_name"":""숭구리당당"",""user_rank"":1069,""user_stage"":300}"
"stage_reached_300 (App)","W:22_0A:20_0","24","{""attendance_count"":24,""install_day"":""2025-07-18"",""total_payment_amount"":14300,""user_name"":""검과방패"",""user_rank"":1372,""user_stage"":300}"
"stage_reached_300 (App)","W:22_0A:20_0","23","{""attendance_count"":23,""install_day"":""2025-07-20"",""total_payment_amount"":7700,""user_name"":""김표류"",""user_rank"":966,""user_stage"":300}"
"stage_reached_300 (App)","W:23_0A:23_0","12","{""attendance_count"":12,""install_day"":""2025-07-31"",""total_payment_amount"":14300,""user_name"":""종생"",""user_rank"":1009,""user_stage"":300}"
"stage_reached_300 (App)","W:20_0A:19_0","26","{""attendance_count"":26,""install_day"":""2025-07-17"",""total_payment_amount"":7700,""user_name"":""레오강아지"",""user_rank"":940,""user_stage"":300}"
"stage_reached_300 (App)","W:22_0A:19_0","24","{""attendance_count"":24,""install_day"":""2025-07-18"",""total_payment_amount"":7700,""user_name"":""움망"",""user_rank"":968,""user_stage"":300}"
"stage_reached_300 (App)","W:20_0A:19_0","25","{""attendance_count"":25,""install_day"":""2025-07-18"",""total_payment_amount"":7700,""user_name"":""박미나리"",""user_rank"":941,""user_stage"":300}"
"stage_reached_300 (App)","W:20_0A:20_0","18","{""attendance_count"":18,""install_day"":""2025-07-25"",""total_payment_amount"":47300,""user_name"":""골든"",""user_rank"":990,""user_stage"":300}"
"stage_reached_300 (App)","W:22_0A:21_0","21","{""attendance_count"":21,""install_day"":""2025-07-22"",""total_payment_amount"":14300,""user_name"":""bean"",""user_rank"":954,""user_stage"":300}"
"stage_reached_300 (App)","W:22_0A:19_0","17","{""attendance_count"":17,""install_day"":""2025-07-26"",""total_payment_amount"":17600,""user_name"":""시정잡배"",""user_rank"":966,""user_stage"":300}"
"stage_reached_300 (App)","W:22_0A:19_0","23","{""attendance_count"":23,""install_day"":""2025-07-19"",""total_payment_amount"":7700,""user_name"":""킹린"",""user_rank"":1121,""user_stage"":300}"
"stage_reached_300 (App)","W:22_0A:20_0","23","{""attendance_count"":23,""install_day"":""2025-07-20"",""total_payment_amount"":7700,""user_name"":""구름임금"",""user_rank"":939,""user_stage"":300}"
"stage_reached_300 (App)","W:22_0A:19_0","24","{""attendance_count"":24,""install_day"":""2025-07-19"",""total_payment_amount"":7700,""user_name"":""성후니"",""user_rank"":962,""user_stage"":300}"
"stage_reached_300 (App)","W:22_0A:22_0","25","{""attendance_count"":25,""install_day"":""2025-07-18"",""total_payment_amount"":7700,""user_name"":""황목치승"",""user_rank"":988,""user_stage"":300}"
"stage_reached_300 (App)","W:20_0A:19_0","20","{""attendance_count"":20,""install_day"":""2025-07-24"",""total_payment_amount"":7700,""user_name"":""큼캉"",""user_rank"":980,""user_stage"":300}"
"stage_reached_300 (App)","W:22_0A:19_0","22","{""attendance_count"":22,""install_day"":""2025-07-21"",""total_payment_amount"":11000,""user_name"":""남연우"",""user_rank"":1013,""user_stage"":300}"
"stage_reached_300 (App)","W:22_0A:23_0","20","{""attendance_count"":20,""install_day"":""2025-07-23"",""total_payment_amount"":51700,""user_name"":""금콩"",""user_rank"":960,""user_stage"":300}"
"stage_reached_300 (App)","W:21_0A:19_0","17","{""attendance_count"":17,""install_day"":""2025-07-27"",""total_payment_amount"":118800,""user_name"":""제2천마"",""user_rank"":933,""user_stage"":300}"
"stage_reached_300 (App)","W:22_0A:19_0","24","{""attendance_count"":24,""install_day"":""2025-07-19"",""total_payment_amount"":7700,""user_name"":""불타는불곰"",""user_rank"":934,""user_stage"":300}"
"stage_reached_300 (App)","W:22_0A:19_0","26","{""attendance_count"":26,""install_day"":""2025-07-17"",""total_payment_amount"":11000,""user_name"":""이재명죽음"",""user_rank"":960,""user_stage"":300}"
"stage_reached_300 (App)","W:22_0A:19_0","26","{""attendance_count"":26,""install_day"":""2025-07-17"",""total_payment_amount"":7700,""user_name"":""포돌햄"",""user_rank"":959,""user_stage"":300}"
"stage_reached_300 (App)","W:22_0A:19_0","23","{""attendance_count"":23,""install_day"":""2025-07-20"",""total_payment_amount"":18700,""user_name"":""소노다"",""user_rank"":926,""user_stage"":300}"
"stage_reached_300 (App)","W:22_0A:19_0","21","{""attendance_count"":21,""install_day"":""2025-07-19"",""total_payment_amount"":40700,""user_name"":""난세이"",""user_rank"":1025,""user_stage"":300}"
"stage_reached_300 (App)","W:23_0A:22_0","25","{""attendance_count"":25,""install_day"":""2025-07-18"",""total_payment_amount"":7700,""user_name"":""독고바위"",""user_rank"":1025,""user_stage"":300}"
"stage_reached_300 (App)","W:20_0A:19_0","25","{""attendance_count"":25,""install_day"":""2025-07-18"",""total_payment_amount"":0,""user_name"":""이일이"",""user_rank"":915,""user_stage"":300}"
"stage_reached_300 (App)","W:20_0A:19_0","16","{""attendance_count"":16,""install_day"":""2025-07-27"",""total_payment_amount"":7700,""user_name"":""신주몽"",""user_rank"":944,""user_stage"":300}"
"stage_reached_300 (App)","W:20_0A:19_0","17","{""attendance_count"":17,""install_day"":""2025-07-26"",""total_payment_amount"":62700,""user_name"":""리프포"",""user_rank"":926,""user_stage"":300}"
"stage_reached_300 (App)","W:22_0A:22_0","23","{""attendance_count"":23,""install_day"":""2025-07-20"",""total_payment_amount"":7700,""user_name"":""lsh"",""user_rank"":922,""user_stage"":300}"
"stage_reached_300 (App)","W:22_0A:19_0","28","{""attendance_count"":28,""install_day"":""2025-07-15"",""total_payment_amount"":11000,""user_name"":""귀주대첩"",""user_rank"":1919,""user_stage"":300}"
"stage_reached_300 (App)","W:22_0A:19_0","23","{""attendance_count"":23,""install_day"":""2025-07-20"",""total_payment_amount"":28600,""user_name"":""rumpu"",""user_rank"":1000,""user_stage"":300}"
"stage_reached_300 (App)","W:20_0A:19_0","19","{""attendance_count"":19,""install_day"":""2025-07-24"",""total_payment_amount"":7700,""user_name"":""깨방지"",""user_rank"":924,""user_stage"":300}"
"stage_reached_300 (App)","W:21_0A:19_0","25","{""attendance_count"":25,""install_day"":""2025-07-18"",""total_payment_amount"":7700,""user_name"":""지효"",""user_rank"":924,""user_stage"":300}"
"stage_reached_300 (App)","W:23_0A:22_0","15","{""attendance_count"":15,""install_day"":""2025-07-27"",""total_payment_amount"":117700,""user_name"":""바삭"",""user_rank"":941,""user_stage"":300}"
"stage_reached_300 (App)","W:22_0A:19_0","27","{""attendance_count"":27,""install_day"":""2025-07-16"",""total_payment_amount"":27500,""user_name"":""야멍이"",""user_rank"":988,""user_stage"":300}"
"stage_reached_300 (App)","W:22_0A:20_0","20","{""attendance_count"":20,""install_day"":""2025-07-23"",""total_payment_amount"":11000,""user_name"":""개스날리쉬"",""user_rank"":921,""user_stage"":300}"
"stage_reached_300 (App)","W:20_0A:19_0","23","{""attendance_count"":23,""install_day"":""2025-07-20"",""total_payment_amount"":7700,""user_name"":""구찌독"",""user_rank"":920,""user_stage"":300}"
"stage_reached_300 (App)","W:22_0A:19_0","26","{""attendance_count"":26,""install_day"":""2025-07-17"",""total_payment_amount"":7700,""user_name"":""탠니"",""user_rank"":1004,""user_stage"":300}"
"stage_reached_300 (App)","W:22_0A:21_0","28","{""attendance_count"":28,""install_day"":""2025-07-15"",""total_payment_amount"":7700,""user_name"":""good소영"",""user_rank"":1842,""user_stage"":300}"
"stage_reached_300 (App)","W:22_0A:19_0","19","{""attendance_count"":19,""install_day"":""2025-07-23"",""total_payment_amount"":18700,""user_name"":""다흙"",""user_rank"":1054,""user_stage"":300}"
"stage_reached_300 (App)","W:20_0A:19_0","27","{""attendance_count"":27,""install_day"":""2025-07-16"",""total_payment_amount"":7700,""user_name"":""명이나물"",""user_rank"":912,""user_stage"":300}"
"stage_reached_300 (App)","W:22_0A:19_0","23","{""attendance_count"":23,""install_day"":""2025-07-19"",""total_payment_amount"":7700,""user_name"":""SSSPJM"",""user_rank"":917,""user_stage"":300}"
"stage_reached_300 (App)","W:23_0A:19_0","20","{""attendance_count"":20,""install_day"":""2025-07-23"",""total_payment_amount"":7700,""user_name"":""룰라"",""user_rank"":934,""user_stage"":300}"
"stage_reached_300 (App)","W:22_0A:19_0","15","{""attendance_count"":15,""install_day"":""2025-07-28"",""total_payment_amount"":30800,""user_name"":""로마노"",""user_rank"":932,""user_stage"":300}"
"stage_reached_300 (App)","W:22_0A:22_0","25","{""attendance_count"":25,""install_day"":""2025-07-18"",""total_payment_amount"":7700,""user_name"":""skyway"",""user_rank"":906,""user_stage"":300}"
"stage_reached_300 (App)","W:20_0A:19_0","20","{""attendance_count"":20,""install_day"":""2025-07-22"",""total_payment_amount"":29700,""user_name"":""소시미"",""user_rank"":914,""user_stage"":300}"
"stage_reached_300 (App)","W:20_0A:20_0","24","{""attendance_count"":24,""install_day"":""2025-07-18"",""total_payment_amount"":7700,""user_name"":""인민대생"",""user_rank"":906,""user_stage"":300}"
"stage_reached_300 (App)","W:22_0A:19_0","24","{""attendance_count"":24,""install_day"":""2025-07-19"",""total_payment_amount"":30800,""user_name"":""GOMGOM"",""user_rank"":982,""user_stage"":300}"
"stage_reached_300 (App)","W:20_0A:19_0","20","{""attendance_count"":20,""install_day"":""2025-07-23"",""total_payment_amount"":29700,""user_name"":""쵸코"",""user_rank"":905,""user_stage"":300}"
"stage_reached_300 (App)","W:20_0A:19_0","19","{""attendance_count"":19,""install_day"":""2025-07-23"",""total_payment_amount"":7700,""user_name"":""판진"",""user_rank"":910,""user_stage"":300}"
"stage_reached_300 (App)","W:22_0A:21_0","18","{""attendance_count"":18,""install_day"":""2025-07-25"",""total_payment_amount"":51700,""user_name"":""허세이돈"",""user_rank"":908,""user_stage"":300}"
"stage_reached_300 (App)","W:22_0A:19_0","21","{""attendance_count"":21,""install_day"":""2025-07-20"",""total_payment_amount"":7700,""user_name"":""신죠오사사게오"",""user_rank"":993,""user_stage"":300}"
"stage_reached_300 (App)","W:22_0A:20_0","25","{""attendance_count"":25,""install_day"":""2025-07-18"",""total_payment_amount"":7700,""user_name"":""고호고로"",""user_rank"":1011,""user_stage"":300}"
"stage_reached_300 (App)","W:22_0A:19_0","23","{""attendance_count"":23,""install_day"":""2025-07-19"",""total_payment_amount"":7700,""user_name"":""브콜"",""user_rank"":906,""user_stage"":300}"
"stage_reached_300 (App)","W:22_0A:19_0","22","{""attendance_count"":22,""install_day"":""2025-07-19"",""total_payment_amount"":7700,""user_name"":""마니버렁"",""user_rank"":977,""user_stage"":300}"
"stage_reached_300 (App)","W:23_0A:21_0","23","{""attendance_count"":23,""install_day"":""2025-07-19"",""total_payment_amount"":7700,""user_name"":""버기"",""user_rank"":990,""user_stage"":300}"
"stage_reached_300 (App)","W:23_0A:19_0","20","{""attendance_count"":20,""install_day"":""2025-07-23"",""total_payment_amount"":7700,""user_name"":""주노호노"",""user_rank"":905,""user_stage"":300}"
"stage_reached_300 (App)","W:22_0A:19_0","23","{""attendance_count"":23,""install_day"":""2025-07-18"",""total_payment_amount"":7700,""user_name"":""장구"",""user_rank"":897,""user_stage"":300}"
"stage_reached_300 (App)","W:20_0A:19_0","21","{""attendance_count"":21,""install_day"":""2025-07-22"",""total_payment_amount"":7700,""user_name"":""어왔니"",""user_rank"":954,""user_stage"":300}"
"stage_reached_300 (App)","W:22_0A:19_0","18","{""attendance_count"":18,""install_day"":""2025-07-25"",""total_payment_amount"":7700,""user_name"":""달리기"",""user_rank"":986,""user_stage"":300}"
"stage_reached_300 (App)","W:22_0A:19_0","26","{""attendance_count"":26,""install_day"":""2025-07-16"",""total_payment_amount"":58300,""user_name"":""어휴"",""user_rank"":923,""user_stage"":300}"
"stage_reached_300 (App)","W:22_0A:19_0","22","{""attendance_count"":22,""install_day"":""2025-07-21"",""total_payment_amount"":7700,""user_name"":""빼빼로"",""user_rank"":983,""user_stage"":300}"
"stage_reached_300 (App)","W:23_0A:20_0","8","{""attendance_count"":8,""install_day"":""2025-08-04"",""total_payment_amount"":85800,""user_name"":""리세3"",""user_rank"":921,""user_stage"":300}"
"stage_reached_300 (App)","W:22_0A:21_0","19","{""attendance_count"":19,""install_day"":""2025-07-24"",""total_payment_amount"":73700,""user_name"":""aurora"",""user_rank"":949,""user_stage"":300}"
"stage_reached_300 (App)","W:21_0A:19_0","18","{""attendance_count"":18,""install_day"":""2025-07-24"",""total_payment_amount"":7700,""user_name"":""흠씨"",""user_rank"":979,""user_stage"":300}"
"stage_reached_300 (App)","W:20_0A:19_0","19","{""attendance_count"":19,""install_day"":""2025-07-22"",""total_payment_amount"":100100,""user_name"":""서준아빠"",""user_rank"":887,""user_stage"":300}"
"stage_reached_300 (App)","W:20_0A:19_0","24","{""attendance_count"":24,""install_day"":""2025-07-19"",""total_payment_amount"":7700,""user_name"":""가쥬아"",""user_rank"":887,""user_stage"":300}"
"stage_reached_300 (App)","W:22_0A:19_0","20","{""attendance_count"":20,""install_day"":""2025-07-23"",""total_payment_amount"":7700,""user_name"":""버들화니숲"",""user_rank"":992,""user_stage"":300}"
"stage_reached_300 (App)","W:22_0A:20_0","24","{""attendance_count"":24,""install_day"":""2025-07-18"",""total_payment_amount"":7700,""user_name"":""이나코스"",""user_rank"":887,""user_stage"":300}"
"stage_reached_300 (App)","W:22_0A:19_0","27","{""attendance_count"":27,""install_day"":""2025-07-16"",""total_payment_amount"":7700,""user_name"":""지안표류기"",""user_rank"":963,""user_stage"":300}"
"stage_reached_300 (App)","W:22_0A:19_0","25","{""attendance_count"":25,""install_day"":""2025-07-18"",""total_payment_amount"":7700,""user_name"":""운임수정"",""user_rank"":1259,""user_stage"":300}"
"stage_reached_300 (App)","W:22_0A:19_0","24","{""attendance_count"":24,""install_day"":""2025-07-19"",""total_payment_amount"":7700,""user_name"":""용용리"",""user_rank"":918,""user_stage"":300}"
"stage_reached_300 (App)","W:22_0A:19_0","18","{""attendance_count"":18,""install_day"":""2025-07-24"",""total_payment_amount"":52800,""user_name"":""내왕이될상인가"",""user_rank"":977,""user_stage"":300}"
"stage_reached_300 (App)","W:20_0A:19_0","16","{""attendance_count"":16,""install_day"":""2025-07-26"",""total_payment_amount"":11000,""user_name"":""헤나"",""user_rank"":996,""user_stage"":300}"
"stage_reached_300 (App)","W:22_0A:20_0","24","{""attendance_count"":24,""install_day"":""2025-07-18"",""total_payment_amount"":7700,""user_name"":""학익진"",""user_rank"":945,""user_stage"":300}"
"stage_reached_300 (App)","W:20_0A:19_0","24","{""attendance_count"":24,""install_day"":""2025-07-19"",""total_payment_amount"":7700,""user_name"":""jaym"",""user_rank"":895,""user_stage"":300}"
"stage_reached_300 (App)","W:20_0A:19_0","18","{""attendance_count"":18,""install_day"":""2025-07-24"",""total_payment_amount"":51700,""user_name"":""기모찌맨"",""user_rank"":879,""user_stage"":300}"
"stage_reached_300 (App)","W:20_0A:22_0","20","{""attendance_count"":20,""install_day"":""2025-07-23"",""total_payment_amount"":14300,""user_name"":""김뿡"",""user_rank"":879,""user_stage"":300}"
"stage_reached_300 (App)","W:22_0A:22_0","24","{""attendance_count"":24,""install_day"":""2025-07-19"",""total_payment_amount"":22000,""user_name"":""남궁세가"",""user_rank"":961,""user_stage"":300}"
"stage_reached_300 (App)","W:22_0A:19_0","21","{""attendance_count"":21,""install_day"":""2025-07-22"",""total_payment_amount"":0,""user_name"":""밍글이"",""user_rank"":917,""user_stage"":300}"
"stage_reached_300 (App)","W:22_0A:20_0","23","{""attendance_count"":23,""install_day"":""2025-07-19"",""total_payment_amount"":7700,""user_name"":""꾸꾸83"",""user_rank"":961,""user_stage"":300}"
"stage_reached_300 (App)","W:22_0A:19_0","23","{""attendance_count"":23,""install_day"":""2025-07-20"",""total_payment_amount"":7700,""user_name"":""스승"",""user_rank"":885,""user_stage"":300}"
"stage_reached_300 (App)","W:22_0A:19_0","20","{""attendance_count"":20,""install_day"":""2025-07-23"",""total_payment_amount"":0,""user_name"":""두두부부"",""user_rank"":974,""user_stage"":300}"
"stage_reached_300 (App)","W:21_0A:19_0","7","{""attendance_count"":7,""install_day"":""2025-08-04"",""total_payment_amount"":200200,""user_name"":""조엘"",""user_rank"":877,""user_stage"":300}"
"stage_reached_300 (App)","W:22_0A:22_0","23","{""attendance_count"":23,""install_day"":""2025-07-18"",""total_payment_amount"":7700,""user_name"":""말차치즈맛"",""user_rank"":875,""user_stage"":300}"
"stage_reached_300 (App)","W:21_0A:19_0","24","{""attendance_count"":24,""install_day"":""2025-07-18"",""total_payment_amount"":7700,""user_name"":""데식이"",""user_rank"":878,""user_stage"":300}"
"stage_reached_300 (App)","W:20_0A:19_0","23","{""attendance_count"":23,""install_day"":""2025-07-19"",""total_payment_amount"":14300,""user_name"":""공쿤"",""user_rank"":872,""user_stage"":300}"
"stage_reached_300 (App)","W:23_0A:22_0","10","{""attendance_count"":10,""install_day"":""2025-07-31"",""total_payment_amount"":458700,""user_name"":""쌈쟁이"",""user_rank"":943,""user_stage"":300}"
"stage_reached_300 (App)","W:23_0A:20_0","21","{""attendance_count"":21,""install_day"":""2025-07-20"",""total_payment_amount"":7700,""user_name"":""리성아"",""user_rank"":865,""user_stage"":300}"
"stage_reached_300 (App)","W:20_0A:19_0","22","{""attendance_count"":22,""install_day"":""2025-07-20"",""total_payment_amount"":7700,""user_name"":""DoorTin"",""user_rank"":856,""user_stage"":300}"
"stage_reached_300 (App)","W:22_0A:19_0","18","{""attendance_count"":18,""install_day"":""2025-07-24"",""total_payment_amount"":7700,""user_name"":""홍월이"",""user_rank"":898,""user_stage"":300}"
"stage_reached_300 (App)","W:20_0A:19_0","22","{""attendance_count"":22,""install_day"":""2025-07-21"",""total_payment_amount"":11000,""user_name"":""박이"",""user_rank"":870,""user_stage"":300}"
"stage_reached_300 (App)","W:20_0A:19_0","20","{""attendance_count"":20,""install_day"":""2025-07-21"",""total_payment_amount"":7700,""user_name"":""두콩"",""user_rank"":870,""user_stage"":300}"
"stage_reached_300 (App)","W:22_0A:21_0","17","{""attendance_count"":17,""install_day"":""2025-07-25"",""total_payment_amount"":48400,""user_name"":""과학을보다"",""user_rank"":897,""user_stage"":300}"
"stage_reached_300 (App)","W:22_0A:19_0","25","{""attendance_count"":25,""install_day"":""2025-07-17"",""total_payment_amount"":7700,""user_name"":""플오"",""user_rank"":895,""user_stage"":300}"
"stage_reached_300 (App)","W:23_0A:20_0","19","{""attendance_count"":19,""install_day"":""2025-07-23"",""total_payment_amount"":40700,""user_name"":""아까그넘"",""user_rank"":885,""user_stage"":300}"
"stage_reached_300 (App)","W:20_0A:19_0","18","{""attendance_count"":18,""install_day"":""2025-07-24"",""total_payment_amount"":7700,""user_name"":""하이파파"",""user_rank"":967,""user_stage"":300}"
"stage_reached_300 (App)","W:20_0A:20_0","24","{""attendance_count"":24,""install_day"":""2025-07-18"",""total_payment_amount"":110000,""user_name"":""동광"",""user_rank"":883,""user_stage"":300}"
"stage_reached_300 (App)","W:21_0A:19_0","23","{""attendance_count"":23,""install_day"":""2025-07-19"",""total_payment_amount"":7700,""user_name"":""알콜79소주"",""user_rank"":868,""user_stage"":300}"
"stage_reached_300 (App)","W:22_0A:19_0","13","{""attendance_count"":13,""install_day"":""2025-07-29"",""total_payment_amount"":34100,""user_name"":""히읏"",""user_rank"":867,""user_stage"":300}"
"stage_reached_300 (App)","W:20_0A:19_0","22","{""attendance_count"":22,""install_day"":""2025-07-19"",""total_payment_amount"":20900,""user_name"":""schnee"",""user_rank"":867,""user_stage"":300}"
"stage_reached_300 (App)","W:20_0A:19_0","11","{""attendance_count"":11,""install_day"":""2025-07-31"",""total_payment_amount"":217800,""user_name"":""하곰탱"",""user_rank"":866,""user_stage"":300}"
"stage_reached_300 (App)","W:22_0A:22_0","22","{""attendance_count"":22,""install_day"":""2025-07-19"",""total_payment_amount"":7700,""user_name"":""엘리엠"",""user_rank"":905,""user_stage"":300}"
"stage_reached_300 (App)","W:20_0A:19_0","19","{""attendance_count"":19,""install_day"":""2025-07-23"",""total_payment_amount"":52800,""user_name"":""궁디표류"",""user_rank"":859,""user_stage"":300}"
"stage_reached_300 (App)","W:22_0A:22_0","19","{""attendance_count"":19,""install_day"":""2025-07-19"",""total_payment_amount"":407000,""user_name"":""헤븐윙"",""user_rank"":1148,""user_stage"":300}"
"stage_reached_300 (App)","W:20_0A:20_0","25","{""attendance_count"":25,""install_day"":""2025-07-17"",""total_payment_amount"":7700,""user_name"":""구룡리간지김민욱"",""user_rank"":911,""user_stage"":300}"
"stage_reached_300 (App)","W:20_0A:20_0","17","{""attendance_count"":17,""install_day"":""2025-07-25"",""total_payment_amount"":7700,""user_name"":""아비라파"",""user_rank"":856,""user_stage"":300}"
"stage_reached_300 (App)","W:22_0A:19_0","24","{""attendance_count"":24,""install_day"":""2025-07-18"",""total_payment_amount"":7700,""user_name"":""이논"",""user_rank"":856,""user_stage"":300}"
"stage_reached_300 (App)","W:20_0A:19_0","22","{""attendance_count"":22,""install_day"":""2025-07-18"",""total_payment_amount"":11000,""user_name"":""카리나v"",""user_rank"":854,""user_stage"":300}"
"stage_reached_300 (App)","W:20_0A:19_0","20","{""attendance_count"":20,""install_day"":""2025-07-22"",""total_payment_amount"":7700,""user_name"":""게토"",""user_rank"":874,""user_stage"":300}"
"stage_reached_300 (App)","W:20_0A:19_0","23","{""attendance_count"":23,""install_day"":""2025-07-18"",""total_payment_amount"":7700,""user_name"":""천룡"",""user_rank"":852,""user_stage"":300}"
"stage_reached_300 (App)","W:23_0A:22_0","12","{""attendance_count"":12,""install_day"":""2025-07-30"",""total_payment_amount"":84700,""user_name"":""오비이락"",""user_rank"":845,""user_stage"":300}"
"stage_reached_300 (App)","W:23_0A:22_0","20","{""attendance_count"":20,""install_day"":""2025-07-22"",""total_payment_amount"":7700,""user_name"":""polaris1"",""user_rank"":886,""user_stage"":300}"
"stage_reached_300 (App)","W:23_0A:19_0","24","{""attendance_count"":24,""install_day"":""2025-07-18"",""total_payment_amount"":7700,""user_name"":""김프로"",""user_rank"":1011,""user_stage"":300}"
"stage_reached_300 (App)","W:21_0A:20_0","20","{""attendance_count"":20,""install_day"":""2025-07-21"",""total_payment_amount"":7700,""user_name"":""핫걸"",""user_rank"":846,""user_stage"":300}"
"stage_reached_300 (App)","W:20_0A:19_0","21","{""attendance_count"":21,""install_day"":""2025-07-21"",""total_payment_amount"":7700,""user_name"":""골잽이"",""user_rank"":915,""user_stage"":300}"
"stage_reached_300 (App)","W:20_0A:19_0","22","{""attendance_count"":22,""install_day"":""2025-07-20"",""total_payment_amount"":7700,""user_name"":""태조쿠마"",""user_rank"":831,""user_stage"":300}"
"stage_reached_300 (App)","W:20_0A:19_0","19","{""attendance_count"":19,""install_day"":""2025-07-22"",""total_payment_amount"":40700,""user_name"":""솜유이"",""user_rank"":807,""user_stage"":300}"
"stage_reached_300 (App)","W:23_0A:19_0","15","{""attendance_count"":15,""install_day"":""2025-07-26"",""total_payment_amount"":7700,""user_name"":""모하는겜인고"",""user_rank"":892,""user_stage"":300}"
"stage_reached_300 (App)","W:20_0A:21_0","19","{""attendance_count"":19,""install_day"":""2025-07-23"",""total_payment_amount"":7700,""user_name"":""알파카"",""user_rank"":799,""user_stage"":300}"
"stage_reached_300 (App)","W:23_0A:21_0","7","{""attendance_count"":7,""install_day"":""2025-08-04"",""total_payment_amount"":459800,""user_name"":""삥쭈"",""user_rank"":891,""user_stage"":300}"
"stage_reached_300 (App)","W:20_0A:19_0","24","{""attendance_count"":24,""install_day"":""2025-07-17"",""total_payment_amount"":7700,""user_name"":""최난세"",""user_rank"":832,""user_stage"":300}"
"stage_reached_300 (App)","W:23_0A:19_0","21","{""attendance_count"":21,""install_day"":""2025-07-19"",""total_payment_amount"":62700,""user_name"":""만득임"",""user_rank"":1037,""user_stage"":300}"
"stage_reached_300 (App)","W:20_0A:19_0","21","{""attendance_count"":21,""install_day"":""2025-07-21"",""total_payment_amount"":7700,""user_name"":""아이디이이"",""user_rank"":849,""user_stage"":300}"
"stage_reached_300 (App)","W:20_0A:19_0","25","{""attendance_count"":25,""install_day"":""2025-07-16"",""total_payment_amount"":7700,""user_name"":""사바케"",""user_rank"":831,""user_stage"":300}"
"stage_reached_300 (App)","W:22_0A:20_0","20","{""attendance_count"":20,""install_day"":""2025-07-22"",""total_payment_amount"":27500,""user_name"":""아무거나함"",""user_rank"":1024,""user_stage"":300}"
"stage_reached_300 (App)","W:20_0A:19_0","15","{""attendance_count"":15,""install_day"":""2025-07-26"",""total_payment_amount"":44000,""user_name"":""흰눈송이"",""user_rank"":846,""user_stage"":300}"
"stage_reached_300 (App)","W:20_0A:20_0","24","{""attendance_count"":24,""install_day"":""2025-07-18"",""total_payment_amount"":22000,""user_name"":""볼때기사랑"",""user_rank"":829,""user_stage"":300}"
"stage_reached_300 (App)","W:23_0A:20_0","23","{""attendance_count"":23,""install_day"":""2025-07-19"",""total_payment_amount"":18700,""user_name"":""야유"",""user_rank"":856,""user_stage"":300}"
"stage_reached_300 (App)","W:21_0A:22_0","21","{""attendance_count"":21,""install_day"":""2025-07-20"",""total_payment_amount"":7700,""user_name"":""이동준"",""user_rank"":897,""user_stage"":300}"
"stage_reached_300 (App)","W:20_0A:19_0","25","{""attendance_count"":25,""install_day"":""2025-07-17"",""total_payment_amount"":7700,""user_name"":""쁘니크미"",""user_rank"":902,""user_stage"":300}"
"stage_reached_300 (App)","W:22_0A:20_0","5","{""attendance_count"":5,""install_day"":""2025-08-05"",""total_payment_amount"":322300,""user_name"":""zenz"",""user_rank"":1063,""user_stage"":300}"
"stage_reached_300 (App)","W:20_0A:20_0","18","{""attendance_count"":18,""install_day"":""2025-07-24"",""total_payment_amount"":19800,""user_name"":""히키"",""user_rank"":885,""user_stage"":300}"
"stage_reached_300 (App)","W:21_0A:19_0","24","{""attendance_count"":24,""install_day"":""2025-07-17"",""total_payment_amount"":7700,""user_name"":""라크"",""user_rank"":842,""user_stage"":300}"
"stage_reached_300 (App)","W:22_0A:19_0","19","{""attendance_count"":19,""install_day"":""2025-07-23"",""total_payment_amount"":64900,""user_name"":""하드"",""user_rank"":882,""user_stage"":300}"
"stage_reached_300 (App)","W:20_0A:19_0","16","{""attendance_count"":16,""install_day"":""2025-07-26"",""total_payment_amount"":27500,""user_name"":""사마빙"",""user_rank"":818,""user_stage"":300}"
"stage_reached_300 (App)","W:22_0A:22_0","11","{""attendance_count"":11,""install_day"":""2025-07-30"",""total_payment_amount"":190300,""user_name"":""한결도희"",""user_rank"":853,""user_stage"":300}"
"stage_reached_300 (App)","W:21_0A:19_0","17","{""attendance_count"":17,""install_day"":""2025-07-25"",""total_payment_amount"":7700,""user_name"":""봉기"",""user_rank"":836,""user_stage"":300}"
"stage_reached_300 (App)","W:22_0A:20_0","6","{""attendance_count"":6,""install_day"":""2025-08-04"",""total_payment_amount"":512600,""user_name"":""조승연"",""user_rank"":847,""user_stage"":300}"
"stage_reached_300 (App)","W:20_0A:19_0","22","{""attendance_count"":22,""install_day"":""2025-07-20"",""total_payment_amount"":31900,""user_name"":""강남여신공주"",""user_rank"":817,""user_stage"":300}"
"stage_reached_300 (App)","W:20_0A:19_0","25","{""attendance_count"":25,""install_day"":""2025-07-17"",""total_payment_amount"":7700,""user_name"":""레이먼"",""user_rank"":816,""user_stage"":300}"
"stage_reached_300 (App)","W:21_0A:19_0","17","{""attendance_count"":17,""install_day"":""2025-07-25"",""total_payment_amount"":38500,""user_name"":""쿼카왕"",""user_rank"":825,""user_stage"":300}"
"stage_reached_300 (App)","W:20_0A:19_0","23","{""attendance_count"":23,""install_day"":""2025-07-19"",""total_payment_amount"":7700,""user_name"":""김아무개"",""user_rank"":853,""user_stage"":300}"
"stage_reached_300 (App)","W:20_0A:19_0","19","{""attendance_count"":19,""install_day"":""2025-07-23"",""total_payment_amount"":7700,""user_name"":""빙하"",""user_rank"":836,""user_stage"":300}"
"stage_reached_300 (App)","W:22_0A:19_0","13","{""attendance_count"":13,""install_day"":""2025-07-29"",""total_payment_amount"":14300,""user_name"":""상암존예여신"",""user_rank"":833,""user_stage"":300}"
"stage_reached_300 (App)","W:23_0A:22_0","13","{""attendance_count"":13,""install_day"":""2025-07-29"",""total_payment_amount"":57200,""user_name"":""문순우"",""user_rank"":860,""user_stage"":300}"
"stage_reached_300 (App)","W:21_0A:19_0","26","{""attendance_count"":26,""install_day"":""2025-07-16"",""total_payment_amount"":22000,""user_name"":""잣까라"",""user_rank"":887,""user_stage"":300}"
"stage_reached_300 (App)","W:21_0A:19_0","24","{""attendance_count"":24,""install_day"":""2025-07-18"",""total_payment_amount"":7700,""user_name"":""병삼"",""user_rank"":817,""user_stage"":300}"
"stage_reached_300 (App)","W:23_0A:22_0","25","{""attendance_count"":25,""install_day"":""2025-07-16"",""total_payment_amount"":7700,""user_name"":""콜렉터"",""user_rank"":810,""user_stage"":300}"
"stage_reached_300 (App)","W:20_0A:19_0","22","{""attendance_count"":22,""install_day"":""2025-07-18"",""total_payment_amount"":11000,""user_name"":""지능"",""user_rank"":885,""user_stage"":300}"
"stage_reached_300 (App)","W:23_0A:20_0","19","{""attendance_count"":19,""install_day"":""2025-07-23"",""total_payment_amount"":7700,""user_name"":""한푼만줍쇼"",""user_rank"":830,""user_stage"":300}"
"stage_reached_300 (App)","W:22_0A:19_0","16","{""attendance_count"":16,""install_day"":""2025-07-26"",""total_payment_amount"":80300,""user_name"":""정동인"",""user_rank"":831,""user_stage"":300}"
"stage_reached_300 (App)","W:20_0A:19_0","21","{""attendance_count"":21,""install_day"":""2025-07-20"",""total_payment_amount"":27500,""user_name"":""안양잠룡"",""user_rank"":808,""user_stage"":300}"
"stage_reached_300 (App)","W:20_0A:20_0","25","{""attendance_count"":25,""install_day"":""2025-07-17"",""total_payment_amount"":7700,""user_name"":""Rio"",""user_rank"":829,""user_stage"":300}"
"stage_reached_300 (App)","W:21_0A:19_0","18","{""attendance_count"":18,""install_day"":""2025-07-24"",""total_payment_amount"":7700,""user_name"":""무락카"",""user_rank"":826,""user_stage"":300}"
"stage_reached_300 (App)","W:20_0A:19_0","22","{""attendance_count"":22,""install_day"":""2025-07-19"",""total_payment_amount"":28600,""user_name"":""나대는"",""user_rank"":902,""user_stage"":300}"
"stage_reached_300 (App)","W:22_0A:19_0","19","{""attendance_count"":19,""install_day"":""2025-07-22"",""total_payment_amount"":7700,""user_name"":""삼두부"",""user_rank"":810,""user_stage"":300}"
"stage_reached_300 (App)","W:20_0A:20_0","22","{""attendance_count"":22,""install_day"":""2025-07-19"",""total_payment_amount"":18700,""user_name"":""JFocus"",""user_rank"":808,""user_stage"":300}"
"stage_reached_300 (App)","W:20_0A:20_0","25","{""attendance_count"":25,""install_day"":""2025-07-16"",""total_payment_amount"":7700,""user_name"":""만슈리"",""user_rank"":841,""user_stage"":300}"
"stage_reached_300 (App)","W:22_0A:20_0","6","{""attendance_count"":6,""install_day"":""2025-08-04"",""total_payment_amount"":238700,""user_name"":""짱콩파파"",""user_rank"":808,""user_stage"":300}"
"stage_reached_300 (App)","W:20_0A:19_0","16","{""attendance_count"":16,""install_day"":""2025-07-26"",""total_payment_amount"":35200,""user_name"":""최쿠로"",""user_rank"":854,""user_stage"":300}"
"stage_reached_300 (App)","W:20_0A:19_0","19","{""attendance_count"":19,""install_day"":""2025-07-23"",""total_payment_amount"":45100,""user_name"":""행수"",""user_rank"":802,""user_stage"":300}"
"stage_reached_300 (App)","W:20_0A:19_0","23","{""attendance_count"":23,""install_day"":""2025-07-18"",""total_payment_amount"":7700,""user_name"":""달의정기"",""user_rank"":800,""user_stage"":300}"
"stage_reached_300 (App)","W:22_0A:19_0","20","{""attendance_count"":20,""install_day"":""2025-07-20"",""total_payment_amount"":7700,""user_name"":""난세의드래곤"",""user_rank"":801,""user_stage"":300}"
"stage_reached_300 (App)","W:20_0A:19_0","21","{""attendance_count"":21,""install_day"":""2025-07-19"",""total_payment_amount"":7700,""user_name"":""돌민"",""user_rank"":800,""user_stage"":300}"
"stage_reached_300 (App)","W:22_0A:22_0","6","{""attendance_count"":6,""install_day"":""2025-08-04"",""total_payment_amount"":421300,""user_name"":""BADA"",""user_rank"":828,""user_stage"":300}"
"stage_reached_300 (App)","W:22_0A:19_0","21","{""attendance_count"":21,""install_day"":""2025-07-18"",""total_payment_amount"":7700,""user_name"":""군감"",""user_rank"":789,""user_stage"":300}"
"stage_reached_300 (App)","W:20_0A:19_0","21","{""attendance_count"":21,""install_day"":""2025-07-20"",""total_payment_amount"":7700,""user_name"":""우빵맨"",""user_rank"":794,""user_stage"":300}"
"stage_reached_300 (App)","W:21_0A:21_0","16","{""attendance_count"":16,""install_day"":""2025-07-25"",""total_payment_amount"":82500,""user_name"":""이지대장"",""user_rank"":890,""user_stage"":300}"
"stage_reached_300 (App)","W:20_0A:19_0","20","{""attendance_count"":20,""install_day"":""2025-07-21"",""total_payment_amount"":7700,""user_name"":""김순돌"",""user_rank"":793,""user_stage"":300}"
"stage_reached_300 (App)","W:20_0A:19_0","40","{""attendance_count"":40,""install_day"":""2024-09-29"",""total_payment_amount"":7700,""user_name"":""artruis"",""user_rank"":1840,""user_stage"":300}"
"stage_reached_300 (App)","W:22_0A:20_0","22","{""attendance_count"":22,""install_day"":""2025-07-18"",""total_payment_amount"":7700,""user_name"":""영화"",""user_rank"":793,""user_stage"":300}"
"stage_reached_300 (App)","W:22_0A:20_0","22","{""attendance_count"":22,""install_day"":""2025-07-19"",""total_payment_amount"":7700,""user_name"":""휠버그"",""user_rank"":852,""user_stage"":300}"
"stage_reached_300 (App)","W:21_0A:21_0","21","{""attendance_count"":21,""install_day"":""2025-07-20"",""total_payment_amount"":7700,""user_name"":""너구리먹어요"",""user_rank"":823,""user_stage"":300}"
"stage_reached_300 (App)","W:21_0A:19_0","22","{""attendance_count"":22,""install_day"":""2025-07-19"",""total_payment_amount"":29700,""user_name"":""노블"",""user_rank"":787,""user_stage"":300}"
"stage_reached_300 (App)","W:22_0A:19_0","13","{""attendance_count"":13,""install_day"":""2025-07-28"",""total_payment_amount"":167200,""user_name"":""밥이"",""user_rank"":1030,""user_stage"":300}"
"stage_reached_300 (App)","W:21_0A:19_0","23","{""attendance_count"":23,""install_day"":""2025-07-18"",""total_payment_amount"":7700,""user_name"":""초롱아놀자"",""user_rank"":780,""user_stage"":300}"
"stage_reached_300 (App)","W:20_0A:19_0","19","{""attendance_count"":19,""install_day"":""2025-07-21"",""total_payment_amount"":7700,""user_name"":""리듬왕"",""user_rank"":768,""user_stage"":300}"
"stage_reached_300 (App)","W:22_0A:19_0","11","{""attendance_count"":11,""install_day"":""2025-07-30"",""total_payment_amount"":183700,""user_name"":""l대마왕l"",""user_rank"":785,""user_stage"":300}"
"stage_reached_300 (App)","W:20_0A:19_0","17","{""attendance_count"":17,""install_day"":""2025-07-24"",""total_payment_amount"":7700,""user_name"":""다이스"",""user_rank"":778,""user_stage"":300}"
"stage_reached_300 (App)","W:21_0A:19_0","23","{""attendance_count"":23,""install_day"":""2025-07-18"",""total_payment_amount"":7700,""user_name"":""은혼"",""user_rank"":898,""user_stage"":300}"
"stage_reached_300 (App)","W:21_0A:21_0","18","{""attendance_count"":18,""install_day"":""2025-07-23"",""total_payment_amount"":7700,""user_name"":""안양초불주먹"",""user_rank"":816,""user_stage"":300}"
"stage_reached_300 (App)","W:20_0A:19_0","14","{""attendance_count"":14,""install_day"":""2025-07-27"",""total_payment_amount"":67100,""user_name"":""스과"",""user_rank"":774,""user_stage"":300}"
"stage_reached_300 (App)","W:21_0A:20_0","11","{""attendance_count"":11,""install_day"":""2025-07-30"",""total_payment_amount"":206800,""user_name"":""roki"",""user_rank"":779,""user_stage"":300}"
"stage_reached_300 (App)","W:20_0A:19_0","17","{""attendance_count"":17,""install_day"":""2025-07-23"",""total_payment_amount"":84700,""user_name"":""흑요스늬"",""user_rank"":829,""user_stage"":300}"
"stage_reached_300 (App)","W:22_0A:19_0","23","{""attendance_count"":23,""install_day"":""2025-07-17"",""total_payment_amount"":7700,""user_name"":""re001"",""user_rank"":778,""user_stage"":300}"
"stage_reached_300 (App)","W:21_0A:19_0","22","{""attendance_count"":22,""install_day"":""2025-07-19"",""total_payment_amount"":7700,""user_name"":""그레이리"",""user_rank"":864,""user_stage"":300}"
"stage_reached_300 (App)","W:21_0A:19_0","25","{""attendance_count"":25,""install_day"":""2025-07-16"",""total_payment_amount"":18700,""user_name"":""이유따위"",""user_rank"":793,""user_stage"":300}"
"stage_reached_300 (App)","W:22_0A:19_0","18","{""attendance_count"":18,""install_day"":""2025-07-23"",""total_payment_amount"":7700,""user_name"":""대니팬텀"",""user_rank"":772,""user_stage"":300}"
"stage_reached_300 (App)","W:20_0A:19_0","22","{""attendance_count"":22,""install_day"":""2025-07-18"",""total_payment_amount"":0,""user_name"":""달빛나린아이"",""user_rank"":891,""user_stage"":300}"
"stage_reached_300 (App)","W:21_0A:19_0","22","{""attendance_count"":22,""install_day"":""2025-07-19"",""total_payment_amount"":29700,""user_name"":""아와드"",""user_rank"":772,""user_stage"":300}"
"stage_reached_300 (App)","W:23_0A:20_0","9","{""attendance_count"":9,""install_day"":""2025-08-01"",""total_payment_amount"":102300,""user_name"":""굴비사마"",""user_rank"":802,""user_stage"":300}"
"stage_reached_300 (App)","W:22_0A:19_0","19","{""attendance_count"":19,""install_day"":""2025-07-20"",""total_payment_amount"":7700,""user_name"":""안산한량"",""user_rank"":786,""user_stage"":300}"
"stage_reached_300 (App)","W:20_0A:19_0","21","{""attendance_count"":21,""install_day"":""2025-07-19"",""total_payment_amount"":7700,""user_name"":""의천대협"",""user_rank"":794,""user_stage"":300}"
"stage_reached_300 (App)","W:22_0A:19_0","17","{""attendance_count"":17,""install_day"":""2025-07-23"",""total_payment_amount"":150700,""user_name"":""덕덕"",""user_rank"":864,""user_stage"":300}"
"stage_reached_300 (App)","W:23_0A:20_0","22","{""attendance_count"":22,""install_day"":""2025-07-19"",""total_payment_amount"":7700,""user_name"":""민벤져스"",""user_rank"":765,""user_stage"":300}"
"stage_reached_300 (App)","W:20_0A:19_0","42","{""attendance_count"":42,""install_day"":""2025-06-29"",""total_payment_amount"":22000,""user_name"":""흑천"",""user_rank"":1873,""user_stage"":300}"
"stage_reached_300 (App)","W:22_0A:20_0","21","{""attendance_count"":21,""install_day"":""2025-07-20"",""total_payment_amount"":7700,""user_name"":""술재이"",""user_rank"":764,""user_stage"":300}"
"stage_reached_300 (App)","W:20_0A:19_0","19","{""attendance_count"":19,""install_day"":""2025-07-22"",""total_payment_amount"":11000,""user_name"":""스스골"",""user_rank"":791,""user_stage"":300}"
"stage_reached_300 (App)","W:20_0A:19_0","13","{""attendance_count"":13,""install_day"":""2025-07-28"",""total_payment_amount"":167200,""user_name"":""독립"",""user_rank"":822,""user_stage"":300}"
"stage_reached_300 (App)","W:20_0A:19_0","22","{""attendance_count"":22,""install_day"":""2025-07-19"",""total_payment_amount"":7700,""user_name"":""조버미"",""user_rank"":789,""user_stage"":300}"
"stage_reached_300 (App)","W:21_0A:20_0","16","{""attendance_count"":16,""install_day"":""2025-07-25"",""total_payment_amount"":33000,""user_name"":""승환표류기"",""user_rank"":773,""user_stage"":300}"
"stage_reached_300 (App)","W:22_0A:19_0","17","{""attendance_count"":17,""install_day"":""2025-07-24"",""total_payment_amount"":84700,""user_name"":""김문성"",""user_rank"":770,""user_stage"":300}"
"stage_reached_300 (App)","W:20_0A:19_0","20","{""attendance_count"":20,""install_day"":""2025-07-21"",""total_payment_amount"":7700,""user_name"":""우왕굳"",""user_rank"":771,""user_stage"":300}"
"stage_reached_300 (App)","W:21_0A:19_0","20","{""attendance_count"":20,""install_day"":""2025-07-21"",""total_payment_amount"":7700,""user_name"":""오롯"",""user_rank"":792,""user_stage"":300}"
"stage_reached_300 (App)","W:23_0A:21_0","22","{""attendance_count"":22,""install_day"":""2025-07-19"",""total_payment_amount"":7700,""user_name"":""룰루루"",""user_rank"":813,""user_stage"":300}"
"stage_reached_300 (App)","W:20_0A:23_0","20","{""attendance_count"":20,""install_day"":""2025-07-20"",""total_payment_amount"":7700,""user_name"":""고운찡"",""user_rank"":811,""user_stage"":300}"
"stage_reached_300 (App)","W:21_0A:20_0","22","{""attendance_count"":22,""install_day"":""2025-07-19"",""total_payment_amount"":8800,""user_name"":""박대감"",""user_rank"":754,""user_stage"":300}"
"stage_reached_300 (App)","W:21_0A:23_0","22","{""attendance_count"":22,""install_day"":""2025-07-19"",""total_payment_amount"":36300,""user_name"":""돗개"",""user_rank"":753,""user_stage"":300}"
"stage_reached_300 (App)","W:22_0A:19_0","14","{""attendance_count"":14,""install_day"":""2025-07-26"",""total_payment_amount"":194700,""user_name"":""임의변경"",""user_rank"":750,""user_stage"":300}"
"stage_reached_300 (App)","W:21_0A:21_0","20","{""attendance_count"":20,""install_day"":""2025-07-20"",""total_payment_amount"":7700,""user_name"":""한겨르"",""user_rank"":808,""user_stage"":300}"
"stage_reached_300 (App)","W:20_0A:19_0","23","{""attendance_count"":23,""install_day"":""2025-07-18"",""total_payment_amount"":7700,""user_name"":""응가삐아"",""user_rank"":750,""user_stage"":300}"
"stage_reached_300 (App)","W:20_0A:20_0","21","{""attendance_count"":21,""install_day"":""2025-07-20"",""total_payment_amount"":29700,""user_name"":""김도영"",""user_rank"":821,""user_stage"":300}"
"stage_reached_300 (App)","W:20_0A:19_0","20","{""attendance_count"":20,""install_day"":""2025-07-20"",""total_payment_amount"":7700,""user_name"":""코플레"",""user_rank"":786,""user_stage"":300}"
"stage_reached_300 (App)","W:23_0A:23_0","25","{""attendance_count"":25,""install_day"":""2025-07-16"",""total_payment_amount"":77000,""user_name"":""닝기밍"",""user_rank"":803,""user_stage"":300}"
"stage_reached_300 (App)","W:22_0A:19_0","8","{""attendance_count"":8,""install_day"":""2025-08-01"",""total_payment_amount"":194700,""user_name"":""영쟈굳"",""user_rank"":803,""user_stage"":300}"
"stage_reached_300 (App)","W:22_0A:20_0","19","{""attendance_count"":19,""install_day"":""2025-07-20"",""total_payment_amount"":7700,""user_name"":""짱호"",""user_rank"":746,""user_stage"":300}"
"stage_reached_300 (App)","W:21_0A:19_0","22","{""attendance_count"":22,""install_day"":""2025-07-19"",""total_payment_amount"":7700,""user_name"":""개밥은줬는가"",""user_rank"":757,""user_stage"":300}"
"stage_reached_300 (App)","W:20_0A:19_0","18","{""attendance_count"":18,""install_day"":""2025-07-23"",""total_payment_amount"":7700,""user_name"":""qpalzm"",""user_rank"":745,""user_stage"":300}"
"stage_reached_300 (App)","W:23_0A:20_0","20","{""attendance_count"":20,""install_day"":""2025-07-18"",""total_payment_amount"":7700,""user_name"":""희망아빠"",""user_rank"":756,""user_stage"":300}"
"stage_reached_300 (App)","W:20_0A:19_0","23","{""attendance_count"":23,""install_day"":""2025-07-18"",""total_payment_amount"":7700,""user_name"":""앤버디"",""user_rank"":739,""user_stage"":300}"
"stage_reached_300 (App)","W:22_0A:19_0","23","{""attendance_count"":23,""install_day"":""2025-07-18"",""total_payment_amount"":7700,""user_name"":""꿀딴지"",""user_rank"":739,""user_stage"":300}"
"stage_reached_300 (App)","W:22_0A:22_0","23","{""attendance_count"":23,""install_day"":""2025-07-18"",""total_payment_amount"":0,""user_name"":""시멘디"",""user_rank"":737,""user_stage"":300}"
"stage_reached_300 (App)","W:20_0A:19_0","23","{""attendance_count"":23,""install_day"":""2025-07-18"",""total_payment_amount"":7700,""user_name"":""샹이"",""user_rank"":737,""user_stage"":300}"
"stage_reached_300 (App)","W:20_0A:19_0","24","{""attendance_count"":24,""install_day"":""2025-07-16"",""total_payment_amount"":0,""user_name"":""l무신l"",""user_rank"":740,""user_stage"":300}"
"stage_reached_300 (App)","W:21_0A:19_0","22","{""attendance_count"":22,""install_day"":""2025-07-18"",""total_payment_amount"":7700,""user_name"":""운빨존망"",""user_rank"":716,""user_stage"":300}"
"stage_reached_300 (App)","W:22_0A:19_0","24","{""attendance_count"":24,""install_day"":""2025-07-16"",""total_payment_amount"":42900,""user_name"":""꿀망고"",""user_rank"":732,""user_stage"":300}"
"stage_reached_300 (App)","W:23_0A:20_0","12","{""attendance_count"":12,""install_day"":""2025-07-29"",""total_payment_amount"":101200,""user_name"":""유진킴"",""user_rank"":876,""user_stage"":300}"
"stage_reached_300 (App)","W:20_0A:19_0","20","{""attendance_count"":20,""install_day"":""2025-07-21"",""total_payment_amount"":26400,""user_name"":""말랑김밥"",""user_rank"":770,""user_stage"":300}"
"stage_reached_300 (App)","W:20_0A:19_0","21","{""attendance_count"":21,""install_day"":""2025-07-16"",""total_payment_amount"":0,""user_name"":""로나"",""user_rank"":725,""user_stage"":300}"
"stage_reached_300 (App)","W:20_0A:19_0","20","{""attendance_count"":20,""install_day"":""2025-07-20"",""total_payment_amount"":42900,""user_name"":""아기맹수말티즈"",""user_rank"":758,""user_stage"":300}"
"stage_reached_300 (App)","W:21_0A:19_0","18","{""attendance_count"":18,""install_day"":""2025-07-22"",""total_payment_amount"":7700,""user_name"":""chovy"",""user_rank"":806,""user_stage"":300}"
"stage_reached_300 (App)","W:20_0A:19_0","22","{""attendance_count"":22,""install_day"":""2025-07-18"",""total_payment_amount"":7700,""user_name"":""juseho"",""user_rank"":725,""user_stage"":300}"
"stage_reached_300 (App)","W:20_0A:19_0","22","{""attendance_count"":22,""install_day"":""2025-07-19"",""total_payment_amount"":7700,""user_name"":""크라운큐비"",""user_rank"":729,""user_stage"":300}"
"stage_reached_300 (App)","W:22_0A:19_0","15","{""attendance_count"":15,""install_day"":""2025-07-26"",""total_payment_amount"":33000,""user_name"":""고공이"",""user_rank"":728,""user_stage"":300}"
"stage_reached_300 (App)","W:23_0A:19_0","15","{""attendance_count"":15,""install_day"":""2025-07-26"",""total_payment_amount"":7700,""user_name"":""붕어알"",""user_rank"":742,""user_stage"":300}"
"stage_reached_300 (App)","W:23_0A:22_0","6","{""attendance_count"":6,""install_day"":""2025-08-04"",""total_payment_amount"":268400,""user_name"":""짱주숭"",""user_rank"":723,""user_stage"":300}"
"stage_reached_300 (App)","W:20_0A:19_0","22","{""attendance_count"":22,""install_day"":""2025-07-19"",""total_payment_amount"":18700,""user_name"":""닥스코코"",""user_rank"":727,""user_stage"":300}"
"stage_reached_300 (App)","W:20_0A:20_0","17","{""attendance_count"":17,""install_day"":""2025-07-24"",""total_payment_amount"":93500,""user_name"":""세환"",""user_rank"":744,""user_stage"":300}"
"stage_reached_300 (App)","W:20_0A:22_0","24","{""attendance_count"":24,""install_day"":""2025-07-16"",""total_payment_amount"":7700,""user_name"":""찍먹222"",""user_rank"":713,""user_stage"":300}"
"stage_reached_300 (App)","W:20_0A:19_0","17","{""attendance_count"":17,""install_day"":""2025-07-24"",""total_payment_amount"":7700,""user_name"":""변호찬"",""user_rank"":741,""user_stage"":300}"
"stage_reached_300 (App)","W:20_0A:19_0","18","{""attendance_count"":18,""install_day"":""2025-07-23"",""total_payment_amount"":14300,""user_name"":""조선칼잽이"",""user_rank"":803,""user_stage"":300}"
"stage_reached_300 (App)","W:21_0A:19_0","16","{""attendance_count"":16,""install_day"":""2025-07-17"",""total_payment_amount"":33000,""user_name"":""명동시라소니"",""user_rank"":741,""user_stage"":300}"
"stage_reached_300 (App)","W:22_0A:19_0","15","{""attendance_count"":15,""install_day"":""2025-07-26"",""total_payment_amount"":40700,""user_name"":""왈도"",""user_rank"":727,""user_stage"":300}"
"stage_reached_300 (App)","W:22_0A:20_0","21","{""attendance_count"":21,""install_day"":""2025-07-19"",""total_payment_amount"":7700,""user_name"":""하얀참새"",""user_rank"":737,""user_stage"":300}"
"stage_reached_300 (App)","W:20_0A:20_0","21","{""attendance_count"":21,""install_day"":""2025-07-19"",""total_payment_amount"":7700,""user_name"":""도쿠가와이에야스"",""user_rank"":757,""user_stage"":300}"
"stage_reached_300 (App)","W:20_0A:19_0","22","{""attendance_count"":22,""install_day"":""2025-07-18"",""total_payment_amount"":14300,""user_name"":""리정"",""user_rank"":748,""user_stage"":300}"
"stage_reached_300 (App)","W:22_0A:20_0","16","{""attendance_count"":16,""install_day"":""2025-07-24"",""total_payment_amount"":128700,""user_name"":""애쁠"",""user_rank"":721,""user_stage"":300}"
"stage_reached_300 (App)","W:20_0A:19_0","23","{""attendance_count"":23,""install_day"":""2025-07-17"",""total_payment_amount"":7700,""user_name"":""이별"",""user_rank"":714,""user_stage"":300}"
"stage_reached_300 (App)","W:21_0A:19_0","21","{""attendance_count"":21,""install_day"":""2025-07-17"",""total_payment_amount"":14300,""user_name"":""롯케"",""user_rank"":919,""user_stage"":300}"
"stage_reached_300 (App)","W:21_0A:19_0","20","{""attendance_count"":20,""install_day"":""2025-07-19"",""total_payment_amount"":7700,""user_name"":""카넬리안"",""user_rank"":714,""user_stage"":300}"
"stage_reached_300 (App)","W:20_0A:19_0","17","{""attendance_count"":17,""install_day"":""2025-07-22"",""total_payment_amount"":40700,""user_name"":""카라멜"",""user_rank"":712,""user_stage"":300}"
"stage_reached_300 (App)","W:23_0A:19_0","12","{""attendance_count"":12,""install_day"":""2025-07-28"",""total_payment_amount"":7700,""user_name"":""복구"",""user_rank"":773,""user_stage"":300}"
"stage_reached_300 (App)","W:20_0A:19_0","20","{""attendance_count"":20,""install_day"":""2025-07-19"",""total_payment_amount"":7700,""user_name"":""시그"",""user_rank"":754,""user_stage"":300}"
"stage_reached_300 (App)","W:22_0A:19_0","7","{""attendance_count"":7,""install_day"":""2025-08-02"",""total_payment_amount"":249700,""user_name"":""갱민"",""user_rank"":792,""user_stage"":300}"
"stage_reached_300 (App)","W:20_0A:19_0","20","{""attendance_count"":20,""install_day"":""2025-07-20"",""total_payment_amount"":7700,""user_name"":""캐누"",""user_rank"":727,""user_stage"":300}"
"stage_reached_300 (App)","W:21_0A:20_0","19","{""attendance_count"":19,""install_day"":""2025-07-21"",""total_payment_amount"":48400,""user_name"":""에반게리"",""user_rank"":723,""user_stage"":300}"
"stage_reached_300 (App)","W:23_0A:20_0","11","{""attendance_count"":11,""install_day"":""2025-07-21"",""total_payment_amount"":185900,""user_name"":""신우시스템"",""user_rank"":913,""user_stage"":300}"
"stage_reached_300 (App)","W:22_0A:22_0","24","{""attendance_count"":24,""install_day"":""2025-07-16"",""total_payment_amount"":7700,""user_name"":""무신현"",""user_rank"":725,""user_stage"":300}"
"stage_reached_300 (App)","W:23_0A:19_0","18","{""attendance_count"":18,""install_day"":""2025-07-20"",""total_payment_amount"":7700,""user_name"":""냠냠콩떡"",""user_rank"":723,""user_stage"":300}"
"stage_reached_300 (App)","W:20_0A:19_0","21","{""attendance_count"":21,""install_day"":""2025-07-17"",""total_payment_amount"":7700,""user_name"":""전신"",""user_rank"":715,""user_stage"":300}"
"stage_reached_300 (App)","W:22_0A:20_0","20","{""attendance_count"":20,""install_day"":""2025-07-20"",""total_payment_amount"":16500,""user_name"":""불빠따"",""user_rank"":721,""user_stage"":300}"
"stage_reached_300 (App)","W:22_0A:19_0","21","{""attendance_count"":21,""install_day"":""2025-07-19"",""total_payment_amount"":25300,""user_name"":""드웨인종슨"",""user_rank"":795,""user_stage"":300}"
"stage_reached_300 (App)","W:23_0A:21_0","20","{""attendance_count"":20,""install_day"":""2025-07-19"",""total_payment_amount"":62700,""user_name"":""위인전"",""user_rank"":876,""user_stage"":300}"
"stage_reached_300 (App)","W:23_0A:22_0","17","{""attendance_count"":17,""install_day"":""2025-07-23"",""total_payment_amount"":7700,""user_name"":""블레스뮤"",""user_rank"":707,""user_stage"":300}"
"stage_reached_300 (App)","W:22_0A:22_0","13","{""attendance_count"":13,""install_day"":""2025-07-27"",""total_payment_amount"":205700,""user_name"":""후라이드참새"",""user_rank"":702,""user_stage"":300}"
"stage_reached_300 (App)","W:20_0A:19_0","18","{""attendance_count"":18,""install_day"":""2025-07-21"",""total_payment_amount"":29700,""user_name"":""출장"",""user_rank"":743,""user_stage"":300}"
"stage_reached_300 (App)","W:22_0A:20_0","17","{""attendance_count"":17,""install_day"":""2025-07-23"",""total_payment_amount"":36300,""user_name"":""대두"",""user_rank"":711,""user_stage"":300}"
"stage_reached_300 (App)","W:20_0A:19_0","22","{""attendance_count"":22,""install_day"":""2025-07-17"",""total_payment_amount"":7700,""user_name"":""안농"",""user_rank"":699,""user_stage"":300}"
"stage_reached_300 (App)","W:21_0A:20_0","18","{""attendance_count"":18,""install_day"":""2025-07-22"",""total_payment_amount"":83600,""user_name"":""지채문"",""user_rank"":754,""user_stage"":300}"
"stage_reached_300 (App)","W:21_0A:20_0","22","{""attendance_count"":22,""install_day"":""2025-07-18"",""total_payment_amount"":89100,""user_name"":""아자핑"",""user_rank"":695,""user_stage"":300}"
"stage_reached_300 (App)","W:20_0A:19_0","19","{""attendance_count"":19,""install_day"":""2025-07-20"",""total_payment_amount"":7700,""user_name"":""엄블리"",""user_rank"":701,""user_stage"":300}"
"stage_reached_300 (App)","W:23_0A:21_0","13","{""attendance_count"":13,""install_day"":""2025-07-26"",""total_payment_amount"":7700,""user_name"":""로영"",""user_rank"":708,""user_stage"":300}"
"stage_reached_300 (App)","W:23_0A:19_0","17","{""attendance_count"":17,""install_day"":""2025-07-23"",""total_payment_amount"":7700,""user_name"":""2an"",""user_rank"":708,""user_stage"":300}"
"stage_reached_300 (App)","W:23_0A:19_0","20","{""attendance_count"":20,""install_day"":""2025-07-16"",""total_payment_amount"":7700,""user_name"":""이시안"",""user_rank"":692,""user_stage"":300}"
"stage_reached_300 (App)","W:21_0A:20_0","20","{""attendance_count"":20,""install_day"":""2025-07-19"",""total_payment_amount"":7700,""user_name"":""창덕궁"",""user_rank"":745,""user_stage"":300}"
"stage_reached_300 (App)","W:23_0A:20_0","21","{""attendance_count"":21,""install_day"":""2025-07-19"",""total_payment_amount"":7700,""user_name"":""녀석"",""user_rank"":694,""user_stage"":300}"
"stage_reached_300 (App)","W:21_0A:19_0","23","{""attendance_count"":23,""install_day"":""2025-07-16"",""total_payment_amount"":64900,""user_name"":""삼다"",""user_rank"":760,""user_stage"":300}"
"stage_reached_300 (App)","W:23_0A:21_0","16","{""attendance_count"":16,""install_day"":""2025-07-24"",""total_payment_amount"":40700,""user_name"":""음싸"",""user_rank"":685,""user_stage"":300}"
"stage_reached_300 (App)","W:21_0A:19_0","15","{""attendance_count"":15,""install_day"":""2025-07-25"",""total_payment_amount"":121000,""user_name"":""rubidu"",""user_rank"":681,""user_stage"":300}"
"stage_reached_300 (App)","W:20_0A:19_0","21","{""attendance_count"":21,""install_day"":""2025-07-19"",""total_payment_amount"":7700,""user_name"":""월이"",""user_rank"":695,""user_stage"":300}"
"stage_reached_300 (App)","W:20_0A:19_0","20","{""attendance_count"":20,""install_day"":""2025-07-18"",""total_payment_amount"":58300,""user_name"":""춘하"",""user_rank"":696,""user_stage"":300}"
"stage_reached_300 (App)","W:20_0A:19_0","20","{""attendance_count"":20,""install_day"":""2025-07-19"",""total_payment_amount"":7700,""user_name"":""뚜앙"",""user_rank"":711,""user_stage"":300}"
"stage_reached_300 (App)","W:23_0A:19_0","14","{""attendance_count"":14,""install_day"":""2025-07-26"",""total_payment_amount"":7700,""user_name"":""혼세마왕"",""user_rank"":737,""user_stage"":300}"
"stage_reached_300 (App)","W:23_0A:20_0","22","{""attendance_count"":22,""install_day"":""2025-07-18"",""total_payment_amount"":11000,""user_name"":""충겨과공포"",""user_rank"":678,""user_stage"":300}"
"stage_reached_300 (App)","W:22_0A:22_0","15","{""attendance_count"":15,""install_day"":""2025-07-25"",""total_payment_amount"":7700,""user_name"":""반늬"",""user_rank"":767,""user_stage"":300}"
"stage_reached_300 (App)","W:20_0A:19_0","17","{""attendance_count"":17,""install_day"":""2025-07-23"",""total_payment_amount"":27500,""user_name"":""느쩨"",""user_rank"":718,""user_stage"":300}"
"stage_reached_300 (App)","W:22_0A:20_0","17","{""attendance_count"":17,""install_day"":""2025-07-23"",""total_payment_amount"":7700,""user_name"":""이즈니"",""user_rank"":675,""user_stage"":300}"
"stage_reached_300 (App)","W:20_0A:19_0","20","{""attendance_count"":20,""install_day"":""2025-07-19"",""total_payment_amount"":7700,""user_name"":""퓨딜"",""user_rank"":704,""user_stage"":300}"
"stage_reached_300 (App)","W:22_0A:21_0","15","{""attendance_count"":15,""install_day"":""2025-07-25"",""total_payment_amount"":7700,""user_name"":""간계의승렬"",""user_rank"":688,""user_stage"":300}"
"stage_reached_300 (App)","W:21_0A:21_0","20","{""attendance_count"":20,""install_day"":""2025-07-20"",""total_payment_amount"":0,""user_name"":""난중일"",""user_rank"":673,""user_stage"":300}"
"stage_reached_300 (App)","W:20_0A:19_0","24","{""attendance_count"":24,""install_day"":""2025-07-16"",""total_payment_amount"":8800,""user_name"":""꼬기"",""user_rank"":679,""user_stage"":300}"
"stage_reached_300 (App)","W:22_0A:19_0","23","{""attendance_count"":23,""install_day"":""2025-07-17"",""total_payment_amount"":7700,""user_name"":""제명"",""user_rank"":670,""user_stage"":300}"
"stage_reached_300 (App)","W:20_0A:19_0","20","{""attendance_count"":20,""install_day"":""2025-07-20"",""total_payment_amount"":7700,""user_name"":""Rox"",""user_rank"":699,""user_stage"":300}"
"stage_reached_300 (App)","W:22_0A:19_0","16","{""attendance_count"":16,""install_day"":""2025-07-24"",""total_payment_amount"":113300,""user_name"":""카리스마행"",""user_rank"":671,""user_stage"":300}"
"stage_reached_300 (App)","W:22_0A:20_0","22","{""attendance_count"":22,""install_day"":""2025-07-18"",""total_payment_amount"":18700,""user_name"":""허허참"",""user_rank"":693,""user_stage"":300}"
"stage_reached_300 (App)","W:20_0A:19_0","17","{""attendance_count"":17,""install_day"":""2025-07-23"",""total_payment_amount"":62700,""user_name"":""무식한놈"",""user_rank"":767,""user_stage"":300}"
"stage_reached_300 (App)","W:23_0A:21_0","12","{""attendance_count"":12,""install_day"":""2025-07-28"",""total_payment_amount"":161700,""user_name"":""진우서우"",""user_rank"":668,""user_stage"":300}"
"stage_reached_300 (App)","W:22_0A:19_0","16","{""attendance_count"":16,""install_day"":""2025-07-23"",""total_payment_amount"":7700,""user_name"":""낙네림"",""user_rank"":668,""user_stage"":300}"
"stage_reached_300 (App)","W:23_0A:20_0","19","{""attendance_count"":19,""install_day"":""2025-07-20"",""total_payment_amount"":14300,""user_name"":""척준겸"",""user_rank"":693,""user_stage"":300}"
"stage_reached_300 (App)","W:22_0A:19_0","21","{""attendance_count"":21,""install_day"":""2025-07-19"",""total_payment_amount"":40700,""user_name"":""꿀곰"",""user_rank"":692,""user_stage"":300}"
"stage_reached_300 (App)","W:22_0A:20_0","22","{""attendance_count"":22,""install_day"":""2025-07-18"",""total_payment_amount"":0,""user_name"":""난세0"",""user_rank"":659,""user_stage"":300}"
"stage_reached_300 (App)","W:22_0A:19_0","8","{""attendance_count"":8,""install_day"":""2025-08-01"",""total_payment_amount"":221100,""user_name"":""도라에몽표류기"",""user_rank"":711,""user_stage"":300}"
"stage_reached_300 (App)","W:22_0A:19_0","24","{""attendance_count"":24,""install_day"":""2025-07-16"",""total_payment_amount"":7700,""user_name"":""부검결과"",""user_rank"":687,""user_stage"":300}"
"stage_reached_300 (App)","W:20_0A:19_0","19","{""attendance_count"":19,""install_day"":""2025-07-21"",""total_payment_amount"":7700,""user_name"":""뭐왜뭐가"",""user_rank"":684,""user_stage"":300}"
"stage_reached_300 (App)","W:22_0A:19_0","14","{""attendance_count"":14,""install_day"":""2025-07-26"",""total_payment_amount"":150700,""user_name"":""길동사마"",""user_rank"":695,""user_stage"":300}"
"stage_reached_300 (App)","W:20_0A:19_0","19","{""attendance_count"":19,""install_day"":""2025-07-21"",""total_payment_amount"":29700,""user_name"":""go박사"",""user_rank"":670,""user_stage"":300}"
"stage_reached_300 (App)","W:20_0A:19_0","20","{""attendance_count"":20,""install_day"":""2025-07-20"",""total_payment_amount"":7700,""user_name"":""하지닝"",""user_rank"":660,""user_stage"":300}"
"stage_reached_300 (App)","W:20_0A:19_0","23","{""attendance_count"":23,""install_day"":""2025-07-16"",""total_payment_amount"":7700,""user_name"":""주동자자"",""user_rank"":658,""user_stage"":300}"
"stage_reached_300 (App)","W:23_0A:22_0","8","{""attendance_count"":8,""install_day"":""2025-08-01"",""total_payment_amount"":105600,""user_name"":""가정주부"",""user_rank"":651,""user_stage"":300}"
"stage_reached_300 (App)","W:22_0A:20_0","21","{""attendance_count"":21,""install_day"":""2025-07-19"",""total_payment_amount"":7700,""user_name"":""호담시"",""user_rank"":649,""user_stage"":300}"
"stage_reached_300 (App)","W:20_0A:19_0","7","{""attendance_count"":7,""install_day"":""2025-08-02"",""total_payment_amount"":283800,""user_name"":""조메기"",""user_rank"":689,""user_stage"":300}"
"stage_reached_300 (App)","W:22_0A:22_0","4","{""attendance_count"":4,""install_day"":""2025-08-05"",""total_payment_amount"":476300,""user_name"":""탄령"",""user_rank"":688,""user_stage"":300}"
"stage_reached_300 (App)","W:20_0A:19_0","21","{""attendance_count"":21,""install_day"":""2025-07-19"",""total_payment_amount"":66000,""user_name"":""송송송"",""user_rank"":660,""user_stage"":300}"
"stage_reached_300 (App)","W:20_0A:19_0","16","{""attendance_count"":16,""install_day"":""2025-07-24"",""total_payment_amount"":25300,""user_name"":""개패는처녀"",""user_rank"":662,""user_stage"":300}"
"stage_reached_300 (App)","W:20_0A:19_0","18","{""attendance_count"":18,""install_day"":""2025-07-22"",""total_payment_amount"":7700,""user_name"":""보나"",""user_rank"":651,""user_stage"":300}"
"stage_reached_300 (App)","W:21_0A:20_0","22","{""attendance_count"":22,""install_day"":""2025-07-17"",""total_payment_amount"":11000,""user_name"":""일론머스크"",""user_rank"":660,""user_stage"":300}"
"stage_reached_300 (App)","W:20_0A:19_0","17","{""attendance_count"":17,""install_day"":""2025-07-23"",""total_payment_amount"":29700,""user_name"":""전위"",""user_rank"":650,""user_stage"":300}"
"stage_reached_300 (App)","W:21_0A:19_0","23","{""attendance_count"":23,""install_day"":""2025-07-17"",""total_payment_amount"":7700,""user_name"":""sinbbai"",""user_rank"":650,""user_stage"":300}"
"stage_reached_300 (App)","W:20_0A:22_0","20","{""attendance_count"":20,""install_day"":""2025-07-18"",""total_payment_amount"":7700,""user_name"":""효자동용가리"",""user_rank"":687,""user_stage"":300}"
"stage_reached_300 (App)","W:20_0A:19_0","21","{""attendance_count"":21,""install_day"":""2025-07-18"",""total_payment_amount"":51700,""user_name"":""로윤로하"",""user_rank"":740,""user_stage"":300}"
"stage_reached_300 (App)","W:20_0A:19_0","19","{""attendance_count"":19,""install_day"":""2025-07-19"",""total_payment_amount"":7700,""user_name"":""보집물"",""user_rank"":671,""user_stage"":300}"
"stage_reached_300 (App)","W:23_0A:21_0","6","{""attendance_count"":6,""install_day"":""2025-08-01"",""total_payment_amount"":372900,""user_name"":""벤야"",""user_rank"":938,""user_stage"":300}"
"stage_reached_300 (App)","W:22_0A:19_0","21","{""attendance_count"":21,""install_day"":""2025-07-18"",""total_payment_amount"":7700,""user_name"":""Diabolus"",""user_rank"":691,""user_stage"":300}"
"stage_reached_300 (App)","W:23_0A:19_0","19","{""attendance_count"":19,""install_day"":""2025-07-20"",""total_payment_amount"":7700,""user_name"":""지금여기"",""user_rank"":677,""user_stage"":300}"
"stage_reached_300 (App)","W:22_0A:22_0","23","{""attendance_count"":23,""install_day"":""2025-07-16"",""total_payment_amount"":128700,""user_name"":""박진석"",""user_rank"":665,""user_stage"":300}"
"stage_reached_300 (App)","W:22_0A:19_0","21","{""attendance_count"":21,""install_day"":""2025-07-18"",""total_payment_amount"":7700,""user_name"":""wind"",""user_rank"":673,""user_stage"":300}"
"stage_reached_300 (App)","W:20_0A:19_0","18","{""attendance_count"":18,""install_day"":""2025-07-21"",""total_payment_amount"":57200,""user_name"":""수라드"",""user_rank"":643,""user_stage"":300}"
"stage_reached_300 (App)","W:22_0A:20_0","17","{""attendance_count"":17,""install_day"":""2025-07-22"",""total_payment_amount"":7700,""user_name"":""이슬공주"",""user_rank"":642,""user_stage"":300}"
"stage_reached_300 (App)","W:20_0A:20_0","23","{""attendance_count"":23,""install_day"":""2025-07-16"",""total_payment_amount"":7700,""user_name"":""89detail"",""user_rank"":642,""user_stage"":300}"
"stage_reached_300 (App)","W:22_0A:19_0","23","{""attendance_count"":23,""install_day"":""2025-07-16"",""total_payment_amount"":84700,""user_name"":""kuwoo"",""user_rank"":792,""user_stage"":300}"
"stage_reached_300 (App)","W:20_0A:19_0","18","{""attendance_count"":18,""install_day"":""2025-07-21"",""total_payment_amount"":73700,""user_name"":""성도"",""user_rank"":598,""user_stage"":300}"
"stage_reached_300 (App)","W:22_0A:21_0","20","{""attendance_count"":20,""install_day"":""2025-07-18"",""total_payment_amount"":29700,""user_name"":""쿠두스"",""user_rank"":709,""user_stage"":300}"
"stage_reached_300 (App)","W:23_0A:21_0","13","{""attendance_count"":13,""install_day"":""2025-07-26"",""total_payment_amount"":7700,""user_name"":""Unichef"",""user_rank"":639,""user_stage"":300}"
"stage_reached_300 (App)","W:23_0A:20_0","24","{""attendance_count"":24,""install_day"":""2025-07-16"",""total_payment_amount"":0,""user_name"":""여우개"",""user_rank"":629,""user_stage"":300}"
"stage_reached_300 (App)","W:22_0A:19_0","21","{""attendance_count"":21,""install_day"":""2025-07-18"",""total_payment_amount"":41800,""user_name"":""콩돌이"",""user_rank"":704,""user_stage"":300}"
"stage_reached_300 (App)","W:22_0A:19_0","21","{""attendance_count"":21,""install_day"":""2025-07-18"",""total_payment_amount"":7700,""user_name"":""명량"",""user_rank"":623,""user_stage"":300}"
"stage_reached_300 (App)","W:20_0A:19_0","18","{""attendance_count"":18,""install_day"":""2025-07-19"",""total_payment_amount"":7700,""user_name"":""황천사자"",""user_rank"":628,""user_stage"":300}"
"stage_reached_300 (App)","W:22_0A:22_0","2","{""attendance_count"":2,""install_day"":""2025-08-06"",""total_payment_amount"":605000,""user_name"":""야촌"",""user_rank"":854,""user_stage"":300}"
"stage_reached_300 (App)","W:20_0A:19_0","21","{""attendance_count"":21,""install_day"":""2025-07-18"",""total_payment_amount"":27500,""user_name"":""홀로핑"",""user_rank"":635,""user_stage"":300}"
"stage_reached_300 (App)","W:23_0A:20_0","23","{""attendance_count"":23,""install_day"":""2025-07-16"",""total_payment_amount"":0,""user_name"":""인덕원사거리"",""user_rank"":620,""user_stage"":300}"
"stage_reached_300 (App)","W:21_0A:22_0","13","{""attendance_count"":13,""install_day"":""2025-07-26"",""total_payment_amount"":110000,""user_name"":""오태식이"",""user_rank"":655,""user_stage"":300}"
"stage_reached_300 (App)","W:23_0A:20_0","20","{""attendance_count"":20,""install_day"":""2025-07-19"",""total_payment_amount"":29700,""user_name"":""허모띠"",""user_rank"":663,""user_stage"":300}"
"stage_reached_300 (App)","W:23_0A:23_0","8","{""attendance_count"":8,""install_day"":""2025-07-30"",""total_payment_amount"":270600,""user_name"":""금요일"",""user_rank"":746,""user_stage"":300}"
"stage_reached_300 (App)","W:20_0A:19_0","20","{""attendance_count"":20,""install_day"":""2025-07-18"",""total_payment_amount"":36300,""user_name"":""야생화살"",""user_rank"":625,""user_stage"":300}"
"stage_reached_300 (App)","W:21_0A:19_0","19","{""attendance_count"":19,""install_day"":""2025-07-19"",""total_payment_amount"":7700,""user_name"":""슈다뇽"",""user_rank"":616,""user_stage"":300}"
"stage_reached_300 (App)","W:23_0A:22_0","17","{""attendance_count"":17,""install_day"":""2025-07-22"",""total_payment_amount"":110000,""user_name"":""신지무념"",""user_rank"":644,""user_stage"":300}"
"stage_reached_300 (App)","W:20_0A:22_0","19","{""attendance_count"":19,""install_day"":""2025-07-20"",""total_payment_amount"":7700,""user_name"":""8군단장"",""user_rank"":616,""user_stage"":300}"
"stage_reached_300 (App)","W:22_0A:19_0","17","{""attendance_count"":17,""install_day"":""2025-07-20"",""total_payment_amount"":60500,""user_name"":""느엥"",""user_rank"":673,""user_stage"":300}"
"stage_reached_300 (App)","W:20_0A:19_0","15","{""attendance_count"":15,""install_day"":""2025-07-23"",""total_payment_amount"":62700,""user_name"":""랴니"",""user_rank"":621,""user_stage"":300}"
"stage_reached_300 (App)","W:20_0A:19_0","20","{""attendance_count"":20,""install_day"":""2025-07-19"",""total_payment_amount"":13200,""user_name"":""재밌는친구"",""user_rank"":610,""user_stage"":300}"
"stage_reached_300 (App)","W:20_0A:19_0","18","{""attendance_count"":18,""install_day"":""2025-07-20"",""total_payment_amount"":7700,""user_name"":""짐캐리"",""user_rank"":615,""user_stage"":300}"
"stage_reached_300 (App)","W:21_0A:19_0","19","{""attendance_count"":19,""install_day"":""2025-07-20"",""total_payment_amount"":7700,""user_name"":""Munsu19"",""user_rank"":639,""user_stage"":300}"
"stage_reached_300 (App)","W:20_0A:19_0","11","{""attendance_count"":11,""install_day"":""2025-07-28"",""total_payment_amount"":137500,""user_name"":""행백이"",""user_rank"":608,""user_stage"":300}"
"stage_reached_300 (App)","W:21_0A:21_0","19","{""attendance_count"":19,""install_day"":""2025-07-16"",""total_payment_amount"":11000,""user_name"":""으니화니"",""user_rank"":655,""user_stage"":300}"
"stage_reached_300 (App)","W:23_0A:21_0","10","{""attendance_count"":10,""install_day"":""2025-07-29"",""total_payment_amount"":227700,""user_name"":""사루다"",""user_rank"":626,""user_stage"":300}"
"stage_reached_300 (App)","W:21_0A:20_0","19","{""attendance_count"":19,""install_day"":""2025-07-20"",""total_payment_amount"":62700,""user_name"":""요와가와"",""user_rank"":609,""user_stage"":300}"
"stage_reached_300 (App)","W:22_0A:22_0","4","{""attendance_count"":4,""install_day"":""2025-08-04"",""total_payment_amount"":707300,""user_name"":""금재곱"",""user_rank"":634,""user_stage"":300}"
"stage_reached_300 (App)","W:20_0A:19_0","18","{""attendance_count"":18,""install_day"":""2025-07-21"",""total_payment_amount"":36300,""user_name"":""간고등어"",""user_rank"":646,""user_stage"":300}"
"stage_reached_300 (App)","W:20_0A:19_0","17","{""attendance_count"":17,""install_day"":""2025-07-22"",""total_payment_amount"":129800,""user_name"":""fourzero"",""user_rank"":641,""user_stage"":300}"
"stage_reached_300 (App)","W:20_0A:19_0","15","{""attendance_count"":15,""install_day"":""2025-07-23"",""total_payment_amount"":84700,""user_name"":""주현짱"",""user_rank"":604,""user_stage"":300}"
"stage_reached_300 (App)","W:20_0A:19_0","21","{""attendance_count"":21,""install_day"":""2025-07-18"",""total_payment_amount"":7700,""user_name"":""떠우떠누"",""user_rank"":642,""user_stage"":300}"
"stage_reached_300 (App)","W:23_0A:20_0","14","{""attendance_count"":14,""install_day"":""2025-07-25"",""total_payment_amount"":117700,""user_name"":""신혜공주"",""user_rank"":604,""user_stage"":300}"
"stage_reached_300 (App)","W:22_0A:21_0","19","{""attendance_count"":19,""install_day"":""2025-07-20"",""total_payment_amount"":271700,""user_name"":""코덜식"",""user_rank"":617,""user_stage"":300}"
"stage_reached_300 (App)","W:22_0A:19_0","19","{""attendance_count"":19,""install_day"":""2025-07-19"",""total_payment_amount"":20900,""user_name"":""초슈익"",""user_rank"":597,""user_stage"":300}"
"stage_reached_300 (App)","W:20_0A:19_0","21","{""attendance_count"":21,""install_day"":""2025-07-18"",""total_payment_amount"":33000,""user_name"":""질풍"",""user_rank"":610,""user_stage"":300}"
"stage_reached_300 (App)","W:20_0A:19_0","24","{""attendance_count"":24,""install_day"":""2025-07-15"",""total_payment_amount"":8800,""user_name"":""아이구"",""user_rank"":1836,""user_stage"":300}"
"stage_reached_300 (App)","W:20_0A:23_0","19","{""attendance_count"":19,""install_day"":""2025-07-20"",""total_payment_amount"":18700,""user_name"":""퍼떡내놔라"",""user_rank"":616,""user_stage"":300}"
"stage_reached_300 (App)","W:22_0A:19_0","21","{""attendance_count"":21,""install_day"":""2025-07-18"",""total_payment_amount"":7700,""user_name"":""흣흣"",""user_rank"":595,""user_stage"":300}"
"stage_reached_300 (App)","W:20_0A:19_0","13","{""attendance_count"":13,""install_day"":""2025-07-26"",""total_payment_amount"":185900,""user_name"":""주르"",""user_rank"":592,""user_stage"":300}"
"stage_reached_300 (App)","W:20_0A:19_0","20","{""attendance_count"":20,""install_day"":""2025-07-19"",""total_payment_amount"":11000,""user_name"":""픽셀"",""user_rank"":592,""user_stage"":300}"
"stage_reached_300 (App)","W:23_0A:23_0","22","{""attendance_count"":22,""install_day"":""2025-07-17"",""total_payment_amount"":0,""user_name"":""어얼씨구"",""user_rank"":618,""user_stage"":300}"
"stage_reached_300 (App)","W:21_0A:20_0","20","{""attendance_count"":20,""install_day"":""2025-07-19"",""total_payment_amount"":7700,""user_name"":""마롱"",""user_rank"":586,""user_stage"":300}"
"stage_reached_300 (App)","W:20_0A:19_0","14","{""attendance_count"":14,""install_day"":""2025-07-25"",""total_payment_amount"":139700,""user_name"":""별찌"",""user_rank"":593,""user_stage"":300}"
"stage_reached_300 (App)","W:21_0A:20_0","20","{""attendance_count"":20,""install_day"":""2025-07-19"",""total_payment_amount"":31900,""user_name"":""전설e"",""user_rank"":610,""user_stage"":300}"
"stage_reached_300 (App)","W:23_0A:19_0","9","{""attendance_count"":9,""install_day"":""2025-07-30"",""total_payment_amount"":7700,""user_name"":""바람둥앙마"",""user_rank"":738,""user_stage"":300}"
"stage_reached_300 (App)","W:23_0A:20_0","15","{""attendance_count"":15,""install_day"":""2025-07-24"",""total_payment_amount"":117700,""user_name"":""소안"",""user_rank"":609,""user_stage"":300}"
"stage_reached_300 (App)","W:20_0A:19_0","15","{""attendance_count"":15,""install_day"":""2025-07-23"",""total_payment_amount"":41800,""user_name"":""타샤"",""user_rank"":603,""user_stage"":300}"
"stage_reached_300 (App)","W:4_0A:19_0","21","{""attendance_count"":21,""install_day"":""2025-07-18"",""total_payment_amount"":11000,""user_name"":""Lear"",""user_rank"":615,""user_stage"":300}"
"stage_reached_300 (App)","W:22_0A:19_0","14","{""attendance_count"":14,""install_day"":""2025-07-24"",""total_payment_amount"":117700,""user_name"":""양호두"",""user_rank"":983,""user_stage"":300}"
"stage_reached_300 (App)","W:22_0A:20_0","17","{""attendance_count"":17,""install_day"":""2025-07-22"",""total_payment_amount"":7700,""user_name"":""한뚜혁"",""user_rank"":631,""user_stage"":300}"
"stage_reached_300 (App)","W:22_0A:20_0","4","{""attendance_count"":4,""install_day"":""2025-08-03"",""total_payment_amount"":471900,""user_name"":""오디나무"",""user_rank"":631,""user_stage"":300}"
"stage_reached_300 (App)","W:21_0A:19_0","18","{""attendance_count"":18,""install_day"":""2025-07-20"",""total_payment_amount"":7700,""user_name"":""블루베리티라노"",""user_rank"":580,""user_stage"":300}"
"stage_reached_300 (App)","W:21_0A:19_0","22","{""attendance_count"":22,""install_day"":""2025-07-17"",""total_payment_amount"":7700,""user_name"":""아리아래"",""user_rank"":760,""user_stage"":300}"
"stage_reached_300 (App)","W:22_0A:19_0","14","{""attendance_count"":14,""install_day"":""2025-07-25"",""total_payment_amount"":95700,""user_name"":""duha"",""user_rank"":707,""user_stage"":300}"
"stage_reached_300 (App)","W:21_0A:19_0","18","{""attendance_count"":18,""install_day"":""2025-07-20"",""total_payment_amount"":7700,""user_name"":""치킨조아"",""user_rank"":597,""user_stage"":300}"
"stage_reached_300 (App)","W:22_0A:20_0","19","{""attendance_count"":19,""install_day"":""2025-07-19"",""total_payment_amount"":315700,""user_name"":""썩쏘염염"",""user_rank"":969,""user_stage"":300}"
"stage_reached_300 (App)","W:20_0A:19_0","19","{""attendance_count"":19,""install_day"":""2025-07-20"",""total_payment_amount"":34100,""user_name"":""깔루아밀크"",""user_rank"":576,""user_stage"":300}"
"stage_reached_300 (App)","W:20_0A:19_0","20","{""attendance_count"":20,""install_day"":""2025-07-19"",""total_payment_amount"":7700,""user_name"":""옐로우콘"",""user_rank"":607,""user_stage"":300}"
"stage_reached_300 (App)","W:20_0A:20_0","21","{""attendance_count"":21,""install_day"":""2025-07-18"",""total_payment_amount"":40700,""user_name"":""하또짜"",""user_rank"":637,""user_stage"":300}"
"stage_reached_300 (App)","W:21_0A:19_0","18","{""attendance_count"":18,""install_day"":""2025-07-21"",""total_payment_amount"":7700,""user_name"":""카이져"",""user_rank"":597,""user_stage"":300}"
"stage_reached_300 (App)","W:21_0A:19_0","6","{""attendance_count"":6,""install_day"":""2025-08-02"",""total_payment_amount"":447700,""user_name"":""웅이아부지"",""user_rank"":597,""user_stage"":300}"
"stage_reached_300 (App)","W:21_0A:19_0","21","{""attendance_count"":21,""install_day"":""2025-07-18"",""total_payment_amount"":7700,""user_name"":""홍길동이"",""user_rank"":567,""user_stage"":300}"
"stage_reached_300 (App)","W:23_0A:20_0","15","{""attendance_count"":15,""install_day"":""2025-07-24"",""total_payment_amount"":22000,""user_name"":""랄라링"",""user_rank"":674,""user_stage"":300}"
"stage_reached_300 (App)","W:22_0A:19_0","12","{""attendance_count"":12,""install_day"":""2025-07-27"",""total_payment_amount"":151800,""user_name"":""꼬치쓰"",""user_rank"":574,""user_stage"":300}"
"stage_reached_300 (App)","W:20_0A:19_0","20","{""attendance_count"":20,""install_day"":""2025-07-18"",""total_payment_amount"":7700,""user_name"":""미카형"",""user_rank"":587,""user_stage"":300}"
"stage_reached_300 (App)","W:20_0A:23_0","20","{""attendance_count"":20,""install_day"":""2025-07-19"",""total_payment_amount"":0,""user_name"":""애국열사"",""user_rank"":569,""user_stage"":300}"
"stage_reached_300 (App)","W:21_0A:20_0","20","{""attendance_count"":20,""install_day"":""2025-07-19"",""total_payment_amount"":56100,""user_name"":""쫑쫑이"",""user_rank"":568,""user_stage"":300}"
"stage_reached_300 (App)","W:20_0A:19_0","20","{""attendance_count"":20,""install_day"":""2025-07-19"",""total_payment_amount"":7700,""user_name"":""농협"",""user_rank"":643,""user_stage"":300}"
"stage_reached_300 (App)","W:20_0A:19_0","22","{""attendance_count"":22,""install_day"":""2025-07-17"",""total_payment_amount"":7700,""user_name"":""총총이"",""user_rank"":645,""user_stage"":300}"
"stage_reached_300 (App)","W:22_0A:19_0","18","{""attendance_count"":18,""install_day"":""2025-07-19"",""total_payment_amount"":7700,""user_name"":""라고메"",""user_rank"":614,""user_stage"":300}"
"stage_reached_300 (App)","W:21_0A:19_0","19","{""attendance_count"":19,""install_day"":""2025-07-20"",""total_payment_amount"":7700,""user_name"":""게으름주의"",""user_rank"":563,""user_stage"":300}"
"stage_reached_300 (App)","W:20_0A:19_0","22","{""attendance_count"":22,""install_day"":""2025-07-16"",""total_payment_amount"":7700,""user_name"":""지나"",""user_rank"":567,""user_stage"":300}"
"stage_reached_300 (App)","W:20_0A:20_0","12","{""attendance_count"":12,""install_day"":""2025-07-26"",""total_payment_amount"":242000,""user_name"":""타이거통"",""user_rank"":567,""user_stage"":300}"
"stage_reached_300 (App)","W:20_0A:19_0","21","{""attendance_count"":21,""install_day"":""2025-07-17"",""total_payment_amount"":18700,""user_name"":""0l욜"",""user_rank"":580,""user_stage"":300}"
"stage_reached_300 (App)","W:22_0A:20_0","20","{""attendance_count"":20,""install_day"":""2025-07-17"",""total_payment_amount"":8800,""user_name"":""정지기"",""user_rank"":562,""user_stage"":300}"
"stage_reached_300 (App)","W:20_0A:19_0","20","{""attendance_count"":20,""install_day"":""2025-07-18"",""total_payment_amount"":11000,""user_name"":""완즈이"",""user_rank"":593,""user_stage"":300}"
"stage_reached_300 (App)","W:22_0A:19_0","21","{""attendance_count"":21,""install_day"":""2025-07-17"",""total_payment_amount"":0,""user_name"":""배똥꾸멍"",""user_rank"":566,""user_stage"":300}"
"stage_reached_300 (App)","W:21_0A:19_0","19","{""attendance_count"":19,""install_day"":""2025-07-19"",""total_payment_amount"":0,""user_name"":""트리플채"",""user_rank"":620,""user_stage"":300}"
"stage_reached_300 (App)","W:21_0A:19_0","20","{""attendance_count"":20,""install_day"":""2025-07-16"",""total_payment_amount"":7700,""user_name"":""환상의분수쇼"",""user_rank"":585,""user_stage"":300}"
"stage_reached_300 (App)","W:20_0A:19_0","20","{""attendance_count"":20,""install_day"":""2025-07-18"",""total_payment_amount"":7700,""user_name"":""용순아"",""user_rank"":559,""user_stage"":300}"
"stage_reached_300 (App)","W:20_0A:19_0","17","{""attendance_count"":17,""install_day"":""2025-07-22"",""total_payment_amount"":40700,""user_name"":""흐물이"",""user_rank"":555,""user_stage"":300}"
"stage_reached_300 (App)","W:21_0A:19_0","17","{""attendance_count"":17,""install_day"":""2025-07-19"",""total_payment_amount"":7700,""user_name"":""유베"",""user_rank"":725,""user_stage"":300}"
"stage_reached_300 (App)","W:22_0A:20_0","8","{""attendance_count"":8,""install_day"":""2025-07-30"",""total_payment_amount"":392700,""user_name"":""코리아se스머신"",""user_rank"":572,""user_stage"":300}"
"stage_reached_300 (App)","W:22_0A:22_0","4","{""attendance_count"":4,""install_day"":""2025-08-03"",""total_payment_amount"":568700,""user_name"":""쵸돈단스"",""user_rank"":594,""user_stage"":300}"
"stage_reached_300 (App)","W:20_0A:19_0","15","{""attendance_count"":15,""install_day"":""2025-07-23"",""total_payment_amount"":40700,""user_name"":""Regret"",""user_rank"":558,""user_stage"":300}"
"stage_reached_300 (App)","W:22_0A:20_0","10","{""attendance_count"":10,""install_day"":""2025-07-27"",""total_payment_amount"":517000,""user_name"":""우르르쾅쾅"",""user_rank"":666,""user_stage"":300}"
"stage_reached_300 (App)","W:20_0A:19_0","19","{""attendance_count"":19,""install_day"":""2025-07-18"",""total_payment_amount"":11000,""user_name"":""깅상"",""user_rank"":536,""user_stage"":300}"
"stage_reached_300 (App)","W:22_0A:19_0","17","{""attendance_count"":17,""install_day"":""2025-07-21"",""total_payment_amount"":7700,""user_name"":""아무것도몰라"",""user_rank"":544,""user_stage"":300}"
"stage_reached_300 (App)","W:20_0A:19_0","20","{""attendance_count"":20,""install_day"":""2025-07-18"",""total_payment_amount"":40700,""user_name"":""비슷"",""user_rank"":632,""user_stage"":300}"
"stage_reached_300 (App)","W:22_0A:20_0","18","{""attendance_count"":18,""install_day"":""2025-07-20"",""total_payment_amount"":7700,""user_name"":""TMB"",""user_rank"":546,""user_stage"":300}"
"stage_reached_300 (App)","W:23_0A:22_0","13","{""attendance_count"":13,""install_day"":""2025-07-25"",""total_payment_amount"":810700,""user_name"":""가을빛달"",""user_rank"":545,""user_stage"":300}"
"stage_reached_300 (App)","W:22_0A:20_0","19","{""attendance_count"":19,""install_day"":""2025-07-19"",""total_payment_amount"":36300,""user_name"":""상장군홍도"",""user_rank"":605,""user_stage"":300}"
"stage_reached_300 (App)","W:21_0A:19_0","19","{""attendance_count"":19,""install_day"":""2025-07-19"",""total_payment_amount"":40700,""user_name"":""꾹아재"",""user_rank"":592,""user_stage"":300}"
"stage_reached_300 (App)","W:21_0A:19_0","18","{""attendance_count"":18,""install_day"":""2025-07-20"",""total_payment_amount"":29700,""user_name"":""화니화니96"",""user_rank"":586,""user_stage"":300}"
"stage_reached_300 (App)","W:22_0A:20_0","10","{""attendance_count"":10,""install_day"":""2025-07-28"",""total_payment_amount"":506000,""user_name"":""o해요"",""user_rank"":552,""user_stage"":300}"
"stage_reached_300 (App)","W:22_0A:20_0","15","{""attendance_count"":15,""install_day"":""2025-07-23"",""total_payment_amount"":110000,""user_name"":""리신"",""user_rank"":579,""user_stage"":300}"
"stage_reached_300 (App)","W:21_0A:19_0","20","{""attendance_count"":20,""install_day"":""2025-07-18"",""total_payment_amount"":7700,""user_name"":""하슈"",""user_rank"":537,""user_stage"":300}"
"stage_reached_300 (App)","W:20_0A:19_0","15","{""attendance_count"":15,""install_day"":""2025-07-22"",""total_payment_amount"":62700,""user_name"":""돌비개"",""user_rank"":536,""user_stage"":300}"
"stage_reached_300 (App)","W:20_0A:19_0","16","{""attendance_count"":16,""install_day"":""2025-07-22"",""total_payment_amount"":7700,""user_name"":""난세영웅임"",""user_rank"":533,""user_stage"":300}"
"stage_reached_300 (App)","W:23_0A:20_0","21","{""attendance_count"":21,""install_day"":""2025-07-16"",""total_payment_amount"":27500,""user_name"":""고려제일검사"",""user_rank"":694,""user_stage"":300}"
"stage_reached_300 (App)","W:23_0A:22_0","19","{""attendance_count"":19,""install_day"":""2025-07-18"",""total_payment_amount"":7700,""user_name"":""에르"",""user_rank"":537,""user_stage"":300}"
"stage_reached_300 (App)","W:20_0A:19_0","19","{""attendance_count"":19,""install_day"":""2025-07-19"",""total_payment_amount"":7700,""user_name"":""김투명"",""user_rank"":533,""user_stage"":300}"
"stage_reached_300 (App)","W:20_0A:19_0","22","{""attendance_count"":22,""install_day"":""2025-07-16"",""total_payment_amount"":7700,""user_name"":""강담"",""user_rank"":533,""user_stage"":300}"
"stage_reached_300 (App)","W:21_0A:19_0","21","{""attendance_count"":21,""install_day"":""2025-07-17"",""total_payment_amount"":7700,""user_name"":""최민석민석"",""user_rank"":561,""user_stage"":300}"
"stage_reached_300 (App)","W:22_0A:22_0","15","{""attendance_count"":15,""install_day"":""2025-07-23"",""total_payment_amount"":282700,""user_name"":""nerdy"",""user_rank"":536,""user_stage"":300}"
"stage_reached_300 (App)","W:23_0A:20_0","20","{""attendance_count"":20,""install_day"":""2025-07-18"",""total_payment_amount"":0,""user_name"":""강함과걍함사이"",""user_rank"":544,""user_stage"":300}"
"stage_reached_300 (App)","W:23_0A:21_0","17","{""attendance_count"":17,""install_day"":""2025-07-21"",""total_payment_amount"":7700,""user_name"":""MSTY"",""user_rank"":1087,""user_stage"":300}"
"stage_reached_300 (App)","W:23_0A:19_0","11","{""attendance_count"":11,""install_day"":""2025-07-27"",""total_payment_amount"":380600,""user_name"":""Realize"",""user_rank"":598,""user_stage"":300}"
"stage_reached_300 (App)","W:21_0A:19_0","20","{""attendance_count"":20,""install_day"":""2025-07-18"",""total_payment_amount"":93500,""user_name"":""조폭여친"",""user_rank"":611,""user_stage"":300}"
"stage_reached_300 (App)","W:23_0A:22_0","16","{""attendance_count"":16,""install_day"":""2025-07-22"",""total_payment_amount"":7700,""user_name"":""구월삼월"",""user_rank"":541,""user_stage"":300}"
"stage_reached_300 (App)","W:22_0A:23_0","20","{""attendance_count"":20,""install_day"":""2025-07-18"",""total_payment_amount"":7700,""user_name"":""카마신"",""user_rank"":541,""user_stage"":300}"
"stage_reached_300 (App)","W:22_0A:19_0","10","{""attendance_count"":10,""install_day"":""2025-07-27"",""total_payment_amount"":227700,""user_name"":""소천"",""user_rank"":529,""user_stage"":300}"
"stage_reached_300 (App)","W:22_0A:19_0","18","{""attendance_count"":18,""install_day"":""2025-07-20"",""total_payment_amount"":7700,""user_name"":""프라함"",""user_rank"":539,""user_stage"":300}"
"stage_reached_300 (App)","W:22_0A:20_0","15","{""attendance_count"":15,""install_day"":""2025-07-23"",""total_payment_amount"":51700,""user_name"":""fr쿠마"",""user_rank"":602,""user_stage"":300}"
"stage_reached_300 (App)","W:22_0A:20_0","21","{""attendance_count"":21,""install_day"":""2025-07-17"",""total_payment_amount"":7700,""user_name"":""웅냐"",""user_rank"":528,""user_stage"":300}"
"stage_reached_300 (App)","W:22_0A:21_0","21","{""attendance_count"":21,""install_day"":""2025-07-17"",""total_payment_amount"":7700,""user_name"":""에오메르"",""user_rank"":503,""user_stage"":300}"
"stage_reached_300 (App)","W:21_0A:19_0","20","{""attendance_count"":20,""install_day"":""2025-07-18"",""total_payment_amount"":7700,""user_name"":""성명현"",""user_rank"":521,""user_stage"":300}"
"stage_reached_300 (App)","W:20_0A:19_0","19","{""attendance_count"":19,""install_day"":""2025-07-19"",""total_payment_amount"":29700,""user_name"":""루이아범"",""user_rank"":536,""user_stage"":300}"
"stage_reached_300 (App)","W:20_0A:19_0","21","{""attendance_count"":21,""install_day"":""2025-07-17"",""total_payment_amount"":7700,""user_name"":""qwer999"",""user_rank"":515,""user_stage"":300}"
"stage_reached_300 (App)","W:22_0A:19_0","16","{""attendance_count"":16,""install_day"":""2025-07-22"",""total_payment_amount"":7700,""user_name"":""G렷쥬"",""user_rank"":530,""user_stage"":300}"
"stage_reached_300 (App)","W:20_0A:19_0","20","{""attendance_count"":20,""install_day"":""2025-07-18"",""total_payment_amount"":29700,""user_name"":""블루딩굴"",""user_rank"":529,""user_stage"":300}"
"stage_reached_300 (App)","W:22_0A:19_0","2","{""attendance_count"":2,""install_day"":""2025-08-04"",""total_payment_amount"":557700,""user_name"":""쏘가리"",""user_rank"":619,""user_stage"":300}"
"stage_reached_300 (App)","W:20_0A:19_0","18","{""attendance_count"":18,""install_day"":""2025-07-20"",""total_payment_amount"":7700,""user_name"":""구마적"",""user_rank"":515,""user_stage"":300}"
"stage_reached_300 (App)","W:22_0A:19_0","16","{""attendance_count"":16,""install_day"":""2025-07-21"",""total_payment_amount"":61600,""user_name"":""귤귤귤귤"",""user_rank"":512,""user_stage"":300}"
"stage_reached_300 (App)","W:21_0A:20_0","20","{""attendance_count"":20,""install_day"":""2025-07-18"",""total_payment_amount"":7700,""user_name"":""황금중독"",""user_rank"":512,""user_stage"":300}"
"stage_reached_300 (App)","W:22_0A:19_0","17","{""attendance_count"":17,""install_day"":""2025-07-20"",""total_payment_amount"":7700,""user_name"":""호랑이기우니"",""user_rank"":518,""user_stage"":300}"
"stage_reached_300 (App)","W:22_0A:20_0","18","{""attendance_count"":18,""install_day"":""2025-07-16"",""total_payment_amount"":14300,""user_name"":""마초족발"",""user_rank"":577,""user_stage"":300}"
"stage_reached_300 (App)","W:23_0A:22_0","21","{""attendance_count"":21,""install_day"":""2025-07-17"",""total_payment_amount"":242000,""user_name"":""E우주"",""user_rank"":547,""user_stage"":300}"
"stage_reached_300 (App)","W:22_0A:19_0","10","{""attendance_count"":10,""install_day"":""2025-07-27"",""total_payment_amount"":121000,""user_name"":""냄비"",""user_rank"":547,""user_stage"":300}"
"stage_reached_300 (App)","W:23_0A:20_0","21","{""attendance_count"":21,""install_day"":""2025-07-16"",""total_payment_amount"":14300,""user_name"":""tmsjvl"",""user_rank"":523,""user_stage"":300}"
"stage_reached_300 (App)","W:21_0A:19_0","18","{""attendance_count"":18,""install_day"":""2025-07-20"",""total_payment_amount"":69300,""user_name"":""장씬종"",""user_rank"":504,""user_stage"":300}"
"stage_reached_300 (App)","W:20_0A:20_0","20","{""attendance_count"":20,""install_day"":""2025-07-17"",""total_payment_amount"":66000,""user_name"":""구자윤"",""user_rank"":524,""user_stage"":300}"
"stage_reached_300 (App)","W:23_0A:19_0","19","{""attendance_count"":19,""install_day"":""2025-07-19"",""total_payment_amount"":7700,""user_name"":""타노"",""user_rank"":553,""user_stage"":300}"
"stage_reached_300 (App)","W:22_0A:19_0","19","{""attendance_count"":19,""install_day"":""2025-07-18"",""total_payment_amount"":7700,""user_name"":""초코파르페"",""user_rank"":506,""user_stage"":300}"
"stage_reached_300 (App)","W:20_0A:19_0","17","{""attendance_count"":17,""install_day"":""2025-07-21"",""total_payment_amount"":126500,""user_name"":""수민이"",""user_rank"":502,""user_stage"":300}"
"stage_reached_300 (App)","W:20_0A:19_0","20","{""attendance_count"":20,""install_day"":""2025-07-18"",""total_payment_amount"":7700,""user_name"":""짱단지"",""user_rank"":536,""user_stage"":300}"
"stage_reached_300 (App)","W:22_0A:19_0","15","{""attendance_count"":15,""install_day"":""2025-07-23"",""total_payment_amount"":99000,""user_name"":""하누크"",""user_rank"":506,""user_stage"":300}"
"stage_reached_300 (App)","W:21_0A:19_0","18","{""attendance_count"":18,""install_day"":""2025-07-19"",""total_payment_amount"":58300,""user_name"":""Sora"",""user_rank"":536,""user_stage"":300}"
"stage_reached_300 (App)","W:23_0A:19_0","15","{""attendance_count"":15,""install_day"":""2025-07-23"",""total_payment_amount"":18700,""user_name"":""자냥탄센"",""user_rank"":728,""user_stage"":300}"
"stage_reached_300 (App)","W:21_0A:22_0","19","{""attendance_count"":19,""install_day"":""2025-07-19"",""total_payment_amount"":25300,""user_name"":""믹스넛스낵"",""user_rank"":499,""user_stage"":300}"
"stage_reached_300 (App)","W:21_0A:22_0","21","{""attendance_count"":21,""install_day"":""2025-07-17"",""total_payment_amount"":7700,""user_name"":""귀염이들"",""user_rank"":545,""user_stage"":300}"
"stage_reached_300 (App)","W:20_0A:19_0","21","{""attendance_count"":21,""install_day"":""2025-07-17"",""total_payment_amount"":7700,""user_name"":""자갈치700원"",""user_rank"":503,""user_stage"":300}"
"stage_reached_300 (App)","W:22_0A:19_0","16","{""attendance_count"":16,""install_day"":""2025-07-22"",""total_payment_amount"":99000,""user_name"":""박하슬"",""user_rank"":725,""user_stage"":300}"
"stage_reached_300 (App)","W:23_0A:19_0","14","{""attendance_count"":14,""install_day"":""2025-07-22"",""total_payment_amount"":29700,""user_name"":""리코우"",""user_rank"":893,""user_stage"":300}"
"stage_reached_300 (App)","W:20_0A:19_0","20","{""attendance_count"":20,""install_day"":""2025-07-17"",""total_payment_amount"":30800,""user_name"":""jene"",""user_rank"":503,""user_stage"":300}"
"stage_reached_300 (App)","W:21_0A:19_0","19","{""attendance_count"":19,""install_day"":""2025-07-18"",""total_payment_amount"":7700,""user_name"":""홍이장군"",""user_rank"":493,""user_stage"":300}"
"stage_reached_300 (App)","W:20_0A:19_0","20","{""attendance_count"":20,""install_day"":""2025-07-17"",""total_payment_amount"":7700,""user_name"":""라니아빠"",""user_rank"":517,""user_stage"":300}"
"stage_reached_300 (App)","W:20_0A:19_0","16","{""attendance_count"":16,""install_day"":""2025-07-20"",""total_payment_amount"":41800,""user_name"":""일어난오리"",""user_rank"":489,""user_stage"":300}"
"stage_reached_300 (App)","W:21_0A:19_0","19","{""attendance_count"":19,""install_day"":""2025-07-18"",""total_payment_amount"":7700,""user_name"":""김인서"",""user_rank"":501,""user_stage"":300}"
"stage_reached_300 (App)","W:22_0A:20_0","14","{""attendance_count"":14,""install_day"":""2025-07-22"",""total_payment_amount"":58300,""user_name"":""봉고"",""user_rank"":490,""user_stage"":300}"
"stage_reached_300 (App)","W:22_0A:22_0","16","{""attendance_count"":16,""install_day"":""2025-07-21"",""total_payment_amount"":29700,""user_name"":""뿌돔"",""user_rank"":505,""user_stage"":300}"
"stage_reached_300 (App)","W:20_0A:19_0","19","{""attendance_count"":19,""install_day"":""2025-07-18"",""total_payment_amount"":33000,""user_name"":""제네럴이순신"",""user_rank"":490,""user_stage"":300}"
"stage_reached_300 (App)","W:23_0A:19_0","17","{""attendance_count"":17,""install_day"":""2025-07-20"",""total_payment_amount"":7700,""user_name"":""소전"",""user_rank"":634,""user_stage"":300}"
"stage_reached_300 (App)","W:22_0A:19_0","16","{""attendance_count"":16,""install_day"":""2025-07-17"",""total_payment_amount"":245300,""user_name"":""해일"",""user_rank"":583,""user_stage"":300}"
"stage_reached_300 (App)","W:22_0A:20_0","19","{""attendance_count"":19,""install_day"":""2025-07-18"",""total_payment_amount"":7700,""user_name"":""큰별쌤"",""user_rank"":488,""user_stage"":300}"
"stage_reached_300 (App)","W:21_0A:19_0","14","{""attendance_count"":14,""install_day"":""2025-07-23"",""total_payment_amount"":66000,""user_name"":""dndu"",""user_rank"":484,""user_stage"":300}"
"stage_reached_300 (App)","W:20_0A:19_0","18","{""attendance_count"":18,""install_day"":""2025-07-19"",""total_payment_amount"":0,""user_name"":""짱짱막창"",""user_rank"":499,""user_stage"":300}"
"stage_reached_300 (App)","W:22_0A:22_0","11","{""attendance_count"":11,""install_day"":""2025-07-26"",""total_payment_amount"":238700,""user_name"":""조던"",""user_rank"":497,""user_stage"":300}"
"stage_reached_300 (App)","W:23_0A:21_0","4","{""attendance_count"":4,""install_day"":""2025-08-01"",""total_payment_amount"":990000,""user_name"":""소담소민"",""user_rank"":703,""user_stage"":300}"
"stage_reached_300 (App)","W:23_0A:19_0","20","{""attendance_count"":20,""install_day"":""2025-07-17"",""total_payment_amount"":29700,""user_name"":""주동이"",""user_rank"":477,""user_stage"":300}"
"stage_reached_300 (App)","W:21_0A:19_0","18","{""attendance_count"":18,""install_day"":""2025-07-19"",""total_payment_amount"":7700,""user_name"":""개꿀한방"",""user_rank"":555,""user_stage"":300}"
"stage_reached_300 (App)","W:22_0A:19_0","19","{""attendance_count"":19,""install_day"":""2025-07-18"",""total_payment_amount"":40700,""user_name"":""널리"",""user_rank"":477,""user_stage"":300}"
"stage_reached_300 (App)","W:20_0A:20_0","21","{""attendance_count"":21,""install_day"":""2025-07-16"",""total_payment_amount"":71500,""user_name"":""시인아이"",""user_rank"":484,""user_stage"":300}"
"stage_reached_300 (App)","W:20_0A:19_0","21","{""attendance_count"":21,""install_day"":""2025-07-16"",""total_payment_amount"":7700,""user_name"":""kreams"",""user_rank"":481,""user_stage"":300}"
"stage_reached_300 (App)","W:22_0A:19_0","18","{""attendance_count"":18,""install_day"":""2025-07-19"",""total_payment_amount"":88000,""user_name"":""JMG"",""user_rank"":521,""user_stage"":300}"
"stage_reached_300 (App)","W:21_0A:19_0","18","{""attendance_count"":18,""install_day"":""2025-07-19"",""total_payment_amount"":35200,""user_name"":""오동"",""user_rank"":480,""user_stage"":300}"
"stage_reached_300 (App)","W:23_0A:22_0","18","{""attendance_count"":18,""install_day"":""2025-07-19"",""total_payment_amount"":29700,""user_name"":""도마안중근"",""user_rank"":1056,""user_stage"":300}"
"stage_reached_300 (App)","W:20_0A:20_0","17","{""attendance_count"":17,""install_day"":""2025-07-20"",""total_payment_amount"":79200,""user_name"":""한료타"",""user_rank"":516,""user_stage"":300}"
"stage_reached_300 (App)","W:20_0A:19_0","20","{""attendance_count"":20,""install_day"":""2025-07-17"",""total_payment_amount"":7700,""user_name"":""싸우전드"",""user_rank"":476,""user_stage"":300}"
"stage_reached_300 (App)","W:22_0A:22_0","17","{""attendance_count"":17,""install_day"":""2025-07-20"",""total_payment_amount"":7700,""user_name"":""NAC"",""user_rank"":482,""user_stage"":300}"
"stage_reached_300 (App)","W:22_0A:19_0","20","{""attendance_count"":20,""install_day"":""2025-07-17"",""total_payment_amount"":7700,""user_name"":""어노인팅"",""user_rank"":462,""user_stage"":300}"
"stage_reached_300 (App)","W:23_0A:23_0","19","{""attendance_count"":19,""install_day"":""2025-07-18"",""total_payment_amount"":0,""user_name"":""goof"",""user_rank"":467,""user_stage"":300}"
"stage_reached_300 (App)","W:20_0A:19_0","17","{""attendance_count"":17,""install_day"":""2025-07-19"",""total_payment_amount"":66000,""user_name"":""신선놀음"",""user_rank"":467,""user_stage"":300}"
"stage_reached_300 (App)","W:22_0A:19_0","15","{""attendance_count"":15,""install_day"":""2025-07-19"",""total_payment_amount"":113300,""user_name"":""오늘만산다"",""user_rank"":782,""user_stage"":300}"
"stage_reached_300 (App)","W:20_0A:19_0","18","{""attendance_count"":18,""install_day"":""2025-07-18"",""total_payment_amount"":7700,""user_name"":""공산당이싫어요"",""user_rank"":478,""user_stage"":300}"
"stage_reached_300 (App)","W:23_0A:21_0","18","{""attendance_count"":18,""install_day"":""2025-07-18"",""total_payment_amount"":7700,""user_name"":""정튀"",""user_rank"":678,""user_stage"":300}"
"stage_reached_300 (App)","W:23_0A:20_0","11","{""attendance_count"":11,""install_day"":""2025-07-26"",""total_payment_amount"":157300,""user_name"":""궁디팡"",""user_rank"":478,""user_stage"":300}"
"stage_reached_300 (App)","W:20_0A:19_0","18","{""attendance_count"":18,""install_day"":""2025-07-17"",""total_payment_amount"":243100,""user_name"":""맛탕"",""user_rank"":470,""user_stage"":300}"
"stage_reached_300 (App)","W:21_0A:19_0","18","{""attendance_count"":18,""install_day"":""2025-07-19"",""total_payment_amount"":7700,""user_name"":""DnG"",""user_rank"":476,""user_stage"":300}"
"stage_reached_300 (App)","W:21_0A:19_0","17","{""attendance_count"":17,""install_day"":""2025-07-19"",""total_payment_amount"":25300,""user_name"":""비긴이계인"",""user_rank"":498,""user_stage"":300}"
"stage_reached_300 (App)","W:20_0A:19_0","19","{""attendance_count"":19,""install_day"":""2025-07-18"",""total_payment_amount"":7700,""user_name"":""다이빙"",""user_rank"":495,""user_stage"":300}"
"stage_reached_300 (App)","W:21_0A:19_0","19","{""attendance_count"":19,""install_day"":""2025-07-18"",""total_payment_amount"":7700,""user_name"":""포차"",""user_rank"":457,""user_stage"":300}"
"stage_reached_300 (App)","W:22_0A:19_0","16","{""attendance_count"":16,""install_day"":""2025-07-21"",""total_payment_amount"":29700,""user_name"":""티반"",""user_rank"":472,""user_stage"":300}"
"stage_reached_300 (App)","W:22_0A:19_0","19","{""attendance_count"":19,""install_day"":""2025-07-18"",""total_payment_amount"":7700,""user_name"":""마틴왕"",""user_rank"":472,""user_stage"":300}"
"stage_reached_300 (App)","W:20_0A:19_0","19","{""attendance_count"":19,""install_day"":""2025-07-18"",""total_payment_amount"":11000,""user_name"":""아리오나"",""user_rank"":456,""user_stage"":300}"
"stage_reached_300 (App)","W:22_0A:19_0","18","{""attendance_count"":18,""install_day"":""2025-07-19"",""total_payment_amount"":7700,""user_name"":""릭시드"",""user_rank"":458,""user_stage"":300}"
"stage_reached_300 (App)","W:20_0A:19_0","20","{""attendance_count"":20,""install_day"":""2025-07-17"",""total_payment_amount"":0,""user_name"":""김로나"",""user_rank"":452,""user_stage"":300}"
"stage_reached_300 (App)","W:21_0A:19_0","17","{""attendance_count"":17,""install_day"":""2025-07-19"",""total_payment_amount"":14300,""user_name"":""슭삯"",""user_rank"":478,""user_stage"":300}"
"stage_reached_300 (App)","W:22_0A:20_0","22","{""attendance_count"":22,""install_day"":""2025-07-15"",""total_payment_amount"":18700,""user_name"":""링고스타"",""user_rank"":1881,""user_stage"":300}"
"stage_reached_300 (App)","W:20_0A:19_0","19","{""attendance_count"":19,""install_day"":""2025-07-18"",""total_payment_amount"":7700,""user_name"":""샥련"",""user_rank"":429,""user_stage"":300}"
"stage_reached_300 (App)","W:20_0A:20_0","17","{""attendance_count"":17,""install_day"":""2025-07-20"",""total_payment_amount"":33000,""user_name"":""힝찍먹이얌"",""user_rank"":452,""user_stage"":300}"
"stage_reached_300 (App)","W:20_0A:19_0","20","{""attendance_count"":20,""install_day"":""2025-07-16"",""total_payment_amount"":33000,""user_name"":""S썽아찌S"",""user_rank"":451,""user_stage"":300}"
"stage_reached_300 (App)","W:20_0A:19_0","18","{""attendance_count"":18,""install_day"":""2025-07-19"",""total_payment_amount"":7700,""user_name"":""Pisces"",""user_rank"":460,""user_stage"":300}"
"stage_reached_300 (App)","W:20_0A:22_0","16","{""attendance_count"":16,""install_day"":""2025-07-21"",""total_payment_amount"":139700,""user_name"":""채가네김집사"",""user_rank"":455,""user_stage"":300}"
"stage_reached_300 (App)","W:21_0A:19_0","16","{""attendance_count"":16,""install_day"":""2025-07-20"",""total_payment_amount"":7700,""user_name"":""MaMooRi"",""user_rank"":452,""user_stage"":300}"
"stage_reached_300 (App)","W:20_0A:19_0","18","{""attendance_count"":18,""install_day"":""2025-07-19"",""total_payment_amount"":37400,""user_name"":""아서물"",""user_rank"":457,""user_stage"":300}"
"stage_reached_300 (App)","W:20_0A:19_0","18","{""attendance_count"":18,""install_day"":""2025-07-19"",""total_payment_amount"":0,""user_name"":""의천사"",""user_rank"":435,""user_stage"":300}"
"stage_reached_300 (App)","W:21_0A:19_0","19","{""attendance_count"":19,""install_day"":""2025-07-17"",""total_payment_amount"":29700,""user_name"":""그르"",""user_rank"":431,""user_stage"":300}"
"stage_reached_300 (App)","W:22_0A:22_0","19","{""attendance_count"":19,""install_day"":""2025-07-17"",""total_payment_amount"":56100,""user_name"":""기풍한1"",""user_rank"":445,""user_stage"":300}"
"stage_reached_300 (App)","W:23_0A:19_0","15","{""attendance_count"":15,""install_day"":""2025-07-21"",""total_payment_amount"":287100,""user_name"":""게실염"",""user_rank"":571,""user_stage"":300}"
"stage_reached_300 (App)","W:20_0A:19_0","8","{""attendance_count"":8,""install_day"":""2025-07-29"",""total_payment_amount"":469700,""user_name"":""국이"",""user_rank"":594,""user_stage"":300}"
"stage_reached_300 (App)","W:21_0A:19_0","11","{""attendance_count"":11,""install_day"":""2025-07-26"",""total_payment_amount"":99000,""user_name"":""유케이"",""user_rank"":438,""user_stage"":300}"
"stage_reached_300 (App)","W:22_0A:20_0","15","{""attendance_count"":15,""install_day"":""2025-07-21"",""total_payment_amount"":16500,""user_name"":""구도"",""user_rank"":473,""user_stage"":300}"
"stage_reached_300 (App)","W:23_0A:22_0","20","{""attendance_count"":20,""install_day"":""2025-07-17"",""total_payment_amount"":27500,""user_name"":""권대훈"",""user_rank"":429,""user_stage"":300}"
"stage_reached_300 (App)","W:20_0A:19_0","20","{""attendance_count"":20,""install_day"":""2025-07-17"",""total_payment_amount"":0,""user_name"":""Atom"",""user_rank"":438,""user_stage"":300}"
"stage_reached_300 (App)","W:20_0A:19_0","15","{""attendance_count"":15,""install_day"":""2025-07-22"",""total_payment_amount"":99000,""user_name"":""파대"",""user_rank"":486,""user_stage"":300}"
"stage_reached_300 (App)","W:23_0A:22_0","10","{""attendance_count"":10,""install_day"":""2025-07-27"",""total_payment_amount"":128700,""user_name"":""허어어니"",""user_rank"":432,""user_stage"":300}"
"stage_reached_300 (App)","W:20_0A:19_0","16","{""attendance_count"":16,""install_day"":""2025-07-21"",""total_payment_amount"":256300,""user_name"":""아기왕자"",""user_rank"":434,""user_stage"":300}"
"stage_reached_300 (App)","W:22_0A:20_0","17","{""attendance_count"":17,""install_day"":""2025-07-19"",""total_payment_amount"":15400,""user_name"":""한방에블루스"",""user_rank"":433,""user_stage"":300}"
"stage_reached_300 (App)","W:22_0A:19_0","17","{""attendance_count"":17,""install_day"":""2025-07-19"",""total_payment_amount"":7700,""user_name"":""세음"",""user_rank"":463,""user_stage"":300}"
"stage_reached_300 (App)","W:22_0A:19_0","18","{""attendance_count"":18,""install_day"":""2025-07-18"",""total_payment_amount"":7700,""user_name"":""탕만추"",""user_rank"":431,""user_stage"":300}"
"stage_reached_300 (App)","W:20_0A:19_0","20","{""attendance_count"":20,""install_day"":""2025-07-16"",""total_payment_amount"":40700,""user_name"":""땅더비"",""user_rank"":432,""user_stage"":300}"
"stage_reached_300 (App)","W:22_0A:21_0","16","{""attendance_count"":16,""install_day"":""2025-07-19"",""total_payment_amount"":129800,""user_name"":""이천공안"",""user_rank"":431,""user_stage"":300}"
"stage_reached_300 (App)","W:23_0A:19_0","13","{""attendance_count"":13,""install_day"":""2025-07-23"",""total_payment_amount"":7700,""user_name"":""설흔"",""user_rank"":428,""user_stage"":300}"
"stage_reached_300 (App)","W:22_0A:19_0","16","{""attendance_count"":16,""install_day"":""2025-07-19"",""total_payment_amount"":7700,""user_name"":""Toc"",""user_rank"":428,""user_stage"":300}"
"stage_reached_300 (App)","W:23_0A:20_0","19","{""attendance_count"":19,""install_day"":""2025-07-16"",""total_payment_amount"":64900,""user_name"":""지피지기"",""user_rank"":436,""user_stage"":300}"
"stage_reached_300 (App)","W:20_0A:19_0","18","{""attendance_count"":18,""install_day"":""2025-07-18"",""total_payment_amount"":7700,""user_name"":""한국사1등급기원"",""user_rank"":425,""user_stage"":300}"
"stage_reached_300 (App)","W:22_0A:20_0","19","{""attendance_count"":19,""install_day"":""2025-07-16"",""total_payment_amount"":11000,""user_name"":""밤끝"",""user_rank"":420,""user_stage"":300}"
"stage_reached_300 (App)","W:22_0A:19_0","18","{""attendance_count"":18,""install_day"":""2025-07-17"",""total_payment_amount"":7700,""user_name"":""술홍"",""user_rank"":452,""user_stage"":300}"
"stage_reached_300 (App)","W:20_0A:19_0","16","{""attendance_count"":16,""install_day"":""2025-07-20"",""total_payment_amount"":62700,""user_name"":""후하"",""user_rank"":432,""user_stage"":300}"
"stage_reached_300 (App)","W:20_0A:19_0","20","{""attendance_count"":20,""install_day"":""2025-07-16"",""total_payment_amount"":7700,""user_name"":""데퐁"",""user_rank"":443,""user_stage"":300}"
"stage_reached_300 (App)","W:23_0A:22_0","16","{""attendance_count"":16,""install_day"":""2025-07-19"",""total_payment_amount"":22000,""user_name"":""강통"",""user_rank"":519,""user_stage"":300}"
"stage_reached_300 (App)","W:20_0A:19_0","16","{""attendance_count"":16,""install_day"":""2025-07-19"",""total_payment_amount"":40700,""user_name"":""태굥"",""user_rank"":420,""user_stage"":300}"
"stage_reached_300 (App)","W:20_0A:19_0","19","{""attendance_count"":19,""install_day"":""2025-07-17"",""total_payment_amount"":7700,""user_name"":""곽두"",""user_rank"":419,""user_stage"":300}"
"stage_reached_300 (App)","W:22_0A:23_0","17","{""attendance_count"":17,""install_day"":""2025-07-19"",""total_payment_amount"":7700,""user_name"":""용용비트"",""user_rank"":419,""user_stage"":300}"
"stage_reached_300 (App)","W:22_0A:19_0","13","{""attendance_count"":13,""install_day"":""2025-07-22"",""total_payment_amount"":29700,""user_name"":""에쎄"",""user_rank"":416,""user_stage"":300}"
"stage_reached_300 (App)","W:22_0A:20_0","16","{""attendance_count"":16,""install_day"":""2025-07-19"",""total_payment_amount"":8800,""user_name"":""제갈민"",""user_rank"":423,""user_stage"":300}"
"stage_reached_300 (App)","W:20_0A:19_0","14","{""attendance_count"":14,""install_day"":""2025-07-22"",""total_payment_amount"":36300,""user_name"":""주내"",""user_rank"":418,""user_stage"":300}"
"stage_reached_300 (App)","W:19_0A:17_0","6","{""attendance_count"":6,""install_day"":""2025-07-30"",""total_payment_amount"":282700,""user_name"":""심상"",""user_rank"":413,""user_stage"":300}"
"stage_reached_300 (App)","W:20_0A:19_0","17","{""attendance_count"":17,""install_day"":""2025-07-18"",""total_payment_amount"":11000,""user_name"":""뉴진스해린"",""user_rank"":412,""user_stage"":300}"
"stage_reached_300 (App)","W:23_0A:20_0","44","{""attendance_count"":44,""install_day"":""2025-06-22"",""total_payment_amount"":7700,""user_name"":""정난영"",""user_rank"":1903,""user_stage"":300}"
"stage_reached_300 (App)","W:22_0A:19_0","20","{""attendance_count"":20,""install_day"":""2025-07-16"",""total_payment_amount"":7700,""user_name"":""허씨"",""user_rank"":407,""user_stage"":300}"
"stage_reached_300 (App)","W:20_0A:19_0","18","{""attendance_count"":18,""install_day"":""2025-07-18"",""total_payment_amount"":7700,""user_name"":""퇴근후취미"",""user_rank"":407,""user_stage"":300}"
"stage_reached_300 (App)","W:20_0A:19_0","20","{""attendance_count"":20,""install_day"":""2025-07-16"",""total_payment_amount"":12100,""user_name"":""페코"",""user_rank"":410,""user_stage"":300}"
"stage_reached_300 (App)","W:20_0A:19_0","18","{""attendance_count"":18,""install_day"":""2025-07-18"",""total_payment_amount"":40700,""user_name"":""타이거즈"",""user_rank"":429,""user_stage"":300}"
"stage_reached_300 (App)","W:21_0A:23_0","10","{""attendance_count"":10,""install_day"":""2025-07-26"",""total_payment_amount"":481800,""user_name"":""디아란"",""user_rank"":404,""user_stage"":300}"
"stage_reached_300 (App)","W:20_0A:19_0","12","{""attendance_count"":12,""install_day"":""2025-07-24"",""total_payment_amount"":226600,""user_name"":""아돌이"",""user_rank"":410,""user_stage"":300}"
"stage_reached_300 (App)","W:22_0A:20_0","17","{""attendance_count"":17,""install_day"":""2025-07-18"",""total_payment_amount"":0,""user_name"":""탄코"",""user_rank"":401,""user_stage"":300}"
"stage_reached_300 (App)","W:22_0A:19_0","17","{""attendance_count"":17,""install_day"":""2025-07-19"",""total_payment_amount"":7700,""user_name"":""홍삼나무"",""user_rank"":423,""user_stage"":300}"
"stage_reached_300 (App)","W:21_0A:19_0","18","{""attendance_count"":18,""install_day"":""2025-07-18"",""total_payment_amount"":7700,""user_name"":""주식"",""user_rank"":408,""user_stage"":300}"
"stage_reached_300 (App)","W:20_0A:20_0","18","{""attendance_count"":18,""install_day"":""2025-07-18"",""total_payment_amount"":16500,""user_name"":""구구가가"",""user_rank"":420,""user_stage"":300}"
"stage_reached_300 (App)","W:20_0A:19_0","17","{""attendance_count"":17,""install_day"":""2025-07-16"",""total_payment_amount"":40700,""user_name"":""긍가긍가"",""user_rank"":388,""user_stage"":300}"
"stage_reached_300 (App)","W:22_0A:20_0","14","{""attendance_count"":14,""install_day"":""2025-07-21"",""total_payment_amount"":42900,""user_name"":""새벽빛세상"",""user_rank"":456,""user_stage"":300}"
"stage_reached_300 (App)","W:20_0A:19_0","20","{""attendance_count"":20,""install_day"":""2025-07-16"",""total_payment_amount"":27500,""user_name"":""가든"",""user_rank"":414,""user_stage"":300}"
"stage_reached_300 (App)","W:20_0A:19_0","19","{""attendance_count"":19,""install_day"":""2025-07-17"",""total_payment_amount"":124300,""user_name"":""부가땅"",""user_rank"":399,""user_stage"":300}"
"stage_reached_300 (App)","W:20_0A:19_0","19","{""attendance_count"":19,""install_day"":""2025-07-17"",""total_payment_amount"":7700,""user_name"":""부노"",""user_rank"":426,""user_stage"":300}"
"stage_reached_300 (App)","W:22_0A:19_0","13","{""attendance_count"":13,""install_day"":""2025-07-23"",""total_payment_amount"":42900,""user_name"":""철도공사"",""user_rank"":425,""user_stage"":300}"
"stage_reached_300 (App)","W:22_0A:20_0","11","{""attendance_count"":11,""install_day"":""2025-07-24"",""total_payment_amount"":355300,""user_name"":""두식이아부지"",""user_rank"":435,""user_stage"":300}"
"stage_reached_300 (App)","W:21_0A:19_0","20","{""attendance_count"":20,""install_day"":""2025-07-16"",""total_payment_amount"":51700,""user_name"":""밈찌"",""user_rank"":443,""user_stage"":300}"
"stage_reached_300 (App)","W:22_0A:20_0","17","{""attendance_count"":17,""install_day"":""2025-07-19"",""total_payment_amount"":62700,""user_name"":""삼겹살이젤좋아"",""user_rank"":429,""user_stage"":300}"
"stage_reached_300 (App)","W:22_0A:19_0","20","{""attendance_count"":20,""install_day"":""2025-07-16"",""total_payment_amount"":7700,""user_name"":""몽화"",""user_rank"":468,""user_stage"":300}"
"stage_reached_300 (App)","W:21_0A:19_0","20","{""attendance_count"":20,""install_day"":""2025-07-16"",""total_payment_amount"":7700,""user_name"":""피릿"",""user_rank"":387,""user_stage"":300}"
"stage_reached_300 (App)","W:20_0A:19_0","20","{""attendance_count"":20,""install_day"":""2025-07-16"",""total_payment_amount"":7700,""user_name"":""신무호"",""user_rank"":391,""user_stage"":300}"
"stage_reached_300 (App)","W:21_0A:19_0","18","{""attendance_count"":18,""install_day"":""2025-07-17"",""total_payment_amount"":52800,""user_name"":""마갈곤"",""user_rank"":391,""user_stage"":300}"
"stage_reached_300 (App)","W:22_0A:22_0","19","{""attendance_count"":19,""install_day"":""2025-07-17"",""total_payment_amount"":84700,""user_name"":""힘센캐"",""user_rank"":438,""user_stage"":300}"
"stage_reached_300 (App)","W:20_0A:19_0","18","{""attendance_count"":18,""install_day"":""2025-07-18"",""total_payment_amount"":29700,""user_name"":""kwr9458"",""user_rank"":387,""user_stage"":300}"
"stage_reached_300 (App)","W:21_0A:20_0","13","{""attendance_count"":13,""install_day"":""2025-07-22"",""total_payment_amount"":242000,""user_name"":""꽃설"",""user_rank"":423,""user_stage"":300}"
"stage_reached_300 (App)","W:20_0A:19_0","18","{""attendance_count"":18,""install_day"":""2025-07-18"",""total_payment_amount"":62700,""user_name"":""재아님"",""user_rank"":387,""user_stage"":300}"
"stage_reached_300 (App)","W:22_0A:22_0","10","{""attendance_count"":10,""install_day"":""2025-07-25"",""total_payment_amount"":193600,""user_name"":""요피엘"",""user_rank"":382,""user_stage"":300}"
"stage_reached_300 (App)","W:20_0A:20_0","20","{""attendance_count"":20,""install_day"":""2025-07-16"",""total_payment_amount"":7700,""user_name"":""내가구운와플"",""user_rank"":383,""user_stage"":300}"
"stage_reached_300 (App)","W:20_0A:19_0","20","{""attendance_count"":20,""install_day"":""2025-07-16"",""total_payment_amount"":11000,""user_name"":""밤두가"",""user_rank"":413,""user_stage"":300}"
"stage_reached_300 (App)","W:21_0A:19_0","18","{""attendance_count"":18,""install_day"":""2025-07-18"",""total_payment_amount"":13200,""user_name"":""25월즈파엠쵸비"",""user_rank"":399,""user_stage"":300}"
"stage_reached_300 (App)","W:21_0A:19_0","7","{""attendance_count"":7,""install_day"":""2025-07-29"",""total_payment_amount"":249700,""user_name"":""일해라정차장"",""user_rank"":389,""user_stage"":300}"
"stage_reached_300 (App)","W:20_0A:19_0","16","{""attendance_count"":16,""install_day"":""2025-07-20"",""total_payment_amount"":58300,""user_name"":""나태지옥"",""user_rank"":378,""user_stage"":300}"
"stage_reached_300 (App)","W:22_0A:19_0","17","{""attendance_count"":17,""install_day"":""2025-07-19"",""total_payment_amount"":7700,""user_name"":""그레이스"",""user_rank"":387,""user_stage"":300}"
"stage_reached_300 (App)","W:22_0A:22_0","16","{""attendance_count"":16,""install_day"":""2025-07-19"",""total_payment_amount"":64900,""user_name"":""Nospoon"",""user_rank"":375,""user_stage"":300}"
"stage_reached_300 (App)","W:22_0A:19_0","15","{""attendance_count"":15,""install_day"":""2025-07-21"",""total_payment_amount"":7700,""user_name"":""시스렌"",""user_rank"":385,""user_stage"":300}"
"stage_reached_300 (App)","W:20_0A:19_0","20","{""attendance_count"":20,""install_day"":""2025-07-16"",""total_payment_amount"":33000,""user_name"":""몽수"",""user_rank"":403,""user_stage"":300}"
"stage_reached_300 (App)","W:22_0A:19_0","11","{""attendance_count"":11,""install_day"":""2025-07-25"",""total_payment_amount"":55000,""user_name"":""무르무르"",""user_rank"":385,""user_stage"":300}"
"stage_reached_300 (App)","W:21_0A:19_0","17","{""attendance_count"":17,""install_day"":""2025-07-19"",""total_payment_amount"":62700,""user_name"":""달콩집사"",""user_rank"":385,""user_stage"":300}"
"stage_reached_300 (App)","W:23_0A:19_0","19","{""attendance_count"":19,""install_day"":""2025-07-16"",""total_payment_amount"":0,""user_name"":""마초하"",""user_rank"":377,""user_stage"":300}"
"stage_reached_300 (App)","W:20_0A:19_0","7","{""attendance_count"":7,""install_day"":""2025-07-29"",""total_payment_amount"":317900,""user_name"":""초인고양이"",""user_rank"":391,""user_stage"":300}"
"stage_reached_300 (App)","W:22_0A:21_0","9","{""attendance_count"":9,""install_day"":""2025-07-26"",""total_payment_amount"":306900,""user_name"":""그루터기"",""user_rank"":696,""user_stage"":300}"
"stage_reached_300 (App)","W:20_0A:19_0","20","{""attendance_count"":20,""install_day"":""2025-07-15"",""total_payment_amount"":29700,""user_name"":""견곰"",""user_rank"":1833,""user_stage"":300}"
"stage_reached_300 (App)","W:21_0A:19_0","16","{""attendance_count"":16,""install_day"":""2025-07-18"",""total_payment_amount"":75900,""user_name"":""으누"",""user_rank"":386,""user_stage"":300}"
"stage_reached_300 (App)","W:23_0A:19_0","16","{""attendance_count"":16,""install_day"":""2025-07-18"",""total_payment_amount"":27500,""user_name"":""벼리벼리"",""user_rank"":588,""user_stage"":300}"
"stage_reached_300 (App)","W:23_0A:19_0","16","{""attendance_count"":16,""install_day"":""2025-07-19"",""total_payment_amount"":7700,""user_name"":""을파"",""user_rank"":365,""user_stage"":300}"
"stage_reached_300 (App)","W:22_0A:19_0","8","{""attendance_count"":8,""install_day"":""2025-07-27"",""total_payment_amount"":348700,""user_name"":""숨소"",""user_rank"":361,""user_stage"":300}"
"stage_reached_300 (App)","W:23_0A:19_0","14","{""attendance_count"":14,""install_day"":""2025-07-21"",""total_payment_amount"":0,""user_name"":""옹이사랑"",""user_rank"":383,""user_stage"":300}"
"stage_reached_300 (App)","W:23_0A:22_0","9","{""attendance_count"":9,""install_day"":""2025-07-26"",""total_payment_amount"":507100,""user_name"":""소인은"",""user_rank"":426,""user_stage"":300}"
"stage_reached_300 (App)","W:20_0A:19_0","16","{""attendance_count"":16,""install_day"":""2025-07-19"",""total_payment_amount"":96800,""user_name"":""고인물"",""user_rank"":391,""user_stage"":300}"
"stage_reached_300 (App)","W:20_0A:19_0","15","{""attendance_count"":15,""install_day"":""2025-07-20"",""total_payment_amount"":62700,""user_name"":""코코봉봉"",""user_rank"":318,""user_stage"":300}"
"stage_reached_300 (App)","W:20_0A:19_0","10","{""attendance_count"":10,""install_day"":""2025-07-24"",""total_payment_amount"":146300,""user_name"":""치리군"",""user_rank"":358,""user_stage"":300}"
"stage_reached_300 (App)","W:23_0A:20_0","19","{""attendance_count"":19,""install_day"":""2025-07-16"",""total_payment_amount"":40700,""user_name"":""펜타닐"",""user_rank"":365,""user_stage"":300}"
"stage_reached_300 (App)","W:23_0A:20_0","17","{""attendance_count"":17,""install_day"":""2025-07-18"",""total_payment_amount"":7700,""user_name"":""넘어가"",""user_rank"":398,""user_stage"":300}"
"stage_reached_300 (App)","W:22_0A:20_0","18","{""attendance_count"":18,""install_day"":""2025-07-17"",""total_payment_amount"":14300,""user_name"":""떨구"",""user_rank"":351,""user_stage"":300}"
"stage_reached_300 (App)","W:22_0A:19_0","16","{""attendance_count"":16,""install_day"":""2025-07-19"",""total_payment_amount"":7700,""user_name"":""꼬마악사"",""user_rank"":356,""user_stage"":300}"
"stage_reached_300 (App)","W:20_0A:19_0","19","{""attendance_count"":19,""install_day"":""2025-07-16"",""total_payment_amount"":7700,""user_name"":""검계수장"",""user_rank"":350,""user_stage"":300}"
"stage_reached_300 (App)","W:20_0A:19_0","18","{""attendance_count"":18,""install_day"":""2025-07-17"",""total_payment_amount"":63800,""user_name"":""안티왕"",""user_rank"":402,""user_stage"":300}"
"stage_reached_300 (App)","W:22_0A:21_0","15","{""attendance_count"":15,""install_day"":""2025-07-20"",""total_payment_amount"":223300,""user_name"":""코일"",""user_rank"":348,""user_stage"":300}"
"stage_reached_300 (App)","W:21_0A:19_0","16","{""attendance_count"":16,""install_day"":""2025-07-18"",""total_payment_amount"":28600,""user_name"":""호동생"",""user_rank"":348,""user_stage"":300}"
"stage_reached_300 (App)","W:21_0A:19_0","17","{""attendance_count"":17,""install_day"":""2025-07-17"",""total_payment_amount"":7700,""user_name"":""둘리동욱"",""user_rank"":381,""user_stage"":300}"
"stage_reached_300 (App)","W:20_0A:22_0","16","{""attendance_count"":16,""install_day"":""2025-07-19"",""total_payment_amount"":7700,""user_name"":""대구건달"",""user_rank"":357,""user_stage"":300}"
"stage_reached_300 (App)","W:22_0A:19_0","17","{""attendance_count"":17,""install_day"":""2025-07-18"",""total_payment_amount"":7700,""user_name"":""믿음이93"",""user_rank"":343,""user_stage"":300}"
"stage_reached_300 (App)","W:22_0A:19_0","15","{""attendance_count"":15,""install_day"":""2025-07-19"",""total_payment_amount"":7700,""user_name"":""서누"",""user_rank"":344,""user_stage"":300}"
"stage_reached_300 (App)","W:20_0A:19_0","17","{""attendance_count"":17,""install_day"":""2025-07-18"",""total_payment_amount"":39600,""user_name"":""K8"",""user_rank"":362,""user_stage"":300}"
"stage_reached_300 (App)","W:20_0A:21_0","19","{""attendance_count"":19,""install_day"":""2025-07-16"",""total_payment_amount"":40700,""user_name"":""개군소"",""user_rank"":374,""user_stage"":300}"
"stage_reached_300 (App)","W:20_0A:19_0","17","{""attendance_count"":17,""install_day"":""2025-07-18"",""total_payment_amount"":7700,""user_name"":""국세청"",""user_rank"":373,""user_stage"":300}"
"stage_reached_300 (App)","W:23_0A:19_0","16","{""attendance_count"":16,""install_day"":""2025-07-19"",""total_payment_amount"":51700,""user_name"":""현쪄깅"",""user_rank"":347,""user_stage"":300}"
"stage_reached_300 (App)","W:20_0A:19_0","18","{""attendance_count"":18,""install_day"":""2025-07-17"",""total_payment_amount"":73700,""user_name"":""l3est"",""user_rank"":377,""user_stage"":300}"
"stage_reached_300 (App)","W:20_0A:19_0","17","{""attendance_count"":17,""install_day"":""2025-07-18"",""total_payment_amount"":7700,""user_name"":""킹한길"",""user_rank"":337,""user_stage"":300}"
"stage_reached_300 (App)","W:20_0A:19_0","17","{""attendance_count"":17,""install_day"":""2025-07-18"",""total_payment_amount"":7700,""user_name"":""이오스"",""user_rank"":354,""user_stage"":300}"
"stage_reached_300 (App)","W:21_0A:22_0","4","{""attendance_count"":4,""install_day"":""2025-07-31"",""total_payment_amount"":447700,""user_name"":""옥지의빵빵이"",""user_rank"":346,""user_stage"":300}"
"stage_reached_300 (App)","W:20_0A:19_0","14","{""attendance_count"":14,""install_day"":""2025-07-21"",""total_payment_amount"":36300,""user_name"":""기린아"",""user_rank"":341,""user_stage"":300}"
"stage_reached_300 (App)","W:23_0A:20_0","13","{""attendance_count"":13,""install_day"":""2025-07-22"",""total_payment_amount"":7700,""user_name"":""안시성I만춘"",""user_rank"":377,""user_stage"":300}"
"stage_reached_300 (App)","W:22_0A:21_0","18","{""attendance_count"":18,""install_day"":""2025-07-17"",""total_payment_amount"":227700,""user_name"":""시리찡"",""user_rank"":344,""user_stage"":300}"
"stage_reached_300 (App)","W:20_0A:20_0","20","{""attendance_count"":20,""install_day"":""2025-07-15"",""total_payment_amount"":7700,""user_name"":""twvking"",""user_rank"":1888,""user_stage"":300}"
"stage_reached_300 (App)","W:21_0A:19_0","17","{""attendance_count"":17,""install_day"":""2025-07-18"",""total_payment_amount"":80300,""user_name"":""세이러브"",""user_rank"":383,""user_stage"":300}"
"stage_reached_300 (App)","W:22_0A:19_0","16","{""attendance_count"":16,""install_day"":""2025-07-19"",""total_payment_amount"":47300,""user_name"":""무향후"",""user_rank"":326,""user_stage"":300}"
"stage_reached_300 (App)","W:21_0A:20_0","13","{""attendance_count"":13,""install_day"":""2025-07-22"",""total_payment_amount"":168300,""user_name"":""보보부복"",""user_rank"":373,""user_stage"":300}"
"stage_reached_300 (App)","W:20_0A:19_0","20","{""attendance_count"":20,""install_day"":""2025-07-15"",""total_payment_amount"":40700,""user_name"":""삼둥이아빠"",""user_rank"":1834,""user_stage"":300}"
"stage_reached_300 (App)","W:20_0A:21_0","15","{""attendance_count"":15,""install_day"":""2025-07-20"",""total_payment_amount"":111100,""user_name"":""랑방"",""user_rank"":344,""user_stage"":300}"
"stage_reached_300 (App)","W:20_0A:20_0","19","{""attendance_count"":19,""install_day"":""2025-07-16"",""total_payment_amount"":7700,""user_name"":""뱅섭"",""user_rank"":330,""user_stage"":300}"
"stage_reached_300 (App)","W:23_0A:21_0","3","{""attendance_count"":3,""install_day"":""2025-07-31"",""total_payment_amount"":631400,""user_name"":""또땡겨"",""user_rank"":343,""user_stage"":300}"
"stage_reached_300 (App)","W:20_0A:19_0","18","{""attendance_count"":18,""install_day"":""2025-07-17"",""total_payment_amount"":39600,""user_name"":""왕배"",""user_rank"":342,""user_stage"":300}"
"stage_reached_300 (App)","W:20_0A:19_0","17","{""attendance_count"":17,""install_day"":""2025-07-18"",""total_payment_amount"":95700,""user_name"":""텐프로"",""user_rank"":326,""user_stage"":300}"
"stage_reached_300 (App)","W:23_0A:19_0","15","{""attendance_count"":15,""install_day"":""2025-07-20"",""total_payment_amount"":31900,""user_name"":""블랙닥터"",""user_rank"":329,""user_stage"":300}"
"stage_reached_300 (App)","W:23_0A:20_0","18","{""attendance_count"":18,""install_day"":""2025-07-17"",""total_payment_amount"":7700,""user_name"":""DDUDDU"",""user_rank"":378,""user_stage"":300}"
"stage_reached_300 (App)","W:22_0A:20_0","15","{""attendance_count"":15,""install_day"":""2025-07-20"",""total_payment_amount"":95700,""user_name"":""talgol"",""user_rank"":327,""user_stage"":300}"
"stage_reached_300 (App)","W:21_0A:20_0","15","{""attendance_count"":15,""install_day"":""2025-07-19"",""total_payment_amount"":91300,""user_name"":""주세요"",""user_rank"":324,""user_stage"":300}"
"stage_reached_300 (App)","W:22_0A:19_0","16","{""attendance_count"":16,""install_day"":""2025-07-18"",""total_payment_amount"":7700,""user_name"":""도휼"",""user_rank"":328,""user_stage"":300}"
"stage_reached_300 (App)","W:22_0A:22_0","12","{""attendance_count"":12,""install_day"":""2025-07-22"",""total_payment_amount"":155100,""user_name"":""장수척준경"",""user_rank"":322,""user_stage"":300}"
"stage_reached_300 (App)","W:20_0A:19_0","18","{""attendance_count"":18,""install_day"":""2025-07-17"",""total_payment_amount"":7700,""user_name"":""용우니"",""user_rank"":350,""user_stage"":300}"
"stage_reached_300 (App)","W:20_0A:19_0","15","{""attendance_count"":15,""install_day"":""2025-07-20"",""total_payment_amount"":40700,""user_name"":""종만"",""user_rank"":349,""user_stage"":300}"
"stage_reached_300 (App)","W:22_0A:19_0","13","{""attendance_count"":13,""install_day"":""2025-07-19"",""total_payment_amount"":7700,""user_name"":""해다리리"",""user_rank"":397,""user_stage"":300}"
"stage_reached_300 (App)","W:20_0A:19_0","18","{""attendance_count"":18,""install_day"":""2025-07-16"",""total_payment_amount"":7700,""user_name"":""엽이"",""user_rank"":323,""user_stage"":300}"
"stage_reached_300 (App)","W:20_0A:20_0","18","{""attendance_count"":18,""install_day"":""2025-07-17"",""total_payment_amount"":40700,""user_name"":""독각룡"",""user_rank"":395,""user_stage"":300}"
"stage_reached_300 (App)","W:20_0A:19_0","12","{""attendance_count"":12,""install_day"":""2025-07-23"",""total_payment_amount"":106700,""user_name"":""사노"",""user_rank"":399,""user_stage"":300}"
"stage_reached_300 (App)","W:21_0A:20_0","19","{""attendance_count"":19,""install_day"":""2025-07-16"",""total_payment_amount"":28600,""user_name"":""골덕"",""user_rank"":328,""user_stage"":300}"
"stage_reached_300 (App)","W:20_0A:19_0","18","{""attendance_count"":18,""install_day"":""2025-07-16"",""total_payment_amount"":26400,""user_name"":""쩰리"",""user_rank"":319,""user_stage"":300}"
"stage_reached_300 (App)","W:22_0A:19_0","15","{""attendance_count"":15,""install_day"":""2025-07-20"",""total_payment_amount"":44000,""user_name"":""dongsmas"",""user_rank"":319,""user_stage"":300}"
"stage_reached_300 (App)","W:23_0A:20_0","14","{""attendance_count"":14,""install_day"":""2025-07-21"",""total_payment_amount"":7700,""user_name"":""내강"",""user_rank"":328,""user_stage"":300}"
"stage_reached_300 (App)","W:20_0A:19_0","16","{""attendance_count"":16,""install_day"":""2025-07-19"",""total_payment_amount"":61600,""user_name"":""흑사초롱"",""user_rank"":312,""user_stage"":300}"
"stage_reached_300 (App)","W:20_0A:19_0","15","{""attendance_count"":15,""install_day"":""2025-07-20"",""total_payment_amount"":69300,""user_name"":""막내키키"",""user_rank"":317,""user_stage"":300}"
"stage_reached_300 (App)","W:22_0A:17_0","4","{""attendance_count"":4,""install_day"":""2025-07-30"",""total_payment_amount"":349800,""user_name"":""이야이"",""user_rank"":307,""user_stage"":300}"
"stage_reached_300 (App)","W:22_0A:22_0","15","{""attendance_count"":15,""install_day"":""2025-07-19"",""total_payment_amount"":0,""user_name"":""에스카라"",""user_rank"":307,""user_stage"":300}"
"stage_reached_300 (App)","W:22_0A:19_0","15","{""attendance_count"":15,""install_day"":""2025-07-19"",""total_payment_amount"":146300,""user_name"":""하야꾸"",""user_rank"":315,""user_stage"":300}"
"stage_reached_300 (App)","W:22_0A:20_0","18","{""attendance_count"":18,""install_day"":""2025-07-16"",""total_payment_amount"":7700,""user_name"":""빡뚱"",""user_rank"":328,""user_stage"":300}"
"stage_reached_300 (App)","W:22_0A:19_0","17","{""attendance_count"":17,""install_day"":""2025-07-17"",""total_payment_amount"":40700,""user_name"":""디비자라"",""user_rank"":281,""user_stage"":300}"
"stage_reached_300 (App)","W:20_0A:19_0","14","{""attendance_count"":14,""install_day"":""2025-07-20"",""total_payment_amount"":66000,""user_name"":""까페라떼"",""user_rank"":304,""user_stage"":300}"
"stage_reached_300 (App)","W:20_0A:19_0","16","{""attendance_count"":16,""install_day"":""2025-07-17"",""total_payment_amount"":18700,""user_name"":""대칭"",""user_rank"":316,""user_stage"":300}"
"stage_reached_300 (App)","W:23_0A:19_0","17","{""attendance_count"":17,""install_day"":""2025-07-17"",""total_payment_amount"":7700,""user_name"":""감자맛"",""user_rank"":323,""user_stage"":300}"
"stage_reached_300 (App)","W:22_0A:19_0","17","{""attendance_count"":17,""install_day"":""2025-07-17"",""total_payment_amount"":14300,""user_name"":""이플"",""user_rank"":310,""user_stage"":300}"
"stage_reached_300 (App)","W:20_0A:19_0","16","{""attendance_count"":16,""install_day"":""2025-07-17"",""total_payment_amount"":7700,""user_name"":""방랑자장씨"",""user_rank"":329,""user_stage"":300}"
"stage_reached_300 (App)","W:20_0A:19_0","15","{""attendance_count"":15,""install_day"":""2025-07-18"",""total_payment_amount"":7700,""user_name"":""reso"",""user_rank"":300,""user_stage"":300}"
"stage_reached_300 (App)","W:23_0A:19_0","13","{""attendance_count"":13,""install_day"":""2025-07-21"",""total_payment_amount"":7700,""user_name"":""l네메시스l"",""user_rank"":310,""user_stage"":300}"
"stage_reached_300 (App)","W:20_0A:19_0","15","{""attendance_count"":15,""install_day"":""2025-07-19"",""total_payment_amount"":33000,""user_name"":""아쿠마"",""user_rank"":300,""user_stage"":300}"
"stage_reached_300 (App)","W:21_0A:19_0","15","{""attendance_count"":15,""install_day"":""2025-07-19"",""total_payment_amount"":15400,""user_name"":""왕호야"",""user_rank"":300,""user_stage"":300}"
"stage_reached_300 (App)","W:20_0A:19_0","17","{""attendance_count"":17,""install_day"":""2025-07-16"",""total_payment_amount"":7700,""user_name"":""쿵쿵이"",""user_rank"":308,""user_stage"":300}"
"stage_reached_300 (App)","W:23_0A:19_0","16","{""attendance_count"":16,""install_day"":""2025-07-18"",""total_payment_amount"":7700,""user_name"":""한쿡"",""user_rank"":295,""user_stage"":300}"
"stage_reached_300 (App)","W:21_0A:19_0","11","{""attendance_count"":11,""install_day"":""2025-07-22"",""total_payment_amount"":433400,""user_name"":""누나좋아"",""user_rank"":329,""user_stage"":300}"
"stage_reached_300 (App)","W:20_0A:19_0","15","{""attendance_count"":15,""install_day"":""2025-07-18"",""total_payment_amount"":126500,""user_name"":""구독자"",""user_rank"":295,""user_stage"":300}"
"stage_reached_300 (App)","W:20_0A:19_0","18","{""attendance_count"":18,""install_day"":""2025-07-16"",""total_payment_amount"":25300,""user_name"":""9잉"",""user_rank"":295,""user_stage"":300}"
"stage_reached_300 (App)","W:21_0A:19_0","17","{""attendance_count"":17,""install_day"":""2025-07-17"",""total_payment_amount"":7700,""user_name"":""뿅망키"",""user_rank"":290,""user_stage"":300}"
"stage_reached_300 (App)","W:23_0A:19_0","15","{""attendance_count"":15,""install_day"":""2025-07-19"",""total_payment_amount"":47300,""user_name"":""Gargamel"",""user_rank"":280,""user_stage"":300}"
"stage_reached_300 (App)","W:23_0A:19_0","15","{""attendance_count"":15,""install_day"":""2025-07-19"",""total_payment_amount"":40700,""user_name"":""통이"",""user_rank"":321,""user_stage"":300}"
"stage_reached_300 (App)","W:22_0A:19_0","15","{""attendance_count"":15,""install_day"":""2025-07-18"",""total_payment_amount"":99000,""user_name"":""엄애숙"",""user_rank"":299,""user_stage"":300}"
"stage_reached_300 (App)","W:20_0A:19_0","18","{""attendance_count"":18,""install_day"":""2025-07-16"",""total_payment_amount"":27500,""user_name"":""위도리"",""user_rank"":287,""user_stage"":300}"
"stage_reached_300 (App)","W:20_0A:19_0","11","{""attendance_count"":11,""install_day"":""2025-07-23"",""total_payment_amount"":161700,""user_name"":""천상악"",""user_rank"":284,""user_stage"":300}"
"stage_reached_300 (App)","W:22_0A:19_0","18","{""attendance_count"":18,""install_day"":""2025-07-16"",""total_payment_amount"":7700,""user_name"":""사철"",""user_rank"":300,""user_stage"":300}"
"stage_reached_300 (App)","W:22_0A:23_0","7","{""attendance_count"":7,""install_day"":""2025-07-27"",""total_payment_amount"":843700,""user_name"":""집안구석"",""user_rank"":430,""user_stage"":300}"
"stage_reached_300 (App)","W:20_0A:19_0","16","{""attendance_count"":16,""install_day"":""2025-07-18"",""total_payment_amount"":95700,""user_name"":""살아남는자"",""user_rank"":280,""user_stage"":300}"
"stage_reached_300 (App)","W:23_0A:21_0","4","{""attendance_count"":4,""install_day"":""2025-07-29"",""total_payment_amount"":271700,""user_name"":""냉균"",""user_rank"":283,""user_stage"":300}"
"stage_reached_300 (App)","W:22_0A:19_0","17","{""attendance_count"":17,""install_day"":""2025-07-17"",""total_payment_amount"":11000,""user_name"":""그래도살아야지"",""user_rank"":346,""user_stage"":300}"
"stage_reached_300 (App)","W:22_0A:20_0","14","{""attendance_count"":14,""install_day"":""2025-07-20"",""total_payment_amount"":12100,""user_name"":""규영"",""user_rank"":280,""user_stage"":300}"
"stage_reached_300 (App)","W:20_0A:19_0","18","{""attendance_count"":18,""install_day"":""2025-07-16"",""total_payment_amount"":7700,""user_name"":""지비니"",""user_rank"":318,""user_stage"":300}"
"stage_reached_300 (App)","W:21_0A:20_0","15","{""attendance_count"":15,""install_day"":""2025-07-19"",""total_payment_amount"":190300,""user_name"":""김죠"",""user_rank"":286,""user_stage"":300}"
"stage_reached_300 (App)","W:22_0A:19_0","15","{""attendance_count"":15,""install_day"":""2025-07-18"",""total_payment_amount"":7700,""user_name"":""감녕"",""user_rank"":307,""user_stage"":300}"
"stage_reached_300 (App)","W:23_0A:22_0","13","{""attendance_count"":13,""install_day"":""2025-07-21"",""total_payment_amount"":128700,""user_name"":""발직"",""user_rank"":274,""user_stage"":300}"
"stage_reached_300 (App)","W:20_0A:19_0","15","{""attendance_count"":15,""install_day"":""2025-07-19"",""total_payment_amount"":157300,""user_name"":""무적권"",""user_rank"":279,""user_stage"":300}"
"stage_reached_300 (App)","W:20_0A:20_0","15","{""attendance_count"":15,""install_day"":""2025-07-19"",""total_payment_amount"":99000,""user_name"":""신비로운다람쥐"",""user_rank"":279,""user_stage"":300}"
"stage_reached_300 (App)","W:23_0A:21_0","16","{""attendance_count"":16,""install_day"":""2025-07-18"",""total_payment_amount"":7700,""user_name"":""표류중"",""user_rank"":272,""user_stage"":300}"
"stage_reached_300 (App)","W:23_0A:19_0","14","{""attendance_count"":14,""install_day"":""2025-07-20"",""total_payment_amount"":7700,""user_name"":""네모네모"",""user_rank"":302,""user_stage"":300}"
"stage_reached_300 (App)","W:22_0A:19_0","14","{""attendance_count"":14,""install_day"":""2025-07-19"",""total_payment_amount"":7700,""user_name"":""깨방"",""user_rank"":275,""user_stage"":300}"
"stage_reached_300 (App)","W:20_0A:20_0","17","{""attendance_count"":17,""install_day"":""2025-07-16"",""total_payment_amount"":113300,""user_name"":""13453"",""user_rank"":271,""user_stage"":300}"
"stage_reached_300 (App)","W:20_0A:19_0","16","{""attendance_count"":16,""install_day"":""2025-07-17"",""total_payment_amount"":77000,""user_name"":""비령"",""user_rank"":268,""user_stage"":300}"
"stage_reached_300 (App)","W:22_0A:20_0","15","{""attendance_count"":15,""install_day"":""2025-07-18"",""total_payment_amount"":183700,""user_name"":""복마니1"",""user_rank"":269,""user_stage"":300}"
"stage_reached_300 (App)","W:21_0A:19_0","18","{""attendance_count"":18,""install_day"":""2025-07-15"",""total_payment_amount"":7700,""user_name"":""룽이"",""user_rank"":272,""user_stage"":300}"
"stage_reached_300 (App)","W:20_0A:19_0","15","{""attendance_count"":15,""install_day"":""2025-07-18"",""total_payment_amount"":7700,""user_name"":""세라라"",""user_rank"":271,""user_stage"":300}"
"stage_reached_300 (App)","W:22_0A:19_0","14","{""attendance_count"":14,""install_day"":""2025-07-20"",""total_payment_amount"":161700,""user_name"":""구름꽃"",""user_rank"":273,""user_stage"":300}"
"stage_reached_300 (App)","W:23_0A:19_0","14","{""attendance_count"":14,""install_day"":""2025-07-19"",""total_payment_amount"":29700,""user_name"":""딸봉바라기"",""user_rank"":302,""user_stage"":300}"
"stage_reached_300 (App)","W:23_0A:22_0","15","{""attendance_count"":15,""install_day"":""2025-07-19"",""total_payment_amount"":29700,""user_name"":""미남고릴라"",""user_rank"":283,""user_stage"":300}"
"stage_reached_300 (App)","W:20_0A:19_0","10","{""attendance_count"":10,""install_day"":""2025-07-25"",""total_payment_amount"":262900,""user_name"":""흥길동z"",""user_rank"":274,""user_stage"":300}"
"stage_reached_300 (App)","W:23_0A:19_0","13","{""attendance_count"":13,""install_day"":""2025-07-21"",""total_payment_amount"":119900,""user_name"":""허요허요"",""user_rank"":266,""user_stage"":300}"
"stage_reached_300 (App)","W:20_0A:19_0","16","{""attendance_count"":16,""install_day"":""2025-07-18"",""total_payment_amount"":162800,""user_name"":""김민교"",""user_rank"":261,""user_stage"":300}"
"stage_reached_300 (App)","W:20_0A:19_0","16","{""attendance_count"":16,""install_day"":""2025-07-16"",""total_payment_amount"":56100,""user_name"":""쮸니"",""user_rank"":260,""user_stage"":300}"
"stage_reached_300 (App)","W:22_0A:22_0","16","{""attendance_count"":16,""install_day"":""2025-07-17"",""total_payment_amount"":7700,""user_name"":""탄이"",""user_rank"":264,""user_stage"":300}"
"stage_reached_300 (App)","W:23_0A:19_0","14","{""attendance_count"":14,""install_day"":""2025-07-18"",""total_payment_amount"":58300,""user_name"":""chevti"",""user_rank"":319,""user_stage"":300}"
"stage_reached_300 (App)","W:21_0A:19_0","12","{""attendance_count"":12,""install_day"":""2025-07-22"",""total_payment_amount"":53900,""user_name"":""리둠"",""user_rank"":257,""user_stage"":300}"
"stage_reached_300 (App)","W:21_0A:21_0","13","{""attendance_count"":13,""install_day"":""2025-07-20"",""total_payment_amount"":293700,""user_name"":""헤롱이"",""user_rank"":283,""user_stage"":300}"
"stage_reached_300 (App)","W:21_0A:21_0","33","{""attendance_count"":33,""install_day"":""2024-10-02"",""total_payment_amount"":7700,""user_name"":""뿌링크스"",""user_rank"":1846,""user_stage"":300}"
"stage_reached_300 (App)","W:20_0A:19_0","16","{""attendance_count"":16,""install_day"":""2025-07-17"",""total_payment_amount"":57200,""user_name"":""하나공공"",""user_rank"":258,""user_stage"":300}"
"stage_reached_300 (App)","W:20_0A:19_0","12","{""attendance_count"":12,""install_day"":""2025-07-20"",""total_payment_amount"":190300,""user_name"":""애플청포도"",""user_rank"":254,""user_stage"":300}"
"stage_reached_300 (App)","W:22_0A:19_0","17","{""attendance_count"":17,""install_day"":""2025-07-15"",""total_payment_amount"":11000,""user_name"":""트리니타스"",""user_rank"":259,""user_stage"":300}"
"stage_reached_300 (App)","W:20_0A:19_0","17","{""attendance_count"":17,""install_day"":""2025-07-16"",""total_payment_amount"":7700,""user_name"":""맹맹"",""user_rank"":242,""user_stage"":300}"
"stage_reached_300 (App)","W:22_0A:19_0","15","{""attendance_count"":15,""install_day"":""2025-07-18"",""total_payment_amount"":92400,""user_name"":""SSG랜더스"",""user_rank"":259,""user_stage"":300}"
"stage_reached_300 (App)","W:21_0A:22_0","15","{""attendance_count"":15,""install_day"":""2025-07-18"",""total_payment_amount"":95700,""user_name"":""얌고"",""user_rank"":253,""user_stage"":300}"
"stage_reached_300 (App)","W:22_0A:19_0","13","{""attendance_count"":13,""install_day"":""2025-07-19"",""total_payment_amount"":36300,""user_name"":""명탐정코난"",""user_rank"":256,""user_stage"":300}"
"stage_reached_300 (App)","W:20_0A:19_0","17","{""attendance_count"":17,""install_day"":""2025-07-16"",""total_payment_amount"":29700,""user_name"":""Zaru"",""user_rank"":249,""user_stage"":300}"
"stage_reached_300 (App)","W:21_0A:19_0","15","{""attendance_count"":15,""install_day"":""2025-07-18"",""total_payment_amount"":46200,""user_name"":""민욱"",""user_rank"":247,""user_stage"":300}"
"stage_reached_300 (App)","W:22_0A:22_0","16","{""attendance_count"":16,""install_day"":""2025-07-17"",""total_payment_amount"":69300,""user_name"":""십정동꿀주먹"",""user_rank"":247,""user_stage"":300}"
"stage_reached_300 (App)","W:20_0A:19_0","7","{""attendance_count"":7,""install_day"":""2025-07-26"",""total_payment_amount"":240900,""user_name"":""yad"",""user_rank"":244,""user_stage"":300}"
"stage_reached_300 (App)","W:22_0A:19_0","16","{""attendance_count"":16,""install_day"":""2025-07-17"",""total_payment_amount"":7700,""user_name"":""장일소"",""user_rank"":242,""user_stage"":300}"
"stage_reached_300 (App)","W:22_0A:20_0","16","{""attendance_count"":16,""install_day"":""2025-07-17"",""total_payment_amount"":119900,""user_name"":""지희88"",""user_rank"":254,""user_stage"":300}"
"stage_reached_300 (App)","W:22_0A:19_0","5","{""attendance_count"":5,""install_day"":""2025-07-17"",""total_payment_amount"":650100,""user_name"":""루아베니"",""user_rank"":268,""user_stage"":300}"
"stage_reached_300 (App)","W:20_0A:19_0","11","{""attendance_count"":11,""install_day"":""2025-07-21"",""total_payment_amount"":122100,""user_name"":""서씨옴"",""user_rank"":234,""user_stage"":300}"
"stage_reached_300 (App)","W:21_0A:19_0","16","{""attendance_count"":16,""install_day"":""2025-07-17"",""total_payment_amount"":134200,""user_name"":""건호최고"",""user_rank"":235,""user_stage"":300}"
"stage_reached_300 (App)","W:20_0A:19_0","13","{""attendance_count"":13,""install_day"":""2025-07-19"",""total_payment_amount"":111100,""user_name"":""초록메뚜기"",""user_rank"":258,""user_stage"":300}"
"stage_reached_300 (App)","W:23_0A:19_0","12","{""attendance_count"":12,""install_day"":""2025-07-20"",""total_payment_amount"":7700,""user_name"":""듀랜달"",""user_rank"":234,""user_stage"":300}"
"stage_reached_300 (App)","W:23_0A:20_0","13","{""attendance_count"":13,""install_day"":""2025-07-20"",""total_payment_amount"":7700,""user_name"":""맑을린"",""user_rank"":231,""user_stage"":300}"
"stage_reached_300 (App)","W:23_0A:19_0","15","{""attendance_count"":15,""install_day"":""2025-07-18"",""total_payment_amount"":7700,""user_name"":""위니랑"",""user_rank"":241,""user_stage"":300}"
"stage_reached_300 (App)","W:23_0A:19_0","14","{""attendance_count"":14,""install_day"":""2025-07-19"",""total_payment_amount"":27500,""user_name"":""부타"",""user_rank"":241,""user_stage"":300}"
"stage_reached_300 (App)","W:22_0A:19_0","13","{""attendance_count"":13,""install_day"":""2025-07-20"",""total_payment_amount"":27500,""user_name"":""하리보소주맛"",""user_rank"":237,""user_stage"":300}"
"stage_reached_300 (App)","W:21_0A:19_0","15","{""attendance_count"":15,""install_day"":""2025-07-18"",""total_payment_amount"":58300,""user_name"":""아밍"",""user_rank"":260,""user_stage"":300}"
"stage_reached_300 (App)","W:20_0A:22_0","12","{""attendance_count"":12,""install_day"":""2025-07-20"",""total_payment_amount"":315700,""user_name"":""진홍"",""user_rank"":226,""user_stage"":300}"
"stage_reached_300 (App)","W:23_0A:21_0","15","{""attendance_count"":15,""install_day"":""2025-07-18"",""total_payment_amount"":190300,""user_name"":""일주일만"",""user_rank"":225,""user_stage"":300}"
"stage_reached_300 (App)","W:22_0A:15_0","17","{""attendance_count"":17,""install_day"":""2025-07-16"",""total_payment_amount"":7700,""user_name"":""꽁꽁이"",""user_rank"":224,""user_stage"":300}"
"stage_reached_300 (App)","W:21_0A:19_0","17","{""attendance_count"":17,""install_day"":""2025-07-16"",""total_payment_amount"":0,""user_name"":""도플라밍고"",""user_rank"":225,""user_stage"":300}"
"stage_reached_300 (App)","W:22_0A:20_0","16","{""attendance_count"":16,""install_day"":""2025-07-16"",""total_payment_amount"":150700,""user_name"":""국내산"",""user_rank"":228,""user_stage"":300}"
"stage_reached_300 (App)","W:22_0A:19_0","16","{""attendance_count"":16,""install_day"":""2025-07-17"",""total_payment_amount"":7700,""user_name"":""미역"",""user_rank"":220,""user_stage"":300}"
"stage_reached_300 (App)","W:20_0A:19_0","16","{""attendance_count"":16,""install_day"":""2025-07-17"",""total_payment_amount"":7700,""user_name"":""다댕이죠"",""user_rank"":219,""user_stage"":300}"
"stage_reached_300 (App)","W:23_0A:19_0","14","{""attendance_count"":14,""install_day"":""2025-07-19"",""total_payment_amount"":73700,""user_name"":""쥐돌이"",""user_rank"":230,""user_stage"":300}"
"stage_reached_300 (App)","W:23_0A:20_0","15","{""attendance_count"":15,""install_day"":""2025-07-18"",""total_payment_amount"":47300,""user_name"":""Suzzy"",""user_rank"":256,""user_stage"":300}"
"stage_reached_300 (App)","W:23_0A:20_0","14","{""attendance_count"":14,""install_day"":""2025-07-19"",""total_payment_amount"":52800,""user_name"":""헬랑구"",""user_rank"":222,""user_stage"":300}"
"stage_reached_300 (App)","W:20_0A:19_0","7","{""attendance_count"":7,""install_day"":""2025-07-16"",""total_payment_amount"":300300,""user_name"":""도치야"",""user_rank"":248,""user_stage"":300}"
