"Event Category","Event Action","Event Label","Custom Event Properties"
"stage_reached_200 (App)",,,"{""Time"":""2026-04-15 23:44:01"",""UserUUID"":""eee603a0-2ea1-11f1-bddb-c708b5751691"",""attendanceCount"":12,""attendance_count"":12,""b.diamond"":307916,""b.ruby"":0,""boxAllCount"":960,""curserver"":1,""equipmentData"":""W:20_0A:19_0"",""install_day"":""2026-04-02"",""totalPayment"":0,""total_payment_amount"":0,""user_name"":""만두만듀"",""user_rank"":7440,""user_stage"":200}"
"stage_reached_200 (App)",,,"{""Time"":""2026-04-15 23:43:56"",""UserUUID"":""3134efb0-2fcd-11f1-8359-815e882e9cac"",""attendanceCount"":12,""attendance_count"":12,""b.diamond"":463685,""b.ruby"":0,""boxAllCount"":4490,""curserver"":2,""equipmentData"":""W:20_0A:19_0"",""install_day"":""2026-04-04"",""totalPayment"":7700,""total_payment_amount"":7700,""user_name"":""대한민국짱"",""user_rank"":1648,""user_stage"":200}"
"stage_reached_200 (App)",,,"{""Time"":""2026-04-15 23:29:20"",""UserUUID"":""cfdd6650-bd88-11ef-b6b6-5f03728339d5"",""attendanceCount"":17,""attendance_count"":17,""b.diamond"":293385,""b.ruby"":0,""boxAllCount"":2550,""curserver"":0,""equipmentData"":""W:20_0A:19_0"",""install_day"":""2024-12-18"",""totalPayment"":0,""total_payment_amount"":0,""user_name"":""본원"",""user_rank"":580,""user_stage"":200}"
"stage_reached_200 (App)",,,"{""Time"":""2026-04-15 23:22:03"",""UserUUID"":""5d17fd90-3499-11f1-848b-8740532df904"",""attendanceCount"":6,""attendance_count"":6,""b.diamond"":2514,""b.ruby"":0,""boxAllCount"":4270,""curserver"":2,""equipmentData"":""W:21_0A:20_0"",""install_day"":""2026-04-10"",""totalPayment"":7700,""total_payment_amount"":7700,""user_name"":""혀엉님"",""user_rank"":1515,""user_stage"":200}"
"stage_reached_200 (App)",,,"{""Time"":""2026-04-15 23:05:42"",""UserUUID"":""c7d5bdd0-31c8-11f1-8641-f352cf91c7e3"",""attendanceCount"":10,""attendance_count"":10,""b.diamond"":14662,""b.ruby"":0,""boxAllCount"":2160,""curserver"":2,""equipmentData"":""W:21_0A:19_0"",""install_day"":""2026-04-06"",""totalPayment"":0,""total_payment_amount"":0,""user_name"":""춘자네"",""user_rank"":1643,""user_stage"":200}"
"stage_reached_200 (App)",,,"{""Time"":""2026-04-15 23:05:13"",""UserUUID"":""d5e8cd20-308a-11f1-a784-8b2f36fae7f6"",""attendanceCount"":11,""attendance_count"":11,""b.diamond"":718019,""b.ruby"":0,""boxAllCount"":4900,""curserver"":2,""equipmentData"":""W:20_0A:19_0"",""install_day"":""2026-04-05"",""totalPayment"":7700,""total_payment_amount"":7700,""user_name"":""챠나"",""user_rank"":1563,""user_stage"":200}"
"stage_reached_200 (App)",,,"{""Time"":""2026-04-15 23:04:44"",""UserUUID"":""ca700180-3359-11f1-9a72-0b15ce8fa6c2"",""attendanceCount"":8,""attendance_count"":8,""b.diamond"":1146873,""b.ruby"":0,""boxAllCount"":630,""curserver"":2,""equipmentData"":""W:20_0A:19_0"",""install_day"":""2026-04-08"",""totalPayment"":7700,""total_payment_amount"":7700,""user_name"":""자몽해"",""user_rank"":1563,""user_stage"":200}"
"stage_reached_200 (App)",,,"{""Time"":""2026-04-15 23:01:57"",""UserUUID"":""45fc1080-34dd-11f1-a084-dfdae9dcfbd5"",""attendanceCount"":6,""attendance_count"":6,""b.diamond"":1463,""b.ruby"":0,""boxAllCount"":1470,""curserver"":2,""equipmentData"":""W:19_0A:15_0"",""install_day"":""2026-04-10"",""totalPayment"":7700,""total_payment_amount"":7700,""user_name"":""한번해보잠"",""user_rank"":1616,""user_stage"":200}"
"stage_reached_200 (App)",,,"{""Time"":""2026-04-15 22:40:15"",""UserUUID"":""b0970b40-34e5-11f1-b0fa-1b0f366df724"",""attendanceCount"":6,""attendance_count"":6,""b.diamond"":44633,""b.ruby"":0,""boxAllCount"":8390,""curserver"":2,""equipmentData"":""W:23_0A:21_0"",""install_day"":""2026-04-10"",""totalPayment"":0,""total_payment_amount"":0,""user_name"":""미니굿데이"",""user_rank"":1880,""user_stage"":200}"
"stage_reached_200 (App)",,,"{""Time"":""2026-04-15 22:39:46"",""UserUUID"":""3dd77810-33be-11f1-a86b-37edcb4f9c8f"",""attendanceCount"":7,""attendance_count"":7,""b.diamond"":501503,""b.ruby"":0,""boxAllCount"":6630,""curserver"":2,""equipmentData"":""W:21_0A:21_0"",""install_day"":""2026-04-09"",""totalPayment"":7700,""total_payment_amount"":7700,""user_name"":""난세표창장"",""user_rank"":1577,""user_stage"":200}"
"stage_reached_200 (App)",,,"{""Time"":""2026-04-15 22:39:53"",""UserUUID"":""ca863ad0-3418-11f1-a1c9-d1ebff349bb1"",""attendanceCount"":7,""attendance_count"":7,""b.diamond"":191696,""b.ruby"":0,""boxAllCount"":5380,""curserver"":2,""equipmentData"":""W:20_0A:20_0"",""install_day"":""2026-04-09"",""totalPayment"":7700,""total_payment_amount"":7700,""user_name"":""햇누"",""user_rank"":1526,""user_stage"":200}"
"stage_reached_200 (App)",,,"{""Time"":""2026-04-15 22:33:03"",""UserUUID"":""2cb5ce60-3279-11f1-8711-bdda46a3915d"",""attendanceCount"":9,""attendance_count"":9,""b.diamond"":318378,""b.ruby"":0,""boxAllCount"":1930,""curserver"":2,""equipmentData"":""W:20_0A:19_0"",""install_day"":""2026-04-07"",""totalPayment"":7700,""total_payment_amount"":7700,""user_name"":""죠보아"",""user_rank"":1609,""user_stage"":200}"
"stage_reached_200 (App)",,,"{""Time"":""2026-04-15 22:23:44"",""UserUUID"":""525d2560-34e4-11f1-b6c0-5529b368f55b"",""attendanceCount"":6,""attendance_count"":6,""b.diamond"":321,""b.ruby"":0,""boxAllCount"":3150,""curserver"":2,""equipmentData"":""W:20_0A:19_0"",""install_day"":""2026-04-10"",""totalPayment"":7700,""total_payment_amount"":7700,""user_name"":""eeda"",""user_rank"":1538,""user_stage"":200}"
"stage_reached_200 (App)",,,"{""Time"":""2026-04-15 22:21:17"",""UserUUID"":""e3740530-34e6-11f1-b609-f5080d787187"",""attendanceCount"":6,""attendance_count"":6,""b.diamond"":5631,""b.ruby"":0,""boxAllCount"":3150,""curserver"":2,""equipmentData"":""W:19_0A:19_0"",""install_day"":""2026-04-10"",""totalPayment"":14300,""total_payment_amount"":14300,""user_name"":""난세또리"",""user_rank"":1874,""user_stage"":200}"
"stage_reached_200 (App)",,,"{""Time"":""2026-04-15 22:03:03"",""UserUUID"":""d3b91790-348a-11f1-baa2-b39b887c8ab0"",""attendanceCount"":6,""attendance_count"":6,""b.diamond"":78053,""b.ruby"":0,""boxAllCount"":2580,""curserver"":2,""equipmentData"":""W:20_0A:19_0"",""install_day"":""2026-04-10"",""totalPayment"":7700,""total_payment_amount"":7700,""user_name"":""딩폴"",""user_rank"":1535,""user_stage"":200}"
"stage_reached_200 (App)",,,"{""Time"":""2026-04-15 22:00:59"",""UserUUID"":""e1092c10-2fca-11f1-9286-9b31303d67c3"",""attendanceCount"":12,""attendance_count"":12,""b.diamond"":316830,""b.ruby"":0,""boxAllCount"":6100,""curserver"":2,""equipmentData"":""W:20_0A:20_0"",""install_day"":""2026-04-04"",""totalPayment"":7700,""total_payment_amount"":7700,""user_name"":""YOUTUBER"",""user_rank"":1627,""user_stage"":200}"
"stage_reached_200 (App)",,,"{""Time"":""2026-04-15 21:40:04"",""UserUUID"":""4130efd0-335c-11f1-8098-a908c1b76340"",""attendanceCount"":7,""attendance_count"":7,""b.diamond"":52460,""b.ruby"":0,""boxAllCount"":2520,""curserver"":2,""equipmentData"":""W:21_0A:19_0"",""install_day"":""2026-04-08"",""totalPayment"":7700,""total_payment_amount"":7700,""user_name"":""황죽이"",""user_rank"":1944,""user_stage"":200}"
"stage_reached_200 (App)",,,"{""Time"":""2026-04-15 21:37:28"",""UserUUID"":""b1f1acb0-3289-11f1-8667-15196ccfe901"",""attendanceCount"":8,""attendance_count"":8,""b.diamond"":60061,""b.ruby"":0,""boxAllCount"":6110,""curserver"":2,""equipmentData"":""W:22_0A:19_0"",""install_day"":""2026-04-07"",""totalPayment"":0,""total_payment_amount"":0,""user_name"":""백렴"",""user_rank"":1516,""user_stage"":200}"
"stage_reached_200 (App)",,,"{""Time"":""2026-04-15 21:29:45"",""UserUUID"":""08d2a2e0-356f-11f1-8fb9-5184506c78f3"",""attendanceCount"":5,""attendance_count"":5,""b.diamond"":69044,""b.ruby"":110,""boxAllCount"":960,""curserver"":2,""equipmentData"":""W:22_0A:16_0"",""install_day"":""2026-04-11"",""totalPayment"":11000,""total_payment_amount"":11000,""user_name"":""나코"",""user_rank"":1596,""user_stage"":200}"
"stage_reached_200 (App)",,,"{""Time"":""2026-04-15 21:24:11"",""UserUUID"":""666f85e0-34f6-11f1-b13c-1b4df4c1d553"",""attendanceCount"":5,""attendance_count"":5,""b.diamond"":653719,""b.ruby"":0,""boxAllCount"":6160,""curserver"":2,""equipmentData"":""W:22_0A:20_0"",""install_day"":""2026-04-10"",""totalPayment"":7700,""total_payment_amount"":7700,""user_name"":""세희"",""user_rank"":1708,""user_stage"":200}"
"stage_reached_200 (App)",,,"{""Time"":""2026-04-15 21:18:44"",""UserUUID"":""50faf600-3423-11f1-a9f4-a329d24e575b"",""attendanceCount"":7,""attendance_count"":7,""b.diamond"":74670,""b.ruby"":0,""boxAllCount"":6130,""curserver"":2,""equipmentData"":""W:23_0A:20_0"",""install_day"":""2026-04-09"",""totalPayment"":7700,""total_payment_amount"":7700,""user_name"":""구옥하"",""user_rank"":2036,""user_stage"":200}"
"stage_reached_200 (App)",,,"{""Time"":""2026-04-15 21:03:09"",""UserUUID"":""9d1be690-33b3-11f1-a924-394237907d95"",""attendanceCount"":6,""attendance_count"":6,""b.diamond"":3533,""b.ruby"":0,""boxAllCount"":1380,""curserver"":2,""equipmentData"":""W:21_0A:20_0"",""install_day"":""2026-04-09"",""totalPayment"":18700,""total_payment_amount"":18700,""user_name"":""탕치기"",""user_rank"":1510,""user_stage"":200}"
"stage_reached_200 (App)",,,"{""Time"":""2026-04-15 20:59:59"",""UserUUID"":""50f25360-2f55-11f1-a232-617877cd092d"",""attendanceCount"":13,""attendance_count"":13,""b.diamond"":2857280,""b.ruby"":440,""boxAllCount"":2560,""curserver"":2,""equipmentData"":""W:20_0A:19_0"",""install_day"":""2026-04-03"",""totalPayment"":194700,""total_payment_amount"":194700,""user_name"":""a메롱a"",""user_rank"":1510,""user_stage"":200}"
"stage_reached_200 (App)",,,"{""Time"":""2026-04-15 20:51:05"",""UserUUID"":""f1a16bb0-3226-11f1-9d9a-49f0f7e47762"",""attendanceCount"":9,""attendance_count"":9,""b.diamond"":74323,""b.ruby"":0,""boxAllCount"":1110,""curserver"":2,""equipmentData"":""W:21_0A:19_0"",""install_day"":""2026-04-07"",""totalPayment"":7700,""total_payment_amount"":7700,""user_name"":""요로팡"",""user_rank"":1858,""user_stage"":200}"
"stage_reached_200 (App)",,,"{""Time"":""2026-04-15 20:49:26"",""UserUUID"":""1b289330-3409-11f1-8aa0-5df28f565dc0"",""attendanceCount"":7,""attendance_count"":7,""b.diamond"":45831,""b.ruby"":0,""boxAllCount"":210,""curserver"":2,""equipmentData"":""W:20_0A:19_0"",""install_day"":""2026-04-09"",""totalPayment"":7700,""total_payment_amount"":7700,""user_name"":""707"",""user_rank"":1857,""user_stage"":200}"
"stage_reached_200 (App)",,,"{""Time"":""2026-04-15 20:47:10"",""UserUUID"":""014baee0-35a1-11f1-9bde-2793c43a7856"",""attendanceCount"":5,""attendance_count"":5,""b.diamond"":54333,""b.ruby"":0,""boxAllCount"":2490,""curserver"":2,""equipmentData"":""W:21_0A:19_0"",""install_day"":""2026-04-11"",""totalPayment"":7700,""total_payment_amount"":7700,""user_name"":""봄세이"",""user_rank"":1536,""user_stage"":200}"
"stage_reached_200 (App)",,,"{""Time"":""2026-04-15 20:21:58"",""UserUUID"":""00275c40-33b6-11f1-85b9-ab2d5b8951c2"",""attendanceCount"":7,""attendance_count"":7,""b.diamond"":9519,""b.ruby"":0,""boxAllCount"":6130,""curserver"":2,""equipmentData"":""W:21_0A:20_0"",""install_day"":""2026-04-09"",""totalPayment"":7700,""total_payment_amount"":7700,""user_name"":""라임바질앤만다린"",""user_rank"":1616,""user_stage"":200}"
"stage_reached_200 (App)",,,"{""Time"":""2026-04-15 20:16:15"",""UserUUID"":""87762750-340e-11f1-884b-2503dfba4254"",""attendanceCount"":7,""attendance_count"":7,""b.diamond"":150722,""b.ruby"":0,""boxAllCount"":1620,""curserver"":2,""equipmentData"":""W:23_0A:19_0"",""install_day"":""2026-04-09"",""totalPayment"":7700,""total_payment_amount"":7700,""user_name"":""혈린"",""user_rank"":1700,""user_stage"":200}"
"stage_reached_200 (App)",,,"{""Time"":""2026-04-15 20:12:37"",""UserUUID"":""82bc2c30-34d3-11f1-8747-5df356bb1bd8"",""attendanceCount"":6,""attendance_count"":6,""b.diamond"":117188,""b.ruby"":0,""boxAllCount"":4990,""curserver"":2,""equipmentData"":""W:21_0A:20_0"",""install_day"":""2026-04-10"",""totalPayment"":7700,""total_payment_amount"":7700,""user_name"":""TAYUL"",""user_rank"":1650,""user_stage"":200}"
"stage_reached_200 (App)",,,"{""Time"":""2026-04-15 20:09:38"",""UserUUID"":""8fbddf50-3294-11f1-8449-554c7affa134"",""attendanceCount"":8,""attendance_count"":8,""b.diamond"":127137,""b.ruby"":0,""boxAllCount"":4790,""curserver"":2,""equipmentData"":""W:22_0A:20_0"",""install_day"":""2026-04-07"",""totalPayment"":7700,""total_payment_amount"":7700,""user_name"":""호월"",""user_rank"":1587,""user_stage"":200}"
"stage_reached_200 (App)",,,"{""Time"":""2026-04-15 20:05:02"",""UserUUID"":""bc354520-34c7-11f1-848b-8740532df904"",""attendanceCount"":6,""attendance_count"":6,""b.diamond"":112635,""b.ruby"":0,""boxAllCount"":1410,""curserver"":2,""equipmentData"":""W:21_0A:19_0"",""install_day"":""2026-04-10"",""totalPayment"":7700,""total_payment_amount"":7700,""user_name"":""그러네요"",""user_rank"":1515,""user_stage"":200}"
"stage_reached_200 (App)",,,"{""Time"":""2026-04-15 20:04:31"",""UserUUID"":""428e7d50-2fd5-11f1-9b41-d70e5ddb1ec7"",""attendanceCount"":11,""attendance_count"":11,""b.diamond"":38713,""b.ruby"":0,""boxAllCount"":3170,""curserver"":2,""equipmentData"":""W:20_0A:19_0"",""install_day"":""2026-04-04"",""totalPayment"":7700,""total_payment_amount"":7700,""user_name"":""봄솔이"",""user_rank"":1757,""user_stage"":200}"
"stage_reached_200 (App)",,,"{""Time"":""2026-04-15 19:47:03"",""UserUUID"":""fea59a70-3406-11f1-a793-c782112182ad"",""attendanceCount"":7,""attendance_count"":7,""b.diamond"":100850,""b.ruby"":0,""boxAllCount"":4320,""curserver"":2,""equipmentData"":""W:23_0A:22_0"",""install_day"":""2026-04-09"",""totalPayment"":0,""total_payment_amount"":0,""user_name"":""소라바라기"",""user_rank"":1489,""user_stage"":200}"
"stage_reached_200 (App)",,,"{""Time"":""2026-04-15 19:33:07"",""UserUUID"":""d31e2be0-3331-11f1-ad26-918d01757ce7"",""attendanceCount"":8,""attendance_count"":8,""b.diamond"":5059,""b.ruby"":0,""boxAllCount"":4280,""curserver"":2,""equipmentData"":""W:20_0A:20_0"",""install_day"":""2026-04-08"",""totalPayment"":0,""total_payment_amount"":0,""user_name"":""절대독신"",""user_rank"":1487,""user_stage"":200}"
"stage_reached_200 (App)",,,"{""Time"":""2026-04-15 19:28:46"",""UserUUID"":""75158b10-3273-11f1-b9ed-0555eca76587"",""attendanceCount"":9,""attendance_count"":9,""b.diamond"":330775,""b.ruby"":0,""boxAllCount"":6130,""curserver"":2,""equipmentData"":""W:21_0A:19_0"",""install_day"":""2026-04-07"",""totalPayment"":7700,""total_payment_amount"":7700,""user_name"":""얼훙"",""user_rank"":1522,""user_stage"":200}"
"stage_reached_200 (App)",,,"{""Time"":""2026-04-15 19:28:45"",""UserUUID"":""8798b7a0-3357-11f1-9a72-0b15ce8fa6c2"",""attendanceCount"":8,""attendance_count"":8,""b.diamond"":159530,""b.ruby"":0,""boxAllCount"":3600,""curserver"":2,""equipmentData"":""W:21_0A:19_0"",""install_day"":""2026-04-08"",""totalPayment"":0,""total_payment_amount"":0,""user_name"":""몽젤쿠"",""user_rank"":1532,""user_stage"":200}"
"stage_reached_200 (App)",,,"{""Time"":""2026-04-15 19:25:06"",""UserUUID"":""34337bf0-371b-11f1-a19f-c71a0933475a"",""attendanceCount"":3,""attendance_count"":3,""b.diamond"":45289,""b.ruby"":0,""boxAllCount"":2730,""curserver"":2,""equipmentData"":""W:19_0A:18_0"",""install_day"":""2026-04-13"",""totalPayment"":62700,""total_payment_amount"":62700,""user_name"":""장윤빵"",""user_rank"":1486,""user_stage"":200}"
"stage_reached_200 (App)",,,"{""Time"":""2026-04-15 19:14:58"",""UserUUID"":""4c2aa7a0-3212-11f1-a366-69658440338f"",""attendanceCount"":9,""attendance_count"":9,""b.diamond"":353583,""b.ruby"":0,""boxAllCount"":4130,""curserver"":2,""equipmentData"":""W:22_0A:20_0"",""install_day"":""2026-04-06"",""totalPayment"":7700,""total_payment_amount"":7700,""user_name"":""뾰루퉁"",""user_rank"":1524,""user_stage"":200}"
"stage_reached_200 (App)",,,"{""Time"":""2026-04-15 19:11:39"",""UserUUID"":""3eed8ef0-355e-11f1-891e-9bbc1e0a649c"",""attendanceCount"":5,""attendance_count"":5,""b.diamond"":234456,""b.ruby"":550,""boxAllCount"":3080,""curserver"":2,""equipmentData"":""W:21_0A:19_0"",""install_day"":""2026-04-11"",""totalPayment"":51700,""total_payment_amount"":51700,""user_name"":""블랙티"",""user_rank"":1717,""user_stage"":200}"
"stage_reached_200 (App)",,,"{""Time"":""2026-04-15 18:59:47"",""UserUUID"":""8cc108d0-33ee-11f1-a7c8-832c0e574dc5"",""attendanceCount"":7,""attendance_count"":7,""b.diamond"":10583,""b.ruby"":0,""boxAllCount"":3150,""curserver"":2,""equipmentData"":""W:21_0A:19_0"",""install_day"":""2026-04-09"",""totalPayment"":7700,""total_payment_amount"":7700,""user_name"":""이콩이"",""user_rank"":1692,""user_stage"":200}"
"stage_reached_200 (App)",,,"{""Time"":""2026-04-15 18:53:32"",""UserUUID"":""e6efce70-31c5-11f1-9033-375b699f179f"",""attendanceCount"":10,""attendance_count"":10,""b.diamond"":44120,""b.ruby"":110,""boxAllCount"":6100,""curserver"":2,""equipmentData"":""W:20_0A:19_0"",""install_day"":""2026-04-06"",""totalPayment"":14300,""total_payment_amount"":14300,""user_name"":""감뀰"",""user_rank"":1579,""user_stage"":200}"
"stage_reached_200 (App)",,,"{""Time"":""2026-04-15 18:51:12"",""UserUUID"":""ba73dbc0-2cd4-11f1-9698-5dc718807eac"",""attendanceCount"":15,""attendance_count"":15,""b.diamond"":290070,""b.ruby"":0,""boxAllCount"":6010,""curserver"":1,""equipmentData"":""W:20_0A:21_0"",""install_day"":""2026-03-31"",""totalPayment"":7700,""total_payment_amount"":7700,""user_name"":""홍설"",""user_rank"":7234,""user_stage"":200}"
"stage_reached_200 (App)",,,"{""Time"":""2026-04-15 18:44:54"",""UserUUID"":""0a1c4290-33fe-11f1-b44b-d12bc0e06aa8"",""attendanceCount"":7,""attendance_count"":7,""b.diamond"":87100,""b.ruby"":110,""boxAllCount"":5120,""curserver"":2,""equipmentData"":""W:21_0A:20_0"",""install_day"":""2026-04-09"",""totalPayment"":36300,""total_payment_amount"":36300,""user_name"":""핵탄두"",""user_rank"":2026,""user_stage"":200}"
"stage_reached_200 (App)",,,"{""Time"":""2026-04-15 18:39:12"",""UserUUID"":""d04ac820-3353-11f1-b987-0799d49acfc1"",""attendanceCount"":8,""attendance_count"":8,""b.diamond"":27912,""b.ruby"":0,""boxAllCount"":6690,""curserver"":2,""equipmentData"":""W:20_0A:20_0"",""install_day"":""2026-04-08"",""totalPayment"":0,""total_payment_amount"":0,""user_name"":""류우놈춰"",""user_rank"":1607,""user_stage"":200}"
"stage_reached_200 (App)",,,"{""Time"":""2026-04-15 18:28:20"",""UserUUID"":""1b04ed90-3364-11f1-8f3f-b770421a1adb"",""attendanceCount"":7,""attendance_count"":7,""b.diamond"":29076,""b.ruby"":0,""boxAllCount"":1200,""curserver"":2,""equipmentData"":""W:20_0A:19_0"",""install_day"":""2026-04-08"",""totalPayment"":0,""total_payment_amount"":0,""user_name"":""whitewha"",""user_rank"":1689,""user_stage"":200}"
"stage_reached_200 (App)",,,"{""Time"":""2026-04-15 18:24:22"",""UserUUID"":""4585eba0-3418-11f1-9ab9-bd304546db62"",""attendanceCount"":7,""attendance_count"":7,""b.diamond"":111090,""b.ruby"":220,""boxAllCount"":480,""curserver"":2,""equipmentData"":""W:21_0A:19_0"",""install_day"":""2026-04-09"",""totalPayment"":18700,""total_payment_amount"":18700,""user_name"":""차단"",""user_rank"":1573,""user_stage"":200}"
"stage_reached_200 (App)",,,"{""Time"":""2026-04-15 18:21:38"",""UserUUID"":""d305ff20-3264-11f1-a990-8bde7c94b6f9"",""attendanceCount"":9,""attendance_count"":9,""b.diamond"":30095,""b.ruby"":110,""boxAllCount"":3720,""curserver"":2,""equipmentData"":""W:23_0A:21_0"",""install_day"":""2026-04-07"",""totalPayment"":14300,""total_payment_amount"":14300,""user_name"":""제비M"",""user_rank"":1575,""user_stage"":200}"
"stage_reached_200 (App)",,,"{""Time"":""2026-04-15 18:20:02"",""UserUUID"":""ee82ca50-350a-11f1-b565-f18417880528"",""attendanceCount"":5,""attendance_count"":5,""b.diamond"":47820,""b.ruby"":0,""boxAllCount"":1470,""curserver"":2,""equipmentData"":""W:19_0A:19_0"",""install_day"":""2026-04-10"",""totalPayment"":7700,""total_payment_amount"":7700,""user_name"":""또레오레오"",""user_rank"":1484,""user_stage"":200}"
"stage_reached_200 (App)",,,"{""Time"":""2026-04-15 18:17:31"",""UserUUID"":""54560320-33bb-11f1-afd7-9d5569116599"",""attendanceCount"":7,""attendance_count"":7,""b.diamond"":95771,""b.ruby"":0,""boxAllCount"":4120,""curserver"":2,""equipmentData"":""W:20_0A:19_0"",""install_day"":""2026-04-09"",""totalPayment"":7700,""total_payment_amount"":7700,""user_name"":""오현진"",""user_rank"":1474,""user_stage"":200}"
"stage_reached_200 (App)",,,"{""Time"":""2026-04-15 18:15:59"",""UserUUID"":""5ad81b60-3146-11f1-812b-d7b2ced86aeb"",""attendanceCount"":10,""attendance_count"":10,""b.diamond"":13292,""b.ruby"":0,""boxAllCount"":7310,""curserver"":2,""equipmentData"":""W:21_0A:22_0"",""install_day"":""2026-04-05"",""totalPayment"":7700,""total_payment_amount"":7700,""user_name"":""팩토리"",""user_rank"":1831,""user_stage"":200}"
"stage_reached_200 (App)",,,"{""Time"":""2026-04-15 18:06:43"",""UserUUID"":""08dfc570-3573-11f1-8278-8d3201a49fa0"",""attendanceCount"":5,""attendance_count"":5,""b.diamond"":28838,""b.ruby"":0,""boxAllCount"":4630,""curserver"":2,""equipmentData"":""W:20_0A:19_0"",""install_day"":""2026-04-11"",""totalPayment"":40700,""total_payment_amount"":40700,""user_name"":""전유치"",""user_rank"":1470,""user_stage"":200}"
"stage_reached_200 (App)",,,"{""Time"":""2026-04-15 18:03:40"",""UserUUID"":""eec70ac0-30e2-11f1-ad8d-1f74661c87fe"",""attendanceCount"":11,""attendance_count"":11,""b.diamond"":157121,""b.ruby"":0,""boxAllCount"":6360,""curserver"":2,""equipmentData"":""W:21_0A:20_0"",""install_day"":""2026-04-05"",""totalPayment"":18700,""total_payment_amount"":18700,""user_name"":""두부표류기"",""user_rank"":1478,""user_stage"":200}"
"stage_reached_200 (App)",,,"{""Time"":""2026-04-15 17:56:57"",""UserUUID"":""7e88e080-3317-11f1-beea-f1307460bc06"",""attendanceCount"":8,""attendance_count"":8,""b.diamond"":9081,""b.ruby"":0,""boxAllCount"":2910,""curserver"":2,""equipmentData"":""W:21_0A:19_0"",""install_day"":""2026-04-08"",""totalPayment"":0,""total_payment_amount"":0,""user_name"":""돼지고양이하루"",""user_rank"":1469,""user_stage"":200}"
"stage_reached_200 (App)",,,"{""Time"":""2026-04-15 17:53:28"",""UserUUID"":""f0ead6e0-33dc-11f1-ac93-151c9c2cc2c8"",""attendanceCount"":7,""attendance_count"":7,""b.diamond"":79360,""b.ruby"":0,""boxAllCount"":2490,""curserver"":2,""equipmentData"":""W:21_0A:19_0"",""install_day"":""2026-04-09"",""totalPayment"":18700,""total_payment_amount"":18700,""user_name"":""천원짜리과자"",""user_rank"":1679,""user_stage"":200}"
"stage_reached_200 (App)",,,"{""Time"":""2026-04-15 17:49:14"",""UserUUID"":""432a14b0-3280-11f1-862b-0b3ba8ecfbe1"",""attendanceCount"":9,""attendance_count"":9,""b.diamond"":23232,""b.ruby"":0,""boxAllCount"":4450,""curserver"":2,""equipmentData"":""W:21_0A:21_0"",""install_day"":""2026-04-07"",""totalPayment"":7700,""total_payment_amount"":7700,""user_name"":""방천화극"",""user_rank"":1827,""user_stage"":200}"
"stage_reached_200 (App)",,,"{""Time"":""2026-04-15 17:37:59"",""UserUUID"":""0d5539a0-3352-11f1-8ec3-e91cd639491c"",""attendanceCount"":8,""attendance_count"":8,""b.diamond"":163072,""b.ruby"":0,""boxAllCount"":2610,""curserver"":2,""equipmentData"":""W:20_0A:19_0"",""install_day"":""2026-04-08"",""totalPayment"":0,""total_payment_amount"":0,""user_name"":""아큐마"",""user_rank"":1478,""user_stage"":200}"
"stage_reached_200 (App)",,,"{""Time"":""2026-04-15 17:33:15"",""UserUUID"":""1d8286d0-335b-11f1-880c-d120064bd46c"",""attendanceCount"":8,""attendance_count"":8,""b.diamond"":51460,""b.ruby"":0,""boxAllCount"":2520,""curserver"":2,""equipmentData"":""W:20_0A:19_0"",""install_day"":""2026-04-08"",""totalPayment"":18700,""total_payment_amount"":18700,""user_name"":""땡모반"",""user_rank"":1825,""user_stage"":200}"
"stage_reached_200 (App)",,,"{""Time"":""2026-04-15 17:23:04"",""UserUUID"":""de99a530-3408-11f1-a321-514d4d404772"",""attendanceCount"":7,""attendance_count"":7,""b.diamond"":39798,""b.ruby"":0,""boxAllCount"":6220,""curserver"":2,""equipmentData"":""W:21_0A:20_0"",""install_day"":""2026-04-09"",""totalPayment"":7700,""total_payment_amount"":7700,""user_name"":""썬톰이"",""user_rank"":1467,""user_stage"":200}"
"stage_reached_200 (App)",,,"{""Time"":""2026-04-15 17:20:27"",""UserUUID"":""2542b020-3261-11f1-bd41-bf607eaafb71"",""attendanceCount"":9,""attendance_count"":9,""b.diamond"":407427,""b.ruby"":110,""boxAllCount"":6140,""curserver"":2,""equipmentData"":""W:20_0A:22_0"",""install_day"":""2026-04-07"",""totalPayment"":33000,""total_payment_amount"":33000,""user_name"":""무룡산반달곰"",""user_rank"":1472,""user_stage"":200}"
"stage_reached_200 (App)",,,"{""Time"":""2026-04-15 17:05:16"",""UserUUID"":""fbc3dec0-327b-11f1-8e99-e3f6968f6778"",""attendanceCount"":9,""attendance_count"":9,""b.diamond"":79783,""b.ruby"":0,""boxAllCount"":2400,""curserver"":2,""equipmentData"":""W:20_0A:19_0"",""install_day"":""2026-04-07"",""totalPayment"":7700,""total_payment_amount"":7700,""user_name"":""팡현"",""user_rank"":1671,""user_stage"":200}"
"stage_reached_200 (App)",,,"{""Time"":""2026-04-15 16:54:14"",""UserUUID"":""8affc490-1a36-11f1-b590-6d63a78e5ae5"",""attendanceCount"":8,""attendance_count"":8,""b.diamond"":147201,""b.ruby"":0,""boxAllCount"":3130,""curserver"":1,""equipmentData"":""W:21_0A:19_0"",""install_day"":""2026-03-07"",""totalPayment"":40700,""total_payment_amount"":40700,""user_name"":""우열"",""user_rank"":7322,""user_stage"":200}"
"stage_reached_200 (App)",,,"{""Time"":""2026-04-15 16:41:59"",""UserUUID"":""b36e3360-3793-11f1-b531-c3951b9abcf2"",""attendanceCount"":2,""attendance_count"":2,""b.diamond"":886616,""b.ruby"":13750,""boxAllCount"":11080,""curserver"":2,""equipmentData"":""W:23_0A:21_0"",""install_day"":""2026-04-13"",""totalPayment"":392700,""total_payment_amount"":392700,""user_name"":""SSC짱구"",""user_rank"":3121,""user_stage"":200}"
"stage_reached_200 (App)",,,"{""Time"":""2026-04-15 16:24:00"",""UserUUID"":""562b0a70-342d-11f1-8feb-8bcf5c3c2921"",""attendanceCount"":6,""attendance_count"":6,""b.diamond"":5600,""b.ruby"":0,""boxAllCount"":3120,""curserver"":2,""equipmentData"":""W:21_0A:19_0"",""install_day"":""2026-04-09"",""totalPayment"":0,""total_payment_amount"":0,""user_name"":""rowis"",""user_rank"":1480,""user_stage"":200}"
"stage_reached_200 (App)",,,"{""Time"":""2026-04-15 16:11:40"",""UserUUID"":""b6aa9610-3327-11f1-bf26-2bb1fda678bc"",""attendanceCount"":8,""attendance_count"":8,""b.diamond"":3406,""b.ruby"":0,""boxAllCount"":1330,""curserver"":2,""equipmentData"":""W:20_0A:19_0"",""install_day"":""2026-04-08"",""totalPayment"":0,""total_payment_amount"":0,""user_name"":""Drf"",""user_rank"":1552,""user_stage"":200}"
"stage_reached_200 (App)",,,"{""Time"":""2026-04-15 16:08:18"",""UserUUID"":""44a7a330-3360-11f1-870f-b99e4e357d53"",""attendanceCount"":7,""attendance_count"":7,""b.diamond"":15478,""b.ruby"":0,""boxAllCount"":6100,""curserver"":2,""equipmentData"":""W:21_0A:20_0"",""install_day"":""2026-04-08"",""totalPayment"":0,""total_payment_amount"":0,""user_name"":""불뿜는연산군"",""user_rank"":1697,""user_stage"":200}"
"stage_reached_200 (App)",,,"{""Time"":""2026-04-15 16:00:15"",""UserUUID"":""52a504c0-332c-11f1-9eda-7f2e43afd1c4"",""attendanceCount"":7,""attendance_count"":7,""b.diamond"":18079,""b.ruby"":0,""boxAllCount"":4810,""curserver"":2,""equipmentData"":""W:21_0A:20_0"",""install_day"":""2026-04-08"",""totalPayment"":7700,""total_payment_amount"":7700,""user_name"":""시우아빵"",""user_rank"":1660,""user_stage"":200}"
"stage_reached_200 (App)",,,"{""Time"":""2026-04-15 15:51:45"",""UserUUID"":""b94585c0-2fc5-11f1-a5de-09d3b3f45258"",""attendanceCount"":8,""attendance_count"":8,""b.diamond"":5163,""b.ruby"":0,""boxAllCount"":2610,""curserver"":2,""equipmentData"":""W:20_0A:20_0"",""install_day"":""2026-04-04"",""totalPayment"":7700,""total_payment_amount"":7700,""user_name"":""김어깨"",""user_rank"":1530,""user_stage"":200}"
"stage_reached_200 (App)",,,"{""Time"":""2026-04-15 15:44:23"",""UserUUID"":""91710ce0-33ad-11f1-a0df-f9295f004716"",""attendanceCount"":7,""attendance_count"":7,""b.diamond"":71606,""b.ruby"":0,""boxAllCount"":3520,""curserver"":2,""equipmentData"":""W:20_0A:20_0"",""install_day"":""2026-04-09"",""totalPayment"":7700,""total_payment_amount"":7700,""user_name"":""샤니대장군"",""user_rank"":1547,""user_stage"":200}"
"stage_reached_200 (App)",,,"{""Time"":""2026-04-15 15:40:30"",""UserUUID"":""fa7a2540-37a0-11f1-922d-21e85829a545"",""attendanceCount"":2,""attendance_count"":2,""b.diamond"":41533,""b.ruby"":110,""boxAllCount"":2450,""curserver"":2,""equipmentData"":""W:23_0A:18_0"",""install_day"":""2026-04-14"",""totalPayment"":163900,""total_payment_amount"":163900,""user_name"":""릭샤"",""user_rank"":1772,""user_stage"":200}"
"stage_reached_200 (App)",,,"{""Time"":""2026-04-15 15:20:34"",""UserUUID"":""b6e666f0-35e2-11f1-8024-979385ab296d"",""attendanceCount"":4,""attendance_count"":4,""b.diamond"":1189,""b.ruby"":0,""boxAllCount"":3780,""curserver"":2,""equipmentData"":""W:22_0A:19_0"",""install_day"":""2026-04-11"",""totalPayment"":0,""total_payment_amount"":0,""user_name"":""권객"",""user_rank"":1717,""user_stage"":200}"
"stage_reached_200 (App)",,,"{""Time"":""2026-04-15 15:18:40"",""UserUUID"":""6961be80-341f-11f1-a9d8-b30e31d36c17"",""attendanceCount"":7,""attendance_count"":7,""b.diamond"":18110,""b.ruby"":880,""boxAllCount"":360,""curserver"":2,""equipmentData"":""W:20_0A:19_0"",""install_day"":""2026-04-09"",""totalPayment"":40700,""total_payment_amount"":40700,""user_name"":""분진"",""user_rank"":1765,""user_stage"":200}"
"stage_reached_200 (App)",,,"{""Time"":""2026-04-15 15:07:36"",""UserUUID"":""93b604f0-33db-11f1-80ca-4f27ad1dbefa"",""attendanceCount"":7,""attendance_count"":7,""b.diamond"":251663,""b.ruby"":0,""boxAllCount"":3330,""curserver"":2,""equipmentData"":""W:21_0A:19_0"",""install_day"":""2026-04-09"",""totalPayment"":7700,""total_payment_amount"":7700,""user_name"":""유키냥"",""user_rank"":1919,""user_stage"":200}"
"stage_reached_200 (App)",,,"{""Time"":""2026-04-15 15:01:00"",""UserUUID"":""73739050-34e3-11f1-a529-c7e18571986c"",""attendanceCount"":6,""attendance_count"":6,""b.diamond"":13467,""b.ruby"":0,""boxAllCount"":690,""curserver"":2,""equipmentData"":""W:18_0A:19_0"",""install_day"":""2026-04-10"",""totalPayment"":7700,""total_payment_amount"":7700,""user_name"":""김혼서"",""user_rank"":1454,""user_stage"":200}"
"stage_reached_200 (App)",,,"{""Time"":""2026-04-15 14:51:29"",""UserUUID"":""c6949ab0-331a-11f1-aed7-a5272790d570"",""attendanceCount"":8,""attendance_count"":8,""b.diamond"":273969,""b.ruby"":0,""boxAllCount"":1290,""curserver"":2,""equipmentData"":""W:20_0A:19_0"",""install_day"":""2026-04-08"",""totalPayment"":7700,""total_payment_amount"":7700,""user_name"":""감쟈도리"",""user_rank"":1461,""user_stage"":200}"
"stage_reached_200 (App)",,,"{""Time"":""2026-04-15 14:51:19"",""UserUUID"":""321faa90-324e-11f1-8e99-e3f6968f6778"",""attendanceCount"":9,""attendance_count"":9,""b.diamond"":327849,""b.ruby"":0,""boxAllCount"":3180,""curserver"":2,""equipmentData"":""W:21_0A:19_0"",""install_day"":""2026-04-07"",""totalPayment"":7700,""total_payment_amount"":7700,""user_name"":""진한이이"",""user_rank"":1538,""user_stage"":200}"
"stage_reached_200 (App)",,,"{""Time"":""2026-04-15 14:51:01"",""UserUUID"":""2ebd65b0-335f-11f1-8098-a908c1b76340"",""attendanceCount"":7,""attendance_count"":7,""b.diamond"":49195,""b.ruby"":0,""boxAllCount"":14160,""curserver"":2,""equipmentData"":""W:23_0A:21_0"",""install_day"":""2026-04-08"",""totalPayment"":7700,""total_payment_amount"":7700,""user_name"":""밍뚱"",""user_rank"":1478,""user_stage"":200}"
"stage_reached_200 (App)",,,"{""Time"":""2026-04-15 14:43:01"",""UserUUID"":""39fc8b70-3348-11f1-b375-db7a5b1ee717"",""attendanceCount"":8,""attendance_count"":8,""b.diamond"":26758,""b.ruby"":0,""boxAllCount"":1100,""curserver"":2,""equipmentData"":""W:21_0A:19_0"",""install_day"":""2026-04-08"",""totalPayment"":11000,""total_payment_amount"":11000,""user_name"":""헤윙"",""user_rank"":1889,""user_stage"":200}"
"stage_reached_200 (App)",,,"{""Time"":""2026-04-15 14:40:12"",""UserUUID"":""3d85fe00-34c1-11f1-adbe-79e96ed2979d"",""attendanceCount"":6,""attendance_count"":6,""b.diamond"":42817,""b.ruby"":0,""boxAllCount"":3030,""curserver"":2,""equipmentData"":""W:20_0A:19_0"",""install_day"":""2026-04-10"",""totalPayment"":14300,""total_payment_amount"":14300,""user_name"":""디젤"",""user_rank"":1476,""user_stage"":200}"
"stage_reached_200 (App)",,,"{""Time"":""2026-04-15 14:38:51"",""UserUUID"":""149c06d0-3361-11f1-9eda-7f2e43afd1c4"",""attendanceCount"":7,""attendance_count"":7,""b.diamond"":24707,""b.ruby"":550,""boxAllCount"":4480,""curserver"":2,""equipmentData"":""W:21_0A:19_0"",""install_day"":""2026-04-08"",""totalPayment"":18700,""total_payment_amount"":18700,""user_name"":""컨츄리꼬꼬"",""user_rank"":1446,""user_stage"":200}"
"stage_reached_200 (App)",,,"{""Time"":""2026-04-15 14:38:30"",""UserUUID"":""da9d48d0-321c-11f1-b273-bf3ce9c9a5aa"",""attendanceCount"":9,""attendance_count"":9,""b.diamond"":11233,""b.ruby"":0,""boxAllCount"":1380,""curserver"":2,""equipmentData"":""W:20_0A:19_0"",""install_day"":""2026-04-07"",""totalPayment"":0,""total_payment_amount"":0,""user_name"":""아너드방치형"",""user_rank"":1476,""user_stage"":200}"
"stage_reached_200 (App)",,,"{""Time"":""2026-04-15 14:27:56"",""UserUUID"":""d91aa7e0-33c6-11f1-8791-eb81943c2d8e"",""attendanceCount"":7,""attendance_count"":7,""b.diamond"":591674,""b.ruby"":0,""boxAllCount"":6540,""curserver"":2,""equipmentData"":""W:21_0A:20_0"",""install_day"":""2026-04-09"",""totalPayment"":9900,""total_payment_amount"":9900,""user_name"":""딸기맛알약"",""user_rank"":1498,""user_stage"":200}"
"stage_reached_200 (App)",,,"{""Time"":""2026-04-15 14:20:11"",""UserUUID"":""15049c10-2fd1-11f1-af22-99d5280db059"",""attendanceCount"":9,""attendance_count"":9,""b.diamond"":126942,""b.ruby"":0,""boxAllCount"":1590,""curserver"":2,""equipmentData"":""W:20_0A:19_0"",""install_day"":""2026-04-04"",""totalPayment"":7700,""total_payment_amount"":7700,""user_name"":""방콕사업가"",""user_rank"":1437,""user_stage"":200}"
"stage_reached_200 (App)",,,"{""Time"":""2026-04-15 14:06:24"",""UserUUID"":""591fc490-364a-11f1-a94e-f9648762c4b7"",""attendanceCount"":4,""attendance_count"":4,""b.diamond"":104708,""b.ruby"":0,""boxAllCount"":4030,""curserver"":2,""equipmentData"":""W:23_0A:18_0"",""install_day"":""2026-04-12"",""totalPayment"":7700,""total_payment_amount"":7700,""user_name"":""오와월"",""user_rank"":1511,""user_stage"":200}"
"stage_reached_200 (App)",,,"{""Time"":""2026-04-15 14:04:01"",""UserUUID"":""2e973ee0-3345-11f1-a847-019f07c29285"",""attendanceCount"":8,""attendance_count"":8,""b.diamond"":6751,""b.ruby"":0,""boxAllCount"":6070,""curserver"":2,""equipmentData"":""W:20_0A:20_0"",""install_day"":""2026-04-08"",""totalPayment"":7700,""total_payment_amount"":7700,""user_name"":""풍스"",""user_rank"":1530,""user_stage"":200}"
"stage_reached_200 (App)",,,"{""Time"":""2026-04-15 13:43:24"",""UserUUID"":""6a82e5b0-34be-11f1-baa2-b39b887c8ab0"",""attendanceCount"":6,""attendance_count"":6,""b.diamond"":117439,""b.ruby"":0,""boxAllCount"":390,""curserver"":2,""equipmentData"":""W:19_0A:19_0"",""install_day"":""2026-04-10"",""totalPayment"":33000,""total_payment_amount"":33000,""user_name"":""정언"",""user_rank"":1429,""user_stage"":200}"
"stage_reached_200 (App)",,,"{""Time"":""2026-04-15 13:33:46"",""UserUUID"":""338013b0-33a8-11f1-9eda-7f2e43afd1c4"",""attendanceCount"":7,""attendance_count"":7,""b.diamond"":169746,""b.ruby"":0,""boxAllCount"":7080,""curserver"":2,""equipmentData"":""W:21_0A:22_0"",""install_day"":""2026-04-09"",""totalPayment"":35200,""total_payment_amount"":35200,""user_name"":""사국"",""user_rank"":1524,""user_stage"":200}"
"stage_reached_200 (App)",,,"{""Time"":""2026-04-15 13:32:01"",""UserUUID"":""48170590-30dd-11f1-bdc9-d53faa467de4"",""attendanceCount"":7,""attendance_count"":7,""b.diamond"":166969,""b.ruby"":0,""boxAllCount"":6370,""curserver"":2,""equipmentData"":""W:21_0A:21_0"",""install_day"":""2026-04-05"",""totalPayment"":27500,""total_payment_amount"":27500,""user_name"":""hj01"",""user_rank"":1738,""user_stage"":200}"
"stage_reached_200 (App)",,,"{""Time"":""2026-04-15 13:29:44"",""UserUUID"":""2dfce570-325a-11f1-b273-bf3ce9c9a5aa"",""attendanceCount"":9,""attendance_count"":9,""b.diamond"":8936,""b.ruby"":0,""boxAllCount"":5690,""curserver"":2,""equipmentData"":""W:21_0A:20_0"",""install_day"":""2026-04-07"",""totalPayment"":7700,""total_payment_amount"":7700,""user_name"":""우삼겹좌삼겹"",""user_rank"":1468,""user_stage"":200}"
"stage_reached_200 (App)",,,"{""Time"":""2026-04-15 13:02:21"",""UserUUID"":""f9a13a70-33bb-11f1-b1b2-49b57622d523"",""attendanceCount"":7,""attendance_count"":7,""b.diamond"":231306,""b.ruby"":0,""boxAllCount"":2830,""curserver"":2,""equipmentData"":""W:20_0A:19_0"",""install_day"":""2026-04-09"",""totalPayment"":7700,""total_payment_amount"":7700,""user_name"":""천우신조"",""user_rank"":1464,""user_stage"":200}"
"stage_reached_200 (App)",,,"{""Time"":""2026-04-15 12:44:58"",""UserUUID"":""25b6b360-327c-11f1-854b-cdf26218e3df"",""attendanceCount"":8,""attendance_count"":8,""b.diamond"":11362,""b.ruby"":0,""boxAllCount"":2820,""curserver"":2,""equipmentData"":""W:21_0A:19_0"",""install_day"":""2026-04-07"",""totalPayment"":0,""total_payment_amount"":0,""user_name"":""하히호히"",""user_rank"":1420,""user_stage"":200}"
"stage_reached_200 (App)",,,"{""Time"":""2026-04-15 12:41:08"",""UserUUID"":""2d519640-31d6-11f1-9a41-93219c5f9938"",""attendanceCount"":9,""attendance_count"":9,""b.diamond"":11602,""b.ruby"":0,""boxAllCount"":1200,""curserver"":2,""equipmentData"":""W:20_0A:19_0"",""install_day"":""2026-04-06"",""totalPayment"":0,""total_payment_amount"":0,""user_name"":""기영이바나나슛"",""user_rank"":1442,""user_stage"":200}"
"stage_reached_200 (App)",,,"{""Time"":""2026-04-15 12:36:32"",""UserUUID"":""018fcc50-356b-11f1-9edf-8b5075f649a6"",""attendanceCount"":5,""attendance_count"":5,""b.diamond"":11470,""b.ruby"":0,""boxAllCount"":1380,""curserver"":2,""equipmentData"":""W:20_0A:19_0"",""install_day"":""2026-04-11"",""totalPayment"":8800,""total_payment_amount"":8800,""user_name"":""드로잉"",""user_rank"":1418,""user_stage"":200}"
"stage_reached_200 (App)",,,"{""Time"":""2026-04-15 12:32:33"",""UserUUID"":""a7616a50-32fd-11f1-b93c-fb11dbd47745"",""attendanceCount"":8,""attendance_count"":8,""b.diamond"":161443,""b.ruby"":0,""boxAllCount"":1140,""curserver"":2,""equipmentData"":""W:20_0A:19_0"",""install_day"":""2026-04-08"",""totalPayment"":7700,""total_payment_amount"":7700,""user_name"":""건호님"",""user_rank"":1459,""user_stage"":200}"
"stage_reached_200 (App)",,,"{""Time"":""2026-04-15 12:28:28"",""UserUUID"":""41578680-329f-11f1-9758-2d1c30faf5b5"",""attendanceCount"":8,""attendance_count"":8,""b.diamond"":18468,""b.ruby"":0,""boxAllCount"":3570,""curserver"":2,""equipmentData"":""W:20_0A:19_0"",""install_day"":""2026-04-07"",""totalPayment"":0,""total_payment_amount"":0,""user_name"":""멈블"",""user_rank"":1459,""user_stage"":200}"
"stage_reached_200 (App)",,,"{""Time"":""2026-04-15 12:20:03"",""UserUUID"":""76e4b410-32e7-11f1-a5e7-d39ce9ce5658"",""attendanceCount"":8,""attendance_count"":8,""b.diamond"":4651,""b.ruby"":0,""boxAllCount"":2490,""curserver"":2,""equipmentData"":""W:22_0A:19_0"",""install_day"":""2026-04-08"",""totalPayment"":7700,""total_payment_amount"":7700,""user_name"":""페이드"",""user_rank"":1457,""user_stage"":200}"
"stage_reached_200 (App)",,,"{""Time"":""2026-04-15 12:12:48"",""UserUUID"":""43242420-3176-11f1-8ae3-514ae4d9144d"",""attendanceCount"":10,""attendance_count"":10,""b.diamond"":307130,""b.ruby"":0,""boxAllCount"":6140,""curserver"":2,""equipmentData"":""W:21_0A:20_0"",""install_day"":""2026-04-06"",""totalPayment"":0,""total_payment_amount"":0,""user_name"":""구꾸"",""user_rank"":1478,""user_stage"":200}"
"stage_reached_200 (App)",,,"{""Time"":""2026-04-15 11:55:00"",""UserUUID"":""0432ccb0-3295-11f1-a8f2-0127e2007171"",""attendanceCount"":8,""attendance_count"":8,""b.diamond"":47882,""b.ruby"":0,""boxAllCount"":930,""curserver"":2,""equipmentData"":""W:21_0A:19_0"",""install_day"":""2026-04-07"",""totalPayment"":7700,""total_payment_amount"":7700,""user_name"":""닭강정"",""user_rank"":1423,""user_stage"":200}"
"stage_reached_200 (App)",,,"{""Time"":""2026-04-15 11:44:40"",""UserUUID"":""8667a100-32af-11f1-93fb-7b97d749c91a"",""attendanceCount"":8,""attendance_count"":8,""b.diamond"":136147,""b.ruby"":0,""boxAllCount"":6130,""curserver"":2,""equipmentData"":""W:21_0A:20_0"",""install_day"":""2026-04-07"",""totalPayment"":7700,""total_payment_amount"":7700,""user_name"":""우승호"",""user_rank"":1759,""user_stage"":200}"
"stage_reached_200 (App)",,,"{""Time"":""2026-04-15 11:35:38"",""UserUUID"":""25d747a0-3264-11f1-b9ed-0555eca76587"",""attendanceCount"":9,""attendance_count"":9,""b.diamond"":6349,""b.ruby"":0,""boxAllCount"":270,""curserver"":2,""equipmentData"":""W:21_0A:19_0"",""install_day"":""2026-04-07"",""totalPayment"":0,""total_payment_amount"":0,""user_name"":""수영구개장수"",""user_rank"":1538,""user_stage"":200}"
"stage_reached_200 (App)",,,"{""Time"":""2026-04-15 11:31:32"",""UserUUID"":""dfc1f1e0-32f2-11f1-9439-df643d8e0191"",""attendanceCount"":8,""attendance_count"":8,""b.diamond"":39052,""b.ruby"":0,""boxAllCount"":8540,""curserver"":2,""equipmentData"":""W:21_0A:21_0"",""install_day"":""2026-04-08"",""totalPayment"":0,""total_payment_amount"":0,""user_name"":""김소라"",""user_rank"":1536,""user_stage"":200}"
"stage_reached_200 (App)",,,"{""Time"":""2026-04-15 11:02:08"",""UserUUID"":""87ea9a00-33cc-11f1-8b93-655f79ca6c45"",""attendanceCount"":7,""attendance_count"":7,""b.diamond"":209836,""b.ruby"":0,""boxAllCount"":2940,""curserver"":2,""equipmentData"":""W:20_0A:21_0"",""install_day"":""2026-04-09"",""totalPayment"":7700,""total_payment_amount"":7700,""user_name"":""폭발은예술"",""user_rank"":1510,""user_stage"":200}"
"stage_reached_200 (App)",,,"{""Time"":""2026-04-15 11:00:49"",""UserUUID"":""f265d6d0-331b-11f1-acd1-9bfc1fe15df8"",""attendanceCount"":8,""attendance_count"":8,""b.diamond"":510527,""b.ruby"":0,""boxAllCount"":2970,""curserver"":2,""equipmentData"":""W:20_0A:21_0"",""install_day"":""2026-04-08"",""totalPayment"":7700,""total_payment_amount"":7700,""user_name"":""지눙이"",""user_rank"":1423,""user_stage"":200}"
"stage_reached_200 (App)",,,"{""Time"":""2026-04-15 10:54:53"",""UserUUID"":""c573c870-347a-11f1-b678-df893faccc63"",""attendanceCount"":6,""attendance_count"":6,""b.diamond"":24326,""b.ruby"":0,""boxAllCount"":3660,""curserver"":2,""equipmentData"":""W:22_0A:19_0"",""install_day"":""2026-04-10"",""totalPayment"":18700,""total_payment_amount"":18700,""user_name"":""나일강삼각주"",""user_rank"":1484,""user_stage"":200}"
"stage_reached_200 (App)",,,"{""Time"":""2026-04-15 10:48:00"",""UserUUID"":""b49baf60-31cb-11f1-9ff9-f91f333f42c8"",""attendanceCount"":8,""attendance_count"":8,""b.diamond"":9326,""b.ruby"":0,""boxAllCount"":2970,""curserver"":2,""equipmentData"":""W:21_0A:19_0"",""install_day"":""2026-04-06"",""totalPayment"":7700,""total_payment_amount"":7700,""user_name"":""웅비에오"",""user_rank"":1466,""user_stage"":200}"
"stage_reached_200 (App)",,,"{""Time"":""2026-04-15 10:32:56"",""UserUUID"":""7c12b6a0-2fc5-11f1-9b41-d70e5ddb1ec7"",""attendanceCount"":8,""attendance_count"":8,""b.diamond"":279917,""b.ruby"":0,""boxAllCount"":3600,""curserver"":2,""equipmentData"":""W:20_0A:22_0"",""install_day"":""2026-04-04"",""totalPayment"":7700,""total_payment_amount"":7700,""user_name"":""네로코"",""user_rank"":1600,""user_stage"":200}"
"stage_reached_200 (App)",,,"{""Time"":""2026-04-15 10:30:48"",""UserUUID"":""00acfd30-2f67-11f1-a69e-1dc67923969c"",""attendanceCount"":13,""attendance_count"":13,""b.diamond"":110551,""b.ruby"":0,""boxAllCount"":890,""curserver"":2,""equipmentData"":""W:20_0A:19_0"",""install_day"":""2026-04-03"",""totalPayment"":0,""total_payment_amount"":0,""user_name"":""무서운미역국"",""user_rank"":1461,""user_stage"":200}"
"stage_reached_200 (App)",,,"{""Time"":""2026-04-15 10:29:22"",""UserUUID"":""a8fdb470-34da-11f1-89b3-956014c3becd"",""attendanceCount"":6,""attendance_count"":6,""b.diamond"":473230,""b.ruby"":0,""boxAllCount"":540,""curserver"":2,""equipmentData"":""W:19_0A:19_0"",""install_day"":""2026-04-10"",""totalPayment"":7700,""total_payment_amount"":7700,""user_name"":""노비탈출"",""user_rank"":1515,""user_stage"":200}"
"stage_reached_200 (App)",,,"{""Time"":""2026-04-15 10:21:56"",""UserUUID"":""04cdf160-33ec-11f1-b653-3156bdfe6bc3"",""attendanceCount"":7,""attendance_count"":7,""b.diamond"":3046,""b.ruby"":0,""boxAllCount"":3060,""curserver"":2,""equipmentData"":""W:21_0A:19_0"",""install_day"":""2026-04-09"",""totalPayment"":7700,""total_payment_amount"":7700,""user_name"":""지나고치"",""user_rank"":1404,""user_stage"":200}"
"stage_reached_200 (App)",,,"{""Time"":""2026-04-15 10:21:43"",""UserUUID"":""484bd200-331e-11f1-ad26-918d01757ce7"",""attendanceCount"":8,""attendance_count"":8,""b.diamond"":263504,""b.ruby"":0,""boxAllCount"":5240,""curserver"":2,""equipmentData"":""W:20_0A:20_0"",""install_day"":""2026-04-08"",""totalPayment"":14300,""total_payment_amount"":14300,""user_name"":""김양욱"",""user_rank"":1433,""user_stage"":200}"
"stage_reached_200 (App)",,,"{""Time"":""2026-04-15 10:19:13"",""UserUUID"":""fbf82220-319f-11f1-bbac-41299a21fbdc"",""attendanceCount"":10,""attendance_count"":10,""b.diamond"":95870,""b.ruby"":0,""boxAllCount"":3160,""curserver"":2,""equipmentData"":""W:20_0A:22_0"",""install_day"":""2026-04-06"",""totalPayment"":7700,""total_payment_amount"":7700,""user_name"":""아마릴리스"",""user_rank"":1412,""user_stage"":200}"
"stage_reached_200 (App)",,,"{""Time"":""2026-04-15 10:18:01"",""UserUUID"":""5a7eb510-3228-11f1-af48-1d1b8631a5cd"",""attendanceCount"":9,""attendance_count"":9,""b.diamond"":39282,""b.ruby"":0,""boxAllCount"":3360,""curserver"":2,""equipmentData"":""W:20_0A:19_0"",""install_day"":""2026-04-07"",""totalPayment"":22000,""total_payment_amount"":22000,""user_name"":""배크크큰"",""user_rank"":1486,""user_stage"":200}"
"stage_reached_200 (App)",,,"{""Time"":""2026-04-15 10:16:54"",""UserUUID"":""e4c47f60-3288-11f1-8667-15196ccfe901"",""attendanceCount"":9,""attendance_count"":9,""b.diamond"":207846,""b.ruby"":0,""boxAllCount"":3450,""curserver"":2,""equipmentData"":""W:20_0A:19_0"",""install_day"":""2026-04-07"",""totalPayment"":0,""total_payment_amount"":0,""user_name"":""겸둥잇"",""user_rank"":1522,""user_stage"":200}"
"stage_reached_200 (App)",,,"{""Time"":""2026-04-15 10:16:19"",""UserUUID"":""9faf6ee0-3354-11f1-b54b-b183cc730f11"",""attendanceCount"":8,""attendance_count"":8,""b.diamond"":371596,""b.ruby"":0,""boxAllCount"":1500,""curserver"":2,""equipmentData"":""W:20_0A:19_0"",""install_day"":""2026-04-08"",""totalPayment"":7700,""total_payment_amount"":7700,""user_name"":""아라칸"",""user_rank"":1412,""user_stage"":200}"
"stage_reached_200 (App)",,,"{""Time"":""2026-04-15 10:12:26"",""UserUUID"":""0f152850-3432-11f1-b76e-7b660d28f7c6"",""attendanceCount"":6,""attendance_count"":6,""b.diamond"":55085,""b.ruby"":0,""boxAllCount"":2910,""curserver"":2,""equipmentData"":""W:19_0A:19_0"",""install_day"":""2026-04-09"",""totalPayment"":0,""total_payment_amount"":0,""user_name"":""호동야코"",""user_rank"":1408,""user_stage"":200}"
"stage_reached_200 (App)",,,"{""Time"":""2026-04-15 10:08:02"",""UserUUID"":""6f7766c0-3312-11f1-8667-15196ccfe901"",""attendanceCount"":8,""attendance_count"":8,""b.diamond"":4666,""b.ruby"":0,""boxAllCount"":4700,""curserver"":2,""equipmentData"":""W:21_0A:23_0"",""install_day"":""2026-04-08"",""totalPayment"":30800,""total_payment_amount"":30800,""user_name"":""할거없어"",""user_rank"":1469,""user_stage"":200}"
"stage_reached_200 (App)",,,"{""Time"":""2026-04-15 10:06:28"",""UserUUID"":""7e47a0b0-3336-11f1-ad26-918d01757ce7"",""attendanceCount"":8,""attendance_count"":8,""b.diamond"":9432,""b.ruby"":0,""boxAllCount"":4500,""curserver"":2,""equipmentData"":""W:20_0A:19_0"",""install_day"":""2026-04-08"",""totalPayment"":7700,""total_payment_amount"":7700,""user_name"":""Dne"",""user_rank"":1485,""user_stage"":200}"
"stage_reached_200 (App)",,,"{""Time"":""2026-04-15 10:05:09"",""UserUUID"":""b851d1e0-3331-11f1-9eda-7f2e43afd1c4"",""attendanceCount"":7,""attendance_count"":7,""b.diamond"":8761,""b.ruby"":0,""boxAllCount"":2670,""curserver"":2,""equipmentData"":""W:20_0A:19_0"",""install_day"":""2026-04-08"",""totalPayment"":7700,""total_payment_amount"":7700,""user_name"":""광견"",""user_rank"":1469,""user_stage"":200}"
"stage_reached_200 (App)",,,"{""Time"":""2026-04-15 09:58:15"",""UserUUID"":""54799880-2e5c-11f1-bddb-c708b5751691"",""attendanceCount"":14,""attendance_count"":14,""b.diamond"":99885,""b.ruby"":0,""boxAllCount"":6190,""curserver"":1,""equipmentData"":""W:20_0A:20_0"",""install_day"":""2026-04-02"",""totalPayment"":0,""total_payment_amount"":0,""user_name"":""한마유지로"",""user_rank"":7187,""user_stage"":200}"
"stage_reached_200 (App)",,,"{""Time"":""2026-04-15 09:56:21"",""UserUUID"":""c86ef670-309d-11f1-80b4-fdb01b34780a"",""attendanceCount"":11,""attendance_count"":11,""b.diamond"":126674,""b.ruby"":0,""boxAllCount"":2800,""curserver"":2,""equipmentData"":""W:22_0A:19_0"",""install_day"":""2026-04-05"",""totalPayment"":7700,""total_payment_amount"":7700,""user_name"":""통제"",""user_rank"":1545,""user_stage"":200}"
"stage_reached_200 (App)",,,"{""Time"":""2026-04-15 09:54:23"",""UserUUID"":""e56f4ed0-330b-11f1-8667-15196ccfe901"",""attendanceCount"":7,""attendance_count"":7,""b.diamond"":92986,""b.ruby"":0,""boxAllCount"":4060,""curserver"":2,""equipmentData"":""W:23_0A:21_0"",""install_day"":""2026-04-08"",""totalPayment"":0,""total_payment_amount"":0,""user_name"":""진우치"",""user_rank"":1397,""user_stage"":200}"
"stage_reached_200 (App)",,,"{""Time"":""2026-04-15 09:43:52"",""UserUUID"":""7a3f2500-31bb-11f1-9ff9-f91f333f42c8"",""attendanceCount"":10,""attendance_count"":10,""b.diamond"":26226,""b.ruby"":0,""boxAllCount"":6130,""curserver"":2,""equipmentData"":""W:20_0A:20_0"",""install_day"":""2026-04-06"",""totalPayment"":0,""total_payment_amount"":0,""user_name"":""b버로우"",""user_rank"":1382,""user_stage"":200}"
"stage_reached_200 (App)",,,"{""Time"":""2026-04-15 09:43:39"",""UserUUID"":""f4e8fb70-336c-11f1-b93c-fb11dbd47745"",""attendanceCount"":7,""attendance_count"":7,""b.diamond"":75739,""b.ruby"":0,""boxAllCount"":2910,""curserver"":2,""equipmentData"":""W:21_0A:19_0"",""install_day"":""2026-04-08"",""totalPayment"":0,""total_payment_amount"":0,""user_name"":""조조조조조"",""user_rank"":1510,""user_stage"":200}"
"stage_reached_200 (App)",,,"{""Time"":""2026-04-15 09:34:38"",""UserUUID"":""a8a6b920-35fe-11f1-ad10-2f669a7fd0b7"",""attendanceCount"":4,""attendance_count"":4,""b.diamond"":9111,""b.ruby"":0,""boxAllCount"":3450,""curserver"":2,""equipmentData"":""W:23_0A:20_0"",""install_day"":""2026-04-11"",""totalPayment"":33000,""total_payment_amount"":33000,""user_name"":""왜이랴"",""user_rank"":1620,""user_stage"":200}"
"stage_reached_200 (App)",,,"{""Time"":""2026-04-15 09:21:35"",""UserUUID"":""f2252400-347e-11f1-8275-e3bed11e99cf"",""attendanceCount"":6,""attendance_count"":6,""b.diamond"":264190,""b.ruby"":0,""boxAllCount"":1200,""curserver"":2,""equipmentData"":""W:20_0A:19_0"",""install_day"":""2026-04-10"",""totalPayment"":7700,""total_payment_amount"":7700,""user_name"":""차칵"",""user_rank"":1725,""user_stage"":200}"
"stage_reached_200 (App)",,,"{""Time"":""2026-04-15 09:12:16"",""UserUUID"":""99063b60-3470-11f1-82d4-59ee885f3f37"",""attendanceCount"":6,""attendance_count"":6,""b.diamond"":115943,""b.ruby"":0,""boxAllCount"":2610,""curserver"":2,""equipmentData"":""W:21_0A:21_0"",""install_day"":""2026-04-10"",""totalPayment"":7700,""total_payment_amount"":7700,""user_name"":""춘천막국수"",""user_rank"":1376,""user_stage"":200}"
"stage_reached_200 (App)",,,"{""Time"":""2026-04-15 09:09:15"",""UserUUID"":""3fc86920-32ee-11f1-a6a8-07161db1a495"",""attendanceCount"":8,""attendance_count"":8,""b.diamond"":328624,""b.ruby"":0,""boxAllCount"":2550,""curserver"":2,""equipmentData"":""W:20_0A:19_0"",""install_day"":""2026-04-08"",""totalPayment"":7700,""total_payment_amount"":7700,""user_name"":""달빛곰"",""user_rank"":1532,""user_stage"":200}"
"stage_reached_200 (App)",,,"{""Time"":""2026-04-15 09:05:07"",""UserUUID"":""6d97c080-33f2-11f1-be09-a76393cf8804"",""attendanceCount"":7,""attendance_count"":7,""b.diamond"":32544,""b.ruby"":0,""boxAllCount"":2670,""curserver"":2,""equipmentData"":""W:20_0A:19_0"",""install_day"":""2026-04-09"",""totalPayment"":7700,""total_payment_amount"":7700,""user_name"":""커피주세요"",""user_rank"":1608,""user_stage"":200}"
"stage_reached_200 (App)",,,"{""Time"":""2026-04-15 08:46:56"",""UserUUID"":""e6c7ae90-349a-11f1-b565-f18417880528"",""attendanceCount"":6,""attendance_count"":6,""b.diamond"":199979,""b.ruby"":0,""boxAllCount"":1110,""curserver"":2,""equipmentData"":""W:20_0A:19_0"",""install_day"":""2026-04-10"",""totalPayment"":18700,""total_payment_amount"":18700,""user_name"":""떡튀"",""user_rank"":1650,""user_stage"":200}"
"stage_reached_200 (App)",,,"{""Time"":""2026-04-15 08:46:08"",""UserUUID"":""a3d643e0-3412-11f1-81aa-e51cf3f83330"",""attendanceCount"":7,""attendance_count"":7,""b.diamond"":5097,""b.ruby"":0,""boxAllCount"":5670,""curserver"":2,""equipmentData"":""W:20_0A:19_0"",""install_day"":""2026-04-09"",""totalPayment"":0,""total_payment_amount"":0,""user_name"":""오미란타"",""user_rank"":1391,""user_stage"":200}"
"stage_reached_200 (App)",,,"{""Time"":""2026-04-15 08:43:05"",""UserUUID"":""f1a6fbe0-3495-11f1-8747-5df356bb1bd8"",""attendanceCount"":6,""attendance_count"":6,""b.diamond"":209261,""b.ruby"":0,""boxAllCount"":5130,""curserver"":2,""equipmentData"":""W:22_0A:19_0"",""install_day"":""2026-04-10"",""totalPayment"":0,""total_payment_amount"":0,""user_name"":""그을"",""user_rank"":1409,""user_stage"":200}"
"stage_reached_200 (App)",,,"{""Time"":""2026-04-15 08:42:38"",""UserUUID"":""ac1c4620-33b4-11f1-85b9-ab2d5b8951c2"",""attendanceCount"":7,""attendance_count"":7,""b.diamond"":15513,""b.ruby"":0,""boxAllCount"":2820,""curserver"":2,""equipmentData"":""W:20_0A:19_0"",""install_day"":""2026-04-09"",""totalPayment"":7700,""total_payment_amount"":7700,""user_name"":""한섬"",""user_rank"":1531,""user_stage"":200}"
"stage_reached_200 (App)",,,"{""Time"":""2026-04-15 08:41:50"",""UserUUID"":""0423a480-3324-11f1-acd1-9bfc1fe15df8"",""attendanceCount"":8,""attendance_count"":8,""b.diamond"":243027,""b.ruby"":0,""boxAllCount"":780,""curserver"":2,""equipmentData"":""W:22_0A:19_0"",""install_day"":""2026-04-08"",""totalPayment"":7700,""total_payment_amount"":7700,""user_name"":""송송2"",""user_rank"":1432,""user_stage"":200}"
"stage_reached_200 (App)",,,"{""Time"":""2026-04-15 08:41:03"",""UserUUID"":""25d3ee40-324e-11f1-aeb7-a9da030097bb"",""attendanceCount"":7,""attendance_count"":7,""b.diamond"":15679,""b.ruby"":0,""boxAllCount"":1770,""curserver"":2,""equipmentData"":""W:20_0A:19_0"",""install_day"":""2026-04-07"",""totalPayment"":0,""total_payment_amount"":0,""user_name"":""송오이"",""user_rank"":1389,""user_stage"":200}"
"stage_reached_200 (App)",,,"{""Time"":""2026-04-15 08:35:17"",""UserUUID"":""e0bc1b70-30a4-11f1-b514-b9c4243431b5"",""attendanceCount"":11,""attendance_count"":11,""b.diamond"":64500,""b.ruby"":0,""boxAllCount"":6990,""curserver"":2,""equipmentData"":""W:20_0A:20_0"",""install_day"":""2026-04-05"",""totalPayment"":0,""total_payment_amount"":0,""user_name"":""지비좌"",""user_rank"":1363,""user_stage"":200}"
"stage_reached_200 (App)",,,"{""Time"":""2026-04-15 08:25:09"",""UserUUID"":""a2ca26e0-31a8-11f1-be4f-650a9a348c4b"",""attendanceCount"":10,""attendance_count"":10,""b.diamond"":634646,""b.ruby"":0,""boxAllCount"":2520,""curserver"":2,""equipmentData"":""W:20_0A:19_0"",""install_day"":""2026-04-06"",""totalPayment"":7700,""total_payment_amount"":7700,""user_name"":""아들셋"",""user_rank"":1642,""user_stage"":200}"
"stage_reached_200 (App)",,,"{""Time"":""2026-04-15 08:24:13"",""UserUUID"":""d32b8e50-346e-11f1-8960-09080bfa7600"",""attendanceCount"":6,""attendance_count"":6,""b.diamond"":237209,""b.ruby"":0,""boxAllCount"":4530,""curserver"":2,""equipmentData"":""W:20_0A:19_0"",""install_day"":""2026-04-09"",""totalPayment"":7700,""total_payment_amount"":7700,""user_name"":""현담예"",""user_rank"":1419,""user_stage"":200}"
"stage_reached_200 (App)",,,"{""Time"":""2026-04-15 08:21:57"",""UserUUID"":""c92cdd70-3188-11f1-8ee2-bd2013b6db4f"",""attendanceCount"":10,""attendance_count"":10,""b.diamond"":142780,""b.ruby"":0,""boxAllCount"":6070,""curserver"":2,""equipmentData"":""W:22_0A:20_0"",""install_day"":""2026-04-06"",""totalPayment"":18700,""total_payment_amount"":18700,""user_name"":""감자킹"",""user_rank"":1646,""user_stage"":200}"
"stage_reached_200 (App)",,,"{""Time"":""2026-04-15 08:16:37"",""UserUUID"":""c3a11c80-3544-11f1-a44d-d90c937b5487"",""attendanceCount"":5,""attendance_count"":5,""b.diamond"":46504,""b.ruby"":0,""boxAllCount"":690,""curserver"":2,""equipmentData"":""W:19_0A:19_0"",""install_day"":""2026-04-11"",""totalPayment"":7700,""total_payment_amount"":7700,""user_name"":""하늘건이"",""user_rank"":1372,""user_stage"":200}"
"stage_reached_200 (App)",,,"{""Time"":""2026-04-15 08:14:22"",""UserUUID"":""487ad8e0-327c-11f1-862b-0b3ba8ecfbe1"",""attendanceCount"":9,""attendance_count"":9,""b.diamond"":137451,""b.ruby"":0,""boxAllCount"":4610,""curserver"":2,""equipmentData"":""W:22_0A:19_0"",""install_day"":""2026-04-07"",""totalPayment"":7700,""total_payment_amount"":7700,""user_name"":""김시으니"",""user_rank"":1520,""user_stage"":200}"
"stage_reached_200 (App)",,,"{""Time"":""2026-04-15 08:12:30"",""UserUUID"":""fda8a840-3313-11f1-9aaf-df311b1ec06b"",""attendanceCount"":8,""attendance_count"":8,""b.diamond"":67195,""b.ruby"":0,""boxAllCount"":7500,""curserver"":2,""equipmentData"":""W:23_0A:20_0"",""install_day"":""2026-04-08"",""totalPayment"":0,""total_payment_amount"":0,""user_name"":""오네뜨"",""user_rank"":1899,""user_stage"":200}"
"stage_reached_200 (App)",,,"{""Time"":""2026-04-15 08:02:13"",""UserUUID"":""d95cf880-33fc-11f1-be73-33281134a523"",""attendanceCount"":7,""attendance_count"":7,""b.diamond"":176813,""b.ruby"":0,""boxAllCount"":3690,""curserver"":2,""equipmentData"":""W:22_0A:19_0"",""install_day"":""2026-04-09"",""totalPayment"":0,""total_payment_amount"":0,""user_name"":""호호아"",""user_rank"":1378,""user_stage"":200}"
"stage_reached_200 (App)",,,"{""Time"":""2026-04-15 07:57:11"",""UserUUID"":""0bc5ba50-34a2-11f1-9bb0-4f1e9a02104b"",""attendanceCount"":6,""attendance_count"":6,""b.diamond"":464088,""b.ruby"":0,""boxAllCount"":2760,""curserver"":2,""equipmentData"":""W:23_0A:19_0"",""install_day"":""2026-04-10"",""totalPayment"":7700,""total_payment_amount"":7700,""user_name"":""흑영단주"",""user_rank"":2216,""user_stage"":200}"
"stage_reached_200 (App)",,,"{""Time"":""2026-04-15 07:49:59"",""UserUUID"":""c5146630-3481-11f1-ab68-37a652be419e"",""attendanceCount"":6,""attendance_count"":6,""b.diamond"":4512,""b.ruby"":0,""boxAllCount"":6430,""curserver"":2,""equipmentData"":""W:20_0A:20_0"",""install_day"":""2026-04-10"",""totalPayment"":7700,""total_payment_amount"":7700,""user_name"":""나무사랑"",""user_rank"":1370,""user_stage"":200}"
"stage_reached_200 (App)",,,"{""Time"":""2026-04-15 07:47:17"",""UserUUID"":""74b43770-3403-11f1-be49-b365e9ab40a9"",""attendanceCount"":7,""attendance_count"":7,""b.diamond"":106115,""b.ruby"":0,""boxAllCount"":300,""curserver"":2,""equipmentData"":""W:20_0A:19_0"",""install_day"":""2026-04-09"",""totalPayment"":7700,""total_payment_amount"":7700,""user_name"":""장만푼"",""user_rank"":1451,""user_stage"":200}"
"stage_reached_200 (App)",,,"{""Time"":""2026-04-15 07:46:09"",""UserUUID"":""0812a430-3430-11f1-a077-dff6afa9d381"",""attendanceCount"":6,""attendance_count"":6,""b.diamond"":205480,""b.ruby"":0,""boxAllCount"":840,""curserver"":2,""equipmentData"":""W:21_0A:19_0"",""install_day"":""2026-04-09"",""totalPayment"":18700,""total_payment_amount"":18700,""user_name"":""에스에스클래스"",""user_rank"":1486,""user_stage"":200}"
"stage_reached_200 (App)",,,"{""Time"":""2026-04-15 07:39:00"",""UserUUID"":""c9190e00-302d-11f1-9d8c-ff2a097f6078"",""attendanceCount"":11,""attendance_count"":11,""b.diamond"":437195,""b.ruby"":0,""boxAllCount"":3100,""curserver"":2,""equipmentData"":""W:20_0A:20_0"",""install_day"":""2026-04-04"",""totalPayment"":0,""total_payment_amount"":0,""user_name"":""S흑월S"",""user_rank"":1398,""user_stage"":200}"
"stage_reached_200 (App)",,,"{""Time"":""2026-04-15 07:36:30"",""UserUUID"":""c01dd1b0-350e-11f1-85a8-d536ef8b3d16"",""attendanceCount"":5,""attendance_count"":5,""b.diamond"":32392,""b.ruby"":0,""boxAllCount"":1500,""curserver"":2,""equipmentData"":""W:22_0A:19_0"",""install_day"":""2026-04-10"",""totalPayment"":40700,""total_payment_amount"":40700,""user_name"":""황도원"",""user_rank"":1709,""user_stage"":200}"
"stage_reached_200 (App)",,,"{""Time"":""2026-04-15 07:32:43"",""UserUUID"":""054b72d0-324c-11f1-b273-bf3ce9c9a5aa"",""attendanceCount"":9,""attendance_count"":9,""b.diamond"":536400,""b.ruby"":0,""boxAllCount"":1170,""curserver"":2,""equipmentData"":""W:20_0A:19_0"",""install_day"":""2026-04-07"",""totalPayment"":0,""total_payment_amount"":0,""user_name"":""사서춘향"",""user_rank"":1350,""user_stage"":200}"
"stage_reached_200 (App)",,,"{""Time"":""2026-04-15 07:29:54"",""UserUUID"":""67fc2340-87f5-11f0-ad17-4b3452b0914d"",""attendanceCount"":5,""attendance_count"":5,""b.diamond"":85120,""b.ruby"":0,""boxAllCount"":3330,""curserver"":1,""equipmentData"":""W:22_0A:19_0"",""install_day"":""2025-09-02"",""totalPayment"":25300,""total_payment_amount"":25300,""user_name"":""숲속숫사슴"",""user_rank"":7230,""user_stage"":200}"
"stage_reached_200 (App)",,,"{""Time"":""2026-04-15 07:27:15"",""UserUUID"":""a478ac70-32b4-11f1-8667-15196ccfe901"",""attendanceCount"":8,""attendance_count"":8,""b.diamond"":423167,""b.ruby"":0,""boxAllCount"":6880,""curserver"":2,""equipmentData"":""W:22_0A:20_0"",""install_day"":""2026-04-07"",""totalPayment"":7700,""total_payment_amount"":7700,""user_name"":""현블리21"",""user_rank"":1375,""user_stage"":200}"
"stage_reached_200 (App)",,,"{""Time"":""2026-04-15 07:23:56"",""UserUUID"":""d27ba5e0-33d7-11f1-b629-27bc2f9a5ccc"",""attendanceCount"":7,""attendance_count"":7,""b.diamond"":68500,""b.ruby"":220,""boxAllCount"":530,""curserver"":2,""equipmentData"":""W:20_0A:19_0"",""install_day"":""2026-04-09"",""totalPayment"":44000,""total_payment_amount"":44000,""user_name"":""퐝태"",""user_rank"":1372,""user_stage"":200}"
"stage_reached_200 (App)",,,"{""Time"":""2026-04-15 07:18:05"",""UserUUID"":""76881f40-3362-11f1-96aa-b751c2ce1541"",""attendanceCount"":7,""attendance_count"":7,""b.diamond"":25784,""b.ruby"":0,""boxAllCount"":2070,""curserver"":2,""equipmentData"":""W:21_0A:19_0"",""install_day"":""2026-04-08"",""totalPayment"":8800,""total_payment_amount"":8800,""user_name"":""띠떠띠또"",""user_rank"":1506,""user_stage"":200}"
"stage_reached_200 (App)",,,"{""Time"":""2026-04-15 07:17:26"",""UserUUID"":""0ceaa9a0-33a2-11f1-be8a-1d558a4fe105"",""attendanceCount"":7,""attendance_count"":7,""b.diamond"":78103,""b.ruby"":0,""boxAllCount"":3120,""curserver"":2,""equipmentData"":""W:21_0A:19_0"",""install_day"":""2026-04-08"",""totalPayment"":7700,""total_payment_amount"":7700,""user_name"":""Rots"",""user_rank"":1394,""user_stage"":200}"
"stage_reached_200 (App)",,,"{""Time"":""2026-04-15 07:16:09"",""UserUUID"":""84605260-34eb-11f1-adbe-79e96ed2979d"",""attendanceCount"":6,""attendance_count"":6,""b.diamond"":9388,""b.ruby"":0,""boxAllCount"":3030,""curserver"":2,""equipmentData"":""W:20_0A:19_0"",""install_day"":""2026-04-10"",""totalPayment"":7700,""total_payment_amount"":7700,""user_name"":""Focus"",""user_rank"":1477,""user_stage"":200}"
"stage_reached_200 (App)",,,"{""Time"":""2026-04-15 07:09:37"",""UserUUID"":""9e6fb5d0-356b-11f1-8cf9-41052f55b8b2"",""attendanceCount"":5,""attendance_count"":5,""b.diamond"":175701,""b.ruby"":0,""boxAllCount"":3600,""curserver"":2,""equipmentData"":""W:23_0A:22_0"",""install_day"":""2026-04-11"",""totalPayment"":40700,""total_payment_amount"":40700,""user_name"":""봉자르"",""user_rank"":1622,""user_stage"":200}"
"stage_reached_200 (App)",,,"{""Time"":""2026-04-15 07:08:09"",""UserUUID"":""685c32b0-32dd-11f1-b58e-95a9a495329e"",""attendanceCount"":8,""attendance_count"":8,""b.diamond"":22154,""b.ruby"":0,""boxAllCount"":2580,""curserver"":2,""equipmentData"":""W:20_0A:19_0"",""install_day"":""2026-04-07"",""totalPayment"":0,""total_payment_amount"":0,""user_name"":""고수다"",""user_rank"":1372,""user_stage"":200}"
"stage_reached_200 (App)",,,"{""Time"":""2026-04-15 07:02:02"",""UserUUID"":""ad4a7c70-35a2-11f1-8686-570db8ce17e1"",""attendanceCount"":5,""attendance_count"":5,""b.diamond"":358163,""b.ruby"":440,""boxAllCount"":2190,""curserver"":2,""equipmentData"":""W:23_0A:19_0"",""install_day"":""2026-04-11"",""totalPayment"":40700,""total_payment_amount"":40700,""user_name"":""그라뉼"",""user_rank"":1445,""user_stage"":200}"
"stage_reached_200 (App)",,,"{""Time"":""2026-04-15 06:51:59"",""UserUUID"":""5f1ad720-3354-11f1-95ae-3bed9c2aee9d"",""attendanceCount"":8,""attendance_count"":8,""b.diamond"":45218,""b.ruby"":0,""boxAllCount"":2640,""curserver"":2,""equipmentData"":""W:23_0A:19_0"",""install_day"":""2026-04-08"",""totalPayment"":0,""total_payment_amount"":0,""user_name"":""여고생허벅지"",""user_rank"":1702,""user_stage"":200}"
"stage_reached_200 (App)",,,"{""Time"":""2026-04-15 06:42:05"",""UserUUID"":""511fdcd0-3357-11f1-9eda-7f2e43afd1c4"",""attendanceCount"":7,""attendance_count"":7,""b.diamond"":251903,""b.ruby"":330,""boxAllCount"":2470,""curserver"":2,""equipmentData"":""W:20_0A:19_0"",""install_day"":""2026-04-08"",""totalPayment"":11000,""total_payment_amount"":11000,""user_name"":""하음"",""user_rank"":1389,""user_stage"":200}"
"stage_reached_200 (App)",,,"{""Time"":""2026-04-15 06:40:34"",""UserUUID"":""681adf10-33fd-11f1-813a-898e88ad691b"",""attendanceCount"":7,""attendance_count"":7,""b.diamond"":129353,""b.ruby"":0,""boxAllCount"":6190,""curserver"":2,""equipmentData"":""W:21_0A:20_0"",""install_day"":""2026-04-09"",""totalPayment"":7700,""total_payment_amount"":7700,""user_name"":""Drrr"",""user_rank"":1472,""user_stage"":200}"
"stage_reached_200 (App)",,,"{""Time"":""2026-04-15 06:37:34"",""UserUUID"":""c3bb3d90-32ba-11f1-b7d9-efdf1561da45"",""attendanceCount"":8,""attendance_count"":8,""b.diamond"":248446,""b.ruby"":0,""boxAllCount"":7620,""curserver"":2,""equipmentData"":""W:21_0A:20_0"",""install_day"":""2026-04-07"",""totalPayment"":7700,""total_payment_amount"":7700,""user_name"":""워리어"",""user_rank"":1342,""user_stage"":200}"
"stage_reached_200 (App)",,,"{""Time"":""2026-04-15 06:37:24"",""UserUUID"":""24b69710-33b1-11f1-a341-477c552da4b6"",""attendanceCount"":7,""attendance_count"":7,""b.diamond"":284982,""b.ruby"":0,""boxAllCount"":4030,""curserver"":2,""equipmentData"":""W:20_0A:19_0"",""install_day"":""2026-04-09"",""totalPayment"":0,""total_payment_amount"":0,""user_name"":""땡큐여유"",""user_rank"":1390,""user_stage"":200}"
"stage_reached_200 (App)",,,"{""Time"":""2026-04-15 06:34:29"",""UserUUID"":""b1826980-3320-11f1-93fb-7b97d749c91a"",""attendanceCount"":8,""attendance_count"":8,""b.diamond"":106537,""b.ruby"":0,""boxAllCount"":2790,""curserver"":2,""equipmentData"":""W:20_0A:19_0"",""install_day"":""2026-04-08"",""totalPayment"":7700,""total_payment_amount"":7700,""user_name"":""뽀근"",""user_rank"":1701,""user_stage"":200}"
"stage_reached_200 (App)",,,"{""Time"":""2026-04-15 06:30:04"",""UserUUID"":""3d300cf0-339c-11f1-93bc-47da8d0df80c"",""attendanceCount"":7,""attendance_count"":7,""b.diamond"":236411,""b.ruby"":0,""boxAllCount"":6820,""curserver"":2,""equipmentData"":""W:23_0A:20_0"",""install_day"":""2026-04-08"",""totalPayment"":7700,""total_payment_amount"":7700,""user_name"":""두부박사"",""user_rank"":1357,""user_stage"":200}"
"stage_reached_200 (App)",,,"{""Time"":""2026-04-15 06:24:54"",""UserUUID"":""a0824410-33a8-11f1-9ace-47a7f97e1bcc"",""attendanceCount"":7,""attendance_count"":7,""b.diamond"":172994,""b.ruby"":0,""boxAllCount"":3570,""curserver"":2,""equipmentData"":""W:20_0A:20_0"",""install_day"":""2026-04-09"",""totalPayment"":7700,""total_payment_amount"":7700,""user_name"":""소테르"",""user_rank"":1469,""user_stage"":200}"
"stage_reached_200 (App)",,,"{""Time"":""2026-04-15 06:17:01"",""UserUUID"":""c69adbd0-3394-11f1-8b37-8d783ea110a8"",""attendanceCount"":6,""attendance_count"":6,""b.diamond"":12131,""b.ruby"":0,""boxAllCount"":1650,""curserver"":2,""equipmentData"":""W:19_0A:19_0"",""install_day"":""2026-04-08"",""totalPayment"":7700,""total_payment_amount"":7700,""user_name"":""오봉쓰"",""user_rank"":1387,""user_stage"":200}"
"stage_reached_200 (App)",,,"{""Time"":""2026-04-15 05:55:08"",""UserUUID"":""a068d5b0-2fe4-11f1-b707-756132cfde8f"",""attendanceCount"":12,""attendance_count"":12,""b.diamond"":74281,""b.ruby"":0,""boxAllCount"":4230,""curserver"":2,""equipmentData"":""W:20_0A:21_0"",""install_day"":""2026-04-04"",""totalPayment"":7700,""total_payment_amount"":7700,""user_name"":""문가네"",""user_rank"":1495,""user_stage"":200}"
"stage_reached_200 (App)",,,"{""Time"":""2026-04-15 05:49:14"",""UserUUID"":""aea8b6b0-329e-11f1-b03d-ed408c91c8ac"",""attendanceCount"":8,""attendance_count"":8,""b.diamond"":12598,""b.ruby"":0,""boxAllCount"":1200,""curserver"":2,""equipmentData"":""W:23_0A:19_0"",""install_day"":""2026-04-07"",""totalPayment"":7700,""total_payment_amount"":7700,""user_name"":""호주죠"",""user_rank"":1354,""user_stage"":200}"
"stage_reached_200 (App)",,,"{""Time"":""2026-04-15 05:47:57"",""UserUUID"":""7efb4910-34d2-11f1-baa2-b39b887c8ab0"",""attendanceCount"":6,""attendance_count"":6,""b.diamond"":10249,""b.ruby"":0,""boxAllCount"":630,""curserver"":2,""equipmentData"":""W:18_0A:19_0"",""install_day"":""2026-04-10"",""totalPayment"":7700,""total_payment_amount"":7700,""user_name"":""검성김광택"",""user_rank"":1338,""user_stage"":200}"
"stage_reached_200 (App)",,,"{""Time"":""2026-04-15 05:19:20"",""UserUUID"":""a76b6980-357b-11f1-9442-2b5e367d26d5"",""attendanceCount"":5,""attendance_count"":5,""b.diamond"":41051,""b.ruby"":0,""boxAllCount"":3360,""curserver"":2,""equipmentData"":""W:23_0A:17_0"",""install_day"":""2026-04-11"",""totalPayment"":7700,""total_payment_amount"":7700,""user_name"":""두목씌"",""user_rank"":1361,""user_stage"":200}"
"stage_reached_200 (App)",,,"{""Time"":""2026-04-15 04:41:50"",""UserUUID"":""5adeeb70-3141-11f1-ba8f-a15d3581a620"",""attendanceCount"":10,""attendance_count"":10,""b.diamond"":178377,""b.ruby"":0,""boxAllCount"":2800,""curserver"":2,""equipmentData"":""W:20_0A:19_0"",""install_day"":""2026-04-05"",""totalPayment"":0,""total_payment_amount"":0,""user_name"":""구무신"",""user_rank"":1433,""user_stage"":200}"
"stage_reached_200 (App)",,,"{""Time"":""2026-04-15 04:08:40"",""UserUUID"":""2f2aa190-2f9d-11f1-8ae6-eb51b3282c5d"",""attendanceCount"":10,""attendance_count"":10,""b.diamond"":177350,""b.ruby"":0,""boxAllCount"":2400,""curserver"":2,""equipmentData"":""W:21_0A:19_0"",""install_day"":""2026-04-03"",""totalPayment"":7700,""total_payment_amount"":7700,""user_name"":""딸이"",""user_rank"":1399,""user_stage"":200}"
"stage_reached_200 (App)",,,"{""Time"":""2026-04-15 03:42:18"",""UserUUID"":""8e37e860-31e0-11f1-948c-81fcf21a09ab"",""attendanceCount"":9,""attendance_count"":9,""b.diamond"":62290,""b.ruby"":0,""boxAllCount"":3120,""curserver"":2,""equipmentData"":""W:21_0A:19_0"",""install_day"":""2026-04-06"",""totalPayment"":7700,""total_payment_amount"":7700,""user_name"":""나무나무"",""user_rank"":1567,""user_stage"":200}"
"stage_reached_200 (App)",,,"{""Time"":""2026-04-15 03:35:22"",""UserUUID"":""89615ac0-35a9-11f1-b565-f18417880528"",""attendanceCount"":5,""attendance_count"":5,""b.diamond"":22574,""b.ruby"":0,""boxAllCount"":3840,""curserver"":2,""equipmentData"":""W:23_0A:19_0"",""install_day"":""2026-04-11"",""totalPayment"":0,""total_payment_amount"":0,""user_name"":""브레인"",""user_rank"":1841,""user_stage"":200}"
"stage_reached_200 (App)",,,"{""Time"":""2026-04-15 03:34:18"",""UserUUID"":""66b25f30-331d-11f1-8667-15196ccfe901"",""attendanceCount"":6,""attendance_count"":6,""b.diamond"":20140,""b.ruby"":0,""boxAllCount"":4070,""curserver"":2,""equipmentData"":""W:23_0A:19_0"",""install_day"":""2026-04-08"",""totalPayment"":0,""total_payment_amount"":0,""user_name"":""용구리"",""user_rank"":1564,""user_stage"":200}"
"stage_reached_200 (App)",,,"{""Time"":""2026-04-15 03:18:45"",""UserUUID"":""f1e38a40-32d5-11f1-85bd-3bc826c85aad"",""attendanceCount"":8,""attendance_count"":8,""b.diamond"":103860,""b.ruby"":0,""boxAllCount"":6130,""curserver"":2,""equipmentData"":""W:21_0A:20_0"",""install_day"":""2026-04-07"",""totalPayment"":16500,""total_payment_amount"":16500,""user_name"":""카디안"",""user_rank"":1353,""user_stage"":200}"
"stage_reached_200 (App)",,,"{""Time"":""2026-04-15 03:17:09"",""UserUUID"":""a97c0a20-30d2-11f1-ad8d-1f74661c87fe"",""attendanceCount"":11,""attendance_count"":11,""b.diamond"":520424,""b.ruby"":0,""boxAllCount"":2520,""curserver"":2,""equipmentData"":""W:23_0A:21_0"",""install_day"":""2026-04-05"",""totalPayment"":7700,""total_payment_amount"":7700,""user_name"":""어여쁜천사"",""user_rank"":2129,""user_stage"":200}"
"stage_reached_200 (App)",,,"{""Time"":""2026-04-15 03:14:32"",""UserUUID"":""e03b7a40-31d7-11f1-8ae3-514ae4d9144d"",""attendanceCount"":9,""attendance_count"":9,""b.diamond"":448483,""b.ruby"":0,""boxAllCount"":3390,""curserver"":2,""equipmentData"":""W:20_0A:19_0"",""install_day"":""2026-04-06"",""totalPayment"":7700,""total_payment_amount"":7700,""user_name"":""참새1"",""user_rank"":1353,""user_stage"":200}"
"stage_reached_200 (App)",,,"{""Time"":""2026-04-15 03:07:41"",""UserUUID"":""9b591250-300d-11f1-bfb5-5b9d30693bdd"",""attendanceCount"":9,""attendance_count"":9,""b.diamond"":28567,""b.ruby"":0,""boxAllCount"":1080,""curserver"":2,""equipmentData"":""W:21_0A:19_0"",""install_day"":""2026-04-04"",""totalPayment"":7700,""total_payment_amount"":7700,""user_name"":""지축이무기"",""user_rank"":1456,""user_stage"":200}"
"stage_reached_200 (App)",,,"{""Time"":""2026-04-15 02:46:16"",""UserUUID"":""fde6c4b0-32fd-11f1-88b1-5306f391e077"",""attendanceCount"":8,""attendance_count"":8,""b.diamond"":111251,""b.ruby"":0,""boxAllCount"":2550,""curserver"":2,""equipmentData"":""W:20_0A:19_0"",""install_day"":""2026-04-08"",""totalPayment"":0,""total_payment_amount"":0,""user_name"":""밤세표류기"",""user_rank"":1641,""user_stage"":200}"
"stage_reached_200 (App)",,,"{""Time"":""2026-04-15 02:41:06"",""UserUUID"":""69d05110-2f38-11f1-ae9c-b36c264ff3b4"",""attendanceCount"":12,""attendance_count"":12,""b.diamond"":4278,""b.ruby"":0,""boxAllCount"":6130,""curserver"":2,""equipmentData"":""W:21_0A:20_0"",""install_day"":""2026-04-03"",""totalPayment"":0,""total_payment_amount"":0,""user_name"":""전설의사나이"",""user_rank"":1675,""user_stage"":200}"
"stage_reached_200 (App)",,,"{""Time"":""2026-04-15 02:38:20"",""UserUUID"":""dc5480a0-348b-11f1-8e50-ef04b582071d"",""attendanceCount"":6,""attendance_count"":6,""b.diamond"":19431,""b.ruby"":0,""boxAllCount"":630,""curserver"":2,""equipmentData"":""W:18_0A:19_0"",""install_day"":""2026-04-10"",""totalPayment"":7700,""total_payment_amount"":7700,""user_name"":""띵띙띵띙"",""user_rank"":1596,""user_stage"":200}"
"stage_reached_200 (App)",,,"{""Time"":""2026-04-15 02:33:19"",""UserUUID"":""25e713c0-3551-11f1-8686-570db8ce17e1"",""attendanceCount"":5,""attendance_count"":5,""b.diamond"":2566,""b.ruby"":0,""boxAllCount"":990,""curserver"":2,""equipmentData"":""W:20_0A:19_0"",""install_day"":""2026-04-11"",""totalPayment"":0,""total_payment_amount"":0,""user_name"":""오복미역"",""user_rank"":1348,""user_stage"":200}"
"stage_reached_200 (App)",,,"{""Time"":""2026-04-15 02:32:41"",""UserUUID"":""98ce0da0-2f3c-11f1-b97b-5f5c83308308"",""attendanceCount"":12,""attendance_count"":12,""b.diamond"":61277,""b.ruby"":0,""boxAllCount"":2010,""curserver"":2,""equipmentData"":""W:20_0A:19_0"",""install_day"":""2026-04-03"",""totalPayment"":0,""total_payment_amount"":0,""user_name"":""몽다"",""user_rank"":1323,""user_stage"":200}"
"stage_reached_200 (App)",,,"{""Time"":""2026-04-15 02:28:41"",""UserUUID"":""0c16a110-3400-11f1-b44b-d12bc0e06aa8"",""attendanceCount"":7,""attendance_count"":7,""b.diamond"":9069,""b.ruby"":0,""boxAllCount"":2760,""curserver"":2,""equipmentData"":""W:21_0A:19_0"",""install_day"":""2026-04-09"",""totalPayment"":7700,""total_payment_amount"":7700,""user_name"":""태경컴퍼니"",""user_rank"":1406,""user_stage"":200}"
"stage_reached_200 (App)",,,"{""Time"":""2026-04-15 02:19:07"",""UserUUID"":""ea391d20-31b1-11f1-8ae3-514ae4d9144d"",""attendanceCount"":10,""attendance_count"":10,""b.diamond"":204846,""b.ruby"":0,""boxAllCount"":510,""curserver"":2,""equipmentData"":""W:21_0A:19_0"",""install_day"":""2026-04-06"",""totalPayment"":7700,""total_payment_amount"":7700,""user_name"":""호카료"",""user_rank"":1677,""user_stage"":200}"
"stage_reached_200 (App)",,,"{""Time"":""2026-04-15 02:15:09"",""UserUUID"":""50f1a1c0-34d4-11f1-9dda-85d742f0fe6f"",""attendanceCount"":6,""attendance_count"":6,""b.diamond"":44122,""b.ruby"":0,""boxAllCount"":1260,""curserver"":2,""equipmentData"":""W:19_0A:19_0"",""install_day"":""2026-04-10"",""totalPayment"":0,""total_payment_amount"":0,""user_name"":""uity"",""user_rank"":1743,""user_stage"":200}"
"stage_reached_200 (App)",,,"{""Time"":""2026-04-15 02:10:26"",""UserUUID"":""531e9f70-3259-11f1-9f5b-c565869b1ef1"",""attendanceCount"":8,""attendance_count"":8,""b.diamond"":267699,""b.ruby"":0,""boxAllCount"":2250,""curserver"":2,""equipmentData"":""W:20_0A:19_0"",""install_day"":""2026-04-07"",""totalPayment"":7700,""total_payment_amount"":7700,""user_name"":""잼인"",""user_rank"":1332,""user_stage"":200}"
"stage_reached_200 (App)",,,"{""Time"":""2026-04-15 02:04:26"",""UserUUID"":""c425fab0-33d5-11f1-9b1f-a727f04196b4"",""attendanceCount"":7,""attendance_count"":7,""b.diamond"":65774,""b.ruby"":0,""boxAllCount"":3840,""curserver"":2,""equipmentData"":""W:21_0A:22_0"",""install_day"":""2026-04-09"",""totalPayment"":27500,""total_payment_amount"":27500,""user_name"":""아풍"",""user_rank"":1333,""user_stage"":200}"
"stage_reached_200 (App)",,,"{""Time"":""2026-04-15 02:02:15"",""UserUUID"":""b65651f0-33df-11f1-b629-27bc2f9a5ccc"",""attendanceCount"":7,""attendance_count"":7,""b.diamond"":141614,""b.ruby"":0,""boxAllCount"":1410,""curserver"":2,""equipmentData"":""W:22_0A:19_0"",""install_day"":""2026-04-09"",""totalPayment"":7700,""total_payment_amount"":7700,""user_name"":""15지누"",""user_rank"":1345,""user_stage"":200}"
"stage_reached_200 (App)",,,"{""Time"":""2026-04-15 01:56:23"",""UserUUID"":""06cf4970-3359-11f1-ad26-918d01757ce7"",""attendanceCount"":6,""attendance_count"":6,""b.diamond"":3842,""b.ruby"":0,""boxAllCount"":6320,""curserver"":2,""equipmentData"":""W:21_0A:20_0"",""install_day"":""2026-04-08"",""totalPayment"":7700,""total_payment_amount"":7700,""user_name"":""노체"",""user_rank"":1342,""user_stage"":200}"
"stage_reached_200 (App)",,,"{""Time"":""2026-04-15 01:56:09"",""UserUUID"":""7e1c8db0-3365-11f1-8098-a908c1b76340"",""attendanceCount"":7,""attendance_count"":7,""b.diamond"":32863,""b.ruby"":0,""boxAllCount"":1240,""curserver"":2,""equipmentData"":""W:20_0A:19_0"",""install_day"":""2026-04-08"",""totalPayment"":7700,""total_payment_amount"":7700,""user_name"":""1245so"",""user_rank"":1342,""user_stage"":200}"
"stage_reached_200 (App)",,,"{""Time"":""2026-04-15 01:52:54"",""UserUUID"":""e35e8130-3250-11f1-8e99-e3f6968f6778"",""attendanceCount"":9,""attendance_count"":9,""b.diamond"":11684,""b.ruby"":0,""boxAllCount"":4200,""curserver"":2,""equipmentData"":""W:22_0A:20_0"",""install_day"":""2026-04-07"",""totalPayment"":0,""total_payment_amount"":0,""user_name"":""시린잎"",""user_rank"":1336,""user_stage"":200}"
"stage_reached_200 (App)",,,"{""Time"":""2026-04-15 01:51:35"",""UserUUID"":""d8454e40-324c-11f1-aceb-cdb128d1366a"",""attendanceCount"":9,""attendance_count"":9,""b.diamond"":6098,""b.ruby"":0,""boxAllCount"":510,""curserver"":2,""equipmentData"":""W:20_0A:19_0"",""install_day"":""2026-04-07"",""totalPayment"":0,""total_payment_amount"":0,""user_name"":""사방신"",""user_rank"":1333,""user_stage"":200}"
"stage_reached_200 (App)",,,"{""Time"":""2026-04-15 01:50:09"",""UserUUID"":""570c9ad0-33bf-11f1-b98d-050952405a27"",""attendanceCount"":7,""attendance_count"":7,""b.diamond"":135677,""b.ruby"":0,""boxAllCount"":1720,""curserver"":2,""equipmentData"":""W:20_0A:19_0"",""install_day"":""2026-04-09"",""totalPayment"":0,""total_payment_amount"":0,""user_name"":""얀손"",""user_rank"":1359,""user_stage"":200}"
"stage_reached_200 (App)",,,"{""Time"":""2026-04-15 01:50:15"",""UserUUID"":""0391e240-3589-11f1-9cf9-bb682b664da8"",""attendanceCount"":5,""attendance_count"":5,""b.diamond"":74539,""b.ruby"":0,""boxAllCount"":1600,""curserver"":2,""equipmentData"":""W:20_0A:19_0"",""install_day"":""2026-04-11"",""totalPayment"":12100,""total_payment_amount"":12100,""user_name"":""솜부기"",""user_rank"":1337,""user_stage"":200}"
"stage_reached_200 (App)",,,"{""Time"":""2026-04-15 01:49:14"",""UserUUID"":""3ef6ace0-3380-11f1-8098-a908c1b76340"",""attendanceCount"":7,""attendance_count"":7,""b.diamond"":4013,""b.ruby"":0,""boxAllCount"":1050,""curserver"":2,""equipmentData"":""W:20_0A:19_0"",""install_day"":""2026-04-08"",""totalPayment"":0,""total_payment_amount"":0,""user_name"":""깡담비"",""user_rank"":1406,""user_stage"":200}"
"stage_reached_200 (App)",,,"{""Time"":""2026-04-15 01:46:34"",""UserUUID"":""6f44d7c0-3293-11f1-857d-231acdbd9392"",""attendanceCount"":8,""attendance_count"":8,""b.diamond"":129524,""b.ruby"":0,""boxAllCount"":4050,""curserver"":2,""equipmentData"":""W:21_0A:20_0"",""install_day"":""2026-04-07"",""totalPayment"":7700,""total_payment_amount"":7700,""user_name"":""Aserig"",""user_rank"":1352,""user_stage"":200}"
"stage_reached_200 (App)",,,"{""Time"":""2026-04-15 01:34:33"",""UserUUID"":""e46091d0-3517-11f1-b0f4-ad556684d183"",""attendanceCount"":5,""attendance_count"":5,""b.diamond"":16857,""b.ruby"":0,""boxAllCount"":3580,""curserver"":2,""equipmentData"":""W:22_0A:19_0"",""install_day"":""2026-04-10"",""totalPayment"":7700,""total_payment_amount"":7700,""user_name"":""식은얼"",""user_rank"":1618,""user_stage"":200}"
"stage_reached_200 (App)",,,"{""Time"":""2026-04-15 01:33:13"",""UserUUID"":""340c66a0-33d3-11f1-9b42-b3db23a875b4"",""attendanceCount"":7,""attendance_count"":7,""b.diamond"":44640,""b.ruby"":0,""boxAllCount"":2640,""curserver"":2,""equipmentData"":""W:21_0A:19_0"",""install_day"":""2026-04-09"",""totalPayment"":7700,""total_payment_amount"":7700,""user_name"":""청명76"",""user_rank"":1401,""user_stage"":200}"
"stage_reached_200 (App)",,,"{""Time"":""2026-04-15 01:32:50"",""UserUUID"":""f5ed75d0-323d-11f1-a446-374a26f4f3cb"",""attendanceCount"":9,""attendance_count"":9,""b.diamond"":18491,""b.ruby"":0,""boxAllCount"":4630,""curserver"":2,""equipmentData"":""W:23_0A:21_0"",""install_day"":""2026-04-07"",""totalPayment"":7700,""total_payment_amount"":7700,""user_name"":""동이ldh"",""user_rank"":1619,""user_stage"":200}"
"stage_reached_200 (App)",,,"{""Time"":""2026-04-15 01:31:58"",""UserUUID"":""26f4ea20-3629-11f1-a9dd-d78e114a423b"",""attendanceCount"":4,""attendance_count"":4,""b.diamond"":12293,""b.ruby"":0,""boxAllCount"":1020,""curserver"":2,""equipmentData"":""W:21_0A:17_0"",""install_day"":""2026-04-12"",""totalPayment"":31900,""total_payment_amount"":31900,""user_name"":""대치동피카츄"",""user_rank"":1352,""user_stage"":200}"
"stage_reached_200 (App)",,,"{""Time"":""2026-04-15 01:25:55"",""UserUUID"":""347949b0-367a-11f1-bd4c-3d6fb1ce414b"",""attendanceCount"":4,""attendance_count"":4,""b.diamond"":45374,""b.ruby"":0,""boxAllCount"":7120,""curserver"":2,""equipmentData"":""W:20_0A:20_0"",""install_day"":""2026-04-12"",""totalPayment"":91300,""total_payment_amount"":91300,""user_name"":""검종"",""user_rank"":1364,""user_stage"":200}"
"stage_reached_200 (App)",,,"{""Time"":""2026-04-15 01:20:48"",""UserUUID"":""15e6ad10-3352-11f1-a59b-7f5f04c44d59"",""attendanceCount"":8,""attendance_count"":8,""b.diamond"":128990,""b.ruby"":0,""boxAllCount"":4480,""curserver"":2,""equipmentData"":""W:23_0A:19_0"",""install_day"":""2026-04-08"",""totalPayment"":7700,""total_payment_amount"":7700,""user_name"":""황예지"",""user_rank"":1401,""user_stage"":200}"
"stage_reached_200 (App)",,,"{""Time"":""2026-04-15 01:14:02"",""UserUUID"":""51646a60-341c-11f1-b84c-81ad99bcaaaf"",""attendanceCount"":7,""attendance_count"":7,""b.diamond"":112738,""b.ruby"":0,""boxAllCount"":9470,""curserver"":2,""equipmentData"":""W:22_0A:20_0"",""install_day"":""2026-04-09"",""totalPayment"":7700,""total_payment_amount"":7700,""user_name"":""곽영수영수"",""user_rank"":1300,""user_stage"":200}"
"stage_reached_200 (App)",,,"{""Time"":""2026-04-15 01:13:54"",""UserUUID"":""55c1db60-324b-11f1-a7b8-bfafdaeea6fc"",""attendanceCount"":8,""attendance_count"":8,""b.diamond"":4356,""b.ruby"":0,""boxAllCount"":1890,""curserver"":2,""equipmentData"":""W:19_0A:19_0"",""install_day"":""2026-04-07"",""totalPayment"":7700,""total_payment_amount"":7700,""user_name"":""은비니"",""user_rank"":1344,""user_stage"":200}"
"stage_reached_200 (App)",,,"{""Time"":""2026-04-15 01:11:58"",""UserUUID"":""002acaf0-33f3-11f1-825f-83a4f6bdb123"",""attendanceCount"":7,""attendance_count"":7,""b.diamond"":8987,""b.ruby"":0,""boxAllCount"":3420,""curserver"":2,""equipmentData"":""W:23_0A:19_0"",""install_day"":""2026-04-09"",""totalPayment"":29700,""total_payment_amount"":29700,""user_name"":""감즈아"",""user_rank"":1728,""user_stage"":200}"
"stage_reached_200 (App)",,,"{""Time"":""2026-04-15 01:11:46"",""UserUUID"":""56838550-341a-11f1-b3d2-d1d5fd98a6b7"",""attendanceCount"":7,""attendance_count"":7,""b.diamond"":27775,""b.ruby"":0,""boxAllCount"":3570,""curserver"":2,""equipmentData"":""W:21_0A:22_0"",""install_day"":""2026-04-09"",""totalPayment"":7700,""total_payment_amount"":7700,""user_name"":""요피"",""user_rank"":1431,""user_stage"":200}"
"stage_reached_200 (App)",,,"{""Time"":""2026-04-15 01:10:51"",""UserUUID"":""20fdaf20-3661-11f1-89b6-c51c110b8e98"",""attendanceCount"":4,""attendance_count"":4,""b.diamond"":11308,""b.ruby"":0,""boxAllCount"":3360,""curserver"":2,""equipmentData"":""W:22_0A:18_0"",""install_day"":""2026-04-12"",""totalPayment"":7700,""total_payment_amount"":7700,""user_name"":""천양"",""user_rank"":1298,""user_stage"":200}"
"stage_reached_200 (App)",,,"{""Time"":""2026-04-15 01:09:33"",""UserUUID"":""c2aa3470-34b7-11f1-9100-2d256e0e1e53"",""attendanceCount"":6,""attendance_count"":6,""b.diamond"":204324,""b.ruby"":0,""boxAllCount"":6160,""curserver"":2,""equipmentData"":""W:23_0A:19_0"",""install_day"":""2026-04-10"",""totalPayment"":7700,""total_payment_amount"":7700,""user_name"":""컬이"",""user_rank"":1383,""user_stage"":200}"
"stage_reached_200 (App)",,,"{""Time"":""2026-04-15 01:05:24"",""UserUUID"":""d7945090-3477-11f1-b427-035f61cb0ec3"",""attendanceCount"":6,""attendance_count"":6,""b.diamond"":228334,""b.ruby"":0,""boxAllCount"":1290,""curserver"":2,""equipmentData"":""W:20_0A:19_0"",""install_day"":""2026-04-10"",""totalPayment"":62700,""total_payment_amount"":62700,""user_name"":""김대위"",""user_rank"":1361,""user_stage"":200}"
"stage_reached_200 (App)",,,"{""Time"":""2026-04-15 01:03:53"",""UserUUID"":""4cffa7b0-347f-11f1-88e2-e3a1caff33e5"",""attendanceCount"":6,""attendance_count"":6,""b.diamond"":207848,""b.ruby"":0,""boxAllCount"":6170,""curserver"":2,""equipmentData"":""W:23_0A:20_0"",""install_day"":""2026-04-10"",""totalPayment"":7700,""total_payment_amount"":7700,""user_name"":""한국사맛터"",""user_rank"":1608,""user_stage"":200}"
"stage_reached_200 (App)",,,"{""Time"":""2026-04-15 01:03:03"",""UserUUID"":""b6fac090-33e5-11f1-9ba4-41b889f804ba"",""attendanceCount"":7,""attendance_count"":7,""b.diamond"":10097,""b.ruby"":0,""boxAllCount"":2620,""curserver"":2,""equipmentData"":""W:20_0A:19_0"",""install_day"":""2026-04-09"",""totalPayment"":7700,""total_payment_amount"":7700,""user_name"":""감자햄스터"",""user_rank"":1361,""user_stage"":200}"
"stage_reached_200 (App)",,,"{""Time"":""2026-04-15 00:57:14"",""UserUUID"":""d02076e0-3800-11f1-991b-a980a374b8de"",""attendanceCount"":2,""attendance_count"":2,""b.diamond"":85490,""b.ruby"":2860,""boxAllCount"":3850,""curserver"":2,""equipmentData"":""W:21_0A:19_0"",""install_day"":""2026-04-14"",""totalPayment"":227700,""total_payment_amount"":227700,""user_name"":""혜수"",""user_rank"":1378,""user_stage"":200}"
"stage_reached_200 (App)",,,"{""Time"":""2026-04-15 00:56:10"",""UserUUID"":""20cedfb0-342c-11f1-b2d3-a31b1aab892e"",""attendanceCount"":6,""attendance_count"":6,""b.diamond"":57846,""b.ruby"":0,""boxAllCount"":2580,""curserver"":2,""equipmentData"":""W:20_0A:19_0"",""install_day"":""2026-04-09"",""totalPayment"":7700,""total_payment_amount"":7700,""user_name"":""탈모왕"",""user_rank"":1499,""user_stage"":200}"
"stage_reached_200 (App)",,,"{""Time"":""2026-04-15 00:53:12"",""UserUUID"":""8f61bab0-35b7-11f1-9775-07233b8cfa6c"",""attendanceCount"":4,""attendance_count"":4,""b.diamond"":44741,""b.ruby"":330,""boxAllCount"":720,""curserver"":2,""equipmentData"":""W:19_0A:16_0"",""install_day"":""2026-04-11"",""totalPayment"":11000,""total_payment_amount"":11000,""user_name"":""성남"",""user_rank"":1650,""user_stage"":200}"
"stage_reached_200 (App)",,,"{""Time"":""2026-04-15 00:52:48"",""UserUUID"":""f6f78d50-3141-11f1-812b-d7b2ced86aeb"",""attendanceCount"":10,""attendance_count"":10,""b.diamond"":139342,""b.ruby"":0,""boxAllCount"":2040,""curserver"":2,""equipmentData"":""W:21_0A:19_0"",""install_day"":""2026-04-05"",""totalPayment"":7700,""total_payment_amount"":7700,""user_name"":""뚝장군"",""user_rank"":1288,""user_stage"":200}"
"stage_reached_200 (App)",,,"{""Time"":""2026-04-15 00:52:40"",""UserUUID"":""c1670c60-30a1-11f1-bdc9-d53faa467de4"",""attendanceCount"":9,""attendance_count"":9,""b.diamond"":11390,""b.ruby"":0,""boxAllCount"":6040,""curserver"":2,""equipmentData"":""W:22_0A:20_0"",""install_day"":""2026-04-05"",""totalPayment"":0,""total_payment_amount"":0,""user_name"":""짛홎"",""user_rank"":1319,""user_stage"":200}"
"stage_reached_200 (App)",,,"{""Time"":""2026-04-15 00:52:18"",""UserUUID"":""f92ca810-33fa-11f1-813a-898e88ad691b"",""attendanceCount"":7,""attendance_count"":7,""b.diamond"":7959,""b.ruby"":0,""boxAllCount"":3180,""curserver"":2,""equipmentData"":""W:20_0A:19_0"",""install_day"":""2026-04-09"",""totalPayment"":0,""total_payment_amount"":0,""user_name"":""ZI존현우"",""user_rank"":1338,""user_stage"":200}"
"stage_reached_200 (App)",,,"{""Time"":""2026-04-15 00:49:59"",""UserUUID"":""8fbb0bf0-319e-11f1-88dc-997862869414"",""attendanceCount"":10,""attendance_count"":10,""b.diamond"":213914,""b.ruby"":0,""boxAllCount"":1090,""curserver"":2,""equipmentData"":""W:21_0A:19_0"",""install_day"":""2026-04-06"",""totalPayment"":29700,""total_payment_amount"":29700,""user_name"":""데이미언"",""user_rank"":1565,""user_stage"":200}"
"stage_reached_200 (App)",,,"{""Time"":""2026-04-15 00:49:59"",""UserUUID"":""5a4e4650-3485-11f1-a0e3-0f1e6e8af4cd"",""attendanceCount"":6,""attendance_count"":6,""b.diamond"":154304,""b.ruby"":0,""boxAllCount"":5020,""curserver"":2,""equipmentData"":""W:22_0A:19_0"",""install_day"":""2026-04-10"",""totalPayment"":18700,""total_payment_amount"":18700,""user_name"":""유니유닝"",""user_rank"":1317,""user_stage"":200}"
"stage_reached_200 (App)",,,"{""Time"":""2026-04-15 00:46:10"",""UserUUID"":""b3c60210-328a-11f1-857d-231acdbd9392"",""attendanceCount"":9,""attendance_count"":9,""b.diamond"":11046,""b.ruby"":0,""boxAllCount"":2580,""curserver"":2,""equipmentData"":""W:20_0A:19_0"",""install_day"":""2026-04-07"",""totalPayment"":7700,""total_payment_amount"":7700,""user_name"":""하관무너진사람"",""user_rank"":1336,""user_stage"":200}"
"stage_reached_200 (App)",,,"{""Time"":""2026-04-15 00:45:41"",""UserUUID"":""12dbd020-3328-11f1-9806-ed7cb5289502"",""attendanceCount"":8,""attendance_count"":8,""b.diamond"":4991,""b.ruby"":0,""boxAllCount"":2790,""curserver"":2,""equipmentData"":""W:21_0A:19_0"",""install_day"":""2026-04-08"",""totalPayment"":7700,""total_payment_amount"":7700,""user_name"":""구깡이"",""user_rank"":1450,""user_stage"":200}"
"stage_reached_200 (App)",,,"{""Time"":""2026-04-15 00:42:58"",""UserUUID"":""488a4e10-3380-11f1-8098-a908c1b76340"",""attendanceCount"":7,""attendance_count"":7,""b.diamond"":189599,""b.ruby"":0,""boxAllCount"":2520,""curserver"":2,""equipmentData"":""W:20_0A:19_0"",""install_day"":""2026-04-08"",""totalPayment"":26400,""total_payment_amount"":26400,""user_name"":""뚝이12"",""user_rank"":1641,""user_stage"":200}"
"stage_reached_200 (App)",,,"{""Time"":""2026-04-15 00:41:13"",""UserUUID"":""3a36b7d0-3354-11f1-880c-d120064bd46c"",""attendanceCount"":8,""attendance_count"":8,""b.diamond"":234280,""b.ruby"":0,""boxAllCount"":1290,""curserver"":2,""equipmentData"":""W:20_0A:19_0"",""install_day"":""2026-04-08"",""totalPayment"":7700,""total_payment_amount"":7700,""user_name"":""권다피"",""user_rank"":1607,""user_stage"":200}"
"stage_reached_200 (App)",,,"{""Time"":""2026-04-15 00:39:19"",""UserUUID"":""ae2588e0-354f-11f1-b7b5-b952d6bb6906"",""attendanceCount"":5,""attendance_count"":5,""b.diamond"":10044,""b.ruby"":0,""boxAllCount"":6010,""curserver"":2,""equipmentData"":""W:20_0A:20_0"",""install_day"":""2026-04-11"",""totalPayment"":28600,""total_payment_amount"":28600,""user_name"":""박뿡"",""user_rank"":1389,""user_stage"":200}"
"stage_reached_200 (App)",,,"{""Time"":""2026-04-15 00:36:48"",""UserUUID"":""2a4ac360-354e-11f1-a3c4-d5c5a1e6409a"",""attendanceCount"":5,""attendance_count"":5,""b.diamond"":1277,""b.ruby"":0,""boxAllCount"":390,""curserver"":2,""equipmentData"":""W:19_0A:19_0"",""install_day"":""2026-04-11"",""totalPayment"":7700,""total_payment_amount"":7700,""user_name"":""구름갱얼쥐"",""user_rank"":1293,""user_stage"":200}"
"stage_reached_200 (App)",,,"{""Time"":""2026-04-15 00:36:58"",""UserUUID"":""780ec900-2c40-11f1-8e66-47b5455d1c00"",""attendanceCount"":16,""attendance_count"":16,""b.diamond"":8664,""b.ruby"":0,""boxAllCount"":5180,""curserver"":1,""equipmentData"":""W:21_0A:19_0"",""install_day"":""2026-03-30"",""totalPayment"":0,""total_payment_amount"":0,""user_name"":""전륜성왕"",""user_rank"":7174,""user_stage"":200}"
"stage_reached_200 (App)",,,"{""Time"":""2026-04-15 00:35:37"",""UserUUID"":""e4b4c260-3732-11f1-b60c-7992dd0cb8c4"",""attendanceCount"":3,""attendance_count"":3,""b.diamond"":46566,""b.ruby"":0,""boxAllCount"":3000,""curserver"":2,""equipmentData"":""W:22_0A:22_0"",""install_day"":""2026-04-13"",""totalPayment"":7700,""total_payment_amount"":7700,""user_name"":""염라대완"",""user_rank"":1290,""user_stage"":200}"
"stage_reached_200 (App)",,,"{""Time"":""2026-04-15 00:33:30"",""UserUUID"":""17d89ed0-329e-11f1-bbbd-316b8ef824a4"",""attendanceCount"":4,""attendance_count"":4,""b.diamond"":4523,""b.ruby"":0,""boxAllCount"":1510,""curserver"":2,""equipmentData"":""W:20_0A:18_0"",""install_day"":""2026-04-07"",""totalPayment"":66000,""total_payment_amount"":66000,""user_name"":""난세표류기운영자"",""user_rank"":1290,""user_stage"":200}"
"stage_reached_200 (App)",,,"{""Time"":""2026-04-15 00:32:31"",""UserUUID"":""e555f270-3363-11f1-921a-afb4c43fa6db"",""attendanceCount"":6,""attendance_count"":6,""b.diamond"":61863,""b.ruby"":0,""boxAllCount"":7850,""curserver"":2,""equipmentData"":""W:23_0A:21_0"",""install_day"":""2026-04-08"",""totalPayment"":7700,""total_payment_amount"":7700,""user_name"":""왕궁댕"",""user_rank"":1848,""user_stage"":200}"
"stage_reached_200 (App)",,,"{""Time"":""2026-04-15 00:32:00"",""UserUUID"":""15b48d90-3423-11f1-b84c-81ad99bcaaaf"",""attendanceCount"":7,""attendance_count"":7,""b.diamond"":77700,""b.ruby"":0,""boxAllCount"":640,""curserver"":2,""equipmentData"":""W:20_0A:19_0"",""install_day"":""2026-04-09"",""totalPayment"":0,""total_payment_amount"":0,""user_name"":""다이돌핀"",""user_rank"":1752,""user_stage"":200}"
"stage_reached_200 (App)",,,"{""Time"":""2026-04-15 00:26:46"",""UserUUID"":""fbc8c5c0-34b5-11f1-9afb-c1371f300a4f"",""attendanceCount"":6,""attendance_count"":6,""b.diamond"":25960,""b.ruby"":0,""boxAllCount"":1050,""curserver"":2,""equipmentData"":""W:21_0A:19_0"",""install_day"":""2026-04-10"",""totalPayment"":7700,""total_payment_amount"":7700,""user_name"":""순색"",""user_rank"":1310,""user_stage"":200}"
"stage_reached_200 (App)",,,"{""Time"":""2026-04-15 00:26:24"",""UserUUID"":""e9b7cef0-3571-11f1-8278-8d3201a49fa0"",""attendanceCount"":5,""attendance_count"":5,""b.diamond"":50631,""b.ruby"":0,""boxAllCount"":2560,""curserver"":2,""equipmentData"":""W:19_0A:20_0"",""install_day"":""2026-04-11"",""totalPayment"":7700,""total_payment_amount"":7700,""user_name"":""용내"",""user_rank"":1324,""user_stage"":200}"
"stage_reached_200 (App)",,,"{""Time"":""2026-04-15 00:25:01"",""UserUUID"":""c3806440-3477-11f1-83f7-9b1fb19f6d42"",""attendanceCount"":6,""attendance_count"":6,""b.diamond"":19389,""b.ruby"":0,""boxAllCount"":2610,""curserver"":2,""equipmentData"":""W:21_0A:22_0"",""install_day"":""2026-04-10"",""totalPayment"":18700,""total_payment_amount"":18700,""user_name"":""찢재명화형"",""user_rank"":1415,""user_stage"":200}"
"stage_reached_200 (App)",,,"{""Time"":""2026-04-15 00:24:12"",""UserUUID"":""f4952df0-339f-11f1-8650-2d560b8776a8"",""attendanceCount"":7,""attendance_count"":7,""b.diamond"":210484,""b.ruby"":0,""boxAllCount"":4840,""curserver"":2,""equipmentData"":""W:20_0A:19_0"",""install_day"":""2026-04-08"",""totalPayment"":62700,""total_payment_amount"":62700,""user_name"":""츄리나"",""user_rank"":1447,""user_stage"":200}"
"stage_reached_200 (App)",,,"{""Time"":""2026-04-15 00:23:11"",""UserUUID"":""1044d810-3419-11f1-a793-c782112182ad"",""attendanceCount"":6,""attendance_count"":6,""b.diamond"":16727,""b.ruby"":0,""boxAllCount"":6400,""curserver"":2,""equipmentData"":""W:21_0A:20_0"",""install_day"":""2026-04-09"",""totalPayment"":11000,""total_payment_amount"":11000,""user_name"":""얼렁뚱땅땅"",""user_rank"":1383,""user_stage"":200}"
"stage_reached_200 (App)",,,"{""Time"":""2026-04-15 00:23:07"",""UserUUID"":""882a2ee0-342b-11f1-b578-8f3c9abbaf44"",""attendanceCount"":6,""attendance_count"":6,""b.diamond"":1093,""b.ruby"":0,""boxAllCount"":5270,""curserver"":2,""equipmentData"":""W:22_0A:20_0"",""install_day"":""2026-04-09"",""totalPayment"":7700,""total_payment_amount"":7700,""user_name"":""우륵"",""user_rank"":1383,""user_stage"":200}"
"stage_reached_200 (App)",,,"{""Time"":""2026-04-15 00:21:33"",""UserUUID"":""d2086ee0-341d-11f1-8700-3d597a63aa6c"",""attendanceCount"":7,""attendance_count"":7,""b.diamond"":104828,""b.ruby"":0,""boxAllCount"":6730,""curserver"":2,""equipmentData"":""W:20_0A:20_0"",""install_day"":""2026-04-09"",""totalPayment"":7700,""total_payment_amount"":7700,""user_name"":""둥카"",""user_rank"":1367,""user_stage"":200}"
"stage_reached_200 (App)",,,"{""Time"":""2026-04-15 00:13:59"",""UserUUID"":""8acdf780-2f71-11f1-a444-811d0d391c48"",""attendanceCount"":12,""attendance_count"":12,""b.diamond"":70519,""b.ruby"":0,""boxAllCount"":4470,""curserver"":2,""equipmentData"":""W:21_0A:21_0"",""install_day"":""2026-04-03"",""totalPayment"":0,""total_payment_amount"":0,""user_name"":""깅낑"",""user_rank"":1557,""user_stage"":200}"
"stage_reached_200 (App)",,,"{""Time"":""2026-04-15 00:11:48"",""UserUUID"":""903ca130-33d1-11f1-be09-a76393cf8804"",""attendanceCount"":7,""attendance_count"":7,""b.diamond"":49089,""b.ruby"":0,""boxAllCount"":6160,""curserver"":2,""equipmentData"":""W:20_0A:20_0"",""install_day"":""2026-04-09"",""totalPayment"":7700,""total_payment_amount"":7700,""user_name"":""이자"",""user_rank"":1304,""user_stage"":200}"
"stage_reached_200 (App)",,,"{""Time"":""2026-04-15 00:10:14"",""UserUUID"":""737527f0-3428-11f1-be73-33281134a523"",""attendanceCount"":6,""attendance_count"":6,""b.diamond"":2086,""b.ruby"":0,""boxAllCount"":3450,""curserver"":2,""equipmentData"":""W:21_0A:19_0"",""install_day"":""2026-04-09"",""totalPayment"":0,""total_payment_amount"":0,""user_name"":""지연이방구"",""user_rank"":1345,""user_stage"":200}"
"stage_reached_200 (App)",,,"{""Time"":""2026-04-15 00:05:58"",""UserUUID"":""f3ca5c50-337d-11f1-9eda-7f2e43afd1c4"",""attendanceCount"":7,""attendance_count"":7,""b.diamond"":12672,""b.ruby"":0,""boxAllCount"":7970,""curserver"":2,""equipmentData"":""W:23_0A:20_0"",""install_day"":""2026-04-08"",""totalPayment"":7700,""total_payment_amount"":7700,""user_name"":""수희"",""user_rank"":1303,""user_stage"":200}"
"stage_reached_200 (App)",,,"{""Time"":""2026-04-14 23:52:54"",""UserUUID"":""4b810e40-3490-11f1-ac8b-a336e4f91ae7"",""attendanceCount"":5,""attendance_count"":5,""b.diamond"":70970,""b.ruby"":0,""boxAllCount"":990,""curserver"":2,""equipmentData"":""W:19_0A:19_0"",""install_day"":""2026-04-10"",""totalPayment"":0,""total_payment_amount"":0,""user_name"":""어니눔"",""user_rank"":1323,""user_stage"":200}"
"stage_reached_200 (App)",,,"{""Time"":""2026-04-14 23:50:41"",""UserUUID"":""fbbf9d70-31d5-11f1-a37e-b9e01fc72b95"",""attendanceCount"":8,""attendance_count"":8,""b.diamond"":45905,""b.ruby"":0,""boxAllCount"":6760,""curserver"":2,""equipmentData"":""W:21_0A:23_0"",""install_day"":""2026-04-06"",""totalPayment"":0,""total_payment_amount"":0,""user_name"":""칼퇴"",""user_rank"":1301,""user_stage"":200}"
"stage_reached_200 (App)",,,"{""Time"":""2026-04-14 23:39:22"",""UserUUID"":""f685f830-34a1-11f1-848b-8740532df904"",""attendanceCount"":5,""attendance_count"":5,""b.diamond"":13293,""b.ruby"":0,""boxAllCount"":2490,""curserver"":2,""equipmentData"":""W:21_0A:19_0"",""install_day"":""2026-04-10"",""totalPayment"":0,""total_payment_amount"":0,""user_name"":""태리하리"",""user_rank"":1317,""user_stage"":200}"
"stage_reached_200 (App)",,,"{""Time"":""2026-04-14 23:38:49"",""UserUUID"":""51995f50-3367-11f1-ad26-918d01757ce7"",""attendanceCount"":6,""attendance_count"":6,""b.diamond"":50657,""b.ruby"":0,""boxAllCount"":2520,""curserver"":2,""equipmentData"":""W:23_0A:19_0"",""install_day"":""2026-04-08"",""totalPayment"":7700,""total_payment_amount"":7700,""user_name"":""꿀렁한판다"",""user_rank"":1436,""user_stage"":200}"
"stage_reached_200 (App)",,,"{""Time"":""2026-04-14 23:36:58"",""UserUUID"":""5e41bca0-328d-11f1-917d-2b68ae914432"",""attendanceCount"":8,""attendance_count"":8,""b.diamond"":204864,""b.ruby"":0,""boxAllCount"":7220,""curserver"":2,""equipmentData"":""W:20_0A:20_0"",""install_day"":""2026-04-07"",""totalPayment"":7700,""total_payment_amount"":7700,""user_name"":""림대v"",""user_rank"":1294,""user_stage"":200}"
"stage_reached_200 (App)",,,"{""Time"":""2026-04-14 23:34:23"",""UserUUID"":""df25ea20-34cd-11f1-8960-09080bfa7600"",""attendanceCount"":5,""attendance_count"":5,""b.diamond"":4110,""b.ruby"":0,""boxAllCount"":990,""curserver"":2,""equipmentData"":""W:20_0A:19_0"",""install_day"":""2026-04-10"",""totalPayment"":7700,""total_payment_amount"":7700,""user_name"":""표공"",""user_rank"":1279,""user_stage"":200}"
"stage_reached_200 (App)",,,"{""Time"":""2026-04-14 23:26:08"",""UserUUID"":""687bffd0-3316-11f1-beea-f1307460bc06"",""attendanceCount"":7,""attendance_count"":7,""b.diamond"":90066,""b.ruby"":0,""boxAllCount"":780,""curserver"":2,""equipmentData"":""W:20_0A:19_0"",""install_day"":""2026-04-08"",""totalPayment"":7700,""total_payment_amount"":7700,""user_name"":""이찬이빠"",""user_rank"":1298,""user_stage"":200}"
"stage_reached_200 (App)",,,"{""Time"":""2026-04-14 23:25:48"",""UserUUID"":""4f1a2ae0-33dd-11f1-8cee-dde9ae47e43d"",""attendanceCount"":6,""attendance_count"":6,""b.diamond"":11235,""b.ruby"":0,""boxAllCount"":7400,""curserver"":2,""equipmentData"":""W:20_0A:20_0"",""install_day"":""2026-04-09"",""totalPayment"":7700,""total_payment_amount"":7700,""user_name"":""난세금도둑"",""user_rank"":1354,""user_stage"":200}"
"stage_reached_200 (App)",,,"{""Time"":""2026-04-14 23:25:25"",""UserUUID"":""8409d0d0-33e1-11f1-a793-c782112182ad"",""attendanceCount"":6,""attendance_count"":6,""b.diamond"":2735,""b.ruby"":0,""boxAllCount"":2880,""curserver"":2,""equipmentData"":""W:20_0A:19_0"",""install_day"":""2026-04-09"",""totalPayment"":0,""total_payment_amount"":0,""user_name"":""홍야홍야맨"",""user_rank"":1319,""user_stage"":200}"
"stage_reached_200 (App)",,,"{""Time"":""2026-04-14 23:23:28"",""UserUUID"":""a235a4a0-3290-11f1-8667-15196ccfe901"",""attendanceCount"":8,""attendance_count"":8,""b.diamond"":3173,""b.ruby"":0,""boxAllCount"":7860,""curserver"":2,""equipmentData"":""W:20_0A:20_0"",""install_day"":""2026-04-07"",""totalPayment"":7700,""total_payment_amount"":7700,""user_name"":""쏘라소라"",""user_rank"":1434,""user_stage"":200}"
"stage_reached_200 (App)",,,"{""Time"":""2026-04-14 23:21:36"",""UserUUID"":""842b25b0-3287-11f1-9f5b-c565869b1ef1"",""attendanceCount"":8,""attendance_count"":8,""b.diamond"":79354,""b.ruby"":0,""boxAllCount"":2700,""curserver"":2,""equipmentData"":""W:20_0A:19_0"",""install_day"":""2026-04-07"",""totalPayment"":0,""total_payment_amount"":0,""user_name"":""괴도루팡님8"",""user_rank"":1279,""user_stage"":200}"
"stage_reached_200 (App)",,,"{""Time"":""2026-04-14 23:18:56"",""UserUUID"":""1eb1d8a0-3417-11f1-a46f-1bf67097c09e"",""attendanceCount"":6,""attendance_count"":6,""b.diamond"":35472,""b.ruby"":0,""boxAllCount"":1200,""curserver"":2,""equipmentData"":""W:21_0A:19_0"",""install_day"":""2026-04-09"",""totalPayment"":7700,""total_payment_amount"":7700,""user_name"":""나는세영웅"",""user_rank"":1292,""user_stage"":200}"
"stage_reached_200 (App)",,,"{""Time"":""2026-04-14 23:17:16"",""UserUUID"":""c22eebd0-3147-11f1-98e8-5347ab7c31b6"",""attendanceCount"":9,""attendance_count"":9,""b.diamond"":46774,""b.ruby"":0,""boxAllCount"":5290,""curserver"":2,""equipmentData"":""W:21_0A:19_0"",""install_day"":""2026-04-05"",""totalPayment"":7700,""total_payment_amount"":7700,""user_name"":""이웃집토토로"",""user_rank"":1278,""user_stage"":200}"
"stage_reached_200 (App)",,,"{""Time"":""2026-04-14 23:12:01"",""UserUUID"":""0cd93b80-3676-11f1-a29a-71debb8f47db"",""attendanceCount"":3,""attendance_count"":3,""b.diamond"":52655,""b.ruby"":220,""boxAllCount"":580,""curserver"":2,""equipmentData"":""W:20_0A:16_0"",""install_day"":""2026-04-12"",""totalPayment"":55000,""total_payment_amount"":55000,""user_name"":""도쫀쿠"",""user_rank"":1296,""user_stage"":200}"
"stage_reached_200 (App)",,,"{""Time"":""2026-04-14 23:08:02"",""UserUUID"":""416c8d50-331c-11f1-8071-79740845b3cf"",""attendanceCount"":7,""attendance_count"":7,""b.diamond"":13024,""b.ruby"":0,""boxAllCount"":3030,""curserver"":2,""equipmentData"":""W:21_0A:19_0"",""install_day"":""2026-04-08"",""totalPayment"":7700,""total_payment_amount"":7700,""user_name"":""mudtry"",""user_rank"":1334,""user_stage"":200}"
"stage_reached_200 (App)",,,"{""Time"":""2026-04-14 22:55:39"",""UserUUID"":""30e66da0-3256-11f1-a10b-11bcf44cb670"",""attendanceCount"":8,""attendance_count"":8,""b.diamond"":22760,""b.ruby"":0,""boxAllCount"":6270,""curserver"":2,""equipmentData"":""W:20_0A:20_0"",""install_day"":""2026-04-07"",""totalPayment"":7700,""total_payment_amount"":7700,""user_name"":""신뽀롱"",""user_rank"":1272,""user_stage"":200}"
"stage_reached_200 (App)",,,"{""Time"":""2026-04-14 22:52:27"",""UserUUID"":""00799e80-3675-11f1-bcda-87c49f090542"",""attendanceCount"":3,""attendance_count"":3,""b.diamond"":986135,""b.ruby"":6050,""boxAllCount"":4620,""curserver"":2,""equipmentData"":""W:23_0A:18_0"",""install_day"":""2026-04-12"",""totalPayment"":370700,""total_payment_amount"":370700,""user_name"":""하윤소윤"",""user_rank"":1390,""user_stage"":200}"
"stage_reached_200 (App)",,,"{""Time"":""2026-04-14 22:49:26"",""UserUUID"":""7fb59fe0-3347-11f1-83ca-1f6142187db8"",""attendanceCount"":7,""attendance_count"":7,""b.diamond"":14731,""b.ruby"":0,""boxAllCount"":3540,""curserver"":2,""equipmentData"":""W:21_0A:20_0"",""install_day"":""2026-04-08"",""totalPayment"":7700,""total_payment_amount"":7700,""user_name"":""모바리안"",""user_rank"":1430,""user_stage"":200}"
"stage_reached_200 (App)",,,"{""Time"":""2026-04-14 22:46:53"",""UserUUID"":""c18bfe10-3355-11f1-83cd-1bcdc56bab89"",""attendanceCount"":7,""attendance_count"":7,""b.diamond"":20512,""b.ruby"":0,""boxAllCount"":3160,""curserver"":2,""equipmentData"":""W:20_0A:19_0"",""install_day"":""2026-04-08"",""totalPayment"":0,""total_payment_amount"":0,""user_name"":""강래정"",""user_rank"":1329,""user_stage"":200}"
"stage_reached_200 (App)",,,"{""Time"":""2026-04-14 22:44:07"",""UserUUID"":""0e7e5e10-3357-11f1-b987-0799d49acfc1"",""attendanceCount"":7,""attendance_count"":7,""b.diamond"":13143,""b.ruby"":0,""boxAllCount"":3120,""curserver"":2,""equipmentData"":""W:20_0A:19_0"",""install_day"":""2026-04-08"",""totalPayment"":7700,""total_payment_amount"":7700,""user_name"":""평동오함마"",""user_rank"":1369,""user_stage"":200}"
"stage_reached_200 (App)",,,"{""Time"":""2026-04-14 22:43:46"",""UserUUID"":""032654e0-3439-11f1-a7fa-fd6087d30f78"",""attendanceCount"":5,""attendance_count"":5,""b.diamond"":100904,""b.ruby"":0,""boxAllCount"":2520,""curserver"":2,""equipmentData"":""W:20_0A:20_0"",""install_day"":""2026-04-09"",""totalPayment"":0,""total_payment_amount"":0,""user_name"":""박성웅"",""user_rank"":1305,""user_stage"":200}"
"stage_reached_200 (App)",,,"{""Time"":""2026-04-14 22:43:46"",""UserUUID"":""e7b958a0-3439-11f1-9ba9-2b407dc3037e"",""attendanceCount"":5,""attendance_count"":5,""b.diamond"":49498,""b.ruby"":0,""boxAllCount"":1230,""curserver"":2,""equipmentData"":""W:22_0A:19_0"",""install_day"":""2026-04-09"",""totalPayment"":7700,""total_payment_amount"":7700,""user_name"":""임유성"",""user_rank"":1331,""user_stage"":200}"
"stage_reached_200 (App)",,,"{""Time"":""2026-04-14 22:43:24"",""UserUUID"":""46343130-3411-11f1-b0fa-439a430572a2"",""attendanceCount"":6,""attendance_count"":6,""b.diamond"":17432,""b.ruby"":0,""boxAllCount"":3360,""curserver"":2,""equipmentData"":""W:21_0A:19_0"",""install_day"":""2026-04-09"",""totalPayment"":7700,""total_payment_amount"":7700,""user_name"":""마스이브"",""user_rank"":1283,""user_stage"":200}"
"stage_reached_200 (App)",,,"{""Time"":""2026-04-14 22:42:16"",""UserUUID"":""cd05a6a0-00bb-11f1-826a-4b0ccb175146"",""attendanceCount"":15,""attendance_count"":15,""b.diamond"":459321,""b.ruby"":0,""boxAllCount"":6070,""curserver"":1,""equipmentData"":""W:21_0A:20_0"",""install_day"":""2026-02-03"",""totalPayment"":7700,""total_payment_amount"":7700,""user_name"":""냔셍"",""user_rank"":7174,""user_stage"":200}"
"stage_reached_200 (App)",,,"{""Time"":""2026-04-14 22:41:31"",""UserUUID"":""c04bb7b0-331a-11f1-8071-79740845b3cf"",""attendanceCount"":7,""attendance_count"":7,""b.diamond"":177413,""b.ruby"":0,""boxAllCount"":660,""curserver"":2,""equipmentData"":""W:16_0A:19_0"",""install_day"":""2026-04-08"",""totalPayment"":7700,""total_payment_amount"":7700,""user_name"":""보호"",""user_rank"":1331,""user_stage"":200}"
"stage_reached_200 (App)",,,"{""Time"":""2026-04-14 22:30:52"",""UserUUID"":""c1990d60-3258-11f1-9758-2d1c30faf5b5"",""attendanceCount"":8,""attendance_count"":8,""b.diamond"":223309,""b.ruby"":0,""boxAllCount"":2230,""curserver"":2,""equipmentData"":""W:21_0A:19_0"",""install_day"":""2026-04-07"",""totalPayment"":7700,""total_payment_amount"":7700,""user_name"":""Jonvon"",""user_rank"":1327,""user_stage"":200}"
"stage_reached_200 (App)",,,"{""Time"":""2026-04-14 22:29:50"",""UserUUID"":""9145f910-340c-11f1-b724-2d1c480bfabd"",""attendanceCount"":6,""attendance_count"":6,""b.diamond"":62584,""b.ruby"":0,""boxAllCount"":2550,""curserver"":2,""equipmentData"":""W:21_0A:19_0"",""install_day"":""2026-04-09"",""totalPayment"":7700,""total_payment_amount"":7700,""user_name"":""가랭"",""user_rank"":1267,""user_stage"":200}"
"stage_reached_200 (App)",,,"{""Time"":""2026-04-14 22:04:57"",""UserUUID"":""1dbc0f80-342e-11f1-8fd0-93b02b89885b"",""attendanceCount"":5,""attendance_count"":5,""b.diamond"":241238,""b.ruby"":0,""boxAllCount"":6790,""curserver"":2,""equipmentData"":""W:22_0A:20_0"",""install_day"":""2026-04-09"",""totalPayment"":7700,""total_payment_amount"":7700,""user_name"":""챠코"",""user_rank"":1413,""user_stage"":200}"
"stage_reached_200 (App)",,,"{""Time"":""2026-04-14 21:57:13"",""UserUUID"":""efae86d0-329e-11f1-93fb-7b97d749c91a"",""attendanceCount"":7,""attendance_count"":7,""b.diamond"":92180,""b.ruby"":0,""boxAllCount"":2970,""curserver"":2,""equipmentData"":""W:20_0A:19_0"",""install_day"":""2026-04-07"",""totalPayment"":7700,""total_payment_amount"":7700,""user_name"":""동수와길동이"",""user_rank"":1261,""user_stage"":200}"
"stage_reached_200 (App)",,,"{""Time"":""2026-04-14 21:56:20"",""UserUUID"":""a6ba31f0-362b-11f1-91a8-8d6e289f364b"",""attendanceCount"":3,""attendance_count"":3,""b.diamond"":33575,""b.ruby"":0,""boxAllCount"":990,""curserver"":2,""equipmentData"":""W:19_0A:16_0"",""install_day"":""2026-04-12"",""totalPayment"":27500,""total_payment_amount"":27500,""user_name"":""다일"",""user_rank"":1297,""user_stage"":200}"
"stage_reached_200 (App)",,,"{""Time"":""2026-04-14 21:41:49"",""UserUUID"":""40b37880-3095-11f1-bed1-b3232c293a72"",""attendanceCount"":10,""attendance_count"":10,""b.diamond"":104212,""b.ruby"":0,""boxAllCount"":2520,""curserver"":2,""equipmentData"":""W:21_0A:19_0"",""install_day"":""2026-04-05"",""totalPayment"":7700,""total_payment_amount"":7700,""user_name"":""짱똘또복"",""user_rank"":1279,""user_stage"":200}"
"stage_reached_200 (App)",,,"{""Time"":""2026-04-14 21:35:40"",""UserUUID"":""db81dd90-356b-11f1-9e30-892e2d73f840"",""attendanceCount"":4,""attendance_count"":4,""b.diamond"":23541,""b.ruby"":110,""boxAllCount"":3150,""curserver"":2,""equipmentData"":""W:21_0A:23_0"",""install_day"":""2026-04-11"",""totalPayment"":80300,""total_payment_amount"":80300,""user_name"":""으갸갸갹"",""user_rank"":1449,""user_stage"":200}"
"stage_reached_200 (App)",,,"{""Time"":""2026-04-14 21:10:38"",""UserUUID"":""60f27160-30a3-11f1-bdc9-d53faa467de4"",""attendanceCount"":10,""attendance_count"":10,""b.diamond"":847868,""b.ruby"":0,""boxAllCount"":4890,""curserver"":2,""equipmentData"":""W:21_0A:20_0"",""install_day"":""2026-04-05"",""totalPayment"":7700,""total_payment_amount"":7700,""user_name"":""파란제리"",""user_rank"":1266,""user_stage"":200}"
"stage_reached_200 (App)",,,"{""Time"":""2026-04-14 21:07:31"",""UserUUID"":""803271a0-32f2-11f1-8d0d-ddd8b470a24d"",""attendanceCount"":7,""attendance_count"":7,""b.diamond"":181237,""b.ruby"":0,""boxAllCount"":2690,""curserver"":2,""equipmentData"":""W:21_0A:20_0"",""install_day"":""2026-04-08"",""totalPayment"":0,""total_payment_amount"":0,""user_name"":""우리여신"",""user_rank"":1262,""user_stage"":200}"
"stage_reached_200 (App)",,,"{""Time"":""2026-04-14 21:06:05"",""UserUUID"":""baa66a20-328a-11f1-b7d9-efdf1561da45"",""attendanceCount"":8,""attendance_count"":8,""b.diamond"":463169,""b.ruby"":0,""boxAllCount"":810,""curserver"":2,""equipmentData"":""W:20_0A:19_0"",""install_day"":""2026-04-07"",""totalPayment"":7700,""total_payment_amount"":7700,""user_name"":""동구덩이"",""user_rank"":1273,""user_stage"":200}"
"stage_reached_200 (App)",,,"{""Time"":""2026-04-14 21:01:06"",""UserUUID"":""87d53980-3359-11f1-b987-0799d49acfc1"",""attendanceCount"":6,""attendance_count"":6,""b.diamond"":200586,""b.ruby"":0,""boxAllCount"":3960,""curserver"":2,""equipmentData"":""W:22_0A:20_0"",""install_day"":""2026-04-08"",""totalPayment"":7700,""total_payment_amount"":7700,""user_name"":""냐아아아암"",""user_rank"":1347,""user_stage"":200}"
"stage_reached_200 (App)",,,"{""Time"":""2026-04-14 20:59:10"",""UserUUID"":""6273bf60-3573-11f1-9c82-cf7c35994c17"",""attendanceCount"":4,""attendance_count"":4,""b.diamond"":59177,""b.ruby"":0,""boxAllCount"":2930,""curserver"":2,""equipmentData"":""W:20_0A:18_0"",""install_day"":""2026-04-11"",""totalPayment"":51700,""total_payment_amount"":51700,""user_name"":""샥샥샥샥"",""user_rank"":1547,""user_stage"":200}"
"stage_reached_200 (App)",,,"{""Time"":""2026-04-14 20:47:36"",""UserUUID"":""844aca30-2feb-11f1-8b1b-174445762b01"",""attendanceCount"":11,""attendance_count"":11,""b.diamond"":490188,""b.ruby"":0,""boxAllCount"":4330,""curserver"":2,""equipmentData"":""W:20_0A:19_0"",""install_day"":""2026-04-04"",""totalPayment"":7700,""total_payment_amount"":7700,""user_name"":""꼬부기파이리"",""user_rank"":1287,""user_stage"":200}"
"stage_reached_200 (App)",,,"{""Time"":""2026-04-14 20:47:30"",""UserUUID"":""b15fb3a0-34ff-11f1-8221-bb7061a9d248"",""attendanceCount"":4,""attendance_count"":4,""b.diamond"":132035,""b.ruby"":0,""boxAllCount"":3800,""curserver"":2,""equipmentData"":""W:21_0A:19_0"",""install_day"":""2026-04-10"",""totalPayment"":51700,""total_payment_amount"":51700,""user_name"":""김장탈"",""user_rank"":1345,""user_stage"":200}"
"stage_reached_200 (App)",,,"{""Time"":""2026-04-14 20:44:01"",""UserUUID"":""f2c97c30-2e9d-11f1-8d55-5d02de13affa"",""attendanceCount"":13,""attendance_count"":13,""b.diamond"":112193,""b.ruby"":0,""boxAllCount"":6120,""curserver"":1,""equipmentData"":""W:22_0A:23_0"",""install_day"":""2026-04-02"",""totalPayment"":0,""total_payment_amount"":0,""user_name"":""오리가얼면언덕"",""user_rank"":7283,""user_stage"":200}"
"stage_reached_200 (App)",,,"{""Time"":""2026-04-14 20:27:52"",""UserUUID"":""f3507ba0-3270-11f1-a39c-0d159db89087"",""attendanceCount"":8,""attendance_count"":8,""b.diamond"":61357,""b.ruby"":0,""boxAllCount"":1920,""curserver"":2,""equipmentData"":""W:20_0A:19_0"",""install_day"":""2026-04-07"",""totalPayment"":7700,""total_payment_amount"":7700,""user_name"":""구꿍"",""user_rank"":1249,""user_stage"":200}"
"stage_reached_200 (App)",,,"{""Time"":""2026-04-14 20:27:05"",""UserUUID"":""00097260-3416-11f1-b0fa-439a430572a2"",""attendanceCount"":6,""attendance_count"":6,""b.diamond"":348340,""b.ruby"":0,""boxAllCount"":2790,""curserver"":2,""equipmentData"":""W:22_0A:19_0"",""install_day"":""2026-04-09"",""totalPayment"":7700,""total_payment_amount"":7700,""user_name"":""자왕난"",""user_rank"":1258,""user_stage"":200}"
"stage_reached_200 (App)",,,"{""Time"":""2026-04-14 20:21:36"",""UserUUID"":""868f66b0-2c40-11f1-8e66-47b5455d1c00"",""attendanceCount"":16,""attendance_count"":16,""b.diamond"":193956,""b.ruby"":0,""boxAllCount"":2730,""curserver"":1,""equipmentData"":""W:22_0A:21_0"",""install_day"":""2026-03-30"",""totalPayment"":0,""total_payment_amount"":0,""user_name"":""혁짱"",""user_rank"":7172,""user_stage"":200}"
"stage_reached_200 (App)",,,"{""Time"":""2026-04-14 20:20:04"",""UserUUID"":""61a3ed70-30ab-11f1-a0a5-b1f1c5e48406"",""attendanceCount"":10,""attendance_count"":10,""b.diamond"":125043,""b.ruby"":0,""boxAllCount"":6490,""curserver"":2,""equipmentData"":""W:21_0A:21_0"",""install_day"":""2026-04-05"",""totalPayment"":7700,""total_payment_amount"":7700,""user_name"":""수건"",""user_rank"":1268,""user_stage"":200}"
"stage_reached_200 (App)",,,"{""Time"":""2026-04-14 20:11:48"",""UserUUID"":""aaf424e0-3277-11f1-bf0d-0768a26dba90"",""attendanceCount"":8,""attendance_count"":8,""b.diamond"":2458,""b.ruby"":0,""boxAllCount"":1710,""curserver"":2,""equipmentData"":""W:21_0A:19_0"",""install_day"":""2026-04-07"",""totalPayment"":0,""total_payment_amount"":0,""user_name"":""glaceon"",""user_rank"":1368,""user_stage"":200}"
"stage_reached_200 (App)",,,"{""Time"":""2026-04-14 20:09:50"",""UserUUID"":""d5b20260-347f-11f1-8275-e3bed11e99cf"",""attendanceCount"":5,""attendance_count"":5,""b.diamond"":86580,""b.ruby"":0,""boxAllCount"":3600,""curserver"":2,""equipmentData"":""W:19_0A:19_0"",""install_day"":""2026-04-10"",""totalPayment"":22000,""total_payment_amount"":22000,""user_name"":""m쿠우m"",""user_rank"":1268,""user_stage"":200}"
"stage_reached_200 (App)",,,"{""Time"":""2026-04-14 20:08:22"",""UserUUID"":""26edd1b0-31a9-11f1-ba81-8f2bea00d47f"",""attendanceCount"":9,""attendance_count"":9,""b.diamond"":149443,""b.ruby"":0,""boxAllCount"":270,""curserver"":2,""equipmentData"":""W:21_0A:19_0"",""install_day"":""2026-04-06"",""totalPayment"":7700,""total_payment_amount"":7700,""user_name"":""한토르"",""user_rank"":1323,""user_stage"":200}"
"stage_reached_200 (App)",,,"{""Time"":""2026-04-14 20:05:32"",""UserUUID"":""3397de70-33c9-11f1-8667-15196ccfe901"",""attendanceCount"":6,""attendance_count"":6,""b.diamond"":127346,""b.ruby"":0,""boxAllCount"":5290,""curserver"":2,""equipmentData"":""W:22_0A:20_0"",""install_day"":""2026-04-09"",""totalPayment"":7700,""total_payment_amount"":7700,""user_name"":""진격2"",""user_rank"":1286,""user_stage"":200}"
"stage_reached_200 (App)",,,"{""Time"":""2026-04-14 19:35:56"",""UserUUID"":""855baa00-3385-11f1-825d-774336e6146e"",""attendanceCount"":6,""attendance_count"":6,""b.diamond"":1050,""b.ruby"":0,""boxAllCount"":2580,""curserver"":2,""equipmentData"":""W:19_0A:19_0"",""install_day"":""2026-04-08"",""totalPayment"":7700,""total_payment_amount"":7700,""user_name"":""빵디030"",""user_rank"":1337,""user_stage"":200}"
"stage_reached_200 (App)",,,"{""Time"":""2026-04-14 19:29:05"",""UserUUID"":""d7f38930-31a6-11f1-b453-9dede9dd9fbf"",""attendanceCount"":9,""attendance_count"":9,""b.diamond"":58144,""b.ruby"":0,""boxAllCount"":7610,""curserver"":2,""equipmentData"":""W:22_0A:20_0"",""install_day"":""2026-04-06"",""totalPayment"":7700,""total_payment_amount"":7700,""user_name"":""향후"",""user_rank"":1579,""user_stage"":200}"
"stage_reached_200 (App)",,,"{""Time"":""2026-04-14 19:25:16"",""UserUUID"":""7414bf80-3208-11f1-b27a-33d1b9c4faca"",""attendanceCount"":8,""attendance_count"":8,""b.diamond"":5521,""b.ruby"":0,""boxAllCount"":2550,""curserver"":2,""equipmentData"":""W:21_0A:19_0"",""install_day"":""2026-04-06"",""totalPayment"":0,""total_payment_amount"":0,""user_name"":""보바신"",""user_rank"":1272,""user_stage"":200}"
"stage_reached_200 (App)",,,"{""Time"":""2026-04-14 19:18:21"",""UserUUID"":""8fe37180-320c-11f1-b991-d74068e864f9"",""attendanceCount"":8,""attendance_count"":8,""b.diamond"":219963,""b.ruby"":0,""boxAllCount"":630,""curserver"":2,""equipmentData"":""W:22_0A:19_0"",""install_day"":""2026-04-06"",""totalPayment"":7700,""total_payment_amount"":7700,""user_name"":""without"",""user_rank"":1361,""user_stage"":200}"
"stage_reached_200 (App)",,,"{""Time"":""2026-04-14 19:16:23"",""UserUUID"":""da73b4f0-3647-11f1-bcda-87c49f090542"",""attendanceCount"":3,""attendance_count"":3,""b.diamond"":428657,""b.ruby"":0,""boxAllCount"":3470,""curserver"":2,""equipmentData"":""W:20_0A:21_0"",""install_day"":""2026-04-12"",""totalPayment"":161700,""total_payment_amount"":161700,""user_name"":""XIAONEX"",""user_rank"":2615,""user_stage"":200}"
"stage_reached_200 (App)",,,"{""Time"":""2026-04-14 19:13:41"",""UserUUID"":""a643f390-3546-11f1-9e6a-27620ba889cb"",""attendanceCount"":4,""attendance_count"":4,""b.diamond"":2237,""b.ruby"":110,""boxAllCount"":4580,""curserver"":2,""equipmentData"":""W:23_0A:18_0"",""install_day"":""2026-04-11"",""totalPayment"":46200,""total_payment_amount"":46200,""user_name"":""진우랑"",""user_rank"":1499,""user_stage"":200}"
"stage_reached_200 (App)",,,"{""Time"":""2026-04-14 19:11:45"",""UserUUID"":""3c56fa60-30d0-11f1-9ec9-b338e989bf96"",""attendanceCount"":9,""attendance_count"":9,""b.diamond"":506563,""b.ruby"":0,""boxAllCount"":5710,""curserver"":2,""equipmentData"":""W:23_0A:19_0"",""install_day"":""2026-04-05"",""totalPayment"":7700,""total_payment_amount"":7700,""user_name"":""엠승"",""user_rank"":1382,""user_stage"":200}"
"stage_reached_200 (App)",,,"{""Time"":""2026-04-14 19:09:06"",""UserUUID"":""10fa18b0-34a5-11f1-b629-27bc2f9a5ccc"",""attendanceCount"":5,""attendance_count"":5,""b.diamond"":16551,""b.ruby"":110,""boxAllCount"":600,""curserver"":2,""equipmentData"":""W:20_0A:19_0"",""install_day"":""2026-04-10"",""totalPayment"":20900,""total_payment_amount"":20900,""user_name"":""신이되려는자"",""user_rank"":1328,""user_stage"":200}"
"stage_reached_200 (App)",,,"{""Time"":""2026-04-14 19:06:36"",""UserUUID"":""b0d67e50-346e-11f1-8409-db4d74ff32e8"",""attendanceCount"":5,""attendance_count"":5,""b.diamond"":30963,""b.ruby"":0,""boxAllCount"":4550,""curserver"":2,""equipmentData"":""W:21_0A:19_0"",""install_day"":""2026-04-09"",""totalPayment"":7700,""total_payment_amount"":7700,""user_name"":""아침해달"",""user_rank"":1271,""user_stage"":200}"
"stage_reached_200 (App)",,,"{""Time"":""2026-04-14 19:05:20"",""UserUUID"":""5de88380-3416-11f1-a3bb-9b451bded09e"",""attendanceCount"":5,""attendance_count"":5,""b.diamond"":6980,""b.ruby"":0,""boxAllCount"":1560,""curserver"":2,""equipmentData"":""W:21_0A:19_0"",""install_day"":""2026-04-09"",""totalPayment"":0,""total_payment_amount"":0,""user_name"":""긴잼잼"",""user_rank"":1427,""user_stage"":200}"
"stage_reached_200 (App)",,,"{""Time"":""2026-04-14 18:51:14"",""UserUUID"":""e779db20-3327-11f1-9eda-7f2e43afd1c4"",""attendanceCount"":7,""attendance_count"":7,""b.diamond"":4220,""b.ruby"":0,""boxAllCount"":700,""curserver"":2,""equipmentData"":""W:20_0A:19_0"",""install_day"":""2026-04-08"",""totalPayment"":25300,""total_payment_amount"":25300,""user_name"":""원하나일"",""user_rank"":1306,""user_stage"":200}"
"stage_reached_200 (App)",,,"{""Time"":""2026-04-14 18:50:04"",""UserUUID"":""8ba6b2e0-3364-11f1-b93c-fb11dbd47745"",""attendanceCount"":6,""attendance_count"":6,""b.diamond"":8048,""b.ruby"":0,""boxAllCount"":2850,""curserver"":2,""equipmentData"":""W:20_0A:19_0"",""install_day"":""2026-04-08"",""totalPayment"":0,""total_payment_amount"":0,""user_name"":""Anima"",""user_rank"":1242,""user_stage"":200}"
"stage_reached_200 (App)",,,"{""Time"":""2026-04-14 18:48:54"",""UserUUID"":""f3dae770-30a6-11f1-8910-aff0f2399030"",""attendanceCount"":8,""attendance_count"":8,""b.diamond"":17620,""b.ruby"":0,""boxAllCount"":6410,""curserver"":2,""equipmentData"":""W:20_0A:20_0"",""install_day"":""2026-04-05"",""totalPayment"":0,""total_payment_amount"":0,""user_name"":""청춘쪽발"",""user_rank"":1271,""user_stage"":200}"
"stage_reached_200 (App)",,,"{""Time"":""2026-04-14 18:46:49"",""UserUUID"":""06bd6290-2e8c-11f1-8699-6994277a44fb"",""attendanceCount"":12,""attendance_count"":12,""b.diamond"":251754,""b.ruby"":0,""boxAllCount"":8540,""curserver"":1,""equipmentData"":""W:23_0A:22_0"",""install_day"":""2026-04-02"",""totalPayment"":7700,""total_payment_amount"":7700,""user_name"":""청량이맨하탄"",""user_rank"":7198,""user_stage"":200}"
"stage_reached_200 (App)",,,"{""Time"":""2026-04-14 18:44:42"",""UserUUID"":""91ed6520-34e7-11f1-9e9b-a143e1f40707"",""attendanceCount"":5,""attendance_count"":5,""b.diamond"":3178,""b.ruby"":0,""boxAllCount"":3660,""curserver"":2,""equipmentData"":""W:20_0A:20_0"",""install_day"":""2026-04-10"",""totalPayment"":7700,""total_payment_amount"":7700,""user_name"":""토비버"",""user_rank"":1226,""user_stage"":200}"
"stage_reached_200 (App)",,,"{""Time"":""2026-04-14 18:32:34"",""UserUUID"":""fd3654f0-34b4-11f1-aa95-f3cbf7e6f1a2"",""attendanceCount"":5,""attendance_count"":5,""b.diamond"":134860,""b.ruby"":0,""boxAllCount"":2400,""curserver"":2,""equipmentData"":""W:18_0A:16_0"",""install_day"":""2026-04-10"",""totalPayment"":7700,""total_payment_amount"":7700,""user_name"":""김승근"",""user_rank"":1226,""user_stage"":200}"
"stage_reached_200 (App)",,,"{""Time"":""2026-04-14 18:31:44"",""UserUUID"":""0b33ba60-30fb-11f1-9a1b-2d03556a354f"",""attendanceCount"":10,""attendance_count"":10,""b.diamond"":7365,""b.ruby"":0,""boxAllCount"":4590,""curserver"":2,""equipmentData"":""W:20_0A:19_0"",""install_day"":""2026-04-05"",""totalPayment"":7700,""total_payment_amount"":7700,""user_name"":""tripleH"",""user_rank"":1237,""user_stage"":200}"
"stage_reached_200 (App)",,,"{""Time"":""2026-04-14 18:28:17"",""UserUUID"":""54ada7f0-33da-11f1-bd63-5b170bf24721"",""attendanceCount"":6,""attendance_count"":6,""b.diamond"":18916,""b.ruby"":3300,""boxAllCount"":6370,""curserver"":2,""equipmentData"":""W:21_0A:20_0"",""install_day"":""2026-04-09"",""totalPayment"":150700,""total_payment_amount"":150700,""user_name"":""Dame"",""user_rank"":1289,""user_stage"":200}"
"stage_reached_200 (App)",,,"{""Time"":""2026-04-14 18:22:13"",""UserUUID"":""e02edd60-3256-11f1-a856-591b41669abe"",""attendanceCount"":8,""attendance_count"":8,""b.diamond"":12431,""b.ruby"":0,""boxAllCount"":6860,""curserver"":2,""equipmentData"":""W:21_0A:19_0"",""install_day"":""2026-04-07"",""totalPayment"":7700,""total_payment_amount"":7700,""user_name"":""가아라가"",""user_rank"":1380,""user_stage"":200}"
"stage_reached_200 (App)",,,"{""Time"":""2026-04-14 18:16:42"",""UserUUID"":""07fac0c0-2edd-11f1-bd27-5f819c5fbe0f"",""attendanceCount"":12,""attendance_count"":12,""b.diamond"":591433,""b.ruby"":0,""boxAllCount"":4690,""curserver"":2,""equipmentData"":""W:20_0A:22_0"",""install_day"":""2026-04-02"",""totalPayment"":0,""total_payment_amount"":0,""user_name"":""아라바라"",""user_rank"":1223,""user_stage"":200}"
"stage_reached_200 (App)",,,"{""Time"":""2026-04-14 18:13:27"",""UserUUID"":""7495f490-30e3-11f1-b58c-896bd11d8001"",""attendanceCount"":10,""attendance_count"":10,""b.diamond"":911904,""b.ruby"":0,""boxAllCount"":6010,""curserver"":2,""equipmentData"":""W:20_0A:19_0"",""install_day"":""2026-04-05"",""totalPayment"":7700,""total_payment_amount"":7700,""user_name"":""춘구"",""user_rank"":1222,""user_stage"":200}"
"stage_reached_200 (App)",,,"{""Time"":""2026-04-14 18:08:13"",""UserUUID"":""c4361e20-3413-11f1-8aa0-5df28f565dc0"",""attendanceCount"":6,""attendance_count"":6,""b.diamond"":54021,""b.ruby"":440,""boxAllCount"":540,""curserver"":2,""equipmentData"":""W:18_0A:19_0"",""install_day"":""2026-04-09"",""totalPayment"":51700,""total_payment_amount"":51700,""user_name"":""말보"",""user_rank"":1262,""user_stage"":200}"
"stage_reached_200 (App)",,,"{""Time"":""2026-04-14 18:06:43"",""UserUUID"":""b567aa10-357d-11f1-9a6a-518f5c5968ef"",""attendanceCount"":4,""attendance_count"":4,""b.diamond"":175868,""b.ruby"":0,""boxAllCount"":3570,""curserver"":2,""equipmentData"":""W:20_0A:19_0"",""install_day"":""2026-04-11"",""totalPayment"":29700,""total_payment_amount"":29700,""user_name"":""지성팤팍"",""user_rank"":1330,""user_stage"":200}"
"stage_reached_200 (App)",,,"{""Time"":""2026-04-14 18:03:47"",""UserUUID"":""22ee18f0-34aa-11f1-b13c-1b4df4c1d553"",""attendanceCount"":5,""attendance_count"":5,""b.diamond"":148916,""b.ruby"":0,""boxAllCount"":3270,""curserver"":2,""equipmentData"":""W:22_0A:19_0"",""install_day"":""2026-04-10"",""totalPayment"":7700,""total_payment_amount"":7700,""user_name"":""겸시아"",""user_rank"":1219,""user_stage"":200}"
"stage_reached_200 (App)",,,"{""Time"":""2026-04-14 18:00:58"",""UserUUID"":""1a659bb0-3174-11f1-9898-8b63cb4f5af8"",""attendanceCount"":9,""attendance_count"":9,""b.diamond"":600328,""b.ruby"":0,""boxAllCount"":2410,""curserver"":2,""equipmentData"":""W:20_0A:19_0"",""install_day"":""2026-04-06"",""totalPayment"":7700,""total_payment_amount"":7700,""user_name"":""김수라"",""user_rank"":1340,""user_stage"":200}"
"stage_reached_200 (App)",,,"{""Time"":""2026-04-14 18:00:32"",""UserUUID"":""136f8d40-327b-11f1-a39c-0d159db89087"",""attendanceCount"":8,""attendance_count"":8,""b.diamond"":149886,""b.ruby"":0,""boxAllCount"":2520,""curserver"":2,""equipmentData"":""W:21_0A:19_0"",""install_day"":""2026-04-07"",""totalPayment"":7700,""total_payment_amount"":7700,""user_name"":""빈사"",""user_rank"":1228,""user_stage"":200}"
"stage_reached_200 (App)",,,"{""Time"":""2026-04-14 17:56:18"",""UserUUID"":""1f301550-3393-11f1-8b58-b5d0cfe91ef5"",""attendanceCount"":6,""attendance_count"":6,""b.diamond"":3489,""b.ruby"":0,""boxAllCount"":4780,""curserver"":2,""equipmentData"":""W:21_0A:22_0"",""install_day"":""2026-04-08"",""totalPayment"":7700,""total_payment_amount"":7700,""user_name"":""일반통계학"",""user_rank"":1228,""user_stage"":200}"
"stage_reached_200 (App)",,,"{""Time"":""2026-04-14 17:51:13"",""UserUUID"":""9e9a5830-357f-11f1-ad60-4bc5f44a1134"",""attendanceCount"":4,""attendance_count"":4,""b.diamond"":102332,""b.ruby"":0,""boxAllCount"":2400,""curserver"":2,""equipmentData"":""W:23_0A:19_0"",""install_day"":""2026-04-11"",""totalPayment"":7700,""total_payment_amount"":7700,""user_name"":""잉기링기"",""user_rank"":1224,""user_stage"":200}"
"stage_reached_200 (App)",,,"{""Time"":""2026-04-14 17:44:07"",""UserUUID"":""15e41040-3079-11f1-bfe3-35aea9b7082a"",""attendanceCount"":8,""attendance_count"":8,""b.diamond"":56162,""b.ruby"":0,""boxAllCount"":3250,""curserver"":2,""equipmentData"":""W:20_0A:19_0"",""install_day"":""2026-04-04"",""totalPayment"":7700,""total_payment_amount"":7700,""user_name"":""타미잭슨"",""user_rank"":1259,""user_stage"":200}"
"stage_reached_200 (App)",,,"{""Time"":""2026-04-14 17:42:47"",""UserUUID"":""aad928e0-afb3-11ef-b543-cbbf953b5fb8"",""attendanceCount"":7,""attendance_count"":7,""b.diamond"":4539,""b.ruby"":40,""boxAllCount"":6350,""curserver"":0,""equipmentData"":""W:22_0A:20_0"",""install_day"":""2024-12-01"",""totalPayment"":165000,""total_payment_amount"":165000,""user_name"":""주교"",""user_rank"":617,""user_stage"":200}"
"stage_reached_200 (App)",,,"{""Time"":""2026-04-14 17:41:16"",""UserUUID"":""1e73dea0-371f-11f1-a405-dda4a88ffed6"",""attendanceCount"":2,""attendance_count"":2,""b.diamond"":161022,""b.ruby"":0,""boxAllCount"":3780,""curserver"":2,""equipmentData"":""W:23_0A:23_0"",""install_day"":""2026-04-13"",""totalPayment"":7700,""total_payment_amount"":7700,""user_name"":""루이v"",""user_rank"":1258,""user_stage"":200}"
"stage_reached_200 (App)",,,"{""Time"":""2026-04-14 17:37:26"",""UserUUID"":""0e9fc540-3245-11f1-9d20-b93141ef44e2"",""attendanceCount"":8,""attendance_count"":8,""b.diamond"":11720,""b.ruby"":0,""boxAllCount"":4960,""curserver"":2,""equipmentData"":""W:22_0A:21_0"",""install_day"":""2026-04-07"",""totalPayment"":7700,""total_payment_amount"":7700,""user_name"":""아나내우"",""user_rank"":1238,""user_stage"":200}"
"stage_reached_200 (App)",,,"{""Time"":""2026-04-14 17:37:23"",""UserUUID"":""da5407b0-33c5-11f1-bbeb-e34d39148156"",""attendanceCount"":6,""attendance_count"":6,""b.diamond"":100241,""b.ruby"":0,""boxAllCount"":6100,""curserver"":2,""equipmentData"":""W:22_0A:20_0"",""install_day"":""2026-04-09"",""totalPayment"":0,""total_payment_amount"":0,""user_name"":""반키"",""user_rank"":1315,""user_stage"":200}"
"stage_reached_200 (App)",,,"{""Time"":""2026-04-14 17:35:30"",""UserUUID"":""21ff4090-3243-11f1-b03a-7b87d25f0153"",""attendanceCount"":8,""attendance_count"":8,""b.diamond"":14034,""b.ruby"":0,""boxAllCount"":2760,""curserver"":2,""equipmentData"":""W:20_0A:19_0"",""install_day"":""2026-04-07"",""totalPayment"":0,""total_payment_amount"":0,""user_name"":""달리는탕수육"",""user_rank"":1257,""user_stage"":200}"
"stage_reached_200 (App)",,,"{""Time"":""2026-04-14 17:34:56"",""UserUUID"":""50103e10-3245-11f1-9758-2d1c30faf5b5"",""attendanceCount"":8,""attendance_count"":8,""b.diamond"":87710,""b.ruby"":0,""boxAllCount"":3120,""curserver"":2,""equipmentData"":""W:20_0A:19_0"",""install_day"":""2026-04-07"",""totalPayment"":7700,""total_payment_amount"":7700,""user_name"":""용원보살"",""user_rank"":1191,""user_stage"":200}"
"stage_reached_200 (App)",,,"{""Time"":""2026-04-14 17:19:21"",""UserUUID"":""1ee468f0-2e46-11f1-9c5f-f3baefcb97f9"",""attendanceCount"":13,""attendance_count"":13,""b.diamond"":177658,""b.ruby"":0,""boxAllCount"":3310,""curserver"":1,""equipmentData"":""W:23_0A:20_0"",""install_day"":""2026-04-02"",""totalPayment"":0,""total_payment_amount"":0,""user_name"":""아이뻐베리"",""user_rank"":7264,""user_stage"":200}"
"stage_reached_200 (App)",,,"{""Time"":""2026-04-14 17:19:08"",""UserUUID"":""8de35290-324a-11f1-93c6-d965ffeff947"",""attendanceCount"":8,""attendance_count"":8,""b.diamond"":120358,""b.ruby"":0,""boxAllCount"":8750,""curserver"":2,""equipmentData"":""W:23_0A:23_0"",""install_day"":""2026-04-07"",""totalPayment"":7700,""total_payment_amount"":7700,""user_name"":""옥지몬"",""user_rank"":1794,""user_stage"":200}"
"stage_reached_200 (App)",,,"{""Time"":""2026-04-14 17:07:56"",""UserUUID"":""2e08b460-329e-11f1-bf0d-0768a26dba90"",""attendanceCount"":7,""attendance_count"":7,""b.diamond"":50145,""b.ruby"":0,""boxAllCount"":2810,""curserver"":2,""equipmentData"":""W:21_0A:19_0"",""install_day"":""2026-04-07"",""totalPayment"":7700,""total_payment_amount"":7700,""user_name"":""틸다하루은이"",""user_rank"":1547,""user_stage"":200}"
"stage_reached_200 (App)",,,"{""Time"":""2026-04-14 16:53:23"",""UserUUID"":""29848a00-32d9-11f1-8667-15196ccfe901"",""attendanceCount"":6,""attendance_count"":6,""b.diamond"":9825,""b.ruby"":0,""boxAllCount"":2910,""curserver"":2,""equipmentData"":""W:20_0A:19_0"",""install_day"":""2026-04-07"",""totalPayment"":7700,""total_payment_amount"":7700,""user_name"":""르앙"",""user_rank"":1272,""user_stage"":200}"
"stage_reached_200 (App)",,,"{""Time"":""2026-04-14 16:47:05"",""UserUUID"":""6b573fb0-354d-11f1-a59b-478cf6b27e7b"",""attendanceCount"":4,""attendance_count"":4,""b.diamond"":165832,""b.ruby"":0,""boxAllCount"":6950,""curserver"":2,""equipmentData"":""W:22_0A:20_0"",""install_day"":""2026-04-11"",""totalPayment"":18700,""total_payment_amount"":18700,""user_name"":""하늘콩"",""user_rank"":1282,""user_stage"":200}"
"stage_reached_200 (App)",,,"{""Time"":""2026-04-14 16:41:26"",""UserUUID"":""25c938c0-3423-11f1-b964-e3a75d9d1cae"",""attendanceCount"":5,""attendance_count"":5,""b.diamond"":209489,""b.ruby"":0,""boxAllCount"":1050,""curserver"":2,""equipmentData"":""W:21_0A:19_0"",""install_day"":""2026-04-09"",""totalPayment"":0,""total_payment_amount"":0,""user_name"":""채삐거"",""user_rank"":1495,""user_stage"":200}"
"stage_reached_200 (App)",,,"{""Time"":""2026-04-14 16:41:27"",""UserUUID"":""cabfc540-3303-11f1-9c22-535a32a1af8c"",""attendanceCount"":7,""attendance_count"":7,""b.diamond"":42258,""b.ruby"":0,""boxAllCount"":1350,""curserver"":2,""equipmentData"":""W:21_0A:19_0"",""install_day"":""2026-04-08"",""totalPayment"":7700,""total_payment_amount"":7700,""user_name"":""나뉴"",""user_rank"":1248,""user_stage"":200}"
"stage_reached_200 (App)",,,"{""Time"":""2026-04-14 16:38:43"",""UserUUID"":""1c157000-3360-11f1-ad63-db195998910e"",""attendanceCount"":6,""attendance_count"":6,""b.diamond"":76468,""b.ruby"":0,""boxAllCount"":3530,""curserver"":2,""equipmentData"":""W:20_0A:19_0"",""install_day"":""2026-04-08"",""totalPayment"":7700,""total_payment_amount"":7700,""user_name"":""세종손자"",""user_rank"":1227,""user_stage"":200}"
"stage_reached_200 (App)",,,"{""Time"":""2026-04-14 16:32:32"",""UserUUID"":""4204ef60-3361-11f1-92d7-7d700dfd1dac"",""attendanceCount"":6,""attendance_count"":6,""b.diamond"":12806,""b.ruby"":0,""boxAllCount"":3900,""curserver"":2,""equipmentData"":""W:21_0A:22_0"",""install_day"":""2026-04-08"",""totalPayment"":7700,""total_payment_amount"":7700,""user_name"":""파미"",""user_rank"":1226,""user_stage"":200}"
"stage_reached_200 (App)",,,"{""Time"":""2026-04-14 16:27:40"",""UserUUID"":""5a3c5900-3556-11f1-a70d-a9bfbdb8b7a9"",""attendanceCount"":4,""attendance_count"":4,""b.diamond"":43111,""b.ruby"":0,""boxAllCount"":2760,""curserver"":2,""equipmentData"":""W:21_0A:21_0"",""install_day"":""2026-04-11"",""totalPayment"":40700,""total_payment_amount"":40700,""user_name"":""북부"",""user_rank"":1496,""user_stage"":200}"
"stage_reached_200 (App)",,,"{""Time"":""2026-04-14 16:10:54"",""UserUUID"":""917fdd30-307c-11f1-ac84-bd6f2b97a25b"",""attendanceCount"":8,""attendance_count"":8,""b.diamond"":495053,""b.ruby"":0,""boxAllCount"":6040,""curserver"":2,""equipmentData"":""W:23_0A:19_0"",""install_day"":""2026-04-04"",""totalPayment"":11000,""total_payment_amount"":11000,""user_name"":""dada3243"",""user_rank"":1430,""user_stage"":200}"
"stage_reached_200 (App)",,,"{""Time"":""2026-04-14 16:00:57"",""UserUUID"":""3b2b3fd0-33ea-11f1-a321-514d4d404772"",""attendanceCount"":6,""attendance_count"":6,""b.diamond"":72227,""b.ruby"":0,""boxAllCount"":6340,""curserver"":2,""equipmentData"":""W:20_0A:20_0"",""install_day"":""2026-04-09"",""totalPayment"":14300,""total_payment_amount"":14300,""user_name"":""아수라수라"",""user_rank"":1201,""user_stage"":200}"
"stage_reached_200 (App)",,,"{""Time"":""2026-04-14 15:59:25"",""UserUUID"":""7370a9c0-69f6-11f0-9ccf-efc03aeeda2b"",""attendanceCount"":9,""attendance_count"":9,""b.diamond"":112682,""b.ruby"":0,""boxAllCount"":3300,""curserver"":2,""equipmentData"":""W:21_0A:19_0"",""install_day"":""2025-07-26"",""totalPayment"":7700,""total_payment_amount"":7700,""user_name"":""내가프로냐"",""user_rank"":1176,""user_stage"":200}"
"stage_reached_200 (App)",,,"{""Time"":""2026-04-14 15:44:18"",""UserUUID"":""ad7f52d0-3357-11f1-b987-0799d49acfc1"",""attendanceCount"":7,""attendance_count"":7,""b.diamond"":124681,""b.ruby"":0,""boxAllCount"":1290,""curserver"":2,""equipmentData"":""W:20_0A:19_0"",""install_day"":""2026-04-08"",""totalPayment"":7700,""total_payment_amount"":7700,""user_name"":""구건달"",""user_rank"":1488,""user_stage"":200}"
"stage_reached_200 (App)",,,"{""Time"":""2026-04-14 15:36:07"",""UserUUID"":""509920a0-3357-11f1-880c-d120064bd46c"",""attendanceCount"":7,""attendance_count"":7,""b.diamond"":30542,""b.ruby"":0,""boxAllCount"":6090,""curserver"":2,""equipmentData"":""W:23_0A:20_0"",""install_day"":""2026-04-08"",""totalPayment"":7700,""total_payment_amount"":7700,""user_name"":""후리뤤"",""user_rank"":1323,""user_stage"":200}"
"stage_reached_200 (App)",,,"{""Time"":""2026-04-14 15:29:33"",""UserUUID"":""0e758130-3417-11f1-a3bb-9b451bded09e"",""attendanceCount"":6,""attendance_count"":6,""b.diamond"":2511,""b.ruby"":0,""boxAllCount"":5740,""curserver"":2,""equipmentData"":""W:20_0A:19_0"",""install_day"":""2026-04-09"",""totalPayment"":7700,""total_payment_amount"":7700,""user_name"":""돈자"",""user_rank"":1210,""user_stage"":200}"
"stage_reached_200 (App)",,,"{""Time"":""2026-04-14 15:24:43"",""UserUUID"":""bc992740-332b-11f1-8ba8-eb19f6e3aedc"",""attendanceCount"":7,""attendance_count"":7,""b.diamond"":270842,""b.ruby"":0,""boxAllCount"":1020,""curserver"":2,""equipmentData"":""W:20_0A:19_0"",""install_day"":""2026-04-08"",""totalPayment"":7700,""total_payment_amount"":7700,""user_name"":""훼냐"",""user_rank"":1197,""user_stage"":200}"
"stage_reached_200 (App)",,,"{""Time"":""2026-04-14 15:05:13"",""UserUUID"":""cb836df0-3093-11f1-a0a5-b1f1c5e48406"",""attendanceCount"":10,""attendance_count"":10,""b.diamond"":54752,""b.ruby"":0,""boxAllCount"":6460,""curserver"":2,""equipmentData"":""W:20_0A:20_0"",""install_day"":""2026-04-05"",""totalPayment"":7700,""total_payment_amount"":7700,""user_name"":""하체반장"",""user_rank"":1296,""user_stage"":200}"
"stage_reached_200 (App)",,,"{""Time"":""2026-04-14 15:04:15"",""UserUUID"":""1d3fea30-3187-11f1-905f-b3a6c6cdda57"",""attendanceCount"":9,""attendance_count"":9,""b.diamond"":33368,""b.ruby"":0,""boxAllCount"":6070,""curserver"":2,""equipmentData"":""W:21_0A:20_0"",""install_day"":""2026-04-06"",""totalPayment"":7700,""total_payment_amount"":7700,""user_name"":""o제이엠o"",""user_rank"":1474,""user_stage"":200}"
"stage_reached_200 (App)",,,"{""Time"":""2026-04-14 14:49:52"",""UserUUID"":""bbe557b0-3588-11f1-8747-5df356bb1bd8"",""attendanceCount"":4,""attendance_count"":4,""b.diamond"":2770,""b.ruby"":0,""boxAllCount"":2640,""curserver"":2,""equipmentData"":""W:20_0A:19_0"",""install_day"":""2026-04-11"",""totalPayment"":47300,""total_payment_amount"":47300,""user_name"":""움니"",""user_rank"":1230,""user_stage"":200}"
"stage_reached_200 (App)",,,"{""Time"":""2026-04-14 14:47:30"",""UserUUID"":""5c6561d0-30e8-11f1-b028-5b7d07d16675"",""attendanceCount"":7,""attendance_count"":7,""b.diamond"":11083,""b.ruby"":0,""boxAllCount"":1230,""curserver"":2,""equipmentData"":""W:20_0A:19_0"",""install_day"":""2026-04-05"",""totalPayment"":11000,""total_payment_amount"":11000,""user_name"":""오화령"",""user_rank"":1344,""user_stage"":200}"
"stage_reached_200 (App)",,,"{""Time"":""2026-04-14 14:17:03"",""UserUUID"":""7924bfd0-3275-11f1-857d-231acdbd9392"",""attendanceCount"":8,""attendance_count"":8,""b.diamond"":245698,""b.ruby"":0,""boxAllCount"":4810,""curserver"":2,""equipmentData"":""W:21_0A:19_0"",""install_day"":""2026-04-07"",""totalPayment"":7700,""total_payment_amount"":7700,""user_name"":""폭칙"",""user_rank"":1647,""user_stage"":200}"
"stage_reached_200 (App)",,,"{""Time"":""2026-04-14 14:16:23"",""UserUUID"":""7fdb0da0-3254-11f1-abc7-277aec250472"",""attendanceCount"":8,""attendance_count"":8,""b.diamond"":183084,""b.ruby"":0,""boxAllCount"":2590,""curserver"":2,""equipmentData"":""W:20_0A:19_0"",""install_day"":""2026-04-07"",""totalPayment"":7700,""total_payment_amount"":7700,""user_name"":""남산동불주먹"",""user_rank"":1230,""user_stage"":200}"
"stage_reached_200 (App)",,,"{""Time"":""2026-04-14 14:15:15"",""UserUUID"":""de6b7b50-3760-11f1-86f4-679e86c9ed45"",""attendanceCount"":1,""attendance_count"":1,""b.diamond"":324869,""b.ruby"":1320,""boxAllCount"":6000,""curserver"":2,""equipmentData"":""W:23_0A:20_0"",""install_day"":""2026-04-13"",""totalPayment"":117700,""total_payment_amount"":117700,""user_name"":""대한국태왕"",""user_rank"":2071,""user_stage"":200}"
"stage_reached_200 (App)",,,"{""Time"":""2026-04-14 13:41:57"",""UserUUID"":""35bdcd60-3516-11f1-b188-378819fce209"",""attendanceCount"":4,""attendance_count"":4,""b.diamond"":7525,""b.ruby"":0,""boxAllCount"":1220,""curserver"":2,""equipmentData"":""W:19_0A:17_0"",""install_day"":""2026-04-10"",""totalPayment"":22000,""total_payment_amount"":22000,""user_name"":""사랄이"",""user_rank"":1197,""user_stage"":200}"
"stage_reached_200 (App)",,,"{""Time"":""2026-04-14 13:25:53"",""UserUUID"":""234fc450-34d3-11f1-ad87-8de22f47afa5"",""attendanceCount"":5,""attendance_count"":5,""b.diamond"":111684,""b.ruby"":0,""boxAllCount"":5280,""curserver"":2,""equipmentData"":""W:22_0A:19_0"",""install_day"":""2026-04-10"",""totalPayment"":0,""total_payment_amount"":0,""user_name"":""곤주"",""user_rank"":1328,""user_stage"":200}"
"stage_reached_200 (App)",,,"{""Time"":""2026-04-14 13:20:48"",""UserUUID"":""b29b7410-32f3-11f1-af93-815b04c26efa"",""attendanceCount"":7,""attendance_count"":7,""b.diamond"":86543,""b.ruby"":0,""boxAllCount"":3540,""curserver"":2,""equipmentData"":""W:23_0A:19_0"",""install_day"":""2026-04-08"",""totalPayment"":0,""total_payment_amount"":0,""user_name"":""불닭맛고기"",""user_rank"":1191,""user_stage"":200}"
"stage_reached_200 (App)",,,"{""Time"":""2026-04-14 13:15:11"",""UserUUID"":""2266cf30-32f7-11f1-8100-d172a004cd7f"",""attendanceCount"":7,""attendance_count"":7,""b.diamond"":5316,""b.ruby"":0,""boxAllCount"":1650,""curserver"":2,""equipmentData"":""W:21_0A:19_0"",""install_day"":""2026-04-08"",""totalPayment"":7700,""total_payment_amount"":7700,""user_name"":""강황제"",""user_rank"":1634,""user_stage"":200}"
"stage_reached_200 (App)",,,"{""Time"":""2026-04-14 13:11:14"",""UserUUID"":""c9afd3f0-3297-11f1-b844-951508060a6a"",""attendanceCount"":7,""attendance_count"":7,""b.diamond"":368083,""b.ruby"":0,""boxAllCount"":6010,""curserver"":2,""equipmentData"":""W:22_0A:20_0"",""install_day"":""2026-04-07"",""totalPayment"":7700,""total_payment_amount"":7700,""user_name"":""다한"",""user_rank"":1199,""user_stage"":200}"
"stage_reached_200 (App)",,,"{""Time"":""2026-04-14 13:09:07"",""UserUUID"":""f0122ac0-3116-11f1-8c1d-6345c93ee9a6"",""attendanceCount"":7,""attendance_count"":7,""b.diamond"":349099,""b.ruby"":0,""boxAllCount"":3250,""curserver"":2,""equipmentData"":""W:21_0A:19_0"",""install_day"":""2026-04-05"",""totalPayment"":51700,""total_payment_amount"":51700,""user_name"":""다무신사랑해"",""user_rank"":1277,""user_stage"":200}"
"stage_reached_200 (App)",,,"{""Time"":""2026-04-14 13:03:36"",""UserUUID"":""1c0d64f0-2fd7-11f1-aaa5-b9ee5a54e02f"",""attendanceCount"":11,""attendance_count"":11,""b.diamond"":8070,""b.ruby"":0,""boxAllCount"":3630,""curserver"":2,""equipmentData"":""W:21_0A:19_0"",""install_day"":""2026-04-04"",""totalPayment"":7700,""total_payment_amount"":7700,""user_name"":""베니다"",""user_rank"":1186,""user_stage"":200}"
"stage_reached_200 (App)",,,"{""Time"":""2026-04-14 13:02:55"",""UserUUID"":""dbbeb710-33cc-11f1-8d6f-c713e3e233a2"",""attendanceCount"":6,""attendance_count"":6,""b.diamond"":14176,""b.ruby"":0,""boxAllCount"":3360,""curserver"":2,""equipmentData"":""W:19_0A:19_0"",""install_day"":""2026-04-09"",""totalPayment"":7700,""total_payment_amount"":7700,""user_name"":""갈릭"",""user_rank"":1326,""user_stage"":200}"
"stage_reached_200 (App)",,,"{""Time"":""2026-04-14 13:02:18"",""UserUUID"":""d71d4a40-3413-11f1-b629-27bc2f9a5ccc"",""attendanceCount"":6,""attendance_count"":6,""b.diamond"":5139,""b.ruby"":0,""boxAllCount"":2490,""curserver"":2,""equipmentData"":""W:20_0A:19_0"",""install_day"":""2026-04-09"",""totalPayment"":7700,""total_payment_amount"":7700,""user_name"":""하이루하"",""user_rank"":1324,""user_stage"":200}"
"stage_reached_200 (App)",,,"{""Time"":""2026-04-14 12:58:27"",""UserUUID"":""662707b0-3173-11f1-9873-a151e541b0bd"",""attendanceCount"":8,""attendance_count"":8,""b.diamond"":115894,""b.ruby"":0,""boxAllCount"":1200,""curserver"":2,""equipmentData"":""W:23_0A:19_0"",""install_day"":""2026-04-06"",""totalPayment"":7700,""total_payment_amount"":7700,""user_name"":""조선충무공"",""user_rank"":1298,""user_stage"":200}"
"stage_reached_200 (App)",,,"{""Time"":""2026-04-14 12:56:10"",""UserUUID"":""1e33f220-337f-11f1-b9f2-f9bf69936b51"",""attendanceCount"":6,""attendance_count"":6,""b.diamond"":121770,""b.ruby"":0,""boxAllCount"":2700,""curserver"":2,""equipmentData"":""W:20_0A:19_0"",""install_day"":""2026-04-08"",""totalPayment"":7700,""total_payment_amount"":7700,""user_name"":""blueeee"",""user_rank"":1250,""user_stage"":200}"
"stage_reached_200 (App)",,,"{""Time"":""2026-04-14 12:55:50"",""UserUUID"":""ebfd89e0-3137-11f1-876d-bf0c166a6413"",""attendanceCount"":9,""attendance_count"":9,""b.diamond"":27468,""b.ruby"":0,""boxAllCount"":1680,""curserver"":2,""equipmentData"":""W:20_0A:19_0"",""install_day"":""2026-04-05"",""totalPayment"":0,""total_payment_amount"":0,""user_name"":""또리따미"",""user_rank"":1324,""user_stage"":200}"
"stage_reached_200 (App)",,,"{""Time"":""2026-04-14 12:51:46"",""UserUUID"":""9f56b550-2fd7-11f1-a0ba-b56beb4c32c1"",""attendanceCount"":10,""attendance_count"":10,""b.diamond"":2113,""b.ruby"":0,""boxAllCount"":3190,""curserver"":2,""equipmentData"":""W:21_0A:19_0"",""install_day"":""2026-04-04"",""totalPayment"":7700,""total_payment_amount"":7700,""user_name"":""신평"",""user_rank"":1601,""user_stage"":200}"
"stage_reached_200 (App)",,,"{""Time"":""2026-04-14 12:46:20"",""UserUUID"":""9f42b320-300e-11f1-8afe-7f0710cf88d1"",""attendanceCount"":11,""attendance_count"":11,""b.diamond"":86889,""b.ruby"":0,""boxAllCount"":8560,""curserver"":2,""equipmentData"":""W:20_0A:22_0"",""install_day"":""2026-04-04"",""totalPayment"":7700,""total_payment_amount"":7700,""user_name"":""닥나무농사꾼"",""user_rank"":1236,""user_stage"":200}"
"stage_reached_200 (App)",,,"{""Time"":""2026-04-14 12:32:35"",""UserUUID"":""6cf38df0-3305-11f1-aed7-a5272790d570"",""attendanceCount"":7,""attendance_count"":7,""b.diamond"":13520,""b.ruby"":0,""boxAllCount"":4540,""curserver"":2,""equipmentData"":""W:21_0A:23_0"",""install_day"":""2026-04-08"",""totalPayment"":7700,""total_payment_amount"":7700,""user_name"":""재이혀기"",""user_rank"":1291,""user_stage"":200}"
"stage_reached_200 (App)",,,"{""Time"":""2026-04-14 12:30:40"",""UserUUID"":""dd44e5b0-2e99-11f1-83b4-d7dce9b28c93"",""attendanceCount"":13,""attendance_count"":13,""b.diamond"":2133,""b.ruby"":0,""boxAllCount"":6730,""curserver"":1,""equipmentData"":""W:22_0A:20_0"",""install_day"":""2026-04-02"",""totalPayment"":0,""total_payment_amount"":0,""user_name"":""남생"",""user_rank"":7396,""user_stage"":200}"
"stage_reached_200 (App)",,,"{""Time"":""2026-04-14 12:26:16"",""UserUUID"":""c39de540-3230-11f1-9758-2d1c30faf5b5"",""attendanceCount"":8,""attendance_count"":8,""b.diamond"":24410,""b.ruby"":0,""boxAllCount"":270,""curserver"":2,""equipmentData"":""W:20_0A:19_0"",""install_day"":""2026-04-07"",""totalPayment"":7700,""total_payment_amount"":7700,""user_name"":""Sibong"",""user_rank"":1291,""user_stage"":200}"
"stage_reached_200 (App)",,,"{""Time"":""2026-04-14 12:23:57"",""UserUUID"":""bafcb890-326b-11f1-91e3-afddb5ab0512"",""attendanceCount"":8,""attendance_count"":8,""b.diamond"":12996,""b.ruby"":0,""boxAllCount"":8810,""curserver"":2,""equipmentData"":""W:22_0A:20_0"",""install_day"":""2026-04-07"",""totalPayment"":7700,""total_payment_amount"":7700,""user_name"":""올라프"",""user_rank"":1380,""user_stage"":200}"
"stage_reached_200 (App)",,,"{""Time"":""2026-04-14 12:23:38"",""UserUUID"":""574909f0-33f3-11f1-a273-a1828af9fb78"",""attendanceCount"":6,""attendance_count"":6,""b.diamond"":42093,""b.ruby"":220,""boxAllCount"":2490,""curserver"":2,""equipmentData"":""W:20_0A:19_0"",""install_day"":""2026-04-09"",""totalPayment"":70400,""total_payment_amount"":70400,""user_name"":""만만춘"",""user_rank"":1209,""user_stage"":200}"
"stage_reached_200 (App)",,,"{""Time"":""2026-04-14 12:22:36"",""UserUUID"":""12f55e80-30aa-11f1-8e85-d3206050e76b"",""attendanceCount"":10,""attendance_count"":10,""b.diamond"":109208,""b.ruby"":0,""boxAllCount"":6580,""curserver"":2,""equipmentData"":""W:20_0A:20_0"",""install_day"":""2026-04-05"",""totalPayment"":7700,""total_payment_amount"":7700,""user_name"":""펴펴"",""user_rank"":1169,""user_stage"":200}"
"stage_reached_200 (App)",,,"{""Time"":""2026-04-14 12:21:41"",""UserUUID"":""a64d4ca0-31c8-11f1-9033-375b699f179f"",""attendanceCount"":9,""attendance_count"":9,""b.diamond"":62931,""b.ruby"":0,""boxAllCount"":6040,""curserver"":2,""equipmentData"":""W:21_0A:21_0"",""install_day"":""2026-04-06"",""totalPayment"":7700,""total_payment_amount"":7700,""user_name"":""흠찬"",""user_rank"":1773,""user_stage"":200}"
"stage_reached_200 (App)",,,"{""Time"":""2026-04-14 12:14:34"",""UserUUID"":""382f9080-3280-11f1-821e-6de81a3eb929"",""attendanceCount"":8,""attendance_count"":8,""b.diamond"":92189,""b.ruby"":0,""boxAllCount"":3090,""curserver"":2,""equipmentData"":""W:20_0A:19_0"",""install_day"":""2026-04-07"",""totalPayment"":11000,""total_payment_amount"":11000,""user_name"":""현규"",""user_rank"":1169,""user_stage"":200}"
"stage_reached_200 (App)",,,"{""Time"":""2026-04-14 12:07:42"",""UserUUID"":""e169b880-31c0-11f1-9a2a-d7d6c2536d7d"",""attendanceCount"":9,""attendance_count"":9,""b.diamond"":11982,""b.ruby"":0,""boxAllCount"":5700,""curserver"":2,""equipmentData"":""W:23_0A:19_0"",""install_day"":""2026-04-06"",""totalPayment"":0,""total_payment_amount"":0,""user_name"":""테무추영우"",""user_rank"":1237,""user_stage"":200}"
"stage_reached_200 (App)",,,"{""Time"":""2026-04-14 12:07:04"",""UserUUID"":""b137eb70-32fe-11f1-b32c-4ba1e2782556"",""attendanceCount"":7,""attendance_count"":7,""b.diamond"":237046,""b.ruby"":0,""boxAllCount"":7100,""curserver"":2,""equipmentData"":""W:20_0A:22_0"",""install_day"":""2026-04-08"",""totalPayment"":7700,""total_payment_amount"":7700,""user_name"":""카미나리노코큐"",""user_rank"":1259,""user_stage"":200}"
"stage_reached_200 (App)",,,"{""Time"":""2026-04-14 12:00:24"",""UserUUID"":""c09219b0-32d1-11f1-85bd-3bc826c85aad"",""attendanceCount"":7,""attendance_count"":7,""b.diamond"":23018,""b.ruby"":0,""boxAllCount"":2310,""curserver"":2,""equipmentData"":""W:23_0A:19_0"",""install_day"":""2026-04-07"",""totalPayment"":7700,""total_payment_amount"":7700,""user_name"":""소멸"",""user_rank"":1162,""user_stage"":200}"
"stage_reached_200 (App)",,,"{""Time"":""2026-04-14 12:00:11"",""UserUUID"":""a93a7e00-3327-11f1-ad26-918d01757ce7"",""attendanceCount"":7,""attendance_count"":7,""b.diamond"":172054,""b.ruby"":0,""boxAllCount"":5050,""curserver"":2,""equipmentData"":""W:22_0A:21_0"",""install_day"":""2026-04-08"",""totalPayment"":7700,""total_payment_amount"":7700,""user_name"":""잇싸"",""user_rank"":1372,""user_stage"":200}"
"stage_reached_200 (App)",,,"{""Time"":""2026-04-14 11:55:17"",""UserUUID"":""8ef17c90-2f3c-11f1-8562-85753e04986d"",""attendanceCount"":12,""attendance_count"":12,""b.diamond"":1792,""b.ruby"":0,""boxAllCount"":5160,""curserver"":2,""equipmentData"":""W:20_0A:19_0"",""install_day"":""2026-04-03"",""totalPayment"":0,""total_payment_amount"":0,""user_name"":""김냠냠"",""user_rank"":1186,""user_stage"":200}"
"stage_reached_200 (App)",,,"{""Time"":""2026-04-14 11:51:55"",""UserUUID"":""36641ce0-3310-11f1-8667-15196ccfe901"",""attendanceCount"":7,""attendance_count"":7,""b.diamond"":8654,""b.ruby"":0,""boxAllCount"":1020,""curserver"":2,""equipmentData"":""W:20_0A:19_0"",""install_day"":""2026-04-08"",""totalPayment"":7700,""total_payment_amount"":7700,""user_name"":""또화지"",""user_rank"":1170,""user_stage"":200}"
"stage_reached_200 (App)",,,"{""Time"":""2026-04-14 11:47:36"",""UserUUID"":""8192b020-366f-11f1-a809-39d9f608c2e7"",""attendanceCount"":3,""attendance_count"":3,""b.diamond"":12918,""b.ruby"":0,""boxAllCount"":2470,""curserver"":2,""equipmentData"":""W:23_0A:21_0"",""install_day"":""2026-04-12"",""totalPayment"":7700,""total_payment_amount"":7700,""user_name"":""박재훈"",""user_rank"":1304,""user_stage"":200}"
"stage_reached_200 (App)",,,"{""Time"":""2026-04-14 11:36:55"",""UserUUID"":""36cc1040-327d-11f1-8667-15196ccfe901"",""attendanceCount"":8,""attendance_count"":8,""b.diamond"":695756,""b.ruby"":0,""boxAllCount"":3330,""curserver"":2,""equipmentData"":""W:20_0A:19_0"",""install_day"":""2026-04-07"",""totalPayment"":7700,""total_payment_amount"":7700,""user_name"":""잔세"",""user_rank"":1248,""user_stage"":200}"
"stage_reached_200 (App)",,,"{""Time"":""2026-04-14 11:32:43"",""UserUUID"":""d98d9640-347c-11f1-88e2-e3a1caff33e5"",""attendanceCount"":5,""attendance_count"":5,""b.diamond"":11181,""b.ruby"":0,""boxAllCount"":3990,""curserver"":2,""equipmentData"":""W:20_0A:19_0"",""install_day"":""2026-04-10"",""totalPayment"":22000,""total_payment_amount"":22000,""user_name"":""스레기"",""user_rank"":1301,""user_stage"":200}"
"stage_reached_200 (App)",,,"{""Time"":""2026-04-14 11:31:31"",""UserUUID"":""025fc620-32b0-11f1-8367-fd99ee2bd44e"",""attendanceCount"":7,""attendance_count"":7,""b.diamond"":28757,""b.ruby"":0,""boxAllCount"":3090,""curserver"":2,""equipmentData"":""W:21_0A:19_0"",""install_day"":""2026-04-07"",""totalPayment"":7700,""total_payment_amount"":7700,""user_name"":""김으아"",""user_rank"":1345,""user_stage"":200}"
"stage_reached_200 (App)",,,"{""Time"":""2026-04-14 11:11:08"",""UserUUID"":""f4c82bb0-3269-11f1-91fe-3341ad2783a6"",""attendanceCount"":8,""attendance_count"":8,""b.diamond"":1095215,""b.ruby"":0,""boxAllCount"":1320,""curserver"":2,""equipmentData"":""W:20_0A:19_0"",""install_day"":""2026-04-07"",""totalPayment"":7700,""total_payment_amount"":7700,""user_name"":""또리또"",""user_rank"":1285,""user_stage"":200}"
"stage_reached_200 (App)",,,"{""Time"":""2026-04-14 11:06:27"",""UserUUID"":""f03865c0-355b-11f1-9e6a-27620ba889cb"",""attendanceCount"":4,""attendance_count"":4,""b.diamond"":87675,""b.ruby"":0,""boxAllCount"":150,""curserver"":2,""equipmentData"":""W:20_0A:15_0"",""install_day"":""2026-04-11"",""totalPayment"":0,""total_payment_amount"":0,""user_name"":""Astrix"",""user_rank"":1261,""user_stage"":200}"
"stage_reached_200 (App)",,,"{""Time"":""2026-04-14 11:00:45"",""UserUUID"":""96d946d0-328f-11f1-947b-33c0b0db1b1f"",""attendanceCount"":8,""attendance_count"":8,""b.diamond"":49445,""b.ruby"":0,""boxAllCount"":4310,""curserver"":2,""equipmentData"":""W:23_0A:19_0"",""install_day"":""2026-04-07"",""totalPayment"":7700,""total_payment_amount"":7700,""user_name"":""그리운오소리"",""user_rank"":1357,""user_stage"":200}"
"stage_reached_200 (App)",,,"{""Time"":""2026-04-14 10:57:30"",""UserUUID"":""8ad6bc90-324f-11f1-aceb-cdb128d1366a"",""attendanceCount"":8,""attendance_count"":8,""b.diamond"":31325,""b.ruby"":0,""boxAllCount"":6120,""curserver"":2,""equipmentData"":""W:23_0A:22_0"",""install_day"":""2026-04-07"",""totalPayment"":0,""total_payment_amount"":0,""user_name"":""감자떡"",""user_rank"":1830,""user_stage"":200}"
"stage_reached_200 (App)",,,"{""Time"":""2026-04-14 10:55:56"",""UserUUID"":""291a1a70-33c0-11f1-afd7-9d5569116599"",""attendanceCount"":6,""attendance_count"":6,""b.diamond"":24989,""b.ruby"":0,""boxAllCount"":450,""curserver"":2,""equipmentData"":""W:18_0A:19_0"",""install_day"":""2026-04-09"",""totalPayment"":7700,""total_payment_amount"":7700,""user_name"":""찬찬이이"",""user_rank"":1156,""user_stage"":200}"
"stage_reached_200 (App)",,,"{""Time"":""2026-04-14 10:52:58"",""UserUUID"":""bc9e35a0-3402-11f1-9121-b5cceafc2fc6"",""attendanceCount"":6,""attendance_count"":6,""b.diamond"":188196,""b.ruby"":0,""boxAllCount"":6050,""curserver"":2,""equipmentData"":""W:22_0A:20_0"",""install_day"":""2026-04-09"",""totalPayment"":7700,""total_payment_amount"":7700,""user_name"":""온율아부지"",""user_rank"":1189,""user_stage"":200}"
"stage_reached_200 (App)",,,"{""Time"":""2026-04-14 10:47:53"",""UserUUID"":""8872f3f0-33b8-11f1-a86b-37edcb4f9c8f"",""attendanceCount"":6,""attendance_count"":6,""b.diamond"":145276,""b.ruby"":0,""boxAllCount"":810,""curserver"":2,""equipmentData"":""W:20_0A:19_0"",""install_day"":""2026-04-09"",""totalPayment"":7700,""total_payment_amount"":7700,""user_name"":""쏭e"",""user_rank"":1173,""user_stage"":200}"
"stage_reached_200 (App)",,,"{""Time"":""2026-04-14 10:43:26"",""UserUUID"":""9d8e4b60-328a-11f1-a239-85853628010d"",""attendanceCount"":8,""attendance_count"":8,""b.diamond"":100701,""b.ruby"":3410,""boxAllCount"":6070,""curserver"":2,""equipmentData"":""W:21_0A:20_0"",""install_day"":""2026-04-07"",""totalPayment"":51700,""total_payment_amount"":51700,""user_name"":""태사후"",""user_rank"":1206,""user_stage"":200}"
"stage_reached_200 (App)",,,"{""Time"":""2026-04-14 10:35:43"",""UserUUID"":""8723ee30-31d5-11f1-8ecf-1935cadd02d4"",""attendanceCount"":8,""attendance_count"":8,""b.diamond"":1057,""b.ruby"":0,""boxAllCount"":3150,""curserver"":2,""equipmentData"":""W:22_0A:19_0"",""install_day"":""2026-04-06"",""totalPayment"":18700,""total_payment_amount"":18700,""user_name"":""파타고니아"",""user_rank"":1350,""user_stage"":200}"
"stage_reached_200 (App)",,,"{""Time"":""2026-04-14 10:34:05"",""UserUUID"":""c868cae0-348d-11f1-b357-7b0dd34ee9af"",""attendanceCount"":5,""attendance_count"":5,""b.diamond"":74402,""b.ruby"":0,""boxAllCount"":2670,""curserver"":2,""equipmentData"":""W:21_0A:19_0"",""install_day"":""2026-04-10"",""totalPayment"":40700,""total_payment_amount"":40700,""user_name"":""AMG"",""user_rank"":1256,""user_stage"":200}"
"stage_reached_200 (App)",,,"{""Time"":""2026-04-14 10:34:09"",""UserUUID"":""3a2f7360-3329-11f1-a6a8-07161db1a495"",""attendanceCount"":7,""attendance_count"":7,""b.diamond"":26858,""b.ruby"":0,""boxAllCount"":6010,""curserver"":2,""equipmentData"":""W:20_0A:19_0"",""install_day"":""2026-04-08"",""totalPayment"":7700,""total_payment_amount"":7700,""user_name"":""꽐라"",""user_rank"":1201,""user_stage"":200}"
"stage_reached_200 (App)",,,"{""Time"":""2026-04-14 10:33:29"",""UserUUID"":""6030c540-33a7-11f1-8cee-dde9ae47e43d"",""attendanceCount"":6,""attendance_count"":6,""b.diamond"":16089,""b.ruby"":0,""boxAllCount"":3420,""curserver"":2,""equipmentData"":""W:20_0A:21_0"",""install_day"":""2026-04-09"",""totalPayment"":7700,""total_payment_amount"":7700,""user_name"":""아름찡"",""user_rank"":1139,""user_stage"":200}"
"stage_reached_200 (App)",,,"{""Time"":""2026-04-14 10:32:07"",""UserUUID"":""05a05470-335b-11f1-96aa-b751c2ce1541"",""attendanceCount"":7,""attendance_count"":7,""b.diamond"":80482,""b.ruby"":0,""boxAllCount"":3990,""curserver"":2,""equipmentData"":""W:21_0A:19_0"",""install_day"":""2026-04-08"",""totalPayment"":0,""total_payment_amount"":0,""user_name"":""귀여운송송이"",""user_rank"":1144,""user_stage"":200}"
"stage_reached_200 (App)",,,"{""Time"":""2026-04-14 10:31:23"",""UserUUID"":""0c5a6290-cb8e-11f0-928c-8d120128d6f1"",""attendanceCount"":13,""attendance_count"":13,""b.diamond"":15870,""b.ruby"":0,""boxAllCount"":7800,""curserver"":1,""equipmentData"":""W:21_0A:20_0"",""install_day"":""2025-11-27"",""totalPayment"":0,""total_payment_amount"":0,""user_name"":""박윤수"",""user_rank"":7175,""user_stage"":200}"
"stage_reached_200 (App)",,,"{""Time"":""2026-04-14 10:25:42"",""UserUUID"":""4e525c70-327c-11f1-9338-bbea93f7470a"",""attendanceCount"":8,""attendance_count"":8,""b.diamond"":23099,""b.ruby"":0,""boxAllCount"":1490,""curserver"":2,""equipmentData"":""W:23_0A:19_0"",""install_day"":""2026-04-07"",""totalPayment"":14300,""total_payment_amount"":14300,""user_name"":""태건태세문단속"",""user_rank"":1391,""user_stage"":200}"
"stage_reached_200 (App)",,,"{""Time"":""2026-04-14 10:21:26"",""UserUUID"":""f0e1e620-33f0-11f1-920b-33d7975fae34"",""attendanceCount"":6,""attendance_count"":6,""b.diamond"":130024,""b.ruby"":0,""boxAllCount"":6130,""curserver"":2,""equipmentData"":""W:22_0A:20_0"",""install_day"":""2026-04-09"",""totalPayment"":7700,""total_payment_amount"":7700,""user_name"":""최호열"",""user_rank"":1344,""user_stage"":200}"
"stage_reached_200 (App)",,,"{""Time"":""2026-04-14 10:16:44"",""UserUUID"":""5a453ca0-3277-11f1-b844-951508060a6a"",""attendanceCount"":8,""attendance_count"":8,""b.diamond"":217617,""b.ruby"":0,""boxAllCount"":1800,""curserver"":2,""equipmentData"":""W:20_0A:20_0"",""install_day"":""2026-04-07"",""totalPayment"":18700,""total_payment_amount"":18700,""user_name"":""남성성"",""user_rank"":1139,""user_stage"":200}"
"stage_reached_200 (App)",,,"{""Time"":""2026-04-14 10:11:57"",""UserUUID"":""b0679880-33c1-11f1-8944-33ee1d1f7a68"",""attendanceCount"":6,""attendance_count"":6,""b.diamond"":73813,""b.ruby"":0,""boxAllCount"":1140,""curserver"":2,""equipmentData"":""W:19_0A:19_0"",""install_day"":""2026-04-09"",""totalPayment"":7700,""total_payment_amount"":7700,""user_name"":""Hotbbari"",""user_rank"":1382,""user_stage"":200}"
"stage_reached_200 (App)",,,"{""Time"":""2026-04-14 10:11:18"",""UserUUID"":""27de49a0-33c1-11f1-a924-394237907d95"",""attendanceCount"":6,""attendance_count"":6,""b.diamond"":1887,""b.ruby"":0,""boxAllCount"":1210,""curserver"":2,""equipmentData"":""W:17_0A:19_0"",""install_day"":""2026-04-09"",""totalPayment"":28600,""total_payment_amount"":28600,""user_name"":""한쿡사9등급"",""user_rank"":1203,""user_stage"":200}"
"stage_reached_200 (App)",,,"{""Time"":""2026-04-14 10:11:14"",""UserUUID"":""e4d1e670-3344-11f1-82c7-27fac31f9892"",""attendanceCount"":7,""attendance_count"":7,""b.diamond"":4925,""b.ruby"":0,""boxAllCount"":1500,""curserver"":2,""equipmentData"":""W:20_0A:16_0"",""install_day"":""2026-04-08"",""totalPayment"":27500,""total_payment_amount"":27500,""user_name"":""김민관"",""user_rank"":1345,""user_stage"":200}"
"stage_reached_200 (App)",,,"{""Time"":""2026-04-14 10:08:40"",""UserUUID"":""c01e0210-3348-11f1-95ae-3bed9c2aee9d"",""attendanceCount"":7,""attendance_count"":7,""b.diamond"":16335,""b.ruby"":0,""boxAllCount"":6040,""curserver"":2,""equipmentData"":""W:21_0A:20_0"",""install_day"":""2026-04-08"",""totalPayment"":7700,""total_payment_amount"":7700,""user_name"":""사어천"",""user_rank"":1113,""user_stage"":200}"
"stage_reached_200 (App)",,,"{""Time"":""2026-04-14 10:06:30"",""UserUUID"":""2d1f88e0-353b-11f1-84b4-15a521e9d64e"",""attendanceCount"":4,""attendance_count"":4,""b.diamond"":8899,""b.ruby"":0,""boxAllCount"":3360,""curserver"":2,""equipmentData"":""W:20_0A:22_0"",""install_day"":""2026-04-11"",""totalPayment"":7700,""total_payment_amount"":7700,""user_name"":""엑실리아"",""user_rank"":1145,""user_stage"":200}"
"stage_reached_200 (App)",,,"{""Time"":""2026-04-14 10:04:32"",""UserUUID"":""210f8450-35af-11f1-a199-a39f742bc8f3"",""attendanceCount"":4,""attendance_count"":4,""b.diamond"":71485,""b.ruby"":0,""boxAllCount"":6040,""curserver"":2,""equipmentData"":""W:22_0A:23_0"",""install_day"":""2026-04-11"",""totalPayment"":29700,""total_payment_amount"":29700,""user_name"":""통암"",""user_rank"":1279,""user_stage"":200}"
"stage_reached_200 (App)",,,"{""Time"":""2026-04-14 09:52:12"",""UserUUID"":""28615db0-3671-11f1-a809-39d9f608c2e7"",""attendanceCount"":3,""attendance_count"":3,""b.diamond"":19069,""b.ruby"":110,""boxAllCount"":6930,""curserver"":2,""equipmentData"":""W:23_0A:22_0"",""install_day"":""2026-04-12"",""totalPayment"":152900,""total_payment_amount"":152900,""user_name"":""정현공주"",""user_rank"":1457,""user_stage"":200}"
"stage_reached_200 (App)",,,"{""Time"":""2026-04-14 09:46:50"",""UserUUID"":""4ef77e70-326e-11f1-917d-2b68ae914432"",""attendanceCount"":8,""attendance_count"":8,""b.diamond"":320890,""b.ruby"":0,""boxAllCount"":6250,""curserver"":2,""equipmentData"":""W:22_0A:22_0"",""install_day"":""2026-04-07"",""totalPayment"":7700,""total_payment_amount"":7700,""user_name"":""주녕아"",""user_rank"":1527,""user_stage"":200}"
"stage_reached_200 (App)",,,"{""Time"":""2026-04-14 09:45:45"",""UserUUID"":""7c960ba0-3550-11f1-b7b5-b952d6bb6906"",""attendanceCount"":4,""attendance_count"":4,""b.diamond"":417858,""b.ruby"":0,""boxAllCount"":2970,""curserver"":2,""equipmentData"":""W:22_0A:17_0"",""install_day"":""2026-04-11"",""totalPayment"":118800,""total_payment_amount"":118800,""user_name"":""황혐"",""user_rank"":1379,""user_stage"":200}"
"stage_reached_200 (App)",,,"{""Time"":""2026-04-14 09:44:27"",""UserUUID"":""15c18e30-3268-11f1-b4dd-9336decab5c2"",""attendanceCount"":8,""attendance_count"":8,""b.diamond"":136969,""b.ruby"":0,""boxAllCount"":7850,""curserver"":2,""equipmentData"":""W:21_0A:20_0"",""install_day"":""2026-04-07"",""totalPayment"":7700,""total_payment_amount"":7700,""user_name"":""호이킹"",""user_rank"":1174,""user_stage"":200}"
"stage_reached_200 (App)",,,"{""Time"":""2026-04-14 09:42:50"",""UserUUID"":""43de5650-31cc-11f1-8c90-f1e79a012413"",""attendanceCount"":8,""attendance_count"":8,""b.diamond"":34796,""b.ruby"":0,""boxAllCount"":1380,""curserver"":2,""equipmentData"":""W:20_0A:19_0"",""install_day"":""2026-04-06"",""totalPayment"":7700,""total_payment_amount"":7700,""user_name"":""하니주니"",""user_rank"":1129,""user_stage"":200}"
"stage_reached_200 (App)",,,"{""Time"":""2026-04-14 09:41:24"",""UserUUID"":""78376760-33da-11f1-af95-b5c93f9bae87"",""attendanceCount"":6,""attendance_count"":6,""b.diamond"":44926,""b.ruby"":0,""boxAllCount"":150,""curserver"":2,""equipmentData"":""W:18_0A:19_0"",""install_day"":""2026-04-09"",""totalPayment"":0,""total_payment_amount"":0,""user_name"":""리처"",""user_rank"":1174,""user_stage"":200}"
"stage_reached_200 (App)",,,"{""Time"":""2026-04-14 09:39:00"",""UserUUID"":""00715020-34bf-11f1-bdbc-1d083bff0b3c"",""attendanceCount"":5,""attendance_count"":5,""b.diamond"":168644,""b.ruby"":0,""boxAllCount"":3150,""curserver"":2,""equipmentData"":""W:23_0A:18_0"",""install_day"":""2026-04-10"",""totalPayment"":0,""total_payment_amount"":0,""user_name"":""상주총각"",""user_rank"":1272,""user_stage"":200}"
"stage_reached_200 (App)",,,"{""Time"":""2026-04-14 09:30:12"",""UserUUID"":""a4708ec0-32b7-11f1-8711-bdda46a3915d"",""attendanceCount"":7,""attendance_count"":7,""b.diamond"":174986,""b.ruby"":0,""boxAllCount"":2100,""curserver"":2,""equipmentData"":""W:20_0A:19_0"",""install_day"":""2026-04-07"",""totalPayment"":20900,""total_payment_amount"":20900,""user_name"":""준수한평딜"",""user_rank"":1311,""user_stage"":200}"
"stage_reached_200 (App)",,,"{""Time"":""2026-04-14 09:20:19"",""UserUUID"":""900c4680-321d-11f1-9496-4f813fa18675"",""attendanceCount"":8,""attendance_count"":8,""b.diamond"":144305,""b.ruby"":0,""boxAllCount"":7640,""curserver"":2,""equipmentData"":""W:20_0A:21_0"",""install_day"":""2026-04-07"",""totalPayment"":7700,""total_payment_amount"":7700,""user_name"":""달려라덩어리"",""user_rank"":1330,""user_stage"":200}"
"stage_reached_200 (App)",,,"{""Time"":""2026-04-14 09:19:09"",""UserUUID"":""27fba0c0-3431-11f1-8b85-c1d750519304"",""attendanceCount"":5,""attendance_count"":5,""b.diamond"":18212,""b.ruby"":0,""boxAllCount"":2750,""curserver"":2,""equipmentData"":""W:19_0A:19_0"",""install_day"":""2026-04-09"",""totalPayment"":7700,""total_payment_amount"":7700,""user_name"":""봄동자이언츠"",""user_rank"":1405,""user_stage"":200}"
"stage_reached_200 (App)",,,"{""Time"":""2026-04-14 09:19:11"",""UserUUID"":""f87cf120-34ec-11f1-a084-dfdae9dcfbd5"",""attendanceCount"":5,""attendance_count"":5,""b.diamond"":137908,""b.ruby"":0,""boxAllCount"":1140,""curserver"":2,""equipmentData"":""W:22_0A:19_0"",""install_day"":""2026-04-10"",""totalPayment"":7700,""total_payment_amount"":7700,""user_name"":""우준랜드"",""user_rank"":1137,""user_stage"":200}"
"stage_reached_200 (App)",,,"{""Time"":""2026-04-14 09:18:09"",""UserUUID"":""6d49dea0-34a2-11f1-85a8-d536ef8b3d16"",""attendanceCount"":5,""attendance_count"":5,""b.diamond"":5183,""b.ruby"":0,""boxAllCount"":1210,""curserver"":2,""equipmentData"":""W:20_0A:20_0"",""install_day"":""2026-04-10"",""totalPayment"":7700,""total_payment_amount"":7700,""user_name"":""영채"",""user_rank"":1333,""user_stage"":200}"
"stage_reached_200 (App)",,,"{""Time"":""2026-04-14 09:15:54"",""UserUUID"":""1ddf9e90-32e5-11f1-a6a8-07161db1a495"",""attendanceCount"":7,""attendance_count"":7,""b.diamond"":259629,""b.ruby"":0,""boxAllCount"":6310,""curserver"":2,""equipmentData"":""W:20_0A:20_0"",""install_day"":""2026-04-08"",""totalPayment"":18700,""total_payment_amount"":18700,""user_name"":""라동연수"",""user_rank"":1190,""user_stage"":200}"
"stage_reached_200 (App)",,,"{""Time"":""2026-04-14 09:12:39"",""UserUUID"":""1b002c00-33fb-11f1-ab54-69ff553be341"",""attendanceCount"":6,""attendance_count"":6,""b.diamond"":233895,""b.ruby"":0,""boxAllCount"":5350,""curserver"":2,""equipmentData"":""W:21_0A:19_0"",""install_day"":""2026-04-09"",""totalPayment"":7700,""total_payment_amount"":7700,""user_name"":""원주시"",""user_rank"":1149,""user_stage"":200}"
"stage_reached_200 (App)",,,"{""Time"":""2026-04-14 09:09:02"",""UserUUID"":""e0b4b450-3308-11f1-aed7-a5272790d570"",""attendanceCount"":7,""attendance_count"":7,""b.diamond"":90508,""b.ruby"":0,""boxAllCount"":1290,""curserver"":2,""equipmentData"":""W:21_0A:19_0"",""install_day"":""2026-04-08"",""totalPayment"":7700,""total_payment_amount"":7700,""user_name"":""제미나이"",""user_rank"":1212,""user_stage"":200}"
"stage_reached_200 (App)",,,"{""Time"":""2026-04-14 09:09:28"",""UserUUID"":""ce0b9220-3285-11f1-b7d9-efdf1561da45"",""attendanceCount"":8,""attendance_count"":8,""b.diamond"":128488,""b.ruby"":0,""boxAllCount"":1410,""curserver"":2,""equipmentData"":""W:20_0A:19_0"",""install_day"":""2026-04-07"",""totalPayment"":7700,""total_payment_amount"":7700,""user_name"":""barri"",""user_rank"":1221,""user_stage"":200}"
"stage_reached_200 (App)",,,"{""Time"":""2026-04-14 09:04:16"",""UserUUID"":""d9cff600-3285-11f1-8711-bdda46a3915d"",""attendanceCount"":8,""attendance_count"":8,""b.diamond"":106763,""b.ruby"":0,""boxAllCount"":4500,""curserver"":2,""equipmentData"":""W:21_0A:21_0"",""install_day"":""2026-04-07"",""totalPayment"":7700,""total_payment_amount"":7700,""user_name"":""아디오스"",""user_rank"":1265,""user_stage"":200}"
"stage_reached_200 (App)",,,"{""Time"":""2026-04-14 09:01:35"",""UserUUID"":""cc4e55f0-327e-11f1-9338-bbea93f7470a"",""attendanceCount"":8,""attendance_count"":8,""b.diamond"":95949,""b.ruby"":0,""boxAllCount"":1230,""curserver"":2,""equipmentData"":""W:20_0A:19_0"",""install_day"":""2026-04-07"",""totalPayment"":0,""total_payment_amount"":0,""user_name"":""ttyi"",""user_rank"":1133,""user_stage"":200}"
"stage_reached_200 (App)",,,"{""Time"":""2026-04-14 08:59:51"",""UserUUID"":""76136d70-3570-11f1-a3c4-d5c5a1e6409a"",""attendanceCount"":4,""attendance_count"":4,""b.diamond"":37998,""b.ruby"":0,""boxAllCount"":6500,""curserver"":2,""equipmentData"":""W:21_0A:20_0"",""install_day"":""2026-04-11"",""totalPayment"":80300,""total_payment_amount"":80300,""user_name"":""윱윱"",""user_rank"":1121,""user_stage"":200}"
"stage_reached_200 (App)",,,"{""Time"":""2026-04-14 08:44:51"",""UserUUID"":""8411f2e0-366d-11f1-bcc1-ebf04734f426"",""attendanceCount"":3,""attendance_count"":3,""b.diamond"":14448,""b.ruby"":0,""boxAllCount"":3150,""curserver"":2,""equipmentData"":""W:23_0A:23_0"",""install_day"":""2026-04-12"",""totalPayment"":7700,""total_payment_amount"":7700,""user_name"":""할게드럽게웂어"",""user_rank"":1161,""user_stage"":200}"
"stage_reached_200 (App)",,,"{""Time"":""2026-04-14 08:44:59"",""UserUUID"":""5b33a9e0-33ac-11f1-8cee-dde9ae47e43d"",""attendanceCount"":6,""attendance_count"":6,""b.diamond"":218805,""b.ruby"":0,""boxAllCount"":2760,""curserver"":2,""equipmentData"":""W:20_0A:19_0"",""install_day"":""2026-04-09"",""totalPayment"":7700,""total_payment_amount"":7700,""user_name"":""Axi"",""user_rank"":1199,""user_stage"":200}"
"stage_reached_200 (App)",,,"{""Time"":""2026-04-14 08:44:40"",""UserUUID"":""bfe64f80-32b4-11f1-921f-ad3e805f60f5"",""attendanceCount"":7,""attendance_count"":7,""b.diamond"":92810,""b.ruby"":330,""boxAllCount"":2550,""curserver"":2,""equipmentData"":""W:19_0A:19_0"",""install_day"":""2026-04-07"",""totalPayment"":11000,""total_payment_amount"":11000,""user_name"":""Galaxy"",""user_rank"":1130,""user_stage"":200}"
"stage_reached_200 (App)",,,"{""Time"":""2026-04-14 08:36:57"",""UserUUID"":""066000e0-33dd-11f1-bd63-5b170bf24721"",""attendanceCount"":6,""attendance_count"":6,""b.diamond"":5768,""b.ruby"":0,""boxAllCount"":3520,""curserver"":2,""equipmentData"":""W:20_0A:19_0"",""install_day"":""2026-04-09"",""totalPayment"":40700,""total_payment_amount"":40700,""user_name"":""김재훈"",""user_rank"":1178,""user_stage"":200}"
"stage_reached_200 (App)",,,"{""Time"":""2026-04-14 08:33:53"",""UserUUID"":""bfc61950-32e0-11f1-8436-bf193bf343c0"",""attendanceCount"":7,""attendance_count"":7,""b.diamond"":15953,""b.ruby"":0,""boxAllCount"":1200,""curserver"":2,""equipmentData"":""W:20_0A:19_0"",""install_day"":""2026-04-08"",""totalPayment"":0,""total_payment_amount"":0,""user_name"":""노랑사단"",""user_rank"":1291,""user_stage"":200}"
"stage_reached_200 (App)",,,"{""Time"":""2026-04-14 08:32:22"",""UserUUID"":""1f22ce80-3349-11f1-ae7b-793f8a97358f"",""attendanceCount"":7,""attendance_count"":7,""b.diamond"":215968,""b.ruby"":0,""boxAllCount"":2310,""curserver"":2,""equipmentData"":""W:23_0A:19_0"",""install_day"":""2026-04-08"",""totalPayment"":7700,""total_payment_amount"":7700,""user_name"":""또치남편"",""user_rank"":1108,""user_stage"":200}"
"stage_reached_200 (App)",,,"{""Time"":""2026-04-14 08:31:31"",""UserUUID"":""6d4074b0-3271-11f1-a990-8bde7c94b6f9"",""attendanceCount"":7,""attendance_count"":7,""b.diamond"":12277,""b.ruby"":0,""boxAllCount"":1710,""curserver"":2,""equipmentData"":""W:23_0A:19_0"",""install_day"":""2026-04-07"",""totalPayment"":7700,""total_payment_amount"":7700,""user_name"":""쭈하"",""user_rank"":1176,""user_stage"":200}"
"stage_reached_200 (App)",,,"{""Time"":""2026-04-14 08:29:42"",""UserUUID"":""2c872ed0-349e-11f1-a022-9b9c6b0c9ccf"",""attendanceCount"":5,""attendance_count"":5,""b.diamond"":89872,""b.ruby"":0,""boxAllCount"":3720,""curserver"":2,""equipmentData"":""W:21_0A:19_0"",""install_day"":""2026-04-10"",""totalPayment"":0,""total_payment_amount"":0,""user_name"":""안녕핫요"",""user_rank"":1173,""user_stage"":200}"
"stage_reached_200 (App)",,,"{""Time"":""2026-04-14 08:27:51"",""UserUUID"":""d1672bd0-33db-11f1-b66c-893e2aa6f2a1"",""attendanceCount"":6,""attendance_count"":6,""b.diamond"":33354,""b.ruby"":0,""boxAllCount"":6280,""curserver"":2,""equipmentData"":""W:22_0A:20_0"",""install_day"":""2026-04-09"",""totalPayment"":7700,""total_payment_amount"":7700,""user_name"":""잘생긴양배추"",""user_rank"":1158,""user_stage"":200}"
"stage_reached_200 (App)",,,"{""Time"":""2026-04-14 08:27:12"",""UserUUID"":""4d4dc620-341b-11f1-b84c-81ad99bcaaaf"",""attendanceCount"":6,""attendance_count"":6,""b.diamond"":108480,""b.ruby"":0,""boxAllCount"":6150,""curserver"":2,""equipmentData"":""W:22_0A:20_0"",""install_day"":""2026-04-09"",""totalPayment"":8800,""total_payment_amount"":8800,""user_name"":""핫사"",""user_rank"":1184,""user_stage"":200}"
"stage_reached_200 (App)",,,"{""Time"":""2026-04-14 08:20:31"",""UserUUID"":""c1ad8ef0-3449-11f1-b947-4b2fd9295436"",""attendanceCount"":5,""attendance_count"":5,""b.diamond"":3008,""b.ruby"":0,""boxAllCount"":6730,""curserver"":2,""equipmentData"":""W:21_0A:20_0"",""install_day"":""2026-04-09"",""totalPayment"":7700,""total_payment_amount"":7700,""user_name"":""메크땅하"",""user_rank"":1203,""user_stage"":200}"
"stage_reached_200 (App)",,,"{""Time"":""2026-04-14 08:13:27"",""UserUUID"":""1f723cf0-358c-11f1-8fb9-5184506c78f3"",""attendanceCount"":4,""attendance_count"":4,""b.diamond"":19221,""b.ruby"":0,""boxAllCount"":8700,""curserver"":2,""equipmentData"":""W:23_0A:20_0"",""install_day"":""2026-04-11"",""totalPayment"":0,""total_payment_amount"":0,""user_name"":""도개걸"",""user_rank"":1171,""user_stage"":200}"
"stage_reached_200 (App)",,,"{""Time"":""2026-04-14 08:17:12"",""UserUUID"":""bf172350-339e-11f1-a450-b56d052f92db"",""attendanceCount"":5,""attendance_count"":5,""b.diamond"":11060,""b.ruby"":0,""boxAllCount"":1630,""curserver"":2,""equipmentData"":""W:19_0A:19_0"",""install_day"":""2026-04-08"",""totalPayment"":7700,""total_payment_amount"":7700,""user_name"":""각각걱곡"",""user_rank"":1173,""user_stage"":200}"
"stage_reached_200 (App)",,,"{""Time"":""2026-04-14 08:16:25"",""UserUUID"":""33a28c90-3468-11f1-a3a5-e50d9251558b"",""attendanceCount"":5,""attendance_count"":5,""b.diamond"":13700,""b.ruby"":0,""boxAllCount"":4480,""curserver"":2,""equipmentData"":""W:21_0A:19_0"",""install_day"":""2026-04-09"",""totalPayment"":7700,""total_payment_amount"":7700,""user_name"":""Caugar"",""user_rank"":1250,""user_stage"":200}"
"stage_reached_200 (App)",,,"{""Time"":""2026-04-14 08:13:34"",""UserUUID"":""c1d12b10-341e-11f1-b653-3156bdfe6bc3"",""attendanceCount"":6,""attendance_count"":6,""b.diamond"":6534,""b.ruby"":0,""boxAllCount"":3550,""curserver"":2,""equipmentData"":""W:21_0A:19_0"",""install_day"":""2026-04-09"",""totalPayment"":7700,""total_payment_amount"":7700,""user_name"":""최원준"",""user_rank"":1353,""user_stage"":200}"
"stage_reached_200 (App)",,,"{""Time"":""2026-04-14 08:06:25"",""UserUUID"":""a2bafa80-34af-11f1-861e-598a72d555a6"",""attendanceCount"":5,""attendance_count"":5,""b.diamond"":59851,""b.ruby"":0,""boxAllCount"":5260,""curserver"":2,""equipmentData"":""W:22_0A:19_0"",""install_day"":""2026-04-10"",""totalPayment"":18700,""total_payment_amount"":18700,""user_name"":""아파츠"",""user_rank"":1222,""user_stage"":200}"
"stage_reached_200 (App)",,,"{""Time"":""2026-04-14 08:04:21"",""UserUUID"":""634af220-3229-11f1-af48-1d1b8631a5cd"",""attendanceCount"":8,""attendance_count"":8,""b.diamond"":136785,""b.ruby"":0,""boxAllCount"":3960,""curserver"":2,""equipmentData"":""W:21_0A:20_0"",""install_day"":""2026-04-07"",""totalPayment"":7700,""total_payment_amount"":7700,""user_name"":""조광이"",""user_rank"":1152,""user_stage"":200}"
"stage_reached_200 (App)",,,"{""Time"":""2026-04-14 08:01:33"",""UserUUID"":""665c3a00-334b-11f1-b375-db7a5b1ee717"",""attendanceCount"":7,""attendance_count"":7,""b.diamond"":92820,""b.ruby"":0,""boxAllCount"":2550,""curserver"":2,""equipmentData"":""W:20_0A:19_0"",""install_day"":""2026-04-08"",""totalPayment"":7700,""total_payment_amount"":7700,""user_name"":""차니지니메리"",""user_rank"":1151,""user_stage"":200}"
"stage_reached_200 (App)",,,"{""Time"":""2026-04-14 07:57:02"",""UserUUID"":""78708990-32fa-11f1-917d-2b68ae914432"",""attendanceCount"":7,""attendance_count"":7,""b.diamond"":327878,""b.ruby"":0,""boxAllCount"":1650,""curserver"":2,""equipmentData"":""W:20_0A:19_0"",""install_day"":""2026-04-08"",""totalPayment"":7700,""total_payment_amount"":7700,""user_name"":""Won9"",""user_rank"":1223,""user_stage"":200}"
"stage_reached_200 (App)",,,"{""Time"":""2026-04-14 07:50:40"",""UserUUID"":""edccb570-3204-11f1-b040-fbbbc4ad7a67"",""attendanceCount"":8,""attendance_count"":8,""b.diamond"":7599,""b.ruby"":0,""boxAllCount"":600,""curserver"":2,""equipmentData"":""W:22_0A:19_0"",""install_day"":""2026-04-06"",""totalPayment"":7700,""total_payment_amount"":7700,""user_name"":""베르나휘피소"",""user_rank"":1120,""user_stage"":200}"
"stage_reached_200 (App)",,,"{""Time"":""2026-04-14 07:41:40"",""UserUUID"":""4ef4de00-327c-11f1-8667-15196ccfe901"",""attendanceCount"":8,""attendance_count"":8,""b.diamond"":101415,""b.ruby"":0,""boxAllCount"":1590,""curserver"":2,""equipmentData"":""W:20_0A:19_0"",""install_day"":""2026-04-07"",""totalPayment"":7700,""total_payment_amount"":7700,""user_name"":""가오리꿀주먹"",""user_rank"":1119,""user_stage"":200}"
"stage_reached_200 (App)",,,"{""Time"":""2026-04-14 07:35:38"",""UserUUID"":""acd691c0-327d-11f1-a39c-0d159db89087"",""attendanceCount"":8,""attendance_count"":8,""b.diamond"":14787,""b.ruby"":0,""boxAllCount"":4480,""curserver"":2,""equipmentData"":""W:20_0A:23_0"",""install_day"":""2026-04-07"",""totalPayment"":0,""total_payment_amount"":0,""user_name"":""태구우"",""user_rank"":1127,""user_stage"":200}"
"stage_reached_200 (App)",,,"{""Time"":""2026-04-14 07:33:31"",""UserUUID"":""74bfec50-33b8-11f1-8cee-dde9ae47e43d"",""attendanceCount"":6,""attendance_count"":6,""b.diamond"":4966,""b.ruby"":0,""boxAllCount"":5650,""curserver"":2,""equipmentData"":""W:20_0A:19_0"",""install_day"":""2026-04-09"",""totalPayment"":80300,""total_payment_amount"":80300,""user_name"":""꾸밍꾸"",""user_rank"":1147,""user_stage"":200}"
"stage_reached_200 (App)",,,"{""Time"":""2026-04-14 07:23:23"",""UserUUID"":""ba011ee0-3289-11f1-917d-2b68ae914432"",""attendanceCount"":8,""attendance_count"":8,""b.diamond"":18412,""b.ruby"":0,""boxAllCount"":3750,""curserver"":2,""equipmentData"":""W:20_0A:19_0"",""install_day"":""2026-04-07"",""totalPayment"":7700,""total_payment_amount"":7700,""user_name"":""태희세븐"",""user_rank"":1148,""user_stage"":200}"
"stage_reached_200 (App)",,,"{""Time"":""2026-04-14 07:18:17"",""UserUUID"":""8a612a40-3306-11f1-b7ca-13d8a8eb167b"",""attendanceCount"":7,""attendance_count"":7,""b.diamond"":169116,""b.ruby"":0,""boxAllCount"":2970,""curserver"":2,""equipmentData"":""W:21_0A:19_0"",""install_day"":""2026-04-08"",""totalPayment"":7700,""total_payment_amount"":7700,""user_name"":""카푸"",""user_rank"":1129,""user_stage"":200}"
"stage_reached_200 (App)",,,"{""Time"":""2026-04-14 07:16:07"",""UserUUID"":""d63d9960-34a7-11f1-b629-27bc2f9a5ccc"",""attendanceCount"":5,""attendance_count"":5,""b.diamond"":17003,""b.ruby"":0,""boxAllCount"":1000,""curserver"":2,""equipmentData"":""W:19_0A:19_0"",""install_day"":""2026-04-10"",""totalPayment"":7700,""total_payment_amount"":7700,""user_name"":""루이아빠"",""user_rank"":1160,""user_stage"":200}"
"stage_reached_200 (App)",,,"{""Time"":""2026-04-14 07:08:17"",""UserUUID"":""6a117af0-31b8-11f1-bd8d-41625de3af10"",""attendanceCount"":8,""attendance_count"":8,""b.diamond"":6932,""b.ruby"":0,""boxAllCount"":4570,""curserver"":2,""equipmentData"":""W:21_0A:20_0"",""install_day"":""2026-04-06"",""totalPayment"":0,""total_payment_amount"":0,""user_name"":""김지현"",""user_rank"":1100,""user_stage"":200}"
"stage_reached_200 (App)",,,"{""Time"":""2026-04-14 06:59:03"",""UserUUID"":""52001b70-322a-11f1-91e8-1b1b8b57ecc0"",""attendanceCount"":8,""attendance_count"":8,""b.diamond"":469388,""b.ruby"":0,""boxAllCount"":6420,""curserver"":2,""equipmentData"":""W:23_0A:20_0"",""install_day"":""2026-04-07"",""totalPayment"":7700,""total_payment_amount"":7700,""user_name"":""남김국"",""user_rank"":1340,""user_stage"":200}"
"stage_reached_200 (App)",,,"{""Time"":""2026-04-14 06:58:46"",""UserUUID"":""ea1c2520-32f7-11f1-8d0d-ddd8b470a24d"",""attendanceCount"":7,""attendance_count"":7,""b.diamond"":181252,""b.ruby"":0,""boxAllCount"":1600,""curserver"":2,""equipmentData"":""W:20_0A:19_0"",""install_day"":""2026-04-08"",""totalPayment"":7700,""total_payment_amount"":7700,""user_name"":""쿤퍼스"",""user_rank"":1237,""user_stage"":200}"
"stage_reached_200 (App)",,,"{""Time"":""2026-04-14 06:55:56"",""UserUUID"":""2021a190-34a1-11f1-ab93-1b624a471fe0"",""attendanceCount"":5,""attendance_count"":5,""b.diamond"":151990,""b.ruby"":0,""boxAllCount"":1830,""curserver"":2,""equipmentData"":""W:20_0A:19_0"",""install_day"":""2026-04-10"",""totalPayment"":7700,""total_payment_amount"":7700,""user_name"":""황서정"",""user_rank"":1420,""user_stage"":200}"
"stage_reached_200 (App)",,,"{""Time"":""2026-04-14 06:53:30"",""UserUUID"":""d20fb900-32f8-11f1-b93c-fb11dbd47745"",""attendanceCount"":7,""attendance_count"":7,""b.diamond"":15280,""b.ruby"":0,""boxAllCount"":3690,""curserver"":2,""equipmentData"":""W:21_0A:19_0"",""install_day"":""2026-04-08"",""totalPayment"":0,""total_payment_amount"":0,""user_name"":""뿌끼뿌까"",""user_rank"":1107,""user_stage"":200}"
"stage_reached_200 (App)",,,"{""Time"":""2026-04-14 06:42:52"",""UserUUID"":""d0ed9b80-348a-11f1-adbe-79e96ed2979d"",""attendanceCount"":5,""attendance_count"":5,""b.diamond"":9789,""b.ruby"":0,""boxAllCount"":1920,""curserver"":2,""equipmentData"":""W:19_0A:19_0"",""install_day"":""2026-04-10"",""totalPayment"":7700,""total_payment_amount"":7700,""user_name"":""scottie"",""user_rank"":1197,""user_stage"":200}"
"stage_reached_200 (App)",,,"{""Time"":""2026-04-14 06:35:19"",""UserUUID"":""62f09f90-340a-11f1-a273-a1828af9fb78"",""attendanceCount"":6,""attendance_count"":6,""b.diamond"":139836,""b.ruby"":0,""boxAllCount"":4750,""curserver"":2,""equipmentData"":""W:21_0A:21_0"",""install_day"":""2026-04-09"",""totalPayment"":7700,""total_payment_amount"":7700,""user_name"":""태죠"",""user_rank"":1410,""user_stage"":200}"
"stage_reached_200 (App)",,,"{""Time"":""2026-04-14 06:32:14"",""UserUUID"":""aad9e6d0-315e-11f1-847f-4f88b7ef5129"",""attendanceCount"":9,""attendance_count"":9,""b.diamond"":194370,""b.ruby"":0,""boxAllCount"":3450,""curserver"":2,""equipmentData"":""W:21_0A:23_0"",""install_day"":""2026-04-06"",""totalPayment"":0,""total_payment_amount"":0,""user_name"":""숨결"",""user_rank"":1257,""user_stage"":200}"
"stage_reached_200 (App)",,,"{""Time"":""2026-04-14 06:30:28"",""UserUUID"":""e9909820-2b0e-11f1-8d63-0d947aacb5b5"",""attendanceCount"":7,""attendance_count"":7,""b.diamond"":75659,""b.ruby"":0,""boxAllCount"":7770,""curserver"":1,""equipmentData"":""W:21_0A:20_0"",""install_day"":""2026-03-29"",""totalPayment"":7700,""total_payment_amount"":7700,""user_name"":""료진이"",""user_rank"":7174,""user_stage"":200}"
"stage_reached_200 (App)",,,"{""Time"":""2026-04-14 06:28:45"",""UserUUID"":""cddba730-33f3-11f1-8aa0-5df28f565dc0"",""attendanceCount"":6,""attendance_count"":6,""b.diamond"":176129,""b.ruby"":220,""boxAllCount"":6100,""curserver"":2,""equipmentData"":""W:21_0A:20_0"",""install_day"":""2026-04-09"",""totalPayment"":58300,""total_payment_amount"":58300,""user_name"":""대왕문어"",""user_rank"":1090,""user_stage"":200}"
"stage_reached_200 (App)",,,"{""Time"":""2026-04-14 06:23:21"",""UserUUID"":""46f99360-3369-11f1-b4c2-fd3172643328"",""attendanceCount"":6,""attendance_count"":6,""b.diamond"":32699,""b.ruby"":0,""boxAllCount"":3510,""curserver"":2,""equipmentData"":""W:22_0A:23_0"",""install_day"":""2026-04-08"",""totalPayment"":7700,""total_payment_amount"":7700,""user_name"":""라로"",""user_rank"":1099,""user_stage"":200}"
"stage_reached_200 (App)",,,"{""Time"":""2026-04-14 06:18:23"",""UserUUID"":""110b7930-32b5-11f1-8711-bdda46a3915d"",""attendanceCount"":6,""attendance_count"":6,""b.diamond"":51048,""b.ruby"":0,""boxAllCount"":1530,""curserver"":2,""equipmentData"":""W:20_0A:19_0"",""install_day"":""2026-04-07"",""totalPayment"":7700,""total_payment_amount"":7700,""user_name"":""공파"",""user_rank"":1155,""user_stage"":200}"
"stage_reached_200 (App)",,,"{""Time"":""2026-04-14 06:12:53"",""UserUUID"":""b9db9a60-2052-11f1-b4d7-0726fb8ba304"",""attendanceCount"":9,""attendance_count"":9,""b.diamond"":51313,""b.ruby"":0,""boxAllCount"":7820,""curserver"":1,""equipmentData"":""W:20_0A:20_0"",""install_day"":""2026-03-15"",""totalPayment"":72600,""total_payment_amount"":72600,""user_name"":""불붙은가스통"",""user_rank"":7174,""user_stage"":200}"
"stage_reached_200 (App)",,,"{""Time"":""2026-04-14 06:10:10"",""UserUUID"":""4209c150-3264-11f1-be7d-5fdb248efbf0"",""attendanceCount"":8,""attendance_count"":8,""b.diamond"":117486,""b.ruby"":0,""boxAllCount"":1080,""curserver"":2,""equipmentData"":""W:21_0A:19_0"",""install_day"":""2026-04-07"",""totalPayment"":0,""total_payment_amount"":0,""user_name"":""암내"",""user_rank"":1094,""user_stage"":200}"
"stage_reached_200 (App)",,,"{""Time"":""2026-04-14 06:06:58"",""UserUUID"":""1b225200-31e2-11f1-ad81-5fbf85815b1d"",""attendanceCount"":7,""attendance_count"":7,""b.diamond"":1804,""b.ruby"":0,""boxAllCount"":1680,""curserver"":2,""equipmentData"":""W:20_0A:19_0"",""install_day"":""2026-04-06"",""totalPayment"":0,""total_payment_amount"":0,""user_name"":""박달춘"",""user_rank"":1193,""user_stage"":200}"
"stage_reached_200 (App)",,,"{""Time"":""2026-04-14 05:59:44"",""UserUUID"":""72b8e7c0-3473-11f1-8e50-ef04b582071d"",""attendanceCount"":5,""attendance_count"":5,""b.diamond"":14555,""b.ruby"":0,""boxAllCount"":2920,""curserver"":2,""equipmentData"":""W:22_0A:19_0"",""install_day"":""2026-04-10"",""totalPayment"":0,""total_payment_amount"":0,""user_name"":""장옥정"",""user_rank"":1168,""user_stage"":200}"
"stage_reached_200 (App)",,,"{""Time"":""2026-04-14 05:36:57"",""UserUUID"":""8c0c6200-33f2-11f1-a321-514d4d404772"",""attendanceCount"":6,""attendance_count"":6,""b.diamond"":45979,""b.ruby"":0,""boxAllCount"":6000,""curserver"":2,""equipmentData"":""W:22_0A:20_0"",""install_day"":""2026-04-09"",""totalPayment"":7700,""total_payment_amount"":7700,""user_name"":""설이솔이"",""user_rank"":1214,""user_stage"":200}"
"stage_reached_200 (App)",,,"{""Time"":""2026-04-14 05:36:22"",""UserUUID"":""4617a670-327a-11f1-8667-15196ccfe901"",""attendanceCount"":8,""attendance_count"":8,""b.diamond"":40727,""b.ruby"":0,""boxAllCount"":1410,""curserver"":2,""equipmentData"":""W:20_0A:19_0"",""install_day"":""2026-04-07"",""totalPayment"":40700,""total_payment_amount"":40700,""user_name"":""이광"",""user_rank"":1188,""user_stage"":200}"
"stage_reached_200 (App)",,,"{""Time"":""2026-04-14 05:14:24"",""UserUUID"":""af267410-3410-11f1-8aa0-5df28f565dc0"",""attendanceCount"":6,""attendance_count"":6,""b.diamond"":257738,""b.ruby"":440,""boxAllCount"":6170,""curserver"":2,""equipmentData"":""W:20_0A:20_0"",""install_day"":""2026-04-09"",""totalPayment"":55000,""total_payment_amount"":55000,""user_name"":""영딘"",""user_rank"":1255,""user_stage"":200}"
"stage_reached_200 (App)",,,"{""Time"":""2026-04-14 05:00:32"",""UserUUID"":""95a96830-3325-11f1-821c-e55b8f41bb21"",""attendanceCount"":7,""attendance_count"":7,""b.diamond"":16951,""b.ruby"":0,""boxAllCount"":7020,""curserver"":2,""equipmentData"":""W:22_0A:20_0"",""install_day"":""2026-04-08"",""totalPayment"":0,""total_payment_amount"":0,""user_name"":""Aswaww"",""user_rank"":1280,""user_stage"":200}"
"stage_reached_200 (App)",,,"{""Time"":""2026-04-14 04:59:30"",""UserUUID"":""292ac6c0-3214-11f1-bed8-4920ae2e9843"",""attendanceCount"":8,""attendance_count"":8,""b.diamond"":24120,""b.ruby"":0,""boxAllCount"":2730,""curserver"":2,""equipmentData"":""W:20_0A:19_0"",""install_day"":""2026-04-06"",""totalPayment"":7700,""total_payment_amount"":7700,""user_name"":""점총"",""user_rank"":1280,""user_stage"":200}"
"stage_reached_200 (App)",,,"{""Time"":""2026-04-14 04:37:40"",""UserUUID"":""cbe84dd0-35c3-11f1-81dd-51c14e45b212"",""attendanceCount"":3,""attendance_count"":3,""b.diamond"":142131,""b.ruby"":0,""boxAllCount"":6080,""curserver"":2,""equipmentData"":""W:21_0A:20_0"",""install_day"":""2026-04-11"",""totalPayment"":62700,""total_payment_amount"":62700,""user_name"":""Ice"",""user_rank"":1249,""user_stage"":200}"
"stage_reached_200 (App)",,,"{""Time"":""2026-04-14 04:24:32"",""UserUUID"":""0120bf90-30c5-11f1-8c19-3199f24368cf"",""attendanceCount"":10,""attendance_count"":10,""b.diamond"":135623,""b.ruby"":0,""boxAllCount"":5190,""curserver"":2,""equipmentData"":""W:23_0A:19_0"",""install_day"":""2026-04-05"",""totalPayment"":0,""total_payment_amount"":0,""user_name"":""둥근창"",""user_rank"":1546,""user_stage"":200}"
"stage_reached_200 (App)",,,"{""Time"":""2026-04-14 04:22:07"",""UserUUID"":""02243de0-33db-11f1-8da7-db1f424ab5c3"",""attendanceCount"":6,""attendance_count"":6,""b.diamond"":842,""b.ruby"":0,""boxAllCount"":1640,""curserver"":2,""equipmentData"":""W:20_0A:19_0"",""install_day"":""2026-04-09"",""totalPayment"":0,""total_payment_amount"":0,""user_name"":""밀얄뽀씨꼴롬"",""user_rank"":1127,""user_stage"":200}"
"stage_reached_200 (App)",,,"{""Time"":""2026-04-14 04:20:51"",""UserUUID"":""51c2a110-344a-11f1-a03c-d90f4724c8b3"",""attendanceCount"":5,""attendance_count"":5,""b.diamond"":241206,""b.ruby"":0,""boxAllCount"":2460,""curserver"":2,""equipmentData"":""W:23_0A:19_0"",""install_day"":""2026-04-09"",""totalPayment"":7700,""total_payment_amount"":7700,""user_name"":""탄늬"",""user_rank"":2103,""user_stage"":200}"
"stage_reached_200 (App)",,,"{""Time"":""2026-04-14 04:16:29"",""UserUUID"":""98d799c0-328d-11f1-917d-2b68ae914432"",""attendanceCount"":8,""attendance_count"":8,""b.diamond"":2662,""b.ruby"":0,""boxAllCount"":6440,""curserver"":2,""equipmentData"":""W:20_0A:20_0"",""install_day"":""2026-04-07"",""totalPayment"":12100,""total_payment_amount"":12100,""user_name"":""존기니"",""user_rank"":1092,""user_stage"":200}"
"stage_reached_200 (App)",,,"{""Time"":""2026-04-14 04:10:42"",""UserUUID"":""1a3e93a0-31e0-11f1-928f-7589d556d10f"",""attendanceCount"":8,""attendance_count"":8,""b.diamond"":162231,""b.ruby"":110,""boxAllCount"":6960,""curserver"":2,""equipmentData"":""W:20_0A:21_0"",""install_day"":""2026-04-06"",""totalPayment"":58300,""total_payment_amount"":58300,""user_name"":""예강"",""user_rank"":1275,""user_stage"":200}"
"stage_reached_200 (App)",,,"{""Time"":""2026-04-14 03:47:16"",""UserUUID"":""c5546bb0-370e-11f1-87a6-9fa1febd13f4"",""attendanceCount"":2,""attendance_count"":2,""b.diamond"":315451,""b.ruby"":330,""boxAllCount"":2560,""curserver"":2,""equipmentData"":""W:20_0A:18_0"",""install_day"":""2026-04-13"",""totalPayment"":207900,""total_payment_amount"":207900,""user_name"":""Jori임"",""user_rank"":1139,""user_stage"":200}"
"stage_reached_200 (App)",,,"{""Time"":""2026-04-14 03:32:07"",""UserUUID"":""46842510-3294-11f1-95bc-91434269cf46"",""attendanceCount"":7,""attendance_count"":7,""b.diamond"":25083,""b.ruby"":0,""boxAllCount"":1500,""curserver"":2,""equipmentData"":""W:20_0A:19_0"",""install_day"":""2026-04-07"",""totalPayment"":7700,""total_payment_amount"":7700,""user_name"":""흑인인권운동"",""user_rank"":1166,""user_stage"":200}"
"stage_reached_200 (App)",,,"{""Time"":""2026-04-14 03:07:09"",""UserUUID"":""3469c390-32fc-11f1-9c68-6b5ffc9c9574"",""attendanceCount"":7,""attendance_count"":7,""b.diamond"":22724,""b.ruby"":0,""boxAllCount"":930,""curserver"":2,""equipmentData"":""W:20_0A:19_0"",""install_day"":""2026-04-08"",""totalPayment"":7700,""total_payment_amount"":7700,""user_name"":""큐잉"",""user_rank"":1156,""user_stage"":200}"
"stage_reached_200 (App)",,,"{""Time"":""2026-04-14 02:50:20"",""UserUUID"":""11b93080-2ac1-11f1-8ca9-c77f3c36fe39"",""attendanceCount"":17,""attendance_count"":17,""b.diamond"":362,""b.ruby"":0,""boxAllCount"":2760,""curserver"":1,""equipmentData"":""W:23_0A:19_0"",""install_day"":""2026-03-28"",""totalPayment"":0,""total_payment_amount"":0,""user_name"":""진수성찬"",""user_rank"":7308,""user_stage"":200}"
"stage_reached_200 (App)",,,"{""Time"":""2026-04-14 02:50:06"",""UserUUID"":""32ece600-3298-11f1-a8f2-0127e2007171"",""attendanceCount"":7,""attendance_count"":7,""b.diamond"":124003,""b.ruby"":110,""boxAllCount"":2890,""curserver"":2,""equipmentData"":""W:20_0A:21_0"",""install_day"":""2026-04-07"",""totalPayment"":8800,""total_payment_amount"":8800,""user_name"":""쥐표류기"",""user_rank"":1608,""user_stage"":200}"
"stage_reached_200 (App)",,,"{""Time"":""2026-04-14 02:46:00"",""UserUUID"":""2fd83340-30e8-11f1-9e05-b140d6c5349b"",""attendanceCount"":9,""attendance_count"":9,""b.diamond"":15836,""b.ruby"":0,""boxAllCount"":2820,""curserver"":2,""equipmentData"":""W:20_0A:19_0"",""install_day"":""2026-04-05"",""totalPayment"":7700,""total_payment_amount"":7700,""user_name"":""송서유"",""user_rank"":1245,""user_stage"":200}"
"stage_reached_200 (App)",,,"{""Time"":""2026-04-14 02:45:26"",""UserUUID"":""b26d8490-31a6-11f1-9033-375b699f179f"",""attendanceCount"":9,""attendance_count"":9,""b.diamond"":32060,""b.ruby"":0,""boxAllCount"":6550,""curserver"":2,""equipmentData"":""W:23_0A:20_0"",""install_day"":""2026-04-06"",""totalPayment"":0,""total_payment_amount"":0,""user_name"":""하민장군"",""user_rank"":1172,""user_stage"":200}"
"stage_reached_200 (App)",,,"{""Time"":""2026-04-14 02:36:19"",""UserUUID"":""00637930-3269-11f1-b4dd-9336decab5c2"",""attendanceCount"":7,""attendance_count"":7,""b.diamond"":222281,""b.ruby"":0,""boxAllCount"":6100,""curserver"":2,""equipmentData"":""W:23_0A:20_0"",""install_day"":""2026-04-07"",""totalPayment"":0,""total_payment_amount"":0,""user_name"":""쭈냑"",""user_rank"":1176,""user_stage"":200}"
"stage_reached_200 (App)",,,"{""Time"":""2026-04-14 02:33:09"",""UserUUID"":""7ed53690-34ea-11f1-9215-4bd60ad137ab"",""attendanceCount"":5,""attendance_count"":5,""b.diamond"":244818,""b.ruby"":0,""boxAllCount"":1290,""curserver"":2,""equipmentData"":""W:18_0A:19_0"",""install_day"":""2026-04-10"",""totalPayment"":7700,""total_payment_amount"":7700,""user_name"":""여엉차"",""user_rank"":1105,""user_stage"":200}"
"stage_reached_200 (App)",,,"{""Time"":""2026-04-14 02:18:16"",""UserUUID"":""e141e630-3426-11f1-85b2-93194724870e"",""attendanceCount"":5,""attendance_count"":5,""b.diamond"":32680,""b.ruby"":550,""boxAllCount"":1390,""curserver"":2,""equipmentData"":""W:20_0A:19_0"",""install_day"":""2026-04-09"",""totalPayment"":95700,""total_payment_amount"":95700,""user_name"":""장광남1"",""user_rank"":1069,""user_stage"":200}"
"stage_reached_200 (App)",,,"{""Time"":""2026-04-14 02:16:20"",""UserUUID"":""53338300-3285-11f1-aceb-cdb128d1366a"",""attendanceCount"":8,""attendance_count"":8,""b.diamond"":10961,""b.ruby"":0,""boxAllCount"":4670,""curserver"":2,""equipmentData"":""W:22_0A:19_0"",""install_day"":""2026-04-07"",""totalPayment"":7700,""total_payment_amount"":7700,""user_name"":""Ging"",""user_rank"":1132,""user_stage"":200}"
"stage_reached_200 (App)",,,"{""Time"":""2026-04-14 02:01:39"",""UserUUID"":""1c9024c0-31e0-11f1-928f-7589d556d10f"",""attendanceCount"":8,""attendance_count"":8,""b.diamond"":63898,""b.ruby"":0,""boxAllCount"":2430,""curserver"":2,""equipmentData"":""W:20_0A:20_0"",""install_day"":""2026-04-06"",""totalPayment"":7700,""total_payment_amount"":7700,""user_name"":""윤승민"",""user_rank"":1078,""user_stage"":200}"
"stage_reached_200 (App)",,,"{""Time"":""2026-04-14 02:00:47"",""UserUUID"":""deae5280-3243-11f1-8e99-e3f6968f6778"",""attendanceCount"":8,""attendance_count"":8,""b.diamond"":32197,""b.ruby"":0,""boxAllCount"":2940,""curserver"":2,""equipmentData"":""W:20_0A:22_0"",""install_day"":""2026-04-07"",""totalPayment"":7700,""total_payment_amount"":7700,""user_name"":""아이구꽈당"",""user_rank"":1067,""user_stage"":200}"
"stage_reached_200 (App)",,,"{""Time"":""2026-04-14 01:56:47"",""UserUUID"":""916ae780-329e-11f1-80f5-cf12babcaa8e"",""attendanceCount"":7,""attendance_count"":7,""b.diamond"":521697,""b.ruby"":0,""boxAllCount"":4120,""curserver"":2,""equipmentData"":""W:20_0A:19_0"",""install_day"":""2026-04-07"",""totalPayment"":0,""total_payment_amount"":0,""user_name"":""한국사러버"",""user_rank"":1186,""user_stage"":200}"
"stage_reached_200 (App)",,,"{""Time"":""2026-04-14 01:53:23"",""UserUUID"":""6ed77e80-3268-11f1-bd41-bf607eaafb71"",""attendanceCount"":8,""attendance_count"":8,""b.diamond"":126915,""b.ruby"":0,""boxAllCount"":5920,""curserver"":2,""equipmentData"":""W:22_0A:21_0"",""install_day"":""2026-04-07"",""totalPayment"":7700,""total_payment_amount"":7700,""user_name"":""지우빈"",""user_rank"":1098,""user_stage"":200}"
"stage_reached_200 (App)",,,"{""Time"":""2026-04-14 01:51:58"",""UserUUID"":""27f3aee0-349c-11f1-9f19-57fe71f22d37"",""attendanceCount"":5,""attendance_count"":5,""b.diamond"":2859,""b.ruby"":0,""boxAllCount"":2430,""curserver"":2,""equipmentData"":""W:22_0A:20_0"",""install_day"":""2026-04-10"",""totalPayment"":7700,""total_payment_amount"":7700,""user_name"":""꿀홍삼"",""user_rank"":1063,""user_stage"":200}"
"stage_reached_200 (App)",,,"{""Time"":""2026-04-14 01:40:51"",""UserUUID"":""092b7720-31d3-11f1-80b1-3579f6c56363"",""attendanceCount"":8,""attendance_count"":8,""b.diamond"":194945,""b.ruby"":0,""boxAllCount"":690,""curserver"":2,""equipmentData"":""W:20_0A:19_0"",""install_day"":""2026-04-06"",""totalPayment"":7700,""total_payment_amount"":7700,""user_name"":""도전왕"",""user_rank"":1069,""user_stage"":200}"
"stage_reached_200 (App)",,,"{""Time"":""2026-04-14 01:39:40"",""UserUUID"":""3e11a2d0-342a-11f1-bd4f-63ef3862f276"",""attendanceCount"":5,""attendance_count"":5,""b.diamond"":5996,""b.ruby"":0,""boxAllCount"":1080,""curserver"":2,""equipmentData"":""W:19_0A:19_0"",""install_day"":""2026-04-09"",""totalPayment"":7700,""total_payment_amount"":7700,""user_name"":""모용환"",""user_rank"":1058,""user_stage"":200}"
"stage_reached_200 (App)",,,"{""Time"":""2026-04-14 01:32:59"",""UserUUID"":""db996640-3444-11f1-9ab9-bd304546db62"",""attendanceCount"":5,""attendance_count"":5,""b.diamond"":41242,""b.ruby"":0,""boxAllCount"":360,""curserver"":2,""equipmentData"":""W:19_0A:19_0"",""install_day"":""2026-04-09"",""totalPayment"":0,""total_payment_amount"":0,""user_name"":""나는라바"",""user_rank"":1143,""user_stage"":200}"
"stage_reached_200 (App)",,,"{""Time"":""2026-04-14 01:30:35"",""UserUUID"":""fcfa9100-3710-11f1-b691-0fee691dff5c"",""attendanceCount"":2,""attendance_count"":2,""b.diamond"":196256,""b.ruby"":0,""boxAllCount"":6250,""curserver"":2,""equipmentData"":""W:20_0A:20_0"",""install_day"":""2026-04-13"",""totalPayment"":201300,""total_payment_amount"":201300,""user_name"":""한국사몰라용"",""user_rank"":1695,""user_stage"":200}"
"stage_reached_200 (App)",,,"{""Time"":""2026-04-14 01:30:39"",""UserUUID"":""fbfa1ff0-33fa-11f1-b653-3156bdfe6bc3"",""attendanceCount"":6,""attendance_count"":6,""b.diamond"":15759,""b.ruby"":0,""boxAllCount"":3110,""curserver"":2,""equipmentData"":""W:19_0A:19_0"",""install_day"":""2026-04-09"",""totalPayment"":11000,""total_payment_amount"":11000,""user_name"":""ZI존우혁"",""user_rank"":1340,""user_stage"":200}"
"stage_reached_200 (App)",,,"{""Time"":""2026-04-14 01:30:32"",""UserUUID"":""a0af03e0-31fc-11f1-a155-37def1c5d399"",""attendanceCount"":8,""attendance_count"":8,""b.diamond"":83987,""b.ruby"":0,""boxAllCount"":2670,""curserver"":2,""equipmentData"":""W:21_0A:19_0"",""install_day"":""2026-04-06"",""totalPayment"":7700,""total_payment_amount"":7700,""user_name"":""딸기비빔밥"",""user_rank"":1125,""user_stage"":200}"
"stage_reached_200 (App)",,,"{""Time"":""2026-04-14 01:29:09"",""UserUUID"":""b7e137e0-3675-11f1-aec7-1d26e99acc76"",""attendanceCount"":3,""attendance_count"":3,""b.diamond"":7014,""b.ruby"":0,""boxAllCount"":2730,""curserver"":2,""equipmentData"":""W:21_0A:19_0"",""install_day"":""2026-04-12"",""totalPayment"":135300,""total_payment_amount"":135300,""user_name"":""나만운없어"",""user_rank"":1125,""user_stage"":200}"
"stage_reached_200 (App)",,,"{""Time"":""2026-04-14 01:27:18"",""UserUUID"":""90439170-3291-11f1-91fe-3341ad2783a6"",""attendanceCount"":8,""attendance_count"":8,""b.diamond"":307069,""b.ruby"":0,""boxAllCount"":1080,""curserver"":2,""equipmentData"":""W:22_0A:19_0"",""install_day"":""2026-04-07"",""totalPayment"":7700,""total_payment_amount"":7700,""user_name"":""악귀토끼"",""user_rank"":1622,""user_stage"":200}"
"stage_reached_200 (App)",,,"{""Time"":""2026-04-14 01:23:49"",""UserUUID"":""c74d5120-347f-11f1-8587-1d7ee9b75083"",""attendanceCount"":5,""attendance_count"":5,""b.diamond"":12108,""b.ruby"":0,""boxAllCount"":1490,""curserver"":2,""equipmentData"":""W:19_0A:19_0"",""install_day"":""2026-04-10"",""totalPayment"":7700,""total_payment_amount"":7700,""user_name"":""편갈송"",""user_rank"":1057,""user_stage"":200}"
"stage_reached_200 (App)",,,"{""Time"":""2026-04-14 01:18:57"",""UserUUID"":""1c9f1690-3359-11f1-ad63-db195998910e"",""attendanceCount"":7,""attendance_count"":7,""b.diamond"":1806,""b.ruby"":0,""boxAllCount"":2570,""curserver"":2,""equipmentData"":""W:20_0A:19_0"",""install_day"":""2026-04-08"",""totalPayment"":7700,""total_payment_amount"":7700,""user_name"":""밤하늘노을"",""user_rank"":1252,""user_stage"":200}"
"stage_reached_200 (App)",,,"{""Time"":""2026-04-14 01:19:06"",""UserUUID"":""7a40ea60-36f8-11f1-94e9-635e2e2177d3"",""attendanceCount"":2,""attendance_count"":2,""b.diamond"":146537,""b.ruby"":0,""boxAllCount"":6440,""curserver"":2,""equipmentData"":""W:22_0A:20_0"",""install_day"":""2026-04-13"",""totalPayment"":95700,""total_payment_amount"":95700,""user_name"":""이서이준이아빠"",""user_rank"":1613,""user_stage"":200}"
"stage_reached_200 (App)",,,"{""Time"":""2026-04-14 01:16:41"",""UserUUID"":""2e6f71d0-34d5-11f1-8960-09080bfa7600"",""attendanceCount"":5,""attendance_count"":5,""b.diamond"":4169,""b.ruby"":0,""boxAllCount"":3900,""curserver"":2,""equipmentData"":""W:20_0A:19_0"",""install_day"":""2026-04-10"",""totalPayment"":7700,""total_payment_amount"":7700,""user_name"":""오까꿍"",""user_rank"":1107,""user_stage"":200}"
"stage_reached_200 (App)",,,"{""Time"":""2026-04-14 01:14:50"",""UserUUID"":""a266edf0-3379-11f1-b5cf-638ec25ef073"",""attendanceCount"":6,""attendance_count"":6,""b.diamond"":10671,""b.ruby"":1100,""boxAllCount"":1570,""curserver"":2,""equipmentData"":""W:18_0A:19_0"",""install_day"":""2026-04-08"",""totalPayment"":40700,""total_payment_amount"":40700,""user_name"":""숭뽀"",""user_rank"":1283,""user_stage"":200}"
"stage_reached_200 (App)",,,"{""Time"":""2026-04-14 01:13:47"",""UserUUID"":""d44557e0-35d0-11f1-bd12-cb92707917d7"",""attendanceCount"":3,""attendance_count"":3,""b.diamond"":663595,""b.ruby"":0,""boxAllCount"":6650,""curserver"":2,""equipmentData"":""W:20_0A:19_0"",""install_day"":""2026-04-11"",""totalPayment"":227700,""total_payment_amount"":227700,""user_name"":""시끄"",""user_rank"":1493,""user_stage"":200}"
"stage_reached_200 (App)",,,"{""Time"":""2026-04-14 01:08:35"",""UserUUID"":""4f97f420-3171-11f1-bf9d-83b225ec039c"",""attendanceCount"":9,""attendance_count"":9,""b.diamond"":12748,""b.ruby"":0,""boxAllCount"":1050,""curserver"":2,""equipmentData"":""W:22_0A:19_0"",""install_day"":""2026-04-06"",""totalPayment"":7700,""total_payment_amount"":7700,""user_name"":""둬럽다"",""user_rank"":1089,""user_stage"":200}"
"stage_reached_200 (App)",,,"{""Time"":""2026-04-14 01:07:38"",""UserUUID"":""c549b270-24e8-11f1-83d1-fbef1c6211f2"",""attendanceCount"":22,""attendance_count"":22,""b.diamond"":295476,""b.ruby"":0,""boxAllCount"":8890,""curserver"":1,""equipmentData"":""W:20_0A:20_0"",""install_day"":""2026-03-21"",""totalPayment"":0,""total_payment_amount"":0,""user_name"":""난류로"",""user_rank"":7240,""user_stage"":200}"
"stage_reached_200 (App)",,,"{""Time"":""2026-04-14 01:03:05"",""UserUUID"":""fc903f60-3500-11f1-b188-378819fce209"",""attendanceCount"":4,""attendance_count"":4,""b.diamond"":168584,""b.ruby"":0,""boxAllCount"":1080,""curserver"":2,""equipmentData"":""W:22_0A:18_0"",""install_day"":""2026-04-10"",""totalPayment"":7700,""total_payment_amount"":7700,""user_name"":""클로로"",""user_rank"":1156,""user_stage"":200}"
"stage_reached_200 (App)",,,"{""Time"":""2026-04-14 01:02:21"",""UserUUID"":""50e141f0-2f8d-11f1-8dfb-01f15297d562"",""attendanceCount"":9,""attendance_count"":9,""b.diamond"":8996,""b.ruby"":0,""boxAllCount"":6790,""curserver"":2,""equipmentData"":""W:20_0A:20_0"",""install_day"":""2026-04-03"",""totalPayment"":18700,""total_payment_amount"":18700,""user_name"":""하얀호랭이"",""user_rank"":1102,""user_stage"":200}"
"stage_reached_200 (App)",,,"{""Time"":""2026-04-14 01:00:44"",""UserUUID"":""9009e0b0-343a-11f1-ab19-c10bfb478cb5"",""attendanceCount"":5,""attendance_count"":5,""b.diamond"":80220,""b.ruby"":0,""boxAllCount"":11210,""curserver"":2,""equipmentData"":""W:22_0A:20_0"",""install_day"":""2026-04-09"",""totalPayment"":7700,""total_payment_amount"":7700,""user_name"":""이수혜지"",""user_rank"":1084,""user_stage"":200}"
"stage_reached_200 (App)",,,"{""Time"":""2026-04-14 00:58:18"",""UserUUID"":""336216b0-33f0-11f1-be73-33281134a523"",""attendanceCount"":6,""attendance_count"":6,""b.diamond"":35881,""b.ruby"":0,""boxAllCount"":4250,""curserver"":2,""equipmentData"":""W:21_0A:22_0"",""install_day"":""2026-04-09"",""totalPayment"":7700,""total_payment_amount"":7700,""user_name"":""닉넴임"",""user_rank"":1113,""user_stage"":200}"
"stage_reached_200 (App)",,,"{""Time"":""2026-04-14 00:54:49"",""UserUUID"":""95b34bf0-3264-11f1-aceb-cdb128d1366a"",""attendanceCount"":8,""attendance_count"":8,""b.diamond"":16475,""b.ruby"":0,""boxAllCount"":3010,""curserver"":2,""equipmentData"":""W:20_0A:19_0"",""install_day"":""2026-04-07"",""totalPayment"":7700,""total_payment_amount"":7700,""user_name"":""엿술"",""user_rank"":1285,""user_stage"":200}"
"stage_reached_200 (App)",,,"{""Time"":""2026-04-14 00:52:16"",""UserUUID"":""d63850c0-347c-11f1-b3a7-a7594d8e505d"",""attendanceCount"":5,""attendance_count"":5,""b.diamond"":17633,""b.ruby"":0,""boxAllCount"":6010,""curserver"":2,""equipmentData"":""W:21_0A:19_0"",""install_day"":""2026-04-10"",""totalPayment"":7700,""total_payment_amount"":7700,""user_name"":""사악수애"",""user_rank"":1058,""user_stage"":200}"
"stage_reached_200 (App)",,,"{""Time"":""2026-04-14 00:46:16"",""UserUUID"":""643f45c0-2fcf-11f1-9ef1-b52f6c27dbfd"",""attendanceCount"":11,""attendance_count"":11,""b.diamond"":3652,""b.ruby"":0,""boxAllCount"":2890,""curserver"":2,""equipmentData"":""W:21_0A:19_0"",""install_day"":""2026-04-04"",""totalPayment"":0,""total_payment_amount"":0,""user_name"":""공쳤네요"",""user_rank"":1078,""user_stage"":200}"
"stage_reached_200 (App)",,,"{""Time"":""2026-04-14 00:45:40"",""UserUUID"":""7733fd00-331d-11f1-b93c-fb11dbd47745"",""attendanceCount"":7,""attendance_count"":7,""b.diamond"":139851,""b.ruby"":0,""boxAllCount"":2490,""curserver"":2,""equipmentData"":""W:21_0A:19_0"",""install_day"":""2026-04-08"",""totalPayment"":7700,""total_payment_amount"":7700,""user_name"":""레이자일"",""user_rank"":1044,""user_stage"":200}"
"stage_reached_200 (App)",,,"{""Time"":""2026-04-14 00:45:31"",""UserUUID"":""c9157530-2e64-11f1-a24f-7b8b23185ffc"",""attendanceCount"":13,""attendance_count"":13,""b.diamond"":76526,""b.ruby"":0,""boxAllCount"":7550,""curserver"":1,""equipmentData"":""W:21_0A:20_0"",""install_day"":""2026-04-02"",""totalPayment"":0,""total_payment_amount"":0,""user_name"":""naraba"",""user_rank"":7163,""user_stage"":200}"
"stage_reached_200 (App)",,,"{""Time"":""2026-04-14 00:39:48"",""UserUUID"":""f3c94310-33fa-11f1-a2cc-03df29dd4c3b"",""attendanceCount"":6,""attendance_count"":6,""b.diamond"":61532,""b.ruby"":0,""boxAllCount"":3450,""curserver"":2,""equipmentData"":""W:19_0A:19_0"",""install_day"":""2026-04-09"",""totalPayment"":0,""total_payment_amount"":0,""user_name"":""ZI존윤상"",""user_rank"":1108,""user_stage"":200}"
"stage_reached_200 (App)",,,"{""Time"":""2026-04-14 00:37:28"",""UserUUID"":""03f351e0-32c5-11f1-a1ec-8596346a03fd"",""attendanceCount"":7,""attendance_count"":7,""b.diamond"":192038,""b.ruby"":0,""boxAllCount"":3090,""curserver"":2,""equipmentData"":""W:20_0A:19_0"",""install_day"":""2026-04-07"",""totalPayment"":7700,""total_payment_amount"":7700,""user_name"":""프주"",""user_rank"":1060,""user_stage"":200}"
"stage_reached_200 (App)",,,"{""Time"":""2026-04-14 00:38:15"",""UserUUID"":""7a68a6d0-33fc-11f1-8700-3d597a63aa6c"",""attendanceCount"":6,""attendance_count"":6,""b.diamond"":43123,""b.ruby"":0,""boxAllCount"":4090,""curserver"":2,""equipmentData"":""W:21_0A:19_0"",""install_day"":""2026-04-09"",""totalPayment"":7700,""total_payment_amount"":7700,""user_name"":""강코코"",""user_rank"":1122,""user_stage"":200}"
"stage_reached_200 (App)",,,"{""Time"":""2026-04-14 00:37:42"",""UserUUID"":""4d816740-3381-11f1-9006-65260a694063"",""attendanceCount"":6,""attendance_count"":6,""b.diamond"":35976,""b.ruby"":0,""boxAllCount"":610,""curserver"":2,""equipmentData"":""W:22_0A:19_0"",""install_day"":""2026-04-08"",""totalPayment"":0,""total_payment_amount"":0,""user_name"":""영웅기정"",""user_rank"":1507,""user_stage"":200}"
"stage_reached_200 (App)",,,"{""Time"":""2026-04-14 00:37:40"",""UserUUID"":""eddab9a0-31cc-11f1-8729-f545af2a2f54"",""attendanceCount"":8,""attendance_count"":8,""b.diamond"":227567,""b.ruby"":0,""boxAllCount"":2520,""curserver"":2,""equipmentData"":""W:20_0A:19_0"",""install_day"":""2026-04-06"",""totalPayment"":7700,""total_payment_amount"":7700,""user_name"":""라이로스"",""user_rank"":1058,""user_stage"":200}"
"stage_reached_200 (App)",,,"{""Time"":""2026-04-14 00:31:13"",""UserUUID"":""64a9bc90-32de-11f1-8436-bf193bf343c0"",""attendanceCount"":7,""attendance_count"":7,""b.diamond"":2770,""b.ruby"":0,""boxAllCount"":2700,""curserver"":2,""equipmentData"":""W:20_0A:19_0"",""install_day"":""2026-04-08"",""totalPayment"":0,""total_payment_amount"":0,""user_name"":""진순이다"",""user_rank"":1169,""user_stage"":200}"
"stage_reached_200 (App)",,,"{""Time"":""2026-04-14 00:28:17"",""UserUUID"":""3934de80-31af-11f1-bc72-9f9a57aa8caf"",""attendanceCount"":9,""attendance_count"":9,""b.diamond"":11691,""b.ruby"":0,""boxAllCount"":4030,""curserver"":2,""equipmentData"":""W:21_0A:19_0"",""install_day"":""2026-04-06"",""totalPayment"":7700,""total_payment_amount"":7700,""user_name"":""장백"",""user_rank"":1047,""user_stage"":200}"
"stage_reached_200 (App)",,,"{""Time"":""2026-04-14 00:26:12"",""UserUUID"":""ee028350-34f5-11f1-8fe3-aba5e7c33507"",""attendanceCount"":4,""attendance_count"":4,""b.diamond"":216808,""b.ruby"":110,""boxAllCount"":1770,""curserver"":2,""equipmentData"":""W:20_0A:19_0"",""install_day"":""2026-04-10"",""totalPayment"":42900,""total_payment_amount"":42900,""user_name"":""구사이로"",""user_rank"":1119,""user_stage"":200}"
"stage_reached_200 (App)",,,"{""Time"":""2026-04-14 00:25:53"",""UserUUID"":""c718e440-337a-11f1-b9f2-f9bf69936b51"",""attendanceCount"":6,""attendance_count"":6,""b.diamond"":2270,""b.ruby"":0,""boxAllCount"":1410,""curserver"":2,""equipmentData"":""W:20_0A:19_0"",""install_day"":""2026-04-08"",""totalPayment"":7700,""total_payment_amount"":7700,""user_name"":""Ehdehd"",""user_rank"":1171,""user_stage"":200}"
"stage_reached_200 (App)",,,"{""Time"":""2026-04-14 00:25:16"",""UserUUID"":""38c8ec10-3309-11f1-b740-0154a6e0d0c0"",""attendanceCount"":7,""attendance_count"":7,""b.diamond"":281669,""b.ruby"":0,""boxAllCount"":6840,""curserver"":2,""equipmentData"":""W:22_0A:22_0"",""install_day"":""2026-04-08"",""totalPayment"":7700,""total_payment_amount"":7700,""user_name"":""현22"",""user_rank"":1169,""user_stage"":200}"
"stage_reached_200 (App)",,,"{""Time"":""2026-04-14 00:23:27"",""UserUUID"":""9eda5c40-33af-11f1-a86b-37edcb4f9c8f"",""attendanceCount"":6,""attendance_count"":6,""b.diamond"":59263,""b.ruby"":0,""boxAllCount"":2130,""curserver"":2,""equipmentData"":""W:20_0A:20_0"",""install_day"":""2026-04-09"",""totalPayment"":9900,""total_payment_amount"":9900,""user_name"":""유나쨩"",""user_rank"":1088,""user_stage"":200}"
"stage_reached_200 (App)",,,"{""Time"":""2026-04-14 00:22:47"",""UserUUID"":""d8c4de70-3310-11f1-beea-f1307460bc06"",""attendanceCount"":7,""attendance_count"":7,""b.diamond"":58161,""b.ruby"":0,""boxAllCount"":3900,""curserver"":2,""equipmentData"":""W:20_0A:19_0"",""install_day"":""2026-04-08"",""totalPayment"":7700,""total_payment_amount"":7700,""user_name"":""시간과공간"",""user_rank"":1232,""user_stage"":200}"
"stage_reached_200 (App)",,,"{""Time"":""2026-04-14 00:19:54"",""UserUUID"":""2d84c270-330e-11f1-917d-2b68ae914432"",""attendanceCount"":7,""attendance_count"":7,""b.diamond"":1531,""b.ruby"":0,""boxAllCount"":2130,""curserver"":2,""equipmentData"":""W:21_0A:19_0"",""install_day"":""2026-04-08"",""totalPayment"":7700,""total_payment_amount"":7700,""user_name"":""득춘"",""user_rank"":1460,""user_stage"":200}"
"stage_reached_200 (App)",,,"{""Time"":""2026-04-14 00:16:49"",""UserUUID"":""7f11e820-343f-11f1-b34b-771cdba0e6bd"",""attendanceCount"":5,""attendance_count"":5,""b.diamond"":43789,""b.ruby"":0,""boxAllCount"":2470,""curserver"":2,""equipmentData"":""W:20_0A:19_0"",""install_day"":""2026-04-09"",""totalPayment"":7700,""total_payment_amount"":7700,""user_name"":""와인맛밀러"",""user_rank"":1169,""user_stage"":200}"
"stage_reached_200 (App)",,,"{""Time"":""2026-04-14 00:14:59"",""UserUUID"":""3c0598d0-31fe-11f1-928f-7589d556d10f"",""attendanceCount"":8,""attendance_count"":8,""b.diamond"":103582,""b.ruby"":0,""boxAllCount"":4480,""curserver"":2,""equipmentData"":""W:22_0A:20_0"",""install_day"":""2026-04-06"",""totalPayment"":7700,""total_payment_amount"":7700,""user_name"":""악동루니"",""user_rank"":1052,""user_stage"":200}"
"stage_reached_200 (App)",,,"{""Time"":""2026-04-14 00:14:46"",""UserUUID"":""82bfac80-3400-11f1-a9f7-8335f5db85a7"",""attendanceCount"":6,""attendance_count"":6,""b.diamond"":276486,""b.ruby"":220,""boxAllCount"":1270,""curserver"":2,""equipmentData"":""W:18_0A:19_0"",""install_day"":""2026-04-09"",""totalPayment"":40700,""total_payment_amount"":40700,""user_name"":""포병"",""user_rank"":1070,""user_stage"":200}"
"stage_reached_200 (App)",,,"{""Time"":""2026-04-14 00:13:57"",""UserUUID"":""f6e96e20-32a2-11f1-93fb-7b97d749c91a"",""attendanceCount"":7,""attendance_count"":7,""b.diamond"":218151,""b.ruby"":0,""boxAllCount"":1320,""curserver"":2,""equipmentData"":""W:20_0A:19_0"",""install_day"":""2026-04-07"",""totalPayment"":11000,""total_payment_amount"":11000,""user_name"":""모리단"",""user_rank"":1070,""user_stage"":200}"
"stage_reached_200 (App)",,,"{""Time"":""2026-04-14 00:13:48"",""UserUUID"":""560f2510-331c-11f1-aed7-a5272790d570"",""attendanceCount"":7,""attendance_count"":7,""b.diamond"":405515,""b.ruby"":0,""boxAllCount"":2490,""curserver"":2,""equipmentData"":""W:20_0A:19_0"",""install_day"":""2026-04-08"",""totalPayment"":7700,""total_payment_amount"":7700,""user_name"":""LN"",""user_rank"":1034,""user_stage"":200}"
"stage_reached_200 (App)",,,"{""Time"":""2026-04-14 00:10:57"",""UserUUID"":""8d92ffe0-30ae-11f1-a784-8b2f36fae7f6"",""attendanceCount"":10,""attendance_count"":10,""b.diamond"":110800,""b.ruby"":0,""boxAllCount"":12630,""curserver"":2,""equipmentData"":""W:20_0A:20_0"",""install_day"":""2026-04-05"",""totalPayment"":7700,""total_payment_amount"":7700,""user_name"":""센치"",""user_rank"":1098,""user_stage"":200}"
"stage_reached_200 (App)",,,"{""Time"":""2026-04-13 23:50:47"",""UserUUID"":""b34c8f80-328e-11f1-b53f-49b12169f420"",""attendanceCount"":7,""attendance_count"":7,""b.diamond"":109983,""b.ruby"":0,""boxAllCount"":2550,""curserver"":2,""equipmentData"":""W:20_0A:19_0"",""install_day"":""2026-04-07"",""totalPayment"":7700,""total_payment_amount"":7700,""user_name"":""유팀장"",""user_rank"":1068,""user_stage"":200}"
"stage_reached_200 (App)",,,"{""Time"":""2026-04-13 23:40:57"",""UserUUID"":""a5008a60-3312-11f1-abe2-cf1e9edd997a"",""attendanceCount"":6,""attendance_count"":6,""b.diamond"":17872,""b.ruby"":0,""boxAllCount"":3930,""curserver"":2,""equipmentData"":""W:22_0A:21_0"",""install_day"":""2026-04-08"",""totalPayment"":7700,""total_payment_amount"":7700,""user_name"":""손광수"",""user_rank"":2522,""user_stage"":200}"
"stage_reached_200 (App)",,,"{""Time"":""2026-04-13 23:34:35"",""UserUUID"":""767b0e00-33b1-11f1-85b9-ab2d5b8951c2"",""attendanceCount"":5,""attendance_count"":5,""b.diamond"":409254,""b.ruby"":0,""boxAllCount"":1020,""curserver"":2,""equipmentData"":""W:22_0A:19_0"",""install_day"":""2026-04-09"",""totalPayment"":7700,""total_payment_amount"":7700,""user_name"":""신비로와"",""user_rank"":1047,""user_stage"":200}"
"stage_reached_200 (App)",,,"{""Time"":""2026-04-13 23:34:02"",""UserUUID"":""b9f4be70-326b-11f1-917d-2b68ae914432"",""attendanceCount"":7,""attendance_count"":7,""b.diamond"":34321,""b.ruby"":0,""boxAllCount"":4910,""curserver"":2,""equipmentData"":""W:20_0A:19_0"",""install_day"":""2026-04-07"",""totalPayment"":7700,""total_payment_amount"":7700,""user_name"":""짜장볶는사람"",""user_rank"":1095,""user_stage"":200}"
"stage_reached_200 (App)",,,"{""Time"":""2026-04-13 23:32:43"",""UserUUID"":""72914140-325f-11f1-aeb7-a9da030097bb"",""attendanceCount"":7,""attendance_count"":7,""b.diamond"":172107,""b.ruby"":110,""boxAllCount"":6150,""curserver"":2,""equipmentData"":""W:20_0A:21_0"",""install_day"":""2026-04-07"",""totalPayment"":14300,""total_payment_amount"":14300,""user_name"":""정습명"",""user_rank"":1068,""user_stage"":200}"
"stage_reached_200 (App)",,,"{""Time"":""2026-04-13 23:28:27"",""UserUUID"":""9c0cf280-318d-11f1-ada0-c1d03797e349"",""attendanceCount"":8,""attendance_count"":8,""b.diamond"":3170,""b.ruby"":0,""boxAllCount"":2610,""curserver"":2,""equipmentData"":""W:21_0A:19_0"",""install_day"":""2026-04-06"",""totalPayment"":7700,""total_payment_amount"":7700,""user_name"":""너멋없어"",""user_rank"":1047,""user_stage"":200}"
"stage_reached_200 (App)",,,"{""Time"":""2026-04-13 23:27:57"",""UserUUID"":""6e9cc700-3019-11f1-8f8c-4373610c6a50"",""attendanceCount"":8,""attendance_count"":8,""b.diamond"":2904,""b.ruby"":0,""boxAllCount"":3600,""curserver"":2,""equipmentData"":""W:21_0A:19_0"",""install_day"":""2026-04-04"",""totalPayment"":0,""total_payment_amount"":0,""user_name"":""개은정"",""user_rank"":1203,""user_stage"":200}"
"stage_reached_200 (App)",,,"{""Time"":""2026-04-13 23:14:38"",""UserUUID"":""2fb73550-342b-11f1-ac01-3d5616f11e3c"",""attendanceCount"":4,""attendance_count"":4,""b.diamond"":10473,""b.ruby"":0,""boxAllCount"":3130,""curserver"":2,""equipmentData"":""W:21_0A:19_0"",""install_day"":""2026-04-09"",""totalPayment"":11000,""total_payment_amount"":11000,""user_name"":""그무"",""user_rank"":1125,""user_stage"":200}"
"stage_reached_200 (App)",,,"{""Time"":""2026-04-13 23:10:57"",""UserUUID"":""87e89f80-34cf-11f1-bde8-5badbf450bf9"",""attendanceCount"":4,""attendance_count"":4,""b.diamond"":2206,""b.ruby"":330,""boxAllCount"":1620,""curserver"":2,""equipmentData"":""W:19_0A:17_0"",""install_day"":""2026-04-10"",""totalPayment"":51700,""total_payment_amount"":51700,""user_name"":""김비비"",""user_rank"":1068,""user_stage"":200}"
"stage_reached_200 (App)",,,"{""Time"":""2026-04-13 23:07:21"",""UserUUID"":""1a50bad0-328a-11f1-85b1-7dcb713f9ef4"",""attendanceCount"":7,""attendance_count"":7,""b.diamond"":50944,""b.ruby"":0,""boxAllCount"":1290,""curserver"":2,""equipmentData"":""W:20_0A:19_0"",""install_day"":""2026-04-07"",""totalPayment"":7700,""total_payment_amount"":7700,""user_name"":""겐신"",""user_rank"":1560,""user_stage"":200}"
"stage_reached_200 (App)",,,"{""Time"":""2026-04-13 23:06:30"",""UserUUID"":""e36badb0-32aa-11f1-8667-15196ccfe901"",""attendanceCount"":6,""attendance_count"":6,""b.diamond"":277660,""b.ruby"":0,""boxAllCount"":4800,""curserver"":2,""equipmentData"":""W:20_0A:19_0"",""install_day"":""2026-04-07"",""totalPayment"":0,""total_payment_amount"":0,""user_name"":""이아니"",""user_rank"":1065,""user_stage"":200}"
"stage_reached_200 (App)",,,"{""Time"":""2026-04-13 23:04:46"",""UserUUID"":""c5de9070-31c2-11f1-a446-374a26f4f3cb"",""attendanceCount"":8,""attendance_count"":8,""b.diamond"":11644,""b.ruby"":0,""boxAllCount"":7010,""curserver"":2,""equipmentData"":""W:20_0A:20_0"",""install_day"":""2026-04-06"",""totalPayment"":7700,""total_payment_amount"":7700,""user_name"":""동향"",""user_rank"":1020,""user_stage"":200}"
"stage_reached_200 (App)",,,"{""Time"":""2026-04-13 23:02:26"",""UserUUID"":""9bf9d140-32a1-11f1-8449-554c7affa134"",""attendanceCount"":6,""attendance_count"":6,""b.diamond"":13627,""b.ruby"":0,""boxAllCount"":2700,""curserver"":2,""equipmentData"":""W:22_0A:19_0"",""install_day"":""2026-04-07"",""totalPayment"":0,""total_payment_amount"":0,""user_name"":""ank"",""user_rank"":1087,""user_stage"":200}"
"stage_reached_200 (App)",,,"{""Time"":""2026-04-13 22:51:58"",""UserUUID"":""a6c617a0-33a0-11f1-aff0-239cffb9d3e3"",""attendanceCount"":5,""attendance_count"":5,""b.diamond"":15242,""b.ruby"":330,""boxAllCount"":2940,""curserver"":2,""equipmentData"":""W:20_0A:19_0"",""install_day"":""2026-04-08"",""totalPayment"":11000,""total_payment_amount"":11000,""user_name"":""천마부대"",""user_rank"":1028,""user_stage"":200}"
"stage_reached_200 (App)",,,"{""Time"":""2026-04-13 22:51:03"",""UserUUID"":""1c8197d0-327a-11f1-8e99-e3f6968f6778"",""attendanceCount"":6,""attendance_count"":6,""b.diamond"":4760,""b.ruby"":110,""boxAllCount"":11330,""curserver"":2,""equipmentData"":""W:24_0A:20_0"",""install_day"":""2026-04-07"",""totalPayment"":264000,""total_payment_amount"":264000,""user_name"":""독두"",""user_rank"":1474,""user_stage"":200}"
"stage_reached_200 (App)",,,"{""Time"":""2026-04-13 22:38:54"",""UserUUID"":""8b44cee0-3116-11f1-ac84-bd6f2b97a25b"",""attendanceCount"":8,""attendance_count"":8,""b.diamond"":13590,""b.ruby"":0,""boxAllCount"":2430,""curserver"":2,""equipmentData"":""W:22_0A:23_0"",""install_day"":""2026-04-05"",""totalPayment"":7700,""total_payment_amount"":7700,""user_name"":""뇽차차"",""user_rank"":1051,""user_stage"":200}"
"stage_reached_200 (App)",,,"{""Time"":""2026-04-13 22:30:46"",""UserUUID"":""3efdf840-31b1-11f1-aceb-cdb128d1366a"",""attendanceCount"":8,""attendance_count"":8,""b.diamond"":138096,""b.ruby"":0,""boxAllCount"":4510,""curserver"":2,""equipmentData"":""W:21_0A:22_0"",""install_day"":""2026-04-06"",""totalPayment"":7700,""total_payment_amount"":7700,""user_name"":""장문원"",""user_rank"":1031,""user_stage"":200}"
"stage_reached_200 (App)",,,"{""Time"":""2026-04-13 22:27:01"",""UserUUID"":""013437c0-340b-11f1-bbb4-f5a63854f62e"",""attendanceCount"":5,""attendance_count"":5,""b.diamond"":143778,""b.ruby"":0,""boxAllCount"":4990,""curserver"":2,""equipmentData"":""W:23_0A:19_0"",""install_day"":""2026-04-09"",""totalPayment"":7700,""total_payment_amount"":7700,""user_name"":""평안태왕"",""user_rank"":1860,""user_stage"":200}"
"stage_reached_200 (App)",,,"{""Time"":""2026-04-13 21:53:02"",""UserUUID"":""4cb15d60-353f-11f1-b188-378819fce209"",""attendanceCount"":3,""attendance_count"":3,""b.diamond"":15291,""b.ruby"":0,""boxAllCount"":3040,""curserver"":2,""equipmentData"":""W:22_0A:19_0"",""install_day"":""2026-04-11"",""totalPayment"":0,""total_payment_amount"":0,""user_name"":""RyuG"",""user_rank"":1021,""user_stage"":200}"
"stage_reached_200 (App)",,,"{""Time"":""2026-04-13 21:50:30"",""UserUUID"":""46983a40-366e-11f1-a3c3-ef00f10c8e60"",""attendanceCount"":2,""attendance_count"":2,""b.diamond"":34376,""b.ruby"":0,""boxAllCount"":1210,""curserver"":2,""equipmentData"":""W:23_0A:18_0"",""install_day"":""2026-04-12"",""totalPayment"":152900,""total_payment_amount"":152900,""user_name"":""키히"",""user_rank"":1180,""user_stage"":200}"
"stage_reached_200 (App)",,,"{""Time"":""2026-04-13 21:45:36"",""UserUUID"":""9b7b4b00-30f7-11f1-90c0-8bb27547c0ff"",""attendanceCount"":8,""attendance_count"":8,""b.diamond"":198679,""b.ruby"":0,""boxAllCount"":1710,""curserver"":2,""equipmentData"":""W:21_0A:19_0"",""install_day"":""2026-04-05"",""totalPayment"":7700,""total_payment_amount"":7700,""user_name"":""줏갓네"",""user_rank"":1030,""user_stage"":200}"
"stage_reached_200 (App)",,,"{""Time"":""2026-04-13 21:37:19"",""UserUUID"":""6be757a0-3311-11f1-bf26-2bb1fda678bc"",""attendanceCount"":6,""attendance_count"":6,""b.diamond"":484223,""b.ruby"":0,""boxAllCount"":4570,""curserver"":2,""equipmentData"":""W:22_0A:19_0"",""install_day"":""2026-04-08"",""totalPayment"":18700,""total_payment_amount"":18700,""user_name"":""팜하하니"",""user_rank"":1008,""user_stage"":200}"
"stage_reached_200 (App)",,,"{""Time"":""2026-04-13 21:34:53"",""UserUUID"":""0e44a730-2f77-11f1-9fa0-05696eada500"",""attendanceCount"":9,""attendance_count"":9,""b.diamond"":260497,""b.ruby"":0,""boxAllCount"":4600,""curserver"":2,""equipmentData"":""W:20_0A:19_0"",""install_day"":""2026-04-03"",""totalPayment"":7700,""total_payment_amount"":7700,""user_name"":""bjgs"",""user_rank"":1006,""user_stage"":200}"
"stage_reached_200 (App)",,,"{""Time"":""2026-04-13 21:30:33"",""UserUUID"":""71f0b030-31ca-11f1-8842-abcb9587d0a6"",""attendanceCount"":7,""attendance_count"":7,""b.diamond"":53515,""b.ruby"":0,""boxAllCount"":6010,""curserver"":2,""equipmentData"":""W:21_0A:20_0"",""install_day"":""2026-04-06"",""totalPayment"":7700,""total_payment_amount"":7700,""user_name"":""치맥치맥"",""user_rank"":1006,""user_stage"":200}"
"stage_reached_200 (App)",,,"{""Time"":""2026-04-13 21:29:40"",""UserUUID"":""bcf5b120-2ff4-11f1-8526-3d689a50f7aa"",""attendanceCount"":10,""attendance_count"":10,""b.diamond"":49290,""b.ruby"":0,""boxAllCount"":7520,""curserver"":2,""equipmentData"":""W:22_0A:20_0"",""install_day"":""2026-04-04"",""totalPayment"":7700,""total_payment_amount"":7700,""user_name"":""닭띠"",""user_rank"":1278,""user_stage"":200}"
"stage_reached_200 (App)",,,"{""Time"":""2026-04-13 21:16:30"",""UserUUID"":""e198ab80-32e3-11f1-b440-ff1eeec545a9"",""attendanceCount"":6,""attendance_count"":6,""b.diamond"":5338,""b.ruby"":0,""boxAllCount"":1470,""curserver"":2,""equipmentData"":""W:20_0A:19_0"",""install_day"":""2026-04-08"",""totalPayment"":0,""total_payment_amount"":0,""user_name"":""월항"",""user_rank"":1138,""user_stage"":200}"
"stage_reached_200 (App)",,,"{""Time"":""2026-04-13 21:11:15"",""UserUUID"":""1ed112c0-30dd-11f1-8ada-5b005ce58860"",""attendanceCount"":9,""attendance_count"":9,""b.diamond"":161531,""b.ruby"":0,""boxAllCount"":3120,""curserver"":2,""equipmentData"":""W:20_0A:19_0"",""install_day"":""2026-04-05"",""totalPayment"":7700,""total_payment_amount"":7700,""user_name"":""모군"",""user_rank"":1005,""user_stage"":200}"
"stage_reached_200 (App)",,,"{""Time"":""2026-04-13 21:05:31"",""UserUUID"":""2c293d80-31c3-11f1-b453-9dede9dd9fbf"",""attendanceCount"":8,""attendance_count"":8,""b.diamond"":135209,""b.ruby"":0,""boxAllCount"":4480,""curserver"":2,""equipmentData"":""W:21_0A:20_0"",""install_day"":""2026-04-06"",""totalPayment"":7700,""total_payment_amount"":7700,""user_name"":""이루리라"",""user_rank"":1108,""user_stage"":200}"
"stage_reached_200 (App)",,,"{""Time"":""2026-04-13 21:04:31"",""UserUUID"":""3bfa3690-2e6e-11f1-8acc-2b793c2b3fc7"",""attendanceCount"":12,""attendance_count"":12,""b.diamond"":17516,""b.ruby"":0,""boxAllCount"":6040,""curserver"":1,""equipmentData"":""W:21_0A:20_0"",""install_day"":""2026-04-02"",""totalPayment"":0,""total_payment_amount"":0,""user_name"":""갸루"",""user_rank"":7394,""user_stage"":200}"
"stage_reached_200 (App)",,,"{""Time"":""2026-04-13 21:03:08"",""UserUUID"":""12f7d730-31b5-11f1-905f-b3a6c6cdda57"",""attendanceCount"":8,""attendance_count"":8,""b.diamond"":1677,""b.ruby"":0,""boxAllCount"":4960,""curserver"":2,""equipmentData"":""W:20_0A:19_0"",""install_day"":""2026-04-06"",""totalPayment"":7700,""total_payment_amount"":7700,""user_name"":""이거지"",""user_rank"":1106,""user_stage"":200}"
"stage_reached_200 (App)",,,"{""Time"":""2026-04-13 20:53:03"",""UserUUID"":""a683b920-327c-11f1-821e-6de81a3eb929"",""attendanceCount"":7,""attendance_count"":7,""b.diamond"":615245,""b.ruby"":330,""boxAllCount"":3750,""curserver"":2,""equipmentData"":""W:21_0A:19_0"",""install_day"":""2026-04-07"",""totalPayment"":40700,""total_payment_amount"":40700,""user_name"":""용접용"",""user_rank"":1052,""user_stage"":200}"
"stage_reached_200 (App)",,,"{""Time"":""2026-04-13 20:50:22"",""UserUUID"":""d3c923e0-2ffa-11f1-9b41-d70e5ddb1ec7"",""attendanceCount"":10,""attendance_count"":10,""b.diamond"":122969,""b.ruby"":0,""boxAllCount"":4810,""curserver"":2,""equipmentData"":""W:20_0A:21_0"",""install_day"":""2026-04-04"",""totalPayment"":0,""total_payment_amount"":0,""user_name"":""은쯧"",""user_rank"":995,""user_stage"":200}"
"stage_reached_200 (App)",,,"{""Time"":""2026-04-13 20:49:01"",""UserUUID"":""ac749a60-3327-11f1-aed7-a5272790d570"",""attendanceCount"":6,""attendance_count"":6,""b.diamond"":12717,""b.ruby"":0,""boxAllCount"":6090,""curserver"":2,""equipmentData"":""W:22_0A:23_0"",""install_day"":""2026-04-08"",""totalPayment"":18700,""total_payment_amount"":18700,""user_name"":""찰리대제"",""user_rank"":1084,""user_stage"":200}"
"stage_reached_200 (App)",,,"{""Time"":""2026-04-13 20:45:44"",""UserUUID"":""da7a52b0-3278-11f1-857d-231acdbd9392"",""attendanceCount"":7,""attendance_count"":7,""b.diamond"":93206,""b.ruby"":0,""boxAllCount"":750,""curserver"":2,""equipmentData"":""W:21_0A:19_0"",""install_day"":""2026-04-07"",""totalPayment"":7700,""total_payment_amount"":7700,""user_name"":""청뱀"",""user_rank"":998,""user_stage"":200}"
"stage_reached_200 (App)",,,"{""Time"":""2026-04-13 20:43:54"",""UserUUID"":""b517b640-33c5-11f1-a793-c782112182ad"",""attendanceCount"":5,""attendance_count"":5,""b.diamond"":147954,""b.ruby"":0,""boxAllCount"":2550,""curserver"":2,""equipmentData"":""W:23_0A:19_0"",""install_day"":""2026-04-09"",""totalPayment"":0,""total_payment_amount"":0,""user_name"":""사멸"",""user_rank"":1197,""user_stage"":200}"
"stage_reached_200 (App)",,,"{""Time"":""2026-04-13 20:37:33"",""UserUUID"":""84439720-2f4f-11f1-a45f-4f3bfa68c64d"",""attendanceCount"":11,""attendance_count"":11,""b.diamond"":11649,""b.ruby"":0,""boxAllCount"":4210,""curserver"":2,""equipmentData"":""W:20_0A:19_0"",""install_day"":""2026-04-03"",""totalPayment"":7700,""total_payment_amount"":7700,""user_name"":""행복한군돌이"",""user_rank"":1083,""user_stage"":200}"
"stage_reached_200 (App)",,,"{""Time"":""2026-04-13 20:26:05"",""UserUUID"":""26dffe60-33bf-11f1-a793-c782112182ad"",""attendanceCount"":5,""attendance_count"":5,""b.diamond"":1617,""b.ruby"":0,""boxAllCount"":2200,""curserver"":2,""equipmentData"":""W:19_0A:16_0"",""install_day"":""2026-04-09"",""totalPayment"":7700,""total_payment_amount"":7700,""user_name"":""브립"",""user_rank"":996,""user_stage"":200}"
"stage_reached_200 (App)",,,"{""Time"":""2026-04-13 20:10:06"",""UserUUID"":""24207ca0-3274-11f1-917d-2b68ae914432"",""attendanceCount"":7,""attendance_count"":7,""b.diamond"":137399,""b.ruby"":0,""boxAllCount"":1110,""curserver"":2,""equipmentData"":""W:20_0A:19_0"",""install_day"":""2026-04-07"",""totalPayment"":7700,""total_payment_amount"":7700,""user_name"":""띠니"",""user_rank"":1101,""user_stage"":200}"
"stage_reached_200 (App)",,,"{""Time"":""2026-04-13 19:59:23"",""UserUUID"":""25dca420-333b-11f1-b092-51ca3e7beb51"",""attendanceCount"":6,""attendance_count"":6,""b.diamond"":30052,""b.ruby"":0,""boxAllCount"":9560,""curserver"":2,""equipmentData"":""W:22_0A:20_0"",""install_day"":""2026-04-08"",""totalPayment"":27500,""total_payment_amount"":27500,""user_name"":""모험"",""user_rank"":1164,""user_stage"":200}"
"stage_reached_200 (App)",,,"{""Time"":""2026-04-13 19:58:39"",""UserUUID"":""0c529250-3334-11f1-8a0f-e78e4f1e6eda"",""attendanceCount"":6,""attendance_count"":6,""b.diamond"":15764,""b.ruby"":0,""boxAllCount"":1260,""curserver"":2,""equipmentData"":""W:20_0A:19_0"",""install_day"":""2026-04-08"",""totalPayment"":18700,""total_payment_amount"":18700,""user_name"":""목이짧은기린"",""user_rank"":1019,""user_stage"":200}"
"stage_reached_200 (App)",,,"{""Time"":""2026-04-13 19:53:27"",""UserUUID"":""59323760-35d7-11f1-a3c4-d5c5a1e6409a"",""attendanceCount"":2,""attendance_count"":2,""b.diamond"":17270,""b.ruby"":220,""boxAllCount"":3270,""curserver"":2,""equipmentData"":""W:22_0A:18_0"",""install_day"":""2026-04-11"",""totalPayment"":117700,""total_payment_amount"":117700,""user_name"":""난세난세표"",""user_rank"":1012,""user_stage"":200}"
"stage_reached_200 (App)",,,"{""Time"":""2026-04-13 19:53:03"",""UserUUID"":""6d77bcd0-332b-11f1-8ba8-eb19f6e3aedc"",""attendanceCount"":6,""attendance_count"":6,""b.diamond"":12498,""b.ruby"":0,""boxAllCount"":3930,""curserver"":2,""equipmentData"":""W:20_0A:20_0"",""install_day"":""2026-04-08"",""totalPayment"":7700,""total_payment_amount"":7700,""user_name"":""녹두장군전봉준"",""user_rank"":1030,""user_stage"":200}"
"stage_reached_200 (App)",,,"{""Time"":""2026-04-13 19:52:35"",""UserUUID"":""3a806c90-33b8-11f1-8f8f-7f9ebba470ea"",""attendanceCount"":5,""attendance_count"":5,""b.diamond"":115091,""b.ruby"":0,""boxAllCount"":3060,""curserver"":2,""equipmentData"":""W:19_0A:19_0"",""install_day"":""2026-04-09"",""totalPayment"":0,""total_payment_amount"":0,""user_name"":""베리스트롱"",""user_rank"":1220,""user_stage"":200}"
"stage_reached_200 (App)",,,"{""Time"":""2026-04-13 19:52:24"",""UserUUID"":""93635da0-3155-11f1-97e2-1109ba4f165d"",""attendanceCount"":8,""attendance_count"":8,""b.diamond"":40528,""b.ruby"":0,""boxAllCount"":4220,""curserver"":2,""equipmentData"":""W:22_0A:19_0"",""install_day"":""2026-04-06"",""totalPayment"":25300,""total_payment_amount"":25300,""user_name"":""근수형님"",""user_rank"":1306,""user_stage"":200}"
"stage_reached_200 (App)",,,"{""Time"":""2026-04-13 19:49:10"",""UserUUID"":""a0835510-2f40-11f1-a683-896409f9c635"",""attendanceCount"":11,""attendance_count"":11,""b.diamond"":1165384,""b.ruby"":0,""boxAllCount"":2640,""curserver"":2,""equipmentData"":""W:20_0A:19_0"",""install_day"":""2026-04-03"",""totalPayment"":7700,""total_payment_amount"":7700,""user_name"":""우리우리77"",""user_rank"":1003,""user_stage"":200}"
"stage_reached_200 (App)",,,"{""Time"":""2026-04-13 19:42:52"",""UserUUID"":""0aad2510-30d6-11f1-8ada-5b005ce58860"",""attendanceCount"":6,""attendance_count"":6,""b.diamond"":353580,""b.ruby"":0,""boxAllCount"":1410,""curserver"":2,""equipmentData"":""W:23_0A:19_0"",""install_day"":""2026-04-05"",""totalPayment"":0,""total_payment_amount"":0,""user_name"":""으느정이"",""user_rank"":1760,""user_stage"":200}"
"stage_reached_200 (App)",,,"{""Time"":""2026-04-13 19:38:43"",""UserUUID"":""5205c100-33fc-11f1-aa8a-3b1ed2d94c78"",""attendanceCount"":5,""attendance_count"":5,""b.diamond"":4177,""b.ruby"":0,""boxAllCount"":2480,""curserver"":2,""equipmentData"":""W:20_0A:19_0"",""install_day"":""2026-04-09"",""totalPayment"":7700,""total_payment_amount"":7700,""user_name"":""모모몽"",""user_rank"":988,""user_stage"":200}"
"stage_reached_200 (App)",,,"{""Time"":""2026-04-13 19:36:55"",""UserUUID"":""967356d0-3344-11f1-95ae-3bed9c2aee9d"",""attendanceCount"":6,""attendance_count"":6,""b.diamond"":119518,""b.ruby"":0,""boxAllCount"":2680,""curserver"":2,""equipmentData"":""W:22_0A:19_0"",""install_day"":""2026-04-08"",""totalPayment"":7700,""total_payment_amount"":7700,""user_name"":""무정검"",""user_rank"":988,""user_stage"":200}"
"stage_reached_200 (App)",,,"{""Time"":""2026-04-13 19:36:49"",""UserUUID"":""00b4d1b0-34d3-11f1-8e99-85a025f83367"",""attendanceCount"":4,""attendance_count"":4,""b.diamond"":31038,""b.ruby"":110,""boxAllCount"":5560,""curserver"":2,""equipmentData"":""W:23_0A:22_0"",""install_day"":""2026-04-10"",""totalPayment"":62700,""total_payment_amount"":62700,""user_name"":""구콩"",""user_rank"":1662,""user_stage"":200}"
"stage_reached_200 (App)",,,"{""Time"":""2026-04-13 19:20:09"",""UserUUID"":""2e05ed90-3404-11f1-b106-2fe9ce25b127"",""attendanceCount"":4,""attendance_count"":4,""b.diamond"":122833,""b.ruby"":0,""boxAllCount"":2700,""curserver"":2,""equipmentData"":""W:23_0A:19_0"",""install_day"":""2026-04-09"",""totalPayment"":7700,""total_payment_amount"":7700,""user_name"":""끝방"",""user_rank"":1804,""user_stage"":200}"
"stage_reached_200 (App)",,,"{""Time"":""2026-04-13 19:17:14"",""UserUUID"":""f03e6230-3287-11f1-a8f2-0127e2007171"",""attendanceCount"":7,""attendance_count"":7,""b.diamond"":65385,""b.ruby"":0,""boxAllCount"":6160,""curserver"":2,""equipmentData"":""W:22_0A:20_0"",""install_day"":""2026-04-07"",""totalPayment"":11000,""total_payment_amount"":11000,""user_name"":""근육캥거루"",""user_rank"":1149,""user_stage"":200}"
"stage_reached_200 (App)",,,"{""Time"":""2026-04-13 19:09:56"",""UserUUID"":""938dc110-335a-11f1-8187-df67748e2d4c"",""attendanceCount"":6,""attendance_count"":6,""b.diamond"":12074,""b.ruby"":0,""boxAllCount"":3660,""curserver"":2,""equipmentData"":""W:20_0A:19_0"",""install_day"":""2026-04-08"",""totalPayment"":7700,""total_payment_amount"":7700,""user_name"":""무색무취"",""user_rank"":975,""user_stage"":200}"
"stage_reached_200 (App)",,,"{""Time"":""2026-04-13 19:04:27"",""UserUUID"":""40aca5f0-31ee-11f1-9a41-93219c5f9938"",""attendanceCount"":7,""attendance_count"":7,""b.diamond"":38614,""b.ruby"":0,""boxAllCount"":1080,""curserver"":2,""equipmentData"":""W:20_0A:19_0"",""install_day"":""2026-04-06"",""totalPayment"":0,""total_payment_amount"":0,""user_name"":""사군자매화"",""user_rank"":979,""user_stage"":200}"
"stage_reached_200 (App)",,,"{""Time"":""2026-04-13 19:03:28"",""UserUUID"":""3d273900-34bd-11f1-ab53-b9e487d3b9b9"",""attendanceCount"":4,""attendance_count"":4,""b.diamond"":5338,""b.ruby"":0,""boxAllCount"":1080,""curserver"":2,""equipmentData"":""W:18_0A:16_0"",""install_day"":""2026-04-10"",""totalPayment"":7700,""total_payment_amount"":7700,""user_name"":""메딕"",""user_rank"":979,""user_stage"":200}"
"stage_reached_200 (App)",,,"{""Time"":""2026-04-13 19:03:19"",""UserUUID"":""f8957660-3595-11f1-82f3-dfec7cb99754"",""attendanceCount"":3,""attendance_count"":3,""b.diamond"":7553,""b.ruby"":0,""boxAllCount"":1020,""curserver"":2,""equipmentData"":""W:19_0A:17_0"",""install_day"":""2026-04-11"",""totalPayment"":36300,""total_payment_amount"":36300,""user_name"":""송세"",""user_rank"":963,""user_stage"":200}"
"stage_reached_200 (App)",,,"{""Time"":""2026-04-13 19:02:56"",""UserUUID"":""d84848d0-31ba-11f1-b453-9dede9dd9fbf"",""attendanceCount"":8,""attendance_count"":8,""b.diamond"":18130,""b.ruby"":0,""boxAllCount"":7260,""curserver"":2,""equipmentData"":""W:21_0A:20_0"",""install_day"":""2026-04-06"",""totalPayment"":40700,""total_payment_amount"":40700,""user_name"":""비장"",""user_rank"":1000,""user_stage"":200}"
"stage_reached_200 (App)",,,"{""Time"":""2026-04-13 19:02:03"",""UserUUID"":""4c7d5020-2fd0-11f1-837d-a115ed475532"",""attendanceCount"":10,""attendance_count"":10,""b.diamond"":44607,""b.ruby"":0,""boxAllCount"":1260,""curserver"":2,""equipmentData"":""W:23_0A:19_0"",""install_day"":""2026-04-04"",""totalPayment"":7700,""total_payment_amount"":7700,""user_name"":""용펀맨"",""user_rank"":1019,""user_stage"":200}"
"stage_reached_200 (App)",,,"{""Time"":""2026-04-13 19:01:50"",""UserUUID"":""7a57e9a0-2b17-11f1-925c-3f6869ee6018"",""attendanceCount"":16,""attendance_count"":16,""b.diamond"":27703,""b.ruby"":0,""boxAllCount"":19200,""curserver"":1,""equipmentData"":""W:23_0A:21_0"",""install_day"":""2026-03-29"",""totalPayment"":7700,""total_payment_amount"":7700,""user_name"":""광무황제"",""user_rank"":7625,""user_stage"":200}"
"stage_reached_200 (App)",,,"{""Time"":""2026-04-13 19:00:07"",""UserUUID"":""2f1b56a0-337f-11f1-8098-a908c1b76340"",""attendanceCount"":5,""attendance_count"":5,""b.diamond"":127621,""b.ruby"":0,""boxAllCount"":1740,""curserver"":2,""equipmentData"":""W:20_0A:19_0"",""install_day"":""2026-04-08"",""totalPayment"":7700,""total_payment_amount"":7700,""user_name"":""있몸"",""user_rank"":991,""user_stage"":200}"
"stage_reached_200 (App)",,,"{""Time"":""2026-04-13 18:59:55"",""UserUUID"":""4ab2ded0-328d-11f1-8711-bdda46a3915d"",""attendanceCount"":7,""attendance_count"":7,""b.diamond"":108119,""b.ruby"":0,""boxAllCount"":6000,""curserver"":2,""equipmentData"":""W:21_0A:20_0"",""install_day"":""2026-04-07"",""totalPayment"":0,""total_payment_amount"":0,""user_name"":""1교시는피곤해"",""user_rank"":1049,""user_stage"":200}"
"stage_reached_200 (App)",,,"{""Time"":""2026-04-13 18:53:02"",""UserUUID"":""327c9980-314f-11f1-b2c2-c50927991404"",""attendanceCount"":8,""attendance_count"":8,""b.diamond"":86993,""b.ruby"":0,""boxAllCount"":2520,""curserver"":2,""equipmentData"":""W:23_0A:21_0"",""install_day"":""2026-04-06"",""totalPayment"":7700,""total_payment_amount"":7700,""user_name"":""Defy"",""user_rank"":1692,""user_stage"":200}"
"stage_reached_200 (App)",,,"{""Time"":""2026-04-13 18:50:50"",""UserUUID"":""392c9130-340c-11f1-b8d3-2d95a86b84f9"",""attendanceCount"":5,""attendance_count"":5,""b.diamond"":17039,""b.ruby"":0,""boxAllCount"":1320,""curserver"":2,""equipmentData"":""W:19_0A:19_0"",""install_day"":""2026-04-09"",""totalPayment"":0,""total_payment_amount"":0,""user_name"":""팔악검"",""user_rank"":978,""user_stage"":200}"
"stage_reached_200 (App)",,,"{""Time"":""2026-04-13 18:46:50"",""UserUUID"":""022832c0-335d-11f1-9457-5be53c25a644"",""attendanceCount"":5,""attendance_count"":5,""b.diamond"":85661,""b.ruby"":0,""boxAllCount"":3960,""curserver"":2,""equipmentData"":""W:20_0A:19_0"",""install_day"":""2026-04-08"",""totalPayment"":7700,""total_payment_amount"":7700,""user_name"":""기천"",""user_rank"":1008,""user_stage"":200}"
"stage_reached_200 (App)",,,"{""Time"":""2026-04-13 18:43:11"",""UserUUID"":""c2fad9a0-318f-11f1-847f-4f88b7ef5129"",""attendanceCount"":8,""attendance_count"":8,""b.diamond"":24042,""b.ruby"":0,""boxAllCount"":6250,""curserver"":2,""equipmentData"":""W:21_0A:20_0"",""install_day"":""2026-04-06"",""totalPayment"":7700,""total_payment_amount"":7700,""user_name"":""팡이왕"",""user_rank"":1168,""user_stage"":200}"
"stage_reached_200 (App)",,,"{""Time"":""2026-04-13 18:40:38"",""UserUUID"":""ee5d9230-30f0-11f1-80b4-fdb01b34780a"",""attendanceCount"":9,""attendance_count"":9,""b.diamond"":249101,""b.ruby"":330,""boxAllCount"":3390,""curserver"":2,""equipmentData"":""W:20_0A:20_0"",""install_day"":""2026-04-05"",""totalPayment"":11000,""total_payment_amount"":11000,""user_name"":""독고진"",""user_rank"":995,""user_stage"":200}"
"stage_reached_200 (App)",,,"{""Time"":""2026-04-13 18:31:00"",""UserUUID"":""ff6b2290-300f-11f1-a557-1b371ba4e02c"",""attendanceCount"":10,""attendance_count"":10,""b.diamond"":110378,""b.ruby"":0,""boxAllCount"":2790,""curserver"":2,""equipmentData"":""W:24_0A:19_0"",""install_day"":""2026-04-04"",""totalPayment"":7700,""total_payment_amount"":7700,""user_name"":""퉈어"",""user_rank"":1041,""user_stage"":200}"
"stage_reached_200 (App)",,,"{""Time"":""2026-04-13 18:20:16"",""UserUUID"":""aa267e40-31bf-11f1-8ecf-1935cadd02d4"",""attendanceCount"":8,""attendance_count"":8,""b.diamond"":17423,""b.ruby"":0,""boxAllCount"":2820,""curserver"":2,""equipmentData"":""W:20_0A:19_0"",""install_day"":""2026-04-06"",""totalPayment"":0,""total_payment_amount"":0,""user_name"":""클피"",""user_rank"":1008,""user_stage"":200}"
"stage_reached_200 (App)",,,"{""Time"":""2026-04-13 18:17:47"",""UserUUID"":""c302d2a0-3431-11f1-bfe0-f57a6ff01514"",""attendanceCount"":4,""attendance_count"":4,""b.diamond"":12521,""b.ruby"":0,""boxAllCount"":2460,""curserver"":2,""equipmentData"":""W:22_0A:19_0"",""install_day"":""2026-04-09"",""totalPayment"":7700,""total_payment_amount"":7700,""user_name"":""크로"",""user_rank"":1095,""user_stage"":200}"
"stage_reached_200 (App)",,,"{""Time"":""2026-04-13 18:14:35"",""UserUUID"":""479796b0-322d-11f1-9758-2d1c30faf5b5"",""attendanceCount"":7,""attendance_count"":7,""b.diamond"":61986,""b.ruby"":0,""boxAllCount"":1560,""curserver"":2,""equipmentData"":""W:20_0A:19_0"",""install_day"":""2026-04-07"",""totalPayment"":7700,""total_payment_amount"":7700,""user_name"":""똘똘이큼데헷"",""user_rank"":1497,""user_stage"":200}"
"stage_reached_200 (App)",,,"{""Time"":""2026-04-13 18:10:06"",""UserUUID"":""f96e0870-32ea-11f1-8667-15196ccfe901"",""attendanceCount"":6,""attendance_count"":6,""b.diamond"":216135,""b.ruby"":0,""boxAllCount"":7790,""curserver"":2,""equipmentData"":""W:23_0A:22_0"",""install_day"":""2026-04-08"",""totalPayment"":7700,""total_payment_amount"":7700,""user_name"":""트리엘"",""user_rank"":1237,""user_stage"":200}"
"stage_reached_200 (App)",,,"{""Time"":""2026-04-13 17:31:30"",""UserUUID"":""7fe81be0-3226-11f1-9d9a-49f0f7e47762"",""attendanceCount"":7,""attendance_count"":7,""b.diamond"":126168,""b.ruby"":0,""boxAllCount"":1020,""curserver"":2,""equipmentData"":""W:21_0A:19_0"",""install_day"":""2026-04-07"",""totalPayment"":7700,""total_payment_amount"":7700,""user_name"":""마을이장"",""user_rank"":963,""user_stage"":200}"
"stage_reached_200 (App)",,,"{""Time"":""2026-04-13 17:24:02"",""UserUUID"":""332dad60-3339-11f1-8ba8-eb19f6e3aedc"",""attendanceCount"":6,""attendance_count"":6,""b.diamond"":59966,""b.ruby"":0,""boxAllCount"":3780,""curserver"":2,""equipmentData"":""W:20_0A:19_0"",""install_day"":""2026-04-08"",""totalPayment"":0,""total_payment_amount"":0,""user_name"":""흑시"",""user_rank"":1083,""user_stage"":200}"
"stage_reached_200 (App)",,,"{""Time"":""2026-04-13 17:21:27"",""UserUUID"":""30802bb0-335c-11f1-b54b-b183cc730f11"",""attendanceCount"":5,""attendance_count"":5,""b.diamond"":28218,""b.ruby"":0,""boxAllCount"":6010,""curserver"":2,""equipmentData"":""W:20_0A:20_0"",""install_day"":""2026-04-08"",""totalPayment"":11000,""total_payment_amount"":11000,""user_name"":""민고석추"",""user_rank"":963,""user_stage"":200}"
"stage_reached_200 (App)",,,"{""Time"":""2026-04-13 17:08:48"",""UserUUID"":""ca5dad80-3252-11f1-a3ad-ef991a2b5995"",""attendanceCount"":7,""attendance_count"":7,""b.diamond"":15018,""b.ruby"":110,""boxAllCount"":1230,""curserver"":2,""equipmentData"":""W:20_0A:19_0"",""install_day"":""2026-04-07"",""totalPayment"":14300,""total_payment_amount"":14300,""user_name"":""이성현"",""user_rank"":1085,""user_stage"":200}"
"stage_reached_200 (App)",,,"{""Time"":""2026-04-13 16:56:42"",""UserUUID"":""a74862c0-346b-11f1-86f4-197d0e20ae16"",""attendanceCount"":4,""attendance_count"":4,""b.diamond"":170431,""b.ruby"":0,""boxAllCount"":10380,""curserver"":2,""equipmentData"":""W:23_0A:22_0"",""install_day"":""2026-04-09"",""totalPayment"":95700,""total_payment_amount"":95700,""user_name"":""물장군"",""user_rank"":1023,""user_stage"":200}"
"stage_reached_200 (App)",,,"{""Time"":""2026-04-13 16:03:56"",""UserUUID"":""7e8b0240-3239-11f1-b273-bf3ce9c9a5aa"",""attendanceCount"":7,""attendance_count"":7,""b.diamond"":80116,""b.ruby"":0,""boxAllCount"":9910,""curserver"":2,""equipmentData"":""W:23_0A:20_0"",""install_day"":""2026-04-07"",""totalPayment"":7700,""total_payment_amount"":7700,""user_name"":""백호나한"",""user_rank"":1216,""user_stage"":200}"
"stage_reached_200 (App)",,,"{""Time"":""2026-04-13 15:45:52"",""UserUUID"":""ad35c6b0-3357-11f1-8187-df67748e2d4c"",""attendanceCount"":6,""attendance_count"":6,""b.diamond"":198999,""b.ruby"":0,""boxAllCount"":4770,""curserver"":2,""equipmentData"":""W:23_0A:19_0"",""install_day"":""2026-04-08"",""totalPayment"":0,""total_payment_amount"":0,""user_name"":""난나나난나나"",""user_rank"":1017,""user_stage"":200}"
"stage_reached_200 (App)",,,"{""Time"":""2026-04-13 15:37:15"",""UserUUID"":""c05d9c00-32ac-11f1-862b-0b3ba8ecfbe1"",""attendanceCount"":6,""attendance_count"":6,""b.diamond"":29789,""b.ruby"":0,""boxAllCount"":2500,""curserver"":2,""equipmentData"":""W:20_0A:19_0"",""install_day"":""2026-04-07"",""totalPayment"":7700,""total_payment_amount"":7700,""user_name"":""리니킹"",""user_rank"":959,""user_stage"":200}"
"stage_reached_200 (App)",,,"{""Time"":""2026-04-13 15:36:54"",""UserUUID"":""aebd1470-33cf-11f1-a924-394237907d95"",""attendanceCount"":5,""attendance_count"":5,""b.diamond"":6762,""b.ruby"":0,""boxAllCount"":960,""curserver"":2,""equipmentData"":""W:18_0A:19_0"",""install_day"":""2026-04-09"",""totalPayment"":16500,""total_payment_amount"":16500,""user_name"":""민하리자"",""user_rank"":989,""user_stage"":200}"
"stage_reached_200 (App)",,,"{""Time"":""2026-04-13 15:32:19"",""UserUUID"":""793618c0-2b81-11f1-a347-039f34282e8b"",""attendanceCount"":4,""attendance_count"":4,""b.diamond"":3586,""b.ruby"":0,""boxAllCount"":3180,""curserver"":1,""equipmentData"":""W:22_0A:19_0"",""install_day"":""2026-03-29"",""totalPayment"":7700,""total_payment_amount"":7700,""user_name"":""잣수"",""user_rank"":7213,""user_stage"":200}"
"stage_reached_200 (App)",,,"{""Time"":""2026-04-13 15:17:21"",""UserUUID"":""6efe2680-36e0-11f1-98d3-031840550a6f"",""attendanceCount"":1,""attendance_count"":1,""b.diamond"":260828,""b.ruby"":0,""boxAllCount"":6570,""curserver"":2,""equipmentData"":""W:22_0A:20_0"",""install_day"":""2026-04-13"",""totalPayment"":216700,""total_payment_amount"":216700,""user_name"":""변우석"",""user_rank"":1127,""user_stage"":200}"
"stage_reached_200 (App)",,,"{""Time"":""2026-04-13 15:15:35"",""UserUUID"":""419cc370-310b-11f1-98e6-bbc10001739a"",""attendanceCount"":8,""attendance_count"":8,""b.diamond"":37002,""b.ruby"":0,""boxAllCount"":2550,""curserver"":2,""equipmentData"":""W:21_0A:19_0"",""install_day"":""2026-04-05"",""totalPayment"":7700,""total_payment_amount"":7700,""user_name"":""악어틀뉘"",""user_rank"":967,""user_stage"":200}"
"stage_reached_200 (App)",,,"{""Time"":""2026-04-13 15:11:02"",""UserUUID"":""91bed1c0-31cb-11f1-8dd1-0b3e03cc4705"",""attendanceCount"":7,""attendance_count"":7,""b.diamond"":14248,""b.ruby"":110,""boxAllCount"":6800,""curserver"":2,""equipmentData"":""W:21_0A:22_0"",""install_day"":""2026-04-06"",""totalPayment"":73700,""total_payment_amount"":73700,""user_name"":""멜란지"",""user_rank"":957,""user_stage"":200}"
"stage_reached_200 (App)",,,"{""Time"":""2026-04-13 15:10:23"",""UserUUID"":""83cbbd00-334a-11f1-a59b-7f5f04c44d59"",""attendanceCount"":6,""attendance_count"":6,""b.diamond"":28219,""b.ruby"":220,""boxAllCount"":3700,""curserver"":2,""equipmentData"":""W:20_0A:19_0"",""install_day"":""2026-04-08"",""totalPayment"":51700,""total_payment_amount"":51700,""user_name"":""Danielki"",""user_rank"":947,""user_stage"":200}"
"stage_reached_200 (App)",,,"{""Time"":""2026-04-13 15:04:42"",""UserUUID"":""923abc40-323e-11f1-be70-6fdaa0cd4dd3"",""attendanceCount"":7,""attendance_count"":7,""b.diamond"":200319,""b.ruby"":0,""boxAllCount"":5260,""curserver"":2,""equipmentData"":""W:20_0A:19_0"",""install_day"":""2026-04-07"",""totalPayment"":0,""total_payment_amount"":0,""user_name"":""오옹옹"",""user_rank"":1002,""user_stage"":200}"
"stage_reached_200 (App)",,,"{""Time"":""2026-04-13 14:56:14"",""UserUUID"":""96b7cdb0-3614-11f1-a5bf-3b366c19adc8"",""attendanceCount"":2,""attendance_count"":2,""b.diamond"":20430,""b.ruby"":0,""boxAllCount"":6020,""curserver"":2,""equipmentData"":""W:23_0A:20_0"",""install_day"":""2026-04-12"",""totalPayment"":58300,""total_payment_amount"":58300,""user_name"":""빅딕동준"",""user_rank"":1492,""user_stage"":200}"
"stage_reached_200 (App)",,,"{""Time"":""2026-04-13 14:30:07"",""UserUUID"":""d29efce0-3349-11f1-9eda-7f2e43afd1c4"",""attendanceCount"":6,""attendance_count"":6,""b.diamond"":22922,""b.ruby"":220,""boxAllCount"":11100,""curserver"":2,""equipmentData"":""W:20_0A:23_0"",""install_day"":""2026-04-08"",""totalPayment"":172700,""total_payment_amount"":172700,""user_name"":""은숭어"",""user_rank"":981,""user_stage"":200}"
"stage_reached_200 (App)",,,"{""Time"":""2026-04-13 14:26:18"",""UserUUID"":""c6172220-336e-11f1-a0f7-63c6ce90926a"",""attendanceCount"":5,""attendance_count"":5,""b.diamond"":6575,""b.ruby"":0,""boxAllCount"":1060,""curserver"":2,""equipmentData"":""W:19_0A:19_0"",""install_day"":""2026-04-08"",""totalPayment"":0,""total_payment_amount"":0,""user_name"":""아랄랄랄"",""user_rank"":959,""user_stage"":200}"
"stage_reached_200 (App)",,,"{""Time"":""2026-04-13 13:59:08"",""UserUUID"":""68dd7600-32f0-11f1-98a0-efaa4bfcec3a"",""attendanceCount"":6,""attendance_count"":6,""b.diamond"":4213,""b.ruby"":0,""boxAllCount"":3320,""curserver"":2,""equipmentData"":""W:19_0A:19_0"",""install_day"":""2026-04-08"",""totalPayment"":0,""total_payment_amount"":0,""user_name"":""귀히"",""user_rank"":937,""user_stage"":200}"
"stage_reached_200 (App)",,,"{""Time"":""2026-04-13 13:55:30"",""UserUUID"":""866e1ea0-31c8-11f1-9033-375b699f179f"",""attendanceCount"":8,""attendance_count"":8,""b.diamond"":20614,""b.ruby"":0,""boxAllCount"":1170,""curserver"":2,""equipmentData"":""W:20_0A:19_0"",""install_day"":""2026-04-06"",""totalPayment"":7700,""total_payment_amount"":7700,""user_name"":""응큼한호랑"",""user_rank"":1158,""user_stage"":200}"
"stage_reached_200 (App)",,,"{""Time"":""2026-04-13 13:49:04"",""UserUUID"":""cb7f4d90-31b7-11f1-b4cc-ab67fa8ddf7e"",""attendanceCount"":8,""attendance_count"":8,""b.diamond"":1793,""b.ruby"":0,""boxAllCount"":3600,""curserver"":2,""equipmentData"":""W:20_0A:19_0"",""install_day"":""2026-04-06"",""totalPayment"":0,""total_payment_amount"":0,""user_name"":""태휘"",""user_rank"":946,""user_stage"":200}"
"stage_reached_200 (App)",,,"{""Time"":""2026-04-13 13:40:10"",""UserUUID"":""a8d30f80-36de-11f1-a51d-8b12a8fdcca5"",""attendanceCount"":1,""attendance_count"":1,""b.diamond"":1775845,""b.ruby"":1210,""boxAllCount"":23670,""curserver"":2,""equipmentData"":""W:24_0A:23_0"",""install_day"":""2026-04-13"",""totalPayment"":568700,""total_payment_amount"":568700,""user_name"":""울돌목"",""user_rank"":1724,""user_stage"":200}"
"stage_reached_200 (App)",,,"{""Time"":""2026-04-13 13:24:07"",""UserUUID"":""27a893c0-3239-11f1-93cd-4560885e8ddf"",""attendanceCount"":6,""attendance_count"":6,""b.diamond"":223517,""b.ruby"":0,""boxAllCount"":5000,""curserver"":2,""equipmentData"":""W:20_0A:19_0"",""install_day"":""2026-04-07"",""totalPayment"":0,""total_payment_amount"":0,""user_name"":""지혜야"",""user_rank"":943,""user_stage"":200}"
"stage_reached_200 (App)",,,"{""Time"":""2026-04-13 13:19:22"",""UserUUID"":""c3dea780-321f-11f1-8cda-599b701c1ac1"",""attendanceCount"":7,""attendance_count"":7,""b.diamond"":10468,""b.ruby"":0,""boxAllCount"":2640,""curserver"":2,""equipmentData"":""W:20_0A:19_0"",""install_day"":""2026-04-07"",""totalPayment"":0,""total_payment_amount"":0,""user_name"":""난세이야"",""user_rank"":1030,""user_stage"":200}"
"stage_reached_200 (App)",,,"{""Time"":""2026-04-13 13:17:07"",""UserUUID"":""de830ba0-3326-11f1-a6a8-07161db1a495"",""attendanceCount"":6,""attendance_count"":6,""b.diamond"":7386,""b.ruby"":0,""boxAllCount"":2620,""curserver"":2,""equipmentData"":""W:20_0A:19_0"",""install_day"":""2026-04-08"",""totalPayment"":0,""total_payment_amount"":0,""user_name"":""아난향"",""user_rank"":958,""user_stage"":200}"
"stage_reached_200 (App)",,,"{""Time"":""2026-04-13 13:10:41"",""UserUUID"":""4c24f330-2f5d-11f1-a7cb-dd5571ea1e05"",""attendanceCount"":11,""attendance_count"":11,""b.diamond"":248443,""b.ruby"":0,""boxAllCount"":3990,""curserver"":2,""equipmentData"":""W:21_0A:21_0"",""install_day"":""2026-04-03"",""totalPayment"":7700,""total_payment_amount"":7700,""user_name"":""멍칠"",""user_rank"":1400,""user_stage"":200}"
"stage_reached_200 (App)",,,"{""Time"":""2026-04-13 13:09:14"",""UserUUID"":""ba533e90-33de-11f1-be8e-6bdf265b3295"",""attendanceCount"":5,""attendance_count"":5,""b.diamond"":360141,""b.ruby"":110,""boxAllCount"":1980,""curserver"":2,""equipmentData"":""W:20_0A:19_0"",""install_day"":""2026-04-09"",""totalPayment"":47300,""total_payment_amount"":47300,""user_name"":""돌돌이입니다"",""user_rank"":937,""user_stage"":200}"
"stage_reached_200 (App)",,,"{""Time"":""2026-04-13 13:06:55"",""UserUUID"":""aff4dbf0-3331-11f1-8ad7-3b9b9e4eed9d"",""attendanceCount"":6,""attendance_count"":6,""b.diamond"":36868,""b.ruby"":0,""boxAllCount"":7570,""curserver"":2,""equipmentData"":""W:20_0A:20_0"",""install_day"":""2026-04-08"",""totalPayment"":44000,""total_payment_amount"":44000,""user_name"":""루비냠"",""user_rank"":1011,""user_stage"":200}"
"stage_reached_200 (App)",,,"{""Time"":""2026-04-13 12:57:17"",""UserUUID"":""03eb2400-3353-11f1-83cd-1bcdc56bab89"",""attendanceCount"":6,""attendance_count"":6,""b.diamond"":132131,""b.ruby"":0,""boxAllCount"":2940,""curserver"":2,""equipmentData"":""W:20_0A:23_0"",""install_day"":""2026-04-08"",""totalPayment"":7700,""total_payment_amount"":7700,""user_name"":""아기조포기"",""user_rank"":941,""user_stage"":200}"
"stage_reached_200 (App)",,,"{""Time"":""2026-04-13 12:46:01"",""UserUUID"":""3c0706d0-335b-11f1-ad26-918d01757ce7"",""attendanceCount"":6,""attendance_count"":6,""b.diamond"":71013,""b.ruby"":0,""boxAllCount"":1200,""curserver"":2,""equipmentData"":""W:20_0A:19_0"",""install_day"":""2026-04-08"",""totalPayment"":0,""total_payment_amount"":0,""user_name"":""삼다옥"",""user_rank"":939,""user_stage"":200}"
"stage_reached_200 (App)",,,"{""Time"":""2026-04-13 12:38:54"",""UserUUID"":""3952aab0-33a7-11f1-a793-c782112182ad"",""attendanceCount"":5,""attendance_count"":5,""b.diamond"":30144,""b.ruby"":0,""boxAllCount"":6850,""curserver"":2,""equipmentData"":""W:23_0A:20_0"",""install_day"":""2026-04-09"",""totalPayment"":22000,""total_payment_amount"":22000,""user_name"":""잉잉잉이"",""user_rank"":1147,""user_stage"":200}"
"stage_reached_200 (App)",,,"{""Time"":""2026-04-13 12:26:32"",""UserUUID"":""2199bfe0-31b2-11f1-9427-136d155409e6"",""attendanceCount"":8,""attendance_count"":8,""b.diamond"":5015,""b.ruby"":0,""boxAllCount"":6240,""curserver"":2,""equipmentData"":""W:21_0A:20_0"",""install_day"":""2026-04-06"",""totalPayment"":75900,""total_payment_amount"":75900,""user_name"":""김밥이"",""user_rank"":954,""user_stage"":200}"
"stage_reached_200 (App)",,,"{""Time"":""2026-04-13 12:23:54"",""UserUUID"":""2f3cbdf0-3356-11f1-8eeb-636368e7978f"",""attendanceCount"":6,""attendance_count"":6,""b.diamond"":2950,""b.ruby"":220,""boxAllCount"":2460,""curserver"":2,""equipmentData"":""W:22_0A:19_0"",""install_day"":""2026-04-08"",""totalPayment"":40700,""total_payment_amount"":40700,""user_name"":""인왕산호랑이"",""user_rank"":937,""user_stage"":200}"
"stage_reached_200 (App)",,,"{""Time"":""2026-04-13 12:20:52"",""UserUUID"":""e3d61ce0-33ea-11f1-8cee-dde9ae47e43d"",""attendanceCount"":5,""attendance_count"":5,""b.diamond"":5593,""b.ruby"":0,""boxAllCount"":1200,""curserver"":2,""equipmentData"":""W:20_0A:20_0"",""install_day"":""2026-04-09"",""totalPayment"":33000,""total_payment_amount"":33000,""user_name"":""booung"",""user_rank"":1034,""user_stage"":200}"
"stage_reached_200 (App)",,,"{""Time"":""2026-04-13 12:11:13"",""UserUUID"":""ddee4f50-326e-11f1-a6bb-779ffb1fa88b"",""attendanceCount"":7,""attendance_count"":7,""b.diamond"":92976,""b.ruby"":0,""boxAllCount"":4270,""curserver"":2,""equipmentData"":""W:20_0A:19_0"",""install_day"":""2026-04-07"",""totalPayment"":7700,""total_payment_amount"":7700,""user_name"":""Namie"",""user_rank"":935,""user_stage"":200}"
"stage_reached_200 (App)",,,"{""Time"":""2026-04-13 11:56:38"",""UserUUID"":""9c717970-3279-11f1-8711-bdda46a3915d"",""attendanceCount"":7,""attendance_count"":7,""b.diamond"":143116,""b.ruby"":0,""boxAllCount"":1080,""curserver"":2,""equipmentData"":""W:20_0A:19_0"",""install_day"":""2026-04-07"",""totalPayment"":0,""total_payment_amount"":0,""user_name"":""420"",""user_rank"":948,""user_stage"":200}"
"stage_reached_200 (App)",,,"{""Time"":""2026-04-13 11:55:09"",""UserUUID"":""6d7615a0-341c-11f1-b724-2d1c480bfabd"",""attendanceCount"":5,""attendance_count"":5,""b.diamond"":54055,""b.ruby"":0,""boxAllCount"":6090,""curserver"":2,""equipmentData"":""W:22_0A:21_0"",""install_day"":""2026-04-09"",""totalPayment"":53900,""total_payment_amount"":53900,""user_name"":""혁두"",""user_rank"":1130,""user_stage"":200}"
"stage_reached_200 (App)",,,"{""Time"":""2026-04-13 11:53:20"",""UserUUID"":""ee299ab0-3281-11f1-9f5b-c565869b1ef1"",""attendanceCount"":7,""attendance_count"":7,""b.diamond"":63859,""b.ruby"":0,""boxAllCount"":2580,""curserver"":2,""equipmentData"":""W:21_0A:19_0"",""install_day"":""2026-04-07"",""totalPayment"":7700,""total_payment_amount"":7700,""user_name"":""만용"",""user_rank"":950,""user_stage"":200}"
"stage_reached_200 (App)",,,"{""Time"":""2026-04-13 11:39:44"",""UserUUID"":""1cf41e70-3227-11f1-9070-a9d9bf514f58"",""attendanceCount"":6,""attendance_count"":6,""b.diamond"":26277,""b.ruby"":0,""boxAllCount"":6230,""curserver"":2,""equipmentData"":""W:20_0A:20_0"",""install_day"":""2026-04-07"",""totalPayment"":44000,""total_payment_amount"":44000,""user_name"":""후낭"",""user_rank"":999,""user_stage"":200}"
"stage_reached_200 (App)",,,"{""Time"":""2026-04-13 11:38:33"",""UserUUID"":""587bee50-3277-11f1-8667-15196ccfe901"",""attendanceCount"":7,""attendance_count"":7,""b.diamond"":64592,""b.ruby"":0,""boxAllCount"":3360,""curserver"":2,""equipmentData"":""W:20_0A:19_0"",""install_day"":""2026-04-07"",""totalPayment"":0,""total_payment_amount"":0,""user_name"":""도비는양말도둑"",""user_rank"":944,""user_stage"":200}"
"stage_reached_200 (App)",,,"{""Time"":""2026-04-13 11:31:13"",""UserUUID"":""830c8be0-336f-11f1-a5e5-99fb33fc82c3"",""attendanceCount"":5,""attendance_count"":5,""b.diamond"":95413,""b.ruby"":0,""boxAllCount"":3150,""curserver"":2,""equipmentData"":""W:23_0A:19_0"",""install_day"":""2026-04-08"",""totalPayment"":9900,""total_payment_amount"":9900,""user_name"":""일주일은하자"",""user_rank"":1059,""user_stage"":200}"
"stage_reached_200 (App)",,,"{""Time"":""2026-04-13 11:28:07"",""UserUUID"":""13c2b380-3050-11f1-8f8c-4373610c6a50"",""attendanceCount"":9,""attendance_count"":9,""b.diamond"":121092,""b.ruby"":0,""boxAllCount"":2550,""curserver"":2,""equipmentData"":""W:20_0A:19_0"",""install_day"":""2026-04-04"",""totalPayment"":11000,""total_payment_amount"":11000,""user_name"":""hilder"",""user_rank"":981,""user_stage"":200}"
"stage_reached_200 (App)",,,"{""Time"":""2026-04-13 11:27:57"",""UserUUID"":""2062fc30-3334-11f1-8c8a-17baa5faf677"",""attendanceCount"":6,""attendance_count"":6,""b.diamond"":203139,""b.ruby"":220,""boxAllCount"":2010,""curserver"":2,""equipmentData"":""W:20_0A:19_0"",""install_day"":""2026-04-08"",""totalPayment"":40700,""total_payment_amount"":40700,""user_name"":""일등항해사"",""user_rank"":941,""user_stage"":200}"
"stage_reached_200 (App)",,,"{""Time"":""2026-04-13 11:25:28"",""UserUUID"":""00663e50-3498-11f1-b019-555895919eba"",""attendanceCount"":4,""attendance_count"":4,""b.diamond"":172794,""b.ruby"":0,""boxAllCount"":4080,""curserver"":2,""equipmentData"":""W:21_0A:20_0"",""install_day"":""2026-04-10"",""totalPayment"":25300,""total_payment_amount"":25300,""user_name"":""츠넌"",""user_rank"":1522,""user_stage"":200}"
"stage_reached_200 (App)",,,"{""Time"":""2026-04-13 11:23:00"",""UserUUID"":""06410140-335b-11f1-86ac-b9129f3d3859"",""attendanceCount"":6,""attendance_count"":6,""b.diamond"":8283,""b.ruby"":0,""boxAllCount"":2460,""curserver"":2,""equipmentData"":""W:17_0A:19_0"",""install_day"":""2026-04-08"",""totalPayment"":36300,""total_payment_amount"":36300,""user_name"":""무법지"",""user_rank"":1258,""user_stage"":200}"
"stage_reached_200 (App)",,,"{""Time"":""2026-04-13 11:22:22"",""UserUUID"":""2017e830-316d-11f1-90a5-8582db4d8b17"",""attendanceCount"":8,""attendance_count"":8,""b.diamond"":19862,""b.ruby"":0,""boxAllCount"":2610,""curserver"":2,""equipmentData"":""W:22_0A:19_0"",""install_day"":""2026-04-06"",""totalPayment"":7700,""total_payment_amount"":7700,""user_name"":""뚝복"",""user_rank"":1726,""user_stage"":200}"
"stage_reached_200 (App)",,,"{""Time"":""2026-04-13 11:22:10"",""UserUUID"":""1b087010-32a0-11f1-862b-0b3ba8ecfbe1"",""attendanceCount"":6,""attendance_count"":6,""b.diamond"":114623,""b.ruby"":0,""boxAllCount"":2670,""curserver"":2,""equipmentData"":""W:20_0A:19_0"",""install_day"":""2026-04-07"",""totalPayment"":8800,""total_payment_amount"":8800,""user_name"":""김양짱"",""user_rank"":925,""user_stage"":200}"
"stage_reached_200 (App)",,,"{""Time"":""2026-04-13 11:12:35"",""UserUUID"":""bd3781d0-3275-11f1-862b-0b3ba8ecfbe1"",""attendanceCount"":7,""attendance_count"":7,""b.diamond"":51138,""b.ruby"":0,""boxAllCount"":1350,""curserver"":2,""equipmentData"":""W:21_0A:19_0"",""install_day"":""2026-04-07"",""totalPayment"":7700,""total_payment_amount"":7700,""user_name"":""난궁세가"",""user_rank"":965,""user_stage"":200}"
"stage_reached_200 (App)",,,"{""Time"":""2026-04-13 11:02:31"",""UserUUID"":""ab05fcc0-3307-11f1-917d-2b68ae914432"",""attendanceCount"":6,""attendance_count"":6,""b.diamond"":37094,""b.ruby"":0,""boxAllCount"":5490,""curserver"":2,""equipmentData"":""W:20_0A:20_0"",""install_day"":""2026-04-08"",""totalPayment"":29700,""total_payment_amount"":29700,""user_name"":""시녜"",""user_rank"":948,""user_stage"":200}"
"stage_reached_200 (App)",,,"{""Time"":""2026-04-13 11:02:00"",""UserUUID"":""f9db3b80-3221-11f1-a446-374a26f4f3cb"",""attendanceCount"":7,""attendance_count"":7,""b.diamond"":103610,""b.ruby"":0,""boxAllCount"":6340,""curserver"":2,""equipmentData"":""W:22_0A:20_0"",""install_day"":""2026-04-07"",""totalPayment"":7700,""total_payment_amount"":7700,""user_name"":""용주"",""user_rank"":1592,""user_stage"":200}"
"stage_reached_200 (App)",,,"{""Time"":""2026-04-13 10:55:59"",""UserUUID"":""c5f4a840-32b9-11f1-bf0d-0768a26dba90"",""attendanceCount"":6,""attendance_count"":6,""b.diamond"":103045,""b.ruby"":0,""boxAllCount"":6190,""curserver"":2,""equipmentData"":""W:22_0A:21_0"",""install_day"":""2026-04-07"",""totalPayment"":0,""total_payment_amount"":0,""user_name"":""아인호"",""user_rank"":1068,""user_stage"":200}"
"stage_reached_200 (App)",,,"{""Time"":""2026-04-13 10:50:07"",""UserUUID"":""1010a3a0-32a3-11f1-b03d-ed408c91c8ac"",""attendanceCount"":6,""attendance_count"":6,""b.diamond"":5813,""b.ruby"":0,""boxAllCount"":6010,""curserver"":2,""equipmentData"":""W:21_0A:20_0"",""install_day"":""2026-04-07"",""totalPayment"":7700,""total_payment_amount"":7700,""user_name"":""염통통"",""user_rank"":931,""user_stage"":200}"
"stage_reached_200 (App)",,,"{""Time"":""2026-04-13 10:47:29"",""UserUUID"":""b91aade0-3336-11f1-aaf9-c7d9b9303a49"",""attendanceCount"":6,""attendance_count"":6,""b.diamond"":56045,""b.ruby"":0,""boxAllCount"":4170,""curserver"":2,""equipmentData"":""W:21_0A:20_0"",""install_day"":""2026-04-08"",""totalPayment"":7700,""total_payment_amount"":7700,""user_name"":""아쇼"",""user_rank"":931,""user_stage"":200}"
"stage_reached_200 (App)",,,"{""Time"":""2026-04-13 10:42:14"",""UserUUID"":""32cf14b0-325f-11f1-9758-2d1c30faf5b5"",""attendanceCount"":7,""attendance_count"":7,""b.diamond"":155816,""b.ruby"":0,""boxAllCount"":6940,""curserver"":2,""equipmentData"":""W:22_0A:18_0"",""install_day"":""2026-04-07"",""totalPayment"":7700,""total_payment_amount"":7700,""user_name"":""꽐라서"",""user_rank"":913,""user_stage"":200}"
"stage_reached_200 (App)",,,"{""Time"":""2026-04-13 10:41:34"",""UserUUID"":""94ed20c0-31eb-11f1-b207-55ad83937d05"",""attendanceCount"":7,""attendance_count"":7,""b.diamond"":3388,""b.ruby"":0,""boxAllCount"":2460,""curserver"":2,""equipmentData"":""W:23_0A:21_0"",""install_day"":""2026-04-06"",""totalPayment"":7700,""total_payment_amount"":7700,""user_name"":""슈파"",""user_rank"":1066,""user_stage"":200}"
"stage_reached_200 (App)",,,"{""Time"":""2026-04-13 10:41:31"",""UserUUID"":""4251d130-3240-11f1-aceb-cdb128d1366a"",""attendanceCount"":7,""attendance_count"":7,""b.diamond"":100640,""b.ruby"":0,""boxAllCount"":1290,""curserver"":2,""equipmentData"":""W:21_0A:19_0"",""install_day"":""2026-04-07"",""totalPayment"":7700,""total_payment_amount"":7700,""user_name"":""나르샤303"",""user_rank"":955,""user_stage"":200}"
"stage_reached_200 (App)",,,"{""Time"":""2026-04-13 10:27:05"",""UserUUID"":""36996260-31cb-11f1-bcd4-a73896d0caf4"",""attendanceCount"":7,""attendance_count"":7,""b.diamond"":51770,""b.ruby"":0,""boxAllCount"":2700,""curserver"":2,""equipmentData"":""W:20_0A:17_0"",""install_day"":""2026-04-06"",""totalPayment"":7700,""total_payment_amount"":7700,""user_name"":""꼬따미"",""user_rank"":987,""user_stage"":200}"
"stage_reached_200 (App)",,,"{""Time"":""2026-04-13 10:26:08"",""UserUUID"":""373d68e0-32ef-11f1-af93-815b04c26efa"",""attendanceCount"":6,""attendance_count"":6,""b.diamond"":218777,""b.ruby"":0,""boxAllCount"":2550,""curserver"":2,""equipmentData"":""W:20_0A:19_0"",""install_day"":""2026-04-08"",""totalPayment"":7700,""total_payment_amount"":7700,""user_name"":""작일"",""user_rank"":897,""user_stage"":200}"
"stage_reached_200 (App)",,,"{""Time"":""2026-04-13 10:25:59"",""UserUUID"":""8ce49cc0-3185-11f1-b1bc-85597045d05d"",""attendanceCount"":8,""attendance_count"":8,""b.diamond"":140751,""b.ruby"":0,""boxAllCount"":3870,""curserver"":2,""equipmentData"":""W:22_0A:19_0"",""install_day"":""2026-04-06"",""totalPayment"":7700,""total_payment_amount"":7700,""user_name"":""쩡공"",""user_rank"":902,""user_stage"":200}"
"stage_reached_200 (App)",,,"{""Time"":""2026-04-13 10:22:57"",""UserUUID"":""3202e450-347e-11f1-a0e3-0f1e6e8af4cd"",""attendanceCount"":4,""attendance_count"":4,""b.diamond"":633227,""b.ruby"":0,""boxAllCount"":5800,""curserver"":2,""equipmentData"":""W:23_0A:20_0"",""install_day"":""2026-04-10"",""totalPayment"":0,""total_payment_amount"":0,""user_name"":""뮤블"",""user_rank"":937,""user_stage"":200}"
"stage_reached_200 (App)",,,"{""Time"":""2026-04-13 10:11:53"",""UserUUID"":""4f0426b0-31c0-11f1-8dd1-0b3e03cc4705"",""attendanceCount"":8,""attendance_count"":8,""b.diamond"":96251,""b.ruby"":0,""boxAllCount"":3360,""curserver"":2,""equipmentData"":""W:20_0A:19_0"",""install_day"":""2026-04-06"",""totalPayment"":7700,""total_payment_amount"":7700,""user_name"":""확실한남자"",""user_rank"":904,""user_stage"":200}"
"stage_reached_200 (App)",,,"{""Time"":""2026-04-13 10:11:43"",""UserUUID"":""bc23a0d0-3275-11f1-9758-2d1c30faf5b5"",""attendanceCount"":7,""attendance_count"":7,""b.diamond"":7382,""b.ruby"":0,""boxAllCount"":2520,""curserver"":2,""equipmentData"":""W:20_0A:19_0"",""install_day"":""2026-04-07"",""totalPayment"":0,""total_payment_amount"":0,""user_name"":""옹달샘"",""user_rank"":940,""user_stage"":200}"
"stage_reached_200 (App)",,,"{""Time"":""2026-04-13 10:07:56"",""UserUUID"":""511f54a0-31b7-11f1-8641-f352cf91c7e3"",""attendanceCount"":8,""attendance_count"":8,""b.diamond"":122724,""b.ruby"":0,""boxAllCount"":1740,""curserver"":2,""equipmentData"":""W:20_0A:19_0"",""install_day"":""2026-04-06"",""totalPayment"":7700,""total_payment_amount"":7700,""user_name"":""이수호"",""user_rank"":1040,""user_stage"":200}"
"stage_reached_200 (App)",,,"{""Time"":""2026-04-13 10:00:39"",""UserUUID"":""df454330-3373-11f1-a596-8d8c2c59c357"",""attendanceCount"":5,""attendance_count"":5,""b.diamond"":56753,""b.ruby"":0,""boxAllCount"":2500,""curserver"":2,""equipmentData"":""W:17_0A:19_0"",""install_day"":""2026-04-08"",""totalPayment"":18700,""total_payment_amount"":18700,""user_name"":""송현근"",""user_rank"":875,""user_stage"":200}"
"stage_reached_200 (App)",,,"{""Time"":""2026-04-13 09:58:07"",""UserUUID"":""e4f5d5e0-3307-11f1-917d-2b68ae914432"",""attendanceCount"":6,""attendance_count"":6,""b.diamond"":66405,""b.ruby"":330,""boxAllCount"":1710,""curserver"":2,""equipmentData"":""W:20_0A:19_0"",""install_day"":""2026-04-08"",""totalPayment"":14300,""total_payment_amount"":14300,""user_name"":""린은"",""user_rank"":1060,""user_stage"":200}"
"stage_reached_200 (App)",,,"{""Time"":""2026-04-13 09:53:51"",""UserUUID"":""bafc3f60-3026-11f1-b856-011e2bdb83d1"",""attendanceCount"":10,""attendance_count"":10,""b.diamond"":191463,""b.ruby"":0,""boxAllCount"":6880,""curserver"":2,""equipmentData"":""W:21_0A:20_0"",""install_day"":""2026-04-04"",""totalPayment"":29700,""total_payment_amount"":29700,""user_name"":""xick"",""user_rank"":888,""user_stage"":200}"
"stage_reached_200 (App)",,,"{""Time"":""2026-04-13 09:42:41"",""UserUUID"":""aa684ef0-31cf-11f1-8ae3-514ae4d9144d"",""attendanceCount"":7,""attendance_count"":7,""b.diamond"":402528,""b.ruby"":0,""boxAllCount"":2400,""curserver"":2,""equipmentData"":""W:20_0A:19_0"",""install_day"":""2026-04-06"",""totalPayment"":18700,""total_payment_amount"":18700,""user_name"":""기머닐"",""user_rank"":919,""user_stage"":200}"
"stage_reached_200 (App)",,,"{""Time"":""2026-04-13 09:40:59"",""UserUUID"":""9d370390-334e-11f1-95ae-3bed9c2aee9d"",""attendanceCount"":6,""attendance_count"":6,""b.diamond"":35587,""b.ruby"":0,""boxAllCount"":3480,""curserver"":2,""equipmentData"":""W:22_0A:19_0"",""install_day"":""2026-04-08"",""totalPayment"":7700,""total_payment_amount"":7700,""user_name"":""고라이뭉"",""user_rank"":1142,""user_stage"":200}"
"stage_reached_200 (App)",,,"{""Time"":""2026-04-13 09:36:19"",""UserUUID"":""66368dd0-3280-11f1-a8f2-0127e2007171"",""attendanceCount"":7,""attendance_count"":7,""b.diamond"":165790,""b.ruby"":0,""boxAllCount"":1050,""curserver"":2,""equipmentData"":""W:20_0A:19_0"",""install_day"":""2026-04-07"",""totalPayment"":7700,""total_payment_amount"":7700,""user_name"":""저칼로리"",""user_rank"":1181,""user_stage"":200}"
"stage_reached_200 (App)",,,"{""Time"":""2026-04-13 09:21:31"",""UserUUID"":""d04cd6b0-30b0-11f1-9a1b-2d03556a354f"",""attendanceCount"":9,""attendance_count"":9,""b.diamond"":120643,""b.ruby"":0,""boxAllCount"":2550,""curserver"":2,""equipmentData"":""W:22_0A:19_0"",""install_day"":""2026-04-05"",""totalPayment"":7700,""total_payment_amount"":7700,""user_name"":""오기능"",""user_rank"":978,""user_stage"":200}"
"stage_reached_200 (App)",,,"{""Time"":""2026-04-13 09:19:52"",""UserUUID"":""5643af20-3096-11f1-b58c-896bd11d8001"",""attendanceCount"":9,""attendance_count"":9,""b.diamond"":9974,""b.ruby"":0,""boxAllCount"":1350,""curserver"":2,""equipmentData"":""W:20_0A:19_0"",""install_day"":""2026-04-05"",""totalPayment"":7700,""total_payment_amount"":7700,""user_name"":""오소르노방"",""user_rank"":889,""user_stage"":200}"
"stage_reached_200 (App)",,,"{""Time"":""2026-04-13 09:18:14"",""UserUUID"":""efc946e0-3303-11f1-9c22-535a32a1af8c"",""attendanceCount"":6,""attendance_count"":6,""b.diamond"":100785,""b.ruby"":0,""boxAllCount"":6200,""curserver"":2,""equipmentData"":""W:22_0A:21_0"",""install_day"":""2026-04-08"",""totalPayment"":8800,""total_payment_amount"":8800,""user_name"":""슈르릅"",""user_rank"":939,""user_stage"":200}"
"stage_reached_200 (App)",,,"{""Time"":""2026-04-13 09:12:25"",""UserUUID"":""db2aa930-3273-11f1-aceb-cdb128d1366a"",""attendanceCount"":7,""attendance_count"":7,""b.diamond"":2733,""b.ruby"":0,""boxAllCount"":3030,""curserver"":2,""equipmentData"":""W:20_0A:19_0"",""install_day"":""2026-04-07"",""totalPayment"":0,""total_payment_amount"":0,""user_name"":""지훙이"",""user_rank"":913,""user_stage"":200}"
"stage_reached_200 (App)",,,"{""Time"":""2026-04-13 09:08:28"",""UserUUID"":""1fc13d50-3389-11f1-8667-15196ccfe901"",""attendanceCount"":5,""attendance_count"":5,""b.diamond"":88911,""b.ruby"":110,""boxAllCount"":4270,""curserver"":2,""equipmentData"":""W:20_0A:19_0"",""install_day"":""2026-04-08"",""totalPayment"":14300,""total_payment_amount"":14300,""user_name"":""한무이"",""user_rank"":929,""user_stage"":200}"
"stage_reached_200 (App)",,,"{""Time"":""2026-04-13 09:02:56"",""UserUUID"":""800301d0-3271-11f1-a8f2-0127e2007171"",""attendanceCount"":7,""attendance_count"":7,""b.diamond"":61990,""b.ruby"":110,""boxAllCount"":1650,""curserver"":2,""equipmentData"":""W:20_0A:19_0"",""install_day"":""2026-04-07"",""totalPayment"":29700,""total_payment_amount"":29700,""user_name"":""audiz"",""user_rank"":937,""user_stage"":200}"
"stage_reached_200 (App)",,,"{""Time"":""2026-04-13 08:54:29"",""UserUUID"":""b571d4e0-35cd-11f1-a727-8fb74487fbae"",""attendanceCount"":2,""attendance_count"":2,""b.diamond"":28135,""b.ruby"":660,""boxAllCount"":1680,""curserver"":2,""equipmentData"":""W:22_0A:19_0"",""install_day"":""2026-04-11"",""totalPayment"":106700,""total_payment_amount"":106700,""user_name"":""까망구리"",""user_rank"":1156,""user_stage"":200}"
"stage_reached_200 (App)",,,"{""Time"":""2026-04-13 08:43:13"",""UserUUID"":""e0eb5160-321b-11f1-aa97-f121d88d4180"",""attendanceCount"":7,""attendance_count"":7,""b.diamond"":32089,""b.ruby"":0,""boxAllCount"":4070,""curserver"":2,""equipmentData"":""W:21_0A:19_0"",""install_day"":""2026-04-07"",""totalPayment"":7700,""total_payment_amount"":7700,""user_name"":""지구리퐁"",""user_rank"":1160,""user_stage"":200}"
"stage_reached_200 (App)",,,"{""Time"":""2026-04-13 08:40:27"",""UserUUID"":""569f7710-300f-11f1-8526-3d689a50f7aa"",""attendanceCount"":10,""attendance_count"":10,""b.diamond"":105442,""b.ruby"":220,""boxAllCount"":6160,""curserver"":2,""equipmentData"":""W:23_0A:20_0"",""install_day"":""2026-04-04"",""totalPayment"":62700,""total_payment_amount"":62700,""user_name"":""김데레"",""user_rank"":1396,""user_stage"":200}"
"stage_reached_200 (App)",,,"{""Time"":""2026-04-13 08:39:36"",""UserUUID"":""1aa44080-3323-11f1-bbbc-8da89aa08746"",""attendanceCount"":6,""attendance_count"":6,""b.diamond"":99247,""b.ruby"":0,""boxAllCount"":3180,""curserver"":2,""equipmentData"":""W:20_0A:19_0"",""install_day"":""2026-04-08"",""totalPayment"":17600,""total_payment_amount"":17600,""user_name"":""랜더므"",""user_rank"":906,""user_stage"":200}"
"stage_reached_200 (App)",,,"{""Time"":""2026-04-13 08:34:15"",""UserUUID"":""b6c71ad0-328f-11f1-89ae-25558d9abf90"",""attendanceCount"":7,""attendance_count"":7,""b.diamond"":30829,""b.ruby"":0,""boxAllCount"":1800,""curserver"":2,""equipmentData"":""W:21_0A:19_0"",""install_day"":""2026-04-07"",""totalPayment"":7700,""total_payment_amount"":7700,""user_name"":""카마인"",""user_rank"":1268,""user_stage"":200}"
"stage_reached_200 (App)",,,"{""Time"":""2026-04-13 08:31:58"",""UserUUID"":""dd7f5880-327c-11f1-9758-2d1c30faf5b5"",""attendanceCount"":7,""attendance_count"":7,""b.diamond"":95884,""b.ruby"":0,""boxAllCount"":2110,""curserver"":2,""equipmentData"":""W:22_0A:19_0"",""install_day"":""2026-04-07"",""totalPayment"":7700,""total_payment_amount"":7700,""user_name"":""SUNYH"",""user_rank"":925,""user_stage"":200}"
"stage_reached_200 (App)",,,"{""Time"":""2026-04-13 08:31:39"",""UserUUID"":""f35a98e0-32e0-11f1-93fb-7b97d749c91a"",""attendanceCount"":6,""attendance_count"":6,""b.diamond"":303708,""b.ruby"":0,""boxAllCount"":210,""curserver"":2,""equipmentData"":""W:18_0A:19_0"",""install_day"":""2026-04-08"",""totalPayment"":7700,""total_payment_amount"":7700,""user_name"":""산곡동앞잡이"",""user_rank"":879,""user_stage"":200}"
"stage_reached_200 (App)",,,"{""Time"":""2026-04-13 08:29:18"",""UserUUID"":""af7b05f0-330e-11f1-ad26-918d01757ce7"",""attendanceCount"":6,""attendance_count"":6,""b.diamond"":79080,""b.ruby"":0,""boxAllCount"":1590,""curserver"":2,""equipmentData"":""W:19_0A:19_0"",""install_day"":""2026-04-08"",""totalPayment"":7700,""total_payment_amount"":7700,""user_name"":""러븐"",""user_rank"":888,""user_stage"":200}"
"stage_reached_200 (App)",,,"{""Time"":""2026-04-13 08:23:37"",""UserUUID"":""988c3cb0-323c-11f1-9fe8-092bf18f6c45"",""attendanceCount"":7,""attendance_count"":7,""b.diamond"":80810,""b.ruby"":0,""boxAllCount"":3200,""curserver"":2,""equipmentData"":""W:20_0A:19_0"",""install_day"":""2026-04-07"",""totalPayment"":7700,""total_payment_amount"":7700,""user_name"":""허균허난설"",""user_rank"":906,""user_stage"":200}"
"stage_reached_200 (App)",,,"{""Time"":""2026-04-13 08:22:13"",""UserUUID"":""a9d4f600-30c6-11f1-8941-7de3afb6c926"",""attendanceCount"":8,""attendance_count"":8,""b.diamond"":173178,""b.ruby"":0,""boxAllCount"":1830,""curserver"":2,""equipmentData"":""W:23_0A:19_0"",""install_day"":""2026-04-05"",""totalPayment"":7700,""total_payment_amount"":7700,""user_name"":""김국"",""user_rank"":877,""user_stage"":200}"
"stage_reached_200 (App)",,,"{""Time"":""2026-04-13 08:19:05"",""UserUUID"":""1f2f35c0-32f5-11f1-a6a8-07161db1a495"",""attendanceCount"":6,""attendance_count"":6,""b.diamond"":63020,""b.ruby"":0,""boxAllCount"":6020,""curserver"":2,""equipmentData"":""W:23_0A:20_0"",""install_day"":""2026-04-08"",""totalPayment"":7700,""total_payment_amount"":7700,""user_name"":""동표"",""user_rank"":961,""user_stage"":200}"
"stage_reached_200 (App)",,,"{""Time"":""2026-04-13 08:16:12"",""UserUUID"":""989ca3a0-333d-11f1-8c8a-17baa5faf677"",""attendanceCount"":6,""attendance_count"":6,""b.diamond"":263697,""b.ruby"":110,""boxAllCount"":630,""curserver"":2,""equipmentData"":""W:22_0A:19_0"",""install_day"":""2026-04-08"",""totalPayment"":18700,""total_payment_amount"":18700,""user_name"":""이수근"",""user_rank"":876,""user_stage"":200}"
"stage_reached_200 (App)",,,"{""Time"":""2026-04-13 08:12:28"",""UserUUID"":""6bff2530-32ec-11f1-bf0d-0768a26dba90"",""attendanceCount"":6,""attendance_count"":6,""b.diamond"":252067,""b.ruby"":0,""boxAllCount"":2550,""curserver"":2,""equipmentData"":""W:22_0A:19_0"",""install_day"":""2026-04-08"",""totalPayment"":7700,""total_payment_amount"":7700,""user_name"":""사망의늪"",""user_rank"":868,""user_stage"":200}"
"stage_reached_200 (App)",,,"{""Time"":""2026-04-13 08:08:39"",""UserUUID"":""0efc8d40-322f-11f1-af48-1d1b8631a5cd"",""attendanceCount"":7,""attendance_count"":7,""b.diamond"":25693,""b.ruby"":0,""boxAllCount"":2400,""curserver"":2,""equipmentData"":""W:20_0A:19_0"",""install_day"":""2026-04-07"",""totalPayment"":0,""total_payment_amount"":0,""user_name"":""좀이"",""user_rank"":975,""user_stage"":200}"
"stage_reached_200 (App)",,,"{""Time"":""2026-04-13 08:01:12"",""UserUUID"":""8c79f730-2afa-11f1-a58d-1b8b4a456c8a"",""attendanceCount"":10,""attendance_count"":10,""b.diamond"":9990,""b.ruby"":0,""boxAllCount"":930,""curserver"":1,""equipmentData"":""W:21_0A:19_0"",""install_day"":""2026-03-28"",""totalPayment"":7700,""total_payment_amount"":7700,""user_name"":""응길동"",""user_rank"":7158,""user_stage"":200}"
"stage_reached_200 (App)",,,"{""Time"":""2026-04-13 07:57:50"",""UserUUID"":""356b64d0-32eb-11f1-8667-15196ccfe901"",""attendanceCount"":6,""attendance_count"":6,""b.diamond"":47402,""b.ruby"":0,""boxAllCount"":6160,""curserver"":2,""equipmentData"":""W:22_0A:20_0"",""install_day"":""2026-04-08"",""totalPayment"":27500,""total_payment_amount"":27500,""user_name"":""귤이다"",""user_rank"":973,""user_stage"":200}"
"stage_reached_200 (App)",,,"{""Time"":""2026-04-13 07:57:14"",""UserUUID"":""ec0eb030-3411-11f1-bd63-5b170bf24721"",""attendanceCount"":5,""attendance_count"":5,""b.diamond"":126853,""b.ruby"":0,""boxAllCount"":2100,""curserver"":2,""equipmentData"":""W:20_0A:19_0"",""install_day"":""2026-04-09"",""totalPayment"":40700,""total_payment_amount"":40700,""user_name"":""OSE"",""user_rank"":1143,""user_stage"":200}"
"stage_reached_200 (App)",,,"{""Time"":""2026-04-13 07:30:26"",""UserUUID"":""39a59830-3350-11f1-95ae-3bed9c2aee9d"",""attendanceCount"":6,""attendance_count"":6,""b.diamond"":65898,""b.ruby"":0,""boxAllCount"":870,""curserver"":2,""equipmentData"":""W:21_0A:19_0"",""install_day"":""2026-04-08"",""totalPayment"":7700,""total_payment_amount"":7700,""user_name"":""폭발적유도"",""user_rank"":1023,""user_stage"":200}"
"stage_reached_200 (App)",,,"{""Time"":""2026-04-13 07:22:23"",""UserUUID"":""49698ac0-32e1-11f1-93fb-7b97d749c91a"",""attendanceCount"":6,""attendance_count"":6,""b.diamond"":19467,""b.ruby"":0,""boxAllCount"":670,""curserver"":2,""equipmentData"":""W:21_0A:19_0"",""install_day"":""2026-04-08"",""totalPayment"":27500,""total_payment_amount"":27500,""user_name"":""온종고"",""user_rank"":1025,""user_stage"":200}"
"stage_reached_200 (App)",,,"{""Time"":""2026-04-13 07:20:43"",""UserUUID"":""34bf3050-316c-11f1-88b0-01b93b4fa262"",""attendanceCount"":8,""attendance_count"":8,""b.diamond"":520354,""b.ruby"":0,""boxAllCount"":2460,""curserver"":2,""equipmentData"":""W:22_0A:19_0"",""install_day"":""2026-04-06"",""totalPayment"":7700,""total_payment_amount"":7700,""user_name"":""방장"",""user_rank"":937,""user_stage"":200}"
"stage_reached_200 (App)",,,"{""Time"":""2026-04-13 07:20:06"",""UserUUID"":""f66c4b20-322f-11f1-b0ef-59681a348968"",""attendanceCount"":7,""attendance_count"":7,""b.diamond"":10617,""b.ruby"":0,""boxAllCount"":7610,""curserver"":2,""equipmentData"":""W:20_0A:20_0"",""install_day"":""2026-04-07"",""totalPayment"":7700,""total_payment_amount"":7700,""user_name"":""두존쿠"",""user_rank"":1102,""user_stage"":200}"
"stage_reached_200 (App)",,,"{""Time"":""2026-04-13 07:18:29"",""UserUUID"":""6b2cffa0-3211-11f1-9496-4f813fa18675"",""attendanceCount"":7,""attendance_count"":7,""b.diamond"":32662,""b.ruby"":0,""boxAllCount"":1380,""curserver"":2,""equipmentData"":""W:20_0A:19_0"",""install_day"":""2026-04-06"",""totalPayment"":18700,""total_payment_amount"":18700,""user_name"":""이하림"",""user_rank"":875,""user_stage"":200}"
"stage_reached_200 (App)",,,"{""Time"":""2026-04-13 07:14:14"",""UserUUID"":""3fff3d30-3215-11f1-8064-1dc2d2e31472"",""attendanceCount"":7,""attendance_count"":7,""b.diamond"":25274,""b.ruby"":0,""boxAllCount"":690,""curserver"":2,""equipmentData"":""W:20_0A:19_0"",""install_day"":""2026-04-07"",""totalPayment"":7700,""total_payment_amount"":7700,""user_name"":""신치치"",""user_rank"":867,""user_stage"":200}"
"stage_reached_200 (App)",,,"{""Time"":""2026-04-13 07:06:40"",""UserUUID"":""4cd34fd0-3277-11f1-9d5c-bbcccceaec63"",""attendanceCount"":7,""attendance_count"":7,""b.diamond"":352375,""b.ruby"":0,""boxAllCount"":5300,""curserver"":2,""equipmentData"":""W:21_0A:19_0"",""install_day"":""2026-04-07"",""totalPayment"":7700,""total_payment_amount"":7700,""user_name"":""방글레차"",""user_rank"":996,""user_stage"":200}"
"stage_reached_200 (App)",,,"{""Time"":""2026-04-13 06:59:30"",""UserUUID"":""c0595c60-3353-11f1-b54b-b183cc730f11"",""attendanceCount"":6,""attendance_count"":6,""b.diamond"":207927,""b.ruby"":0,""boxAllCount"":2730,""curserver"":2,""equipmentData"":""W:21_0A:19_0"",""install_day"":""2026-04-08"",""totalPayment"":71500,""total_payment_amount"":71500,""user_name"":""아윤압바"",""user_rank"":996,""user_stage"":200}"
"stage_reached_200 (App)",,,"{""Time"":""2026-04-13 06:58:59"",""UserUUID"":""5986f770-3300-11f1-b32c-4ba1e2782556"",""attendanceCount"":6,""attendance_count"":6,""b.diamond"":193914,""b.ruby"":0,""boxAllCount"":960,""curserver"":2,""equipmentData"":""W:21_0A:21_0"",""install_day"":""2026-04-08"",""totalPayment"":0,""total_payment_amount"":0,""user_name"":""고물"",""user_rank"":852,""user_stage"":200}"
"stage_reached_200 (App)",,,"{""Time"":""2026-04-13 06:55:58"",""UserUUID"":""e48e0830-335b-11f1-8187-df67748e2d4c"",""attendanceCount"":5,""attendance_count"":5,""b.diamond"":17703,""b.ruby"":0,""boxAllCount"":1500,""curserver"":2,""equipmentData"":""W:19_0A:19_0"",""install_day"":""2026-04-08"",""totalPayment"":33000,""total_payment_amount"":33000,""user_name"":""구솔현"",""user_rank"":861,""user_stage"":200}"
"stage_reached_200 (App)",,,"{""Time"":""2026-04-13 06:54:43"",""UserUUID"":""5800fcf0-31fe-11f1-b27a-33d1b9c4faca"",""attendanceCount"":7,""attendance_count"":7,""b.diamond"":95751,""b.ruby"":0,""boxAllCount"":4930,""curserver"":2,""equipmentData"":""W:20_0A:19_0"",""install_day"":""2026-04-06"",""totalPayment"":7700,""total_payment_amount"":7700,""user_name"":""UNIVERSE"",""user_rank"":889,""user_stage"":200}"
"stage_reached_200 (App)",,,"{""Time"":""2026-04-13 06:48:51"",""UserUUID"":""bea47580-3308-11f1-b399-01e756d2d645"",""attendanceCount"":6,""attendance_count"":6,""b.diamond"":27840,""b.ruby"":0,""boxAllCount"":2640,""curserver"":2,""equipmentData"":""W:20_0A:19_0"",""install_day"":""2026-04-08"",""totalPayment"":7700,""total_payment_amount"":7700,""user_name"":""수피민"",""user_rank"":892,""user_stage"":200}"
"stage_reached_200 (App)",,,"{""Time"":""2026-04-13 06:43:35"",""UserUUID"":""da4a1480-3334-11f1-8ab0-af0908592936"",""attendanceCount"":6,""attendance_count"":6,""b.diamond"":104009,""b.ruby"":0,""boxAllCount"":2520,""curserver"":2,""equipmentData"":""W:22_0A:19_0"",""install_day"":""2026-04-08"",""totalPayment"":7700,""total_payment_amount"":7700,""user_name"":""피리보이"",""user_rank"":1016,""user_stage"":200}"
"stage_reached_200 (App)",,,"{""Time"":""2026-04-13 06:41:05"",""UserUUID"":""81cd8210-34b5-11f1-ae01-635bca465442"",""attendanceCount"":4,""attendance_count"":4,""b.diamond"":47927,""b.ruby"":0,""boxAllCount"":990,""curserver"":2,""equipmentData"":""W:20_0A:15_0"",""install_day"":""2026-04-10"",""totalPayment"":40700,""total_payment_amount"":40700,""user_name"":""양철심"",""user_rank"":1057,""user_stage"":200}"
"stage_reached_200 (App)",,,"{""Time"":""2026-04-13 06:40:08"",""UserUUID"":""35346db0-3609-11f1-96f6-c1a4f55a3682"",""attendanceCount"":2,""attendance_count"":2,""b.diamond"":137249,""b.ruby"":110,""boxAllCount"":7870,""curserver"":2,""equipmentData"":""W:22_0A:20_0"",""install_day"":""2026-04-12"",""totalPayment"":90200,""total_payment_amount"":90200,""user_name"":""만덕"",""user_rank"":871,""user_stage"":200}"
"stage_reached_200 (App)",,,"{""Time"":""2026-04-13 06:34:33"",""UserUUID"":""f2550d60-351d-11f1-b249-3f88e00ffbba"",""attendanceCount"":3,""attendance_count"":3,""b.diamond"":1174,""b.ruby"":0,""boxAllCount"":6040,""curserver"":2,""equipmentData"":""W:23_0A:20_0"",""install_day"":""2026-04-10"",""totalPayment"":7700,""total_payment_amount"":7700,""user_name"":""포도톡톡톡"",""user_rank"":854,""user_stage"":200}"
"stage_reached_200 (App)",,,"{""Time"":""2026-04-13 06:18:58"",""UserUUID"":""698c00d0-31c4-11f1-9033-375b699f179f"",""attendanceCount"":8,""attendance_count"":8,""b.diamond"":73922,""b.ruby"":0,""boxAllCount"":3630,""curserver"":2,""equipmentData"":""W:22_0A:20_0"",""install_day"":""2026-04-06"",""totalPayment"":0,""total_payment_amount"":0,""user_name"":""또다시세나"",""user_rank"":947,""user_stage"":200}"
"stage_reached_200 (App)",,,"{""Time"":""2026-04-13 06:17:18"",""UserUUID"":""50ce0770-3253-11f1-aeb7-a9da030097bb"",""attendanceCount"":7,""attendance_count"":7,""b.diamond"":174943,""b.ruby"":0,""boxAllCount"":2670,""curserver"":2,""equipmentData"":""W:20_0A:19_0"",""install_day"":""2026-04-07"",""totalPayment"":7700,""total_payment_amount"":7700,""user_name"":""봉구야"",""user_rank"":947,""user_stage"":200}"
"stage_reached_200 (App)",,,"{""Time"":""2026-04-13 05:29:21"",""UserUUID"":""6318bc90-34b0-11f1-b8b1-a9c007a092ca"",""attendanceCount"":4,""attendance_count"":4,""b.diamond"":29105,""b.ruby"":0,""boxAllCount"":4250,""curserver"":2,""equipmentData"":""W:23_0A:22_0"",""install_day"":""2026-04-10"",""totalPayment"":7700,""total_payment_amount"":7700,""user_name"":""오렌지존버단"",""user_rank"":1184,""user_stage"":200}"
"stage_reached_200 (App)",,,"{""Time"":""2026-04-13 05:27:06"",""UserUUID"":""fb113530-2f89-11f1-8958-938ba84a1cd9"",""attendanceCount"":10,""attendance_count"":10,""b.diamond"":384906,""b.ruby"":0,""boxAllCount"":3500,""curserver"":2,""equipmentData"":""W:20_0A:19_0"",""install_day"":""2026-04-03"",""totalPayment"":0,""total_payment_amount"":0,""user_name"":""발작"",""user_rank"":901,""user_stage"":200}"
"stage_reached_200 (App)",,,"{""Time"":""2026-04-13 05:17:13"",""UserUUID"":""c61f68f0-3291-11f1-8286-97ad1b7c8074"",""attendanceCount"":7,""attendance_count"":7,""b.diamond"":394266,""b.ruby"":0,""boxAllCount"":4420,""curserver"":2,""equipmentData"":""W:20_0A:21_0"",""install_day"":""2026-04-07"",""totalPayment"":8800,""total_payment_amount"":8800,""user_name"":""배경"",""user_rank"":882,""user_stage"":200}"
"stage_reached_200 (App)",,,"{""Time"":""2026-04-13 05:05:08"",""UserUUID"":""66d3a8a0-32b6-11f1-8667-15196ccfe901"",""attendanceCount"":6,""attendance_count"":6,""b.diamond"":4137,""b.ruby"":0,""boxAllCount"":3690,""curserver"":2,""equipmentData"":""W:22_0A:19_0"",""install_day"":""2026-04-07"",""totalPayment"":8800,""total_payment_amount"":8800,""user_name"":""청설포"",""user_rank"":1287,""user_stage"":200}"
"stage_reached_200 (App)",,,"{""Time"":""2026-04-13 05:02:30"",""UserUUID"":""f7d972d0-32f7-11f1-b740-0154a6e0d0c0"",""attendanceCount"":6,""attendance_count"":6,""b.diamond"":92836,""b.ruby"":110,""boxAllCount"":1140,""curserver"":2,""equipmentData"":""W:20_0A:19_0"",""install_day"":""2026-04-08"",""totalPayment"":31900,""total_payment_amount"":31900,""user_name"":""초우량세포"",""user_rank"":842,""user_stage"":200}"
"stage_reached_200 (App)",,,"{""Time"":""2026-04-13 04:50:21"",""UserUUID"":""593b34e0-3362-11f1-b257-df09f6c0aa1d"",""attendanceCount"":5,""attendance_count"":5,""b.diamond"":38638,""b.ruby"":2530,""boxAllCount"":3150,""curserver"":2,""equipmentData"":""W:22_0A:19_0"",""install_day"":""2026-04-08"",""totalPayment"":62700,""total_payment_amount"":62700,""user_name"":""이든임"",""user_rank"":907,""user_stage"":200}"
"stage_reached_200 (App)",,,"{""Time"":""2026-04-13 04:46:51"",""UserUUID"":""ef5164d0-3421-11f1-a7fa-fd6087d30f78"",""attendanceCount"":5,""attendance_count"":5,""b.diamond"":62363,""b.ruby"":0,""boxAllCount"":6040,""curserver"":2,""equipmentData"":""W:22_0A:20_0"",""install_day"":""2026-04-09"",""totalPayment"":7700,""total_payment_amount"":7700,""user_name"":""이도세자"",""user_rank"":879,""user_stage"":200}"
"stage_reached_200 (App)",,,"{""Time"":""2026-04-13 04:41:25"",""UserUUID"":""d4144c20-32b7-11f1-932d-0bb816e976e4"",""attendanceCount"":6,""attendance_count"":6,""b.diamond"":28933,""b.ruby"":0,""boxAllCount"":3390,""curserver"":2,""equipmentData"":""W:21_0A:19_0"",""install_day"":""2026-04-07"",""totalPayment"":7700,""total_payment_amount"":7700,""user_name"":""환쎄"",""user_rank"":781,""user_stage"":200}"
"stage_reached_200 (App)",,,"{""Time"":""2026-04-13 04:33:13"",""UserUUID"":""320cec70-2b28-11f1-b540-5d746be2fce4"",""attendanceCount"":6,""attendance_count"":6,""b.diamond"":113054,""b.ruby"":0,""boxAllCount"":2230,""curserver"":1,""equipmentData"":""W:22_0A:19_0"",""install_day"":""2026-03-29"",""totalPayment"":0,""total_payment_amount"":0,""user_name"":""깡깡몽"",""user_rank"":7414,""user_stage"":200}"
"stage_reached_200 (App)",,,"{""Time"":""2026-04-13 04:32:50"",""UserUUID"":""b4f4df60-322d-11f1-a446-374a26f4f3cb"",""attendanceCount"":7,""attendance_count"":7,""b.diamond"":17415,""b.ruby"":0,""boxAllCount"":2610,""curserver"":2,""equipmentData"":""W:20_0A:19_0"",""install_day"":""2026-04-07"",""totalPayment"":7700,""total_payment_amount"":7700,""user_name"":""상급"",""user_rank"":858,""user_stage"":200}"
"stage_reached_200 (App)",,,"{""Time"":""2026-04-13 04:04:50"",""UserUUID"":""4505df00-31cf-11f1-8468-e3130924e9ff"",""attendanceCount"":7,""attendance_count"":7,""b.diamond"":1454,""b.ruby"":0,""boxAllCount"":3960,""curserver"":2,""equipmentData"":""W:22_0A:22_0"",""install_day"":""2026-04-06"",""totalPayment"":7700,""total_payment_amount"":7700,""user_name"":""반갑소"",""user_rank"":834,""user_stage"":200}"
"stage_reached_200 (App)",,,"{""Time"":""2026-04-13 04:03:15"",""UserUUID"":""7f18cfa0-32c3-11f1-bb57-09414083adff"",""attendanceCount"":6,""attendance_count"":6,""b.diamond"":44892,""b.ruby"":0,""boxAllCount"":6990,""curserver"":2,""equipmentData"":""W:23_0A:21_0"",""install_day"":""2026-04-07"",""totalPayment"":29700,""total_payment_amount"":29700,""user_name"":""무르개"",""user_rank"":983,""user_stage"":200}"
"stage_reached_200 (App)",,,"{""Time"":""2026-04-13 03:59:16"",""UserUUID"":""a8694de0-3380-11f1-b93c-fb11dbd47745"",""attendanceCount"":5,""attendance_count"":5,""b.diamond"":42519,""b.ruby"":0,""boxAllCount"":1350,""curserver"":2,""equipmentData"":""W:19_0A:19_0"",""install_day"":""2026-04-08"",""totalPayment"":70400,""total_payment_amount"":70400,""user_name"":""조선왕조씰룩쌜룩"",""user_rank"":1005,""user_stage"":200}"
"stage_reached_200 (App)",,,"{""Time"":""2026-04-13 03:28:51"",""UserUUID"":""a08ca200-303f-11f1-bfce-4b415161dba3"",""attendanceCount"":9,""attendance_count"":9,""b.diamond"":129450,""b.ruby"":0,""boxAllCount"":4690,""curserver"":2,""equipmentData"":""W:21_0A:20_0"",""install_day"":""2026-04-04"",""totalPayment"":7700,""total_payment_amount"":7700,""user_name"":""여름하늘"",""user_rank"":894,""user_stage"":200}"
"stage_reached_200 (App)",,,"{""Time"":""2026-04-13 03:28:30"",""UserUUID"":""e4234d80-3421-11f1-be73-33281134a523"",""attendanceCount"":5,""attendance_count"":5,""b.diamond"":23489,""b.ruby"":0,""boxAllCount"":4600,""curserver"":2,""equipmentData"":""W:23_0A:19_0"",""install_day"":""2026-04-09"",""totalPayment"":0,""total_payment_amount"":0,""user_name"":""편견"",""user_rank"":899,""user_stage"":200}"
"stage_reached_200 (App)",,,"{""Time"":""2026-04-13 03:24:09"",""UserUUID"":""975157c0-3365-11f1-88e4-6fd957bb85ce"",""attendanceCount"":5,""attendance_count"":5,""b.diamond"":216608,""b.ruby"":0,""boxAllCount"":2520,""curserver"":2,""equipmentData"":""W:22_0A:19_0"",""install_day"":""2026-04-08"",""totalPayment"":7700,""total_payment_amount"":7700,""user_name"":""나는야의"",""user_rank"":934,""user_stage"":200}"
"stage_reached_200 (App)",,,"{""Time"":""2026-04-13 03:11:04"",""UserUUID"":""573681f0-32b7-11f1-a7b5-a5e2c1a7edb4"",""attendanceCount"":6,""attendance_count"":6,""b.diamond"":19794,""b.ruby"":220,""boxAllCount"":2010,""curserver"":2,""equipmentData"":""W:21_0A:19_0"",""install_day"":""2026-04-07"",""totalPayment"":18700,""total_payment_amount"":18700,""user_name"":""보구"",""user_rank"":1067,""user_stage"":200}"
"stage_reached_200 (App)",,,"{""Time"":""2026-04-13 02:54:33"",""UserUUID"":""82e6caf0-32ec-11f1-b0ab-f9c87ce588a8"",""attendanceCount"":6,""attendance_count"":6,""b.diamond"":262459,""b.ruby"":0,""boxAllCount"":2580,""curserver"":2,""equipmentData"":""W:20_0A:20_0"",""install_day"":""2026-04-08"",""totalPayment"":7700,""total_payment_amount"":7700,""user_name"":""무른"",""user_rank"":946,""user_stage"":200}"
"stage_reached_200 (App)",,,"{""Time"":""2026-04-13 02:52:34"",""UserUUID"":""6b7974c0-31cb-11f1-a37e-b9e01fc72b95"",""attendanceCount"":7,""attendance_count"":7,""b.diamond"":67304,""b.ruby"":0,""boxAllCount"":2490,""curserver"":2,""equipmentData"":""W:21_0A:19_0"",""install_day"":""2026-04-06"",""totalPayment"":0,""total_payment_amount"":0,""user_name"":""시니팡"",""user_rank"":828,""user_stage"":200}"
"stage_reached_200 (App)",,,"{""Time"":""2026-04-13 02:49:42"",""UserUUID"":""2b0e1fc0-32a3-11f1-bff7-bd445cc3ad6e"",""attendanceCount"":6,""attendance_count"":6,""b.diamond"":3582,""b.ruby"":0,""boxAllCount"":4510,""curserver"":2,""equipmentData"":""W:21_0A:21_0"",""install_day"":""2026-04-07"",""totalPayment"":7700,""total_payment_amount"":7700,""user_name"":""찌농"",""user_rank"":869,""user_stage"":200}"
"stage_reached_200 (App)",,,"{""Time"":""2026-04-13 02:27:45"",""UserUUID"":""439223c0-348d-11f1-85a8-d536ef8b3d16"",""attendanceCount"":4,""attendance_count"":4,""b.diamond"":4678,""b.ruby"":0,""boxAllCount"":4870,""curserver"":2,""equipmentData"":""W:22_0A:19_0"",""install_day"":""2026-04-10"",""totalPayment"":8800,""total_payment_amount"":8800,""user_name"":""Zll"",""user_rank"":848,""user_stage"":200}"
"stage_reached_200 (App)",,,"{""Time"":""2026-04-13 02:26:30"",""UserUUID"":""f7692a90-2c01-11f1-8f79-c511aec99fec"",""attendanceCount"":15,""attendance_count"":15,""b.diamond"":196761,""b.ruby"":0,""boxAllCount"":2600,""curserver"":1,""equipmentData"":""W:20_0A:19_0"",""install_day"":""2026-03-30"",""totalPayment"":0,""total_payment_amount"":0,""user_name"":""바세린"",""user_rank"":7181,""user_stage"":200}"
"stage_reached_200 (App)",,,"{""Time"":""2026-04-13 02:25:58"",""UserUUID"":""e90cc940-32fd-11f1-8436-bf193bf343c0"",""attendanceCount"":6,""attendance_count"":6,""b.diamond"":191636,""b.ruby"":0,""boxAllCount"":6150,""curserver"":2,""equipmentData"":""W:20_0A:20_0"",""install_day"":""2026-04-08"",""totalPayment"":51700,""total_payment_amount"":51700,""user_name"":""이솔루"",""user_rank"":834,""user_stage"":200}"
"stage_reached_200 (App)",,,"{""Time"":""2026-04-13 01:55:40"",""UserUUID"":""2de3b520-327b-11f1-a39c-0d159db89087"",""attendanceCount"":7,""attendance_count"":7,""b.diamond"":227797,""b.ruby"":0,""boxAllCount"":1050,""curserver"":2,""equipmentData"":""W:20_0A:19_0"",""install_day"":""2026-04-07"",""totalPayment"":18700,""total_payment_amount"":18700,""user_name"":""창교주"",""user_rank"":1072,""user_stage"":200}"
"stage_reached_200 (App)",,,"{""Time"":""2026-04-13 01:55:36"",""UserUUID"":""b7c77170-325b-11f1-af9d-49f80639950f"",""attendanceCount"":7,""attendance_count"":7,""b.diamond"":60497,""b.ruby"":0,""boxAllCount"":4480,""curserver"":2,""equipmentData"":""W:22_0A:20_0"",""install_day"":""2026-04-07"",""totalPayment"":29700,""total_payment_amount"":29700,""user_name"":""3분찍먹"",""user_rank"":822,""user_stage"":200}"
"stage_reached_200 (App)",,,"{""Time"":""2026-04-13 01:42:30"",""UserUUID"":""88b83050-31b5-11f1-be4f-650a9a348c4b"",""attendanceCount"":8,""attendance_count"":8,""b.diamond"":85128,""b.ruby"":0,""boxAllCount"":3390,""curserver"":2,""equipmentData"":""W:20_0A:19_0"",""install_day"":""2026-04-06"",""totalPayment"":0,""total_payment_amount"":0,""user_name"":""마태평"",""user_rank"":840,""user_stage"":200}"
"stage_reached_200 (App)",,,"{""Time"":""2026-04-13 01:29:34"",""UserUUID"":""3dc2ab70-3359-11f1-aed7-a5272790d570"",""attendanceCount"":6,""attendance_count"":6,""b.diamond"":100384,""b.ruby"":0,""boxAllCount"":1680,""curserver"":2,""equipmentData"":""W:20_0A:19_0"",""install_day"":""2026-04-08"",""totalPayment"":7700,""total_payment_amount"":7700,""user_name"":""김두봉"",""user_rank"":903,""user_stage"":200}"
"stage_reached_200 (App)",,,"{""Time"":""2026-04-13 01:25:44"",""UserUUID"":""e5a6b1a0-318e-11f1-8a3d-ebb16e72006c"",""attendanceCount"":8,""attendance_count"":8,""b.diamond"":13170,""b.ruby"":0,""boxAllCount"":1710,""curserver"":2,""equipmentData"":""W:21_0A:19_0"",""install_day"":""2026-04-06"",""totalPayment"":7700,""total_payment_amount"":7700,""user_name"":""YD"",""user_rank"":1066,""user_stage"":200}"
"stage_reached_200 (App)",,,"{""Time"":""2026-04-13 01:25:38"",""UserUUID"":""187ad4e0-3233-11f1-8933-7ba9bac0c574"",""attendanceCount"":7,""attendance_count"":7,""b.diamond"":145745,""b.ruby"":0,""boxAllCount"":2460,""curserver"":2,""equipmentData"":""W:21_0A:20_0"",""install_day"":""2026-04-07"",""totalPayment"":7700,""total_payment_amount"":7700,""user_name"":""슬샤"",""user_rank"":823,""user_stage"":200}"
"stage_reached_200 (App)",,,"{""Time"":""2026-04-13 01:23:16"",""UserUUID"":""5f7b8410-32ac-11f1-82d5-bfc7bf004d8f"",""attendanceCount"":6,""attendance_count"":6,""b.diamond"":180258,""b.ruby"":0,""boxAllCount"":3240,""curserver"":2,""equipmentData"":""W:20_0A:19_0"",""install_day"":""2026-04-07"",""totalPayment"":7700,""total_payment_amount"":7700,""user_name"":""윤구"",""user_rank"":822,""user_stage"":200}"
"stage_reached_200 (App)",,,"{""Time"":""2026-04-13 01:22:26"",""UserUUID"":""c8acc8c0-2dea-11f1-b7ef-6394f3bdd1ff"",""attendanceCount"":7,""attendance_count"":7,""b.diamond"":8538,""b.ruby"":0,""boxAllCount"":420,""curserver"":2,""equipmentData"":""W:20_0A:19_0"",""install_day"":""2026-04-01"",""totalPayment"":7700,""total_payment_amount"":7700,""user_name"":""월향s"",""user_rank"":899,""user_stage"":200}"
"stage_reached_200 (App)",,,"{""Time"":""2026-04-13 01:21:27"",""UserUUID"":""90d873d0-30e3-11f1-ac84-bd6f2b97a25b"",""attendanceCount"":9,""attendance_count"":9,""b.diamond"":74224,""b.ruby"":0,""boxAllCount"":6010,""curserver"":2,""equipmentData"":""W:21_0A:20_0"",""install_day"":""2026-04-05"",""totalPayment"":7700,""total_payment_amount"":7700,""user_name"":""삐9돼지"",""user_rank"":819,""user_stage"":200}"
"stage_reached_200 (App)",,,"{""Time"":""2026-04-13 01:20:18"",""UserUUID"":""ccec65c0-31f1-11f1-b207-55ad83937d05"",""attendanceCount"":7,""attendance_count"":7,""b.diamond"":55279,""b.ruby"":0,""boxAllCount"":3690,""curserver"":2,""equipmentData"":""W:21_0A:18_0"",""install_day"":""2026-04-06"",""totalPayment"":7700,""total_payment_amount"":7700,""user_name"":""Dcs"",""user_rank"":936,""user_stage"":200}"
"stage_reached_200 (App)",,,"{""Time"":""2026-04-13 01:18:49"",""UserUUID"":""2b014190-655a-11f0-9028-6d8f473a814e"",""attendanceCount"":10,""attendance_count"":10,""b.diamond"":89216,""b.ruby"":0,""boxAllCount"":9230,""curserver"":1,""equipmentData"":""W:22_0A:20_0"",""install_day"":""2025-07-20"",""totalPayment"":7700,""total_payment_amount"":7700,""user_name"":""박슈은우"",""user_rank"":7153,""user_stage"":200}"
"stage_reached_200 (App)",,,"{""Time"":""2026-04-13 01:13:02"",""UserUUID"":""7f8c0330-3318-11f1-a8d9-e97cacfd5d63"",""attendanceCount"":6,""attendance_count"":6,""b.diamond"":8051,""b.ruby"":0,""boxAllCount"":2760,""curserver"":2,""equipmentData"":""W:20_0A:19_0"",""install_day"":""2026-04-08"",""totalPayment"":7700,""total_payment_amount"":7700,""user_name"":""치킨형"",""user_rank"":984,""user_stage"":200}"
"stage_reached_200 (App)",,,"{""Time"":""2026-04-13 01:12:26"",""UserUUID"":""88509930-3297-11f1-8667-15196ccfe901"",""attendanceCount"":6,""attendance_count"":6,""b.diamond"":14552,""b.ruby"":0,""boxAllCount"":2580,""curserver"":2,""equipmentData"":""W:20_0A:19_0"",""install_day"":""2026-04-07"",""totalPayment"":2200,""total_payment_amount"":2200,""user_name"":""아라나"",""user_rank"":815,""user_stage"":200}"
"stage_reached_200 (App)",,,"{""Time"":""2026-04-13 01:12:02"",""UserUUID"":""5057ffd0-3221-11f1-aceb-cdb128d1366a"",""attendanceCount"":7,""attendance_count"":7,""b.diamond"":84930,""b.ruby"":0,""boxAllCount"":1230,""curserver"":2,""equipmentData"":""W:20_0A:19_0"",""install_day"":""2026-04-07"",""totalPayment"":7700,""total_payment_amount"":7700,""user_name"":""정필두"",""user_rank"":816,""user_stage"":200}"
"stage_reached_200 (App)",,,"{""Time"":""2026-04-13 01:06:09"",""UserUUID"":""2a74d770-331b-11f1-aed7-a5272790d570"",""attendanceCount"":6,""attendance_count"":6,""b.diamond"":3625,""b.ruby"":0,""boxAllCount"":3420,""curserver"":2,""equipmentData"":""W:21_0A:22_0"",""install_day"":""2026-04-08"",""totalPayment"":0,""total_payment_amount"":0,""user_name"":""흉조"",""user_rank"":974,""user_stage"":200}"
"stage_reached_200 (App)",,,"{""Time"":""2026-04-13 01:04:25"",""UserUUID"":""d286cdd0-33f5-11f1-ae34-21d4aef98067"",""attendanceCount"":5,""attendance_count"":5,""b.diamond"":61789,""b.ruby"":330,""boxAllCount"":2820,""curserver"":2,""equipmentData"":""W:20_0A:19_0"",""install_day"":""2026-04-09"",""totalPayment"":51700,""total_payment_amount"":51700,""user_name"":""치얼스슈슈"",""user_rank"":815,""user_stage"":200}"
"stage_reached_200 (App)",,,"{""Time"":""2026-04-13 01:02:14"",""UserUUID"":""3ee08a40-3327-11f1-b93c-fb11dbd47745"",""attendanceCount"":6,""attendance_count"":6,""b.diamond"":13884,""b.ruby"":0,""boxAllCount"":3650,""curserver"":2,""equipmentData"":""W:20_0A:20_0"",""install_day"":""2026-04-08"",""totalPayment"":7700,""total_payment_amount"":7700,""user_name"":""쭈사위"",""user_rank"":1097,""user_stage"":200}"
"stage_reached_200 (App)",,,"{""Time"":""2026-04-13 00:56:52"",""UserUUID"":""38dad890-3268-11f1-8630-e3362c8fd7d4"",""attendanceCount"":7,""attendance_count"":7,""b.diamond"":116460,""b.ruby"":0,""boxAllCount"":900,""curserver"":2,""equipmentData"":""W:21_0A:19_0"",""install_day"":""2026-04-07"",""totalPayment"":0,""total_payment_amount"":0,""user_name"":""제일슬픈호랑이"",""user_rank"":802,""user_stage"":200}"
"stage_reached_200 (App)",,,"{""Time"":""2026-04-13 00:55:13"",""UserUUID"":""c06bbe30-339b-11f1-825d-774336e6146e"",""attendanceCount"":5,""attendance_count"":5,""b.diamond"":12627,""b.ruby"":0,""boxAllCount"":2130,""curserver"":2,""equipmentData"":""W:20_0A:16_0"",""install_day"":""2026-04-08"",""totalPayment"":7700,""total_payment_amount"":7700,""user_name"":""째째째"",""user_rank"":826,""user_stage"":200}"
"stage_reached_200 (App)",,,"{""Time"":""2026-04-13 00:53:52"",""UserUUID"":""9eb2fa70-3278-11f1-bf0d-0768a26dba90"",""attendanceCount"":7,""attendance_count"":7,""b.diamond"":175937,""b.ruby"":0,""boxAllCount"":3450,""curserver"":2,""equipmentData"":""W:20_0A:19_0"",""install_day"":""2026-04-07"",""totalPayment"":0,""total_payment_amount"":0,""user_name"":""비루한공대생"",""user_rank"":781,""user_stage"":200}"
"stage_reached_200 (App)",,,"{""Time"":""2026-04-13 00:53:57"",""UserUUID"":""451292b0-329f-11f1-91fe-3341ad2783a6"",""attendanceCount"":6,""attendance_count"":6,""b.diamond"":65792,""b.ruby"":0,""boxAllCount"":6010,""curserver"":2,""equipmentData"":""W:20_0A:20_0"",""install_day"":""2026-04-07"",""totalPayment"":7700,""total_payment_amount"":7700,""user_name"":""민구릉"",""user_rank"":874,""user_stage"":200}"
"stage_reached_200 (App)",,,"{""Time"":""2026-04-13 00:53:03"",""UserUUID"":""12af4380-32c8-11f1-ac77-556dec3e3769"",""attendanceCount"":6,""attendance_count"":6,""b.diamond"":81087,""b.ruby"":220,""boxAllCount"":1460,""curserver"":2,""equipmentData"":""W:20_0A:19_0"",""install_day"":""2026-04-07"",""totalPayment"":53900,""total_payment_amount"":53900,""user_name"":""간사한고양이"",""user_rank"":904,""user_stage"":200}"
"stage_reached_200 (App)",,,"{""Time"":""2026-04-13 00:46:57"",""UserUUID"":""535995e0-32b7-11f1-917d-2b68ae914432"",""attendanceCount"":6,""attendance_count"":6,""b.diamond"":399837,""b.ruby"":0,""boxAllCount"":2160,""curserver"":2,""equipmentData"":""W:21_0A:19_0"",""install_day"":""2026-04-07"",""totalPayment"":40700,""total_payment_amount"":40700,""user_name"":""긴반수"",""user_rank"":939,""user_stage"":200}"
"stage_reached_200 (App)",,,"{""Time"":""2026-04-13 00:46:18"",""UserUUID"":""8ba0cb90-363a-11f1-9ac6-fbea20d11be5"",""attendanceCount"":2,""attendance_count"":2,""b.diamond"":39384,""b.ruby"":220,""boxAllCount"":2670,""curserver"":2,""equipmentData"":""W:22_0A:17_0"",""install_day"":""2026-04-12"",""totalPayment"":88000,""total_payment_amount"":88000,""user_name"":""너만"",""user_rank"":872,""user_stage"":200}"
"stage_reached_200 (App)",,,"{""Time"":""2026-04-13 00:43:19"",""UserUUID"":""f60b6190-334f-11f1-9eda-7f2e43afd1c4"",""attendanceCount"":6,""attendance_count"":6,""b.diamond"":46492,""b.ruby"":0,""boxAllCount"":2220,""curserver"":2,""equipmentData"":""W:18_0A:19_0"",""install_day"":""2026-04-08"",""totalPayment"":7700,""total_payment_amount"":7700,""user_name"":""지선빈"",""user_rank"":1264,""user_stage"":200}"
"stage_reached_200 (App)",,,"{""Time"":""2026-04-13 00:41:29"",""UserUUID"":""c3e94490-31cc-11f1-9ff9-f91f333f42c8"",""attendanceCount"":7,""attendance_count"":7,""b.diamond"":126349,""b.ruby"":0,""boxAllCount"":2580,""curserver"":2,""equipmentData"":""W:20_0A:19_0"",""install_day"":""2026-04-06"",""totalPayment"":0,""total_payment_amount"":0,""user_name"":""모모도"",""user_rank"":845,""user_stage"":200}"
"stage_reached_200 (App)",,,"{""Time"":""2026-04-13 00:38:28"",""UserUUID"":""47fbae10-328d-11f1-b53f-49b12169f420"",""attendanceCount"":7,""attendance_count"":7,""b.diamond"":243823,""b.ruby"":0,""boxAllCount"":450,""curserver"":2,""equipmentData"":""W:18_0A:19_0"",""install_day"":""2026-04-07"",""totalPayment"":7700,""total_payment_amount"":7700,""user_name"":""눈누난나12"",""user_rank"":867,""user_stage"":200}"
"stage_reached_200 (App)",,,"{""Time"":""2026-04-13 00:37:05"",""UserUUID"":""f2ae7290-335d-11f1-ad26-918d01757ce7"",""attendanceCount"":5,""attendance_count"":5,""b.diamond"":10162,""b.ruby"":0,""boxAllCount"":4110,""curserver"":2,""equipmentData"":""W:20_0A:19_0"",""install_day"":""2026-04-08"",""totalPayment"":7700,""total_payment_amount"":7700,""user_name"":""천안아산역"",""user_rank"":793,""user_stage"":200}"
"stage_reached_200 (App)",,,"{""Time"":""2026-04-13 00:35:43"",""UserUUID"":""f2444b50-323a-11f1-8933-7ba9bac0c574"",""attendanceCount"":7,""attendance_count"":7,""b.diamond"":5466,""b.ruby"":0,""boxAllCount"":3400,""curserver"":2,""equipmentData"":""W:21_0A:19_0"",""install_day"":""2026-04-07"",""totalPayment"":20900,""total_payment_amount"":20900,""user_name"":""깐따삐야외계"",""user_rank"":808,""user_stage"":200}"
"stage_reached_200 (App)",,,"{""Time"":""2026-04-13 00:33:11"",""UserUUID"":""eb5eee70-3330-11f1-a59b-7f5f04c44d59"",""attendanceCount"":6,""attendance_count"":6,""b.diamond"":68527,""b.ruby"":0,""boxAllCount"":1590,""curserver"":2,""equipmentData"":""W:24_0A:19_0"",""install_day"":""2026-04-08"",""totalPayment"":7700,""total_payment_amount"":7700,""user_name"":""글루덴"",""user_rank"":1051,""user_stage"":200}"
"stage_reached_200 (App)",,,"{""Time"":""2026-04-13 00:32:58"",""UserUUID"":""29f158b0-3612-11f1-a3c4-d5c5a1e6409a"",""attendanceCount"":2,""attendance_count"":2,""b.diamond"":89962,""b.ruby"":0,""boxAllCount"":3700,""curserver"":2,""equipmentData"":""W:21_0A:22_0"",""install_day"":""2026-04-12"",""totalPayment"":121000,""total_payment_amount"":121000,""user_name"":""웰시고룩희"",""user_rank"":800,""user_stage"":200}"
"stage_reached_200 (App)",,,"{""Time"":""2026-04-13 00:28:41"",""UserUUID"":""dbe2ea50-32ef-11f1-9d16-95af0cc2343a"",""attendanceCount"":6,""attendance_count"":6,""b.diamond"":43329,""b.ruby"":0,""boxAllCount"":2610,""curserver"":2,""equipmentData"":""W:19_0A:19_0"",""install_day"":""2026-04-08"",""totalPayment"":7700,""total_payment_amount"":7700,""user_name"":""박환희"",""user_rank"":823,""user_stage"":200}"
"stage_reached_200 (App)",,,"{""Time"":""2026-04-13 00:28:20"",""UserUUID"":""60d61490-32b8-11f1-b7d9-efdf1561da45"",""attendanceCount"":6,""attendance_count"":6,""b.diamond"":16799,""b.ruby"":0,""boxAllCount"":2700,""curserver"":2,""equipmentData"":""W:20_0A:19_0"",""install_day"":""2026-04-07"",""totalPayment"":7700,""total_payment_amount"":7700,""user_name"":""핑크봉긋"",""user_rank"":889,""user_stage"":200}"
"stage_reached_200 (App)",,,"{""Time"":""2026-04-13 00:27:04"",""UserUUID"":""555e39f0-327f-11f1-8711-bdda46a3915d"",""attendanceCount"":7,""attendance_count"":7,""b.diamond"":164250,""b.ruby"":0,""boxAllCount"":1900,""curserver"":2,""equipmentData"":""W:20_0A:19_0"",""install_day"":""2026-04-07"",""totalPayment"":0,""total_payment_amount"":0,""user_name"":""냐냐옹이"",""user_rank"":822,""user_stage"":200}"
"stage_reached_200 (App)",,,"{""Time"":""2026-04-13 00:25:12"",""UserUUID"":""3f206060-328d-11f1-867e-17923c3b4aaa"",""attendanceCount"":7,""attendance_count"":7,""b.diamond"":61293,""b.ruby"":0,""boxAllCount"":580,""curserver"":2,""equipmentData"":""W:20_0A:19_0"",""install_day"":""2026-04-07"",""totalPayment"":7700,""total_payment_amount"":7700,""user_name"":""지존캡숑"",""user_rank"":873,""user_stage"":200}"
"stage_reached_200 (App)",,,"{""Time"":""2026-04-13 00:22:52"",""UserUUID"":""b00ac540-327e-11f1-8667-15196ccfe901"",""attendanceCount"":7,""attendance_count"":7,""b.diamond"":31015,""b.ruby"":0,""boxAllCount"":4870,""curserver"":2,""equipmentData"":""W:21_0A:20_0"",""install_day"":""2026-04-07"",""totalPayment"":7700,""total_payment_amount"":7700,""user_name"":""느루느루"",""user_rank"":889,""user_stage"":200}"
"stage_reached_200 (App)",,,"{""Time"":""2026-04-13 00:22:15"",""UserUUID"":""f251c0b0-30f9-11f1-837b-a7d13750ee08"",""attendanceCount"":9,""attendance_count"":9,""b.diamond"":106876,""b.ruby"":0,""boxAllCount"":3690,""curserver"":2,""equipmentData"":""W:20_0A:20_0"",""install_day"":""2026-04-05"",""totalPayment"":7700,""total_payment_amount"":7700,""user_name"":""후핫핫하"",""user_rank"":875,""user_stage"":200}"
"stage_reached_200 (App)",,,"{""Time"":""2026-04-13 00:21:09"",""UserUUID"":""4bcf8330-341e-11f1-be09-a76393cf8804"",""attendanceCount"":5,""attendance_count"":5,""b.diamond"":53618,""b.ruby"":0,""boxAllCount"":3300,""curserver"":2,""equipmentData"":""W:23_0A:19_0"",""install_day"":""2026-04-09"",""totalPayment"":29700,""total_payment_amount"":29700,""user_name"":""진정한영웅"",""user_rank"":1041,""user_stage"":200}"
"stage_reached_200 (App)",,,"{""Time"":""2026-04-13 00:20:11"",""UserUUID"":""1d402d60-313c-11f1-8992-4f5c4e61451a"",""attendanceCount"":8,""attendance_count"":8,""b.diamond"":141409,""b.ruby"":0,""boxAllCount"":330,""curserver"":2,""equipmentData"":""W:23_0A:19_0"",""install_day"":""2026-04-05"",""totalPayment"":7700,""total_payment_amount"":7700,""user_name"":""콤모두스"",""user_rank"":819,""user_stage"":200}"
"stage_reached_200 (App)",,,"{""Time"":""2026-04-13 00:20:04"",""UserUUID"":""51b22040-32df-11f1-8d0d-ddd8b470a24d"",""attendanceCount"":6,""attendance_count"":6,""b.diamond"":195889,""b.ruby"":880,""boxAllCount"":2910,""curserver"":2,""equipmentData"":""W:21_0A:19_0"",""install_day"":""2026-04-08"",""totalPayment"":25300,""total_payment_amount"":25300,""user_name"":""괭개토"",""user_rank"":870,""user_stage"":200}"
"stage_reached_200 (App)",,,"{""Time"":""2026-04-13 00:19:59"",""UserUUID"":""2ff99790-3351-11f1-ad26-918d01757ce7"",""attendanceCount"":6,""attendance_count"":6,""b.diamond"":61054,""b.ruby"":0,""boxAllCount"":3900,""curserver"":2,""equipmentData"":""W:20_0A:19_0"",""install_day"":""2026-04-08"",""totalPayment"":7700,""total_payment_amount"":7700,""user_name"":""한직스"",""user_rank"":888,""user_stage"":200}"
"stage_reached_200 (App)",,,"{""Time"":""2026-04-13 00:18:48"",""UserUUID"":""ca5a6cb0-3414-11f1-b0fa-439a430572a2"",""attendanceCount"":5,""attendance_count"":5,""b.diamond"":120332,""b.ruby"":0,""boxAllCount"":6190,""curserver"":2,""equipmentData"":""W:21_0A:20_0"",""install_day"":""2026-04-09"",""totalPayment"":0,""total_payment_amount"":0,""user_name"":""SOM"",""user_rank"":838,""user_stage"":200}"
"stage_reached_200 (App)",,,"{""Time"":""2026-04-13 00:16:51"",""UserUUID"":""3fef5090-31c6-11f1-ad81-5fbf85815b1d"",""attendanceCount"":8,""attendance_count"":8,""b.diamond"":50068,""b.ruby"":0,""boxAllCount"":1560,""curserver"":2,""equipmentData"":""W:20_0A:19_0"",""install_day"":""2026-04-06"",""totalPayment"":14300,""total_payment_amount"":14300,""user_name"":""엄두부"",""user_rank"":996,""user_stage"":200}"
"stage_reached_200 (App)",,,"{""Time"":""2026-04-13 00:14:05"",""UserUUID"":""74dec440-321e-11f1-b4c4-27e661776b1f"",""attendanceCount"":7,""attendance_count"":7,""b.diamond"":4304,""b.ruby"":0,""boxAllCount"":4150,""curserver"":2,""equipmentData"":""W:20_0A:19_0"",""install_day"":""2026-04-07"",""totalPayment"":7700,""total_payment_amount"":7700,""user_name"":""섹보자앙"",""user_rank"":780,""user_stage"":200}"
"stage_reached_200 (App)",,,"{""Time"":""2026-04-13 00:13:31"",""UserUUID"":""6575a200-35a5-11f1-bb4e-bb6878c36f62"",""attendanceCount"":3,""attendance_count"":3,""b.diamond"":48432,""b.ruby"":0,""boxAllCount"":4320,""curserver"":2,""equipmentData"":""W:23_0A:19_0"",""install_day"":""2026-04-11"",""totalPayment"":7700,""total_payment_amount"":7700,""user_name"":""노스"",""user_rank"":961,""user_stage"":200}"
"stage_reached_200 (App)",,,"{""Time"":""2026-04-13 00:13:13"",""UserUUID"":""18fe7890-334b-11f1-870f-b99e4e357d53"",""attendanceCount"":6,""attendance_count"":6,""b.diamond"":8187,""b.ruby"":110,""boxAllCount"":3210,""curserver"":2,""equipmentData"":""W:20_0A:19_0"",""install_day"":""2026-04-08"",""totalPayment"":39600,""total_payment_amount"":39600,""user_name"":""율뭉"",""user_rank"":817,""user_stage"":200}"
"stage_reached_200 (App)",,,"{""Time"":""2026-04-13 00:12:58"",""UserUUID"":""52def000-32a9-11f1-9813-ad7f8516a23e"",""attendanceCount"":6,""attendance_count"":6,""b.diamond"":42176,""b.ruby"":0,""boxAllCount"":3750,""curserver"":2,""equipmentData"":""W:21_0A:19_0"",""install_day"":""2026-04-07"",""totalPayment"":7700,""total_payment_amount"":7700,""user_name"":""장재일"",""user_rank"":817,""user_stage"":200}"
"stage_reached_200 (App)",,,"{""Time"":""2026-04-13 00:12:19"",""UserUUID"":""f3573330-34b1-11f1-b8b1-a9c007a092ca"",""attendanceCount"":4,""attendance_count"":4,""b.diamond"":148833,""b.ruby"":0,""boxAllCount"":3360,""curserver"":2,""equipmentData"":""W:21_0A:20_0"",""install_day"":""2026-04-10"",""totalPayment"":11000,""total_payment_amount"":11000,""user_name"":""딱딱"",""user_rank"":887,""user_stage"":200}"
"stage_reached_200 (App)",,,"{""Time"":""2026-04-13 00:10:05"",""UserUUID"":""9fedc530-3248-11f1-ac76-8f51acb70ed4"",""attendanceCount"":7,""attendance_count"":7,""b.diamond"":100674,""b.ruby"":0,""boxAllCount"":6970,""curserver"":2,""equipmentData"":""W:21_0A:20_0"",""install_day"":""2026-04-07"",""totalPayment"":22000,""total_payment_amount"":22000,""user_name"":""태종이방과"",""user_rank"":817,""user_stage"":200}"
"stage_reached_200 (App)",,,"{""Time"":""2026-04-13 00:08:10"",""UserUUID"":""6c275790-32f5-11f1-a6a8-07161db1a495"",""attendanceCount"":6,""attendance_count"":6,""b.diamond"":39286,""b.ruby"":0,""boxAllCount"":3720,""curserver"":2,""equipmentData"":""W:20_0A:20_0"",""install_day"":""2026-04-08"",""totalPayment"":27500,""total_payment_amount"":27500,""user_name"":""홍천"",""user_rank"":817,""user_stage"":200}"
"stage_reached_200 (App)",,,"{""Time"":""2026-04-13 00:06:32"",""UserUUID"":""a59954b0-30b1-11f1-9d1f-9592b8931eba"",""attendanceCount"":9,""attendance_count"":9,""b.diamond"":176287,""b.ruby"":0,""boxAllCount"":4130,""curserver"":2,""equipmentData"":""W:20_0A:19_0"",""install_day"":""2026-04-05"",""totalPayment"":7700,""total_payment_amount"":7700,""user_name"":""부시"",""user_rank"":777,""user_stage"":200}"
"stage_reached_200 (App)",,,"{""Time"":""2026-04-12 23:58:05"",""UserUUID"":""eb8a7a00-30b9-11f1-8941-7de3afb6c926"",""attendanceCount"":5,""attendance_count"":5,""b.diamond"":5471,""b.ruby"":0,""boxAllCount"":1650,""curserver"":2,""equipmentData"":""W:23_0A:19_0"",""install_day"":""2026-04-05"",""totalPayment"":0,""total_payment_amount"":0,""user_name"":""차차몽"",""user_rank"":794,""user_stage"":200}"
"stage_reached_200 (App)",,,"{""Time"":""2026-04-12 23:50:08"",""UserUUID"":""6bb96e70-3290-11f1-a239-85853628010d"",""attendanceCount"":6,""attendance_count"":6,""b.diamond"":1369,""b.ruby"":0,""boxAllCount"":1980,""curserver"":2,""equipmentData"":""W:21_0A:19_0"",""install_day"":""2026-04-07"",""totalPayment"":7700,""total_payment_amount"":7700,""user_name"":""dlfnzl"",""user_rank"":751,""user_stage"":200}"
"stage_reached_200 (App)",,,"{""Time"":""2026-04-12 23:47:47"",""UserUUID"":""9d4441c0-31d4-11f1-b040-fbbbc4ad7a67"",""attendanceCount"":6,""attendance_count"":6,""b.diamond"":315991,""b.ruby"":0,""boxAllCount"":5920,""curserver"":2,""equipmentData"":""W:23_0A:19_0"",""install_day"":""2026-04-06"",""totalPayment"":7700,""total_payment_amount"":7700,""user_name"":""숙성도"",""user_rank"":954,""user_stage"":200}"
"stage_reached_200 (App)",,,"{""Time"":""2026-04-12 23:28:07"",""UserUUID"":""a04bb750-3282-11f1-9f5b-c565869b1ef1"",""attendanceCount"":6,""attendance_count"":6,""b.diamond"":1396,""b.ruby"":0,""boxAllCount"":1650,""curserver"":2,""equipmentData"":""W:19_0A:19_0"",""install_day"":""2026-04-07"",""totalPayment"":7700,""total_payment_amount"":7700,""user_name"":""아오리"",""user_rank"":771,""user_stage"":200}"
"stage_reached_200 (App)",,,"{""Time"":""2026-04-12 23:23:12"",""UserUUID"":""8a5edca0-31cf-11f1-ae60-57d00efc7080"",""attendanceCount"":6,""attendance_count"":6,""b.diamond"":12383,""b.ruby"":0,""boxAllCount"":2940,""curserver"":2,""equipmentData"":""W:21_0A:19_0"",""install_day"":""2026-04-06"",""totalPayment"":7700,""total_payment_amount"":7700,""user_name"":""맥라렌"",""user_rank"":945,""user_stage"":200}"
"stage_reached_200 (App)",,,"{""Time"":""2026-04-12 23:19:52"",""UserUUID"":""b35fe050-34c6-11f1-88c8-672cb8d5cb4c"",""attendanceCount"":3,""attendance_count"":3,""b.diamond"":226228,""b.ruby"":0,""boxAllCount"":6130,""curserver"":2,""equipmentData"":""W:23_0A:20_0"",""install_day"":""2026-04-10"",""totalPayment"":7700,""total_payment_amount"":7700,""user_name"":""doubleJ"",""user_rank"":778,""user_stage"":200}"
"stage_reached_200 (App)",,,"{""Time"":""2026-04-12 23:15:17"",""UserUUID"":""634b71b0-3476-11f1-a59e-9599306a7f6b"",""attendanceCount"":3,""attendance_count"":3,""b.diamond"":165475,""b.ruby"":0,""boxAllCount"":6100,""curserver"":2,""equipmentData"":""W:23_0A:20_0"",""install_day"":""2026-04-10"",""totalPayment"":40700,""total_payment_amount"":40700,""user_name"":""레퀴엠"",""user_rank"":951,""user_stage"":200}"
"stage_reached_200 (App)",,,"{""Time"":""2026-04-12 23:06:10"",""UserUUID"":""68f94ef0-328e-11f1-a39c-0d159db89087"",""attendanceCount"":6,""attendance_count"":6,""b.diamond"":90177,""b.ruby"":0,""boxAllCount"":510,""curserver"":2,""equipmentData"":""W:19_0A:19_0"",""install_day"":""2026-04-07"",""totalPayment"":7700,""total_payment_amount"":7700,""user_name"":""권아s"",""user_rank"":844,""user_stage"":200}"
"stage_reached_200 (App)",,,"{""Time"":""2026-04-12 22:57:52"",""UserUUID"":""3abca950-3357-11f1-b93c-fb11dbd47745"",""attendanceCount"":5,""attendance_count"":5,""b.diamond"":22498,""b.ruby"":0,""boxAllCount"":1060,""curserver"":2,""equipmentData"":""W:21_0A:19_0"",""install_day"":""2026-04-08"",""totalPayment"":7700,""total_payment_amount"":7700,""user_name"":""우욱기"",""user_rank"":897,""user_stage"":200}"
"stage_reached_200 (App)",,,"{""Time"":""2026-04-12 22:55:44"",""UserUUID"":""e4cbe020-328d-11f1-b53f-49b12169f420"",""attendanceCount"":5,""attendance_count"":5,""b.diamond"":109284,""b.ruby"":0,""boxAllCount"":1110,""curserver"":2,""equipmentData"":""W:22_0A:16_0"",""install_day"":""2026-04-07"",""totalPayment"":7700,""total_payment_amount"":7700,""user_name"":""오빠야츄릅"",""user_rank"":1657,""user_stage"":200}"
"stage_reached_200 (App)",,,"{""Time"":""2026-04-12 22:53:14"",""UserUUID"":""af395de0-3362-11f1-b54b-b183cc730f11"",""attendanceCount"":4,""attendance_count"":4,""b.diamond"":56910,""b.ruby"":0,""boxAllCount"":3480,""curserver"":2,""equipmentData"":""W:20_0A:19_0"",""install_day"":""2026-04-08"",""totalPayment"":7700,""total_payment_amount"":7700,""user_name"":""woohi"",""user_rank"":828,""user_stage"":200}"
"stage_reached_200 (App)",,,"{""Time"":""2026-04-12 22:48:40"",""UserUUID"":""e4469d20-3607-11f1-9598-07c759cdacdd"",""attendanceCount"":1,""attendance_count"":1,""b.diamond"":135843,""b.ruby"":2200,""boxAllCount"":2910,""curserver"":2,""equipmentData"":""W:23_0A:19_0"",""install_day"":""2026-04-12"",""totalPayment"":73700,""total_payment_amount"":73700,""user_name"":""키야야야"",""user_rank"":1567,""user_stage"":200}"
"stage_reached_200 (App)",,,"{""Time"":""2026-04-12 22:46:49"",""UserUUID"":""aba8bd90-3495-11f1-a102-55ecfb8c2c44"",""attendanceCount"":3,""attendance_count"":3,""b.diamond"":85186,""b.ruby"":0,""boxAllCount"":2610,""curserver"":2,""equipmentData"":""W:22_0A:21_0"",""install_day"":""2026-04-10"",""totalPayment"":59400,""total_payment_amount"":59400,""user_name"":""김난세2세"",""user_rank"":783,""user_stage"":200}"
"stage_reached_200 (App)",,,"{""Time"":""2026-04-12 22:15:07"",""UserUUID"":""54b98cf0-3268-11f1-bd41-bf607eaafb71"",""attendanceCount"":5,""attendance_count"":5,""b.diamond"":17166,""b.ruby"":0,""boxAllCount"":3040,""curserver"":2,""equipmentData"":""W:23_0A:19_0"",""install_day"":""2026-04-07"",""totalPayment"":0,""total_payment_amount"":0,""user_name"":""기믹인데"",""user_rank"":767,""user_stage"":200}"
"stage_reached_200 (App)",,,"{""Time"":""2026-04-12 22:03:41"",""UserUUID"":""0a6d0850-3256-11f1-aeb7-a9da030097bb"",""attendanceCount"":6,""attendance_count"":6,""b.diamond"":49807,""b.ruby"":0,""boxAllCount"":6660,""curserver"":2,""equipmentData"":""W:23_0A:20_0"",""install_day"":""2026-04-07"",""totalPayment"":0,""total_payment_amount"":0,""user_name"":""자주색고구마"",""user_rank"":921,""user_stage"":200}"
"stage_reached_200 (App)",,,"{""Time"":""2026-04-12 22:02:44"",""UserUUID"":""424768d0-31af-11f1-b973-098842597fee"",""attendanceCount"":7,""attendance_count"":7,""b.diamond"":173942,""b.ruby"":0,""boxAllCount"":3270,""curserver"":2,""equipmentData"":""W:20_0A:19_0"",""install_day"":""2026-04-06"",""totalPayment"":0,""total_payment_amount"":0,""user_name"":""sloustar"",""user_rank"":775,""user_stage"":200}"
"stage_reached_200 (App)",,,"{""Time"":""2026-04-12 22:00:11"",""UserUUID"":""491a9340-3398-11f1-997e-7f611c1484c7"",""attendanceCount"":4,""attendance_count"":4,""b.diamond"":78949,""b.ruby"":0,""boxAllCount"":2970,""curserver"":2,""equipmentData"":""W:20_0A:19_0"",""install_day"":""2026-04-08"",""totalPayment"":44000,""total_payment_amount"":44000,""user_name"":""푸스카"",""user_rank"":738,""user_stage"":200}"
"stage_reached_200 (App)",,,"{""Time"":""2026-04-12 21:37:36"",""UserUUID"":""a0c60250-3280-11f1-9758-2d1c30faf5b5"",""attendanceCount"":6,""attendance_count"":6,""b.diamond"":14668,""b.ruby"":220,""boxAllCount"":3840,""curserver"":2,""equipmentData"":""W:19_0A:19_0"",""install_day"":""2026-04-07"",""totalPayment"":29700,""total_payment_amount"":29700,""user_name"":""현랑K"",""user_rank"":870,""user_stage"":200}"
"stage_reached_200 (App)",,,"{""Time"":""2026-04-12 21:23:22"",""UserUUID"":""3cfd4e30-2aca-11f1-99a5-6b7e3a5dadfb"",""attendanceCount"":13,""attendance_count"":13,""b.diamond"":12960,""b.ruby"":0,""boxAllCount"":2490,""curserver"":1,""equipmentData"":""W:21_0A:19_0"",""install_day"":""2026-03-28"",""totalPayment"":0,""total_payment_amount"":0,""user_name"":""라린"",""user_rank"":7207,""user_stage"":200}"
"stage_reached_200 (App)",,,"{""Time"":""2026-04-12 21:21:35"",""UserUUID"":""64a43200-3254-11f1-a856-591b41669abe"",""attendanceCount"":6,""attendance_count"":6,""b.diamond"":6575,""b.ruby"":0,""boxAllCount"":2820,""curserver"":2,""equipmentData"":""W:23_0A:22_0"",""install_day"":""2026-04-07"",""totalPayment"":33000,""total_payment_amount"":33000,""user_name"":""김나바"",""user_rank"":978,""user_stage"":200}"
"stage_reached_200 (App)",,,"{""Time"":""2026-04-12 20:59:50"",""UserUUID"":""1013cbd0-323e-11f1-af48-1d1b8631a5cd"",""attendanceCount"":6,""attendance_count"":6,""b.diamond"":383687,""b.ruby"":0,""boxAllCount"":4390,""curserver"":2,""equipmentData"":""W:23_0A:19_0"",""install_day"":""2026-04-07"",""totalPayment"":7700,""total_payment_amount"":7700,""user_name"":""폰노이만"",""user_rank"":915,""user_stage"":200}"
"stage_reached_200 (App)",,,"{""Time"":""2026-04-12 20:57:48"",""UserUUID"":""8869f7e0-3337-11f1-9dba-bb869aaeb3a6"",""attendanceCount"":5,""attendance_count"":5,""b.diamond"":76061,""b.ruby"":0,""boxAllCount"":3060,""curserver"":2,""equipmentData"":""W:20_0A:19_0"",""install_day"":""2026-04-08"",""totalPayment"":7700,""total_payment_amount"":7700,""user_name"":""피리피리피리"",""user_rank"":793,""user_stage"":200}"
"stage_reached_200 (App)",,,"{""Time"":""2026-04-12 20:51:35"",""UserUUID"":""6cd38ab0-31c4-11f1-8a3d-ebb16e72006c"",""attendanceCount"":7,""attendance_count"":7,""b.diamond"":2836,""b.ruby"":0,""boxAllCount"":6310,""curserver"":2,""equipmentData"":""W:21_0A:20_0"",""install_day"":""2026-04-06"",""totalPayment"":7700,""total_payment_amount"":7700,""user_name"":""리들러"",""user_rank"":1050,""user_stage"":200}"
"stage_reached_200 (App)",,,"{""Time"":""2026-04-12 20:51:01"",""UserUUID"":""8e5b3300-2caa-11f1-a6ba-fbbf1ff5d31a"",""attendanceCount"":13,""attendance_count"":13,""b.diamond"":74439,""b.ruby"":0,""boxAllCount"":6550,""curserver"":1,""equipmentData"":""W:23_0A:20_0"",""install_day"":""2026-03-31"",""totalPayment"":0,""total_payment_amount"":0,""user_name"":""옥길보안관"",""user_rank"":7162,""user_stage"":200}"
"stage_reached_200 (App)",,,"{""Time"":""2026-04-12 20:49:41"",""UserUUID"":""5f274f00-31fb-11f1-862b-fd5e9cdceb0e"",""attendanceCount"":6,""attendance_count"":6,""b.diamond"":152267,""b.ruby"":0,""boxAllCount"":1140,""curserver"":2,""equipmentData"":""W:19_0A:17_0"",""install_day"":""2026-04-06"",""totalPayment"":7700,""total_payment_amount"":7700,""user_name"":""블랙키"",""user_rank"":791,""user_stage"":200}"
"stage_reached_200 (App)",,,"{""Time"":""2026-04-12 20:49:17"",""UserUUID"":""aaa62010-3173-11f1-905f-b3a6c6cdda57"",""attendanceCount"":7,""attendance_count"":7,""b.diamond"":40846,""b.ruby"":0,""boxAllCount"":6070,""curserver"":2,""equipmentData"":""W:22_0A:20_0"",""install_day"":""2026-04-06"",""totalPayment"":7700,""total_payment_amount"":7700,""user_name"":""꼬롱"",""user_rank"":760,""user_stage"":200}"
"stage_reached_200 (App)",,,"{""Time"":""2026-04-12 20:43:58"",""UserUUID"":""037e06a0-321c-11f1-aceb-cdb128d1366a"",""attendanceCount"":6,""attendance_count"":6,""b.diamond"":5428,""b.ruby"":0,""boxAllCount"":480,""curserver"":2,""equipmentData"":""W:21_0A:19_0"",""install_day"":""2026-04-07"",""totalPayment"":7700,""total_payment_amount"":7700,""user_name"":""쳐밀도"",""user_rank"":753,""user_stage"":200}"
"stage_reached_200 (App)",,,"{""Time"":""2026-04-12 20:32:07"",""UserUUID"":""37a9f840-32ed-11f1-98a0-efaa4bfcec3a"",""attendanceCount"":5,""attendance_count"":5,""b.diamond"":1837,""b.ruby"":0,""boxAllCount"":4540,""curserver"":2,""equipmentData"":""W:21_0A:19_0"",""install_day"":""2026-04-08"",""totalPayment"":7700,""total_payment_amount"":7700,""user_name"":""찬용"",""user_rank"":768,""user_stage"":200}"
"stage_reached_200 (App)",,,"{""Time"":""2026-04-12 20:29:56"",""UserUUID"":""56bee910-3348-11f1-b93c-fb11dbd47745"",""attendanceCount"":5,""attendance_count"":5,""b.diamond"":9032,""b.ruby"":0,""boxAllCount"":3190,""curserver"":2,""equipmentData"":""W:22_0A:19_0"",""install_day"":""2026-04-08"",""totalPayment"":7700,""total_payment_amount"":7700,""user_name"":""마리주아"",""user_rank"":787,""user_stage"":200}"
"stage_reached_200 (App)",,,"{""Time"":""2026-04-12 20:20:29"",""UserUUID"":""6280fed0-334f-11f1-aed7-a5272790d570"",""attendanceCount"":5,""attendance_count"":5,""b.diamond"":4631,""b.ruby"":0,""boxAllCount"":1530,""curserver"":2,""equipmentData"":""W:20_0A:19_0"",""install_day"":""2026-04-08"",""totalPayment"":0,""total_payment_amount"":0,""user_name"":""일하기시러요"",""user_rank"":752,""user_stage"":200}"
"stage_reached_200 (App)",,,"{""Time"":""2026-04-12 20:20:14"",""UserUUID"":""f0e68240-32f9-11f1-93b8-b70636b8f7ba"",""attendanceCount"":5,""attendance_count"":5,""b.diamond"":22271,""b.ruby"":0,""boxAllCount"":6100,""curserver"":2,""equipmentData"":""W:20_0A:19_0"",""install_day"":""2026-04-08"",""totalPayment"":29700,""total_payment_amount"":29700,""user_name"":""쭈비넨"",""user_rank"":821,""user_stage"":200}"
"stage_reached_200 (App)",,,"{""Time"":""2026-04-12 20:19:41"",""UserUUID"":""c1255250-31bb-11f1-9ff9-f91f333f42c8"",""attendanceCount"":7,""attendance_count"":7,""b.diamond"":66398,""b.ruby"":0,""boxAllCount"":6190,""curserver"":2,""equipmentData"":""W:20_0A:20_0"",""install_day"":""2026-04-06"",""totalPayment"":7700,""total_payment_amount"":7700,""user_name"":""디이용"",""user_rank"":908,""user_stage"":200}"
"stage_reached_200 (App)",,,"{""Time"":""2026-04-12 20:19:18"",""UserUUID"":""93ddd120-2bec-11f1-91b8-7fbe22efd274"",""attendanceCount"":11,""attendance_count"":11,""b.diamond"":3376,""b.ruby"":0,""boxAllCount"":8270,""curserver"":1,""equipmentData"":""W:21_0A:20_0"",""install_day"":""2026-03-30"",""totalPayment"":7700,""total_payment_amount"":7700,""user_name"":""송정동제일검"",""user_rank"":7228,""user_stage"":200}"
"stage_reached_200 (App)",,,"{""Time"":""2026-04-12 20:09:21"",""UserUUID"":""45ecd690-3322-11f1-8ba8-eb19f6e3aedc"",""attendanceCount"":5,""attendance_count"":5,""b.diamond"":2845,""b.ruby"":0,""boxAllCount"":1470,""curserver"":2,""equipmentData"":""W:19_0A:19_0"",""install_day"":""2026-04-08"",""totalPayment"":0,""total_payment_amount"":0,""user_name"":""kul4578"",""user_rank"":750,""user_stage"":200}"
"stage_reached_200 (App)",,,"{""Time"":""2026-04-12 20:06:58"",""UserUUID"":""270450c0-3276-11f1-a18a-f53927f44d57"",""attendanceCount"":6,""attendance_count"":6,""b.diamond"":15884,""b.ruby"":0,""boxAllCount"":2560,""curserver"":2,""equipmentData"":""W:21_0A:19_0"",""install_day"":""2026-04-07"",""totalPayment"":0,""total_payment_amount"":0,""user_name"":""수사관"",""user_rank"":801,""user_stage"":200}"
"stage_reached_200 (App)",,,"{""Time"":""2026-04-12 20:04:16"",""UserUUID"":""5cfc9b40-3205-11f1-b207-55ad83937d05"",""attendanceCount"":5,""attendance_count"":5,""b.diamond"":8601,""b.ruby"":0,""boxAllCount"":2460,""curserver"":2,""equipmentData"":""W:20_0A:19_0"",""install_day"":""2026-04-06"",""totalPayment"":7700,""total_payment_amount"":7700,""user_name"":""듀크헤임"",""user_rank"":743,""user_stage"":200}"
"stage_reached_200 (App)",,,"{""Time"":""2026-04-12 20:00:10"",""UserUUID"":""2cae9f50-31b1-11f1-bedd-bb80aed62be1"",""attendanceCount"":7,""attendance_count"":7,""b.diamond"":47431,""b.ruby"":0,""boxAllCount"":1470,""curserver"":2,""equipmentData"":""W:21_0A:19_0"",""install_day"":""2026-04-06"",""totalPayment"":30800,""total_payment_amount"":30800,""user_name"":""신세계로부터"",""user_rank"":759,""user_stage"":200}"
"stage_reached_200 (App)",,,"{""Time"":""2026-04-12 19:55:58"",""UserUUID"":""3adcabb0-331b-11f1-8013-ddd238f0f4d8"",""attendanceCount"":5,""attendance_count"":5,""b.diamond"":29988,""b.ruby"":0,""boxAllCount"":1170,""curserver"":2,""equipmentData"":""W:20_0A:19_0"",""install_day"":""2026-04-08"",""totalPayment"":7700,""total_payment_amount"":7700,""user_name"":""허거덩스"",""user_rank"":747,""user_stage"":200}"
"stage_reached_200 (App)",,,"{""Time"":""2026-04-12 19:36:02"",""UserUUID"":""e2f11ef0-3288-11f1-a239-85853628010d"",""attendanceCount"":6,""attendance_count"":6,""b.diamond"":101324,""b.ruby"":0,""boxAllCount"":4410,""curserver"":2,""equipmentData"":""W:22_0A:20_0"",""install_day"":""2026-04-07"",""totalPayment"":7700,""total_payment_amount"":7700,""user_name"":""바귤"",""user_rank"":744,""user_stage"":200}"
"stage_reached_200 (App)",,,"{""Time"":""2026-04-12 19:28:14"",""UserUUID"":""5fafebc0-3152-11f1-a9ae-dd542bc8c06d"",""attendanceCount"":7,""attendance_count"":7,""b.diamond"":70187,""b.ruby"":0,""boxAllCount"":3840,""curserver"":2,""equipmentData"":""W:20_0A:19_0"",""install_day"":""2026-04-06"",""totalPayment"":0,""total_payment_amount"":0,""user_name"":""정잼"",""user_rank"":831,""user_stage"":200}"
"stage_reached_200 (App)",,,"{""Time"":""2026-04-12 19:22:34"",""UserUUID"":""07f60120-3504-11f1-a59b-478cf6b27e7b"",""attendanceCount"":2,""attendance_count"":2,""b.diamond"":46385,""b.ruby"":0,""boxAllCount"":3060,""curserver"":2,""equipmentData"":""W:22_0A:19_0"",""install_day"":""2026-04-10"",""totalPayment"":84700,""total_payment_amount"":84700,""user_name"":""이능희"",""user_rank"":831,""user_stage"":200}"
"stage_reached_200 (App)",,,"{""Time"":""2026-04-12 19:11:10"",""UserUUID"":""24058fb0-3276-11f1-9338-bbea93f7470a"",""attendanceCount"":6,""attendance_count"":6,""b.diamond"":47858,""b.ruby"":0,""boxAllCount"":2620,""curserver"":2,""equipmentData"":""W:18_0A:19_0"",""install_day"":""2026-04-07"",""totalPayment"":7700,""total_payment_amount"":7700,""user_name"":""춘띵"",""user_rank"":741,""user_stage"":200}"
"stage_reached_200 (App)",,,"{""Time"":""2026-04-12 19:04:50"",""UserUUID"":""16a70c90-32b2-11f1-921f-ad3e805f60f5"",""attendanceCount"":5,""attendance_count"":5,""b.diamond"":99575,""b.ruby"":110,""boxAllCount"":4330,""curserver"":2,""equipmentData"":""W:20_0A:20_0"",""install_day"":""2026-04-07"",""totalPayment"":25300,""total_payment_amount"":25300,""user_name"":""늬얼굴"",""user_rank"":734,""user_stage"":200}"
"stage_reached_200 (App)",,,"{""Time"":""2026-04-12 18:47:37"",""UserUUID"":""1f889ff0-2e8d-11f1-8db4-09b245ded46c"",""attendanceCount"":11,""attendance_count"":11,""b.diamond"":105464,""b.ruby"":0,""boxAllCount"":6080,""curserver"":1,""equipmentData"":""W:21_0A:20_0"",""install_day"":""2026-04-02"",""totalPayment"":0,""total_payment_amount"":0,""user_name"":""광해1"",""user_rank"":7153,""user_stage"":200}"
"stage_reached_200 (App)",,,"{""Time"":""2026-04-12 18:32:12"",""UserUUID"":""b36f9d50-328d-11f1-857d-231acdbd9392"",""attendanceCount"":6,""attendance_count"":6,""b.diamond"":1276,""b.ruby"":0,""boxAllCount"":5260,""curserver"":2,""equipmentData"":""W:20_0A:20_0"",""install_day"":""2026-04-07"",""totalPayment"":7700,""total_payment_amount"":7700,""user_name"":""강주낵"",""user_rank"":801,""user_stage"":200}"
"stage_reached_200 (App)",,,"{""Time"":""2026-04-12 18:22:58"",""UserUUID"":""347477f0-3049-11f1-9e3a-018eee98e357"",""attendanceCount"":8,""attendance_count"":8,""b.diamond"":33078,""b.ruby"":0,""boxAllCount"":7230,""curserver"":2,""equipmentData"":""W:21_0A:20_0"",""install_day"":""2026-04-04"",""totalPayment"":7700,""total_payment_amount"":7700,""user_name"":""Zoeyy"",""user_rank"":734,""user_stage"":200}"
"stage_reached_200 (App)",,,"{""Time"":""2026-04-12 18:06:52"",""UserUUID"":""04919a10-328b-11f1-80f5-cf12babcaa8e"",""attendanceCount"":6,""attendance_count"":6,""b.diamond"":1341,""b.ruby"":110,""boxAllCount"":6580,""curserver"":2,""equipmentData"":""W:21_0A:20_0"",""install_day"":""2026-04-07"",""totalPayment"":124300,""total_payment_amount"":124300,""user_name"":""방치해보깡"",""user_rank"":1314,""user_stage"":200}"
"stage_reached_200 (App)",,,"{""Time"":""2026-04-12 18:01:36"",""UserUUID"":""fb2bd790-3246-11f1-ac76-8f51acb70ed4"",""attendanceCount"":6,""attendance_count"":6,""b.diamond"":318826,""b.ruby"":0,""boxAllCount"":1350,""curserver"":2,""equipmentData"":""W:20_0A:19_0"",""install_day"":""2026-04-07"",""totalPayment"":7700,""total_payment_amount"":7700,""user_name"":""규도링"",""user_rank"":742,""user_stage"":200}"
"stage_reached_200 (App)",,,"{""Time"":""2026-04-12 18:00:36"",""UserUUID"":""dae7e2f0-32b7-11f1-932d-0bb816e976e4"",""attendanceCount"":5,""attendance_count"":5,""b.diamond"":1469,""b.ruby"":0,""boxAllCount"":2490,""curserver"":2,""equipmentData"":""W:21_0A:23_0"",""install_day"":""2026-04-07"",""totalPayment"":7700,""total_payment_amount"":7700,""user_name"":""메기사냥"",""user_rank"":727,""user_stage"":200}"
"stage_reached_200 (App)",,,"{""Time"":""2026-04-12 17:57:28"",""UserUUID"":""5a8d6600-3002-11f1-b1e0-f164c383ff25"",""attendanceCount"":9,""attendance_count"":9,""b.diamond"":414538,""b.ruby"":0,""boxAllCount"":480,""curserver"":2,""equipmentData"":""W:20_0A:19_0"",""install_day"":""2026-04-04"",""totalPayment"":7700,""total_payment_amount"":7700,""user_name"":""근디"",""user_rank"":757,""user_stage"":200}"
"stage_reached_200 (App)",,,"{""Time"":""2026-04-12 17:54:06"",""UserUUID"":""f7402210-31d0-11f1-928f-7589d556d10f"",""attendanceCount"":6,""attendance_count"":6,""b.diamond"":7223,""b.ruby"":0,""boxAllCount"":6930,""curserver"":2,""equipmentData"":""W:21_0A:20_0"",""install_day"":""2026-04-06"",""totalPayment"":30800,""total_payment_amount"":30800,""user_name"":""선혈"",""user_rank"":838,""user_stage"":200}"
"stage_reached_200 (App)",,,"{""Time"":""2026-04-12 16:56:35"",""UserUUID"":""876e65a0-301d-11f1-b24b-bb43cf968457"",""attendanceCount"":9,""attendance_count"":9,""b.diamond"":3573,""b.ruby"":0,""boxAllCount"":6040,""curserver"":2,""equipmentData"":""W:21_0A:20_0"",""install_day"":""2026-04-04"",""totalPayment"":7700,""total_payment_amount"":7700,""user_name"":""학선"",""user_rank"":755,""user_stage"":200}"
"stage_reached_200 (App)",,,"{""Time"":""2026-04-12 17:35:11"",""UserUUID"":""79cb5ab0-3262-11f1-a990-8bde7c94b6f9"",""attendanceCount"":6,""attendance_count"":6,""b.diamond"":20292,""b.ruby"":0,""boxAllCount"":6330,""curserver"":2,""equipmentData"":""W:21_0A:20_0"",""install_day"":""2026-04-07"",""totalPayment"":7700,""total_payment_amount"":7700,""user_name"":""알젠타인"",""user_rank"":730,""user_stage"":200}"
"stage_reached_200 (App)",,,"{""Time"":""2026-04-12 17:25:57"",""UserUUID"":""19be0ae0-3402-11f1-994b-d9c38516498a"",""attendanceCount"":3,""attendance_count"":3,""b.diamond"":621372,""b.ruby"":0,""boxAllCount"":2790,""curserver"":2,""equipmentData"":""W:23_0A:19_0"",""install_day"":""2026-04-09"",""totalPayment"":63800,""total_payment_amount"":63800,""user_name"":""freeload"",""user_rank"":738,""user_stage"":200}"
"stage_reached_200 (App)",,,"{""Time"":""2026-04-12 17:21:28"",""UserUUID"":""97dd9010-3292-11f1-89ae-25558d9abf90"",""attendanceCount"":5,""attendance_count"":5,""b.diamond"":8974,""b.ruby"":0,""boxAllCount"":1210,""curserver"":2,""equipmentData"":""W:17_0A:19_0"",""install_day"":""2026-04-07"",""totalPayment"":7700,""total_payment_amount"":7700,""user_name"":""김게장"",""user_rank"":722,""user_stage"":200}"
"stage_reached_200 (App)",,,"{""Time"":""2026-04-12 16:57:12"",""UserUUID"":""b2e11be0-30bf-11f1-bb70-0f88c446d4f9"",""attendanceCount"":8,""attendance_count"":8,""b.diamond"":214253,""b.ruby"":0,""boxAllCount"":4120,""curserver"":2,""equipmentData"":""W:21_0A:19_0"",""install_day"":""2026-04-05"",""totalPayment"":7700,""total_payment_amount"":7700,""user_name"":""LPG게임"",""user_rank"":830,""user_stage"":200}"
"stage_reached_200 (App)",,,"{""Time"":""2026-04-12 16:40:13"",""UserUUID"":""32132050-31b2-11f1-9033-375b699f179f"",""attendanceCount"":7,""attendance_count"":7,""b.diamond"":40289,""b.ruby"":0,""boxAllCount"":4020,""curserver"":2,""equipmentData"":""W:23_0A:19_0"",""install_day"":""2026-04-06"",""totalPayment"":14300,""total_payment_amount"":14300,""user_name"":""2달러"",""user_rank"":837,""user_stage"":200}"
"stage_reached_200 (App)",,,"{""Time"":""2026-04-12 16:30:10"",""UserUUID"":""2aa12a90-324a-11f1-b03a-7b87d25f0153"",""attendanceCount"":6,""attendance_count"":6,""b.diamond"":1154,""b.ruby"":0,""boxAllCount"":6220,""curserver"":2,""equipmentData"":""W:20_0A:20_0"",""install_day"":""2026-04-07"",""totalPayment"":7700,""total_payment_amount"":7700,""user_name"":""마음만먹으면"",""user_rank"":716,""user_stage"":200}"
"stage_reached_200 (App)",,,"{""Time"":""2026-04-12 16:29:49"",""UserUUID"":""3e4f50f0-32de-11f1-884c-4dc33fa559f5"",""attendanceCount"":5,""attendance_count"":5,""b.diamond"":105545,""b.ruby"":0,""boxAllCount"":4150,""curserver"":2,""equipmentData"":""W:22_0A:22_0"",""install_day"":""2026-04-08"",""totalPayment"":7700,""total_payment_amount"":7700,""user_name"":""merri"",""user_rank"":746,""user_stage"":200}"
"stage_reached_200 (App)",,,"{""Time"":""2026-04-12 16:21:27"",""UserUUID"":""ebd14a60-3353-11f1-8667-15196ccfe901"",""attendanceCount"":5,""attendance_count"":5,""b.diamond"":2620,""b.ruby"":0,""boxAllCount"":3420,""curserver"":2,""equipmentData"":""W:22_0A:21_0"",""install_day"":""2026-04-08"",""totalPayment"":7700,""total_payment_amount"":7700,""user_name"":""월챗"",""user_rank"":721,""user_stage"":200}"
"stage_reached_200 (App)",,,"{""Time"":""2026-04-12 16:13:24"",""UserUUID"":""a388c9b0-341e-11f1-beb7-076ee8dcf493"",""attendanceCount"":4,""attendance_count"":4,""b.diamond"":27600,""b.ruby"":0,""boxAllCount"":11820,""curserver"":2,""equipmentData"":""W:23_0A:20_0"",""install_day"":""2026-04-09"",""totalPayment"":7700,""total_payment_amount"":7700,""user_name"":""이규민"",""user_rank"":919,""user_stage"":200}"
"stage_reached_200 (App)",,,"{""Time"":""2026-04-12 16:12:46"",""UserUUID"":""2eeea360-32a5-11f1-a7b5-a5e2c1a7edb4"",""attendanceCount"":5,""attendance_count"":5,""b.diamond"":7686,""b.ruby"":0,""boxAllCount"":4120,""curserver"":2,""equipmentData"":""W:22_0A:19_0"",""install_day"":""2026-04-07"",""totalPayment"":0,""total_payment_amount"":0,""user_name"":""미세먼지"",""user_rank"":757,""user_stage"":200}"
"stage_reached_200 (App)",,,"{""Time"":""2026-04-12 16:09:16"",""UserUUID"":""bab20b80-31dd-11f1-ad81-5fbf85815b1d"",""attendanceCount"":6,""attendance_count"":6,""b.diamond"":451,""b.ruby"":0,""boxAllCount"":7370,""curserver"":2,""equipmentData"":""W:23_0A:20_0"",""install_day"":""2026-04-06"",""totalPayment"":7700,""total_payment_amount"":7700,""user_name"":""깽모"",""user_rank"":721,""user_stage"":200}"
"stage_reached_200 (App)",,,"{""Time"":""2026-04-12 16:05:43"",""UserUUID"":""10011180-321a-11f1-b040-fbbbc4ad7a67"",""attendanceCount"":6,""attendance_count"":6,""b.diamond"":118944,""b.ruby"":0,""boxAllCount"":3690,""curserver"":2,""equipmentData"":""W:23_0A:19_0"",""install_day"":""2026-04-07"",""totalPayment"":7700,""total_payment_amount"":7700,""user_name"":""한껀"",""user_rank"":714,""user_stage"":200}"
"stage_reached_200 (App)",,,"{""Time"":""2026-04-12 15:54:25"",""UserUUID"":""05910620-3232-11f1-a470-cb3c52cfcc86"",""attendanceCount"":6,""attendance_count"":6,""b.diamond"":11357,""b.ruby"":0,""boxAllCount"":3030,""curserver"":2,""equipmentData"":""W:20_0A:20_0"",""install_day"":""2026-04-07"",""totalPayment"":7700,""total_payment_amount"":7700,""user_name"":""영혐"",""user_rank"":742,""user_stage"":200}"
"stage_reached_200 (App)",,,"{""Time"":""2026-04-12 15:50:54"",""UserUUID"":""ba27cbd0-303b-11f1-a900-a79d956c284d"",""attendanceCount"":8,""attendance_count"":8,""b.diamond"":506658,""b.ruby"":0,""boxAllCount"":3660,""curserver"":2,""equipmentData"":""W:21_0A:21_0"",""install_day"":""2026-04-04"",""totalPayment"":7700,""total_payment_amount"":7700,""user_name"":""노란곰"",""user_rank"":791,""user_stage"":200}"
"stage_reached_200 (App)",,,"{""Time"":""2026-04-12 15:36:48"",""UserUUID"":""cf706e20-32d9-11f1-ba9a-49df85bb5736"",""attendanceCount"":5,""attendance_count"":5,""b.diamond"":237264,""b.ruby"":0,""boxAllCount"":6100,""curserver"":2,""equipmentData"":""W:21_0A:20_0"",""install_day"":""2026-04-07"",""totalPayment"":0,""total_payment_amount"":0,""user_name"":""기린아지"",""user_rank"":741,""user_stage"":200}"
"stage_reached_200 (App)",,,"{""Time"":""2026-04-12 15:35:20"",""UserUUID"":""121ece20-322a-11f1-b991-d74068e864f9"",""attendanceCount"":6,""attendance_count"":6,""b.diamond"":117787,""b.ruby"":0,""boxAllCount"":1080,""curserver"":2,""equipmentData"":""W:21_0A:19_0"",""install_day"":""2026-04-07"",""totalPayment"":7700,""total_payment_amount"":7700,""user_name"":""별소호"",""user_rank"":855,""user_stage"":200}"
"stage_reached_200 (App)",,,"{""Time"":""2026-04-12 15:31:44"",""UserUUID"":""972a1fb0-30ff-11f1-9bf5-41d0035951db"",""attendanceCount"":8,""attendance_count"":8,""b.diamond"":173640,""b.ruby"":0,""boxAllCount"":2590,""curserver"":2,""equipmentData"":""W:20_0A:19_0"",""install_day"":""2026-04-05"",""totalPayment"":18700,""total_payment_amount"":18700,""user_name"":""Ny10"",""user_rank"":725,""user_stage"":200}"
"stage_reached_200 (App)",,,"{""Time"":""2026-04-12 15:30:49"",""UserUUID"":""d83529b0-33a1-11f1-820f-cdfba65c8bfb"",""attendanceCount"":4,""attendance_count"":4,""b.diamond"":24021,""b.ruby"":0,""boxAllCount"":3630,""curserver"":2,""equipmentData"":""W:22_0A:19_0"",""install_day"":""2026-04-08"",""totalPayment"":7700,""total_payment_amount"":7700,""user_name"":""도베르만"",""user_rank"":771,""user_stage"":200}"
"stage_reached_200 (App)",,,"{""Time"":""2026-04-12 15:15:06"",""UserUUID"":""3c8e4700-3020-11f1-8e49-61eb02ecccc4"",""attendanceCount"":8,""attendance_count"":8,""b.diamond"":224056,""b.ruby"":0,""boxAllCount"":2190,""curserver"":2,""equipmentData"":""W:21_0A:20_0"",""install_day"":""2026-04-04"",""totalPayment"":7700,""total_payment_amount"":7700,""user_name"":""멸풍"",""user_rank"":1474,""user_stage"":200}"
"stage_reached_200 (App)",,,"{""Time"":""2026-04-12 15:10:06"",""UserUUID"":""e04ea8f0-322b-11f1-a446-374a26f4f3cb"",""attendanceCount"":6,""attendance_count"":6,""b.diamond"":117482,""b.ruby"":0,""boxAllCount"":2970,""curserver"":2,""equipmentData"":""W:22_0A:20_0"",""install_day"":""2026-04-07"",""totalPayment"":14300,""total_payment_amount"":14300,""user_name"":""세탁"",""user_rank"":821,""user_stage"":200}"
"stage_reached_200 (App)",,,"{""Time"":""2026-04-12 14:52:23"",""UserUUID"":""51f09e90-328c-11f1-857d-231acdbd9392"",""attendanceCount"":6,""attendance_count"":6,""b.diamond"":71135,""b.ruby"":0,""boxAllCount"":3220,""curserver"":2,""equipmentData"":""W:22_0A:21_0"",""install_day"":""2026-04-07"",""totalPayment"":0,""total_payment_amount"":0,""user_name"":""선오"",""user_rank"":1146,""user_stage"":200}"
"stage_reached_200 (App)",,,"{""Time"":""2026-04-12 14:50:02"",""UserUUID"":""360f0600-3276-11f1-9d5c-bbcccceaec63"",""attendanceCount"":6,""attendance_count"":6,""b.diamond"":2177,""b.ruby"":0,""boxAllCount"":1320,""curserver"":2,""equipmentData"":""W:21_0A:19_0"",""install_day"":""2026-04-07"",""totalPayment"":7700,""total_payment_amount"":7700,""user_name"":""Archive"",""user_rank"":701,""user_stage"":200}"
"stage_reached_200 (App)",,,"{""Time"":""2026-04-12 14:32:02"",""UserUUID"":""5bedf360-31a2-11f1-8ae3-514ae4d9144d"",""attendanceCount"":7,""attendance_count"":7,""b.diamond"":434274,""b.ruby"":0,""boxAllCount"":3270,""curserver"":2,""equipmentData"":""W:22_0A:20_0"",""install_day"":""2026-04-06"",""totalPayment"":7700,""total_payment_amount"":7700,""user_name"":""순대국밥"",""user_rank"":776,""user_stage"":200}"
"stage_reached_200 (App)",,,"{""Time"":""2026-04-12 14:26:54"",""UserUUID"":""b3225700-2f74-11f1-a69f-cf367d0f8cd6"",""attendanceCount"":9,""attendance_count"":9,""b.diamond"":284002,""b.ruby"":550,""boxAllCount"":6210,""curserver"":2,""equipmentData"":""W:23_0A:20_0"",""install_day"":""2026-04-03"",""totalPayment"":150700,""total_payment_amount"":150700,""user_name"":""썩은망고"",""user_rank"":885,""user_stage"":200}"
"stage_reached_200 (App)",,,"{""Time"":""2026-04-12 14:24:17"",""UserUUID"":""7071d870-3106-11f1-a7f8-61240aaef1c0"",""attendanceCount"":6,""attendance_count"":6,""b.diamond"":20679,""b.ruby"":0,""boxAllCount"":2520,""curserver"":2,""equipmentData"":""W:19_0A:19_0"",""install_day"":""2026-04-05"",""totalPayment"":8800,""total_payment_amount"":8800,""user_name"":""웅진"",""user_rank"":774,""user_stage"":200}"
"stage_reached_200 (App)",,,"{""Time"":""2026-04-12 14:11:32"",""UserUUID"":""13ca49b0-3276-11f1-aceb-cdb128d1366a"",""attendanceCount"":6,""attendance_count"":6,""b.diamond"":11132,""b.ruby"":0,""boxAllCount"":6020,""curserver"":2,""equipmentData"":""W:22_0A:20_0"",""install_day"":""2026-04-07"",""totalPayment"":7700,""total_payment_amount"":7700,""user_name"":""이로아"",""user_rank"":772,""user_stage"":200}"
"stage_reached_200 (App)",,,"{""Time"":""2026-04-12 13:54:52"",""UserUUID"":""83a68f90-328b-11f1-b844-951508060a6a"",""attendanceCount"":6,""attendance_count"":6,""b.diamond"":43808,""b.ruby"":220,""boxAllCount"":1050,""curserver"":2,""equipmentData"":""W:17_0A:19_0"",""install_day"":""2026-04-07"",""totalPayment"":22000,""total_payment_amount"":22000,""user_name"":""곤고니"",""user_rank"":618,""user_stage"":200}"
"stage_reached_200 (App)",,,"{""Time"":""2026-04-12 13:52:39"",""UserUUID"":""c7b46470-321b-11f1-b03a-7b87d25f0153"",""attendanceCount"":6,""attendance_count"":6,""b.diamond"":220239,""b.ruby"":0,""boxAllCount"":2860,""curserver"":2,""equipmentData"":""W:20_0A:22_0"",""install_day"":""2026-04-07"",""totalPayment"":51700,""total_payment_amount"":51700,""user_name"":""보루시아"",""user_rank"":790,""user_stage"":200}"
"stage_reached_200 (App)",,,"{""Time"":""2026-04-12 13:48:50"",""UserUUID"":""39d408c0-30bf-11f1-a365-dbf16e91da9a"",""attendanceCount"":8,""attendance_count"":8,""b.diamond"":347735,""b.ruby"":0,""boxAllCount"":6090,""curserver"":2,""equipmentData"":""W:20_0A:20_0"",""install_day"":""2026-04-05"",""totalPayment"":7700,""total_payment_amount"":7700,""user_name"":""미노no"",""user_rank"":721,""user_stage"":200}"
"stage_reached_200 (App)",,,"{""Time"":""2026-04-12 13:47:27"",""UserUUID"":""eefb7980-35ca-11f1-b6eb-6163789a99c8"",""attendanceCount"":1,""attendance_count"":1,""b.diamond"":716622,""b.ruby"":330,""boxAllCount"":5260,""curserver"":2,""equipmentData"":""W:23_0A:21_0"",""install_day"":""2026-04-11"",""totalPayment"":337700,""total_payment_amount"":337700,""user_name"":""띠띠뽀"",""user_rank"":895,""user_stage"":200}"
"stage_reached_200 (App)",,,"{""Time"":""2026-04-12 13:46:16"",""UserUUID"":""2345dcb0-31c7-11f1-ad81-5fbf85815b1d"",""attendanceCount"":7,""attendance_count"":7,""b.diamond"":6279,""b.ruby"":0,""boxAllCount"":2280,""curserver"":2,""equipmentData"":""W:20_0A:19_0"",""install_day"":""2026-04-06"",""totalPayment"":7700,""total_payment_amount"":7700,""user_name"":""기문수"",""user_rank"":751,""user_stage"":200}"
"stage_reached_200 (App)",,,"{""Time"":""2026-04-12 13:42:30"",""UserUUID"":""99474ec0-2f5c-11f1-8e73-079183d5825b"",""attendanceCount"":10,""attendance_count"":10,""b.diamond"":2991,""b.ruby"":0,""boxAllCount"":3840,""curserver"":2,""equipmentData"":""W:22_0A:20_0"",""install_day"":""2026-04-03"",""totalPayment"":0,""total_payment_amount"":0,""user_name"":""태풍신"",""user_rank"":702,""user_stage"":200}"
"stage_reached_200 (App)",,,"{""Time"":""2026-04-12 13:40:12"",""UserUUID"":""3f39c6c0-31c7-11f1-9898-8b63cb4f5af8"",""attendanceCount"":5,""attendance_count"":5,""b.diamond"":52819,""b.ruby"":0,""boxAllCount"":2430,""curserver"":2,""equipmentData"":""W:23_0A:19_0"",""install_day"":""2026-04-06"",""totalPayment"":7700,""total_payment_amount"":7700,""user_name"":""프랑크프루트"",""user_rank"":751,""user_stage"":200}"
"stage_reached_200 (App)",,,"{""Time"":""2026-04-12 13:35:23"",""UserUUID"":""211bbc60-3259-11f1-b273-bf3ce9c9a5aa"",""attendanceCount"":5,""attendance_count"":5,""b.diamond"":151068,""b.ruby"":0,""boxAllCount"":6100,""curserver"":2,""equipmentData"":""W:21_0A:20_0"",""install_day"":""2026-04-07"",""totalPayment"":0,""total_payment_amount"":0,""user_name"":""맥그로우"",""user_rank"":702,""user_stage"":200}"
"stage_reached_200 (App)",,,"{""Time"":""2026-04-12 13:25:47"",""UserUUID"":""2ff93d50-32ec-11f1-a5e7-d39ce9ce5658"",""attendanceCount"":5,""attendance_count"":5,""b.diamond"":4952,""b.ruby"":0,""boxAllCount"":2670,""curserver"":2,""equipmentData"":""W:20_0A:20_0"",""install_day"":""2026-04-08"",""totalPayment"":7700,""total_payment_amount"":7700,""user_name"":""쿤이"",""user_rank"":693,""user_stage"":200}"
"stage_reached_200 (App)",,,"{""Time"":""2026-04-12 13:19:05"",""UserUUID"":""6885c110-3027-11f1-b856-011e2bdb83d1"",""attendanceCount"":9,""attendance_count"":9,""b.diamond"":5567,""b.ruby"":0,""boxAllCount"":1080,""curserver"":2,""equipmentData"":""W:22_0A:19_0"",""install_day"":""2026-04-04"",""totalPayment"":0,""total_payment_amount"":0,""user_name"":""조선판타임지"",""user_rank"":783,""user_stage"":200}"
"stage_reached_200 (App)",,,"{""Time"":""2026-04-12 13:05:46"",""UserUUID"":""9a338f40-31e8-11f1-928f-7589d556d10f"",""attendanceCount"":6,""attendance_count"":6,""b.diamond"":23816,""b.ruby"":0,""boxAllCount"":1200,""curserver"":2,""equipmentData"":""W:20_0A:19_0"",""install_day"":""2026-04-06"",""totalPayment"":7700,""total_payment_amount"":7700,""user_name"":""박사녁"",""user_rank"":716,""user_stage"":200}"
"stage_reached_200 (App)",,,"{""Time"":""2026-04-12 12:31:29"",""UserUUID"":""ec20e320-34d6-11f1-85c1-ab04cd4b1cab"",""attendanceCount"":3,""attendance_count"":3,""b.diamond"":11495,""b.ruby"":0,""boxAllCount"":3210,""curserver"":2,""equipmentData"":""W:22_0A:21_0"",""install_day"":""2026-04-10"",""totalPayment"":7700,""total_payment_amount"":7700,""user_name"":""폼폼폼폼"",""user_rank"":767,""user_stage"":200}"
"stage_reached_200 (App)",,,"{""Time"":""2026-04-12 12:56:44"",""UserUUID"":""354dc040-33d3-11f1-be09-a76393cf8804"",""attendanceCount"":4,""attendance_count"":4,""b.diamond"":155904,""b.ruby"":0,""boxAllCount"":6900,""curserver"":2,""equipmentData"":""W:24_0A:20_0"",""install_day"":""2026-04-09"",""totalPayment"":176000,""total_payment_amount"":176000,""user_name"":""허니정"",""user_rank"":781,""user_stage"":200}"
"stage_reached_200 (App)",,,"{""Time"":""2026-04-12 12:53:26"",""UserUUID"":""772e5790-3234-11f1-b03a-7b87d25f0153"",""attendanceCount"":6,""attendance_count"":6,""b.diamond"":12258,""b.ruby"":330,""boxAllCount"":360,""curserver"":2,""equipmentData"":""W:19_0A:19_0"",""install_day"":""2026-04-07"",""totalPayment"":40700,""total_payment_amount"":40700,""user_name"":""왕새우"",""user_rank"":800,""user_stage"":200}"
"stage_reached_200 (App)",,,"{""Time"":""2026-04-12 12:24:19"",""UserUUID"":""cfd48d00-31ae-11f1-b1a4-81a0eb9136bb"",""attendanceCount"":7,""attendance_count"":7,""b.diamond"":102867,""b.ruby"":0,""boxAllCount"":2520,""curserver"":2,""equipmentData"":""W:20_0A:19_0"",""install_day"":""2026-04-06"",""totalPayment"":7700,""total_payment_amount"":7700,""user_name"":""강훈"",""user_rank"":685,""user_stage"":200}"
"stage_reached_200 (App)",,,"{""Time"":""2026-04-12 12:23:49"",""UserUUID"":""9777f3d0-32bb-11f1-8667-15196ccfe901"",""attendanceCount"":5,""attendance_count"":5,""b.diamond"":38015,""b.ruby"":0,""boxAllCount"":1740,""curserver"":2,""equipmentData"":""W:22_0A:19_0"",""install_day"":""2026-04-07"",""totalPayment"":51700,""total_payment_amount"":51700,""user_name"":""밤황"",""user_rank"":778,""user_stage"":200}"
"stage_reached_200 (App)",,,"{""Time"":""2026-04-12 12:20:35"",""UserUUID"":""ecd927f0-31a7-11f1-b4cc-ab67fa8ddf7e"",""attendanceCount"":7,""attendance_count"":7,""b.diamond"":14374,""b.ruby"":0,""boxAllCount"":4150,""curserver"":2,""equipmentData"":""W:21_0A:19_0"",""install_day"":""2026-04-06"",""totalPayment"":7700,""total_payment_amount"":7700,""user_name"":""연새"",""user_rank"":710,""user_stage"":200}"
"stage_reached_200 (App)",,,"{""Time"":""2026-04-12 12:09:53"",""UserUUID"":""55f9a6b0-326b-11f1-91fe-3341ad2783a6"",""attendanceCount"":6,""attendance_count"":6,""b.diamond"":34255,""b.ruby"":0,""boxAllCount"":3270,""curserver"":2,""equipmentData"":""W:20_0A:19_0"",""install_day"":""2026-04-07"",""totalPayment"":7700,""total_payment_amount"":7700,""user_name"":""율린"",""user_rank"":684,""user_stage"":200}"
"stage_reached_200 (App)",,,"{""Time"":""2026-04-12 11:53:58"",""UserUUID"":""18614140-3316-11f1-a6a8-07161db1a495"",""attendanceCount"":5,""attendance_count"":5,""b.diamond"":16567,""b.ruby"":0,""boxAllCount"":4060,""curserver"":2,""equipmentData"":""W:21_0A:19_0"",""install_day"":""2026-04-08"",""totalPayment"":7700,""total_payment_amount"":7700,""user_name"":""빈둥빈"",""user_rank"":677,""user_stage"":200}"
"stage_reached_200 (App)",,,"{""Time"":""2026-04-12 11:47:43"",""UserUUID"":""99fa5eb0-3318-11f1-8013-ddd238f0f4d8"",""attendanceCount"":5,""attendance_count"":5,""b.diamond"":21239,""b.ruby"":0,""boxAllCount"":5620,""curserver"":2,""equipmentData"":""W:22_0A:20_0"",""install_day"":""2026-04-08"",""totalPayment"":7700,""total_payment_amount"":7700,""user_name"":""빈챈"",""user_rank"":772,""user_stage"":200}"
"stage_reached_200 (App)",,,"{""Time"":""2026-04-12 11:42:06"",""UserUUID"":""bdf0d930-3024-11f1-bb3e-bb80d4316d88"",""attendanceCount"":9,""attendance_count"":9,""b.diamond"":2746,""b.ruby"":330,""boxAllCount"":3540,""curserver"":2,""equipmentData"":""W:22_0A:19_0"",""install_day"":""2026-04-04"",""totalPayment"":11000,""total_payment_amount"":11000,""user_name"":""jsh8759"",""user_rank"":700,""user_stage"":200}"
"stage_reached_200 (App)",,,"{""Time"":""2026-04-12 11:37:37"",""UserUUID"":""cb1cad30-2fe0-11f1-bbf9-991644850b07"",""attendanceCount"":9,""attendance_count"":9,""b.diamond"":383141,""b.ruby"":0,""boxAllCount"":6530,""curserver"":2,""equipmentData"":""W:20_0A:19_0"",""install_day"":""2026-04-04"",""totalPayment"":122100,""total_payment_amount"":122100,""user_name"":""라코스테"",""user_rank"":725,""user_stage"":200}"
"stage_reached_200 (App)",,,"{""Time"":""2026-04-12 11:37:32"",""UserUUID"":""63eb0730-3330-11f1-b58f-27fe7b42ae32"",""attendanceCount"":5,""attendance_count"":5,""b.diamond"":15623,""b.ruby"":0,""boxAllCount"":2490,""curserver"":2,""equipmentData"":""W:23_0A:19_0"",""install_day"":""2026-04-08"",""totalPayment"":7700,""total_payment_amount"":7700,""user_name"":""둘비"",""user_rank"":713,""user_stage"":200}"
"stage_reached_200 (App)",,,"{""Time"":""2026-04-12 11:34:26"",""UserUUID"":""de05a8e0-3263-11f1-bf0f-557a9a571eaa"",""attendanceCount"":6,""attendance_count"":6,""b.diamond"":8151,""b.ruby"":0,""boxAllCount"":4690,""curserver"":2,""equipmentData"":""W:20_0A:19_0"",""install_day"":""2026-04-07"",""totalPayment"":14300,""total_payment_amount"":14300,""user_name"":""천유원"",""user_rank"":767,""user_stage"":200}"
"stage_reached_200 (App)",,,"{""Time"":""2026-04-12 11:31:31"",""UserUUID"":""47ffe1b0-326a-11f1-9758-2d1c30faf5b5"",""attendanceCount"":6,""attendance_count"":6,""b.diamond"":16585,""b.ruby"":0,""boxAllCount"":2280,""curserver"":2,""equipmentData"":""W:22_0A:19_0"",""install_day"":""2026-04-07"",""totalPayment"":0,""total_payment_amount"":0,""user_name"":""티다"",""user_rank"":803,""user_stage"":200}"
"stage_reached_200 (App)",,,"{""Time"":""2026-04-12 11:26:47"",""UserUUID"":""7b1a8c30-308f-11f1-9d1f-9592b8931eba"",""attendanceCount"":8,""attendance_count"":8,""b.diamond"":65652,""b.ruby"":220,""boxAllCount"":1580,""curserver"":2,""equipmentData"":""W:20_0A:16_0"",""install_day"":""2026-04-05"",""totalPayment"":14300,""total_payment_amount"":14300,""user_name"":""원효쾌타천"",""user_rank"":696,""user_stage"":200}"
"stage_reached_200 (App)",,,"{""Time"":""2026-04-12 11:19:34"",""UserUUID"":""85b31790-342f-11f1-92ce-9315b880789a"",""attendanceCount"":3,""attendance_count"":3,""b.diamond"":2756,""b.ruby"":0,""boxAllCount"":3570,""curserver"":2,""equipmentData"":""W:21_0A:19_0"",""install_day"":""2026-04-09"",""totalPayment"":40700,""total_payment_amount"":40700,""user_name"":""샤크콩"",""user_rank"":674,""user_stage"":200}"
"stage_reached_200 (App)",,,"{""Time"":""2026-04-12 11:17:42"",""UserUUID"":""c10b41f0-327c-11f1-917d-2b68ae914432"",""attendanceCount"":6,""attendance_count"":6,""b.diamond"":27127,""b.ruby"":0,""boxAllCount"":3180,""curserver"":2,""equipmentData"":""W:20_0A:19_0"",""install_day"":""2026-04-07"",""totalPayment"":51700,""total_payment_amount"":51700,""user_name"":""야미요미"",""user_rank"":713,""user_stage"":200}"
"stage_reached_200 (App)",,,"{""Time"":""2026-04-12 11:11:10"",""UserUUID"":""699fad70-3254-11f1-a7b8-bfafdaeea6fc"",""attendanceCount"":6,""attendance_count"":6,""b.diamond"":5885,""b.ruby"":0,""boxAllCount"":930,""curserver"":2,""equipmentData"":""W:19_0A:19_0"",""install_day"":""2026-04-07"",""totalPayment"":7700,""total_payment_amount"":7700,""user_name"":""문성"",""user_rank"":743,""user_stage"":200}"
"stage_reached_200 (App)",,,"{""Time"":""2026-04-12 11:10:38"",""UserUUID"":""8f785830-2fde-11f1-8359-815e882e9cac"",""attendanceCount"":9,""attendance_count"":9,""b.diamond"":419760,""b.ruby"":0,""boxAllCount"":2550,""curserver"":2,""equipmentData"":""W:21_0A:19_0"",""install_day"":""2026-04-04"",""totalPayment"":7700,""total_payment_amount"":7700,""user_name"":""김과장퇴사각"",""user_rank"":673,""user_stage"":200}"
"stage_reached_200 (App)",,,"{""Time"":""2026-04-12 11:06:34"",""UserUUID"":""a61288b0-32e8-11f1-bf0d-0768a26dba90"",""attendanceCount"":5,""attendance_count"":5,""b.diamond"":101537,""b.ruby"":110,""boxAllCount"":5650,""curserver"":2,""equipmentData"":""W:21_0A:20_0"",""install_day"":""2026-04-08"",""totalPayment"":73700,""total_payment_amount"":73700,""user_name"":""객사직전"",""user_rank"":789,""user_stage"":200}"
"stage_reached_200 (App)",,,"{""Time"":""2026-04-12 10:51:19"",""UserUUID"":""7efb4f70-3269-11f1-a990-8bde7c94b6f9"",""attendanceCount"":5,""attendance_count"":5,""b.diamond"":139776,""b.ruby"":1100,""boxAllCount"":6030,""curserver"":2,""equipmentData"":""W:23_0A:20_0"",""install_day"":""2026-04-07"",""totalPayment"":40700,""total_payment_amount"":40700,""user_name"":""메로나0"",""user_rank"":740,""user_stage"":200}"
"stage_reached_200 (App)",,,"{""Time"":""2026-04-12 10:45:17"",""UserUUID"":""9b3b6d40-3233-11f1-b03a-7b87d25f0153"",""attendanceCount"":6,""attendance_count"":6,""b.diamond"":232774,""b.ruby"":220,""boxAllCount"":6220,""curserver"":2,""equipmentData"":""W:22_0A:20_0"",""install_day"":""2026-04-07"",""totalPayment"":22000,""total_payment_amount"":22000,""user_name"":""김준재"",""user_rank"":662,""user_stage"":200}"
"stage_reached_200 (App)",,,"{""Time"":""2026-04-12 10:36:44"",""UserUUID"":""d2ac8bc0-3228-11f1-9758-2d1c30faf5b5"",""attendanceCount"":6,""attendance_count"":6,""b.diamond"":211945,""b.ruby"":220,""boxAllCount"":600,""curserver"":2,""equipmentData"":""W:22_0A:19_0"",""install_day"":""2026-04-07"",""totalPayment"":44000,""total_payment_amount"":44000,""user_name"":""한덕배"",""user_rank"":782,""user_stage"":200}"
"stage_reached_200 (App)",,,"{""Time"":""2026-04-12 10:27:05"",""UserUUID"":""40fd7f50-3191-11f1-905f-b3a6c6cdda57"",""attendanceCount"":7,""attendance_count"":7,""b.diamond"":12874,""b.ruby"":0,""boxAllCount"":2340,""curserver"":2,""equipmentData"":""W:20_0A:21_0"",""install_day"":""2026-04-06"",""totalPayment"":7700,""total_payment_amount"":7700,""user_name"":""지나가는행인32"",""user_rank"":664,""user_stage"":200}"
"stage_reached_200 (App)",,,"{""Time"":""2026-04-12 10:24:03"",""UserUUID"":""352bf570-3228-11f1-b969-a96b106abdbd"",""attendanceCount"":6,""attendance_count"":6,""b.diamond"":37780,""b.ruby"":0,""boxAllCount"":3540,""curserver"":2,""equipmentData"":""W:21_0A:19_0"",""install_day"":""2026-04-07"",""totalPayment"":7700,""total_payment_amount"":7700,""user_name"":""트립트랩"",""user_rank"":1025,""user_stage"":200}"
"stage_reached_200 (App)",,,"{""Time"":""2026-04-12 10:19:32"",""UserUUID"":""31e27970-331d-11f1-aed7-a5272790d570"",""attendanceCount"":5,""attendance_count"":5,""b.diamond"":13783,""b.ruby"":0,""boxAllCount"":990,""curserver"":2,""equipmentData"":""W:21_0A:19_0"",""install_day"":""2026-04-08"",""totalPayment"":50600,""total_payment_amount"":50600,""user_name"":""Mammalia"",""user_rank"":694,""user_stage"":200}"
"stage_reached_200 (App)",,,"{""Time"":""2026-04-12 10:14:47"",""UserUUID"":""74f5e020-30e9-11f1-87eb-577a52a418ed"",""attendanceCount"":8,""attendance_count"":8,""b.diamond"":125045,""b.ruby"":0,""boxAllCount"":1240,""curserver"":2,""equipmentData"":""W:21_0A:19_0"",""install_day"":""2026-04-05"",""totalPayment"":7700,""total_payment_amount"":7700,""user_name"":""이글훈"",""user_rank"":682,""user_stage"":200}"
"stage_reached_200 (App)",,,"{""Time"":""2026-04-12 10:13:27"",""UserUUID"":""66ae8bd0-3363-11f1-a092-213ab336b0c1"",""attendanceCount"":4,""attendance_count"":4,""b.diamond"":23017,""b.ruby"":0,""boxAllCount"":6020,""curserver"":2,""equipmentData"":""W:22_0A:20_0"",""install_day"":""2026-04-08"",""totalPayment"":27500,""total_payment_amount"":27500,""user_name"":""공압"",""user_rank"":926,""user_stage"":200}"
"stage_reached_200 (App)",,,"{""Time"":""2026-04-12 10:10:28"",""UserUUID"":""a68c4a00-301e-11f1-bb3e-bb80d4316d88"",""attendanceCount"":8,""attendance_count"":8,""b.diamond"":10427,""b.ruby"":0,""boxAllCount"":4540,""curserver"":2,""equipmentData"":""W:20_0A:19_0"",""install_day"":""2026-04-04"",""totalPayment"":7700,""total_payment_amount"":7700,""user_name"":""다임"",""user_rank"":697,""user_stage"":200}"
"stage_reached_200 (App)",,,"{""Time"":""2026-04-12 10:09:19"",""UserUUID"":""c413d5a0-33fe-11f1-8365-cddec1743153"",""attendanceCount"":4,""attendance_count"":4,""b.diamond"":19429,""b.ruby"":0,""boxAllCount"":4190,""curserver"":2,""equipmentData"":""W:21_0A:19_0"",""install_day"":""2026-04-09"",""totalPayment"":17600,""total_payment_amount"":17600,""user_name"":""민균"",""user_rank"":661,""user_stage"":200}"
"stage_reached_200 (App)",,,"{""Time"":""2026-04-12 10:03:32"",""UserUUID"":""0d959db0-3244-11f1-8e99-e3f6968f6778"",""attendanceCount"":6,""attendance_count"":6,""b.diamond"":24172,""b.ruby"":0,""boxAllCount"":1380,""curserver"":2,""equipmentData"":""W:20_0A:19_0"",""install_day"":""2026-04-07"",""totalPayment"":7700,""total_payment_amount"":7700,""user_name"":""낙로"",""user_rank"":653,""user_stage"":200}"
"stage_reached_200 (App)",,,"{""Time"":""2026-04-12 09:52:03"",""UserUUID"":""39303250-341a-11f1-8ab5-039af844e859"",""attendanceCount"":4,""attendance_count"":4,""b.diamond"":55058,""b.ruby"":0,""boxAllCount"":1270,""curserver"":2,""equipmentData"":""W:20_0A:18_0"",""install_day"":""2026-04-09"",""totalPayment"":62700,""total_payment_amount"":62700,""user_name"":""유아린"",""user_rank"":987,""user_stage"":200}"
"stage_reached_200 (App)",,,"{""Time"":""2026-04-12 09:41:31"",""UserUUID"":""9129ab40-309a-11f1-8ada-5b005ce58860"",""attendanceCount"":8,""attendance_count"":8,""b.diamond"":5232,""b.ruby"":0,""boxAllCount"":2590,""curserver"":2,""equipmentData"":""W:20_0A:22_0"",""install_day"":""2026-04-05"",""totalPayment"":0,""total_payment_amount"":0,""user_name"":""뱌나나"",""user_rank"":650,""user_stage"":200}"
"stage_reached_200 (App)",,,"{""Time"":""2026-04-12 09:36:02"",""UserUUID"":""b94a8af0-30da-11f1-8460-1347f4fa51cb"",""attendanceCount"":8,""attendance_count"":8,""b.diamond"":37292,""b.ruby"":0,""boxAllCount"":4330,""curserver"":2,""equipmentData"":""W:21_0A:21_0"",""install_day"":""2026-04-05"",""totalPayment"":40700,""total_payment_amount"":40700,""user_name"":""송씨집안"",""user_rank"":656,""user_stage"":200}"
"stage_reached_200 (App)",,,"{""Time"":""2026-04-12 09:34:15"",""UserUUID"":""bd05fe10-3213-11f1-9a41-93219c5f9938"",""attendanceCount"":6,""attendance_count"":6,""b.diamond"":5816,""b.ruby"":0,""boxAllCount"":2070,""curserver"":2,""equipmentData"":""W:19_0A:19_0"",""install_day"":""2026-04-06"",""totalPayment"":7700,""total_payment_amount"":7700,""user_name"":""도리박"",""user_rank"":656,""user_stage"":200}"
"stage_reached_200 (App)",,,"{""Time"":""2026-04-12 09:29:11"",""UserUUID"":""ae873310-32ed-11f1-bd8f-47653e3cd00b"",""attendanceCount"":5,""attendance_count"":5,""b.diamond"":13326,""b.ruby"":0,""boxAllCount"":1560,""curserver"":2,""equipmentData"":""W:19_0A:19_0"",""install_day"":""2026-04-08"",""totalPayment"":86900,""total_payment_amount"":86900,""user_name"":""바벌"",""user_rank"":692,""user_stage"":200}"
"stage_reached_200 (App)",,,"{""Time"":""2026-04-12 09:13:37"",""UserUUID"":""afbe05c0-30c6-11f1-8097-55822237e642"",""attendanceCount"":8,""attendance_count"":8,""b.diamond"":2803,""b.ruby"":0,""boxAllCount"":2590,""curserver"":2,""equipmentData"":""W:20_0A:19_0"",""install_day"":""2026-04-05"",""totalPayment"":0,""total_payment_amount"":0,""user_name"":""성하빈"",""user_rank"":655,""user_stage"":200}"
"stage_reached_200 (App)",,,"{""Time"":""2026-04-12 09:05:52"",""UserUUID"":""5a0717b0-3423-11f1-beb7-076ee8dcf493"",""attendanceCount"":4,""attendance_count"":4,""b.diamond"":31446,""b.ruby"":0,""boxAllCount"":3360,""curserver"":2,""equipmentData"":""W:20_0A:19_0"",""install_day"":""2026-04-09"",""totalPayment"":40700,""total_payment_amount"":40700,""user_name"":""정신준"",""user_rank"":710,""user_stage"":200}"
"stage_reached_200 (App)",,,"{""Time"":""2026-04-12 09:03:56"",""UserUUID"":""9abeaf50-33f8-11f1-aa8a-3b1ed2d94c78"",""attendanceCount"":4,""attendance_count"":4,""b.diamond"":8490,""b.ruby"":550,""boxAllCount"":480,""curserver"":2,""equipmentData"":""W:18_0A:15_0"",""install_day"":""2026-04-09"",""totalPayment"":50600,""total_payment_amount"":50600,""user_name"":""정하도"",""user_rank"":703,""user_stage"":200}"
"stage_reached_200 (App)",,,"{""Time"":""2026-04-12 09:00:29"",""UserUUID"":""e19d85c0-329c-11f1-80f5-cf12babcaa8e"",""attendanceCount"":5,""attendance_count"":5,""b.diamond"":101332,""b.ruby"":0,""boxAllCount"":2580,""curserver"":2,""equipmentData"":""W:20_0A:19_0"",""install_day"":""2026-04-07"",""totalPayment"":7700,""total_payment_amount"":7700,""user_name"":""할수잇다"",""user_rank"":641,""user_stage"":200}"
"stage_reached_200 (App)",,,"{""Time"":""2026-04-12 08:55:41"",""UserUUID"":""01991080-33bd-11f1-88fa-97641ae9c38c"",""attendanceCount"":4,""attendance_count"":4,""b.diamond"":19866,""b.ruby"":0,""boxAllCount"":3510,""curserver"":2,""equipmentData"":""W:21_0A:19_0"",""install_day"":""2026-04-09"",""totalPayment"":51700,""total_payment_amount"":51700,""user_name"":""혁이2"",""user_rank"":874,""user_stage"":200}"
"stage_reached_200 (App)",,,"{""Time"":""2026-04-12 08:48:51"",""UserUUID"":""1feefb30-3264-11f1-9f5b-c565869b1ef1"",""attendanceCount"":6,""attendance_count"":6,""b.diamond"":13751,""b.ruby"":0,""boxAllCount"":6620,""curserver"":2,""equipmentData"":""W:20_0A:20_0"",""install_day"":""2026-04-07"",""totalPayment"":40700,""total_payment_amount"":40700,""user_name"":""마이뇽"",""user_rank"":737,""user_stage"":200}"
"stage_reached_200 (App)",,,"{""Time"":""2026-04-12 08:48:47"",""UserUUID"":""5455a0f0-32ea-11f1-a6a8-07161db1a495"",""attendanceCount"":5,""attendance_count"":5,""b.diamond"":10486,""b.ruby"":0,""boxAllCount"":2040,""curserver"":2,""equipmentData"":""W:20_0A:19_0"",""install_day"":""2026-04-08"",""totalPayment"":86900,""total_payment_amount"":86900,""user_name"":""푸르름"",""user_rank"":709,""user_stage"":200}"
"stage_reached_200 (App)",,,"{""Time"":""2026-04-12 08:48:20"",""UserUUID"":""60473980-3030-11f1-99f1-4f02bbc37f3b"",""attendanceCount"":9,""attendance_count"":9,""b.diamond"":96280,""b.ruby"":0,""boxAllCount"":5660,""curserver"":2,""equipmentData"":""W:21_0A:20_0"",""install_day"":""2026-04-04"",""totalPayment"":14300,""total_payment_amount"":14300,""user_name"":""mooi"",""user_rank"":744,""user_stage"":200}"
"stage_reached_200 (App)",,,"{""Time"":""2026-04-12 08:47:09"",""UserUUID"":""036e4c10-33c5-11f1-af65-6b92c42b0c56"",""attendanceCount"":4,""attendance_count"":4,""b.diamond"":4625,""b.ruby"":0,""boxAllCount"":2030,""curserver"":2,""equipmentData"":""W:20_0A:18_0"",""install_day"":""2026-04-09"",""totalPayment"":44000,""total_payment_amount"":44000,""user_name"":""와당탕탕"",""user_rank"":685,""user_stage"":200}"
"stage_reached_200 (App)",,,"{""Time"":""2026-04-12 08:46:32"",""UserUUID"":""1fe48f10-2eef-11f1-ae26-75985e01440b"",""attendanceCount"":10,""attendance_count"":10,""b.diamond"":77246,""b.ruby"":0,""boxAllCount"":5130,""curserver"":2,""equipmentData"":""W:22_0A:19_0"",""install_day"":""2026-04-02"",""totalPayment"":0,""total_payment_amount"":0,""user_name"":""몰바리스"",""user_rank"":650,""user_stage"":200}"
"stage_reached_200 (App)",,,"{""Time"":""2026-04-12 08:42:53"",""UserUUID"":""7045c2e0-3218-11f1-a155-37def1c5d399"",""attendanceCount"":6,""attendance_count"":6,""b.diamond"":159566,""b.ruby"":0,""boxAllCount"":6140,""curserver"":2,""equipmentData"":""W:23_0A:22_0"",""install_day"":""2026-04-07"",""totalPayment"":7700,""total_payment_amount"":7700,""user_name"":""양or치친구"",""user_rank"":787,""user_stage"":200}"
"stage_reached_200 (App)",,,"{""Time"":""2026-04-12 08:38:38"",""UserUUID"":""766a00d0-331e-11f1-bbbc-8da89aa08746"",""attendanceCount"":5,""attendance_count"":5,""b.diamond"":16085,""b.ruby"":0,""boxAllCount"":1500,""curserver"":2,""equipmentData"":""W:21_0A:19_0"",""install_day"":""2026-04-08"",""totalPayment"":7700,""total_payment_amount"":7700,""user_name"":""대장기준뚠"",""user_rank"":666,""user_stage"":200}"
"stage_reached_200 (App)",,,"{""Time"":""2026-04-12 08:38:10"",""UserUUID"":""21d9e5e0-3412-11f1-bd63-5b170bf24721"",""attendanceCount"":4,""attendance_count"":4,""b.diamond"":2807,""b.ruby"":110,""boxAllCount"":1020,""curserver"":2,""equipmentData"":""W:19_0A:18_0"",""install_day"":""2026-04-09"",""totalPayment"":30800,""total_payment_amount"":30800,""user_name"":""최강백만"",""user_rank"":695,""user_stage"":200}"
"stage_reached_200 (App)",,,"{""Time"":""2026-04-12 08:27:23"",""UserUUID"":""c95c0f70-3267-11f1-aceb-cdb128d1366a"",""attendanceCount"":6,""attendance_count"":6,""b.diamond"":3638,""b.ruby"":0,""boxAllCount"":6210,""curserver"":2,""equipmentData"":""W:20_0A:21_0"",""install_day"":""2026-04-07"",""totalPayment"":40700,""total_payment_amount"":40700,""user_name"":""옥주"",""user_rank"":646,""user_stage"":200}"
"stage_reached_200 (App)",,,"{""Time"":""2026-04-12 08:24:44"",""UserUUID"":""eba03a90-339b-11f1-825d-774336e6146e"",""attendanceCount"":4,""attendance_count"":4,""b.diamond"":40357,""b.ruby"":0,""boxAllCount"":3570,""curserver"":2,""equipmentData"":""W:22_0A:18_0"",""install_day"":""2026-04-08"",""totalPayment"":7700,""total_payment_amount"":7700,""user_name"":""아시타카"",""user_rank"":836,""user_stage"":200}"
"stage_reached_200 (App)",,,"{""Time"":""2026-04-12 08:19:45"",""UserUUID"":""88e478d0-31a7-11f1-8cc3-ab0bec05bd87"",""attendanceCount"":7,""attendance_count"":7,""b.diamond"":3994,""b.ruby"":0,""boxAllCount"":6100,""curserver"":2,""equipmentData"":""W:21_0A:20_0"",""install_day"":""2026-04-06"",""totalPayment"":7700,""total_payment_amount"":7700,""user_name"":""뱅가리"",""user_rank"":640,""user_stage"":200}"
"stage_reached_200 (App)",,,"{""Time"":""2026-04-12 08:13:27"",""UserUUID"":""db20e390-32d3-11f1-a646-717ff22671a5"",""attendanceCount"":5,""attendance_count"":5,""b.diamond"":4997,""b.ruby"":330,""boxAllCount"":990,""curserver"":2,""equipmentData"":""W:23_0A:19_0"",""install_day"":""2026-04-07"",""totalPayment"":11000,""total_payment_amount"":11000,""user_name"":""아스타틴"",""user_rank"":947,""user_stage"":200}"
"stage_reached_200 (App)",,,"{""Time"":""2026-04-12 08:06:57"",""UserUUID"":""e61450a0-31c7-11f1-bcd4-a73896d0caf4"",""attendanceCount"":7,""attendance_count"":7,""b.diamond"":198326,""b.ruby"":0,""boxAllCount"":1350,""curserver"":2,""equipmentData"":""W:20_0A:19_0"",""install_day"":""2026-04-06"",""totalPayment"":0,""total_payment_amount"":0,""user_name"":""난도질"",""user_rank"":681,""user_stage"":200}"
"stage_reached_200 (App)",,,"{""Time"":""2026-04-12 07:51:48"",""UserUUID"":""0efca510-2e91-11f1-a24f-7b8b23185ffc"",""attendanceCount"":11,""attendance_count"":11,""b.diamond"":7800,""b.ruby"":0,""boxAllCount"":6010,""curserver"":1,""equipmentData"":""W:20_0A:20_0"",""install_day"":""2026-04-02"",""totalPayment"":7700,""total_payment_amount"":7700,""user_name"":""아주오늘"",""user_rank"":7148,""user_stage"":200}"
"stage_reached_200 (App)",,,"{""Time"":""2026-04-12 07:51:21"",""UserUUID"":""840b4d00-34c9-11f1-a9d8-f1ec1fe177be"",""attendanceCount"":3,""attendance_count"":3,""b.diamond"":22792,""b.ruby"":330,""boxAllCount"":4120,""curserver"":2,""equipmentData"":""W:20_0A:19_0"",""install_day"":""2026-04-10"",""totalPayment"":102300,""total_payment_amount"":102300,""user_name"":""세현공주"",""user_rank"":834,""user_stage"":200}"
"stage_reached_200 (App)",,,"{""Time"":""2026-04-12 07:37:17"",""UserUUID"":""cdef8f60-3269-11f1-9758-2d1c30faf5b5"",""attendanceCount"":6,""attendance_count"":6,""b.diamond"":27855,""b.ruby"":0,""boxAllCount"":3180,""curserver"":2,""equipmentData"":""W:20_0A:19_0"",""install_day"":""2026-04-07"",""totalPayment"":7700,""total_payment_amount"":7700,""user_name"":""차사장"",""user_rank"":863,""user_stage"":200}"
"stage_reached_200 (App)",,,"{""Time"":""2026-04-12 07:35:35"",""UserUUID"":""8f3c4b10-32c7-11f1-b0a4-b547a8499624"",""attendanceCount"":5,""attendance_count"":5,""b.diamond"":4265,""b.ruby"":0,""boxAllCount"":3490,""curserver"":2,""equipmentData"":""W:20_0A:19_0"",""install_day"":""2026-04-07"",""totalPayment"":14300,""total_payment_amount"":14300,""user_name"":""에겐남kr1"",""user_rank"":658,""user_stage"":200}"
"stage_reached_200 (App)",,,"{""Time"":""2026-04-12 07:27:26"",""UserUUID"":""b56d9370-31cd-11f1-9ff9-f91f333f42c8"",""attendanceCount"":6,""attendance_count"":6,""b.diamond"":140343,""b.ruby"":0,""boxAllCount"":1080,""curserver"":2,""equipmentData"":""W:19_0A:19_0"",""install_day"":""2026-04-06"",""totalPayment"":7700,""total_payment_amount"":7700,""user_name"":""나능"",""user_rank"":744,""user_stage"":200}"
"stage_reached_200 (App)",,,"{""Time"":""2026-04-12 07:22:34"",""UserUUID"":""0a129890-32e0-11f1-ba9a-49df85bb5736"",""attendanceCount"":5,""attendance_count"":5,""b.diamond"":9346,""b.ruby"":0,""boxAllCount"":1170,""curserver"":2,""equipmentData"":""W:21_0A:19_0"",""install_day"":""2026-04-08"",""totalPayment"":16500,""total_payment_amount"":16500,""user_name"":""됴딱"",""user_rank"":721,""user_stage"":200}"
"stage_reached_200 (App)",,,"{""Time"":""2026-04-12 07:17:11"",""UserUUID"":""74a7c870-319f-11f1-bc72-9f9a57aa8caf"",""attendanceCount"":7,""attendance_count"":7,""b.diamond"":69558,""b.ruby"":0,""boxAllCount"":5210,""curserver"":2,""equipmentData"":""W:22_0A:22_0"",""install_day"":""2026-04-06"",""totalPayment"":0,""total_payment_amount"":0,""user_name"":""혈풍일도"",""user_rank"":738,""user_stage"":200}"
"stage_reached_200 (App)",,,"{""Time"":""2026-04-12 07:14:44"",""UserUUID"":""d66788e0-3391-11f1-8187-df67748e2d4c"",""attendanceCount"":4,""attendance_count"":4,""b.diamond"":294650,""b.ruby"":8140,""boxAllCount"":9240,""curserver"":2,""equipmentData"":""W:23_0A:19_0"",""install_day"":""2026-04-08"",""totalPayment"":337700,""total_payment_amount"":337700,""user_name"":""금은화"",""user_rank"":639,""user_stage"":200}"
"stage_reached_200 (App)",,,"{""Time"":""2026-04-12 07:12:10"",""UserUUID"":""aa211b00-3096-11f1-a1f9-01de0fa86329"",""attendanceCount"":8,""attendance_count"":8,""b.diamond"":110726,""b.ruby"":0,""boxAllCount"":7550,""curserver"":2,""equipmentData"":""W:22_0A:22_0"",""install_day"":""2026-04-05"",""totalPayment"":7700,""total_payment_amount"":7700,""user_name"":""쩡밈샤씅빈린"",""user_rank"":700,""user_stage"":200}"
"stage_reached_200 (App)",,,"{""Time"":""2026-04-12 07:05:55"",""UserUUID"":""e66937f0-3186-11f1-8dae-9b874549e8b4"",""attendanceCount"":7,""attendance_count"":7,""b.diamond"":114722,""b.ruby"":0,""boxAllCount"":180,""curserver"":2,""equipmentData"":""W:20_0A:19_0"",""install_day"":""2026-04-06"",""totalPayment"":7700,""total_payment_amount"":7700,""user_name"":""박효진"",""user_rank"":654,""user_stage"":200}"
"stage_reached_200 (App)",,,"{""Time"":""2026-04-12 06:58:29"",""UserUUID"":""52af54f0-2d4d-11f1-ab90-07ae234a6384"",""attendanceCount"":12,""attendance_count"":12,""b.diamond"":399337,""b.ruby"":0,""boxAllCount"":9760,""curserver"":1,""equipmentData"":""W:23_0A:21_0"",""install_day"":""2026-03-31"",""totalPayment"":7700,""total_payment_amount"":7700,""user_name"":""설안"",""user_rank"":7202,""user_stage"":200}"
"stage_reached_200 (App)",,,"{""Time"":""2026-04-12 06:57:34"",""UserUUID"":""fcb799e0-3305-11f1-b4ea-031c103d729d"",""attendanceCount"":5,""attendance_count"":5,""b.diamond"":120227,""b.ruby"":0,""boxAllCount"":3990,""curserver"":2,""equipmentData"":""W:22_0A:20_0"",""install_day"":""2026-04-08"",""totalPayment"":7700,""total_payment_amount"":7700,""user_name"":""나왕"",""user_rank"":679,""user_stage"":200}"
"stage_reached_200 (App)",,,"{""Time"":""2026-04-12 06:37:57"",""UserUUID"":""bc6624f0-341e-11f1-81aa-e51cf3f83330"",""attendanceCount"":4,""attendance_count"":4,""b.diamond"":775492,""b.ruby"":1760,""boxAllCount"":5100,""curserver"":2,""equipmentData"":""W:20_0A:22_0"",""install_day"":""2026-04-09"",""totalPayment"":227700,""total_payment_amount"":227700,""user_name"":""하늘구름별"",""user_rank"":1074,""user_stage"":200}"
"stage_reached_200 (App)",,,"{""Time"":""2026-04-12 06:37:30"",""UserUUID"":""2b2f7750-328b-11f1-8667-15196ccfe901"",""attendanceCount"":6,""attendance_count"":6,""b.diamond"":388164,""b.ruby"":0,""boxAllCount"":2430,""curserver"":2,""equipmentData"":""W:19_0A:20_0"",""install_day"":""2026-04-07"",""totalPayment"":7700,""total_payment_amount"":7700,""user_name"":""김동만"",""user_rank"":634,""user_stage"":200}"
"stage_reached_200 (App)",,,"{""Time"":""2026-04-12 06:34:49"",""UserUUID"":""5f5e9f60-31be-11f1-b453-9dede9dd9fbf"",""attendanceCount"":7,""attendance_count"":7,""b.diamond"":215090,""b.ruby"":0,""boxAllCount"":2880,""curserver"":2,""equipmentData"":""W:23_0A:19_0"",""install_day"":""2026-04-06"",""totalPayment"":7700,""total_payment_amount"":7700,""user_name"":""양을락"",""user_rank"":696,""user_stage"":200}"
"stage_reached_200 (App)",,,"{""Time"":""2026-04-12 06:30:17"",""UserUUID"":""a017ea10-31a6-11f1-ba81-8f2bea00d47f"",""attendanceCount"":7,""attendance_count"":7,""b.diamond"":61555,""b.ruby"":0,""boxAllCount"":990,""curserver"":2,""equipmentData"":""W:21_0A:19_0"",""install_day"":""2026-04-06"",""totalPayment"":0,""total_payment_amount"":0,""user_name"":""길춘복"",""user_rank"":666,""user_stage"":200}"
"stage_reached_200 (App)",,,"{""Time"":""2026-04-12 06:20:31"",""UserUUID"":""46d69bc0-302c-11f1-8ca7-f78e35333125"",""attendanceCount"":9,""attendance_count"":9,""b.diamond"":83784,""b.ruby"":0,""boxAllCount"":2660,""curserver"":2,""equipmentData"":""W:21_0A:19_0"",""install_day"":""2026-04-04"",""totalPayment"":33000,""total_payment_amount"":33000,""user_name"":""대천명"",""user_rank"":713,""user_stage"":200}"
"stage_reached_200 (App)",,,"{""Time"":""2026-04-12 06:06:40"",""UserUUID"":""5a8bf270-334f-11f1-b375-db7a5b1ee717"",""attendanceCount"":5,""attendance_count"":5,""b.diamond"":104311,""b.ruby"":0,""boxAllCount"":6900,""curserver"":2,""equipmentData"":""W:23_0A:20_0"",""install_day"":""2026-04-08"",""totalPayment"":7700,""total_payment_amount"":7700,""user_name"":""SNT"",""user_rank"":786,""user_stage"":200}"
"stage_reached_200 (App)",,,"{""Time"":""2026-04-12 05:58:09"",""UserUUID"":""b625c840-31bf-11f1-a446-374a26f4f3cb"",""attendanceCount"":7,""attendance_count"":7,""b.diamond"":3274,""b.ruby"":0,""boxAllCount"":2560,""curserver"":2,""equipmentData"":""W:21_0A:19_0"",""install_day"":""2026-04-06"",""totalPayment"":7700,""total_payment_amount"":7700,""user_name"":""정경훈"",""user_rank"":603,""user_stage"":200}"
"stage_reached_200 (App)",,,"{""Time"":""2026-04-12 05:35:00"",""UserUUID"":""87ffe520-326b-11f1-bf0f-557a9a571eaa"",""attendanceCount"":6,""attendance_count"":6,""b.diamond"":1059,""b.ruby"":0,""boxAllCount"":2610,""curserver"":2,""equipmentData"":""W:19_0A:19_0"",""install_day"":""2026-04-07"",""totalPayment"":7700,""total_payment_amount"":7700,""user_name"":""림쨩"",""user_rank"":628,""user_stage"":200}"
"stage_reached_200 (App)",,,"{""Time"":""2026-04-12 05:19:35"",""UserUUID"":""c5a0f380-3278-11f1-aceb-cdb128d1366a"",""attendanceCount"":6,""attendance_count"":6,""b.diamond"":57812,""b.ruby"":0,""boxAllCount"":2800,""curserver"":2,""equipmentData"":""W:20_0A:19_0"",""install_day"":""2026-04-07"",""totalPayment"":7700,""total_payment_amount"":7700,""user_name"":""봄의별"",""user_rank"":614,""user_stage"":200}"
"stage_reached_200 (App)",,,"{""Time"":""2026-04-12 05:09:36"",""UserUUID"":""d7803990-3349-11f1-8177-df4b829fdb24"",""attendanceCount"":5,""attendance_count"":5,""b.diamond"":15372,""b.ruby"":0,""boxAllCount"":960,""curserver"":2,""equipmentData"":""W:20_0A:19_0"",""install_day"":""2026-04-08"",""totalPayment"":7700,""total_payment_amount"":7700,""user_name"":""장쉬"",""user_rank"":640,""user_stage"":200}"
"stage_reached_200 (App)",,,"{""Time"":""2026-04-12 05:09:13"",""UserUUID"":""e9359950-3281-11f1-857d-231acdbd9392"",""attendanceCount"":6,""attendance_count"":6,""b.diamond"":3171,""b.ruby"":220,""boxAllCount"":7580,""curserver"":2,""equipmentData"":""W:22_0A:20_0"",""install_day"":""2026-04-07"",""totalPayment"":29700,""total_payment_amount"":29700,""user_name"":""뭐땜시"",""user_rank"":640,""user_stage"":200}"
"stage_reached_200 (App)",,,"{""Time"":""2026-04-12 05:08:03"",""UserUUID"":""3a151430-3503-11f1-b154-5592a93ca7d1"",""attendanceCount"":2,""attendance_count"":2,""b.diamond"":159438,""b.ruby"":330,""boxAllCount"":6530,""curserver"":2,""equipmentData"":""W:21_0A:20_0"",""install_day"":""2026-04-10"",""totalPayment"":165000,""total_payment_amount"":165000,""user_name"":""폴리올"",""user_rank"":1639,""user_stage"":200}"
"stage_reached_200 (App)",,,"{""Time"":""2026-04-12 04:56:27"",""UserUUID"":""dff8afc0-32e6-11f1-9ed8-b7fbba613081"",""attendanceCount"":5,""attendance_count"":5,""b.diamond"":38199,""b.ruby"":0,""boxAllCount"":4750,""curserver"":2,""equipmentData"":""W:20_0A:19_0"",""install_day"":""2026-04-08"",""totalPayment"":7700,""total_payment_amount"":7700,""user_name"":""세은지환"",""user_rank"":611,""user_stage"":200}"
"stage_reached_200 (App)",,,"{""Time"":""2026-04-12 04:44:57"",""UserUUID"":""83f0afd0-31fa-11f1-9275-89deb1f9cb40"",""attendanceCount"":6,""attendance_count"":6,""b.diamond"":40576,""b.ruby"":0,""boxAllCount"":2640,""curserver"":2,""equipmentData"":""W:22_0A:19_0"",""install_day"":""2026-04-06"",""totalPayment"":11000,""total_payment_amount"":11000,""user_name"":""재밌다"",""user_rank"":702,""user_stage"":200}"
"stage_reached_200 (App)",,,"{""Time"":""2026-04-12 04:35:50"",""UserUUID"":""d5a0d9e0-3196-11f1-be4f-650a9a348c4b"",""attendanceCount"":7,""attendance_count"":7,""b.diamond"":68966,""b.ruby"":0,""boxAllCount"":6000,""curserver"":2,""equipmentData"":""W:21_0A:20_0"",""install_day"":""2026-04-06"",""totalPayment"":56100,""total_payment_amount"":56100,""user_name"":""낭만가"",""user_rank"":613,""user_stage"":200}"
"stage_reached_200 (App)",,,"{""Time"":""2026-04-12 04:21:17"",""UserUUID"":""dd18cda0-3370-11f1-8187-df67748e2d4c"",""attendanceCount"":4,""attendance_count"":4,""b.diamond"":29614,""b.ruby"":0,""boxAllCount"":1170,""curserver"":2,""equipmentData"":""W:19_0A:17_0"",""install_day"":""2026-04-08"",""totalPayment"":27500,""total_payment_amount"":27500,""user_name"":""김광철"",""user_rank"":723,""user_stage"":200}"
"stage_reached_200 (App)",,,"{""Time"":""2026-04-12 04:14:00"",""UserUUID"":""67dc0600-32b8-11f1-80f5-cf12babcaa8e"",""attendanceCount"":5,""attendance_count"":5,""b.diamond"":57266,""b.ruby"":0,""boxAllCount"":2580,""curserver"":2,""equipmentData"":""W:21_0A:20_0"",""install_day"":""2026-04-07"",""totalPayment"":11000,""total_payment_amount"":11000,""user_name"":""결입니다"",""user_rank"":700,""user_stage"":200}"
"stage_reached_200 (App)",,,"{""Time"":""2026-04-12 04:04:01"",""UserUUID"":""5b028ed0-350c-11f1-b903-d190234cde3a"",""attendanceCount"":2,""attendance_count"":2,""b.diamond"":108591,""b.ruby"":0,""boxAllCount"":6330,""curserver"":2,""equipmentData"":""W:21_0A:20_0"",""install_day"":""2026-04-10"",""totalPayment"":168300,""total_payment_amount"":168300,""user_name"":""고래사랑"",""user_rank"":834,""user_stage"":200}"
"stage_reached_200 (App)",,,"{""Time"":""2026-04-12 04:02:48"",""UserUUID"":""07178ee0-33ce-11f1-8ce0-a7e1f8ba1a03"",""attendanceCount"":4,""attendance_count"":4,""b.diamond"":7717,""b.ruby"":0,""boxAllCount"":6970,""curserver"":2,""equipmentData"":""W:23_0A:20_0"",""install_day"":""2026-04-09"",""totalPayment"":22000,""total_payment_amount"":22000,""user_name"":""핫홍"",""user_rank"":617,""user_stage"":200}"
"stage_reached_200 (App)",,,"{""Time"":""2026-04-12 03:56:58"",""UserUUID"":""79002790-32c7-11f1-a7b5-a5e2c1a7edb4"",""attendanceCount"":5,""attendance_count"":5,""b.diamond"":19223,""b.ruby"":0,""boxAllCount"":2990,""curserver"":2,""equipmentData"":""W:20_0A:19_0"",""install_day"":""2026-04-07"",""totalPayment"":7700,""total_payment_amount"":7700,""user_name"":""류쨩"",""user_rank"":604,""user_stage"":200}"
"stage_reached_200 (App)",,,"{""Time"":""2026-04-12 03:50:27"",""UserUUID"":""859fb900-31f2-11f1-9275-89deb1f9cb40"",""attendanceCount"":6,""attendance_count"":6,""b.diamond"":220764,""b.ruby"":0,""boxAllCount"":6220,""curserver"":2,""equipmentData"":""W:22_0A:20_0"",""install_day"":""2026-04-06"",""totalPayment"":0,""total_payment_amount"":0,""user_name"":""bkbk"",""user_rank"":612,""user_stage"":200}"
"stage_reached_200 (App)",,,"{""Time"":""2026-04-12 03:48:02"",""UserUUID"":""1466d4d0-3297-11f1-8711-bdda46a3915d"",""attendanceCount"":5,""attendance_count"":5,""b.diamond"":37448,""b.ruby"":0,""boxAllCount"":3030,""curserver"":2,""equipmentData"":""W:21_0A:19_0"",""install_day"":""2026-04-07"",""totalPayment"":7700,""total_payment_amount"":7700,""user_name"":""일산"",""user_rank"":677,""user_stage"":200}"
"stage_reached_200 (App)",,,"{""Time"":""2026-04-12 03:37:13"",""UserUUID"":""4cc41f80-3275-11f1-9338-bbea93f7470a"",""attendanceCount"":6,""attendance_count"":6,""b.diamond"":307790,""b.ruby"":0,""boxAllCount"":2880,""curserver"":2,""equipmentData"":""W:21_0A:19_0"",""install_day"":""2026-04-07"",""totalPayment"":7700,""total_payment_amount"":7700,""user_name"":""깐족쟁이"",""user_rank"":745,""user_stage"":200}"
"stage_reached_200 (App)",,,"{""Time"":""2026-04-12 03:25:28"",""UserUUID"":""9e3b5670-3299-11f1-ab05-d970b6bcc21d"",""attendanceCount"":5,""attendance_count"":5,""b.diamond"":109149,""b.ruby"":0,""boxAllCount"":6170,""curserver"":2,""equipmentData"":""W:21_0A:20_0"",""install_day"":""2026-04-07"",""totalPayment"":14300,""total_payment_amount"":14300,""user_name"":""국모다"",""user_rank"":602,""user_stage"":200}"
"stage_reached_200 (App)",,,"{""Time"":""2026-04-12 03:02:39"",""UserUUID"":""b7ff77e0-30db-11f1-9d1f-9592b8931eba"",""attendanceCount"":8,""attendance_count"":8,""b.diamond"":41306,""b.ruby"":0,""boxAllCount"":2760,""curserver"":2,""equipmentData"":""W:21_0A:19_0"",""install_day"":""2026-04-05"",""totalPayment"":0,""total_payment_amount"":0,""user_name"":""달나라너구리"",""user_rank"":599,""user_stage"":200}"
"stage_reached_200 (App)",,,"{""Time"":""2026-04-12 02:54:27"",""UserUUID"":""6c335960-301f-11f1-b6c5-2148dadaa084"",""attendanceCount"":9,""attendance_count"":9,""b.diamond"":4922,""b.ruby"":0,""boxAllCount"":7040,""curserver"":2,""equipmentData"":""W:21_0A:20_0"",""install_day"":""2026-04-04"",""totalPayment"":7700,""total_payment_amount"":7700,""user_name"":""kildong"",""user_rank"":627,""user_stage"":200}"
"stage_reached_200 (App)",,,"{""Time"":""2026-04-12 02:34:10"",""UserUUID"":""8127a360-31bb-11f1-b973-098842597fee"",""attendanceCount"":7,""attendance_count"":7,""b.diamond"":84540,""b.ruby"":0,""boxAllCount"":6800,""curserver"":2,""equipmentData"":""W:22_0A:22_0"",""install_day"":""2026-04-06"",""totalPayment"":7700,""total_payment_amount"":7700,""user_name"":""이짜게"",""user_rank"":627,""user_stage"":200}"
"stage_reached_200 (App)",,,"{""Time"":""2026-04-12 02:31:50"",""UserUUID"":""9220bea0-305c-11f1-ab19-67a7f8595f80"",""attendanceCount"":8,""attendance_count"":8,""b.diamond"":40565,""b.ruby"":0,""boxAllCount"":2940,""curserver"":2,""equipmentData"":""W:21_0A:19_0"",""install_day"":""2026-04-04"",""totalPayment"":0,""total_payment_amount"":0,""user_name"":""위이이잉"",""user_rank"":603,""user_stage"":200}"
"stage_reached_200 (App)",,,"{""Time"":""2026-04-12 02:27:36"",""UserUUID"":""4aa6b220-30d2-11f1-923b-cf86ca57d845"",""attendanceCount"":7,""attendance_count"":7,""b.diamond"":258812,""b.ruby"":0,""boxAllCount"":1080,""curserver"":2,""equipmentData"":""W:20_0A:19_0"",""install_day"":""2026-04-05"",""totalPayment"":7700,""total_payment_amount"":7700,""user_name"":""난세표류요"",""user_rank"":1014,""user_stage"":200}"
"stage_reached_200 (App)",,,"{""Time"":""2026-04-12 02:22:27"",""UserUUID"":""cea4d4d0-3299-11f1-8449-554c7affa134"",""attendanceCount"":5,""attendance_count"":5,""b.diamond"":61491,""b.ruby"":0,""boxAllCount"":3370,""curserver"":2,""equipmentData"":""W:19_0A:19_0"",""install_day"":""2026-04-07"",""totalPayment"":15400,""total_payment_amount"":15400,""user_name"":""규랑이"",""user_rank"":598,""user_stage"":200}"
"stage_reached_200 (App)",,,"{""Time"":""2026-04-12 02:16:36"",""UserUUID"":""4d9d6290-31f3-11f1-b338-c1608207514c"",""attendanceCount"":6,""attendance_count"":6,""b.diamond"":11648,""b.ruby"":0,""boxAllCount"":4370,""curserver"":2,""equipmentData"":""W:20_0A:23_0"",""install_day"":""2026-04-06"",""totalPayment"":0,""total_payment_amount"":0,""user_name"":""원범"",""user_rank"":599,""user_stage"":200}"
"stage_reached_200 (App)",,,"{""Time"":""2026-04-12 02:15:31"",""UserUUID"":""f4f68350-3298-11f1-b844-951508060a6a"",""attendanceCount"":5,""attendance_count"":5,""b.diamond"":1387,""b.ruby"":0,""boxAllCount"":5410,""curserver"":2,""equipmentData"":""W:21_0A:21_0"",""install_day"":""2026-04-07"",""totalPayment"":0,""total_payment_amount"":0,""user_name"":""WNT"",""user_rank"":599,""user_stage"":200}"
"stage_reached_200 (App)",,,"{""Time"":""2026-04-12 02:10:37"",""UserUUID"":""5c26e9c0-32cb-11f1-93fb-7b97d749c91a"",""attendanceCount"":5,""attendance_count"":5,""b.diamond"":117245,""b.ruby"":330,""boxAllCount"":1080,""curserver"":2,""equipmentData"":""W:20_0A:19_0"",""install_day"":""2026-04-07"",""totalPayment"":11000,""total_payment_amount"":11000,""user_name"":""주면먹을거잔아"",""user_rank"":623,""user_stage"":200}"
"stage_reached_200 (App)",,,"{""Time"":""2026-04-12 01:54:19"",""UserUUID"":""2903e770-33cd-11f1-8667-15196ccfe901"",""attendanceCount"":4,""attendance_count"":4,""b.diamond"":35301,""b.ruby"":0,""boxAllCount"":3270,""curserver"":2,""equipmentData"":""W:22_0A:19_0"",""install_day"":""2026-04-09"",""totalPayment"":0,""total_payment_amount"":0,""user_name"":""허보영"",""user_rank"":642,""user_stage"":200}"
"stage_reached_200 (App)",,,"{""Time"":""2026-04-12 01:53:10"",""UserUUID"":""86e95df0-348d-11f1-baa2-b39b887c8ab0"",""attendanceCount"":3,""attendance_count"":3,""b.diamond"":175249,""b.ruby"":0,""boxAllCount"":9720,""curserver"":2,""equipmentData"":""W:23_0A:20_0"",""install_day"":""2026-04-10"",""totalPayment"":18700,""total_payment_amount"":18700,""user_name"":""뽀만보"",""user_rank"":604,""user_stage"":200}"
"stage_reached_200 (App)",,,"{""Time"":""2026-04-12 01:42:46"",""UserUUID"":""d57f8900-3053-11f1-816a-c9f6e6bafbb4"",""attendanceCount"":8,""attendance_count"":8,""b.diamond"":26699,""b.ruby"":0,""boxAllCount"":6930,""curserver"":2,""equipmentData"":""W:23_0A:20_0"",""install_day"":""2026-04-04"",""totalPayment"":0,""total_payment_amount"":0,""user_name"":""만성피로"",""user_rank"":810,""user_stage"":200}"
"stage_reached_200 (App)",,,"{""Time"":""2026-04-12 01:42:53"",""UserUUID"":""a1ccb040-31f9-11f1-a155-37def1c5d399"",""attendanceCount"":6,""attendance_count"":6,""b.diamond"":264136,""b.ruby"":0,""boxAllCount"":2500,""curserver"":2,""equipmentData"":""W:23_0A:19_0"",""install_day"":""2026-04-06"",""totalPayment"":7700,""total_payment_amount"":7700,""user_name"":""천련"",""user_rank"":750,""user_stage"":200}"
"stage_reached_200 (App)",,,"{""Time"":""2026-04-12 01:41:55"",""UserUUID"":""e8e1a0f0-3094-11f1-b2cf-39bd64bc85b3"",""attendanceCount"":8,""attendance_count"":8,""b.diamond"":7506,""b.ruby"":0,""boxAllCount"":6960,""curserver"":2,""equipmentData"":""W:22_0A:20_0"",""install_day"":""2026-04-05"",""totalPayment"":0,""total_payment_amount"":0,""user_name"":""사람인데"",""user_rank"":639,""user_stage"":200}"
"stage_reached_200 (App)",,,"{""Time"":""2026-04-12 01:37:38"",""UserUUID"":""bb8d2bb0-314d-11f1-8371-d34cf029a5b5"",""attendanceCount"":7,""attendance_count"":7,""b.diamond"":90859,""b.ruby"":0,""boxAllCount"":2640,""curserver"":2,""equipmentData"":""W:20_0A:19_0"",""install_day"":""2026-04-06"",""totalPayment"":7700,""total_payment_amount"":7700,""user_name"":""모모우짜라고"",""user_rank"":639,""user_stage"":200}"
"stage_reached_200 (App)",,,"{""Time"":""2026-04-12 01:37:33"",""UserUUID"":""b2eae330-31ac-11f1-9033-375b699f179f"",""attendanceCount"":7,""attendance_count"":7,""b.diamond"":48526,""b.ruby"":0,""boxAllCount"":630,""curserver"":2,""equipmentData"":""W:20_0A:19_0"",""install_day"":""2026-04-06"",""totalPayment"":0,""total_payment_amount"":0,""user_name"":""조삼모사"",""user_rank"":587,""user_stage"":200}"
"stage_reached_200 (App)",,,"{""Time"":""2026-04-12 01:37:24"",""UserUUID"":""df4be2c0-31da-11f1-905f-b3a6c6cdda57"",""attendanceCount"":6,""attendance_count"":6,""b.diamond"":794505,""b.ruby"":440,""boxAllCount"":4440,""curserver"":2,""equipmentData"":""W:20_0A:19_0"",""install_day"":""2026-04-06"",""totalPayment"":128700,""total_payment_amount"":128700,""user_name"":""먼솔"",""user_rank"":611,""user_stage"":200}"
"stage_reached_200 (App)",,,"{""Time"":""2026-04-12 01:32:48"",""UserUUID"":""1ddd70a0-3422-11f1-ab19-c10bfb478cb5"",""attendanceCount"":4,""attendance_count"":4,""b.diamond"":74394,""b.ruby"":0,""boxAllCount"":6490,""curserver"":2,""equipmentData"":""W:21_0A:19_0"",""install_day"":""2026-04-09"",""totalPayment"":84700,""total_payment_amount"":84700,""user_name"":""뿡삥뿡"",""user_rank"":686,""user_stage"":200}"
"stage_reached_200 (App)",,,"{""Time"":""2026-04-12 01:31:43"",""UserUUID"":""4d56ef00-3288-11f1-b672-ef1bf0a3173f"",""attendanceCount"":6,""attendance_count"":6,""b.diamond"":226688,""b.ruby"":0,""boxAllCount"":6440,""curserver"":2,""equipmentData"":""W:20_0A:20_0"",""install_day"":""2026-04-07"",""totalPayment"":51700,""total_payment_amount"":51700,""user_name"":""뽀로루와"",""user_rank"":623,""user_stage"":200}"
"stage_reached_200 (App)",,,"{""Time"":""2026-04-12 01:28:19"",""UserUUID"":""9ede9d70-336c-11f1-9d21-cdd5e0e7cbfa"",""attendanceCount"":4,""attendance_count"":4,""b.diamond"":5339,""b.ruby"":0,""boxAllCount"":1050,""curserver"":2,""equipmentData"":""W:18_0A:16_0"",""install_day"":""2026-04-08"",""totalPayment"":0,""total_payment_amount"":0,""user_name"":""Starter"",""user_rank"":594,""user_stage"":200}"
"stage_reached_200 (App)",,,"{""Time"":""2026-04-12 01:26:05"",""UserUUID"":""d8c455b0-3101-11f1-935b-330d1db3a402"",""attendanceCount"":7,""attendance_count"":7,""b.diamond"":250683,""b.ruby"":0,""boxAllCount"":6970,""curserver"":2,""equipmentData"":""W:23_0A:20_0"",""install_day"":""2026-04-05"",""totalPayment"":7700,""total_payment_amount"":7700,""user_name"":""김쭉떡"",""user_rank"":618,""user_stage"":200}"
"stage_reached_200 (App)",,,"{""Time"":""2026-04-12 01:26:36"",""UserUUID"":""31483510-32f8-11f1-bd27-e3f194740ac0"",""attendanceCount"":5,""attendance_count"":5,""b.diamond"":9209,""b.ruby"":0,""boxAllCount"":7130,""curserver"":2,""equipmentData"":""W:23_0A:20_0"",""install_day"":""2026-04-08"",""totalPayment"":58300,""total_payment_amount"":58300,""user_name"":""뱅뱅도리스"",""user_rank"":717,""user_stage"":200}"
"stage_reached_200 (App)",,,"{""Time"":""2026-04-12 01:24:37"",""UserUUID"":""965e5c00-3243-11f1-895b-8b53a8b042a2"",""attendanceCount"":6,""attendance_count"":6,""b.diamond"":207905,""b.ruby"":0,""boxAllCount"":2620,""curserver"":2,""equipmentData"":""W:19_0A:19_0"",""install_day"":""2026-04-07"",""totalPayment"":7700,""total_payment_amount"":7700,""user_name"":""장어구이"",""user_rank"":644,""user_stage"":200}"
"stage_reached_200 (App)",,,"{""Time"":""2026-04-12 01:24:09"",""UserUUID"":""8c956ab0-31da-11f1-80b1-3579f6c56363"",""attendanceCount"":6,""attendance_count"":6,""b.diamond"":46858,""b.ruby"":0,""boxAllCount"":6920,""curserver"":2,""equipmentData"":""W:20_0A:20_0"",""install_day"":""2026-04-06"",""totalPayment"":39600,""total_payment_amount"":39600,""user_name"":""티치치"",""user_rank"":581,""user_stage"":200}"
"stage_reached_200 (App)",,,"{""Time"":""2026-04-12 01:21:24"",""UserUUID"":""08cb5880-2fe0-11f1-bbf9-991644850b07"",""attendanceCount"":9,""attendance_count"":9,""b.diamond"":18765,""b.ruby"":0,""boxAllCount"":6600,""curserver"":2,""equipmentData"":""W:20_0A:20_0"",""install_day"":""2026-04-04"",""totalPayment"":7700,""total_payment_amount"":7700,""user_name"":""비바마젠타"",""user_rank"":584,""user_stage"":200}"
"stage_reached_200 (App)",,,"{""Time"":""2026-04-12 01:12:34"",""UserUUID"":""757662f0-3327-11f1-bbbc-8da89aa08746"",""attendanceCount"":5,""attendance_count"":5,""b.diamond"":2950,""b.ruby"":0,""boxAllCount"":5230,""curserver"":2,""equipmentData"":""W:21_0A:20_0"",""install_day"":""2026-04-08"",""totalPayment"":0,""total_payment_amount"":0,""user_name"":""혈흔"",""user_rank"":615,""user_stage"":200}"
"stage_reached_200 (App)",,,"{""Time"":""2026-04-12 01:11:22"",""UserUUID"":""6fea20b0-340d-11f1-81aa-e51cf3f83330"",""attendanceCount"":4,""attendance_count"":4,""b.diamond"":4928,""b.ruby"":0,""boxAllCount"":2640,""curserver"":2,""equipmentData"":""W:20_0A:19_0"",""install_day"":""2026-04-09"",""totalPayment"":52800,""total_payment_amount"":52800,""user_name"":""꽁꾸리꾸"",""user_rank"":588,""user_stage"":200}"
"stage_reached_200 (App)",,,"{""Time"":""2026-04-12 01:09:17"",""UserUUID"":""57b1eb00-31dc-11f1-8c90-f1e79a012413"",""attendanceCount"":6,""attendance_count"":6,""b.diamond"":8976,""b.ruby"":0,""boxAllCount"":1800,""curserver"":2,""equipmentData"":""W:21_0A:19_0"",""install_day"":""2026-04-06"",""totalPayment"":40700,""total_payment_amount"":40700,""user_name"":""시안이"",""user_rank"":642,""user_stage"":200}"
"stage_reached_200 (App)",,,"{""Time"":""2026-04-12 01:06:24"",""UserUUID"":""55ac8ea0-319b-11f1-be4f-650a9a348c4b"",""attendanceCount"":7,""attendance_count"":7,""b.diamond"":92372,""b.ruby"":0,""boxAllCount"":2550,""curserver"":2,""equipmentData"":""W:20_0A:19_0"",""install_day"":""2026-04-06"",""totalPayment"":7700,""total_payment_amount"":7700,""user_name"":""리큐"",""user_rank"":576,""user_stage"":200}"
"stage_reached_200 (App)",,,"{""Time"":""2026-04-12 00:59:45"",""UserUUID"":""95cb0e60-31cf-11f1-8a3d-ebb16e72006c"",""attendanceCount"":6,""attendance_count"":6,""b.diamond"":10300,""b.ruby"":0,""boxAllCount"":9150,""curserver"":2,""equipmentData"":""W:23_0A:20_0"",""install_day"":""2026-04-06"",""totalPayment"":0,""total_payment_amount"":0,""user_name"":""쓱병현"",""user_rank"":622,""user_stage"":200}"
"stage_reached_200 (App)",,,"{""Time"":""2026-04-12 00:59:42"",""UserUUID"":""cb295060-329e-11f1-9067-cbec1cdc4973"",""attendanceCount"":5,""attendance_count"":5,""b.diamond"":23513,""b.ruby"":0,""boxAllCount"":5140,""curserver"":2,""equipmentData"":""W:23_0A:19_0"",""install_day"":""2026-04-07"",""totalPayment"":0,""total_payment_amount"":0,""user_name"":""지원투"",""user_rank"":765,""user_stage"":200}"
"stage_reached_200 (App)",,,"{""Time"":""2026-04-12 00:50:52"",""UserUUID"":""5f65ee50-32ae-11f1-917d-2b68ae914432"",""attendanceCount"":5,""attendance_count"":5,""b.diamond"":94220,""b.ruby"":0,""boxAllCount"":3250,""curserver"":2,""equipmentData"":""W:20_0A:19_0"",""install_day"":""2026-04-07"",""totalPayment"":31900,""total_payment_amount"":31900,""user_name"":""조위"",""user_rank"":596,""user_stage"":200}"
"stage_reached_200 (App)",,,"{""Time"":""2026-04-12 00:47:59"",""UserUUID"":""20c19400-3291-11f1-aceb-cdb128d1366a"",""attendanceCount"":6,""attendance_count"":6,""b.diamond"":7362,""b.ruby"":0,""boxAllCount"":1140,""curserver"":2,""equipmentData"":""W:18_0A:19_0"",""install_day"":""2026-04-07"",""totalPayment"":7700,""total_payment_amount"":7700,""user_name"":""단바오"",""user_rank"":872,""user_stage"":200}"
"stage_reached_200 (App)",,,"{""Time"":""2026-04-12 00:45:55"",""UserUUID"":""3a68e7e0-3242-11f1-8933-7ba9bac0c574"",""attendanceCount"":6,""attendance_count"":6,""b.diamond"":185339,""b.ruby"":0,""boxAllCount"":1730,""curserver"":2,""equipmentData"":""W:20_0A:19_0"",""install_day"":""2026-04-07"",""totalPayment"":7700,""total_payment_amount"":7700,""user_name"":""뷔벨리"",""user_rank"":655,""user_stage"":200}"
"stage_reached_200 (App)",,,"{""Time"":""2026-04-12 00:43:50"",""UserUUID"":""8bebb780-332a-11f1-8667-15196ccfe901"",""attendanceCount"":5,""attendance_count"":5,""b.diamond"":40040,""b.ruby"":220,""boxAllCount"":6070,""curserver"":2,""equipmentData"":""W:20_0A:20_0"",""install_day"":""2026-04-08"",""totalPayment"":40700,""total_payment_amount"":40700,""user_name"":""밀로"",""user_rank"":675,""user_stage"":200}"
"stage_reached_200 (App)",,,"{""Time"":""2026-04-12 00:37:48"",""UserUUID"":""ff341ec0-3259-11f1-8933-7ba9bac0c574"",""attendanceCount"":6,""attendance_count"":6,""b.diamond"":40422,""b.ruby"":0,""boxAllCount"":2910,""curserver"":2,""equipmentData"":""W:23_0A:19_0"",""install_day"":""2026-04-07"",""totalPayment"":7700,""total_payment_amount"":7700,""user_name"":""이구니"",""user_rank"":1328,""user_stage"":200}"
"stage_reached_200 (App)",,,"{""Time"":""2026-04-12 00:37:41"",""UserUUID"":""af649b30-3273-11f1-9758-2d1c30faf5b5"",""attendanceCount"":6,""attendance_count"":6,""b.diamond"":61473,""b.ruby"":330,""boxAllCount"":330,""curserver"":2,""equipmentData"":""W:22_0A:19_0"",""install_day"":""2026-04-07"",""totalPayment"":14300,""total_payment_amount"":14300,""user_name"":""술꽐라"",""user_rank"":637,""user_stage"":200}"
"stage_reached_200 (App)",,,"{""Time"":""2026-04-12 00:32:06"",""UserUUID"":""a7eb9400-3320-11f1-bbbc-8da89aa08746"",""attendanceCount"":5,""attendance_count"":5,""b.diamond"":107212,""b.ruby"":0,""boxAllCount"":2680,""curserver"":2,""equipmentData"":""W:20_0A:19_0"",""install_day"":""2026-04-08"",""totalPayment"":39600,""total_payment_amount"":39600,""user_name"":""헤비급복지사"",""user_rank"":619,""user_stage"":200}"
"stage_reached_200 (App)",,,"{""Time"":""2026-04-12 00:32:03"",""UserUUID"":""9b89f650-2f5d-11f1-b1ef-0bbd0b3fe342"",""attendanceCount"":10,""attendance_count"":10,""b.diamond"":377671,""b.ruby"":440,""boxAllCount"":2590,""curserver"":2,""equipmentData"":""W:20_0A:19_0"",""install_day"":""2026-04-03"",""totalPayment"":62700,""total_payment_amount"":62700,""user_name"":""타조왕"",""user_rank"":580,""user_stage"":200}"
"stage_reached_200 (App)",,,"{""Time"":""2026-04-12 00:29:06"",""UserUUID"":""6b4293b0-30c2-11f1-8097-55822237e642"",""attendanceCount"":7,""attendance_count"":7,""b.diamond"":13581,""b.ruby"":0,""boxAllCount"":1380,""curserver"":2,""equipmentData"":""W:20_0A:19_0"",""install_day"":""2026-04-05"",""totalPayment"":7700,""total_payment_amount"":7700,""user_name"":""강천"",""user_rank"":784,""user_stage"":200}"
"stage_reached_200 (App)",,,"{""Time"":""2026-04-12 00:22:37"",""UserUUID"":""15cc5270-32fe-11f1-a6a8-07161db1a495"",""attendanceCount"":5,""attendance_count"":5,""b.diamond"":51325,""b.ruby"":0,""boxAllCount"":1740,""curserver"":2,""equipmentData"":""W:20_0A:19_0"",""install_day"":""2026-04-08"",""totalPayment"":7700,""total_payment_amount"":7700,""user_name"":""몽글야옹우웅"",""user_rank"":618,""user_stage"":200}"
"stage_reached_200 (App)",,,"{""Time"":""2026-04-12 00:20:42"",""UserUUID"":""10f37660-30de-11f1-b028-5b7d07d16675"",""attendanceCount"":8,""attendance_count"":8,""b.diamond"":63765,""b.ruby"":0,""boxAllCount"":1410,""curserver"":2,""equipmentData"":""W:21_0A:19_0"",""install_day"":""2026-04-05"",""totalPayment"":7700,""total_payment_amount"":7700,""user_name"":""다섯의왕"",""user_rank"":618,""user_stage"":200}"
"stage_reached_200 (App)",,,"{""Time"":""2026-04-12 00:17:51"",""UserUUID"":""786fceb0-3228-11f1-a62e-ed9410c44143"",""attendanceCount"":6,""attendance_count"":6,""b.diamond"":7473,""b.ruby"":0,""boxAllCount"":1650,""curserver"":2,""equipmentData"":""W:20_0A:20_0"",""install_day"":""2026-04-07"",""totalPayment"":7700,""total_payment_amount"":7700,""user_name"":""삥국"",""user_rank"":568,""user_stage"":200}"
"stage_reached_200 (App)",,,"{""Time"":""2026-04-12 00:16:46"",""UserUUID"":""3d5cc0b0-3338-11f1-b42a-a1791439bfa3"",""attendanceCount"":5,""attendance_count"":5,""b.diamond"":59624,""b.ruby"":0,""boxAllCount"":6060,""curserver"":2,""equipmentData"":""W:23_0A:20_0"",""install_day"":""2026-04-08"",""totalPayment"":0,""total_payment_amount"":0,""user_name"":""말창"",""user_rank"":577,""user_stage"":200}"
"stage_reached_200 (App)",,,"{""Time"":""2026-04-12 00:11:44"",""UserUUID"":""f387a6e0-32e1-11f1-9ed8-b7fbba613081"",""attendanceCount"":5,""attendance_count"":5,""b.diamond"":9585,""b.ruby"":0,""boxAllCount"":4600,""curserver"":2,""equipmentData"":""W:20_0A:19_0"",""install_day"":""2026-04-08"",""totalPayment"":7700,""total_payment_amount"":7700,""user_name"":""특사수"",""user_rank"":618,""user_stage"":200}"
"stage_reached_200 (App)",,,"{""Time"":""2026-04-12 00:07:07"",""UserUUID"":""84692280-31aa-11f1-93f8-6b58eb0d3fbd"",""attendanceCount"":7,""attendance_count"":7,""b.diamond"":3562,""b.ruby"":0,""boxAllCount"":690,""curserver"":2,""equipmentData"":""W:20_0A:19_0"",""install_day"":""2026-04-06"",""totalPayment"":7700,""total_payment_amount"":7700,""user_name"":""스쿼디"",""user_rank"":654,""user_stage"":200}"
"stage_reached_200 (App)",,,"{""Time"":""2026-04-11 23:56:44"",""UserUUID"":""a54b4810-302a-11f1-b397-95f705135241"",""attendanceCount"":8,""attendance_count"":8,""b.diamond"":633595,""b.ruby"":330,""boxAllCount"":3850,""curserver"":2,""equipmentData"":""W:21_0A:19_0"",""install_day"":""2026-04-04"",""totalPayment"":64900,""total_payment_amount"":64900,""user_name"":""리제니"",""user_rank"":575,""user_stage"":200}"
"stage_reached_200 (App)",,,"{""Time"":""2026-04-11 23:22:44"",""UserUUID"":""c1206790-317f-11f1-8c51-7154cbff9306"",""attendanceCount"":6,""attendance_count"":6,""b.diamond"":3020,""b.ruby"":0,""boxAllCount"":6020,""curserver"":2,""equipmentData"":""W:21_0A:20_0"",""install_day"":""2026-04-06"",""totalPayment"":0,""total_payment_amount"":0,""user_name"":""사요고"",""user_rank"":766,""user_stage"":200}"
"stage_reached_200 (App)",,,"{""Time"":""2026-04-11 23:22:26"",""UserUUID"":""931ad900-30ff-11f1-8ad4-bbabc4e5bdc7"",""attendanceCount"":7,""attendance_count"":7,""b.diamond"":21889,""b.ruby"":0,""boxAllCount"":5560,""curserver"":2,""equipmentData"":""W:20_0A:19_0"",""install_day"":""2026-04-05"",""totalPayment"":7700,""total_payment_amount"":7700,""user_name"":""태콩"",""user_rank"":923,""user_stage"":200}"
"stage_reached_200 (App)",,,"{""Time"":""2026-04-11 23:19:10"",""UserUUID"":""20e75ec0-3281-11f1-bf0d-0768a26dba90"",""attendanceCount"":5,""attendance_count"":5,""b.diamond"":252816,""b.ruby"":330,""boxAllCount"":3180,""curserver"":2,""equipmentData"":""W:23_0A:20_0"",""install_day"":""2026-04-07"",""totalPayment"":11000,""total_payment_amount"":11000,""user_name"":""핫한횽"",""user_rank"":572,""user_stage"":200}"
"stage_reached_200 (App)",,,"{""Time"":""2026-04-11 23:16:30"",""UserUUID"":""c6c74800-30ec-11f1-a98c-6b824f988bfa"",""attendanceCount"":7,""attendance_count"":7,""b.diamond"":243082,""b.ruby"":0,""boxAllCount"":3610,""curserver"":2,""equipmentData"":""W:20_0A:18_0"",""install_day"":""2026-04-05"",""totalPayment"":18700,""total_payment_amount"":18700,""user_name"":""한솔12"",""user_rank"":586,""user_stage"":200}"
"stage_reached_200 (App)",,,"{""Time"":""2026-04-11 23:13:39"",""UserUUID"":""1a6eec40-6278-11f0-9eb5-cf396344702c"",""attendanceCount"":13,""attendance_count"":13,""b.diamond"":109329,""b.ruby"":0,""boxAllCount"":4820,""curserver"":1,""equipmentData"":""W:21_0A:19_0"",""install_day"":""2025-07-16"",""totalPayment"":7700,""total_payment_amount"":7700,""user_name"":""르아스"",""user_rank"":7401,""user_stage"":200}"
"stage_reached_200 (App)",,,"{""Time"":""2026-04-11 23:08:55"",""UserUUID"":""76836140-31d6-11f1-8ae3-514ae4d9144d"",""attendanceCount"":4,""attendance_count"":4,""b.diamond"":2160,""b.ruby"":0,""boxAllCount"":7580,""curserver"":2,""equipmentData"":""W:21_0A:20_0"",""install_day"":""2026-04-06"",""totalPayment"":18700,""total_payment_amount"":18700,""user_name"":""부산쌍칼"",""user_rank"":585,""user_stage"":200}"
"stage_reached_200 (App)",,,"{""Time"":""2026-04-11 23:04:06"",""UserUUID"":""f5ba63e0-2a66-11f1-af5e-1d2499b11325"",""attendanceCount"":13,""attendance_count"":13,""b.diamond"":15867,""b.ruby"":0,""boxAllCount"":1930,""curserver"":1,""equipmentData"":""W:21_0A:19_0"",""install_day"":""2026-03-28"",""totalPayment"":7700,""total_payment_amount"":7700,""user_name"":""할밍"",""user_rank"":7152,""user_stage"":200}"
"stage_reached_200 (App)",,,"{""Time"":""2026-04-11 23:02:52"",""UserUUID"":""586326d0-2df0-11f1-8679-bdce898934dc"",""attendanceCount"":10,""attendance_count"":10,""b.diamond"":949510,""b.ruby"":220,""boxAllCount"":3660,""curserver"":1,""equipmentData"":""W:21_0A:19_0"",""install_day"":""2026-04-01"",""totalPayment"":40700,""total_payment_amount"":40700,""user_name"":""절경"",""user_rank"":7168,""user_stage"":200}"
"stage_reached_200 (App)",,,"{""Time"":""2026-04-11 22:51:03"",""UserUUID"":""3ab39130-34ce-11f1-85a8-d536ef8b3d16"",""attendanceCount"":2,""attendance_count"":2,""b.diamond"":820,""b.ruby"":0,""boxAllCount"":1170,""curserver"":2,""equipmentData"":""W:19_0A:17_0"",""install_day"":""2026-04-10"",""totalPayment"":227700,""total_payment_amount"":227700,""user_name"":""철수야가자"",""user_rank"":583,""user_stage"":200}"
"stage_reached_200 (App)",,,"{""Time"":""2026-04-11 22:43:50"",""UserUUID"":""e706fba0-3354-11f1-8eeb-636368e7978f"",""attendanceCount"":4,""attendance_count"":4,""b.diamond"":30035,""b.ruby"":0,""boxAllCount"":790,""curserver"":2,""equipmentData"":""W:20_0A:15_0"",""install_day"":""2026-04-08"",""totalPayment"":47300,""total_payment_amount"":47300,""user_name"":""우루루쾅"",""user_rank"":563,""user_stage"":200}"
"stage_reached_200 (App)",,,"{""Time"":""2026-04-11 22:31:52"",""UserUUID"":""d81bc9c0-313a-11f1-9898-8b63cb4f5af8"",""attendanceCount"":6,""attendance_count"":6,""b.diamond"":310830,""b.ruby"":0,""boxAllCount"":2970,""curserver"":2,""equipmentData"":""W:22_0A:19_0"",""install_day"":""2026-04-05"",""totalPayment"":7700,""total_payment_amount"":7700,""user_name"":""피어"",""user_rank"":619,""user_stage"":200}"
"stage_reached_200 (App)",,,"{""Time"":""2026-04-11 22:31:51"",""UserUUID"":""2a6ac5f0-32c6-11f1-9026-a1a6398f32ab"",""attendanceCount"":4,""attendance_count"":4,""b.diamond"":36560,""b.ruby"":110,""boxAllCount"":6100,""curserver"":2,""equipmentData"":""W:22_0A:20_0"",""install_day"":""2026-04-07"",""totalPayment"":36300,""total_payment_amount"":36300,""user_name"":""GIMGU"",""user_rank"":567,""user_stage"":200}"
"stage_reached_200 (App)",,,"{""Time"":""2026-04-11 22:31:28"",""UserUUID"":""3b4aaf90-3085-11f1-ba5c-09387894cf63"",""attendanceCount"":7,""attendance_count"":7,""b.diamond"":63068,""b.ruby"":0,""boxAllCount"":2490,""curserver"":2,""equipmentData"":""W:20_0A:19_0"",""install_day"":""2026-04-05"",""totalPayment"":7700,""total_payment_amount"":7700,""user_name"":""언터처블"",""user_rank"":617,""user_stage"":200}"
"stage_reached_200 (App)",,,"{""Time"":""2026-04-11 22:29:13"",""UserUUID"":""89be1ec0-334e-11f1-8f00-2731487d940e"",""attendanceCount"":4,""attendance_count"":4,""b.diamond"":2862,""b.ruby"":1870,""boxAllCount"":11480,""curserver"":2,""equipmentData"":""W:21_0A:23_0"",""install_day"":""2026-04-08"",""totalPayment"":216700,""total_payment_amount"":216700,""user_name"":""노트입니다"",""user_rank"":734,""user_stage"":200}"
"stage_reached_200 (App)",,,"{""Time"":""2026-04-11 22:22:23"",""UserUUID"":""5fbb2580-3085-11f1-852f-cd876d1d9cda"",""attendanceCount"":7,""attendance_count"":7,""b.diamond"":65318,""b.ruby"":220,""boxAllCount"":1410,""curserver"":2,""equipmentData"":""W:20_0A:19_0"",""install_day"":""2026-04-05"",""totalPayment"":110000,""total_payment_amount"":110000,""user_name"":""썬칩"",""user_rank"":607,""user_stage"":200}"
"stage_reached_200 (App)",,,"{""Time"":""2026-04-11 22:18:38"",""UserUUID"":""067edf90-3024-11f1-b1e0-f164c383ff25"",""attendanceCount"":8,""attendance_count"":8,""b.diamond"":16458,""b.ruby"":0,""boxAllCount"":3660,""curserver"":2,""equipmentData"":""W:20_0A:21_0"",""install_day"":""2026-04-04"",""totalPayment"":7700,""total_payment_amount"":7700,""user_name"":""넴닉"",""user_rank"":559,""user_stage"":200}"
"stage_reached_200 (App)",,,"{""Time"":""2026-04-11 22:17:24"",""UserUUID"":""d5a7c360-3004-11f1-b24b-bb43cf968457"",""attendanceCount"":8,""attendance_count"":8,""b.diamond"":3336,""b.ruby"":0,""boxAllCount"":1620,""curserver"":2,""equipmentData"":""W:21_0A:19_0"",""install_day"":""2026-04-04"",""totalPayment"":0,""total_payment_amount"":0,""user_name"":""넌학나룻배하지마"",""user_rank"":606,""user_stage"":200}"
"stage_reached_200 (App)",,,"{""Time"":""2026-04-11 21:46:54"",""UserUUID"":""c2873760-2fba-11f1-af22-99d5280db059"",""attendanceCount"":8,""attendance_count"":8,""b.diamond"":797752,""b.ruby"":0,""boxAllCount"":3240,""curserver"":2,""equipmentData"":""W:22_0A:19_0"",""install_day"":""2026-04-04"",""totalPayment"":7700,""total_payment_amount"":7700,""user_name"":""이순신공"",""user_rank"":550,""user_stage"":200}"
"stage_reached_200 (App)",,,"{""Time"":""2026-04-11 21:34:33"",""UserUUID"":""791f6470-327c-11f1-947b-33c0b0db1b1f"",""attendanceCount"":5,""attendance_count"":5,""b.diamond"":7391,""b.ruby"":0,""boxAllCount"":6940,""curserver"":2,""equipmentData"":""W:23_0A:20_0"",""install_day"":""2026-04-07"",""totalPayment"":18700,""total_payment_amount"":18700,""user_name"":""윤도링"",""user_rank"":561,""user_stage"":200}"
"stage_reached_200 (App)",,,"{""Time"":""2026-04-11 21:17:46"",""UserUUID"":""1a9f2fd0-33c5-11f1-af65-6b92c42b0c56"",""attendanceCount"":3,""attendance_count"":3,""b.diamond"":44066,""b.ruby"":220,""boxAllCount"":5380,""curserver"":2,""equipmentData"":""W:23_0A:20_0"",""install_day"":""2026-04-09"",""totalPayment"":80300,""total_payment_amount"":80300,""user_name"":""강변역껌팔이"",""user_rank"":553,""user_stage"":200}"
"stage_reached_200 (App)",,,"{""Time"":""2026-04-11 21:10:36"",""UserUUID"":""2613bc80-3566-11f1-9205-67494f60ffec"",""attendanceCount"":1,""attendance_count"":1,""b.diamond"":419736,""b.ruby"":4730,""boxAllCount"":3010,""curserver"":2,""equipmentData"":""W:23_0A:18_0"",""install_day"":""2026-04-11"",""totalPayment"":271700,""total_payment_amount"":271700,""user_name"":""아케이리스"",""user_rank"":827,""user_stage"":200}"
"stage_reached_200 (App)",,,"{""Time"":""2026-04-11 20:52:51"",""UserUUID"":""27829b90-2fd0-11f1-99f1-4f02bbc37f3b"",""attendanceCount"":8,""attendance_count"":8,""b.diamond"":396862,""b.ruby"":0,""boxAllCount"":3510,""curserver"":2,""equipmentData"":""W:20_0A:19_0"",""install_day"":""2026-04-04"",""totalPayment"":7700,""total_payment_amount"":7700,""user_name"":""화산님"",""user_rank"":559,""user_stage"":200}"
"stage_reached_200 (App)",,,"{""Time"":""2026-04-11 20:33:57"",""UserUUID"":""29c4b0c0-30eb-11f1-923b-cf86ca57d845"",""attendanceCount"":7,""attendance_count"":7,""b.diamond"":71622,""b.ruby"":0,""boxAllCount"":2790,""curserver"":2,""equipmentData"":""W:20_0A:19_0"",""install_day"":""2026-04-05"",""totalPayment"":7700,""total_payment_amount"":7700,""user_name"":""염레기"",""user_rank"":565,""user_stage"":200}"
"stage_reached_200 (App)",,,"{""Time"":""2026-04-11 20:30:17"",""UserUUID"":""64b0c970-3286-11f1-857d-231acdbd9392"",""attendanceCount"":5,""attendance_count"":5,""b.diamond"":116326,""b.ruby"":110,""boxAllCount"":810,""curserver"":2,""equipmentData"":""W:19_0A:19_0"",""install_day"":""2026-04-07"",""totalPayment"":20900,""total_payment_amount"":20900,""user_name"":""성은이만극맨"",""user_rank"":545,""user_stage"":200}"
"stage_reached_200 (App)",,,"{""Time"":""2026-04-11 20:26:27"",""UserUUID"":""7d7ed5c0-31b2-11f1-b973-098842597fee"",""attendanceCount"":6,""attendance_count"":6,""b.diamond"":2122,""b.ruby"":0,""boxAllCount"":750,""curserver"":2,""equipmentData"":""W:21_0A:19_0"",""install_day"":""2026-04-06"",""totalPayment"":7700,""total_payment_amount"":7700,""user_name"":""초아와다유"",""user_rank"":550,""user_stage"":200}"
"stage_reached_200 (App)",,,"{""Time"":""2026-04-11 20:05:21"",""UserUUID"":""8802c430-31cf-11f1-9427-136d155409e6"",""attendanceCount"":5,""attendance_count"":5,""b.diamond"":11340,""b.ruby"":0,""boxAllCount"":1200,""curserver"":2,""equipmentData"":""W:20_0A:19_0"",""install_day"":""2026-04-06"",""totalPayment"":51700,""total_payment_amount"":51700,""user_name"":""신중한거울"",""user_rank"":547,""user_stage"":200}"
"stage_reached_200 (App)",,,"{""Time"":""2026-04-11 20:01:08"",""UserUUID"":""cf388d80-3292-11f1-a39c-0d159db89087"",""attendanceCount"":4,""attendance_count"":4,""b.diamond"":141773,""b.ruby"":0,""boxAllCount"":6030,""curserver"":2,""equipmentData"":""W:20_0A:20_0"",""install_day"":""2026-04-07"",""totalPayment"":73700,""total_payment_amount"":73700,""user_name"":""유화넴"",""user_rank"":563,""user_stage"":200}"
"stage_reached_200 (App)",,,"{""Time"":""2026-04-11 19:49:42"",""UserUUID"":""12f893a0-307a-11f1-ab19-67a7f8595f80"",""attendanceCount"":5,""attendance_count"":5,""b.diamond"":15827,""b.ruby"":0,""boxAllCount"":3750,""curserver"":2,""equipmentData"":""W:20_0A:19_0"",""install_day"":""2026-04-04"",""totalPayment"":0,""total_payment_amount"":0,""user_name"":""망난2망난희"",""user_rank"":523,""user_stage"":200}"
"stage_reached_200 (App)",,,"{""Time"":""2026-04-11 19:37:30"",""UserUUID"":""81f6af90-3231-11f1-a446-374a26f4f3cb"",""attendanceCount"":5,""attendance_count"":5,""b.diamond"":3790,""b.ruby"":0,""boxAllCount"":3150,""curserver"":2,""equipmentData"":""W:20_0A:19_0"",""install_day"":""2026-04-07"",""totalPayment"":7700,""total_payment_amount"":7700,""user_name"":""해다"",""user_rank"":554,""user_stage"":200}"
"stage_reached_200 (App)",,,"{""Time"":""2026-04-11 19:32:06"",""UserUUID"":""81367fc0-3224-11f1-9758-2d1c30faf5b5"",""attendanceCount"":5,""attendance_count"":5,""b.diamond"":14220,""b.ruby"":0,""boxAllCount"":2670,""curserver"":2,""equipmentData"":""W:20_0A:19_0"",""install_day"":""2026-04-07"",""totalPayment"":7700,""total_payment_amount"":7700,""user_name"":""짐승포류기"",""user_rank"":540,""user_stage"":200}"
"stage_reached_200 (App)",,,"{""Time"":""2026-04-11 19:28:22"",""UserUUID"":""07c008c0-351f-11f1-9bc6-a7992ce56ac9"",""attendanceCount"":1,""attendance_count"":1,""b.diamond"":27247,""b.ruby"":440,""boxAllCount"":6040,""curserver"":2,""equipmentData"":""W:23_0A:20_0"",""install_day"":""2026-04-10"",""totalPayment"":106700,""total_payment_amount"":106700,""user_name"":""오징어지킴이"",""user_rank"":584,""user_stage"":200}"
"stage_reached_200 (App)",,,"{""Time"":""2026-04-11 19:16:57"",""UserUUID"":""636e83e0-3222-11f1-af48-1d1b8631a5cd"",""attendanceCount"":5,""attendance_count"":5,""b.diamond"":52724,""b.ruby"":0,""boxAllCount"":1800,""curserver"":2,""equipmentData"":""W:18_0A:19_0"",""install_day"":""2026-04-07"",""totalPayment"":7700,""total_payment_amount"":7700,""user_name"":""정태"",""user_rank"":543,""user_stage"":200}"
"stage_reached_200 (App)",,,"{""Time"":""2026-04-11 19:11:26"",""UserUUID"":""51b81b70-2e44-11f1-a825-990975469ea7"",""attendanceCount"":10,""attendance_count"":10,""b.diamond"":2666,""b.ruby"":0,""boxAllCount"":2640,""curserver"":1,""equipmentData"":""W:20_0A:19_0"",""install_day"":""2026-04-02"",""totalPayment"":0,""total_payment_amount"":0,""user_name"":""윤소담"",""user_rank"":7193,""user_stage"":200}"
"stage_reached_200 (App)",,,"{""Time"":""2026-04-11 19:10:40"",""UserUUID"":""05ade9b0-2fd1-11f1-b856-011e2bdb83d1"",""attendanceCount"":8,""attendance_count"":8,""b.diamond"":131186,""b.ruby"":0,""boxAllCount"":1170,""curserver"":2,""equipmentData"":""W:20_0A:19_0"",""install_day"":""2026-04-04"",""totalPayment"":7700,""total_payment_amount"":7700,""user_name"":""난세소금"",""user_rank"":856,""user_stage"":200}"
"stage_reached_200 (App)",,,"{""Time"":""2026-04-11 18:58:45"",""UserUUID"":""6e5852b0-3284-11f1-a7a6-7bd713cc5926"",""attendanceCount"":5,""attendance_count"":5,""b.diamond"":98087,""b.ruby"":0,""boxAllCount"":1140,""curserver"":2,""equipmentData"":""W:19_0A:19_0"",""install_day"":""2026-04-07"",""totalPayment"":7700,""total_payment_amount"":7700,""user_name"":""낙석"",""user_rank"":540,""user_stage"":200}"
"stage_reached_200 (App)",,,"{""Time"":""2026-04-11 18:54:49"",""UserUUID"":""1e30ebc0-2fd8-11f1-870b-af72c08f17d7"",""attendanceCount"":8,""attendance_count"":8,""b.diamond"":1330,""b.ruby"":0,""boxAllCount"":3060,""curserver"":2,""equipmentData"":""W:20_0A:19_0"",""install_day"":""2026-04-04"",""totalPayment"":0,""total_payment_amount"":0,""user_name"":""GraciasG"",""user_rank"":533,""user_stage"":200}"
"stage_reached_200 (App)",,,"{""Time"":""2026-04-11 18:31:09"",""UserUUID"":""f4763c40-3347-11f1-bba6-fb114ad23b75"",""attendanceCount"":4,""attendance_count"":4,""b.diamond"":49863,""b.ruby"":0,""boxAllCount"":1710,""curserver"":2,""equipmentData"":""W:19_0A:19_0"",""install_day"":""2026-04-08"",""totalPayment"":29700,""total_payment_amount"":29700,""user_name"":""오니츠카"",""user_rank"":531,""user_stage"":200}"
"stage_reached_200 (App)",,,"{""Time"":""2026-04-11 18:12:23"",""UserUUID"":""fe57a710-2f5c-11f1-865d-67479ed1fe56"",""attendanceCount"":8,""attendance_count"":8,""b.diamond"":2196,""b.ruby"":0,""boxAllCount"":3330,""curserver"":2,""equipmentData"":""W:21_0A:19_0"",""install_day"":""2026-04-03"",""totalPayment"":0,""total_payment_amount"":0,""user_name"":""만주광개토"",""user_rank"":535,""user_stage"":200}"
"stage_reached_200 (App)",,,"{""Time"":""2026-04-11 18:11:25"",""UserUUID"":""e7bc79d0-31b0-11f1-b1a4-81a0eb9136bb"",""attendanceCount"":6,""attendance_count"":6,""b.diamond"":23279,""b.ruby"":0,""boxAllCount"":2750,""curserver"":2,""equipmentData"":""W:23_0A:19_0"",""install_day"":""2026-04-06"",""totalPayment"":7700,""total_payment_amount"":7700,""user_name"":""니상"",""user_rank"":568,""user_stage"":200}"
"stage_reached_200 (App)",,,"{""Time"":""2026-04-11 18:09:07"",""UserUUID"":""8b0ffa20-3572-11f1-836a-19e4a6490707"",""attendanceCount"":1,""attendance_count"":1,""b.diamond"":1146330,""b.ruby"":2090,""boxAllCount"":3480,""curserver"":2,""equipmentData"":""W:23_0A:18_0"",""install_day"":""2026-04-11"",""totalPayment"":330000,""total_payment_amount"":330000,""user_name"":""노잼인생"",""user_rank"":994,""user_stage"":200}"
"stage_reached_200 (App)",,,"{""Time"":""2026-04-11 18:09:08"",""UserUUID"":""a7d535b0-33f8-11f1-85b2-93194724870e"",""attendanceCount"":3,""attendance_count"":3,""b.diamond"":21162,""b.ruby"":0,""boxAllCount"":6370,""curserver"":2,""equipmentData"":""W:23_0A:20_0"",""install_day"":""2026-04-09"",""totalPayment"":36300,""total_payment_amount"":36300,""user_name"":""도이리"",""user_rank"":555,""user_stage"":200}"
"stage_reached_200 (App)",,,"{""Time"":""2026-04-11 17:47:28"",""UserUUID"":""eb828570-3253-11f1-aceb-cdb128d1366a"",""attendanceCount"":5,""attendance_count"":5,""b.diamond"":74016,""b.ruby"":0,""boxAllCount"":2920,""curserver"":2,""equipmentData"":""W:20_0A:19_0"",""install_day"":""2026-04-07"",""totalPayment"":7700,""total_payment_amount"":7700,""user_name"":""고전미"",""user_rank"":553,""user_stage"":200}"
"stage_reached_200 (App)",,,"{""Time"":""2026-04-11 17:43:11"",""UserUUID"":""d648e760-325f-11f1-a856-591b41669abe"",""attendanceCount"":5,""attendance_count"":5,""b.diamond"":79561,""b.ruby"":0,""boxAllCount"":2490,""curserver"":2,""equipmentData"":""W:22_0A:19_0"",""install_day"":""2026-04-07"",""totalPayment"":0,""total_payment_amount"":0,""user_name"":""전스타"",""user_rank"":1147,""user_stage"":200}"
"stage_reached_200 (App)",,,"{""Time"":""2026-04-11 17:40:27"",""UserUUID"":""373d6290-2fb2-11f1-87d7-9f5f15e8aef2"",""attendanceCount"":8,""attendance_count"":8,""b.diamond"":90546,""b.ruby"":0,""boxAllCount"":2550,""curserver"":2,""equipmentData"":""W:21_0A:21_0"",""install_day"":""2026-04-03"",""totalPayment"":7700,""total_payment_amount"":7700,""user_name"":""복주머니"",""user_rank"":589,""user_stage"":200}"
"stage_reached_200 (App)",,,"{""Time"":""2026-04-11 17:36:21"",""UserUUID"":""b2c27780-3097-11f1-a0a5-b1f1c5e48406"",""attendanceCount"":7,""attendance_count"":7,""b.diamond"":138803,""b.ruby"":0,""boxAllCount"":2610,""curserver"":2,""equipmentData"":""W:21_0A:19_0"",""install_day"":""2026-04-05"",""totalPayment"":7700,""total_payment_amount"":7700,""user_name"":""r1000r"",""user_rank"":531,""user_stage"":200}"
"stage_reached_200 (App)",,,"{""Time"":""2026-04-11 17:28:02"",""UserUUID"":""34c10a80-332c-11f1-bf26-2bb1fda678bc"",""attendanceCount"":4,""attendance_count"":4,""b.diamond"":6328,""b.ruby"":0,""boxAllCount"":1920,""curserver"":2,""equipmentData"":""W:21_0A:19_0"",""install_day"":""2026-04-08"",""totalPayment"":73700,""total_payment_amount"":73700,""user_name"":""배액곰"",""user_rank"":541,""user_stage"":200}"
"stage_reached_200 (App)",,,"{""Time"":""2026-04-11 17:24:27"",""UserUUID"":""67a69c40-33b7-11f1-a0df-f9295f004716"",""attendanceCount"":3,""attendance_count"":3,""b.diamond"":9930,""b.ruby"":0,""boxAllCount"":13590,""curserver"":2,""equipmentData"":""W:22_0A:21_0"",""install_day"":""2026-04-09"",""totalPayment"":139700,""total_payment_amount"":139700,""user_name"":""기사아"",""user_rank"":568,""user_stage"":200}"
"stage_reached_200 (App)",,,"{""Time"":""2026-04-11 17:10:40"",""UserUUID"":""050d3190-31ad-11f1-be4f-650a9a348c4b"",""attendanceCount"":6,""attendance_count"":6,""b.diamond"":112690,""b.ruby"":0,""boxAllCount"":6100,""curserver"":2,""equipmentData"":""W:20_0A:20_0"",""install_day"":""2026-04-06"",""totalPayment"":7700,""total_payment_amount"":7700,""user_name"":""썰민석"",""user_rank"":523,""user_stage"":200}"
"stage_reached_200 (App)",,,"{""Time"":""2026-04-11 17:01:23"",""UserUUID"":""f223e350-34b1-11f1-8960-09080bfa7600"",""attendanceCount"":2,""attendance_count"":2,""b.diamond"":127093,""b.ruby"":110,""boxAllCount"":4130,""curserver"":2,""equipmentData"":""W:22_0A:19_0"",""install_day"":""2026-04-10"",""totalPayment"":73700,""total_payment_amount"":73700,""user_name"":""테토준"",""user_rank"":568,""user_stage"":200}"
"stage_reached_200 (App)",,,"{""Time"":""2026-04-11 16:52:49"",""UserUUID"":""cf9c1240-323a-11f1-b969-a96b106abdbd"",""attendanceCount"":5,""attendance_count"":5,""b.diamond"":95838,""b.ruby"":0,""boxAllCount"":1170,""curserver"":2,""equipmentData"":""W:20_0A:19_0"",""install_day"":""2026-04-07"",""totalPayment"":0,""total_payment_amount"":0,""user_name"":""몸통박치기이"",""user_rank"":540,""user_stage"":200}"
"stage_reached_200 (App)",,,"{""Time"":""2026-04-11 16:49:53"",""UserUUID"":""79083880-2dd2-11f1-9a4b-43318e0b4c05"",""attendanceCount"":11,""attendance_count"":11,""b.diamond"":3291,""b.ruby"":0,""boxAllCount"":760,""curserver"":1,""equipmentData"":""W:23_0A:19_0"",""install_day"":""2026-04-01"",""totalPayment"":7700,""total_payment_amount"":7700,""user_name"":""광주"",""user_rank"":7214,""user_stage"":200}"
"stage_reached_200 (App)",,,"{""Time"":""2026-04-11 16:43:40"",""UserUUID"":""0cabf4e0-31df-11f1-9a41-93219c5f9938"",""attendanceCount"":5,""attendance_count"":5,""b.diamond"":26843,""b.ruby"":0,""boxAllCount"":840,""curserver"":2,""equipmentData"":""W:21_0A:19_0"",""install_day"":""2026-04-06"",""totalPayment"":7700,""total_payment_amount"":7700,""user_name"":""아야세모모"",""user_rank"":616,""user_stage"":200}"
"stage_reached_200 (App)",,,"{""Time"":""2026-04-11 16:39:30"",""UserUUID"":""8888e520-2f53-11f1-bdb3-fb2ef9922f51"",""attendanceCount"":9,""attendance_count"":9,""b.diamond"":181931,""b.ruby"":0,""boxAllCount"":6130,""curserver"":2,""equipmentData"":""W:23_0A:19_0"",""install_day"":""2026-04-03"",""totalPayment"":7700,""total_payment_amount"":7700,""user_name"":""오션"",""user_rank"":686,""user_stage"":200}"
"stage_reached_200 (App)",,,"{""Time"":""2026-04-11 16:33:05"",""UserUUID"":""e173cdd0-31c4-11f1-9ff9-f91f333f42c8"",""attendanceCount"":6,""attendance_count"":6,""b.diamond"":79063,""b.ruby"":0,""boxAllCount"":7070,""curserver"":2,""equipmentData"":""W:23_0A:20_0"",""install_day"":""2026-04-06"",""totalPayment"":7700,""total_payment_amount"":7700,""user_name"":""조밍구"",""user_rank"":961,""user_stage"":200}"
"stage_reached_200 (App)",,,"{""Time"":""2026-04-11 16:30:47"",""UserUUID"":""4642d340-3108-11f1-8a26-e5cd6c484b4e"",""attendanceCount"":7,""attendance_count"":7,""b.diamond"":84313,""b.ruby"":0,""boxAllCount"":4210,""curserver"":2,""equipmentData"":""W:22_0A:19_0"",""install_day"":""2026-04-05"",""totalPayment"":7700,""total_payment_amount"":7700,""user_name"":""포케"",""user_rank"":523,""user_stage"":200}"
"stage_reached_200 (App)",,,"{""Time"":""2026-04-11 16:14:55"",""UserUUID"":""e34095b0-3310-11f1-a6a8-07161db1a495"",""attendanceCount"":3,""attendance_count"":3,""b.diamond"":152638,""b.ruby"":1430,""boxAllCount"":10440,""curserver"":2,""equipmentData"":""W:23_0A:21_0"",""install_day"":""2026-04-08"",""totalPayment"":179300,""total_payment_amount"":179300,""user_name"":""kkm"",""user_rank"":539,""user_stage"":200}"
"stage_reached_200 (App)",,,"{""Time"":""2026-04-11 15:43:42"",""UserUUID"":""06717fa0-3275-11f1-85b1-7dcb713f9ef4"",""attendanceCount"":5,""attendance_count"":5,""b.diamond"":34936,""b.ruby"":0,""boxAllCount"":1230,""curserver"":2,""equipmentData"":""W:18_0A:19_0"",""install_day"":""2026-04-07"",""totalPayment"":14300,""total_payment_amount"":14300,""user_name"":""설앙"",""user_rank"":512,""user_stage"":200}"
"stage_reached_200 (App)",,,"{""Time"":""2026-04-11 15:41:53"",""UserUUID"":""b9070de0-31cd-11f1-8ae3-514ae4d9144d"",""attendanceCount"":5,""attendance_count"":5,""b.diamond"":4455,""b.ruby"":0,""boxAllCount"":1710,""curserver"":2,""equipmentData"":""W:20_0A:19_0"",""install_day"":""2026-04-06"",""totalPayment"":0,""total_payment_amount"":0,""user_name"":""김성욱"",""user_rank"":529,""user_stage"":200}"
"stage_reached_200 (App)",,,"{""Time"":""2026-04-11 15:36:04"",""UserUUID"":""e01efb80-322d-11f1-b991-d74068e864f9"",""attendanceCount"":5,""attendance_count"":5,""b.diamond"":189872,""b.ruby"":0,""boxAllCount"":2910,""curserver"":2,""equipmentData"":""W:20_0A:19_0"",""install_day"":""2026-04-07"",""totalPayment"":24200,""total_payment_amount"":24200,""user_name"":""차마귀"",""user_rank"":529,""user_stage"":200}"
"stage_reached_200 (App)",,,"{""Time"":""2026-04-11 15:33:04"",""UserUUID"":""678b51e0-3350-11f1-b93c-fb11dbd47745"",""attendanceCount"":4,""attendance_count"":4,""b.diamond"":15585,""b.ruby"":0,""boxAllCount"":2640,""curserver"":2,""equipmentData"":""W:21_0A:19_0"",""install_day"":""2026-04-08"",""totalPayment"":7700,""total_payment_amount"":7700,""user_name"":""고유랑"",""user_rank"":535,""user_stage"":200}"
"stage_reached_200 (App)",,,"{""Time"":""2026-04-11 15:32:05"",""UserUUID"":""d01c0c90-31ca-11f1-a37e-b9e01fc72b95"",""attendanceCount"":5,""attendance_count"":5,""b.diamond"":39492,""b.ruby"":0,""boxAllCount"":6530,""curserver"":2,""equipmentData"":""W:23_0A:21_0"",""install_day"":""2026-04-06"",""totalPayment"":40700,""total_payment_amount"":40700,""user_name"":""ttis"",""user_rank"":518,""user_stage"":200}"
"stage_reached_200 (App)",,,"{""Time"":""2026-04-11 15:12:18"",""UserUUID"":""400d65f0-30c0-11f1-923b-cf86ca57d845"",""attendanceCount"":7,""attendance_count"":7,""b.diamond"":102984,""b.ruby"":0,""boxAllCount"":1380,""curserver"":2,""equipmentData"":""W:22_0A:21_0"",""install_day"":""2026-04-05"",""totalPayment"":0,""total_payment_amount"":0,""user_name"":""눈토느"",""user_rank"":650,""user_stage"":200}"
"stage_reached_200 (App)",,,"{""Time"":""2026-04-11 15:10:18"",""UserUUID"":""432f3a00-30ad-11f1-a1f9-01de0fa86329"",""attendanceCount"":7,""attendance_count"":7,""b.diamond"":154178,""b.ruby"":0,""boxAllCount"":1340,""curserver"":2,""equipmentData"":""W:21_0A:19_0"",""install_day"":""2026-04-05"",""totalPayment"":14300,""total_payment_amount"":14300,""user_name"":""낙엽7"",""user_rank"":517,""user_stage"":200}"
"stage_reached_200 (App)",,,"{""Time"":""2026-04-11 15:04:43"",""UserUUID"":""898c2020-343c-11f1-bcff-439a886ccfa0"",""attendanceCount"":2,""attendance_count"":2,""b.diamond"":26001,""b.ruby"":2310,""boxAllCount"":7540,""curserver"":2,""equipmentData"":""W:21_0A:20_0"",""install_day"":""2026-04-09"",""totalPayment"":216700,""total_payment_amount"":216700,""user_name"":""Winner"",""user_rank"":964,""user_stage"":200}"
"stage_reached_200 (App)",,,"{""Time"":""2026-04-11 15:02:04"",""UserUUID"":""90541230-324f-11f1-9ee4-cd1dbefbbafa"",""attendanceCount"":5,""attendance_count"":5,""b.diamond"":6879,""b.ruby"":0,""boxAllCount"":3330,""curserver"":2,""equipmentData"":""W:21_0A:19_0"",""install_day"":""2026-04-07"",""totalPayment"":7700,""total_payment_amount"":7700,""user_name"":""아라마우"",""user_rank"":552,""user_stage"":200}"
"stage_reached_200 (App)",,,"{""Time"":""2026-04-11 15:01:45"",""UserUUID"":""3ed73630-318c-11f1-9597-85c17ce4d8f5"",""attendanceCount"":6,""attendance_count"":6,""b.diamond"":124495,""b.ruby"":0,""boxAllCount"":6010,""curserver"":2,""equipmentData"":""W:23_0A:19_0"",""install_day"":""2026-04-06"",""totalPayment"":7700,""total_payment_amount"":7700,""user_name"":""박민제"",""user_rank"":987,""user_stage"":200}"
"stage_reached_200 (App)",,,"{""Time"":""2026-04-11 14:56:04"",""UserUUID"":""82c5c5c0-2fc8-11f1-a189-5da4729d7f88"",""attendanceCount"":8,""attendance_count"":8,""b.diamond"":15577,""b.ruby"":0,""boxAllCount"":1890,""curserver"":2,""equipmentData"":""W:21_0A:19_0"",""install_day"":""2026-04-04"",""totalPayment"":7700,""total_payment_amount"":7700,""user_name"":""오원징"",""user_rank"":586,""user_stage"":200}"
"stage_reached_200 (App)",,,"{""Time"":""2026-04-11 14:55:29"",""UserUUID"":""6c6cfea0-329e-11f1-bbbd-316b8ef824a4"",""attendanceCount"":4,""attendance_count"":4,""b.diamond"":1475,""b.ruby"":0,""boxAllCount"":3060,""curserver"":2,""equipmentData"":""W:21_0A:18_0"",""install_day"":""2026-04-07"",""totalPayment"":7700,""total_payment_amount"":7700,""user_name"":""제티"",""user_rank"":514,""user_stage"":200}"
"stage_reached_200 (App)",,,"{""Time"":""2026-04-11 14:47:16"",""UserUUID"":""51498b40-30ee-11f1-9d1f-9592b8931eba"",""attendanceCount"":7,""attendance_count"":7,""b.diamond"":107182,""b.ruby"":0,""boxAllCount"":3660,""curserver"":2,""equipmentData"":""W:20_0A:19_0"",""install_day"":""2026-04-05"",""totalPayment"":7700,""total_payment_amount"":7700,""user_name"":""겨울의뭐랄까"",""user_rank"":513,""user_stage"":200}"
"stage_reached_200 (App)",,,"{""Time"":""2026-04-11 14:45:42"",""UserUUID"":""48c5bd10-3196-11f1-88dc-997862869414"",""attendanceCount"":6,""attendance_count"":6,""b.diamond"":21216,""b.ruby"":0,""boxAllCount"":2820,""curserver"":2,""equipmentData"":""W:20_0A:17_0"",""install_day"":""2026-04-06"",""totalPayment"":7700,""total_payment_amount"":7700,""user_name"":""수용2"",""user_rank"":521,""user_stage"":200}"
"stage_reached_200 (App)",,,"{""Time"":""2026-04-11 14:41:18"",""UserUUID"":""5ddabb00-30ac-11f1-b2cf-39bd64bc85b3"",""attendanceCount"":7,""attendance_count"":7,""b.diamond"":12403,""b.ruby"":0,""boxAllCount"":2400,""curserver"":2,""equipmentData"":""W:20_0A:19_0"",""install_day"":""2026-04-05"",""totalPayment"":7700,""total_payment_amount"":7700,""user_name"":""쩌니"",""user_rank"":570,""user_stage"":200}"
"stage_reached_200 (App)",,,"{""Time"":""2026-04-11 14:29:03"",""UserUUID"":""58d42650-2c6a-11f1-b327-a903db2739a3"",""attendanceCount"":12,""attendance_count"":12,""b.diamond"":6921,""b.ruby"":0,""boxAllCount"":1670,""curserver"":1,""equipmentData"":""W:20_0A:19_0"",""install_day"":""2026-03-30"",""totalPayment"":0,""total_payment_amount"":0,""user_name"":""혜지야"",""user_rank"":7279,""user_stage"":200}"
"stage_reached_200 (App)",,,"{""Time"":""2026-04-11 14:28:31"",""UserUUID"":""ca2ca1d0-30e6-11f1-923b-cf86ca57d845"",""attendanceCount"":7,""attendance_count"":7,""b.diamond"":2834,""b.ruby"":0,""boxAllCount"":6010,""curserver"":2,""equipmentData"":""W:21_0A:20_0"",""install_day"":""2026-04-05"",""totalPayment"":7700,""total_payment_amount"":7700,""user_name"":""아쉬탈"",""user_rank"":527,""user_stage"":200}"
"stage_reached_200 (App)",,,"{""Time"":""2026-04-11 14:24:59"",""UserUUID"":""006467f0-3016-11f1-a557-1b371ba4e02c"",""attendanceCount"":7,""attendance_count"":7,""b.diamond"":205871,""b.ruby"":0,""boxAllCount"":2160,""curserver"":2,""equipmentData"":""W:21_0A:19_0"",""install_day"":""2026-04-04"",""totalPayment"":7700,""total_payment_amount"":7700,""user_name"":""초이럭"",""user_rank"":599,""user_stage"":200}"
"stage_reached_200 (App)",,,"{""Time"":""2026-04-11 14:23:54"",""UserUUID"":""9ef7cd00-3046-11f1-8dce-4b6c756e15c8"",""attendanceCount"":7,""attendance_count"":7,""b.diamond"":66370,""b.ruby"":0,""boxAllCount"":7250,""curserver"":2,""equipmentData"":""W:22_0A:20_0"",""install_day"":""2026-04-04"",""totalPayment"":7700,""total_payment_amount"":7700,""user_name"":""Dac"",""user_rank"":529,""user_stage"":200}"
"stage_reached_200 (App)",,,"{""Time"":""2026-04-11 14:02:29"",""UserUUID"":""e24cf8b0-2fb4-11f1-a5de-09d3b3f45258"",""attendanceCount"":8,""attendance_count"":8,""b.diamond"":365349,""b.ruby"":0,""boxAllCount"":3880,""curserver"":2,""equipmentData"":""W:21_0A:19_0"",""install_day"":""2026-04-03"",""totalPayment"":7700,""total_payment_amount"":7700,""user_name"":""열대"",""user_rank"":509,""user_stage"":200}"
"stage_reached_200 (App)",,,"{""Time"":""2026-04-11 13:51:23"",""UserUUID"":""038add20-3146-11f1-aad7-87d126d17a9d"",""attendanceCount"":6,""attendance_count"":6,""b.diamond"":45093,""b.ruby"":0,""boxAllCount"":4330,""curserver"":2,""equipmentData"":""W:22_0A:22_0"",""install_day"":""2026-04-05"",""totalPayment"":7700,""total_payment_amount"":7700,""user_name"":""이사금"",""user_rank"":729,""user_stage"":200}"
"stage_reached_200 (App)",,,"{""Time"":""2026-04-11 13:40:23"",""UserUUID"":""9d257830-331e-11f1-a6a8-07161db1a495"",""attendanceCount"":4,""attendance_count"":4,""b.diamond"":16403,""b.ruby"":0,""boxAllCount"":1500,""curserver"":2,""equipmentData"":""W:20_0A:18_0"",""install_day"":""2026-04-08"",""totalPayment"":8800,""total_payment_amount"":8800,""user_name"":""0wid0"",""user_rank"":540,""user_stage"":200}"
"stage_reached_200 (App)",,,"{""Time"":""2026-04-11 12:52:37"",""UserUUID"":""0d6ca510-3409-11f1-b8d3-2d95a86b84f9"",""attendanceCount"":3,""attendance_count"":3,""b.diamond"":6348,""b.ruby"":0,""boxAllCount"":2050,""curserver"":2,""equipmentData"":""W:22_0A:17_0"",""install_day"":""2026-04-09"",""totalPayment"":117700,""total_payment_amount"":117700,""user_name"":""덕덕구"",""user_rank"":510,""user_stage"":200}"
"stage_reached_200 (App)",,,"{""Time"":""2026-04-11 12:43:52"",""UserUUID"":""de2ed010-33f5-11f1-a7fa-fd6087d30f78"",""attendanceCount"":3,""attendance_count"":3,""b.diamond"":28281,""b.ruby"":0,""boxAllCount"":2190,""curserver"":2,""equipmentData"":""W:22_0A:18_0"",""install_day"":""2026-04-09"",""totalPayment"":74800,""total_payment_amount"":74800,""user_name"":""정떠누"",""user_rank"":553,""user_stage"":200}"
"stage_reached_200 (App)",,,"{""Time"":""2026-04-11 12:40:02"",""UserUUID"":""e5800a20-30ba-11f1-9a1b-2d03556a354f"",""attendanceCount"":7,""attendance_count"":7,""b.diamond"":256473,""b.ruby"":0,""boxAllCount"":5890,""curserver"":2,""equipmentData"":""W:20_0A:19_0"",""install_day"":""2026-04-05"",""totalPayment"":7700,""total_payment_amount"":7700,""user_name"":""삥빵퐁"",""user_rank"":616,""user_stage"":200}"
"stage_reached_200 (App)",,,"{""Time"":""2026-04-11 12:37:46"",""UserUUID"":""ec359b10-324e-11f1-9d20-b93141ef44e2"",""attendanceCount"":5,""attendance_count"":5,""b.diamond"":2917,""b.ruby"":0,""boxAllCount"":450,""curserver"":2,""equipmentData"":""W:22_0A:19_0"",""install_day"":""2026-04-07"",""totalPayment"":7700,""total_payment_amount"":7700,""user_name"":""0526"",""user_rank"":501,""user_stage"":200}"
"stage_reached_200 (App)",,,"{""Time"":""2026-04-11 12:37:00"",""UserUUID"":""7a229680-3222-11f1-aceb-cdb128d1366a"",""attendanceCount"":5,""attendance_count"":5,""b.diamond"":47182,""b.ruby"":0,""boxAllCount"":3060,""curserver"":2,""equipmentData"":""W:20_0A:21_0"",""install_day"":""2026-04-07"",""totalPayment"":7700,""total_payment_amount"":7700,""user_name"":""세무대리인"",""user_rank"":494,""user_stage"":200}"
"stage_reached_200 (App)",,,"{""Time"":""2026-04-11 12:36:23"",""UserUUID"":""853d8720-3176-11f1-950b-25d140537819"",""attendanceCount"":6,""attendance_count"":6,""b.diamond"":3568,""b.ruby"":0,""boxAllCount"":1140,""curserver"":2,""equipmentData"":""W:20_0A:19_0"",""install_day"":""2026-04-06"",""totalPayment"":14300,""total_payment_amount"":14300,""user_name"":""집합백선생"",""user_rank"":532,""user_stage"":200}"
"stage_reached_200 (App)",,,"{""Time"":""2026-04-11 12:33:55"",""UserUUID"":""9c76a820-308d-11f1-8a26-e5cd6c484b4e"",""attendanceCount"":7,""attendance_count"":7,""b.diamond"":118921,""b.ruby"":0,""boxAllCount"":2190,""curserver"":2,""equipmentData"":""W:20_0A:19_0"",""install_day"":""2026-04-05"",""totalPayment"":7700,""total_payment_amount"":7700,""user_name"":""오이공"",""user_rank"":557,""user_stage"":200}"
"stage_reached_200 (App)",,,"{""Time"":""2026-04-11 12:29:56"",""UserUUID"":""520d2fb0-31ba-11f1-bedd-bb80aed62be1"",""attendanceCount"":6,""attendance_count"":6,""b.diamond"":237244,""b.ruby"":0,""boxAllCount"":6870,""curserver"":2,""equipmentData"":""W:23_0A:20_0"",""install_day"":""2026-04-06"",""totalPayment"":7700,""total_payment_amount"":7700,""user_name"":""노랑즈"",""user_rank"":556,""user_stage"":200}"
"stage_reached_200 (App)",,,"{""Time"":""2026-04-11 12:16:43"",""UserUUID"":""14b293d0-31e7-11f1-9898-8b63cb4f5af8"",""attendanceCount"":5,""attendance_count"":5,""b.diamond"":8594,""b.ruby"":0,""boxAllCount"":6800,""curserver"":2,""equipmentData"":""W:21_0A:22_0"",""install_day"":""2026-04-06"",""totalPayment"":40700,""total_payment_amount"":40700,""user_name"":""쫑율무"",""user_rank"":571,""user_stage"":200}"
"stage_reached_200 (App)",,,"{""Time"":""2026-04-11 12:01:06"",""UserUUID"":""95b9e930-2d62-11f1-96ba-2748e1bd8419"",""attendanceCount"":9,""attendance_count"":9,""b.diamond"":208774,""b.ruby"":220,""boxAllCount"":2580,""curserver"":1,""equipmentData"":""W:21_0A:19_0"",""install_day"":""2026-04-01"",""totalPayment"":36300,""total_payment_amount"":36300,""user_name"":""djjuua1"",""user_rank"":7473,""user_stage"":200}"
"stage_reached_200 (App)",,,"{""Time"":""2026-04-11 11:58:43"",""UserUUID"":""1c161c20-31c7-11f1-bedd-bb80aed62be1"",""attendanceCount"":6,""attendance_count"":6,""b.diamond"":4298,""b.ruby"":0,""boxAllCount"":2550,""curserver"":2,""equipmentData"":""W:21_0A:19_0"",""install_day"":""2026-04-06"",""totalPayment"":7700,""total_payment_amount"":7700,""user_name"":""즐라탄탄"",""user_rank"":580,""user_stage"":200}"
"stage_reached_200 (App)",,,"{""Time"":""2026-04-11 11:44:36"",""UserUUID"":""2457d960-346e-11f1-baa2-b39b887c8ab0"",""attendanceCount"":2,""attendance_count"":2,""b.diamond"":11021,""b.ruby"":0,""boxAllCount"":7490,""curserver"":2,""equipmentData"":""W:23_0A:20_0"",""install_day"":""2026-04-09"",""totalPayment"":7700,""total_payment_amount"":7700,""user_name"":""푸른아우라"",""user_rank"":485,""user_stage"":200}"
"stage_reached_200 (App)",,,"{""Time"":""2026-04-11 11:41:23"",""UserUUID"":""c4dd2280-30b0-11f1-bed1-b3232c293a72"",""attendanceCount"":7,""attendance_count"":7,""b.diamond"":95273,""b.ruby"":0,""boxAllCount"":2610,""curserver"":2,""equipmentData"":""W:21_0A:20_0"",""install_day"":""2026-04-05"",""totalPayment"":7700,""total_payment_amount"":7700,""user_name"":""태빠"",""user_rank"":579,""user_stage"":200}"
"stage_reached_200 (App)",,,"{""Time"":""2026-04-11 11:28:34"",""UserUUID"":""b6cb02a0-3364-11f1-870f-b99e4e357d53"",""attendanceCount"":3,""attendance_count"":3,""b.diamond"":176614,""b.ruby"":1540,""boxAllCount"":7100,""curserver"":2,""equipmentData"":""W:23_0A:21_0"",""install_day"":""2026-04-08"",""totalPayment"":62700,""total_payment_amount"":62700,""user_name"":""소식"",""user_rank"":602,""user_stage"":200}"
"stage_reached_200 (App)",,,"{""Time"":""2026-04-11 11:20:18"",""UserUUID"":""75c9f3e0-3037-11f1-8dce-4b6c756e15c8"",""attendanceCount"":7,""attendance_count"":7,""b.diamond"":2322,""b.ruby"":0,""boxAllCount"":2610,""curserver"":2,""equipmentData"":""W:20_0A:20_0"",""install_day"":""2026-04-04"",""totalPayment"":0,""total_payment_amount"":0,""user_name"":""Rei0203"",""user_rank"":487,""user_stage"":200}"
"stage_reached_200 (App)",,,"{""Time"":""2026-04-11 11:11:18"",""UserUUID"":""a51bc7e0-3280-11f1-9338-bbea93f7470a"",""attendanceCount"":5,""attendance_count"":5,""b.diamond"":58876,""b.ruby"":0,""boxAllCount"":2790,""curserver"":2,""equipmentData"":""W:20_0A:19_0"",""install_day"":""2026-04-07"",""totalPayment"":7700,""total_payment_amount"":7700,""user_name"":""언지"",""user_rank"":574,""user_stage"":200}"
"stage_reached_200 (App)",,,"{""Time"":""2026-04-11 11:07:58"",""UserUUID"":""c33988d0-856a-11ef-92b1-675a7deecbaa"",""attendanceCount"":5,""attendance_count"":5,""b.diamond"":163938,""b.ruby"":0,""boxAllCount"":1180,""curserver"":0,""equipmentData"":""W:21_0A:16_0"",""install_day"":""2024-10-08"",""totalPayment"":14300,""total_payment_amount"":14300,""user_name"":""넬잉잉"",""user_rank"":573,""user_stage"":200}"
"stage_reached_200 (App)",,,"{""Time"":""2026-04-11 11:07:48"",""UserUUID"":""0e054180-348b-11f1-b13c-1b4df4c1d553"",""attendanceCount"":2,""attendance_count"":2,""b.diamond"":9804,""b.ruby"":0,""boxAllCount"":3850,""curserver"":2,""equipmentData"":""W:20_0A:19_0"",""install_day"":""2026-04-10"",""totalPayment"":81400,""total_payment_amount"":81400,""user_name"":""굼필이"",""user_rank"":497,""user_stage"":200}"
"stage_reached_200 (App)",,,"{""Time"":""2026-04-11 11:05:07"",""UserUUID"":""87561700-2f3e-11f1-9571-1784e0ae37c1"",""attendanceCount"":9,""attendance_count"":9,""b.diamond"":333859,""b.ruby"":0,""boxAllCount"":7520,""curserver"":2,""equipmentData"":""W:23_0A:20_0"",""install_day"":""2026-04-03"",""totalPayment"":7700,""total_payment_amount"":7700,""user_name"":""SPARTA"",""user_rank"":491,""user_stage"":200}"
"stage_reached_200 (App)",,,"{""Time"":""2026-04-11 11:02:29"",""UserUUID"":""de932db0-3325-11f1-ad26-918d01757ce7"",""attendanceCount"":4,""attendance_count"":4,""b.diamond"":1937,""b.ruby"":0,""boxAllCount"":1950,""curserver"":2,""equipmentData"":""W:18_0A:16_0"",""install_day"":""2026-04-08"",""totalPayment"":22000,""total_payment_amount"":22000,""user_name"":""미진초이"",""user_rank"":816,""user_stage"":200}"
"stage_reached_200 (App)",,,"{""Time"":""2026-04-11 10:56:08"",""UserUUID"":""a09698e0-3207-11f1-9898-8b63cb4f5af8"",""attendanceCount"":5,""attendance_count"":5,""b.diamond"":8292,""b.ruby"":0,""boxAllCount"":2100,""curserver"":2,""equipmentData"":""W:20_0A:22_0"",""install_day"":""2026-04-06"",""totalPayment"":7700,""total_payment_amount"":7700,""user_name"":""앨리어드"",""user_rank"":486,""user_stage"":200}"
"stage_reached_200 (App)",,,"{""Time"":""2026-04-11 10:54:12"",""UserUUID"":""00566ad0-31ae-11f1-9898-8b63cb4f5af8"",""attendanceCount"":6,""attendance_count"":6,""b.diamond"":189091,""b.ruby"":0,""boxAllCount"":3900,""curserver"":2,""equipmentData"":""W:21_0A:19_0"",""install_day"":""2026-04-06"",""totalPayment"":7700,""total_payment_amount"":7700,""user_name"":""림혐택"",""user_rank"":495,""user_stage"":200}"
"stage_reached_200 (App)",,,"{""Time"":""2026-04-11 10:47:38"",""UserUUID"":""8e698880-33c9-11f1-8cee-dde9ae47e43d"",""attendanceCount"":3,""attendance_count"":3,""b.diamond"":11423,""b.ruby"":0,""boxAllCount"":4010,""curserver"":2,""equipmentData"":""W:22_0A:19_0"",""install_day"":""2026-04-09"",""totalPayment"":19800,""total_payment_amount"":19800,""user_name"":""후채"",""user_rank"":553,""user_stage"":200}"
"stage_reached_200 (App)",,,"{""Time"":""2026-04-11 10:37:20"",""UserUUID"":""8e328680-3367-11f1-a092-213ab336b0c1"",""attendanceCount"":3,""attendance_count"":3,""b.diamond"":38256,""b.ruby"":0,""boxAllCount"":2470,""curserver"":2,""equipmentData"":""W:21_0A:18_0"",""install_day"":""2026-04-08"",""totalPayment"":58300,""total_payment_amount"":58300,""user_name"":""땅떠"",""user_rank"":474,""user_stage"":200}"
"stage_reached_200 (App)",,,"{""Time"":""2026-04-11 10:32:15"",""UserUUID"":""95317610-3346-11f1-83ca-1f6142187db8"",""attendanceCount"":4,""attendance_count"":4,""b.diamond"":37669,""b.ruby"":220,""boxAllCount"":1530,""curserver"":2,""equipmentData"":""W:21_0A:18_0"",""install_day"":""2026-04-08"",""totalPayment"":31900,""total_payment_amount"":31900,""user_name"":""난세표지"",""user_rank"":487,""user_stage"":200}"
"stage_reached_200 (App)",,,"{""Time"":""2026-04-11 10:24:19"",""UserUUID"":""9758e510-2f84-11f1-8d2f-3329cf798975"",""attendanceCount"":8,""attendance_count"":8,""b.diamond"":31354,""b.ruby"":660,""boxAllCount"":7160,""curserver"":2,""equipmentData"":""W:21_0A:20_0"",""install_day"":""2026-04-03"",""totalPayment"":47300,""total_payment_amount"":47300,""user_name"":""한심하기는"",""user_rank"":542,""user_stage"":200}"
"stage_reached_200 (App)",,,"{""Time"":""2026-04-11 10:23:38"",""UserUUID"":""25d32dc0-3208-11f1-b207-55ad83937d05"",""attendanceCount"":5,""attendance_count"":5,""b.diamond"":5426,""b.ruby"":0,""boxAllCount"":1620,""curserver"":2,""equipmentData"":""W:19_0A:19_0"",""install_day"":""2026-04-06"",""totalPayment"":0,""total_payment_amount"":0,""user_name"":""토문"",""user_rank"":461,""user_stage"":200}"
"stage_reached_200 (App)",,,"{""Time"":""2026-04-11 10:08:27"",""UserUUID"":""c2e9c400-31ce-11f1-8dd1-0b3e03cc4705"",""attendanceCount"":5,""attendance_count"":5,""b.diamond"":136828,""b.ruby"":0,""boxAllCount"":1050,""curserver"":2,""equipmentData"":""W:20_0A:19_0"",""install_day"":""2026-04-06"",""totalPayment"":7700,""total_payment_amount"":7700,""user_name"":""바다속스펀지"",""user_rank"":485,""user_stage"":200}"
"stage_reached_200 (App)",,,"{""Time"":""2026-04-11 10:05:41"",""UserUUID"":""e799e890-2f3d-11f1-a6e8-7fb0f283f50a"",""attendanceCount"":9,""attendance_count"":9,""b.diamond"":10694,""b.ruby"":0,""boxAllCount"":310,""curserver"":2,""equipmentData"":""W:21_0A:19_0"",""install_day"":""2026-04-03"",""totalPayment"":7700,""total_payment_amount"":7700,""user_name"":""MIRI"",""user_rank"":541,""user_stage"":200}"
"stage_reached_200 (App)",,,"{""Time"":""2026-04-11 09:55:31"",""UserUUID"":""9e9a2f00-323b-11f1-9fe8-092bf18f6c45"",""attendanceCount"":5,""attendance_count"":5,""b.diamond"":78802,""b.ruby"":110,""boxAllCount"":2100,""curserver"":2,""equipmentData"":""W:21_0A:21_0"",""install_day"":""2026-04-07"",""totalPayment"":18700,""total_payment_amount"":18700,""user_name"":""천변"",""user_rank"":536,""user_stage"":200}"
"stage_reached_200 (App)",,,"{""Time"":""2026-04-11 09:49:22"",""UserUUID"":""9a3dd600-31c8-11f1-905f-b3a6c6cdda57"",""attendanceCount"":6,""attendance_count"":6,""b.diamond"":251375,""b.ruby"":0,""boxAllCount"":1020,""curserver"":2,""equipmentData"":""W:23_0A:19_0"",""install_day"":""2026-04-06"",""totalPayment"":7700,""total_payment_amount"":7700,""user_name"":""뱅스홍"",""user_rank"":471,""user_stage"":200}"
"stage_reached_200 (App)",,,"{""Time"":""2026-04-11 09:47:59"",""UserUUID"":""aa040ee0-2f5e-11f1-a7cb-dd5571ea1e05"",""attendanceCount"":10,""attendance_count"":10,""b.diamond"":108892,""b.ruby"":0,""boxAllCount"":1530,""curserver"":2,""equipmentData"":""W:20_0A:19_0"",""install_day"":""2026-04-03"",""totalPayment"":7700,""total_payment_amount"":7700,""user_name"":""하두식"",""user_rank"":452,""user_stage"":200}"
"stage_reached_200 (App)",,,"{""Time"":""2026-04-11 09:39:45"",""UserUUID"":""6df65830-3266-11f1-b9ed-0555eca76587"",""attendanceCount"":5,""attendance_count"":5,""b.diamond"":236499,""b.ruby"":0,""boxAllCount"":2040,""curserver"":2,""equipmentData"":""W:22_0A:19_0"",""install_day"":""2026-04-07"",""totalPayment"":0,""total_payment_amount"":0,""user_name"":""궐련"",""user_rank"":742,""user_stage"":200}"
"stage_reached_200 (App)",,,"{""Time"":""2026-04-11 09:38:17"",""UserUUID"":""c2157270-306d-11f1-a1f9-01de0fa86329"",""attendanceCount"":7,""attendance_count"":7,""b.diamond"":89463,""b.ruby"":0,""boxAllCount"":1140,""curserver"":2,""equipmentData"":""W:20_0A:19_0"",""install_day"":""2026-04-04"",""totalPayment"":7700,""total_payment_amount"":7700,""user_name"":""석현"",""user_rank"":459,""user_stage"":200}"
"stage_reached_200 (App)",,,"{""Time"":""2026-04-11 09:22:22"",""UserUUID"":""4f314150-24b3-11f1-ab91-cda85fd186ad"",""attendanceCount"":11,""attendance_count"":11,""b.diamond"":291317,""b.ruby"":0,""boxAllCount"":1200,""curserver"":1,""equipmentData"":""W:20_0A:19_0"",""install_day"":""2026-03-20"",""totalPayment"":7700,""total_payment_amount"":7700,""user_name"":""burum"",""user_rank"":7212,""user_stage"":200}"
"stage_reached_200 (App)",,,"{""Time"":""2026-04-11 09:05:54"",""UserUUID"":""5d6948e0-328b-11f1-bf0d-0768a26dba90"",""attendanceCount"":5,""attendance_count"":5,""b.diamond"":89809,""b.ruby"":0,""boxAllCount"":180,""curserver"":2,""equipmentData"":""W:17_0A:19_0"",""install_day"":""2026-04-07"",""totalPayment"":7700,""total_payment_amount"":7700,""user_name"":""임티몬"",""user_rank"":543,""user_stage"":200}"
"stage_reached_200 (App)",,,"{""Time"":""2026-04-11 08:58:34"",""UserUUID"":""9d2c0f80-327c-11f1-8286-97ad1b7c8074"",""attendanceCount"":5,""attendance_count"":5,""b.diamond"":154253,""b.ruby"":0,""boxAllCount"":2430,""curserver"":2,""equipmentData"":""W:23_0A:19_0"",""install_day"":""2026-04-07"",""totalPayment"":7700,""total_payment_amount"":7700,""user_name"":""주님곁으로"",""user_rank"":791,""user_stage"":200}"
"stage_reached_200 (App)",,,"{""Time"":""2026-04-11 08:58:22"",""UserUUID"":""ee0309f0-33c0-11f1-9eda-7f2e43afd1c4"",""attendanceCount"":3,""attendance_count"":3,""b.diamond"":6516,""b.ruby"":0,""boxAllCount"":2010,""curserver"":2,""equipmentData"":""W:19_0A:17_0"",""install_day"":""2026-04-09"",""totalPayment"":49500,""total_payment_amount"":49500,""user_name"":""antic"",""user_rank"":449,""user_stage"":200}"
"stage_reached_200 (App)",,,"{""Time"":""2026-04-11 08:52:31"",""UserUUID"":""2e558990-2fe5-11f1-96f6-d9ceed10cae2"",""attendanceCount"":8,""attendance_count"":8,""b.diamond"":473362,""b.ruby"":0,""boxAllCount"":7040,""curserver"":2,""equipmentData"":""W:23_0A:19_0"",""install_day"":""2026-04-04"",""totalPayment"":7700,""total_payment_amount"":7700,""user_name"":""난세다난세얌"",""user_rank"":454,""user_stage"":200}"
"stage_reached_200 (App)",,,"{""Time"":""2026-04-11 08:45:49"",""UserUUID"":""25529870-2f5d-11f1-9286-9b31303d67c3"",""attendanceCount"":9,""attendance_count"":9,""b.diamond"":51030,""b.ruby"":0,""boxAllCount"":1320,""curserver"":2,""equipmentData"":""W:20_0A:19_0"",""install_day"":""2026-04-03"",""totalPayment"":7700,""total_payment_amount"":7700,""user_name"":""블체"",""user_rank"":454,""user_stage"":200}"
"stage_reached_200 (App)",,,"{""Time"":""2026-04-11 08:45:32"",""UserUUID"":""57408b50-327b-11f1-9338-bbea93f7470a"",""attendanceCount"":5,""attendance_count"":5,""b.diamond"":38058,""b.ruby"":0,""boxAllCount"":3730,""curserver"":2,""equipmentData"":""W:21_0A:22_0"",""install_day"":""2026-04-07"",""totalPayment"":40700,""total_payment_amount"":40700,""user_name"":""이기건"",""user_rank"":526,""user_stage"":200}"
"stage_reached_200 (App)",,,"{""Time"":""2026-04-11 08:36:04"",""UserUUID"":""8adb9230-3289-11f1-8286-97ad1b7c8074"",""attendanceCount"":5,""attendance_count"":5,""b.diamond"":92905,""b.ruby"":0,""boxAllCount"":1230,""curserver"":2,""equipmentData"":""W:21_0A:23_0"",""install_day"":""2026-04-07"",""totalPayment"":7700,""total_payment_amount"":7700,""user_name"":""예서"",""user_rank"":453,""user_stage"":200}"
"stage_reached_200 (App)",,,"{""Time"":""2026-04-11 08:30:41"",""UserUUID"":""c7558eb0-2fc2-11f1-a189-5da4729d7f88"",""attendanceCount"":8,""attendance_count"":8,""b.diamond"":407,""b.ruby"":0,""boxAllCount"":4420,""curserver"":2,""equipmentData"":""W:21_0A:20_0"",""install_day"":""2026-04-04"",""totalPayment"":7700,""total_payment_amount"":7700,""user_name"":""품품"",""user_rank"":488,""user_stage"":200}"
"stage_reached_200 (App)",,,"{""Time"":""2026-04-11 08:29:18"",""UserUUID"":""71f97760-3099-11f1-ac84-bd6f2b97a25b"",""attendanceCount"":6,""attendance_count"":6,""b.diamond"":9420,""b.ruby"":0,""boxAllCount"":3400,""curserver"":2,""equipmentData"":""W:20_0A:19_0"",""install_day"":""2026-04-05"",""totalPayment"":7700,""total_payment_amount"":7700,""user_name"":""시작과끝"",""user_rank"":499,""user_stage"":200}"
"stage_reached_200 (App)",,,"{""Time"":""2026-04-11 08:08:10"",""UserUUID"":""326035f0-30a1-11f1-a784-8b2f36fae7f6"",""attendanceCount"":7,""attendance_count"":7,""b.diamond"":126922,""b.ruby"":0,""boxAllCount"":1800,""curserver"":2,""equipmentData"":""W:20_0A:19_0"",""install_day"":""2026-04-05"",""totalPayment"":7700,""total_payment_amount"":7700,""user_name"":""신암행어사"",""user_rank"":379,""user_stage"":200}"
"stage_reached_200 (App)",,,"{""Time"":""2026-04-11 08:07:25"",""UserUUID"":""68b10980-3219-11f1-8064-1dc2d2e31472"",""attendanceCount"":5,""attendance_count"":5,""b.diamond"":75036,""b.ruby"":0,""boxAllCount"":2400,""curserver"":2,""equipmentData"":""W:20_0A:19_0"",""install_day"":""2026-04-07"",""totalPayment"":0,""total_payment_amount"":0,""user_name"":""메시기모찌"",""user_rank"":479,""user_stage"":200}"
"stage_reached_200 (App)",,,"{""Time"":""2026-04-11 08:07:09"",""UserUUID"":""9a2f53a0-2ff2-11f1-9e3a-018eee98e357"",""attendanceCount"":8,""attendance_count"":8,""b.diamond"":117007,""b.ruby"":0,""boxAllCount"":2760,""curserver"":2,""equipmentData"":""W:20_0A:19_0"",""install_day"":""2026-04-04"",""totalPayment"":7700,""total_payment_amount"":7700,""user_name"":""베메제네"",""user_rank"":439,""user_stage"":200}"
"stage_reached_200 (App)",,,"{""Time"":""2026-04-11 08:05:32"",""UserUUID"":""93d983a0-3087-11f1-8899-6deb230234d8"",""attendanceCount"":7,""attendance_count"":7,""b.diamond"":85587,""b.ruby"":0,""boxAllCount"":3360,""curserver"":2,""equipmentData"":""W:21_0A:20_0"",""install_day"":""2026-04-05"",""totalPayment"":11000,""total_payment_amount"":11000,""user_name"":""담토리"",""user_rank"":556,""user_stage"":200}"
"stage_reached_200 (App)",,,"{""Time"":""2026-04-11 07:58:31"",""UserUUID"":""60760520-3045-11f1-90da-57b95088a7af"",""attendanceCount"":7,""attendance_count"":7,""b.diamond"":46453,""b.ruby"":0,""boxAllCount"":3120,""curserver"":2,""equipmentData"":""W:21_0A:19_0"",""install_day"":""2026-04-04"",""totalPayment"":7700,""total_payment_amount"":7700,""user_name"":""See리얼"",""user_rank"":504,""user_stage"":200}"
"stage_reached_200 (App)",,,"{""Time"":""2026-04-11 07:56:05"",""UserUUID"":""4d23a530-32e4-11f1-a6a8-07161db1a495"",""attendanceCount"":4,""attendance_count"":4,""b.diamond"":1410,""b.ruby"":0,""boxAllCount"":1590,""curserver"":2,""equipmentData"":""W:18_0A:18_0"",""install_day"":""2026-04-08"",""totalPayment"":40700,""total_payment_amount"":40700,""user_name"":""말순이"",""user_rank"":435,""user_stage"":200}"
"stage_reached_200 (App)",,,"{""Time"":""2026-04-11 07:54:37"",""UserUUID"":""6642c5b0-3176-11f1-847f-4f88b7ef5129"",""attendanceCount"":6,""attendance_count"":6,""b.diamond"":23373,""b.ruby"":0,""boxAllCount"":3180,""curserver"":2,""equipmentData"":""W:20_0A:19_0"",""install_day"":""2026-04-06"",""totalPayment"":0,""total_payment_amount"":0,""user_name"":""즐기면서하죠"",""user_rank"":490,""user_stage"":200}"
"stage_reached_200 (App)",,,"{""Time"":""2026-04-11 07:50:24"",""UserUUID"":""971960e0-323e-11f1-af48-1d1b8631a5cd"",""attendanceCount"":5,""attendance_count"":5,""b.diamond"":19643,""b.ruby"":0,""boxAllCount"":3240,""curserver"":2,""equipmentData"":""W:21_0A:19_0"",""install_day"":""2026-04-07"",""totalPayment"":7700,""total_payment_amount"":7700,""user_name"":""불침번"",""user_rank"":490,""user_stage"":200}"
"stage_reached_200 (App)",,,"{""Time"":""2026-04-11 07:47:01"",""UserUUID"":""17efb6d0-327e-11f1-862b-0b3ba8ecfbe1"",""attendanceCount"":5,""attendance_count"":5,""b.diamond"":120018,""b.ruby"":110,""boxAllCount"":3180,""curserver"":2,""equipmentData"":""W:21_0A:19_0"",""install_day"":""2026-04-07"",""totalPayment"":14300,""total_payment_amount"":14300,""user_name"":""더위사냠"",""user_rank"":587,""user_stage"":200}"
"stage_reached_200 (App)",,,"{""Time"":""2026-04-11 07:36:15"",""UserUUID"":""14b65340-31b9-11f1-93f8-6b58eb0d3fbd"",""attendanceCount"":6,""attendance_count"":6,""b.diamond"":52979,""b.ruby"":0,""boxAllCount"":450,""curserver"":2,""equipmentData"":""W:19_0A:19_0"",""install_day"":""2026-04-06"",""totalPayment"":7700,""total_payment_amount"":7700,""user_name"":""최토링"",""user_rank"":487,""user_stage"":200}"
"stage_reached_200 (App)",,,"{""Time"":""2026-04-11 07:35:48"",""UserUUID"":""ccc4c3f0-3109-11f1-b3ad-11ecbcfeb113"",""attendanceCount"":6,""attendance_count"":6,""b.diamond"":38238,""b.ruby"":110,""boxAllCount"":2550,""curserver"":2,""equipmentData"":""W:20_0A:19_0"",""install_day"":""2026-04-05"",""totalPayment"":14300,""total_payment_amount"":14300,""user_name"":""강희"",""user_rank"":461,""user_stage"":200}"
"stage_reached_200 (App)",,,"{""Time"":""2026-04-11 07:28:15"",""UserUUID"":""1fd95ee0-2fc8-11f1-9b41-d70e5ddb1ec7"",""attendanceCount"":8,""attendance_count"":8,""b.diamond"":128786,""b.ruby"":0,""boxAllCount"":2580,""curserver"":2,""equipmentData"":""W:22_0A:19_0"",""install_day"":""2026-04-04"",""totalPayment"":7700,""total_payment_amount"":7700,""user_name"":""유부남"",""user_rank"":533,""user_stage"":200}"
"stage_reached_200 (App)",,,"{""Time"":""2026-04-11 07:18:50"",""UserUUID"":""b354ff50-2fee-11f1-99f1-4f02bbc37f3b"",""attendanceCount"":8,""attendance_count"":8,""b.diamond"":700045,""b.ruby"":0,""boxAllCount"":2580,""curserver"":2,""equipmentData"":""W:20_0A:19_0"",""install_day"":""2026-04-04"",""totalPayment"":7700,""total_payment_amount"":7700,""user_name"":""양공"",""user_rank"":487,""user_stage"":200}"
"stage_reached_200 (App)",,,"{""Time"":""2026-04-11 07:13:01"",""UserUUID"":""31c38a00-3210-11f1-b8ce-7d0ad7b94dc6"",""attendanceCount"":5,""attendance_count"":5,""b.diamond"":25504,""b.ruby"":0,""boxAllCount"":2880,""curserver"":2,""equipmentData"":""W:21_0A:19_0"",""install_day"":""2026-04-06"",""totalPayment"":7700,""total_payment_amount"":7700,""user_name"":""가규"",""user_rank"":434,""user_stage"":200}"
"stage_reached_200 (App)",,,"{""Time"":""2026-04-11 06:56:27"",""UserUUID"":""a0cd18e0-30ac-11f1-9322-7b548b1036be"",""attendanceCount"":7,""attendance_count"":7,""b.diamond"":3530,""b.ruby"":0,""boxAllCount"":1320,""curserver"":2,""equipmentData"":""W:20_0A:19_0"",""install_day"":""2026-04-05"",""totalPayment"":7700,""total_payment_amount"":7700,""user_name"":""안하무인"",""user_rank"":431,""user_stage"":200}"
"stage_reached_200 (App)",,,"{""Time"":""2026-04-11 06:49:46"",""UserUUID"":""950f61b0-31de-11f1-9ff9-f91f333f42c8"",""attendanceCount"":5,""attendance_count"":5,""b.diamond"":3448,""b.ruby"":0,""boxAllCount"":2890,""curserver"":2,""equipmentData"":""W:20_0A:19_0"",""install_day"":""2026-04-06"",""totalPayment"":49500,""total_payment_amount"":49500,""user_name"":""Pavell"",""user_rank"":467,""user_stage"":200}"
"stage_reached_200 (App)",,,"{""Time"":""2026-04-11 06:51:11"",""UserUUID"":""6eed5bf0-30b1-11f1-8ada-5b005ce58860"",""attendanceCount"":7,""attendance_count"":7,""b.diamond"":18228,""b.ruby"":0,""boxAllCount"":900,""curserver"":2,""equipmentData"":""W:20_0A:19_0"",""install_day"":""2026-04-05"",""totalPayment"":0,""total_payment_amount"":0,""user_name"":""양민쿠키"",""user_rank"":496,""user_stage"":200}"
"stage_reached_200 (App)",,,"{""Time"":""2026-04-11 06:45:57"",""UserUUID"":""750faad0-31c7-11f1-9898-8b63cb4f5af8"",""attendanceCount"":6,""attendance_count"":6,""b.diamond"":332115,""b.ruby"":0,""boxAllCount"":1920,""curserver"":2,""equipmentData"":""W:21_0A:19_0"",""install_day"":""2026-04-06"",""totalPayment"":7700,""total_payment_amount"":7700,""user_name"":""Qwasdff"",""user_rank"":444,""user_stage"":200}"
"stage_reached_200 (App)",,,"{""Time"":""2026-04-11 06:36:26"",""UserUUID"":""f9e16500-2f0b-11f1-8cbd-a5205e910b18"",""attendanceCount"":9,""attendance_count"":9,""b.diamond"":122891,""b.ruby"":0,""boxAllCount"":9890,""curserver"":2,""equipmentData"":""W:20_0A:20_0"",""install_day"":""2026-04-03"",""totalPayment"":0,""total_payment_amount"":0,""user_name"":""천호"",""user_rank"":444,""user_stage"":200}"
"stage_reached_200 (App)",,,"{""Time"":""2026-04-11 06:31:00"",""UserUUID"":""c7a29250-31e8-11f1-b0bc-1fdcc64ef732"",""attendanceCount"":5,""attendance_count"":5,""b.diamond"":75861,""b.ruby"":0,""boxAllCount"":3910,""curserver"":2,""equipmentData"":""W:21_0A:20_0"",""install_day"":""2026-04-06"",""totalPayment"":51700,""total_payment_amount"":51700,""user_name"":""zzzvgf"",""user_rank"":561,""user_stage"":200}"
"stage_reached_200 (App)",,,"{""Time"":""2026-04-11 06:07:11"",""UserUUID"":""31c6b890-31b3-11f1-9427-136d155409e6"",""attendanceCount"":6,""attendance_count"":6,""b.diamond"":176883,""b.ruby"":0,""boxAllCount"":2520,""curserver"":2,""equipmentData"":""W:22_0A:19_0"",""install_day"":""2026-04-06"",""totalPayment"":7700,""total_payment_amount"":7700,""user_name"":""카스맨"",""user_rank"":440,""user_stage"":200}"
"stage_reached_200 (App)",,,"{""Time"":""2026-04-11 06:00:47"",""UserUUID"":""403bff00-328c-11f1-89ae-25558d9abf90"",""attendanceCount"":5,""attendance_count"":5,""b.diamond"":141384,""b.ruby"":0,""boxAllCount"":3000,""curserver"":2,""equipmentData"":""W:23_0A:19_0"",""install_day"":""2026-04-07"",""totalPayment"":7700,""total_payment_amount"":7700,""user_name"":""빵랜디"",""user_rank"":476,""user_stage"":200}"
"stage_reached_200 (App)",,,"{""Time"":""2026-04-11 06:00:24"",""UserUUID"":""0fce1f50-3346-11f1-a847-019f07c29285"",""attendanceCount"":4,""attendance_count"":4,""b.diamond"":166314,""b.ruby"":0,""boxAllCount"":6010,""curserver"":2,""equipmentData"":""W:23_0A:20_0"",""install_day"":""2026-04-08"",""totalPayment"":18700,""total_payment_amount"":18700,""user_name"":""chw"",""user_rank"":526,""user_stage"":200}"
"stage_reached_200 (App)",,,"{""Time"":""2026-04-11 05:48:21"",""UserUUID"":""f51200d0-31b7-11f1-ad81-5fbf85815b1d"",""attendanceCount"":6,""attendance_count"":6,""b.diamond"":14670,""b.ruby"":0,""boxAllCount"":6110,""curserver"":2,""equipmentData"":""W:20_0A:20_0"",""install_day"":""2026-04-06"",""totalPayment"":73700,""total_payment_amount"":73700,""user_name"":""혜광"",""user_rank"":474,""user_stage"":200}"
"stage_reached_200 (App)",,,"{""Time"":""2026-04-11 05:46:17"",""UserUUID"":""a66a8ba0-3257-11f1-9f5b-c565869b1ef1"",""attendanceCount"":5,""attendance_count"":5,""b.diamond"":314142,""b.ruby"":0,""boxAllCount"":3330,""curserver"":2,""equipmentData"":""W:23_0A:20_0"",""install_day"":""2026-04-07"",""totalPayment"":7700,""total_payment_amount"":7700,""user_name"":""joopop"",""user_rank"":475,""user_stage"":200}"
"stage_reached_200 (App)",,,"{""Time"":""2026-04-11 05:46:08"",""UserUUID"":""1b93fef0-3237-11f1-9d20-b93141ef44e2"",""attendanceCount"":5,""attendance_count"":5,""b.diamond"":1162,""b.ruby"":0,""boxAllCount"":1350,""curserver"":2,""equipmentData"":""W:21_0A:19_0"",""install_day"":""2026-04-07"",""totalPayment"":7700,""total_payment_amount"":7700,""user_name"":""있팠"",""user_rank"":643,""user_stage"":200}"
"stage_reached_200 (App)",,,"{""Time"":""2026-04-11 05:42:59"",""UserUUID"":""a055b560-31b1-11f1-9a41-93219c5f9938"",""attendanceCount"":6,""attendance_count"":6,""b.diamond"":33362,""b.ruby"":0,""boxAllCount"":2640,""curserver"":2,""equipmentData"":""W:20_0A:23_0"",""install_day"":""2026-04-06"",""totalPayment"":7700,""total_payment_amount"":7700,""user_name"":""오엠베"",""user_rank"":437,""user_stage"":200}"
"stage_reached_200 (App)",,,"{""Time"":""2026-04-11 05:37:29"",""UserUUID"":""1d6e1450-3001-11f1-bbf9-991644850b07"",""attendanceCount"":8,""attendance_count"":8,""b.diamond"":271764,""b.ruby"":0,""boxAllCount"":1300,""curserver"":2,""equipmentData"":""W:21_0A:19_0"",""install_day"":""2026-04-04"",""totalPayment"":7700,""total_payment_amount"":7700,""user_name"":""효신"",""user_rank"":448,""user_stage"":200}"
"stage_reached_200 (App)",,,"{""Time"":""2026-04-11 05:18:02"",""UserUUID"":""b33edb60-3374-11f1-b776-c16c6a8f6250"",""attendanceCount"":3,""attendance_count"":3,""b.diamond"":49974,""b.ruby"":0,""boxAllCount"":2460,""curserver"":2,""equipmentData"":""W:22_0A:22_0"",""install_day"":""2026-04-08"",""totalPayment"":7700,""total_payment_amount"":7700,""user_name"":""9UN0"",""user_rank"":419,""user_stage"":200}"
"stage_reached_200 (App)",,,"{""Time"":""2026-04-11 05:11:33"",""UserUUID"":""495ac340-30a8-11f1-a35c-7d12bdd96b0a"",""attendanceCount"":7,""attendance_count"":7,""b.diamond"":2993,""b.ruby"":0,""boxAllCount"":5290,""curserver"":2,""equipmentData"":""W:22_0A:19_0"",""install_day"":""2026-04-05"",""totalPayment"":7700,""total_payment_amount"":7700,""user_name"":""브보"",""user_rank"":474,""user_stage"":200}"
"stage_reached_200 (App)",,,"{""Time"":""2026-04-11 04:43:22"",""UserUUID"":""b794be60-31bb-11f1-93f8-6b58eb0d3fbd"",""attendanceCount"":6,""attendance_count"":6,""b.diamond"":518366,""b.ruby"":0,""boxAllCount"":2640,""curserver"":2,""equipmentData"":""W:22_0A:19_0"",""install_day"":""2026-04-06"",""totalPayment"":7700,""total_payment_amount"":7700,""user_name"":""조악마"",""user_rank"":507,""user_stage"":200}"
"stage_reached_200 (App)",,,"{""Time"":""2026-04-11 04:06:30"",""UserUUID"":""87390ca0-3371-11f1-8667-15196ccfe901"",""attendanceCount"":3,""attendance_count"":3,""b.diamond"":99062,""b.ruby"":0,""boxAllCount"":4020,""curserver"":2,""equipmentData"":""W:23_0A:19_0"",""install_day"":""2026-04-08"",""totalPayment"":0,""total_payment_amount"":0,""user_name"":""박미련"",""user_rank"":480,""user_stage"":200}"
"stage_reached_200 (App)",,,"{""Time"":""2026-04-11 03:56:29"",""UserUUID"":""5912e930-30ed-11f1-b4f4-5788490c744f"",""attendanceCount"":7,""attendance_count"":7,""b.diamond"":339059,""b.ruby"":0,""boxAllCount"":450,""curserver"":2,""equipmentData"":""W:20_0A:19_0"",""install_day"":""2026-04-05"",""totalPayment"":0,""total_payment_amount"":0,""user_name"":""동글동글완두콩"",""user_rank"":555,""user_stage"":200}"
"stage_reached_200 (App)",,,"{""Time"":""2026-04-11 03:55:48"",""UserUUID"":""85080320-2f50-11f1-8958-938ba84a1cd9"",""attendanceCount"":9,""attendance_count"":9,""b.diamond"":116635,""b.ruby"":0,""boxAllCount"":1920,""curserver"":2,""equipmentData"":""W:21_0A:22_0"",""install_day"":""2026-04-03"",""totalPayment"":0,""total_payment_amount"":0,""user_name"":""거제불주먹"",""user_rank"":429,""user_stage"":200}"
"stage_reached_200 (App)",,,"{""Time"":""2026-04-11 03:49:10"",""UserUUID"":""72d9d580-31bb-11f1-8dd1-0b3e03cc4705"",""attendanceCount"":6,""attendance_count"":6,""b.diamond"":351019,""b.ruby"":0,""boxAllCount"":2160,""curserver"":2,""equipmentData"":""W:23_0A:19_0"",""install_day"":""2026-04-06"",""totalPayment"":7700,""total_payment_amount"":7700,""user_name"":""아므"",""user_rank"":672,""user_stage"":200}"
"stage_reached_200 (App)",,,"{""Time"":""2026-04-11 03:42:02"",""UserUUID"":""ada6fe60-2f8e-11f1-b856-011e2bdb83d1"",""attendanceCount"":8,""attendance_count"":8,""b.diamond"":4491,""b.ruby"":0,""boxAllCount"":2440,""curserver"":2,""equipmentData"":""W:21_0A:19_0"",""install_day"":""2026-04-03"",""totalPayment"":17600,""total_payment_amount"":17600,""user_name"":""무백이"",""user_rank"":454,""user_stage"":200}"
"stage_reached_200 (App)",,,"{""Time"":""2026-04-11 03:26:00"",""UserUUID"":""38185110-3256-11f1-8039-554c81b5538d"",""attendanceCount"":5,""attendance_count"":5,""b.diamond"":8661,""b.ruby"":0,""boxAllCount"":4360,""curserver"":2,""equipmentData"":""W:23_0A:19_0"",""install_day"":""2026-04-07"",""totalPayment"":7700,""total_payment_amount"":7700,""user_name"":""마타타"",""user_rank"":547,""user_stage"":200}"
"stage_reached_200 (App)",,,"{""Time"":""2026-04-11 02:51:46"",""UserUUID"":""b66c1890-334a-11f1-82c7-27fac31f9892"",""attendanceCount"":4,""attendance_count"":4,""b.diamond"":51180,""b.ruby"":330,""boxAllCount"":3570,""curserver"":2,""equipmentData"":""W:23_0A:22_0"",""install_day"":""2026-04-08"",""totalPayment"":14300,""total_payment_amount"":14300,""user_name"":""정순신"",""user_rank"":564,""user_stage"":200}"
"stage_reached_200 (App)",,,"{""Time"":""2026-04-11 02:46:18"",""UserUUID"":""07a228e0-32a0-11f1-bbbd-316b8ef824a4"",""attendanceCount"":4,""attendance_count"":4,""b.diamond"":46826,""b.ruby"":110,""boxAllCount"":8650,""curserver"":2,""equipmentData"":""W:22_0A:21_0"",""install_day"":""2026-04-07"",""totalPayment"":73700,""total_payment_amount"":73700,""user_name"":""조두팔"",""user_rank"":625,""user_stage"":200}"
"stage_reached_200 (App)",,,"{""Time"":""2026-04-11 02:44:12"",""UserUUID"":""04ede3c0-31ef-11f1-9427-136d155409e6"",""attendanceCount"":5,""attendance_count"":5,""b.diamond"":1787,""b.ruby"":0,""boxAllCount"":1570,""curserver"":2,""equipmentData"":""W:18_0A:19_0"",""install_day"":""2026-04-06"",""totalPayment"":12100,""total_payment_amount"":12100,""user_name"":""우웅치키인"",""user_rank"":415,""user_stage"":200}"
"stage_reached_200 (App)",,,"{""Time"":""2026-04-11 02:32:38"",""UserUUID"":""c1c19050-31d1-11f1-bedd-bb80aed62be1"",""attendanceCount"":5,""attendance_count"":5,""b.diamond"":4396,""b.ruby"":0,""boxAllCount"":960,""curserver"":2,""equipmentData"":""W:19_0A:19_0"",""install_day"":""2026-04-06"",""totalPayment"":7700,""total_payment_amount"":7700,""user_name"":""규동우동"",""user_rank"":424,""user_stage"":200}"
"stage_reached_200 (App)",,,"{""Time"":""2026-04-11 02:18:04"",""UserUUID"":""adb16de0-30bb-11f1-bdc9-d53faa467de4"",""attendanceCount"":7,""attendance_count"":7,""b.diamond"":8524,""b.ruby"":0,""boxAllCount"":2190,""curserver"":2,""equipmentData"":""W:21_0A:19_0"",""install_day"":""2026-04-05"",""totalPayment"":7700,""total_payment_amount"":7700,""user_name"":""최강민제"",""user_rank"":432,""user_stage"":200}"
"stage_reached_200 (App)",,,"{""Time"":""2026-04-11 02:17:06"",""UserUUID"":""40d63800-306f-11f1-86f1-3bd525b9a799"",""attendanceCount"":7,""attendance_count"":7,""b.diamond"":110206,""b.ruby"":0,""boxAllCount"":1410,""curserver"":2,""equipmentData"":""W:21_0A:19_0"",""install_day"":""2026-04-04"",""totalPayment"":0,""total_payment_amount"":0,""user_name"":""을순"",""user_rank"":704,""user_stage"":200}"
"stage_reached_200 (App)",,,"{""Time"":""2026-04-11 02:14:56"",""UserUUID"":""f7eb35f0-315e-11f1-88dc-997862869414"",""attendanceCount"":6,""attendance_count"":6,""b.diamond"":313571,""b.ruby"":0,""boxAllCount"":6340,""curserver"":2,""equipmentData"":""W:23_0A:20_0"",""install_day"":""2026-04-06"",""totalPayment"":7700,""total_payment_amount"":7700,""user_name"":""뭐라누"",""user_rank"":704,""user_stage"":200}"
"stage_reached_200 (App)",,,"{""Time"":""2026-04-11 02:10:41"",""UserUUID"":""262a1b00-3242-11f1-8039-554c81b5538d"",""attendanceCount"":5,""attendance_count"":5,""b.diamond"":132149,""b.ruby"":0,""boxAllCount"":540,""curserver"":2,""equipmentData"":""W:17_0A:19_0"",""install_day"":""2026-04-07"",""totalPayment"":7700,""total_payment_amount"":7700,""user_name"":""홍토리토리"",""user_rank"":500,""user_stage"":200}"
"stage_reached_200 (App)",,,"{""Time"":""2026-04-11 01:55:38"",""UserUUID"":""c3b22e00-31d7-11f1-bedd-bb80aed62be1"",""attendanceCount"":5,""attendance_count"":5,""b.diamond"":191540,""b.ruby"":0,""boxAllCount"":1090,""curserver"":2,""equipmentData"":""W:20_0A:19_0"",""install_day"":""2026-04-06"",""totalPayment"":18700,""total_payment_amount"":18700,""user_name"":""머짓"",""user_rank"":513,""user_stage"":200}"
"stage_reached_200 (App)",,,"{""Time"":""2026-04-11 01:48:34"",""UserUUID"":""e60bd990-32e2-11f1-8449-038677ff4266"",""attendanceCount"":4,""attendance_count"":4,""b.diamond"":10446,""b.ruby"":0,""boxAllCount"":2860,""curserver"":2,""equipmentData"":""W:21_0A:18_0"",""install_day"":""2026-04-08"",""totalPayment"":73700,""total_payment_amount"":73700,""user_name"":""Chef쿠마"",""user_rank"":427,""user_stage"":200}"
"stage_reached_200 (App)",,,"{""Time"":""2026-04-11 01:46:52"",""UserUUID"":""e0b97d30-30c1-11f1-9a1b-2d03556a354f"",""attendanceCount"":7,""attendance_count"":7,""b.diamond"":22550,""b.ruby"":0,""boxAllCount"":4570,""curserver"":2,""equipmentData"":""W:20_0A:19_0"",""install_day"":""2026-04-05"",""totalPayment"":7700,""total_payment_amount"":7700,""user_name"":""츄리"",""user_rank"":404,""user_stage"":200}"
"stage_reached_200 (App)",,,"{""Time"":""2026-04-11 01:37:45"",""UserUUID"":""c62064e0-34b6-11f1-848b-8740532df904"",""attendanceCount"":2,""attendance_count"":2,""b.diamond"":13832,""b.ruby"":330,""boxAllCount"":11040,""curserver"":2,""equipmentData"":""W:23_0A:22_0"",""install_day"":""2026-04-10"",""totalPayment"":73700,""total_payment_amount"":73700,""user_name"":""오복상"",""user_rank"":474,""user_stage"":200}"
"stage_reached_200 (App)",,,"{""Time"":""2026-04-11 01:35:11"",""UserUUID"":""cf2c7930-328a-11f1-862b-0b3ba8ecfbe1"",""attendanceCount"":5,""attendance_count"":5,""b.diamond"":10841,""b.ruby"":0,""boxAllCount"":4240,""curserver"":2,""equipmentData"":""W:22_0A:23_0"",""install_day"":""2026-04-07"",""totalPayment"":0,""total_payment_amount"":0,""user_name"":""청력"",""user_rank"":507,""user_stage"":200}"
"stage_reached_200 (App)",,,"{""Time"":""2026-04-11 01:28:25"",""UserUUID"":""7629f250-30f4-11f1-b1cc-050a0de77520"",""attendanceCount"":7,""attendance_count"":7,""b.diamond"":768757,""b.ruby"":330,""boxAllCount"":2610,""curserver"":2,""equipmentData"":""W:20_0A:19_0"",""install_day"":""2026-04-05"",""totalPayment"":14300,""total_payment_amount"":14300,""user_name"":""이리아델"",""user_rank"":424,""user_stage"":200}"
"stage_reached_200 (App)",,,"{""Time"":""2026-04-11 01:26:56"",""UserUUID"":""9d18a790-32c9-11f1-a7b5-a5e2c1a7edb4"",""attendanceCount"":4,""attendance_count"":4,""b.diamond"":56274,""b.ruby"":0,""boxAllCount"":2940,""curserver"":2,""equipmentData"":""W:20_0A:19_0"",""install_day"":""2026-04-07"",""totalPayment"":7700,""total_payment_amount"":7700,""user_name"":""창세일월"",""user_rank"":399,""user_stage"":200}"
"stage_reached_200 (App)",,,"{""Time"":""2026-04-11 01:27:12"",""UserUUID"":""fade8190-30eb-11f1-9375-3fe2a5a04a19"",""attendanceCount"":7,""attendance_count"":7,""b.diamond"":228212,""b.ruby"":0,""boxAllCount"":2820,""curserver"":2,""equipmentData"":""W:20_0A:19_0"",""install_day"":""2026-04-05"",""totalPayment"":7700,""total_payment_amount"":7700,""user_name"":""dyd1333"",""user_rank"":607,""user_stage"":200}"
"stage_reached_200 (App)",,,"{""Time"":""2026-04-11 01:26:59"",""UserUUID"":""120f82e0-301c-11f1-870b-af72c08f17d7"",""attendanceCount"":8,""attendance_count"":8,""b.diamond"":116190,""b.ruby"":0,""boxAllCount"":630,""curserver"":2,""equipmentData"":""W:23_0A:19_0"",""install_day"":""2026-04-04"",""totalPayment"":7700,""total_payment_amount"":7700,""user_name"":""전뭉"",""user_rank"":848,""user_stage"":200}"
"stage_reached_200 (App)",,,"{""Time"":""2026-04-11 01:26:49"",""UserUUID"":""938925e0-3299-11f1-bb57-09414083adff"",""attendanceCount"":4,""attendance_count"":4,""b.diamond"":152223,""b.ruby"":0,""boxAllCount"":4450,""curserver"":2,""equipmentData"":""W:21_0A:19_0"",""install_day"":""2026-04-07"",""totalPayment"":35200,""total_payment_amount"":35200,""user_name"":""빌리는조엘"",""user_rank"":413,""user_stage"":200}"
"stage_reached_200 (App)",,,"{""Time"":""2026-04-11 01:22:22"",""UserUUID"":""dda526b0-2f60-11f1-8f6c-3b6cef0d926e"",""attendanceCount"":9,""attendance_count"":9,""b.diamond"":4820,""b.ruby"":0,""boxAllCount"":6160,""curserver"":2,""equipmentData"":""W:22_0A:20_0"",""install_day"":""2026-04-03"",""totalPayment"":7700,""total_payment_amount"":7700,""user_name"":""후룬"",""user_rank"":389,""user_stage"":200}"
"stage_reached_200 (App)",,,"{""Time"":""2026-04-11 01:05:57"",""UserUUID"":""a2bb1660-3292-11f1-bd54-1793779c592d"",""attendanceCount"":4,""attendance_count"":4,""b.diamond"":7454,""b.ruby"":0,""boxAllCount"":3000,""curserver"":2,""equipmentData"":""W:22_0A:19_0"",""install_day"":""2026-04-07"",""totalPayment"":7700,""total_payment_amount"":7700,""user_name"":""아웅캬웅"",""user_rank"":389,""user_stage"":200}"
"stage_reached_200 (App)",,,"{""Time"":""2026-04-11 01:00:51"",""UserUUID"":""0ad52c40-3293-11f1-b844-951508060a6a"",""attendanceCount"":4,""attendance_count"":4,""b.diamond"":14188,""b.ruby"":0,""boxAllCount"":2560,""curserver"":2,""equipmentData"":""W:23_0A:19_0"",""install_day"":""2026-04-07"",""totalPayment"":0,""total_payment_amount"":0,""user_name"":""이완용잡으러옴"",""user_rank"":511,""user_stage"":200}"
"stage_reached_200 (App)",,,"{""Time"":""2026-04-11 00:57:47"",""UserUUID"":""a1f0fc90-31b6-11f1-aceb-cdb128d1366a"",""attendanceCount"":6,""attendance_count"":6,""b.diamond"":1612,""b.ruby"":0,""boxAllCount"":1980,""curserver"":2,""equipmentData"":""W:21_0A:19_0"",""install_day"":""2026-04-06"",""totalPayment"":7700,""total_payment_amount"":7700,""user_name"":""가르친링"",""user_rank"":414,""user_stage"":200}"
"stage_reached_200 (App)",,,"{""Time"":""2026-04-11 00:54:49"",""UserUUID"":""84fe6180-2460-11f1-a21c-296e4d74ef23"",""attendanceCount"":23,""attendance_count"":23,""b.diamond"":3338257,""b.ruby"":0,""boxAllCount"":2400,""curserver"":1,""equipmentData"":""W:20_0A:19_0"",""install_day"":""2026-03-20"",""totalPayment"":38500,""total_payment_amount"":38500,""user_name"":""13번째여우"",""user_rank"":7189,""user_stage"":200}"
"stage_reached_200 (App)",,,"{""Time"":""2026-04-11 00:51:12"",""UserUUID"":""39fe0390-303e-11f1-b856-011e2bdb83d1"",""attendanceCount"":7,""attendance_count"":7,""b.diamond"":33070,""b.ruby"":0,""boxAllCount"":6130,""curserver"":2,""equipmentData"":""W:20_0A:19_0"",""install_day"":""2026-04-04"",""totalPayment"":7700,""total_payment_amount"":7700,""user_name"":""씰룩쎌룩"",""user_rank"":494,""user_stage"":200}"
"stage_reached_200 (App)",,,"{""Time"":""2026-04-11 00:50:16"",""UserUUID"":""ba477160-31b2-11f1-88dc-997862869414"",""attendanceCount"":6,""attendance_count"":6,""b.diamond"":18727,""b.ruby"":0,""boxAllCount"":2400,""curserver"":2,""equipmentData"":""W:20_0A:19_0"",""install_day"":""2026-04-06"",""totalPayment"":0,""total_payment_amount"":0,""user_name"":""무신정권"",""user_rank"":397,""user_stage"":200}"
"stage_reached_200 (App)",,,"{""Time"":""2026-04-11 00:48:24"",""UserUUID"":""82fd9950-33d3-11f1-8700-3d597a63aa6c"",""attendanceCount"":3,""attendance_count"":3,""b.diamond"":61295,""b.ruby"":0,""boxAllCount"":2790,""curserver"":2,""equipmentData"":""W:23_0A:19_0"",""install_day"":""2026-04-09"",""totalPayment"":113300,""total_payment_amount"":113300,""user_name"":""탈론"",""user_rank"":480,""user_stage"":200}"
"stage_reached_200 (App)",,,"{""Time"":""2026-04-11 00:46:26"",""UserUUID"":""e16dcc80-3347-11f1-9457-5be53c25a644"",""attendanceCount"":4,""attendance_count"":4,""b.diamond"":29894,""b.ruby"":0,""boxAllCount"":1230,""curserver"":2,""equipmentData"":""W:19_0A:16_0"",""install_day"":""2026-04-08"",""totalPayment"":14300,""total_payment_amount"":14300,""user_name"":""막령영"",""user_rank"":441,""user_stage"":200}"
"stage_reached_200 (App)",,,"{""Time"":""2026-04-11 00:46:21"",""UserUUID"":""a6bb3cc0-31e0-11f1-ad81-5fbf85815b1d"",""attendanceCount"":5,""attendance_count"":5,""b.diamond"":115365,""b.ruby"":0,""boxAllCount"":2670,""curserver"":2,""equipmentData"":""W:23_0A:19_0"",""install_day"":""2026-04-06"",""totalPayment"":7700,""total_payment_amount"":7700,""user_name"":""이대호"",""user_rank"":859,""user_stage"":200}"
"stage_reached_200 (App)",,,"{""Time"":""2026-04-11 00:43:27"",""UserUUID"":""905772d0-3179-11f1-905f-b3a6c6cdda57"",""attendanceCount"":6,""attendance_count"":6,""b.diamond"":66355,""b.ruby"":0,""boxAllCount"":2690,""curserver"":2,""equipmentData"":""W:19_0A:21_0"",""install_day"":""2026-04-06"",""totalPayment"":7700,""total_payment_amount"":7700,""user_name"":""써아"",""user_rank"":379,""user_stage"":200}"
"stage_reached_200 (App)",,,"{""Time"":""2026-04-11 00:43:21"",""UserUUID"":""c5c34bc0-300b-11f1-a72c-71d77b286aad"",""attendanceCount"":8,""attendance_count"":8,""b.diamond"":5716,""b.ruby"":0,""boxAllCount"":3150,""curserver"":2,""equipmentData"":""W:21_0A:22_0"",""install_day"":""2026-04-04"",""totalPayment"":0,""total_payment_amount"":0,""user_name"":""수경이닷"",""user_rank"":409,""user_stage"":200}"
"stage_reached_200 (App)",,,"{""Time"":""2026-04-11 00:38:53"",""UserUUID"":""8f7ca850-2fba-11f1-9de6-edf0c5c036da"",""attendanceCount"":8,""attendance_count"":8,""b.diamond"":11544,""b.ruby"":0,""boxAllCount"":1740,""curserver"":2,""equipmentData"":""W:20_0A:19_0"",""install_day"":""2026-04-04"",""totalPayment"":7700,""total_payment_amount"":7700,""user_name"":""동네북하꼬"",""user_rank"":472,""user_stage"":200}"
"stage_reached_200 (App)",,,"{""Time"":""2026-04-11 00:38:48"",""UserUUID"":""b57ac060-31ad-11f1-a86e-a9496de3e6f4"",""attendanceCount"":6,""attendance_count"":6,""b.diamond"":203793,""b.ruby"":0,""boxAllCount"":8360,""curserver"":2,""equipmentData"":""W:22_0A:21_0"",""install_day"":""2026-04-06"",""totalPayment"":7700,""total_payment_amount"":7700,""user_name"":""범블"",""user_rank"":381,""user_stage"":200}"
"stage_reached_200 (App)",,,"{""Time"":""2026-04-11 00:35:55"",""UserUUID"":""bddf2a50-32b3-11f1-bf0d-0768a26dba90"",""attendanceCount"":4,""attendance_count"":4,""b.diamond"":4104,""b.ruby"":0,""boxAllCount"":3540,""curserver"":2,""equipmentData"":""W:21_0A:21_0"",""install_day"":""2026-04-07"",""totalPayment"":7700,""total_payment_amount"":7700,""user_name"":""청주봉명2동"",""user_rank"":528,""user_stage"":200}"
"stage_reached_200 (App)",,,"{""Time"":""2026-04-11 00:33:09"",""UserUUID"":""f258e610-333d-11f1-a5b9-fde4ea4ff294"",""attendanceCount"":4,""attendance_count"":4,""b.diamond"":268340,""b.ruby"":0,""boxAllCount"":5470,""curserver"":2,""equipmentData"":""W:22_0A:19_0"",""install_day"":""2026-04-08"",""totalPayment"":41800,""total_payment_amount"":41800,""user_name"":""카카로트1"",""user_rank"":472,""user_stage"":200}"
"stage_reached_200 (App)",,,"{""Time"":""2026-04-11 00:30:44"",""UserUUID"":""8ab05a00-31b9-11f1-8a3d-ebb16e72006c"",""attendanceCount"":6,""attendance_count"":6,""b.diamond"":7472,""b.ruby"":0,""boxAllCount"":2550,""curserver"":2,""equipmentData"":""W:22_0A:19_0"",""install_day"":""2026-04-06"",""totalPayment"":14300,""total_payment_amount"":14300,""user_name"":""재형이는빵잡이"",""user_rank"":501,""user_stage"":200}"
"stage_reached_200 (App)",,,"{""Time"":""2026-04-11 00:29:44"",""UserUUID"":""2d030b30-2fe0-11f1-870b-af72c08f17d7"",""attendanceCount"":8,""attendance_count"":8,""b.diamond"":213540,""b.ruby"":0,""boxAllCount"":4110,""curserver"":2,""equipmentData"":""W:21_0A:19_0"",""install_day"":""2026-04-04"",""totalPayment"":14300,""total_payment_amount"":14300,""user_name"":""로마공주"",""user_rank"":620,""user_stage"":200}"
"stage_reached_200 (App)",,,"{""Time"":""2026-04-11 00:29:01"",""UserUUID"":""11d03eb0-3287-11f1-917d-2b68ae914432"",""attendanceCount"":5,""attendance_count"":5,""b.diamond"":45496,""b.ruby"":0,""boxAllCount"":990,""curserver"":2,""equipmentData"":""W:20_0A:19_0"",""install_day"":""2026-04-07"",""totalPayment"":7700,""total_payment_amount"":7700,""user_name"":""Corea제일검"",""user_rank"":484,""user_stage"":200}"
"stage_reached_200 (App)",,,"{""Time"":""2026-04-11 00:23:55"",""UserUUID"":""dd31fae0-31c3-11f1-8c90-f1e79a012413"",""attendanceCount"":6,""attendance_count"":6,""b.diamond"":35858,""b.ruby"":0,""boxAllCount"":1590,""curserver"":2,""equipmentData"":""W:23_0A:23_0"",""install_day"":""2026-04-06"",""totalPayment"":7700,""total_payment_amount"":7700,""user_name"":""몽돌리"",""user_rank"":413,""user_stage"":200}"
"stage_reached_200 (App)",,,"{""Time"":""2026-04-11 00:23:44"",""UserUUID"":""b8191840-3279-11f1-b9ed-0555eca76587"",""attendanceCount"":5,""attendance_count"":5,""b.diamond"":9000,""b.ruby"":0,""boxAllCount"":4810,""curserver"":2,""equipmentData"":""W:22_0A:23_0"",""install_day"":""2026-04-07"",""totalPayment"":7700,""total_payment_amount"":7700,""user_name"":""염평천"",""user_rank"":451,""user_stage"":200}"
"stage_reached_200 (App)",,,"{""Time"":""2026-04-11 00:23:44"",""UserUUID"":""87dd1f70-32ae-11f1-917d-2b68ae914432"",""attendanceCount"":4,""attendance_count"":4,""b.diamond"":30898,""b.ruby"":0,""boxAllCount"":2520,""curserver"":2,""equipmentData"":""W:23_0A:19_0"",""install_day"":""2026-04-07"",""totalPayment"":27500,""total_payment_amount"":27500,""user_name"":""숭티치"",""user_rank"":737,""user_stage"":200}"
"stage_reached_200 (App)",,,"{""Time"":""2026-04-11 00:20:58"",""UserUUID"":""48b9c380-3104-11f1-a98c-6b824f988bfa"",""attendanceCount"":6,""attendance_count"":6,""b.diamond"":12748,""b.ruby"":0,""boxAllCount"":630,""curserver"":2,""equipmentData"":""W:19_0A:19_0"",""install_day"":""2026-04-05"",""totalPayment"":7700,""total_payment_amount"":7700,""user_name"":""식기세척기"",""user_rank"":467,""user_stage"":200}"
"stage_reached_200 (App)",,,"{""Time"":""2026-04-11 00:19:35"",""UserUUID"":""ddb06950-2fb8-11f1-9e3a-018eee98e357"",""attendanceCount"":8,""attendance_count"":8,""b.diamond"":72924,""b.ruby"":0,""boxAllCount"":3450,""curserver"":2,""equipmentData"":""W:20_0A:20_0"",""install_day"":""2026-04-03"",""totalPayment"":7700,""total_payment_amount"":7700,""user_name"":""사만월"",""user_rank"":371,""user_stage"":200}"
"stage_reached_200 (App)",,,"{""Time"":""2026-04-11 00:18:42"",""UserUUID"":""ca02dd10-30c2-11f1-8941-7de3afb6c926"",""attendanceCount"":7,""attendance_count"":7,""b.diamond"":282738,""b.ruby"":0,""boxAllCount"":1270,""curserver"":2,""equipmentData"":""W:20_0A:19_0"",""install_day"":""2026-04-05"",""totalPayment"":7700,""total_payment_amount"":7700,""user_name"":""재우기"",""user_rank"":379,""user_stage"":200}"
"stage_reached_200 (App)",,,"{""Time"":""2026-04-11 00:17:10"",""UserUUID"":""3e7ec5a0-323f-11f1-895b-8b53a8b042a2"",""attendanceCount"":5,""attendance_count"":5,""b.diamond"":6088,""b.ruby"":0,""boxAllCount"":2640,""curserver"":2,""equipmentData"":""W:20_0A:19_0"",""install_day"":""2026-04-07"",""totalPayment"":8800,""total_payment_amount"":8800,""user_name"":""쿤아게로스"",""user_rank"":428,""user_stage"":200}"
"stage_reached_200 (App)",,,"{""Time"":""2026-04-11 00:15:55"",""UserUUID"":""5b222430-322c-11f1-a62e-ed9410c44143"",""attendanceCount"":5,""attendance_count"":5,""b.diamond"":2876,""b.ruby"":110,""boxAllCount"":5400,""curserver"":2,""equipmentData"":""W:22_0A:19_0"",""install_day"":""2026-04-07"",""totalPayment"":75900,""total_payment_amount"":75900,""user_name"":""용용뇽이"",""user_rank"":388,""user_stage"":200}"
"stage_reached_200 (App)",,,"{""Time"":""2026-04-11 00:15:38"",""UserUUID"":""48096040-30f9-11f1-818c-d19b44412c82"",""attendanceCount"":7,""attendance_count"":7,""b.diamond"":256964,""b.ruby"":0,""boxAllCount"":1500,""curserver"":2,""equipmentData"":""W:20_0A:19_0"",""install_day"":""2026-04-05"",""totalPayment"":0,""total_payment_amount"":0,""user_name"":""목가적살육의날"",""user_rank"":422,""user_stage"":200}"
"stage_reached_200 (App)",,,"{""Time"":""2026-04-11 00:14:29"",""UserUUID"":""9146ef20-327a-11f1-862b-0b3ba8ecfbe1"",""attendanceCount"":5,""attendance_count"":5,""b.diamond"":96713,""b.ruby"":0,""boxAllCount"":3510,""curserver"":2,""equipmentData"":""W:20_0A:19_0"",""install_day"":""2026-04-07"",""totalPayment"":7700,""total_payment_amount"":7700,""user_name"":""아기보리"",""user_rank"":386,""user_stage"":200}"
"stage_reached_200 (App)",,,"{""Time"":""2026-04-11 00:13:22"",""UserUUID"":""6492e5a0-31e0-11f1-aceb-cdb128d1366a"",""attendanceCount"":5,""attendance_count"":5,""b.diamond"":23873,""b.ruby"":0,""boxAllCount"":3780,""curserver"":2,""equipmentData"":""W:20_0A:18_0"",""install_day"":""2026-04-06"",""totalPayment"":7700,""total_payment_amount"":7700,""user_name"":""피르규"",""user_rank"":422,""user_stage"":200}"
"stage_reached_200 (App)",,,"{""Time"":""2026-04-11 00:12:35"",""UserUUID"":""8450af20-31c3-11f1-bedd-bb80aed62be1"",""attendanceCount"":6,""attendance_count"":6,""b.diamond"":187733,""b.ruby"":0,""boxAllCount"":2920,""curserver"":2,""equipmentData"":""W:20_0A:21_0"",""install_day"":""2026-04-06"",""totalPayment"":7700,""total_payment_amount"":7700,""user_name"":""무과금인유과금러"",""user_rank"":375,""user_stage"":200}"
"stage_reached_200 (App)",,,"{""Time"":""2026-04-11 00:12:30"",""UserUUID"":""79795df0-3050-11f1-8ca7-f78e35333125"",""attendanceCount"":7,""attendance_count"":7,""b.diamond"":29767,""b.ruby"":0,""boxAllCount"":7920,""curserver"":2,""equipmentData"":""W:21_0A:20_0"",""install_day"":""2026-04-04"",""totalPayment"":50600,""total_payment_amount"":50600,""user_name"":""지먕"",""user_rank"":376,""user_stage"":200}"
"stage_reached_200 (App)",,,"{""Time"":""2026-04-11 00:12:09"",""UserUUID"":""4a41e5f0-310b-11f1-8a26-e5cd6c484b4e"",""attendanceCount"":6,""attendance_count"":6,""b.diamond"":193385,""b.ruby"":0,""boxAllCount"":2940,""curserver"":2,""equipmentData"":""W:20_0A:19_0"",""install_day"":""2026-04-05"",""totalPayment"":7700,""total_payment_amount"":7700,""user_name"":""보송이"",""user_rank"":388,""user_stage"":200}"
"stage_reached_200 (App)",,,"{""Time"":""2026-04-11 00:11:10"",""UserUUID"":""08428980-334e-11f1-a59b-7f5f04c44d59"",""attendanceCount"":4,""attendance_count"":4,""b.diamond"":113187,""b.ruby"":0,""boxAllCount"":1300,""curserver"":2,""equipmentData"":""W:22_0A:17_0"",""install_day"":""2026-04-08"",""totalPayment"":7700,""total_payment_amount"":7700,""user_name"":""손6"",""user_rank"":392,""user_stage"":200}"
"stage_reached_200 (App)",,,"{""Time"":""2026-04-11 00:06:30"",""UserUUID"":""c0611b50-31e4-11f1-9898-8b63cb4f5af8"",""attendanceCount"":5,""attendance_count"":5,""b.diamond"":95011,""b.ruby"":0,""boxAllCount"":1500,""curserver"":2,""equipmentData"":""W:20_0A:19_0"",""install_day"":""2026-04-06"",""totalPayment"":7700,""total_payment_amount"":7700,""user_name"":""notiroro"",""user_rank"":397,""user_stage"":200}"
"stage_reached_200 (App)",,,"{""Time"":""2026-04-11 00:02:56"",""UserUUID"":""2f6104f0-2fcb-11f1-8a5e-0dda54a63cc4"",""attendanceCount"":8,""attendance_count"":8,""b.diamond"":143344,""b.ruby"":220,""boxAllCount"":2460,""curserver"":2,""equipmentData"":""W:21_0A:19_0"",""install_day"":""2026-04-04"",""totalPayment"":17600,""total_payment_amount"":17600,""user_name"":""내마음"",""user_rank"":369,""user_stage"":200}"
"stage_reached_200 (App)",,,"{""Time"":""2026-04-10 23:46:47"",""UserUUID"":""9df9ecd0-2fc9-11f1-a5de-09d3b3f45258"",""attendanceCount"":7,""attendance_count"":7,""b.diamond"":151779,""b.ruby"":0,""boxAllCount"":3100,""curserver"":2,""equipmentData"":""W:22_0A:19_0"",""install_day"":""2026-04-04"",""totalPayment"":7700,""total_payment_amount"":7700,""user_name"":""꾀꼬"",""user_rank"":576,""user_stage"":200}"
"stage_reached_200 (App)",,,"{""Time"":""2026-04-10 23:38:13"",""UserUUID"":""ea961890-2ef0-11f1-ad40-7725bb2e1729"",""attendanceCount"":6,""attendance_count"":6,""b.diamond"":3625,""b.ruby"":0,""boxAllCount"":1370,""curserver"":2,""equipmentData"":""W:19_0A:19_0"",""install_day"":""2026-04-03"",""totalPayment"":33000,""total_payment_amount"":33000,""user_name"":""102039"",""user_rank"":440,""user_stage"":200}"
"stage_reached_200 (App)",,,"{""Time"":""2026-04-10 23:29:28"",""UserUUID"":""efc6f070-34c5-11f1-adbe-79e96ed2979d"",""attendanceCount"":1,""attendance_count"":1,""b.diamond"":591931,""b.ruby"":5830,""boxAllCount"":6220,""curserver"":2,""equipmentData"":""W:22_0A:20_0"",""install_day"":""2026-04-10"",""totalPayment"":231000,""total_payment_amount"":231000,""user_name"":""홍준이"",""user_rank"":571,""user_stage"":200}"
"stage_reached_200 (App)",,,"{""Time"":""2026-04-10 23:22:30"",""UserUUID"":""3d4c7aa0-34c5-11f1-88c8-672cb8d5cb4c"",""attendanceCount"":1,""attendance_count"":1,""b.diamond"":678450,""b.ruby"":110,""boxAllCount"":7810,""curserver"":2,""equipmentData"":""W:21_0A:20_0"",""install_day"":""2026-04-10"",""totalPayment"":227700,""total_payment_amount"":227700,""user_name"":""흑일"",""user_rank"":419,""user_stage"":200}"
"stage_reached_200 (App)",,,"{""Time"":""2026-04-10 23:14:47"",""UserUUID"":""a541ea50-08fb-11f1-9dd4-13867dac2d48"",""attendanceCount"":15,""attendance_count"":15,""b.diamond"":11574,""b.ruby"":0,""boxAllCount"":1930,""curserver"":1,""equipmentData"":""W:23_0A:19_0"",""install_day"":""2026-02-13"",""totalPayment"":7700,""total_payment_amount"":7700,""user_name"":""화이불치"",""user_rank"":7391,""user_stage"":200}"
"stage_reached_200 (App)",,,"{""Time"":""2026-04-10 22:31:26"",""UserUUID"":""754ac880-324a-11f1-93c6-d965ffeff947"",""attendanceCount"":4,""attendance_count"":4,""b.diamond"":7598,""b.ruby"":0,""boxAllCount"":4480,""curserver"":2,""equipmentData"":""W:20_0A:19_0"",""install_day"":""2026-04-07"",""totalPayment"":48400,""total_payment_amount"":48400,""user_name"":""방울도마도"",""user_rank"":449,""user_stage"":200}"
"stage_reached_200 (App)",,,"{""Time"":""2026-04-10 22:31:04"",""UserUUID"":""b8045760-322f-11f1-a446-374a26f4f3cb"",""attendanceCount"":4,""attendance_count"":4,""b.diamond"":16225,""b.ruby"":0,""boxAllCount"":2490,""curserver"":2,""equipmentData"":""W:20_0A:20_0"",""install_day"":""2026-04-07"",""totalPayment"":38500,""total_payment_amount"":38500,""user_name"":""삐약잉"",""user_rank"":398,""user_stage"":200}"
"stage_reached_200 (App)",,,"{""Time"":""2026-04-10 22:05:52"",""UserUUID"":""bfab9140-3013-11f1-99f1-4f02bbc37f3b"",""attendanceCount"":7,""attendance_count"":7,""b.diamond"":7825,""b.ruby"":0,""boxAllCount"":6200,""curserver"":2,""equipmentData"":""W:20_0A:20_0"",""install_day"":""2026-04-04"",""totalPayment"":7700,""total_payment_amount"":7700,""user_name"":""하멜룬"",""user_rank"":463,""user_stage"":200}"
"stage_reached_200 (App)",,,"{""Time"":""2026-04-10 21:43:30"",""UserUUID"":""f91ab480-333b-11f1-8f00-2731487d940e"",""attendanceCount"":3,""attendance_count"":3,""b.diamond"":10738,""b.ruby"":0,""boxAllCount"":1150,""curserver"":2,""equipmentData"":""W:21_0A:18_0"",""install_day"":""2026-04-08"",""totalPayment"":77000,""total_payment_amount"":77000,""user_name"":""어박사"",""user_rank"":353,""user_stage"":200}"
"stage_reached_200 (App)",,,"{""Time"":""2026-04-10 21:41:46"",""UserUUID"":""9f0bd470-31aa-11f1-bc72-9f9a57aa8caf"",""attendanceCount"":5,""attendance_count"":5,""b.diamond"":34297,""b.ruby"":0,""boxAllCount"":3780,""curserver"":2,""equipmentData"":""W:20_0A:19_0"",""install_day"":""2026-04-06"",""totalPayment"":27500,""total_payment_amount"":27500,""user_name"":""은빛의오곡밥"",""user_rank"":365,""user_stage"":200}"
"stage_reached_200 (App)",,,"{""Time"":""2026-04-10 21:38:07"",""UserUUID"":""d9e08b30-30ed-11f1-831b-8bf053fd66af"",""attendanceCount"":6,""attendance_count"":6,""b.diamond"":163864,""b.ruby"":0,""boxAllCount"":6070,""curserver"":2,""equipmentData"":""W:23_0A:20_0"",""install_day"":""2026-04-05"",""totalPayment"":0,""total_payment_amount"":0,""user_name"":""올라가용"",""user_rank"":473,""user_stage"":200}"
"stage_reached_200 (App)",,,"{""Time"":""2026-04-10 21:30:50"",""UserUUID"":""499e9a30-2fd0-11f1-af22-99d5280db059"",""attendanceCount"":7,""attendance_count"":7,""b.diamond"":61341,""b.ruby"":0,""boxAllCount"":4040,""curserver"":2,""equipmentData"":""W:22_0A:19_0"",""install_day"":""2026-04-04"",""totalPayment"":0,""total_payment_amount"":0,""user_name"":""방자의하루"",""user_rank"":364,""user_stage"":200}"
"stage_reached_200 (App)",,,"{""Time"":""2026-04-10 21:20:12"",""UserUUID"":""bea04d90-340a-11f1-afb2-4711ad4910bb"",""attendanceCount"":2,""attendance_count"":2,""b.diamond"":431338,""b.ruby"":220,""boxAllCount"":11000,""curserver"":2,""equipmentData"":""W:23_0A:20_0"",""install_day"":""2026-04-09"",""totalPayment"":139700,""total_payment_amount"":139700,""user_name"":""Dochil"",""user_rank"":1150,""user_stage"":200}"
"stage_reached_200 (App)",,,"{""Time"":""2026-04-10 20:43:48"",""UserUUID"":""b374d010-3222-11f1-b991-d74068e864f9"",""attendanceCount"":4,""attendance_count"":4,""b.diamond"":26533,""b.ruby"":0,""boxAllCount"":2530,""curserver"":2,""equipmentData"":""W:20_0A:18_0"",""install_day"":""2026-04-07"",""totalPayment"":16500,""total_payment_amount"":16500,""user_name"":""해미"",""user_rank"":358,""user_stage"":200}"
"stage_reached_200 (App)",,,"{""Time"":""2026-04-10 20:29:24"",""UserUUID"":""e10e8790-30ac-11f1-b58c-896bd11d8001"",""attendanceCount"":6,""attendance_count"":6,""b.diamond"":4787,""b.ruby"":0,""boxAllCount"":2550,""curserver"":2,""equipmentData"":""W:21_0A:19_0"",""install_day"":""2026-04-05"",""totalPayment"":7700,""total_payment_amount"":7700,""user_name"":""연단된칼날"",""user_rank"":357,""user_stage"":200}"
"stage_reached_200 (App)",,,"{""Time"":""2026-04-10 20:13:38"",""UserUUID"":""1c7e41c0-30e0-11f1-80b4-fdb01b34780a"",""attendanceCount"":6,""attendance_count"":6,""b.diamond"":4522,""b.ruby"":0,""boxAllCount"":5100,""curserver"":2,""equipmentData"":""W:22_0A:19_0"",""install_day"":""2026-04-05"",""totalPayment"":0,""total_payment_amount"":0,""user_name"":""특수문자는사용할"",""user_rank"":360,""user_stage"":200}"
"stage_reached_200 (App)",,,"{""Time"":""2026-04-10 20:04:51"",""UserUUID"":""c75cee40-321e-11f1-841c-6f734b9fc702"",""attendanceCount"":4,""attendance_count"":4,""b.diamond"":7366,""b.ruby"":0,""boxAllCount"":3030,""curserver"":2,""equipmentData"":""W:21_0A:21_0"",""install_day"":""2026-04-07"",""totalPayment"":7700,""total_payment_amount"":7700,""user_name"":""미율치쥬아"",""user_rank"":360,""user_stage"":200}"
"stage_reached_200 (App)",,,"{""Time"":""2026-04-10 19:54:32"",""UserUUID"":""878b4040-2fcc-11f1-876a-3f56fb866fc8"",""attendanceCount"":7,""attendance_count"":7,""b.diamond"":499869,""b.ruby"":0,""boxAllCount"":2570,""curserver"":2,""equipmentData"":""W:22_0A:19_0"",""install_day"":""2026-04-04"",""totalPayment"":7700,""total_payment_amount"":7700,""user_name"":""중근"",""user_rank"":387,""user_stage"":200}"
"stage_reached_200 (App)",,,"{""Time"":""2026-04-10 19:52:58"",""UserUUID"":""514137b0-31bb-11f1-905f-b3a6c6cdda57"",""attendanceCount"":4,""attendance_count"":4,""b.diamond"":20495,""b.ruby"":0,""boxAllCount"":3150,""curserver"":2,""equipmentData"":""W:20_0A:19_0"",""install_day"":""2026-04-06"",""totalPayment"":51700,""total_payment_amount"":51700,""user_name"":""혀노니"",""user_rank"":418,""user_stage"":200}"
"stage_reached_200 (App)",,,"{""Time"":""2026-04-10 19:48:58"",""UserUUID"":""f1f79ec0-32e6-11f1-bf0d-0768a26dba90"",""attendanceCount"":3,""attendance_count"":3,""b.diamond"":14638,""b.ruby"":220,""boxAllCount"":6670,""curserver"":2,""equipmentData"":""W:22_0A:20_0"",""install_day"":""2026-04-08"",""totalPayment"":46200,""total_payment_amount"":46200,""user_name"":""새벽의도시"",""user_rank"":481,""user_stage"":200}"
"stage_reached_200 (App)",,,"{""Time"":""2026-04-10 19:38:09"",""UserUUID"":""ddd85320-2ff9-11f1-870b-af72c08f17d7"",""attendanceCount"":7,""attendance_count"":7,""b.diamond"":28137,""b.ruby"":0,""boxAllCount"":2400,""curserver"":2,""equipmentData"":""W:20_0A:19_0"",""install_day"":""2026-04-04"",""totalPayment"":7700,""total_payment_amount"":7700,""user_name"":""랜디잉"",""user_rank"":367,""user_stage"":200}"
"stage_reached_200 (App)",,,"{""Time"":""2026-04-10 19:35:07"",""UserUUID"":""58fc67e0-3346-11f1-bea2-cd76832cb0f4"",""attendanceCount"":3,""attendance_count"":3,""b.diamond"":11130,""b.ruby"":0,""boxAllCount"":4150,""curserver"":2,""equipmentData"":""W:23_0A:21_0"",""install_day"":""2026-04-08"",""totalPayment"":40700,""total_payment_amount"":40700,""user_name"":""순강찌"",""user_rank"":374,""user_stage"":200}"
"stage_reached_200 (App)",,,"{""Time"":""2026-04-10 19:20:11"",""UserUUID"":""734604d0-31bb-11f1-a0c9-eb117cdf75a8"",""attendanceCount"":5,""attendance_count"":5,""b.diamond"":6319,""b.ruby"":0,""boxAllCount"":3900,""curserver"":2,""equipmentData"":""W:21_0A:19_0"",""install_day"":""2026-04-06"",""totalPayment"":7700,""total_payment_amount"":7700,""user_name"":""킴밥"",""user_rank"":355,""user_stage"":200}"
"stage_reached_200 (App)",,,"{""Time"":""2026-04-10 19:11:16"",""UserUUID"":""9e95b5b0-2f1b-11f1-b5d7-33244a8b46c4"",""attendanceCount"":8,""attendance_count"":8,""b.diamond"":240183,""b.ruby"":220,""boxAllCount"":3420,""curserver"":2,""equipmentData"":""W:21_0A:19_0"",""install_day"":""2026-04-03"",""totalPayment"":18700,""total_payment_amount"":18700,""user_name"":""호잏"",""user_rank"":353,""user_stage"":200}"
"stage_reached_200 (App)",,,"{""Time"":""2026-04-10 19:04:48"",""UserUUID"":""f111e690-305d-11f1-86f1-3bd525b9a799"",""attendanceCount"":6,""attendance_count"":6,""b.diamond"":66184,""b.ruby"":0,""boxAllCount"":1320,""curserver"":2,""equipmentData"":""W:20_0A:19_0"",""install_day"":""2026-04-04"",""totalPayment"":7700,""total_payment_amount"":7700,""user_name"":""미깡"",""user_rank"":379,""user_stage"":200}"
"stage_reached_200 (App)",,,"{""Time"":""2026-04-10 18:59:00"",""UserUUID"":""0eba2840-301a-11f1-b707-756132cfde8f"",""attendanceCount"":7,""attendance_count"":7,""b.diamond"":131443,""b.ruby"":0,""boxAllCount"":6020,""curserver"":2,""equipmentData"":""W:23_0A:20_0"",""install_day"":""2026-04-04"",""totalPayment"":18700,""total_payment_amount"":18700,""user_name"":""크크손"",""user_rank"":853,""user_stage"":200}"
"stage_reached_200 (App)",,,"{""Time"":""2026-04-10 18:39:25"",""UserUUID"":""f8830fd0-3003-11f1-96f6-d9ceed10cae2"",""attendanceCount"":7,""attendance_count"":7,""b.diamond"":94173,""b.ruby"":0,""boxAllCount"":1290,""curserver"":2,""equipmentData"":""W:21_0A:19_0"",""install_day"":""2026-04-04"",""totalPayment"":7700,""total_payment_amount"":7700,""user_name"":""조선사"",""user_rank"":349,""user_stage"":200}"
"stage_reached_200 (App)",,,"{""Time"":""2026-04-10 18:31:34"",""UserUUID"":""a87070b0-3089-11f1-bdc9-d53faa467de4"",""attendanceCount"":6,""attendance_count"":6,""b.diamond"":33584,""b.ruby"":0,""boxAllCount"":3600,""curserver"":2,""equipmentData"":""W:20_0A:19_0"",""install_day"":""2026-04-05"",""totalPayment"":0,""total_payment_amount"":0,""user_name"":""Ganguri"",""user_rank"":380,""user_stage"":200}"
"stage_reached_200 (App)",,,"{""Time"":""2026-04-10 18:17:54"",""UserUUID"":""da6e1390-2839-11f1-977c-5fd8970f8c65"",""attendanceCount"":14,""attendance_count"":14,""b.diamond"":13487,""b.ruby"":110,""boxAllCount"":660,""curserver"":1,""equipmentData"":""W:23_0A:19_0"",""install_day"":""2026-03-25"",""totalPayment"":14300,""total_payment_amount"":14300,""user_name"":""잠자는숲속에곤쥬"",""user_rank"":7355,""user_stage"":200}"
"stage_reached_200 (App)",,,"{""Time"":""2026-04-10 18:12:28"",""UserUUID"":""7ba39310-3123-11f1-98e6-bbc10001739a"",""attendanceCount"":4,""attendance_count"":4,""b.diamond"":9131,""b.ruby"":0,""boxAllCount"":2630,""curserver"":2,""equipmentData"":""W:24_0A:18_0"",""install_day"":""2026-04-05"",""totalPayment"":128700,""total_payment_amount"":128700,""user_name"":""날쌘도리"",""user_rank"":400,""user_stage"":200}"
"stage_reached_200 (App)",,,"{""Time"":""2026-04-10 18:09:02"",""UserUUID"":""8587b9f0-32ff-11f1-833b-5bd6bce500fb"",""attendanceCount"":3,""attendance_count"":3,""b.diamond"":35858,""b.ruby"":0,""boxAllCount"":3300,""curserver"":2,""equipmentData"":""W:23_0A:19_0"",""install_day"":""2026-04-08"",""totalPayment"":0,""total_payment_amount"":0,""user_name"":""당골레"",""user_rank"":444,""user_stage"":200}"
"stage_reached_200 (App)",,,"{""Time"":""2026-04-10 18:09:03"",""UserUUID"":""90642d60-3113-11f1-a98c-6b824f988bfa"",""attendanceCount"":5,""attendance_count"":5,""b.diamond"":43729,""b.ruby"":0,""boxAllCount"":2550,""curserver"":2,""equipmentData"":""W:20_0A:19_0"",""install_day"":""2026-04-05"",""totalPayment"":11000,""total_payment_amount"":11000,""user_name"":""소고기에"",""user_rank"":441,""user_stage"":200}"
"stage_reached_200 (App)",,,"{""Time"":""2026-04-10 17:47:05"",""UserUUID"":""f17a7a90-3259-11f1-a7b8-bfafdaeea6fc"",""attendanceCount"":4,""attendance_count"":4,""b.diamond"":80276,""b.ruby"":0,""boxAllCount"":700,""curserver"":2,""equipmentData"":""W:20_0A:17_0"",""install_day"":""2026-04-07"",""totalPayment"":7700,""total_payment_amount"":7700,""user_name"":""한국인물"",""user_rank"":348,""user_stage"":200}"
"stage_reached_200 (App)",,,"{""Time"":""2026-04-10 17:29:50"",""UserUUID"":""6348b9b0-3030-11f1-8f8c-4373610c6a50"",""attendanceCount"":7,""attendance_count"":7,""b.diamond"":5274,""b.ruby"":0,""boxAllCount"":1050,""curserver"":2,""equipmentData"":""W:21_0A:19_0"",""install_day"":""2026-04-04"",""totalPayment"":0,""total_payment_amount"":0,""user_name"":""체스의왕"",""user_rank"":336,""user_stage"":200}"
"stage_reached_200 (App)",,,"{""Time"":""2026-04-10 17:29:15"",""UserUUID"":""1fce9940-33d5-11f1-8cee-dde9ae47e43d"",""attendanceCount"":2,""attendance_count"":2,""b.diamond"":47101,""b.ruby"":330,""boxAllCount"":4730,""curserver"":2,""equipmentData"":""W:21_0A:19_0"",""install_day"":""2026-04-09"",""totalPayment"":148500,""total_payment_amount"":148500,""user_name"":""아엠게"",""user_rank"":380,""user_stage"":200}"
"stage_reached_200 (App)",,,"{""Time"":""2026-04-10 17:18:38"",""UserUUID"":""50fbb080-2fc9-11f1-a0ba-b56beb4c32c1"",""attendanceCount"":7,""attendance_count"":7,""b.diamond"":39844,""b.ruby"":0,""boxAllCount"":2490,""curserver"":2,""equipmentData"":""W:20_0A:22_0"",""install_day"":""2026-04-04"",""totalPayment"":7700,""total_payment_amount"":7700,""user_name"":""이창식"",""user_rank"":355,""user_stage"":200}"
"stage_reached_200 (App)",,,"{""Time"":""2026-04-10 17:04:29"",""UserUUID"":""d1f09d50-31fd-11f1-9275-89deb1f9cb40"",""attendanceCount"":4,""attendance_count"":4,""b.diamond"":110154,""b.ruby"":0,""boxAllCount"":3900,""curserver"":2,""equipmentData"":""W:22_0A:19_0"",""install_day"":""2026-04-06"",""totalPayment"":7700,""total_payment_amount"":7700,""user_name"":""유씅"",""user_rank"":341,""user_stage"":200}"
"stage_reached_200 (App)",,,"{""Time"":""2026-04-10 16:52:22"",""UserUUID"":""6bb1d650-349e-11f1-baa2-b39b887c8ab0"",""attendanceCount"":1,""attendance_count"":1,""b.diamond"":21040,""b.ruby"":0,""boxAllCount"":3810,""curserver"":2,""equipmentData"":""W:22_0A:22_0"",""install_day"":""2026-04-10"",""totalPayment"":165000,""total_payment_amount"":165000,""user_name"":""마이아프지"",""user_rank"":415,""user_stage"":200}"
"stage_reached_200 (App)",,,"{""Time"":""2026-04-10 16:03:14"",""UserUUID"":""19dc2190-33ff-11f1-a04f-cf9b50670e41"",""attendanceCount"":2,""attendance_count"":2,""b.diamond"":161423,""b.ruby"":220,""boxAllCount"":2580,""curserver"":2,""equipmentData"":""W:22_0A:20_0"",""install_day"":""2026-04-09"",""totalPayment"":48400,""total_payment_amount"":48400,""user_name"":""성서고물주먹"",""user_rank"":561,""user_stage"":200}"
"stage_reached_200 (App)",,,"{""Time"":""2026-04-10 15:47:37"",""UserUUID"":""e2511290-3281-11f1-85b1-7dcb713f9ef4"",""attendanceCount"":4,""attendance_count"":4,""b.diamond"":31158,""b.ruby"":0,""boxAllCount"":3450,""curserver"":2,""equipmentData"":""W:21_0A:19_0"",""install_day"":""2026-04-07"",""totalPayment"":7700,""total_payment_amount"":7700,""user_name"":""71STCBRN"",""user_rank"":345,""user_stage"":200}"
"stage_reached_200 (App)",,,"{""Time"":""2026-04-10 15:36:38"",""UserUUID"":""57e55810-31d1-11f1-9a0b-77a6ea3e25bd"",""attendanceCount"":4,""attendance_count"":4,""b.diamond"":3828,""b.ruby"":0,""boxAllCount"":2460,""curserver"":2,""equipmentData"":""W:20_0A:23_0"",""install_day"":""2026-04-06"",""totalPayment"":11000,""total_payment_amount"":11000,""user_name"":""영웅출현"",""user_rank"":343,""user_stage"":200}"
"stage_reached_200 (App)",,,"{""Time"":""2026-04-10 15:33:12"",""UserUUID"":""afe7d6b0-32fc-11f1-85dd-03158458d706"",""attendanceCount"":3,""attendance_count"":3,""b.diamond"":25499,""b.ruby"":0,""boxAllCount"":11220,""curserver"":2,""equipmentData"":""W:20_0A:21_0"",""install_day"":""2026-04-08"",""totalPayment"":161700,""total_payment_amount"":161700,""user_name"":""우즈진힌"",""user_rank"":322,""user_stage"":200}"
"stage_reached_200 (App)",,,"{""Time"":""2026-04-10 15:31:31"",""UserUUID"":""a8e1f110-3253-11f1-b273-bf3ce9c9a5aa"",""attendanceCount"":4,""attendance_count"":4,""b.diamond"":113771,""b.ruby"":0,""boxAllCount"":2840,""curserver"":2,""equipmentData"":""W:20_0A:19_0"",""install_day"":""2026-04-07"",""totalPayment"":44000,""total_payment_amount"":44000,""user_name"":""쿠코쿠"",""user_rank"":322,""user_stage"":200}"
"stage_reached_200 (App)",,,"{""Time"":""2026-04-10 15:27:22"",""UserUUID"":""7f3f48a0-31ed-11f1-9898-8b63cb4f5af8"",""attendanceCount"":4,""attendance_count"":4,""b.diamond"":31267,""b.ruby"":0,""boxAllCount"":2170,""curserver"":2,""equipmentData"":""W:18_0A:16_0"",""install_day"":""2026-04-06"",""totalPayment"":12100,""total_payment_amount"":12100,""user_name"":""희뽀뚱이"",""user_rank"":361,""user_stage"":200}"
"stage_reached_200 (App)",,,"{""Time"":""2026-04-10 15:26:44"",""UserUUID"":""06b87f20-d945-11ef-8f92-b976c3b70792"",""attendanceCount"":51,""attendance_count"":51,""b.diamond"":6227,""b.ruby"":0,""boxAllCount"":3900,""curserver"":0,""equipmentData"":""W:23_0A:19_0"",""install_day"":""2025-01-23"",""totalPayment"":0,""total_payment_amount"":0,""user_name"":""닉네임1972"",""user_rank"":571,""user_stage"":200}"
"stage_reached_200 (App)",,,"{""Time"":""2026-04-10 15:20:32"",""UserUUID"":""65259fc0-3290-11f1-89ae-25558d9abf90"",""attendanceCount"":4,""attendance_count"":4,""b.diamond"":4527,""b.ruby"":0,""boxAllCount"":7290,""curserver"":2,""equipmentData"":""W:22_0A:20_0"",""install_day"":""2026-04-07"",""totalPayment"":38500,""total_payment_amount"":38500,""user_name"":""오동고맛술"",""user_rank"":324,""user_stage"":200}"
"stage_reached_200 (App)",,,"{""Time"":""2026-04-10 15:12:59"",""UserUUID"":""857319b0-2e8f-11f1-9a7b-bfddf3e5f028"",""attendanceCount"":9,""attendance_count"":9,""b.diamond"":122679,""b.ruby"":0,""boxAllCount"":1020,""curserver"":1,""equipmentData"":""W:21_0A:19_0"",""install_day"":""2026-04-02"",""totalPayment"":7700,""total_payment_amount"":7700,""user_name"":""가람이아빠"",""user_rank"":7182,""user_stage"":200}"
"stage_reached_200 (App)",,,"{""Time"":""2026-04-10 15:05:28"",""UserUUID"":""81a4fa70-2f2e-11f1-b299-3389f19dcb88"",""attendanceCount"":8,""attendance_count"":8,""b.diamond"":13808,""b.ruby"":0,""boxAllCount"":1530,""curserver"":2,""equipmentData"":""W:21_0A:19_0"",""install_day"":""2026-04-03"",""totalPayment"":7700,""total_payment_amount"":7700,""user_name"":""쭈마"",""user_rank"":468,""user_stage"":200}"
"stage_reached_200 (App)",,,"{""Time"":""2026-04-10 14:59:40"",""UserUUID"":""323d2bc0-302c-11f1-b707-756132cfde8f"",""attendanceCount"":7,""attendance_count"":7,""b.diamond"":100846,""b.ruby"":0,""boxAllCount"":4870,""curserver"":2,""equipmentData"":""W:20_0A:22_0"",""install_day"":""2026-04-04"",""totalPayment"":0,""total_payment_amount"":0,""user_name"":""Anakin"",""user_rank"":311,""user_stage"":200}"
"stage_reached_200 (App)",,,"{""Time"":""2026-04-10 14:52:23"",""UserUUID"":""5abbe210-309c-11f1-9ab0-9b5f6f6cc5d6"",""attendanceCount"":6,""attendance_count"":6,""b.diamond"":12299,""b.ruby"":220,""boxAllCount"":6110,""curserver"":2,""equipmentData"":""W:23_0A:23_0"",""install_day"":""2026-04-05"",""totalPayment"":29700,""total_payment_amount"":29700,""user_name"":""홋호호"",""user_rank"":420,""user_stage"":200}"
"stage_reached_200 (App)",,,"{""Time"":""2026-04-10 14:39:29"",""UserUUID"":""feaca8f0-30dd-11f1-b58c-896bd11d8001"",""attendanceCount"":6,""attendance_count"":6,""b.diamond"":97013,""b.ruby"":0,""boxAllCount"":6970,""curserver"":2,""equipmentData"":""W:23_0A:20_0"",""install_day"":""2026-04-05"",""totalPayment"":33000,""total_payment_amount"":33000,""user_name"":""뚝배"",""user_rank"":436,""user_stage"":200}"
"stage_reached_200 (App)",,,"{""Time"":""2026-04-10 14:38:51"",""UserUUID"":""bddd3aa0-30a7-11f1-b514-b9c4243431b5"",""attendanceCount"":6,""attendance_count"":6,""b.diamond"":56784,""b.ruby"":0,""boxAllCount"":1770,""curserver"":2,""equipmentData"":""W:20_0A:22_0"",""install_day"":""2026-04-05"",""totalPayment"":7700,""total_payment_amount"":7700,""user_name"":""엔지니어스"",""user_rank"":404,""user_stage"":200}"
"stage_reached_200 (App)",,,"{""Time"":""2026-04-10 14:38:25"",""UserUUID"":""ed467050-3105-11f1-9628-75f0d7654de9"",""attendanceCount"":5,""attendance_count"":5,""b.diamond"":51600,""b.ruby"":0,""boxAllCount"":3970,""curserver"":2,""equipmentData"":""W:22_0A:18_0"",""install_day"":""2026-04-05"",""totalPayment"":7700,""total_payment_amount"":7700,""user_name"":""비즤"",""user_rank"":252,""user_stage"":200}"
"stage_reached_200 (App)",,,"{""Time"":""2026-04-10 14:36:13"",""UserUUID"":""89e738d0-2fa4-11f1-b601-61b995e58e10"",""attendanceCount"":7,""attendance_count"":7,""b.diamond"":30433,""b.ruby"":0,""boxAllCount"":3900,""curserver"":2,""equipmentData"":""W:21_0A:20_0"",""install_day"":""2026-04-03"",""totalPayment"":7700,""total_payment_amount"":7700,""user_name"":""디후"",""user_rank"":418,""user_stage"":200}"
"stage_reached_200 (App)",,,"{""Time"":""2026-04-10 14:36:12"",""UserUUID"":""4e59fee0-310e-11f1-bdd7-b1cc7926ebe5"",""attendanceCount"":5,""attendance_count"":5,""b.diamond"":174491,""b.ruby"":330,""boxAllCount"":4870,""curserver"":2,""equipmentData"":""W:22_0A:19_0"",""install_day"":""2026-04-05"",""totalPayment"":11000,""total_payment_amount"":11000,""user_name"":""나도표류기"",""user_rank"":356,""user_stage"":200}"
"stage_reached_200 (App)",,,"{""Time"":""2026-04-10 14:34:51"",""UserUUID"":""b0626d40-3030-11f1-b0d7-1fcfb03c0eaa"",""attendanceCount"":7,""attendance_count"":7,""b.diamond"":198723,""b.ruby"":0,""boxAllCount"":570,""curserver"":2,""equipmentData"":""W:20_0A:19_0"",""install_day"":""2026-04-04"",""totalPayment"":7700,""total_payment_amount"":7700,""user_name"":""구호빵"",""user_rank"":495,""user_stage"":200}"
"stage_reached_200 (App)",,,"{""Time"":""2026-04-10 14:33:01"",""UserUUID"":""e94f73d0-328a-11f1-867e-17923c3b4aaa"",""attendanceCount"":4,""attendance_count"":4,""b.diamond"":21935,""b.ruby"":0,""boxAllCount"":5420,""curserver"":2,""equipmentData"":""W:20_0A:20_0"",""install_day"":""2026-04-07"",""totalPayment"":36300,""total_payment_amount"":36300,""user_name"":""매츄"",""user_rank"":343,""user_stage"":200}"
"stage_reached_200 (App)",,,"{""Time"":""2026-04-10 14:25:48"",""UserUUID"":""28ba1b80-3441-11f1-a03c-d90f4724c8b3"",""attendanceCount"":1,""attendance_count"":1,""b.diamond"":118196,""b.ruby"":1540,""boxAllCount"":1640,""curserver"":2,""equipmentData"":""W:18_0A:16_0"",""install_day"":""2026-04-09"",""totalPayment"":282700,""total_payment_amount"":282700,""user_name"":""황형"",""user_rank"":307,""user_stage"":200}"
"stage_reached_200 (App)",,,"{""Time"":""2026-04-10 14:11:54"",""UserUUID"":""862491d0-32e1-11f1-89be-776148509146"",""attendanceCount"":3,""attendance_count"":3,""b.diamond"":19487,""b.ruby"":880,""boxAllCount"":4090,""curserver"":2,""equipmentData"":""W:21_0A:20_0"",""install_day"":""2026-04-08"",""totalPayment"":128700,""total_payment_amount"":128700,""user_name"":""가끔씩등장"",""user_rank"":317,""user_stage"":200}"
"stage_reached_200 (App)",,,"{""Time"":""2026-04-10 13:47:12"",""UserUUID"":""2d665200-316e-11f1-946a-a3a1351e7a69"",""attendanceCount"":5,""attendance_count"":5,""b.diamond"":211108,""b.ruby"":110,""boxAllCount"":4150,""curserver"":2,""equipmentData"":""W:21_0A:19_0"",""install_day"":""2026-04-06"",""totalPayment"":61600,""total_payment_amount"":61600,""user_name"":""미응"",""user_rank"":633,""user_stage"":200}"
"stage_reached_200 (App)",,,"{""Time"":""2026-04-10 13:35:13"",""UserUUID"":""e2f8b9b0-3280-11f1-8e99-e3f6968f6778"",""attendanceCount"":4,""attendance_count"":4,""b.diamond"":92770,""b.ruby"":0,""boxAllCount"":2760,""curserver"":2,""equipmentData"":""W:23_0A:23_0"",""install_day"":""2026-04-07"",""totalPayment"":7700,""total_payment_amount"":7700,""user_name"":""돌푼"",""user_rank"":315,""user_stage"":200}"
"stage_reached_200 (App)",,,"{""Time"":""2026-04-10 13:27:19"",""UserUUID"":""b1bd5970-328d-11f1-b53f-49b12169f420"",""attendanceCount"":4,""attendance_count"":4,""b.diamond"":18961,""b.ruby"":0,""boxAllCount"":2580,""curserver"":2,""equipmentData"":""W:23_0A:19_0"",""install_day"":""2026-04-07"",""totalPayment"":7700,""total_payment_amount"":7700,""user_name"":""유설아"",""user_rank"":339,""user_stage"":200}"
"stage_reached_200 (App)",,,"{""Time"":""2026-04-10 13:09:00"",""UserUUID"":""c4eb1430-327c-11f1-947b-33c0b0db1b1f"",""attendanceCount"":4,""attendance_count"":4,""b.diamond"":88662,""b.ruby"":0,""boxAllCount"":8370,""curserver"":2,""equipmentData"":""W:23_0A:21_0"",""install_day"":""2026-04-07"",""totalPayment"":11000,""total_payment_amount"":11000,""user_name"":""유빈정"",""user_rank"":605,""user_stage"":200}"
"stage_reached_200 (App)",,,"{""Time"":""2026-04-10 12:43:21"",""UserUUID"":""73346f30-3298-11f1-89ae-25558d9abf90"",""attendanceCount"":3,""attendance_count"":3,""b.diamond"":17895,""b.ruby"":220,""boxAllCount"":3300,""curserver"":2,""equipmentData"":""W:21_0A:18_0"",""install_day"":""2026-04-07"",""totalPayment"":143000,""total_payment_amount"":143000,""user_name"":""하판"",""user_rank"":419,""user_stage"":200}"
"stage_reached_200 (App)",,,"{""Time"":""2026-04-10 12:58:06"",""UserUUID"":""422df800-30ec-11f1-acde-ed5e2eaa8053"",""attendanceCount"":5,""attendance_count"":5,""b.diamond"":17489,""b.ruby"":0,""boxAllCount"":990,""curserver"":2,""equipmentData"":""W:19_0A:19_0"",""install_day"":""2026-04-05"",""totalPayment"":8800,""total_payment_amount"":8800,""user_name"":""조정"",""user_rank"":308,""user_stage"":200}"
"stage_reached_200 (App)",,,"{""Time"":""2026-04-10 12:57:38"",""UserUUID"":""6c40a4d0-3259-11f1-9f15-6126e67f7582"",""attendanceCount"":4,""attendance_count"":4,""b.diamond"":128996,""b.ruby"":0,""boxAllCount"":6580,""curserver"":2,""equipmentData"":""W:23_0A:20_0"",""install_day"":""2026-04-07"",""totalPayment"":0,""total_payment_amount"":0,""user_name"":""난세윤석렬"",""user_rank"":322,""user_stage"":200}"
"stage_reached_200 (App)",,,"{""Time"":""2026-04-10 12:42:27"",""UserUUID"":""b4a7fed0-32a4-11f1-bbbd-316b8ef824a4"",""attendanceCount"":3,""attendance_count"":3,""b.diamond"":11082,""b.ruby"":0,""boxAllCount"":2400,""curserver"":2,""equipmentData"":""W:22_0A:19_0"",""install_day"":""2026-04-07"",""totalPayment"":8800,""total_payment_amount"":8800,""user_name"":""킹태구"",""user_rank"":392,""user_stage"":200}"
"stage_reached_200 (App)",,,"{""Time"":""2026-04-10 12:35:35"",""UserUUID"":""b16251c0-3188-11f1-8ee2-bd2013b6db4f"",""attendanceCount"":5,""attendance_count"":5,""b.diamond"":6946,""b.ruby"":0,""boxAllCount"":1230,""curserver"":2,""equipmentData"":""W:22_0A:19_0"",""install_day"":""2026-04-06"",""totalPayment"":7700,""total_payment_amount"":7700,""user_name"":""삐숑"",""user_rank"":312,""user_stage"":200}"
"stage_reached_200 (App)",,,"{""Time"":""2026-04-10 12:33:06"",""UserUUID"":""02382c30-3087-11f1-bdc9-d53faa467de4"",""attendanceCount"":6,""attendance_count"":6,""b.diamond"":127778,""b.ruby"":0,""boxAllCount"":3570,""curserver"":2,""equipmentData"":""W:19_0A:19_0"",""install_day"":""2026-04-05"",""totalPayment"":7700,""total_payment_amount"":7700,""user_name"":""심야괴"",""user_rank"":328,""user_stage"":200}"
"stage_reached_200 (App)",,,"{""Time"":""2026-04-10 12:20:31"",""UserUUID"":""73029eb0-3004-11f1-b24b-bb43cf968457"",""attendanceCount"":7,""attendance_count"":7,""b.diamond"":1800,""b.ruby"":0,""boxAllCount"":2640,""curserver"":2,""equipmentData"":""W:20_0A:19_0"",""install_day"":""2026-04-04"",""totalPayment"":7700,""total_payment_amount"":7700,""user_name"":""주먹왕곽곽"",""user_rank"":390,""user_stage"":200}"
"stage_reached_200 (App)",,,"{""Time"":""2026-04-10 11:47:09"",""UserUUID"":""f6de09c0-30b0-11f1-a784-8b2f36fae7f6"",""attendanceCount"":6,""attendance_count"":6,""b.diamond"":30393,""b.ruby"":0,""boxAllCount"":480,""curserver"":2,""equipmentData"":""W:22_0A:19_0"",""install_day"":""2026-04-05"",""totalPayment"":7700,""total_payment_amount"":7700,""user_name"":""가히하나"",""user_rank"":303,""user_stage"":200}"
"stage_reached_200 (App)",,,"{""Time"":""2026-04-10 11:36:43"",""UserUUID"":""11b41d00-32fc-11f1-bd8f-47653e3cd00b"",""attendanceCount"":3,""attendance_count"":3,""b.diamond"":208963,""b.ruby"":80,""boxAllCount"":13250,""curserver"":2,""equipmentData"":""W:23_0A:21_0"",""install_day"":""2026-04-08"",""totalPayment"":308000,""total_payment_amount"":308000,""user_name"":""게임나오기전"",""user_rank"":306,""user_stage"":200}"
"stage_reached_200 (App)",,,"{""Time"":""2026-04-10 11:35:41"",""UserUUID"":""06baa590-2f5f-11f1-b1ef-0bbd0b3fe342"",""attendanceCount"":8,""attendance_count"":8,""b.diamond"":27851,""b.ruby"":0,""boxAllCount"":6210,""curserver"":2,""equipmentData"":""W:23_0A:20_0"",""install_day"":""2026-04-03"",""totalPayment"":0,""total_payment_amount"":0,""user_name"":""영맵"",""user_rank"":379,""user_stage"":200}"
"stage_reached_200 (App)",,,"{""Time"":""2026-04-10 11:22:53"",""UserUUID"":""9a2af210-314b-11f1-aad7-87d126d17a9d"",""attendanceCount"":5,""attendance_count"":5,""b.diamond"":11424,""b.ruby"":0,""boxAllCount"":6100,""curserver"":2,""equipmentData"":""W:21_0A:20_0"",""install_day"":""2026-04-06"",""totalPayment"":22000,""total_payment_amount"":22000,""user_name"":""함덕철"",""user_rank"":298,""user_stage"":200}"
"stage_reached_200 (App)",,,"{""Time"":""2026-04-10 11:20:03"",""UserUUID"":""97d86c10-3086-11f1-a0a5-b1f1c5e48406"",""attendanceCount"":6,""attendance_count"":6,""b.diamond"":18133,""b.ruby"":0,""boxAllCount"":2400,""curserver"":2,""equipmentData"":""W:21_0A:21_0"",""install_day"":""2026-04-05"",""totalPayment"":7700,""total_payment_amount"":7700,""user_name"":""남부의손오공"",""user_rank"":370,""user_stage"":200}"
"stage_reached_200 (App)",,,"{""Time"":""2026-04-10 11:13:09"",""UserUUID"":""69cd9cb0-31cf-11f1-bedd-bb80aed62be1"",""attendanceCount"":4,""attendance_count"":4,""b.diamond"":135855,""b.ruby"":110,""boxAllCount"":1200,""curserver"":2,""equipmentData"":""W:22_0A:17_0"",""install_day"":""2026-04-06"",""totalPayment"":25300,""total_payment_amount"":25300,""user_name"":""혜지렁"",""user_rank"":320,""user_stage"":200}"
"stage_reached_200 (App)",,,"{""Time"":""2026-04-10 11:08:16"",""UserUUID"":""5515ca10-2f70-11f1-afff-636d723ada54"",""attendanceCount"":7,""attendance_count"":7,""b.diamond"":7305,""b.ruby"":0,""boxAllCount"":510,""curserver"":2,""equipmentData"":""W:20_0A:19_0"",""install_day"":""2026-04-03"",""totalPayment"":9900,""total_payment_amount"":9900,""user_name"":""노므쿤"",""user_rank"":292,""user_stage"":200}"
"stage_reached_200 (App)",,,"{""Time"":""2026-04-10 11:07:33"",""UserUUID"":""05e75ec0-31ca-11f1-8641-f352cf91c7e3"",""attendanceCount"":4,""attendance_count"":4,""b.diamond"":251003,""b.ruby"":0,""boxAllCount"":3840,""curserver"":2,""equipmentData"":""W:22_0A:20_0"",""install_day"":""2026-04-06"",""totalPayment"":18700,""total_payment_amount"":18700,""user_name"":""지그재구리"",""user_rank"":292,""user_stage"":200}"
"stage_reached_200 (App)",,,"{""Time"":""2026-04-10 10:48:58"",""UserUUID"":""ea272610-3251-11f1-bf0f-557a9a571eaa"",""attendanceCount"":4,""attendance_count"":4,""b.diamond"":11372,""b.ruby"":0,""boxAllCount"":1620,""curserver"":2,""equipmentData"":""W:20_0A:18_0"",""install_day"":""2026-04-07"",""totalPayment"":73700,""total_payment_amount"":73700,""user_name"":""홍진기"",""user_rank"":367,""user_stage"":200}"
"stage_reached_200 (App)",,,"{""Time"":""2026-04-10 10:48:32"",""UserUUID"":""c82046d0-3235-11f1-9758-2d1c30faf5b5"",""attendanceCount"":4,""attendance_count"":4,""b.diamond"":1846,""b.ruby"":0,""boxAllCount"":4570,""curserver"":2,""equipmentData"":""W:21_0A:19_0"",""install_day"":""2026-04-07"",""totalPayment"":34100,""total_payment_amount"":34100,""user_name"":""이주나니"",""user_rank"":324,""user_stage"":200}"
"stage_reached_200 (App)",,,"{""Time"":""2026-04-10 10:48:23"",""UserUUID"":""807cd6a0-3009-11f1-b24b-bb43cf968457"",""attendanceCount"":7,""attendance_count"":7,""b.diamond"":41940,""b.ruby"":0,""boxAllCount"":240,""curserver"":2,""equipmentData"":""W:20_0A:19_0"",""install_day"":""2026-04-04"",""totalPayment"":0,""total_payment_amount"":0,""user_name"":""카자마"",""user_rank"":290,""user_stage"":200}"
"stage_reached_200 (App)",,,"{""Time"":""2026-04-10 10:27:49"",""UserUUID"":""e4b84c80-30ea-11f1-8a26-e5cd6c484b4e"",""attendanceCount"":6,""attendance_count"":6,""b.diamond"":43584,""b.ruby"":330,""boxAllCount"":6280,""curserver"":2,""equipmentData"":""W:20_0A:20_0"",""install_day"":""2026-04-05"",""totalPayment"":11000,""total_payment_amount"":11000,""user_name"":""칸쿠3세"",""user_rank"":233,""user_stage"":200}"
"stage_reached_200 (App)",,,"{""Time"":""2026-04-10 09:49:33"",""UserUUID"":""b7df8d50-325b-11f1-aeb7-a9da030097bb"",""attendanceCount"":4,""attendance_count"":4,""b.diamond"":64435,""b.ruby"":0,""boxAllCount"":7130,""curserver"":2,""equipmentData"":""W:23_0A:20_0"",""install_day"":""2026-04-07"",""totalPayment"":7700,""total_payment_amount"":7700,""user_name"":""6찍먹"",""user_rank"":304,""user_stage"":200}"
"stage_reached_200 (App)",,,"{""Time"":""2026-04-10 09:46:27"",""UserUUID"":""5d5af3e0-3181-11f1-aa2e-ab1350d8c2de"",""attendanceCount"":5,""attendance_count"":5,""b.diamond"":1993,""b.ruby"":0,""boxAllCount"":2430,""curserver"":2,""equipmentData"":""W:20_0A:19_0"",""install_day"":""2026-04-06"",""totalPayment"":7700,""total_payment_amount"":7700,""user_name"":""이재로"",""user_rank"":298,""user_stage"":200}"
"stage_reached_200 (App)",,,"{""Time"":""2026-04-10 09:40:42"",""UserUUID"":""d0350e90-3024-11f1-b927-67281d639764"",""attendanceCount"":7,""attendance_count"":7,""b.diamond"":100588,""b.ruby"":110,""boxAllCount"":2160,""curserver"":2,""equipmentData"":""W:21_0A:19_0"",""install_day"":""2026-04-04"",""totalPayment"":40700,""total_payment_amount"":40700,""user_name"":""트견"",""user_rank"":534,""user_stage"":200}"
"stage_reached_200 (App)",,,"{""Time"":""2026-04-10 09:30:22"",""UserUUID"":""34834a20-30fb-11f1-bdc9-d53faa467de4"",""attendanceCount"":6,""attendance_count"":6,""b.diamond"":12804,""b.ruby"":0,""boxAllCount"":1000,""curserver"":2,""equipmentData"":""W:19_0A:19_0"",""install_day"":""2026-04-05"",""totalPayment"":7700,""total_payment_amount"":7700,""user_name"":""라휘"",""user_rank"":332,""user_stage"":200}"
"stage_reached_200 (App)",,,"{""Time"":""2026-04-10 09:28:23"",""UserUUID"":""46feac50-31d0-11f1-8ecf-1935cadd02d4"",""attendanceCount"":4,""attendance_count"":4,""b.diamond"":199749,""b.ruby"":0,""boxAllCount"":5170,""curserver"":2,""equipmentData"":""W:23_0A:21_0"",""install_day"":""2026-04-06"",""totalPayment"":7700,""total_payment_amount"":7700,""user_name"":""둥녀"",""user_rank"":295,""user_stage"":200}"
"stage_reached_200 (App)",,,"{""Time"":""2026-04-10 09:24:16"",""UserUUID"":""f0bc21b0-325b-11f1-8039-554c81b5538d"",""attendanceCount"":4,""attendance_count"":4,""b.diamond"":57617,""b.ruby"":0,""boxAllCount"":1870,""curserver"":2,""equipmentData"":""W:22_0A:17_0"",""install_day"":""2026-04-07"",""totalPayment"":25300,""total_payment_amount"":25300,""user_name"":""별난잘난"",""user_rank"":447,""user_stage"":200}"
"stage_reached_200 (App)",,,"{""Time"":""2026-04-10 09:19:32"",""UserUUID"":""c0572810-3217-11f1-a366-69658440338f"",""attendanceCount"":4,""attendance_count"":4,""b.diamond"":102483,""b.ruby"":110,""boxAllCount"":810,""curserver"":2,""equipmentData"":""W:20_0A:18_0"",""install_day"":""2026-04-07"",""totalPayment"":51700,""total_payment_amount"":51700,""user_name"":""징쨩"",""user_rank"":420,""user_stage"":200}"
"stage_reached_200 (App)",,,"{""Time"":""2026-04-10 08:42:54"",""UserUUID"":""e53f5c10-3014-11f1-b0d7-1fcfb03c0eaa"",""attendanceCount"":7,""attendance_count"":7,""b.diamond"":36016,""b.ruby"":0,""boxAllCount"":3120,""curserver"":2,""equipmentData"":""W:20_0A:19_0"",""install_day"":""2026-04-04"",""totalPayment"":7700,""total_payment_amount"":7700,""user_name"":""플래너"",""user_rank"":315,""user_stage"":200}"
"stage_reached_200 (App)",,,"{""Time"":""2026-04-10 08:34:43"",""UserUUID"":""3adc8f90-30f5-11f1-a7f8-61240aaef1c0"",""attendanceCount"":6,""attendance_count"":6,""b.diamond"":28320,""b.ruby"":0,""boxAllCount"":1080,""curserver"":2,""equipmentData"":""W:20_0A:20_0"",""install_day"":""2026-04-05"",""totalPayment"":7700,""total_payment_amount"":7700,""user_name"":""부비땡이"",""user_rank"":294,""user_stage"":200}"
"stage_reached_200 (App)",,,"{""Time"":""2026-04-10 08:34:29"",""UserUUID"":""d86a43d0-2f09-11f1-9912-efc3305f9b43"",""attendanceCount"":8,""attendance_count"":8,""b.diamond"":1615893,""b.ruby"":0,""boxAllCount"":1420,""curserver"":2,""equipmentData"":""W:23_0A:19_0"",""install_day"":""2026-04-03"",""totalPayment"":7700,""total_payment_amount"":7700,""user_name"":""정예린"",""user_rank"":282,""user_stage"":200}"
"stage_reached_200 (App)",,,"{""Time"":""2026-04-10 08:19:55"",""UserUUID"":""10a84110-2f74-11f1-8028-096de6ca083c"",""attendanceCount"":7,""attendance_count"":7,""b.diamond"":42120,""b.ruby"":0,""boxAllCount"":3510,""curserver"":2,""equipmentData"":""W:20_0A:19_0"",""install_day"":""2026-04-03"",""totalPayment"":7700,""total_payment_amount"":7700,""user_name"":""앨리스D"",""user_rank"":303,""user_stage"":200}"
"stage_reached_200 (App)",,,"{""Time"":""2026-04-10 08:14:58"",""UserUUID"":""e108c2b0-3192-11f1-847f-4f88b7ef5129"",""attendanceCount"":5,""attendance_count"":5,""b.diamond"":83071,""b.ruby"":330,""boxAllCount"":1140,""curserver"":2,""equipmentData"":""W:18_0A:19_0"",""install_day"":""2026-04-06"",""totalPayment"":42900,""total_payment_amount"":42900,""user_name"":""해유수"",""user_rank"":290,""user_stage"":200}"
"stage_reached_200 (App)",,,"{""Time"":""2026-04-10 08:14:50"",""UserUUID"":""2c2a8280-3001-11f1-8526-3d689a50f7aa"",""attendanceCount"":7,""attendance_count"":7,""b.diamond"":20258,""b.ruby"":0,""boxAllCount"":1290,""curserver"":2,""equipmentData"":""W:21_0A:19_0"",""install_day"":""2026-04-04"",""totalPayment"":0,""total_payment_amount"":0,""user_name"":""BTC"",""user_rank"":282,""user_stage"":200}"
"stage_reached_200 (App)",,,"{""Time"":""2026-04-10 08:10:30"",""UserUUID"":""9e7304d0-30c3-11f1-bdc9-d53faa467de4"",""attendanceCount"":6,""attendance_count"":6,""b.diamond"":118062,""b.ruby"":0,""boxAllCount"":3720,""curserver"":2,""equipmentData"":""W:22_0A:19_0"",""install_day"":""2026-04-05"",""totalPayment"":7700,""total_payment_amount"":7700,""user_name"":""난표세류"",""user_rank"":358,""user_stage"":200}"
"stage_reached_200 (App)",,,"{""Time"":""2026-04-10 08:08:47"",""UserUUID"":""b5609be0-3261-11f1-bd41-bf607eaafb71"",""attendanceCount"":4,""attendance_count"":4,""b.diamond"":3872,""b.ruby"":0,""boxAllCount"":1720,""curserver"":2,""equipmentData"":""W:22_0A:19_0"",""install_day"":""2026-04-07"",""totalPayment"":1100,""total_payment_amount"":1100,""user_name"":""핳짯토씨"",""user_rank"":311,""user_stage"":200}"
"stage_reached_200 (App)",,,"{""Time"":""2026-04-10 08:06:40"",""UserUUID"":""0aaf56f0-3031-11f1-b397-95f705135241"",""attendanceCount"":7,""attendance_count"":7,""b.diamond"":117858,""b.ruby"":0,""boxAllCount"":4360,""curserver"":2,""equipmentData"":""W:21_0A:21_0"",""install_day"":""2026-04-04"",""totalPayment"":47300,""total_payment_amount"":47300,""user_name"":""아각"",""user_rank"":282,""user_stage"":200}"
"stage_reached_200 (App)",,,"{""Time"":""2026-04-10 08:02:34"",""UserUUID"":""fdb7f760-340c-11f1-bd63-5b170bf24721"",""attendanceCount"":2,""attendance_count"":2,""b.diamond"":197920,""b.ruby"":0,""boxAllCount"":3150,""curserver"":2,""equipmentData"":""W:23_0A:19_0"",""install_day"":""2026-04-09"",""totalPayment"":165000,""total_payment_amount"":165000,""user_name"":""도도타코"",""user_rank"":873,""user_stage"":200}"
"stage_reached_200 (App)",,,"{""Time"":""2026-04-10 07:51:24"",""UserUUID"":""fc750560-31c2-11f1-905f-b3a6c6cdda57"",""attendanceCount"":5,""attendance_count"":5,""b.diamond"":15316,""b.ruby"":0,""boxAllCount"":7200,""curserver"":2,""equipmentData"":""W:23_0A:20_0"",""install_day"":""2026-04-06"",""totalPayment"":6600,""total_payment_amount"":6600,""user_name"":""천마행"",""user_rank"":361,""user_stage"":200}"
"stage_reached_200 (App)",,,"{""Time"":""2026-04-10 07:51:25"",""UserUUID"":""9d502b90-3006-11f1-b891-e53aa8ec33c1"",""attendanceCount"":7,""attendance_count"":7,""b.diamond"":98382,""b.ruby"":0,""boxAllCount"":2400,""curserver"":2,""equipmentData"":""W:22_0A:19_0"",""install_day"":""2026-04-04"",""totalPayment"":0,""total_payment_amount"":0,""user_name"":""밧찌"",""user_rank"":272,""user_stage"":200}"
"stage_reached_200 (App)",,,"{""Time"":""2026-04-10 07:49:37"",""UserUUID"":""6826eaf0-2ff5-11f1-b856-011e2bdb83d1"",""attendanceCount"":7,""attendance_count"":7,""b.diamond"":18170,""b.ruby"":0,""boxAllCount"":1560,""curserver"":2,""equipmentData"":""W:23_0A:19_0"",""install_day"":""2026-04-04"",""totalPayment"":59400,""total_payment_amount"":59400,""user_name"":""트진남"",""user_rank"":316,""user_stage"":200}"
"stage_reached_200 (App)",,,"{""Time"":""2026-04-10 07:45:04"",""UserUUID"":""a3fb5d00-2fbd-11f1-985c-ed77f3b949a3"",""attendanceCount"":7,""attendance_count"":7,""b.diamond"":89354,""b.ruby"":0,""boxAllCount"":6160,""curserver"":2,""equipmentData"":""W:21_0A:20_0"",""install_day"":""2026-04-04"",""totalPayment"":7700,""total_payment_amount"":7700,""user_name"":""천궁화룡"",""user_rank"":324,""user_stage"":200}"
"stage_reached_200 (App)",,,"{""Time"":""2026-04-10 07:44:11"",""UserUUID"":""ac6144d0-32f8-11f1-b93c-fb11dbd47745"",""attendanceCount"":3,""attendance_count"":3,""b.diamond"":421810,""b.ruby"":4950,""boxAllCount"":4090,""curserver"":2,""equipmentData"":""W:22_0A:20_0"",""install_day"":""2026-04-08"",""totalPayment"":161700,""total_payment_amount"":161700,""user_name"":""여해이순신장군"",""user_rank"":282,""user_stage"":200}"
"stage_reached_200 (App)",,,"{""Time"":""2026-04-10 07:29:59"",""UserUUID"":""8a288560-3206-11f1-b207-55ad83937d05"",""attendanceCount"":4,""attendance_count"":4,""b.diamond"":90088,""b.ruby"":0,""boxAllCount"":2430,""curserver"":2,""equipmentData"":""W:23_0A:23_0"",""install_day"":""2026-04-06"",""totalPayment"":0,""total_payment_amount"":0,""user_name"":""배가봄드"",""user_rank"":294,""user_stage"":200}"
"stage_reached_200 (App)",,,"{""Time"":""2026-04-10 07:25:57"",""UserUUID"":""da4fd890-300d-11f1-a557-1b371ba4e02c"",""attendanceCount"":7,""attendance_count"":7,""b.diamond"":161014,""b.ruby"":0,""boxAllCount"":3000,""curserver"":2,""equipmentData"":""W:23_0A:19_0"",""install_day"":""2026-04-04"",""totalPayment"":7700,""total_payment_amount"":7700,""user_name"":""소주잔"",""user_rank"":288,""user_stage"":200}"
"stage_reached_200 (App)",,,"{""Time"":""2026-04-10 07:12:10"",""UserUUID"":""c095b860-2e8d-11f1-a24f-7b8b23185ffc"",""attendanceCount"":8,""attendance_count"":8,""b.diamond"":204373,""b.ruby"":0,""boxAllCount"":3040,""curserver"":2,""equipmentData"":""W:19_0A:19_0"",""install_day"":""2026-04-02"",""totalPayment"":0,""total_payment_amount"":0,""user_name"":""지뉸"",""user_rank"":347,""user_stage"":200}"
"stage_reached_200 (App)",,,"{""Time"":""2026-04-10 07:02:51"",""UserUUID"":""dba95a40-321f-11f1-b969-a96b106abdbd"",""attendanceCount"":4,""attendance_count"":4,""b.diamond"":133737,""b.ruby"":0,""boxAllCount"":3640,""curserver"":2,""equipmentData"":""W:20_0A:22_0"",""install_day"":""2026-04-07"",""totalPayment"":14300,""total_payment_amount"":14300,""user_name"":""Ohdori"",""user_rank"":289,""user_stage"":200}"
"stage_reached_200 (App)",,,"{""Time"":""2026-04-10 06:59:17"",""UserUUID"":""5f9a9120-3225-11f1-b2d5-9fc12be45c1a"",""attendanceCount"":4,""attendance_count"":4,""b.diamond"":123586,""b.ruby"":0,""boxAllCount"":3840,""curserver"":2,""equipmentData"":""W:22_0A:19_0"",""install_day"":""2026-04-07"",""totalPayment"":7700,""total_payment_amount"":7700,""user_name"":""스카치블랙"",""user_rank"":322,""user_stage"":200}"
"stage_reached_200 (App)",,,"{""Time"":""2026-04-10 06:58:20"",""UserUUID"":""c6bc7e40-31cb-11f1-8641-f352cf91c7e3"",""attendanceCount"":4,""attendance_count"":4,""b.diamond"":2125,""b.ruby"":0,""boxAllCount"":1950,""curserver"":2,""equipmentData"":""W:19_0A:17_0"",""install_day"":""2026-04-06"",""totalPayment"":23100,""total_payment_amount"":23100,""user_name"":""청개굴비서"",""user_rank"":282,""user_stage"":200}"
"stage_reached_200 (App)",,,"{""Time"":""2026-04-10 06:52:15"",""UserUUID"":""b960bdc0-2bc6-11f1-8e11-3d974e043f15"",""attendanceCount"":12,""attendance_count"":12,""b.diamond"":887953,""b.ruby"":0,""boxAllCount"":6150,""curserver"":1,""equipmentData"":""W:20_0A:20_0"",""install_day"":""2026-03-29"",""totalPayment"":7700,""total_payment_amount"":7700,""user_name"":""폭군광해군"",""user_rank"":7583,""user_stage"":200}"
"stage_reached_200 (App)",,,"{""Time"":""2026-04-10 06:50:43"",""UserUUID"":""c4dbca60-2fe9-11f1-9e3a-018eee98e357"",""attendanceCount"":7,""attendance_count"":7,""b.diamond"":10760,""b.ruby"":0,""boxAllCount"":1560,""curserver"":2,""equipmentData"":""W:21_0A:16_0"",""install_day"":""2026-04-04"",""totalPayment"":11000,""total_payment_amount"":11000,""user_name"":""금쪽스러운하루"",""user_rank"":320,""user_stage"":200}"
"stage_reached_200 (App)",,,"{""Time"":""2026-04-10 06:46:41"",""UserUUID"":""266deeb0-2d48-11f1-947a-218b465a8096"",""attendanceCount"":10,""attendance_count"":10,""b.diamond"":204082,""b.ruby"":0,""boxAllCount"":6070,""curserver"":1,""equipmentData"":""W:21_0A:20_0"",""install_day"":""2026-03-31"",""totalPayment"":7700,""total_payment_amount"":7700,""user_name"":""예주"",""user_rank"":7126,""user_stage"":200}"
"stage_reached_200 (App)",,,"{""Time"":""2026-04-10 06:39:59"",""UserUUID"":""88b94d20-3186-11f1-87bf-ffa5625e3e50"",""attendanceCount"":5,""attendance_count"":5,""b.diamond"":13974,""b.ruby"":0,""boxAllCount"":3510,""curserver"":2,""equipmentData"":""W:22_0A:19_0"",""install_day"":""2026-04-06"",""totalPayment"":7700,""total_payment_amount"":7700,""user_name"":""마왕타요"",""user_rank"":294,""user_stage"":200}"
"stage_reached_200 (App)",,,"{""Time"":""2026-04-10 06:28:19"",""UserUUID"":""525de640-3092-11f1-bb70-0f88c446d4f9"",""attendanceCount"":6,""attendance_count"":6,""b.diamond"":15086,""b.ruby"":220,""boxAllCount"":6370,""curserver"":2,""equipmentData"":""W:21_0A:20_0"",""install_day"":""2026-04-05"",""totalPayment"":24200,""total_payment_amount"":24200,""user_name"":""꿀꿀력"",""user_rank"":268,""user_stage"":200}"
"stage_reached_200 (App)",,,"{""Time"":""2026-04-10 06:10:37"",""UserUUID"":""44418620-2f75-11f1-9422-e379917ef5f1"",""attendanceCount"":7,""attendance_count"":7,""b.diamond"":20535,""b.ruby"":0,""boxAllCount"":9580,""curserver"":2,""equipmentData"":""W:21_0A:21_0"",""install_day"":""2026-04-03"",""totalPayment"":29700,""total_payment_amount"":29700,""user_name"":""가짜대통령찢재명"",""user_rank"":268,""user_stage"":200}"
"stage_reached_200 (App)",,,"{""Time"":""2026-04-10 06:10:19"",""UserUUID"":""83509ab0-2f46-11f1-b601-61b995e58e10"",""attendanceCount"":8,""attendance_count"":8,""b.diamond"":10008,""b.ruby"":0,""boxAllCount"":960,""curserver"":2,""equipmentData"":""W:20_0A:19_0"",""install_day"":""2026-04-03"",""totalPayment"":7700,""total_payment_amount"":7700,""user_name"":""겐우기"",""user_rank"":259,""user_stage"":200}"
"stage_reached_200 (App)",,,"{""Time"":""2026-04-10 05:20:07"",""UserUUID"":""69379c70-2f99-11f1-a189-5da4729d7f88"",""attendanceCount"":7,""attendance_count"":7,""b.diamond"":127284,""b.ruby"":0,""boxAllCount"":6010,""curserver"":2,""equipmentData"":""W:20_0A:20_0"",""install_day"":""2026-04-03"",""totalPayment"":0,""total_payment_amount"":0,""user_name"":""멍주"",""user_rank"":329,""user_stage"":200}"
"stage_reached_200 (App)",,,"{""Time"":""2026-04-10 05:16:59"",""UserUUID"":""4853d2e0-320e-11f1-86f1-69e0411cf809"",""attendanceCount"":4,""attendance_count"":4,""b.diamond"":7684,""b.ruby"":0,""boxAllCount"":5590,""curserver"":2,""equipmentData"":""W:22_0A:19_0"",""install_day"":""2026-04-06"",""totalPayment"":11000,""total_payment_amount"":11000,""user_name"":""얀코"",""user_rank"":386,""user_stage"":200}"
"stage_reached_200 (App)",,,"{""Time"":""2026-04-10 05:15:49"",""UserUUID"":""69a0cec0-30bb-11f1-80b4-fdb01b34780a"",""attendanceCount"":6,""attendance_count"":6,""b.diamond"":215878,""b.ruby"":0,""boxAllCount"":2850,""curserver"":2,""equipmentData"":""W:22_0A:21_0"",""install_day"":""2026-04-05"",""totalPayment"":7700,""total_payment_amount"":7700,""user_name"":""혜경궁"",""user_rank"":277,""user_stage"":200}"
"stage_reached_200 (App)",,,"{""Time"":""2026-04-10 05:10:41"",""UserUUID"":""d4837c30-2362-11f1-af49-69ee6417c231"",""attendanceCount"":21,""attendance_count"":21,""b.diamond"":16806,""b.ruby"":0,""boxAllCount"":6100,""curserver"":1,""equipmentData"":""W:21_0A:23_0"",""install_day"":""2026-03-19"",""totalPayment"":0,""total_payment_amount"":0,""user_name"":""허주니"",""user_rank"":7262,""user_stage"":200}"
"stage_reached_200 (App)",,,"{""Time"":""2026-04-10 05:03:26"",""UserUUID"":""3566dd10-30df-11f1-8946-45fe7729c985"",""attendanceCount"":6,""attendance_count"":6,""b.diamond"":155585,""b.ruby"":0,""boxAllCount"":3690,""curserver"":2,""equipmentData"":""W:20_0A:20_0"",""install_day"":""2026-04-05"",""totalPayment"":7700,""total_payment_amount"":7700,""user_name"":""제이이비"",""user_rank"":265,""user_stage"":200}"
"stage_reached_200 (App)",,,"{""Time"":""2026-04-10 04:55:18"",""UserUUID"":""22ee1dc0-31dd-11f1-aceb-cdb128d1366a"",""attendanceCount"":4,""attendance_count"":4,""b.diamond"":188685,""b.ruby"":0,""boxAllCount"":7350,""curserver"":2,""equipmentData"":""W:20_0A:20_0"",""install_day"":""2026-04-06"",""totalPayment"":58300,""total_payment_amount"":58300,""user_name"":""스완"",""user_rank"":261,""user_stage"":200}"
"stage_reached_200 (App)",,,"{""Time"":""2026-04-10 04:50:58"",""UserUUID"":""bd6edd60-31e4-11f1-8ecf-1935cadd02d4"",""attendanceCount"":4,""attendance_count"":4,""b.diamond"":3016,""b.ruby"":0,""boxAllCount"":4220,""curserver"":2,""equipmentData"":""W:23_0A:20_0"",""install_day"":""2026-04-06"",""totalPayment"":0,""total_payment_amount"":0,""user_name"":""김태찬"",""user_rank"":358,""user_stage"":200}"
"stage_reached_200 (App)",,,"{""Time"":""2026-04-10 04:00:39"",""UserUUID"":""68cfe210-302a-11f1-a097-e3931688f933"",""attendanceCount"":7,""attendance_count"":7,""b.diamond"":12417,""b.ruby"":0,""boxAllCount"":2970,""curserver"":2,""equipmentData"":""W:20_0A:19_0"",""install_day"":""2026-04-04"",""totalPayment"":7700,""total_payment_amount"":7700,""user_name"":""지금이난세"",""user_rank"":256,""user_stage"":200}"
"stage_reached_200 (App)",,,"{""Time"":""2026-04-10 02:58:15"",""UserUUID"":""7095b730-3021-11f1-b0d7-1fcfb03c0eaa"",""attendanceCount"":7,""attendance_count"":7,""b.diamond"":45938,""b.ruby"":0,""boxAllCount"":4390,""curserver"":2,""equipmentData"":""W:20_0A:20_0"",""install_day"":""2026-04-04"",""totalPayment"":7700,""total_payment_amount"":7700,""user_name"":""플뱅"",""user_rank"":222,""user_stage"":200}"
"stage_reached_200 (App)",,,"{""Time"":""2026-04-10 02:56:33"",""UserUUID"":""d61b53f0-313c-11f1-80cf-6fa142a4cda4"",""attendanceCount"":5,""attendance_count"":5,""b.diamond"":15391,""b.ruby"":0,""boxAllCount"":2940,""curserver"":2,""equipmentData"":""W:21_0A:21_0"",""install_day"":""2026-04-05"",""totalPayment"":7700,""total_payment_amount"":7700,""user_name"":""바티칸"",""user_rank"":264,""user_stage"":200}"
"stage_reached_200 (App)",,,"{""Time"":""2026-04-10 02:54:09"",""UserUUID"":""06163380-3265-11f1-a530-772c14b8c0f6"",""attendanceCount"":4,""attendance_count"":4,""b.diamond"":45186,""b.ruby"":0,""boxAllCount"":1020,""curserver"":2,""equipmentData"":""W:21_0A:17_0"",""install_day"":""2026-04-07"",""totalPayment"":3300,""total_payment_amount"":3300,""user_name"":""지각"",""user_rank"":257,""user_stage"":200}"
"stage_reached_200 (App)",,,"{""Time"":""2026-04-10 02:43:12"",""UserUUID"":""02913110-31d9-11f1-8641-f352cf91c7e3"",""attendanceCount"":4,""attendance_count"":4,""b.diamond"":3644,""b.ruby"":0,""boxAllCount"":2430,""curserver"":2,""equipmentData"":""W:21_0A:18_0"",""install_day"":""2026-04-06"",""totalPayment"":0,""total_payment_amount"":0,""user_name"":""멋지누얌"",""user_rank"":249,""user_stage"":200}"
"stage_reached_200 (App)",,,"{""Time"":""2026-04-10 02:34:17"",""UserUUID"":""d990ca20-3285-11f1-a8f2-0127e2007171"",""attendanceCount"":4,""attendance_count"":4,""b.diamond"":302588,""b.ruby"":3190,""boxAllCount"":11110,""curserver"":2,""equipmentData"":""W:21_0A:21_0"",""install_day"":""2026-04-07"",""totalPayment"":227700,""total_payment_amount"":227700,""user_name"":""봉달"",""user_rank"":510,""user_stage"":200}"
"stage_reached_200 (App)",,,"{""Time"":""2026-04-10 02:33:36"",""UserUUID"":""0e5b0130-302e-11f1-8e26-7d4e47fdb36e"",""attendanceCount"":7,""attendance_count"":7,""b.diamond"":315912,""b.ruby"":0,""boxAllCount"":5000,""curserver"":2,""equipmentData"":""W:20_0A:19_0"",""install_day"":""2026-04-04"",""totalPayment"":7700,""total_payment_amount"":7700,""user_name"":""시안델"",""user_rank"":288,""user_stage"":200}"
"stage_reached_200 (App)",,,"{""Time"":""2026-04-10 02:28:44"",""UserUUID"":""ebe5b3a0-32cd-11f1-bb57-09414083adff"",""attendanceCount"":3,""attendance_count"":3,""b.diamond"":59103,""b.ruby"":0,""boxAllCount"":1050,""curserver"":2,""equipmentData"":""W:18_0A:17_0"",""install_day"":""2026-04-07"",""totalPayment"":63800,""total_payment_amount"":63800,""user_name"":""맛도링"",""user_rank"":248,""user_stage"":200}"
"stage_reached_200 (App)",,,"{""Time"":""2026-04-10 02:26:32"",""UserUUID"":""3bbb83c0-323b-11f1-a885-ab71dec74c81"",""attendanceCount"":4,""attendance_count"":4,""b.diamond"":14178,""b.ruby"":0,""boxAllCount"":3180,""curserver"":2,""equipmentData"":""W:20_0A:17_0"",""install_day"":""2026-04-07"",""totalPayment"":31900,""total_payment_amount"":31900,""user_name"":""Nyc"",""user_rank"":273,""user_stage"":200}"
"stage_reached_200 (App)",,,"{""Time"":""2026-04-10 02:25:37"",""UserUUID"":""f95f4e20-32b8-11f1-932d-0bb816e976e4"",""attendanceCount"":3,""attendance_count"":3,""b.diamond"":3473,""b.ruby"":110,""boxAllCount"":6000,""curserver"":2,""equipmentData"":""W:22_0A:20_0"",""install_day"":""2026-04-07"",""totalPayment"":62700,""total_payment_amount"":62700,""user_name"":""짜룰룰루"",""user_rank"":264,""user_stage"":200}"
"stage_reached_200 (App)",,,"{""Time"":""2026-04-10 02:20:05"",""UserUUID"":""1b65f540-2f72-11f1-b856-011e2bdb83d1"",""attendanceCount"":7,""attendance_count"":7,""b.diamond"":76601,""b.ruby"":0,""boxAllCount"":1470,""curserver"":2,""equipmentData"":""W:20_0A:19_0"",""install_day"":""2026-04-03"",""totalPayment"":0,""total_payment_amount"":0,""user_name"":""나약"",""user_rank"":251,""user_stage"":200}"
"stage_reached_200 (App)",,,"{""Time"":""2026-04-10 02:18:10"",""UserUUID"":""69a07530-31ae-11f1-be4f-650a9a348c4b"",""attendanceCount"":5,""attendance_count"":5,""b.diamond"":7165,""b.ruby"":0,""boxAllCount"":540,""curserver"":2,""equipmentData"":""W:19_0A:19_0"",""install_day"":""2026-04-06"",""totalPayment"":27500,""total_payment_amount"":27500,""user_name"":""모안위"",""user_rank"":311,""user_stage"":200}"
"stage_reached_200 (App)",,,"{""Time"":""2026-04-10 02:10:56"",""UserUUID"":""e23404f0-3292-11f1-954d-d9d9c12dc38e"",""attendanceCount"":3,""attendance_count"":3,""b.diamond"":16877,""b.ruby"":0,""boxAllCount"":6100,""curserver"":2,""equipmentData"":""W:23_0A:19_0"",""install_day"":""2026-04-07"",""totalPayment"":0,""total_payment_amount"":0,""user_name"":""주용"",""user_rank"":264,""user_stage"":200}"
"stage_reached_200 (App)",,,"{""Time"":""2026-04-10 02:06:13"",""UserUUID"":""97bd0310-2f4d-11f1-8958-938ba84a1cd9"",""attendanceCount"":8,""attendance_count"":8,""b.diamond"":104260,""b.ruby"":0,""boxAllCount"":7340,""curserver"":2,""equipmentData"":""W:20_0A:20_0"",""install_day"":""2026-04-03"",""totalPayment"":7700,""total_payment_amount"":7700,""user_name"":""푸담푸담"",""user_rank"":265,""user_stage"":200}"
"stage_reached_200 (App)",,,"{""Time"":""2026-04-10 02:04:18"",""UserUUID"":""ccc24b90-337d-11f1-a793-c782112182ad"",""attendanceCount"":2,""attendance_count"":2,""b.diamond"":5266,""b.ruby"":660,""boxAllCount"":11200,""curserver"":2,""equipmentData"":""W:21_0A:22_0"",""install_day"":""2026-04-08"",""totalPayment"":291500,""total_payment_amount"":291500,""user_name"":""김배꼽"",""user_rank"":1350,""user_stage"":200}"
"stage_reached_200 (App)",,,"{""Time"":""2026-04-10 01:58:32"",""UserUUID"":""db91cc50-341c-11f1-81aa-e51cf3f83330"",""attendanceCount"":2,""attendance_count"":2,""b.diamond"":1748120,""b.ruby"":25960,""boxAllCount"":9500,""curserver"":2,""equipmentData"":""W:23_0A:21_0"",""install_day"":""2026-04-09"",""totalPayment"":480700,""total_payment_amount"":480700,""user_name"":""테오게네스"",""user_rank"":434,""user_stage"":200}"
"stage_reached_200 (App)",,,"{""Time"":""2026-04-10 01:51:20"",""UserUUID"":""c737b9f0-3295-11f1-b879-bdef4ea1e349"",""attendanceCount"":3,""attendance_count"":3,""b.diamond"":36064,""b.ruby"":0,""boxAllCount"":2400,""curserver"":2,""equipmentData"":""W:20_0A:18_0"",""install_day"":""2026-04-07"",""totalPayment"":106700,""total_payment_amount"":106700,""user_name"":""츠기쿠니요리이치"",""user_rank"":492,""user_stage"":200}"
"stage_reached_200 (App)",,,"{""Time"":""2026-04-10 01:50:28"",""UserUUID"":""f9cf0f00-308b-11f1-b58c-896bd11d8001"",""attendanceCount"":6,""attendance_count"":6,""b.diamond"":10193,""b.ruby"":0,""boxAllCount"":1860,""curserver"":2,""equipmentData"":""W:20_0A:19_0"",""install_day"":""2026-04-05"",""totalPayment"":7700,""total_payment_amount"":7700,""user_name"":""못보던항구다"",""user_rank"":256,""user_stage"":200}"
"stage_reached_200 (App)",,,"{""Time"":""2026-04-10 01:45:55"",""UserUUID"":""6b7f9040-31c0-11f1-905f-b3a6c6cdda57"",""attendanceCount"":5,""attendance_count"":5,""b.diamond"":139384,""b.ruby"":0,""boxAllCount"":4430,""curserver"":2,""equipmentData"":""W:22_0A:20_0"",""install_day"":""2026-04-06"",""totalPayment"":7700,""total_payment_amount"":7700,""user_name"":""DoNa"",""user_rank"":241,""user_stage"":200}"
"stage_reached_200 (App)",,,"{""Time"":""2026-04-10 01:42:56"",""UserUUID"":""9c0362f0-3148-11f1-b8d3-73bfc24871d4"",""attendanceCount"":5,""attendance_count"":5,""b.diamond"":3442,""b.ruby"":0,""boxAllCount"":2430,""curserver"":2,""equipmentData"":""W:22_0A:19_0"",""install_day"":""2026-04-05"",""totalPayment"":18700,""total_payment_amount"":18700,""user_name"":""뒹귁에달아"",""user_rank"":267,""user_stage"":200}"
"stage_reached_200 (App)",,,"{""Time"":""2026-04-10 01:41:39"",""UserUUID"":""6525b050-324f-11f1-8933-7ba9bac0c574"",""attendanceCount"":4,""attendance_count"":4,""b.diamond"":19252,""b.ruby"":0,""boxAllCount"":2490,""curserver"":2,""equipmentData"":""W:20_0A:17_0"",""install_day"":""2026-04-07"",""totalPayment"":37400,""total_payment_amount"":37400,""user_name"":""나옹"",""user_rank"":256,""user_stage"":200}"
"stage_reached_200 (App)",,,"{""Time"":""2026-04-10 01:38:45"",""UserUUID"":""2195d1b0-3346-11f1-8177-df4b829fdb24"",""attendanceCount"":3,""attendance_count"":3,""b.diamond"":35849,""b.ruby"":0,""boxAllCount"":6010,""curserver"":2,""equipmentData"":""W:22_0A:20_0"",""install_day"":""2026-04-08"",""totalPayment"":41800,""total_payment_amount"":41800,""user_name"":""용수르"",""user_rank"":249,""user_stage"":200}"
"stage_reached_200 (App)",,,"{""Time"":""2026-04-10 01:24:11"",""UserUUID"":""b52e86b0-3161-11f1-b574-99237db12016"",""attendanceCount"":5,""attendance_count"":5,""b.diamond"":102340,""b.ruby"":0,""boxAllCount"":7160,""curserver"":2,""equipmentData"":""W:21_0A:20_0"",""install_day"":""2026-04-06"",""totalPayment"":7700,""total_payment_amount"":7700,""user_name"":""윈터z"",""user_rank"":246,""user_stage"":200}"
"stage_reached_200 (App)",,,"{""Time"":""2026-04-10 01:19:20"",""UserUUID"":""fa873170-30f9-11f1-8e3a-a9ec521ff53a"",""attendanceCount"":6,""attendance_count"":6,""b.diamond"":1997,""b.ruby"":0,""boxAllCount"":990,""curserver"":2,""equipmentData"":""W:20_0A:19_0"",""install_day"":""2026-04-05"",""totalPayment"":0,""total_payment_amount"":0,""user_name"":""상교"",""user_rank"":234,""user_stage"":200}"
"stage_reached_200 (App)",,,"{""Time"":""2026-04-10 01:10:03"",""UserUUID"":""4cf81a40-3024-11f1-b927-67281d639764"",""attendanceCount"":7,""attendance_count"":7,""b.diamond"":13053,""b.ruby"":0,""boxAllCount"":3570,""curserver"":2,""equipmentData"":""W:20_0A:19_0"",""install_day"":""2026-04-04"",""totalPayment"":8800,""total_payment_amount"":8800,""user_name"":""뽀삐포비토비"",""user_rank"":261,""user_stage"":200}"
"stage_reached_200 (App)",,,"{""Time"":""2026-04-10 01:08:53"",""UserUUID"":""640de090-2e92-11f1-b551-93a64ee906e3"",""attendanceCount"":9,""attendance_count"":9,""b.diamond"":16602,""b.ruby"":0,""boxAllCount"":2640,""curserver"":1,""equipmentData"":""W:20_0A:19_0"",""install_day"":""2026-04-02"",""totalPayment"":7700,""total_payment_amount"":7700,""user_name"":""양세표류기"",""user_rank"":7151,""user_stage"":200}"
"stage_reached_200 (App)",,,"{""Time"":""2026-04-10 00:55:40"",""UserUUID"":""07d28110-30c6-11f1-ac84-bd6f2b97a25b"",""attendanceCount"":6,""attendance_count"":6,""b.diamond"":12497,""b.ruby"":0,""boxAllCount"":2910,""curserver"":2,""equipmentData"":""W:20_0A:19_0"",""install_day"":""2026-04-05"",""totalPayment"":14300,""total_payment_amount"":14300,""user_name"":""떠돌이곰팅"",""user_rank"":233,""user_stage"":200}"
"stage_reached_200 (App)",,,"{""Time"":""2026-04-10 00:45:27"",""UserUUID"":""07187f10-30f6-11f1-a98c-6b824f988bfa"",""attendanceCount"":6,""attendance_count"":6,""b.diamond"":66049,""b.ruby"":0,""boxAllCount"":1740,""curserver"":2,""equipmentData"":""W:23_0A:19_0"",""install_day"":""2026-04-05"",""totalPayment"":44000,""total_payment_amount"":44000,""user_name"":""유기뇽딸기"",""user_rank"":649,""user_stage"":200}"
"stage_reached_200 (App)",,,"{""Time"":""2026-04-10 00:44:27"",""UserUUID"":""aba97e30-3353-11f1-ab8d-47e4449dfb73"",""attendanceCount"":3,""attendance_count"":3,""b.diamond"":5516,""b.ruby"":0,""boxAllCount"":3900,""curserver"":2,""equipmentData"":""W:23_0A:19_0"",""install_day"":""2026-04-08"",""totalPayment"":7700,""total_payment_amount"":7700,""user_name"":""발딱고디비자"",""user_rank"":364,""user_stage"":200}"
"stage_reached_200 (App)",,,"{""Time"":""2026-04-10 00:41:50"",""UserUUID"":""d5d01480-31c8-11f1-a9da-15152d594d51"",""attendanceCount"":5,""attendance_count"":5,""b.diamond"":295994,""b.ruby"":0,""boxAllCount"":6830,""curserver"":2,""equipmentData"":""W:23_0A:20_0"",""install_day"":""2026-04-06"",""totalPayment"":7700,""total_payment_amount"":7700,""user_name"":""트린"",""user_rank"":248,""user_stage"":200}"
"stage_reached_200 (App)",,,"{""Time"":""2026-04-10 00:37:44"",""UserUUID"":""994036e0-302d-11f1-9b41-d70e5ddb1ec7"",""attendanceCount"":7,""attendance_count"":7,""b.diamond"":15129,""b.ruby"":0,""boxAllCount"":2550,""curserver"":2,""equipmentData"":""W:20_0A:19_0"",""install_day"":""2026-04-04"",""totalPayment"":7700,""total_payment_amount"":7700,""user_name"":""어허라"",""user_rank"":239,""user_stage"":200}"
"stage_reached_200 (App)",,,"{""Time"":""2026-04-10 00:37:44"",""UserUUID"":""a4117e40-3248-11f1-8e99-e3f6968f6778"",""attendanceCount"":4,""attendance_count"":4,""b.diamond"":15565,""b.ruby"":0,""boxAllCount"":6850,""curserver"":2,""equipmentData"":""W:21_0A:20_0"",""install_day"":""2026-04-07"",""totalPayment"":62700,""total_payment_amount"":62700,""user_name"":""휘리"",""user_rank"":275,""user_stage"":200}"
"stage_reached_200 (App)",,,"{""Time"":""2026-04-10 00:36:29"",""UserUUID"":""cbd36650-301d-11f1-8e26-7d4e47fdb36e"",""attendanceCount"":6,""attendance_count"":6,""b.diamond"":208489,""b.ruby"":0,""boxAllCount"":900,""curserver"":2,""equipmentData"":""W:23_0A:19_0"",""install_day"":""2026-04-04"",""totalPayment"":7700,""total_payment_amount"":7700,""user_name"":""탕마"",""user_rank"":227,""user_stage"":200}"
"stage_reached_200 (App)",,,"{""Time"":""2026-04-10 00:34:27"",""UserUUID"":""d75edfa0-30bc-11f1-8941-7de3afb6c926"",""attendanceCount"":6,""attendance_count"":6,""b.diamond"":64192,""b.ruby"":0,""boxAllCount"":7130,""curserver"":2,""equipmentData"":""W:23_0A:19_0"",""install_day"":""2026-04-05"",""totalPayment"":7700,""total_payment_amount"":7700,""user_name"":""올리세"",""user_rank"":231,""user_stage"":200}"
"stage_reached_200 (App)",,,"{""Time"":""2026-04-10 00:31:34"",""UserUUID"":""c2774210-334d-11f1-a59b-7f5f04c44d59"",""attendanceCount"":3,""attendance_count"":3,""b.diamond"":12250,""b.ruby"":110,""boxAllCount"":4580,""curserver"":2,""equipmentData"":""W:23_0A:21_0"",""install_day"":""2026-04-08"",""totalPayment"":95700,""total_payment_amount"":95700,""user_name"":""이말랑"",""user_rank"":248,""user_stage"":200}"
"stage_reached_200 (App)",,,"{""Time"":""2026-04-10 00:27:46"",""UserUUID"":""f896b780-3277-11f1-9758-2d1c30faf5b5"",""attendanceCount"":4,""attendance_count"":4,""b.diamond"":194676,""b.ruby"":0,""boxAllCount"":2070,""curserver"":2,""equipmentData"":""W:23_0A:17_0"",""install_day"":""2026-04-07"",""totalPayment"":7700,""total_payment_amount"":7700,""user_name"":""서영이"",""user_rank"":263,""user_stage"":200}"
"stage_reached_200 (App)",,,"{""Time"":""2026-04-10 00:21:52"",""UserUUID"":""1e008220-2441-11f1-9f54-91e074399c88"",""attendanceCount"":7,""attendance_count"":7,""b.diamond"":247952,""b.ruby"":0,""boxAllCount"":2640,""curserver"":1,""equipmentData"":""W:20_0A:19_0"",""install_day"":""2026-03-20"",""totalPayment"":40700,""total_payment_amount"":40700,""user_name"":""짐인쌤"",""user_rank"":7123,""user_stage"":200}"
"stage_reached_200 (App)",,,"{""Time"":""2026-04-10 00:21:20"",""UserUUID"":""ba1a0a90-30c7-11f1-b4f7-f9e3bf69fb9d"",""attendanceCount"":6,""attendance_count"":6,""b.diamond"":15595,""b.ruby"":0,""boxAllCount"":2580,""curserver"":2,""equipmentData"":""W:21_0A:19_0"",""install_day"":""2026-04-05"",""totalPayment"":7700,""total_payment_amount"":7700,""user_name"":""치대식"",""user_rank"":255,""user_stage"":200}"
"stage_reached_200 (App)",,,"{""Time"":""2026-04-10 00:15:17"",""UserUUID"":""6392d700-316d-11f1-88dc-997862869414"",""attendanceCount"":5,""attendance_count"":5,""b.diamond"":115600,""b.ruby"":0,""boxAllCount"":2430,""curserver"":2,""equipmentData"":""W:21_0A:19_0"",""install_day"":""2026-04-06"",""totalPayment"":7700,""total_payment_amount"":7700,""user_name"":""Mercury"",""user_rank"":252,""user_stage"":200}"
"stage_reached_200 (App)",,,"{""Time"":""2026-04-10 00:13:33"",""UserUUID"":""626c4e60-0acb-11f1-b5e2-a1a30aad2c04"",""attendanceCount"":34,""attendance_count"":34,""b.diamond"":119920,""b.ruby"":0,""boxAllCount"":6480,""curserver"":1,""equipmentData"":""W:22_0A:20_0"",""install_day"":""2026-02-16"",""totalPayment"":0,""total_payment_amount"":0,""user_name"":""시막스"",""user_rank"":7521,""user_stage"":200}"
"stage_reached_200 (App)",,,"{""Time"":""2026-04-09 23:36:24"",""UserUUID"":""5c759f60-30f1-11f1-8a26-e5cd6c484b4e"",""attendanceCount"":5,""attendance_count"":5,""b.diamond"":172570,""b.ruby"":110,""boxAllCount"":9800,""curserver"":2,""equipmentData"":""W:21_0A:20_0"",""install_day"":""2026-04-05"",""totalPayment"":132000,""total_payment_amount"":132000,""user_name"":""pitter"",""user_rank"":226,""user_stage"":200}"
"stage_reached_200 (App)",,,"{""Time"":""2026-04-09 23:32:48"",""UserUUID"":""db4fe8a0-2ffb-11f1-9e3a-018eee98e357"",""attendanceCount"":6,""attendance_count"":6,""b.diamond"":125483,""b.ruby"":0,""boxAllCount"":10250,""curserver"":2,""equipmentData"":""W:22_0A:23_0"",""install_day"":""2026-04-04"",""totalPayment"":0,""total_payment_amount"":0,""user_name"":""티엔"",""user_rank"":217,""user_stage"":200}"
"stage_reached_200 (App)",,,"{""Time"":""2026-04-09 23:04:52"",""UserUUID"":""2939bb40-2fed-11f1-b707-756132cfde8f"",""attendanceCount"":6,""attendance_count"":6,""b.diamond"":80509,""b.ruby"":0,""boxAllCount"":1890,""curserver"":2,""equipmentData"":""W:20_0A:19_0"",""install_day"":""2026-04-04"",""totalPayment"":7700,""total_payment_amount"":7700,""user_name"":""악덕지주"",""user_rank"":217,""user_stage"":200}"
"stage_reached_200 (App)",,,"{""Time"":""2026-04-09 22:57:50"",""UserUUID"":""befd8030-3182-11f1-905f-b3a6c6cdda57"",""attendanceCount"":4,""attendance_count"":4,""b.diamond"":4917,""b.ruby"":0,""boxAllCount"":8700,""curserver"":2,""equipmentData"":""W:21_0A:20_0"",""install_day"":""2026-04-06"",""totalPayment"":124300,""total_payment_amount"":124300,""user_name"":""창쉬기"",""user_rank"":216,""user_stage"":200}"
"stage_reached_200 (App)",,,"{""Time"":""2026-04-09 22:56:58"",""UserUUID"":""4d3cb2e0-321d-11f1-9a41-93219c5f9938"",""attendanceCount"":3,""attendance_count"":3,""b.diamond"":34844,""b.ruby"":0,""boxAllCount"":6060,""curserver"":2,""equipmentData"":""W:22_0A:20_0"",""install_day"":""2026-04-07"",""totalPayment"":40700,""total_payment_amount"":40700,""user_name"":""마에"",""user_rank"":215,""user_stage"":200}"
"stage_reached_200 (App)",,,"{""Time"":""2026-04-09 22:54:11"",""UserUUID"":""513d07d0-3251-11f1-a10b-11bcf44cb670"",""attendanceCount"":3,""attendance_count"":3,""b.diamond"":20925,""b.ruby"":0,""boxAllCount"":660,""curserver"":2,""equipmentData"":""W:22_0A:19_0"",""install_day"":""2026-04-07"",""totalPayment"":51700,""total_payment_amount"":51700,""user_name"":""꺼드럭대왕"",""user_rank"":223,""user_stage"":200}"
"stage_reached_200 (App)",,,"{""Time"":""2026-04-09 22:46:20"",""UserUUID"":""e1799c40-30ea-11f1-8ad4-bbabc4e5bdc7"",""attendanceCount"":5,""attendance_count"":5,""b.diamond"":132291,""b.ruby"":0,""boxAllCount"":1690,""curserver"":2,""equipmentData"":""W:23_0A:19_0"",""install_day"":""2026-04-05"",""totalPayment"":7700,""total_payment_amount"":7700,""user_name"":""영웅재도"",""user_rank"":1098,""user_stage"":200}"
"stage_reached_200 (App)",,,"{""Time"":""2026-04-09 22:27:51"",""UserUUID"":""4c9af430-3026-11f1-9d8c-ff2a097f6078"",""attendanceCount"":6,""attendance_count"":6,""b.diamond"":280493,""b.ruby"":0,""boxAllCount"":1770,""curserver"":2,""equipmentData"":""W:20_0A:19_0"",""install_day"":""2026-04-04"",""totalPayment"":7700,""total_payment_amount"":7700,""user_name"":""난악동"",""user_rank"":215,""user_stage"":200}"
"stage_reached_200 (App)",,,"{""Time"":""2026-04-09 22:30:31"",""UserUUID"":""3e4358d0-2f56-11f1-8958-938ba84a1cd9"",""attendanceCount"":7,""attendance_count"":7,""b.diamond"":4212,""b.ruby"":0,""boxAllCount"":3670,""curserver"":2,""equipmentData"":""W:23_0A:19_0"",""install_day"":""2026-04-03"",""totalPayment"":12100,""total_payment_amount"":12100,""user_name"":""슈영장"",""user_rank"":229,""user_stage"":200}"
"stage_reached_200 (App)",,,"{""Time"":""2026-04-09 22:22:48"",""UserUUID"":""29281de0-32f4-11f1-98a0-efaa4bfcec3a"",""attendanceCount"":2,""attendance_count"":2,""b.diamond"":19927,""b.ruby"":0,""boxAllCount"":1120,""curserver"":2,""equipmentData"":""W:20_0A:16_0"",""install_day"":""2026-04-08"",""totalPayment"":83600,""total_payment_amount"":83600,""user_name"":""고나윤"",""user_rank"":246,""user_stage"":200}"
"stage_reached_200 (App)",,,"{""Time"":""2026-04-09 22:17:37"",""UserUUID"":""118f9cc0-3246-11f1-bc9f-996c3433d3e1"",""attendanceCount"":3,""attendance_count"":3,""b.diamond"":1385,""b.ruby"":110,""boxAllCount"":3970,""curserver"":2,""equipmentData"":""W:21_0A:19_0"",""install_day"":""2026-04-07"",""totalPayment"":117700,""total_payment_amount"":117700,""user_name"":""mint"",""user_rank"":236,""user_stage"":200}"
"stage_reached_200 (App)",,,"{""Time"":""2026-04-09 22:15:04"",""UserUUID"":""b55ff0a0-6381-11f0-ab9a-491699e5c818"",""attendanceCount"":11,""attendance_count"":11,""b.diamond"":65917,""b.ruby"":0,""boxAllCount"":2590,""curserver"":1,""equipmentData"":""W:23_0A:19_0"",""install_day"":""2025-07-18"",""totalPayment"":7700,""total_payment_amount"":7700,""user_name"":""무엥"",""user_rank"":7937,""user_stage"":200}"
"stage_reached_200 (App)",,,"{""Time"":""2026-04-09 22:05:58"",""UserUUID"":""b942c180-33f5-11f1-b067-13cc60ee0bce"",""attendanceCount"":1,""attendance_count"":1,""b.diamond"":3847,""b.ruby"":1430,""boxAllCount"":9050,""curserver"":2,""equipmentData"":""W:23_0A:20_0"",""install_day"":""2026-04-09"",""totalPayment"":183700,""total_payment_amount"":183700,""user_name"":""pnj5161"",""user_rank"":538,""user_stage"":200}"
"stage_reached_200 (App)",,,"{""Time"":""2026-04-09 22:02:27"",""UserUUID"":""7404b240-30fd-11f1-b028-5b7d07d16675"",""attendanceCount"":5,""attendance_count"":5,""b.diamond"":22258,""b.ruby"":0,""boxAllCount"":6070,""curserver"":2,""equipmentData"":""W:22_0A:20_0"",""install_day"":""2026-04-05"",""totalPayment"":7700,""total_payment_amount"":7700,""user_name"":""신수영"",""user_rank"":261,""user_stage"":200}"
"stage_reached_200 (App)",,,"{""Time"":""2026-04-09 21:32:17"",""UserUUID"":""2c7b4ea0-30d2-11f1-8ada-5b005ce58860"",""attendanceCount"":5,""attendance_count"":5,""b.diamond"":5137,""b.ruby"":0,""boxAllCount"":1260,""curserver"":2,""equipmentData"":""W:21_0A:19_0"",""install_day"":""2026-04-05"",""totalPayment"":7700,""total_payment_amount"":7700,""user_name"":""베이가"",""user_rank"":214,""user_stage"":200}"
"stage_reached_200 (App)",,,"{""Time"":""2026-04-09 21:24:19"",""UserUUID"":""1450c250-2b24-11f1-a65b-d13d896c98bc"",""attendanceCount"":12,""attendance_count"":12,""b.diamond"":237122,""b.ruby"":0,""boxAllCount"":1740,""curserver"":1,""equipmentData"":""W:21_0A:22_0"",""install_day"":""2026-03-29"",""totalPayment"":7700,""total_payment_amount"":7700,""user_name"":""허현신"",""user_rank"":7347,""user_stage"":200}"
"stage_reached_200 (App)",,,"{""Time"":""2026-04-09 21:18:21"",""UserUUID"":""6ea17d30-2fb1-11f1-a58c-4b95b4ca4202"",""attendanceCount"":6,""attendance_count"":6,""b.diamond"":35792,""b.ruby"":0,""boxAllCount"":990,""curserver"":2,""equipmentData"":""W:19_0A:19_0"",""install_day"":""2026-04-03"",""totalPayment"":0,""total_payment_amount"":0,""user_name"":""룰루랄라비대"",""user_rank"":212,""user_stage"":200}"
"stage_reached_200 (App)",,,"{""Time"":""2026-04-09 21:09:00"",""UserUUID"":""d0ac6c90-3094-11f1-a0a5-b1f1c5e48406"",""attendanceCount"":5,""attendance_count"":5,""b.diamond"":43412,""b.ruby"":330,""boxAllCount"":6160,""curserver"":2,""equipmentData"":""W:23_0A:20_0"",""install_day"":""2026-04-05"",""totalPayment"":113300,""total_payment_amount"":113300,""user_name"":""감자감자감자"",""user_rank"":202,""user_stage"":200}"
"stage_reached_200 (App)",,,"{""Time"":""2026-04-09 20:32:51"",""UserUUID"":""926953e0-321e-11f1-9a41-93219c5f9938"",""attendanceCount"":3,""attendance_count"":3,""b.diamond"":10993,""b.ruby"":0,""boxAllCount"":2160,""curserver"":2,""equipmentData"":""W:23_0A:20_0"",""install_day"":""2026-04-07"",""totalPayment"":0,""total_payment_amount"":0,""user_name"":""두텝"",""user_rank"":266,""user_stage"":200}"
"stage_reached_200 (App)",,,"{""Time"":""2026-04-09 20:31:44"",""UserUUID"":""0a359c70-3018-11f1-a557-1b371ba4e02c"",""attendanceCount"":6,""attendance_count"":6,""b.diamond"":62096,""b.ruby"":0,""boxAllCount"":1860,""curserver"":2,""equipmentData"":""W:21_0A:20_0"",""install_day"":""2026-04-04"",""totalPayment"":7700,""total_payment_amount"":7700,""user_name"":""윤재리"",""user_rank"":223,""user_stage"":200}"
"stage_reached_200 (App)",,,"{""Time"":""2026-04-09 20:12:15"",""UserUUID"":""8f3eaff0-3262-11f1-aceb-cdb128d1366a"",""attendanceCount"":3,""attendance_count"":3,""b.diamond"":250097,""b.ruby"":920,""boxAllCount"":2430,""curserver"":2,""equipmentData"":""W:21_0A:19_0"",""install_day"":""2026-04-07"",""totalPayment"":227700,""total_payment_amount"":227700,""user_name"":""곡산검법"",""user_rank"":205,""user_stage"":200}"
"stage_reached_200 (App)",,,"{""Time"":""2026-04-09 20:01:43"",""UserUUID"":""b0c4aa00-2cd9-11f1-8d18-6f60609e0937"",""attendanceCount"":10,""attendance_count"":10,""b.diamond"":300604,""b.ruby"":0,""boxAllCount"":3270,""curserver"":1,""equipmentData"":""W:21_0A:19_0"",""install_day"":""2026-03-31"",""totalPayment"":7700,""total_payment_amount"":7700,""user_name"":""나랐말싸미"",""user_rank"":7197,""user_stage"":200}"
"stage_reached_200 (App)",,,"{""Time"":""2026-04-09 19:54:45"",""UserUUID"":""dc2e3a50-3222-11f1-b273-bf3ce9c9a5aa"",""attendanceCount"":3,""attendance_count"":3,""b.diamond"":217669,""b.ruby"":0,""boxAllCount"":1500,""curserver"":2,""equipmentData"":""W:23_0A:21_0"",""install_day"":""2026-04-07"",""totalPayment"":7700,""total_payment_amount"":7700,""user_name"":""우리꼬미"",""user_rank"":205,""user_stage"":200}"
"stage_reached_200 (App)",,,"{""Time"":""2026-04-09 19:50:25"",""UserUUID"":""d4e140a0-8582-11f0-b8d8-0b2aafd1d348"",""attendanceCount"":31,""attendance_count"":31,""b.diamond"":11290,""b.ruby"":0,""boxAllCount"":6020,""curserver"":1,""equipmentData"":""W:21_0A:20_0"",""install_day"":""2025-08-30"",""totalPayment"":7700,""total_payment_amount"":7700,""user_name"":""주환"",""user_rank"":7260,""user_stage"":200}"
"stage_reached_200 (App)",,,"{""Time"":""2026-04-09 19:40:27"",""UserUUID"":""763032c0-3287-11f1-b844-951508060a6a"",""attendanceCount"":3,""attendance_count"":3,""b.diamond"":76921,""b.ruby"":0,""boxAllCount"":3540,""curserver"":2,""equipmentData"":""W:23_0A:17_0"",""install_day"":""2026-04-07"",""totalPayment"":7700,""total_payment_amount"":7700,""user_name"":""스우제"",""user_rank"":225,""user_stage"":200}"
"stage_reached_200 (App)",,,"{""Time"":""2026-04-09 19:39:31"",""UserUUID"":""43dedf30-2fe2-11f1-8b1b-174445762b01"",""attendanceCount"":6,""attendance_count"":6,""b.diamond"":325343,""b.ruby"":0,""boxAllCount"":3090,""curserver"":2,""equipmentData"":""W:21_0A:21_0"",""install_day"":""2026-04-04"",""totalPayment"":7700,""total_payment_amount"":7700,""user_name"":""홍설기"",""user_rank"":209,""user_stage"":200}"
"stage_reached_200 (App)",,,"{""Time"":""2026-04-09 19:35:29"",""UserUUID"":""e2f07750-8560-11f0-80e9-fb18d06522a2"",""attendanceCount"":10,""attendance_count"":10,""b.diamond"":317333,""b.ruby"":0,""boxAllCount"":1050,""curserver"":1,""equipmentData"":""W:22_0A:19_0"",""install_day"":""2025-08-30"",""totalPayment"":7700,""total_payment_amount"":7700,""user_name"":""아옮옮"",""user_rank"":7196,""user_stage"":200}"
"stage_reached_200 (App)",,,"{""Time"":""2026-04-09 19:06:57"",""UserUUID"":""7ace34a0-3005-11f1-9b41-d70e5ddb1ec7"",""attendanceCount"":6,""attendance_count"":6,""b.diamond"":42909,""b.ruby"":0,""boxAllCount"":1800,""curserver"":2,""equipmentData"":""W:23_0A:23_0"",""install_day"":""2026-04-04"",""totalPayment"":7700,""total_payment_amount"":7700,""user_name"":""Aixn"",""user_rank"":212,""user_stage"":200}"
"stage_reached_200 (App)",,,"{""Time"":""2026-04-09 18:51:11"",""UserUUID"":""e2559ab0-3266-11f1-aceb-cdb128d1366a"",""attendanceCount"":3,""attendance_count"":3,""b.diamond"":115000,""b.ruby"":0,""boxAllCount"":2670,""curserver"":2,""equipmentData"":""W:22_0A:19_0"",""install_day"":""2026-04-07"",""totalPayment"":41800,""total_payment_amount"":41800,""user_name"":""Volvik"",""user_rank"":201,""user_stage"":200}"
"stage_reached_200 (App)",,,"{""Time"":""2026-04-09 18:48:18"",""UserUUID"":""24b887a0-2b05-11f1-b45b-ad48d431ee0d"",""attendanceCount"":12,""attendance_count"":12,""b.diamond"":210941,""b.ruby"":0,""boxAllCount"":7340,""curserver"":1,""equipmentData"":""W:21_0A:22_0"",""install_day"":""2026-03-29"",""totalPayment"":0,""total_payment_amount"":0,""user_name"":""바로나"",""user_rank"":7128,""user_stage"":200}"
"stage_reached_200 (App)",,,"{""Time"":""2026-04-09 18:14:39"",""UserUUID"":""ed0c8610-317d-11f1-bedd-bb80aed62be1"",""attendanceCount"":4,""attendance_count"":4,""b.diamond"":18143,""b.ruby"":0,""boxAllCount"":1350,""curserver"":2,""equipmentData"":""W:22_0A:17_0"",""install_day"":""2026-04-06"",""totalPayment"":7700,""total_payment_amount"":7700,""user_name"":""도아마"",""user_rank"":566,""user_stage"":200}"
"stage_reached_200 (App)",,,"{""Time"":""2026-04-09 18:14:01"",""UserUUID"":""e1a9f230-2fc5-11f1-a189-5da4729d7f88"",""attendanceCount"":6,""attendance_count"":6,""b.diamond"":231970,""b.ruby"":0,""boxAllCount"":3970,""curserver"":2,""equipmentData"":""W:22_0A:19_0"",""install_day"":""2026-04-04"",""totalPayment"":7700,""total_payment_amount"":7700,""user_name"":""지안느"",""user_rank"":199,""user_stage"":200}"
"stage_reached_200 (App)",,,"{""Time"":""2026-04-09 17:56:02"",""UserUUID"":""2d3ff810-302b-11f1-99f1-4f02bbc37f3b"",""attendanceCount"":6,""attendance_count"":6,""b.diamond"":32047,""b.ruby"":0,""boxAllCount"":2620,""curserver"":2,""equipmentData"":""W:20_0A:19_0"",""install_day"":""2026-04-04"",""totalPayment"":22000,""total_payment_amount"":22000,""user_name"":""양상국"",""user_rank"":223,""user_stage"":200}"
"stage_reached_200 (App)",,,"{""Time"":""2026-04-09 17:33:47"",""UserUUID"":""17b1d9a0-209a-11f1-9f96-d1ec5d51f6d3"",""attendanceCount"":15,""attendance_count"":15,""b.diamond"":10208,""b.ruby"":0,""boxAllCount"":2820,""curserver"":1,""equipmentData"":""W:23_0A:19_0"",""install_day"":""2026-03-15"",""totalPayment"":7700,""total_payment_amount"":7700,""user_name"":""샵탱"",""user_rank"":7256,""user_stage"":200}"
"stage_reached_200 (App)",,,"{""Time"":""2026-04-09 17:06:08"",""UserUUID"":""04407950-333a-11f1-9eda-7f2e43afd1c4"",""attendanceCount"":2,""attendance_count"":2,""b.diamond"":4120,""b.ruby"":880,""boxAllCount"":11270,""curserver"":2,""equipmentData"":""W:20_0A:20_0"",""install_day"":""2026-04-08"",""totalPayment"":183700,""total_payment_amount"":183700,""user_name"":""은설아"",""user_rank"":187,""user_stage"":200}"
"stage_reached_200 (App)",,,"{""Time"":""2026-04-09 17:05:34"",""UserUUID"":""f86e6ac0-3342-11f1-9457-5be53c25a644"",""attendanceCount"":2,""attendance_count"":2,""b.diamond"":17501,""b.ruby"":0,""boxAllCount"":5740,""curserver"":2,""equipmentData"":""W:22_0A:19_0"",""install_day"":""2026-04-08"",""totalPayment"":40700,""total_payment_amount"":40700,""user_name"":""누그바"",""user_rank"":193,""user_stage"":200}"
"stage_reached_200 (App)",,,"{""Time"":""2026-04-09 16:34:55"",""UserUUID"":""dbc16920-32ae-11f1-8449-554c7affa134"",""attendanceCount"":2,""attendance_count"":2,""b.diamond"":4058,""b.ruby"":6930,""boxAllCount"":11210,""curserver"":2,""equipmentData"":""W:20_0A:23_0"",""install_day"":""2026-04-07"",""totalPayment"":337700,""total_payment_amount"":337700,""user_name"":""체부"",""user_rank"":400,""user_stage"":200}"
"stage_reached_200 (App)",,,"{""Time"":""2026-04-09 16:26:24"",""UserUUID"":""5c32c340-1f88-11f1-9acc-257d7d00ce71"",""attendanceCount"":22,""attendance_count"":22,""b.diamond"":14303,""b.ruby"":0,""boxAllCount"":7230,""curserver"":1,""equipmentData"":""W:22_0A:20_0"",""install_day"":""2026-03-14"",""totalPayment"":0,""total_payment_amount"":0,""user_name"":""코크마가"",""user_rank"":7190,""user_stage"":200}"
"stage_reached_200 (App)",,,"{""Time"":""2026-04-09 16:18:22"",""UserUUID"":""e529a520-33cd-11f1-9b42-b3db23a875b4"",""attendanceCount"":1,""attendance_count"":1,""b.diamond"":7525,""b.ruby"":110,""boxAllCount"":6570,""curserver"":2,""equipmentData"":""W:23_0A:20_0"",""install_day"":""2026-04-09"",""totalPayment"":229900,""total_payment_amount"":229900,""user_name"":""티톼"",""user_rank"":269,""user_stage"":200}"
"stage_reached_200 (App)",,,"{""Time"":""2026-04-09 16:13:42"",""UserUUID"":""5c7ae3d0-3394-11f1-8789-e3483cf981b6"",""attendanceCount"":1,""attendance_count"":1,""b.diamond"":21023,""b.ruby"":220,""boxAllCount"":6240,""curserver"":2,""equipmentData"":""W:23_0A:23_0"",""install_day"":""2026-04-08"",""totalPayment"":124300,""total_payment_amount"":124300,""user_name"":""이재명신"",""user_rank"":209,""user_stage"":200}"
"stage_reached_200 (App)",,,"{""Time"":""2026-04-09 16:05:54"",""UserUUID"":""34c8e960-2eb0-11f1-b3ce-070bb7702ed9"",""attendanceCount"":7,""attendance_count"":7,""b.diamond"":1135,""b.ruby"":0,""boxAllCount"":1150,""curserver"":2,""equipmentData"":""W:21_0A:19_0"",""install_day"":""2026-04-02"",""totalPayment"":7700,""total_payment_amount"":7700,""user_name"":""김헌욱"",""user_rank"":161,""user_stage"":200}"
"stage_reached_200 (App)",,,"{""Time"":""2026-04-09 15:02:56"",""UserUUID"":""5643e330-3007-11f1-9e3a-018eee98e357"",""attendanceCount"":6,""attendance_count"":6,""b.diamond"":14348,""b.ruby"":0,""boxAllCount"":3060,""curserver"":2,""equipmentData"":""W:21_0A:19_0"",""install_day"":""2026-04-04"",""totalPayment"":11000,""total_payment_amount"":11000,""user_name"":""tamtam"",""user_rank"":184,""user_stage"":200}"
"stage_reached_200 (App)",,,"{""Time"":""2026-04-09 14:47:33"",""UserUUID"":""9553e830-33b4-11f1-92a0-e7a87a583d52"",""attendanceCount"":1,""attendance_count"":1,""b.diamond"":18020,""b.ruby"":0,""boxAllCount"":3140,""curserver"":2,""equipmentData"":""W:21_0A:19_0"",""install_day"":""2026-04-09"",""totalPayment"":195800,""total_payment_amount"":195800,""user_name"":""혼강룡"",""user_rank"":323,""user_stage"":200}"
"stage_reached_200 (App)",,,"{""Time"":""2026-04-09 14:35:05"",""UserUUID"":""bfd3a730-2f59-11f1-b601-61b995e58e10"",""attendanceCount"":7,""attendance_count"":7,""b.diamond"":109493,""b.ruby"":330,""boxAllCount"":3050,""curserver"":2,""equipmentData"":""W:22_0A:19_0"",""install_day"":""2026-04-03"",""totalPayment"":11000,""total_payment_amount"":11000,""user_name"":""유박자"",""user_rank"":212,""user_stage"":200}"
"stage_reached_200 (App)",,,"{""Time"":""2026-04-09 14:16:25"",""UserUUID"":""d3320a70-2fee-11f1-96f6-d9ceed10cae2"",""attendanceCount"":6,""attendance_count"":6,""b.diamond"":24555,""b.ruby"":0,""boxAllCount"":3240,""curserver"":2,""equipmentData"":""W:21_0A:21_0"",""install_day"":""2026-04-04"",""totalPayment"":7700,""total_payment_amount"":7700,""user_name"":""JINN"",""user_rank"":196,""user_stage"":200}"
"stage_reached_200 (App)",,,"{""Time"":""2026-04-09 14:10:51"",""UserUUID"":""d9d146d0-328b-11f1-a8f2-0127e2007171"",""attendanceCount"":3,""attendance_count"":3,""b.diamond"":99547,""b.ruby"":0,""boxAllCount"":1530,""curserver"":2,""equipmentData"":""W:21_0A:19_0"",""install_day"":""2026-04-07"",""totalPayment"":73700,""total_payment_amount"":73700,""user_name"":""우붐"",""user_rank"":312,""user_stage"":200}"
"stage_reached_200 (App)",,,"{""Time"":""2026-04-09 13:45:40"",""UserUUID"":""95374390-2f42-11f1-8b7b-d338b61c9566"",""attendanceCount"":7,""attendance_count"":7,""b.diamond"":6427,""b.ruby"":0,""boxAllCount"":6160,""curserver"":2,""equipmentData"":""W:22_0A:20_0"",""install_day"":""2026-04-03"",""totalPayment"":0,""total_payment_amount"":0,""user_name"":""주누파파"",""user_rank"":208,""user_stage"":200}"
"stage_reached_200 (App)",,,"{""Time"":""2026-04-09 13:11:18"",""UserUUID"":""2f1749b0-30e7-11f1-8946-45fe7729c985"",""attendanceCount"":5,""attendance_count"":5,""b.diamond"":28408,""b.ruby"":0,""boxAllCount"":2520,""curserver"":2,""equipmentData"":""W:22_0A:19_0"",""install_day"":""2026-04-05"",""totalPayment"":7700,""total_payment_amount"":7700,""user_name"":""NNNew"",""user_rank"":281,""user_stage"":200}"
"stage_reached_200 (App)",,,"{""Time"":""2026-04-09 12:43:19"",""UserUUID"":""18586380-2fe8-11f1-8359-815e882e9cac"",""attendanceCount"":6,""attendance_count"":6,""b.diamond"":98181,""b.ruby"":0,""boxAllCount"":2580,""curserver"":2,""equipmentData"":""W:20_0A:19_0"",""install_day"":""2026-04-04"",""totalPayment"":7700,""total_payment_amount"":7700,""user_name"":""후추나몬"",""user_rank"":181,""user_stage"":200}"
"stage_reached_200 (App)",,,"{""Time"":""2026-04-09 12:28:22"",""UserUUID"":""b09f0750-31c0-11f1-9427-136d155409e6"",""attendanceCount"":4,""attendance_count"":4,""b.diamond"":108328,""b.ruby"":6380,""boxAllCount"":3160,""curserver"":2,""equipmentData"":""W:23_0A:18_0"",""install_day"":""2026-04-06"",""totalPayment"":227700,""total_payment_amount"":227700,""user_name"":""깨순이"",""user_rank"":397,""user_stage"":200}"
"stage_reached_200 (App)",,,"{""Time"":""2026-04-09 12:09:43"",""UserUUID"":""709d55b0-308c-11f1-a0a5-b1f1c5e48406"",""attendanceCount"":5,""attendance_count"":5,""b.diamond"":91322,""b.ruby"":0,""boxAllCount"":7160,""curserver"":2,""equipmentData"":""W:22_0A:20_0"",""install_day"":""2026-04-05"",""totalPayment"":7700,""total_payment_amount"":7700,""user_name"":""손슉"",""user_rank"":186,""user_stage"":200}"
"stage_reached_200 (App)",,,"{""Time"":""2026-04-09 12:07:56"",""UserUUID"":""2d86eab0-30b0-11f1-9322-7b548b1036be"",""attendanceCount"":5,""attendance_count"":5,""b.diamond"":1914,""b.ruby"":0,""boxAllCount"":6470,""curserver"":2,""equipmentData"":""W:23_0A:20_0"",""install_day"":""2026-04-05"",""totalPayment"":14300,""total_payment_amount"":14300,""user_name"":""precious"",""user_rank"":383,""user_stage"":200}"
"stage_reached_200 (App)",,,"{""Time"":""2026-04-09 12:07:14"",""UserUUID"":""1fea1930-2ff3-11f1-8868-e177384e1636"",""attendanceCount"":6,""attendance_count"":6,""b.diamond"":99084,""b.ruby"":330,""boxAllCount"":2850,""curserver"":2,""equipmentData"":""W:21_0A:19_0"",""install_day"":""2026-04-04"",""totalPayment"":14300,""total_payment_amount"":14300,""user_name"":""김알천"",""user_rank"":217,""user_stage"":200}"
"stage_reached_200 (App)",,,"{""Time"":""2026-04-09 12:03:32"",""UserUUID"":""6be6a3e0-306a-11f1-bfe3-35aea9b7082a"",""attendanceCount"":5,""attendance_count"":5,""b.diamond"":7900,""b.ruby"":550,""boxAllCount"":3180,""curserver"":2,""equipmentData"":""W:22_0A:19_0"",""install_day"":""2026-04-04"",""totalPayment"":33000,""total_payment_amount"":33000,""user_name"":""굿굿포도"",""user_rank"":171,""user_stage"":200}"
"stage_reached_200 (App)",,,"{""Time"":""2026-04-09 12:03:13"",""UserUUID"":""56644180-317d-11f1-9898-8b63cb4f5af8"",""attendanceCount"":4,""attendance_count"":4,""b.diamond"":10995,""b.ruby"":0,""boxAllCount"":3210,""curserver"":2,""equipmentData"":""W:19_0A:18_0"",""install_day"":""2026-04-06"",""totalPayment"":40700,""total_payment_amount"":40700,""user_name"":""명가재건"",""user_rank"":169,""user_stage"":200}"
"stage_reached_200 (App)",,,"{""Time"":""2026-04-09 12:00:02"",""UserUUID"":""09ccc560-31c1-11f1-8dd1-0b3e03cc4705"",""attendanceCount"":4,""attendance_count"":4,""b.diamond"":3231,""b.ruby"":0,""boxAllCount"":7340,""curserver"":2,""equipmentData"":""W:23_0A:20_0"",""install_day"":""2026-04-06"",""totalPayment"":56100,""total_payment_amount"":56100,""user_name"":""노닉"",""user_rank"":177,""user_stage"":200}"
"stage_reached_200 (App)",,,"{""Time"":""2026-04-09 11:48:08"",""UserUUID"":""82fed880-12bb-11f1-a79b-41afcb32ba5c"",""attendanceCount"":8,""attendance_count"":8,""b.diamond"":7447,""b.ruby"":0,""boxAllCount"":1830,""curserver"":1,""equipmentData"":""W:21_0A:19_0"",""install_day"":""2026-02-26"",""totalPayment"":7700,""total_payment_amount"":7700,""user_name"":""칼리엔"",""user_rank"":7368,""user_stage"":200}"
"stage_reached_200 (App)",,,"{""Time"":""2026-04-09 10:46:49"",""UserUUID"":""d8d3d850-2c1a-11f1-97ff-a76abca21132"",""attendanceCount"":11,""attendance_count"":11,""b.diamond"":208128,""b.ruby"":0,""boxAllCount"":1930,""curserver"":1,""equipmentData"":""W:21_0A:19_0"",""install_day"":""2026-03-30"",""totalPayment"":0,""total_payment_amount"":0,""user_name"":""연방"",""user_rank"":7507,""user_stage"":200}"
"stage_reached_200 (App)",,,"{""Time"":""2026-04-09 10:39:01"",""UserUUID"":""6a7d3740-2f56-11f1-a69e-1dc67923969c"",""attendanceCount"":7,""attendance_count"":7,""b.diamond"":26508,""b.ruby"":0,""boxAllCount"":6640,""curserver"":2,""equipmentData"":""W:20_0A:20_0"",""install_day"":""2026-04-03"",""totalPayment"":7700,""total_payment_amount"":7700,""user_name"":""삼남매아빠"",""user_rank"":167,""user_stage"":200}"
"stage_reached_200 (App)",,,"{""Time"":""2026-04-09 10:38:17"",""UserUUID"":""4ea2c850-30b9-11f1-9a1b-2d03556a354f"",""attendanceCount"":5,""attendance_count"":5,""b.diamond"":15899,""b.ruby"":0,""boxAllCount"":3990,""curserver"":2,""equipmentData"":""W:19_0A:19_0"",""install_day"":""2026-04-05"",""totalPayment"":62700,""total_payment_amount"":62700,""user_name"":""강마타"",""user_rank"":170,""user_stage"":200}"
"stage_reached_200 (App)",,,"{""Time"":""2026-04-09 10:28:19"",""UserUUID"":""c9c77690-3387-11f1-9dcd-0f34597159ff"",""attendanceCount"":1,""attendance_count"":1,""b.diamond"":543273,""b.ruby"":0,""boxAllCount"":4190,""curserver"":2,""equipmentData"":""W:23_0A:22_0"",""install_day"":""2026-04-08"",""totalPayment"":275000,""total_payment_amount"":275000,""user_name"":""명학"",""user_rank"":561,""user_stage"":200}"
"stage_reached_200 (App)",,,"{""Time"":""2026-04-09 10:12:31"",""UserUUID"":""2b4e4b20-32a5-11f1-862b-0b3ba8ecfbe1"",""attendanceCount"":2,""attendance_count"":2,""b.diamond"":7132,""b.ruby"":38720,""boxAllCount"":2880,""curserver"":2,""equipmentData"":""W:23_0A:23_0"",""install_day"":""2026-04-07"",""totalPayment"":451000,""total_payment_amount"":451000,""user_name"":""밤나비신화"",""user_rank"":418,""user_stage"":200}"
"stage_reached_200 (App)",,,"{""Time"":""2026-04-09 10:08:06"",""UserUUID"":""13994ab0-31de-11f1-905f-b3a6c6cdda57"",""attendanceCount"":3,""attendance_count"":3,""b.diamond"":12845,""b.ruby"":0,""boxAllCount"":6400,""curserver"":2,""equipmentData"":""W:21_0A:21_0"",""install_day"":""2026-04-06"",""totalPayment"":125400,""total_payment_amount"":125400,""user_name"":""제아영"",""user_rank"":179,""user_stage"":200}"
"stage_reached_200 (App)",,,"{""Time"":""2026-04-09 09:58:46"",""UserUUID"":""5cec56f0-31aa-11f1-9033-375b699f179f"",""attendanceCount"":4,""attendance_count"":4,""b.diamond"":7912,""b.ruby"":0,""boxAllCount"":5200,""curserver"":2,""equipmentData"":""W:20_0A:19_0"",""install_day"":""2026-04-06"",""totalPayment"":80300,""total_payment_amount"":80300,""user_name"":""산체"",""user_rank"":167,""user_stage"":200}"
"stage_reached_200 (App)",,,"{""Time"":""2026-04-09 09:39:10"",""UserUUID"":""376aa400-2f79-11f1-9247-cfa20cc166a4"",""attendanceCount"":6,""attendance_count"":6,""b.diamond"":74755,""b.ruby"":0,""boxAllCount"":3600,""curserver"":2,""equipmentData"":""W:22_0A:19_0"",""install_day"":""2026-04-03"",""totalPayment"":7700,""total_payment_amount"":7700,""user_name"":""방구대장뿡뿡이"",""user_rank"":191,""user_stage"":200}"
"stage_reached_200 (App)",,,"{""Time"":""2026-04-09 09:26:39"",""UserUUID"":""7d75d440-233c-11f1-94c4-4764a0a44a6b"",""attendanceCount"":16,""attendance_count"":16,""b.diamond"":18941,""b.ruby"":0,""boxAllCount"":6010,""curserver"":1,""equipmentData"":""W:23_0A:20_0"",""install_day"":""2026-03-19"",""totalPayment"":7700,""total_payment_amount"":7700,""user_name"":""말묵"",""user_rank"":7611,""user_stage"":200}"
"stage_reached_200 (App)",,,"{""Time"":""2026-04-09 09:12:48"",""UserUUID"":""db2706a0-32ea-11f1-8fa0-dbd80ba6c66c"",""attendanceCount"":2,""attendance_count"":2,""b.diamond"":10657,""b.ruby"":0,""boxAllCount"":6040,""curserver"":2,""equipmentData"":""W:23_0A:22_0"",""install_day"":""2026-04-08"",""totalPayment"":64900,""total_payment_amount"":64900,""user_name"":""말리부해변"",""user_rank"":920,""user_stage"":200}"
"stage_reached_200 (App)",,,"{""Time"":""2026-04-09 08:49:40"",""UserUUID"":""f6556be0-32ec-11f1-8436-bf193bf343c0"",""attendanceCount"":2,""attendance_count"":2,""b.diamond"":688299,""b.ruby"":0,""boxAllCount"":3770,""curserver"":2,""equipmentData"":""W:23_0A:23_0"",""install_day"":""2026-04-08"",""totalPayment"":174900,""total_payment_amount"":174900,""user_name"":""UNG2"",""user_rank"":160,""user_stage"":200}"
"stage_reached_200 (App)",,,"{""Time"":""2026-04-09 08:41:46"",""UserUUID"":""03fbd830-32d7-11f1-ba9a-49df85bb5736"",""attendanceCount"":2,""attendance_count"":2,""b.diamond"":144037,""b.ruby"":220,""boxAllCount"":1230,""curserver"":2,""equipmentData"":""W:19_0A:18_0"",""install_day"":""2026-04-07"",""totalPayment"":225500,""total_payment_amount"":225500,""user_name"":""달봉이형"",""user_rank"":175,""user_stage"":200}"
"stage_reached_200 (App)",,,"{""Time"":""2026-04-09 08:33:05"",""UserUUID"":""6e58b4c0-2ffb-11f1-9de6-edf0c5c036da"",""attendanceCount"":6,""attendance_count"":6,""b.diamond"":43321,""b.ruby"":0,""boxAllCount"":3660,""curserver"":2,""equipmentData"":""W:23_0A:19_0"",""install_day"":""2026-04-04"",""totalPayment"":14300,""total_payment_amount"":14300,""user_name"":""그대는멋쟁이"",""user_rank"":356,""user_stage"":200}"
"stage_reached_200 (App)",,,"{""Time"":""2026-04-09 08:27:13"",""UserUUID"":""30dea8a0-2fe9-11f1-876a-3f56fb866fc8"",""attendanceCount"":6,""attendance_count"":6,""b.diamond"":277006,""b.ruby"":0,""boxAllCount"":6150,""curserver"":2,""equipmentData"":""W:21_0A:20_0"",""install_day"":""2026-04-04"",""totalPayment"":0,""total_payment_amount"":0,""user_name"":""X갱갱갱X"",""user_rank"":199,""user_stage"":200}"
"stage_reached_200 (App)",,,"{""Time"":""2026-04-09 08:17:19"",""UserUUID"":""7466ffc0-2d8a-11f1-bb3d-d72993fb0ef2"",""attendanceCount"":7,""attendance_count"":7,""b.diamond"":191027,""b.ruby"":0,""boxAllCount"":4030,""curserver"":1,""equipmentData"":""W:22_0A:19_0"",""install_day"":""2026-04-01"",""totalPayment"":7700,""total_payment_amount"":7700,""user_name"":""슈퍼경민갓"",""user_rank"":8000,""user_stage"":200}"
"stage_reached_200 (App)",,,"{""Time"":""2026-04-09 08:16:33"",""UserUUID"":""97abf7b0-1af7-11f1-ab32-158d86c1c9b3"",""attendanceCount"":33,""attendance_count"":33,""b.diamond"":4350763,""b.ruby"":0,""boxAllCount"":1550,""curserver"":1,""equipmentData"":""W:20_0A:19_0"",""install_day"":""2026-03-08"",""totalPayment"":0,""total_payment_amount"":0,""user_name"":""용이누나"",""user_rank"":7117,""user_stage"":200}"
"stage_reached_200 (App)",,,"{""Time"":""2026-04-09 07:40:10"",""UserUUID"":""df5bc7d0-3207-11f1-b040-fbbbc4ad7a67"",""attendanceCount"":3,""attendance_count"":3,""b.diamond"":27971,""b.ruby"":0,""boxAllCount"":5550,""curserver"":2,""equipmentData"":""W:22_0A:22_0"",""install_day"":""2026-04-06"",""totalPayment"":67100,""total_payment_amount"":67100,""user_name"":""울산팬텀"",""user_rank"":266,""user_stage"":200}"
"stage_reached_200 (App)",,,"{""Time"":""2026-04-09 07:26:12"",""UserUUID"":""c1562270-305f-11f1-9d1f-9592b8931eba"",""attendanceCount"":5,""attendance_count"":5,""b.diamond"":33214,""b.ruby"":0,""boxAllCount"":840,""curserver"":2,""equipmentData"":""W:23_0A:19_0"",""install_day"":""2026-04-04"",""totalPayment"":0,""total_payment_amount"":0,""user_name"":""ald"",""user_rank"":158,""user_stage"":200}"
"stage_reached_200 (App)",,,"{""Time"":""2026-04-09 07:21:59"",""UserUUID"":""a582dec0-32db-11f1-b7ff-6f7950cc24ef"",""attendanceCount"":2,""attendance_count"":2,""b.diamond"":194465,""b.ruby"":1540,""boxAllCount"":11030,""curserver"":2,""equipmentData"":""W:23_0A:22_0"",""install_day"":""2026-04-07"",""totalPayment"":161700,""total_payment_amount"":161700,""user_name"":""Rered"",""user_rank"":266,""user_stage"":200}"
"stage_reached_200 (App)",,,"{""Time"":""2026-04-09 06:52:45"",""UserUUID"":""0af80810-2fd6-11f1-9ef1-b52f6c27dbfd"",""attendanceCount"":6,""attendance_count"":6,""b.diamond"":43697,""b.ruby"":0,""boxAllCount"":1860,""curserver"":2,""equipmentData"":""W:19_0A:19_0"",""install_day"":""2026-04-04"",""totalPayment"":7700,""total_payment_amount"":7700,""user_name"":""김민범"",""user_rank"":152,""user_stage"":200}"
"stage_reached_200 (App)",,,"{""Time"":""2026-04-09 06:51:21"",""UserUUID"":""2a460840-3047-11f1-b24b-bb43cf968457"",""attendanceCount"":5,""attendance_count"":5,""b.diamond"":277042,""b.ruby"":0,""boxAllCount"":450,""curserver"":2,""equipmentData"":""W:20_0A:19_0"",""install_day"":""2026-04-04"",""totalPayment"":27500,""total_payment_amount"":27500,""user_name"":""로벨"",""user_rank"":168,""user_stage"":200}"
"stage_reached_200 (App)",,,"{""Time"":""2026-04-09 06:42:00"",""UserUUID"":""b58c1be0-2d83-11f1-8942-c1a410bb4565"",""attendanceCount"":9,""attendance_count"":9,""b.diamond"":129000,""b.ruby"":0,""boxAllCount"":6400,""curserver"":1,""equipmentData"":""W:20_0A:20_0"",""install_day"":""2026-04-01"",""totalPayment"":20900,""total_payment_amount"":20900,""user_name"":""혈의"",""user_rank"":7184,""user_stage"":200}"
"stage_reached_200 (App)",,,"{""Time"":""2026-04-09 06:23:48"",""UserUUID"":""f5bbc050-30f1-11f1-9a69-1dca5e5a9f7f"",""attendanceCount"":5,""attendance_count"":5,""b.diamond"":18509,""b.ruby"":0,""boxAllCount"":4270,""curserver"":2,""equipmentData"":""W:20_0A:19_0"",""install_day"":""2026-04-05"",""totalPayment"":41800,""total_payment_amount"":41800,""user_name"":""짠구"",""user_rank"":185,""user_stage"":200}"
"stage_reached_200 (App)",,,"{""Time"":""2026-04-09 04:58:45"",""UserUUID"":""317e6840-32a0-11f1-bd54-1793779c592d"",""attendanceCount"":2,""attendance_count"":2,""b.diamond"":34015,""b.ruby"":2750,""boxAllCount"":3720,""curserver"":2,""equipmentData"":""W:20_0A:19_0"",""install_day"":""2026-04-07"",""totalPayment"":227700,""total_payment_amount"":227700,""user_name"":""귤벌이"",""user_rank"":159,""user_stage"":200}"
"stage_reached_200 (App)",,,"{""Time"":""2026-04-09 04:37:20"",""UserUUID"":""b27ad060-27f5-11f1-9220-8d3292557bd2"",""attendanceCount"":15,""attendance_count"":15,""b.diamond"":16529,""b.ruby"":0,""boxAllCount"":10260,""curserver"":1,""equipmentData"":""W:21_0A:20_0"",""install_day"":""2026-03-25"",""totalPayment"":1100,""total_payment_amount"":1100,""user_name"":""토룡"",""user_rank"":7107,""user_stage"":200}"
"stage_reached_200 (App)",,,"{""Time"":""2026-04-09 03:59:28"",""UserUUID"":""33c39460-2fce-11f1-aaa5-b9ee5a54e02f"",""attendanceCount"":6,""attendance_count"":6,""b.diamond"":4471,""b.ruby"":0,""boxAllCount"":2670,""curserver"":2,""equipmentData"":""W:20_0A:19_0"",""install_day"":""2026-04-04"",""totalPayment"":0,""total_payment_amount"":0,""user_name"":""mulberry"",""user_rank"":147,""user_stage"":200}"
"stage_reached_200 (App)",,,"{""Time"":""2026-04-09 03:48:59"",""UserUUID"":""5c4a4be0-32ad-11f1-8711-bdda46a3915d"",""attendanceCount"":2,""attendance_count"":2,""b.diamond"":33225,""b.ruby"":440,""boxAllCount"":4140,""curserver"":2,""equipmentData"":""W:22_0A:19_0"",""install_day"":""2026-04-07"",""totalPayment"":128700,""total_payment_amount"":128700,""user_name"":""조화"",""user_rank"":146,""user_stage"":200}"
"stage_reached_200 (App)",,,"{""Time"":""2026-04-09 02:29:05"",""UserUUID"":""820ad760-300e-11f1-9d1f-9592b8931eba"",""attendanceCount"":4,""attendance_count"":4,""b.diamond"":37132,""b.ruby"":220,""boxAllCount"":7700,""curserver"":2,""equipmentData"":""W:22_0A:21_0"",""install_day"":""2026-04-04"",""totalPayment"":117700,""total_payment_amount"":117700,""user_name"":""돌티"",""user_rank"":159,""user_stage"":200}"
"stage_reached_200 (App)",,,"{""Time"":""2026-04-09 02:24:26"",""UserUUID"":""fd8effc0-30e4-11f1-bd00-17f3b4416088"",""attendanceCount"":5,""attendance_count"":5,""b.diamond"":211458,""b.ruby"":0,""boxAllCount"":3840,""curserver"":2,""equipmentData"":""W:20_0A:21_0"",""install_day"":""2026-04-05"",""totalPayment"":33000,""total_payment_amount"":33000,""user_name"":""백이수"",""user_rank"":146,""user_stage"":200}"
"stage_reached_200 (App)",,,"{""Time"":""2026-04-09 02:23:03"",""UserUUID"":""e84f0290-2f4f-11f1-a45f-4f3bfa68c64d"",""attendanceCount"":7,""attendance_count"":7,""b.diamond"":2104,""b.ruby"":0,""boxAllCount"":2580,""curserver"":2,""equipmentData"":""W:23_0A:19_0"",""install_day"":""2026-04-03"",""totalPayment"":7700,""total_payment_amount"":7700,""user_name"":""유혈성천"",""user_rank"":157,""user_stage"":200}"
"stage_reached_200 (App)",,,"{""Time"":""2026-04-09 02:14:39"",""UserUUID"":""81685ad0-3248-11f1-93c6-d965ffeff947"",""attendanceCount"":3,""attendance_count"":3,""b.diamond"":109294,""b.ruby"":0,""boxAllCount"":1870,""curserver"":2,""equipmentData"":""W:20_0A:18_0"",""install_day"":""2026-04-07"",""totalPayment"":50600,""total_payment_amount"":50600,""user_name"":""아양"",""user_rank"":154,""user_stage"":200}"
"stage_reached_200 (App)",,,"{""Time"":""2026-04-09 01:52:50"",""UserUUID"":""686a1710-31b9-11f1-8ecf-1935cadd02d4"",""attendanceCount"":4,""attendance_count"":4,""b.diamond"":252658,""b.ruby"":0,""boxAllCount"":2640,""curserver"":2,""equipmentData"":""W:19_0A:19_0"",""install_day"":""2026-04-06"",""totalPayment"":106700,""total_payment_amount"":106700,""user_name"":""Akisun"",""user_rank"":172,""user_stage"":200}"
"stage_reached_200 (App)",,,"{""Time"":""2026-04-09 01:32:44"",""UserUUID"":""7312c730-2f47-11f1-ad58-df2c16f543bb"",""attendanceCount"":7,""attendance_count"":7,""b.diamond"":55578,""b.ruby"":0,""boxAllCount"":3120,""curserver"":2,""equipmentData"":""W:21_0A:19_0"",""install_day"":""2026-04-03"",""totalPayment"":7700,""total_payment_amount"":7700,""user_name"":""소금간장"",""user_rank"":146,""user_stage"":200}"
"stage_reached_200 (App)",,,"{""Time"":""2026-04-09 01:29:13"",""UserUUID"":""eb534b60-301f-11f1-9756-ad66a3d7d0ea"",""attendanceCount"":6,""attendance_count"":6,""b.diamond"":109882,""b.ruby"":0,""boxAllCount"":6970,""curserver"":2,""equipmentData"":""W:22_0A:20_0"",""install_day"":""2026-04-04"",""totalPayment"":7700,""total_payment_amount"":7700,""user_name"":""나링딩"",""user_rank"":143,""user_stage"":200}"
"stage_reached_200 (App)",,,"{""Time"":""2026-04-09 01:20:07"",""UserUUID"":""c8659830-2f4b-11f1-b601-61b995e58e10"",""attendanceCount"":7,""attendance_count"":7,""b.diamond"":147117,""b.ruby"":0,""boxAllCount"":1140,""curserver"":2,""equipmentData"":""W:22_0A:19_0"",""install_day"":""2026-04-03"",""totalPayment"":7700,""total_payment_amount"":7700,""user_name"":""모킨"",""user_rank"":173,""user_stage"":200}"
"stage_reached_200 (App)",,,"{""Time"":""2026-04-09 01:10:29"",""UserUUID"":""36fb6dc0-3045-11f1-9045-75cf49e07360"",""attendanceCount"":5,""attendance_count"":5,""b.diamond"":43115,""b.ruby"":0,""boxAllCount"":2970,""curserver"":2,""equipmentData"":""W:21_0A:19_0"",""install_day"":""2026-04-04"",""totalPayment"":7700,""total_payment_amount"":7700,""user_name"":""아마데hk1"",""user_rank"":136,""user_stage"":200}"
"stage_reached_200 (App)",,,"{""Time"":""2026-04-09 00:56:41"",""UserUUID"":""ccfe6180-300c-11f1-b0d7-1fcfb03c0eaa"",""attendanceCount"":6,""attendance_count"":6,""b.diamond"":64733,""b.ruby"":0,""boxAllCount"":1290,""curserver"":2,""equipmentData"":""W:20_0A:19_0"",""install_day"":""2026-04-04"",""totalPayment"":33000,""total_payment_amount"":33000,""user_name"":""생활"",""user_rank"":417,""user_stage"":200}"
"stage_reached_200 (App)",,,"{""Time"":""2026-04-09 00:53:14"",""UserUUID"":""1ffc3690-2ebf-11f1-b52a-1def422a1fc4"",""attendanceCount"":7,""attendance_count"":7,""b.diamond"":39366,""b.ruby"":0,""boxAllCount"":180,""curserver"":2,""equipmentData"":""W:20_0A:19_0"",""install_day"":""2026-04-02"",""totalPayment"":7700,""total_payment_amount"":7700,""user_name"":""이느"",""user_rank"":152,""user_stage"":200}"
"stage_reached_200 (App)",,,"{""Time"":""2026-04-09 00:47:34"",""UserUUID"":""f3654a10-3029-11f1-99f1-4f02bbc37f3b"",""attendanceCount"":6,""attendance_count"":6,""b.diamond"":57969,""b.ruby"":0,""boxAllCount"":1620,""curserver"":2,""equipmentData"":""W:23_0A:19_0"",""install_day"":""2026-04-04"",""totalPayment"":0,""total_payment_amount"":0,""user_name"":""은휘"",""user_rank"":265,""user_stage"":200}"
"stage_reached_200 (App)",,,"{""Time"":""2026-04-09 00:45:41"",""UserUUID"":""663b3140-7fb8-11ef-aaa0-195c7a818f01"",""attendanceCount"":6,""attendance_count"":6,""b.diamond"":1298,""b.ruby"":0,""boxAllCount"":540,""curserver"":2,""equipmentData"":""W:20_0A:19_0"",""install_day"":""2024-10-01"",""totalPayment"":0,""total_payment_amount"":0,""user_name"":""해커"",""user_rank"":169,""user_stage"":200}"
"stage_reached_200 (App)",,,"{""Time"":""2026-04-09 00:39:28"",""UserUUID"":""85ce7750-adb2-11f0-a682-c7efefad7540"",""attendanceCount"":8,""attendance_count"":8,""b.diamond"":5325,""b.ruby"":0,""boxAllCount"":600,""curserver"":1,""equipmentData"":""W:20_0A:19_0"",""install_day"":""2025-10-20"",""totalPayment"":7700,""total_payment_amount"":7700,""user_name"":""인지기"",""user_rank"":7433,""user_stage"":200}"
"stage_reached_200 (App)",,,"{""Time"":""2026-04-09 00:30:57"",""UserUUID"":""2bb285d0-3021-11f1-b0d7-1fcfb03c0eaa"",""attendanceCount"":6,""attendance_count"":6,""b.diamond"":2287,""b.ruby"":0,""boxAllCount"":2580,""curserver"":2,""equipmentData"":""W:21_0A:20_0"",""install_day"":""2026-04-04"",""totalPayment"":7700,""total_payment_amount"":7700,""user_name"":""DSnate"",""user_rank"":144,""user_stage"":200}"
"stage_reached_200 (App)",,,"{""Time"":""2026-04-09 00:25:37"",""UserUUID"":""93ad7e90-321c-11f1-b991-d74068e864f9"",""attendanceCount"":3,""attendance_count"":3,""b.diamond"":19660,""b.ruby"":0,""boxAllCount"":1170,""curserver"":2,""equipmentData"":""W:23_0A:19_0"",""install_day"":""2026-04-07"",""totalPayment"":47300,""total_payment_amount"":47300,""user_name"":""귀여운빠꾸"",""user_rank"":193,""user_stage"":200}"
"stage_reached_200 (App)",,,"{""Time"":""2026-04-09 00:24:37"",""UserUUID"":""12572750-329a-11f1-8449-554c7affa134"",""attendanceCount"":2,""attendance_count"":2,""b.diamond"":2170,""b.ruby"":110,""boxAllCount"":3030,""curserver"":2,""equipmentData"":""W:22_0A:18_0"",""install_day"":""2026-04-07"",""totalPayment"":53900,""total_payment_amount"":53900,""user_name"":""s용"",""user_rank"":169,""user_stage"":200}"
"stage_reached_200 (App)",,,"{""Time"":""2026-04-09 00:22:36"",""UserUUID"":""29366dd0-3288-11f1-9758-2d1c30faf5b5"",""attendanceCount"":3,""attendance_count"":3,""b.diamond"":29763,""b.ruby"":330,""boxAllCount"":1620,""curserver"":2,""equipmentData"":""W:22_0A:17_0"",""install_day"":""2026-04-07"",""totalPayment"":27500,""total_payment_amount"":27500,""user_name"":""소희남편"",""user_rank"":169,""user_stage"":200}"
"stage_reached_200 (App)",,,"{""Time"":""2026-04-09 00:22:19"",""UserUUID"":""4e95c5c0-2f55-11f1-8e73-079183d5825b"",""attendanceCount"":6,""attendance_count"":6,""b.diamond"":1980,""b.ruby"":0,""boxAllCount"":2250,""curserver"":2,""equipmentData"":""W:21_0A:17_0"",""install_day"":""2026-04-03"",""totalPayment"":7700,""total_payment_amount"":7700,""user_name"":""오감자"",""user_rank"":203,""user_stage"":200}"
"stage_reached_200 (App)",,,"{""Time"":""2026-04-09 00:09:07"",""UserUUID"":""35b83360-333a-11f1-8f4c-49740d3dab1c"",""attendanceCount"":2,""attendance_count"":2,""b.diamond"":157371,""b.ruby"":770,""boxAllCount"":1140,""curserver"":2,""equipmentData"":""W:18_0A:17_0"",""install_day"":""2026-04-08"",""totalPayment"":271700,""total_payment_amount"":271700,""user_name"":""턍렛"",""user_rank"":143,""user_stage"":200}"
"stage_reached_200 (App)",,,"{""Time"":""2026-04-08 23:48:23"",""UserUUID"":""d8b73990-2dd0-11f1-b772-5157f66b2d56"",""attendanceCount"":8,""attendance_count"":8,""b.diamond"":10118,""b.ruby"":0,""boxAllCount"":6040,""curserver"":1,""equipmentData"":""W:21_0A:20_0"",""install_day"":""2026-04-01"",""totalPayment"":7700,""total_payment_amount"":7700,""user_name"":""다이아나"",""user_rank"":7500,""user_stage"":200}"
"stage_reached_200 (App)",,,"{""Time"":""2026-04-08 23:31:32"",""UserUUID"":""d1684830-31b5-11f1-8641-f352cf91c7e3"",""attendanceCount"":3,""attendance_count"":3,""b.diamond"":20382,""b.ruby"":0,""boxAllCount"":9860,""curserver"":2,""equipmentData"":""W:23_0A:23_0"",""install_day"":""2026-04-06"",""totalPayment"":51700,""total_payment_amount"":51700,""user_name"":""Hiden"",""user_rank"":263,""user_stage"":200}"
"stage_reached_200 (App)",,,"{""Time"":""2026-04-08 23:08:58"",""UserUUID"":""bc6e71d0-2fca-11f1-985c-ed77f3b949a3"",""attendanceCount"":5,""attendance_count"":5,""b.diamond"":417319,""b.ruby"":0,""boxAllCount"":750,""curserver"":2,""equipmentData"":""W:19_0A:19_0"",""install_day"":""2026-04-04"",""totalPayment"":40700,""total_payment_amount"":40700,""user_name"":""송기백"",""user_rank"":134,""user_stage"":200}"
"stage_reached_200 (App)",,,"{""Time"":""2026-04-08 22:52:21"",""UserUUID"":""95f276d0-2b1c-11f1-b3c4-89c2b7886a82"",""attendanceCount"":11,""attendance_count"":11,""b.diamond"":190686,""b.ruby"":0,""boxAllCount"":1500,""curserver"":1,""equipmentData"":""W:21_0A:19_0"",""install_day"":""2026-03-29"",""totalPayment"":7700,""total_payment_amount"":7700,""user_name"":""붉은토끼"",""user_rank"":7210,""user_stage"":200}"
"stage_reached_200 (App)",,,"{""Time"":""2026-04-08 22:48:02"",""UserUUID"":""497fedc0-30c4-11f1-a0a5-b1f1c5e48406"",""attendanceCount"":4,""attendance_count"":4,""b.diamond"":2205,""b.ruby"":0,""boxAllCount"":2100,""curserver"":2,""equipmentData"":""W:23_0A:19_0"",""install_day"":""2026-04-05"",""totalPayment"":7700,""total_payment_amount"":7700,""user_name"":""junho"",""user_rank"":134,""user_stage"":200}"
"stage_reached_200 (App)",,,"{""Time"":""2026-04-08 22:47:35"",""UserUUID"":""e38efab0-3019-11f1-b24b-bb43cf968457"",""attendanceCount"":5,""attendance_count"":5,""b.diamond"":12633,""b.ruby"":0,""boxAllCount"":1360,""curserver"":2,""equipmentData"":""W:21_0A:19_0"",""install_day"":""2026-04-04"",""totalPayment"":7700,""total_payment_amount"":7700,""user_name"":""자기사랑해"",""user_rank"":137,""user_stage"":200}"
"stage_reached_200 (App)",,,"{""Time"":""2026-04-08 22:30:18"",""UserUUID"":""9fab1980-2f6c-11f1-bb35-75654a0660c9"",""attendanceCount"":6,""attendance_count"":6,""b.diamond"":48532,""b.ruby"":0,""boxAllCount"":1180,""curserver"":2,""equipmentData"":""W:18_0A:19_0"",""install_day"":""2026-04-03"",""totalPayment"":7700,""total_payment_amount"":7700,""user_name"":""문성리딸배킹"",""user_rank"":143,""user_stage"":200}"
"stage_reached_200 (App)",,,"{""Time"":""2026-04-08 22:05:43"",""UserUUID"":""1e500ef0-31b9-11f1-9a2a-d7d6c2536d7d"",""attendanceCount"":3,""attendance_count"":3,""b.diamond"":27630,""b.ruby"":0,""boxAllCount"":7590,""curserver"":2,""equipmentData"":""W:23_0A:20_0"",""install_day"":""2026-04-06"",""totalPayment"":7700,""total_payment_amount"":7700,""user_name"":""뚱이123"",""user_rank"":182,""user_stage"":200}"
"stage_reached_200 (App)",,,"{""Time"":""2026-04-08 21:59:50"",""UserUUID"":""e9567a10-2de7-11f1-ae03-ab30dc9e279f"",""attendanceCount"":7,""attendance_count"":7,""b.diamond"":221747,""b.ruby"":330,""boxAllCount"":2490,""curserver"":1,""equipmentData"":""W:21_0A:19_0"",""install_day"":""2026-04-01"",""totalPayment"":11000,""total_payment_amount"":11000,""user_name"":""이니에스타"",""user_rank"":7121,""user_stage"":200}"
"stage_reached_200 (App)",,,"{""Time"":""2026-04-08 21:27:29"",""UserUUID"":""6abcf7b0-30bc-11f1-8651-c156716e364e"",""attendanceCount"":4,""attendance_count"":4,""b.diamond"":137695,""b.ruby"":0,""boxAllCount"":3650,""curserver"":2,""equipmentData"":""W:21_0A:19_0"",""install_day"":""2026-04-05"",""totalPayment"":40700,""total_payment_amount"":40700,""user_name"":""의로운도적"",""user_rank"":171,""user_stage"":200}"
"stage_reached_200 (App)",,,"{""Time"":""2026-04-08 21:21:16"",""UserUUID"":""57f8e530-3012-11f1-b856-011e2bdb83d1"",""attendanceCount"":5,""attendance_count"":5,""b.diamond"":1156137,""b.ruby"":1100,""boxAllCount"":3320,""curserver"":2,""equipmentData"":""W:20_0A:19_0"",""install_day"":""2026-04-04"",""totalPayment"":151800,""total_payment_amount"":151800,""user_name"":""재신"",""user_rank"":226,""user_stage"":200}"
"stage_reached_200 (App)",,,"{""Time"":""2026-04-08 21:19:18"",""UserUUID"":""6987bce0-2f18-11f1-b609-7be86e030939"",""attendanceCount"":6,""attendance_count"":6,""b.diamond"":10883,""b.ruby"":0,""boxAllCount"":2880,""curserver"":2,""equipmentData"":""W:19_0A:19_0"",""install_day"":""2026-04-03"",""totalPayment"":47300,""total_payment_amount"":47300,""user_name"":""그러는거아냐"",""user_rank"":129,""user_stage"":200}"
"stage_reached_200 (App)",,,"{""Time"":""2026-04-08 21:03:52"",""UserUUID"":""458046a0-3044-11f1-8868-e177384e1636"",""attendanceCount"":4,""attendance_count"":4,""b.diamond"":8855,""b.ruby"":0,""boxAllCount"":9140,""curserver"":2,""equipmentData"":""W:23_0A:20_0"",""install_day"":""2026-04-04"",""totalPayment"":7700,""total_payment_amount"":7700,""user_name"":""sin0319"",""user_rank"":136,""user_stage"":200}"
"stage_reached_200 (App)",,,"{""Time"":""2026-04-08 21:00:03"",""UserUUID"":""75775f20-2d5a-11f1-9f4e-951a8e0692dc"",""attendanceCount"":8,""attendance_count"":8,""b.diamond"":58973,""b.ruby"":0,""boxAllCount"":1420,""curserver"":1,""equipmentData"":""W:20_0A:19_0"",""install_day"":""2026-03-31"",""totalPayment"":51700,""total_payment_amount"":51700,""user_name"":""Lth65154"",""user_rank"":7150,""user_stage"":200}"
"stage_reached_200 (App)",,,"{""Time"":""2026-04-08 20:53:51"",""UserUUID"":""8a2315a0-302e-11f1-b0d7-1fcfb03c0eaa"",""attendanceCount"":5,""attendance_count"":5,""b.diamond"":14756,""b.ruby"":0,""boxAllCount"":6090,""curserver"":2,""equipmentData"":""W:22_0A:20_0"",""install_day"":""2026-04-04"",""totalPayment"":7700,""total_payment_amount"":7700,""user_name"":""흑류운"",""user_rank"":97,""user_stage"":200}"
"stage_reached_200 (App)",,,"{""Time"":""2026-04-08 20:34:49"",""UserUUID"":""77dfba20-2fab-11f1-8ae6-eb51b3282c5d"",""attendanceCount"":5,""attendance_count"":5,""b.diamond"":84875,""b.ruby"":110,""boxAllCount"":6050,""curserver"":2,""equipmentData"":""W:20_0A:20_0"",""install_day"":""2026-04-03"",""totalPayment"":95700,""total_payment_amount"":95700,""user_name"":""목포앙마"",""user_rank"":202,""user_stage"":200}"
"stage_reached_200 (App)",,,"{""Time"":""2026-04-08 19:55:12"",""UserUUID"":""5ba4e0c0-3013-11f1-b24b-bb43cf968457"",""attendanceCount"":5,""attendance_count"":5,""b.diamond"":151455,""b.ruby"":0,""boxAllCount"":6010,""curserver"":2,""equipmentData"":""W:21_0A:20_0"",""install_day"":""2026-04-04"",""totalPayment"":51700,""total_payment_amount"":51700,""user_name"":""서신"",""user_rank"":157,""user_stage"":200}"
"stage_reached_200 (App)",,,"{""Time"":""2026-04-08 19:02:36"",""UserUUID"":""f9ef5350-30ae-11f1-923b-cf86ca57d845"",""attendanceCount"":4,""attendance_count"":4,""b.diamond"":33381,""b.ruby"":0,""boxAllCount"":6470,""curserver"":2,""equipmentData"":""W:23_0A:20_0"",""install_day"":""2026-04-05"",""totalPayment"":8800,""total_payment_amount"":8800,""user_name"":""개지호"",""user_rank"":126,""user_stage"":200}"
"stage_reached_200 (App)",,,"{""Time"":""2026-04-08 18:59:24"",""UserUUID"":""1b645a40-3275-11f1-b7d9-efdf1561da45"",""attendanceCount"":2,""attendance_count"":2,""b.diamond"":713103,""b.ruby"":0,""boxAllCount"":11070,""curserver"":2,""equipmentData"":""W:23_0A:21_0"",""install_day"":""2026-04-07"",""totalPayment"":231000,""total_payment_amount"":231000,""user_name"":""눈이랑"",""user_rank"":314,""user_stage"":200}"
"stage_reached_200 (App)",,,"{""Time"":""2026-04-08 18:56:31"",""UserUUID"":""3139a620-29e4-11f1-8faf-754c8c12e1c5"",""attendanceCount"":13,""attendance_count"":13,""b.diamond"":500804,""b.ruby"":1650,""boxAllCount"":1230,""curserver"":1,""equipmentData"":""W:23_0A:19_0"",""install_day"":""2026-03-27"",""totalPayment"":47300,""total_payment_amount"":47300,""user_name"":""제발한번한방"",""user_rank"":7434,""user_stage"":200}"
"stage_reached_200 (App)",,,"{""Time"":""2026-04-08 18:36:14"",""UserUUID"":""bf9313e0-309a-11f1-a35c-7d12bdd96b0a"",""attendanceCount"":4,""attendance_count"":4,""b.diamond"":37250,""b.ruby"":0,""boxAllCount"":2880,""curserver"":2,""equipmentData"":""W:22_0A:19_0"",""install_day"":""2026-04-05"",""totalPayment"":73700,""total_payment_amount"":73700,""user_name"":""이루어질지니"",""user_rank"":134,""user_stage"":200}"
"stage_reached_200 (App)",,,"{""Time"":""2026-04-08 17:57:24"",""UserUUID"":""96877e70-2e8b-11f1-bcf4-7750438ffe5f"",""attendanceCount"":7,""attendance_count"":7,""b.diamond"":23891,""b.ruby"":0,""boxAllCount"":3390,""curserver"":1,""equipmentData"":""W:21_0A:19_0"",""install_day"":""2026-04-02"",""totalPayment"":7700,""total_payment_amount"":7700,""user_name"":""이도빈"",""user_rank"":7174,""user_stage"":200}"
"stage_reached_200 (App)",,,"{""Time"":""2026-04-08 17:51:30"",""UserUUID"":""5737e490-2f61-11f1-a7cb-dd5571ea1e05"",""attendanceCount"":6,""attendance_count"":6,""b.diamond"":111885,""b.ruby"":0,""boxAllCount"":480,""curserver"":2,""equipmentData"":""W:20_0A:19_0"",""install_day"":""2026-04-03"",""totalPayment"":7700,""total_payment_amount"":7700,""user_name"":""뇽횬"",""user_rank"":129,""user_stage"":200}"
"stage_reached_200 (App)",,,"{""Time"":""2026-04-08 17:50:13"",""UserUUID"":""7e457ed0-2e49-11f1-8ac9-7338d6791755"",""attendanceCount"":7,""attendance_count"":7,""b.diamond"":2572,""b.ruby"":0,""boxAllCount"":1980,""curserver"":1,""equipmentData"":""W:21_0A:19_0"",""install_day"":""2026-04-02"",""totalPayment"":29700,""total_payment_amount"":29700,""user_name"":""HDN"",""user_rank"":7120,""user_stage"":200}"
"stage_reached_200 (App)",,,"{""Time"":""2026-04-08 17:46:57"",""UserUUID"":""79abf460-3008-11f1-b856-011e2bdb83d1"",""attendanceCount"":5,""attendance_count"":5,""b.diamond"":1836,""b.ruby"":0,""boxAllCount"":1540,""curserver"":2,""equipmentData"":""W:20_0A:19_0"",""install_day"":""2026-04-04"",""totalPayment"":11000,""total_payment_amount"":11000,""user_name"":""다까무라상"",""user_rank"":137,""user_stage"":200}"
"stage_reached_200 (App)",,,"{""Time"":""2026-04-08 17:29:57"",""UserUUID"":""8b451350-3021-11f1-b927-67281d639764"",""attendanceCount"":3,""attendance_count"":3,""b.diamond"":1193780,""b.ruby"":770,""boxAllCount"":4420,""curserver"":2,""equipmentData"":""W:23_0A:20_0"",""install_day"":""2026-04-04"",""totalPayment"":374000,""total_payment_amount"":374000,""user_name"":""꾸레리"",""user_rank"":312,""user_stage"":200}"
"stage_reached_200 (App)",,,"{""Time"":""2026-04-08 17:17:02"",""UserUUID"":""61ad1160-30fc-11f1-bdc9-d53faa467de4"",""attendanceCount"":4,""attendance_count"":4,""b.diamond"":102467,""b.ruby"":0,""boxAllCount"":4900,""curserver"":2,""equipmentData"":""W:23_0A:21_0"",""install_day"":""2026-04-05"",""totalPayment"":7700,""total_payment_amount"":7700,""user_name"":""나우울핑"",""user_rank"":120,""user_stage"":200}"
"stage_reached_200 (App)",,,"{""Time"":""2026-04-08 17:15:41"",""UserUUID"":""57f3d390-2d8a-11f1-a667-3bd3e670d603"",""attendanceCount"":8,""attendance_count"":8,""b.diamond"":291925,""b.ruby"":0,""boxAllCount"":2550,""curserver"":1,""equipmentData"":""W:21_0A:19_0"",""install_day"":""2026-04-01"",""totalPayment"":7700,""total_payment_amount"":7700,""user_name"":""r아서"",""user_rank"":7148,""user_stage"":200}"
"stage_reached_200 (App)",,,"{""Time"":""2026-04-08 16:56:17"",""UserUUID"":""e3173040-3256-11f1-a7b8-bfafdaeea6fc"",""attendanceCount"":2,""attendance_count"":2,""b.diamond"":115042,""b.ruby"":550,""boxAllCount"":3690,""curserver"":2,""equipmentData"":""W:24_0A:19_0"",""install_day"":""2026-04-07"",""totalPayment"":238700,""total_payment_amount"":238700,""user_name"":""김판규"",""user_rank"":151,""user_stage"":200}"
"stage_reached_200 (App)",,,"{""Time"":""2026-04-08 16:33:42"",""UserUUID"":""878ba6e0-3268-11f1-8e99-e3f6968f6778"",""attendanceCount"":2,""attendance_count"":2,""b.diamond"":32373,""b.ruby"":0,""boxAllCount"":2700,""curserver"":2,""equipmentData"":""W:20_0A:18_0"",""install_day"":""2026-04-07"",""totalPayment"":70400,""total_payment_amount"":70400,""user_name"":""9523br"",""user_rank"":144,""user_stage"":200}"
"stage_reached_200 (App)",,,"{""Time"":""2026-04-08 16:16:16"",""UserUUID"":""3e6f3380-31b6-11f1-8ae3-514ae4d9144d"",""attendanceCount"":3,""attendance_count"":3,""b.diamond"":27218,""b.ruby"":0,""boxAllCount"":3290,""curserver"":2,""equipmentData"":""W:22_0A:19_0"",""install_day"":""2026-04-06"",""totalPayment"":67100,""total_payment_amount"":67100,""user_name"":""곡괭아"",""user_rank"":119,""user_stage"":200}"
"stage_reached_200 (App)",,,"{""Time"":""2026-04-08 16:09:54"",""UserUUID"":""92af0a80-2caf-11f1-ae3e-e30658007a06"",""attendanceCount"":9,""attendance_count"":9,""b.diamond"":218342,""b.ruby"":0,""boxAllCount"":6050,""curserver"":1,""equipmentData"":""W:20_0A:20_0"",""install_day"":""2026-03-31"",""totalPayment"":40700,""total_payment_amount"":40700,""user_name"":""신일이"",""user_rank"":7204,""user_stage"":200}"
"stage_reached_200 (App)",,,"{""Time"":""2026-04-08 16:07:45"",""UserUUID"":""c88a9ce0-2ebd-11f1-b166-65fa9a129976"",""attendanceCount"":6,""attendance_count"":6,""b.diamond"":52888,""b.ruby"":0,""boxAllCount"":2670,""curserver"":2,""equipmentData"":""W:19_0A:19_0"",""install_day"":""2026-04-02"",""totalPayment"":7700,""total_payment_amount"":7700,""user_name"":""호이토이"",""user_rank"":126,""user_stage"":200}"
"stage_reached_200 (App)",,,"{""Time"":""2026-04-08 15:53:39"",""UserUUID"":""913d8910-2f34-11f1-9286-9b31303d67c3"",""attendanceCount"":6,""attendance_count"":6,""b.diamond"":22730,""b.ruby"":0,""boxAllCount"":1810,""curserver"":2,""equipmentData"":""W:20_0A:19_0"",""install_day"":""2026-04-03"",""totalPayment"":14300,""total_payment_amount"":14300,""user_name"":""의왕"",""user_rank"":115,""user_stage"":200}"
"stage_reached_200 (App)",,,"{""Time"":""2026-04-08 15:53:18"",""UserUUID"":""09a6e1f0-3181-11f1-88dc-997862869414"",""attendanceCount"":3,""attendance_count"":3,""b.diamond"":66133,""b.ruby"":0,""boxAllCount"":3460,""curserver"":2,""equipmentData"":""W:21_0A:20_0"",""install_day"":""2026-04-06"",""totalPayment"":84700,""total_payment_amount"":84700,""user_name"":""최형우"",""user_rank"":113,""user_stage"":200}"
"stage_reached_200 (App)",,,"{""Time"":""2026-04-08 15:45:14"",""UserUUID"":""6f3ba600-3301-11f1-917d-2b68ae914432"",""attendanceCount"":1,""attendance_count"":1,""b.diamond"":768005,""b.ruby"":220,""boxAllCount"":2890,""curserver"":2,""equipmentData"":""W:20_0A:20_0"",""install_day"":""2026-04-08"",""totalPayment"":227700,""total_payment_amount"":227700,""user_name"":""골로골로"",""user_rank"":146,""user_stage"":200}"
"stage_reached_200 (App)",,,"{""Time"":""2026-04-08 15:26:31"",""UserUUID"":""d35e7760-304b-11f1-8ca7-f78e35333125"",""attendanceCount"":4,""attendance_count"":4,""b.diamond"":14357,""b.ruby"":0,""boxAllCount"":1050,""curserver"":2,""equipmentData"":""W:19_0A:18_0"",""install_day"":""2026-04-04"",""totalPayment"":27500,""total_payment_amount"":27500,""user_name"":""꿀같은주말"",""user_rank"":113,""user_stage"":200}"
"stage_reached_200 (App)",,,"{""Time"":""2026-04-08 15:06:23"",""UserUUID"":""dbe6f1c0-2103-11f1-afe4-53f9c6b532d5"",""attendanceCount"":24,""attendance_count"":24,""b.diamond"":507715,""b.ruby"":0,""boxAllCount"":6740,""curserver"":1,""equipmentData"":""W:20_0A:20_0"",""install_day"":""2026-03-16"",""totalPayment"":0,""total_payment_amount"":0,""user_name"":""날다람쥐18"",""user_rank"":7093,""user_stage"":200}"
"stage_reached_200 (App)",,,"{""Time"":""2026-04-08 15:00:58"",""UserUUID"":""19ce39b0-31a0-11f1-849f-a59f536f9fe2"",""attendanceCount"":3,""attendance_count"":3,""b.diamond"":2673,""b.ruby"":0,""boxAllCount"":1590,""curserver"":2,""equipmentData"":""W:19_0A:19_0"",""install_day"":""2026-04-06"",""totalPayment"":70400,""total_payment_amount"":70400,""user_name"":""암황"",""user_rank"":110,""user_stage"":200}"
"stage_reached_200 (App)",,,"{""Time"":""2026-04-08 14:57:48"",""UserUUID"":""571b5810-2fb2-11f1-b856-011e2bdb83d1"",""attendanceCount"":5,""attendance_count"":5,""b.diamond"":20246,""b.ruby"":330,""boxAllCount"":1470,""curserver"":2,""equipmentData"":""W:19_0A:19_0"",""install_day"":""2026-04-03"",""totalPayment"":30800,""total_payment_amount"":30800,""user_name"":""찬유파파"",""user_rank"":133,""user_stage"":200}"
"stage_reached_200 (App)",,,"{""Time"":""2026-04-08 14:13:17"",""UserUUID"":""1157a620-32f1-11f1-8436-bf193bf343c0"",""attendanceCount"":1,""attendance_count"":1,""b.diamond"":463115,""b.ruby"":880,""boxAllCount"":22240,""curserver"":2,""equipmentData"":""W:23_0A:22_0"",""install_day"":""2026-04-08"",""totalPayment"":275000,""total_payment_amount"":275000,""user_name"":""돼지참치"",""user_rank"":337,""user_stage"":200}"
"stage_reached_200 (App)",,,"{""Time"":""2026-04-08 13:37:12"",""UserUUID"":""0bf21c70-30bb-11f1-b58c-896bd11d8001"",""attendanceCount"":4,""attendance_count"":4,""b.diamond"":70836,""b.ruby"":0,""boxAllCount"":3310,""curserver"":2,""equipmentData"":""W:20_0A:19_0"",""install_day"":""2026-04-05"",""totalPayment"":51700,""total_payment_amount"":51700,""user_name"":""뚜빵찰"",""user_rank"":105,""user_stage"":200}"
"stage_reached_200 (App)",,,"{""Time"":""2026-04-08 13:31:11"",""UserUUID"":""e02e32d0-2f71-11f1-a69f-cf367d0f8cd6"",""attendanceCount"":5,""attendance_count"":5,""b.diamond"":2041,""b.ruby"":0,""boxAllCount"":7590,""curserver"":2,""equipmentData"":""W:22_0A:20_0"",""install_day"":""2026-04-03"",""totalPayment"":8800,""total_payment_amount"":8800,""user_name"":""자일"",""user_rank"":102,""user_stage"":200}"
"stage_reached_200 (App)",,,"{""Time"":""2026-04-08 13:23:05"",""UserUUID"":""44dd9110-3280-11f1-8286-97ad1b7c8074"",""attendanceCount"":2,""attendance_count"":2,""b.diamond"":21310,""b.ruby"":110,""boxAllCount"":6830,""curserver"":2,""equipmentData"":""W:20_0A:20_0"",""install_day"":""2026-04-07"",""totalPayment"":216700,""total_payment_amount"":216700,""user_name"":""Domini"",""user_rank"":120,""user_stage"":200}"
"stage_reached_200 (App)",,,"{""Time"":""2026-04-08 13:10:04"",""UserUUID"":""3d197440-2f55-11f1-8f6c-3b6cef0d926e"",""attendanceCount"":6,""attendance_count"":6,""b.diamond"":262373,""b.ruby"":0,""boxAllCount"":3300,""curserver"":2,""equipmentData"":""W:20_0A:19_0"",""install_day"":""2026-04-03"",""totalPayment"":7700,""total_payment_amount"":7700,""user_name"":""bomnal"",""user_rank"":92,""user_stage"":200}"
"stage_reached_200 (App)",,,"{""Time"":""2026-04-08 13:12:00"",""UserUUID"":""da16f010-3243-11f1-aceb-cdb128d1366a"",""attendanceCount"":2,""attendance_count"":2,""b.diamond"":20162,""b.ruby"":0,""boxAllCount"":4030,""curserver"":2,""equipmentData"":""W:23_0A:19_0"",""install_day"":""2026-04-07"",""totalPayment"":62700,""total_payment_amount"":62700,""user_name"":""이브라히모비치"",""user_rank"":167,""user_stage"":200}"
"stage_reached_200 (App)",,,"{""Time"":""2026-04-08 13:11:19"",""UserUUID"":""9190d270-3153-11f1-88dc-997862869414"",""attendanceCount"":3,""attendance_count"":3,""b.diamond"":27729,""b.ruby"":0,""boxAllCount"":4480,""curserver"":2,""equipmentData"":""W:23_0A:19_0"",""install_day"":""2026-04-06"",""totalPayment"":7700,""total_payment_amount"":7700,""user_name"":""덩근"",""user_rank"":114,""user_stage"":200}"
"stage_reached_200 (App)",,,"{""Time"":""2026-04-08 12:24:54"",""UserUUID"":""a0443680-3230-11f1-92fd-af2e90ab8e3b"",""attendanceCount"":2,""attendance_count"":2,""b.diamond"":91089,""b.ruby"":0,""boxAllCount"":3840,""curserver"":2,""equipmentData"":""W:23_0A:18_0"",""install_day"":""2026-04-07"",""totalPayment"":135300,""total_payment_amount"":135300,""user_name"":""백두한돈"",""user_rank"":132,""user_stage"":200}"
"stage_reached_200 (App)",,,"{""Time"":""2026-04-08 12:14:46"",""UserUUID"":""a6f9ede0-31a8-11f1-ba81-8f2bea00d47f"",""attendanceCount"":3,""attendance_count"":3,""b.diamond"":8677,""b.ruby"":0,""boxAllCount"":3190,""curserver"":2,""equipmentData"":""W:20_0A:19_0"",""install_day"":""2026-04-06"",""totalPayment"":114400,""total_payment_amount"":114400,""user_name"":""솜펀치"",""user_rank"":99,""user_stage"":200}"
"stage_reached_200 (App)",,,"{""Time"":""2026-04-08 11:43:33"",""UserUUID"":""ca0df850-327d-11f1-8e99-e3f6968f6778"",""attendanceCount"":2,""attendance_count"":2,""b.diamond"":45816,""b.ruby"":0,""boxAllCount"":7310,""curserver"":2,""equipmentData"":""W:23_0A:21_0"",""install_day"":""2026-04-07"",""totalPayment"":70400,""total_payment_amount"":70400,""user_name"":""한아름"",""user_rank"":98,""user_stage"":200}"
"stage_reached_200 (App)",,,"{""Time"":""2026-04-08 11:19:34"",""UserUUID"":""e1adf460-3237-11f1-93cd-4560885e8ddf"",""attendanceCount"":2,""attendance_count"":2,""b.diamond"":23211,""b.ruby"":770,""boxAllCount"":6040,""curserver"":2,""equipmentData"":""W:21_0A:19_0"",""install_day"":""2026-04-07"",""totalPayment"":119900,""total_payment_amount"":119900,""user_name"":""마또"",""user_rank"":114,""user_stage"":200}"
"stage_reached_200 (App)",,,"{""Time"":""2026-04-08 11:05:45"",""UserUUID"":""97128b80-2efb-11f1-bb15-09ed8ff17ecf"",""attendanceCount"":6,""attendance_count"":6,""b.diamond"":271616,""b.ruby"":0,""boxAllCount"":11650,""curserver"":2,""equipmentData"":""W:23_0A:21_0"",""install_day"":""2026-04-03"",""totalPayment"":7700,""total_payment_amount"":7700,""user_name"":""그냥한다"",""user_rank"":97,""user_stage"":200}"
"stage_reached_200 (App)",,,"{""Time"":""2026-04-08 10:28:36"",""UserUUID"":""5620ef50-2fae-11f1-b707-756132cfde8f"",""attendanceCount"":5,""attendance_count"":5,""b.diamond"":3168,""b.ruby"":0,""boxAllCount"":120,""curserver"":2,""equipmentData"":""W:18_0A:19_0"",""install_day"":""2026-04-03"",""totalPayment"":0,""total_payment_amount"":0,""user_name"":""신이랑"",""user_rank"":111,""user_stage"":200}"
"stage_reached_200 (App)",,,"{""Time"":""2026-04-08 10:20:45"",""UserUUID"":""8e62feb0-2b4b-11f1-b8b0-5789935d8c0e"",""attendanceCount"":11,""attendance_count"":11,""b.diamond"":902131,""b.ruby"":0,""boxAllCount"":1230,""curserver"":1,""equipmentData"":""W:21_0A:19_0"",""install_day"":""2026-03-29"",""totalPayment"":7700,""total_payment_amount"":7700,""user_name"":""오옹오옹"",""user_rank"":7426,""user_stage"":200}"
"stage_reached_200 (App)",,,"{""Time"":""2026-04-08 10:17:16"",""UserUUID"":""46900060-2b4b-11f1-925c-3f6869ee6018"",""attendanceCount"":8,""attendance_count"":8,""b.diamond"":2990,""b.ruby"":0,""boxAllCount"":1620,""curserver"":1,""equipmentData"":""W:20_0A:19_0"",""install_day"":""2026-03-29"",""totalPayment"":0,""total_payment_amount"":0,""user_name"":""낙토"",""user_rank"":7269,""user_stage"":200}"
"stage_reached_200 (App)",,,"{""Time"":""2026-04-08 10:15:46"",""UserUUID"":""e9ce2510-325b-11f1-bf0f-557a9a571eaa"",""attendanceCount"":2,""attendance_count"":2,""b.diamond"":16943,""b.ruby"":0,""boxAllCount"":6970,""curserver"":2,""equipmentData"":""W:23_0A:20_0"",""install_day"":""2026-04-07"",""totalPayment"":18700,""total_payment_amount"":18700,""user_name"":""꺼즈"",""user_rank"":99,""user_stage"":200}"
"stage_reached_200 (App)",,,"{""Time"":""2026-04-08 10:11:55"",""UserUUID"":""15abb900-2bd5-11f1-9c0e-e9d90199f557"",""attendanceCount"":10,""attendance_count"":10,""b.diamond"":527625,""b.ruby"":0,""boxAllCount"":2630,""curserver"":1,""equipmentData"":""W:21_0A:21_0"",""install_day"":""2026-03-30"",""totalPayment"":7700,""total_payment_amount"":7700,""user_name"":""석조"",""user_rank"":7086,""user_stage"":200}"
"stage_reached_200 (App)",,,"{""Time"":""2026-04-08 10:06:52"",""UserUUID"":""23922bb0-2fc9-11f1-af22-99d5280db059"",""attendanceCount"":5,""attendance_count"":5,""b.diamond"":11719,""b.ruby"":440,""boxAllCount"":3030,""curserver"":2,""equipmentData"":""W:20_0A:19_0"",""install_day"":""2026-04-04"",""totalPayment"":40700,""total_payment_amount"":40700,""user_name"":""이쁜구름이"",""user_rank"":95,""user_stage"":200}"
"stage_reached_200 (App)",,,"{""Time"":""2026-04-08 09:38:37"",""UserUUID"":""b933d710-3008-11f1-b891-e53aa8ec33c1"",""attendanceCount"":5,""attendance_count"":5,""b.diamond"":321792,""b.ruby"":0,""boxAllCount"":1800,""curserver"":2,""equipmentData"":""W:22_0A:19_0"",""install_day"":""2026-04-04"",""totalPayment"":7700,""total_payment_amount"":7700,""user_name"":""코모0"",""user_rank"":215,""user_stage"":200}"
"stage_reached_200 (App)",,,"{""Time"":""2026-04-08 09:02:32"",""UserUUID"":""2584ff80-30d0-11f1-8ada-5b005ce58860"",""attendanceCount"":4,""attendance_count"":4,""b.diamond"":630926,""b.ruby"":330,""boxAllCount"":2470,""curserver"":2,""equipmentData"":""W:22_0A:20_0"",""install_day"":""2026-04-05"",""totalPayment"":139700,""total_payment_amount"":139700,""user_name"":""림준"",""user_rank"":119,""user_stage"":200}"
"stage_reached_200 (App)",,,"{""Time"":""2026-04-08 09:07:42"",""UserUUID"":""dd49acf0-2a41-11f1-90a9-4364fdc69a81"",""attendanceCount"":12,""attendance_count"":12,""b.diamond"":188186,""b.ruby"":0,""boxAllCount"":1270,""curserver"":1,""equipmentData"":""W:22_0A:19_0"",""install_day"":""2026-03-28"",""totalPayment"":0,""total_payment_amount"":0,""user_name"":""레디오오오오"",""user_rank"":7425,""user_stage"":200}"
"stage_reached_200 (App)",,,"{""Time"":""2026-04-08 09:03:16"",""UserUUID"":""09b616c0-3019-11f1-9756-ad66a3d7d0ea"",""attendanceCount"":5,""attendance_count"":5,""b.diamond"":179809,""b.ruby"":0,""boxAllCount"":7700,""curserver"":2,""equipmentData"":""W:21_0A:20_0"",""install_day"":""2026-04-04"",""totalPayment"":22000,""total_payment_amount"":22000,""user_name"":""윤지애인"",""user_rank"":99,""user_stage"":200}"
"stage_reached_200 (App)",,,"{""Time"":""2026-04-08 09:01:17"",""UserUUID"":""d088e610-2f83-11f1-83d9-474830bc466c"",""attendanceCount"":5,""attendance_count"":5,""b.diamond"":3625,""b.ruby"":0,""boxAllCount"":540,""curserver"":2,""equipmentData"":""W:20_0A:19_0"",""install_day"":""2026-04-03"",""totalPayment"":18700,""total_payment_amount"":18700,""user_name"":""해녀"",""user_rank"":91,""user_stage"":200}"
"stage_reached_200 (App)",,,"{""Time"":""2026-04-08 09:00:34"",""UserUUID"":""c095efb0-3220-11f1-8933-7ba9bac0c574"",""attendanceCount"":2,""attendance_count"":2,""b.diamond"":14423,""b.ruby"":0,""boxAllCount"":2770,""curserver"":2,""equipmentData"":""W:22_0A:18_0"",""install_day"":""2026-04-07"",""totalPayment"":62700,""total_payment_amount"":62700,""user_name"":""장명호"",""user_rank"":101,""user_stage"":200}"
"stage_reached_200 (App)",,,"{""Time"":""2026-04-08 08:45:14"",""UserUUID"":""b2f67c10-3024-11f1-b24b-bb43cf968457"",""attendanceCount"":5,""attendance_count"":5,""b.diamond"":89940,""b.ruby"":0,""boxAllCount"":7020,""curserver"":2,""equipmentData"":""W:20_0A:20_0"",""install_day"":""2026-04-04"",""totalPayment"":73700,""total_payment_amount"":73700,""user_name"":""인천베어"",""user_rank"":136,""user_stage"":200}"
"stage_reached_200 (App)",,,"{""Time"":""2026-04-08 08:31:48"",""UserUUID"":""027419e0-2f6d-11f1-9de6-edf0c5c036da"",""attendanceCount"":6,""attendance_count"":6,""b.diamond"":121174,""b.ruby"":0,""boxAllCount"":1410,""curserver"":2,""equipmentData"":""W:18_0A:19_0"",""install_day"":""2026-04-03"",""totalPayment"":7700,""total_payment_amount"":7700,""user_name"":""입퓨"",""user_rank"":101,""user_stage"":200}"
"stage_reached_200 (App)",,,"{""Time"":""2026-04-08 07:44:04"",""UserUUID"":""c90fa360-2f15-11f1-93e0-437e84eb8361"",""attendanceCount"":6,""attendance_count"":6,""b.diamond"":231038,""b.ruby"":0,""boxAllCount"":3030,""curserver"":2,""equipmentData"":""W:21_0A:19_0"",""install_day"":""2026-04-03"",""totalPayment"":0,""total_payment_amount"":0,""user_name"":""king이될상"",""user_rank"":110,""user_stage"":200}"
"stage_reached_200 (App)",,,"{""Time"":""2026-04-08 07:32:22"",""UserUUID"":""93d66670-2e02-11f1-a97e-8f0be10068f5"",""attendanceCount"":7,""attendance_count"":7,""b.diamond"":74183,""b.ruby"":440,""boxAllCount"":1260,""curserver"":1,""equipmentData"":""W:21_0A:19_0"",""install_day"":""2026-04-01"",""totalPayment"":18700,""total_payment_amount"":18700,""user_name"":""유우우움"",""user_rank"":7423,""user_stage"":200}"
"stage_reached_200 (App)",,,"{""Time"":""2026-04-08 07:13:38"",""UserUUID"":""70313e90-2fa9-11f1-9b41-d70e5ddb1ec7"",""attendanceCount"":5,""attendance_count"":5,""b.diamond"":767,""b.ruby"":0,""boxAllCount"":2400,""curserver"":2,""equipmentData"":""W:20_0A:19_0"",""install_day"":""2026-04-03"",""totalPayment"":11000,""total_payment_amount"":11000,""user_name"":""추삼"",""user_rank"":88,""user_stage"":200}"
"stage_reached_200 (App)",,,"{""Time"":""2026-04-08 06:58:37"",""UserUUID"":""2d35d320-2eb0-11f1-bcf4-7750438ffe5f"",""attendanceCount"":6,""attendance_count"":6,""b.diamond"":152384,""b.ruby"":0,""boxAllCount"":1530,""curserver"":2,""equipmentData"":""W:20_0A:19_0"",""install_day"":""2026-04-02"",""totalPayment"":7700,""total_payment_amount"":7700,""user_name"":""차량"",""user_rank"":89,""user_stage"":200}"
"stage_reached_200 (App)",,,"{""Time"":""2026-04-08 06:45:31"",""UserUUID"":""a90e1030-314d-11f1-a238-315c55b18983"",""attendanceCount"":3,""attendance_count"":3,""b.diamond"":224658,""b.ruby"":0,""boxAllCount"":2700,""curserver"":2,""equipmentData"":""W:20_0A:19_0"",""install_day"":""2026-04-06"",""totalPayment"":97900,""total_payment_amount"":97900,""user_name"":""조조현"",""user_rank"":85,""user_stage"":200}"
"stage_reached_200 (App)",,,"{""Time"":""2026-04-08 06:39:59"",""UserUUID"":""52182b60-2f79-11f1-9b41-d70e5ddb1ec7"",""attendanceCount"":5,""attendance_count"":5,""b.diamond"":13415,""b.ruby"":0,""boxAllCount"":3630,""curserver"":2,""equipmentData"":""W:20_0A:19_0"",""install_day"":""2026-04-03"",""totalPayment"":20900,""total_payment_amount"":20900,""user_name"":""바나나원정대"",""user_rank"":87,""user_stage"":200}"
"stage_reached_200 (App)",,,"{""Time"":""2026-04-08 06:34:41"",""UserUUID"":""2ac67630-2d02-11f1-a5b2-3dc8052a6c1b"",""attendanceCount"":9,""attendance_count"":9,""b.diamond"":369569,""b.ruby"":0,""boxAllCount"":3000,""curserver"":1,""equipmentData"":""W:20_0A:19_0"",""install_day"":""2026-03-31"",""totalPayment"":7700,""total_payment_amount"":7700,""user_name"":""갓포비"",""user_rank"":7136,""user_stage"":200}"
"stage_reached_200 (App)",,,"{""Time"":""2026-04-08 06:29:55"",""UserUUID"":""f7d255e0-2aff-11f1-8d63-0d947aacb5b5"",""attendanceCount"":11,""attendance_count"":11,""b.diamond"":381283,""b.ruby"":0,""boxAllCount"":4960,""curserver"":1,""equipmentData"":""W:22_0A:19_0"",""install_day"":""2026-03-28"",""totalPayment"":7700,""total_payment_amount"":7700,""user_name"":""와타시"",""user_rank"":7136,""user_stage"":200}"
"stage_reached_200 (App)",,,"{""Time"":""2026-04-08 06:09:13"",""UserUUID"":""4651b3a0-3145-11f1-812b-d7b2ced86aeb"",""attendanceCount"":3,""attendance_count"":3,""b.diamond"":21647,""b.ruby"":110,""boxAllCount"":2700,""curserver"":2,""equipmentData"":""W:20_0A:21_0"",""install_day"":""2026-04-05"",""totalPayment"":92400,""total_payment_amount"":92400,""user_name"":""나에요나요"",""user_rank"":82,""user_stage"":200}"
"stage_reached_200 (App)",,,"{""Time"":""2026-04-08 05:29:54"",""UserUUID"":""885a2bf0-306f-11f1-a1f9-01de0fa86329"",""attendanceCount"":4,""attendance_count"":4,""b.diamond"":20363,""b.ruby"":0,""boxAllCount"":730,""curserver"":2,""equipmentData"":""W:20_0A:19_0"",""install_day"":""2026-04-04"",""totalPayment"":33000,""total_payment_amount"":33000,""user_name"":""범인"",""user_rank"":93,""user_stage"":200}"
"stage_reached_200 (App)",,,"{""Time"":""2026-04-08 05:28:28"",""UserUUID"":""a3c676a0-3047-11f1-8f8c-4373610c6a50"",""attendanceCount"":4,""attendance_count"":4,""b.diamond"":26860,""b.ruby"":0,""boxAllCount"":10980,""curserver"":2,""equipmentData"":""W:23_0A:23_0"",""install_day"":""2026-04-04"",""totalPayment"":7700,""total_payment_amount"":7700,""user_name"":""골든킹"",""user_rank"":79,""user_stage"":200}"
"stage_reached_200 (App)",,,"{""Time"":""2026-04-08 03:26:42"",""UserUUID"":""44d983d0-8665-11f0-8505-59421e316695"",""attendanceCount"":11,""attendance_count"":11,""b.diamond"":316829,""b.ruby"":0,""boxAllCount"":9710,""curserver"":1,""equipmentData"":""W:21_0A:20_0"",""install_day"":""2025-08-31"",""totalPayment"":7700,""total_payment_amount"":7700,""user_name"":""하인츠"",""user_rank"":7158,""user_stage"":200}"
"stage_reached_200 (App)",,,"{""Time"":""2026-04-08 02:40:40"",""UserUUID"":""33dde290-3120-11f1-bdc9-d53faa467de4"",""attendanceCount"":3,""attendance_count"":3,""b.diamond"":3879,""b.ruby"":0,""boxAllCount"":5670,""curserver"":2,""equipmentData"":""W:23_0A:19_0"",""install_day"":""2026-04-05"",""totalPayment"":4400,""total_payment_amount"":4400,""user_name"":""아규너"",""user_rank"":94,""user_stage"":200}"
"stage_reached_200 (App)",,,"{""Time"":""2026-04-08 02:36:06"",""UserUUID"":""683c0310-2e54-11f1-b8aa-c947fe4ed4af"",""attendanceCount"":7,""attendance_count"":7,""b.diamond"":818277,""b.ruby"":0,""boxAllCount"":4280,""curserver"":1,""equipmentData"":""W:20_0A:19_0"",""install_day"":""2026-04-02"",""totalPayment"":7700,""total_payment_amount"":7700,""user_name"":""몬가"",""user_rank"":7192,""user_stage"":200}"
"stage_reached_200 (App)",,,"{""Time"":""2026-04-08 02:35:29"",""UserUUID"":""e39823d0-2de7-11f1-b13f-435a5c2751a1"",""attendanceCount"":7,""attendance_count"":7,""b.diamond"":48126,""b.ruby"":0,""boxAllCount"":2570,""curserver"":1,""equipmentData"":""W:20_0A:19_0"",""install_day"":""2026-04-01"",""totalPayment"":7700,""total_payment_amount"":7700,""user_name"":""백구수프"",""user_rank"":7090,""user_stage"":200}"
"stage_reached_200 (App)",,,"{""Time"":""2026-04-08 02:13:47"",""UserUUID"":""7d904780-2e68-11f1-a50b-b12fc433fef7"",""attendanceCount"":7,""attendance_count"":7,""b.diamond"":1770,""b.ruby"":0,""boxAllCount"":2550,""curserver"":1,""equipmentData"":""W:21_0A:19_0"",""install_day"":""2026-04-02"",""totalPayment"":0,""total_payment_amount"":0,""user_name"":""잰나비"",""user_rank"":7134,""user_stage"":200}"
"stage_reached_200 (App)",,,"{""Time"":""2026-04-08 01:51:21"",""UserUUID"":""aa5bcfe0-30df-11f1-8c19-3199f24368cf"",""attendanceCount"":4,""attendance_count"":4,""b.diamond"":258985,""b.ruby"":110,""boxAllCount"":3090,""curserver"":2,""equipmentData"":""W:21_0A:18_0"",""install_day"":""2026-04-05"",""totalPayment"":40700,""total_payment_amount"":40700,""user_name"":""메키왜함"",""user_rank"":91,""user_stage"":200}"
"stage_reached_200 (App)",,,"{""Time"":""2026-04-08 01:51:28"",""UserUUID"":""db98e510-2fe6-11f1-8359-815e882e9cac"",""attendanceCount"":5,""attendance_count"":5,""b.diamond"":7073,""b.ruby"":0,""boxAllCount"":690,""curserver"":2,""equipmentData"":""W:20_0A:19_0"",""install_day"":""2026-04-04"",""totalPayment"":7700,""total_payment_amount"":7700,""user_name"":""해제"",""user_rank"":84,""user_stage"":200}"
"stage_reached_200 (App)",,,"{""Time"":""2026-04-08 01:48:38"",""UserUUID"":""59f94390-3187-11f1-a446-374a26f4f3cb"",""attendanceCount"":3,""attendance_count"":3,""b.diamond"":748396,""b.ruby"":330,""boxAllCount"":2940,""curserver"":2,""equipmentData"":""W:20_0A:19_0"",""install_day"":""2026-04-06"",""totalPayment"":223300,""total_payment_amount"":223300,""user_name"":""시기c"",""user_rank"":81,""user_stage"":200}"
"stage_reached_200 (App)",,,"{""Time"":""2026-04-08 01:47:34"",""UserUUID"":""7b4f6390-30aa-11f1-8e85-d3206050e76b"",""attendanceCount"":4,""attendance_count"":4,""b.diamond"":549440,""b.ruby"":440,""boxAllCount"":5210,""curserver"":2,""equipmentData"":""W:23_0A:20_0"",""install_day"":""2026-04-05"",""totalPayment"":247500,""total_payment_amount"":247500,""user_name"":""ejane"",""user_rank"":183,""user_stage"":200}"
"stage_reached_200 (App)",,,"{""Time"":""2026-04-08 01:09:32"",""UserUUID"":""a9d3b540-31bd-11f1-88dc-997862869414"",""attendanceCount"":3,""attendance_count"":3,""b.diamond"":7542,""b.ruby"":0,""boxAllCount"":900,""curserver"":2,""equipmentData"":""W:19_0A:16_0"",""install_day"":""2026-04-06"",""totalPayment"":37400,""total_payment_amount"":37400,""user_name"":""용포"",""user_rank"":97,""user_stage"":200}"
"stage_reached_200 (App)",,,"{""Time"":""2026-04-08 01:03:54"",""UserUUID"":""67285720-28d8-11f1-92c0-e1694eb8860a"",""attendanceCount"":14,""attendance_count"":14,""b.diamond"":137972,""b.ruby"":0,""boxAllCount"":6680,""curserver"":1,""equipmentData"":""W:21_0A:20_0"",""install_day"":""2026-03-26"",""totalPayment"":8800,""total_payment_amount"":8800,""user_name"":""황단비"",""user_rank"":7155,""user_stage"":200}"
"stage_reached_200 (App)",,,"{""Time"":""2026-04-08 00:56:48"",""UserUUID"":""780b71b0-3032-11f1-9d1f-9592b8931eba"",""attendanceCount"":5,""attendance_count"":5,""b.diamond"":14914,""b.ruby"":0,""boxAllCount"":1600,""curserver"":2,""equipmentData"":""W:23_0A:19_0"",""install_day"":""2026-04-04"",""totalPayment"":0,""total_payment_amount"":0,""user_name"":""꽃피는봄이오면"",""user_rank"":111,""user_stage"":200}"
"stage_reached_200 (App)",,,"{""Time"":""2026-04-08 00:54:10"",""UserUUID"":""836343e0-31ad-11f1-b1a4-81a0eb9136bb"",""attendanceCount"":3,""attendance_count"":3,""b.diamond"":168597,""b.ruby"":0,""boxAllCount"":5050,""curserver"":2,""equipmentData"":""W:23_0A:21_0"",""install_day"":""2026-04-06"",""totalPayment"":7700,""total_payment_amount"":7700,""user_name"":""텔로"",""user_rank"":85,""user_stage"":200}"
"stage_reached_200 (App)",,,"{""Time"":""2026-04-08 00:41:53"",""UserUUID"":""32492430-3251-11f1-b03a-7b87d25f0153"",""attendanceCount"":2,""attendance_count"":2,""b.diamond"":5555,""b.ruby"":550,""boxAllCount"":1190,""curserver"":2,""equipmentData"":""W:20_0A:18_0"",""install_day"":""2026-04-07"",""totalPayment"":172700,""total_payment_amount"":172700,""user_name"":""Roly"",""user_rank"":70,""user_stage"":200}"
"stage_reached_200 (App)",,,"{""Time"":""2026-04-08 00:40:11"",""UserUUID"":""a5ed2890-3086-11f1-8941-7de3afb6c926"",""attendanceCount"":4,""attendance_count"":4,""b.diamond"":261818,""b.ruby"":0,""boxAllCount"":3610,""curserver"":2,""equipmentData"":""W:20_0A:19_0"",""install_day"":""2026-04-05"",""totalPayment"":56100,""total_payment_amount"":56100,""user_name"":""욘키"",""user_rank"":69,""user_stage"":200}"
"stage_reached_200 (App)",,,"{""Time"":""2026-04-08 00:38:15"",""UserUUID"":""7d051720-2e6b-11f1-b0d6-31bc2144946d"",""attendanceCount"":7,""attendance_count"":7,""b.diamond"":304538,""b.ruby"":0,""boxAllCount"":660,""curserver"":1,""equipmentData"":""W:20_0A:19_0"",""install_day"":""2026-04-02"",""totalPayment"":7700,""total_payment_amount"":7700,""user_name"":""종잉"",""user_rank"":7308,""user_stage"":200}"
"stage_reached_200 (App)",,,"{""Time"":""2026-04-08 00:36:59"",""UserUUID"":""9393f0c0-3027-11f1-b24b-bb43cf968457"",""attendanceCount"":5,""attendance_count"":5,""b.diamond"":71742,""b.ruby"":0,""boxAllCount"":2460,""curserver"":2,""equipmentData"":""W:22_0A:19_0"",""install_day"":""2026-04-04"",""totalPayment"":14300,""total_payment_amount"":14300,""user_name"":""예조판서"",""user_rank"":69,""user_stage"":200}"
"stage_reached_200 (App)",,,"{""Time"":""2026-04-08 00:29:24"",""UserUUID"":""af34e110-31a1-11f1-9898-8b63cb4f5af8"",""attendanceCount"":3,""attendance_count"":3,""b.diamond"":12202,""b.ruby"":0,""boxAllCount"":2130,""curserver"":2,""equipmentData"":""W:20_0A:16_0"",""install_day"":""2026-04-06"",""totalPayment"":101200,""total_payment_amount"":101200,""user_name"":""대왕기"",""user_rank"":77,""user_stage"":200}"
"stage_reached_200 (App)",,,"{""Time"":""2026-04-08 00:26:41"",""UserUUID"":""aeb6b2d0-2ea0-11f1-afc4-67f2ce6dc6e9"",""attendanceCount"":7,""attendance_count"":7,""b.diamond"":2613,""b.ruby"":0,""boxAllCount"":1300,""curserver"":1,""equipmentData"":""W:20_0A:19_0"",""install_day"":""2026-04-02"",""totalPayment"":7700,""total_payment_amount"":7700,""user_name"":""로자리아드프리데"",""user_rank"":7131,""user_stage"":200}"
"stage_reached_200 (App)",,,"{""Time"":""2026-04-08 00:26:38"",""UserUUID"":""67beb720-29fe-11f1-8faf-754c8c12e1c5"",""attendanceCount"":12,""attendance_count"":12,""b.diamond"":959339,""b.ruby"":0,""boxAllCount"":2970,""curserver"":1,""equipmentData"":""W:20_0A:19_0"",""install_day"":""2026-03-27"",""totalPayment"":7700,""total_payment_amount"":7700,""user_name"":""물맹두"",""user_rank"":7077,""user_stage"":200}"
"stage_reached_200 (App)",,,"{""Time"":""2026-04-08 00:24:09"",""UserUUID"":""3ff296c0-3017-11f1-b927-67281d639764"",""attendanceCount"":5,""attendance_count"":5,""b.diamond"":77407,""b.ruby"":110,""boxAllCount"":1440,""curserver"":2,""equipmentData"":""W:21_0A:18_0"",""install_day"":""2026-04-04"",""totalPayment"":58300,""total_payment_amount"":58300,""user_name"":""겨울양"",""user_rank"":72,""user_stage"":200}"
"stage_reached_200 (App)",,,"{""Time"":""2026-04-08 00:19:01"",""UserUUID"":""485755e0-327d-11f1-8711-bdda46a3915d"",""attendanceCount"":2,""attendance_count"":2,""b.diamond"":456974,""b.ruby"":440,""boxAllCount"":2050,""curserver"":2,""equipmentData"":""W:23_0A:18_0"",""install_day"":""2026-04-07"",""totalPayment"":275000,""total_payment_amount"":275000,""user_name"":""죠치"",""user_rank"":189,""user_stage"":200}"
"stage_reached_200 (App)",,,"{""Time"":""2026-04-08 00:16:27"",""UserUUID"":""7925a550-2eb3-11f1-aa6e-89d387f5f990"",""attendanceCount"":6,""attendance_count"":6,""b.diamond"":58783,""b.ruby"":0,""boxAllCount"":1410,""curserver"":2,""equipmentData"":""W:18_0A:19_0"",""install_day"":""2026-04-02"",""totalPayment"":7700,""total_payment_amount"":7700,""user_name"":""nini따위가"",""user_rank"":64,""user_stage"":200}"
"stage_reached_200 (App)",,,"{""Time"":""2026-04-08 00:13:27"",""UserUUID"":""cfc99570-2fca-11f1-b24b-bb43cf968457"",""attendanceCount"":5,""attendance_count"":5,""b.diamond"":88532,""b.ruby"":0,""boxAllCount"":4510,""curserver"":2,""equipmentData"":""W:21_0A:19_0"",""install_day"":""2026-04-04"",""totalPayment"":7700,""total_payment_amount"":7700,""user_name"":""HJB555"",""user_rank"":64,""user_stage"":200}"
"stage_reached_200 (App)",,,"{""Time"":""2026-04-07 23:57:05"",""UserUUID"":""ec5f75a0-2eea-11f1-9be4-1539505e7b29"",""attendanceCount"":5,""attendance_count"":5,""b.diamond"":56747,""b.ruby"":770,""boxAllCount"":3310,""curserver"":2,""equipmentData"":""W:22_0A:19_0"",""install_day"":""2026-04-02"",""totalPayment"":41800,""total_payment_amount"":41800,""user_name"":""대공자"",""user_rank"":69,""user_stage"":200}"
"stage_reached_200 (App)",,,"{""Time"":""2026-04-07 23:31:06"",""UserUUID"":""984bf480-312d-11f1-812b-d7b2ced86aeb"",""attendanceCount"":2,""attendance_count"":2,""b.diamond"":20928,""b.ruby"":0,""boxAllCount"":2820,""curserver"":2,""equipmentData"":""W:20_0A:19_0"",""install_day"":""2026-04-05"",""totalPayment"":91300,""total_payment_amount"":91300,""user_name"":""아이직"",""user_rank"":62,""user_stage"":200}"
"stage_reached_200 (App)",,,"{""Time"":""2026-04-07 23:08:47"",""UserUUID"":""e5506d00-2c38-11f1-9c0e-e9d90199f557"",""attendanceCount"":9,""attendance_count"":9,""b.diamond"":200027,""b.ruby"":0,""boxAllCount"":4510,""curserver"":1,""equipmentData"":""W:22_0A:21_0"",""install_day"":""2026-03-30"",""totalPayment"":7700,""total_payment_amount"":7700,""user_name"":""션우"",""user_rank"":7131,""user_stage"":200}"
"stage_reached_200 (App)",,,"{""Time"":""2026-04-07 23:02:58"",""UserUUID"":""a36542f0-313b-11f1-9e02-793c444ec26e"",""attendanceCount"":2,""attendance_count"":2,""b.diamond"":302897,""b.ruby"":660,""boxAllCount"":6710,""curserver"":2,""equipmentData"":""W:21_0A:20_0"",""install_day"":""2026-04-05"",""totalPayment"":124300,""total_payment_amount"":124300,""user_name"":""백천만"",""user_rank"":83,""user_stage"":200}"
"stage_reached_200 (App)",,,"{""Time"":""2026-04-07 22:44:53"",""UserUUID"":""7fb12110-2f2b-11f1-ad58-df2c16f543bb"",""attendanceCount"":5,""attendance_count"":5,""b.diamond"":9050,""b.ruby"":0,""boxAllCount"":2710,""curserver"":2,""equipmentData"":""W:20_0A:19_0"",""install_day"":""2026-04-03"",""totalPayment"":7700,""total_payment_amount"":7700,""user_name"":""새얀"",""user_rank"":62,""user_stage"":200}"
"stage_reached_200 (App)",,,"{""Time"":""2026-04-07 22:25:05"",""UserUUID"":""f02ba6b0-2af6-11f1-b8a2-89ecb4ebd1b6"",""attendanceCount"":10,""attendance_count"":10,""b.diamond"":225421,""b.ruby"":0,""boxAllCount"":2990,""curserver"":1,""equipmentData"":""W:20_0A:22_0"",""install_day"":""2026-03-28"",""totalPayment"":7700,""total_payment_amount"":7700,""user_name"":""창의"",""user_rank"":7218,""user_stage"":200}"
"stage_reached_200 (App)",,,"{""Time"":""2026-04-07 21:25:51"",""UserUUID"":""54c40fc0-2ef0-11f1-a659-778aded95544"",""attendanceCount"":5,""attendance_count"":5,""b.diamond"":6034,""b.ruby"":0,""boxAllCount"":1290,""curserver"":2,""equipmentData"":""W:19_0A:19_0"",""install_day"":""2026-04-03"",""totalPayment"":7700,""total_payment_amount"":7700,""user_name"":""느에엥"",""user_rank"":62,""user_stage"":200}"
"stage_reached_200 (App)",,,"{""Time"":""2026-04-07 21:23:27"",""UserUUID"":""5303c4a0-656a-11f0-9b02-9934e4aaee80"",""attendanceCount"":20,""attendance_count"":20,""b.diamond"":19705,""b.ruby"":0,""boxAllCount"":3420,""curserver"":1,""equipmentData"":""W:20_0A:19_0"",""install_day"":""2025-07-20"",""totalPayment"":0,""total_payment_amount"":0,""user_name"":""크로플붕어빵"",""user_rank"":7305,""user_stage"":200}"
"stage_reached_200 (App)",,,"{""Time"":""2026-04-07 21:12:06"",""UserUUID"":""05d48450-321d-11f1-b4c4-27e661776b1f"",""attendanceCount"":1,""attendance_count"":1,""b.diamond"":245942,""b.ruby"":220,""boxAllCount"":11420,""curserver"":2,""equipmentData"":""W:23_0A:23_0"",""install_day"":""2026-04-07"",""totalPayment"":238700,""total_payment_amount"":238700,""user_name"":""랴애열"",""user_rank"":259,""user_stage"":200}"
"stage_reached_200 (App)",,,"{""Time"":""2026-04-07 19:40:01"",""UserUUID"":""6c050260-2f9b-11f1-8dfb-01f15297d562"",""attendanceCount"":4,""attendance_count"":4,""b.diamond"":4570,""b.ruby"":0,""boxAllCount"":6080,""curserver"":2,""equipmentData"":""W:21_0A:20_0"",""install_day"":""2026-04-03"",""totalPayment"":40700,""total_payment_amount"":40700,""user_name"":""유아영조선녀"",""user_rank"":59,""user_stage"":200}"
"stage_reached_200 (App)",,,"{""Time"":""2026-04-07 19:01:31"",""UserUUID"":""23637c00-2f44-11f1-bfd2-a9ebaf3828d0"",""attendanceCount"":5,""attendance_count"":5,""b.diamond"":179844,""b.ruby"":110,""boxAllCount"":8230,""curserver"":2,""equipmentData"":""W:23_0A:20_0"",""install_day"":""2026-04-03"",""totalPayment"":20900,""total_payment_amount"":20900,""user_name"":""로하야"",""user_rank"":60,""user_stage"":200}"
"stage_reached_200 (App)",,,"{""Time"":""2026-04-07 18:04:35"",""UserUUID"":""1e14c290-2f67-11f1-83b3-836493f96880"",""attendanceCount"":5,""attendance_count"":5,""b.diamond"":6030,""b.ruby"":110,""boxAllCount"":2490,""curserver"":2,""equipmentData"":""W:20_0A:19_0"",""install_day"":""2026-04-03"",""totalPayment"":29700,""total_payment_amount"":29700,""user_name"":""남팡이"",""user_rank"":55,""user_stage"":200}"
"stage_reached_200 (App)",,,"{""Time"":""2026-04-07 16:04:03"",""UserUUID"":""2bda1400-25fa-11f1-b305-655af9f94d92"",""attendanceCount"":16,""attendance_count"":16,""b.diamond"":7073,""b.ruby"":0,""boxAllCount"":3000,""curserver"":1,""equipmentData"":""W:20_0A:19_0"",""install_day"":""2026-03-22"",""totalPayment"":0,""total_payment_amount"":0,""user_name"":""Kyeonwoo"",""user_rank"":7399,""user_stage"":200}"
"stage_reached_200 (App)",,,"{""Time"":""2026-04-07 14:56:50"",""UserUUID"":""bd04ca20-2b03-11f1-a098-9b933c4ac87a"",""attendanceCount"":9,""attendance_count"":9,""b.diamond"":118645,""b.ruby"":0,""boxAllCount"":370,""curserver"":1,""equipmentData"":""W:20_0A:19_0"",""install_day"":""2026-03-29"",""totalPayment"":7700,""total_payment_amount"":7700,""user_name"":""육동"",""user_rank"":7368,""user_stage"":200}"
"stage_reached_200 (App)",,,"{""Time"":""2026-04-07 14:32:24"",""UserUUID"":""4a272a50-2d8f-11f1-8afe-0feb15da6aeb"",""attendanceCount"":7,""attendance_count"":7,""b.diamond"":12313,""b.ruby"":0,""boxAllCount"":1260,""curserver"":1,""equipmentData"":""W:20_0A:19_0"",""install_day"":""2026-04-01"",""totalPayment"":7700,""total_payment_amount"":7700,""user_name"":""바다진주"",""user_rank"":7669,""user_stage"":200}"
"stage_reached_200 (App)",,,"{""Time"":""2026-04-07 13:41:15"",""UserUUID"":""50871460-2fd7-11f1-8b1b-174445762b01"",""attendanceCount"":4,""attendance_count"":4,""b.diamond"":15998,""b.ruby"":2420,""boxAllCount"":7680,""curserver"":2,""equipmentData"":""W:23_0A:20_0"",""install_day"":""2026-04-04"",""totalPayment"":171600,""total_payment_amount"":171600,""user_name"":""소위버"",""user_rank"":50,""user_stage"":200}"
"stage_reached_200 (App)",,,"{""Time"":""2026-04-07 13:29:50"",""UserUUID"":""8ee57360-3215-11f1-b991-d74068e864f9"",""attendanceCount"":1,""attendance_count"":1,""b.diamond"":185244,""b.ruby"":0,""boxAllCount"":2190,""curserver"":2,""equipmentData"":""W:23_0A:19_0"",""install_day"":""2026-04-07"",""totalPayment"":130900,""total_payment_amount"":130900,""user_name"":""으너"",""user_rank"":182,""user_stage"":200}"
"stage_reached_200 (App)",,,"{""Time"":""2026-04-07 13:14:05"",""UserUUID"":""99a9c8d0-31c7-11f1-bcd4-a73896d0caf4"",""attendanceCount"":2,""attendance_count"":2,""b.diamond"":75836,""b.ruby"":0,""boxAllCount"":3500,""curserver"":2,""equipmentData"":""W:21_0A:19_0"",""install_day"":""2026-04-06"",""totalPayment"":172700,""total_payment_amount"":172700,""user_name"":""영삐"",""user_rank"":52,""user_stage"":200}"
"stage_reached_200 (App)",,,"{""Time"":""2026-04-07 13:00:01"",""UserUUID"":""40267a30-3026-11f1-bb3e-bb80d4316d88"",""attendanceCount"":4,""attendance_count"":4,""b.diamond"":12489,""b.ruby"":0,""boxAllCount"":2000,""curserver"":2,""equipmentData"":""W:22_0A:17_0"",""install_day"":""2026-04-04"",""totalPayment"":44000,""total_payment_amount"":44000,""user_name"":""후하니"",""user_rank"":52,""user_stage"":200}"
"stage_reached_200 (App)",,,"{""Time"":""2026-04-07 11:55:27"",""UserUUID"":""73203280-2f38-11f1-8958-938ba84a1cd9"",""attendanceCount"":5,""attendance_count"":5,""b.diamond"":36718,""b.ruby"":0,""boxAllCount"":6270,""curserver"":2,""equipmentData"":""W:21_0A:20_0"",""install_day"":""2026-04-03"",""totalPayment"":66000,""total_payment_amount"":66000,""user_name"":""수녀"",""user_rank"":59,""user_stage"":200}"
"stage_reached_200 (App)",,,"{""Time"":""2026-04-07 10:55:55"",""UserUUID"":""7e8394b0-6363-11f0-97d7-efff12aed0ab"",""attendanceCount"":7,""attendance_count"":7,""b.diamond"":9503,""b.ruby"":0,""boxAllCount"":2400,""curserver"":1,""equipmentData"":""W:21_0A:19_0"",""install_day"":""2025-07-17"",""totalPayment"":7700,""total_payment_amount"":7700,""user_name"":""미트"",""user_rank"":7141,""user_stage"":200}"
"stage_reached_200 (App)",,,"{""Time"":""2026-04-07 09:52:50"",""UserUUID"":""429bd900-2e4f-11f1-93f0-b349d71b89b0"",""attendanceCount"":6,""attendance_count"":6,""b.diamond"":4538,""b.ruby"":0,""boxAllCount"":730,""curserver"":1,""equipmentData"":""W:21_0A:19_0"",""install_day"":""2026-04-02"",""totalPayment"":8800,""total_payment_amount"":8800,""user_name"":""텡텡"",""user_rank"":7157,""user_stage"":200}"
"stage_reached_200 (App)",,,"{""Time"":""2026-04-07 09:35:50"",""UserUUID"":""1a398190-2fd2-11f1-a5de-09d3b3f45258"",""attendanceCount"":4,""attendance_count"":4,""b.diamond"":248720,""b.ruby"":0,""boxAllCount"":3510,""curserver"":2,""equipmentData"":""W:22_0A:18_0"",""install_day"":""2026-04-04"",""totalPayment"":7700,""total_payment_amount"":7700,""user_name"":""닉넴뭐하지추천좀"",""user_rank"":53,""user_stage"":200}"
"stage_reached_200 (App)",,,"{""Time"":""2026-04-07 09:11:54"",""UserUUID"":""26cf59f0-2f48-11f1-a683-896409f9c635"",""attendanceCount"":5,""attendance_count"":5,""b.diamond"":3522,""b.ruby"":0,""boxAllCount"":120,""curserver"":2,""equipmentData"":""W:19_0A:19_0"",""install_day"":""2026-04-03"",""totalPayment"":7700,""total_payment_amount"":7700,""user_name"":""제이루"",""user_rank"":40,""user_stage"":200}"
"stage_reached_200 (App)",,,"{""Time"":""2026-04-07 08:57:29"",""UserUUID"":""336e0630-2bf0-11f1-8366-03ecded1e391"",""attendanceCount"":9,""attendance_count"":9,""b.diamond"":19361,""b.ruby"":0,""boxAllCount"":1380,""curserver"":1,""equipmentData"":""W:22_0A:19_0"",""install_day"":""2026-03-30"",""totalPayment"":0,""total_payment_amount"":0,""user_name"":""아스카기"",""user_rank"":7398,""user_stage"":200}"
"stage_reached_200 (App)",,,"{""Time"":""2026-04-07 08:08:11"",""UserUUID"":""1e16dbb0-2f36-11f1-a6e8-7fb0f283f50a"",""attendanceCount"":5,""attendance_count"":5,""b.diamond"":30621,""b.ruby"":0,""boxAllCount"":3450,""curserver"":2,""equipmentData"":""W:22_0A:19_0"",""install_day"":""2026-04-03"",""totalPayment"":7700,""total_payment_amount"":7700,""user_name"":""박무진"",""user_rank"":40,""user_stage"":200}"
"stage_reached_200 (App)",,,"{""Time"":""2026-04-07 07:55:55"",""UserUUID"":""5586e090-2f5e-11f1-af9c-9d1416c3b374"",""attendanceCount"":5,""attendance_count"":5,""b.diamond"":1693,""b.ruby"":0,""boxAllCount"":4560,""curserver"":2,""equipmentData"":""W:22_0A:19_0"",""install_day"":""2026-04-03"",""totalPayment"":0,""total_payment_amount"":0,""user_name"":""솔배"",""user_rank"":40,""user_stage"":200}"
"stage_reached_200 (App)",,,"{""Time"":""2026-04-07 07:48:01"",""UserUUID"":""dd649c70-2f7a-11f1-9247-cfa20cc166a4"",""attendanceCount"":4,""attendance_count"":4,""b.diamond"":14778,""b.ruby"":0,""boxAllCount"":2580,""curserver"":2,""equipmentData"":""W:20_0A:19_0"",""install_day"":""2026-04-03"",""totalPayment"":101200,""total_payment_amount"":101200,""user_name"":""얘기"",""user_rank"":41,""user_stage"":200}"
"stage_reached_200 (App)",,,"{""Time"":""2026-04-07 07:39:29"",""UserUUID"":""77162ac0-2fba-11f1-9de6-edf0c5c036da"",""attendanceCount"":4,""attendance_count"":4,""b.diamond"":17088,""b.ruby"":220,""boxAllCount"":3540,""curserver"":2,""equipmentData"":""W:21_0A:19_0"",""install_day"":""2026-04-04"",""totalPayment"":40700,""total_payment_amount"":40700,""user_name"":""벤자민프랭클린"",""user_rank"":40,""user_stage"":200}"
"stage_reached_200 (App)",,,"{""Time"":""2026-04-07 07:25:31"",""UserUUID"":""80cc5650-30f2-11f1-9375-3fe2a5a04a19"",""attendanceCount"":3,""attendance_count"":3,""b.diamond"":477588,""b.ruby"":3520,""boxAllCount"":1630,""curserver"":2,""equipmentData"":""W:21_0A:16_0"",""install_day"":""2026-04-05"",""totalPayment"":183700,""total_payment_amount"":183700,""user_name"":""물멍"",""user_rank"":67,""user_stage"":200}"
"stage_reached_200 (App)",,,"{""Time"":""2026-04-07 07:18:43"",""UserUUID"":""2fe3fb70-2716-11f1-9035-6d7dc0289ebf"",""attendanceCount"":15,""attendance_count"":15,""b.diamond"":348082,""b.ruby"":0,""boxAllCount"":2070,""curserver"":1,""equipmentData"":""W:23_0A:19_0"",""install_day"":""2026-03-24"",""totalPayment"":7700,""total_payment_amount"":7700,""user_name"":""랄룽"",""user_rank"":7156,""user_stage"":200}"
"stage_reached_200 (App)",,,"{""Time"":""2026-04-07 06:24:18"",""UserUUID"":""74e30e30-2d35-11f1-a768-9f5ce455332c"",""attendanceCount"":7,""attendance_count"":7,""b.diamond"":43043,""b.ruby"":0,""boxAllCount"":450,""curserver"":1,""equipmentData"":""W:20_0A:19_0"",""install_day"":""2026-03-31"",""totalPayment"":0,""total_payment_amount"":0,""user_name"":""귀찌"",""user_rank"":7202,""user_stage"":200}"
"stage_reached_200 (App)",,,"{""Time"":""2026-04-07 05:48:02"",""UserUUID"":""d1ce41c0-2e9b-11f1-a24f-7b8b23185ffc"",""attendanceCount"":6,""attendance_count"":6,""b.diamond"":164916,""b.ruby"":0,""boxAllCount"":1200,""curserver"":1,""equipmentData"":""W:21_0A:18_0"",""install_day"":""2026-04-02"",""totalPayment"":0,""total_payment_amount"":0,""user_name"":""호두세"",""user_rank"":7139,""user_stage"":200}"
"stage_reached_200 (App)",,,"{""Time"":""2026-04-07 04:27:20"",""UserUUID"":""e85b7fd0-307a-11f1-bfe3-35aea9b7082a"",""attendanceCount"":3,""attendance_count"":3,""b.diamond"":119048,""b.ruby"":0,""boxAllCount"":3120,""curserver"":2,""equipmentData"":""W:23_0A:19_0"",""install_day"":""2026-04-04"",""totalPayment"":7700,""total_payment_amount"":7700,""user_name"":""계피색계피"",""user_rank"":42,""user_stage"":200}"
"stage_reached_200 (App)",,,"{""Time"":""2026-04-07 03:47:18"",""UserUUID"":""f933b660-30ac-11f1-b58c-896bd11d8001"",""attendanceCount"":3,""attendance_count"":3,""b.diamond"":15578,""b.ruby"":0,""boxAllCount"":1590,""curserver"":2,""equipmentData"":""W:23_0A:19_0"",""install_day"":""2026-04-05"",""totalPayment"":14300,""total_payment_amount"":14300,""user_name"":""제압"",""user_rank"":55,""user_stage"":200}"
"stage_reached_200 (App)",,,"{""Time"":""2026-04-07 03:46:55"",""UserUUID"":""a9226730-2ad9-11f1-acda-cda3ff5bb61d"",""attendanceCount"":8,""attendance_count"":8,""b.diamond"":230458,""b.ruby"":110,""boxAllCount"":6820,""curserver"":1,""equipmentData"":""W:21_0A:20_0"",""install_day"":""2026-03-28"",""totalPayment"":58300,""total_payment_amount"":58300,""user_name"":""이항"",""user_rank"":7071,""user_stage"":200}"
"stage_reached_200 (App)",,,"{""Time"":""2026-04-07 03:44:59"",""UserUUID"":""795f6070-2f57-11f1-bbe6-bf20e6b2f358"",""attendanceCount"":5,""attendance_count"":5,""b.diamond"":94385,""b.ruby"":0,""boxAllCount"":2040,""curserver"":2,""equipmentData"":""W:22_0A:19_0"",""install_day"":""2026-04-03"",""totalPayment"":7700,""total_payment_amount"":7700,""user_name"":""라이제르님"",""user_rank"":55,""user_stage"":200}"
"stage_reached_200 (App)",,,"{""Time"":""2026-04-07 03:38:00"",""UserUUID"":""62717dc0-2ed6-11f1-8b7b-d338b61c9566"",""attendanceCount"":5,""attendance_count"":5,""b.diamond"":33459,""b.ruby"":0,""boxAllCount"":720,""curserver"":2,""equipmentData"":""W:20_0A:19_0"",""install_day"":""2026-04-02"",""totalPayment"":7700,""total_payment_amount"":7700,""user_name"":""신라젠"",""user_rank"":38,""user_stage"":200}"
"stage_reached_200 (App)",,,"{""Time"":""2026-04-07 02:42:07"",""UserUUID"":""b02257e0-2ccb-11f1-b1a2-ab96a4cd5f1e"",""attendanceCount"":8,""attendance_count"":8,""b.diamond"":26709,""b.ruby"":0,""boxAllCount"":7500,""curserver"":1,""equipmentData"":""W:23_0A:20_0"",""install_day"":""2026-03-31"",""totalPayment"":7700,""total_payment_amount"":7700,""user_name"":""현신천마"",""user_rank"":7057,""user_stage"":200}"
"stage_reached_200 (App)",,,"{""Time"":""2026-04-07 02:05:44"",""UserUUID"":""3efc2070-3025-11f1-9d8c-ff2a097f6078"",""attendanceCount"":4,""attendance_count"":4,""b.diamond"":1985,""b.ruby"":0,""boxAllCount"":7310,""curserver"":2,""equipmentData"":""W:23_0A:20_0"",""install_day"":""2026-04-04"",""totalPayment"":7700,""total_payment_amount"":7700,""user_name"":""레사"",""user_rank"":33,""user_stage"":200}"
"stage_reached_200 (App)",,,"{""Time"":""2026-04-07 02:02:25"",""UserUUID"":""09717320-2e99-11f1-a50b-b12fc433fef7"",""attendanceCount"":6,""attendance_count"":6,""b.diamond"":35878,""b.ruby"":0,""boxAllCount"":1500,""curserver"":1,""equipmentData"":""W:23_0A:19_0"",""install_day"":""2026-04-02"",""totalPayment"":7700,""total_payment_amount"":7700,""user_name"":""낄래"",""user_rank"":7756,""user_stage"":200}"
"stage_reached_200 (App)",,,"{""Time"":""2026-04-07 01:21:24"",""UserUUID"":""84d9c5e0-30be-11f1-bb70-0f88c446d4f9"",""attendanceCount"":3,""attendance_count"":3,""b.diamond"":105169,""b.ruby"":110,""boxAllCount"":6200,""curserver"":2,""equipmentData"":""W:20_0A:20_0"",""install_day"":""2026-04-05"",""totalPayment"":113300,""total_payment_amount"":113300,""user_name"":""6448"",""user_rank"":46,""user_stage"":200}"
"stage_reached_200 (App)",,,"{""Time"":""2026-04-07 00:55:31"",""UserUUID"":""6258dfe0-6eab-11f0-b08a-47247dbe6fde"",""attendanceCount"":11,""attendance_count"":11,""b.diamond"":135552,""b.ruby"":0,""boxAllCount"":7430,""curserver"":1,""equipmentData"":""W:23_0A:20_0"",""install_day"":""2025-08-01"",""totalPayment"":0,""total_payment_amount"":0,""user_name"":""일리아토푸리아"",""user_rank"":7574,""user_stage"":200}"
"stage_reached_200 (App)",,,"{""Time"":""2026-04-07 00:54:03"",""UserUUID"":""843a2990-3005-11f1-870b-af72c08f17d7"",""attendanceCount"":4,""attendance_count"":4,""b.diamond"":140418,""b.ruby"":110,""boxAllCount"":6010,""curserver"":2,""equipmentData"":""W:22_0A:20_0"",""install_day"":""2026-04-04"",""totalPayment"":29700,""total_payment_amount"":29700,""user_name"":""식빵테두리"",""user_rank"":48,""user_stage"":200}"
"stage_reached_200 (App)",,,"{""Time"":""2026-04-07 00:48:07"",""UserUUID"":""11655ba0-2fd9-11f1-837d-a115ed475532"",""attendanceCount"":4,""attendance_count"":4,""b.diamond"":39414,""b.ruby"":0,""boxAllCount"":2760,""curserver"":2,""equipmentData"":""W:23_0A:19_0"",""install_day"":""2026-04-04"",""totalPayment"":7700,""total_payment_amount"":7700,""user_name"":""나앵앵"",""user_rank"":33,""user_stage"":200}"
"stage_reached_200 (App)",,,"{""Time"":""2026-04-07 00:33:44"",""UserUUID"":""be25fde0-2b8d-11f1-bf82-03da3d9d5b5d"",""attendanceCount"":9,""attendance_count"":9,""b.diamond"":57760,""b.ruby"":0,""boxAllCount"":2460,""curserver"":1,""equipmentData"":""W:22_0A:19_0"",""install_day"":""2026-03-29"",""totalPayment"":19800,""total_payment_amount"":19800,""user_name"":""속초설표"",""user_rank"":7112,""user_stage"":200}"
"stage_reached_200 (App)",,,"{""Time"":""2026-04-07 00:31:19"",""UserUUID"":""6d91c530-3051-11f1-9708-876224d2e119"",""attendanceCount"":3,""attendance_count"":3,""b.diamond"":35050,""b.ruby"":0,""boxAllCount"":2430,""curserver"":2,""equipmentData"":""W:22_0A:18_0"",""install_day"":""2026-04-04"",""totalPayment"":117700,""total_payment_amount"":117700,""user_name"":""좌삼짝"",""user_rank"":36,""user_stage"":200}"
"stage_reached_200 (App)",,,"{""Time"":""2026-04-07 00:31:02"",""UserUUID"":""86048880-3035-11f1-9d1f-9592b8931eba"",""attendanceCount"":4,""attendance_count"":4,""b.diamond"":1408,""b.ruby"":0,""boxAllCount"":4260,""curserver"":2,""equipmentData"":""W:23_0A:21_0"",""install_day"":""2026-04-04"",""totalPayment"":0,""total_payment_amount"":0,""user_name"":""효성성"",""user_rank"":32,""user_stage"":200}"
"stage_reached_200 (App)",,,"{""Time"":""2026-04-07 00:30:35"",""UserUUID"":""4d775b60-2dbe-11f1-8ccb-21a4f887b62a"",""attendanceCount"":7,""attendance_count"":7,""b.diamond"":12029,""b.ruby"":0,""boxAllCount"":630,""curserver"":1,""equipmentData"":""W:20_0A:19_0"",""install_day"":""2026-04-01"",""totalPayment"":7700,""total_payment_amount"":7700,""user_name"":""모찌리"",""user_rank"":7066,""user_stage"":200}"
"stage_reached_200 (App)",,,"{""Time"":""2026-04-07 00:17:16"",""UserUUID"":""6e437c30-2e94-11f1-bddb-c708b5751691"",""attendanceCount"":6,""attendance_count"":6,""b.diamond"":229258,""b.ruby"":0,""boxAllCount"":990,""curserver"":1,""equipmentData"":""W:18_0A:19_0"",""install_day"":""2026-04-02"",""totalPayment"":7700,""total_payment_amount"":7700,""user_name"":""댕강생강"",""user_rank"":7148,""user_stage"":200}"
"stage_reached_200 (App)",,,"{""Time"":""2026-04-07 00:16:41"",""UserUUID"":""dba2b3d0-300c-11f1-b0d7-1fcfb03c0eaa"",""attendanceCount"":4,""attendance_count"":4,""b.diamond"":53887,""b.ruby"":0,""boxAllCount"":3450,""curserver"":2,""equipmentData"":""W:20_0A:19_0"",""install_day"":""2026-04-04"",""totalPayment"":73700,""total_payment_amount"":73700,""user_name"":""강렬이"",""user_rank"":32,""user_stage"":200}"
"stage_reached_200 (App)",,,"{""Time"":""2026-04-07 00:14:54"",""UserUUID"":""b656bb80-2fcb-11f1-b24b-bb43cf968457"",""attendanceCount"":4,""attendance_count"":4,""b.diamond"":126862,""b.ruby"":1870,""boxAllCount"":2760,""curserver"":2,""equipmentData"":""W:22_0A:19_0"",""install_day"":""2026-04-04"",""totalPayment"":117700,""total_payment_amount"":117700,""user_name"":""킹냥이"",""user_rank"":31,""user_stage"":200}"
"stage_reached_200 (App)",,,"{""Time"":""2026-04-06 23:52:09"",""UserUUID"":""daf91250-2aa6-11f1-8197-e92b99e97662"",""attendanceCount"":10,""attendance_count"":10,""b.diamond"":35991,""b.ruby"":0,""boxAllCount"":3670,""curserver"":1,""equipmentData"":""W:20_0A:19_0"",""install_day"":""2026-03-28"",""totalPayment"":0,""total_payment_amount"":0,""user_name"":""킥더캔"",""user_rank"":7082,""user_stage"":200}"
"stage_reached_200 (App)",,,"{""Time"":""2026-04-06 23:40:05"",""UserUUID"":""04ad3390-06f5-11f1-bd03-4b8651d16a99"",""attendanceCount"":16,""attendance_count"":16,""b.diamond"":318473,""b.ruby"":0,""boxAllCount"":3690,""curserver"":1,""equipmentData"":""W:20_0A:19_0"",""install_day"":""2026-02-11"",""totalPayment"":0,""total_payment_amount"":0,""user_name"":""천지난세영웅"",""user_rank"":7054,""user_stage"":200}"
"stage_reached_200 (App)",,,"{""Time"":""2026-04-06 23:38:54"",""UserUUID"":""f0c5b930-309b-11f1-b514-b9c4243431b5"",""attendanceCount"":2,""attendance_count"":2,""b.diamond"":150221,""b.ruby"":220,""boxAllCount"":1140,""curserver"":2,""equipmentData"":""W:20_0A:20_0"",""install_day"":""2026-04-05"",""totalPayment"":69300,""total_payment_amount"":69300,""user_name"":""박양"",""user_rank"":30,""user_stage"":200}"
"stage_reached_200 (App)",,,"{""Time"":""2026-04-06 23:27:53"",""UserUUID"":""af1f2380-2c2d-11f1-afca-d9aa92d4a0d5"",""attendanceCount"":8,""attendance_count"":8,""b.diamond"":138850,""b.ruby"":0,""boxAllCount"":2430,""curserver"":1,""equipmentData"":""W:20_0A:19_0"",""install_day"":""2026-03-30"",""totalPayment"":0,""total_payment_amount"":0,""user_name"":""min14"",""user_rank"":7054,""user_stage"":200}"
"stage_reached_200 (App)",,,"{""Time"":""2026-04-06 22:56:00"",""UserUUID"":""663d9b20-31ae-11f1-9033-375b699f179f"",""attendanceCount"":1,""attendance_count"":1,""b.diamond"":657390,""b.ruby"":8800,""boxAllCount"":3410,""curserver"":2,""equipmentData"":""W:23_0A:22_0"",""install_day"":""2026-04-06"",""totalPayment"":337700,""total_payment_amount"":337700,""user_name"":""퍽주흑룡"",""user_rank"":29,""user_stage"":200}"
"stage_reached_200 (App)",,,"{""Time"":""2026-04-06 22:46:56"",""UserUUID"":""6b089cb0-312a-11f1-8992-4f5c4e61451a"",""attendanceCount"":1,""attendance_count"":1,""b.diamond"":815328,""b.ruby"":440,""boxAllCount"":6500,""curserver"":2,""equipmentData"":""W:23_0A:20_0"",""install_day"":""2026-04-05"",""totalPayment"":265100,""total_payment_amount"":265100,""user_name"":""규승"",""user_rank"":56,""user_stage"":200}"
"stage_reached_200 (App)",,,"{""Time"":""2026-04-06 22:26:23"",""UserUUID"":""83f29cd0-2900-11f1-8e1f-5713a9261d43"",""attendanceCount"":10,""attendance_count"":10,""b.diamond"":892538,""b.ruby"":0,""boxAllCount"":2430,""curserver"":1,""equipmentData"":""W:22_0A:19_0"",""install_day"":""2026-03-26"",""totalPayment"":7700,""total_payment_amount"":7700,""user_name"":""흑련"",""user_rank"":7190,""user_stage"":200}"
"stage_reached_200 (App)",,,"{""Time"":""2026-04-06 22:15:30"",""UserUUID"":""f4dab400-2fd1-11f1-a5de-09d3b3f45258"",""attendanceCount"":3,""attendance_count"":3,""b.diamond"":84824,""b.ruby"":110,""boxAllCount"":1590,""curserver"":2,""equipmentData"":""W:19_0A:17_0"",""install_day"":""2026-04-04"",""totalPayment"":40700,""total_payment_amount"":40700,""user_name"":""펜씨"",""user_rank"":29,""user_stage"":200}"
"stage_reached_200 (App)",,,"{""Time"":""2026-04-06 20:20:06"",""UserUUID"":""decd3610-2af9-11f1-9ef4-e73dc3ac6f15"",""attendanceCount"":9,""attendance_count"":9,""b.diamond"":25929,""b.ruby"":0,""boxAllCount"":1080,""curserver"":1,""equipmentData"":""W:20_0A:19_0"",""install_day"":""2026-03-28"",""totalPayment"":0,""total_payment_amount"":0,""user_name"":""성진쓰"",""user_rank"":7158,""user_stage"":200}"
"stage_reached_200 (App)",,,"{""Time"":""2026-04-06 20:06:05"",""UserUUID"":""51c37440-2b5e-11f1-9ffc-b309d20d24e7"",""attendanceCount"":9,""attendance_count"":9,""b.diamond"":518936,""b.ruby"":0,""boxAllCount"":2610,""curserver"":1,""equipmentData"":""W:21_0A:19_0"",""install_day"":""2026-03-29"",""totalPayment"":7700,""total_payment_amount"":7700,""user_name"":""왕살남"",""user_rank"":7156,""user_stage"":200}"
"stage_reached_200 (App)",,,"{""Time"":""2026-04-06 19:50:38"",""UserUUID"":""02153c50-3002-11f1-9b41-d70e5ddb1ec7"",""attendanceCount"":3,""attendance_count"":3,""b.diamond"":44914,""b.ruby"":0,""boxAllCount"":3780,""curserver"":2,""equipmentData"":""W:22_0A:19_0"",""install_day"":""2026-04-04"",""totalPayment"":55000,""total_payment_amount"":55000,""user_name"":""재백이"",""user_rank"":28,""user_stage"":200}"
"stage_reached_200 (App)",,,"{""Time"":""2026-04-06 19:29:10"",""UserUUID"":""30876fb0-2cae-11f1-ae3e-e30658007a06"",""attendanceCount"":7,""attendance_count"":7,""b.diamond"":39011,""b.ruby"":0,""boxAllCount"":5100,""curserver"":1,""equipmentData"":""W:23_0A:20_0"",""install_day"":""2026-03-31"",""totalPayment"":0,""total_payment_amount"":0,""user_name"":""고조션"",""user_rank"":7047,""user_stage"":200}"
"stage_reached_200 (App)",,,"{""Time"":""2026-04-06 17:12:33"",""UserUUID"":""444368d0-2abd-11f1-aaf8-fdcf549438cb"",""attendanceCount"":9,""attendance_count"":9,""b.diamond"":77484,""b.ruby"":0,""boxAllCount"":3970,""curserver"":1,""equipmentData"":""W:20_0A:19_0"",""install_day"":""2026-03-28"",""totalPayment"":0,""total_payment_amount"":0,""user_name"":""이이삭"",""user_rank"":7055,""user_stage"":200}"
"stage_reached_200 (App)",,,"{""Time"":""2026-04-06 16:27:57"",""UserUUID"":""8b778310-3023-11f1-9756-ad66a3d7d0ea"",""attendanceCount"":3,""attendance_count"":3,""b.diamond"":2819,""b.ruby"":0,""boxAllCount"":3370,""curserver"":2,""equipmentData"":""W:23_0A:19_0"",""install_day"":""2026-04-04"",""totalPayment"":14300,""total_payment_amount"":14300,""user_name"":""츠지니"",""user_rank"":27,""user_stage"":200}"
"stage_reached_200 (App)",,,"{""Time"":""2026-04-06 16:29:42"",""UserUUID"":""60474870-2b6d-11f1-9544-a3089a29ccd4"",""attendanceCount"":9,""attendance_count"":9,""b.diamond"":355373,""b.ruby"":0,""boxAllCount"":600,""curserver"":1,""equipmentData"":""W:20_0A:19_0"",""install_day"":""2026-03-29"",""totalPayment"":7700,""total_payment_amount"":7700,""user_name"":""그린빌"",""user_rank"":7184,""user_stage"":200}"
"stage_reached_200 (App)",,,"{""Time"":""2026-04-06 15:30:49"",""UserUUID"":""274bcdf0-2b0b-11f1-9246-6fe1f76ad080"",""attendanceCount"":8,""attendance_count"":8,""b.diamond"":4251,""b.ruby"":0,""boxAllCount"":3240,""curserver"":1,""equipmentData"":""W:21_0A:19_0"",""install_day"":""2026-03-29"",""totalPayment"":44000,""total_payment_amount"":44000,""user_name"":""Chz멜"",""user_rank"":7224,""user_stage"":200}"
"stage_reached_200 (App)",,,"{""Time"":""2026-04-06 14:56:03"",""UserUUID"":""f260f450-2f77-11f1-97d2-d98a5cf6c787"",""attendanceCount"":3,""attendance_count"":3,""b.diamond"":118944,""b.ruby"":770,""boxAllCount"":2400,""curserver"":2,""equipmentData"":""W:21_0A:18_0"",""install_day"":""2026-04-03"",""totalPayment"":77000,""total_payment_amount"":77000,""user_name"":""오이볶음밥"",""user_rank"":27,""user_stage"":200}"
"stage_reached_200 (App)",,,"{""Time"":""2026-04-06 14:53:28"",""UserUUID"":""8db78f20-30bf-11f1-b883-2dc0c748ab4c"",""attendanceCount"":2,""attendance_count"":2,""b.diamond"":115997,""b.ruby"":220,""boxAllCount"":630,""curserver"":2,""equipmentData"":""W:22_0A:17_0"",""install_day"":""2026-04-05"",""totalPayment"":99000,""total_payment_amount"":99000,""user_name"":""퇴직금60억"",""user_rank"":40,""user_stage"":200}"
"stage_reached_200 (App)",,,"{""Time"":""2026-04-06 14:31:13"",""UserUUID"":""54dce7b0-7d4a-11ef-bd38-6b1421704eae"",""attendanceCount"":23,""attendance_count"":23,""b.diamond"":1902,""b.ruby"":0,""boxAllCount"":1170,""curserver"":0,""equipmentData"":""W:23_0A:19_0"",""install_day"":""2024-09-28"",""totalPayment"":7700,""total_payment_amount"":7700,""user_name"":""메롱"",""user_rank"":555,""user_stage"":200}"
"stage_reached_200 (App)",,,"{""Time"":""2026-04-06 12:35:28"",""UserUUID"":""703b7e90-2a55-11f1-aca9-ed386e00debe"",""attendanceCount"":10,""attendance_count"":10,""b.diamond"":9718,""b.ruby"":0,""boxAllCount"":11070,""curserver"":1,""equipmentData"":""W:23_0A:21_0"",""install_day"":""2026-03-28"",""totalPayment"":0,""total_payment_amount"":0,""user_name"":""이나라왕"",""user_rank"":7147,""user_stage"":200}"
"stage_reached_200 (App)",,,"{""Time"":""2026-04-06 12:20:16"",""UserUUID"":""2e086850-2f53-11f1-bfd2-a9ebaf3828d0"",""attendanceCount"":4,""attendance_count"":4,""b.diamond"":167975,""b.ruby"":0,""boxAllCount"":3330,""curserver"":2,""equipmentData"":""W:23_0A:20_0"",""install_day"":""2026-04-03"",""totalPayment"":7700,""total_payment_amount"":7700,""user_name"":""우주최강영웅"",""user_rank"":24,""user_stage"":200}"
"stage_reached_200 (App)",,,"{""Time"":""2026-04-06 12:00:30"",""UserUUID"":""0af081c0-29a6-11f1-ab9c-81fee88a947e"",""attendanceCount"":11,""attendance_count"":11,""b.diamond"":47031,""b.ruby"":1760,""boxAllCount"":6060,""curserver"":1,""equipmentData"":""W:21_0A:20_0"",""install_day"":""2026-03-27"",""totalPayment"":62700,""total_payment_amount"":62700,""user_name"":""박디"",""user_rank"":7147,""user_stage"":200}"
"stage_reached_200 (App)",,,"{""Time"":""2026-04-06 11:54:16"",""UserUUID"":""61930a00-2ee9-11f1-8b6b-9bb90c2a8da8"",""attendanceCount"":4,""attendance_count"":4,""b.diamond"":27,""b.ruby"":0,""boxAllCount"":2440,""curserver"":2,""equipmentData"":""W:21_0A:18_0"",""install_day"":""2026-04-02"",""totalPayment"":7700,""total_payment_amount"":7700,""user_name"":""연분홍상괭이"",""user_rank"":24,""user_stage"":200}"
"stage_reached_200 (App)",,,"{""Time"":""2026-04-06 11:18:38"",""UserUUID"":""3becab50-2ca8-11f1-b327-a903db2739a3"",""attendanceCount"":7,""attendance_count"":7,""b.diamond"":145564,""b.ruby"":0,""boxAllCount"":1960,""curserver"":1,""equipmentData"":""W:18_0A:19_0"",""install_day"":""2026-03-31"",""totalPayment"":7700,""total_payment_amount"":7700,""user_name"":""삐유융"",""user_rank"":7036,""user_stage"":200}"
"stage_reached_200 (App)",,,"{""Time"":""2026-04-06 11:12:40"",""UserUUID"":""24064cb0-fe65-11f0-a83f-ed1fb2a7ef7a"",""attendanceCount"":4,""attendance_count"":4,""b.diamond"":94345,""b.ruby"":220,""boxAllCount"":2440,""curserver"":2,""equipmentData"":""W:22_0A:19_0"",""install_day"":""2026-01-31"",""totalPayment"":47300,""total_payment_amount"":47300,""user_name"":""환타와망고"",""user_rank"":22,""user_stage"":200}"
"stage_reached_200 (App)",,,"{""Time"":""2026-04-06 10:25:58"",""UserUUID"":""8411c780-2bc7-11f1-8338-1117934d57fd"",""attendanceCount"":8,""attendance_count"":8,""b.diamond"":944,""b.ruby"":0,""boxAllCount"":3920,""curserver"":1,""equipmentData"":""W:22_0A:19_0"",""install_day"":""2026-03-29"",""totalPayment"":7700,""total_payment_amount"":7700,""user_name"":""뚜띠우"",""user_rank"":7218,""user_stage"":200}"
"stage_reached_200 (App)",,,"{""Time"":""2026-04-06 10:06:02"",""UserUUID"":""57b8e810-2b06-11f1-83d1-21cca4107494"",""attendanceCount"":9,""attendance_count"":9,""b.diamond"":122733,""b.ruby"":0,""boxAllCount"":1320,""curserver"":1,""equipmentData"":""W:21_0A:19_0"",""install_day"":""2026-03-29"",""totalPayment"":7700,""total_payment_amount"":7700,""user_name"":""차차보리"",""user_rank"":7061,""user_stage"":200}"
"stage_reached_200 (App)",,,"{""Time"":""2026-04-06 09:55:02"",""UserUUID"":""9062c8a0-dbb2-11f0-b686-116f8a3dbe23"",""attendanceCount"":8,""attendance_count"":8,""b.diamond"":33919,""b.ruby"":0,""boxAllCount"":2800,""curserver"":1,""equipmentData"":""W:22_0A:20_0"",""install_day"":""2025-12-18"",""totalPayment"":7700,""total_payment_amount"":7700,""user_name"":""iidx"",""user_rank"":7177,""user_stage"":200}"
"stage_reached_200 (App)",,,"{""Time"":""2026-04-06 09:21:57"",""UserUUID"":""d55b7940-30e2-11f1-b028-5b7d07d16675"",""attendanceCount"":2,""attendance_count"":2,""b.diamond"":69322,""b.ruby"":1650,""boxAllCount"":2990,""curserver"":2,""equipmentData"":""W:21_0A:18_0"",""install_day"":""2026-04-05"",""totalPayment"":201300,""total_payment_amount"":201300,""user_name"":""개농이"",""user_rank"":36,""user_stage"":200}"
"stage_reached_200 (App)",,,"{""Time"":""2026-04-06 09:04:22"",""UserUUID"":""313b8fd0-2c32-11f1-afca-d9aa92d4a0d5"",""attendanceCount"":8,""attendance_count"":8,""b.diamond"":268580,""b.ruby"":0,""boxAllCount"":4770,""curserver"":1,""equipmentData"":""W:21_0A:19_0"",""install_day"":""2026-03-30"",""totalPayment"":7700,""total_payment_amount"":7700,""user_name"":""응옥장"",""user_rank"":7087,""user_stage"":200}"
"stage_reached_200 (App)",,,"{""Time"":""2026-04-06 08:30:54"",""UserUUID"":""7cf9db20-ff19-11f0-9dce-9991d076cdcd"",""attendanceCount"":36,""attendance_count"":36,""b.diamond"":344600,""b.ruby"":0,""boxAllCount"":8900,""curserver"":1,""equipmentData"":""W:22_0A:20_0"",""install_day"":""2026-02-01"",""totalPayment"":0,""total_payment_amount"":0,""user_name"":""지민나라"",""user_rank"":7211,""user_stage"":200}"
"stage_reached_200 (App)",,,"{""Time"":""2026-04-06 08:20:13"",""UserUUID"":""77db8600-2e9b-11f1-8699-6994277a44fb"",""attendanceCount"":5,""attendance_count"":5,""b.diamond"":125574,""b.ruby"":0,""boxAllCount"":8510,""curserver"":1,""equipmentData"":""W:23_0A:20_0"",""install_day"":""2026-04-02"",""totalPayment"":8800,""total_payment_amount"":8800,""user_name"":""푸드득80"",""user_rank"":7170,""user_stage"":200}"
"stage_reached_200 (App)",,,"{""Time"":""2026-04-06 07:43:20"",""UserUUID"":""9f303460-2dd0-11f1-8917-01866b8f0a9b"",""attendanceCount"":6,""attendance_count"":6,""b.diamond"":151715,""b.ruby"":0,""boxAllCount"":2860,""curserver"":1,""equipmentData"":""W:20_0A:19_0"",""install_day"":""2026-04-01"",""totalPayment"":52800,""total_payment_amount"":52800,""user_name"":""민동"",""user_rank"":7055,""user_stage"":200}"
"stage_reached_200 (App)",,,"{""Time"":""2026-04-06 07:27:13"",""UserUUID"":""1cc673c0-2b4d-11f1-bd07-c74359261d74"",""attendanceCount"":9,""attendance_count"":9,""b.diamond"":502961,""b.ruby"":0,""boxAllCount"":1110,""curserver"":1,""equipmentData"":""W:20_0A:19_0"",""install_day"":""2026-03-29"",""totalPayment"":7700,""total_payment_amount"":7700,""user_name"":""꾸미훈"",""user_rank"":7262,""user_stage"":200}"
"stage_reached_200 (App)",,,"{""Time"":""2026-04-06 05:57:42"",""UserUUID"":""a4fd1610-30f0-11f1-bdc9-d53faa467de4"",""attendanceCount"":2,""attendance_count"":2,""b.diamond"":26179,""b.ruby"":2310,""boxAllCount"":3270,""curserver"":2,""equipmentData"":""W:20_0A:17_0"",""install_day"":""2026-04-05"",""totalPayment"":227700,""total_payment_amount"":227700,""user_name"":""아이유포에버"",""user_rank"":22,""user_stage"":200}"
"stage_reached_200 (App)",,,"{""Time"":""2026-04-06 05:35:11"",""UserUUID"":""b841fc60-305d-11f1-ab19-67a7f8595f80"",""attendanceCount"":2,""attendance_count"":2,""b.diamond"":18363,""b.ruby"":0,""boxAllCount"":3010,""curserver"":2,""equipmentData"":""W:21_0A:19_0"",""install_day"":""2026-04-04"",""totalPayment"":117700,""total_payment_amount"":117700,""user_name"":""유정환이다"",""user_rank"":14,""user_stage"":200}"
"stage_reached_200 (App)",,,"{""Time"":""2026-04-06 04:05:44"",""UserUUID"":""1e6fe2f0-30bc-11f1-80b4-fdb01b34780a"",""attendanceCount"":2,""attendance_count"":2,""b.diamond"":140651,""b.ruby"":110,""boxAllCount"":6020,""curserver"":2,""equipmentData"":""W:23_0A:22_0"",""install_day"":""2026-04-05"",""totalPayment"":73700,""total_payment_amount"":73700,""user_name"":""김베비"",""user_rank"":17,""user_stage"":200}"
"stage_reached_200 (App)",,,"{""Time"":""2026-04-06 01:58:23"",""UserUUID"":""a8a78010-2e35-11f1-9a4e-e79b7a97395f"",""attendanceCount"":5,""attendance_count"":5,""b.diamond"":123888,""b.ruby"":0,""boxAllCount"":4750,""curserver"":1,""equipmentData"":""W:22_0A:20_0"",""install_day"":""2026-04-02"",""totalPayment"":7700,""total_payment_amount"":7700,""user_name"":""오늘체험"",""user_rank"":7257,""user_stage"":200}"
"stage_reached_200 (App)",,,"{""Time"":""2026-04-06 01:33:39"",""UserUUID"":""499be660-2b83-11f1-869a-e305688b47d5"",""attendanceCount"":7,""attendance_count"":7,""b.diamond"":7304,""b.ruby"":0,""boxAllCount"":1470,""curserver"":1,""equipmentData"":""W:18_0A:19_0"",""install_day"":""2026-03-29"",""totalPayment"":0,""total_payment_amount"":0,""user_name"":""용대갈이"",""user_rank"":7101,""user_stage"":200}"
"stage_reached_200 (App)",,,"{""Time"":""2026-04-06 01:25:26"",""UserUUID"":""ca660dc0-2fe8-11f1-9b41-d70e5ddb1ec7"",""attendanceCount"":3,""attendance_count"":3,""b.diamond"":167524,""b.ruby"":110,""boxAllCount"":5050,""curserver"":2,""equipmentData"":""W:21_0A:20_0"",""install_day"":""2026-04-04"",""totalPayment"":60500,""total_payment_amount"":60500,""user_name"":""다앵"",""user_rank"":15,""user_stage"":200}"
"stage_reached_200 (App)",,,"{""Time"":""2026-04-06 01:06:29"",""UserUUID"":""d9d28810-3056-11f1-9d1f-9592b8931eba"",""attendanceCount"":2,""attendance_count"":2,""b.diamond"":218269,""b.ruby"":330,""boxAllCount"":5620,""curserver"":2,""equipmentData"":""W:23_0A:21_0"",""install_day"":""2026-04-04"",""totalPayment"":124300,""total_payment_amount"":124300,""user_name"":""권력"",""user_rank"":14,""user_stage"":200}"
"stage_reached_200 (App)",,,"{""Time"":""2026-04-06 00:59:08"",""UserUUID"":""dca2ec70-2eb1-11f1-968e-47a5ff97a312"",""attendanceCount"":4,""attendance_count"":4,""b.diamond"":48054,""b.ruby"":0,""boxAllCount"":1410,""curserver"":2,""equipmentData"":""W:19_0A:17_0"",""install_day"":""2026-04-02"",""totalPayment"":40700,""total_payment_amount"":40700,""user_name"":""사과맛사과"",""user_rank"":14,""user_stage"":200}"
"stage_reached_200 (App)",,,"{""Time"":""2026-04-06 00:42:13"",""UserUUID"":""5d1fe1f0-2c37-11f1-a51a-235d0140682f"",""attendanceCount"":8,""attendance_count"":8,""b.diamond"":815,""b.ruby"":0,""boxAllCount"":2580,""curserver"":1,""equipmentData"":""W:20_0A:19_0"",""install_day"":""2026-03-30"",""totalPayment"":11000,""total_payment_amount"":11000,""user_name"":""열음"",""user_rank"":7021,""user_stage"":200}"
"stage_reached_200 (App)",,,"{""Time"":""2026-04-06 00:33:46"",""UserUUID"":""029331f0-2e6d-11f1-8492-85fbc433c627"",""attendanceCount"":5,""attendance_count"":5,""b.diamond"":62479,""b.ruby"":0,""boxAllCount"":1170,""curserver"":1,""equipmentData"":""W:19_0A:19_0"",""install_day"":""2026-04-02"",""totalPayment"":7700,""total_payment_amount"":7700,""user_name"":""킹쫑이"",""user_rank"":7320,""user_stage"":200}"
"stage_reached_200 (App)",,,"{""Time"":""2026-04-05 23:43:49"",""UserUUID"":""3fd22780-2c27-11f1-8f79-c511aec99fec"",""attendanceCount"":7,""attendance_count"":7,""b.diamond"":256859,""b.ruby"":0,""boxAllCount"":6100,""curserver"":1,""equipmentData"":""W:20_0A:20_0"",""install_day"":""2026-03-30"",""totalPayment"":7700,""total_payment_amount"":7700,""user_name"":""제독검보"",""user_rank"":7071,""user_stage"":200}"
"stage_reached_200 (App)",,,"{""Time"":""2026-04-05 23:25:27"",""UserUUID"":""9fee29c0-30dc-11f1-8c19-3199f24368cf"",""attendanceCount"":1,""attendance_count"":1,""b.diamond"":604624,""b.ruby"":13420,""boxAllCount"":11130,""curserver"":2,""equipmentData"":""W:23_0A:20_0"",""install_day"":""2026-04-05"",""totalPayment"":392700,""total_payment_amount"":392700,""user_name"":""Kumak"",""user_rank"":27,""user_stage"":200}"
"stage_reached_200 (App)",,,"{""Time"":""2026-04-05 23:20:51"",""UserUUID"":""09538d80-309f-11f1-9ab0-9b5f6f6cc5d6"",""attendanceCount"":1,""attendance_count"":1,""b.diamond"":1733448225,""b.ruby"":0,""boxAllCount"":6180,""curserver"":2,""equipmentData"":""W:24_0A:21_0"",""install_day"":""2026-04-05"",""totalPayment"":0,""total_payment_amount"":0,""user_name"":""소그미"",""user_rank"":13,""user_stage"":200}"
"stage_reached_200 (App)",,,"{""Time"":""2026-04-05 23:15:58"",""UserUUID"":""07c07910-2528-11f1-8b0b-4d94fa15a7c7"",""attendanceCount"":14,""attendance_count"":14,""b.diamond"":24977,""b.ruby"":0,""boxAllCount"":3090,""curserver"":1,""equipmentData"":""W:23_0A:19_0"",""install_day"":""2026-03-21"",""totalPayment"":7700,""total_payment_amount"":7700,""user_name"":""우곰"",""user_rank"":7192,""user_stage"":200}"
"stage_reached_200 (App)",,,"{""Time"":""2026-04-05 23:10:58"",""UserUUID"":""7570a390-3027-11f1-b0d7-1fcfb03c0eaa"",""attendanceCount"":2,""attendance_count"":2,""b.diamond"":6986,""b.ruby"":1430,""boxAllCount"":6010,""curserver"":2,""equipmentData"":""W:23_0A:23_0"",""install_day"":""2026-04-04"",""totalPayment"":231000,""total_payment_amount"":231000,""user_name"":""광제만"",""user_rank"":22,""user_stage"":200}"
"stage_reached_200 (App)",,,"{""Time"":""2026-04-05 21:21:57"",""UserUUID"":""de552060-2c2c-11f1-aaf6-938c75cf2af4"",""attendanceCount"":7,""attendance_count"":7,""b.diamond"":6994,""b.ruby"":0,""boxAllCount"":1170,""curserver"":1,""equipmentData"":""W:20_0A:19_0"",""install_day"":""2026-03-30"",""totalPayment"":7700,""total_payment_amount"":7700,""user_name"":""공부하는수빈이"",""user_rank"":7097,""user_stage"":200}"
"stage_reached_200 (App)",,,"{""Time"":""2026-04-05 21:01:37"",""UserUUID"":""ac8d9240-29b3-11f1-9f43-97a990b43b1a"",""attendanceCount"":10,""attendance_count"":10,""b.diamond"":54493,""b.ruby"":0,""boxAllCount"":6190,""curserver"":1,""equipmentData"":""W:22_0A:20_0"",""install_day"":""2026-03-27"",""totalPayment"":7700,""total_payment_amount"":7700,""user_name"":""비스커스"",""user_rank"":7065,""user_stage"":200}"
"stage_reached_200 (App)",,,"{""Time"":""2026-04-05 20:31:12"",""UserUUID"":""118af0b0-30b8-11f1-9a1b-2d03556a354f"",""attendanceCount"":1,""attendance_count"":1,""b.diamond"":18642770,""b.ruby"":0,""boxAllCount"":690,""curserver"":2,""equipmentData"":""W:20_0A:20_0"",""install_day"":""2026-04-05"",""totalPayment"":0,""total_payment_amount"":0,""user_name"":""맹획"",""user_rank"":17,""user_stage"":200}"
"stage_reached_200 (App)",,,"{""Time"":""2026-04-05 20:22:36"",""UserUUID"":""12607470-1190-11f1-8808-a5afef03b0e6"",""attendanceCount"":41,""attendance_count"":41,""b.diamond"":790759,""b.ruby"":0,""boxAllCount"":8330,""curserver"":1,""equipmentData"":""W:23_0A:20_0"",""install_day"":""2026-02-24"",""totalPayment"":0,""total_payment_amount"":0,""user_name"":""영웅주니"",""user_rank"":7150,""user_stage"":200}"
"stage_reached_200 (App)",,,"{""Time"":""2026-04-05 18:23:42"",""UserUUID"":""000ae0f0-2c1e-11f1-a74a-634da2780cba"",""attendanceCount"":7,""attendance_count"":7,""b.diamond"":112219,""b.ruby"":0,""boxAllCount"":2640,""curserver"":1,""equipmentData"":""W:20_0A:19_0"",""install_day"":""2026-03-30"",""totalPayment"":11000,""total_payment_amount"":11000,""user_name"":""여노"",""user_rank"":7098,""user_stage"":200}"
"stage_reached_200 (App)",,,"{""Time"":""2026-04-05 18:12:19"",""UserUUID"":""cb982fc0-2cb4-11f1-95cf-b595913ddc1e"",""attendanceCount"":6,""attendance_count"":6,""b.diamond"":54108,""b.ruby"":0,""boxAllCount"":1410,""curserver"":1,""equipmentData"":""W:20_0A:19_0"",""install_day"":""2026-03-31"",""totalPayment"":7700,""total_payment_amount"":7700,""user_name"":""난세의간웅조조"",""user_rank"":7017,""user_stage"":200}"
"stage_reached_200 (App)",,,"{""Time"":""2026-04-05 16:57:09"",""UserUUID"":""7a451cf0-2de0-11f1-993e-fdb921022bee"",""attendanceCount"":4,""attendance_count"":4,""b.diamond"":3188,""b.ruby"":0,""boxAllCount"":5640,""curserver"":1,""equipmentData"":""W:21_0A:19_0"",""install_day"":""2026-04-01"",""totalPayment"":69300,""total_payment_amount"":69300,""user_name"":""채움"",""user_rank"":7060,""user_stage"":200}"
"stage_reached_200 (App)",,,"{""Time"":""2026-04-05 15:01:57"",""UserUUID"":""c8a38dc0-6246-11f0-86ad-5de35a576cc5"",""attendanceCount"":11,""attendance_count"":11,""b.diamond"":5972,""b.ruby"":0,""boxAllCount"":3010,""curserver"":1,""equipmentData"":""W:21_0A:19_0"",""install_day"":""2025-07-16"",""totalPayment"":7700,""total_payment_amount"":7700,""user_name"":""콩떡아빠"",""user_rank"":7227,""user_stage"":200}"
"stage_reached_200 (App)",,,"{""Time"":""2026-04-05 13:52:36"",""UserUUID"":""49666210-2ac0-11f1-97a1-8565c77ec0e9"",""attendanceCount"":8,""attendance_count"":8,""b.diamond"":15600,""b.ruby"":0,""boxAllCount"":9290,""curserver"":1,""equipmentData"":""W:22_0A:22_0"",""install_day"":""2026-03-28"",""totalPayment"":22000,""total_payment_amount"":22000,""user_name"":""최인궁"",""user_rank"":7139,""user_stage"":200}"
"stage_reached_200 (App)",,,"{""Time"":""2026-04-05 13:08:49"",""UserUUID"":""feb81ce0-2b46-11f1-a04d-e982c9141b8a"",""attendanceCount"":8,""attendance_count"":8,""b.diamond"":162532,""b.ruby"":0,""boxAllCount"":3540,""curserver"":1,""equipmentData"":""W:21_0A:22_0"",""install_day"":""2026-03-29"",""totalPayment"":7700,""total_payment_amount"":7700,""user_name"":""화이트맨"",""user_rank"":7179,""user_stage"":200}"
"stage_reached_200 (App)",,,"{""Time"":""2026-04-05 12:39:12"",""UserUUID"":""f09dbbf0-2cc3-11f1-bfcb-9d20fd76e1f6"",""attendanceCount"":6,""attendance_count"":6,""b.diamond"":2506,""b.ruby"":0,""boxAllCount"":900,""curserver"":1,""equipmentData"":""W:19_0A:19_0"",""install_day"":""2026-03-31"",""totalPayment"":7700,""total_payment_amount"":7700,""user_name"":""비천신사"",""user_rank"":7007,""user_stage"":200}"
"stage_reached_200 (App)",,,"{""Time"":""2026-04-05 11:44:29"",""UserUUID"":""7391de70-2ab6-11f1-b6f3-755a3839de4e"",""attendanceCount"":9,""attendance_count"":9,""b.diamond"":20468,""b.ruby"":0,""boxAllCount"":2430,""curserver"":1,""equipmentData"":""W:21_0A:19_0"",""install_day"":""2026-03-28"",""totalPayment"":7700,""total_payment_amount"":7700,""user_name"":""불송이남편"",""user_rank"":7258,""user_stage"":200}"
"stage_reached_200 (App)",,,"{""Time"":""2026-04-05 10:46:46"",""UserUUID"":""477153c0-654a-11f0-b7ea-8d352be80564"",""attendanceCount"":2,""attendance_count"":2,""b.diamond"":1087353,""b.ruby"":24750,""boxAllCount"":6280,""curserver"":1,""equipmentData"":""W:23_0A:23_0"",""install_day"":""2025-07-20"",""totalPayment"":495000,""total_payment_amount"":495000,""user_name"":""멜로디"",""user_rank"":7550,""user_stage"":200}"
"stage_reached_200 (App)",,,"{""Time"":""2026-04-05 10:31:39"",""UserUUID"":""f972b510-2b23-11f1-a098-9b933c4ac87a"",""attendanceCount"":8,""attendance_count"":8,""b.diamond"":204465,""b.ruby"":0,""boxAllCount"":2410,""curserver"":1,""equipmentData"":""W:21_0A:23_0"",""install_day"":""2026-03-29"",""totalPayment"":40700,""total_payment_amount"":40700,""user_name"":""샤베샤베"",""user_rank"":7077,""user_stage"":200}"
"stage_reached_200 (App)",,,"{""Time"":""2026-04-05 10:24:03"",""UserUUID"":""f2eefa20-2aae-11f1-9791-4f06d6e8697d"",""attendanceCount"":9,""attendance_count"":9,""b.diamond"":75015,""b.ruby"":0,""boxAllCount"":2610,""curserver"":1,""equipmentData"":""W:21_0A:19_0"",""install_day"":""2026-03-28"",""totalPayment"":7700,""total_payment_amount"":7700,""user_name"":""슈바슈바"",""user_rank"":7020,""user_stage"":200}"
"stage_reached_200 (App)",,,"{""Time"":""2026-04-05 10:13:59"",""UserUUID"":""06867470-2512-11f1-8f03-7f7a1af14bd8"",""attendanceCount"":15,""attendance_count"":15,""b.diamond"":51280,""b.ruby"":0,""boxAllCount"":6040,""curserver"":1,""equipmentData"":""W:23_0A:20_0"",""install_day"":""2026-03-21"",""totalPayment"":0,""total_payment_amount"":0,""user_name"":""띵튽홍띵보"",""user_rank"":7700,""user_stage"":200}"
"stage_reached_200 (App)",,,"{""Time"":""2026-04-05 09:29:58"",""UserUUID"":""e2a0b750-2c2d-11f1-a51a-235d0140682f"",""attendanceCount"":7,""attendance_count"":7,""b.diamond"":54043,""b.ruby"":0,""boxAllCount"":1530,""curserver"":1,""equipmentData"":""W:20_0A:19_0"",""install_day"":""2026-03-30"",""totalPayment"":7700,""total_payment_amount"":7700,""user_name"":""파곤"",""user_rank"":7223,""user_stage"":200}"
"stage_reached_200 (App)",,,"{""Time"":""2026-04-05 08:50:23"",""UserUUID"":""f5134560-82bf-11ef-ab00-4f942e73f50a"",""attendanceCount"":6,""attendance_count"":6,""b.diamond"":29652,""b.ruby"":0,""boxAllCount"":2880,""curserver"":0,""equipmentData"":""W:20_0A:19_0"",""install_day"":""2024-10-05"",""totalPayment"":7700,""total_payment_amount"":7700,""user_name"":""백호"",""user_rank"":545,""user_stage"":200}"
"stage_reached_200 (App)",,,"{""Time"":""2026-04-05 06:43:31"",""UserUUID"":""905cbd60-2aff-11f1-a3ce-ed8d3c953fc9"",""attendanceCount"":8,""attendance_count"":8,""b.diamond"":32447,""b.ruby"":0,""boxAllCount"":1080,""curserver"":1,""equipmentData"":""W:20_0A:19_0"",""install_day"":""2026-03-28"",""totalPayment"":11000,""total_payment_amount"":11000,""user_name"":""갱뚱"",""user_rank"":7065,""user_stage"":200}"
"stage_reached_200 (App)",,,"{""Time"":""2026-04-05 06:35:13"",""UserUUID"":""89e23eb0-2fc3-11f1-876a-3f56fb866fc8"",""attendanceCount"":2,""attendance_count"":2,""b.diamond"":10001,""b.ruby"":1430,""boxAllCount"":6340,""curserver"":2,""equipmentData"":""W:22_0A:20_0"",""install_day"":""2026-04-04"",""totalPayment"":75900,""total_payment_amount"":75900,""user_name"":""라니니"",""user_rank"":10,""user_stage"":200}"
"stage_reached_200 (App)",,,"{""Time"":""2026-04-05 06:03:24"",""UserUUID"":""7dd3b730-302b-11f1-b707-756132cfde8f"",""attendanceCount"":2,""attendance_count"":2,""b.diamond"":3745,""b.ruby"":110,""boxAllCount"":10220,""curserver"":2,""equipmentData"":""W:23_0A:20_0"",""install_day"":""2026-04-04"",""totalPayment"":74800,""total_payment_amount"":74800,""user_name"":""캇트"",""user_rank"":10,""user_stage"":200}"
"stage_reached_200 (App)",,,"{""Time"":""2026-04-05 05:12:11"",""UserUUID"":""ffeafc70-2a26-11f1-9bcd-bba86beea9a5"",""attendanceCount"":9,""attendance_count"":9,""b.diamond"":77666,""b.ruby"":0,""boxAllCount"":5420,""curserver"":1,""equipmentData"":""W:23_0A:20_0"",""install_day"":""2026-03-27"",""totalPayment"":7700,""total_payment_amount"":7700,""user_name"":""온달왕자"",""user_rank"":6990,""user_stage"":200}"
"stage_reached_200 (App)",,,"{""Time"":""2026-04-05 04:17:35"",""UserUUID"":""a1ff5d20-28f2-11f1-945d-ef93f04a160c"",""attendanceCount"":10,""attendance_count"":10,""b.diamond"":494880,""b.ruby"":110,""boxAllCount"":7040,""curserver"":1,""equipmentData"":""W:20_0A:20_0"",""install_day"":""2026-03-26"",""totalPayment"":14300,""total_payment_amount"":14300,""user_name"":""전투감각"",""user_rank"":7006,""user_stage"":200}"
"stage_reached_200 (App)",,,"{""Time"":""2026-04-05 03:45:48"",""UserUUID"":""6629c670-2c47-11f1-be6c-79a9792c46ee"",""attendanceCount"":7,""attendance_count"":7,""b.diamond"":4312,""b.ruby"":0,""boxAllCount"":2640,""curserver"":1,""equipmentData"":""W:21_0A:19_0"",""install_day"":""2026-03-30"",""totalPayment"":30800,""total_payment_amount"":30800,""user_name"":""고뇌"",""user_rank"":6989,""user_stage"":200}"
"stage_reached_200 (App)",,,"{""Time"":""2026-04-05 02:29:59"",""UserUUID"":""c7780a60-b3b9-11f0-a6ad-c9af4949e008"",""attendanceCount"":7,""attendance_count"":7,""b.diamond"":65276,""b.ruby"":0,""boxAllCount"":1770,""curserver"":1,""equipmentData"":""W:20_0A:19_0"",""install_day"":""2025-10-28"",""totalPayment"":7700,""total_payment_amount"":7700,""user_name"":""노린"",""user_rank"":7094,""user_stage"":200}"
"stage_reached_200 (App)",,,"{""Time"":""2026-04-05 02:14:36"",""UserUUID"":""f35d7a10-2bc4-11f1-a51a-235d0140682f"",""attendanceCount"":7,""attendance_count"":7,""b.diamond"":6989,""b.ruby"":0,""boxAllCount"":1980,""curserver"":1,""equipmentData"":""W:20_0A:19_0"",""install_day"":""2026-03-29"",""totalPayment"":7700,""total_payment_amount"":7700,""user_name"":""곽드래곤"",""user_rank"":7007,""user_stage"":200}"
"stage_reached_200 (App)",,,"{""Time"":""2026-04-05 02:13:50"",""UserUUID"":""0e8772f0-302f-11f1-9045-75cf49e07360"",""attendanceCount"":2,""attendance_count"":2,""b.diamond"":29005,""b.ruby"":0,""boxAllCount"":6640,""curserver"":2,""equipmentData"":""W:20_0A:20_0"",""install_day"":""2026-04-04"",""totalPayment"":220000,""total_payment_amount"":220000,""user_name"":""이로티"",""user_rank"":9,""user_stage"":200}"
"stage_reached_200 (App)",,,"{""Time"":""2026-04-05 02:10:26"",""UserUUID"":""00488b60-2c0c-11f1-a972-8dfd5881c9ed"",""attendanceCount"":7,""attendance_count"":7,""b.diamond"":129644,""b.ruby"":0,""boxAllCount"":6190,""curserver"":1,""equipmentData"":""W:22_0A:20_0"",""install_day"":""2026-03-30"",""totalPayment"":18700,""total_payment_amount"":18700,""user_name"":""나무늘보리"",""user_rank"":7006,""user_stage"":200}"
"stage_reached_200 (App)",,,"{""Time"":""2026-04-05 01:52:47"",""UserUUID"":""b027d720-2cc0-11f1-943a-251d095372b3"",""attendanceCount"":6,""attendance_count"":6,""b.diamond"":39523,""b.ruby"":0,""boxAllCount"":2670,""curserver"":1,""equipmentData"":""W:18_0A:22_0"",""install_day"":""2026-03-31"",""totalPayment"":7700,""total_payment_amount"":7700,""user_name"":""수뇨"",""user_rank"":7384,""user_stage"":200}"
"stage_reached_200 (App)",,,"{""Time"":""2026-04-05 01:51:35"",""UserUUID"":""33d8a190-2b71-11f1-8ebb-b99df761b057"",""attendanceCount"":8,""attendance_count"":8,""b.diamond"":10494,""b.ruby"":0,""boxAllCount"":6030,""curserver"":1,""equipmentData"":""W:20_0A:20_0"",""install_day"":""2026-03-29"",""totalPayment"":7700,""total_payment_amount"":7700,""user_name"":""eyddhdj"",""user_rank"":7058,""user_stage"":200}"
"stage_reached_200 (App)",,,"{""Time"":""2026-04-05 00:54:15"",""UserUUID"":""5f019080-2c06-11f1-9af9-45910e88fcf9"",""attendanceCount"":7,""attendance_count"":7,""b.diamond"":136437,""b.ruby"":0,""boxAllCount"":1650,""curserver"":1,""equipmentData"":""W:20_0A:19_0"",""install_day"":""2026-03-30"",""totalPayment"":7700,""total_payment_amount"":7700,""user_name"":""슬모"",""user_rank"":7072,""user_stage"":200}"
"stage_reached_200 (App)",,,"{""Time"":""2026-04-05 00:39:36"",""UserUUID"":""95030fd0-27d1-11f1-89e6-29bd43ac6879"",""attendanceCount"":12,""attendance_count"":12,""b.diamond"":9031,""b.ruby"":0,""boxAllCount"":4180,""curserver"":1,""equipmentData"":""W:22_0A:20_0"",""install_day"":""2026-03-24"",""totalPayment"":11000,""total_payment_amount"":11000,""user_name"":""The칼"",""user_rank"":7587,""user_stage"":200}"
"stage_reached_200 (App)",,,"{""Time"":""2026-04-05 00:27:46"",""UserUUID"":""0dc0f5a0-2fe2-11f1-9e0b-8be8cf263969"",""attendanceCount"":2,""attendance_count"":2,""b.diamond"":92858,""b.ruby"":0,""boxAllCount"":1570,""curserver"":2,""equipmentData"":""W:20_0A:18_0"",""install_day"":""2026-04-04"",""totalPayment"":106700,""total_payment_amount"":106700,""user_name"":""hoonj"",""user_rank"":8,""user_stage"":200}"
"stage_reached_200 (App)",,,"{""Time"":""2026-04-04 22:01:53"",""UserUUID"":""558a6960-2f66-11f1-bdb3-fb2ef9922f51"",""attendanceCount"":2,""attendance_count"":2,""b.diamond"":13179,""b.ruby"":330,""boxAllCount"":3750,""curserver"":2,""equipmentData"":""W:20_0A:20_0"",""install_day"":""2026-04-03"",""totalPayment"":161700,""total_payment_amount"":161700,""user_name"":""무모증"",""user_rank"":7,""user_stage"":200}"
"stage_reached_200 (App)",,,"{""Time"":""2026-04-04 20:27:14"",""UserUUID"":""aef16e80-2995-11f1-98d7-31b3f9c75a73"",""attendanceCount"":8,""attendance_count"":8,""b.diamond"":410084,""b.ruby"":0,""boxAllCount"":3960,""curserver"":1,""equipmentData"":""W:23_0A:19_0"",""install_day"":""2026-03-27"",""totalPayment"":7700,""total_payment_amount"":7700,""user_name"":""초록아침"",""user_rank"":6978,""user_stage"":200}"
"stage_reached_200 (App)",,,"{""Time"":""2026-04-04 20:12:27"",""UserUUID"":""5105dec0-282b-11f1-812b-1d0beab52eac"",""attendanceCount"":11,""attendance_count"":11,""b.diamond"":12711,""b.ruby"":0,""boxAllCount"":2950,""curserver"":1,""equipmentData"":""W:23_0A:19_0"",""install_day"":""2026-03-25"",""totalPayment"":7700,""total_payment_amount"":7700,""user_name"":""금수강산"",""user_rank"":7277,""user_stage"":200}"
"stage_reached_200 (App)",,,"{""Time"":""2026-04-04 19:46:46"",""UserUUID"":""65aa0030-2c28-11f1-89aa-bf6b1b09bcec"",""attendanceCount"":6,""attendance_count"":6,""b.diamond"":4140,""b.ruby"":0,""boxAllCount"":2550,""curserver"":1,""equipmentData"":""W:20_0A:19_0"",""install_day"":""2026-03-30"",""totalPayment"":7700,""total_payment_amount"":7700,""user_name"":""굿짱맨"",""user_rank"":7029,""user_stage"":200}"
"stage_reached_200 (App)",,,"{""Time"":""2026-04-04 18:34:44"",""UserUUID"":""fe389da0-2f6d-11f1-aa52-2360221e7673"",""attendanceCount"":1,""attendance_count"":1,""b.diamond"":545182,""b.ruby"":660,""boxAllCount"":7360,""curserver"":2,""equipmentData"":""W:23_0A:20_0"",""install_day"":""2026-04-03"",""totalPayment"":150700,""total_payment_amount"":150700,""user_name"":""천비"",""user_rank"":7,""user_stage"":200}"
"stage_reached_200 (App)",,,"{""Time"":""2026-04-04 17:31:01"",""UserUUID"":""50fe56b0-2b36-11f1-b50e-3f2dc6ffe6f8"",""attendanceCount"":6,""attendance_count"":6,""b.diamond"":126625,""b.ruby"":0,""boxAllCount"":6040,""curserver"":1,""equipmentData"":""W:22_0A:20_0"",""install_day"":""2026-03-29"",""totalPayment"":7700,""total_payment_amount"":7700,""user_name"":""화이트베어"",""user_rank"":7083,""user_stage"":200}"
"stage_reached_200 (App)",,,"{""Time"":""2026-04-04 17:26:44"",""UserUUID"":""52a83a20-2fec-11f1-876a-3f56fb866fc8"",""attendanceCount"":1,""attendance_count"":1,""b.diamond"":44280,""b.ruby"":4840,""boxAllCount"":4830,""curserver"":2,""equipmentData"":""W:23_0A:21_0"",""install_day"":""2026-04-04"",""totalPayment"":682000,""total_payment_amount"":682000,""user_name"":""게임종료"",""user_rank"":6,""user_stage"":200}"
"stage_reached_200 (App)",,,"{""Time"":""2026-04-04 16:48:12"",""UserUUID"":""036a1bc0-2b11-11f1-9ef4-e73dc3ac6f15"",""attendanceCount"":7,""attendance_count"":7,""b.diamond"":179025,""b.ruby"":0,""boxAllCount"":2610,""curserver"":1,""equipmentData"":""W:21_0A:19_0"",""install_day"":""2026-03-29"",""totalPayment"":7700,""total_payment_amount"":7700,""user_name"":""유헤드빙빙"",""user_rank"":7081,""user_stage"":200}"
"stage_reached_200 (App)",,,"{""Time"":""2026-04-04 14:56:38"",""UserUUID"":""364c6290-2f54-11f1-b945-114d924f1436"",""attendanceCount"":2,""attendance_count"":2,""b.diamond"":1647335,""b.ruby"":1650,""boxAllCount"":870,""curserver"":2,""equipmentData"":""W:23_0A:18_0"",""install_day"":""2026-04-03"",""totalPayment"":454300,""total_payment_amount"":454300,""user_name"":""알렉산도르98세"",""user_rank"":5,""user_stage"":200}"
"stage_reached_200 (App)",,,"{""Time"":""2026-04-04 14:26:22"",""UserUUID"":""9b7e0ea0-2d1c-11f1-b911-cb979c5c6e15"",""attendanceCount"":4,""attendance_count"":4,""b.diamond"":35731,""b.ruby"":220,""boxAllCount"":6110,""curserver"":1,""equipmentData"":""W:23_0A:20_0"",""install_day"":""2026-03-31"",""totalPayment"":106700,""total_payment_amount"":106700,""user_name"":""해왕성바위게"",""user_rank"":7106,""user_stage"":200}"
"stage_reached_200 (App)",,,"{""Time"":""2026-04-04 13:59:37"",""UserUUID"":""44bd05e0-2c8f-11f1-8725-e5743e51b0e5"",""attendanceCount"":5,""attendance_count"":5,""b.diamond"":37153,""b.ruby"":0,""boxAllCount"":2700,""curserver"":1,""equipmentData"":""W:21_0A:19_0"",""install_day"":""2026-03-30"",""totalPayment"":7700,""total_payment_amount"":7700,""user_name"":""홍홍이"",""user_rank"":6968,""user_stage"":200}"
"stage_reached_200 (App)",,,"{""Time"":""2026-04-04 12:45:38"",""UserUUID"":""ec515620-2a5b-11f1-b47d-2bf5cc1e024c"",""attendanceCount"":8,""attendance_count"":8,""b.diamond"":94939,""b.ruby"":110,""boxAllCount"":6100,""curserver"":1,""equipmentData"":""W:20_0A:20_0"",""install_day"":""2026-03-28"",""totalPayment"":14300,""total_payment_amount"":14300,""user_name"":""사워리"",""user_rank"":7071,""user_stage"":200}"
"stage_reached_200 (App)",,,"{""Time"":""2026-04-04 12:38:49"",""UserUUID"":""370fdaf0-2422-11f1-8f03-7f7a1af14bd8"",""attendanceCount"":16,""attendance_count"":16,""b.diamond"":1367,""b.ruby"":0,""boxAllCount"":6510,""curserver"":1,""equipmentData"":""W:21_0A:20_0"",""install_day"":""2026-03-20"",""totalPayment"":0,""total_payment_amount"":0,""user_name"":""리딕"",""user_rank"":7224,""user_stage"":200}"
"stage_reached_200 (App)",,,"{""Time"":""2026-04-04 12:24:24"",""UserUUID"":""f3668ea0-2ee1-11f1-ae26-75985e01440b"",""attendanceCount"":2,""attendance_count"":2,""b.diamond"":17238,""b.ruby"":0,""boxAllCount"":2290,""curserver"":2,""equipmentData"":""W:20_0A:16_0"",""install_day"":""2026-04-02"",""totalPayment"":172700,""total_payment_amount"":172700,""user_name"":""아이렌"",""user_rank"":3,""user_stage"":200}"
"stage_reached_200 (App)",,,"{""Time"":""2026-04-04 11:55:45"",""UserUUID"":""47a32490-2c3c-11f1-89aa-bf6b1b09bcec"",""attendanceCount"":6,""attendance_count"":6,""b.diamond"":26544,""b.ruby"":0,""boxAllCount"":510,""curserver"":1,""equipmentData"":""W:20_0A:19_0"",""install_day"":""2026-03-30"",""totalPayment"":7700,""total_payment_amount"":7700,""user_name"":""이팔이"",""user_rank"":6989,""user_stage"":200}"
"stage_reached_200 (App)",,,"{""Time"":""2026-04-04 11:43:20"",""UserUUID"":""887a5130-2b58-11f1-b3a5-75f416a042ba"",""attendanceCount"":7,""attendance_count"":7,""b.diamond"":9009,""b.ruby"":0,""boxAllCount"":1050,""curserver"":1,""equipmentData"":""W:20_0A:19_0"",""install_day"":""2026-03-29"",""totalPayment"":7700,""total_payment_amount"":7700,""user_name"":""사도세쟈"",""user_rank"":7016,""user_stage"":200}"
"stage_reached_200 (App)",,,"{""Time"":""2026-04-04 11:05:23"",""UserUUID"":""1d6b5670-86e2-11f0-a199-dd6bb8d33aa7"",""attendanceCount"":10,""attendance_count"":10,""b.diamond"":14066,""b.ruby"":0,""boxAllCount"":2760,""curserver"":1,""equipmentData"":""W:20_0A:19_0"",""install_day"":""2025-09-01"",""totalPayment"":0,""total_payment_amount"":0,""user_name"":""누룽이"",""user_rank"":7035,""user_stage"":200}"
"stage_reached_200 (App)",,,"{""Time"":""2026-04-04 09:55:43"",""UserUUID"":""8f1a01c0-2b8f-11f1-a1bc-93be34999a15"",""attendanceCount"":6,""attendance_count"":6,""b.diamond"":58398,""b.ruby"":0,""boxAllCount"":1170,""curserver"":1,""equipmentData"":""W:20_0A:19_0"",""install_day"":""2026-03-29"",""totalPayment"":7700,""total_payment_amount"":7700,""user_name"":""skt"",""user_rank"":6968,""user_stage"":200}"
"stage_reached_200 (App)",,,"{""Time"":""2026-04-04 09:24:23"",""UserUUID"":""7d090af0-2c4b-11f1-86a0-a16e8ef6f4e4"",""attendanceCount"":5,""attendance_count"":5,""b.diamond"":373601,""b.ruby"":9020,""boxAllCount"":11010,""curserver"":1,""equipmentData"":""W:21_0A:20_0"",""install_day"":""2026-03-30"",""totalPayment"":194700,""total_payment_amount"":194700,""user_name"":""키리모찌"",""user_rank"":7093,""user_stage"":200}"
"stage_reached_200 (App)",,,"{""Time"":""2026-04-04 09:00:14"",""UserUUID"":""c2264270-2c27-11f1-9ef4-e73dc3ac6f15"",""attendanceCount"":6,""attendance_count"":6,""b.diamond"":732827,""b.ruby"":220,""boxAllCount"":1290,""curserver"":1,""equipmentData"":""W:17_0A:18_0"",""install_day"":""2026-03-30"",""totalPayment"":29700,""total_payment_amount"":29700,""user_name"":""몽데"",""user_rank"":7063,""user_stage"":200}"
"stage_reached_200 (App)",,,"{""Time"":""2026-04-04 07:50:40"",""UserUUID"":""c7fdfd10-2b77-11f1-ba90-c52e4ce08f01"",""attendanceCount"":7,""attendance_count"":7,""b.diamond"":116871,""b.ruby"":330,""boxAllCount"":300,""curserver"":1,""equipmentData"":""W:20_0A:19_0"",""install_day"":""2026-03-29"",""totalPayment"":11000,""total_payment_amount"":11000,""user_name"":""기철이"",""user_rank"":7044,""user_stage"":200}"
"stage_reached_200 (App)",,,"{""Time"":""2026-04-04 07:18:41"",""UserUUID"":""f96fa930-2b62-11f1-bcd6-412bef1bc918"",""attendanceCount"":7,""attendance_count"":7,""b.diamond"":61082,""b.ruby"":0,""boxAllCount"":1110,""curserver"":1,""equipmentData"":""W:20_0A:19_0"",""install_day"":""2026-03-29"",""totalPayment"":14300,""total_payment_amount"":14300,""user_name"":""순신짱"",""user_rank"":6954,""user_stage"":200}"
"stage_reached_200 (App)",,,"{""Time"":""2026-04-04 06:55:21"",""UserUUID"":""a75c9170-29bf-11f1-8aa8-e9c8cfa05609"",""attendanceCount"":9,""attendance_count"":9,""b.diamond"":248798,""b.ruby"":0,""boxAllCount"":2490,""curserver"":1,""equipmentData"":""W:20_0A:19_0"",""install_day"":""2026-03-27"",""totalPayment"":7700,""total_payment_amount"":7700,""user_name"":""헤카테케일"",""user_rank"":7089,""user_stage"":200}"
"stage_reached_200 (App)",,,"{""Time"":""2026-04-04 05:08:54"",""UserUUID"":""5c8b9b90-2e84-11f1-b6d4-5ffc22e2738e"",""attendanceCount"":3,""attendance_count"":3,""b.diamond"":14331,""b.ruby"":0,""boxAllCount"":2590,""curserver"":2,""equipmentData"":""W:20_0A:21_0"",""install_day"":""2026-04-02"",""totalPayment"":118800,""total_payment_amount"":118800,""user_name"":""상철이"",""user_rank"":33,""user_stage"":200}"
"stage_reached_200 (App)",,,"{""Time"":""2026-04-04 03:44:24"",""UserUUID"":""078cb4a0-2b17-11f1-a1bc-93be34999a15"",""attendanceCount"":7,""attendance_count"":7,""b.diamond"":145453,""b.ruby"":0,""boxAllCount"":2730,""curserver"":1,""equipmentData"":""W:20_0A:19_0"",""install_day"":""2026-03-29"",""totalPayment"":7700,""total_payment_amount"":7700,""user_name"":""장윤"",""user_rank"":7089,""user_stage"":200}"
"stage_reached_200 (App)",,,"{""Time"":""2026-04-04 03:12:36"",""UserUUID"":""b162a300-2afd-11f1-91ad-531ee63dca05"",""attendanceCount"":7,""attendance_count"":7,""b.diamond"":19254,""b.ruby"":0,""boxAllCount"":2550,""curserver"":1,""equipmentData"":""W:20_0A:19_0"",""install_day"":""2026-03-28"",""totalPayment"":7700,""total_payment_amount"":7700,""user_name"":""현이씨"",""user_rank"":6953,""user_stage"":200}"
"stage_reached_200 (App)",,,"{""Time"":""2026-04-04 02:23:49"",""UserUUID"":""63c061f0-2580-11f1-884f-29bf894df3fe"",""attendanceCount"":9,""attendance_count"":9,""b.diamond"":48270,""b.ruby"":0,""boxAllCount"":3570,""curserver"":1,""equipmentData"":""W:23_0A:20_0"",""install_day"":""2026-03-21"",""totalPayment"":0,""total_payment_amount"":0,""user_name"":""길동으"",""user_rank"":7684,""user_stage"":200}"
"stage_reached_200 (App)",,,"{""Time"":""2026-04-04 01:47:56"",""UserUUID"":""3d9a2e20-2c01-11f1-a0ec-1b51158c8c87"",""attendanceCount"":6,""attendance_count"":6,""b.diamond"":102771,""b.ruby"":0,""boxAllCount"":2990,""curserver"":1,""equipmentData"":""W:19_0A:21_0"",""install_day"":""2026-03-30"",""totalPayment"":7700,""total_payment_amount"":7700,""user_name"":""빛과어둠"",""user_rank"":7126,""user_stage"":200}"
"stage_reached_200 (App)",,,"{""Time"":""2026-04-04 00:36:58"",""UserUUID"":""5833dda0-2b78-11f1-a04d-e982c9141b8a"",""attendanceCount"":7,""attendance_count"":7,""b.diamond"":114372,""b.ruby"":0,""boxAllCount"":390,""curserver"":1,""equipmentData"":""W:20_0A:19_0"",""install_day"":""2026-03-29"",""totalPayment"":7700,""total_payment_amount"":7700,""user_name"":""싱피"",""user_rank"":6950,""user_stage"":200}"
"stage_reached_200 (App)",,,"{""Time"":""2026-04-03 23:28:12"",""UserUUID"":""8f7284a0-2b24-11f1-9acd-abc082e3d9e0"",""attendanceCount"":6,""attendance_count"":6,""b.diamond"":239504,""b.ruby"":330,""boxAllCount"":4970,""curserver"":1,""equipmentData"":""W:22_0A:19_0"",""install_day"":""2026-03-29"",""totalPayment"":14300,""total_payment_amount"":14300,""user_name"":""트윈"",""user_rank"":7003,""user_stage"":200}"
"stage_reached_200 (App)",,,"{""Time"":""2026-04-03 23:18:41"",""UserUUID"":""8cfc2fb0-2f51-11f1-9422-e379917ef5f1"",""attendanceCount"":1,""attendance_count"":1,""b.diamond"":164660,""b.ruby"":2200,""boxAllCount"":16570,""curserver"":2,""equipmentData"":""W:24_0A:23_0"",""install_day"":""2026-04-03"",""totalPayment"":449900,""total_payment_amount"":449900,""user_name"":""긍현"",""user_rank"":37,""user_stage"":200}"
"stage_reached_200 (App)",,,"{""Time"":""2026-04-03 20:34:30"",""UserUUID"":""2e474000-2b77-11f1-a2be-d3c463fd3d79"",""attendanceCount"":5,""attendance_count"":5,""b.diamond"":11255,""b.ruby"":0,""boxAllCount"":2460,""curserver"":1,""equipmentData"":""W:23_0A:19_0"",""install_day"":""2026-03-29"",""totalPayment"":7700,""total_payment_amount"":7700,""user_name"":""성키키"",""user_rank"":7515,""user_stage"":200}"
"stage_reached_200 (App)",,,"{""Time"":""2026-04-03 18:33:34"",""UserUUID"":""f78928f0-ec77-11f0-a761-b91e6e0c9f8a"",""attendanceCount"":9,""attendance_count"":9,""b.diamond"":537084,""b.ruby"":0,""boxAllCount"":2940,""curserver"":1,""equipmentData"":""W:20_0A:19_0"",""install_day"":""2026-01-08"",""totalPayment"":7700,""total_payment_amount"":7700,""user_name"":""채끝살"",""user_rank"":7117,""user_stage"":200}"
"stage_reached_200 (App)",,,"{""Time"":""2026-04-03 15:48:16"",""UserUUID"":""b44d7330-2434-11f1-9022-c304bc294d41"",""attendanceCount"":12,""attendance_count"":12,""b.diamond"":20576,""b.ruby"":0,""boxAllCount"":7110,""curserver"":1,""equipmentData"":""W:20_0A:20_0"",""install_day"":""2026-03-20"",""totalPayment"":7700,""total_payment_amount"":7700,""user_name"":""데파도"",""user_rank"":6996,""user_stage"":200}"
"stage_reached_200 (App)",,,"{""Time"":""2026-04-03 12:39:12"",""UserUUID"":""9cb94c20-2b0b-11f1-a098-9b933c4ac87a"",""attendanceCount"":6,""attendance_count"":6,""b.diamond"":5145,""b.ruby"":0,""boxAllCount"":1740,""curserver"":1,""equipmentData"":""W:21_0A:19_0"",""install_day"":""2026-03-29"",""totalPayment"":0,""total_payment_amount"":0,""user_name"":""평안호태왕"",""user_rank"":7071,""user_stage"":200}"
"stage_reached_200 (App)",,,"{""Time"":""2026-04-03 12:26:40"",""UserUUID"":""61a4c370-29ea-11f1-b1de-29e6141a8f3b"",""attendanceCount"":8,""attendance_count"":8,""b.diamond"":201754,""b.ruby"":0,""boxAllCount"":3630,""curserver"":1,""equipmentData"":""W:20_0A:20_0"",""install_day"":""2026-03-27"",""totalPayment"":7700,""total_payment_amount"":7700,""user_name"":""군맹두"",""user_rank"":7039,""user_stage"":200}"
"stage_reached_200 (App)",,,"{""Time"":""2026-04-03 12:22:44"",""UserUUID"":""314d1250-28cc-11f1-8f70-8dfd94dabdf3"",""attendanceCount"":9,""attendance_count"":9,""b.diamond"":132256,""b.ruby"":0,""boxAllCount"":3420,""curserver"":1,""equipmentData"":""W:20_0A:21_0"",""install_day"":""2026-03-26"",""totalPayment"":7700,""total_payment_amount"":7700,""user_name"":""아이젠난세"",""user_rank"":7150,""user_stage"":200}"
"stage_reached_200 (App)",,,"{""Time"":""2026-04-03 10:02:40"",""UserUUID"":""8fef2530-2a54-11f1-8fc7-231ed48e583f"",""attendanceCount"":7,""attendance_count"":7,""b.diamond"":40946,""b.ruby"":0,""boxAllCount"":1740,""curserver"":1,""equipmentData"":""W:21_0A:19_0"",""install_day"":""2026-03-28"",""totalPayment"":22000,""total_payment_amount"":22000,""user_name"":""아산돌주먹"",""user_rank"":7216,""user_stage"":200}"
"stage_reached_200 (App)",,,"{""Time"":""2026-04-03 09:13:18"",""UserUUID"":""84c2f980-2adf-11f1-91ad-531ee63dca05"",""attendanceCount"":6,""attendance_count"":6,""b.diamond"":17459,""b.ruby"":0,""boxAllCount"":5400,""curserver"":1,""equipmentData"":""W:22_0A:20_0"",""install_day"":""2026-03-28"",""totalPayment"":0,""total_payment_amount"":0,""user_name"":""팔팔해"",""user_rank"":7471,""user_stage"":200}"
"stage_reached_200 (App)",,,"{""Time"":""2026-04-03 08:51:27"",""UserUUID"":""c887d510-2b4c-11f1-b42d-9faa27c12b58"",""attendanceCount"":6,""attendance_count"":6,""b.diamond"":31256,""b.ruby"":0,""boxAllCount"":2580,""curserver"":1,""equipmentData"":""W:20_0A:19_0"",""install_day"":""2026-03-29"",""totalPayment"":0,""total_payment_amount"":0,""user_name"":""퍽퍽핑"",""user_rank"":7101,""user_stage"":200}"
"stage_reached_200 (App)",,,"{""Time"":""2026-04-03 07:50:53"",""UserUUID"":""5a402250-2c7e-11f1-a0b3-eb3c7c34b081"",""attendanceCount"":4,""attendance_count"":4,""b.diamond"":113874,""b.ruby"":0,""boxAllCount"":4170,""curserver"":1,""equipmentData"":""W:23_0A:21_0"",""install_day"":""2026-03-30"",""totalPayment"":0,""total_payment_amount"":0,""user_name"":""망도"",""user_rank"":7001,""user_stage"":200}"
"stage_reached_200 (App)",,,"{""Time"":""2026-04-03 04:38:26"",""UserUUID"":""a0785220-2d8b-11f1-973e-610d9676c964"",""attendanceCount"":3,""attendance_count"":3,""b.diamond"":151181,""b.ruby"":0,""boxAllCount"":5890,""curserver"":1,""equipmentData"":""W:23_0A:19_0"",""install_day"":""2026-04-01"",""totalPayment"":29700,""total_payment_amount"":29700,""user_name"":""다둥"",""user_rank"":7254,""user_stage"":200}"
"stage_reached_200 (App)",,,"{""Time"":""2026-04-03 02:03:19"",""UserUUID"":""c55812b0-29bc-11f1-967d-0b6de8b003c4"",""attendanceCount"":7,""attendance_count"":7,""b.diamond"":80354,""b.ruby"":0,""boxAllCount"":1630,""curserver"":1,""equipmentData"":""W:22_0A:20_0"",""install_day"":""2026-03-27"",""totalPayment"":11000,""total_payment_amount"":11000,""user_name"":""나드리"",""user_rank"":6976,""user_stage"":200}"
"stage_reached_200 (App)",,,"{""Time"":""2026-04-03 01:59:06"",""UserUUID"":""5b5ebbf0-2b71-11f1-856b-43e3ace824d1"",""attendanceCount"":6,""attendance_count"":6,""b.diamond"":62366,""b.ruby"":0,""boxAllCount"":1200,""curserver"":1,""equipmentData"":""W:22_0A:19_0"",""install_day"":""2026-03-29"",""totalPayment"":7700,""total_payment_amount"":7700,""user_name"":""도도파파파"",""user_rank"":7058,""user_stage"":200}"
"stage_reached_200 (App)",,,"{""Time"":""2026-04-03 01:57:27"",""UserUUID"":""89a9b8b0-2a14-11f1-95ba-1b5af6b718e0"",""attendanceCount"":7,""attendance_count"":7,""b.diamond"":390200,""b.ruby"":110,""boxAllCount"":4300,""curserver"":1,""equipmentData"":""W:21_0A:19_0"",""install_day"":""2026-03-27"",""totalPayment"":40700,""total_payment_amount"":40700,""user_name"":""채홍이"",""user_rank"":7013,""user_stage"":200}"
"stage_reached_200 (App)",,,"{""Time"":""2026-04-03 01:52:25"",""UserUUID"":""6a0f4900-2bce-11f1-b93e-39efd678aff2"",""attendanceCount"":5,""attendance_count"":5,""b.diamond"":11404,""b.ruby"":0,""boxAllCount"":1050,""curserver"":1,""equipmentData"":""W:20_0A:19_0"",""install_day"":""2026-03-30"",""totalPayment"":38500,""total_payment_amount"":38500,""user_name"":""긴빔"",""user_rank"":6948,""user_stage"":200}"
"stage_reached_200 (App)",,,"{""Time"":""2026-04-03 01:16:07"",""UserUUID"":""fe9fe140-2c07-11f1-ab73-a984ca875e78"",""attendanceCount"":5,""attendance_count"":5,""b.diamond"":141626,""b.ruby"":110,""boxAllCount"":790,""curserver"":1,""equipmentData"":""W:19_0A:19_0"",""install_day"":""2026-03-30"",""totalPayment"":58300,""total_payment_amount"":58300,""user_name"":""ahffkdy1"",""user_rank"":7455,""user_stage"":200}"
"stage_reached_200 (App)",,,"{""Time"":""2026-04-03 00:34:13"",""UserUUID"":""ae2670f0-2a93-11f1-8b37-c3a0aa1af11f"",""attendanceCount"":7,""attendance_count"":7,""b.diamond"":5953,""b.ruby"":0,""boxAllCount"":2010,""curserver"":1,""equipmentData"":""W:21_0A:19_0"",""install_day"":""2026-03-28"",""totalPayment"":11000,""total_payment_amount"":11000,""user_name"":""집주인딸랑구"",""user_rank"":7314,""user_stage"":200}"
"stage_reached_200 (App)",,,"{""Time"":""2026-04-03 00:22:03"",""UserUUID"":""afd51b70-285b-11f1-a6e9-cb549d2f437d"",""attendanceCount"":9,""attendance_count"":9,""b.diamond"":34692,""b.ruby"":0,""boxAllCount"":1110,""curserver"":1,""equipmentData"":""W:20_0A:19_0"",""install_day"":""2026-03-25"",""totalPayment"":18700,""total_payment_amount"":18700,""user_name"":""geni"",""user_rank"":6972,""user_stage"":200}"
"stage_reached_200 (App)",,,"{""Time"":""2026-04-02 21:38:47"",""UserUUID"":""669b5000-2680-11f1-b891-3584e7568902"",""attendanceCount"":11,""attendance_count"":11,""b.diamond"":13225,""b.ruby"":0,""boxAllCount"":6070,""curserver"":1,""equipmentData"":""W:20_0A:20_0"",""install_day"":""2026-03-23"",""totalPayment"":7700,""total_payment_amount"":7700,""user_name"":""글루서리"",""user_rank"":6991,""user_stage"":200}"
"stage_reached_200 (App)",,,"{""Time"":""2026-04-02 21:09:37"",""UserUUID"":""68238480-29df-11f1-8593-cba6c0b67bc5"",""attendanceCount"":7,""attendance_count"":7,""b.diamond"":317679,""b.ruby"":220,""boxAllCount"":3020,""curserver"":1,""equipmentData"":""W:20_0A:19_0"",""install_day"":""2026-03-27"",""totalPayment"":62700,""total_payment_amount"":62700,""user_name"":""양정수"",""user_rank"":6942,""user_stage"":200}"
"stage_reached_200 (App)",,,"{""Time"":""2026-04-02 20:34:33"",""UserUUID"":""34a8b5c0-27e2-11f1-bd00-618de708637a"",""attendanceCount"":9,""attendance_count"":9,""b.diamond"":29384,""b.ruby"":0,""boxAllCount"":6500,""curserver"":1,""equipmentData"":""W:20_0A:20_0"",""install_day"":""2026-03-25"",""totalPayment"":7700,""total_payment_amount"":7700,""user_name"":""akdj"",""user_rank"":6919,""user_stage"":200}"
"stage_reached_200 (App)",,,"{""Time"":""2026-04-02 20:18:57"",""UserUUID"":""0dc86a10-1f57-11f1-8db4-0d8ede5b41f1"",""attendanceCount"":18,""attendance_count"":18,""b.diamond"":96718,""b.ruby"":0,""boxAllCount"":17310,""curserver"":1,""equipmentData"":""W:22_0A:21_0"",""install_day"":""2026-03-14"",""totalPayment"":0,""total_payment_amount"":0,""user_name"":""니키닉키"",""user_rank"":6971,""user_stage"":200}"
"stage_reached_200 (App)",,,"{""Time"":""2026-04-02 19:35:32"",""UserUUID"":""90391d70-290a-11f1-82d2-77b25b6a0fc6"",""attendanceCount"":7,""attendance_count"":7,""b.diamond"":27551,""b.ruby"":0,""boxAllCount"":3510,""curserver"":1,""equipmentData"":""W:20_0A:19_0"",""install_day"":""2026-03-26"",""totalPayment"":7700,""total_payment_amount"":7700,""user_name"":""liooo"",""user_rank"":7245,""user_stage"":200}"
"stage_reached_200 (App)",,,"{""Time"":""2026-04-02 19:23:00"",""UserUUID"":""a38e2b80-2726-11f1-af37-c52ceda7f046"",""attendanceCount"":10,""attendance_count"":10,""b.diamond"":513434,""b.ruby"":0,""boxAllCount"":3960,""curserver"":1,""equipmentData"":""W:22_0A:19_0"",""install_day"":""2026-03-24"",""totalPayment"":0,""total_payment_amount"":0,""user_name"":""훈련소가야지"",""user_rank"":7051,""user_stage"":200}"
"stage_reached_200 (App)",,,"{""Time"":""2026-04-02 19:16:46"",""UserUUID"":""7fc2c150-2b1a-11f1-bcd6-412bef1bc918"",""attendanceCount"":5,""attendance_count"":5,""b.diamond"":2419,""b.ruby"":0,""boxAllCount"":6000,""curserver"":1,""equipmentData"":""W:23_0A:20_0"",""install_day"":""2026-03-29"",""totalPayment"":0,""total_payment_amount"":0,""user_name"":""누난내여자니까"",""user_rank"":6921,""user_stage"":200}"
"stage_reached_200 (App)",,,"{""Time"":""2026-04-02 15:20:01"",""UserUUID"":""b9ba28c0-299f-11f1-ac20-4741bef68f0b"",""attendanceCount"":7,""attendance_count"":7,""b.diamond"":24452,""b.ruby"":0,""boxAllCount"":6310,""curserver"":1,""equipmentData"":""W:22_0A:22_0"",""install_day"":""2026-03-27"",""totalPayment"":7700,""total_payment_amount"":7700,""user_name"":""신준영"",""user_rank"":7091,""user_stage"":200}"
"stage_reached_200 (App)",,,"{""Time"":""2026-04-02 14:43:18"",""UserUUID"":""ff67b460-2c23-11f1-9096-353a4025999c"",""attendanceCount"":4,""attendance_count"":4,""b.diamond"":103996,""b.ruby"":0,""boxAllCount"":5230,""curserver"":1,""equipmentData"":""W:23_0A:22_0"",""install_day"":""2026-03-30"",""totalPayment"":7700,""total_payment_amount"":7700,""user_name"":""백삼"",""user_rank"":7241,""user_stage"":200}"
"stage_reached_200 (App)",,,"{""Time"":""2026-04-02 14:23:36"",""UserUUID"":""1037ac10-2b2e-11f1-b3a5-75f416a042ba"",""attendanceCount"":4,""attendance_count"":4,""b.diamond"":17218,""b.ruby"":0,""boxAllCount"":1680,""curserver"":1,""equipmentData"":""W:21_0A:18_0"",""install_day"":""2026-03-29"",""totalPayment"":102300,""total_payment_amount"":102300,""user_name"":""두목쓰"",""user_rank"":8385,""user_stage"":200}"
"stage_reached_200 (App)",,,"{""Time"":""2026-04-02 13:50:54"",""UserUUID"":""23d9a9d0-21c4-11f1-ae88-6110252beaa7"",""attendanceCount"":17,""attendance_count"":17,""b.diamond"":3606,""b.ruby"":0,""boxAllCount"":6030,""curserver"":1,""equipmentData"":""W:20_0A:20_0"",""install_day"":""2026-03-17"",""totalPayment"":0,""total_payment_amount"":0,""user_name"":""고윤"",""user_rank"":6935,""user_stage"":200}"
"stage_reached_200 (App)",,,"{""Time"":""2026-04-02 11:18:39"",""UserUUID"":""b410f1c0-2b0b-11f1-b45b-ad48d431ee0d"",""attendanceCount"":5,""attendance_count"":5,""b.diamond"":123805,""b.ruby"":110,""boxAllCount"":2460,""curserver"":1,""equipmentData"":""W:21_0A:19_0"",""install_day"":""2026-03-29"",""totalPayment"":8800,""total_payment_amount"":8800,""user_name"":""오리오리"",""user_rank"":7044,""user_stage"":200}"
"stage_reached_200 (App)",,,"{""Time"":""2026-04-02 11:09:44"",""UserUUID"":""acfc9160-16d3-11f1-ae82-113d0ec280af"",""attendanceCount"":31,""attendance_count"":31,""b.diamond"":1042177,""b.ruby"":0,""boxAllCount"":4180,""curserver"":1,""equipmentData"":""W:21_0A:20_0"",""install_day"":""2026-03-03"",""totalPayment"":0,""total_payment_amount"":0,""user_name"":""Sanctus"",""user_rank"":7045,""user_stage"":200}"
"stage_reached_200 (App)",,,"{""Time"":""2026-04-02 11:01:14"",""UserUUID"":""5688dc90-187b-11f1-a85f-31e742598f8d"",""attendanceCount"":15,""attendance_count"":15,""b.diamond"":253738,""b.ruby"":0,""boxAllCount"":3490,""curserver"":1,""equipmentData"":""W:21_0A:19_0"",""install_day"":""2026-03-05"",""totalPayment"":7700,""total_payment_amount"":7700,""user_name"":""또리왕자"",""user_rank"":6992,""user_stage"":200}"
"stage_reached_200 (App)",,,"{""Time"":""2026-04-02 10:03:14"",""UserUUID"":""cecdc580-6d18-11f0-9497-07950a6b2df0"",""attendanceCount"":11,""attendance_count"":11,""b.diamond"":178491,""b.ruby"":0,""boxAllCount"":1380,""curserver"":1,""equipmentData"":""W:22_0A:19_0"",""install_day"":""2025-07-30"",""totalPayment"":0,""total_payment_amount"":0,""user_name"":""준돈"",""user_rank"":7523,""user_stage"":200}"
"stage_reached_200 (App)",,,"{""Time"":""2026-04-02 09:03:51"",""UserUUID"":""ebe59140-2ca6-11f1-ac7b-cb5b42ff84c2"",""attendanceCount"":3,""attendance_count"":3,""b.diamond"":319693,""b.ruby"":330,""boxAllCount"":4610,""curserver"":1,""equipmentData"":""W:21_0A:19_0"",""install_day"":""2026-03-31"",""totalPayment"":117700,""total_payment_amount"":117700,""user_name"":""도토리요정"",""user_rank"":7638,""user_stage"":200}"
"stage_reached_200 (App)",,,"{""Time"":""2026-04-02 08:28:28"",""UserUUID"":""05fb37f0-2721-11f1-a0f6-c34f83ee8f27"",""attendanceCount"":10,""attendance_count"":10,""b.diamond"":169352,""b.ruby"":0,""boxAllCount"":6100,""curserver"":1,""equipmentData"":""W:20_0A:21_0"",""install_day"":""2026-03-24"",""totalPayment"":7700,""total_payment_amount"":7700,""user_name"":""뚱이올시다"",""user_rank"":6958,""user_stage"":200}"
"stage_reached_200 (App)",,,"{""Time"":""2026-04-02 08:18:21"",""UserUUID"":""c41b8370-2b0e-11f1-9880-410ddebe0ed5"",""attendanceCount"":5,""attendance_count"":5,""b.diamond"":88310,""b.ruby"":0,""boxAllCount"":1320,""curserver"":1,""equipmentData"":""W:19_0A:19_0"",""install_day"":""2026-03-29"",""totalPayment"":38500,""total_payment_amount"":38500,""user_name"":""황효근"",""user_rank"":7372,""user_stage"":200}"
"stage_reached_200 (App)",,,"{""Time"":""2026-04-02 07:58:08"",""UserUUID"":""db32d4c0-24b8-11f1-a8ac-91c09b52e98d"",""attendanceCount"":13,""attendance_count"":13,""b.diamond"":220309,""b.ruby"":0,""boxAllCount"":7550,""curserver"":1,""equipmentData"":""W:20_0A:20_0"",""install_day"":""2026-03-20"",""totalPayment"":7700,""total_payment_amount"":7700,""user_name"":""건빵중독"",""user_rank"":6903,""user_stage"":200}"
"stage_reached_200 (App)",,,"{""Time"":""2026-04-02 07:40:27"",""UserUUID"":""4d5ff5c0-16a7-11f1-8621-eb80ef2ddcc6"",""attendanceCount"":31,""attendance_count"":31,""b.diamond"":3356898,""b.ruby"":0,""boxAllCount"":2940,""curserver"":1,""equipmentData"":""W:23_0A:19_0"",""install_day"":""2026-03-03"",""totalPayment"":7700,""total_payment_amount"":7700,""user_name"":""airqh276"",""user_rank"":6923,""user_stage"":200}"
"stage_reached_200 (App)",,,"{""Time"":""2026-04-02 06:39:55"",""UserUUID"":""9bb9b110-2af8-11f1-a098-9b933c4ac87a"",""attendanceCount"":5,""attendance_count"":5,""b.diamond"":105393,""b.ruby"":0,""boxAllCount"":3000,""curserver"":1,""equipmentData"":""W:19_0A:19_0"",""install_day"":""2026-03-28"",""totalPayment"":7700,""total_payment_amount"":7700,""user_name"":""석이요"",""user_rank"":7080,""user_stage"":200}"
"stage_reached_200 (App)",,,"{""Time"":""2026-04-02 06:00:25"",""UserUUID"":""ded207b0-219b-11f1-8e20-5f5ef6cc6eb0"",""attendanceCount"":17,""attendance_count"":17,""b.diamond"":81174,""b.ruby"":0,""boxAllCount"":6330,""curserver"":1,""equipmentData"":""W:23_0A:20_0"",""install_day"":""2026-03-17"",""totalPayment"":7700,""total_payment_amount"":7700,""user_name"":""카뤼"",""user_rank"":7080,""user_stage"":200}"
"stage_reached_200 (App)",,,"{""Time"":""2026-04-02 01:53:46"",""UserUUID"":""4a026440-2b1e-11f1-9aae-fbaee718e09e"",""attendanceCount"":5,""attendance_count"":5,""b.diamond"":22858,""b.ruby"":0,""boxAllCount"":4640,""curserver"":1,""equipmentData"":""W:22_0A:21_0"",""install_day"":""2026-03-29"",""totalPayment"":7700,""total_payment_amount"":7700,""user_name"":""배뚝삼"",""user_rank"":7075,""user_stage"":200}"
"stage_reached_200 (App)",,,"{""Time"":""2026-04-02 00:55:16"",""UserUUID"":""c8735c50-2b44-11f1-a04d-e982c9141b8a"",""attendanceCount"":5,""attendance_count"":5,""b.diamond"":112769,""b.ruby"":0,""boxAllCount"":3060,""curserver"":1,""equipmentData"":""W:22_0A:19_0"",""install_day"":""2026-03-29"",""totalPayment"":39600,""total_payment_amount"":39600,""user_name"":""두호"",""user_rank"":7077,""user_stage"":200}"
"stage_reached_200 (App)",,,"{""Time"":""2026-04-02 00:42:47"",""UserUUID"":""67840b30-22c3-11f1-80a2-cb6a9a48b58b"",""attendanceCount"":15,""attendance_count"":15,""b.diamond"":141234,""b.ruby"":0,""boxAllCount"":840,""curserver"":1,""equipmentData"":""W:20_0A:19_0"",""install_day"":""2026-03-18"",""totalPayment"":0,""total_payment_amount"":0,""user_name"":""시끄럽"",""user_rank"":6918,""user_stage"":200}"
"stage_reached_200 (App)",,,"{""Time"":""2026-04-02 00:29:07"",""UserUUID"":""a071aef0-760e-11f0-8f39-b56da43aab5d"",""attendanceCount"":14,""attendance_count"":14,""b.diamond"":143790,""b.ruby"":0,""boxAllCount"":6030,""curserver"":1,""equipmentData"":""W:20_0A:19_0"",""install_day"":""2025-08-10"",""totalPayment"":0,""total_payment_amount"":0,""user_name"":""계란찜추가"",""user_rank"":7005,""user_stage"":200}"
"stage_reached_200 (App)",,,"{""Time"":""2026-04-01 23:22:02"",""UserUUID"":""35643e90-2cb9-11f1-9e8f-bbbed8498fab"",""attendanceCount"":2,""attendance_count"":2,""b.diamond"":1257,""b.ruby"":3190,""boxAllCount"":9100,""curserver"":1,""equipmentData"":""W:22_0A:20_0"",""install_day"":""2026-03-31"",""totalPayment"":210100,""total_payment_amount"":210100,""user_name"":""쿠크다스"",""user_rank"":7890,""user_stage"":200}"
"stage_reached_200 (App)",,,"{""Time"":""2026-04-01 23:16:37"",""UserUUID"":""86c07040-2586-11f1-9e0d-219a848fcc13"",""attendanceCount"":11,""attendance_count"":11,""b.diamond"":495513,""b.ruby"":0,""boxAllCount"":3120,""curserver"":1,""equipmentData"":""W:22_0A:19_0"",""install_day"":""2026-03-22"",""totalPayment"":7700,""total_payment_amount"":7700,""user_name"":""아롱맨"",""user_rank"":6948,""user_stage"":200}"
"stage_reached_200 (App)",,,"{""Time"":""2026-04-01 22:44:59"",""UserUUID"":""7f5a1dd0-261f-11f1-a049-aba53858572a"",""attendanceCount"":10,""attendance_count"":10,""b.diamond"":360663,""b.ruby"":0,""boxAllCount"":3990,""curserver"":1,""equipmentData"":""W:21_0A:19_0"",""install_day"":""2026-03-22"",""totalPayment"":7700,""total_payment_amount"":7700,""user_name"":""룰루라랄"",""user_rank"":7147,""user_stage"":200}"
"stage_reached_200 (App)",,,"{""Time"":""2026-04-01 20:34:30"",""UserUUID"":""bb4f2a00-24a4-11f1-bf11-5548090f221d"",""attendanceCount"":12,""attendance_count"":12,""b.diamond"":205796,""b.ruby"":0,""boxAllCount"":660,""curserver"":1,""equipmentData"":""W:20_0A:19_0"",""install_day"":""2026-03-20"",""totalPayment"":0,""total_payment_amount"":0,""user_name"":""거닝"",""user_rank"":6914,""user_stage"":200}"
"stage_reached_200 (App)",,,"{""Time"":""2026-04-01 15:26:34"",""UserUUID"":""d0f762e0-287e-11f1-8aee-c78ad918e3e0"",""attendanceCount"":7,""attendance_count"":7,""b.diamond"":8110,""b.ruby"":0,""boxAllCount"":1090,""curserver"":1,""equipmentData"":""W:20_0A:19_0"",""install_day"":""2026-03-25"",""totalPayment"":7700,""total_payment_amount"":7700,""user_name"":""고노"",""user_rank"":6997,""user_stage"":200}"
"stage_reached_200 (App)",,,"{""Time"":""2026-04-01 15:22:55"",""UserUUID"":""57856c20-2a2e-11f1-87e6-c921eb5d35eb"",""attendanceCount"":5,""attendance_count"":5,""b.diamond"":2004,""b.ruby"":0,""boxAllCount"":2610,""curserver"":1,""equipmentData"":""W:22_0A:19_0"",""install_day"":""2026-03-27"",""totalPayment"":62700,""total_payment_amount"":62700,""user_name"":""오다구리"",""user_rank"":6997,""user_stage"":200}"
"stage_reached_200 (App)",,,"{""Time"":""2026-04-01 11:25:27"",""UserUUID"":""5fac0d30-25b7-11f1-8785-adadc6674b48"",""attendanceCount"":11,""attendance_count"":11,""b.diamond"":18617,""b.ruby"":0,""boxAllCount"":7230,""curserver"":1,""equipmentData"":""W:21_0A:20_0"",""install_day"":""2026-03-22"",""totalPayment"":0,""total_payment_amount"":0,""user_name"":""꼬꼬마닝겐"",""user_rank"":6913,""user_stage"":200}"
"stage_reached_200 (App)",,,"{""Time"":""2026-04-01 11:00:03"",""UserUUID"":""56941350-2b57-11f1-925c-3f6869ee6018"",""attendanceCount"":4,""attendance_count"":4,""b.diamond"":148758,""b.ruby"":1540,""boxAllCount"":2620,""curserver"":1,""equipmentData"":""W:23_0A:18_0"",""install_day"":""2026-03-29"",""totalPayment"":139700,""total_payment_amount"":139700,""user_name"":""다니엘코미어"",""user_rank"":7274,""user_stage"":200}"
"stage_reached_200 (App)",,,"{""Time"":""2026-04-01 07:55:10"",""UserUUID"":""40af5690-2520-11f1-94d6-ebc5656ddc66"",""attendanceCount"":12,""attendance_count"":12,""b.diamond"":8042,""b.ruby"":0,""boxAllCount"":1620,""curserver"":1,""equipmentData"":""W:21_0A:19_0"",""install_day"":""2026-03-21"",""totalPayment"":0,""total_payment_amount"":0,""user_name"":""마포구김감자"",""user_rank"":6911,""user_stage"":200}"
"stage_reached_200 (App)",,,"{""Time"":""2026-04-01 07:08:46"",""UserUUID"":""05556c90-2946-11f1-a742-852f612dd833"",""attendanceCount"":6,""attendance_count"":6,""b.diamond"":1529,""b.ruby"":0,""boxAllCount"":2370,""curserver"":1,""equipmentData"":""W:22_0A:19_0"",""install_day"":""2026-03-26"",""totalPayment"":30800,""total_payment_amount"":30800,""user_name"":""제눈으로똑똑"",""user_rank"":6961,""user_stage"":200}"
"stage_reached_200 (App)",,,"{""Time"":""2026-04-01 04:33:45"",""UserUUID"":""3edabcc0-2885-11f1-a6e9-cb549d2f437d"",""attendanceCount"":7,""attendance_count"":7,""b.diamond"":60634,""b.ruby"":0,""boxAllCount"":4330,""curserver"":1,""equipmentData"":""W:22_0A:19_0"",""install_day"":""2026-03-25"",""totalPayment"":7700,""total_payment_amount"":7700,""user_name"":""랜잉"",""user_rank"":7331,""user_stage"":200}"
"stage_reached_200 (App)",,,"{""Time"":""2026-04-01 01:24:32"",""UserUUID"":""d8b1ee20-2b7a-11f1-a5cd-23d4c2224296"",""attendanceCount"":4,""attendance_count"":4,""b.diamond"":196305,""b.ruby"":1210,""boxAllCount"":2220,""curserver"":1,""equipmentData"":""W:23_0A:19_0"",""install_day"":""2026-03-29"",""totalPayment"":62700,""total_payment_amount"":62700,""user_name"":""갸악"",""user_rank"":7167,""user_stage"":200}"
"stage_reached_200 (App)",,,"{""Time"":""2026-04-01 01:08:02"",""UserUUID"":""a1acf610-27ef-11f1-a4dc-917af5dc9fec"",""attendanceCount"":8,""attendance_count"":8,""b.diamond"":643677,""b.ruby"":0,""boxAllCount"":3840,""curserver"":1,""equipmentData"":""W:20_0A:20_0"",""install_day"":""2026-03-25"",""totalPayment"":7700,""total_payment_amount"":7700,""user_name"":""고노도리"",""user_rank"":6986,""user_stage"":200}"
"stage_reached_200 (App)",,,"{""Time"":""2026-04-01 00:11:03"",""UserUUID"":""514ce930-29f4-11f1-b49a-3be2afb5ab4a"",""attendanceCount"":5,""attendance_count"":5,""b.diamond"":71262,""b.ruby"":0,""boxAllCount"":2430,""curserver"":1,""equipmentData"":""W:21_0A:19_0"",""install_day"":""2026-03-27"",""totalPayment"":7700,""total_payment_amount"":7700,""user_name"":""luta"",""user_rank"":6934,""user_stage"":200}"
