"Event Category","Event Action","Event Label","Custom Event Properties"
"stage_reached_200 (App)","W:23_0A:20_0","12","{""attendance_count"":12,""install_day"":""2025-07-18"",""total_payment_amount"":0,""user_name"":""지빠빠"",""user_rank"":2620,""user_stage"":200}"
"stage_reached_200 (App)","W:22_0A:20_0","12","{""attendance_count"":12,""install_day"":""2025-07-19"",""total_payment_amount"":0,""user_name"":""능구"",""user_rank"":2260,""user_stage"":200}"
"stage_reached_200 (App)","W:23_0A:19_0","11","{""attendance_count"":11,""install_day"":""2025-07-20"",""total_payment_amount"":7700,""user_name"":""딩떵이"",""user_rank"":2742,""user_stage"":200}"
"stage_reached_200 (App)","W:21_0A:19_0","1","{""attendance_count"":1,""install_day"":""2025-07-31"",""total_payment_amount"":227700,""user_name"":""옥지의빵빵이"",""user_rank"":3063,""user_stage"":200}"
"stage_reached_200 (App)","W:20_0A:19_0","6","{""attendance_count"":6,""install_day"":""2025-07-25"",""total_payment_amount"":7700,""user_name"":""난망고다"",""user_rank"":2309,""user_stage"":200}"
"stage_reached_200 (App)","W:21_0A:19_0","6","{""attendance_count"":6,""install_day"":""2025-07-26"",""total_payment_amount"":0,""user_name"":""올롷로"",""user_rank"":2166,""user_stage"":200}"
"stage_reached_200 (App)","W:23_0A:19_0","16","{""attendance_count"":16,""install_day"":""2025-07-15"",""total_payment_amount"":0,""user_name"":""수경선생"",""user_rank"":3182,""user_stage"":200}"
"stage_reached_200 (App)","W:22_0A:19_0","7","{""attendance_count"":7,""install_day"":""2025-07-23"",""total_payment_amount"":0,""user_name"":""유진님"",""user_rank"":2260,""user_stage"":200}"
"stage_reached_200 (App)","W:21_0A:19_0","6","{""attendance_count"":6,""install_day"":""2025-07-26"",""total_payment_amount"":7700,""user_name"":""붕어알"",""user_rank"":2106,""user_stage"":200}"
"stage_reached_200 (App)","W:21_0A:20_0","13","{""attendance_count"":13,""install_day"":""2025-07-19"",""total_payment_amount"":0,""user_name"":""태종태세문"",""user_rank"":2165,""user_stage"":200}"
"stage_reached_200 (App)","W:20_0A:19_0","11","{""attendance_count"":11,""install_day"":""2025-07-19"",""total_payment_amount"":7700,""user_name"":""PODO"",""user_rank"":2184,""user_stage"":200}"
"stage_reached_200 (App)","W:21_0A:19_0","11","{""attendance_count"":11,""install_day"":""2025-07-19"",""total_payment_amount"":7700,""user_name"":""모지"",""user_rank"":2280,""user_stage"":200}"
"stage_reached_200 (App)","W:22_0A:19_0","15","{""attendance_count"":15,""install_day"":""2025-07-16"",""total_payment_amount"":11000,""user_name"":""IanFam"",""user_rank"":2215,""user_stage"":200}"
"stage_reached_200 (App)","W:20_0A:20_0","13","{""attendance_count"":13,""install_day"":""2025-07-19"",""total_payment_amount"":7700,""user_name"":""백호랑이"",""user_rank"":2150,""user_stage"":200}"
"stage_reached_200 (App)","W:22_0A:19_0","6","{""attendance_count"":6,""install_day"":""2025-07-26"",""total_payment_amount"":7700,""user_name"":""북극곰한마리"",""user_rank"":2277,""user_stage"":200}"
"stage_reached_200 (App)","W:20_0A:19_0","9","{""attendance_count"":9,""install_day"":""2025-07-23"",""total_payment_amount"":7700,""user_name"":""지삼선생"",""user_rank"":2254,""user_stage"":200}"
"stage_reached_200 (App)","W:21_0A:19_0","6","{""attendance_count"":6,""install_day"":""2025-07-26"",""total_payment_amount"":7700,""user_name"":""판초의"",""user_rank"":2151,""user_stage"":200}"
"stage_reached_200 (App)","W:20_0A:19_0","10","{""attendance_count"":10,""install_day"":""2025-07-22"",""total_payment_amount"":7700,""user_name"":""한방이아부지"",""user_rank"":2138,""user_stage"":200}"
"stage_reached_200 (App)","W:20_0A:19_0","9","{""attendance_count"":9,""install_day"":""2025-07-22"",""total_payment_amount"":8800,""user_name"":""허수아비광땡"",""user_rank"":2161,""user_stage"":200}"
"stage_reached_200 (App)","W:21_0A:19_0","12","{""attendance_count"":12,""install_day"":""2025-07-20"",""total_payment_amount"":0,""user_name"":""덕유산담비"",""user_rank"":2272,""user_stage"":200}"
"stage_reached_200 (App)","W:20_0A:19_0","8","{""attendance_count"":8,""install_day"":""2025-07-24"",""total_payment_amount"":7700,""user_name"":""Sion7"",""user_rank"":2157,""user_stage"":200}"
"stage_reached_200 (App)","W:20_0A:19_0","12","{""attendance_count"":12,""install_day"":""2025-07-20"",""total_payment_amount"":47300,""user_name"":""김춘배"",""user_rank"":2140,""user_stage"":200}"
"stage_reached_200 (App)","W:20_0A:19_0","7","{""attendance_count"":7,""install_day"":""2025-07-24"",""total_payment_amount"":7700,""user_name"":""사임당"",""user_rank"":2217,""user_stage"":200}"
"stage_reached_200 (App)","W:20_0A:19_0","8","{""attendance_count"":8,""install_day"":""2025-07-17"",""total_payment_amount"":7700,""user_name"":""야식은족발보쌈"",""user_rank"":2239,""user_stage"":200}"
"stage_reached_200 (App)","W:20_0A:19_0","7","{""attendance_count"":7,""install_day"":""2025-07-25"",""total_payment_amount"":117700,""user_name"":""봄마토"",""user_rank"":2153,""user_stage"":200}"
"stage_reached_200 (App)","W:23_0A:19_0","12","{""attendance_count"":12,""install_day"":""2025-07-17"",""total_payment_amount"":7700,""user_name"":""hosun"",""user_rank"":2277,""user_stage"":200}"
"stage_reached_200 (App)","W:20_0A:19_0","10","{""attendance_count"":10,""install_day"":""2025-07-21"",""total_payment_amount"":7700,""user_name"":""깽쓰"",""user_rank"":2151,""user_stage"":200}"
"stage_reached_200 (App)","W:22_0A:21_0","13","{""attendance_count"":13,""install_day"":""2025-07-18"",""total_payment_amount"":0,""user_name"":""잠자는고래"",""user_rank"":2239,""user_stage"":200}"
"stage_reached_200 (App)","W:22_0A:18_0","2","{""attendance_count"":2,""install_day"":""2025-07-30"",""total_payment_amount"":128700,""user_name"":""l대마왕l"",""user_rank"":2292,""user_stage"":200}"
"stage_reached_200 (App)","W:23_0A:20_0","5","{""attendance_count"":5,""install_day"":""2025-07-27"",""total_payment_amount"":7700,""user_name"":""해티"",""user_rank"":3109,""user_stage"":200}"
"stage_reached_200 (App)","W:20_0A:20_0","14","{""attendance_count"":14,""install_day"":""2025-07-18"",""total_payment_amount"":7700,""user_name"":""양피롱"",""user_rank"":2197,""user_stage"":200}"
"stage_reached_200 (App)","W:21_0A:22_0","13","{""attendance_count"":13,""install_day"":""2025-07-18"",""total_payment_amount"":18700,""user_name"":""minjaema"",""user_rank"":2196,""user_stage"":200}"
"stage_reached_200 (App)","W:23_0A:18_0","5","{""attendance_count"":5,""install_day"":""2025-07-27"",""total_payment_amount"":7700,""user_name"":""대장군"",""user_rank"":2131,""user_stage"":200}"
"stage_reached_200 (App)","W:20_0A:19_0","10","{""attendance_count"":10,""install_day"":""2025-07-18"",""total_payment_amount"":7700,""user_name"":""다움이룸"",""user_rank"":2150,""user_stage"":200}"
"stage_reached_200 (App)","W:20_0A:19_0","13","{""attendance_count"":13,""install_day"":""2025-07-19"",""total_payment_amount"":7700,""user_name"":""플로아"",""user_rank"":2365,""user_stage"":200}"
"stage_reached_200 (App)","W:23_0A:19_0","5","{""attendance_count"":5,""install_day"":""2025-07-27"",""total_payment_amount"":49500,""user_name"":""허어어니"",""user_rank"":2122,""user_stage"":200}"
"stage_reached_200 (App)","W:20_0A:19_0","9","{""attendance_count"":9,""install_day"":""2025-07-22"",""total_payment_amount"":0,""user_name"":""dlwbaok"",""user_rank"":2157,""user_stage"":200}"
"stage_reached_200 (App)","W:20_0A:19_0","8","{""attendance_count"":8,""install_day"":""2025-07-24"",""total_payment_amount"":7700,""user_name"":""프리콩"",""user_rank"":2125,""user_stage"":200}"
"stage_reached_200 (App)","W:19_0A:19_0","6","{""attendance_count"":6,""install_day"":""2025-07-26"",""total_payment_amount"":29700,""user_name"":""구찌앤참깨"",""user_rank"":2244,""user_stage"":200}"
"stage_reached_200 (App)","W:21_0A:19_0","9","{""attendance_count"":9,""install_day"":""2025-07-23"",""total_payment_amount"":40700,""user_name"":""아까그넘"",""user_rank"":2140,""user_stage"":200}"
"stage_reached_200 (App)","W:20_0A:19_0","4","{""attendance_count"":4,""install_day"":""2025-07-28"",""total_payment_amount"":40700,""user_name"":""업적"",""user_rank"":2134,""user_stage"":200}"
"stage_reached_200 (App)","W:20_0A:19_0","13","{""attendance_count"":13,""install_day"":""2025-07-18"",""total_payment_amount"":0,""user_name"":""roxx"",""user_rank"":2198,""user_stage"":200}"
"stage_reached_200 (App)","W:20_0A:19_0","9","{""attendance_count"":9,""install_day"":""2025-07-23"",""total_payment_amount"":7700,""user_name"":""백두혈통"",""user_rank"":2154,""user_stage"":200}"
"stage_reached_200 (App)","W:21_0A:19_0","7","{""attendance_count"":7,""install_day"":""2025-07-25"",""total_payment_amount"":7700,""user_name"":""서백"",""user_rank"":2185,""user_stage"":200}"
"stage_reached_200 (App)","W:20_0A:19_0","13","{""attendance_count"":13,""install_day"":""2025-07-17"",""total_payment_amount"":0,""user_name"":""그것만이내세상"",""user_rank"":2133,""user_stage"":200}"
"stage_reached_200 (App)","W:20_0A:20_0","10","{""attendance_count"":10,""install_day"":""2025-07-17"",""total_payment_amount"":7700,""user_name"":""설설"",""user_rank"":2273,""user_stage"":200}"
"stage_reached_200 (App)","W:22_0A:19_0","4","{""attendance_count"":4,""install_day"":""2025-07-27"",""total_payment_amount"":7700,""user_name"":""이만두"",""user_rank"":2126,""user_stage"":200}"
"stage_reached_200 (App)","W:19_0A:19_0","6","{""attendance_count"":6,""install_day"":""2025-07-26"",""total_payment_amount"":40700,""user_name"":""권률"",""user_rank"":2124,""user_stage"":200}"
"stage_reached_200 (App)","W:22_0A:19_0","8","{""attendance_count"":8,""install_day"":""2025-07-23"",""total_payment_amount"":18700,""user_name"":""나야아"",""user_rank"":2143,""user_stage"":200}"
"stage_reached_200 (App)","W:19_0A:19_0","6","{""attendance_count"":6,""install_day"":""2025-07-26"",""total_payment_amount"":11000,""user_name"":""꿍도사"",""user_rank"":2110,""user_stage"":200}"
"stage_reached_200 (App)","W:20_0A:19_0","10","{""attendance_count"":10,""install_day"":""2025-07-22"",""total_payment_amount"":7700,""user_name"":""파파뀨뀨"",""user_rank"":2142,""user_stage"":200}"
"stage_reached_200 (App)","W:20_0A:19_0","13","{""attendance_count"":13,""install_day"":""2025-07-19"",""total_payment_amount"":0,""user_name"":""사과한대맞은뉴턴"",""user_rank"":2181,""user_stage"":200}"
"stage_reached_200 (App)","W:22_0A:19_0","5","{""attendance_count"":5,""install_day"":""2025-07-27"",""total_payment_amount"":0,""user_name"":""sh"",""user_rank"":2428,""user_stage"":200}"
"stage_reached_200 (App)","W:20_0A:19_0","12","{""attendance_count"":12,""install_day"":""2025-07-20"",""total_payment_amount"":0,""user_name"":""땋땋"",""user_rank"":2180,""user_stage"":200}"
"stage_reached_200 (App)","W:18_0A:16_0","3","{""attendance_count"":3,""install_day"":""2025-07-29"",""total_payment_amount"":140800,""user_name"":""초인고양이"",""user_rank"":2229,""user_stage"":200}"
"stage_reached_200 (App)","W:20_0A:19_0","9","{""attendance_count"":9,""install_day"":""2025-07-23"",""total_payment_amount"":7700,""user_name"":""여부"",""user_rank"":2258,""user_stage"":200}"
"stage_reached_200 (App)","W:20_0A:19_0","10","{""attendance_count"":10,""install_day"":""2025-07-22"",""total_payment_amount"":7700,""user_name"":""오로바"",""user_rank"":2091,""user_stage"":200}"
"stage_reached_200 (App)","W:20_0A:19_0","13","{""attendance_count"":13,""install_day"":""2025-07-19"",""total_payment_amount"":7700,""user_name"":""민드래곤"",""user_rank"":2134,""user_stage"":200}"
"stage_reached_200 (App)","W:20_0A:19_0","8","{""attendance_count"":8,""install_day"":""2025-07-24"",""total_payment_amount"":7700,""user_name"":""츄츄마카롱"",""user_rank"":2128,""user_stage"":200}"
"stage_reached_200 (App)","W:22_0A:19_0","7","{""attendance_count"":7,""install_day"":""2025-07-25"",""total_payment_amount"":11000,""user_name"":""어디로"",""user_rank"":2135,""user_stage"":200}"
"stage_reached_200 (App)","W:20_0A:19_0","7","{""attendance_count"":7,""install_day"":""2025-07-24"",""total_payment_amount"":60500,""user_name"":""순간적쾌락"",""user_rank"":2090,""user_stage"":200}"
"stage_reached_200 (App)","W:23_0A:19_0","11","{""attendance_count"":11,""install_day"":""2025-07-19"",""total_payment_amount"":14300,""user_name"":""난킬"",""user_rank"":2161,""user_stage"":200}"
"stage_reached_200 (App)","W:20_0A:21_0","8","{""attendance_count"":8,""install_day"":""2025-07-24"",""total_payment_amount"":29700,""user_name"":""aurora"",""user_rank"":2092,""user_stage"":200}"
"stage_reached_200 (App)","W:21_0A:19_0","6","{""attendance_count"":6,""install_day"":""2025-07-25"",""total_payment_amount"":38500,""user_name"":""as24"",""user_rank"":2155,""user_stage"":200}"
"stage_reached_200 (App)","W:20_0A:19_0","8","{""attendance_count"":8,""install_day"":""2025-07-24"",""total_payment_amount"":14300,""user_name"":""도윤"",""user_rank"":2590,""user_stage"":200}"
"stage_reached_200 (App)","W:20_0A:19_0","8","{""attendance_count"":8,""install_day"":""2025-07-24"",""total_payment_amount"":40700,""user_name"":""맹장"",""user_rank"":2190,""user_stage"":200}"
"stage_reached_200 (App)","W:21_0A:19_0","8","{""attendance_count"":8,""install_day"":""2025-07-24"",""total_payment_amount"":7700,""user_name"":""IKONGI"",""user_rank"":2092,""user_stage"":200}"
"stage_reached_200 (App)","W:20_0A:19_0","13","{""attendance_count"":13,""install_day"":""2025-07-19"",""total_payment_amount"":0,""user_name"":""날쎈꼬북"",""user_rank"":2169,""user_stage"":200}"
"stage_reached_200 (App)","W:23_0A:19_0","6","{""attendance_count"":6,""install_day"":""2025-07-26"",""total_payment_amount"":7700,""user_name"":""다크주"",""user_rank"":2462,""user_stage"":200}"
"stage_reached_200 (App)","W:19_0A:19_0","6","{""attendance_count"":6,""install_day"":""2025-07-26"",""total_payment_amount"":14300,""user_name"":""정동인"",""user_rank"":2103,""user_stage"":200}"
"stage_reached_200 (App)","W:20_0A:19_0","10","{""attendance_count"":10,""install_day"":""2025-07-22"",""total_payment_amount"":7700,""user_name"":""김한류"",""user_rank"":2190,""user_stage"":200}"
"stage_reached_200 (App)","W:20_0A:20_0","7","{""attendance_count"":7,""install_day"":""2025-07-24"",""total_payment_amount"":7700,""user_name"":""능애"",""user_rank"":2362,""user_stage"":200}"
"stage_reached_200 (App)","W:20_0A:19_0","10","{""attendance_count"":10,""install_day"":""2024-11-06"",""total_payment_amount"":7700,""user_name"":""탈레반"",""user_rank"":3210,""user_stage"":200}"
"stage_reached_200 (App)","W:20_0A:21_0","11","{""attendance_count"":11,""install_day"":""2025-07-21"",""total_payment_amount"":7700,""user_name"":""톰과제리"",""user_rank"":2130,""user_stage"":200}"
"stage_reached_200 (App)","W:22_0A:21_0","10","{""attendance_count"":10,""install_day"":""2025-07-21"",""total_payment_amount"":7700,""user_name"":""coupan"",""user_rank"":2086,""user_stage"":200}"
"stage_reached_200 (App)","W:22_0A:19_0","13","{""attendance_count"":13,""install_day"":""2025-07-16"",""total_payment_amount"":7700,""user_name"":""떵장군"",""user_rank"":2103,""user_stage"":200}"
"stage_reached_200 (App)","W:21_0A:19_0","14","{""attendance_count"":14,""install_day"":""2025-07-17"",""total_payment_amount"":0,""user_name"":""바람호"",""user_rank"":2145,""user_stage"":200}"
"stage_reached_200 (App)","W:21_0A:19_0","3","{""attendance_count"":3,""install_day"":""2025-07-29"",""total_payment_amount"":11000,""user_name"":""하늘고백"",""user_rank"":2073,""user_stage"":200}"
"stage_reached_200 (App)","W:22_0A:19_0","6","{""attendance_count"":6,""install_day"":""2025-07-26"",""total_payment_amount"":7700,""user_name"":""홈과보리"",""user_rank"":2082,""user_stage"":200}"
"stage_reached_200 (App)","W:23_0A:21_0","14","{""attendance_count"":14,""install_day"":""2025-07-18"",""total_payment_amount"":0,""user_name"":""낄낄"",""user_rank"":2097,""user_stage"":200}"
"stage_reached_200 (App)","W:20_0A:19_0","12","{""attendance_count"":12,""install_day"":""2025-07-19"",""total_payment_amount"":0,""user_name"":""dkfr123"",""user_rank"":2091,""user_stage"":200}"
"stage_reached_200 (App)","W:20_0A:19_0","10","{""attendance_count"":10,""install_day"":""2025-07-22"",""total_payment_amount"":11000,""user_name"":""핑크콧"",""user_rank"":2093,""user_stage"":200}"
"stage_reached_200 (App)","W:19_0A:16_0","2","{""attendance_count"":2,""install_day"":""2025-07-30"",""total_payment_amount"":172700,""user_name"":""심상"",""user_rank"":2130,""user_stage"":200}"
"stage_reached_200 (App)","W:22_0A:19_0","11","{""attendance_count"":11,""install_day"":""2025-07-16"",""total_payment_amount"":9900,""user_name"":""조조정"",""user_rank"":2172,""user_stage"":200}"
"stage_reached_200 (App)","W:20_0A:19_0","8","{""attendance_count"":8,""install_day"":""2025-07-22"",""total_payment_amount"":14300,""user_name"":""서준아빠"",""user_rank"":2073,""user_stage"":200}"
"stage_reached_200 (App)","W:20_0A:22_0","10","{""attendance_count"":10,""install_day"":""2025-07-18"",""total_payment_amount"":14300,""user_name"":""낙이"",""user_rank"":2277,""user_stage"":200}"
"stage_reached_200 (App)","W:20_0A:19_0","10","{""attendance_count"":10,""install_day"":""2025-07-21"",""total_payment_amount"":0,""user_name"":""2S313B"",""user_rank"":2061,""user_stage"":200}"
"stage_reached_200 (App)","W:20_0A:19_0","10","{""attendance_count"":10,""install_day"":""2025-07-22"",""total_payment_amount"":7700,""user_name"":""그것이나다"",""user_rank"":2144,""user_stage"":200}"
"stage_reached_200 (App)","W:20_0A:19_0","11","{""attendance_count"":11,""install_day"":""2025-07-21"",""total_payment_amount"":7700,""user_name"":""투명슬라임"",""user_rank"":2069,""user_stage"":200}"
"stage_reached_200 (App)","W:20_0A:19_0","14","{""attendance_count"":14,""install_day"":""2025-07-18"",""total_payment_amount"":0,""user_name"":""검은수염"",""user_rank"":2086,""user_stage"":200}"
"stage_reached_200 (App)","W:20_0A:19_0","8","{""attendance_count"":8,""install_day"":""2025-07-24"",""total_payment_amount"":7700,""user_name"":""알카라스"",""user_rank"":2121,""user_stage"":200}"
"stage_reached_200 (App)","W:20_0A:19_0","10","{""attendance_count"":10,""install_day"":""2025-07-22"",""total_payment_amount"":19800,""user_name"":""fourzero"",""user_rank"":2163,""user_stage"":200}"
"stage_reached_200 (App)","W:21_0A:19_0","12","{""attendance_count"":12,""install_day"":""2025-07-20"",""total_payment_amount"":29700,""user_name"":""스무디킹"",""user_rank"":2136,""user_stage"":200}"
"stage_reached_200 (App)","W:20_0A:19_0","7","{""attendance_count"":7,""install_day"":""2025-07-25"",""total_payment_amount"":7700,""user_name"":""닉네임표류기"",""user_rank"":2162,""user_stage"":200}"
"stage_reached_200 (App)","W:20_0A:19_0","6","{""attendance_count"":6,""install_day"":""2025-07-26"",""total_payment_amount"":73700,""user_name"":""규봉이"",""user_rank"":2078,""user_stage"":200}"
"stage_reached_200 (App)","W:20_0A:20_0","12","{""attendance_count"":12,""install_day"":""2025-07-20"",""total_payment_amount"":7700,""user_name"":""해롱"",""user_rank"":2052,""user_stage"":200}"
"stage_reached_200 (App)","W:23_0A:19_0","5","{""attendance_count"":5,""install_day"":""2025-07-26"",""total_payment_amount"":7700,""user_name"":""숭구리당당"",""user_rank"":2308,""user_stage"":200}"
"stage_reached_200 (App)","W:20_0A:20_0","14","{""attendance_count"":14,""install_day"":""2025-07-18"",""total_payment_amount"":0,""user_name"":""샨티아"",""user_rank"":2189,""user_stage"":200}"
"stage_reached_200 (App)","W:20_0A:19_0","12","{""attendance_count"":12,""install_day"":""2025-07-20"",""total_payment_amount"":7700,""user_name"":""흑골"",""user_rank"":2093,""user_stage"":200}"
"stage_reached_200 (App)","W:20_0A:19_0","7","{""attendance_count"":7,""install_day"":""2025-07-25"",""total_payment_amount"":20900,""user_name"":""여씨표류기"",""user_rank"":2089,""user_stage"":200}"
"stage_reached_200 (App)","W:20_0A:19_0","8","{""attendance_count"":8,""install_day"":""2025-07-24"",""total_payment_amount"":7700,""user_name"":""거유폭유최고"",""user_rank"":2112,""user_stage"":200}"
"stage_reached_200 (App)","W:20_0A:19_0","8","{""attendance_count"":8,""install_day"":""2025-07-24"",""total_payment_amount"":7700,""user_name"":""아리라키"",""user_rank"":2112,""user_stage"":200}"
"stage_reached_200 (App)","W:19_0A:19_0","6","{""attendance_count"":6,""install_day"":""2025-07-26"",""total_payment_amount"":40700,""user_name"":""호니앙"",""user_rank"":2124,""user_stage"":200}"
"stage_reached_200 (App)","W:20_0A:19_0","7","{""attendance_count"":7,""install_day"":""2025-07-25"",""total_payment_amount"":27500,""user_name"":""꿀떡이"",""user_rank"":2042,""user_stage"":200}"
"stage_reached_200 (App)","W:20_0A:19_0","6","{""attendance_count"":6,""install_day"":""2025-07-27"",""total_payment_amount"":53900,""user_name"":""제2천마"",""user_rank"":2153,""user_stage"":200}"
"stage_reached_200 (App)","W:20_0A:19_0","7","{""attendance_count"":7,""install_day"":""2025-07-25"",""total_payment_amount"":7700,""user_name"":""닼미"",""user_rank"":2067,""user_stage"":200}"
"stage_reached_200 (App)","W:20_0A:20_0","9","{""attendance_count"":9,""install_day"":""2025-07-23"",""total_payment_amount"":51700,""user_name"":""nerdy"",""user_rank"":2049,""user_stage"":200}"
"stage_reached_200 (App)","W:23_0A:21_0","2","{""attendance_count"":2,""install_day"":""2025-07-29"",""total_payment_amount"":95700,""user_name"":""냉균"",""user_rank"":2108,""user_stage"":200}"
"stage_reached_200 (App)","W:21_0A:19_0","9","{""attendance_count"":9,""install_day"":""2025-07-20"",""total_payment_amount"":7700,""user_name"":""민초세멸"",""user_rank"":2207,""user_stage"":200}"
"stage_reached_200 (App)","W:21_0A:19_0","14","{""attendance_count"":14,""install_day"":""2025-07-18"",""total_payment_amount"":0,""user_name"":""이줘언노"",""user_rank"":2061,""user_stage"":200}"
"stage_reached_200 (App)","W:20_0A:19_0","9","{""attendance_count"":9,""install_day"":""2025-07-23"",""total_payment_amount"":7700,""user_name"":""룰라"",""user_rank"":2174,""user_stage"":200}"
"stage_reached_200 (App)","W:20_0A:21_0","12","{""attendance_count"":12,""install_day"":""2024-09-29"",""total_payment_amount"":33000,""user_name"":""격정멜로"",""user_rank"":3189,""user_stage"":200}"
"stage_reached_200 (App)","W:20_0A:19_0","12","{""attendance_count"":12,""install_day"":""2025-07-20"",""total_payment_amount"":14300,""user_name"":""사공가문"",""user_rank"":2033,""user_stage"":200}"
"stage_reached_200 (App)","W:23_0A:20_0","3","{""attendance_count"":3,""install_day"":""2025-07-29"",""total_payment_amount"":24200,""user_name"":""문순우"",""user_rank"":2358,""user_stage"":200}"
"stage_reached_200 (App)","W:20_0A:19_0","7","{""attendance_count"":7,""install_day"":""2025-07-25"",""total_payment_amount"":7700,""user_name"":""KENZO"",""user_rank"":2330,""user_stage"":200}"
"stage_reached_200 (App)","W:20_0A:19_0","7","{""attendance_count"":7,""install_day"":""2025-07-25"",""total_payment_amount"":7700,""user_name"":""허이"",""user_rank"":2075,""user_stage"":200}"
"stage_reached_200 (App)","W:23_0A:19_0","13","{""attendance_count"":13,""install_day"":""2025-07-17"",""total_payment_amount"":0,""user_name"":""밈밈"",""user_rank"":2057,""user_stage"":200}"
"stage_reached_200 (App)","W:20_0A:19_0","10","{""attendance_count"":10,""install_day"":""2025-07-20"",""total_payment_amount"":7700,""user_name"":""한능검1급0"",""user_rank"":2205,""user_stage"":200}"
"stage_reached_200 (App)","W:20_0A:19_0","11","{""attendance_count"":11,""install_day"":""2025-07-21"",""total_payment_amount"":7700,""user_name"":""니동"",""user_rank"":2039,""user_stage"":200}"
"stage_reached_200 (App)","W:18_0A:19_0","6","{""attendance_count"":6,""install_day"":""2025-07-26"",""total_payment_amount"":7700,""user_name"":""혼세마왕"",""user_rank"":2038,""user_stage"":200}"
"stage_reached_200 (App)","W:20_0A:19_0","7","{""attendance_count"":7,""install_day"":""2025-07-25"",""total_payment_amount"":27500,""user_name"":""조디악"",""user_rank"":2201,""user_stage"":200}"
"stage_reached_200 (App)","W:20_0A:19_0","4","{""attendance_count"":4,""install_day"":""2025-07-28"",""total_payment_amount"":27500,""user_name"":""수르곤"",""user_rank"":2358,""user_stage"":200}"
"stage_reached_200 (App)","W:19_0A:19_0","6","{""attendance_count"":6,""install_day"":""2025-07-25"",""total_payment_amount"":7700,""user_name"":""가오니파파"",""user_rank"":2071,""user_stage"":200}"
"stage_reached_200 (App)","W:22_0A:19_0","6","{""attendance_count"":6,""install_day"":""2025-07-26"",""total_payment_amount"":7700,""user_name"":""하온왕자"",""user_rank"":2071,""user_stage"":200}"
"stage_reached_200 (App)","W:23_0A:23_0","3","{""attendance_count"":3,""install_day"":""2025-07-28"",""total_payment_amount"":7700,""user_name"":""연쇄유배범"",""user_rank"":2046,""user_stage"":200}"
"stage_reached_200 (App)","W:23_0A:20_0","14","{""attendance_count"":14,""install_day"":""2025-07-18"",""total_payment_amount"":0,""user_name"":""Dangnagi"",""user_rank"":2065,""user_stage"":200}"
"stage_reached_200 (App)","W:22_0A:19_0","5","{""attendance_count"":5,""install_day"":""2025-07-27"",""total_payment_amount"":29700,""user_name"":""아기민돌"",""user_rank"":2030,""user_stage"":200}"
"stage_reached_200 (App)","W:20_0A:19_0","15","{""attendance_count"":15,""install_day"":""2025-07-17"",""total_payment_amount"":0,""user_name"":""skyeon"",""user_rank"":2191,""user_stage"":200}"
"stage_reached_200 (App)","W:22_0A:22_0","6","{""attendance_count"":6,""install_day"":""2025-07-26"",""total_payment_amount"":18700,""user_name"":""선수"",""user_rank"":2033,""user_stage"":200}"
"stage_reached_200 (App)","W:20_0A:19_0","5","{""attendance_count"":5,""install_day"":""2025-07-27"",""total_payment_amount"":127600,""user_name"":""Realize"",""user_rank"":2061,""user_stage"":200}"
"stage_reached_200 (App)","W:20_0A:19_0","10","{""attendance_count"":10,""install_day"":""2025-07-21"",""total_payment_amount"":7700,""user_name"":""뱅꾸"",""user_rank"":2186,""user_stage"":200}"
"stage_reached_200 (App)","W:19_0A:19_0","6","{""attendance_count"":6,""install_day"":""2025-07-25"",""total_payment_amount"":0,""user_name"":""현욱짱"",""user_rank"":2121,""user_stage"":200}"
"stage_reached_200 (App)","W:23_0A:19_0","6","{""attendance_count"":6,""install_day"":""2025-07-26"",""total_payment_amount"":7700,""user_name"":""야광괴"",""user_rank"":2183,""user_stage"":200}"
"stage_reached_200 (App)","W:20_0A:17_0","4","{""attendance_count"":4,""install_day"":""2025-07-27"",""total_payment_amount"":36300,""user_name"":""대충혀"",""user_rank"":2399,""user_stage"":200}"
"stage_reached_200 (App)","W:23_0A:20_0","6","{""attendance_count"":6,""install_day"":""2025-07-23"",""total_payment_amount"":7700,""user_name"":""찰스"",""user_rank"":2183,""user_stage"":200}"
"stage_reached_200 (App)","W:22_0A:20_0","13","{""attendance_count"":13,""install_day"":""2025-07-19"",""total_payment_amount"":7700,""user_name"":""lameo"",""user_rank"":2024,""user_stage"":200}"
"stage_reached_200 (App)","W:20_0A:19_0","6","{""attendance_count"":6,""install_day"":""2025-07-25"",""total_payment_amount"":14300,""user_name"":""류성룡"",""user_rank"":2051,""user_stage"":200}"
"stage_reached_200 (App)","W:20_0A:19_0","8","{""attendance_count"":8,""install_day"":""2025-07-24"",""total_payment_amount"":29700,""user_name"":""카리스마행"",""user_rank"":2015,""user_stage"":200}"
"stage_reached_200 (App)","W:20_0A:19_0","8","{""attendance_count"":8,""install_day"":""2025-07-24"",""total_payment_amount"":40700,""user_name"":""갓생"",""user_rank"":2011,""user_stage"":200}"
"stage_reached_200 (App)","W:20_0A:19_0","8","{""attendance_count"":8,""install_day"":""2025-07-24"",""total_payment_amount"":7700,""user_name"":""홍월이"",""user_rank"":2037,""user_stage"":200}"
"stage_reached_200 (App)","W:20_0A:19_0","7","{""attendance_count"":7,""install_day"":""2025-07-24"",""total_payment_amount"":7700,""user_name"":""복사"",""user_rank"":2020,""user_stage"":200}"
"stage_reached_200 (App)","W:20_0A:19_0","11","{""attendance_count"":11,""install_day"":""2025-07-20"",""total_payment_amount"":11000,""user_name"":""이순신장"",""user_rank"":2225,""user_stage"":200}"
"stage_reached_200 (App)","W:20_0A:20_0","7","{""attendance_count"":7,""install_day"":""2025-07-25"",""total_payment_amount"":29700,""user_name"":""반달곰"",""user_rank"":2020,""user_stage"":200}"
"stage_reached_200 (App)","W:22_0A:20_0","5","{""attendance_count"":5,""install_day"":""2025-07-26"",""total_payment_amount"":187000,""user_name"":""파비오"",""user_rank"":2020,""user_stage"":200}"
"stage_reached_200 (App)","W:20_0A:19_0","7","{""attendance_count"":7,""install_day"":""2025-07-25"",""total_payment_amount"":7700,""user_name"":""으허허허"",""user_rank"":2146,""user_stage"":200}"
"stage_reached_200 (App)","W:21_0A:19_0","13","{""attendance_count"":13,""install_day"":""2025-07-17"",""total_payment_amount"":0,""user_name"":""솔예"",""user_rank"":2074,""user_stage"":200}"
"stage_reached_200 (App)","W:20_0A:19_0","7","{""attendance_count"":7,""install_day"":""2025-07-25"",""total_payment_amount"":84700,""user_name"":""별찌"",""user_rank"":2293,""user_stage"":200}"
"stage_reached_200 (App)","W:20_0A:19_0","6","{""attendance_count"":6,""install_day"":""2025-07-26"",""total_payment_amount"":35200,""user_name"":""앙코"",""user_rank"":2018,""user_stage"":200}"
"stage_reached_200 (App)","W:19_0A:19_0","6","{""attendance_count"":6,""install_day"":""2025-07-25"",""total_payment_amount"":7700,""user_name"":""구니구니"",""user_rank"":2004,""user_stage"":200}"
"stage_reached_200 (App)","W:20_0A:19_0","7","{""attendance_count"":7,""install_day"":""2025-07-25"",""total_payment_amount"":29700,""user_name"":""골든"",""user_rank"":2026,""user_stage"":200}"
"stage_reached_200 (App)","W:23_0A:19_0","5","{""attendance_count"":5,""install_day"":""2025-07-26"",""total_payment_amount"":7700,""user_name"":""유성별"",""user_rank"":2289,""user_stage"":200}"
"stage_reached_200 (App)","W:20_0A:20_0","8","{""attendance_count"":8,""install_day"":""2025-07-24"",""total_payment_amount"":84700,""user_name"":""소안"",""user_rank"":2023,""user_stage"":200}"
"stage_reached_200 (App)","W:21_0A:19_0","7","{""attendance_count"":7,""install_day"":""2025-07-24"",""total_payment_amount"":7700,""user_name"":""홍길동아들홍단"",""user_rank"":2110,""user_stage"":200}"
"stage_reached_200 (App)","W:22_0A:19_0","12","{""attendance_count"":12,""install_day"":""2025-07-20"",""total_payment_amount"":7700,""user_name"":""달래코기"",""user_rank"":2254,""user_stage"":200}"
"stage_reached_200 (App)","W:19_0A:19_0","6","{""attendance_count"":6,""install_day"":""2025-07-25"",""total_payment_amount"":7700,""user_name"":""건거니"",""user_rank"":2038,""user_stage"":200}"
"stage_reached_200 (App)","W:23_0A:18_0","4","{""attendance_count"":4,""install_day"":""2025-07-28"",""total_payment_amount"":7700,""user_name"":""청령"",""user_rank"":2081,""user_stage"":200}"
"stage_reached_200 (App)","W:20_0A:19_0","7","{""attendance_count"":7,""install_day"":""2025-07-25"",""total_payment_amount"":7700,""user_name"":""TTB"",""user_rank"":2280,""user_stage"":200}"
"stage_reached_200 (App)","W:21_0A:13_0","7","{""attendance_count"":7,""install_day"":""2025-07-24"",""total_payment_amount"":7700,""user_name"":""흠씨"",""user_rank"":2127,""user_stage"":200}"
"stage_reached_200 (App)","W:19_0A:19_0","5","{""attendance_count"":5,""install_day"":""2025-07-26"",""total_payment_amount"":8800,""user_name"":""헤나"",""user_rank"":2016,""user_stage"":200}"
"stage_reached_200 (App)","W:22_0A:19_0","15","{""attendance_count"":15,""install_day"":""2025-07-16"",""total_payment_amount"":7700,""user_name"":""물리면아파요"",""user_rank"":2033,""user_stage"":200}"
"stage_reached_200 (App)","W:19_0A:19_0","6","{""attendance_count"":6,""install_day"":""2025-07-25"",""total_payment_amount"":7700,""user_name"":""쇄골"",""user_rank"":2101,""user_stage"":200}"
"stage_reached_200 (App)","W:20_0A:19_0","7","{""attendance_count"":7,""install_day"":""2025-07-24"",""total_payment_amount"":40700,""user_name"":""들개군단"",""user_rank"":2553,""user_stage"":200}"
"stage_reached_200 (App)","W:22_0A:19_0","6","{""attendance_count"":6,""install_day"":""2025-07-22"",""total_payment_amount"":0,""user_name"":""로옐"",""user_rank"":2128,""user_stage"":200}"
"stage_reached_200 (App)","W:20_0A:19_0","11","{""attendance_count"":11,""install_day"":""2025-07-19"",""total_payment_amount"":7700,""user_name"":""대지대지"",""user_rank"":2060,""user_stage"":200}"
"stage_reached_200 (App)","W:20_0A:19_0","13","{""attendance_count"":13,""install_day"":""2025-07-19"",""total_payment_amount"":0,""user_name"":""770"",""user_rank"":1993,""user_stage"":200}"
"stage_reached_200 (App)","W:20_0A:19_0","13","{""attendance_count"":13,""install_day"":""2025-07-19"",""total_payment_amount"":0,""user_name"":""한조이투"",""user_rank"":2032,""user_stage"":200}"
"stage_reached_200 (App)","W:20_0A:19_0","13","{""attendance_count"":13,""install_day"":""2025-07-18"",""total_payment_amount"":7700,""user_name"":""위드피어"",""user_rank"":2000,""user_stage"":200}"
"stage_reached_200 (App)","W:20_0A:20_0","10","{""attendance_count"":10,""install_day"":""2025-07-22"",""total_payment_amount"":7700,""user_name"":""태승"",""user_rank"":2056,""user_stage"":200}"
"stage_reached_200 (App)","W:20_0A:19_0","9","{""attendance_count"":9,""install_day"":""2025-07-21"",""total_payment_amount"":20900,""user_name"":""디와이"",""user_rank"":2097,""user_stage"":200}"
"stage_reached_200 (App)","W:22_0A:20_0","15","{""attendance_count"":15,""install_day"":""2025-07-17"",""total_payment_amount"":99000,""user_name"":""E우주"",""user_rank"":2090,""user_stage"":200}"
"stage_reached_200 (App)","W:20_0A:22_0","11","{""attendance_count"":11,""install_day"":""2025-07-21"",""total_payment_amount"":0,""user_name"":""헌검"",""user_rank"":2051,""user_stage"":200}"
"stage_reached_200 (App)","W:20_0A:19_0","14","{""attendance_count"":14,""install_day"":""2025-07-17"",""total_payment_amount"":14300,""user_name"":""명돌이"",""user_rank"":1942,""user_stage"":200}"
"stage_reached_200 (App)","W:20_0A:19_0","14","{""attendance_count"":14,""install_day"":""2025-07-16"",""total_payment_amount"":0,""user_name"":""라맹"",""user_rank"":1990,""user_stage"":200}"
"stage_reached_200 (App)","W:19_0A:19_0","4","{""attendance_count"":4,""install_day"":""2025-07-28"",""total_payment_amount"":69300,""user_name"":""행백이"",""user_rank"":2022,""user_stage"":200}"
"stage_reached_200 (App)","W:21_0A:19_0","8","{""attendance_count"":8,""install_day"":""2025-07-23"",""total_payment_amount"":7700,""user_name"":""훈남준"",""user_rank"":2021,""user_stage"":200}"
"stage_reached_200 (App)","W:22_0A:19_0","9","{""attendance_count"":9,""install_day"":""2025-07-22"",""total_payment_amount"":7700,""user_name"":""삼두부"",""user_rank"":2010,""user_stage"":200}"
"stage_reached_200 (App)","W:23_0A:19_0","9","{""attendance_count"":9,""install_day"":""2025-07-19"",""total_payment_amount"":7700,""user_name"":""진휘건"",""user_rank"":2003,""user_stage"":200}"
"stage_reached_200 (App)","W:22_0A:18_0","4","{""attendance_count"":4,""install_day"":""2025-07-28"",""total_payment_amount"":7700,""user_name"":""로마노"",""user_rank"":2255,""user_stage"":200}"
"stage_reached_200 (App)","W:19_0A:19_0","3","{""attendance_count"":3,""install_day"":""2025-07-29"",""total_payment_amount"":133100,""user_name"":""일해라정차장"",""user_rank"":2130,""user_stage"":200}"
"stage_reached_200 (App)","W:23_0A:19_0","5","{""attendance_count"":5,""install_day"":""2025-07-27"",""total_payment_amount"":18700,""user_name"":""권리"",""user_rank"":2190,""user_stage"":200}"
"stage_reached_200 (App)","W:20_0A:19_0","7","{""attendance_count"":7,""install_day"":""2025-07-25"",""total_payment_amount"":7700,""user_name"":""김떡팔"",""user_rank"":1986,""user_stage"":200}"
"stage_reached_200 (App)","W:20_0A:19_0","7","{""attendance_count"":7,""install_day"":""2025-07-25"",""total_payment_amount"":7700,""user_name"":""스토리"",""user_rank"":2189,""user_stage"":200}"
"stage_reached_200 (App)","W:22_0A:19_0","6","{""attendance_count"":6,""install_day"":""2025-07-26"",""total_payment_amount"":7700,""user_name"":""호박벌"",""user_rank"":1984,""user_stage"":200}"
"stage_reached_200 (App)","W:20_0A:19_0","7","{""attendance_count"":7,""install_day"":""2025-07-25"",""total_payment_amount"":20900,""user_name"":""라이터"",""user_rank"":2003,""user_stage"":200}"
"stage_reached_200 (App)","W:22_0A:19_0","11","{""attendance_count"":11,""install_day"":""2025-07-20"",""total_payment_amount"":7700,""user_name"":""물수제"",""user_rank"":1988,""user_stage"":200}"
"stage_reached_200 (App)","W:22_0A:20_0","4","{""attendance_count"":4,""install_day"":""2025-07-28"",""total_payment_amount"":111100,""user_name"":""진우서우"",""user_rank"":2002,""user_stage"":200}"
"stage_reached_200 (App)","W:23_0A:22_0","5","{""attendance_count"":5,""install_day"":""2025-07-27"",""total_payment_amount"":73700,""user_name"":""큰형님"",""user_rank"":2132,""user_stage"":200}"
"stage_reached_200 (App)","W:20_0A:19_0","14","{""attendance_count"":14,""install_day"":""2025-07-17"",""total_payment_amount"":0,""user_name"":""더연"",""user_rank"":2010,""user_stage"":200}"
"stage_reached_200 (App)","W:20_0A:20_0","13","{""attendance_count"":13,""install_day"":""2025-07-18"",""total_payment_amount"":7700,""user_name"":""무재련"",""user_rank"":1998,""user_stage"":200}"
"stage_reached_200 (App)","W:20_0A:19_0","7","{""attendance_count"":7,""install_day"":""2025-07-25"",""total_payment_amount"":11000,""user_name"":""윤이나"",""user_rank"":1978,""user_stage"":200}"
"stage_reached_200 (App)","W:20_0A:19_0","11","{""attendance_count"":11,""install_day"":""2025-07-17"",""total_payment_amount"":7700,""user_name"":""림금님"",""user_rank"":2181,""user_stage"":200}"
"stage_reached_200 (App)","W:19_0A:19_0","5","{""attendance_count"":5,""install_day"":""2025-07-26"",""total_payment_amount"":44000,""user_name"":""흰눈송이"",""user_rank"":2006,""user_stage"":200}"
"stage_reached_200 (App)","W:18_0A:19_0","5","{""attendance_count"":5,""install_day"":""2025-07-27"",""total_payment_amount"":7700,""user_name"":""신주몽"",""user_rank"":1983,""user_stage"":200}"
"stage_reached_200 (App)","W:20_0A:19_0","7","{""attendance_count"":7,""install_day"":""2025-07-25"",""total_payment_amount"":7700,""user_name"":""duha"",""user_rank"":2078,""user_stage"":200}"
"stage_reached_200 (App)","W:20_0A:19_0","9","{""attendance_count"":9,""install_day"":""2025-07-20"",""total_payment_amount"":27500,""user_name"":""장템"",""user_rank"":2104,""user_stage"":200}"
"stage_reached_200 (App)","W:20_0A:19_0","11","{""attendance_count"":11,""install_day"":""2025-07-21"",""total_payment_amount"":7700,""user_name"":""그냥함"",""user_rank"":2055,""user_stage"":200}"
"stage_reached_200 (App)","W:22_0A:19_0","10","{""attendance_count"":10,""install_day"":""2025-07-19"",""total_payment_amount"":7700,""user_name"":""멀하라고"",""user_rank"":2007,""user_stage"":200}"
"stage_reached_200 (App)","W:20_0A:19_0","8","{""attendance_count"":8,""install_day"":""2025-07-23"",""total_payment_amount"":7700,""user_name"":""뿌헬헬"",""user_rank"":1972,""user_stage"":200}"
"stage_reached_200 (App)","W:20_0A:19_0","8","{""attendance_count"":8,""install_day"":""2025-07-19"",""total_payment_amount"":34100,""user_name"":""흑치"",""user_rank"":2074,""user_stage"":200}"
"stage_reached_200 (App)","W:20_0A:19_0","14","{""attendance_count"":14,""install_day"":""2025-07-17"",""total_payment_amount"":7700,""user_name"":""분석이"",""user_rank"":2000,""user_stage"":200}"
"stage_reached_200 (App)","W:20_0A:19_0","7","{""attendance_count"":7,""install_day"":""2025-07-24"",""total_payment_amount"":7700,""user_name"":""Lagard"",""user_rank"":1965,""user_stage"":200}"
"stage_reached_200 (App)","W:22_0A:19_0","9","{""attendance_count"":9,""install_day"":""2025-07-22"",""total_payment_amount"":7700,""user_name"":""얄라숑구리"",""user_rank"":2099,""user_stage"":200}"
"stage_reached_200 (App)","W:20_0A:19_0","7","{""attendance_count"":7,""install_day"":""2025-07-24"",""total_payment_amount"":7700,""user_name"":""서린서영"",""user_rank"":1975,""user_stage"":200}"
"stage_reached_200 (App)","W:22_0A:18_0","5","{""attendance_count"":5,""install_day"":""2025-07-26"",""total_payment_amount"":17600,""user_name"":""시정잡배"",""user_rank"":2525,""user_stage"":200}"
"stage_reached_200 (App)","W:22_0A:19_0","9","{""attendance_count"":9,""install_day"":""2025-07-22"",""total_payment_amount"":0,""user_name"":""사라질운명"",""user_rank"":2120,""user_stage"":200}"
"stage_reached_200 (App)","W:20_0A:19_0","8","{""attendance_count"":8,""install_day"":""2025-07-23"",""total_payment_amount"":0,""user_name"":""유성"",""user_rank"":2169,""user_stage"":200}"
"stage_reached_200 (App)","W:21_0A:19_0","11","{""attendance_count"":11,""install_day"":""2025-07-19"",""total_payment_amount"":7700,""user_name"":""Ruoo"",""user_rank"":1975,""user_stage"":200}"
"stage_reached_200 (App)","W:18_0A:19_0","5","{""attendance_count"":5,""install_day"":""2025-07-25"",""total_payment_amount"":14300,""user_name"":""코리안소드마스터"",""user_rank"":1936,""user_stage"":200}"
"stage_reached_200 (App)","W:20_0A:19_0","7","{""attendance_count"":7,""install_day"":""2025-07-23"",""total_payment_amount"":40700,""user_name"":""덕덕"",""user_rank"":1964,""user_stage"":200}"
"stage_reached_200 (App)","W:20_0A:19_0","14","{""attendance_count"":14,""install_day"":""2025-07-17"",""total_payment_amount"":7700,""user_name"":""허허하허"",""user_rank"":2111,""user_stage"":200}"
"stage_reached_200 (App)","W:19_0A:19_0","5","{""attendance_count"":5,""install_day"":""2025-07-26"",""total_payment_amount"":27500,""user_name"":""서울말"",""user_rank"":2035,""user_stage"":200}"
"stage_reached_200 (App)","W:20_0A:19_0","11","{""attendance_count"":11,""install_day"":""2025-07-20"",""total_payment_amount"":7700,""user_name"":""Bisu892"",""user_rank"":2061,""user_stage"":200}"
"stage_reached_200 (App)","W:20_0A:19_0","8","{""attendance_count"":8,""install_day"":""2025-07-23"",""total_payment_amount"":11000,""user_name"":""개스날리쉬"",""user_rank"":1857,""user_stage"":200}"
"stage_reached_200 (App)","W:20_0A:19_0","8","{""attendance_count"":8,""install_day"":""2025-07-23"",""total_payment_amount"":7700,""user_name"":""바르다지"",""user_rank"":1963,""user_stage"":200}"
"stage_reached_200 (App)","W:22_0A:20_0","9","{""attendance_count"":9,""install_day"":""2025-07-22"",""total_payment_amount"":0,""user_name"":""JadeNine"",""user_rank"":1976,""user_stage"":200}"
"stage_reached_200 (App)","W:20_0A:19_0","13","{""attendance_count"":13,""install_day"":""2025-07-18"",""total_payment_amount"":6600,""user_name"":""스님도아맨"",""user_rank"":1951,""user_stage"":200}"
"stage_reached_200 (App)","W:20_0A:19_0","13","{""attendance_count"":13,""install_day"":""2025-07-18"",""total_payment_amount"":0,""user_name"":""박정혁"",""user_rank"":1989,""user_stage"":200}"
"stage_reached_200 (App)","W:20_0A:19_0","6","{""attendance_count"":6,""install_day"":""2025-07-24"",""total_payment_amount"":18700,""user_name"":""기모찌맨"",""user_rank"":1989,""user_stage"":200}"
"stage_reached_200 (App)","W:22_0A:22_0","13","{""attendance_count"":13,""install_day"":""2025-07-18"",""total_payment_amount"":7700,""user_name"":""재재파파"",""user_rank"":2661,""user_stage"":200}"
"stage_reached_200 (App)","W:18_0A:17_0","10","{""attendance_count"":10,""install_day"":""2025-07-19"",""total_payment_amount"":7700,""user_name"":""왕여"",""user_rank"":2054,""user_stage"":200}"
"stage_reached_200 (App)","W:20_0A:20_0","13","{""attendance_count"":13,""install_day"":""2025-07-18"",""total_payment_amount"":0,""user_name"":""성남지킴이"",""user_rank"":2026,""user_stage"":200}"
"stage_reached_200 (App)","W:20_0A:19_0","7","{""attendance_count"":7,""install_day"":""2025-07-23"",""total_payment_amount"":11000,""user_name"":""백담"",""user_rank"":1982,""user_stage"":200}"
"stage_reached_200 (App)","W:22_0A:19_0","11","{""attendance_count"":11,""install_day"":""2025-07-18"",""total_payment_amount"":0,""user_name"":""뀨도"",""user_rank"":2026,""user_stage"":200}"
"stage_reached_200 (App)","W:21_0A:19_0","9","{""attendance_count"":9,""install_day"":""2025-07-22"",""total_payment_amount"":7700,""user_name"":""isolator"",""user_rank"":1942,""user_stage"":200}"
"stage_reached_200 (App)","W:19_0A:19_0","6","{""attendance_count"":6,""install_day"":""2025-07-24"",""total_payment_amount"":7700,""user_name"":""하늘호랑"",""user_rank"":2337,""user_stage"":200}"
"stage_reached_200 (App)","W:19_0A:19_0","7","{""attendance_count"":7,""install_day"":""2025-07-24"",""total_payment_amount"":15400,""user_name"":""밀하수스"",""user_rank"":2222,""user_stage"":200}"
"stage_reached_200 (App)","W:20_0A:19_0","13","{""attendance_count"":13,""install_day"":""2025-07-18"",""total_payment_amount"":0,""user_name"":""헬퍼"",""user_rank"":2006,""user_stage"":200}"
"stage_reached_200 (App)","W:20_0A:19_0","5","{""attendance_count"":5,""install_day"":""2025-07-25"",""total_payment_amount"":8800,""user_name"":""리아사"",""user_rank"":1946,""user_stage"":200}"
"stage_reached_200 (App)","W:22_0A:19_0","11","{""attendance_count"":11,""install_day"":""2025-07-18"",""total_payment_amount"":44000,""user_name"":""뚜띠쓰"",""user_rank"":2224,""user_stage"":200}"
"stage_reached_200 (App)","W:20_0A:19_0","7","{""attendance_count"":7,""install_day"":""2025-07-24"",""total_payment_amount"":7700,""user_name"":""맛좋은소스"",""user_rank"":2134,""user_stage"":200}"
"stage_reached_200 (App)","W:21_0A:19_0","12","{""attendance_count"":12,""install_day"":""2025-07-19"",""total_payment_amount"":14300,""user_name"":""시조"",""user_rank"":1934,""user_stage"":200}"
"stage_reached_200 (App)","W:21_0A:19_0","10","{""attendance_count"":10,""install_day"":""2025-07-21"",""total_payment_amount"":7700,""user_name"":""임금님승쥬니"",""user_rank"":1955,""user_stage"":200}"
"stage_reached_200 (App)","W:20_0A:19_0","7","{""attendance_count"":7,""install_day"":""2025-07-24"",""total_payment_amount"":11000,""user_name"":""어반인테리어"",""user_rank"":1973,""user_stage"":200}"
"stage_reached_200 (App)","W:23_0A:19_0","8","{""attendance_count"":8,""install_day"":""2025-07-23"",""total_payment_amount"":0,""user_name"":""리웅"",""user_rank"":2066,""user_stage"":200}"
"stage_reached_200 (App)","W:22_0A:19_0","11","{""attendance_count"":11,""install_day"":""2025-07-20"",""total_payment_amount"":0,""user_name"":""냥이꿍이"",""user_rank"":1954,""user_stage"":200}"
"stage_reached_200 (App)","W:21_0A:19_0","10","{""attendance_count"":10,""install_day"":""2025-07-21"",""total_payment_amount"":7700,""user_name"":""이또니"",""user_rank"":2004,""user_stage"":200}"
"stage_reached_200 (App)","W:20_0A:19_0","9","{""attendance_count"":9,""install_day"":""2025-07-21"",""total_payment_amount"":7700,""user_name"":""루미야"",""user_rank"":1923,""user_stage"":200}"
"stage_reached_200 (App)","W:20_0A:19_0","14","{""attendance_count"":14,""install_day"":""2025-07-17"",""total_payment_amount"":0,""user_name"":""이성계활"",""user_rank"":2092,""user_stage"":200}"
"stage_reached_200 (App)","W:20_0A:19_0","8","{""attendance_count"":8,""install_day"":""2025-07-23"",""total_payment_amount"":0,""user_name"":""콩G"",""user_rank"":1946,""user_stage"":200}"
"stage_reached_200 (App)","W:20_0A:19_0","7","{""attendance_count"":7,""install_day"":""2025-07-23"",""total_payment_amount"":7700,""user_name"":""깡설이"",""user_rank"":1944,""user_stage"":200}"
"stage_reached_200 (App)","W:20_0A:19_0","12","{""attendance_count"":12,""install_day"":""2025-07-19"",""total_payment_amount"":7700,""user_name"":""민트블러드"",""user_rank"":1943,""user_stage"":200}"
"stage_reached_200 (App)","W:20_0A:19_0","7","{""attendance_count"":7,""install_day"":""2024-12-05"",""total_payment_amount"":36300,""user_name"":""대날두"",""user_rank"":3179,""user_stage"":200}"
"stage_reached_200 (App)","W:19_0A:19_0","5","{""attendance_count"":5,""install_day"":""2025-07-26"",""total_payment_amount"":55000,""user_name"":""례진"",""user_rank"":2050,""user_stage"":200}"
"stage_reached_200 (App)","W:21_0A:19_0","9","{""attendance_count"":9,""install_day"":""2025-07-19"",""total_payment_amount"":11000,""user_name"":""시메딱"",""user_rank"":1955,""user_stage"":200}"
"stage_reached_200 (App)","W:22_0A:19_0","7","{""attendance_count"":7,""install_day"":""2025-07-24"",""total_payment_amount"":7700,""user_name"":""혈의걸"",""user_rank"":1927,""user_stage"":200}"
"stage_reached_200 (App)","W:20_0A:19_0","9","{""attendance_count"":9,""install_day"":""2025-07-22"",""total_payment_amount"":7700,""user_name"":""탕탕이"",""user_rank"":1920,""user_stage"":200}"
"stage_reached_200 (App)","W:20_0A:19_0","9","{""attendance_count"":9,""install_day"":""2025-07-22"",""total_payment_amount"":7700,""user_name"":""부평구단군"",""user_rank"":1923,""user_stage"":200}"
"stage_reached_200 (App)","W:22_0A:21_0","11","{""attendance_count"":11,""install_day"":""2025-07-17"",""total_payment_amount"":0,""user_name"":""왕검"",""user_rank"":1952,""user_stage"":200}"
"stage_reached_200 (App)","W:20_0A:19_0","10","{""attendance_count"":10,""install_day"":""2025-07-19"",""total_payment_amount"":7700,""user_name"":""무쪄웡"",""user_rank"":2075,""user_stage"":200}"
"stage_reached_200 (App)","W:21_0A:19_0","7","{""attendance_count"":7,""install_day"":""2025-07-24"",""total_payment_amount"":29700,""user_name"":""군제"",""user_rank"":1950,""user_stage"":200}"
"stage_reached_200 (App)","W:20_0A:19_0","7","{""attendance_count"":7,""install_day"":""2025-07-23"",""total_payment_amount"":7700,""user_name"":""푸른천둥"",""user_rank"":2075,""user_stage"":200}"
"stage_reached_200 (App)","W:20_0A:19_0","8","{""attendance_count"":8,""install_day"":""2025-07-22"",""total_payment_amount"":7700,""user_name"":""충무우공"",""user_rank"":1935,""user_stage"":200}"
"stage_reached_200 (App)","W:20_0A:20_0","10","{""attendance_count"":10,""install_day"":""2025-07-19"",""total_payment_amount"":26400,""user_name"":""낭군"",""user_rank"":2011,""user_stage"":200}"
"stage_reached_200 (App)","W:20_0A:19_0","10","{""attendance_count"":10,""install_day"":""2025-07-21"",""total_payment_amount"":7700,""user_name"":""새벽한시"",""user_rank"":1912,""user_stage"":200}"
"stage_reached_200 (App)","W:20_0A:19_0","10","{""attendance_count"":10,""install_day"":""2025-07-21"",""total_payment_amount"":0,""user_name"":""뇽뇽이"",""user_rank"":1931,""user_stage"":200}"
"stage_reached_200 (App)","W:21_0A:19_0","6","{""attendance_count"":6,""install_day"":""2025-07-25"",""total_payment_amount"":0,""user_name"":""따꽁3"",""user_rank"":1913,""user_stage"":200}"
"stage_reached_200 (App)","W:23_0A:21_0","8","{""attendance_count"":8,""install_day"":""2025-07-22"",""total_payment_amount"":0,""user_name"":""조웅"",""user_rank"":2062,""user_stage"":200}"
"stage_reached_200 (App)","W:22_0A:19_0","11","{""attendance_count"":11,""install_day"":""2025-07-20"",""total_payment_amount"":0,""user_name"":""카이젤화이어"",""user_rank"":2696,""user_stage"":200}"
"stage_reached_200 (App)","W:19_0A:19_0","6","{""attendance_count"":6,""install_day"":""2025-07-25"",""total_payment_amount"":7700,""user_name"":""뚜구리"",""user_rank"":2006,""user_stage"":200}"
"stage_reached_200 (App)","W:21_0A:19_0","12","{""attendance_count"":12,""install_day"":""2025-07-19"",""total_payment_amount"":7700,""user_name"":""체다"",""user_rank"":2063,""user_stage"":200}"
"stage_reached_200 (App)","W:21_0A:19_0","12","{""attendance_count"":12,""install_day"":""2025-07-17"",""total_payment_amount"":7700,""user_name"":""우니쿤"",""user_rank"":2183,""user_stage"":200}"
"stage_reached_200 (App)","W:20_0A:19_0","9","{""attendance_count"":9,""install_day"":""2025-07-22"",""total_payment_amount"":7700,""user_name"":""콧물이파도를치네"",""user_rank"":1919,""user_stage"":200}"
"stage_reached_200 (App)","W:23_0A:19_0","13","{""attendance_count"":13,""install_day"":""2025-07-17"",""total_payment_amount"":0,""user_name"":""숙희"",""user_rank"":2020,""user_stage"":200}"
"stage_reached_200 (App)","W:20_0A:19_0","7","{""attendance_count"":7,""install_day"":""2025-07-24"",""total_payment_amount"":0,""user_name"":""쥬르젤리"",""user_rank"":2138,""user_stage"":200}"
"stage_reached_200 (App)","W:23_0A:19_0","5","{""attendance_count"":5,""install_day"":""2025-07-25"",""total_payment_amount"":33000,""user_name"":""재미없으면삭제"",""user_rank"":2774,""user_stage"":200}"
"stage_reached_200 (App)","W:20_0A:19_0","9","{""attendance_count"":9,""install_day"":""2025-07-22"",""total_payment_amount"":7700,""user_name"":""어왔니"",""user_rank"":1901,""user_stage"":200}"
"stage_reached_200 (App)","W:19_0A:19_0","5","{""attendance_count"":5,""install_day"":""2025-07-26"",""total_payment_amount"":7700,""user_name"":""사마빙"",""user_rank"":1985,""user_stage"":200}"
"stage_reached_200 (App)","W:22_0A:21_0","10","{""attendance_count"":10,""install_day"":""2025-07-17"",""total_payment_amount"":58300,""user_name"":""creek"",""user_rank"":1932,""user_stage"":200}"
"stage_reached_200 (App)","W:20_0A:19_0","7","{""attendance_count"":7,""install_day"":""2025-07-24"",""total_payment_amount"":7700,""user_name"":""마마루"",""user_rank"":2008,""user_stage"":200}"
"stage_reached_200 (App)","W:21_0A:19_0","11","{""attendance_count"":11,""install_day"":""2025-07-19"",""total_payment_amount"":7700,""user_name"":""루비s"",""user_rank"":2735,""user_stage"":200}"
"stage_reached_200 (App)","W:22_0A:20_0","8","{""attendance_count"":8,""install_day"":""2025-07-22"",""total_payment_amount"":14300,""user_name"":""전치1주"",""user_rank"":1972,""user_stage"":200}"
"stage_reached_200 (App)","W:20_0A:19_0","13","{""attendance_count"":13,""install_day"":""2025-07-17"",""total_payment_amount"":0,""user_name"":""은빛물개기"",""user_rank"":1893,""user_stage"":200}"
"stage_reached_200 (App)","W:23_0A:21_0","9","{""attendance_count"":9,""install_day"":""2025-07-21"",""total_payment_amount"":7700,""user_name"":""세종대왕이도"",""user_rank"":1982,""user_stage"":200}"
"stage_reached_200 (App)","W:20_0A:19_0","9","{""attendance_count"":9,""install_day"":""2025-07-22"",""total_payment_amount"":7700,""user_name"":""지닝"",""user_rank"":1925,""user_stage"":200}"
"stage_reached_200 (App)","W:20_0A:19_0","9","{""attendance_count"":9,""install_day"":""2025-07-18"",""total_payment_amount"":0,""user_name"":""보듬공주"",""user_rank"":1904,""user_stage"":200}"
"stage_reached_200 (App)","W:20_0A:19_0","11","{""attendance_count"":11,""install_day"":""2025-07-19"",""total_payment_amount"":7700,""user_name"":""뚜벅이"",""user_rank"":1997,""user_stage"":200}"
"stage_reached_200 (App)","W:22_0A:19_0","13","{""attendance_count"":13,""install_day"":""2025-07-18"",""total_payment_amount"":7700,""user_name"":""밥상남자"",""user_rank"":1955,""user_stage"":200}"
"stage_reached_200 (App)","W:22_0A:19_0","6","{""attendance_count"":6,""install_day"":""2025-07-25"",""total_payment_amount"":0,""user_name"":""Maria"",""user_rank"":2029,""user_stage"":200}"
"stage_reached_200 (App)","W:20_0A:23_0","14","{""attendance_count"":14,""install_day"":""2025-07-17"",""total_payment_amount"":0,""user_name"":""김건빵"",""user_rank"":1936,""user_stage"":200}"
"stage_reached_200 (App)","W:20_0A:19_0","11","{""attendance_count"":11,""install_day"":""2025-07-20"",""total_payment_amount"":7700,""user_name"":""윤탱"",""user_rank"":1909,""user_stage"":200}"
"stage_reached_200 (App)","W:23_0A:19_0","7","{""attendance_count"":7,""install_day"":""2025-07-24"",""total_payment_amount"":15400,""user_name"":""욱쭈"",""user_rank"":2405,""user_stage"":200}"
"stage_reached_200 (App)","W:20_0A:19_0","11","{""attendance_count"":11,""install_day"":""2025-07-20"",""total_payment_amount"":7700,""user_name"":""솜솜이"",""user_rank"":2066,""user_stage"":200}"
"stage_reached_200 (App)","W:20_0A:19_0","7","{""attendance_count"":7,""install_day"":""2025-07-24"",""total_payment_amount"":7700,""user_name"":""보라돌"",""user_rank"":1850,""user_stage"":200}"
"stage_reached_200 (App)","W:20_0A:19_0","8","{""attendance_count"":8,""install_day"":""2025-07-22"",""total_payment_amount"":7700,""user_name"":""춘매"",""user_rank"":1941,""user_stage"":200}"
"stage_reached_200 (App)","W:21_0A:19_0","6","{""attendance_count"":6,""install_day"":""2025-07-25"",""total_payment_amount"":7700,""user_name"":""단다단다"",""user_rank"":1890,""user_stage"":200}"
"stage_reached_200 (App)","W:22_0A:20_0","6","{""attendance_count"":6,""install_day"":""2025-07-25"",""total_payment_amount"":11000,""user_name"":""숑키"",""user_rank"":1928,""user_stage"":200}"
"stage_reached_200 (App)","W:21_0A:20_0","12","{""attendance_count"":12,""install_day"":""2025-07-19"",""total_payment_amount"":18700,""user_name"":""야유"",""user_rank"":1876,""user_stage"":200}"
"stage_reached_200 (App)","W:22_0A:22_0","1","{""attendance_count"":1,""install_day"":""2025-07-29"",""total_payment_amount"":568700,""user_name"":""김메롱"",""user_rank"":1901,""user_stage"":200}"
"stage_reached_200 (App)","W:21_0A:20_0","8","{""attendance_count"":8,""install_day"":""2025-07-22"",""total_payment_amount"":62700,""user_name"":""꼉히꾸"",""user_rank"":2141,""user_stage"":200}"
"stage_reached_200 (App)","W:20_0A:19_0","7","{""attendance_count"":7,""install_day"":""2025-07-24"",""total_payment_amount"":11000,""user_name"":""폭제"",""user_rank"":1920,""user_stage"":200}"
"stage_reached_200 (App)","W:20_0A:19_0","2","{""attendance_count"":2,""install_day"":""2025-07-29"",""total_payment_amount"":557700,""user_name"":""암부"",""user_rank"":2177,""user_stage"":200}"
"stage_reached_200 (App)","W:20_0A:19_0","7","{""attendance_count"":7,""install_day"":""2025-07-24"",""total_payment_amount"":7700,""user_name"":""사사키"",""user_rank"":1891,""user_stage"":200}"
"stage_reached_200 (App)","W:23_0A:19_0","4","{""attendance_count"":4,""install_day"":""2025-07-27"",""total_payment_amount"":7700,""user_name"":""이제인"",""user_rank"":1868,""user_stage"":200}"
"stage_reached_200 (App)","W:23_0A:23_0","11","{""attendance_count"":11,""install_day"":""2025-07-20"",""total_payment_amount"":7700,""user_name"":""오이당근"",""user_rank"":2174,""user_stage"":200}"
"stage_reached_200 (App)","W:19_0A:19_0","6","{""attendance_count"":6,""install_day"":""2025-07-24"",""total_payment_amount"":29700,""user_name"":""비깨도"",""user_rank"":1928,""user_stage"":200}"
"stage_reached_200 (App)","W:20_0A:19_0","11","{""attendance_count"":11,""install_day"":""2025-07-19"",""total_payment_amount"":7700,""user_name"":""찹쌀딸기모찌"",""user_rank"":1915,""user_stage"":200}"
"stage_reached_200 (App)","W:20_0A:19_0","9","{""attendance_count"":9,""install_day"":""2025-07-19"",""total_payment_amount"":7700,""user_name"":""캐깜"",""user_rank"":2042,""user_stage"":200}"
"stage_reached_200 (App)","W:22_0A:20_0","6","{""attendance_count"":6,""install_day"":""2025-07-24"",""total_payment_amount"":18700,""user_name"":""XIA"",""user_rank"":1895,""user_stage"":200}"
"stage_reached_200 (App)","W:22_0A:19_0","5","{""attendance_count"":5,""install_day"":""2025-07-26"",""total_payment_amount"":7700,""user_name"":""고공이"",""user_rank"":1866,""user_stage"":200}"
"stage_reached_200 (App)","W:17_0A:19_0","6","{""attendance_count"":6,""install_day"":""2025-07-25"",""total_payment_amount"":62700,""user_name"":""난세에영웅이도래"",""user_rank"":1993,""user_stage"":200}"
"stage_reached_200 (App)","W:19_0A:19_0","6","{""attendance_count"":6,""install_day"":""2025-07-25"",""total_payment_amount"":7700,""user_name"":""명예"",""user_rank"":1851,""user_stage"":200}"
"stage_reached_200 (App)","W:20_0A:19_0","9","{""attendance_count"":9,""install_day"":""2025-07-21"",""total_payment_amount"":7700,""user_name"":""루기서"",""user_rank"":2280,""user_stage"":200}"
"stage_reached_200 (App)","W:19_0A:19_0","6","{""attendance_count"":6,""install_day"":""2025-07-25"",""total_payment_amount"":40700,""user_name"":""감자도둑"",""user_rank"":1847,""user_stage"":200}"
"stage_reached_200 (App)","W:20_0A:19_0","12","{""attendance_count"":12,""install_day"":""2025-07-19"",""total_payment_amount"":7700,""user_name"":""별할온"",""user_rank"":1869,""user_stage"":200}"
"stage_reached_200 (App)","W:22_0A:19_0","7","{""attendance_count"":7,""install_day"":""2025-07-23"",""total_payment_amount"":7700,""user_name"":""무는찌"",""user_rank"":1992,""user_stage"":200}"
"stage_reached_200 (App)","W:22_0A:19_0","8","{""attendance_count"":8,""install_day"":""2025-07-23"",""total_payment_amount"":7700,""user_name"":""피대협"",""user_rank"":1847,""user_stage"":200}"
"stage_reached_200 (App)","W:21_0A:19_0","5","{""attendance_count"":5,""install_day"":""2025-07-26"",""total_payment_amount"":7700,""user_name"":""최누리"",""user_rank"":1979,""user_stage"":200}"
"stage_reached_200 (App)","W:19_0A:16_0","4","{""attendance_count"":4,""install_day"":""2025-07-27"",""total_payment_amount"":49500,""user_name"":""스과"",""user_rank"":1820,""user_stage"":200}"
"stage_reached_200 (App)","W:19_0A:19_0","5","{""attendance_count"":5,""install_day"":""2025-07-26"",""total_payment_amount"":40700,""user_name"":""조디리"",""user_rank"":1867,""user_stage"":200}"
"stage_reached_200 (App)","W:20_0A:19_0","7","{""attendance_count"":7,""install_day"":""2025-07-24"",""total_payment_amount"":7700,""user_name"":""sy1313"",""user_rank"":1950,""user_stage"":200}"
"stage_reached_200 (App)","W:23_0A:19_0","7","{""attendance_count"":7,""install_day"":""2025-07-24"",""total_payment_amount"":7700,""user_name"":""열우물"",""user_rank"":2028,""user_stage"":200}"
"stage_reached_200 (App)","W:20_0A:20_0","12","{""attendance_count"":12,""install_day"":""2025-07-19"",""total_payment_amount"":0,""user_name"":""anui"",""user_rank"":1898,""user_stage"":200}"
"stage_reached_200 (App)","W:20_0A:19_0","9","{""attendance_count"":9,""install_day"":""2025-07-22"",""total_payment_amount"":7700,""user_name"":""장난"",""user_rank"":1873,""user_stage"":200}"
"stage_reached_200 (App)","W:20_0A:19_0","7","{""attendance_count"":7,""install_day"":""2025-07-23"",""total_payment_amount"":7700,""user_name"":""다흙"",""user_rank"":1858,""user_stage"":200}"
"stage_reached_200 (App)","W:23_0A:19_0","7","{""attendance_count"":7,""install_day"":""2025-07-24"",""total_payment_amount"":7700,""user_name"":""상콤쏘쥬맛"",""user_rank"":1839,""user_stage"":200}"
"stage_reached_200 (App)","W:23_0A:23_0","2","{""attendance_count"":2,""install_day"":""2025-07-29"",""total_payment_amount"":447700,""user_name"":""신비디음"",""user_rank"":1985,""user_stage"":200}"
"stage_reached_200 (App)","W:22_0A:19_0","7","{""attendance_count"":7,""install_day"":""2025-07-24"",""total_payment_amount"":40700,""user_name"":""애쁠"",""user_rank"":1869,""user_stage"":200}"
"stage_reached_200 (App)","W:20_0A:19_0","7","{""attendance_count"":7,""install_day"":""2025-07-24"",""total_payment_amount"":7700,""user_name"":""hau"",""user_rank"":1840,""user_stage"":200}"
"stage_reached_200 (App)","W:21_0A:19_0","3","{""attendance_count"":3,""install_day"":""2025-07-27"",""total_payment_amount"":172700,""user_name"":""소천"",""user_rank"":1863,""user_stage"":200}"
"stage_reached_200 (App)","W:20_0A:19_0","5","{""attendance_count"":5,""install_day"":""2025-07-26"",""total_payment_amount"":62700,""user_name"":""리프포"",""user_rank"":1866,""user_stage"":200}"
"stage_reached_200 (App)","W:22_0A:21_0","9","{""attendance_count"":9,""install_day"":""2025-07-22"",""total_payment_amount"":7700,""user_name"":""동디니"",""user_rank"":1978,""user_stage"":200}"
"stage_reached_200 (App)","W:20_0A:19_0","12","{""attendance_count"":12,""install_day"":""2025-07-19"",""total_payment_amount"":0,""user_name"":""코끼리1"",""user_rank"":1825,""user_stage"":200}"
"stage_reached_200 (App)","W:22_0A:21_0","8","{""attendance_count"":8,""install_day"":""2025-07-23"",""total_payment_amount"":7700,""user_name"":""구아바"",""user_rank"":1935,""user_stage"":200}"
"stage_reached_200 (App)","W:20_0A:19_0","11","{""attendance_count"":11,""install_day"":""2025-07-19"",""total_payment_amount"":7700,""user_name"":""Yeo"",""user_rank"":1934,""user_stage"":200}"
"stage_reached_200 (App)","W:20_0A:20_0","8","{""attendance_count"":8,""install_day"":""2025-07-22"",""total_payment_amount"":7700,""user_name"":""백이련"",""user_rank"":1835,""user_stage"":200}"
"stage_reached_200 (App)","W:20_0A:19_0","7","{""attendance_count"":7,""install_day"":""2025-07-23"",""total_payment_amount"":62700,""user_name"":""천운바라기"",""user_rank"":1859,""user_stage"":200}"
"stage_reached_200 (App)","W:21_0A:19_0","8","{""attendance_count"":8,""install_day"":""2025-07-23"",""total_payment_amount"":150700,""user_name"":""삶의축복"",""user_rank"":1847,""user_stage"":200}"
"stage_reached_200 (App)","W:20_0A:19_0","7","{""attendance_count"":7,""install_day"":""2025-07-23"",""total_payment_amount"":7700,""user_name"":""Yeonn"",""user_rank"":1855,""user_stage"":200}"
"stage_reached_200 (App)","W:19_0A:19_0","6","{""attendance_count"":6,""install_day"":""2025-07-25"",""total_payment_amount"":26400,""user_name"":""선우보"",""user_rank"":1922,""user_stage"":200}"
"stage_reached_200 (App)","W:22_0A:19_0","5","{""attendance_count"":5,""install_day"":""2025-07-26"",""total_payment_amount"":7700,""user_name"":""왈도"",""user_rank"":2050,""user_stage"":200}"
"stage_reached_200 (App)","W:22_0A:19_0","13","{""attendance_count"":13,""install_day"":""2025-07-18"",""total_payment_amount"":18700,""user_name"":""이인방"",""user_rank"":1854,""user_stage"":200}"
"stage_reached_200 (App)","W:20_0A:20_0","11","{""attendance_count"":11,""install_day"":""2025-07-19"",""total_payment_amount"":7700,""user_name"":""Tndyd"",""user_rank"":1878,""user_stage"":200}"
"stage_reached_200 (App)","W:20_0A:20_0","11","{""attendance_count"":11,""install_day"":""2025-07-20"",""total_payment_amount"":7700,""user_name"":""벨로나"",""user_rank"":1825,""user_stage"":200}"
"stage_reached_200 (App)","W:20_0A:20_0","12","{""attendance_count"":12,""install_day"":""2025-07-19"",""total_payment_amount"":7700,""user_name"":""lesukoon"",""user_rank"":1837,""user_stage"":200}"
"stage_reached_200 (App)","W:21_0A:18_0","7","{""attendance_count"":7,""install_day"":""2025-07-23"",""total_payment_amount"":0,""user_name"":""초록매실"",""user_rank"":1928,""user_stage"":200}"
"stage_reached_200 (App)","W:22_0A:19_0","5","{""attendance_count"":5,""install_day"":""2025-07-26"",""total_payment_amount"":187000,""user_name"":""퓨어"",""user_rank"":1928,""user_stage"":200}"
"stage_reached_200 (App)","W:19_0A:19_0","11","{""attendance_count"":11,""install_day"":""2025-07-19"",""total_payment_amount"":7700,""user_name"":""구르르G"",""user_rank"":1909,""user_stage"":200}"
"stage_reached_200 (App)","W:20_0A:19_0","13","{""attendance_count"":13,""install_day"":""2025-07-16"",""total_payment_amount"":0,""user_name"":""옥수수스프"",""user_rank"":1846,""user_stage"":200}"
"stage_reached_200 (App)","W:20_0A:19_0","10","{""attendance_count"":10,""install_day"":""2025-07-19"",""total_payment_amount"":7700,""user_name"":""aaee"",""user_rank"":2086,""user_stage"":200}"
"stage_reached_200 (App)","W:22_0A:19_0","8","{""attendance_count"":8,""install_day"":""2025-07-23"",""total_payment_amount"":7700,""user_name"":""대니팬텀"",""user_rank"":1925,""user_stage"":200}"
"stage_reached_200 (App)","W:22_0A:19_0","12","{""attendance_count"":12,""install_day"":""2025-07-19"",""total_payment_amount"":7700,""user_name"":""쵸이"",""user_rank"":2279,""user_stage"":200}"
"stage_reached_200 (App)","W:20_0A:19_0","7","{""attendance_count"":7,""install_day"":""2025-07-20"",""total_payment_amount"":0,""user_name"":""오복아빠"",""user_rank"":2128,""user_stage"":200}"
"stage_reached_200 (App)","W:20_0A:19_0","6","{""attendance_count"":6,""install_day"":""2025-07-25"",""total_payment_amount"":7700,""user_name"":""비표기"",""user_rank"":2178,""user_stage"":200}"
"stage_reached_200 (App)","W:22_0A:20_0","8","{""attendance_count"":8,""install_day"":""2025-07-23"",""total_payment_amount"":7700,""user_name"":""체코"",""user_rank"":1840,""user_stage"":200}"
"stage_reached_200 (App)","W:22_0A:19_0","3","{""attendance_count"":3,""install_day"":""2025-07-17"",""total_payment_amount"":93500,""user_name"":""루아베니"",""user_rank"":1840,""user_stage"":200}"
"stage_reached_200 (App)","W:20_0A:19_0","5","{""attendance_count"":5,""install_day"":""2025-07-26"",""total_payment_amount"":113300,""user_name"":""궁디팡"",""user_rank"":1839,""user_stage"":200}"
"stage_reached_200 (App)","W:20_0A:19_0","12","{""attendance_count"":12,""install_day"":""2025-07-19"",""total_payment_amount"":0,""user_name"":""글로벌"",""user_rank"":1840,""user_stage"":200}"
"stage_reached_200 (App)","W:20_0A:19_0","7","{""attendance_count"":7,""install_day"":""2025-07-24"",""total_payment_amount"":7700,""user_name"":""진니크"",""user_rank"":1869,""user_stage"":200}"
"stage_reached_200 (App)","W:20_0A:19_0","7","{""attendance_count"":7,""install_day"":""2025-07-24"",""total_payment_amount"":7700,""user_name"":""하이파파"",""user_rank"":2007,""user_stage"":200}"
"stage_reached_200 (App)","W:21_0A:19_0","12","{""attendance_count"":12,""install_day"":""2025-07-19"",""total_payment_amount"":7700,""user_name"":""홍유랑이"",""user_rank"":1824,""user_stage"":200}"
"stage_reached_200 (App)","W:20_0A:19_0","11","{""attendance_count"":11,""install_day"":""2025-07-19"",""total_payment_amount"":7700,""user_name"":""hgfry"",""user_rank"":1839,""user_stage"":200}"
"stage_reached_200 (App)","W:20_0A:19_0","8","{""attendance_count"":8,""install_day"":""2025-07-23"",""total_payment_amount"":40700,""user_name"":""짜장면표류기"",""user_rank"":2082,""user_stage"":200}"
"stage_reached_200 (App)","W:20_0A:19_0","8","{""attendance_count"":8,""install_day"":""2025-07-22"",""total_payment_amount"":7700,""user_name"":""일오"",""user_rank"":2447,""user_stage"":200}"
"stage_reached_200 (App)","W:22_0A:23_0","9","{""attendance_count"":9,""install_day"":""2025-07-21"",""total_payment_amount"":7700,""user_name"":""여르미"",""user_rank"":1824,""user_stage"":200}"
"stage_reached_200 (App)","W:20_0A:19_0","8","{""attendance_count"":8,""install_day"":""2025-07-23"",""total_payment_amount"":14300,""user_name"":""하드"",""user_rank"":1819,""user_stage"":200}"
"stage_reached_200 (App)","W:22_0A:19_0","11","{""attendance_count"":11,""install_day"":""2025-07-19"",""total_payment_amount"":40700,""user_name"":""썩쏘염염"",""user_rank"":1861,""user_stage"":200}"
"stage_reached_200 (App)","W:20_0A:19_0","7","{""attendance_count"":7,""install_day"":""2025-07-24"",""total_payment_amount"":15400,""user_name"":""비뉘부니"",""user_rank"":1895,""user_stage"":200}"
"stage_reached_200 (App)","W:20_0A:19_0","9","{""attendance_count"":9,""install_day"":""2025-07-22"",""total_payment_amount"":7700,""user_name"":""링컨"",""user_rank"":2306,""user_stage"":200}"
"stage_reached_200 (App)","W:20_0A:19_0","9","{""attendance_count"":9,""install_day"":""2025-07-22"",""total_payment_amount"":0,""user_name"":""의천"",""user_rank"":1804,""user_stage"":200}"
"stage_reached_200 (App)","W:21_0A:19_0","15","{""attendance_count"":15,""install_day"":""2025-07-16"",""total_payment_amount"":15400,""user_name"":""Lggu"",""user_rank"":1861,""user_stage"":200}"
"stage_reached_200 (App)","W:22_0A:16_0","4","{""attendance_count"":4,""install_day"":""2025-07-26"",""total_payment_amount"":7700,""user_name"":""솔파"",""user_rank"":2076,""user_stage"":200}"
"stage_reached_200 (App)","W:21_0A:19_0","9","{""attendance_count"":9,""install_day"":""2025-07-21"",""total_payment_amount"":7700,""user_name"":""칼린츠"",""user_rank"":2028,""user_stage"":200}"
"stage_reached_200 (App)","W:23_0A:19_0","5","{""attendance_count"":5,""install_day"":""2025-07-25"",""total_payment_amount"":7700,""user_name"":""또잉따잉주"",""user_rank"":1823,""user_stage"":200}"
"stage_reached_200 (App)","W:23_0A:19_0","14","{""attendance_count"":14,""install_day"":""2025-07-17"",""total_payment_amount"":0,""user_name"":""우유만두"",""user_rank"":1890,""user_stage"":200}"
"stage_reached_200 (App)","W:20_0A:19_0","9","{""attendance_count"":9,""install_day"":""2025-07-21"",""total_payment_amount"":7700,""user_name"":""스멜"",""user_rank"":1798,""user_stage"":200}"
"stage_reached_200 (App)","W:20_0A:19_0","8","{""attendance_count"":8,""install_day"":""2025-07-23"",""total_payment_amount"":0,""user_name"":""태건이"",""user_rank"":1816,""user_stage"":200}"
"stage_reached_200 (App)","W:20_0A:20_0","12","{""attendance_count"":12,""install_day"":""2025-07-18"",""total_payment_amount"":7700,""user_name"":""멍구리"",""user_rank"":1939,""user_stage"":200}"
"stage_reached_200 (App)","W:20_0A:19_0","10","{""attendance_count"":10,""install_day"":""2025-07-20"",""total_payment_amount"":7700,""user_name"":""익명이"",""user_rank"":1786,""user_stage"":200}"
"stage_reached_200 (App)","W:22_0A:22_0","5","{""attendance_count"":5,""install_day"":""2025-07-26"",""total_payment_amount"":7700,""user_name"":""폭렬망둥이"",""user_rank"":2011,""user_stage"":200}"
"stage_reached_200 (App)","W:20_0A:19_0","8","{""attendance_count"":8,""install_day"":""2025-07-23"",""total_payment_amount"":7700,""user_name"":""bamuse"",""user_rank"":1939,""user_stage"":200}"
"stage_reached_200 (App)","W:19_0A:19_0","6","{""attendance_count"":6,""install_day"":""2025-07-24"",""total_payment_amount"":7700,""user_name"":""앙씨"",""user_rank"":1868,""user_stage"":200}"
"stage_reached_200 (App)","W:20_0A:19_0","12","{""attendance_count"":12,""install_day"":""2025-07-18"",""total_payment_amount"":7700,""user_name"":""소여니사랑해"",""user_rank"":1937,""user_stage"":200}"
"stage_reached_200 (App)","W:23_0A:21_0","9","{""attendance_count"":9,""install_day"":""2025-07-22"",""total_payment_amount"":7700,""user_name"":""이딱이"",""user_rank"":1783,""user_stage"":200}"
"stage_reached_200 (App)","W:20_0A:19_0","7","{""attendance_count"":7,""install_day"":""2025-07-24"",""total_payment_amount"":18700,""user_name"":""뭉게구름먼지"",""user_rank"":1896,""user_stage"":200}"
"stage_reached_200 (App)","W:22_0A:21_0","7","{""attendance_count"":7,""install_day"":""2025-07-24"",""total_payment_amount"":7700,""user_name"":""마스엘"",""user_rank"":2007,""user_stage"":200}"
"stage_reached_200 (App)","W:20_0A:19_0","7","{""attendance_count"":7,""install_day"":""2025-07-24"",""total_payment_amount"":7700,""user_name"":""무락카"",""user_rank"":1746,""user_stage"":200}"
"stage_reached_200 (App)","W:20_0A:19_0","11","{""attendance_count"":11,""install_day"":""2025-07-20"",""total_payment_amount"":0,""user_name"":""테이코"",""user_rank"":1797,""user_stage"":200}"
"stage_reached_200 (App)","W:19_0A:19_0","6","{""attendance_count"":6,""install_day"":""2025-07-25"",""total_payment_amount"":7700,""user_name"":""의룡"",""user_rank"":1863,""user_stage"":200}"
"stage_reached_200 (App)","W:20_0A:21_0","10","{""attendance_count"":10,""install_day"":""2025-07-21"",""total_payment_amount"":7700,""user_name"":""노바디노"",""user_rank"":1797,""user_stage"":200}"
"stage_reached_200 (App)","W:20_0A:21_0","5","{""attendance_count"":5,""install_day"":""2025-07-26"",""total_payment_amount"":73700,""user_name"":""그루터기"",""user_rank"":1790,""user_stage"":200}"
"stage_reached_200 (App)","W:20_0A:19_0","7","{""attendance_count"":7,""install_day"":""2025-07-24"",""total_payment_amount"":7700,""user_name"":""도호"",""user_rank"":1885,""user_stage"":200}"
"stage_reached_200 (App)","W:20_0A:20_0","13","{""attendance_count"":13,""install_day"":""2025-07-18"",""total_payment_amount"":0,""user_name"":""Messi"",""user_rank"":1789,""user_stage"":200}"
"stage_reached_200 (App)","W:21_0A:19_0","6","{""attendance_count"":6,""install_day"":""2025-07-24"",""total_payment_amount"":7700,""user_name"":""달구"",""user_rank"":1795,""user_stage"":200}"
"stage_reached_200 (App)","W:20_0A:19_0","8","{""attendance_count"":8,""install_day"":""2025-07-22"",""total_payment_amount"":22000,""user_name"":""꽃설"",""user_rank"":1849,""user_stage"":200}"
"stage_reached_200 (App)","W:20_0A:19_0","7","{""attendance_count"":7,""install_day"":""2025-07-24"",""total_payment_amount"":7700,""user_name"":""리오넬맹기"",""user_rank"":2055,""user_stage"":200}"
"stage_reached_200 (App)","W:20_0A:19_0","5","{""attendance_count"":5,""install_day"":""2025-07-26"",""total_payment_amount"":28600,""user_name"":""최쿠로"",""user_rank"":1964,""user_stage"":200}"
"stage_reached_200 (App)","W:23_0A:22_0","5","{""attendance_count"":5,""install_day"":""2025-07-25"",""total_payment_amount"":7700,""user_name"":""민서은서아빠"",""user_rank"":1830,""user_stage"":200}"
"stage_reached_200 (App)","W:23_0A:19_0","13","{""attendance_count"":13,""install_day"":""2025-07-16"",""total_payment_amount"":0,""user_name"":""찝찔"",""user_rank"":1872,""user_stage"":200}"
"stage_reached_200 (App)","W:20_0A:19_0","7","{""attendance_count"":7,""install_day"":""2025-07-23"",""total_payment_amount"":7700,""user_name"":""내안에이무기"",""user_rank"":1799,""user_stage"":200}"
"stage_reached_200 (App)","W:20_0A:20_0","7","{""attendance_count"":7,""install_day"":""2025-07-24"",""total_payment_amount"":19800,""user_name"":""히키"",""user_rank"":1770,""user_stage"":200}"
"stage_reached_200 (App)","W:20_0A:19_0","8","{""attendance_count"":8,""install_day"":""2025-07-23"",""total_payment_amount"":7700,""user_name"":""ellquine"",""user_rank"":1919,""user_stage"":200}"
"stage_reached_200 (App)","W:20_0A:19_0","7","{""attendance_count"":7,""install_day"":""2025-07-23"",""total_payment_amount"":7700,""user_name"":""으아니"",""user_rank"":1831,""user_stage"":200}"
"stage_reached_200 (App)","W:20_0A:19_0","8","{""attendance_count"":8,""install_day"":""2025-07-22"",""total_payment_amount"":0,""user_name"":""또먹으면돼지"",""user_rank"":1796,""user_stage"":200}"
"stage_reached_200 (App)","W:23_0A:20_0","7","{""attendance_count"":7,""install_day"":""2025-07-24"",""total_payment_amount"":7700,""user_name"":""테슬라곱버스"",""user_rank"":1781,""user_stage"":200}"
"stage_reached_200 (App)","W:20_0A:19_0","14","{""attendance_count"":14,""install_day"":""2025-07-16"",""total_payment_amount"":11000,""user_name"":""민준이"",""user_rank"":1868,""user_stage"":200}"
"stage_reached_200 (App)","W:22_0A:20_0","12","{""attendance_count"":12,""install_day"":""2025-07-19"",""total_payment_amount"":42900,""user_name"":""쑤악쓔뤼"",""user_rank"":1767,""user_stage"":200}"
"stage_reached_200 (App)","W:20_0A:19_0","7","{""attendance_count"":7,""install_day"":""2025-07-24"",""total_payment_amount"":7700,""user_name"":""변호찬"",""user_rank"":1883,""user_stage"":200}"
"stage_reached_200 (App)","W:20_0A:19_0","8","{""attendance_count"":8,""install_day"":""2025-07-22"",""total_payment_amount"":7700,""user_name"":""도영"",""user_rank"":1882,""user_stage"":200}"
"stage_reached_200 (App)","W:20_0A:19_0","11","{""attendance_count"":11,""install_day"":""2025-07-18"",""total_payment_amount"":7700,""user_name"":""리얼리즘"",""user_rank"":1828,""user_stage"":200}"
"stage_reached_200 (App)","W:20_0A:19_0","7","{""attendance_count"":7,""install_day"":""2025-07-23"",""total_payment_amount"":7700,""user_name"":""혜민"",""user_rank"":1883,""user_stage"":200}"
"stage_reached_200 (App)","W:20_0A:19_0","9","{""attendance_count"":9,""install_day"":""2025-07-20"",""total_payment_amount"":7700,""user_name"":""반달"",""user_rank"":1795,""user_stage"":200}"
"stage_reached_200 (App)","W:22_0A:20_0","11","{""attendance_count"":11,""install_day"":""2025-07-19"",""total_payment_amount"":7700,""user_name"":""반도"",""user_rank"":1771,""user_stage"":200}"
"stage_reached_200 (App)","W:20_0A:19_0","7","{""attendance_count"":7,""install_day"":""2025-07-23"",""total_payment_amount"":0,""user_name"":""두두부부"",""user_rank"":1779,""user_stage"":200}"
"stage_reached_200 (App)","W:20_0A:19_0","7","{""attendance_count"":7,""install_day"":""2025-07-23"",""total_payment_amount"":7700,""user_name"":""한국하렘왕"",""user_rank"":2079,""user_stage"":200}"
"stage_reached_200 (App)","W:20_0A:20_0","10","{""attendance_count"":10,""install_day"":""2025-07-19"",""total_payment_amount"":51700,""user_name"":""사몬"",""user_rank"":1739,""user_stage"":200}"
"stage_reached_200 (App)","W:22_0A:19_0","3","{""attendance_count"":3,""install_day"":""2025-07-27"",""total_payment_amount"":7700,""user_name"":""비루"",""user_rank"":1790,""user_stage"":200}"
"stage_reached_200 (App)","W:20_0A:19_0","8","{""attendance_count"":8,""install_day"":""2025-07-22"",""total_payment_amount"":7700,""user_name"":""먼밍"",""user_rank"":1785,""user_stage"":200}"
"stage_reached_200 (App)","W:21_0A:19_0","9","{""attendance_count"":9,""install_day"":""2025-07-21"",""total_payment_amount"":7700,""user_name"":""다용도"",""user_rank"":1758,""user_stage"":200}"
"stage_reached_200 (App)","W:23_0A:22_0","1","{""attendance_count"":1,""install_day"":""2025-07-29"",""total_payment_amount"":364100,""user_name"":""둥가"",""user_rank"":2073,""user_stage"":200}"
"stage_reached_200 (App)","W:22_0A:19_0","9","{""attendance_count"":9,""install_day"":""2025-07-16"",""total_payment_amount"":0,""user_name"":""조정치"",""user_rank"":2282,""user_stage"":200}"
"stage_reached_200 (App)","W:20_0A:19_0","10","{""attendance_count"":10,""install_day"":""2025-07-19"",""total_payment_amount"":0,""user_name"":""오존샤워"",""user_rank"":1760,""user_stage"":200}"
"stage_reached_200 (App)","W:20_0A:19_0","13","{""attendance_count"":13,""install_day"":""2025-07-17"",""total_payment_amount"":0,""user_name"":""강승현"",""user_rank"":1904,""user_stage"":200}"
"stage_reached_200 (App)","W:18_0A:16_0","4","{""attendance_count"":4,""install_day"":""2025-07-25"",""total_payment_amount"":46200,""user_name"":""하품만나와"",""user_rank"":1809,""user_stage"":200}"
"stage_reached_200 (App)","W:20_0A:20_0","9","{""attendance_count"":9,""install_day"":""2025-07-21"",""total_payment_amount"":7700,""user_name"":""가가파파"",""user_rank"":1752,""user_stage"":200}"
"stage_reached_200 (App)","W:20_0A:19_0","7","{""attendance_count"":7,""install_day"":""2025-07-23"",""total_payment_amount"":7700,""user_name"":""궁디표류"",""user_rank"":1779,""user_stage"":200}"
"stage_reached_200 (App)","W:20_0A:19_0","10","{""attendance_count"":10,""install_day"":""2025-07-20"",""total_payment_amount"":7700,""user_name"":""봉돌이"",""user_rank"":1778,""user_stage"":200}"
"stage_reached_200 (App)","W:20_0A:19_0","11","{""attendance_count"":11,""install_day"":""2025-07-18"",""total_payment_amount"":7700,""user_name"":""Aespa"",""user_rank"":1825,""user_stage"":200}"
"stage_reached_200 (App)","W:20_0A:19_0","11","{""attendance_count"":11,""install_day"":""2025-07-19"",""total_payment_amount"":7700,""user_name"":""1집사"",""user_rank"":1732,""user_stage"":200}"
"stage_reached_200 (App)","W:21_0A:19_0","11","{""attendance_count"":11,""install_day"":""2025-07-19"",""total_payment_amount"":7700,""user_name"":""동구랑땡"",""user_rank"":2228,""user_stage"":200}"
"stage_reached_200 (App)","W:22_0A:19_0","9","{""attendance_count"":9,""install_day"":""2025-07-18"",""total_payment_amount"":0,""user_name"":""갑뿐싸"",""user_rank"":1940,""user_stage"":200}"
"stage_reached_200 (App)","W:21_0A:21_0","9","{""attendance_count"":9,""install_day"":""2025-07-21"",""total_payment_amount"":0,""user_name"":""케케크크"",""user_rank"":1777,""user_stage"":200}"
"stage_reached_200 (App)","W:20_0A:19_0","11","{""attendance_count"":11,""install_day"":""2025-07-18"",""total_payment_amount"":7700,""user_name"":""김브이"",""user_rank"":1749,""user_stage"":200}"
"stage_reached_200 (App)","W:21_0A:19_0","11","{""attendance_count"":11,""install_day"":""2025-07-19"",""total_payment_amount"":0,""user_name"":""프랍"",""user_rank"":1771,""user_stage"":200}"
"stage_reached_200 (App)","W:21_0A:19_0","10","{""attendance_count"":10,""install_day"":""2025-07-19"",""total_payment_amount"":7700,""user_name"":""순대당"",""user_rank"":1820,""user_stage"":200}"
"stage_reached_200 (App)","W:23_0A:20_0","6","{""attendance_count"":6,""install_day"":""2025-07-24"",""total_payment_amount"":7700,""user_name"":""랄라링"",""user_rank"":1974,""user_stage"":200}"
"stage_reached_200 (App)","W:20_0A:20_0","12","{""attendance_count"":12,""install_day"":""2025-07-15"",""total_payment_amount"":7700,""user_name"":""유하탱"",""user_rank"":1772,""user_stage"":200}"
"stage_reached_200 (App)","W:20_0A:19_0","10","{""attendance_count"":10,""install_day"":""2025-07-20"",""total_payment_amount"":7700,""user_name"":""지금여기"",""user_rank"":1819,""user_stage"":200}"
"stage_reached_200 (App)","W:20_0A:22_0","6","{""attendance_count"":6,""install_day"":""2025-07-23"",""total_payment_amount"":41800,""user_name"":""슈룹"",""user_rank"":1719,""user_stage"":200}"
"stage_reached_200 (App)","W:23_0A:20_0","6","{""attendance_count"":6,""install_day"":""2025-07-24"",""total_payment_amount"":18700,""user_name"":""순신좌"",""user_rank"":1799,""user_stage"":200}"
"stage_reached_200 (App)","W:19_0A:19_0","6","{""attendance_count"":6,""install_day"":""2025-07-22"",""total_payment_amount"":27500,""user_name"":""동구밭"",""user_rank"":2013,""user_stage"":200}"
"stage_reached_200 (App)","W:23_0A:20_0","11","{""attendance_count"":11,""install_day"":""2025-07-19"",""total_payment_amount"":7700,""user_name"":""민벤져스"",""user_rank"":1855,""user_stage"":200}"
"stage_reached_200 (App)","W:20_0A:19_0","7","{""attendance_count"":7,""install_day"":""2025-07-23"",""total_payment_amount"":0,""user_name"":""역경"",""user_rank"":1885,""user_stage"":200}"
"stage_reached_200 (App)","W:17_0A:19_0","6","{""attendance_count"":6,""install_day"":""2025-07-24"",""total_payment_amount"":7700,""user_name"":""제에브알"",""user_rank"":1754,""user_stage"":200}"
"stage_reached_200 (App)","W:22_0A:19_0","10","{""attendance_count"":10,""install_day"":""2025-07-20"",""total_payment_amount"":0,""user_name"":""창원"",""user_rank"":2107,""user_stage"":200}"
"stage_reached_200 (App)","W:22_0A:19_0","9","{""attendance_count"":9,""install_day"":""2025-07-19"",""total_payment_amount"":7700,""user_name"":""손가락원숭이"",""user_rank"":2107,""user_stage"":200}"
"stage_reached_200 (App)","W:20_0A:19_0","11","{""attendance_count"":11,""install_day"":""2025-07-19"",""total_payment_amount"":7700,""user_name"":""정환마기라스"",""user_rank"":1791,""user_stage"":200}"
"stage_reached_200 (App)","W:20_0A:19_0","9","{""attendance_count"":9,""install_day"":""2025-07-21"",""total_payment_amount"":0,""user_name"":""llsean"",""user_rank"":1762,""user_stage"":200}"
"stage_reached_200 (App)","W:20_0A:22_0","12","{""attendance_count"":12,""install_day"":""2025-07-18"",""total_payment_amount"":7700,""user_name"":""Grey"",""user_rank"":1704,""user_stage"":200}"
"stage_reached_200 (App)","W:21_0A:23_0","12","{""attendance_count"":12,""install_day"":""2025-07-18"",""total_payment_amount"":69300,""user_name"":""평화를빕니다"",""user_rank"":1760,""user_stage"":200}"
"stage_reached_200 (App)","W:21_0A:19_0","11","{""attendance_count"":11,""install_day"":""2025-07-18"",""total_payment_amount"":7700,""user_name"":""간파열"",""user_rank"":1786,""user_stage"":200}"
"stage_reached_200 (App)","W:20_0A:19_0","9","{""attendance_count"":9,""install_day"":""2025-07-19"",""total_payment_amount"":7700,""user_name"":""뀨찌"",""user_rank"":1841,""user_stage"":200}"
"stage_reached_200 (App)","W:22_0A:19_0","6","{""attendance_count"":6,""install_day"":""2025-07-23"",""total_payment_amount"":7700,""user_name"":""뱌기"",""user_rank"":1752,""user_stage"":200}"
"stage_reached_200 (App)","W:20_0A:19_0","8","{""attendance_count"":8,""install_day"":""2025-07-21"",""total_payment_amount"":0,""user_name"":""한룡"",""user_rank"":1716,""user_stage"":200}"
"stage_reached_200 (App)","W:20_0A:19_0","10","{""attendance_count"":10,""install_day"":""2025-07-19"",""total_payment_amount"":7700,""user_name"":""귤까면너줄게"",""user_rank"":1698,""user_stage"":200}"
"stage_reached_200 (App)","W:20_0A:19_0","8","{""attendance_count"":8,""install_day"":""2025-07-22"",""total_payment_amount"":19800,""user_name"":""네대로"",""user_rank"":1915,""user_stage"":200}"
"stage_reached_200 (App)","W:20_0A:19_0","7","{""attendance_count"":7,""install_day"":""2025-07-23"",""total_payment_amount"":40700,""user_name"":""헬롱"",""user_rank"":1818,""user_stage"":200}"
"stage_reached_200 (App)","W:22_0A:20_0","11","{""attendance_count"":11,""install_day"":""2025-07-18"",""total_payment_amount"":7700,""user_name"":""도브"",""user_rank"":1739,""user_stage"":200}"
"stage_reached_200 (App)","W:20_0A:19_0","7","{""attendance_count"":7,""install_day"":""2025-07-23"",""total_payment_amount"":7700,""user_name"":""강율라율"",""user_rank"":1752,""user_stage"":200}"
"stage_reached_200 (App)","W:22_0A:19_0","6","{""attendance_count"":6,""install_day"":""2025-07-24"",""total_payment_amount"":51700,""user_name"":""김문성"",""user_rank"":1901,""user_stage"":200}"
"stage_reached_200 (App)","W:19_0A:19_0","5","{""attendance_count"":5,""install_day"":""2025-07-25"",""total_payment_amount"":7700,""user_name"":""아비라파"",""user_rank"":1712,""user_stage"":200}"
"stage_reached_200 (App)","W:20_0A:19_0","7","{""attendance_count"":7,""install_day"":""2025-07-23"",""total_payment_amount"":7700,""user_name"":""국사심"",""user_rank"":1702,""user_stage"":200}"
"stage_reached_200 (App)","W:20_0A:19_0","8","{""attendance_count"":8,""install_day"":""2025-07-22"",""total_payment_amount"":18700,""user_name"":""기본금"",""user_rank"":1980,""user_stage"":200}"
"stage_reached_200 (App)","W:19_0A:19_0","6","{""attendance_count"":6,""install_day"":""2025-07-24"",""total_payment_amount"":7700,""user_name"":""로즈베리"",""user_rank"":1744,""user_stage"":200}"
"stage_reached_200 (App)","W:22_0A:19_0","10","{""attendance_count"":10,""install_day"":""2025-07-20"",""total_payment_amount"":7700,""user_name"":""o그래o"",""user_rank"":1656,""user_stage"":200}"
"stage_reached_200 (App)","W:20_0A:19_0","7","{""attendance_count"":7,""install_day"":""2025-07-23"",""total_payment_amount"":8800,""user_name"":""의자의자"",""user_rank"":2222,""user_stage"":200}"
"stage_reached_200 (App)","W:22_0A:19_0","9","{""attendance_count"":9,""install_day"":""2025-07-20"",""total_payment_amount"":7700,""user_name"":""우쿠아쿠"",""user_rank"":1779,""user_stage"":200}"
"stage_reached_200 (App)","W:20_0A:17_0","3","{""attendance_count"":3,""install_day"":""2025-07-26"",""total_payment_amount"":37400,""user_name"":""아루맘"",""user_rank"":1722,""user_stage"":200}"
"stage_reached_200 (App)","W:22_0A:21_0","8","{""attendance_count"":8,""install_day"":""2025-07-20"",""total_payment_amount"":7700,""user_name"":""로빼이"",""user_rank"":1762,""user_stage"":200}"
"stage_reached_200 (App)","W:20_0A:19_0","7","{""attendance_count"":7,""install_day"":""2025-07-22"",""total_payment_amount"":0,""user_name"":""쩌희"",""user_rank"":1740,""user_stage"":200}"
"stage_reached_200 (App)","W:22_0A:19_0","6","{""attendance_count"":6,""install_day"":""2025-07-24"",""total_payment_amount"":7700,""user_name"":""깐수"",""user_rank"":1722,""user_stage"":200}"
"stage_reached_200 (App)","W:20_0A:20_0","6","{""attendance_count"":6,""install_day"":""2025-07-23"",""total_payment_amount"":227700,""user_name"":""감수성"",""user_rank"":1761,""user_stage"":200}"
"stage_reached_200 (App)","W:23_0A:19_0","11","{""attendance_count"":11,""install_day"":""2025-07-19"",""total_payment_amount"":7700,""user_name"":""이안대군"",""user_rank"":1892,""user_stage"":200}"
"stage_reached_200 (App)","W:20_0A:19_0","7","{""attendance_count"":7,""install_day"":""2025-07-23"",""total_payment_amount"":7700,""user_name"":""무식한놈"",""user_rank"":1740,""user_stage"":200}"
"stage_reached_200 (App)","W:20_0A:20_0","12","{""attendance_count"":12,""install_day"":""2025-07-18"",""total_payment_amount"":7700,""user_name"":""어디서"",""user_rank"":1738,""user_stage"":200}"
"stage_reached_200 (App)","W:23_0A:19_0","12","{""attendance_count"":12,""install_day"":""2025-07-18"",""total_payment_amount"":0,""user_name"":""스타틴"",""user_rank"":2291,""user_stage"":200}"
"stage_reached_200 (App)","W:21_0A:19_0","12","{""attendance_count"":12,""install_day"":""2025-07-17"",""total_payment_amount"":7700,""user_name"":""조선의포터"",""user_rank"":1694,""user_stage"":200}"
"stage_reached_200 (App)","W:22_0A:20_0","8","{""attendance_count"":8,""install_day"":""2025-07-21"",""total_payment_amount"":7700,""user_name"":""나유"",""user_rank"":1717,""user_stage"":200}"
"stage_reached_200 (App)","W:21_0A:19_0","7","{""attendance_count"":7,""install_day"":""2025-07-23"",""total_payment_amount"":0,""user_name"":""디씨에프씨"",""user_rank"":1766,""user_stage"":200}"
"stage_reached_200 (App)","W:19_0A:19_0","4","{""attendance_count"":4,""install_day"":""2025-07-26"",""total_payment_amount"":160600,""user_name"":""타이거통"",""user_rank"":1747,""user_stage"":200}"
"stage_reached_200 (App)","W:22_0A:19_0","6","{""attendance_count"":6,""install_day"":""2025-07-24"",""total_payment_amount"":0,""user_name"":""지쳐잠든나"",""user_rank"":1711,""user_stage"":200}"
"stage_reached_200 (App)","W:19_0A:19_0","8","{""attendance_count"":8,""install_day"":""2025-07-22"",""total_payment_amount"":7700,""user_name"":""은광"",""user_rank"":1726,""user_stage"":200}"
"stage_reached_200 (App)","W:22_0A:19_0","13","{""attendance_count"":13,""install_day"":""2025-07-17"",""total_payment_amount"":0,""user_name"":""백구뽀뚜"",""user_rank"":1741,""user_stage"":200}"
"stage_reached_200 (App)","W:20_0A:19_0","8","{""attendance_count"":8,""install_day"":""2025-07-21"",""total_payment_amount"":7700,""user_name"":""리듬왕"",""user_rank"":1736,""user_stage"":200}"
"stage_reached_200 (App)","W:20_0A:19_0","7","{""attendance_count"":7,""install_day"":""2025-07-23"",""total_payment_amount"":7700,""user_name"":""하용25"",""user_rank"":1829,""user_stage"":200}"
"stage_reached_200 (App)","W:20_0A:19_0","7","{""attendance_count"":7,""install_day"":""2025-07-23"",""total_payment_amount"":7700,""user_name"":""용용이다"",""user_rank"":1677,""user_stage"":200}"
"stage_reached_200 (App)","W:23_0A:20_0","5","{""attendance_count"":5,""install_day"":""2025-07-24"",""total_payment_amount"":11000,""user_name"":""궁녀"",""user_rank"":1685,""user_stage"":200}"
"stage_reached_200 (App)","W:19_0A:19_0","6","{""attendance_count"":6,""install_day"":""2025-07-24"",""total_payment_amount"":7700,""user_name"":""큼캉"",""user_rank"":1946,""user_stage"":200}"
"stage_reached_200 (App)","W:21_0A:21_0","12","{""attendance_count"":12,""install_day"":""2025-07-17"",""total_payment_amount"":11000,""user_name"":""5456486"",""user_rank"":1861,""user_stage"":200}"
"stage_reached_200 (App)","W:20_0A:19_0","13","{""attendance_count"":13,""install_day"":""2025-07-16"",""total_payment_amount"":11000,""user_name"":""엽기곰"",""user_rank"":1684,""user_stage"":200}"
"stage_reached_200 (App)","W:20_0A:19_0","14","{""attendance_count"":14,""install_day"":""2025-07-16"",""total_payment_amount"":0,""user_name"":""힌둥이"",""user_rank"":1696,""user_stage"":200}"
"stage_reached_200 (App)","W:21_0A:19_0","9","{""attendance_count"":9,""install_day"":""2025-07-21"",""total_payment_amount"":7700,""user_name"":""바나나킥"",""user_rank"":1743,""user_stage"":200}"
"stage_reached_200 (App)","W:21_0A:19_0","13","{""attendance_count"":13,""install_day"":""2025-07-16"",""total_payment_amount"":0,""user_name"":""여소율"",""user_rank"":1788,""user_stage"":200}"
"stage_reached_200 (App)","W:22_0A:20_0","7","{""attendance_count"":7,""install_day"":""2025-07-21"",""total_payment_amount"":7700,""user_name"":""두두두두"",""user_rank"":1707,""user_stage"":200}"
"stage_reached_200 (App)","W:22_0A:19_0","11","{""attendance_count"":11,""install_day"":""2025-07-17"",""total_payment_amount"":7700,""user_name"":""단비유품정리"",""user_rank"":1690,""user_stage"":200}"
"stage_reached_200 (App)","W:20_0A:19_0","13","{""attendance_count"":13,""install_day"":""2025-07-16"",""total_payment_amount"":0,""user_name"":""제왕"",""user_rank"":1705,""user_stage"":200}"
"stage_reached_200 (App)","W:20_0A:20_0","12","{""attendance_count"":12,""install_day"":""2025-07-18"",""total_payment_amount"":0,""user_name"":""조컷"",""user_rank"":1741,""user_stage"":200}"
"stage_reached_200 (App)","W:22_0A:19_0","7","{""attendance_count"":7,""install_day"":""2025-07-23"",""total_payment_amount"":14300,""user_name"":""까넬"",""user_rank"":1938,""user_stage"":200}"
"stage_reached_200 (App)","W:20_0A:19_0","11","{""attendance_count"":11,""install_day"":""2025-07-18"",""total_payment_amount"":7700,""user_name"":""한국사일타강사"",""user_rank"":1685,""user_stage"":200}"
"stage_reached_200 (App)","W:20_0A:19_0","11","{""attendance_count"":11,""install_day"":""2025-07-17"",""total_payment_amount"":0,""user_name"":""태경잉잉"",""user_rank"":1681,""user_stage"":200}"
"stage_reached_200 (App)","W:19_0A:18_0","3","{""attendance_count"":3,""install_day"":""2025-07-27"",""total_payment_amount"":205700,""user_name"":""집안구석"",""user_rank"":1845,""user_stage"":200}"
"stage_reached_200 (App)","W:20_0A:19_0","11","{""attendance_count"":11,""install_day"":""2025-07-19"",""total_payment_amount"":7700,""user_name"":""매운맛스낵면"",""user_rank"":1666,""user_stage"":200}"
"stage_reached_200 (App)","W:22_0A:19_0","7","{""attendance_count"":7,""install_day"":""2025-07-23"",""total_payment_amount"":7700,""user_name"":""벼리하니"",""user_rank"":1665,""user_stage"":200}"
"stage_reached_200 (App)","W:20_0A:19_0","9","{""attendance_count"":9,""install_day"":""2025-07-20"",""total_payment_amount"":7700,""user_name"":""영케이"",""user_rank"":1693,""user_stage"":200}"
"stage_reached_200 (App)","W:20_0A:19_0","10","{""attendance_count"":10,""install_day"":""2025-07-20"",""total_payment_amount"":7700,""user_name"":""환영z"",""user_rank"":1690,""user_stage"":200}"
"stage_reached_200 (App)","W:21_0A:19_0","10","{""attendance_count"":10,""install_day"":""2025-07-18"",""total_payment_amount"":7700,""user_name"":""룬살"",""user_rank"":1660,""user_stage"":200}"
"stage_reached_200 (App)","W:21_0A:19_0","9","{""attendance_count"":9,""install_day"":""2025-07-21"",""total_payment_amount"":7700,""user_name"":""지앙이"",""user_rank"":1692,""user_stage"":200}"
"stage_reached_200 (App)","W:21_0A:18_0","10","{""attendance_count"":10,""install_day"":""2025-07-17"",""total_payment_amount"":0,""user_name"":""의미없음"",""user_rank"":1672,""user_stage"":200}"
"stage_reached_200 (App)","W:20_0A:21_0","8","{""attendance_count"":8,""install_day"":""2025-07-22"",""total_payment_amount"":14300,""user_name"":""bean"",""user_rank"":1658,""user_stage"":200}"
"stage_reached_200 (App)","W:22_0A:19_0","5","{""attendance_count"":5,""install_day"":""2025-07-25"",""total_payment_amount"":7700,""user_name"":""신선생"",""user_rank"":1647,""user_stage"":200}"
"stage_reached_200 (App)","W:21_0A:20_0","12","{""attendance_count"":12,""install_day"":""2025-07-18"",""total_payment_amount"":7700,""user_name"":""시림"",""user_rank"":1764,""user_stage"":200}"
"stage_reached_200 (App)","W:20_0A:19_0","10","{""attendance_count"":10,""install_day"":""2025-07-20"",""total_payment_amount"":11000,""user_name"":""푸응"",""user_rank"":1669,""user_stage"":200}"
"stage_reached_200 (App)","W:20_0A:19_0","9","{""attendance_count"":9,""install_day"":""2025-07-18"",""total_payment_amount"":33000,""user_name"":""아리가또유"",""user_rank"":2198,""user_stage"":200}"
"stage_reached_200 (App)","W:20_0A:19_0","11","{""attendance_count"":11,""install_day"":""2025-07-19"",""total_payment_amount"":7700,""user_name"":""여의"",""user_rank"":1705,""user_stage"":200}"
"stage_reached_200 (App)","W:21_0A:20_0","8","{""attendance_count"":8,""install_day"":""2025-07-22"",""total_payment_amount"":7700,""user_name"":""모르는개산책"",""user_rank"":1631,""user_stage"":200}"
"stage_reached_200 (App)","W:20_0A:19_0","10","{""attendance_count"":10,""install_day"":""2025-07-19"",""total_payment_amount"":7700,""user_name"":""대베"",""user_rank"":1736,""user_stage"":200}"
"stage_reached_200 (App)","W:22_0A:19_0","12","{""attendance_count"":12,""install_day"":""2025-07-17"",""total_payment_amount"":7700,""user_name"":""김초보"",""user_rank"":1764,""user_stage"":200}"
"stage_reached_200 (App)","W:19_0A:19_0","5","{""attendance_count"":5,""install_day"":""2025-07-24"",""total_payment_amount"":45100,""user_name"":""내왕이될상인가"",""user_rank"":1681,""user_stage"":200}"
"stage_reached_200 (App)","W:21_0A:21_0","11","{""attendance_count"":11,""install_day"":""2025-07-19"",""total_payment_amount"":7700,""user_name"":""필이곰"",""user_rank"":1665,""user_stage"":200}"
"stage_reached_200 (App)","W:22_0A:19_0","8","{""attendance_count"":8,""install_day"":""2025-07-21"",""total_payment_amount"":29700,""user_name"":""게실염"",""user_rank"":1676,""user_stage"":200}"
"stage_reached_200 (App)","W:20_0A:20_0","11","{""attendance_count"":11,""install_day"":""2025-07-19"",""total_payment_amount"":0,""user_name"":""브론박"",""user_rank"":1644,""user_stage"":200}"
"stage_reached_200 (App)","W:19_0A:22_0","5","{""attendance_count"":5,""install_day"":""2025-07-25"",""total_payment_amount"":7700,""user_name"":""반늬"",""user_rank"":1762,""user_stage"":200}"
"stage_reached_200 (App)","W:21_0A:16_0","4","{""attendance_count"":4,""install_day"":""2025-07-26"",""total_payment_amount"":51700,""user_name"":""유케이"",""user_rank"":1678,""user_stage"":200}"
"stage_reached_200 (App)","W:22_0A:22_0","15","{""attendance_count"":15,""install_day"":""2025-07-15"",""total_payment_amount"":7700,""user_name"":""츄피"",""user_rank"":3337,""user_stage"":200}"
"stage_reached_200 (App)","W:22_0A:19_0","10","{""attendance_count"":10,""install_day"":""2025-07-20"",""total_payment_amount"":18700,""user_name"":""소노다"",""user_rank"":1865,""user_stage"":200}"
"stage_reached_200 (App)","W:20_0A:20_0","9","{""attendance_count"":9,""install_day"":""2025-07-21"",""total_payment_amount"":25300,""user_name"":""라영"",""user_rank"":1711,""user_stage"":200}"
"stage_reached_200 (App)","W:20_0A:19_0","8","{""attendance_count"":8,""install_day"":""2025-07-22"",""total_payment_amount"":18700,""user_name"":""신효"",""user_rank"":1676,""user_stage"":200}"
"stage_reached_200 (App)","W:21_0A:19_0","11","{""attendance_count"":11,""install_day"":""2025-07-19"",""total_payment_amount"":6600,""user_name"":""손아섭"",""user_rank"":1673,""user_stage"":200}"
"stage_reached_200 (App)","W:21_0A:19_0","5","{""attendance_count"":5,""install_day"":""2025-07-25"",""total_payment_amount"":7700,""user_name"":""봉기"",""user_rank"":1767,""user_stage"":200}"
"stage_reached_200 (App)","W:22_0A:19_0","12","{""attendance_count"":12,""install_day"":""2025-07-17"",""total_payment_amount"":0,""user_name"":""kfnel"",""user_rank"":1632,""user_stage"":200}"
"stage_reached_200 (App)","W:20_0A:19_0","10","{""attendance_count"":10,""install_day"":""2025-07-21"",""total_payment_amount"":7700,""user_name"":""애도"",""user_rank"":1637,""user_stage"":200}"
"stage_reached_200 (App)","W:20_0A:21_0","11","{""attendance_count"":11,""install_day"":""2025-07-19"",""total_payment_amount"":7700,""user_name"":""다잡아화물"",""user_rank"":1656,""user_stage"":200}"
"stage_reached_200 (App)","W:20_0A:19_0","11","{""attendance_count"":11,""install_day"":""2025-07-19"",""total_payment_amount"":7700,""user_name"":""아스라히"",""user_rank"":1781,""user_stage"":200}"
"stage_reached_200 (App)","W:20_0A:20_0","7","{""attendance_count"":7,""install_day"":""2025-07-23"",""total_payment_amount"":22000,""user_name"":""코디악"",""user_rank"":1632,""user_stage"":200}"
"stage_reached_200 (App)","W:19_0A:19_0","5","{""attendance_count"":5,""install_day"":""2025-07-25"",""total_payment_amount"":11000,""user_name"":""기동대"",""user_rank"":1691,""user_stage"":200}"
"stage_reached_200 (App)","W:20_0A:18_0","3","{""attendance_count"":3,""install_day"":""2025-07-27"",""total_payment_amount"":194700,""user_name"":""숨소"",""user_rank"":1634,""user_stage"":200}"
"stage_reached_200 (App)","W:20_0A:19_0","10","{""attendance_count"":10,""install_day"":""2025-07-20"",""total_payment_amount"":7700,""user_name"":""수호무적"",""user_rank"":1669,""user_stage"":200}"
"stage_reached_200 (App)","W:20_0A:19_0","12","{""attendance_count"":12,""install_day"":""2025-07-18"",""total_payment_amount"":0,""user_name"":""얼짱우석"",""user_rank"":1668,""user_stage"":200}"
"stage_reached_200 (App)","W:22_0A:19_0","4","{""attendance_count"":4,""install_day"":""2025-07-26"",""total_payment_amount"":55000,""user_name"":""마버"",""user_rank"":1698,""user_stage"":200}"
"stage_reached_200 (App)","W:23_0A:20_0","5","{""attendance_count"":5,""install_day"":""2025-07-24"",""total_payment_amount"":7700,""user_name"":""평양성"",""user_rank"":1651,""user_stage"":200}"
"stage_reached_200 (App)","W:20_0A:19_0","7","{""attendance_count"":7,""install_day"":""2025-07-23"",""total_payment_amount"":7700,""user_name"":""버들화니숲"",""user_rank"":1816,""user_stage"":200}"
"stage_reached_200 (App)","W:20_0A:19_0","8","{""attendance_count"":8,""install_day"":""2025-07-21"",""total_payment_amount"":7700,""user_name"":""갈라"",""user_rank"":1725,""user_stage"":200}"
"stage_reached_200 (App)","W:20_0A:19_0","10","{""attendance_count"":10,""install_day"":""2025-07-20"",""total_payment_amount"":0,""user_name"":""바쿠"",""user_rank"":1661,""user_stage"":200}"
"stage_reached_200 (App)","W:21_0A:19_0","5","{""attendance_count"":5,""install_day"":""2025-07-25"",""total_payment_amount"":14300,""user_name"":""rubidu"",""user_rank"":1701,""user_stage"":200}"
"stage_reached_200 (App)","W:20_0A:19_0","7","{""attendance_count"":7,""install_day"":""2025-07-23"",""total_payment_amount"":44000,""user_name"":""하누크"",""user_rank"":1634,""user_stage"":200}"
"stage_reached_200 (App)","W:19_0A:19_0","5","{""attendance_count"":5,""install_day"":""2025-07-25"",""total_payment_amount"":33000,""user_name"":""무르무르"",""user_rank"":1623,""user_stage"":200}"
"stage_reached_200 (App)","W:20_0A:20_0","8","{""attendance_count"":8,""install_day"":""2025-07-21"",""total_payment_amount"":17600,""user_name"":""뜨앗"",""user_rank"":1738,""user_stage"":200}"
"stage_reached_200 (App)","W:20_0A:19_0","7","{""attendance_count"":7,""install_day"":""2025-07-23"",""total_payment_amount"":29700,""user_name"":""쵸코"",""user_rank"":1666,""user_stage"":200}"
"stage_reached_200 (App)","W:20_0A:19_0","13","{""attendance_count"":13,""install_day"":""2025-07-17"",""total_payment_amount"":7700,""user_name"":""처벌자"",""user_rank"":1620,""user_stage"":200}"
"stage_reached_200 (App)","W:20_0A:19_0","11","{""attendance_count"":11,""install_day"":""2025-07-18"",""total_payment_amount"":7700,""user_name"":""희망아빠"",""user_rank"":1677,""user_stage"":200}"
"stage_reached_200 (App)","W:20_0A:19_0","9","{""attendance_count"":9,""install_day"":""2025-07-20"",""total_payment_amount"":7700,""user_name"":""금수"",""user_rank"":1654,""user_stage"":200}"
"stage_reached_200 (App)","W:20_0A:19_0","8","{""attendance_count"":8,""install_day"":""2025-07-19"",""total_payment_amount"":7700,""user_name"":""난세이"",""user_rank"":1612,""user_stage"":200}"
"stage_reached_200 (App)","W:20_0A:19_0","9","{""attendance_count"":9,""install_day"":""2025-07-20"",""total_payment_amount"":8800,""user_name"":""이소룡"",""user_rank"":1733,""user_stage"":200}"
"stage_reached_200 (App)","W:23_0A:21_0","4","{""attendance_count"":4,""install_day"":""2025-07-26"",""total_payment_amount"":7700,""user_name"":""Unichef"",""user_rank"":1927,""user_stage"":200}"
"stage_reached_200 (App)","W:20_0A:19_0","10","{""attendance_count"":10,""install_day"":""2025-07-20"",""total_payment_amount"":7700,""user_name"":""사마달"",""user_rank"":1620,""user_stage"":200}"
"stage_reached_200 (App)","W:21_0A:19_0","8","{""attendance_count"":8,""install_day"":""2025-07-21"",""total_payment_amount"":7700,""user_name"":""DoubleH"",""user_rank"":1707,""user_stage"":200}"
"stage_reached_200 (App)","W:23_0A:20_0","11","{""attendance_count"":11,""install_day"":""2025-07-19"",""total_payment_amount"":0,""user_name"":""메지온"",""user_rank"":1684,""user_stage"":200}"
"stage_reached_200 (App)","W:20_0A:19_0","7","{""attendance_count"":7,""install_day"":""2025-07-23"",""total_payment_amount"":7700,""user_name"":""fr쿠마"",""user_rank"":1757,""user_stage"":200}"
"stage_reached_200 (App)","W:20_0A:19_0","7","{""attendance_count"":7,""install_day"":""2025-07-23"",""total_payment_amount"":0,""user_name"":""2an"",""user_rank"":1641,""user_stage"":200}"
"stage_reached_200 (App)","W:20_0A:19_0","12","{""attendance_count"":12,""install_day"":""2025-07-18"",""total_payment_amount"":0,""user_name"":""건디28"",""user_rank"":1704,""user_stage"":200}"
"stage_reached_200 (App)","W:20_0A:19_0","7","{""attendance_count"":7,""install_day"":""2025-07-23"",""total_payment_amount"":7700,""user_name"":""도동"",""user_rank"":1881,""user_stage"":200}"
"stage_reached_200 (App)","W:22_0A:19_0","4","{""attendance_count"":4,""install_day"":""2025-07-26"",""total_payment_amount"":7700,""user_name"":""바치"",""user_rank"":2243,""user_stage"":200}"
"stage_reached_200 (App)","W:20_0A:19_0","8","{""attendance_count"":8,""install_day"":""2025-07-20"",""total_payment_amount"":40700,""user_name"":""자헤드"",""user_rank"":1881,""user_stage"":200}"
"stage_reached_200 (App)","W:20_0A:21_0","5","{""attendance_count"":5,""install_day"":""2025-07-25"",""total_payment_amount"":51700,""user_name"":""허세이돈"",""user_rank"":1633,""user_stage"":200}"
"stage_reached_200 (App)","W:20_0A:20_0","5","{""attendance_count"":5,""install_day"":""2025-07-25"",""total_payment_amount"":33000,""user_name"":""승환표류기"",""user_rank"":1612,""user_stage"":200}"
"stage_reached_200 (App)","W:22_0A:21_0","11","{""attendance_count"":11,""install_day"":""2025-07-19"",""total_payment_amount"":7700,""user_name"":""벨제브르"",""user_rank"":1700,""user_stage"":200}"
"stage_reached_200 (App)","W:21_0A:19_0","11","{""attendance_count"":11,""install_day"":""2025-07-19"",""total_payment_amount"":7700,""user_name"":""부서지리라"",""user_rank"":1617,""user_stage"":200}"
"stage_reached_200 (App)","W:21_0A:19_0","10","{""attendance_count"":10,""install_day"":""2025-07-20"",""total_payment_amount"":7700,""user_name"":""코란"",""user_rank"":1621,""user_stage"":200}"
"stage_reached_200 (App)","W:20_0A:20_0","11","{""attendance_count"":11,""install_day"":""2025-07-19"",""total_payment_amount"":7700,""user_name"":""흥신"",""user_rank"":1700,""user_stage"":200}"
"stage_reached_200 (App)","W:23_0A:19_0","5","{""attendance_count"":5,""install_day"":""2025-07-25"",""total_payment_amount"":8800,""user_name"":""최중기"",""user_rank"":2043,""user_stage"":200}"
"stage_reached_200 (App)","W:21_0A:19_0","10","{""attendance_count"":10,""install_day"":""2025-07-20"",""total_payment_amount"":31900,""user_name"":""매운맛루이"",""user_rank"":1641,""user_stage"":200}"
"stage_reached_200 (App)","W:20_0A:20_0","11","{""attendance_count"":11,""install_day"":""2025-07-19"",""total_payment_amount"":7700,""user_name"":""시우와랑"",""user_rank"":1608,""user_stage"":200}"
"stage_reached_200 (App)","W:20_0A:19_0","10","{""attendance_count"":10,""install_day"":""2025-07-20"",""total_payment_amount"":0,""user_name"":""안녕이라고말"",""user_rank"":1634,""user_stage"":200}"
"stage_reached_200 (App)","W:20_0A:17_0","9","{""attendance_count"":9,""install_day"":""2025-07-20"",""total_payment_amount"":25300,""user_name"":""인베비"",""user_rank"":1638,""user_stage"":200}"
"stage_reached_200 (App)","W:19_0A:19_0","6","{""attendance_count"":6,""install_day"":""2025-07-24"",""total_payment_amount"":7700,""user_name"":""다이스"",""user_rank"":1832,""user_stage"":200}"
"stage_reached_200 (App)","W:18_0A:19_0","6","{""attendance_count"":6,""install_day"":""2025-07-24"",""total_payment_amount"":7700,""user_name"":""개패는처녀"",""user_rank"":1633,""user_stage"":200}"
"stage_reached_200 (App)","W:22_0A:20_0","11","{""attendance_count"":11,""install_day"":""2025-07-17"",""total_payment_amount"":14300,""user_name"":""신룡룡"",""user_rank"":1668,""user_stage"":200}"
"stage_reached_200 (App)","W:21_0A:20_0","8","{""attendance_count"":8,""install_day"":""2025-07-22"",""total_payment_amount"":7700,""user_name"":""진화론"",""user_rank"":1781,""user_stage"":200}"
"stage_reached_200 (App)","W:20_0A:19_0","7","{""attendance_count"":7,""install_day"":""2025-07-22"",""total_payment_amount"":7700,""user_name"":""기리보이"",""user_rank"":1954,""user_stage"":200}"
"stage_reached_200 (App)","W:23_0A:19_0","11","{""attendance_count"":11,""install_day"":""2025-07-19"",""total_payment_amount"":0,""user_name"":""원작가"",""user_rank"":1950,""user_stage"":200}"
"stage_reached_200 (App)","W:20_0A:19_0","9","{""attendance_count"":9,""install_day"":""2025-07-20"",""total_payment_amount"":7700,""user_name"":""이현석"",""user_rank"":1604,""user_stage"":200}"
"stage_reached_200 (App)","W:20_0A:20_0","7","{""attendance_count"":7,""install_day"":""2025-07-23"",""total_payment_amount"":7700,""user_name"":""이즈니"",""user_rank"":1613,""user_stage"":200}"
"stage_reached_200 (App)","W:20_0A:19_0","8","{""attendance_count"":8,""install_day"":""2025-07-20"",""total_payment_amount"":7700,""user_name"":""신죠오사사게오"",""user_rank"":1741,""user_stage"":200}"
"stage_reached_200 (App)","W:20_0A:19_0","8","{""attendance_count"":8,""install_day"":""2025-07-22"",""total_payment_amount"":7700,""user_name"":""캡틴용박"",""user_rank"":1612,""user_stage"":200}"
"stage_reached_200 (App)","W:18_0A:19_0","6","{""attendance_count"":6,""install_day"":""2025-07-23"",""total_payment_amount"":7700,""user_name"":""판진"",""user_rank"":1588,""user_stage"":200}"
"stage_reached_200 (App)","W:21_0A:19_0","5","{""attendance_count"":5,""install_day"":""2025-07-17"",""total_payment_amount"":33000,""user_name"":""명동시라소니"",""user_rank"":1817,""user_stage"":200}"
"stage_reached_200 (App)","W:19_0A:19_0","6","{""attendance_count"":6,""install_day"":""2025-07-24"",""total_payment_amount"":7700,""user_name"":""깨방지"",""user_rank"":1643,""user_stage"":200}"
"stage_reached_200 (App)","W:20_0A:15_0","8","{""attendance_count"":8,""install_day"":""2025-07-22"",""total_payment_amount"":25300,""user_name"":""뉴비대장"",""user_rank"":1590,""user_stage"":200}"
"stage_reached_200 (App)","W:23_0A:19_0","7","{""attendance_count"":7,""install_day"":""2025-07-23"",""total_payment_amount"":7700,""user_name"":""블레스뮤"",""user_rank"":2221,""user_stage"":200}"
"stage_reached_200 (App)","W:20_0A:19_0","11","{""attendance_count"":11,""install_day"":""2025-07-19"",""total_payment_amount"":7700,""user_name"":""장규리열혈팬"",""user_rank"":1656,""user_stage"":200}"
"stage_reached_200 (App)","W:20_0A:19_0","8","{""attendance_count"":8,""install_day"":""2025-07-21"",""total_payment_amount"":7700,""user_name"":""고민띠"",""user_rank"":1640,""user_stage"":200}"
"stage_reached_200 (App)","W:20_0A:19_0","12","{""attendance_count"":12,""install_day"":""2025-07-17"",""total_payment_amount"":7700,""user_name"":""부여군"",""user_rank"":1598,""user_stage"":200}"
"stage_reached_200 (App)","W:20_0A:19_0","9","{""attendance_count"":9,""install_day"":""2025-07-21"",""total_payment_amount"":7700,""user_name"":""국사형"",""user_rank"":1639,""user_stage"":200}"
"stage_reached_200 (App)","W:22_0A:19_0","9","{""attendance_count"":9,""install_day"":""2025-07-21"",""total_payment_amount"":14300,""user_name"":""요로롱도로롱"",""user_rank"":1590,""user_stage"":200}"
"stage_reached_200 (App)","W:20_0A:19_0","12","{""attendance_count"":12,""install_day"":""2025-07-18"",""total_payment_amount"":11000,""user_name"":""중추"",""user_rank"":1600,""user_stage"":200}"
"stage_reached_200 (App)","W:19_0A:19_0","5","{""attendance_count"":5,""install_day"":""2025-07-24"",""total_payment_amount"":84700,""user_name"":""양호두"",""user_rank"":1699,""user_stage"":200}"
"stage_reached_200 (App)","W:20_0A:19_0","9","{""attendance_count"":9,""install_day"":""2025-07-19"",""total_payment_amount"":7700,""user_name"":""전생에이순신장군"",""user_rank"":1646,""user_stage"":200}"
"stage_reached_200 (App)","W:21_0A:19_0","7","{""attendance_count"":7,""install_day"":""2025-07-22"",""total_payment_amount"":52800,""user_name"":""요미용"",""user_rank"":1692,""user_stage"":200}"
"stage_reached_200 (App)","W:22_0A:19_0","7","{""attendance_count"":7,""install_day"":""2025-07-23"",""total_payment_amount"":7700,""user_name"":""복규"",""user_rank"":1670,""user_stage"":200}"
"stage_reached_200 (App)","W:20_0A:19_0","9","{""attendance_count"":9,""install_day"":""2025-07-20"",""total_payment_amount"":7700,""user_name"":""나가노메이"",""user_rank"":1670,""user_stage"":200}"
"stage_reached_200 (App)","W:18_0A:16_0","4","{""attendance_count"":4,""install_day"":""2025-07-26"",""total_payment_amount"":47300,""user_name"":""yad"",""user_rank"":1630,""user_stage"":200}"
"stage_reached_200 (App)","W:20_0A:19_0","8","{""attendance_count"":8,""install_day"":""2025-07-21"",""total_payment_amount"":7700,""user_name"":""굿고기"",""user_rank"":1585,""user_stage"":200}"
"stage_reached_200 (App)","W:22_0A:18_0","2","{""attendance_count"":2,""install_day"":""2025-07-27"",""total_payment_amount"":110000,""user_name"":""냄비"",""user_rank"":1714,""user_stage"":200}"
"stage_reached_200 (App)","W:22_0A:19_0","5","{""attendance_count"":5,""install_day"":""2025-07-25"",""total_payment_amount"":143000,""user_name"":""장한우"",""user_rank"":1639,""user_stage"":200}"
"stage_reached_200 (App)","W:20_0A:19_0","10","{""attendance_count"":10,""install_day"":""2025-07-20"",""total_payment_amount"":0,""user_name"":""마후"",""user_rank"":1593,""user_stage"":200}"
"stage_reached_200 (App)","W:22_0A:19_0","12","{""attendance_count"":12,""install_day"":""2025-07-16"",""total_payment_amount"":0,""user_name"":""킹밥"",""user_rank"":1627,""user_stage"":200}"
"stage_reached_200 (App)","W:21_0A:19_0","10","{""attendance_count"":10,""install_day"":""2025-07-20"",""total_payment_amount"":7700,""user_name"":""깍두기처럼"",""user_rank"":1787,""user_stage"":200}"
"stage_reached_200 (App)","W:20_0A:19_0","7","{""attendance_count"":7,""install_day"":""2025-07-22"",""total_payment_amount"":7700,""user_name"":""소시미"",""user_rank"":1747,""user_stage"":200}"
"stage_reached_200 (App)","W:20_0A:19_0","7","{""attendance_count"":7,""install_day"":""2025-07-23"",""total_payment_amount"":45100,""user_name"":""행수"",""user_rank"":1574,""user_stage"":200}"
"stage_reached_200 (App)","W:20_0A:19_0","13","{""attendance_count"":13,""install_day"":""2025-07-17"",""total_payment_amount"":0,""user_name"":""용쓰"",""user_rank"":1575,""user_stage"":200}"
"stage_reached_200 (App)","W:20_0A:19_0","7","{""attendance_count"":7,""install_day"":""2025-07-23"",""total_payment_amount"":7700,""user_name"":""알파카"",""user_rank"":1615,""user_stage"":200}"
"stage_reached_200 (App)","W:20_0A:19_0","9","{""attendance_count"":9,""install_day"":""2025-07-21"",""total_payment_amount"":7700,""user_name"":""청평"",""user_rank"":1652,""user_stage"":200}"
"stage_reached_200 (App)","W:21_0A:19_0","15","{""attendance_count"":15,""install_day"":""2025-07-15"",""total_payment_amount"":0,""user_name"":""fyyfhj"",""user_rank"":3200,""user_stage"":200}"
"stage_reached_200 (App)","W:20_0A:19_0","7","{""attendance_count"":7,""install_day"":""2025-07-23"",""total_payment_amount"":7700,""user_name"":""안양초불주먹"",""user_rank"":1747,""user_stage"":200}"
"stage_reached_200 (App)","W:20_0A:19_0","13","{""attendance_count"":13,""install_day"":""2025-07-16"",""total_payment_amount"":11000,""user_name"":""엽기곰"",""user_rank"":1577,""user_stage"":200}"
"stage_reached_200 (App)","W:19_0A:16_0","4","{""attendance_count"":4,""install_day"":""2025-07-16"",""total_payment_amount"":78100,""user_name"":""도치야"",""user_rank"":1598,""user_stage"":200}"
"stage_reached_200 (App)","W:21_0A:19_0","7","{""attendance_count"":7,""install_day"":""2025-07-23"",""total_payment_amount"":12100,""user_name"":""WISL"",""user_rank"":1598,""user_stage"":200}"
"stage_reached_200 (App)","W:20_0A:19_0","5","{""attendance_count"":5,""install_day"":""2025-07-25"",""total_payment_amount"":7700,""user_name"":""달리기"",""user_rank"":1579,""user_stage"":200}"
"stage_reached_200 (App)","W:20_0A:19_0","7","{""attendance_count"":7,""install_day"":""2025-07-23"",""total_payment_amount"":7700,""user_name"":""느쩨"",""user_rank"":1648,""user_stage"":200}"
"stage_reached_200 (App)","W:21_0A:20_0","14","{""attendance_count"":14,""install_day"":""2025-07-15"",""total_payment_amount"":0,""user_name"":""애꾸"",""user_rank"":1672,""user_stage"":200}"
"stage_reached_200 (App)","W:21_0A:22_0","4","{""attendance_count"":4,""install_day"":""2025-07-26"",""total_payment_amount"":242000,""user_name"":""소인은"",""user_rank"":1577,""user_stage"":200}"
"stage_reached_200 (App)","W:20_0A:19_0","11","{""attendance_count"":11,""install_day"":""2025-07-19"",""total_payment_amount"":0,""user_name"":""우와아앙"",""user_rank"":1624,""user_stage"":200}"
"stage_reached_200 (App)","W:20_0A:19_0","10","{""attendance_count"":10,""install_day"":""2025-07-19"",""total_payment_amount"":7700,""user_name"":""은불킹"",""user_rank"":1583,""user_stage"":200}"
"stage_reached_200 (App)","W:19_0A:19_0","5","{""attendance_count"":5,""install_day"":""2025-07-25"",""total_payment_amount"":38500,""user_name"":""쿼카왕"",""user_rank"":1591,""user_stage"":200}"
"stage_reached_200 (App)","W:23_0A:19_0","9","{""attendance_count"":9,""install_day"":""2025-07-20"",""total_payment_amount"":7700,""user_name"":""이하"",""user_rank"":1565,""user_stage"":200}"
"stage_reached_200 (App)","W:22_0A:19_0","7","{""attendance_count"":7,""install_day"":""2025-07-22"",""total_payment_amount"":7700,""user_name"":""후닝"",""user_rank"":1668,""user_stage"":200}"
"stage_reached_200 (App)","W:20_0A:19_0","11","{""attendance_count"":11,""install_day"":""2025-07-18"",""total_payment_amount"":7700,""user_name"":""지팝"",""user_rank"":1688,""user_stage"":200}"
"stage_reached_200 (App)","W:20_0A:20_0","11","{""attendance_count"":11,""install_day"":""2025-07-18"",""total_payment_amount"":7700,""user_name"":""주영"",""user_rank"":1560,""user_stage"":200}"
"stage_reached_200 (App)","W:19_0A:19_0","6","{""attendance_count"":6,""install_day"":""2025-07-23"",""total_payment_amount"":7700,""user_name"":""빼꼬"",""user_rank"":1570,""user_stage"":200}"
"stage_reached_200 (App)","W:21_0A:22_0","3","{""attendance_count"":3,""install_day"":""2025-07-26"",""total_payment_amount"":79200,""user_name"":""오태식이"",""user_rank"":1529,""user_stage"":200}"
"stage_reached_200 (App)","W:20_0A:19_0","10","{""attendance_count"":10,""install_day"":""2025-07-19"",""total_payment_amount"":0,""user_name"":""llllIIII"",""user_rank"":1566,""user_stage"":200}"
"stage_reached_200 (App)","W:20_0A:19_0","9","{""attendance_count"":9,""install_day"":""2025-07-19"",""total_payment_amount"":7700,""user_name"":""또르망"",""user_rank"":1557,""user_stage"":200}"
"stage_reached_200 (App)","W:20_0A:19_0","7","{""attendance_count"":7,""install_day"":""2025-07-22"",""total_payment_amount"":27500,""user_name"":""아무거나함"",""user_rank"":1572,""user_stage"":200}"
"stage_reached_200 (App)","W:20_0A:23_0","9","{""attendance_count"":9,""install_day"":""2025-07-18"",""total_payment_amount"":51700,""user_name"":""앞짱구또치"",""user_rank"":1759,""user_stage"":200}"
"stage_reached_200 (App)","W:21_0A:19_0","11","{""attendance_count"":11,""install_day"":""2025-07-18"",""total_payment_amount"":14300,""user_name"":""마철악"",""user_rank"":1554,""user_stage"":200}"
"stage_reached_200 (App)","W:20_0A:20_0","12","{""attendance_count"":12,""install_day"":""2025-07-16"",""total_payment_amount"":7700,""user_name"":""쿠크리"",""user_rank"":1748,""user_stage"":200}"
"stage_reached_200 (App)","W:20_0A:19_0","8","{""attendance_count"":8,""install_day"":""2025-07-21"",""total_payment_amount"":7700,""user_name"":""아제발"",""user_rank"":1560,""user_stage"":200}"
"stage_reached_200 (App)","W:20_0A:19_0","9","{""attendance_count"":9,""install_day"":""2025-07-18"",""total_payment_amount"":7700,""user_name"":""불이나케"",""user_rank"":1578,""user_stage"":200}"
"stage_reached_200 (App)","W:20_0A:19_0","10","{""attendance_count"":10,""install_day"":""2025-07-19"",""total_payment_amount"":0,""user_name"":""Melo"",""user_rank"":1577,""user_stage"":200}"
"stage_reached_200 (App)","W:23_0A:19_0","4","{""attendance_count"":4,""install_day"":""2025-07-25"",""total_payment_amount"":51700,""user_name"":""신혜공주"",""user_rank"":1951,""user_stage"":200}"
"stage_reached_200 (App)","W:22_0A:19_0","9","{""attendance_count"":9,""install_day"":""2025-07-19"",""total_payment_amount"":0,""user_name"":""월명참"",""user_rank"":1837,""user_stage"":200}"
"stage_reached_200 (App)","W:21_0A:19_0","5","{""attendance_count"":5,""install_day"":""2025-07-24"",""total_payment_amount"":0,""user_name"":""예츠"",""user_rank"":1589,""user_stage"":200}"
"stage_reached_200 (App)","W:22_0A:19_0","12","{""attendance_count"":12,""install_day"":""2025-07-16"",""total_payment_amount"":0,""user_name"":""찾지마라"",""user_rank"":1548,""user_stage"":200}"
"stage_reached_200 (App)","W:23_0A:21_0","2","{""attendance_count"":2,""install_day"":""2025-07-26"",""total_payment_amount"":7700,""user_name"":""로영"",""user_rank"":1597,""user_stage"":200}"
"stage_reached_200 (App)","W:22_0A:19_0","8","{""attendance_count"":8,""install_day"":""2025-07-21"",""total_payment_amount"":7700,""user_name"":""yiseo13"",""user_rank"":1534,""user_stage"":200}"
"stage_reached_200 (App)","W:20_0A:19_0","11","{""attendance_count"":11,""install_day"":""2025-07-17"",""total_payment_amount"":7700,""user_name"":""김건학"",""user_rank"":1595,""user_stage"":200}"
"stage_reached_200 (App)","W:20_0A:19_0","9","{""attendance_count"":9,""install_day"":""2025-07-20"",""total_payment_amount"":0,""user_name"":""풍륜"",""user_rank"":1595,""user_stage"":200}"
"stage_reached_200 (App)","W:19_0A:19_0","6","{""attendance_count"":6,""install_day"":""2025-07-23"",""total_payment_amount"":14300,""user_name"":""김뿡"",""user_rank"":1534,""user_stage"":200}"
"stage_reached_200 (App)","W:20_0A:19_0","10","{""attendance_count"":10,""install_day"":""2025-07-19"",""total_payment_amount"":7700,""user_name"":""공쿤"",""user_rank"":1745,""user_stage"":200}"
"stage_reached_200 (App)","W:21_0A:19_0","8","{""attendance_count"":8,""install_day"":""2025-07-21"",""total_payment_amount"":39600,""user_name"":""미야"",""user_rank"":1553,""user_stage"":200}"
"stage_reached_200 (App)","W:21_0A:19_0","7","{""attendance_count"":7,""install_day"":""2025-07-21"",""total_payment_amount"":11000,""user_name"":""슬판"",""user_rank"":1541,""user_stage"":200}"
"stage_reached_200 (App)","W:20_0A:19_0","11","{""attendance_count"":11,""install_day"":""2025-07-17"",""total_payment_amount"":7700,""user_name"":""일등"",""user_rank"":1552,""user_stage"":200}"
"stage_reached_200 (App)","W:22_0A:19_0","6","{""attendance_count"":6,""install_day"":""2025-07-23"",""total_payment_amount"":7700,""user_name"":""베사"",""user_rank"":1635,""user_stage"":200}"
"stage_reached_200 (App)","W:15_0A:19_0","6","{""attendance_count"":6,""install_day"":""2025-07-23"",""total_payment_amount"":7700,""user_name"":""전위"",""user_rank"":1552,""user_stage"":200}"
"stage_reached_200 (App)","W:22_0A:19_0","7","{""attendance_count"":7,""install_day"":""2025-07-21"",""total_payment_amount"":7700,""user_name"":""순간의실수"",""user_rank"":1619,""user_stage"":200}"
"stage_reached_200 (App)","W:22_0A:19_0","9","{""attendance_count"":9,""install_day"":""2025-07-20"",""total_payment_amount"":0,""user_name"":""lsh"",""user_rank"":1541,""user_stage"":200}"
"stage_reached_200 (App)","W:23_0A:19_0","12","{""attendance_count"":12,""install_day"":""2025-07-17"",""total_payment_amount"":0,""user_name"":""천마화룡"",""user_rank"":1711,""user_stage"":200}"
"stage_reached_200 (App)","W:20_0A:19_0","11","{""attendance_count"":11,""install_day"":""2025-07-18"",""total_payment_amount"":7700,""user_name"":""개냥OI"",""user_rank"":1528,""user_stage"":200}"
"stage_reached_200 (App)","W:20_0A:19_0","10","{""attendance_count"":10,""install_day"":""2025-07-18"",""total_payment_amount"":0,""user_name"":""탐탐탐탐"",""user_rank"":1526,""user_stage"":200}"
"stage_reached_200 (App)","W:22_0A:21_0","5","{""attendance_count"":5,""install_day"":""2025-07-24"",""total_payment_amount"":95700,""user_name"":""k루인"",""user_rank"":1618,""user_stage"":200}"
"stage_reached_200 (App)","W:21_0A:20_0","9","{""attendance_count"":9,""install_day"":""2025-07-19"",""total_payment_amount"":7700,""user_name"":""곤곤이"",""user_rank"":1806,""user_stage"":200}"
"stage_reached_200 (App)","W:20_0A:19_0","7","{""attendance_count"":7,""install_day"":""2025-07-22"",""total_payment_amount"":7700,""user_name"":""난세의난"",""user_rank"":1544,""user_stage"":200}"
"stage_reached_200 (App)","W:20_0A:19_0","7","{""attendance_count"":7,""install_day"":""2025-07-22"",""total_payment_amount"":14300,""user_name"":""리적헝"",""user_rank"":1580,""user_stage"":200}"
"stage_reached_200 (App)","W:20_0A:20_0","11","{""attendance_count"":11,""install_day"":""2025-07-18"",""total_payment_amount"":7700,""user_name"":""털숩"",""user_rank"":1525,""user_stage"":200}"
"stage_reached_200 (App)","W:20_0A:19_0","9","{""attendance_count"":9,""install_day"":""2025-07-19"",""total_payment_amount"":7700,""user_name"":""서현숙"",""user_rank"":1708,""user_stage"":200}"
"stage_reached_200 (App)","W:20_0A:20_0","9","{""attendance_count"":9,""install_day"":""2025-07-19"",""total_payment_amount"":7700,""user_name"":""카리어스"",""user_rank"":1617,""user_stage"":200}"
"stage_reached_200 (App)","W:23_0A:22_0","9","{""attendance_count"":9,""install_day"":""2025-07-19"",""total_payment_amount"":7700,""user_name"":""정글나라"",""user_rank"":1557,""user_stage"":200}"
"stage_reached_200 (App)","W:20_0A:19_0","9","{""attendance_count"":9,""install_day"":""2025-07-20"",""total_payment_amount"":15400,""user_name"":""풍류왕"",""user_rank"":1521,""user_stage"":200}"
"stage_reached_200 (App)","W:20_0A:19_0","9","{""attendance_count"":9,""install_day"":""2025-07-19"",""total_payment_amount"":7700,""user_name"":""플딱아재"",""user_rank"":1518,""user_stage"":200}"
"stage_reached_200 (App)","W:20_0A:19_0","10","{""attendance_count"":10,""install_day"":""2025-07-19"",""total_payment_amount"":7700,""user_name"":""우용"",""user_rank"":1554,""user_stage"":200}"
"stage_reached_200 (App)","W:22_0A:20_0","4","{""attendance_count"":4,""install_day"":""2025-07-25"",""total_payment_amount"":227700,""user_name"":""가을빛달"",""user_rank"":1585,""user_stage"":200}"
"stage_reached_200 (App)","W:20_0A:19_0","7","{""attendance_count"":7,""install_day"":""2025-07-22"",""total_payment_amount"":7700,""user_name"":""위키드갱"",""user_rank"":1813,""user_stage"":200}"
"stage_reached_200 (App)","W:20_0A:19_0","8","{""attendance_count"":8,""install_day"":""2025-07-21"",""total_payment_amount"":20900,""user_name"":""구숙정"",""user_rank"":1872,""user_stage"":200}"
"stage_reached_200 (App)","W:23_0A:19_0","13","{""attendance_count"":13,""install_day"":""2025-07-16"",""total_payment_amount"":0,""user_name"":""난새넌세"",""user_rank"":1573,""user_stage"":200}"
"stage_reached_200 (App)","W:20_0A:20_0","9","{""attendance_count"":9,""install_day"":""2025-07-19"",""total_payment_amount"":7700,""user_name"":""은경이남편"",""user_rank"":1734,""user_stage"":200}"
"stage_reached_200 (App)","W:20_0A:20_0","8","{""attendance_count"":8,""install_day"":""2025-07-21"",""total_payment_amount"":7700,""user_name"":""쫑하"",""user_rank"":1548,""user_stage"":200}"
"stage_reached_200 (App)","W:20_0A:19_0","9","{""attendance_count"":9,""install_day"":""2025-07-19"",""total_payment_amount"":7700,""user_name"":""조문열"",""user_rank"":1532,""user_stage"":200}"
"stage_reached_200 (App)","W:20_0A:19_0","10","{""attendance_count"":10,""install_day"":""2025-07-19"",""total_payment_amount"":7700,""user_name"":""곰맛"",""user_rank"":1601,""user_stage"":200}"
"stage_reached_200 (App)","W:20_0A:19_0","8","{""attendance_count"":8,""install_day"":""2025-07-19"",""total_payment_amount"":62700,""user_name"":""만득임"",""user_rank"":1923,""user_stage"":200}"
"stage_reached_200 (App)","W:23_0A:20_0","9","{""attendance_count"":9,""install_day"":""2025-07-20"",""total_payment_amount"":7700,""user_name"":""뇽히"",""user_rank"":1646,""user_stage"":200}"
"stage_reached_200 (App)","W:22_0A:19_0","11","{""attendance_count"":11,""install_day"":""2025-07-16"",""total_payment_amount"":7700,""user_name"":""김근육"",""user_rank"":1508,""user_stage"":200}"
"stage_reached_200 (App)","W:20_0A:19_0","7","{""attendance_count"":7,""install_day"":""2025-07-21"",""total_payment_amount"":27500,""user_name"":""익상이"",""user_rank"":1475,""user_stage"":200}"
"stage_reached_200 (App)","W:23_0A:19_0","12","{""attendance_count"":12,""install_day"":""2025-07-17"",""total_payment_amount"":7700,""user_name"":""엘지와"",""user_rank"":2027,""user_stage"":200}"
"stage_reached_200 (App)","W:22_0A:20_0","11","{""attendance_count"":11,""install_day"":""2025-07-18"",""total_payment_amount"":0,""user_name"":""곤뇽"",""user_rank"":1532,""user_stage"":200}"
"stage_reached_200 (App)","W:22_0A:19_0","6","{""attendance_count"":6,""install_day"":""2025-07-23"",""total_payment_amount"":0,""user_name"":""hoone"",""user_rank"":1514,""user_stage"":200}"
"stage_reached_200 (App)","W:23_0A:23_0","9","{""attendance_count"":9,""install_day"":""2025-07-20"",""total_payment_amount"":7700,""user_name"":""산군호랑이"",""user_rank"":1501,""user_stage"":200}"
"stage_reached_200 (App)","W:20_0A:19_0","9","{""attendance_count"":9,""install_day"":""2025-07-18"",""total_payment_amount"":18700,""user_name"":""소붕"",""user_rank"":1523,""user_stage"":200}"
"stage_reached_200 (App)","W:20_0A:19_0","7","{""attendance_count"":7,""install_day"":""2025-07-22"",""total_payment_amount"":0,""user_name"":""부여인"",""user_rank"":1718,""user_stage"":200}"
"stage_reached_200 (App)","W:22_0A:19_0","6","{""attendance_count"":6,""install_day"":""2025-07-23"",""total_payment_amount"":51700,""user_name"":""금콩"",""user_rank"":1511,""user_stage"":200}"
"stage_reached_200 (App)","W:20_0A:19_0","9","{""attendance_count"":9,""install_day"":""2025-07-20"",""total_payment_amount"":7700,""user_name"":""냥이전설"",""user_rank"":1556,""user_stage"":200}"
"stage_reached_200 (App)","W:23_0A:23_0","13","{""attendance_count"":13,""install_day"":""2025-07-16"",""total_payment_amount"":33000,""user_name"":""닝기밍"",""user_rank"":1579,""user_stage"":200}"
"stage_reached_200 (App)","W:22_0A:19_0","10","{""attendance_count"":10,""install_day"":""2025-07-18"",""total_payment_amount"":7700,""user_name"":""188w27"",""user_rank"":1494,""user_stage"":200}"
"stage_reached_200 (App)","W:22_0A:19_0","12","{""attendance_count"":12,""install_day"":""2025-07-16"",""total_payment_amount"":7700,""user_name"":""시간속으로"",""user_rank"":1624,""user_stage"":200}"
"stage_reached_200 (App)","W:22_0A:21_0","4","{""attendance_count"":4,""install_day"":""2025-07-25"",""total_payment_amount"":7700,""user_name"":""간계의승렬"",""user_rank"":1504,""user_stage"":200}"
"stage_reached_200 (App)","W:22_0A:20_0","13","{""attendance_count"":13,""install_day"":""2025-07-16"",""total_payment_amount"":0,""user_name"":""인덕원사거리"",""user_rank"":1499,""user_stage"":200}"
"stage_reached_200 (App)","W:20_0A:19_0","8","{""attendance_count"":8,""install_day"":""2025-07-21"",""total_payment_amount"":7700,""user_name"":""몽클"",""user_rank"":1620,""user_stage"":200}"
"stage_reached_200 (App)","W:18_0A:16_0","4","{""attendance_count"":4,""install_day"":""2025-07-24"",""total_payment_amount"":58300,""user_name"":""카르멘"",""user_rank"":1651,""user_stage"":200}"
"stage_reached_200 (App)","W:20_0A:19_0","5","{""attendance_count"":5,""install_day"":""2025-07-23"",""total_payment_amount"":27500,""user_name"":""Regret"",""user_rank"":1480,""user_stage"":200}"
"stage_reached_200 (App)","W:21_0A:23_0","6","{""attendance_count"":6,""install_day"":""2025-07-23"",""total_payment_amount"":7700,""user_name"":""확씨"",""user_rank"":1519,""user_stage"":200}"
"stage_reached_200 (App)","W:20_0A:19_0","6","{""attendance_count"":6,""install_day"":""2025-07-23"",""total_payment_amount"":51700,""user_name"":""흑요스늬"",""user_rank"":1603,""user_stage"":200}"
"stage_reached_200 (App)","W:22_0A:21_0","9","{""attendance_count"":9,""install_day"":""2025-07-20"",""total_payment_amount"":7700,""user_name"":""JohnSnow"",""user_rank"":1498,""user_stage"":200}"
"stage_reached_200 (App)","W:19_0A:19_0","2","{""attendance_count"":2,""install_day"":""2025-07-27"",""total_payment_amount"":95700,""user_name"":""줏태"",""user_rank"":1482,""user_stage"":200}"
"stage_reached_200 (App)","W:22_0A:21_0","4","{""attendance_count"":4,""install_day"":""2025-07-25"",""total_payment_amount"":48400,""user_name"":""과학을보다"",""user_rank"":1486,""user_stage"":200}"
"stage_reached_200 (App)","W:20_0A:19_0","7","{""attendance_count"":7,""install_day"":""2025-07-22"",""total_payment_amount"":11000,""user_name"":""스스골"",""user_rank"":1615,""user_stage"":200}"
"stage_reached_200 (App)","W:20_0A:19_0","7","{""attendance_count"":7,""install_day"":""2025-07-22"",""total_payment_amount"":0,""user_name"":""쿠하"",""user_rank"":1610,""user_stage"":200}"
"stage_reached_200 (App)","W:20_0A:21_0","11","{""attendance_count"":11,""install_day"":""2025-07-18"",""total_payment_amount"":7700,""user_name"":""밥용이"",""user_rank"":1508,""user_stage"":200}"
"stage_reached_200 (App)","W:21_0A:19_0","4","{""attendance_count"":4,""install_day"":""2025-07-25"",""total_payment_amount"":11000,""user_name"":""뉴비응애"",""user_rank"":1465,""user_stage"":200}"
"stage_reached_200 (App)","W:17_0A:16_0","4","{""attendance_count"":4,""install_day"":""2025-07-24"",""total_payment_amount"":95700,""user_name"":""치리군"",""user_rank"":1465,""user_stage"":200}"
"stage_reached_200 (App)","W:23_0A:19_0","5","{""attendance_count"":5,""install_day"":""2025-07-24"",""total_payment_amount"":7700,""user_name"":""노루어디가"",""user_rank"":1486,""user_stage"":200}"
"stage_reached_200 (App)","W:20_0A:22_0","14","{""attendance_count"":14,""install_day"":""2025-07-15"",""total_payment_amount"":0,""user_name"":""나리타"",""user_rank"":3163,""user_stage"":200}"
"stage_reached_200 (App)","W:20_0A:19_0","7","{""attendance_count"":7,""install_day"":""2025-07-22"",""total_payment_amount"":7700,""user_name"":""초복중복말복"",""user_rank"":1770,""user_stage"":200}"
"stage_reached_200 (App)","W:20_0A:19_0","9","{""attendance_count"":9,""install_day"":""2025-07-20"",""total_payment_amount"":18700,""user_name"":""새드나"",""user_rank"":1696,""user_stage"":200}"
"stage_reached_200 (App)","W:22_0A:21_0","10","{""attendance_count"":10,""install_day"":""2025-07-19"",""total_payment_amount"":7700,""user_name"":""윤수서시"",""user_rank"":1496,""user_stage"":200}"
"stage_reached_200 (App)","W:20_0A:19_0","11","{""attendance_count"":11,""install_day"":""2025-07-18"",""total_payment_amount"":7700,""user_name"":""준캉이"",""user_rank"":1962,""user_stage"":200}"
"stage_reached_200 (App)","W:20_0A:19_0","10","{""attendance_count"":10,""install_day"":""2025-07-18"",""total_payment_amount"":0,""user_name"":""망기"",""user_rank"":1476,""user_stage"":200}"
"stage_reached_200 (App)","W:20_0A:19_0","10","{""attendance_count"":10,""install_day"":""2025-07-17"",""total_payment_amount"":7700,""user_name"":""꺄그"",""user_rank"":1479,""user_stage"":200}"
"stage_reached_200 (App)","W:21_0A:19_0","7","{""attendance_count"":7,""install_day"":""2025-07-22"",""total_payment_amount"":0,""user_name"":""김PRO"",""user_rank"":1525,""user_stage"":200}"
"stage_reached_200 (App)","W:20_0A:19_0","12","{""attendance_count"":12,""install_day"":""2025-07-17"",""total_payment_amount"":7700,""user_name"":""sinbbai"",""user_rank"":1453,""user_stage"":200}"
"stage_reached_200 (App)","W:21_0A:20_0","9","{""attendance_count"":9,""install_day"":""2025-07-20"",""total_payment_amount"":51700,""user_name"":""무을무을"",""user_rank"":1491,""user_stage"":200}"
"stage_reached_200 (App)","W:21_0A:21_0","9","{""attendance_count"":9,""install_day"":""2025-07-19"",""total_payment_amount"":7700,""user_name"":""애햄"",""user_rank"":1594,""user_stage"":200}"
"stage_reached_200 (App)","W:19_0A:19_0","6","{""attendance_count"":6,""install_day"":""2025-07-23"",""total_payment_amount"":14300,""user_name"":""조선칼잽이"",""user_rank"":1460,""user_stage"":200}"
"stage_reached_200 (App)","W:23_0A:19_0","6","{""attendance_count"":6,""install_day"":""2025-07-23"",""total_payment_amount"":7700,""user_name"":""주노호노"",""user_rank"":1447,""user_stage"":200}"
"stage_reached_200 (App)","W:20_0A:19_0","8","{""attendance_count"":8,""install_day"":""2025-07-19"",""total_payment_amount"":33000,""user_name"":""견우와직쏘"",""user_rank"":1452,""user_stage"":200}"
"stage_reached_200 (App)","W:21_0A:19_0","2","{""attendance_count"":2,""install_day"":""2025-07-27"",""total_payment_amount"":429000,""user_name"":""A파도"",""user_rank"":2661,""user_stage"":200}"
"stage_reached_200 (App)","W:20_0A:19_0","7","{""attendance_count"":7,""install_day"":""2025-07-22"",""total_payment_amount"":7700,""user_name"":""흐물이"",""user_rank"":1591,""user_stage"":200}"
"stage_reached_200 (App)","W:23_0A:20_0","10","{""attendance_count"":10,""install_day"":""2025-07-18"",""total_payment_amount"":0,""user_name"":""예니빵"",""user_rank"":1817,""user_stage"":200}"
"stage_reached_200 (App)","W:20_0A:19_0","7","{""attendance_count"":7,""install_day"":""2025-07-21"",""total_payment_amount"":14300,""user_name"":""달데시마"",""user_rank"":1466,""user_stage"":200}"
"stage_reached_200 (App)","W:20_0A:20_0","10","{""attendance_count"":10,""install_day"":""2025-07-19"",""total_payment_amount"":29700,""user_name"":""나이팅게일"",""user_rank"":1476,""user_stage"":200}"
"stage_reached_200 (App)","W:20_0A:19_0","7","{""attendance_count"":7,""install_day"":""2025-07-21"",""total_payment_amount"":7700,""user_name"":""목이"",""user_rank"":1645,""user_stage"":200}"
"stage_reached_200 (App)","W:20_0A:19_0","10","{""attendance_count"":10,""install_day"":""2025-07-19"",""total_payment_amount"":0,""user_name"":""김문조"",""user_rank"":1534,""user_stage"":200}"
"stage_reached_200 (App)","W:21_0A:19_0","13","{""attendance_count"":13,""install_day"":""2025-07-16"",""total_payment_amount"":7700,""user_name"":""불주멍"",""user_rank"":1446,""user_stage"":200}"
"stage_reached_200 (App)","W:22_0A:21_0","9","{""attendance_count"":9,""install_day"":""2025-07-18"",""total_payment_amount"":7700,""user_name"":""히야신스"",""user_rank"":1494,""user_stage"":200}"
"stage_reached_200 (App)","W:20_0A:19_0","9","{""attendance_count"":9,""install_day"":""2025-07-20"",""total_payment_amount"":7700,""user_name"":""아싸사랑이"",""user_rank"":1475,""user_stage"":200}"
"stage_reached_200 (App)","W:20_0A:22_0","9","{""attendance_count"":9,""install_day"":""2025-07-20"",""total_payment_amount"":40700,""user_name"":""하인드킬"",""user_rank"":1414,""user_stage"":200}"
"stage_reached_200 (App)","W:20_0A:19_0","6","{""attendance_count"":6,""install_day"":""2025-07-22"",""total_payment_amount"":88000,""user_name"":""누나좋아"",""user_rank"":1534,""user_stage"":200}"
"stage_reached_200 (App)","W:20_0A:19_0","7","{""attendance_count"":7,""install_day"":""2025-07-22"",""total_payment_amount"":7700,""user_name"":""휘이잉"",""user_rank"":1476,""user_stage"":200}"
"stage_reached_200 (App)","W:20_0A:20_0","9","{""attendance_count"":9,""install_day"":""2025-07-20"",""total_payment_amount"":7700,""user_name"":""클라이벗"",""user_rank"":1474,""user_stage"":200}"
"stage_reached_200 (App)","W:21_0A:21_0","4","{""attendance_count"":4,""install_day"":""2025-07-25"",""total_payment_amount"":29700,""user_name"":""이지대장"",""user_rank"":1630,""user_stage"":200}"
"stage_reached_200 (App)","W:20_0A:19_0","8","{""attendance_count"":8,""install_day"":""2025-07-21"",""total_payment_amount"":7700,""user_name"":""골잽이"",""user_rank"":1494,""user_stage"":200}"
"stage_reached_200 (App)","W:20_0A:19_0","9","{""attendance_count"":9,""install_day"":""2025-07-19"",""total_payment_amount"":0,""user_name"":""빗치"",""user_rank"":1576,""user_stage"":200}"
"stage_reached_200 (App)","W:20_0A:19_0","11","{""attendance_count"":11,""install_day"":""2025-07-18"",""total_payment_amount"":0,""user_name"":""운임수정"",""user_rank"":1488,""user_stage"":200}"
"stage_reached_200 (App)","W:23_0A:21_0","2","{""attendance_count"":2,""install_day"":""2025-07-27"",""total_payment_amount"":667700,""user_name"":""완투쓰리"",""user_rank"":1577,""user_stage"":200}"
"stage_reached_200 (App)","W:20_0A:19_0","7","{""attendance_count"":7,""install_day"":""2025-07-22"",""total_payment_amount"":7700,""user_name"":""수당파"",""user_rank"":1628,""user_stage"":200}"
"stage_reached_200 (App)","W:20_0A:19_0","9","{""attendance_count"":9,""install_day"":""2025-07-19"",""total_payment_amount"":0,""user_name"":""1충1"",""user_rank"":1438,""user_stage"":200}"
"stage_reached_200 (App)","W:21_0A:20_0","10","{""attendance_count"":10,""install_day"":""2025-07-18"",""total_payment_amount"":7700,""user_name"":""오겡끼데스까"",""user_rank"":1468,""user_stage"":200}"
"stage_reached_200 (App)","W:20_0A:19_0","9","{""attendance_count"":9,""install_day"":""2025-07-18"",""total_payment_amount"":0,""user_name"":""교수양말탐낸도비"",""user_rank"":1436,""user_stage"":200}"
"stage_reached_200 (App)","W:23_0A:20_0","6","{""attendance_count"":6,""install_day"":""2025-07-23"",""total_payment_amount"":11000,""user_name"":""틀이얌"",""user_rank"":1501,""user_stage"":200}"
"stage_reached_200 (App)","W:21_0A:19_0","7","{""attendance_count"":7,""install_day"":""2025-07-22"",""total_payment_amount"":40700,""user_name"":""루복치"",""user_rank"":1543,""user_stage"":200}"
"stage_reached_200 (App)","W:19_0A:19_0","7","{""attendance_count"":7,""install_day"":""2025-07-22"",""total_payment_amount"":17600,""user_name"":""acpf"",""user_rank"":1520,""user_stage"":200}"
"stage_reached_200 (App)","W:20_0A:19_0","9","{""attendance_count"":9,""install_day"":""2025-07-19"",""total_payment_amount"":44000,""user_name"":""헤븐윙"",""user_rank"":1566,""user_stage"":200}"
"stage_reached_200 (App)","W:23_0A:21_0","7","{""attendance_count"":7,""install_day"":""2025-07-22"",""total_payment_amount"":40700,""user_name"":""라디유"",""user_rank"":1431,""user_stage"":200}"
"stage_reached_200 (App)","W:20_0A:19_0","9","{""attendance_count"":9,""install_day"":""2025-07-20"",""total_payment_amount"":7700,""user_name"":""달군"",""user_rank"":1652,""user_stage"":200}"
"stage_reached_200 (App)","W:20_0A:19_0","11","{""attendance_count"":11,""install_day"":""2025-07-18"",""total_payment_amount"":7700,""user_name"":""윤율"",""user_rank"":1458,""user_stage"":200}"
"stage_reached_200 (App)","W:21_0A:21_0","9","{""attendance_count"":9,""install_day"":""2025-07-20"",""total_payment_amount"":106700,""user_name"":""홍게대게"",""user_rank"":1455,""user_stage"":200}"
"stage_reached_200 (App)","W:22_0A:19_0","10","{""attendance_count"":10,""install_day"":""2025-07-19"",""total_payment_amount"":7700,""user_name"":""정코"",""user_rank"":1613,""user_stage"":200}"
"stage_reached_200 (App)","W:22_0A:22_0","9","{""attendance_count"":9,""install_day"":""2025-07-20"",""total_payment_amount"":7700,""user_name"":""이억만"",""user_rank"":1530,""user_stage"":200}"
"stage_reached_200 (App)","W:20_0A:19_0","8","{""attendance_count"":8,""install_day"":""2025-07-21"",""total_payment_amount"":7700,""user_name"":""뭐왜뭐가"",""user_rank"":1642,""user_stage"":200}"
"stage_reached_200 (App)","W:21_0A:19_0","9","{""attendance_count"":9,""install_day"":""2025-07-20"",""total_payment_amount"":7700,""user_name"":""쭈꾸쭈꾸"",""user_rank"":1423,""user_stage"":200}"
"stage_reached_200 (App)","W:22_0A:19_0","4","{""attendance_count"":4,""install_day"":""2025-07-24"",""total_payment_amount"":128700,""user_name"":""두식이아부지"",""user_rank"":1484,""user_stage"":200}"
"stage_reached_200 (App)","W:22_0A:20_0","9","{""attendance_count"":9,""install_day"":""2025-07-20"",""total_payment_amount"":0,""user_name"":""힘내자화이팅"",""user_rank"":1439,""user_stage"":200}"
"stage_reached_200 (App)","W:17_0A:19_0","6","{""attendance_count"":6,""install_day"":""2025-07-23"",""total_payment_amount"":7700,""user_name"":""자냥탄센"",""user_rank"":1415,""user_stage"":200}"
"stage_reached_200 (App)","W:20_0A:19_0","10","{""attendance_count"":10,""install_day"":""2025-07-19"",""total_payment_amount"":7700,""user_name"":""유하은"",""user_rank"":1423,""user_stage"":200}"
"stage_reached_200 (App)","W:20_0A:19_0","7","{""attendance_count"":7,""install_day"":""2025-07-22"",""total_payment_amount"":0,""user_name"":""난세영웅임"",""user_rank"":1610,""user_stage"":200}"
"stage_reached_200 (App)","W:20_0A:19_0","8","{""attendance_count"":8,""install_day"":""2025-07-21"",""total_payment_amount"":7700,""user_name"":""우왕굳"",""user_rank"":1466,""user_stage"":200}"
"stage_reached_200 (App)","W:20_0A:19_0","7","{""attendance_count"":7,""install_day"":""2025-07-22"",""total_payment_amount"":40700,""user_name"":""솜유이"",""user_rank"":1466,""user_stage"":200}"
"stage_reached_200 (App)","W:20_0A:19_0","10","{""attendance_count"":10,""install_day"":""2025-07-18"",""total_payment_amount"":7700,""user_name"":""느시"",""user_rank"":1498,""user_stage"":200}"
"stage_reached_200 (App)","W:20_0A:19_0","12","{""attendance_count"":12,""install_day"":""2025-07-17"",""total_payment_amount"":7700,""user_name"":""검술"",""user_rank"":1405,""user_stage"":200}"
"stage_reached_200 (App)","W:20_0A:19_0","8","{""attendance_count"":8,""install_day"":""2025-07-19"",""total_payment_amount"":7700,""user_name"":""유도"",""user_rank"":1435,""user_stage"":200}"
"stage_reached_200 (App)","W:20_0A:19_0","11","{""attendance_count"":11,""install_day"":""2025-07-17"",""total_payment_amount"":7700,""user_name"":""양이야"",""user_rank"":1456,""user_stage"":200}"
"stage_reached_200 (App)","W:23_0A:23_0","4","{""attendance_count"":4,""install_day"":""2025-07-25"",""total_payment_amount"":0,""user_name"":""낭인무사"",""user_rank"":1435,""user_stage"":200}"
"stage_reached_200 (App)","W:20_0A:19_0","9","{""attendance_count"":9,""install_day"":""2025-07-20"",""total_payment_amount"":7700,""user_name"":""꼴까닥해까닥"",""user_rank"":1398,""user_stage"":200}"
"stage_reached_200 (App)","W:20_0A:19_0","10","{""attendance_count"":10,""install_day"":""2025-07-19"",""total_payment_amount"":29700,""user_name"":""갓수영"",""user_rank"":1532,""user_stage"":200}"
"stage_reached_200 (App)","W:21_0A:19_0","10","{""attendance_count"":10,""install_day"":""2025-07-19"",""total_payment_amount"":7700,""user_name"":""쿄캬캬"",""user_rank"":1468,""user_stage"":200}"
"stage_reached_200 (App)","W:20_0A:19_0","8","{""attendance_count"":8,""install_day"":""2025-07-21"",""total_payment_amount"":11000,""user_name"":""남연우"",""user_rank"":1417,""user_stage"":200}"
"stage_reached_200 (App)","W:21_0A:19_0","7","{""attendance_count"":7,""install_day"":""2025-07-22"",""total_payment_amount"":0,""user_name"":""밍글이"",""user_rank"":1429,""user_stage"":200}"
"stage_reached_200 (App)","W:20_0A:19_0","9","{""attendance_count"":9,""install_day"":""2025-07-18"",""total_payment_amount"":7700,""user_name"":""유지노"",""user_rank"":1536,""user_stage"":200}"
"stage_reached_200 (App)","W:21_0A:19_0","8","{""attendance_count"":8,""install_day"":""2025-07-21"",""total_payment_amount"":7700,""user_name"":""mozi"",""user_rank"":1534,""user_stage"":200}"
"stage_reached_200 (App)","W:21_0A:19_0","9","{""attendance_count"":9,""install_day"":""2025-07-20"",""total_payment_amount"":7700,""user_name"":""승술"",""user_rank"":1403,""user_stage"":200}"
"stage_reached_200 (App)","W:22_0A:20_0","10","{""attendance_count"":10,""install_day"":""2025-07-19"",""total_payment_amount"":7700,""user_name"":""오오오냐"",""user_rank"":1439,""user_stage"":200}"
"stage_reached_200 (App)","W:20_0A:19_0","9","{""attendance_count"":9,""install_day"":""2025-07-20"",""total_payment_amount"":7700,""user_name"":""라쿠"",""user_rank"":1429,""user_stage"":200}"
"stage_reached_200 (App)","W:20_0A:22_0","3","{""attendance_count"":3,""install_day"":""2025-07-26"",""total_payment_amount"":227700,""user_name"":""디아란"",""user_rank"":1390,""user_stage"":200}"
"stage_reached_200 (App)","W:19_0A:14_0","3","{""attendance_count"":3,""install_day"":""2025-07-26"",""total_payment_amount"":119900,""user_name"":""주르"",""user_rank"":1510,""user_stage"":200}"
"stage_reached_200 (App)","W:20_0A:19_0","7","{""attendance_count"":7,""install_day"":""2025-07-21"",""total_payment_amount"":7700,""user_name"":""제육"",""user_rank"":1481,""user_stage"":200}"
"stage_reached_200 (App)","W:20_0A:19_0","12","{""attendance_count"":12,""install_day"":""2025-07-17"",""total_payment_amount"":0,""user_name"":""은가누"",""user_rank"":1389,""user_stage"":200}"
"stage_reached_200 (App)","W:20_0A:19_0","9","{""attendance_count"":9,""install_day"":""2025-07-20"",""total_payment_amount"":7700,""user_name"":""한겨르"",""user_rank"":1476,""user_stage"":200}"
"stage_reached_200 (App)","W:20_0A:19_0","12","{""attendance_count"":12,""install_day"":""2025-07-17"",""total_payment_amount"":7700,""user_name"":""선잽"",""user_rank"":1409,""user_stage"":200}"
"stage_reached_200 (App)","W:19_0A:19_0","5","{""attendance_count"":5,""install_day"":""2025-07-23"",""total_payment_amount"":62700,""user_name"":""랴니"",""user_rank"":1395,""user_stage"":200}"
"stage_reached_200 (App)","W:23_0A:22_0","10","{""attendance_count"":10,""install_day"":""2025-07-19"",""total_payment_amount"":7700,""user_name"":""안들려"",""user_rank"":1420,""user_stage"":200}"
"stage_reached_200 (App)","W:20_0A:21_0","9","{""attendance_count"":9,""install_day"":""2025-07-20"",""total_payment_amount"":7700,""user_name"":""핵쏘"",""user_rank"":1393,""user_stage"":200}"
"stage_reached_200 (App)","W:19_0A:19_0","6","{""attendance_count"":6,""install_day"":""2025-07-23"",""total_payment_amount"":34100,""user_name"":""테즈"",""user_rank"":1446,""user_stage"":200}"
"stage_reached_200 (App)","W:20_0A:19_0","10","{""attendance_count"":10,""install_day"":""2025-07-19"",""total_payment_amount"":7700,""user_name"":""찌노"",""user_rank"":1389,""user_stage"":200}"
"stage_reached_200 (App)","W:20_0A:20_0","9","{""attendance_count"":9,""install_day"":""2025-07-19"",""total_payment_amount"":7700,""user_name"":""꾸꾸83"",""user_rank"":1351,""user_stage"":200}"
"stage_reached_200 (App)","W:21_0A:19_0","10","{""attendance_count"":10,""install_day"":""2025-07-18"",""total_payment_amount"":7700,""user_name"":""따혜"",""user_rank"":1464,""user_stage"":200}"
"stage_reached_200 (App)","W:20_0A:22_0","9","{""attendance_count"":9,""install_day"":""2025-07-19"",""total_payment_amount"":7700,""user_name"":""iiliiiil"",""user_rank"":1403,""user_stage"":200}"
"stage_reached_200 (App)","W:20_0A:19_0","9","{""attendance_count"":9,""install_day"":""2025-07-20"",""total_payment_amount"":7700,""user_name"":""시아율"",""user_rank"":1376,""user_stage"":200}"
"stage_reached_200 (App)","W:20_0A:19_0","7","{""attendance_count"":7,""install_day"":""2025-07-21"",""total_payment_amount"":17600,""user_name"":""귤귤귤귤"",""user_rank"":1643,""user_stage"":200}"
"stage_reached_200 (App)","W:22_0A:20_0","9","{""attendance_count"":9,""install_day"":""2025-07-20"",""total_payment_amount"":7700,""user_name"":""시안문"",""user_rank"":1425,""user_stage"":200}"
"stage_reached_200 (App)","W:20_0A:17_0","7","{""attendance_count"":7,""install_day"":""2024-12-10"",""total_payment_amount"":7700,""user_name"":""루피해적단"",""user_rank"":3306,""user_stage"":200}"
"stage_reached_200 (App)","W:20_0A:19_0","8","{""attendance_count"":8,""install_day"":""2025-07-18"",""total_payment_amount"":11000,""user_name"":""Aring"",""user_rank"":2161,""user_stage"":200}"
"stage_reached_200 (App)","W:22_0A:19_0","10","{""attendance_count"":10,""install_day"":""2025-07-18"",""total_payment_amount"":7700,""user_name"":""형법"",""user_rank"":1436,""user_stage"":200}"
"stage_reached_200 (App)","W:20_0A:19_0","9","{""attendance_count"":9,""install_day"":""2025-07-20"",""total_payment_amount"":7700,""user_name"":""구찌독"",""user_rank"":1398,""user_stage"":200}"
"stage_reached_200 (App)","W:21_0A:19_0","9","{""attendance_count"":9,""install_day"":""2025-07-20"",""total_payment_amount"":0,""user_name"":""bestian"",""user_rank"":1435,""user_stage"":200}"
"stage_reached_200 (App)","W:23_0A:22_0","2","{""attendance_count"":2,""install_day"":""2025-07-27"",""total_payment_amount"":227700,""user_name"":""창사마"",""user_rank"":2626,""user_stage"":200}"
"stage_reached_200 (App)","W:19_0A:19_0","5","{""attendance_count"":5,""install_day"":""2025-07-23"",""total_payment_amount"":84700,""user_name"":""주현짱"",""user_rank"":1435,""user_stage"":200}"
"stage_reached_200 (App)","W:20_0A:19_0","10","{""attendance_count"":10,""install_day"":""2025-07-15"",""total_payment_amount"":7700,""user_name"":""경경"",""user_rank"":1382,""user_stage"":200}"
"stage_reached_200 (App)","W:22_0A:19_0","9","{""attendance_count"":9,""install_day"":""2025-07-19"",""total_payment_amount"":0,""user_name"":""두박"",""user_rank"":1381,""user_stage"":200}"
"stage_reached_200 (App)","W:16_0A:19_0","5","{""attendance_count"":5,""install_day"":""2025-07-24"",""total_payment_amount"":127600,""user_name"":""아돌이"",""user_rank"":1452,""user_stage"":200}"
"stage_reached_200 (App)","W:21_0A:19_0","10","{""attendance_count"":10,""install_day"":""2025-07-16"",""total_payment_amount"":7700,""user_name"":""사하라소"",""user_rank"":1431,""user_stage"":200}"
"stage_reached_200 (App)","W:20_0A:20_0","12","{""attendance_count"":12,""install_day"":""2025-07-16"",""total_payment_amount"":0,""user_name"":""밤이가대장이다"",""user_rank"":1714,""user_stage"":200}"
"stage_reached_200 (App)","W:20_0A:19_0","7","{""attendance_count"":7,""install_day"":""2025-07-21"",""total_payment_amount"":7700,""user_name"":""핫걸"",""user_rank"":1477,""user_stage"":200}"
"stage_reached_200 (App)","W:19_0A:19_0","6","{""attendance_count"":6,""install_day"":""2025-07-23"",""total_payment_amount"":11000,""user_name"":""캡틴건"",""user_rank"":1378,""user_stage"":200}"
"stage_reached_200 (App)","W:23_0A:20_0","6","{""attendance_count"":6,""install_day"":""2025-07-23"",""total_payment_amount"":7700,""user_name"":""한푼만줍쇼"",""user_rank"":1800,""user_stage"":200}"
"stage_reached_200 (App)","W:20_0A:22_0","9","{""attendance_count"":9,""install_day"":""2025-07-20"",""total_payment_amount"":7700,""user_name"":""망하늘"",""user_rank"":1475,""user_stage"":200}"
"stage_reached_200 (App)","W:21_0A:19_0","8","{""attendance_count"":8,""install_day"":""2025-07-21"",""total_payment_amount"":7700,""user_name"":""작은세상큰꿈"",""user_rank"":1397,""user_stage"":200}"
"stage_reached_200 (App)","W:20_0A:22_0","13","{""attendance_count"":13,""install_day"":""2025-07-16"",""total_payment_amount"":0,""user_name"":""무신현"",""user_rank"":1361,""user_stage"":200}"
"stage_reached_200 (App)","W:20_0A:19_0","8","{""attendance_count"":8,""install_day"":""2025-07-20"",""total_payment_amount"":7700,""user_name"":""블루베리티라노"",""user_rank"":1365,""user_stage"":200}"
"stage_reached_200 (App)","W:20_0A:19_0","9","{""attendance_count"":9,""install_day"":""2025-07-19"",""total_payment_amount"":0,""user_name"":""쪼마꿍"",""user_rank"":1388,""user_stage"":200}"
"stage_reached_200 (App)","W:20_0A:19_0","9","{""attendance_count"":9,""install_day"":""2025-07-19"",""total_payment_amount"":0,""user_name"":""신숙주"",""user_rank"":1397,""user_stage"":200}"
"stage_reached_200 (App)","W:20_0A:19_0","10","{""attendance_count"":10,""install_day"":""2025-07-19"",""total_payment_amount"":0,""user_name"":""ziggy9"",""user_rank"":1366,""user_stage"":200}"
"stage_reached_200 (App)","W:22_0A:19_0","6","{""attendance_count"":6,""install_day"":""2025-07-22"",""total_payment_amount"":7700,""user_name"":""문장식"",""user_rank"":1542,""user_stage"":200}"
"stage_reached_200 (App)","W:17_0A:22_0","6","{""attendance_count"":6,""install_day"":""2025-07-22"",""total_payment_amount"":7700,""user_name"":""흐난"",""user_rank"":1389,""user_stage"":200}"
"stage_reached_200 (App)","W:20_0A:19_0","11","{""attendance_count"":11,""install_day"":""2025-07-16"",""total_payment_amount"":7700,""user_name"":""ragra"",""user_rank"":1490,""user_stage"":200}"
"stage_reached_200 (App)","W:20_0A:19_0","8","{""attendance_count"":8,""install_day"":""2025-07-21"",""total_payment_amount"":7700,""user_name"":""메나큐"",""user_rank"":1435,""user_stage"":200}"
"stage_reached_200 (App)","W:23_0A:19_0","13","{""attendance_count"":13,""install_day"":""2025-07-15"",""total_payment_amount"":1177000,""user_name"":""아마테라스"",""user_rank"":1351,""user_stage"":200}"
"stage_reached_200 (App)","W:20_0A:19_0","9","{""attendance_count"":9,""install_day"":""2025-07-20"",""total_payment_amount"":7700,""user_name"":""뎁뎁"",""user_rank"":1483,""user_stage"":200}"
"stage_reached_200 (App)","W:20_0A:19_0","10","{""attendance_count"":10,""install_day"":""2025-07-19"",""total_payment_amount"":7700,""user_name"":""농협"",""user_rank"":1402,""user_stage"":200}"
"stage_reached_200 (App)","W:22_0A:19_0","11","{""attendance_count"":11,""install_day"":""2025-07-17"",""total_payment_amount"":0,""user_name"":""모리터"",""user_rank"":1402,""user_stage"":200}"
"stage_reached_200 (App)","W:20_0A:19_0","7","{""attendance_count"":7,""install_day"":""2025-07-22"",""total_payment_amount"":7700,""user_name"":""이슬공주"",""user_rank"":1375,""user_stage"":200}"
"stage_reached_200 (App)","W:20_0A:19_0","10","{""attendance_count"":10,""install_day"":""2025-07-19"",""total_payment_amount"":7700,""user_name"":""토리9"",""user_rank"":1457,""user_stage"":200}"
"stage_reached_200 (App)","W:19_0A:19_0","3","{""attendance_count"":3,""install_day"":""2025-07-26"",""total_payment_amount"":135300,""user_name"":""이세계아이돌"",""user_rank"":1696,""user_stage"":200}"
"stage_reached_200 (App)","W:21_0A:19_0","11","{""attendance_count"":11,""install_day"":""2025-07-18"",""total_payment_amount"":7700,""user_name"":""째르"",""user_rank"":1412,""user_stage"":200}"
"stage_reached_200 (App)","W:20_0A:19_0","10","{""attendance_count"":10,""install_day"":""2025-07-19"",""total_payment_amount"":0,""user_name"":""치코리타"",""user_rank"":1399,""user_stage"":200}"
"stage_reached_200 (App)","W:20_0A:22_0","11","{""attendance_count"":11,""install_day"":""2025-07-18"",""total_payment_amount"":7700,""user_name"":""라미이"",""user_rank"":1409,""user_stage"":200}"
"stage_reached_200 (App)","W:20_0A:19_0","12","{""attendance_count"":12,""install_day"":""2025-07-17"",""total_payment_amount"":7700,""user_name"":""로디악"",""user_rank"":1352,""user_stage"":200}"
"stage_reached_200 (App)","W:22_0A:19_0","9","{""attendance_count"":9,""install_day"":""2025-07-18"",""total_payment_amount"":7700,""user_name"":""유짐니"",""user_rank"":1352,""user_stage"":200}"
"stage_reached_200 (App)","W:20_0A:19_0","8","{""attendance_count"":8,""install_day"":""2025-07-21"",""total_payment_amount"":7700,""user_name"":""아이디이이"",""user_rank"":1381,""user_stage"":200}"
"stage_reached_200 (App)","W:20_0A:19_0","7","{""attendance_count"":7,""install_day"":""2025-07-22"",""total_payment_amount"":34100,""user_name"":""박하슬"",""user_rank"":1603,""user_stage"":200}"
"stage_reached_200 (App)","W:20_0A:19_0","9","{""attendance_count"":9,""install_day"":""2025-07-19"",""total_payment_amount"":7700,""user_name"":""노리치민히"",""user_rank"":1352,""user_stage"":200}"
"stage_reached_200 (App)","W:20_0A:22_0","3","{""attendance_count"":3,""install_day"":""2025-07-25"",""total_payment_amount"":182600,""user_name"":""요피엘"",""user_rank"":1369,""user_stage"":200}"
"stage_reached_200 (App)","W:20_0A:19_0","7","{""attendance_count"":7,""install_day"":""2025-07-22"",""total_payment_amount"":7700,""user_name"":""게토"",""user_rank"":1336,""user_stage"":200}"
"stage_reached_200 (App)","W:20_0A:19_0","7","{""attendance_count"":7,""install_day"":""2025-07-22"",""total_payment_amount"":18700,""user_name"":""늄이훈이"",""user_rank"":1342,""user_stage"":200}"
"stage_reached_200 (App)","W:20_0A:23_0","9","{""attendance_count"":9,""install_day"":""2025-07-19"",""total_payment_amount"":117700,""user_name"":""뚱전사"",""user_rank"":1765,""user_stage"":200}"
"stage_reached_200 (App)","W:21_0A:20_0","10","{""attendance_count"":10,""install_day"":""2025-07-18"",""total_payment_amount"":7700,""user_name"":""심바군"",""user_rank"":1349,""user_stage"":200}"
"stage_reached_200 (App)","W:22_0A:22_0","6","{""attendance_count"":6,""install_day"":""2025-07-22"",""total_payment_amount"":7700,""user_name"":""구월삼월"",""user_rank"":2172,""user_stage"":200}"
"stage_reached_200 (App)","W:22_0A:19_0","6","{""attendance_count"":6,""install_day"":""2025-07-22"",""total_payment_amount"":7700,""user_name"":""한뚜혁"",""user_rank"":1371,""user_stage"":200}"
"stage_reached_200 (App)","W:22_0A:22_0","9","{""attendance_count"":9,""install_day"":""2025-07-19"",""total_payment_amount"":0,""user_name"":""익산고구마"",""user_rank"":1370,""user_stage"":200}"
"stage_reached_200 (App)","W:20_0A:19_0","9","{""attendance_count"":9,""install_day"":""2025-07-19"",""total_payment_amount"":7700,""user_name"":""하얀참새"",""user_rank"":1363,""user_stage"":200}"
"stage_reached_200 (App)","W:20_0A:19_0","10","{""attendance_count"":10,""install_day"":""2025-07-18"",""total_payment_amount"":7700,""user_name"":""초보할래"",""user_rank"":1366,""user_stage"":200}"
"stage_reached_200 (App)","W:19_0A:19_0","5","{""attendance_count"":5,""install_day"":""2025-07-23"",""total_payment_amount"":7700,""user_name"":""빙하"",""user_rank"":1326,""user_stage"":200}"
"stage_reached_200 (App)","W:19_0A:19_0","3","{""attendance_count"":3,""install_day"":""2025-07-24"",""total_payment_amount"":108900,""user_name"":""갓세종"",""user_rank"":1337,""user_stage"":200}"
"stage_reached_200 (App)","W:22_0A:22_0","11","{""attendance_count"":11,""install_day"":""2025-07-17"",""total_payment_amount"":7700,""user_name"":""뺌딘"",""user_rank"":1390,""user_stage"":200}"
"stage_reached_200 (App)","W:20_0A:19_0","9","{""attendance_count"":9,""install_day"":""2025-07-19"",""total_payment_amount"":7700,""user_name"":""쫑이염"",""user_rank"":1332,""user_stage"":200}"
"stage_reached_200 (App)","W:22_0A:19_0","9","{""attendance_count"":9,""install_day"":""2025-07-18"",""total_payment_amount"":7700,""user_name"":""말차치즈맛"",""user_rank"":1359,""user_stage"":200}"
"stage_reached_200 (App)","W:21_0A:20_0","12","{""attendance_count"":12,""install_day"":""2025-07-16"",""total_payment_amount"":7700,""user_name"":""호빵도령"",""user_rank"":1296,""user_stage"":200}"
"stage_reached_200 (App)","W:18_0A:19_0","5","{""attendance_count"":5,""install_day"":""2025-07-22"",""total_payment_amount"":27500,""user_name"":""잉잉앙앙"",""user_rank"":1327,""user_stage"":200}"
"stage_reached_200 (App)","W:21_0A:20_0","9","{""attendance_count"":9,""install_day"":""2025-07-18"",""total_payment_amount"":7700,""user_name"":""이나코스"",""user_rank"":1317,""user_stage"":200}"
"stage_reached_200 (App)","W:20_0A:19_0","9","{""attendance_count"":9,""install_day"":""2025-07-19"",""total_payment_amount"":0,""user_name"":""전자기"",""user_rank"":1450,""user_stage"":200}"
"stage_reached_200 (App)","W:23_0A:20_0","10","{""attendance_count"":10,""install_day"":""2025-07-18"",""total_payment_amount"":62700,""user_name"":""챰퐁"",""user_rank"":1343,""user_stage"":200}"
"stage_reached_200 (App)","W:20_0A:19_0","9","{""attendance_count"":9,""install_day"":""2025-07-19"",""total_payment_amount"":7700,""user_name"":""영이네"",""user_rank"":1314,""user_stage"":200}"
"stage_reached_200 (App)","W:21_0A:19_0","9","{""attendance_count"":9,""install_day"":""2025-07-19"",""total_payment_amount"":7700,""user_name"":""소검"",""user_rank"":1323,""user_stage"":200}"
"stage_reached_200 (App)","W:21_0A:19_0","9","{""attendance_count"":9,""install_day"":""2025-07-19"",""total_payment_amount"":0,""user_name"":""까만차"",""user_rank"":1250,""user_stage"":200}"
"stage_reached_200 (App)","W:20_0A:19_0","7","{""attendance_count"":7,""install_day"":""2025-07-21"",""total_payment_amount"":7700,""user_name"":""아무것도몰라"",""user_rank"":1322,""user_stage"":200}"
"stage_reached_200 (App)","W:23_0A:20_0","10","{""attendance_count"":10,""install_day"":""2025-07-17"",""total_payment_amount"":7700,""user_name"":""오달"",""user_rank"":1380,""user_stage"":200}"
"stage_reached_200 (App)","W:20_0A:19_0","8","{""attendance_count"":8,""install_day"":""2025-07-19"",""total_payment_amount"":7700,""user_name"":""펜타사"",""user_rank"":1339,""user_stage"":200}"
"stage_reached_200 (App)","W:22_0A:19_0","10","{""attendance_count"":10,""install_day"":""2025-07-15"",""total_payment_amount"":0,""user_name"":""삼총사"",""user_rank"":3183,""user_stage"":200}"
"stage_reached_200 (App)","W:22_0A:22_0","9","{""attendance_count"":9,""install_day"":""2025-07-19"",""total_payment_amount"":0,""user_name"":""만두네물만두"",""user_rank"":1358,""user_stage"":200}"
"stage_reached_200 (App)","W:20_0A:19_0","10","{""attendance_count"":10,""install_day"":""2025-07-17"",""total_payment_amount"":7700,""user_name"":""dttttttt"",""user_rank"":1423,""user_stage"":200}"
"stage_reached_200 (App)","W:20_0A:20_0","12","{""attendance_count"":12,""install_day"":""2025-07-16"",""total_payment_amount"":7700,""user_name"":""bpjr"",""user_rank"":1333,""user_stage"":200}"
"stage_reached_200 (App)","W:20_0A:19_0","8","{""attendance_count"":8,""install_day"":""2025-07-20"",""total_payment_amount"":7700,""user_name"":""태조쿠마"",""user_rank"":1304,""user_stage"":200}"
"stage_reached_200 (App)","W:22_0A:19_0","10","{""attendance_count"":10,""install_day"":""2025-07-17"",""total_payment_amount"":7700,""user_name"":""유송현"",""user_rank"":1512,""user_stage"":200}"
"stage_reached_200 (App)","W:19_0A:19_0","5","{""attendance_count"":5,""install_day"":""2025-07-22"",""total_payment_amount"":51700,""user_name"":""돌비개"",""user_rank"":1302,""user_stage"":200}"
"stage_reached_200 (App)","W:22_0A:22_0","4","{""attendance_count"":4,""install_day"":""2025-07-23"",""total_payment_amount"":7700,""user_name"":""별로"",""user_rank"":1556,""user_stage"":200}"
"stage_reached_200 (App)","W:22_0A:22_0","12","{""attendance_count"":12,""install_day"":""2025-07-16"",""total_payment_amount"":7700,""user_name"":""박진석"",""user_rank"":1336,""user_stage"":200}"
"stage_reached_200 (App)","W:22_0A:19_0","5","{""attendance_count"":5,""install_day"":""2025-07-23"",""total_payment_amount"":7700,""user_name"":""낙네림"",""user_rank"":1312,""user_stage"":200}"
"stage_reached_200 (App)","W:20_0A:19_0","7","{""attendance_count"":7,""install_day"":""2025-07-21"",""total_payment_amount"":7700,""user_name"":""편각"",""user_rank"":1333,""user_stage"":200}"
"stage_reached_200 (App)","W:20_0A:19_0","7","{""attendance_count"":7,""install_day"":""2025-07-20"",""total_payment_amount"":7700,""user_name"":""짐캐리"",""user_rank"":1411,""user_stage"":200}"
"stage_reached_200 (App)","W:19_0A:19_0","5","{""attendance_count"":5,""install_day"":""2025-07-23"",""total_payment_amount"":31900,""user_name"":""리거유"",""user_rank"":1300,""user_stage"":200}"
"stage_reached_200 (App)","W:20_0A:19_0","8","{""attendance_count"":8,""install_day"":""2025-07-19"",""total_payment_amount"":7700,""user_name"":""의천대협"",""user_rank"":1411,""user_stage"":200}"
"stage_reached_200 (App)","W:23_0A:19_0","9","{""attendance_count"":9,""install_day"":""2025-07-19"",""total_payment_amount"":7700,""user_name"":""김주호오"",""user_rank"":1348,""user_stage"":200}"
"stage_reached_200 (App)","W:20_0A:19_0","8","{""attendance_count"":8,""install_day"":""2025-07-20"",""total_payment_amount"":7700,""user_name"":""굥이남푠"",""user_rank"":1305,""user_stage"":200}"
"stage_reached_200 (App)","W:20_0A:19_0","8","{""attendance_count"":8,""install_day"":""2025-07-20"",""total_payment_amount"":7700,""user_name"":""DoorTin"",""user_rank"":1305,""user_stage"":200}"
"stage_reached_200 (App)","W:20_0A:19_0","9","{""attendance_count"":9,""install_day"":""2025-07-19"",""total_payment_amount"":7700,""user_name"":""슭슭"",""user_rank"":1303,""user_stage"":200}"
"stage_reached_200 (App)","W:22_0A:19_0","5","{""attendance_count"":5,""install_day"":""2025-07-23"",""total_payment_amount"":7700,""user_name"":""Clesis"",""user_rank"":1316,""user_stage"":200}"
"stage_reached_200 (App)","W:22_0A:19_0","7","{""attendance_count"":7,""install_day"":""2025-07-21"",""total_payment_amount"":7700,""user_name"":""하율아빠"",""user_rank"":1427,""user_stage"":200}"
"stage_reached_200 (App)","W:20_0A:19_0","12","{""attendance_count"":12,""install_day"":""2025-07-16"",""total_payment_amount"":0,""user_name"":""곰탱이아빠"",""user_rank"":1586,""user_stage"":200}"
"stage_reached_200 (App)","W:20_0A:19_0","9","{""attendance_count"":9,""install_day"":""2025-07-19"",""total_payment_amount"":7700,""user_name"":""용용리"",""user_rank"":1281,""user_stage"":200}"
"stage_reached_200 (App)","W:20_0A:19_0","8","{""attendance_count"":8,""install_day"":""2025-07-19"",""total_payment_amount"":7700,""user_name"":""뚜앙"",""user_rank"":1324,""user_stage"":200}"
"stage_reached_200 (App)","W:20_0A:19_0","7","{""attendance_count"":7,""install_day"":""2025-07-18"",""total_payment_amount"":38500,""user_name"":""설민석입니다"",""user_rank"":1281,""user_stage"":200}"
"stage_reached_200 (App)","W:20_0A:23_0","10","{""attendance_count"":10,""install_day"":""2025-07-18"",""total_payment_amount"":7700,""user_name"":""로빈홋"",""user_rank"":1306,""user_stage"":200}"
"stage_reached_200 (App)","W:20_0A:19_0","10","{""attendance_count"":10,""install_day"":""2025-07-17"",""total_payment_amount"":0,""user_name"":""초코아"",""user_rank"":1282,""user_stage"":200}"
"stage_reached_200 (App)","W:20_0A:20_0","7","{""attendance_count"":7,""install_day"":""2025-07-19"",""total_payment_amount"":117700,""user_name"":""난세다난세야"",""user_rank"":1354,""user_stage"":200}"
"stage_reached_200 (App)","W:23_0A:19_0","10","{""attendance_count"":10,""install_day"":""2025-07-18"",""total_payment_amount"":0,""user_name"":""와일드울프"",""user_rank"":1292,""user_stage"":200}"
"stage_reached_200 (App)","W:22_0A:19_0","6","{""attendance_count"":6,""install_day"":""2025-07-18"",""total_payment_amount"":16500,""user_name"":""구구콘마싯다"",""user_rank"":1418,""user_stage"":200}"
"stage_reached_200 (App)","W:21_0A:21_0","10","{""attendance_count"":10,""install_day"":""2025-07-18"",""total_payment_amount"":0,""user_name"":""쁋쁋"",""user_rank"":1336,""user_stage"":200}"
"stage_reached_200 (App)","W:20_0A:19_0","8","{""attendance_count"":8,""install_day"":""2025-07-20"",""total_payment_amount"":7700,""user_name"":""영차"",""user_rank"":1418,""user_stage"":200}"
"stage_reached_200 (App)","W:19_0A:19_0","5","{""attendance_count"":5,""install_day"":""2025-07-23"",""total_payment_amount"":95700,""user_name"":""사노"",""user_rank"":1427,""user_stage"":200}"
"stage_reached_200 (App)","W:19_0A:19_0","6","{""attendance_count"":6,""install_day"":""2025-07-22"",""total_payment_amount"":40700,""user_name"":""카라멜"",""user_rank"":1270,""user_stage"":200}"
"stage_reached_200 (App)","W:20_0A:19_0","6","{""attendance_count"":6,""install_day"":""2025-07-22"",""total_payment_amount"":12100,""user_name"":""꾼넹"",""user_rank"":1339,""user_stage"":200}"
"stage_reached_200 (App)","W:18_0A:19_0","6","{""attendance_count"":6,""install_day"":""2025-07-21"",""total_payment_amount"":7700,""user_name"":""힝쀼"",""user_rank"":1267,""user_stage"":200}"
"stage_reached_200 (App)","W:20_0A:19_0","7","{""attendance_count"":7,""install_day"":""2025-07-20"",""total_payment_amount"":16500,""user_name"":""안양잠룡"",""user_rank"":1335,""user_stage"":200}"
"stage_reached_200 (App)","W:20_0A:19_0","7","{""attendance_count"":7,""install_day"":""2025-07-21"",""total_payment_amount"":7700,""user_name"":""백히랑"",""user_rank"":1383,""user_stage"":200}"
"stage_reached_200 (App)","W:18_0A:19_0","6","{""attendance_count"":6,""install_day"":""2025-07-21"",""total_payment_amount"":11000,""user_name"":""디앙카"",""user_rank"":1445,""user_stage"":200}"
"stage_reached_200 (App)","W:22_0A:20_0","10","{""attendance_count"":10,""install_day"":""2025-07-18"",""total_payment_amount"":11000,""user_name"":""충겨과공포"",""user_rank"":1666,""user_stage"":200}"
"stage_reached_200 (App)","W:20_0A:19_0","10","{""attendance_count"":10,""install_day"":""2025-07-18"",""total_payment_amount"":11000,""user_name"":""료라이"",""user_rank"":1278,""user_stage"":200}"
"stage_reached_200 (App)","W:20_0A:19_0","7","{""attendance_count"":7,""install_day"":""2025-07-21"",""total_payment_amount"":7700,""user_name"":""go박사"",""user_rank"":1264,""user_stage"":200}"
"stage_reached_200 (App)","W:20_0A:19_0","10","{""attendance_count"":10,""install_day"":""2025-07-19"",""total_payment_amount"":0,""user_name"":""악오"",""user_rank"":1294,""user_stage"":200}"
"stage_reached_200 (App)","W:20_0A:19_0","8","{""attendance_count"":8,""install_day"":""2025-07-20"",""total_payment_amount"":7700,""user_name"":""NAC"",""user_rank"":1309,""user_stage"":200}"
"stage_reached_200 (App)","W:20_0A:21_0","11","{""attendance_count"":11,""install_day"":""2025-07-17"",""total_payment_amount"":51700,""user_name"":""김재칠"",""user_rank"":1303,""user_stage"":200}"
"stage_reached_200 (App)","W:20_0A:19_0","8","{""attendance_count"":8,""install_day"":""2025-07-20"",""total_payment_amount"":7700,""user_name"":""캐누"",""user_rank"":1612,""user_stage"":200}"
"stage_reached_200 (App)","W:19_0A:19_0","9","{""attendance_count"":9,""install_day"":""2025-07-19"",""total_payment_amount"":7700,""user_name"":""류슈"",""user_rank"":1260,""user_stage"":200}"
"stage_reached_200 (App)","W:20_0A:19_0","8","{""attendance_count"":8,""install_day"":""2025-07-20"",""total_payment_amount"":20900,""user_name"":""진첨지"",""user_rank"":1397,""user_stage"":200}"
"stage_reached_200 (App)","W:22_0A:19_0","10","{""attendance_count"":10,""install_day"":""2025-07-18"",""total_payment_amount"":11000,""user_name"":""찬지"",""user_rank"":1478,""user_stage"":200}"
"stage_reached_200 (App)","W:20_0A:19_0","7","{""attendance_count"":7,""install_day"":""2025-07-20"",""total_payment_amount"":7700,""user_name"":""호랑이기우니"",""user_rank"":1285,""user_stage"":200}"
"stage_reached_200 (App)","W:20_0A:19_0","9","{""attendance_count"":9,""install_day"":""2025-07-19"",""total_payment_amount"":7700,""user_name"":""남궁세가"",""user_rank"":1256,""user_stage"":200}"
"stage_reached_200 (App)","W:22_0A:21_0","8","{""attendance_count"":8,""install_day"":""2025-07-19"",""total_payment_amount"":39600,""user_name"":""수피아"",""user_rank"":1319,""user_stage"":200}"
"stage_reached_200 (App)","W:21_0A:19_0","11","{""attendance_count"":11,""install_day"":""2025-07-16"",""total_payment_amount"":14300,""user_name"":""삼다"",""user_rank"":1294,""user_stage"":200}"
"stage_reached_200 (App)","W:19_0A:18_0","4","{""attendance_count"":4,""install_day"":""2025-07-23"",""total_payment_amount"":38500,""user_name"":""타샤"",""user_rank"":1252,""user_stage"":200}"
"stage_reached_200 (App)","W:22_0A:19_0","8","{""attendance_count"":8,""install_day"":""2025-07-20"",""total_payment_amount"":48400,""user_name"":""중지"",""user_rank"":1597,""user_stage"":200}"
"stage_reached_200 (App)","W:20_0A:19_0","7","{""attendance_count"":7,""install_day"":""2025-07-20"",""total_payment_amount"":7700,""user_name"":""냠냠콩떡"",""user_rank"":1256,""user_stage"":200}"
"stage_reached_200 (App)","W:20_0A:19_0","6","{""attendance_count"":6,""install_day"":""2025-07-21"",""total_payment_amount"":7700,""user_name"":""두콩"",""user_rank"":1286,""user_stage"":200}"
"stage_reached_200 (App)","W:20_0A:19_0","8","{""attendance_count"":8,""install_day"":""2025-07-20"",""total_payment_amount"":0,""user_name"":""보틀아이언"",""user_rank"":1263,""user_stage"":200}"
"stage_reached_200 (App)","W:20_0A:20_0","8","{""attendance_count"":8,""install_day"":""2025-07-19"",""total_payment_amount"":150700,""user_name"":""나고"",""user_rank"":1311,""user_stage"":200}"
"stage_reached_200 (App)","W:20_0A:20_0","5","{""attendance_count"":5,""install_day"":""2025-07-22"",""total_payment_amount"":25300,""user_name"":""장수척준경"",""user_rank"":1274,""user_stage"":200}"
"stage_reached_200 (App)","W:20_0A:19_0","10","{""attendance_count"":10,""install_day"":""2025-07-17"",""total_payment_amount"":6600,""user_name"":""하성"",""user_rank"":1274,""user_stage"":200}"
"stage_reached_200 (App)","W:21_0A:19_0","6","{""attendance_count"":6,""install_day"":""2025-07-22"",""total_payment_amount"":7700,""user_name"":""꾸꾸꾸"",""user_rank"":1466,""user_stage"":200}"
"stage_reached_200 (App)","W:23_0A:19_0","6","{""attendance_count"":6,""install_day"":""2025-07-22"",""total_payment_amount"":0,""user_name"":""발포만호"",""user_rank"":1246,""user_stage"":200}"
"stage_reached_200 (App)","W:20_0A:19_0","9","{""attendance_count"":9,""install_day"":""2025-07-19"",""total_payment_amount"":7700,""user_name"":""김씨인감"",""user_rank"":1246,""user_stage"":200}"
"stage_reached_200 (App)","W:22_0A:20_0","5","{""attendance_count"":5,""install_day"":""2025-07-23"",""total_payment_amount"":29700,""user_name"":""이카크카"",""user_rank"":1423,""user_stage"":200}"
"stage_reached_200 (App)","W:20_0A:19_0","9","{""attendance_count"":9,""install_day"":""2025-07-17"",""total_payment_amount"":66000,""user_name"":""봉인"",""user_rank"":1258,""user_stage"":200}"
"stage_reached_200 (App)","W:19_0A:16_0","3","{""attendance_count"":3,""install_day"":""2025-07-25"",""total_payment_amount"":152900,""user_name"":""흥길동z"",""user_rank"":1385,""user_stage"":200}"
"stage_reached_200 (App)","W:20_0A:19_0","7","{""attendance_count"":7,""install_day"":""2025-07-21"",""total_payment_amount"":7700,""user_name"":""빼빼로"",""user_rank"":1244,""user_stage"":200}"
"stage_reached_200 (App)","W:19_0A:19_0","5","{""attendance_count"":5,""install_day"":""2025-07-22"",""total_payment_amount"":59400,""user_name"":""김영식"",""user_rank"":1281,""user_stage"":200}"
"stage_reached_200 (App)","W:20_0A:19_0","9","{""attendance_count"":9,""install_day"":""2025-07-19"",""total_payment_amount"":0,""user_name"":""난세의다미"",""user_rank"":1269,""user_stage"":200}"
"stage_reached_200 (App)","W:22_0A:20_0","8","{""attendance_count"":8,""install_day"":""2025-07-20"",""total_payment_amount"":7700,""user_name"":""IOTLI"",""user_rank"":1311,""user_stage"":200}"
"stage_reached_200 (App)","W:20_0A:19_0","4","{""attendance_count"":4,""install_day"":""2025-07-24"",""total_payment_amount"":56100,""user_name"":""세환"",""user_rank"":1266,""user_stage"":200}"
"stage_reached_200 (App)","W:20_0A:19_0","11","{""attendance_count"":11,""install_day"":""2025-07-17"",""total_payment_amount"":0,""user_name"":""뇌신"",""user_rank"":1324,""user_stage"":200}"
"stage_reached_200 (App)","W:20_0A:19_0","9","{""attendance_count"":9,""install_day"":""2025-07-19"",""total_payment_amount"":14300,""user_name"":""무니스"",""user_rank"":1324,""user_stage"":200}"
"stage_reached_200 (App)","W:21_0A:19_0","11","{""attendance_count"":11,""install_day"":""2025-07-17"",""total_payment_amount"":0,""user_name"":""귀염지우"",""user_rank"":1324,""user_stage"":200}"
"stage_reached_200 (App)","W:21_0A:19_0","11","{""attendance_count"":11,""install_day"":""2025-07-16"",""total_payment_amount"":0,""user_name"":""난세한국사"",""user_rank"":1266,""user_stage"":200}"
"stage_reached_200 (App)","W:20_0A:19_0","7","{""attendance_count"":7,""install_day"":""2025-07-21"",""total_payment_amount"":33000,""user_name"":""쮸아해요구독"",""user_rank"":1565,""user_stage"":200}"
"stage_reached_200 (App)","W:20_0A:19_0","9","{""attendance_count"":9,""install_day"":""2025-07-18"",""total_payment_amount"":0,""user_name"":""식케이"",""user_rank"":1736,""user_stage"":200}"
"stage_reached_200 (App)","W:22_0A:19_0","10","{""attendance_count"":10,""install_day"":""2025-07-15"",""total_payment_amount"":7700,""user_name"":""코코볼"",""user_rank"":3182,""user_stage"":200}"
"stage_reached_200 (App)","W:20_0A:19_0","7","{""attendance_count"":7,""install_day"":""2025-07-21"",""total_payment_amount"":27500,""user_name"":""요미공주"",""user_rank"":1409,""user_stage"":200}"
"stage_reached_200 (App)","W:23_0A:18_0","4","{""attendance_count"":4,""install_day"":""2025-07-24"",""total_payment_amount"":18700,""user_name"":""참깨"",""user_rank"":1411,""user_stage"":200}"
"stage_reached_200 (App)","W:20_0A:19_0","6","{""attendance_count"":6,""install_day"":""2025-07-21"",""total_payment_amount"":62700,""user_name"":""이순신일대기"",""user_rank"":1303,""user_stage"":200}"
"stage_reached_200 (App)","W:21_0A:19_0","8","{""attendance_count"":8,""install_day"":""2025-07-19"",""total_payment_amount"":7700,""user_name"":""망아치"",""user_rank"":1299,""user_stage"":200}"
"stage_reached_200 (App)","W:19_0A:19_0","6","{""attendance_count"":6,""install_day"":""2025-07-22"",""total_payment_amount"":7700,""user_name"":""보나"",""user_rank"":1248,""user_stage"":200}"
"stage_reached_200 (App)","W:20_0A:19_0","7","{""attendance_count"":7,""install_day"":""2025-07-21"",""total_payment_amount"":40700,""user_name"":""성도"",""user_rank"":1360,""user_stage"":200}"
"stage_reached_200 (App)","W:20_0A:19_0","8","{""attendance_count"":8,""install_day"":""2025-07-20"",""total_payment_amount"":7700,""user_name"":""하리파덜"",""user_rank"":1223,""user_stage"":200}"
"stage_reached_200 (App)","W:20_0A:21_0","10","{""attendance_count"":10,""install_day"":""2025-07-18"",""total_payment_amount"":0,""user_name"":""사큐니"",""user_rank"":1275,""user_stage"":200}"
"stage_reached_200 (App)","W:22_0A:19_0","10","{""attendance_count"":10,""install_day"":""2025-07-18"",""total_payment_amount"":0,""user_name"":""곰승이"",""user_rank"":1228,""user_stage"":200}"
"stage_reached_200 (App)","W:22_0A:17_0","1","{""attendance_count"":1,""install_day"":""2025-07-27"",""total_payment_amount"":260700,""user_name"":""오랑케"",""user_rank"":1522,""user_stage"":200}"
"stage_reached_200 (App)","W:21_0A:19_0","6","{""attendance_count"":6,""install_day"":""2025-07-20"",""total_payment_amount"":27500,""user_name"":""느엥"",""user_rank"":1396,""user_stage"":200}"
"stage_reached_200 (App)","W:22_0A:20_0","10","{""attendance_count"":10,""install_day"":""2025-07-18"",""total_payment_amount"":7700,""user_name"":""황목치승"",""user_rank"":1531,""user_stage"":200}"
"stage_reached_200 (App)","W:23_0A:19_0","7","{""attendance_count"":7,""install_day"":""2025-07-20"",""total_payment_amount"":7700,""user_name"":""나그넷길"",""user_rank"":1293,""user_stage"":200}"
"stage_reached_200 (App)","W:19_0A:19_0","6","{""attendance_count"":6,""install_day"":""2025-07-20"",""total_payment_amount"":31900,""user_name"":""아몽구"",""user_rank"":1516,""user_stage"":200}"
"stage_reached_200 (App)","W:20_0A:19_0","7","{""attendance_count"":7,""install_day"":""2025-07-20"",""total_payment_amount"":7700,""user_name"":""일어난오리"",""user_rank"":1276,""user_stage"":200}"
"stage_reached_200 (App)","W:20_0A:19_0","8","{""attendance_count"":8,""install_day"":""2025-07-20"",""total_payment_amount"":7700,""user_name"":""돌돌배"",""user_rank"":1357,""user_stage"":200}"
"stage_reached_200 (App)","W:20_0A:19_0","9","{""attendance_count"":9,""install_day"":""2025-07-18"",""total_payment_amount"":7700,""user_name"":""흑미"",""user_rank"":1298,""user_stage"":200}"
"stage_reached_200 (App)","W:23_0A:19_0","9","{""attendance_count"":9,""install_day"":""2025-07-19"",""total_payment_amount"":7700,""user_name"":""Memory"",""user_rank"":1990,""user_stage"":200}"
"stage_reached_200 (App)","W:20_0A:20_0","9","{""attendance_count"":9,""install_day"":""2025-07-19"",""total_payment_amount"":7700,""user_name"":""슬범"",""user_rank"":1215,""user_stage"":200}"
"stage_reached_200 (App)","W:22_0A:21_0","9","{""attendance_count"":9,""install_day"":""2025-07-19"",""total_payment_amount"":7700,""user_name"":""버기"",""user_rank"":1312,""user_stage"":200}"
"stage_reached_200 (App)","W:21_0A:19_0","9","{""attendance_count"":9,""install_day"":""2025-07-19"",""total_payment_amount"":14300,""user_name"":""썩TV"",""user_rank"":1277,""user_stage"":200}"
"stage_reached_200 (App)","W:23_0A:21_0","11","{""attendance_count"":11,""install_day"":""2025-07-17"",""total_payment_amount"":0,""user_name"":""지끈"",""user_rank"":1246,""user_stage"":200}"
"stage_reached_200 (App)","W:19_0A:19_0","5","{""attendance_count"":5,""install_day"":""2025-07-23"",""total_payment_amount"":7700,""user_name"":""qpalzm"",""user_rank"":1221,""user_stage"":200}"
"stage_reached_200 (App)","W:20_0A:19_0","7","{""attendance_count"":7,""install_day"":""2025-07-21"",""total_payment_amount"":7700,""user_name"":""카이져"",""user_rank"":1262,""user_stage"":200}"
"stage_reached_200 (App)","W:21_0A:19_0","8","{""attendance_count"":8,""install_day"":""2025-07-18"",""total_payment_amount"":14300,""user_name"":""이로운"",""user_rank"":1261,""user_stage"":200}"
"stage_reached_200 (App)","W:20_0A:19_0","7","{""attendance_count"":7,""install_day"":""2025-07-21"",""total_payment_amount"":7700,""user_name"":""송학림"",""user_rank"":1346,""user_stage"":200}"
"stage_reached_200 (App)","W:20_0A:19_0","9","{""attendance_count"":9,""install_day"":""2025-07-19"",""total_payment_amount"":7700,""user_name"":""채린"",""user_rank"":1377,""user_stage"":200}"
"stage_reached_200 (App)","W:22_0A:19_0","8","{""attendance_count"":8,""install_day"":""2025-07-20"",""total_payment_amount"":7700,""user_name"":""istp"",""user_rank"":1337,""user_stage"":200}"
"stage_reached_200 (App)","W:23_0A:20_0","6","{""attendance_count"":6,""install_day"":""2025-07-22"",""total_payment_amount"":7700,""user_name"":""polaris1"",""user_rank"":1444,""user_stage"":200}"
"stage_reached_200 (App)","W:20_0A:19_0","7","{""attendance_count"":7,""install_day"":""2025-07-21"",""total_payment_amount"":7700,""user_name"":""오롯"",""user_rank"":1284,""user_stage"":200}"
"stage_reached_200 (App)","W:20_0A:19_0","10","{""attendance_count"":10,""install_day"":""2025-07-18"",""total_payment_amount"":0,""user_name"":""우는남자"",""user_rank"":1441,""user_stage"":200}"
"stage_reached_200 (App)","W:22_0A:19_0","8","{""attendance_count"":8,""install_day"":""2025-07-19"",""total_payment_amount"":7700,""user_name"":""송지효"",""user_rank"":1340,""user_stage"":200}"
"stage_reached_200 (App)","W:20_0A:19_0","8","{""attendance_count"":8,""install_day"":""2025-07-20"",""total_payment_amount"":7700,""user_name"":""전차녀기"",""user_rank"":1253,""user_stage"":200}"
"stage_reached_200 (App)","W:20_0A:19_0","11","{""attendance_count"":11,""install_day"":""2025-07-17"",""total_payment_amount"":0,""user_name"":""wooyas"",""user_rank"":1206,""user_stage"":200}"
"stage_reached_200 (App)","W:20_0A:19_0","7","{""attendance_count"":7,""install_day"":""2025-07-21"",""total_payment_amount"":25300,""user_name"":""클롭"",""user_rank"":1196,""user_stage"":200}"
"stage_reached_200 (App)","W:20_0A:19_0","9","{""attendance_count"":9,""install_day"":""2025-07-19"",""total_payment_amount"":7700,""user_name"":""불타는불곰"",""user_rank"":1263,""user_stage"":200}"
"stage_reached_200 (App)","W:22_0A:19_0","5","{""attendance_count"":5,""install_day"":""2025-07-23"",""total_payment_amount"":36300,""user_name"":""대두"",""user_rank"":1232,""user_stage"":200}"
"stage_reached_200 (App)","W:20_0A:23_0","12","{""attendance_count"":12,""install_day"":""2025-07-16"",""total_payment_amount"":0,""user_name"":""살모사"",""user_rank"":1212,""user_stage"":200}"
"stage_reached_200 (App)","W:20_0A:19_0","10","{""attendance_count"":10,""install_day"":""2025-07-18"",""total_payment_amount"":29700,""user_name"":""아이스온"",""user_rank"":1295,""user_stage"":200}"
"stage_reached_200 (App)","W:20_0A:19_0","8","{""attendance_count"":8,""install_day"":""2025-07-18"",""total_payment_amount"":7700,""user_name"":""장구"",""user_rank"":1463,""user_stage"":200}"
"stage_reached_200 (App)","W:21_0A:19_0","9","{""attendance_count"":9,""install_day"":""2025-07-18"",""total_payment_amount"":7700,""user_name"":""사과과실즙"",""user_rank"":1231,""user_stage"":200}"
"stage_reached_200 (App)","W:22_0A:19_0","8","{""attendance_count"":8,""install_day"":""2025-07-20"",""total_payment_amount"":0,""user_name"":""로율"",""user_rank"":1462,""user_stage"":200}"
"stage_reached_200 (App)","W:20_0A:19_0","8","{""attendance_count"":8,""install_day"":""2025-07-19"",""total_payment_amount"":7700,""user_name"":""레곤즈"",""user_rank"":1265,""user_stage"":200}"
"stage_reached_200 (App)","W:23_0A:23_0","10","{""attendance_count"":10,""install_day"":""2025-07-17"",""total_payment_amount"":15400,""user_name"":""와니다"",""user_rank"":1286,""user_stage"":200}"
"stage_reached_200 (App)","W:20_0A:19_0","8","{""attendance_count"":8,""install_day"":""2025-07-20"",""total_payment_amount"":7700,""user_name"":""TMB"",""user_rank"":1184,""user_stage"":200}"
"stage_reached_200 (App)","W:23_0A:19_0","8","{""attendance_count"":8,""install_day"":""2025-07-19"",""total_payment_amount"":7700,""user_name"":""샤보루코딱지"",""user_rank"":1358,""user_stage"":200}"
"stage_reached_200 (App)","W:20_0A:19_0","8","{""attendance_count"":8,""install_day"":""2025-07-20"",""total_payment_amount"":7700,""user_name"":""극치"",""user_rank"":1221,""user_stage"":200}"
"stage_reached_200 (App)","W:20_0A:19_0","9","{""attendance_count"":9,""install_day"":""2025-07-18"",""total_payment_amount"":0,""user_name"":""7776555"",""user_rank"":1422,""user_stage"":200}"
"stage_reached_200 (App)","W:23_0A:22_0","12","{""attendance_count"":12,""install_day"":""2025-07-16"",""total_payment_amount"":33000,""user_name"":""은개"",""user_rank"":1396,""user_stage"":200}"
"stage_reached_200 (App)","W:21_0A:21_0","8","{""attendance_count"":8,""install_day"":""2025-07-20"",""total_payment_amount"":7700,""user_name"":""너구리먹어요"",""user_rank"":1262,""user_stage"":200}"
"stage_reached_200 (App)","W:20_0A:19_0","8","{""attendance_count"":8,""install_day"":""2025-07-18"",""total_payment_amount"":11000,""user_name"":""지능"",""user_rank"":1218,""user_stage"":200}"
"stage_reached_200 (App)","W:20_0A:19_0","8","{""attendance_count"":8,""install_day"":""2025-07-20"",""total_payment_amount"":7700,""user_name"":""김도영"",""user_rank"":1218,""user_stage"":200}"
"stage_reached_200 (App)","W:22_0A:19_0","10","{""attendance_count"":10,""install_day"":""2025-07-18"",""total_payment_amount"":7700,""user_name"":""뭘봐이거"",""user_rank"":1262,""user_stage"":200}"
"stage_reached_200 (App)","W:20_0A:19_0","7","{""attendance_count"":7,""install_day"":""2025-07-21"",""total_payment_amount"":7700,""user_name"":""MSTY"",""user_rank"":1409,""user_stage"":200}"
"stage_reached_200 (App)","W:20_0A:20_0","8","{""attendance_count"":8,""install_day"":""2025-07-19"",""total_payment_amount"":18700,""user_name"":""JFocus"",""user_rank"":1190,""user_stage"":200}"
"stage_reached_200 (App)","W:20_0A:19_0","9","{""attendance_count"":9,""install_day"":""2025-07-19"",""total_payment_amount"":7700,""user_name"":""조랑말해요"",""user_rank"":1186,""user_stage"":200}"
"stage_reached_200 (App)","W:20_0A:19_0","8","{""attendance_count"":8,""install_day"":""2025-07-19"",""total_payment_amount"":7700,""user_name"":""브콜"",""user_rank"":1172,""user_stage"":200}"
"stage_reached_200 (App)","W:22_0A:20_0","6","{""attendance_count"":6,""install_day"":""2025-07-22"",""total_payment_amount"":110000,""user_name"":""신지무념"",""user_rank"":1198,""user_stage"":200}"
"stage_reached_200 (App)","W:21_0A:19_0","11","{""attendance_count"":11,""install_day"":""2025-07-16"",""total_payment_amount"":7700,""user_name"":""까칠"",""user_rank"":1374,""user_stage"":200}"
"stage_reached_200 (App)","W:22_0A:23_0","9","{""attendance_count"":9,""install_day"":""2025-07-19"",""total_payment_amount"":7700,""user_name"":""지동파"",""user_rank"":1310,""user_stage"":200}"
"stage_reached_200 (App)","W:20_0A:19_0","11","{""attendance_count"":11,""install_day"":""2025-07-17"",""total_payment_amount"":135300,""user_name"":""줄까"",""user_rank"":1170,""user_stage"":200}"
"stage_reached_200 (App)","W:22_0A:23_0","8","{""attendance_count"":8,""install_day"":""2025-07-19"",""total_payment_amount"":0,""user_name"":""울트라쏘나탕"",""user_rank"":1198,""user_stage"":200}"
"stage_reached_200 (App)","W:20_0A:19_0","12","{""attendance_count"":12,""install_day"":""2025-07-16"",""total_payment_amount"":0,""user_name"":""루카스o"",""user_rank"":1205,""user_stage"":200}"
"stage_reached_200 (App)","W:22_0A:19_0","9","{""attendance_count"":9,""install_day"":""2025-07-19"",""total_payment_amount"":0,""user_name"":""하하로"",""user_rank"":1309,""user_stage"":200}"
"stage_reached_200 (App)","W:21_0A:19_0","7","{""attendance_count"":7,""install_day"":""2025-07-19"",""total_payment_amount"":7700,""user_name"":""난표4000"",""user_rank"":1165,""user_stage"":200}"
"stage_reached_200 (App)","W:21_0A:19_0","7","{""attendance_count"":7,""install_day"":""2025-07-20"",""total_payment_amount"":7700,""user_name"":""윤신달"",""user_rank"":1165,""user_stage"":200}"
"stage_reached_200 (App)","W:20_0A:19_0","9","{""attendance_count"":9,""install_day"":""2025-07-19"",""total_payment_amount"":7700,""user_name"":""김아무개"",""user_rank"":1268,""user_stage"":200}"
"stage_reached_200 (App)","W:21_0A:19_0","7","{""attendance_count"":7,""install_day"":""2025-07-18"",""total_payment_amount"":7700,""user_name"":""모리아티"",""user_rank"":1270,""user_stage"":200}"
"stage_reached_200 (App)","W:20_0A:19_0","7","{""attendance_count"":7,""install_day"":""2025-07-21"",""total_payment_amount"":7700,""user_name"":""둥장"",""user_rank"":1489,""user_stage"":200}"
"stage_reached_200 (App)","W:20_0A:19_0","7","{""attendance_count"":7,""install_day"":""2025-07-21"",""total_payment_amount"":36300,""user_name"":""간고등어"",""user_rank"":1202,""user_stage"":200}"
"stage_reached_200 (App)","W:20_0A:19_0","7","{""attendance_count"":7,""install_day"":""2025-07-18"",""total_payment_amount"":11000,""user_name"":""선덕여왕"",""user_rank"":1186,""user_stage"":200}"
"stage_reached_200 (App)","W:20_0A:19_0","7","{""attendance_count"":7,""install_day"":""2025-07-21"",""total_payment_amount"":11000,""user_name"":""박이"",""user_rank"":1199,""user_stage"":200}"
"stage_reached_200 (App)","W:21_0A:20_0","9","{""attendance_count"":9,""install_day"":""2025-07-19"",""total_payment_amount"":78100,""user_name"":""내란척결"",""user_rank"":1172,""user_stage"":200}"
"stage_reached_200 (App)","W:20_0A:19_0","7","{""attendance_count"":7,""install_day"":""2025-07-21"",""total_payment_amount"":7700,""user_name"":""생각보다쎈놈"",""user_rank"":1328,""user_stage"":200}"
"stage_reached_200 (App)","W:20_0A:17_0","7","{""attendance_count"":7,""install_day"":""2025-07-19"",""total_payment_amount"":7700,""user_name"":""황천사자"",""user_rank"":1298,""user_stage"":200}"
"stage_reached_200 (App)","W:23_0A:22_0","4","{""attendance_count"":4,""install_day"":""2025-07-22"",""total_payment_amount"":161700,""user_name"":""라윤대"",""user_rank"":1359,""user_stage"":200}"
"stage_reached_200 (App)","W:20_0A:20_0","1","{""attendance_count"":1,""install_day"":""2025-07-26"",""total_payment_amount"":183700,""user_name"":""김하얀"",""user_rank"":1195,""user_stage"":200}"
"stage_reached_200 (App)","W:21_0A:20_0","7","{""attendance_count"":7,""install_day"":""2025-07-21"",""total_payment_amount"":0,""user_name"":""공동"",""user_rank"":1357,""user_stage"":200}"
"stage_reached_200 (App)","W:23_0A:21_0","8","{""attendance_count"":8,""install_day"":""2025-07-20"",""total_payment_amount"":11000,""user_name"":""hansaco"",""user_rank"":1151,""user_stage"":200}"
"stage_reached_200 (App)","W:20_0A:19_0","13","{""attendance_count"":13,""install_day"":""2025-07-15"",""total_payment_amount"":0,""user_name"":""나의초이스"",""user_rank"":3476,""user_stage"":200}"
"stage_reached_200 (App)","W:20_0A:20_0","9","{""attendance_count"":9,""install_day"":""2025-07-19"",""total_payment_amount"":7700,""user_name"":""성웅세종"",""user_rank"":1166,""user_stage"":200}"
"stage_reached_200 (App)","W:23_0A:21_0","5","{""attendance_count"":5,""install_day"":""2025-07-22"",""total_payment_amount"":47300,""user_name"":""마르"",""user_rank"":1240,""user_stage"":200}"
"stage_reached_200 (App)","W:20_0A:19_0","12","{""attendance_count"":12,""install_day"":""2025-07-16"",""total_payment_amount"":0,""user_name"":""문창현"",""user_rank"":1150,""user_stage"":200}"
"stage_reached_200 (App)","W:20_0A:19_0","10","{""attendance_count"":10,""install_day"":""2025-07-17"",""total_payment_amount"":0,""user_name"":""깐세"",""user_rank"":1164,""user_stage"":200}"
"stage_reached_200 (App)","W:20_0A:19_0","7","{""attendance_count"":7,""install_day"":""2025-07-20"",""total_payment_amount"":7700,""user_name"":""치킨조아"",""user_rank"":1238,""user_stage"":200}"
"stage_reached_200 (App)","W:23_0A:20_0","6","{""attendance_count"":6,""install_day"":""2025-07-21"",""total_payment_amount"":7700,""user_name"":""시냉이와의하니"",""user_rank"":1207,""user_stage"":200}"
"stage_reached_200 (App)","W:20_0A:19_0","5","{""attendance_count"":5,""install_day"":""2025-07-23"",""total_payment_amount"":113300,""user_name"":""초홍볶"",""user_rank"":1383,""user_stage"":200}"
"stage_reached_200 (App)","W:20_0A:19_0","8","{""attendance_count"":8,""install_day"":""2025-07-20"",""total_payment_amount"":7700,""user_name"":""닉네임99999"",""user_rank"":1174,""user_stage"":200}"
"stage_reached_200 (App)","W:18_0A:19_0","6","{""attendance_count"":6,""install_day"":""2025-07-21"",""total_payment_amount"":29700,""user_name"":""출장"",""user_rank"":1190,""user_stage"":200}"
"stage_reached_200 (App)","W:21_0A:19_0","5","{""attendance_count"":5,""install_day"":""2025-07-23"",""total_payment_amount"":29700,""user_name"":""철도공사"",""user_rank"":1428,""user_stage"":200}"
"stage_reached_200 (App)","W:20_0A:19_0","10","{""attendance_count"":10,""install_day"":""2025-07-18"",""total_payment_amount"":0,""user_name"":""hjjgf"",""user_rank"":1145,""user_stage"":200}"
"stage_reached_200 (App)","W:22_0A:20_0","11","{""attendance_count"":11,""install_day"":""2025-07-17"",""total_payment_amount"":7700,""user_name"":""보리보리피쉬"",""user_rank"":1290,""user_stage"":200}"
"stage_reached_200 (App)","W:22_0A:19_0","8","{""attendance_count"":8,""install_day"":""2025-07-19"",""total_payment_amount"":0,""user_name"":""SSSPJM"",""user_rank"":1234,""user_stage"":200}"
"stage_reached_200 (App)","W:22_0A:21_0","9","{""attendance_count"":9,""install_day"":""2025-07-18"",""total_payment_amount"":7700,""user_name"":""태유"",""user_rank"":1232,""user_stage"":200}"
"stage_reached_200 (App)","W:23_0A:20_0","4","{""attendance_count"":4,""install_day"":""2025-07-24"",""total_payment_amount"":40700,""user_name"":""음싸"",""user_rank"":1352,""user_stage"":200}"
"stage_reached_200 (App)","W:20_0A:20_0","8","{""attendance_count"":8,""install_day"":""2025-07-19"",""total_payment_amount"":7700,""user_name"":""혀미네이터"",""user_rank"":1142,""user_stage"":200}"
"stage_reached_200 (App)","W:20_0A:19_0","8","{""attendance_count"":8,""install_day"":""2025-07-20"",""total_payment_amount"":7700,""user_name"":""카레우동"",""user_rank"":1186,""user_stage"":200}"
"stage_reached_200 (App)","W:21_0A:19_0","9","{""attendance_count"":9,""install_day"":""2025-07-19"",""total_payment_amount"":7700,""user_name"":""위인전"",""user_rank"":1213,""user_stage"":200}"
"stage_reached_200 (App)","W:20_0A:19_0","7","{""attendance_count"":7,""install_day"":""2025-07-20"",""total_payment_amount"":7700,""user_name"":""MaMooRi"",""user_rank"":1141,""user_stage"":200}"
"stage_reached_200 (App)","W:20_0A:19_0","8","{""attendance_count"":8,""install_day"":""2025-07-18"",""total_payment_amount"":11000,""user_name"":""카리나v"",""user_rank"":1106,""user_stage"":200}"
"stage_reached_200 (App)","W:21_0A:19_0","9","{""attendance_count"":9,""install_day"":""2025-07-17"",""total_payment_amount"":0,""user_name"":""진즈좌"",""user_rank"":1422,""user_stage"":200}"
"stage_reached_200 (App)","W:22_0A:20_0","5","{""attendance_count"":5,""install_day"":""2025-07-22"",""total_payment_amount"":7700,""user_name"":""covid야발"",""user_rank"":1139,""user_stage"":200}"
"stage_reached_200 (App)","W:20_0A:21_0","10","{""attendance_count"":10,""install_day"":""2025-07-18"",""total_payment_amount"":7700,""user_name"":""디누"",""user_rank"":1208,""user_stage"":200}"
"stage_reached_200 (App)","W:22_0A:20_0","9","{""attendance_count"":9,""install_day"":""2025-07-19"",""total_payment_amount"":7700,""user_name"":""다누리"",""user_rank"":1210,""user_stage"":200}"
"stage_reached_200 (App)","W:20_0A:19_0","7","{""attendance_count"":7,""install_day"":""2025-07-21"",""total_payment_amount"":7700,""user_name"":""지니써니파파"",""user_rank"":1283,""user_stage"":200}"
"stage_reached_200 (App)","W:23_0A:19_0","3","{""attendance_count"":3,""install_day"":""2025-07-25"",""total_payment_amount"":62700,""user_name"":""조너"",""user_rank"":1195,""user_stage"":200}"
"stage_reached_200 (App)","W:20_0A:19_0","8","{""attendance_count"":8,""install_day"":""2025-07-20"",""total_payment_amount"":7700,""user_name"":""심심한걸"",""user_rank"":1148,""user_stage"":200}"
"stage_reached_200 (App)","W:20_0A:19_0","8","{""attendance_count"":8,""install_day"":""2025-07-19"",""total_payment_amount"":7700,""user_name"":""두나케시이장"",""user_rank"":1147,""user_stage"":200}"
"stage_reached_200 (App)","W:21_0A:19_0","11","{""attendance_count"":11,""install_day"":""2025-07-16"",""total_payment_amount"":7700,""user_name"":""뉴비너"",""user_rank"":1194,""user_stage"":200}"
"stage_reached_200 (App)","W:20_0A:19_0","11","{""attendance_count"":11,""install_day"":""2025-07-16"",""total_payment_amount"":7700,""user_name"":""슬애기"",""user_rank"":1163,""user_stage"":200}"
"stage_reached_200 (App)","W:23_0A:19_0","5","{""attendance_count"":5,""install_day"":""2025-07-23"",""total_payment_amount"":7700,""user_name"":""설흔"",""user_rank"":1177,""user_stage"":200}"
"stage_reached_200 (App)","W:20_0A:19_0","7","{""attendance_count"":7,""install_day"":""2025-07-21"",""total_payment_amount"":16500,""user_name"":""말랑김밥"",""user_rank"":1189,""user_stage"":200}"
"stage_reached_200 (App)","W:20_0A:19_0","8","{""attendance_count"":8,""install_day"":""2025-07-20"",""total_payment_amount"":7700,""user_name"":""일단넣을게"",""user_rank"":1276,""user_stage"":200}"
"stage_reached_200 (App)","W:22_0A:19_0","8","{""attendance_count"":8,""install_day"":""2025-07-20"",""total_payment_amount"":0,""user_name"":""긔긔"",""user_rank"":1129,""user_stage"":200}"
"stage_reached_200 (App)","W:20_0A:19_0","8","{""attendance_count"":8,""install_day"":""2025-07-20"",""total_payment_amount"":7700,""user_name"":""간지크리"",""user_rank"":1161,""user_stage"":200}"
"stage_reached_200 (App)","W:20_0A:19_0","10","{""attendance_count"":10,""install_day"":""2025-07-18"",""total_payment_amount"":0,""user_name"":""충천"",""user_rank"":1118,""user_stage"":200}"
"stage_reached_200 (App)","W:20_0A:19_0","9","{""attendance_count"":9,""install_day"":""2025-07-19"",""total_payment_amount"":7700,""user_name"":""왕슈"",""user_rank"":1127,""user_stage"":200}"
"stage_reached_200 (App)","W:20_0A:19_0","8","{""attendance_count"":8,""install_day"":""2025-07-20"",""total_payment_amount"":7700,""user_name"":""발로하는선수"",""user_rank"":1196,""user_stage"":200}"
"stage_reached_200 (App)","W:20_0A:22_0","9","{""attendance_count"":9,""install_day"":""2025-07-19"",""total_payment_amount"":7700,""user_name"":""불타는곰팅"",""user_rank"":1230,""user_stage"":200}"
"stage_reached_200 (App)","W:20_0A:19_0","10","{""attendance_count"":10,""install_day"":""2025-07-18"",""total_payment_amount"":7700,""user_name"":""Karl"",""user_rank"":1162,""user_stage"":200}"
"stage_reached_200 (App)","W:22_0A:20_0","5","{""attendance_count"":5,""install_day"":""2025-07-22"",""total_payment_amount"":44000,""user_name"":""봉고"",""user_rank"":1186,""user_stage"":200}"
"stage_reached_200 (App)","W:20_0A:19_0","8","{""attendance_count"":8,""install_day"":""2025-07-19"",""total_payment_amount"":22000,""user_name"":""나대는"",""user_rank"":1229,""user_stage"":200}"
"stage_reached_200 (App)","W:20_0A:20_0","9","{""attendance_count"":9,""install_day"":""2025-07-18"",""total_payment_amount"":7700,""user_name"":""장덕운"",""user_rank"":1121,""user_stage"":200}"
"stage_reached_200 (App)","W:21_0A:19_0","5","{""attendance_count"":5,""install_day"":""2025-07-22"",""total_payment_amount"":7700,""user_name"":""chovy"",""user_rank"":1162,""user_stage"":200}"
"stage_reached_200 (App)","W:22_0A:21_0","13","{""attendance_count"":13,""install_day"":""2025-07-15"",""total_payment_amount"":0,""user_name"":""good소영"",""user_rank"":3172,""user_stage"":200}"
"stage_reached_200 (App)","W:20_0A:19_0","8","{""attendance_count"":8,""install_day"":""2025-07-20"",""total_payment_amount"":8800,""user_name"":""여수"",""user_rank"":1192,""user_stage"":200}"
"stage_reached_200 (App)","W:20_0A:19_0","9","{""attendance_count"":9,""install_day"":""2025-07-19"",""total_payment_amount"":7700,""user_name"":""월이"",""user_rank"":1158,""user_stage"":200}"
"stage_reached_200 (App)","W:20_0A:19_0","7","{""attendance_count"":7,""install_day"":""2025-07-20"",""total_payment_amount"":7700,""user_name"":""고운찡"",""user_rank"":1206,""user_stage"":200}"
"stage_reached_200 (App)","W:20_0A:19_0","10","{""attendance_count"":10,""install_day"":""2025-07-18"",""total_payment_amount"":7700,""user_name"":""하슈"",""user_rank"":1144,""user_stage"":200}"
"stage_reached_200 (App)","W:21_0A:19_0","8","{""attendance_count"":8,""install_day"":""2025-07-20"",""total_payment_amount"":7700,""user_name"":""구름임금"",""user_rank"":1128,""user_stage"":200}"
"stage_reached_200 (App)","W:22_0A:19_0","7","{""attendance_count"":7,""install_day"":""2025-07-21"",""total_payment_amount"":0,""user_name"":""말왕"",""user_rank"":1175,""user_stage"":200}"
"stage_reached_200 (App)","W:20_0A:19_0","8","{""attendance_count"":8,""install_day"":""2025-07-20"",""total_payment_amount"":7700,""user_name"":""술재이"",""user_rank"":1228,""user_stage"":200}"
"stage_reached_200 (App)","W:22_0A:22_0","2","{""attendance_count"":2,""install_day"":""2025-07-26"",""total_payment_amount"":172700,""user_name"":""절세"",""user_rank"":1116,""user_stage"":200}"
"stage_reached_200 (App)","W:21_0A:19_0","8","{""attendance_count"":8,""install_day"":""2025-07-20"",""total_payment_amount"":7700,""user_name"":""히스토리희"",""user_rank"":1174,""user_stage"":200}"
"stage_reached_200 (App)","W:20_0A:20_0","9","{""attendance_count"":9,""install_day"":""2025-07-18"",""total_payment_amount"":7700,""user_name"":""킴손산"",""user_rank"":1113,""user_stage"":200}"
"stage_reached_200 (App)","W:22_0A:19_0","10","{""attendance_count"":10,""install_day"":""2025-07-16"",""total_payment_amount"":9900,""user_name"":""꿀망고"",""user_rank"":1110,""user_stage"":200}"
"stage_reached_200 (App)","W:22_0A:20_0","7","{""attendance_count"":7,""install_day"":""2025-07-20"",""total_payment_amount"":7700,""user_name"":""신화랑"",""user_rank"":1121,""user_stage"":200}"
"stage_reached_200 (App)","W:21_0A:19_0","8","{""attendance_count"":8,""install_day"":""2025-07-19"",""total_payment_amount"":40700,""user_name"":""돌키"",""user_rank"":1152,""user_stage"":200}"
"stage_reached_200 (App)","W:20_0A:19_0","8","{""attendance_count"":8,""install_day"":""2025-07-18"",""total_payment_amount"":7700,""user_name"":""단밤"",""user_rank"":1134,""user_stage"":200}"
"stage_reached_200 (App)","W:20_0A:19_0","8","{""attendance_count"":8,""install_day"":""2025-07-19"",""total_payment_amount"":7700,""user_name"":""도쿠가와이에야스"",""user_rank"":1107,""user_stage"":200}"
"stage_reached_200 (App)","W:22_0A:19_0","8","{""attendance_count"":8,""install_day"":""2025-07-19"",""total_payment_amount"":11000,""user_name"":""홍만춘"",""user_rank"":1547,""user_stage"":200}"
"stage_reached_200 (App)","W:23_0A:20_0","8","{""attendance_count"":8,""install_day"":""2025-07-19"",""total_payment_amount"":0,""user_name"":""홍홍우"",""user_rank"":1251,""user_stage"":200}"
"stage_reached_200 (App)","W:20_0A:19_0","8","{""attendance_count"":8,""install_day"":""2025-07-19"",""total_payment_amount"":7700,""user_name"":""샴페인골드"",""user_rank"":1133,""user_stage"":200}"
"stage_reached_200 (App)","W:20_0A:19_0","7","{""attendance_count"":7,""install_day"":""2025-07-20"",""total_payment_amount"":7700,""user_name"":""빵댕이아빠"",""user_rank"":1165,""user_stage"":200}"
"stage_reached_200 (App)","W:21_0A:19_0","7","{""attendance_count"":7,""install_day"":""2025-07-20"",""total_payment_amount"":29700,""user_name"":""현상"",""user_rank"":1196,""user_stage"":200}"
"stage_reached_200 (App)","W:21_0A:19_0","8","{""attendance_count"":8,""install_day"":""2025-07-20"",""total_payment_amount"":0,""user_name"":""휴파이크"",""user_rank"":1100,""user_stage"":200}"
"stage_reached_200 (App)","W:20_0A:23_0","8","{""attendance_count"":8,""install_day"":""2025-07-19"",""total_payment_amount"":29700,""user_name"":""수염"",""user_rank"":1190,""user_stage"":200}"
"stage_reached_200 (App)","W:18_0A:19_0","5","{""attendance_count"":5,""install_day"":""2025-07-22"",""total_payment_amount"":7700,""user_name"":""여주시하동2"",""user_rank"":1140,""user_stage"":200}"
"stage_reached_200 (App)","W:20_0A:19_0","8","{""attendance_count"":8,""install_day"":""2025-07-19"",""total_payment_amount"":0,""user_name"":""송하냥"",""user_rank"":1093,""user_stage"":200}"
"stage_reached_200 (App)","W:23_0A:19_0","4","{""attendance_count"":4,""install_day"":""2025-07-23"",""total_payment_amount"":0,""user_name"":""흑승"",""user_rank"":1237,""user_stage"":200}"
"stage_reached_200 (App)","W:20_0A:22_0","9","{""attendance_count"":9,""install_day"":""2025-07-18"",""total_payment_amount"":7700,""user_name"":""올라"",""user_rank"":1140,""user_stage"":200}"
"stage_reached_200 (App)","W:20_0A:19_0","7","{""attendance_count"":7,""install_day"":""2025-07-20"",""total_payment_amount"":7700,""user_name"":""일본"",""user_rank"":1097,""user_stage"":200}"
"stage_reached_200 (App)","W:20_0A:19_0","8","{""attendance_count"":8,""install_day"":""2025-07-18"",""total_payment_amount"":7700,""user_name"":""juseho"",""user_rank"":1097,""user_stage"":200}"
"stage_reached_200 (App)","W:20_0A:19_0","9","{""attendance_count"":9,""install_day"":""2025-07-18"",""total_payment_amount"":7700,""user_name"":""2사단장"",""user_rank"":1097,""user_stage"":200}"
"stage_reached_200 (App)","W:20_0A:20_0","9","{""attendance_count"":9,""install_day"":""2025-07-18"",""total_payment_amount"":0,""user_name"":""oOPoohOo"",""user_rank"":1241,""user_stage"":200}"
"stage_reached_200 (App)","W:20_0A:20_0","9","{""attendance_count"":9,""install_day"":""2025-07-18"",""total_payment_amount"":7700,""user_name"":""돌부처"",""user_rank"":1190,""user_stage"":200}"
"stage_reached_200 (App)","W:20_0A:19_0","8","{""attendance_count"":8,""install_day"":""2025-07-19"",""total_payment_amount"":7700,""user_name"":""단합"",""user_rank"":1106,""user_stage"":200}"
"stage_reached_200 (App)","W:20_0A:19_0","8","{""attendance_count"":8,""install_day"":""2025-07-19"",""total_payment_amount"":7700,""user_name"":""jaym"",""user_rank"":1140,""user_stage"":200}"
"stage_reached_200 (App)","W:22_0A:19_0","11","{""attendance_count"":11,""install_day"":""2025-07-16"",""total_payment_amount"":7700,""user_name"":""둘리당"",""user_rank"":1105,""user_stage"":200}"
"stage_reached_200 (App)","W:20_0A:19_0","8","{""attendance_count"":8,""install_day"":""2025-07-18"",""total_payment_amount"":7700,""user_name"":""쮸아빠"",""user_rank"":1190,""user_stage"":200}"
"stage_reached_200 (App)","W:20_0A:20_0","8","{""attendance_count"":8,""install_day"":""2025-07-18"",""total_payment_amount"":14300,""user_name"":""검과방패"",""user_rank"":1128,""user_stage"":200}"
"stage_reached_200 (App)","W:21_0A:19_0","6","{""attendance_count"":6,""install_day"":""2025-07-21"",""total_payment_amount"":7700,""user_name"":""몽키K"",""user_rank"":1090,""user_stage"":200}"
"stage_reached_200 (App)","W:20_0A:19_0","6","{""attendance_count"":6,""install_day"":""2025-07-21"",""total_payment_amount"":7700,""user_name"":""l네메시스l"",""user_rank"":1187,""user_stage"":200}"
"stage_reached_200 (App)","W:20_0A:19_0","5","{""attendance_count"":5,""install_day"":""2025-07-19"",""total_payment_amount"":7700,""user_name"":""해다리리"",""user_rank"":1086,""user_stage"":200}"
"stage_reached_200 (App)","W:17_0A:19_0","5","{""attendance_count"":5,""install_day"":""2025-07-22"",""total_payment_amount"":7700,""user_name"":""G렷쥬"",""user_rank"":1200,""user_stage"":200}"
"stage_reached_200 (App)","W:20_0A:19_0","9","{""attendance_count"":9,""install_day"":""2025-07-18"",""total_payment_amount"":7700,""user_name"":""지영이꼬"",""user_rank"":1102,""user_stage"":200}"
"stage_reached_200 (App)","W:20_0A:19_0","10","{""attendance_count"":10,""install_day"":""2025-07-17"",""total_payment_amount"":7700,""user_name"":""탠니"",""user_rank"":1077,""user_stage"":200}"
"stage_reached_200 (App)","W:20_0A:19_0","7","{""attendance_count"":7,""install_day"":""2025-07-20"",""total_payment_amount"":7700,""user_name"":""낚시"",""user_rank"":1739,""user_stage"":200}"
"stage_reached_200 (App)","W:20_0A:19_0","8","{""attendance_count"":8,""install_day"":""2025-07-19"",""total_payment_amount"":36300,""user_name"":""곤지"",""user_rank"":1140,""user_stage"":200}"
"stage_reached_200 (App)","W:20_0A:19_0","7","{""attendance_count"":7,""install_day"":""2025-07-20"",""total_payment_amount"":62700,""user_name"":""크으크으"",""user_rank"":1072,""user_stage"":200}"
"stage_reached_200 (App)","W:20_0A:19_0","8","{""attendance_count"":8,""install_day"":""2025-07-19"",""total_payment_amount"":7700,""user_name"":""성후니"",""user_rank"":1086,""user_stage"":200}"
"stage_reached_200 (App)","W:20_0A:19_0","10","{""attendance_count"":10,""install_day"":""2025-07-17"",""total_payment_amount"":7700,""user_name"":""호령하다"",""user_rank"":1070,""user_stage"":200}"
"stage_reached_200 (App)","W:19_0A:16_0","4","{""attendance_count"":4,""install_day"":""2025-07-22"",""total_payment_amount"":29700,""user_name"":""리코우"",""user_rank"":1243,""user_stage"":200}"
"stage_reached_200 (App)","W:20_0A:22_0","8","{""attendance_count"":8,""install_day"":""2025-07-19"",""total_payment_amount"":7700,""user_name"":""히뇽이"",""user_rank"":1071,""user_stage"":200}"
"stage_reached_200 (App)","W:23_0A:19_0","7","{""attendance_count"":7,""install_day"":""2025-07-20"",""total_payment_amount"":7700,""user_name"":""리성아"",""user_rank"":1129,""user_stage"":200}"
"stage_reached_200 (App)","W:22_0A:19_0","8","{""attendance_count"":8,""install_day"":""2025-07-18"",""total_payment_amount"":7700,""user_name"":""아발"",""user_rank"":1113,""user_stage"":200}"
"stage_reached_200 (App)","W:20_0A:19_0","9","{""attendance_count"":9,""install_day"":""2025-07-17"",""total_payment_amount"":7700,""user_name"":""구자윤"",""user_rank"":1070,""user_stage"":200}"
"stage_reached_200 (App)","W:20_0A:20_0","10","{""attendance_count"":10,""install_day"":""2025-07-17"",""total_payment_amount"":7700,""user_name"":""아꿍이"",""user_rank"":1110,""user_stage"":200}"
"stage_reached_200 (App)","W:19_0A:19_0","5","{""attendance_count"":5,""install_day"":""2025-07-22"",""total_payment_amount"":128700,""user_name"":""남자현"",""user_rank"":1108,""user_stage"":200}"
"stage_reached_200 (App)","W:20_0A:17_0","8","{""attendance_count"":8,""install_day"":""2025-07-19"",""total_payment_amount"":7700,""user_name"":""혜공"",""user_rank"":1308,""user_stage"":200}"
"stage_reached_200 (App)","W:20_0A:19_0","10","{""attendance_count"":10,""install_day"":""2025-07-17"",""total_payment_amount"":11000,""user_name"":""이재명죽음"",""user_rank"":1108,""user_stage"":200}"
"stage_reached_200 (App)","W:22_0A:20_0","11","{""attendance_count"":11,""install_day"":""2025-07-16"",""total_payment_amount"":8800,""user_name"":""최강한화"",""user_rank"":1142,""user_stage"":200}"
"stage_reached_200 (App)","W:20_0A:19_0","9","{""attendance_count"":9,""install_day"":""2025-07-16"",""total_payment_amount"":7700,""user_name"":""문건"",""user_rank"":1106,""user_stage"":200}"
"stage_reached_200 (App)","W:20_0A:19_0","8","{""attendance_count"":8,""install_day"":""2025-07-18"",""total_payment_amount"":7700,""user_name"":""치우비"",""user_rank"":1091,""user_stage"":200}"
"stage_reached_200 (App)","W:23_0A:20_0","8","{""attendance_count"":8,""install_day"":""2025-07-19"",""total_payment_amount"":0,""user_name"":""콱퉤일"",""user_rank"":1103,""user_stage"":200}"
"stage_reached_200 (App)","W:20_0A:19_0","8","{""attendance_count"":8,""install_day"":""2025-07-19"",""total_payment_amount"":7700,""user_name"":""부타"",""user_rank"":1103,""user_stage"":200}"
"stage_reached_200 (App)","W:20_0A:21_0","9","{""attendance_count"":9,""install_day"":""2025-07-17"",""total_payment_amount"":7700,""user_name"":""rescene"",""user_rank"":1073,""user_stage"":200}"
"stage_reached_200 (App)","W:20_0A:19_0","9","{""attendance_count"":9,""install_day"":""2025-07-18"",""total_payment_amount"":0,""user_name"":""난세의오민성"",""user_rank"":1267,""user_stage"":200}"
"stage_reached_200 (App)","W:22_0A:22_0","6","{""attendance_count"":6,""install_day"":""2025-07-21"",""total_payment_amount"":18700,""user_name"":""뿌돔"",""user_rank"":1058,""user_stage"":200}"
"stage_reached_200 (App)","W:23_0A:21_0","4","{""attendance_count"":4,""install_day"":""2025-07-22"",""total_payment_amount"":7700,""user_name"":""fudy"",""user_rank"":1383,""user_stage"":200}"
"stage_reached_200 (App)","W:23_0A:19_0","6","{""attendance_count"":6,""install_day"":""2025-07-20"",""total_payment_amount"":7700,""user_name"":""라흐마니노프"",""user_rank"":1717,""user_stage"":200}"
"stage_reached_200 (App)","W:20_0A:19_0","7","{""attendance_count"":7,""install_day"":""2025-07-20"",""total_payment_amount"":29700,""user_name"":""랜디"",""user_rank"":1097,""user_stage"":200}"
"stage_reached_200 (App)","W:20_0A:19_0","11","{""attendance_count"":11,""install_day"":""2025-07-16"",""total_payment_amount"":7700,""user_name"":""반씨"",""user_rank"":1202,""user_stage"":200}"
"stage_reached_200 (App)","W:20_0A:16_0","8","{""attendance_count"":8,""install_day"":""2025-07-19"",""total_payment_amount"":7700,""user_name"":""옐로우콘"",""user_rank"":1123,""user_stage"":200}"
"stage_reached_200 (App)","W:20_0A:19_0","8","{""attendance_count"":8,""install_day"":""2025-07-18"",""total_payment_amount"":7700,""user_name"":""초코파르페"",""user_rank"":1094,""user_stage"":200}"
"stage_reached_200 (App)","W:20_0A:19_0","8","{""attendance_count"":8,""install_day"":""2025-07-19"",""total_payment_amount"":18700,""user_name"":""현쪄깅"",""user_rank"":1198,""user_stage"":200}"
"stage_reached_200 (App)","W:19_0A:19_0","6","{""attendance_count"":6,""install_day"":""2025-07-20"",""total_payment_amount"":7700,""user_name"":""엄블리"",""user_rank"":1044,""user_stage"":200}"
"stage_reached_200 (App)","W:21_0A:19_0","5","{""attendance_count"":5,""install_day"":""2025-07-22"",""total_payment_amount"":7700,""user_name"":""김민진"",""user_rank"":1070,""user_stage"":200}"
"stage_reached_200 (App)","W:20_0A:19_0","6","{""attendance_count"":6,""install_day"":""2025-07-21"",""total_payment_amount"":47300,""user_name"":""수민이"",""user_rank"":1099,""user_stage"":200}"
"stage_reached_200 (App)","W:20_0A:19_0","7","{""attendance_count"":7,""install_day"":""2025-07-16"",""total_payment_amount"":0,""user_name"":""로나"",""user_rank"":1070,""user_stage"":200}"
"stage_reached_200 (App)","W:20_0A:19_0","7","{""attendance_count"":7,""install_day"":""2025-07-19"",""total_payment_amount"":7700,""user_name"":""카넬리안"",""user_rank"":1069,""user_stage"":200}"
"stage_reached_200 (App)","W:20_0A:19_0","8","{""attendance_count"":8,""install_day"":""2025-07-19"",""total_payment_amount"":7700,""user_name"":""민영"",""user_rank"":1041,""user_stage"":200}"
"stage_reached_200 (App)","W:20_0A:19_0","7","{""attendance_count"":7,""install_day"":""2025-07-17"",""total_payment_amount"":18700,""user_name"":""미노브"",""user_rank"":1067,""user_stage"":200}"
"stage_reached_200 (App)","W:20_0A:19_0","8","{""attendance_count"":8,""install_day"":""2025-07-19"",""total_payment_amount"":0,""user_name"":""시나브로뀨"",""user_rank"":1072,""user_stage"":200}"
"stage_reached_200 (App)","W:23_0A:19_0","9","{""attendance_count"":9,""install_day"":""2025-07-18"",""total_payment_amount"":7700,""user_name"":""한쿡"",""user_rank"":1034,""user_stage"":200}"
"stage_reached_200 (App)","W:20_0A:19_0","7","{""attendance_count"":7,""install_day"":""2025-07-19"",""total_payment_amount"":7700,""user_name"":""핫버거"",""user_rank"":1033,""user_stage"":200}"
"stage_reached_200 (App)","W:20_0A:19_0","8","{""attendance_count"":8,""install_day"":""2025-07-19"",""total_payment_amount"":7700,""user_name"":""미남고릴라"",""user_rank"":1060,""user_stage"":200}"
"stage_reached_200 (App)","W:23_0A:19_0","4","{""attendance_count"":4,""install_day"":""2025-07-22"",""total_payment_amount"":11000,""user_name"":""슥수"",""user_rank"":1069,""user_stage"":200}"
"stage_reached_200 (App)","W:21_0A:19_0","10","{""attendance_count"":10,""install_day"":""2025-07-16"",""total_payment_amount"":7700,""user_name"":""누루리"",""user_rank"":1320,""user_stage"":200}"
"stage_reached_200 (App)","W:23_0A:19_0","6","{""attendance_count"":6,""install_day"":""2025-07-20"",""total_payment_amount"":7700,""user_name"":""alpen"",""user_rank"":1054,""user_stage"":200}"
"stage_reached_200 (App)","W:20_0A:20_0","7","{""attendance_count"":7,""install_day"":""2025-07-20"",""total_payment_amount"":58300,""user_name"":""천의얼굴"",""user_rank"":1062,""user_stage"":200}"
"stage_reached_200 (App)","W:20_0A:19_0","8","{""attendance_count"":8,""install_day"":""2025-07-19"",""total_payment_amount"":7700,""user_name"":""비설"",""user_rank"":1141,""user_stage"":200}"
"stage_reached_200 (App)","W:20_0A:23_0","9","{""attendance_count"":9,""install_day"":""2025-07-16"",""total_payment_amount"":14300,""user_name"":""어스퀘이크"",""user_rank"":1025,""user_stage"":200}"
"stage_reached_200 (App)","W:20_0A:19_0","10","{""attendance_count"":10,""install_day"":""2025-07-17"",""total_payment_amount"":7700,""user_name"":""태진지니"",""user_rank"":1083,""user_stage"":200}"
"stage_reached_200 (App)","W:22_0A:20_0","1","{""attendance_count"":1,""install_day"":""2025-07-25"",""total_payment_amount"":161700,""user_name"":""JAY11"",""user_rank"":1050,""user_stage"":200}"
"stage_reached_200 (App)","W:22_0A:19_0","8","{""attendance_count"":8,""install_day"":""2025-07-19"",""total_payment_amount"":7700,""user_name"":""냠냠포미ss"",""user_rank"":1047,""user_stage"":200}"
"stage_reached_200 (App)","W:19_0A:20_0","6","{""attendance_count"":6,""install_day"":""2025-07-20"",""total_payment_amount"":73700,""user_name"":""진홍"",""user_rank"":1034,""user_stage"":200}"
"stage_reached_200 (App)","W:20_0A:19_0","8","{""attendance_count"":8,""install_day"":""2025-07-19"",""total_payment_amount"":7700,""user_name"":""허주네"",""user_rank"":1108,""user_stage"":200}"
"stage_reached_200 (App)","W:22_0A:22_0","10","{""attendance_count"":10,""install_day"":""2025-07-16"",""total_payment_amount"":7700,""user_name"":""쏘야남편"",""user_rank"":1018,""user_stage"":200}"
"stage_reached_200 (App)","W:20_0A:19_0","7","{""attendance_count"":7,""install_day"":""2025-07-20"",""total_payment_amount"":7700,""user_name"":""요마"",""user_rank"":1034,""user_stage"":200}"
"stage_reached_200 (App)","W:20_0A:19_0","11","{""attendance_count"":11,""install_day"":""2025-07-16"",""total_payment_amount"":0,""user_name"":""한서연돼지"",""user_rank"":1075,""user_stage"":200}"
"stage_reached_200 (App)","W:20_0A:19_0","8","{""attendance_count"":8,""install_day"":""2025-07-19"",""total_payment_amount"":11000,""user_name"":""픽셀"",""user_rank"":1405,""user_stage"":200}"
"stage_reached_200 (App)","W:20_0A:19_0","9","{""attendance_count"":9,""install_day"":""2025-07-18"",""total_payment_amount"":7700,""user_name"":""RUGA"",""user_rank"":1515,""user_stage"":200}"
"stage_reached_200 (App)","W:22_0A:19_0","8","{""attendance_count"":8,""install_day"":""2025-07-19"",""total_payment_amount"":44000,""user_name"":""팡팡채"",""user_rank"":1345,""user_stage"":200}"
"stage_reached_200 (App)","W:20_0A:19_0","7","{""attendance_count"":7,""install_day"":""2025-07-20"",""total_payment_amount"":0,""user_name"":""망내"",""user_rank"":1050,""user_stage"":200}"
"stage_reached_200 (App)","W:22_0A:22_0","7","{""attendance_count"":7,""install_day"":""2025-07-19"",""total_payment_amount"":128700,""user_name"":""화나는수달"",""user_rank"":1008,""user_stage"":200}"
"stage_reached_200 (App)","W:20_0A:19_0","7","{""attendance_count"":7,""install_day"":""2025-07-19"",""total_payment_amount"":7700,""user_name"":""시그"",""user_rank"":1124,""user_stage"":200}"
"stage_reached_200 (App)","W:20_0A:19_0","8","{""attendance_count"":8,""install_day"":""2025-07-18"",""total_payment_amount"":7700,""user_name"":""운빨존망"",""user_rank"":1023,""user_stage"":200}"
"stage_reached_200 (App)","W:20_0A:19_0","10","{""attendance_count"":10,""install_day"":""2025-07-17"",""total_payment_amount"":7700,""user_name"":""강세"",""user_rank"":1008,""user_stage"":200}"
"stage_reached_200 (App)","W:20_0A:19_0","8","{""attendance_count"":8,""install_day"":""2025-07-18"",""total_payment_amount"":7700,""user_name"":""천룡"",""user_rank"":1260,""user_stage"":200}"
"stage_reached_200 (App)","W:20_0A:19_0","8","{""attendance_count"":8,""install_day"":""2025-07-18"",""total_payment_amount"":7700,""user_name"":""수로"",""user_rank"":1077,""user_stage"":200}"
"stage_reached_200 (App)","W:20_0A:20_0","11","{""attendance_count"":11,""install_day"":""2025-07-16"",""total_payment_amount"":7700,""user_name"":""두자님"",""user_rank"":1095,""user_stage"":200}"
"stage_reached_200 (App)","W:20_0A:19_0","9","{""attendance_count"":9,""install_day"":""2025-07-18"",""total_payment_amount"":7700,""user_name"":""앤버디"",""user_rank"":1089,""user_stage"":200}"
"stage_reached_200 (App)","W:20_0A:18_0","9","{""attendance_count"":9,""install_day"":""2025-07-18"",""total_payment_amount"":7700,""user_name"":""지아파파"",""user_rank"":976,""user_stage"":200}"
"stage_reached_200 (App)","W:20_0A:19_0","8","{""attendance_count"":8,""install_day"":""2025-07-19"",""total_payment_amount"":7700,""user_name"":""라다넘"",""user_rank"":1043,""user_stage"":200}"
"stage_reached_200 (App)","W:21_0A:19_0","11","{""attendance_count"":11,""install_day"":""2025-07-16"",""total_payment_amount"":0,""user_name"":""히야앗"",""user_rank"":1031,""user_stage"":200}"
"stage_reached_200 (App)","W:22_0A:19_0","7","{""attendance_count"":7,""install_day"":""2025-07-20"",""total_payment_amount"":7700,""user_name"":""하늘나그네"",""user_rank"":1043,""user_stage"":200}"
"stage_reached_200 (App)","W:22_0A:19_0","6","{""attendance_count"":6,""install_day"":""2025-07-21"",""total_payment_amount"":7700,""user_name"":""이순신러블리"",""user_rank"":1205,""user_stage"":200}"
"stage_reached_200 (App)","W:20_0A:19_0","7","{""attendance_count"":7,""install_day"":""2025-07-19"",""total_payment_amount"":14300,""user_name"":""귀사천"",""user_rank"":997,""user_stage"":200}"
"stage_reached_200 (App)","W:20_0A:20_0","7","{""attendance_count"":7,""install_day"":""2025-07-19"",""total_payment_amount"":7700,""user_name"":""운이"",""user_rank"":1109,""user_stage"":200}"
"stage_reached_200 (App)","W:23_0A:23_0","3","{""attendance_count"":3,""install_day"":""2025-07-24"",""total_payment_amount"":117700,""user_name"":""EZER라파엘"",""user_rank"":1052,""user_stage"":200}"
"stage_reached_200 (App)","W:19_0A:19_0","7","{""attendance_count"":7,""install_day"":""2025-07-20"",""total_payment_amount"":7700,""user_name"":""네모네모"",""user_rank"":1027,""user_stage"":200}"
"stage_reached_200 (App)","W:20_0A:19_0","10","{""attendance_count"":10,""install_day"":""2025-07-17"",""total_payment_amount"":7700,""user_name"":""신비블루"",""user_rank"":1200,""user_stage"":200}"
"stage_reached_200 (App)","W:20_0A:19_0","8","{""attendance_count"":8,""install_day"":""2025-07-19"",""total_payment_amount"":7700,""user_name"":""그레이리"",""user_rank"":1105,""user_stage"":200}"
"stage_reached_200 (App)","W:21_0A:19_0","10","{""attendance_count"":10,""install_day"":""2025-07-16"",""total_payment_amount"":0,""user_name"":""레이세포"",""user_rank"":996,""user_stage"":200}"
"stage_reached_200 (App)","W:22_0A:21_0","7","{""attendance_count"":7,""install_day"":""2025-07-19"",""total_payment_amount"":33000,""user_name"":""이천공안"",""user_rank"":1020,""user_stage"":200}"
"stage_reached_200 (App)","W:20_0A:20_0","10","{""attendance_count"":10,""install_day"":""2025-07-17"",""total_payment_amount"":7700,""user_name"":""Rio"",""user_rank"":996,""user_stage"":200}"
"stage_reached_200 (App)","W:20_0A:20_0","9","{""attendance_count"":9,""install_day"":""2025-07-17"",""total_payment_amount"":7700,""user_name"":""하람온"",""user_rank"":1035,""user_stage"":200}"
"stage_reached_200 (App)","W:20_0A:19_0","8","{""attendance_count"":8,""install_day"":""2025-07-19"",""total_payment_amount"":7700,""user_name"":""하늬바람"",""user_rank"":986,""user_stage"":200}"
"stage_reached_200 (App)","W:19_0A:19_0","6","{""attendance_count"":6,""install_day"":""2025-07-20"",""total_payment_amount"":7700,""user_name"":""코플레"",""user_rank"":1050,""user_stage"":200}"
"stage_reached_200 (App)","W:22_0A:20_0","4","{""attendance_count"":4,""install_day"":""2025-07-23"",""total_payment_amount"":110000,""user_name"":""리신"",""user_rank"":1019,""user_stage"":200}"
"stage_reached_200 (App)","W:20_0A:19_0","8","{""attendance_count"":8,""install_day"":""2025-07-19"",""total_payment_amount"":7700,""user_name"":""곰아저c"",""user_rank"":1000,""user_stage"":200}"
"stage_reached_200 (App)","W:21_0A:21_0","10","{""attendance_count"":10,""install_day"":""2025-07-17"",""total_payment_amount"":0,""user_name"":""어얼씨구"",""user_rank"":992,""user_stage"":200}"
"stage_reached_200 (App)","W:20_0A:19_0","9","{""attendance_count"":9,""install_day"":""2025-07-17"",""total_payment_amount"":0,""user_name"":""안농"",""user_rank"":1038,""user_stage"":200}"
"stage_reached_200 (App)","W:20_0A:19_0","7","{""attendance_count"":7,""install_day"":""2025-07-19"",""total_payment_amount"":7700,""user_name"":""엠피"",""user_rank"":1039,""user_stage"":200}"
"stage_reached_200 (App)","W:20_0A:19_0","9","{""attendance_count"":9,""install_day"":""2025-07-18"",""total_payment_amount"":51700,""user_name"":""로윤로하"",""user_rank"":1099,""user_stage"":200}"
"stage_reached_200 (App)","W:21_0A:19_0","7","{""attendance_count"":7,""install_day"":""2025-07-19"",""total_payment_amount"":7700,""user_name"":""슈다뇽"",""user_rank"":1091,""user_stage"":200}"
"stage_reached_200 (App)","W:22_0A:21_0","8","{""attendance_count"":8,""install_day"":""2025-07-19"",""total_payment_amount"":0,""user_name"":""알렌"",""user_rank"":1048,""user_stage"":200}"
"stage_reached_200 (App)","W:20_0A:19_0","7","{""attendance_count"":7,""install_day"":""2025-07-20"",""total_payment_amount"":7700,""user_name"":""김표류"",""user_rank"":1086,""user_stage"":200}"
"stage_reached_200 (App)","W:20_0A:19_0","9","{""attendance_count"":9,""install_day"":""2025-07-18"",""total_payment_amount"":64900,""user_name"":""동광"",""user_rank"":1184,""user_stage"":200}"
"stage_reached_200 (App)","W:21_0A:19_0","7","{""attendance_count"":7,""install_day"":""2025-07-20"",""total_payment_amount"":7700,""user_name"":""HANALL"",""user_rank"":1227,""user_stage"":200}"
"stage_reached_200 (App)","W:20_0A:19_0","8","{""attendance_count"":8,""install_day"":""2025-07-19"",""total_payment_amount"":7700,""user_name"":""momo2"",""user_rank"":989,""user_stage"":200}"
"stage_reached_200 (App)","W:20_0A:19_0","8","{""attendance_count"":8,""install_day"":""2025-07-18"",""total_payment_amount"":7700,""user_name"":""미소사이"",""user_rank"":1082,""user_stage"":200}"
"stage_reached_200 (App)","W:19_0A:19_0","6","{""attendance_count"":6,""install_day"":""2025-07-21"",""total_payment_amount"":0,""user_name"":""난세의영웅이랴"",""user_rank"":975,""user_stage"":200}"
"stage_reached_200 (App)","W:20_0A:19_0","8","{""attendance_count"":8,""install_day"":""2025-07-19"",""total_payment_amount"":7700,""user_name"":""생수나르는목사"",""user_rank"":1001,""user_stage"":200}"
"stage_reached_200 (App)","W:22_0A:19_0","6","{""attendance_count"":6,""install_day"":""2025-07-21"",""total_payment_amount"":138600,""user_name"":""철곰"",""user_rank"":1156,""user_stage"":200}"
"stage_reached_200 (App)","W:20_0A:21_0","8","{""attendance_count"":8,""install_day"":""2025-07-18"",""total_payment_amount"":7700,""user_name"":""쿠두스"",""user_rank"":986,""user_stage"":200}"
"stage_reached_200 (App)","W:19_0A:19_0","5","{""attendance_count"":5,""install_day"":""2025-07-22"",""total_payment_amount"":36300,""user_name"":""주내"",""user_rank"":1032,""user_stage"":200}"
"stage_reached_200 (App)","W:21_0A:19_0","5","{""attendance_count"":5,""install_day"":""2025-07-22"",""total_payment_amount"":40700,""user_name"":""다크류"",""user_rank"":1059,""user_stage"":200}"
"stage_reached_200 (App)","W:23_0A:20_0","5","{""attendance_count"":5,""install_day"":""2025-07-22"",""total_payment_amount"":7700,""user_name"":""안시성I만춘"",""user_rank"":981,""user_stage"":200}"
"stage_reached_200 (App)","W:21_0A:19_0","8","{""attendance_count"":8,""install_day"":""2025-07-19"",""total_payment_amount"":0,""user_name"":""조운마초"",""user_rank"":1013,""user_stage"":200}"
"stage_reached_200 (App)","W:20_0A:22_0","10","{""attendance_count"":10,""install_day"":""2025-07-17"",""total_payment_amount"":0,""user_name"":""hduwk"",""user_rank"":983,""user_stage"":200}"
"stage_reached_200 (App)","W:20_0A:19_0","7","{""attendance_count"":7,""install_day"":""2025-07-19"",""total_payment_amount"":44000,""user_name"":""자무영"",""user_rank"":997,""user_stage"":200}"
"stage_reached_200 (App)","W:21_0A:19_0","8","{""attendance_count"":8,""install_day"":""2025-07-18"",""total_payment_amount"":11000,""user_name"":""여고여신"",""user_rank"":1076,""user_stage"":200}"
"stage_reached_200 (App)","W:23_0A:20_0","5","{""attendance_count"":5,""install_day"":""2025-07-21"",""total_payment_amount"":7700,""user_name"":""초다보다마"",""user_rank"":1248,""user_stage"":200}"
"stage_reached_200 (App)","W:20_0A:19_0","8","{""attendance_count"":8,""install_day"":""2025-07-18"",""total_payment_amount"":40700,""user_name"":""사남"",""user_rank"":965,""user_stage"":200}"
"stage_reached_200 (App)","W:20_0A:19_0","9","{""attendance_count"":9,""install_day"":""2025-07-17"",""total_payment_amount"":7700,""user_name"":""아키여"",""user_rank"":1077,""user_stage"":200}"
"stage_reached_200 (App)","W:20_0A:19_0","8","{""attendance_count"":8,""install_day"":""2025-07-18"",""total_payment_amount"":7700,""user_name"":""므페"",""user_rank"":1057,""user_stage"":200}"
"stage_reached_200 (App)","W:20_0A:19_0","7","{""attendance_count"":7,""install_day"":""2025-07-20"",""total_payment_amount"":7700,""user_name"":""구마적"",""user_rank"":1030,""user_stage"":200}"
"stage_reached_200 (App)","W:20_0A:19_0","10","{""attendance_count"":10,""install_day"":""2025-07-17"",""total_payment_amount"":7700,""user_name"":""아이동노우"",""user_rank"":1099,""user_stage"":200}"
"stage_reached_200 (App)","W:20_0A:19_0","10","{""attendance_count"":10,""install_day"":""2025-07-17"",""total_payment_amount"":7700,""user_name"":""최찬호"",""user_rank"":965,""user_stage"":200}"
"stage_reached_200 (App)","W:20_0A:19_0","7","{""attendance_count"":7,""install_day"":""2025-07-20"",""total_payment_amount"":28600,""user_name"":""rumpu"",""user_rank"":965,""user_stage"":200}"
"stage_reached_200 (App)","W:20_0A:19_0","10","{""attendance_count"":10,""install_day"":""2025-07-17"",""total_payment_amount"":0,""user_name"":""쪼한썬"",""user_rank"":1004,""user_stage"":200}"
"stage_reached_200 (App)","W:17_0A:19_0","6","{""attendance_count"":6,""install_day"":""2025-07-21"",""total_payment_amount"":7700,""user_name"":""김순돌"",""user_rank"":965,""user_stage"":200}"
"stage_reached_200 (App)","W:20_0A:20_0","5","{""attendance_count"":5,""install_day"":""2025-07-22"",""total_payment_amount"":113300,""user_name"":""보보부복"",""user_rank"":961,""user_stage"":200}"
"stage_reached_200 (App)","W:20_0A:19_0","8","{""attendance_count"":8,""install_day"":""2025-07-19"",""total_payment_amount"":11000,""user_name"":""클린하자"",""user_rank"":1005,""user_stage"":200}"
"stage_reached_200 (App)","W:20_0A:20_0","8","{""attendance_count"":8,""install_day"":""2025-07-19"",""total_payment_amount"":7700,""user_name"":""재깨비"",""user_rank"":960,""user_stage"":200}"
"stage_reached_200 (App)","W:20_0A:20_0","9","{""attendance_count"":9,""install_day"":""2025-07-18"",""total_payment_amount"":9900,""user_name"":""마요"",""user_rank"":973,""user_stage"":200}"
"stage_reached_200 (App)","W:20_0A:19_0","9","{""attendance_count"":9,""install_day"":""2025-07-18"",""total_payment_amount"":33000,""user_name"":""질풍"",""user_rank"":953,""user_stage"":200}"
"stage_reached_200 (App)","W:20_0A:19_0","4","{""attendance_count"":4,""install_day"":""2025-07-22"",""total_payment_amount"":168300,""user_name"":""부추"",""user_rank"":1384,""user_stage"":200}"
"stage_reached_200 (App)","W:20_0A:22_0","6","{""attendance_count"":6,""install_day"":""2025-07-21"",""total_payment_amount"":29700,""user_name"":""채가네김집사"",""user_rank"":1012,""user_stage"":200}"
"stage_reached_200 (App)","W:22_0A:19_0","7","{""attendance_count"":7,""install_day"":""2025-07-19"",""total_payment_amount"":7700,""user_name"":""vlasim"",""user_rank"":1081,""user_stage"":200}"
"stage_reached_200 (App)","W:23_0A:18_0","2","{""attendance_count"":2,""install_day"":""2025-07-25"",""total_payment_amount"":176000,""user_name"":""Lr비"",""user_rank"":1471,""user_stage"":200}"
"stage_reached_200 (App)","W:20_0A:19_0","10","{""attendance_count"":10,""install_day"":""2025-07-16"",""total_payment_amount"":0,""user_name"":""한방딸깍"",""user_rank"":961,""user_stage"":200}"
"stage_reached_200 (App)","W:23_0A:19_0","9","{""attendance_count"":9,""install_day"":""2025-07-18"",""total_payment_amount"":7700,""user_name"":""겜순이녜"",""user_rank"":1055,""user_stage"":200}"
"stage_reached_200 (App)","W:20_0A:19_0","5","{""attendance_count"":5,""install_day"":""2025-07-22"",""total_payment_amount"":86900,""user_name"":""워리스"",""user_rank"":997,""user_stage"":200}"
"stage_reached_200 (App)","W:20_0A:19_0","8","{""attendance_count"":8,""install_day"":""2025-07-19"",""total_payment_amount"":0,""user_name"":""보돌"",""user_rank"":952,""user_stage"":200}"
"stage_reached_200 (App)","W:23_0A:19_0","8","{""attendance_count"":8,""install_day"":""2025-07-19"",""total_payment_amount"":7700,""user_name"":""녀석"",""user_rank"":1033,""user_stage"":200}"
"stage_reached_200 (App)","W:21_0A:19_0","2","{""attendance_count"":2,""install_day"":""2025-07-25"",""total_payment_amount"":286000,""user_name"":""로하이"",""user_rank"":1471,""user_stage"":200}"
"stage_reached_200 (App)","W:21_0A:19_0","9","{""attendance_count"":9,""install_day"":""2025-07-18"",""total_payment_amount"":7700,""user_name"":""Green"",""user_rank"":992,""user_stage"":200}"
"stage_reached_200 (App)","W:20_0A:19_0","8","{""attendance_count"":8,""install_day"":""2025-07-19"",""total_payment_amount"":7700,""user_name"":""조버미"",""user_rank"":992,""user_stage"":200}"
"stage_reached_200 (App)","W:20_0A:19_0","8","{""attendance_count"":8,""install_day"":""2025-07-19"",""total_payment_amount"":7700,""user_name"":""크라운큐비"",""user_rank"":951,""user_stage"":200}"
"stage_reached_200 (App)","W:18_0A:19_0","8","{""attendance_count"":8,""install_day"":""2025-07-19"",""total_payment_amount"":7700,""user_name"":""빈슈"",""user_rank"":951,""user_stage"":200}"
"stage_reached_200 (App)","W:22_0A:19_0","6","{""attendance_count"":6,""install_day"":""2025-07-21"",""total_payment_amount"":18700,""user_name"":""허요허요"",""user_rank"":1421,""user_stage"":200}"
"stage_reached_200 (App)","W:22_0A:20_0","8","{""attendance_count"":8,""install_day"":""2025-07-18"",""total_payment_amount"":0,""user_name"":""fromis9"",""user_rank"":1102,""user_stage"":200}"
"stage_reached_200 (App)","W:23_0A:19_0","7","{""attendance_count"":7,""install_day"":""2025-07-20"",""total_payment_amount"":14300,""user_name"":""마봉석"",""user_rank"":2062,""user_stage"":200}"
"stage_reached_200 (App)","W:21_0A:19_0","9","{""attendance_count"":9,""install_day"":""2025-07-17"",""total_payment_amount"":7700,""user_name"":""라크"",""user_rank"":1060,""user_stage"":200}"
"stage_reached_200 (App)","W:20_0A:19_0","8","{""attendance_count"":8,""install_day"":""2025-07-19"",""total_payment_amount"":18700,""user_name"":""닥스코코"",""user_rank"":950,""user_stage"":200}"
"stage_reached_200 (App)","W:23_0A:21_0","7","{""attendance_count"":7,""install_day"":""2025-07-19"",""total_payment_amount"":7700,""user_name"":""이시섭혈"",""user_rank"":1021,""user_stage"":200}"
"stage_reached_200 (App)","W:20_0A:19_0","8","{""attendance_count"":8,""install_day"":""2025-07-19"",""total_payment_amount"":7700,""user_name"":""광개토대황제"",""user_rank"":973,""user_stage"":200}"
"stage_reached_200 (App)","W:21_0A:19_0","9","{""attendance_count"":9,""install_day"":""2025-07-18"",""total_payment_amount"":0,""user_name"":""초롱아놀자"",""user_rank"":1202,""user_stage"":200}"
"stage_reached_200 (App)","W:20_0A:19_0","8","{""attendance_count"":8,""install_day"":""2025-07-19"",""total_payment_amount"":7700,""user_name"":""꾹아재"",""user_rank"":1034,""user_stage"":200}"
"stage_reached_200 (App)","W:20_0A:19_0","7","{""attendance_count"":7,""install_day"":""2025-07-19"",""total_payment_amount"":7700,""user_name"":""마니버렁"",""user_rank"":1058,""user_stage"":200}"
"stage_reached_200 (App)","W:22_0A:19_0","7","{""attendance_count"":7,""install_day"":""2025-07-19"",""total_payment_amount"":7700,""user_name"":""초슈익"",""user_rank"":972,""user_stage"":200}"
"stage_reached_200 (App)","W:23_0A:20_0","6","{""attendance_count"":6,""install_day"":""2025-07-20"",""total_payment_amount"":14300,""user_name"":""척준겸"",""user_rank"":1096,""user_stage"":200}"
"stage_reached_200 (App)","W:20_0A:19_0","11","{""attendance_count"":11,""install_day"":""2025-07-15"",""total_payment_amount"":0,""user_name"":""벽묘"",""user_rank"":956,""user_stage"":200}"
"stage_reached_200 (App)","W:20_0A:19_0","7","{""attendance_count"":7,""install_day"":""2025-07-20"",""total_payment_amount"":7700,""user_name"":""퍼떡내놔라"",""user_rank"":1195,""user_stage"":200}"
"stage_reached_200 (App)","W:21_0A:22_0","9","{""attendance_count"":9,""install_day"":""2025-07-16"",""total_payment_amount"":7700,""user_name"":""위스퍼"",""user_rank"":1129,""user_stage"":200}"
"stage_reached_200 (App)","W:19_0A:19_0","7","{""attendance_count"":7,""install_day"":""2025-07-19"",""total_payment_amount"":272800,""user_name"":""s불멸1s"",""user_rank"":1096,""user_stage"":200}"
"stage_reached_200 (App)","W:20_0A:19_0","9","{""attendance_count"":9,""install_day"":""2025-07-18"",""total_payment_amount"":7700,""user_name"":""땡매기"",""user_rank"":955,""user_stage"":200}"
"stage_reached_200 (App)","W:20_0A:19_0","9","{""attendance_count"":9,""install_day"":""2025-07-18"",""total_payment_amount"":7700,""user_name"":""람각"",""user_rank"":1239,""user_stage"":200}"
"stage_reached_200 (App)","W:22_0A:19_0","6","{""attendance_count"":6,""install_day"":""2025-07-20"",""total_payment_amount"":7700,""user_name"":""베빌레라"",""user_rank"":1408,""user_stage"":200}"
"stage_reached_200 (App)","W:19_0A:19_0","5","{""attendance_count"":5,""install_day"":""2025-07-22"",""total_payment_amount"":48400,""user_name"":""파대"",""user_rank"":1125,""user_stage"":200}"
"stage_reached_200 (App)","W:19_0A:19_0","6","{""attendance_count"":6,""install_day"":""2025-07-21"",""total_payment_amount"":7700,""user_name"":""소인아빠"",""user_rank"":928,""user_stage"":200}"
"stage_reached_200 (App)","W:23_0A:19_0","7","{""attendance_count"":7,""install_day"":""2025-07-20"",""total_payment_amount"":81400,""user_name"":""볼떼기"",""user_rank"":1051,""user_stage"":200}"
"stage_reached_200 (App)","W:20_0A:19_0","7","{""attendance_count"":7,""install_day"":""2025-07-19"",""total_payment_amount"":14300,""user_name"":""슭삯"",""user_rank"":925,""user_stage"":200}"
"stage_reached_200 (App)","W:21_0A:19_0","7","{""attendance_count"":7,""install_day"":""2025-07-19"",""total_payment_amount"":7700,""user_name"":""창덕궁"",""user_rank"":958,""user_stage"":200}"
"stage_reached_200 (App)","W:20_0A:19_0","8","{""attendance_count"":8,""install_day"":""2025-07-19"",""total_payment_amount"":7700,""user_name"":""월영풍"",""user_rank"":957,""user_stage"":200}"
"stage_reached_200 (App)","W:21_0A:22_0","6","{""attendance_count"":6,""install_day"":""2025-07-20"",""total_payment_amount"":7700,""user_name"":""이동준"",""user_rank"":1006,""user_stage"":200}"
"stage_reached_200 (App)","W:20_0A:19_0","8","{""attendance_count"":8,""install_day"":""2025-07-19"",""total_payment_amount"":25300,""user_name"":""개센놈"",""user_rank"":981,""user_stage"":200}"
"stage_reached_200 (App)","W:20_0A:19_0","9","{""attendance_count"":9,""install_day"":""2025-07-18"",""total_payment_amount"":7700,""user_name"":""박미나리"",""user_rank"":944,""user_stage"":200}"
"stage_reached_200 (App)","W:23_0A:20_0","5","{""attendance_count"":5,""install_day"":""2025-07-21"",""total_payment_amount"":29700,""user_name"":""덕구s"",""user_rank"":990,""user_stage"":200}"
"stage_reached_200 (App)","W:20_0A:19_0","7","{""attendance_count"":7,""install_day"":""2025-07-20"",""total_payment_amount"":20900,""user_name"":""강남여신공주"",""user_rank"":920,""user_stage"":200}"
"stage_reached_200 (App)","W:20_0A:19_0","8","{""attendance_count"":8,""install_day"":""2025-07-19"",""total_payment_amount"":8800,""user_name"":""새도"",""user_rank"":1018,""user_stage"":200}"
"stage_reached_200 (App)","W:22_0A:20_0","5","{""attendance_count"":5,""install_day"":""2025-07-22"",""total_payment_amount"":20900,""user_name"":""할렁"",""user_rank"":1181,""user_stage"":200}"
"stage_reached_200 (App)","W:20_0A:19_0","7","{""attendance_count"":7,""install_day"":""2025-07-20"",""total_payment_amount"":42900,""user_name"":""손Zi"",""user_rank"":1017,""user_stage"":200}"
"stage_reached_200 (App)","W:21_0A:19_0","8","{""attendance_count"":8,""install_day"":""2025-07-19"",""total_payment_amount"":7700,""user_name"":""알콜79소주"",""user_rank"":953,""user_stage"":200}"
"stage_reached_200 (App)","W:20_0A:19_0","6","{""attendance_count"":6,""install_day"":""2025-07-20"",""total_payment_amount"":47300,""user_name"":""머고"",""user_rank"":1218,""user_stage"":200}"
"stage_reached_200 (App)","W:21_0A:19_0","8","{""attendance_count"":8,""install_day"":""2025-07-19"",""total_payment_amount"":0,""user_name"":""박존슨"",""user_rank"":1017,""user_stage"":200}"
"stage_reached_200 (App)","W:23_0A:22_0","10","{""attendance_count"":10,""install_day"":""2025-07-17"",""total_payment_amount"":7700,""user_name"":""권대훈"",""user_rank"":894,""user_stage"":200}"
"stage_reached_200 (App)","W:20_0A:19_0","10","{""attendance_count"":10,""install_day"":""2025-07-17"",""total_payment_amount"":7700,""user_name"":""레이먼"",""user_rank"":910,""user_stage"":200}"
"stage_reached_200 (App)","W:20_0A:19_0","6","{""attendance_count"":6,""install_day"":""2025-07-21"",""total_payment_amount"":48400,""user_name"":""에반게리"",""user_rank"":925,""user_stage"":200}"
"stage_reached_200 (App)","W:20_0A:19_0","7","{""attendance_count"":7,""install_day"":""2025-07-19"",""total_payment_amount"":7700,""user_name"":""3221"",""user_rank"":1044,""user_stage"":200}"
"stage_reached_200 (App)","W:22_0A:19_0","7","{""attendance_count"":7,""install_day"":""2025-07-18"",""total_payment_amount"":7700,""user_name"":""차차냥"",""user_rank"":915,""user_stage"":200}"
"stage_reached_200 (App)","W:20_0A:19_0","6","{""attendance_count"":6,""install_day"":""2025-07-21"",""total_payment_amount"":84700,""user_name"":""아기왕자"",""user_rank"":1029,""user_stage"":200}"
"stage_reached_200 (App)","W:23_0A:22_0","3","{""attendance_count"":3,""install_day"":""2025-07-23"",""total_payment_amount"":0,""user_name"":""백전"",""user_rank"":962,""user_stage"":200}"
"stage_reached_200 (App)","W:20_0A:23_0","8","{""attendance_count"":8,""install_day"":""2025-07-19"",""total_payment_amount"":29700,""user_name"":""돗개"",""user_rank"":917,""user_stage"":200}"
"stage_reached_200 (App)","W:21_0A:19_0","8","{""attendance_count"":8,""install_day"":""2025-07-19"",""total_payment_amount"":7700,""user_name"":""그칸당"",""user_rank"":905,""user_stage"":200}"
"stage_reached_200 (App)","W:21_0A:19_0","9","{""attendance_count"":9,""install_day"":""2025-07-18"",""total_payment_amount"":7700,""user_name"":""데식이"",""user_rank"":914,""user_stage"":200}"
"stage_reached_200 (App)","W:20_0A:22_0","8","{""attendance_count"":8,""install_day"":""2025-07-19"",""total_payment_amount"":0,""user_name"":""하율은율"",""user_rank"":923,""user_stage"":200}"
"stage_reached_200 (App)","W:20_0A:19_0","8","{""attendance_count"":8,""install_day"":""2025-07-18"",""total_payment_amount"":7700,""user_name"":""지렁"",""user_rank"":964,""user_stage"":200}"
"stage_reached_200 (App)","W:22_0A:19_0","7","{""attendance_count"":7,""install_day"":""2025-07-19"",""total_payment_amount"":7700,""user_name"":""라고메"",""user_rank"":1168,""user_stage"":200}"
"stage_reached_200 (App)","W:20_0A:19_0","7","{""attendance_count"":7,""install_day"":""2025-07-20"",""total_payment_amount"":7700,""user_name"":""시흥동피바라기"",""user_rank"":1100,""user_stage"":200}"
"stage_reached_200 (App)","W:20_0A:19_0","7","{""attendance_count"":7,""install_day"":""2025-07-19"",""total_payment_amount"":7700,""user_name"":""돌민"",""user_rank"":945,""user_stage"":200}"
"stage_reached_200 (App)","W:20_0A:19_0","8","{""attendance_count"":8,""install_day"":""2025-07-19"",""total_payment_amount"":7700,""user_name"":""휠버그"",""user_rank"":910,""user_stage"":200}"
"stage_reached_200 (App)","W:20_0A:20_0","9","{""attendance_count"":9,""install_day"":""2025-07-18"",""total_payment_amount"":9900,""user_name"":""라토끼"",""user_rank"":929,""user_stage"":200}"
"stage_reached_200 (App)","W:20_0A:19_0","10","{""attendance_count"":10,""install_day"":""2025-07-17"",""total_payment_amount"":9900,""user_name"":""푸푸푸"",""user_rank"":900,""user_stage"":200}"
"stage_reached_200 (App)","W:21_0A:19_0","8","{""attendance_count"":8,""install_day"":""2025-07-19"",""total_payment_amount"":7700,""user_name"":""아르미나"",""user_rank"":941,""user_stage"":200}"
"stage_reached_200 (App)","W:20_0A:19_0","7","{""attendance_count"":7,""install_day"":""2025-07-20"",""total_payment_amount"":7700,""user_name"":""우빵맨"",""user_rank"":912,""user_stage"":200}"
"stage_reached_200 (App)","W:20_0A:19_0","7","{""attendance_count"":7,""install_day"":""2025-07-20"",""total_payment_amount"":7700,""user_name"":""후하"",""user_rank"":1028,""user_stage"":200}"
"stage_reached_200 (App)","W:20_0A:19_0","7","{""attendance_count"":7,""install_day"":""2025-07-20"",""total_payment_amount"":7700,""user_name"":""8군단장"",""user_rank"":979,""user_stage"":200}"
"stage_reached_200 (App)","W:20_0A:19_0","7","{""attendance_count"":7,""install_day"":""2025-07-20"",""total_payment_amount"":7700,""user_name"":""게으름주의"",""user_rank"":1092,""user_stage"":200}"
"stage_reached_200 (App)","W:20_0A:19_0","8","{""attendance_count"":8,""install_day"":""2025-07-19"",""total_payment_amount"":25300,""user_name"":""송송송"",""user_rank"":921,""user_stage"":200}"
"stage_reached_200 (App)","W:22_0A:18_0","4","{""attendance_count"":4,""install_day"":""2025-07-22"",""total_payment_amount"":29700,""user_name"":""에쎄"",""user_rank"":908,""user_stage"":200}"
"stage_reached_200 (App)","W:21_0A:16_0","4","{""attendance_count"":4,""install_day"":""2025-07-23"",""total_payment_amount"":44000,""user_name"":""dndu"",""user_rank"":894,""user_stage"":200}"
"stage_reached_200 (App)","W:20_0A:19_0","7","{""attendance_count"":7,""install_day"":""2025-07-20"",""total_payment_amount"":7700,""user_name"":""스승"",""user_rank"":953,""user_stage"":200}"
"stage_reached_200 (App)","W:20_0A:19_0","7","{""attendance_count"":7,""install_day"":""2025-07-19"",""total_payment_amount"":7700,""user_name"":""킹린"",""user_rank"":1127,""user_stage"":200}"
"stage_reached_200 (App)","W:22_0A:19_0","7","{""attendance_count"":7,""install_day"":""2025-07-18"",""total_payment_amount"":0,""user_name"":""하나같이"",""user_rank"":925,""user_stage"":200}"
"stage_reached_200 (App)","W:20_0A:19_0","8","{""attendance_count"":8,""install_day"":""2025-07-18"",""total_payment_amount"":0,""user_name"":""시멘디"",""user_rank"":892,""user_stage"":200}"
"stage_reached_200 (App)","W:20_0A:19_0","9","{""attendance_count"":9,""install_day"":""2025-07-17"",""total_payment_amount"":7700,""user_name"":""동방명주"",""user_rank"":928,""user_stage"":200}"
"stage_reached_200 (App)","W:20_0A:20_0","8","{""attendance_count"":8,""install_day"":""2025-07-18"",""total_payment_amount"":3300,""user_name"":""짬찌"",""user_rank"":943,""user_stage"":200}"
"stage_reached_200 (App)","W:21_0A:19_0","9","{""attendance_count"":9,""install_day"":""2025-07-17"",""total_payment_amount"":7700,""user_name"":""메리"",""user_rank"":908,""user_stage"":200}"
"stage_reached_200 (App)","W:17_0A:16_0","3","{""attendance_count"":3,""install_day"":""2025-07-22"",""total_payment_amount"":126500,""user_name"":""여름이니까"",""user_rank"":899,""user_stage"":200}"
"stage_reached_200 (App)","W:20_0A:19_0","8","{""attendance_count"":8,""install_day"":""2025-07-18"",""total_payment_amount"":7700,""user_name"":""용순아"",""user_rank"":1146,""user_stage"":200}"
"stage_reached_200 (App)","W:20_0A:19_0","5","{""attendance_count"":5,""install_day"":""2025-07-22"",""total_payment_amount"":16500,""user_name"":""리둠"",""user_rank"":903,""user_stage"":200}"
"stage_reached_200 (App)","W:21_0A:20_0","4","{""attendance_count"":4,""install_day"":""2025-07-22"",""total_payment_amount"":75900,""user_name"":""지채문"",""user_rank"":915,""user_stage"":200}"
"stage_reached_200 (App)","W:20_0A:19_0","8","{""attendance_count"":8,""install_day"":""2025-07-18"",""total_payment_amount"":0,""user_name"":""kyde"",""user_rank"":860,""user_stage"":200}"
"stage_reached_200 (App)","W:23_0A:19_0","7","{""attendance_count"":7,""install_day"":""2025-07-17"",""total_payment_amount"":7700,""user_name"":""싹스어필"",""user_rank"":902,""user_stage"":200}"
"stage_reached_200 (App)","W:21_0A:19_0","9","{""attendance_count"":9,""install_day"":""2025-07-17"",""total_payment_amount"":7700,""user_name"":""월치스"",""user_rank"":888,""user_stage"":200}"
"stage_reached_200 (App)","W:20_0A:19_0","7","{""attendance_count"":7,""install_day"":""2025-07-19"",""total_payment_amount"":37400,""user_name"":""아서물"",""user_rank"":872,""user_stage"":200}"
"stage_reached_200 (App)","W:20_0A:19_0","9","{""attendance_count"":9,""install_day"":""2025-07-17"",""total_payment_amount"":7700,""user_name"":""욕망"",""user_rank"":955,""user_stage"":200}"
"stage_reached_200 (App)","W:22_0A:19_0","6","{""attendance_count"":6,""install_day"":""2025-07-19"",""total_payment_amount"":7700,""user_name"":""아르카네"",""user_rank"":1003,""user_stage"":200}"
"stage_reached_200 (App)","W:20_0A:19_0","7","{""attendance_count"":7,""install_day"":""2025-07-18"",""total_payment_amount"":33000,""user_name"":""지남샘"",""user_rank"":884,""user_stage"":200}"
"stage_reached_200 (App)","W:23_0A:19_0","5","{""attendance_count"":5,""install_day"":""2025-07-21"",""total_payment_amount"":0,""user_name"":""옹이사랑"",""user_rank"":1507,""user_stage"":200}"
"stage_reached_200 (App)","W:20_0A:16_0","4","{""attendance_count"":4,""install_day"":""2025-07-22"",""total_payment_amount"":292600,""user_name"":""킴혀노"",""user_rank"":1032,""user_stage"":200}"
"stage_reached_200 (App)","W:21_0A:19_0","7","{""attendance_count"":7,""install_day"":""2025-07-19"",""total_payment_amount"":0,""user_name"":""안중근총대장"",""user_rank"":948,""user_stage"":200}"
"stage_reached_200 (App)","W:20_0A:19_0","8","{""attendance_count"":8,""install_day"":""2025-07-18"",""total_payment_amount"":11000,""user_name"":""볼때기사랑"",""user_rank"":881,""user_stage"":200}"
"stage_reached_200 (App)","W:20_0A:19_0","9","{""attendance_count"":9,""install_day"":""2025-07-16"",""total_payment_amount"":0,""user_name"":""l무신l"",""user_rank"":902,""user_stage"":200}"
"stage_reached_200 (App)","W:20_0A:19_0","7","{""attendance_count"":7,""install_day"":""2025-07-18"",""total_payment_amount"":8800,""user_name"":""엄애숙"",""user_rank"":894,""user_stage"":200}"
"stage_reached_200 (App)","W:22_0A:19_0","7","{""attendance_count"":7,""install_day"":""2025-07-19"",""total_payment_amount"":7700,""user_name"":""오우키"",""user_rank"":868,""user_stage"":200}"
"stage_reached_200 (App)","W:20_0A:19_0","9","{""attendance_count"":9,""install_day"":""2025-07-17"",""total_payment_amount"":0,""user_name"":""이별"",""user_rank"":869,""user_stage"":200}"
"stage_reached_200 (App)","W:20_0A:19_0","7","{""attendance_count"":7,""install_day"":""2025-07-19"",""total_payment_amount"":7700,""user_name"":""그레이스"",""user_rank"":870,""user_stage"":200}"
"stage_reached_200 (App)","W:20_0A:19_0","9","{""attendance_count"":9,""install_day"":""2025-07-17"",""total_payment_amount"":11000,""user_name"":""도채"",""user_rank"":1058,""user_stage"":200}"
"stage_reached_200 (App)","W:20_0A:19_0","7","{""attendance_count"":7,""install_day"":""2025-07-19"",""total_payment_amount"":47300,""user_name"":""Gargamel"",""user_rank"":971,""user_stage"":200}"
"stage_reached_200 (App)","W:20_0A:22_0","11","{""attendance_count"":11,""install_day"":""2025-06-29"",""total_payment_amount"":7700,""user_name"":""오유오"",""user_rank"":3243,""user_stage"":200}"
"stage_reached_200 (App)","W:23_0A:23_0","1","{""attendance_count"":1,""install_day"":""2025-07-24"",""total_payment_amount"":240900,""user_name"":""백진"",""user_rank"":895,""user_stage"":200}"
"stage_reached_200 (App)","W:20_0A:21_0","6","{""attendance_count"":6,""install_day"":""2025-07-20"",""total_payment_amount"":192500,""user_name"":""헤롱이"",""user_rank"":1482,""user_stage"":200}"
"stage_reached_200 (App)","W:22_0A:19_0","8","{""attendance_count"":8,""install_day"":""2025-07-18"",""total_payment_amount"":7700,""user_name"":""하얀날개"",""user_rank"":939,""user_stage"":200}"
"stage_reached_200 (App)","W:22_0A:20_0","7","{""attendance_count"":7,""install_day"":""2025-07-19"",""total_payment_amount"":7700,""user_name"":""망망곰"",""user_rank"":870,""user_stage"":200}"
"stage_reached_200 (App)","W:22_0A:19_0","8","{""attendance_count"":8,""install_day"":""2025-07-17"",""total_payment_amount"":7700,""user_name"":""쭌따코"",""user_rank"":859,""user_stage"":200}"
"stage_reached_200 (App)","W:23_0A:19_0","6","{""attendance_count"":6,""install_day"":""2025-07-19"",""total_payment_amount"":14300,""user_name"":""비발디"",""user_rank"":865,""user_stage"":200}"
"stage_reached_200 (App)","W:22_0A:20_0","7","{""attendance_count"":7,""install_day"":""2025-07-18"",""total_payment_amount"":7700,""user_name"":""영화"",""user_rank"":910,""user_stage"":200}"
"stage_reached_200 (App)","W:22_0A:19_0","3","{""attendance_count"":3,""install_day"":""2025-07-23"",""total_payment_amount"":34100,""user_name"":""땡중"",""user_rank"":906,""user_stage"":200}"
"stage_reached_200 (App)","W:20_0A:19_0","6","{""attendance_count"":6,""install_day"":""2025-07-20"",""total_payment_amount"":7700,""user_name"":""프라함"",""user_rank"":906,""user_stage"":200}"
"stage_reached_200 (App)","W:20_0A:21_0","8","{""attendance_count"":8,""install_day"":""2025-07-16"",""total_payment_amount"":11000,""user_name"":""으니화니"",""user_rank"":862,""user_stage"":200}"
"stage_reached_200 (App)","W:20_0A:19_0","8","{""attendance_count"":8,""install_day"":""2025-07-18"",""total_payment_amount"":29700,""user_name"":""김아싸"",""user_rank"":862,""user_stage"":200}"
"stage_reached_200 (App)","W:20_0A:19_0","6","{""attendance_count"":6,""install_day"":""2025-07-20"",""total_payment_amount"":3300,""user_name"":""유키노"",""user_rank"":861,""user_stage"":200}"
"stage_reached_200 (App)","W:22_0A:19_0","9","{""attendance_count"":9,""install_day"":""2025-07-17"",""total_payment_amount"":7700,""user_name"":""강꿈치"",""user_rank"":1689,""user_stage"":200}"
"stage_reached_200 (App)","W:22_0A:19_0","4","{""attendance_count"":4,""install_day"":""2025-07-21"",""total_payment_amount"":16500,""user_name"":""구도"",""user_rank"":998,""user_stage"":200}"
"stage_reached_200 (App)","W:21_0A:22_0","8","{""attendance_count"":8,""install_day"":""2025-07-17"",""total_payment_amount"":0,""user_name"":""위반닉네임001"",""user_rank"":849,""user_stage"":200}"
"stage_reached_200 (App)","W:20_0A:17_0","6","{""attendance_count"":6,""install_day"":""2025-07-19"",""total_payment_amount"":20900,""user_name"":""schnee"",""user_rank"":874,""user_stage"":200}"
"stage_reached_200 (App)","W:23_0A:20_0","10","{""attendance_count"":10,""install_day"":""2025-07-16"",""total_payment_amount"":0,""user_name"":""콜렉터"",""user_rank"":874,""user_stage"":200}"
"stage_reached_200 (App)","W:18_0A:19_0","6","{""attendance_count"":6,""install_day"":""2025-07-19"",""total_payment_amount"":40700,""user_name"":""비비빅봉"",""user_rank"":842,""user_stage"":200}"
"stage_reached_200 (App)","W:20_0A:19_0","8","{""attendance_count"":8,""install_day"":""2025-07-18"",""total_payment_amount"":7700,""user_name"":""스킨"",""user_rank"":897,""user_stage"":200}"
"stage_reached_200 (App)","W:18_0A:19_0","5","{""attendance_count"":5,""install_day"":""2025-07-21"",""total_payment_amount"":7700,""user_name"":""교야"",""user_rank"":871,""user_stage"":200}"
"stage_reached_200 (App)","W:21_0A:19_0","7","{""attendance_count"":7,""install_day"":""2025-07-19"",""total_payment_amount"":29700,""user_name"":""노블"",""user_rank"":869,""user_stage"":200}"
"stage_reached_200 (App)","W:21_0A:19_0","6","{""attendance_count"":6,""install_day"":""2025-07-20"",""total_payment_amount"":7700,""user_name"":""화니화니96"",""user_rank"":844,""user_stage"":200}"
"stage_reached_200 (App)","W:20_0A:19_0","7","{""attendance_count"":7,""install_day"":""2025-07-19"",""total_payment_amount"":0,""user_name"":""하링링"",""user_rank"":905,""user_stage"":200}"
"stage_reached_200 (App)","W:20_0A:19_0","8","{""attendance_count"":8,""install_day"":""2025-07-17"",""total_payment_amount"":15400,""user_name"":""나클라스"",""user_rank"":867,""user_stage"":200}"
"stage_reached_200 (App)","W:20_0A:19_0","7","{""attendance_count"":7,""install_day"":""2025-07-19"",""total_payment_amount"":7700,""user_name"":""하야꾸"",""user_rank"":926,""user_stage"":200}"
"stage_reached_200 (App)","W:20_0A:19_0","7","{""attendance_count"":7,""install_day"":""2025-07-18"",""total_payment_amount"":7700,""user_name"":""매컬린"",""user_rank"":952,""user_stage"":200}"
"stage_reached_200 (App)","W:20_0A:19_0","8","{""attendance_count"":8,""install_day"":""2025-07-18"",""total_payment_amount"":7700,""user_name"":""응가삐아"",""user_rank"":926,""user_stage"":200}"
"stage_reached_200 (App)","W:20_0A:19_0","8","{""attendance_count"":8,""install_day"":""2025-07-18"",""total_payment_amount"":7700,""user_name"":""허허참"",""user_rank"":863,""user_stage"":200}"
"stage_reached_200 (App)","W:22_0A:19_0","6","{""attendance_count"":6,""install_day"":""2025-07-19"",""total_payment_amount"":0,""user_name"":""물고기"",""user_rank"":1016,""user_stage"":200}"
"stage_reached_200 (App)","W:20_0A:20_0","9","{""attendance_count"":9,""install_day"":""2025-07-17"",""total_payment_amount"":7700,""user_name"":""구룡리간지김민욱"",""user_rank"":923,""user_stage"":200}"
"stage_reached_200 (App)","W:21_0A:19_0","7","{""attendance_count"":7,""install_day"":""2025-07-19"",""total_payment_amount"":8800,""user_name"":""박대감"",""user_rank"":832,""user_stage"":200}"
"stage_reached_200 (App)","W:20_0A:19_0","8","{""attendance_count"":8,""install_day"":""2025-07-18"",""total_payment_amount"":7700,""user_name"":""비슷"",""user_rank"":876,""user_stage"":200}"
"stage_reached_200 (App)","W:20_0A:20_0","6","{""attendance_count"":6,""install_day"":""2025-07-20"",""total_payment_amount"":62700,""user_name"":""요와가와"",""user_rank"":855,""user_stage"":200}"
"stage_reached_200 (App)","W:20_0A:19_0","2","{""attendance_count"":2,""install_day"":""2025-07-24"",""total_payment_amount"":315700,""user_name"":""시몬"",""user_rank"":828,""user_stage"":200}"
"stage_reached_200 (App)","W:23_0A:19_0","9","{""attendance_count"":9,""install_day"":""2025-07-17"",""total_payment_amount"":7700,""user_name"":""무도실무관"",""user_rank"":1045,""user_stage"":200}"
"stage_reached_200 (App)","W:20_0A:19_0","7","{""attendance_count"":7,""install_day"":""2025-07-18"",""total_payment_amount"":25300,""user_name"":""구독자"",""user_rank"":834,""user_stage"":200}"
"stage_reached_200 (App)","W:21_0A:19_0","8","{""attendance_count"":8,""install_day"":""2025-07-18"",""total_payment_amount"":7700,""user_name"":""폭군이방원"",""user_rank"":915,""user_stage"":200}"
"stage_reached_200 (App)","W:20_0A:19_0","7","{""attendance_count"":7,""install_day"":""2025-07-18"",""total_payment_amount"":7700,""user_name"":""학익진"",""user_rank"":823,""user_stage"":200}"
"stage_reached_200 (App)","W:20_0A:19_0","6","{""attendance_count"":6,""install_day"":""2025-07-20"",""total_payment_amount"":0,""user_name"":""난중일"",""user_rank"":837,""user_stage"":200}"
"stage_reached_200 (App)","W:23_0A:19_0","7","{""attendance_count"":7,""install_day"":""2025-07-19"",""total_payment_amount"":7700,""user_name"":""쥐돌이"",""user_rank"":1262,""user_stage"":200}"
"stage_reached_200 (App)","W:22_0A:22_0","6","{""attendance_count"":6,""install_day"":""2025-07-19"",""total_payment_amount"":7700,""user_name"":""엘리엠"",""user_rank"":891,""user_stage"":200}"
"stage_reached_200 (App)","W:22_0A:19_0","6","{""attendance_count"":6,""install_day"":""2025-07-20"",""total_payment_amount"":16500,""user_name"":""불빠따"",""user_rank"":1192,""user_stage"":200}"
"stage_reached_200 (App)","W:20_0A:19_0","7","{""attendance_count"":7,""install_day"":""2025-07-19"",""total_payment_amount"":7700,""user_name"":""김투명"",""user_rank"":828,""user_stage"":200}"
"stage_reached_200 (App)","W:23_0A:20_0","9","{""attendance_count"":9,""install_day"":""2025-07-17"",""total_payment_amount"":7700,""user_name"":""충전"",""user_rank"":835,""user_stage"":200}"
"stage_reached_200 (App)","W:20_0A:19_0","8","{""attendance_count"":8,""install_day"":""2025-07-17"",""total_payment_amount"":7700,""user_name"":""향기"",""user_rank"":848,""user_stage"":200}"
"stage_reached_200 (App)","W:19_0A:19_0","6","{""attendance_count"":6,""install_day"":""2025-07-20"",""total_payment_amount"":40700,""user_name"":""종만"",""user_rank"":827,""user_stage"":200}"
"stage_reached_200 (App)","W:20_0A:19_0","7","{""attendance_count"":7,""install_day"":""2025-07-19"",""total_payment_amount"":0,""user_name"":""트리플채"",""user_rank"":826,""user_stage"":200}"
"stage_reached_200 (App)","W:20_0A:19_0","9","{""attendance_count"":9,""install_day"":""2025-07-17"",""total_payment_amount"":7700,""user_name"":""예상"",""user_rank"":915,""user_stage"":200}"
"stage_reached_200 (App)","W:20_0A:20_0","8","{""attendance_count"":8,""install_day"":""2025-07-18"",""total_payment_amount"":38500,""user_name"":""아자핑"",""user_rank"":812,""user_stage"":200}"
"stage_reached_200 (App)","W:20_0A:19_0","7","{""attendance_count"":7,""install_day"":""2025-07-19"",""total_payment_amount"":7700,""user_name"":""쭈로롱"",""user_rank"":827,""user_stage"":200}"
"stage_reached_200 (App)","W:19_0A:19_0","6","{""attendance_count"":6,""install_day"":""2025-07-20"",""total_payment_amount"":7700,""user_name"":""Rox"",""user_rank"":879,""user_stage"":200}"
"stage_reached_200 (App)","W:22_0A:20_0","7","{""attendance_count"":7,""install_day"":""2025-07-19"",""total_payment_amount"":0,""user_name"":""두랸"",""user_rank"":819,""user_stage"":200}"
"stage_reached_200 (App)","W:20_0A:19_0","7","{""attendance_count"":7,""install_day"":""2025-07-19"",""total_payment_amount"":40700,""user_name"":""짱뭉치"",""user_rank"":1060,""user_stage"":200}"
"stage_reached_200 (App)","W:22_0A:19_0","9","{""attendance_count"":9,""install_day"":""2025-07-16"",""total_payment_amount"":7700,""user_name"":""우리는어텐션"",""user_rank"":807,""user_stage"":200}"
"stage_reached_200 (App)","W:20_0A:19_0","8","{""attendance_count"":8,""install_day"":""2025-07-18"",""total_payment_amount"":7700,""user_name"":""찰츠"",""user_rank"":817,""user_stage"":200}"
"stage_reached_200 (App)","W:20_0A:19_0","8","{""attendance_count"":8,""install_day"":""2025-07-18"",""total_payment_amount"":7700,""user_name"":""금낭"",""user_rank"":836,""user_stage"":200}"
"stage_reached_200 (App)","W:22_0A:19_0","9","{""attendance_count"":9,""install_day"":""2025-07-16"",""total_payment_amount"":11000,""user_name"":""밤끝"",""user_rank"":836,""user_stage"":200}"
"stage_reached_200 (App)","W:20_0A:19_0","7","{""attendance_count"":7,""install_day"":""2025-07-19"",""total_payment_amount"":11000,""user_name"":""스마트닥터"",""user_rank"":805,""user_stage"":200}"
"stage_reached_200 (App)","W:22_0A:21_0","7","{""attendance_count"":7,""install_day"":""2025-07-19"",""total_payment_amount"":7700,""user_name"":""룰루루"",""user_rank"":858,""user_stage"":200}"
"stage_reached_200 (App)","W:20_0A:19_0","7","{""attendance_count"":7,""install_day"":""2025-07-19"",""total_payment_amount"":7700,""user_name"":""흰산완달"",""user_rank"":869,""user_stage"":200}"
"stage_reached_200 (App)","W:20_0A:19_0","7","{""attendance_count"":7,""install_day"":""2025-07-18"",""total_payment_amount"":14300,""user_name"":""키썽"",""user_rank"":1092,""user_stage"":200}"
"stage_reached_200 (App)","W:18_0A:19_0","6","{""attendance_count"":6,""install_day"":""2025-07-20"",""total_payment_amount"":35200,""user_name"":""한료타"",""user_rank"":909,""user_stage"":200}"
"stage_reached_200 (App)","W:20_0A:19_0","7","{""attendance_count"":7,""install_day"":""2025-07-19"",""total_payment_amount"":27500,""user_name"":""운수대통맨"",""user_rank"":710,""user_stage"":200}"
"stage_reached_200 (App)","W:23_0A:20_0","7","{""attendance_count"":7,""install_day"":""2025-07-19"",""total_payment_amount"":11000,""user_name"":""왕좌"",""user_rank"":845,""user_stage"":200}"
"stage_reached_200 (App)","W:22_0A:19_0","8","{""attendance_count"":8,""install_day"":""2025-07-18"",""total_payment_amount"":7700,""user_name"":""독고바위"",""user_rank"":829,""user_stage"":200}"
"stage_reached_200 (App)","W:20_0A:19_0","6","{""attendance_count"":6,""install_day"":""2025-07-20"",""total_payment_amount"":34100,""user_name"":""깔루아밀크"",""user_rank"":798,""user_stage"":200}"
"stage_reached_200 (App)","W:20_0A:19_0","7","{""attendance_count"":7,""install_day"":""2025-07-19"",""total_payment_amount"":7700,""user_name"":""타노"",""user_rank"":797,""user_stage"":200}"
"stage_reached_200 (App)","W:23_0A:19_0","6","{""attendance_count"":6,""install_day"":""2025-07-20"",""total_payment_amount"":7700,""user_name"":""든든한드론"",""user_rank"":885,""user_stage"":200}"
"stage_reached_200 (App)","W:20_0A:19_0","6","{""attendance_count"":6,""install_day"":""2025-07-19"",""total_payment_amount"":7700,""user_name"":""JS"",""user_rank"":863,""user_stage"":200}"
"stage_reached_200 (App)","W:20_0A:19_0","9","{""attendance_count"":9,""install_day"":""2025-07-17"",""total_payment_amount"":29700,""user_name"":""주동이"",""user_rank"":788,""user_stage"":200}"
"stage_reached_200 (App)","W:20_0A:19_0","7","{""attendance_count"":7,""install_day"":""2025-07-19"",""total_payment_amount"":0,""user_name"":""밍밋"",""user_rank"":813,""user_stage"":200}"
"stage_reached_200 (App)","W:21_0A:20_0","8","{""attendance_count"":8,""install_day"":""2025-07-18"",""total_payment_amount"":14300,""user_name"":""조자룡룡"",""user_rank"":884,""user_stage"":200}"
"stage_reached_200 (App)","W:20_0A:19_0","8","{""attendance_count"":8,""install_day"":""2025-07-18"",""total_payment_amount"":7700,""user_name"":""병삼"",""user_rank"":787,""user_stage"":200}"
"stage_reached_200 (App)","W:21_0A:19_0","10","{""attendance_count"":10,""install_day"":""2025-07-16"",""total_payment_amount"":7700,""user_name"":""덕산"",""user_rank"":809,""user_stage"":200}"
"stage_reached_200 (App)","W:22_0A:19_0","8","{""attendance_count"":8,""install_day"":""2025-07-18"",""total_payment_amount"":7700,""user_name"":""잭슨"",""user_rank"":832,""user_stage"":200}"
"stage_reached_200 (App)","W:20_0A:19_0","8","{""attendance_count"":8,""install_day"":""2025-07-18"",""total_payment_amount"":14300,""user_name"":""휘잉"",""user_rank"":855,""user_stage"":200}"
"stage_reached_200 (App)","W:23_0A:19_0","10","{""attendance_count"":10,""install_day"":""2025-07-16"",""total_payment_amount"":7700,""user_name"":""뚜라"",""user_rank"":799,""user_stage"":200}"
"stage_reached_200 (App)","W:21_0A:19_0","10","{""attendance_count"":10,""install_day"":""2025-07-16"",""total_payment_amount"":7700,""user_name"":""부검결과"",""user_rank"":871,""user_stage"":200}"
"stage_reached_200 (App)","W:22_0A:19_0","6","{""attendance_count"":6,""install_day"":""2025-07-18"",""total_payment_amount"":7700,""user_name"":""광치"",""user_rank"":826,""user_stage"":200}"
"stage_reached_200 (App)","W:20_0A:19_0","7","{""attendance_count"":7,""install_day"":""2025-07-18"",""total_payment_amount"":7700,""user_name"":""미카형"",""user_rank"":801,""user_stage"":200}"
"stage_reached_200 (App)","W:20_0A:19_0","8","{""attendance_count"":8,""install_day"":""2025-07-18"",""total_payment_amount"":0,""user_name"":""밥도둑"",""user_rank"":835,""user_stage"":200}"
"stage_reached_200 (App)","W:21_0A:19_0","9","{""attendance_count"":9,""install_day"":""2025-07-17"",""total_payment_amount"":95700,""user_name"":""킴부장"",""user_rank"":792,""user_stage"":200}"
"stage_reached_200 (App)","W:19_0A:19_0","7","{""attendance_count"":7,""install_day"":""2025-07-19"",""total_payment_amount"":18700,""user_name"":""루이아범"",""user_rank"":1016,""user_stage"":200}"
"stage_reached_200 (App)","W:19_0A:19_0","6","{""attendance_count"":6,""install_day"":""2025-07-19"",""total_payment_amount"":7700,""user_name"":""서누"",""user_rank"":849,""user_stage"":200}"
"stage_reached_200 (App)","W:20_0A:19_0","7","{""attendance_count"":7,""install_day"":""2025-07-19"",""total_payment_amount"":7700,""user_name"":""응잇"",""user_rank"":826,""user_stage"":200}"
"stage_reached_200 (App)","W:16_0A:19_0","6","{""attendance_count"":6,""install_day"":""2025-07-20"",""total_payment_amount"":7700,""user_name"":""하지닝"",""user_rank"":848,""user_stage"":200}"
"stage_reached_200 (App)","W:20_0A:19_0","8","{""attendance_count"":8,""install_day"":""2025-07-18"",""total_payment_amount"":7700,""user_name"":""달구벌"",""user_rank"":891,""user_stage"":200}"
"stage_reached_200 (App)","W:20_0A:19_0","7","{""attendance_count"":7,""install_day"":""2025-07-18"",""total_payment_amount"":7700,""user_name"":""하빈"",""user_rank"":1011,""user_stage"":200}"
"stage_reached_200 (App)","W:21_0A:19_0","7","{""attendance_count"":7,""install_day"":""2025-07-19"",""total_payment_amount"":0,""user_name"":""부사교"",""user_rank"":788,""user_stage"":200}"
"stage_reached_200 (App)","W:22_0A:19_0","8","{""attendance_count"":8,""install_day"":""2025-07-17"",""total_payment_amount"":14300,""user_name"":""그냥저냥그래"",""user_rank"":830,""user_stage"":200}"
"stage_reached_200 (App)","W:20_0A:19_0","7","{""attendance_count"":7,""install_day"":""2025-07-19"",""total_payment_amount"":7700,""user_name"":""가쥬아"",""user_rank"":792,""user_stage"":200}"
"stage_reached_200 (App)","W:20_0A:19_0","9","{""attendance_count"":9,""install_day"":""2025-07-17"",""total_payment_amount"":40700,""user_name"":""노기"",""user_rank"":786,""user_stage"":200}"
"stage_reached_200 (App)","W:20_0A:19_0","8","{""attendance_count"":8,""install_day"":""2025-07-18"",""total_payment_amount"":11000,""user_name"":""정주행"",""user_rank"":806,""user_stage"":200}"
"stage_reached_200 (App)","W:19_0A:18_0","3","{""attendance_count"":3,""install_day"":""2025-07-23"",""total_payment_amount"":106700,""user_name"":""천상악"",""user_rank"":824,""user_stage"":200}"
"stage_reached_200 (App)","W:22_0A:19_0","9","{""attendance_count"":9,""install_day"":""2025-07-17"",""total_payment_amount"":7700,""user_name"":""옹뢰"",""user_rank"":783,""user_stage"":200}"
"stage_reached_200 (App)","W:21_0A:20_0","7","{""attendance_count"":7,""install_day"":""2025-07-19"",""total_payment_amount"":29700,""user_name"":""도마안중근"",""user_rank"":779,""user_stage"":200}"
"stage_reached_200 (App)","W:20_0A:19_0","10","{""attendance_count"":10,""install_day"":""2025-07-16"",""total_payment_amount"":7700,""user_name"":""명이나물"",""user_rank"":778,""user_stage"":200}"
"stage_reached_200 (App)","W:19_0A:19_0","5","{""attendance_count"":5,""install_day"":""2025-07-20"",""total_payment_amount"":80300,""user_name"":""애플청포도"",""user_rank"":1006,""user_stage"":200}"
"stage_reached_200 (App)","W:21_0A:19_0","6","{""attendance_count"":6,""install_day"":""2025-07-20"",""total_payment_amount"":7700,""user_name"":""피엔나리"",""user_rank"":908,""user_stage"":200}"
"stage_reached_200 (App)","W:20_0A:19_0","7","{""attendance_count"":7,""install_day"":""2025-07-18"",""total_payment_amount"":7700,""user_name"":""움망"",""user_rank"":778,""user_stage"":200}"
"stage_reached_200 (App)","W:23_0A:19_0","7","{""attendance_count"":7,""install_day"":""2025-07-19"",""total_payment_amount"":7700,""user_name"":""때바기"",""user_rank"":823,""user_stage"":200}"
"stage_reached_200 (App)","W:20_0A:19_0","8","{""attendance_count"":8,""install_day"":""2025-07-18"",""total_payment_amount"":18700,""user_name"":""삼성"",""user_rank"":795,""user_stage"":200}"
"stage_reached_200 (App)","W:20_0A:19_0","9","{""attendance_count"":9,""install_day"":""2025-07-16"",""total_payment_amount"":14300,""user_name"":""tmsjvl"",""user_rank"":797,""user_stage"":200}"
"stage_reached_200 (App)","W:20_0A:19_0","7","{""attendance_count"":7,""install_day"":""2025-07-19"",""total_payment_amount"":7700,""user_name"":""아와드"",""user_rank"":777,""user_stage"":200}"
"stage_reached_200 (App)","W:21_0A:19_0","3","{""attendance_count"":3,""install_day"":""2025-07-23"",""total_payment_amount"":132000,""user_name"":""쿠쿵"",""user_rank"":863,""user_stage"":200}"
"stage_reached_200 (App)","W:20_0A:20_0","7","{""attendance_count"":7,""install_day"":""2025-07-19"",""total_payment_amount"":7700,""user_name"":""삼겹살이젤좋아"",""user_rank"":761,""user_stage"":200}"
"stage_reached_200 (App)","W:20_0A:19_0","10","{""attendance_count"":10,""install_day"":""2025-07-16"",""total_payment_amount"":7700,""user_name"":""잣까라"",""user_rank"":758,""user_stage"":200}"
"stage_reached_200 (App)","W:22_0A:19_0","5","{""attendance_count"":5,""install_day"":""2025-07-21"",""total_payment_amount"":7700,""user_name"":""시스렌"",""user_rank"":1027,""user_stage"":200}"
"stage_reached_200 (App)","W:20_0A:19_0","8","{""attendance_count"":8,""install_day"":""2025-07-18"",""total_payment_amount"":7700,""user_name"":""osm1501"",""user_rank"":756,""user_stage"":200}"
"stage_reached_200 (App)","W:20_0A:19_0","7","{""attendance_count"":7,""install_day"":""2025-07-19"",""total_payment_amount"":7700,""user_name"":""다피"",""user_rank"":769,""user_stage"":200}"
"stage_reached_200 (App)","W:21_0A:16_0","6","{""attendance_count"":6,""install_day"":""2025-07-20"",""total_payment_amount"":7700,""user_name"":""소전"",""user_rank"":768,""user_stage"":200}"
"stage_reached_200 (App)","W:20_0A:21_0","9","{""attendance_count"":9,""install_day"":""2025-07-17"",""total_payment_amount"":62700,""user_name"":""시리찡"",""user_rank"":802,""user_stage"":200}"
"stage_reached_200 (App)","W:20_0A:19_0","7","{""attendance_count"":7,""install_day"":""2025-07-19"",""total_payment_amount"":31900,""user_name"":""쫑쫑이"",""user_rank"":765,""user_stage"":200}"
"stage_reached_200 (App)","W:20_0A:22_0","3","{""attendance_count"":3,""install_day"":""2025-07-23"",""total_payment_amount"":71500,""user_name"":""국뿅"",""user_rank"":750,""user_stage"":200}"
"stage_reached_200 (App)","W:20_0A:19_0","9","{""attendance_count"":9,""install_day"":""2025-07-17"",""total_payment_amount"":7700,""user_name"":""라니아빠"",""user_rank"":763,""user_stage"":200}"
"stage_reached_200 (App)","W:19_0A:19_0","6","{""attendance_count"":6,""install_day"":""2025-07-20"",""total_payment_amount"":18700,""user_name"":""막내키키"",""user_rank"":762,""user_stage"":200}"
"stage_reached_200 (App)","W:22_0A:19_0","8","{""attendance_count"":8,""install_day"":""2025-07-18"",""total_payment_amount"":33000,""user_name"":""하유니아빠"",""user_rank"":825,""user_stage"":200}"
"stage_reached_200 (App)","W:20_0A:19_0","7","{""attendance_count"":7,""install_day"":""2025-07-17"",""total_payment_amount"":33000,""user_name"":""순돌"",""user_rank"":772,""user_stage"":200}"
"stage_reached_200 (App)","W:20_0A:20_0","8","{""attendance_count"":8,""install_day"":""2025-07-18"",""total_payment_amount"":11000,""user_name"":""정도"",""user_rank"":745,""user_stage"":200}"
"stage_reached_200 (App)","W:20_0A:19_0","7","{""attendance_count"":7,""install_day"":""2025-07-18"",""total_payment_amount"":7700,""user_name"":""인민대생"",""user_rank"":910,""user_stage"":200}"
"stage_reached_200 (App)","W:20_0A:19_0","8","{""attendance_count"":8,""install_day"":""2025-07-18"",""total_payment_amount"":7700,""user_name"":""둥마"",""user_rank"":735,""user_stage"":200}"
"stage_reached_200 (App)","W:20_0A:19_0","8","{""attendance_count"":8,""install_day"":""2025-07-18"",""total_payment_amount"":25300,""user_name"":""피유"",""user_rank"":736,""user_stage"":200}"
"stage_reached_200 (App)","W:21_0A:19_0","7","{""attendance_count"":7,""install_day"":""2025-07-19"",""total_payment_amount"":30800,""user_name"":""GOMGOM"",""user_rank"":749,""user_stage"":200}"
"stage_reached_200 (App)","W:20_0A:19_0","11","{""attendance_count"":11,""install_day"":""2025-07-15"",""total_payment_amount"":0,""user_name"":""소순하"",""user_rank"":3193,""user_stage"":200}"
"stage_reached_200 (App)","W:20_0A:19_0","8","{""attendance_count"":8,""install_day"":""2025-07-18"",""total_payment_amount"":7700,""user_name"":""김테츠"",""user_rank"":807,""user_stage"":200}"
"stage_reached_200 (App)","W:20_0A:19_0","8","{""attendance_count"":8,""install_day"":""2025-07-18"",""total_payment_amount"":80300,""user_name"":""조폭여친"",""user_rank"":775,""user_stage"":200}"
"stage_reached_200 (App)","W:22_0A:21_0","8","{""attendance_count"":8,""install_day"":""2025-07-17"",""total_payment_amount"":18700,""user_name"":""기풍한1"",""user_rank"":806,""user_stage"":200}"
"stage_reached_200 (App)","W:20_0A:19_0","7","{""attendance_count"":7,""install_day"":""2025-07-19"",""total_payment_amount"":7700,""user_name"":""재밌는친구"",""user_rank"":780,""user_stage"":200}"
"stage_reached_200 (App)","W:22_0A:19_0","8","{""attendance_count"":8,""install_day"":""2025-07-18"",""total_payment_amount"":7700,""user_name"":""이논"",""user_rank"":727,""user_stage"":200}"
"stage_reached_200 (App)","W:21_0A:19_0","5","{""attendance_count"":5,""install_day"":""2025-07-20"",""total_payment_amount"":7700,""user_name"":""구몽"",""user_rank"":756,""user_stage"":200}"
"stage_reached_200 (App)","W:23_0A:19_0","6","{""attendance_count"":6,""install_day"":""2025-07-20"",""total_payment_amount"":9900,""user_name"":""블랙닥터"",""user_rank"":789,""user_stage"":200}"
"stage_reached_200 (App)","W:20_0A:19_0","6","{""attendance_count"":6,""install_day"":""2025-07-19"",""total_payment_amount"":29700,""user_name"":""태굥"",""user_rank"":906,""user_stage"":200}"
"stage_reached_200 (App)","W:20_0A:18_0","4","{""attendance_count"":4,""install_day"":""2025-07-21"",""total_payment_amount"":139700,""user_name"":""조노비"",""user_rank"":822,""user_stage"":200}"
"stage_reached_200 (App)","W:19_0A:19_0","6","{""attendance_count"":6,""install_day"":""2025-07-19"",""total_payment_amount"":7700,""user_name"":""보집물"",""user_rank"":722,""user_stage"":200}"
"stage_reached_200 (App)","W:21_0A:19_0","6","{""attendance_count"":6,""install_day"":""2025-07-19"",""total_payment_amount"":11000,""user_name"":""뮴윰"",""user_rank"":751,""user_stage"":200}"
"stage_reached_200 (App)","W:20_0A:20_0","10","{""attendance_count"":10,""install_day"":""2025-07-16"",""total_payment_amount"":7700,""user_name"":""시인아이"",""user_rank"":750,""user_stage"":200}"
"stage_reached_200 (App)","W:20_0A:20_0","7","{""attendance_count"":7,""install_day"":""2025-07-18"",""total_payment_amount"":7700,""user_name"":""용문귀등환"",""user_rank"":750,""user_stage"":200}"
"stage_reached_200 (App)","W:20_0A:19_0","9","{""attendance_count"":9,""install_day"":""2025-07-16"",""total_payment_amount"":7700,""user_name"":""찍먹222"",""user_rank"":799,""user_stage"":200}"
"stage_reached_200 (App)","W:18_0A:19_0","6","{""attendance_count"":6,""install_day"":""2025-07-19"",""total_payment_amount"":7700,""user_name"":""황소장"",""user_rank"":719,""user_stage"":200}"
"stage_reached_200 (App)","W:20_0A:19_0","6","{""attendance_count"":6,""install_day"":""2025-07-19"",""total_payment_amount"":7700,""user_name"":""퓨딜"",""user_rank"":772,""user_stage"":200}"
"stage_reached_200 (App)","W:21_0A:19_0","7","{""attendance_count"":7,""install_day"":""2025-07-19"",""total_payment_amount"":7700,""user_name"":""개밥은줬는가"",""user_rank"":818,""user_stage"":200}"
"stage_reached_200 (App)","W:20_0A:19_0","7","{""attendance_count"":7,""install_day"":""2025-07-19"",""total_payment_amount"":0,""user_name"":""두부집사"",""user_rank"":732,""user_stage"":200}"
"stage_reached_200 (App)","W:20_0A:18_0","7","{""attendance_count"":7,""install_day"":""2025-07-18"",""total_payment_amount"":27500,""user_name"":""김회장"",""user_rank"":745,""user_stage"":200}"
"stage_reached_200 (App)","W:20_0A:19_0","8","{""attendance_count"":8,""install_day"":""2025-07-18"",""total_payment_amount"":7700,""user_name"":""꿀딴지"",""user_rank"":777,""user_stage"":200}"
"stage_reached_200 (App)","W:21_0A:19_0","7","{""attendance_count"":7,""install_day"":""2025-07-18"",""total_payment_amount"":7700,""user_name"":""정튀"",""user_rank"":767,""user_stage"":200}"
"stage_reached_200 (App)","W:20_0A:19_0","6","{""attendance_count"":6,""install_day"":""2025-07-20"",""total_payment_amount"":11000,""user_name"":""그런"",""user_rank"":913,""user_stage"":200}"
"stage_reached_200 (App)","W:22_0A:19_0","6","{""attendance_count"":6,""install_day"":""2025-07-19"",""total_payment_amount"":0,""user_name"":""진술이"",""user_rank"":989,""user_stage"":200}"
"stage_reached_200 (App)","W:20_0A:16_0","4","{""attendance_count"":4,""install_day"":""2025-07-21"",""total_payment_amount"":62700,""user_name"":""서씨옴"",""user_rank"":860,""user_stage"":200}"
"stage_reached_200 (App)","W:22_0A:20_0","7","{""attendance_count"":7,""install_day"":""2025-07-19"",""total_payment_amount"":7700,""user_name"":""호담시"",""user_rank"":1334,""user_stage"":200}"
"stage_reached_200 (App)","W:23_0A:19_0","9","{""attendance_count"":9,""install_day"":""2025-07-17"",""total_payment_amount"":7700,""user_name"":""PNPRS"",""user_rank"":809,""user_stage"":200}"
"stage_reached_200 (App)","W:21_0A:17_0","5","{""attendance_count"":5,""install_day"":""2025-07-20"",""total_payment_amount"":40700,""user_name"":""닷지"",""user_rank"":799,""user_stage"":200}"
"stage_reached_200 (App)","W:20_0A:19_0","8","{""attendance_count"":8,""install_day"":""2025-07-18"",""total_payment_amount"":0,""user_name"":""이일이"",""user_rank"":708,""user_stage"":200}"
"stage_reached_200 (App)","W:20_0A:19_0","8","{""attendance_count"":8,""install_day"":""2025-07-18"",""total_payment_amount"":7700,""user_name"":""후아"",""user_rank"":908,""user_stage"":200}"
"stage_reached_200 (App)","W:20_0A:19_0","7","{""attendance_count"":7,""install_day"":""2025-07-18"",""total_payment_amount"":14300,""user_name"":""유느0"",""user_rank"":806,""user_stage"":200}"
"stage_reached_200 (App)","W:19_0A:17_0","4","{""attendance_count"":4,""install_day"":""2025-07-21"",""total_payment_amount"":91300,""user_name"":""미율"",""user_rank"":716,""user_stage"":200}"
"stage_reached_200 (App)","W:20_0A:19_0","7","{""attendance_count"":7,""install_day"":""2025-07-19"",""total_payment_amount"":0,""user_name"":""의천사"",""user_rank"":804,""user_stage"":200}"
"stage_reached_200 (App)","W:20_0A:19_0","7","{""attendance_count"":7,""install_day"":""2025-07-19"",""total_payment_amount"":29700,""user_name"":""오오츠카사"",""user_rank"":806,""user_stage"":200}"
"stage_reached_200 (App)","W:20_0A:19_0","10","{""attendance_count"":10,""install_day"":""2025-07-15"",""total_payment_amount"":0,""user_name"":""수원1111"",""user_rank"":3154,""user_stage"":200}"
"stage_reached_200 (App)","W:23_0A:19_0","5","{""attendance_count"":5,""install_day"":""2025-07-21"",""total_payment_amount"":7700,""user_name"":""내강"",""user_rank"":769,""user_stage"":200}"
"stage_reached_200 (App)","W:23_0A:20_0","5","{""attendance_count"":5,""install_day"":""2025-07-21"",""total_payment_amount"":0,""user_name"":""루루히메"",""user_rank"":713,""user_stage"":200}"
"stage_reached_200 (App)","W:21_0A:19_0","6","{""attendance_count"":6,""install_day"":""2025-07-19"",""total_payment_amount"":26400,""user_name"":""주세요"",""user_rank"":704,""user_stage"":200}"
"stage_reached_200 (App)","W:20_0A:19_0","7","{""attendance_count"":7,""install_day"":""2025-07-18"",""total_payment_amount"":25300,""user_name"":""무간이"",""user_rank"":744,""user_stage"":200}"
"stage_reached_200 (App)","W:22_0A:19_0","5","{""attendance_count"":5,""install_day"":""2025-07-16"",""total_payment_amount"":7700,""user_name"":""강도"",""user_rank"":784,""user_stage"":200}"
"stage_reached_200 (App)","W:20_0A:19_0","8","{""attendance_count"":8,""install_day"":""2025-07-18"",""total_payment_amount"":7700,""user_name"":""홍두깨"",""user_rank"":724,""user_stage"":200}"
"stage_reached_200 (App)","W:21_0A:19_0","6","{""attendance_count"":6,""install_day"":""2025-07-20"",""total_payment_amount"":7700,""user_name"":""Munsu19"",""user_rank"":774,""user_stage"":200}"
"stage_reached_200 (App)","W:21_0A:19_0","8","{""attendance_count"":8,""install_day"":""2025-07-18"",""total_payment_amount"":7700,""user_name"":""체마"",""user_rank"":750,""user_stage"":200}"
"stage_reached_200 (App)","W:20_0A:19_0","5","{""attendance_count"":5,""install_day"":""2025-07-20"",""total_payment_amount"":36300,""user_name"":""아기맹수말티즈"",""user_rank"":713,""user_stage"":200}"
"stage_reached_200 (App)","W:20_0A:20_0","5","{""attendance_count"":5,""install_day"":""2025-07-20"",""total_payment_amount"":117700,""user_name"":""블레스"",""user_rank"":757,""user_stage"":200}"
"stage_reached_200 (App)","W:20_0A:19_0","8","{""attendance_count"":8,""install_day"":""2025-07-18"",""total_payment_amount"":7700,""user_name"":""이준토"",""user_rank"":907,""user_stage"":200}"
"stage_reached_200 (App)","W:20_0A:19_0","8","{""attendance_count"":8,""install_day"":""2025-07-17"",""total_payment_amount"":7700,""user_name"":""최난세"",""user_rank"":724,""user_stage"":200}"
"stage_reached_200 (App)","W:23_0A:23_0","8","{""attendance_count"":8,""install_day"":""2025-07-17"",""total_payment_amount"":7700,""user_name"":""초코국밥"",""user_rank"":724,""user_stage"":200}"
"stage_reached_200 (App)","W:20_0A:19_0","7","{""attendance_count"":7,""install_day"":""2025-07-18"",""total_payment_amount"":0,""user_name"":""달빛나린아이"",""user_rank"":771,""user_stage"":200}"
"stage_reached_200 (App)","W:20_0A:19_0","9","{""attendance_count"":9,""install_day"":""2025-07-17"",""total_payment_amount"":0,""user_name"":""싸우전드"",""user_rank"":741,""user_stage"":200}"
"stage_reached_200 (App)","W:20_0A:19_0","8","{""attendance_count"":8,""install_day"":""2025-07-17"",""total_payment_amount"":7700,""user_name"":""이시아"",""user_rank"":748,""user_stage"":200}"
"stage_reached_200 (App)","W:20_0A:19_0","7","{""attendance_count"":7,""install_day"":""2025-07-19"",""total_payment_amount"":7700,""user_name"":""홍삼나무"",""user_rank"":694,""user_stage"":200}"
"stage_reached_200 (App)","W:20_0A:19_0","7","{""attendance_count"":7,""install_day"":""2025-07-19"",""total_payment_amount"":37400,""user_name"":""JMG"",""user_rank"":893,""user_stage"":200}"
"stage_reached_200 (App)","W:19_0A:19_0","6","{""attendance_count"":6,""install_day"":""2025-07-19"",""total_payment_amount"":73700,""user_name"":""초코야놀자2"",""user_rank"":743,""user_stage"":200}"
"stage_reached_200 (App)","W:20_0A:19_0","10","{""attendance_count"":10,""install_day"":""2025-07-16"",""total_payment_amount"":40700,""user_name"":""땅더비"",""user_rank"":734,""user_stage"":200}"
"stage_reached_200 (App)","W:20_0A:20_0","8","{""attendance_count"":8,""install_day"":""2025-07-18"",""total_payment_amount"":7700,""user_name"":""skyway"",""user_rank"":755,""user_stage"":200}"
"stage_reached_200 (App)","W:20_0A:19_0","8","{""attendance_count"":8,""install_day"":""2025-07-18"",""total_payment_amount"":28600,""user_name"":""akou"",""user_rank"":721,""user_stage"":200}"
"stage_reached_200 (App)","W:20_0A:19_0","7","{""attendance_count"":7,""install_day"":""2025-07-18"",""total_payment_amount"":11000,""user_name"":""깅상"",""user_rank"":721,""user_stage"":200}"
"stage_reached_200 (App)","W:20_0A:19_0","7","{""attendance_count"":7,""install_day"":""2025-07-19"",""total_payment_amount"":7700,""user_name"":""또나"",""user_rank"":973,""user_stage"":200}"
"stage_reached_200 (App)","W:20_0A:19_0","8","{""attendance_count"":8,""install_day"":""2025-07-18"",""total_payment_amount"":28600,""user_name"":""손영웅"",""user_rank"":753,""user_stage"":200}"
"stage_reached_200 (App)","W:21_0A:19_0","11","{""attendance_count"":11,""install_day"":""2025-07-15"",""total_payment_amount"":0,""user_name"":""쥐샥기"",""user_rank"":3154,""user_stage"":200}"
"stage_reached_200 (App)","W:20_0A:19_0","7","{""attendance_count"":7,""install_day"":""2025-07-19"",""total_payment_amount"":7700,""user_name"":""꿀곰"",""user_rank"":734,""user_stage"":200}"
"stage_reached_200 (App)","W:20_0A:20_0","10","{""attendance_count"":10,""install_day"":""2025-07-16"",""total_payment_amount"":29700,""user_name"":""소바비"",""user_rank"":741,""user_stage"":200}"
"stage_reached_200 (App)","W:21_0A:19_0","6","{""attendance_count"":6,""install_day"":""2025-07-19"",""total_payment_amount"":14300,""user_name"":""오동"",""user_rank"":835,""user_stage"":200}"
"stage_reached_200 (App)","W:20_0A:19_0","7","{""attendance_count"":7,""install_day"":""2025-07-18"",""total_payment_amount"":7700,""user_name"":""배릴"",""user_rank"":684,""user_stage"":200}"
"stage_reached_200 (App)","W:20_0A:20_0","7","{""attendance_count"":7,""install_day"":""2025-07-18"",""total_payment_amount"":150700,""user_name"":""뭉치기"",""user_rank"":666,""user_stage"":200}"
"stage_reached_200 (App)","W:20_0A:19_0","7","{""attendance_count"":7,""install_day"":""2025-07-18"",""total_payment_amount"":7700,""user_name"":""포차"",""user_rank"":713,""user_stage"":200}"
"stage_reached_200 (App)","W:22_0A:19_0","5","{""attendance_count"":5,""install_day"":""2025-07-20"",""total_payment_amount"":7700,""user_name"":""안산한량"",""user_rank"":834,""user_stage"":200}"
"stage_reached_200 (App)","W:20_0A:22_0","6","{""attendance_count"":6,""install_day"":""2025-07-18"",""total_payment_amount"":7700,""user_name"":""효자동용가리"",""user_rank"":701,""user_stage"":200}"
"stage_reached_200 (App)","W:21_0A:19_0","7","{""attendance_count"":7,""install_day"":""2025-07-18"",""total_payment_amount"":7700,""user_name"":""은혼"",""user_rank"":699,""user_stage"":200}"
"stage_reached_200 (App)","W:22_0A:23_0","6","{""attendance_count"":6,""install_day"":""2025-07-19"",""total_payment_amount"":0,""user_name"":""멍뭉OI"",""user_rank"":693,""user_stage"":200}"
"stage_reached_200 (App)","W:20_0A:19_0","7","{""attendance_count"":7,""install_day"":""2025-07-17"",""total_payment_amount"":7700,""user_name"":""안경곰"",""user_rank"":684,""user_stage"":200}"
"stage_reached_200 (App)","W:21_0A:21_0","7","{""attendance_count"":7,""install_day"":""2025-07-16"",""total_payment_amount"":62700,""user_name"":""등이"",""user_rank"":742,""user_stage"":200}"
"stage_reached_200 (App)","W:20_0A:19_0","10","{""attendance_count"":10,""install_day"":""2025-07-15"",""total_payment_amount"":7700,""user_name"":""아이구"",""user_rank"":3190,""user_stage"":200}"
"stage_reached_200 (App)","W:17_0A:19_0","4","{""attendance_count"":4,""install_day"":""2025-07-21"",""total_payment_amount"":27500,""user_name"":""기린아"",""user_rank"":686,""user_stage"":200}"
"stage_reached_200 (App)","W:20_0A:19_0","8","{""attendance_count"":8,""install_day"":""2025-07-17"",""total_payment_amount"":7700,""user_name"":""염살"",""user_rank"":824,""user_stage"":200}"
"stage_reached_200 (App)","W:19_0A:19_0","6","{""attendance_count"":6,""install_day"":""2025-07-18"",""total_payment_amount"":7700,""user_name"":""공산당이싫어요"",""user_rank"":676,""user_stage"":200}"
"stage_reached_200 (App)","W:21_0A:19_0","6","{""attendance_count"":6,""install_day"":""2025-07-19"",""total_payment_amount"":40700,""user_name"":""통이"",""user_rank"":690,""user_stage"":200}"
"stage_reached_200 (App)","W:22_0A:20_0","5","{""attendance_count"":5,""install_day"":""2025-07-20"",""total_payment_amount"":7700,""user_name"":""짱호"",""user_rank"":748,""user_stage"":200}"
"stage_reached_200 (App)","W:20_0A:19_0","7","{""attendance_count"":7,""install_day"":""2025-07-18"",""total_payment_amount"":7700,""user_name"":""홍길동이"",""user_rank"":701,""user_stage"":200}"
"stage_reached_200 (App)","W:22_0A:19_0","6","{""attendance_count"":6,""install_day"":""2025-07-19"",""total_payment_amount"":0,""user_name"":""코코루"",""user_rank"":621,""user_stage"":200}"
"stage_reached_200 (App)","W:20_0A:19_0","7","{""attendance_count"":7,""install_day"":""2025-07-18"",""total_payment_amount"":7700,""user_name"":""필천"",""user_rank"":669,""user_stage"":200}"
"stage_reached_200 (App)","W:19_0A:19_0","5","{""attendance_count"":5,""install_day"":""2025-07-16"",""total_payment_amount"":29700,""user_name"":""역적이종배"",""user_rank"":768,""user_stage"":200}"
"stage_reached_200 (App)","W:20_0A:19_0","9","{""attendance_count"":9,""install_day"":""2025-07-16"",""total_payment_amount"":7700,""user_name"":""뭐로"",""user_rank"":667,""user_stage"":200}"
"stage_reached_200 (App)","W:22_0A:19_0","5","{""attendance_count"":5,""install_day"":""2025-07-20"",""total_payment_amount"":7700,""user_name"":""난세의드래곤"",""user_rank"":666,""user_stage"":200}"
"stage_reached_200 (App)","W:20_0A:19_0","7","{""attendance_count"":7,""install_day"":""2025-07-18"",""total_payment_amount"":7700,""user_name"":""달의정기"",""user_rank"":675,""user_stage"":200}"
"stage_reached_200 (App)","W:19_0A:15_0","6","{""attendance_count"":6,""install_day"":""2025-07-19"",""total_payment_amount"":7700,""user_name"":""Pisces"",""user_rank"":709,""user_stage"":200}"
"stage_reached_200 (App)","W:21_0A:19_0","9","{""attendance_count"":9,""install_day"":""2025-07-16"",""total_payment_amount"":18700,""user_name"":""이유따위"",""user_rank"":696,""user_stage"":200}"
"stage_reached_200 (App)","W:20_0A:19_0","8","{""attendance_count"":8,""install_day"":""2025-07-17"",""total_payment_amount"":7700,""user_name"":""타요"",""user_rank"":679,""user_stage"":200}"
"stage_reached_200 (App)","W:21_0A:20_0","8","{""attendance_count"":8,""install_day"":""2025-07-16"",""total_payment_amount"":7700,""user_name"":""탕탕너구리"",""user_rank"":707,""user_stage"":200}"
"stage_reached_200 (App)","W:23_0A:19_0","6","{""attendance_count"":6,""install_day"":""2025-07-19"",""total_payment_amount"":0,""user_name"":""진구영"",""user_rank"":692,""user_stage"":200}"
"stage_reached_200 (App)","W:19_0A:19_0","3","{""attendance_count"":3,""install_day"":""2025-07-22"",""total_payment_amount"":100100,""user_name"":""두율대디"",""user_rank"":658,""user_stage"":200}"
"stage_reached_200 (App)","W:20_0A:19_0","7","{""attendance_count"":7,""install_day"":""2025-07-17"",""total_payment_amount"":7700,""user_name"":""워홀러"",""user_rank"":582,""user_stage"":200}"
"stage_reached_200 (App)","W:23_0A:19_0","8","{""attendance_count"":8,""install_day"":""2025-07-16"",""total_payment_amount"":7700,""user_name"":""고려제일검사"",""user_rank"":689,""user_stage"":200}"
"stage_reached_200 (App)","W:20_0A:19_0","8","{""attendance_count"":8,""install_day"":""2025-07-17"",""total_payment_amount"":7700,""user_name"":""오월이"",""user_rank"":664,""user_stage"":200}"
"stage_reached_200 (App)","W:22_0A:19_0","5","{""attendance_count"":5,""install_day"":""2025-07-20"",""total_payment_amount"":50600,""user_name"":""부앙"",""user_rank"":1322,""user_stage"":200}"
"stage_reached_200 (App)","W:20_0A:19_0","6","{""attendance_count"":6,""install_day"":""2025-07-19"",""total_payment_amount"":40700,""user_name"":""피맛"",""user_rank"":663,""user_stage"":200}"
"stage_reached_200 (App)","W:19_0A:20_0","6","{""attendance_count"":6,""install_day"":""2025-07-19"",""total_payment_amount"":55000,""user_name"":""신비로운다람쥐"",""user_rank"":731,""user_stage"":200}"
"stage_reached_200 (App)","W:19_0A:19_0","3","{""attendance_count"":3,""install_day"":""2025-07-21"",""total_payment_amount"":150700,""user_name"":""포류되면포기"",""user_rank"":705,""user_stage"":200}"
"stage_reached_200 (App)","W:23_0A:20_0","6","{""attendance_count"":6,""install_day"":""2025-07-19"",""total_payment_amount"":7700,""user_name"":""대황족"",""user_rank"":669,""user_stage"":200}"
"stage_reached_200 (App)","W:20_0A:19_0","7","{""attendance_count"":7,""install_day"":""2025-07-18"",""total_payment_amount"":7700,""user_name"":""원탑"",""user_rank"":653,""user_stage"":200}"
"stage_reached_200 (App)","W:20_0A:20_0","23","{""attendance_count"":23,""install_day"":""2025-07-02"",""total_payment_amount"":0,""user_name"":""오마주"",""user_rank"":3174,""user_stage"":200}"
"stage_reached_200 (App)","W:22_0A:19_0","7","{""attendance_count"":7,""install_day"":""2025-07-18"",""total_payment_amount"":7700,""user_name"":""백캐노"",""user_rank"":791,""user_stage"":200}"
"stage_reached_200 (App)","W:20_0A:19_0","6","{""attendance_count"":6,""install_day"":""2025-07-18"",""total_payment_amount"":14300,""user_name"":""부부북"",""user_rank"":660,""user_stage"":200}"
"stage_reached_200 (App)","W:22_0A:19_0","7","{""attendance_count"":7,""install_day"":""2025-07-17"",""total_payment_amount"":0,""user_name"":""침착한"",""user_rank"":658,""user_stage"":200}"
"stage_reached_200 (App)","W:20_0A:19_0","8","{""attendance_count"":8,""install_day"":""2025-07-17"",""total_payment_amount"":11000,""user_name"":""Horang"",""user_rank"":748,""user_stage"":200}"
"stage_reached_200 (App)","W:19_0A:19_0","6","{""attendance_count"":6,""install_day"":""2025-07-19"",""total_payment_amount"":20900,""user_name"":""손후추"",""user_rank"":743,""user_stage"":200}"
"stage_reached_200 (App)","W:20_0A:19_0","6","{""attendance_count"":6,""install_day"":""2025-07-18"",""total_payment_amount"":7700,""user_name"":""도휼"",""user_rank"":688,""user_stage"":200}"
"stage_reached_200 (App)","W:21_0A:19_0","9","{""attendance_count"":9,""install_day"":""2025-07-16"",""total_payment_amount"":0,""user_name"":""빠루"",""user_rank"":799,""user_stage"":200}"
"stage_reached_200 (App)","W:20_0A:19_0","7","{""attendance_count"":7,""install_day"":""2025-07-18"",""total_payment_amount"":14300,""user_name"":""딤맹딘"",""user_rank"":672,""user_stage"":200}"
"stage_reached_200 (App)","W:20_0A:19_0","6","{""attendance_count"":6,""install_day"":""2025-07-19"",""total_payment_amount"":14300,""user_name"":""라인서"",""user_rank"":720,""user_stage"":200}"
"stage_reached_200 (App)","W:20_0A:19_0","7","{""attendance_count"":7,""install_day"":""2025-07-18"",""total_payment_amount"":7700,""user_name"":""블루딩굴"",""user_rank"":646,""user_stage"":200}"
"stage_reached_200 (App)","W:20_0A:19_0","7","{""attendance_count"":7,""install_day"":""2025-07-18"",""total_payment_amount"":7700,""user_name"":""TOD"",""user_rank"":708,""user_stage"":200}"
"stage_reached_200 (App)","W:18_0A:18_0","4","{""attendance_count"":4,""install_day"":""2025-07-20"",""total_payment_amount"":102300,""user_name"":""나동백"",""user_rank"":713,""user_stage"":200}"
"stage_reached_200 (App)","W:23_0A:20_0","9","{""attendance_count"":9,""install_day"":""2025-07-16"",""total_payment_amount"":7700,""user_name"":""sorom"",""user_rank"":1044,""user_stage"":200}"
"stage_reached_200 (App)","W:21_0A:19_0","7","{""attendance_count"":7,""install_day"":""2025-07-17"",""total_payment_amount"":29700,""user_name"":""그르"",""user_rank"":681,""user_stage"":200}"
"stage_reached_200 (App)","W:21_0A:20_0","6","{""attendance_count"":6,""install_day"":""2025-07-19"",""total_payment_amount"":7700,""user_name"":""마롱"",""user_rank"":637,""user_stage"":200}"
"stage_reached_200 (App)","W:22_0A:19_0","5","{""attendance_count"":5,""install_day"":""2025-07-20"",""total_payment_amount"":7700,""user_name"":""빡대리"",""user_rank"":647,""user_stage"":200}"
"stage_reached_200 (App)","W:20_0A:19_0","5","{""attendance_count"":5,""install_day"":""2025-07-19"",""total_payment_amount"":0,""user_name"":""유베"",""user_rank"":654,""user_stage"":200}"
"stage_reached_200 (App)","W:20_0A:19_0","7","{""attendance_count"":7,""install_day"":""2025-07-18"",""total_payment_amount"":7700,""user_name"":""샥련"",""user_rank"":704,""user_stage"":200}"
"stage_reached_200 (App)","W:21_0A:19_0","7","{""attendance_count"":7,""install_day"":""2025-07-18"",""total_payment_amount"":0,""user_name"":""POOH"",""user_rank"":646,""user_stage"":200}"
"stage_reached_200 (App)","W:20_0A:19_0","8","{""attendance_count"":8,""install_day"":""2025-07-17"",""total_payment_amount"":0,""user_name"":""총총이"",""user_rank"":710,""user_stage"":200}"
"stage_reached_200 (App)","W:20_0A:19_0","7","{""attendance_count"":7,""install_day"":""2025-07-18"",""total_payment_amount"":62700,""user_name"":""재아님"",""user_rank"":650,""user_stage"":200}"
"stage_reached_200 (App)","W:21_0A:19_0","6","{""attendance_count"":6,""install_day"":""2025-07-19"",""total_payment_amount"":51700,""user_name"":""만티"",""user_rank"":686,""user_stage"":200}"
"stage_reached_200 (App)","W:19_0A:19_0","6","{""attendance_count"":6,""install_day"":""2025-07-18"",""total_payment_amount"":58300,""user_name"":""춘하"",""user_rank"":993,""user_stage"":200}"
"stage_reached_200 (App)","W:20_0A:19_0","7","{""attendance_count"":7,""install_day"":""2025-07-18"",""total_payment_amount"":0,""user_name"":""독신귀족"",""user_rank"":644,""user_stage"":200}"
"stage_reached_200 (App)","W:20_0A:19_0","4","{""attendance_count"":4,""install_day"":""2025-07-17"",""total_payment_amount"":124300,""user_name"":""해일"",""user_rank"":813,""user_stage"":200}"
"stage_reached_200 (App)","W:20_0A:19_0","7","{""attendance_count"":7,""install_day"":""2025-07-18"",""total_payment_amount"":7700,""user_name"":""강한자"",""user_rank"":646,""user_stage"":200}"
"stage_reached_200 (App)","W:20_0A:19_0","8","{""attendance_count"":8,""install_day"":""2025-07-17"",""total_payment_amount"":7700,""user_name"":""란세표"",""user_rank"":725,""user_stage"":200}"
"stage_reached_200 (App)","W:18_0A:17_0","2","{""attendance_count"":2,""install_day"":""2025-07-23"",""total_payment_amount"":138600,""user_name"":""놀우"",""user_rank"":615,""user_stage"":200}"
"stage_reached_200 (App)","W:22_0A:19_0","6","{""attendance_count"":6,""install_day"":""2025-07-18"",""total_payment_amount"":0,""user_name"":""오한"",""user_rank"":680,""user_stage"":200}"
"stage_reached_200 (App)","W:20_0A:19_0","7","{""attendance_count"":7,""install_day"":""2025-07-18"",""total_payment_amount"":11000,""user_name"":""콩엨콩"",""user_rank"":771,""user_stage"":200}"
"stage_reached_200 (App)","W:20_0A:15_0","6","{""attendance_count"":6,""install_day"":""2025-07-18"",""total_payment_amount"":57200,""user_name"":""홈쇼핑"",""user_rank"":622,""user_stage"":200}"
"stage_reached_200 (App)","W:21_0A:19_0","8","{""attendance_count"":8,""install_day"":""2025-07-17"",""total_payment_amount"":0,""user_name"":""김밤톨"",""user_rank"":622,""user_stage"":200}"
"stage_reached_200 (App)","W:22_0A:22_0","8","{""attendance_count"":8,""install_day"":""2025-07-17"",""total_payment_amount"":7700,""user_name"":""힘센캐"",""user_rank"":617,""user_stage"":200}"
"stage_reached_200 (App)","W:20_0A:19_0","8","{""attendance_count"":8,""install_day"":""2025-07-17"",""total_payment_amount"":7700,""user_name"":""쁘니크미"",""user_rank"":634,""user_stage"":200}"
"stage_reached_200 (App)","W:22_0A:19_0","7","{""attendance_count"":7,""install_day"":""2025-07-17"",""total_payment_amount"":7700,""user_name"":""술홍"",""user_rank"":612,""user_stage"":200}"
"stage_reached_200 (App)","W:22_0A:19_0","7","{""attendance_count"":7,""install_day"":""2025-07-18"",""total_payment_amount"":0,""user_name"":""아아가나"",""user_rank"":681,""user_stage"":200}"
"stage_reached_200 (App)","W:20_0A:20_0","7","{""attendance_count"":7,""install_day"":""2025-07-18"",""total_payment_amount"":18700,""user_name"":""근들갑"",""user_rank"":643,""user_stage"":200}"
"stage_reached_200 (App)","W:20_0A:19_0","5","{""attendance_count"":5,""install_day"":""2025-07-19"",""total_payment_amount"":39600,""user_name"":""오늘만산다"",""user_rank"":701,""user_stage"":200}"
"stage_reached_200 (App)","W:20_0A:19_0","7","{""attendance_count"":7,""install_day"":""2025-07-18"",""total_payment_amount"":7700,""user_name"":""김인서"",""user_rank"":619,""user_stage"":200}"
"stage_reached_200 (App)","W:22_0A:19_0","6","{""attendance_count"":6,""install_day"":""2025-07-19"",""total_payment_amount"":7700,""user_name"":""릭시드"",""user_rank"":1004,""user_stage"":200}"
"stage_reached_200 (App)","W:22_0A:19_0","6","{""attendance_count"":6,""install_day"":""2025-07-19"",""total_payment_amount"":0,""user_name"":""란트"",""user_rank"":625,""user_stage"":200}"
"stage_reached_200 (App)","W:23_0A:19_0","8","{""attendance_count"":8,""install_day"":""2025-07-17"",""total_payment_amount"":7700,""user_name"":""가원"",""user_rank"":610,""user_stage"":200}"
"stage_reached_200 (App)","W:16_0A:19_0","6","{""attendance_count"":6,""install_day"":""2025-07-18"",""total_payment_amount"":11000,""user_name"":""뉴진스해린"",""user_rank"":624,""user_stage"":200}"
"stage_reached_200 (App)","W:21_0A:23_0","7","{""attendance_count"":7,""install_day"":""2025-07-18"",""total_payment_amount"":7700,""user_name"":""카마신"",""user_rank"":639,""user_stage"":200}"
"stage_reached_200 (App)","W:22_0A:19_0","7","{""attendance_count"":7,""install_day"":""2025-07-18"",""total_payment_amount"":0,""user_name"":""비오v"",""user_rank"":680,""user_stage"":200}"
"stage_reached_200 (App)","W:20_0A:19_0","7","{""attendance_count"":7,""install_day"":""2025-07-18"",""total_payment_amount"":7700,""user_name"":""불꺼진성냥"",""user_rank"":804,""user_stage"":200}"
"stage_reached_200 (App)","W:22_0A:19_0","7","{""attendance_count"":7,""install_day"":""2025-07-18"",""total_payment_amount"":7700,""user_name"":""명량"",""user_rank"":768,""user_stage"":200}"
"stage_reached_200 (App)","W:20_0A:19_0","9","{""attendance_count"":9,""install_day"":""2025-07-16"",""total_payment_amount"":7700,""user_name"":""굿보이"",""user_rank"":648,""user_stage"":200}"
"stage_reached_200 (App)","W:20_0A:19_0","9","{""attendance_count"":9,""install_day"":""2025-07-16"",""total_payment_amount"":33000,""user_name"":""갈비냉면"",""user_rank"":968,""user_stage"":200}"
"stage_reached_200 (App)","W:23_0A:19_0","9","{""attendance_count"":9,""install_day"":""2025-07-16"",""total_payment_amount"":7700,""user_name"":""도르테아"",""user_rank"":615,""user_stage"":200}"
"stage_reached_200 (App)","W:20_0A:19_0","3","{""attendance_count"":3,""install_day"":""2025-07-22"",""total_payment_amount"":187000,""user_name"":""사삭"",""user_rank"":615,""user_stage"":200}"
"stage_reached_200 (App)","W:20_0A:19_0","6","{""attendance_count"":6,""install_day"":""2025-07-19"",""total_payment_amount"":11000,""user_name"":""드웨인종슨"",""user_rank"":665,""user_stage"":200}"
"stage_reached_200 (App)","W:17_0A:19_0","5","{""attendance_count"":5,""install_day"":""2025-07-20"",""total_payment_amount"":40700,""user_name"":""코코봉봉"",""user_rank"":601,""user_stage"":200}"
"stage_reached_200 (App)","W:20_0A:19_0","5","{""attendance_count"":5,""install_day"":""2025-07-20"",""total_payment_amount"":25300,""user_name"":""까페라떼"",""user_rank"":633,""user_stage"":200}"
"stage_reached_200 (App)","W:19_0A:19_0","6","{""attendance_count"":6,""install_day"":""2025-07-19"",""total_payment_amount"":0,""user_name"":""엄지꼬마s2"",""user_rank"":601,""user_stage"":200}"
"stage_reached_200 (App)","W:20_0A:19_0","7","{""attendance_count"":7,""install_day"":""2025-07-18"",""total_payment_amount"":7700,""user_name"":""고호고로"",""user_rank"":596,""user_stage"":200}"
"stage_reached_200 (App)","W:22_0A:23_0","7","{""attendance_count"":7,""install_day"":""2025-07-18"",""total_payment_amount"":0,""user_name"":""goof"",""user_rank"":604,""user_stage"":200}"
"stage_reached_200 (App)","W:19_0A:16_0","3","{""attendance_count"":3,""install_day"":""2025-07-22"",""total_payment_amount"":137500,""user_name"":""알팡카"",""user_rank"":601,""user_stage"":200}"
"stage_reached_200 (App)","W:22_0A:20_0","7","{""attendance_count"":7,""install_day"":""2025-07-18"",""total_payment_amount"":117700,""user_name"":""쪽쪽"",""user_rank"":602,""user_stage"":200}"
"stage_reached_200 (App)","W:20_0A:19_0","6","{""attendance_count"":6,""install_day"":""2025-07-19"",""total_payment_amount"":0,""user_name"":""애국열사"",""user_rank"":593,""user_stage"":200}"
"stage_reached_200 (App)","W:23_0A:20_0","6","{""attendance_count"":6,""install_day"":""2025-07-19"",""total_payment_amount"":29700,""user_name"":""허모띠"",""user_rank"":663,""user_stage"":200}"
"stage_reached_200 (App)","W:21_0A:19_0","7","{""attendance_count"":7,""install_day"":""2025-07-18"",""total_payment_amount"":7700,""user_name"":""성명현"",""user_rank"":644,""user_stage"":200}"
"stage_reached_200 (App)","W:20_0A:19_0","7","{""attendance_count"":7,""install_day"":""2025-07-18"",""total_payment_amount"":14300,""user_name"":""리정"",""user_rank"":643,""user_stage"":200}"
"stage_reached_200 (App)","W:20_0A:19_0","13","{""attendance_count"":13,""install_day"":""2025-01-16"",""total_payment_amount"":8800,""user_name"":""명악"",""user_rank"":3281,""user_stage"":200}"
"stage_reached_200 (App)","W:20_0A:19_0","9","{""attendance_count"":9,""install_day"":""2025-07-16"",""total_payment_amount"":0,""user_name"":""maryna"",""user_rank"":618,""user_stage"":200}"
"stage_reached_200 (App)","W:22_0A:20_0","10","{""attendance_count"":10,""install_day"":""2025-07-15"",""total_payment_amount"":7700,""user_name"":""담배"",""user_rank"":3203,""user_stage"":200}"
"stage_reached_200 (App)","W:20_0A:19_0","8","{""attendance_count"":8,""install_day"":""2025-07-17"",""total_payment_amount"":7700,""user_name"":""으흐이"",""user_rank"":586,""user_stage"":200}"
"stage_reached_200 (App)","W:18_0A:16_0","6","{""attendance_count"":6,""install_day"":""2025-07-19"",""total_payment_amount"":0,""user_name"":""Ruinous"",""user_rank"":601,""user_stage"":200}"
"stage_reached_200 (App)","W:20_0A:19_0","7","{""attendance_count"":7,""install_day"":""2025-07-18"",""total_payment_amount"":7700,""user_name"":""떠우떠누"",""user_rank"":645,""user_stage"":200}"
"stage_reached_200 (App)","W:20_0A:19_0","8","{""attendance_count"":8,""install_day"":""2025-07-16"",""total_payment_amount"":7700,""user_name"":""만슈리"",""user_rank"":643,""user_stage"":200}"
"stage_reached_200 (App)","W:20_0A:20_0","6","{""attendance_count"":6,""install_day"":""2025-07-19"",""total_payment_amount"":0,""user_name"":""조붕붕"",""user_rank"":657,""user_stage"":200}"
"stage_reached_200 (App)","W:20_0A:19_0","6","{""attendance_count"":6,""install_day"":""2025-07-19"",""total_payment_amount"":18700,""user_name"":""비긴이계인"",""user_rank"":580,""user_stage"":200}"
"stage_reached_200 (App)","W:20_0A:19_0","8","{""attendance_count"":8,""install_day"":""2025-07-17"",""total_payment_amount"":0,""user_name"":""PillGi"",""user_rank"":622,""user_stage"":200}"
"stage_reached_200 (App)","W:20_0A:19_0","7","{""attendance_count"":7,""install_day"":""2025-07-18"",""total_payment_amount"":14300,""user_name"":""은빛치우"",""user_rank"":581,""user_stage"":200}"
"stage_reached_200 (App)","W:22_0A:23_0","6","{""attendance_count"":6,""install_day"":""2025-07-19"",""total_payment_amount"":7700,""user_name"":""용용비트"",""user_rank"":590,""user_stage"":200}"
"stage_reached_200 (App)","W:22_0A:19_0","8","{""attendance_count"":8,""install_day"":""2025-07-17"",""total_payment_amount"":7700,""user_name"":""파인"",""user_rank"":590,""user_stage"":200}"
"stage_reached_200 (App)","W:19_0A:16_0","5","{""attendance_count"":5,""install_day"":""2025-07-20"",""total_payment_amount"":51700,""user_name"":""나태지옥"",""user_rank"":607,""user_stage"":200}"
"stage_reached_200 (App)","W:18_0A:16_0","4","{""attendance_count"":4,""install_day"":""2025-07-21"",""total_payment_amount"":110000,""user_name"":""베노미"",""user_rank"":593,""user_stage"":200}"
"stage_reached_200 (App)","W:20_0A:19_0","8","{""attendance_count"":8,""install_day"":""2025-07-17"",""total_payment_amount"":7700,""user_name"":""꾸약"",""user_rank"":612,""user_stage"":200}"
"stage_reached_200 (App)","W:22_0A:19_0","7","{""attendance_count"":7,""install_day"":""2025-07-18"",""total_payment_amount"":40700,""user_name"":""널리"",""user_rank"":610,""user_stage"":200}"
"stage_reached_200 (App)","W:20_0A:19_0","7","{""attendance_count"":7,""install_day"":""2025-07-18"",""total_payment_amount"":7700,""user_name"":""짱단지"",""user_rank"":587,""user_stage"":200}"
"stage_reached_200 (App)","W:19_0A:19_0","6","{""attendance_count"":6,""install_day"":""2025-07-19"",""total_payment_amount"":42900,""user_name"":""삐롱이"",""user_rank"":578,""user_stage"":200}"
"stage_reached_200 (App)","W:22_0A:19_0","7","{""attendance_count"":7,""install_day"":""2025-07-18"",""total_payment_amount"":7700,""user_name"":""인지매"",""user_rank"":703,""user_stage"":200}"
"stage_reached_200 (App)","W:22_0A:20_0","8","{""attendance_count"":8,""install_day"":""2025-07-16"",""total_payment_amount"":0,""user_name"":""one별"",""user_rank"":587,""user_stage"":200}"
"stage_reached_200 (App)","W:23_0A:21_0","6","{""attendance_count"":6,""install_day"":""2025-07-19"",""total_payment_amount"":0,""user_name"":""도도디"",""user_rank"":567,""user_stage"":200}"
"stage_reached_200 (App)","W:22_0A:19_0","7","{""attendance_count"":7,""install_day"":""2025-07-18"",""total_payment_amount"":7700,""user_name"":""wind"",""user_rank"":1018,""user_stage"":200}"
"stage_reached_200 (App)","W:20_0A:19_0","6","{""attendance_count"":6,""install_day"":""2025-07-18"",""total_payment_amount"":128700,""user_name"":""복마니1"",""user_rank"":633,""user_stage"":200}"
"stage_reached_200 (App)","W:20_0A:19_0","7","{""attendance_count"":7,""install_day"":""2025-07-18"",""total_payment_amount"":7700,""user_name"":""맛있는오뎅국물"",""user_rank"":628,""user_stage"":200}"
"stage_reached_200 (App)","W:20_0A:19_0","8","{""attendance_count"":8,""install_day"":""2025-07-17"",""total_payment_amount"":7700,""user_name"":""겜빙"",""user_rank"":642,""user_stage"":200}"
"stage_reached_200 (App)","W:20_0A:19_0","7","{""attendance_count"":7,""install_day"":""2025-07-18"",""total_payment_amount"":7700,""user_name"":""퇴근후취미"",""user_rank"":569,""user_stage"":200}"
"stage_reached_200 (App)","W:19_0A:17_0","6","{""attendance_count"":6,""install_day"":""2025-07-18"",""total_payment_amount"":7700,""user_name"":""이차돈"",""user_rank"":576,""user_stage"":200}"
"stage_reached_200 (App)","W:20_0A:19_0","7","{""attendance_count"":7,""install_day"":""2025-07-18"",""total_payment_amount"":33000,""user_name"":""장마"",""user_rank"":561,""user_stage"":200}"
"stage_reached_200 (App)","W:22_0A:19_0","4","{""attendance_count"":4,""install_day"":""2025-07-21"",""total_payment_amount"":29700,""user_name"":""티반"",""user_rank"":681,""user_stage"":200}"
"stage_reached_200 (App)","W:22_0A:19_0","8","{""attendance_count"":8,""install_day"":""2025-07-17"",""total_payment_amount"":40700,""user_name"":""디비자라"",""user_rank"":668,""user_stage"":200}"
"stage_reached_200 (App)","W:22_0A:19_0","6","{""attendance_count"":6,""install_day"":""2025-07-19"",""total_payment_amount"":7700,""user_name"":""꼬마악사"",""user_rank"":635,""user_stage"":200}"
"stage_reached_200 (App)","W:20_0A:19_0","7","{""attendance_count"":7,""install_day"":""2025-07-17"",""total_payment_amount"":29700,""user_name"":""깡승"",""user_rank"":557,""user_stage"":200}"
"stage_reached_200 (App)","W:18_0A:19_0","5","{""attendance_count"":5,""install_day"":""2025-07-19"",""total_payment_amount"":27500,""user_name"":""박구미"",""user_rank"":564,""user_stage"":200}"
"stage_reached_200 (App)","W:22_0A:19_0","7","{""attendance_count"":7,""install_day"":""2025-07-18"",""total_payment_amount"":7700,""user_name"":""활빈당홍길동"",""user_rank"":610,""user_stage"":200}"
"stage_reached_200 (App)","W:20_0A:19_0","6","{""attendance_count"":6,""install_day"":""2025-07-18"",""total_payment_amount"":7700,""user_name"":""건은"",""user_rank"":612,""user_stage"":200}"
"stage_reached_200 (App)","W:20_0A:19_0","10","{""attendance_count"":10,""install_day"":""2025-07-15"",""total_payment_amount"":0,""user_name"":""귀주대첩"",""user_rank"":3186,""user_stage"":200}"
"stage_reached_200 (App)","W:20_0A:19_0","9","{""attendance_count"":9,""install_day"":""2025-07-16"",""total_payment_amount"":27500,""user_name"":""야멍이"",""user_rank"":562,""user_stage"":200}"
"stage_reached_200 (App)","W:22_0A:20_0","8","{""attendance_count"":8,""install_day"":""2025-07-17"",""total_payment_amount"":7700,""user_name"":""웅냐"",""user_rank"":581,""user_stage"":200}"
"stage_reached_200 (App)","W:20_0A:19_0","7","{""attendance_count"":7,""install_day"":""2025-07-17"",""total_payment_amount"":7700,""user_name"":""전신"",""user_rank"":566,""user_stage"":200}"
"stage_reached_200 (App)","W:21_0A:19_0","6","{""attendance_count"":6,""install_day"":""2025-07-19"",""total_payment_amount"":18700,""user_name"":""월급쟁이"",""user_rank"":525,""user_stage"":200}"
"stage_reached_200 (App)","W:20_0A:19_0","7","{""attendance_count"":7,""install_day"":""2025-07-17"",""total_payment_amount"":122100,""user_name"":""맛탕"",""user_rank"":563,""user_stage"":200}"
"stage_reached_200 (App)","W:20_0A:19_0","7","{""attendance_count"":7,""install_day"":""2025-07-18"",""total_payment_amount"":7700,""user_name"":""한국사1등급기원"",""user_rank"":546,""user_stage"":200}"
"stage_reached_200 (App)","W:21_0A:19_0","6","{""attendance_count"":6,""install_day"":""2025-07-19"",""total_payment_amount"":7700,""user_name"":""무향후"",""user_rank"":556,""user_stage"":200}"
"stage_reached_200 (App)","W:20_0A:19_0","9","{""attendance_count"":9,""install_day"":""2025-07-16"",""total_payment_amount"":7700,""user_name"":""허씨"",""user_rank"":578,""user_stage"":200}"
"stage_reached_200 (App)","W:21_0A:19_0","8","{""attendance_count"":8,""install_day"":""2025-07-17"",""total_payment_amount"":7700,""user_name"":""뀨니"",""user_rank"":683,""user_stage"":200}"
"stage_reached_200 (App)","W:20_0A:19_0","7","{""attendance_count"":7,""install_day"":""2025-07-18"",""total_payment_amount"":7700,""user_name"":""샹이"",""user_rank"":542,""user_stage"":200}"
"stage_reached_200 (App)","W:20_0A:19_0","7","{""attendance_count"":7,""install_day"":""2025-07-18"",""total_payment_amount"":29700,""user_name"":""나세자야"",""user_rank"":552,""user_stage"":200}"
"stage_reached_200 (App)","W:21_0A:19_0","7","{""attendance_count"":7,""install_day"":""2025-07-18"",""total_payment_amount"":7700,""user_name"":""흣흣"",""user_rank"":552,""user_stage"":200}"
"stage_reached_200 (App)","W:20_0A:19_0","8","{""attendance_count"":8,""install_day"":""2025-07-17"",""total_payment_amount"":7700,""user_name"":""귀염이들"",""user_rank"":545,""user_stage"":200}"
"stage_reached_200 (App)","W:20_0A:19_0","5","{""attendance_count"":5,""install_day"":""2025-07-20"",""total_payment_amount"":40700,""user_name"":""talgol"",""user_rank"":537,""user_stage"":200}"
"stage_reached_200 (App)","W:22_0A:21_0","6","{""attendance_count"":6,""install_day"":""2025-07-19"",""total_payment_amount"":7700,""user_name"":""로동"",""user_rank"":543,""user_stage"":200}"
"stage_reached_200 (App)","W:21_0A:19_0","7","{""attendance_count"":7,""install_day"":""2025-07-18"",""total_payment_amount"":7700,""user_name"":""쇠질맨"",""user_rank"":544,""user_stage"":200}"
"stage_reached_200 (App)","W:22_0A:19_0","8","{""attendance_count"":8,""install_day"":""2025-07-17"",""total_payment_amount"":40700,""user_name"":""모르것다"",""user_rank"":534,""user_stage"":200}"
"stage_reached_200 (App)","W:20_0A:19_0","7","{""attendance_count"":7,""install_day"":""2025-07-17"",""total_payment_amount"":7700,""user_name"":""금색"",""user_rank"":543,""user_stage"":200}"
"stage_reached_200 (App)","W:20_0A:19_0","8","{""attendance_count"":8,""install_day"":""2025-07-17"",""total_payment_amount"":7700,""user_name"":""qwer999"",""user_rank"":559,""user_stage"":200}"
"stage_reached_200 (App)","W:20_0A:19_0","6","{""attendance_count"":6,""install_day"":""2025-07-18"",""total_payment_amount"":0,""user_name"":""탄코"",""user_rank"":559,""user_stage"":200}"
"stage_reached_200 (App)","W:20_0A:19_0","7","{""attendance_count"":7,""install_day"":""2025-07-17"",""total_payment_amount"":0,""user_name"":""졍이"",""user_rank"":540,""user_stage"":200}"
"stage_reached_200 (App)","W:20_0A:19_0","7","{""attendance_count"":7,""install_day"":""2025-07-18"",""total_payment_amount"":0,""user_name"":""별이솔이"",""user_rank"":580,""user_stage"":200}"
"stage_reached_200 (App)","W:20_0A:19_0","9","{""attendance_count"":9,""install_day"":""2025-07-16"",""total_payment_amount"":7700,""user_name"":""이미존재함"",""user_rank"":532,""user_stage"":200}"
"stage_reached_200 (App)","W:20_0A:21_0","2","{""attendance_count"":2,""install_day"":""2025-07-22"",""total_payment_amount"":133100,""user_name"":""Raid"",""user_rank"":589,""user_stage"":200}"
"stage_reached_200 (App)","W:18_0A:19_0","6","{""attendance_count"":6,""install_day"":""2025-07-18"",""total_payment_amount"":7700,""user_name"":""엽뽀"",""user_rank"":587,""user_stage"":200}"
"stage_reached_200 (App)","W:20_0A:19_0","8","{""attendance_count"":8,""install_day"":""2025-07-17"",""total_payment_amount"":14300,""user_name"":""애마"",""user_rank"":586,""user_stage"":200}"
"stage_reached_200 (App)","W:20_0A:19_0","5","{""attendance_count"":5,""install_day"":""2025-07-20"",""total_payment_amount"":69300,""user_name"":""장씬종"",""user_rank"":532,""user_stage"":200}"
"stage_reached_200 (App)","W:20_0A:20_0","7","{""attendance_count"":7,""install_day"":""2025-07-18"",""total_payment_amount"":0,""user_name"":""통일문무왕"",""user_rank"":545,""user_stage"":200}"
"stage_reached_200 (App)","W:23_0A:20_0","3","{""attendance_count"":3,""install_day"":""2025-07-21"",""total_payment_amount"":95700,""user_name"":""리리나"",""user_rank"":536,""user_stage"":200}"
"stage_reached_200 (App)","W:20_0A:19_0","7","{""attendance_count"":7,""install_day"":""2025-07-17"",""total_payment_amount"":29700,""user_name"":""응망"",""user_rank"":524,""user_stage"":200}"
"stage_reached_200 (App)","W:20_0A:20_0","9","{""attendance_count"":9,""install_day"":""2025-07-16"",""total_payment_amount"":7700,""user_name"":""리자이"",""user_rank"":541,""user_stage"":200}"
"stage_reached_200 (App)","W:19_0A:19_0","6","{""attendance_count"":6,""install_day"":""2025-07-19"",""total_payment_amount"":14300,""user_name"":""학준"",""user_rank"":626,""user_stage"":200}"
"stage_reached_200 (App)","W:21_0A:19_0","6","{""attendance_count"":6,""install_day"":""2025-07-19"",""total_payment_amount"":7700,""user_name"":""세음"",""user_rank"":530,""user_stage"":200}"
"stage_reached_200 (App)","W:19_0A:19_0","6","{""attendance_count"":6,""install_day"":""2025-07-18"",""total_payment_amount"":71500,""user_name"":""도오페구케"",""user_rank"":947,""user_stage"":200}"
"stage_reached_200 (App)","W:20_0A:19_0","7","{""attendance_count"":7,""install_day"":""2025-07-18"",""total_payment_amount"":40700,""user_name"":""타이거즈"",""user_rank"":626,""user_stage"":200}"
"stage_reached_200 (App)","W:20_0A:20_0","8","{""attendance_count"":8,""install_day"":""2025-07-16"",""total_payment_amount"":7700,""user_name"":""이쿠"",""user_rank"":530,""user_stage"":200}"
"stage_reached_200 (App)","W:23_0A:19_0","3","{""attendance_count"":3,""install_day"":""2025-07-21"",""total_payment_amount"":28600,""user_name"":""게짜"",""user_rank"":537,""user_stage"":200}"
"stage_reached_200 (App)","W:20_0A:19_0","8","{""attendance_count"":8,""install_day"":""2025-07-17"",""total_payment_amount"":0,""user_name"":""성엄"",""user_rank"":518,""user_stage"":200}"
"stage_reached_200 (App)","W:23_0A:19_0","4","{""attendance_count"":4,""install_day"":""2025-07-21"",""total_payment_amount"":73700,""user_name"":""발직"",""user_rank"":517,""user_stage"":200}"
"stage_reached_200 (App)","W:21_0A:19_0","6","{""attendance_count"":6,""install_day"":""2025-07-19"",""total_payment_amount"":48400,""user_name"":""퓨어리"",""user_rank"":587,""user_stage"":200}"
"stage_reached_200 (App)","W:23_0A:19_0","6","{""attendance_count"":6,""install_day"":""2025-07-19"",""total_payment_amount"":7700,""user_name"":""을파"",""user_rank"":833,""user_stage"":200}"
"stage_reached_200 (App)","W:22_0A:19_0","7","{""attendance_count"":7,""install_day"":""2025-07-18"",""total_payment_amount"":7700,""user_name"":""gamian"",""user_rank"":618,""user_stage"":200}"
"stage_reached_200 (App)","W:20_0A:19_0","3","{""attendance_count"":3,""install_day"":""2025-07-21"",""total_payment_amount"":216700,""user_name"":""몽달이"",""user_rank"":506,""user_stage"":200}"
"stage_reached_200 (App)","W:23_0A:19_0","3","{""attendance_count"":3,""install_day"":""2025-07-21"",""total_payment_amount"":135300,""user_name"":""신우시스템"",""user_rank"":804,""user_stage"":200}"
"stage_reached_200 (App)","W:20_0A:19_0","6","{""attendance_count"":6,""install_day"":""2025-07-19"",""total_payment_amount"":7700,""user_name"":""마그네슘"",""user_rank"":532,""user_stage"":200}"
"stage_reached_200 (App)","W:19_0A:19_0","6","{""attendance_count"":6,""install_day"":""2025-07-18"",""total_payment_amount"":28600,""user_name"":""호동생"",""user_rank"":566,""user_stage"":200}"
"stage_reached_200 (App)","W:19_0A:18_0","5","{""attendance_count"":5,""install_day"":""2025-07-19"",""total_payment_amount"":29700,""user_name"":""베니어"",""user_rank"":524,""user_stage"":200}"
"stage_reached_200 (App)","W:20_0A:19_0","7","{""attendance_count"":7,""install_day"":""2025-07-18"",""total_payment_amount"":7700,""user_name"":""kwr9458"",""user_rank"":542,""user_stage"":200}"
"stage_reached_200 (App)","W:19_0A:19_0","6","{""attendance_count"":6,""install_day"":""2025-07-19"",""total_payment_amount"":0,""user_name"":""짱짱막창"",""user_rank"":519,""user_stage"":200}"
"stage_reached_200 (App)","W:16_0A:19_0","5","{""attendance_count"":5,""install_day"":""2025-07-19"",""total_payment_amount"":136400,""user_name"":""모가프텐"",""user_rank"":524,""user_stage"":200}"
"stage_reached_200 (App)","W:20_0A:19_0","7","{""attendance_count"":7,""install_day"":""2025-07-18"",""total_payment_amount"":36300,""user_name"":""야생화살"",""user_rank"":570,""user_stage"":200}"
"stage_reached_200 (App)","W:20_0A:19_0","7","{""attendance_count"":7,""install_day"":""2025-07-18"",""total_payment_amount"":20900,""user_name"":""김민교"",""user_rank"":524,""user_stage"":200}"
"stage_reached_200 (App)","W:19_0A:19_0","6","{""attendance_count"":6,""install_day"":""2025-07-18"",""total_payment_amount"":40700,""user_name"":""흑천왕"",""user_rank"":551,""user_stage"":200}"
"stage_reached_200 (App)","W:22_0A:17_0","4","{""attendance_count"":4,""install_day"":""2025-07-21"",""total_payment_amount"":27500,""user_name"":""새벽빛세상"",""user_rank"":514,""user_stage"":200}"
"stage_reached_200 (App)","W:20_0A:19_0","9","{""attendance_count"":9,""install_day"":""2025-07-16"",""total_payment_amount"":7700,""user_name"":""몽화"",""user_rank"":527,""user_stage"":200}"
"stage_reached_200 (App)","W:19_0A:19_0","6","{""attendance_count"":6,""install_day"":""2025-07-19"",""total_payment_amount"":7700,""user_name"":""대구건달"",""user_rank"":503,""user_stage"":200}"
"stage_reached_200 (App)","W:20_0A:19_0","7","{""attendance_count"":7,""install_day"":""2025-07-18"",""total_payment_amount"":7700,""user_name"":""제네럴이순신"",""user_rank"":683,""user_stage"":200}"
"stage_reached_200 (App)","W:20_0A:19_0","7","{""attendance_count"":7,""install_day"":""2025-07-18"",""total_payment_amount"":31900,""user_name"":""유태"",""user_rank"":559,""user_stage"":200}"
"stage_reached_200 (App)","W:20_0A:19_0","8","{""attendance_count"":8,""install_day"":""2025-07-17"",""total_payment_amount"":7700,""user_name"":""레오강아지"",""user_rank"":519,""user_stage"":200}"
"stage_reached_200 (App)","W:20_0A:20_0","6","{""attendance_count"":6,""install_day"":""2025-07-19"",""total_payment_amount"":138600,""user_name"":""상영중"",""user_rank"":501,""user_stage"":200}"
"stage_reached_200 (App)","W:23_0A:20_0","6","{""attendance_count"":6,""install_day"":""2025-07-19"",""total_payment_amount"":11000,""user_name"":""현돌"",""user_rank"":536,""user_stage"":200}"
"stage_reached_200 (App)","W:20_0A:20_0","6","{""attendance_count"":6,""install_day"":""2025-07-19"",""total_payment_amount"":28600,""user_name"":""전설e"",""user_rank"":548,""user_stage"":200}"
"stage_reached_200 (App)","W:23_0A:19_0","6","{""attendance_count"":6,""install_day"":""2025-07-19"",""total_payment_amount"":35200,""user_name"":""헬랑구"",""user_rank"":724,""user_stage"":200}"
"stage_reached_200 (App)","W:21_0A:20_0","7","{""attendance_count"":7,""install_day"":""2025-07-18"",""total_payment_amount"":40700,""user_name"":""Suzzy"",""user_rank"":525,""user_stage"":200}"
"stage_reached_200 (App)","W:21_0A:22_0","7","{""attendance_count"":7,""install_day"":""2025-07-18"",""total_payment_amount"":11000,""user_name"":""쟌다르크"",""user_rank"":525,""user_stage"":200}"
"stage_reached_200 (App)","W:20_0A:19_0","7","{""attendance_count"":7,""install_day"":""2025-07-18"",""total_payment_amount"":27500,""user_name"":""홀로핑"",""user_rank"":683,""user_stage"":200}"
"stage_reached_200 (App)","W:20_0A:19_0","6","{""attendance_count"":6,""install_day"":""2025-07-18"",""total_payment_amount"":7700,""user_name"":""주식"",""user_rank"":500,""user_stage"":200}"
"stage_reached_200 (App)","W:22_0A:20_0","8","{""attendance_count"":8,""install_day"":""2025-07-16"",""total_payment_amount"":7700,""user_name"":""김규선생님"",""user_rank"":610,""user_stage"":200}"
"stage_reached_200 (App)","W:23_0A:20_0","6","{""attendance_count"":6,""install_day"":""2025-07-17"",""total_payment_amount"":7700,""user_name"":""다누파"",""user_rank"":503,""user_stage"":200}"
"stage_reached_200 (App)","W:16_0A:19_0","6","{""attendance_count"":6,""install_day"":""2025-07-18"",""total_payment_amount"":0,""user_name"":""치매"",""user_rank"":505,""user_stage"":200}"
"stage_reached_200 (App)","W:20_0A:19_0","3","{""attendance_count"":3,""install_day"":""2025-07-17"",""total_payment_amount"":139700,""user_name"":""바카"",""user_rank"":506,""user_stage"":200}"
"stage_reached_200 (App)","W:21_0A:19_0","8","{""attendance_count"":8,""install_day"":""2025-07-16"",""total_payment_amount"":0,""user_name"":""남붕이"",""user_rank"":681,""user_stage"":200}"
"stage_reached_200 (App)","W:19_0A:19_0","6","{""attendance_count"":6,""install_day"":""2025-07-18"",""total_payment_amount"":7700,""user_name"":""이오스"",""user_rank"":528,""user_stage"":200}"
"stage_reached_200 (App)","W:20_0A:19_0","8","{""attendance_count"":8,""install_day"":""2025-07-16"",""total_payment_amount"":7700,""user_name"":""검계수장"",""user_rank"":501,""user_stage"":200}"
"stage_reached_200 (App)","W:20_0A:19_0","4","{""attendance_count"":4,""install_day"":""2025-07-20"",""total_payment_amount"":33000,""user_name"":""힝찍먹이얌"",""user_rank"":518,""user_stage"":200}"
"stage_reached_200 (App)","W:22_0A:19_0","4","{""attendance_count"":4,""install_day"":""2025-07-20"",""total_payment_amount"":11000,""user_name"":""규영"",""user_rank"":495,""user_stage"":200}"
"stage_reached_200 (App)","W:21_0A:19_0","7","{""attendance_count"":7,""install_day"":""2025-07-17"",""total_payment_amount"":7700,""user_name"":""강남"",""user_rank"":554,""user_stage"":200}"
"stage_reached_200 (App)","W:23_0A:22_0","6","{""attendance_count"":6,""install_day"":""2025-07-18"",""total_payment_amount"":7700,""user_name"":""에르"",""user_rank"":496,""user_stage"":200}"
"stage_reached_200 (App)","W:23_0A:20_0","6","{""attendance_count"":6,""install_day"":""2025-07-18"",""total_payment_amount"":7700,""user_name"":""송희립"",""user_rank"":516,""user_stage"":200}"
"stage_reached_200 (App)","W:20_0A:19_0","8","{""attendance_count"":8,""install_day"":""2025-07-16"",""total_payment_amount"":7700,""user_name"":""밈찌"",""user_rank"":571,""user_stage"":200}"
"stage_reached_200 (App)","W:22_0A:18_0","6","{""attendance_count"":6,""install_day"":""2025-07-18"",""total_payment_amount"":7700,""user_name"":""Diabolus"",""user_rank"":551,""user_stage"":200}"
"stage_reached_200 (App)","W:20_0A:19_0","6","{""attendance_count"":6,""install_day"":""2025-07-18"",""total_payment_amount"":7700,""user_name"":""표류중"",""user_rank"":494,""user_stage"":200}"
"stage_reached_200 (App)","W:16_0A:19_0","6","{""attendance_count"":6,""install_day"":""2025-07-17"",""total_payment_amount"":18700,""user_name"":""대칭"",""user_rank"":497,""user_stage"":200}"
"stage_reached_200 (App)","W:20_0A:19_0","7","{""attendance_count"":7,""install_day"":""2025-07-17"",""total_payment_amount"":7700,""user_name"":""부노"",""user_rank"":747,""user_stage"":200}"
"stage_reached_200 (App)","W:20_0A:19_0","7","{""attendance_count"":7,""install_day"":""2025-07-17"",""total_payment_amount"":0,""user_name"":""배똥꾸멍"",""user_rank"":485,""user_stage"":200}"
"stage_reached_200 (App)","W:21_0A:19_0","6","{""attendance_count"":6,""install_day"":""2025-07-18"",""total_payment_amount"":7700,""user_name"":""김프로"",""user_rank"":485,""user_stage"":200}"
"stage_reached_200 (App)","W:20_0A:19_0","7","{""attendance_count"":7,""install_day"":""2025-07-17"",""total_payment_amount"":20900,""user_name"":""지희88"",""user_rank"":461,""user_stage"":200}"
"stage_reached_200 (App)","W:22_0A:17_0","4","{""attendance_count"":4,""install_day"":""2025-07-20"",""total_payment_amount"":27500,""user_name"":""하리보소주맛"",""user_rank"":478,""user_stage"":200}"
"stage_reached_200 (App)","W:21_0A:21_0","4","{""attendance_count"":4,""install_day"":""2025-07-20"",""total_payment_amount"":271700,""user_name"":""코덜식"",""user_rank"":638,""user_stage"":200}"
"stage_reached_200 (App)","W:19_0A:19_0","6","{""attendance_count"":6,""install_day"":""2025-07-18"",""total_payment_amount"":7700,""user_name"":""구구가가"",""user_rank"":481,""user_stage"":200}"
"stage_reached_200 (App)","W:21_0A:20_0","4","{""attendance_count"":4,""install_day"":""2025-07-19"",""total_payment_amount"":165000,""user_name"":""나리나리"",""user_rank"":596,""user_stage"":200}"
"stage_reached_200 (App)","W:20_0A:19_0","6","{""attendance_count"":6,""install_day"":""2025-07-18"",""total_payment_amount"":29700,""user_name"":""세이러브"",""user_rank"":583,""user_stage"":200}"
"stage_reached_200 (App)","W:21_0A:19_0","5","{""attendance_count"":5,""install_day"":""2025-07-19"",""total_payment_amount"":0,""user_name"":""개꿀한방"",""user_rank"":474,""user_stage"":200}"
"stage_reached_200 (App)","W:20_0A:19_0","8","{""attendance_count"":8,""install_day"":""2025-07-16"",""total_payment_amount"":29700,""user_name"":""kuwoo"",""user_rank"":483,""user_stage"":200}"
"stage_reached_200 (App)","W:21_0A:19_0","8","{""attendance_count"":8,""install_day"":""2025-07-16"",""total_payment_amount"":0,""user_name"":""마태오"",""user_rank"":505,""user_stage"":200}"
"stage_reached_200 (App)","W:17_0A:19_0","5","{""attendance_count"":5,""install_day"":""2025-07-19"",""total_payment_amount"":7700,""user_name"":""아쿠마"",""user_rank"":493,""user_stage"":200}"
"stage_reached_200 (App)","W:19_0A:19_0","5","{""attendance_count"":5,""install_day"":""2025-07-18"",""total_payment_amount"":7700,""user_name"":""E급헌터이경도"",""user_rank"":476,""user_stage"":200}"
"stage_reached_200 (App)","W:18_0A:17_0","2","{""attendance_count"":2,""install_day"":""2025-07-22"",""total_payment_amount"":176000,""user_name"":""길옥"",""user_rank"":477,""user_stage"":200}"
"stage_reached_200 (App)","W:23_0A:20_0","6","{""attendance_count"":6,""install_day"":""2025-07-16"",""total_payment_amount"":7700,""user_name"":""하룻밤십만원"",""user_rank"":590,""user_stage"":200}"
"stage_reached_200 (App)","W:22_0A:22_0","5","{""attendance_count"":5,""install_day"":""2025-07-18"",""total_payment_amount"":7700,""user_name"":""김동철"",""user_rank"":470,""user_stage"":200}"
"stage_reached_200 (App)","W:22_0A:19_0","5","{""attendance_count"":5,""install_day"":""2025-07-19"",""total_payment_amount"":0,""user_name"":""조커킹"",""user_rank"":510,""user_stage"":200}"
"stage_reached_200 (App)","W:21_0A:20_0","6","{""attendance_count"":6,""install_day"":""2025-07-18"",""total_payment_amount"":7700,""user_name"":""황금중독"",""user_rank"":501,""user_stage"":200}"
"stage_reached_200 (App)","W:19_0A:19_0","5","{""attendance_count"":5,""install_day"":""2025-07-19"",""total_payment_amount"":40700,""user_name"":""이의민"",""user_rank"":480,""user_stage"":200}"
"stage_reached_200 (App)","W:21_0A:19_0","5","{""attendance_count"":5,""install_day"":""2025-07-19"",""total_payment_amount"":7700,""user_name"":""DnG"",""user_rank"":544,""user_stage"":200}"
"stage_reached_200 (App)","W:19_0A:19_0","5","{""attendance_count"":5,""install_day"":""2025-07-18"",""total_payment_amount"":7700,""user_name"":""reso"",""user_rank"":524,""user_stage"":200}"
"stage_reached_200 (App)","W:22_0A:20_0","5","{""attendance_count"":5,""install_day"":""2025-07-18"",""total_payment_amount"":7700,""user_name"":""그날"",""user_rank"":467,""user_stage"":200}"
"stage_reached_200 (App)","W:21_0A:19_0","8","{""attendance_count"":8,""install_day"":""2025-07-16"",""total_payment_amount"":0,""user_name"":""민트왕자"",""user_rank"":471,""user_stage"":200}"
"stage_reached_200 (App)","W:20_0A:19_0","8","{""attendance_count"":8,""install_day"":""2025-07-15"",""total_payment_amount"":0,""user_name"":""gonyu"",""user_rank"":623,""user_stage"":200}"
"stage_reached_200 (App)","W:22_0A:19_0","5","{""attendance_count"":5,""install_day"":""2025-07-19"",""total_payment_amount"":0,""user_name"":""수려니"",""user_rank"":480,""user_stage"":200}"
"stage_reached_200 (App)","W:22_0A:20_0","6","{""attendance_count"":6,""install_day"":""2025-07-17"",""total_payment_amount"":8800,""user_name"":""정지기"",""user_rank"":472,""user_stage"":200}"
"stage_reached_200 (App)","W:21_0A:20_0","6","{""attendance_count"":6,""install_day"":""2025-07-17"",""total_payment_amount"":0,""user_name"":""rookie"",""user_rank"":466,""user_stage"":200}"
"stage_reached_200 (App)","W:17_0A:19_0","6","{""attendance_count"":6,""install_day"":""2025-07-18"",""total_payment_amount"":7700,""user_name"":""날아라둥이"",""user_rank"":789,""user_stage"":200}"
"stage_reached_200 (App)","W:19_0A:17_0","6","{""attendance_count"":6,""install_day"":""2025-07-17"",""total_payment_amount"":0,""user_name"":""핳핳"",""user_rank"":474,""user_stage"":200}"
"stage_reached_200 (App)","W:20_0A:19_0","7","{""attendance_count"":7,""install_day"":""2025-07-17"",""total_payment_amount"":7700,""user_name"":""감자맛"",""user_rank"":558,""user_stage"":200}"
"stage_reached_200 (App)","W:20_0A:19_0","2","{""attendance_count"":2,""install_day"":""2025-07-22"",""total_payment_amount"":257400,""user_name"":""시롱"",""user_rank"":852,""user_stage"":200}"
"stage_reached_200 (App)","W:20_0A:18_0","5","{""attendance_count"":5,""install_day"":""2025-07-19"",""total_payment_amount"":63800,""user_name"":""고인물"",""user_rank"":456,""user_stage"":200}"
"stage_reached_200 (App)","W:19_0A:19_0","3","{""attendance_count"":3,""install_day"":""2025-07-21"",""total_payment_amount"":106700,""user_name"":""콩쥐"",""user_rank"":452,""user_stage"":200}"
"stage_reached_200 (App)","W:21_0A:19_0","7","{""attendance_count"":7,""install_day"":""2025-07-16"",""total_payment_amount"":29700,""user_name"":""어휴"",""user_rank"":637,""user_stage"":200}"
"stage_reached_200 (App)","W:21_0A:19_0","7","{""attendance_count"":7,""install_day"":""2025-07-16"",""total_payment_amount"":0,""user_name"":""마초하"",""user_rank"":493,""user_stage"":200}"
"stage_reached_200 (App)","W:19_0A:19_0","6","{""attendance_count"":6,""install_day"":""2025-07-18"",""total_payment_amount"":7700,""user_name"":""탕만추"",""user_rank"":448,""user_stage"":200}"
"stage_reached_200 (App)","W:21_0A:20_0","6","{""attendance_count"":6,""install_day"":""2025-07-18"",""total_payment_amount"":7700,""user_name"":""큰별쌤"",""user_rank"":442,""user_stage"":200}"
"stage_reached_200 (App)","W:21_0A:19_0","6","{""attendance_count"":6,""install_day"":""2025-07-18"",""total_payment_amount"":41800,""user_name"":""콩돌이"",""user_rank"":453,""user_stage"":200}"
"stage_reached_200 (App)","W:20_0A:19_0","7","{""attendance_count"":7,""install_day"":""2025-07-17"",""total_payment_amount"":29700,""user_name"":""부가땅"",""user_rank"":487,""user_stage"":200}"
"stage_reached_200 (App)","W:20_0A:19_0","6","{""attendance_count"":6,""install_day"":""2025-07-18"",""total_payment_amount"":7700,""user_name"":""킹한길"",""user_rank"":452,""user_stage"":200}"
"stage_reached_200 (App)","W:20_0A:19_0","8","{""attendance_count"":8,""install_day"":""2025-07-16"",""total_payment_amount"":0,""user_name"":""니은디귿"",""user_rank"":449,""user_stage"":200}"
"stage_reached_200 (App)","W:19_0A:19_0","5","{""attendance_count"":5,""install_day"":""2025-07-18"",""total_payment_amount"":27500,""user_name"":""벼리벼리"",""user_rank"":473,""user_stage"":200}"
"stage_reached_200 (App)","W:20_0A:19_0","4","{""attendance_count"":4,""install_day"":""2025-07-19"",""total_payment_amount"":58300,""user_name"":""Sora"",""user_rank"":448,""user_stage"":200}"
"stage_reached_200 (App)","W:20_0A:19_0","6","{""attendance_count"":6,""install_day"":""2025-07-18"",""total_payment_amount"":7700,""user_name"":""지효"",""user_rank"":459,""user_stage"":200}"
"stage_reached_200 (App)","W:20_0A:19_0","4","{""attendance_count"":4,""install_day"":""2025-07-19"",""total_payment_amount"":52800,""user_name"":""신선놀음"",""user_rank"":465,""user_stage"":200}"
"stage_reached_200 (App)","W:19_0A:19_0","5","{""attendance_count"":5,""install_day"":""2025-07-19"",""total_payment_amount"":119900,""user_name"":""은선"",""user_rank"":480,""user_stage"":200}"
"stage_reached_200 (App)","W:20_0A:19_0","6","{""attendance_count"":6,""install_day"":""2025-07-17"",""total_payment_amount"":35200,""user_name"":""마갈곤"",""user_rank"":442,""user_stage"":200}"
"stage_reached_200 (App)","W:23_0A:19_0","6","{""attendance_count"":6,""install_day"":""2025-07-18"",""total_payment_amount"":7700,""user_name"":""도야수"",""user_rank"":756,""user_stage"":200}"
"stage_reached_200 (App)","W:20_0A:19_0","7","{""attendance_count"":7,""install_day"":""2025-07-17"",""total_payment_amount"":30800,""user_name"":""jene"",""user_rank"":442,""user_stage"":200}"
"stage_reached_200 (App)","W:20_0A:18_0","4","{""attendance_count"":4,""install_day"":""2025-07-20"",""total_payment_amount"":61600,""user_name"":""길길길"",""user_rank"":431,""user_stage"":200}"
"stage_reached_200 (App)","W:17_0A:18_0","6","{""attendance_count"":6,""install_day"":""2025-07-18"",""total_payment_amount"":42900,""user_name"":""민들레옹"",""user_rank"":442,""user_stage"":200}"
"stage_reached_200 (App)","W:22_0A:19_0","8","{""attendance_count"":8,""install_day"":""2025-07-16"",""total_payment_amount"":7700,""user_name"":""투요"",""user_rank"":426,""user_stage"":200}"
"stage_reached_200 (App)","W:23_0A:21_0","7","{""attendance_count"":7,""install_day"":""2025-07-17"",""total_payment_amount"":7700,""user_name"":""채채야"",""user_rank"":473,""user_stage"":200}"
"stage_reached_200 (App)","W:23_0A:21_0","5","{""attendance_count"":5,""install_day"":""2025-07-19"",""total_payment_amount"":187000,""user_name"":""콩분"",""user_rank"":434,""user_stage"":200}"
"stage_reached_200 (App)","W:19_0A:18_0","4","{""attendance_count"":4,""install_day"":""2025-07-20"",""total_payment_amount"":172700,""user_name"":""짭서스"",""user_rank"":485,""user_stage"":200}"
"stage_reached_200 (App)","W:20_0A:19_0","5","{""attendance_count"":5,""install_day"":""2025-07-19"",""total_payment_amount"":58300,""user_name"":""곰탕재료푸바오"",""user_rank"":426,""user_stage"":200}"
"stage_reached_200 (App)","W:23_0A:18_0","4","{""attendance_count"":4,""install_day"":""2025-07-19"",""total_payment_amount"":7700,""user_name"":""딸봉바라기"",""user_rank"":464,""user_stage"":200}"
"stage_reached_200 (App)","W:20_0A:19_0","5","{""attendance_count"":5,""install_day"":""2025-07-19"",""total_payment_amount"":29700,""user_name"":""GaDo"",""user_rank"":422,""user_stage"":200}"
"stage_reached_200 (App)","W:20_0A:19_0","6","{""attendance_count"":6,""install_day"":""2025-07-18"",""total_payment_amount"":11000,""user_name"":""완즈이"",""user_rank"":405,""user_stage"":200}"
"stage_reached_200 (App)","W:20_0A:19_0","8","{""attendance_count"":8,""install_day"":""2025-07-16"",""total_payment_amount"":7700,""user_name"":""89detail"",""user_rank"":418,""user_stage"":200}"
"stage_reached_200 (App)","W:20_0A:19_0","8","{""attendance_count"":8,""install_day"":""2025-07-16"",""total_payment_amount"":7700,""user_name"":""박문추"",""user_rank"":446,""user_stage"":200}"
"stage_reached_200 (App)","W:23_0A:19_0","3","{""attendance_count"":3,""install_day"":""2025-07-20"",""total_payment_amount"":7700,""user_name"":""듀랜달"",""user_rank"":468,""user_stage"":200}"
"stage_reached_200 (App)","W:20_0A:19_0","5","{""attendance_count"":5,""install_day"":""2025-07-19"",""total_payment_amount"":128700,""user_name"":""김죠"",""user_rank"":426,""user_stage"":200}"
"stage_reached_200 (App)","W:20_0A:17_0","3","{""attendance_count"":3,""install_day"":""2025-07-21"",""total_payment_amount"":234300,""user_name"":""럭키스트라이크"",""user_rank"":426,""user_stage"":200}"
"stage_reached_200 (App)","W:19_0A:19_0","5","{""attendance_count"":5,""install_day"":""2025-07-19"",""total_payment_amount"":150700,""user_name"":""뚱이는못말려"",""user_rank"":515,""user_stage"":200}"
"stage_reached_200 (App)","W:21_0A:19_0","2","{""attendance_count"":2,""install_day"":""2025-07-22"",""total_payment_amount"":117700,""user_name"":""김찍찍"",""user_rank"":493,""user_stage"":200}"
"stage_reached_200 (App)","W:22_0A:20_0","6","{""attendance_count"":6,""install_day"":""2025-07-18"",""total_payment_amount"":7700,""user_name"":""나누구"",""user_rank"":410,""user_stage"":200}"
"stage_reached_200 (App)","W:23_0A:19_0","7","{""attendance_count"":7,""install_day"":""2025-07-17"",""total_payment_amount"":0,""user_name"":""신새벽"",""user_rank"":3443,""user_stage"":200}"
"stage_reached_200 (App)","W:19_0A:19_0","5","{""attendance_count"":5,""install_day"":""2025-07-18"",""total_payment_amount"":51700,""user_name"":""chevti"",""user_rank"":405,""user_stage"":200}"
"stage_reached_200 (App)","W:21_0A:19_0","7","{""attendance_count"":7,""install_day"":""2025-07-17"",""total_payment_amount"":7700,""user_name"":""그슥"",""user_rank"":408,""user_stage"":200}"
"stage_reached_200 (App)","W:23_0A:19_0","7","{""attendance_count"":7,""install_day"":""2025-07-16"",""total_payment_amount"":7700,""user_name"":""지피지기"",""user_rank"":403,""user_stage"":200}"
"stage_reached_200 (App)","W:20_0A:19_0","7","{""attendance_count"":7,""install_day"":""2025-07-17"",""total_payment_amount"":7700,""user_name"":""포돌햄"",""user_rank"":463,""user_stage"":200}"
"stage_reached_200 (App)","W:20_0A:22_0","6","{""attendance_count"":6,""install_day"":""2025-07-17"",""total_payment_amount"":13200,""user_name"":""내장공"",""user_rank"":376,""user_stage"":200}"
"stage_reached_200 (App)","W:22_0A:19_0","5","{""attendance_count"":5,""install_day"":""2025-07-18"",""total_payment_amount"":7700,""user_name"":""군감"",""user_rank"":399,""user_stage"":200}"
"stage_reached_200 (App)","W:23_0A:20_0","6","{""attendance_count"":6,""install_day"":""2025-07-18"",""total_payment_amount"":33000,""user_name"":""그것이섯다"",""user_rank"":404,""user_stage"":200}"
"stage_reached_200 (App)","W:21_0A:19_0","6","{""attendance_count"":6,""install_day"":""2025-07-18"",""total_payment_amount"":7700,""user_name"":""25월즈파엠쵸비"",""user_rank"":375,""user_stage"":200}"
"stage_reached_200 (App)","W:22_0A:19_0","4","{""attendance_count"":4,""install_day"":""2025-07-20"",""total_payment_amount"":44000,""user_name"":""dongsmas"",""user_rank"":478,""user_stage"":200}"
"stage_reached_200 (App)","W:20_0A:19_0","7","{""attendance_count"":7,""install_day"":""2025-07-17"",""total_payment_amount"":7700,""user_name"":""싸우는훈이"",""user_rank"":330,""user_stage"":200}"
"stage_reached_200 (App)","W:20_0A:19_0","7","{""attendance_count"":7,""install_day"":""2025-07-17"",""total_payment_amount"":7700,""user_name"":""이니"",""user_rank"":410,""user_stage"":200}"
"stage_reached_200 (App)","W:21_0A:19_0","3","{""attendance_count"":3,""install_day"":""2025-07-21"",""total_payment_amount"":117700,""user_name"":""쩡아"",""user_rank"":492,""user_stage"":200}"
"stage_reached_200 (App)","W:20_0A:19_0","7","{""attendance_count"":7,""install_day"":""2025-07-17"",""total_payment_amount"":40700,""user_name"":""l3est"",""user_rank"":484,""user_stage"":200}"
"stage_reached_200 (App)","W:21_0A:22_0","5","{""attendance_count"":5,""install_day"":""2025-07-19"",""total_payment_amount"":58300,""user_name"":""NamuOh"",""user_rank"":389,""user_stage"":200}"
"stage_reached_200 (App)","W:20_0A:19_0","8","{""attendance_count"":8,""install_day"":""2025-07-16"",""total_payment_amount"":8800,""user_name"":""꼬기"",""user_rank"":389,""user_stage"":200}"
"stage_reached_200 (App)","W:20_0A:19_0","7","{""attendance_count"":7,""install_day"":""2025-07-17"",""total_payment_amount"":7700,""user_name"":""츠캄"",""user_rank"":482,""user_stage"":200}"
"stage_reached_200 (App)","W:20_0A:19_0","6","{""attendance_count"":6,""install_day"":""2025-07-18"",""total_payment_amount"":33000,""user_name"":""K8"",""user_rank"":405,""user_stage"":200}"
"stage_reached_200 (App)","W:21_0A:21_0","4","{""attendance_count"":4,""install_day"":""2025-07-20"",""total_payment_amount"":128700,""user_name"":""코일"",""user_rank"":402,""user_stage"":200}"
"stage_reached_200 (App)","W:22_0A:19_0","6","{""attendance_count"":6,""install_day"":""2025-07-17"",""total_payment_amount"":36300,""user_name"":""진달래꽃"",""user_rank"":394,""user_stage"":200}"
"stage_reached_200 (App)","W:22_0A:23_0","8","{""attendance_count"":8,""install_day"":""2025-07-16"",""total_payment_amount"":0,""user_name"":""하드캐리"",""user_rank"":398,""user_stage"":200}"
"stage_reached_200 (App)","W:20_0A:19_0","7","{""attendance_count"":7,""install_day"":""2025-07-16"",""total_payment_amount"":7700,""user_name"":""라지"",""user_rank"":394,""user_stage"":200}"
"stage_reached_200 (App)","W:19_0A:19_0","6","{""attendance_count"":6,""install_day"":""2025-07-17"",""total_payment_amount"":7700,""user_name"":""둘리동욱"",""user_rank"":478,""user_stage"":200}"
"stage_reached_200 (App)","W:22_0A:19_0","6","{""attendance_count"":6,""install_day"":""2025-07-18"",""total_payment_amount"":7700,""user_name"":""믿음이93"",""user_rank"":387,""user_stage"":200}"
"stage_reached_200 (App)","W:20_0A:19_0","6","{""attendance_count"":6,""install_day"":""2025-07-18"",""total_payment_amount"":73700,""user_name"":""SSG랜더스"",""user_rank"":401,""user_stage"":200}"
"stage_reached_200 (App)","W:22_0A:20_0","7","{""attendance_count"":7,""install_day"":""2025-07-17"",""total_payment_amount"":7700,""user_name"":""DDUDDU"",""user_rank"":429,""user_stage"":200}"
"stage_reached_200 (App)","W:23_0A:20_0","6","{""attendance_count"":6,""install_day"":""2025-07-18"",""total_payment_amount"":0,""user_name"":""강함과걍함사이"",""user_rank"":454,""user_stage"":200}"
"stage_reached_200 (App)","W:20_0A:19_0","6","{""attendance_count"":6,""install_day"":""2025-07-18"",""total_payment_amount"":7700,""user_name"":""라키"",""user_rank"":347,""user_stage"":200}"
"stage_reached_200 (App)","W:20_0A:19_0","6","{""attendance_count"":6,""install_day"":""2025-07-18"",""total_payment_amount"":37400,""user_name"":""아밍"",""user_rank"":424,""user_stage"":200}"
"stage_reached_200 (App)","W:22_0A:19_0","6","{""attendance_count"":6,""install_day"":""2025-07-17"",""total_payment_amount"":7700,""user_name"":""re001"",""user_rank"":376,""user_stage"":200}"
"stage_reached_200 (App)","W:22_0A:20_0","8","{""attendance_count"":8,""install_day"":""2025-07-16"",""total_payment_amount"":0,""user_name"":""응개"",""user_rank"":373,""user_stage"":200}"
"stage_reached_200 (App)","W:22_0A:20_0","7","{""attendance_count"":7,""install_day"":""2025-07-17"",""total_payment_amount"":58300,""user_name"":""만수르수슛"",""user_rank"":381,""user_stage"":200}"
"stage_reached_200 (App)","W:20_0A:19_0","7","{""attendance_count"":7,""install_day"":""2025-07-16"",""total_payment_amount"":7700,""user_name"":""jisung"",""user_rank"":489,""user_stage"":200}"
"stage_reached_200 (App)","W:20_0A:19_0","7","{""attendance_count"":7,""install_day"":""2025-07-17"",""total_payment_amount"":7700,""user_name"":""뚜뚜이"",""user_rank"":386,""user_stage"":200}"
"stage_reached_200 (App)","W:20_0A:21_0","4","{""attendance_count"":4,""install_day"":""2025-07-20"",""total_payment_amount"":111100,""user_name"":""랑방"",""user_rank"":414,""user_stage"":200}"
"stage_reached_200 (App)","W:19_0A:19_0","6","{""attendance_count"":6,""install_day"":""2025-07-16"",""total_payment_amount"":44000,""user_name"":""2위"",""user_rank"":414,""user_stage"":200}"
"stage_reached_200 (App)","W:22_0A:19_0","5","{""attendance_count"":5,""install_day"":""2025-07-18"",""total_payment_amount"":7700,""user_name"":""소쿠"",""user_rank"":391,""user_stage"":200}"
"stage_reached_200 (App)","W:22_0A:22_0","2","{""attendance_count"":2,""install_day"":""2025-07-22"",""total_payment_amount"":198000,""user_name"":""팜린"",""user_rank"":453,""user_stage"":200}"
"stage_reached_200 (App)","W:20_0A:19_0","6","{""attendance_count"":6,""install_day"":""2025-07-18"",""total_payment_amount"":11000,""user_name"":""아리오나"",""user_rank"":374,""user_stage"":200}"
"stage_reached_200 (App)","W:19_0A:19_0","6","{""attendance_count"":6,""install_day"":""2025-07-16"",""total_payment_amount"":18700,""user_name"":""범범"",""user_rank"":391,""user_stage"":200}"
"stage_reached_200 (App)","W:20_0A:19_0","8","{""attendance_count"":8,""install_day"":""2025-07-16"",""total_payment_amount"":7700,""user_name"":""오징엉가"",""user_rank"":421,""user_stage"":200}"
"stage_reached_200 (App)","W:22_0A:16_0","4","{""attendance_count"":4,""install_day"":""2025-07-19"",""total_payment_amount"":7700,""user_name"":""깨방"",""user_rank"":389,""user_stage"":200}"
"stage_reached_200 (App)","W:21_0A:17_0","2","{""attendance_count"":2,""install_day"":""2025-07-21"",""total_payment_amount"":119900,""user_name"":""탕유닝"",""user_rank"":430,""user_stage"":200}"
"stage_reached_200 (App)","W:23_0A:20_0","6","{""attendance_count"":6,""install_day"":""2025-07-17"",""total_payment_amount"":0,""user_name"":""신유하개병"",""user_rank"":428,""user_stage"":200}"
"stage_reached_200 (App)","W:22_0A:19_0","4","{""attendance_count"":4,""install_day"":""2025-07-19"",""total_payment_amount"":8800,""user_name"":""제갈민"",""user_rank"":309,""user_stage"":200}"
"stage_reached_200 (App)","W:20_0A:19_0","8","{""attendance_count"":8,""install_day"":""2025-07-16"",""total_payment_amount"":11000,""user_name"":""밤두가"",""user_rank"":403,""user_stage"":200}"
"stage_reached_200 (App)","W:20_0A:19_0","8","{""attendance_count"":8,""install_day"":""2025-07-16"",""total_payment_amount"":7700,""user_name"":""신무호"",""user_rank"":372,""user_stage"":200}"
"stage_reached_200 (App)","W:21_0A:19_0","7","{""attendance_count"":7,""install_day"":""2025-07-16"",""total_payment_amount"":7700,""user_name"":""혁전드"",""user_rank"":372,""user_stage"":200}"
"stage_reached_200 (App)","W:20_0A:17_0","4","{""attendance_count"":4,""install_day"":""2025-07-20"",""total_payment_amount"":73700,""user_name"":""구름꽃"",""user_rank"":416,""user_stage"":200}"
"stage_reached_200 (App)","W:20_0A:19_0","8","{""attendance_count"":8,""install_day"":""2025-07-16"",""total_payment_amount"":7700,""user_name"":""지안표류기"",""user_rank"":410,""user_stage"":200}"
"stage_reached_200 (App)","W:21_0A:19_0","7","{""attendance_count"":7,""install_day"":""2025-07-17"",""total_payment_amount"":0,""user_name"":""최민석민석"",""user_rank"":370,""user_stage"":200}"
"stage_reached_200 (App)","W:20_0A:19_0","8","{""attendance_count"":8,""install_day"":""2025-07-16"",""total_payment_amount"":7700,""user_name"":""쩔수다쩔수"",""user_rank"":368,""user_stage"":200}"
"stage_reached_200 (App)","W:22_0A:16_0","3","{""attendance_count"":3,""install_day"":""2025-07-21"",""total_payment_amount"":56100,""user_name"":""세종더그레잇"",""user_rank"":804,""user_stage"":200}"
"stage_reached_200 (App)","W:22_0A:19_0","6","{""attendance_count"":6,""install_day"":""2025-07-18"",""total_payment_amount"":95700,""user_name"":""추이"",""user_rank"":615,""user_stage"":200}"
"stage_reached_200 (App)","W:20_0A:19_0","7","{""attendance_count"":7,""install_day"":""2025-07-16"",""total_payment_amount"":7700,""user_name"":""주동자자"",""user_rank"":433,""user_stage"":200}"
"stage_reached_200 (App)","W:23_0A:20_0","4","{""attendance_count"":4,""install_day"":""2025-07-20"",""total_payment_amount"":7700,""user_name"":""빙밍"",""user_rank"":435,""user_stage"":200}"
"stage_reached_200 (App)","W:23_0A:22_0","4","{""attendance_count"":4,""install_day"":""2025-07-19"",""total_payment_amount"":22000,""user_name"":""강통"",""user_rank"":384,""user_stage"":200}"
"stage_reached_200 (App)","W:18_0A:19_0","6","{""attendance_count"":6,""install_day"":""2025-07-18"",""total_payment_amount"":7700,""user_name"":""국세청"",""user_rank"":405,""user_stage"":200}"
"stage_reached_200 (App)","W:19_0A:19_0","4","{""attendance_count"":4,""install_day"":""2025-07-19"",""total_payment_amount"":36300,""user_name"":""명탐정코난"",""user_rank"":385,""user_stage"":200}"
"stage_reached_200 (App)","W:21_0A:19_0","6","{""attendance_count"":6,""install_day"":""2025-07-18"",""total_payment_amount"":7700,""user_name"":""홍이장군"",""user_rank"":401,""user_stage"":200}"
"stage_reached_200 (App)","W:17_0A:19_0","6","{""attendance_count"":6,""install_day"":""2025-07-18"",""total_payment_amount"":27500,""user_name"":""올타신영"",""user_rank"":452,""user_stage"":200}"
"stage_reached_200 (App)","W:20_0A:19_0","7","{""attendance_count"":7,""install_day"":""2025-07-17"",""total_payment_amount"":57200,""user_name"":""하모예"",""user_rank"":341,""user_stage"":200}"
"stage_reached_200 (App)","W:20_0A:19_0","7","{""attendance_count"":7,""install_day"":""2025-07-17"",""total_payment_amount"":0,""user_name"":""팜하니짱"",""user_rank"":398,""user_stage"":200}"
"stage_reached_200 (App)","W:20_0A:19_0","7","{""attendance_count"":7,""install_day"":""2025-07-17"",""total_payment_amount"":0,""user_name"":""뽀미장난감"",""user_rank"":409,""user_stage"":200}"
"stage_reached_200 (App)","W:19_0A:16_0","4","{""attendance_count"":4,""install_day"":""2025-07-20"",""total_payment_amount"":126500,""user_name"":""광따"",""user_rank"":381,""user_stage"":200}"
"stage_reached_200 (App)","W:20_0A:19_0","7","{""attendance_count"":7,""install_day"":""2025-07-17"",""total_payment_amount"":11000,""user_name"":""머장장"",""user_rank"":350,""user_stage"":200}"
"stage_reached_200 (App)","W:18_0A:19_0","6","{""attendance_count"":6,""install_day"":""2025-07-17"",""total_payment_amount"":28600,""user_name"":""조선제일남"",""user_rank"":363,""user_stage"":200}"
"stage_reached_200 (App)","W:20_0A:19_0","9","{""attendance_count"":9,""install_day"":""2025-07-15"",""total_payment_amount"":7700,""user_name"":""볼리"",""user_rank"":3291,""user_stage"":200}"
"stage_reached_200 (App)","W:19_0A:19_0","6","{""attendance_count"":6,""install_day"":""2025-07-18"",""total_payment_amount"":80300,""user_name"":""관절이아프구나"",""user_rank"":385,""user_stage"":200}"
"stage_reached_200 (App)","W:20_0A:19_0","7","{""attendance_count"":7,""install_day"":""2025-07-17"",""total_payment_amount"":7700,""user_name"":""0l욜"",""user_rank"":353,""user_stage"":200}"
"stage_reached_200 (App)","W:21_0A:20_0","8","{""attendance_count"":8,""install_day"":""2025-07-16"",""total_payment_amount"":0,""user_name"":""골덕"",""user_rank"":352,""user_stage"":200}"
"stage_reached_200 (App)","W:23_0A:19_0","6","{""attendance_count"":6,""install_day"":""2025-07-18"",""total_payment_amount"":28600,""user_name"":""비련"",""user_rank"":473,""user_stage"":200}"
"stage_reached_200 (App)","W:20_0A:18_0","4","{""attendance_count"":4,""install_day"":""2025-07-20"",""total_payment_amount"":172700,""user_name"":""김견"",""user_rank"":392,""user_stage"":200}"
"stage_reached_200 (App)","W:20_0A:19_0","7","{""attendance_count"":7,""install_day"":""2025-07-17"",""total_payment_amount"":0,""user_name"":""Atom"",""user_rank"":392,""user_stage"":200}"
"stage_reached_200 (App)","W:23_0A:22_0","6","{""attendance_count"":6,""install_day"":""2025-07-18"",""total_payment_amount"":7700,""user_name"":""비온느"",""user_rank"":400,""user_stage"":200}"
"stage_reached_200 (App)","W:20_0A:19_0","7","{""attendance_count"":7,""install_day"":""2025-07-17"",""total_payment_amount"":0,""user_name"":""김로나"",""user_rank"":379,""user_stage"":200}"
"stage_reached_200 (App)","W:20_0A:19_0","6","{""attendance_count"":6,""install_day"":""2025-07-18"",""total_payment_amount"":7700,""user_name"":""다이빙"",""user_rank"":467,""user_stage"":200}"
"stage_reached_200 (App)","W:21_0A:19_0","5","{""attendance_count"":5,""install_day"":""2025-07-18"",""total_payment_amount"":33000,""user_name"":""조단비"",""user_rank"":389,""user_stage"":200}"
"stage_reached_200 (App)","W:20_0A:19_0","8","{""attendance_count"":8,""install_day"":""2025-07-16"",""total_payment_amount"":0,""user_name"":""렛미두잇어겐"",""user_rank"":382,""user_stage"":200}"
"stage_reached_200 (App)","W:21_0A:19_0","5","{""attendance_count"":5,""install_day"":""2025-07-19"",""total_payment_amount"":14300,""user_name"":""믹스넛스낵"",""user_rank"":410,""user_stage"":200}"
"stage_reached_200 (App)","W:23_0A:22_0","7","{""attendance_count"":7,""install_day"":""2025-07-17"",""total_payment_amount"":7700,""user_name"":""생명"",""user_rank"":352,""user_stage"":200}"
"stage_reached_200 (App)","W:22_0A:19_0","5","{""attendance_count"":5,""install_day"":""2025-07-19"",""total_payment_amount"":20900,""user_name"":""복실"",""user_rank"":365,""user_stage"":200}"
"stage_reached_200 (App)","W:20_0A:19_0","8","{""attendance_count"":8,""install_day"":""2025-07-16"",""total_payment_amount"":7700,""user_name"":""9잉"",""user_rank"":391,""user_stage"":200}"
"stage_reached_200 (App)","W:20_0A:19_0","7","{""attendance_count"":7,""install_day"":""2025-07-17"",""total_payment_amount"":14300,""user_name"":""낭만표류기"",""user_rank"":345,""user_stage"":200}"
"stage_reached_200 (App)","W:19_0A:19_0","5","{""attendance_count"":5,""install_day"":""2025-07-18"",""total_payment_amount"":7700,""user_name"":""세라라"",""user_rank"":337,""user_stage"":200}"
"stage_reached_200 (App)","W:21_0A:19_0","5","{""attendance_count"":5,""install_day"":""2025-07-19"",""total_payment_amount"":88000,""user_name"":""짝패"",""user_rank"":549,""user_stage"":200}"
"stage_reached_200 (App)","W:19_0A:19_0","6","{""attendance_count"":6,""install_day"":""2025-07-18"",""total_payment_amount"":62700,""user_name"":""봉딱이"",""user_rank"":354,""user_stage"":200}"
"stage_reached_200 (App)","W:22_0A:19_0","2","{""attendance_count"":2,""install_day"":""2025-07-21"",""total_payment_amount"":106700,""user_name"":""타난"",""user_rank"":408,""user_stage"":200}"
"stage_reached_200 (App)","W:22_0A:20_0","8","{""attendance_count"":8,""install_day"":""2025-07-16"",""total_payment_amount"":22000,""user_name"":""김옹졸"",""user_rank"":343,""user_stage"":200}"
"stage_reached_200 (App)","W:22_0A:22_0","4","{""attendance_count"":4,""install_day"":""2025-07-19"",""total_payment_amount"":20900,""user_name"":""Nospoon"",""user_rank"":335,""user_stage"":200}"
"stage_reached_200 (App)","W:23_0A:20_0","4","{""attendance_count"":4,""install_day"":""2025-07-18"",""total_payment_amount"":36300,""user_name"":""오뎅요"",""user_rank"":352,""user_stage"":200}"
"stage_reached_200 (App)","W:21_0A:19_0","6","{""attendance_count"":6,""install_day"":""2025-07-17"",""total_payment_amount"":7700,""user_name"":""롯케"",""user_rank"":424,""user_stage"":200}"
"stage_reached_200 (App)","W:20_0A:23_0","5","{""attendance_count"":5,""install_day"":""2025-07-18"",""total_payment_amount"":117700,""user_name"":""고요랑"",""user_rank"":329,""user_stage"":200}"
"stage_reached_200 (App)","W:19_0A:19_0","5","{""attendance_count"":5,""install_day"":""2025-07-18"",""total_payment_amount"":40700,""user_name"":""하또짜"",""user_rank"":357,""user_stage"":200}"
"stage_reached_200 (App)","W:22_0A:19_0","5","{""attendance_count"":5,""install_day"":""2025-07-17"",""total_payment_amount"":7700,""user_name"":""사형G"",""user_rank"":325,""user_stage"":200}"
"stage_reached_200 (App)","W:21_0A:19_0","4","{""attendance_count"":4,""install_day"":""2025-07-19"",""total_payment_amount"":7700,""user_name"":""피자세이버"",""user_rank"":328,""user_stage"":200}"
"stage_reached_200 (App)","W:22_0A:18_0","3","{""attendance_count"":3,""install_day"":""2025-07-19"",""total_payment_amount"":27500,""user_name"":""핑또"",""user_rank"":345,""user_stage"":200}"
"stage_reached_200 (App)","W:20_0A:19_0","7","{""attendance_count"":7,""install_day"":""2025-07-16"",""total_payment_amount"":7700,""user_name"":""강담"",""user_rank"":345,""user_stage"":200}"
"stage_reached_200 (App)","W:20_0A:19_0","7","{""attendance_count"":7,""install_day"":""2025-07-16"",""total_payment_amount"":117700,""user_name"":""duck"",""user_rank"":402,""user_stage"":200}"
"stage_reached_200 (App)","W:20_0A:19_0","7","{""attendance_count"":7,""install_day"":""2025-07-16"",""total_payment_amount"":7700,""user_name"":""사바케"",""user_rank"":380,""user_stage"":200}"
"stage_reached_200 (App)","W:21_0A:19_0","7","{""attendance_count"":7,""install_day"":""2025-07-16"",""total_payment_amount"":7700,""user_name"":""떼까우"",""user_rank"":455,""user_stage"":200}"
"stage_reached_200 (App)","W:21_0A:22_0","6","{""attendance_count"":6,""install_day"":""2025-07-17"",""total_payment_amount"":154000,""user_name"":""준준이"",""user_rank"":320,""user_stage"":200}"
"stage_reached_200 (App)","W:18_0A:19_0","6","{""attendance_count"":6,""install_day"":""2025-07-17"",""total_payment_amount"":7700,""user_name"":""자갈치700원"",""user_rank"":365,""user_stage"":200}"
"stage_reached_200 (App)","W:20_0A:19_0","7","{""attendance_count"":7,""install_day"":""2025-07-16"",""total_payment_amount"":7700,""user_name"":""indent"",""user_rank"":364,""user_stage"":200}"
"stage_reached_200 (App)","W:20_0A:19_0","6","{""attendance_count"":6,""install_day"":""2025-07-17"",""total_payment_amount"":14300,""user_name"":""이플"",""user_rank"":315,""user_stage"":200}"
"stage_reached_200 (App)","W:20_0A:21_0","1","{""attendance_count"":1,""install_day"":""2025-07-21"",""total_payment_amount"":480700,""user_name"":""Jemin"",""user_rank"":312,""user_stage"":200}"
"stage_reached_200 (App)","W:19_0A:19_0","6","{""attendance_count"":6,""install_day"":""2025-07-17"",""total_payment_amount"":7700,""user_name"":""곽두"",""user_rank"":330,""user_stage"":200}"
"stage_reached_200 (App)","W:22_0A:18_0","3","{""attendance_count"":3,""install_day"":""2025-07-19"",""total_payment_amount"":41800,""user_name"":""김민주"",""user_rank"":318,""user_stage"":200}"
"stage_reached_200 (App)","W:20_0A:19_0","5","{""attendance_count"":5,""install_day"":""2025-07-17"",""total_payment_amount"":11000,""user_name"":""일론머스크"",""user_rank"":386,""user_stage"":200}"
"stage_reached_200 (App)","W:19_0A:21_0","5","{""attendance_count"":5,""install_day"":""2025-07-18"",""total_payment_amount"":124300,""user_name"":""유리시로"",""user_rank"":333,""user_stage"":200}"
"stage_reached_200 (App)","W:21_0A:21_0","3","{""attendance_count"":3,""install_day"":""2025-07-20"",""total_payment_amount"":96800,""user_name"":""제로나인"",""user_rank"":350,""user_stage"":200}"
"stage_reached_200 (App)","W:22_0A:19_0","5","{""attendance_count"":5,""install_day"":""2025-07-18"",""total_payment_amount"":40700,""user_name"":""일류"",""user_rank"":584,""user_stage"":200}"
"stage_reached_200 (App)","W:22_0A:19_0","3","{""attendance_count"":3,""install_day"":""2025-07-20"",""total_payment_amount"":108900,""user_name"":""하야안"",""user_rank"":304,""user_stage"":200}"
"stage_reached_200 (App)","W:20_0A:19_0","4","{""attendance_count"":4,""install_day"":""2025-07-19"",""total_payment_amount"":150700,""user_name"":""데몬"",""user_rank"":457,""user_stage"":200}"
"stage_reached_200 (App)","W:20_0A:19_0","6","{""attendance_count"":6,""install_day"":""2025-07-17"",""total_payment_amount"":7700,""user_name"":""아리아래"",""user_rank"":300,""user_stage"":200}"
"stage_reached_200 (App)","W:21_0A:19_0","5","{""attendance_count"":5,""install_day"":""2025-07-18"",""total_payment_amount"":11000,""user_name"":""은주"",""user_rank"":320,""user_stage"":200}"
"stage_reached_200 (App)","W:20_0A:19_0","7","{""attendance_count"":7,""install_day"":""2025-07-16"",""total_payment_amount"":11000,""user_name"":""페코"",""user_rank"":359,""user_stage"":200}"
"stage_reached_200 (App)","W:23_0A:20_0","5","{""attendance_count"":5,""install_day"":""2025-07-18"",""total_payment_amount"":7700,""user_name"":""poll"",""user_rank"":308,""user_stage"":200}"
"stage_reached_200 (App)","W:22_0A:19_0","5","{""attendance_count"":5,""install_day"":""2025-07-18"",""total_payment_amount"":29700,""user_name"":""와니초"",""user_rank"":307,""user_stage"":200}"
"stage_reached_200 (App)","W:19_0A:19_0","5","{""attendance_count"":5,""install_day"":""2025-07-18"",""total_payment_amount"":106700,""user_name"":""더덕"",""user_rank"":389,""user_stage"":200}"
"stage_reached_200 (App)","W:22_0A:23_0","5","{""attendance_count"":5,""install_day"":""2025-07-18"",""total_payment_amount"":7700,""user_name"":""영웅Ho걸"",""user_rank"":317,""user_stage"":200}"
"stage_reached_200 (App)","W:22_0A:19_0","7","{""attendance_count"":7,""install_day"":""2025-07-16"",""total_payment_amount"":7700,""user_name"":""사철"",""user_rank"":346,""user_stage"":200}"
"stage_reached_200 (App)","W:21_0A:19_0","7","{""attendance_count"":7,""install_day"":""2025-07-16"",""total_payment_amount"":7700,""user_name"":""김다미"",""user_rank"":329,""user_stage"":200}"
"stage_reached_200 (App)","W:20_0A:19_0","7","{""attendance_count"":7,""install_day"":""2025-07-16"",""total_payment_amount"":37400,""user_name"":""찌꼬빠빠"",""user_rank"":324,""user_stage"":200}"
"stage_reached_200 (App)","W:21_0A:19_0","6","{""attendance_count"":6,""install_day"":""2025-07-16"",""total_payment_amount"":7700,""user_name"":""환상의분수쇼"",""user_rank"":323,""user_stage"":200}"
"stage_reached_200 (App)","W:20_0A:20_0","6","{""attendance_count"":6,""install_day"":""2025-07-16"",""total_payment_amount"":73700,""user_name"":""13453"",""user_rank"":293,""user_stage"":200}"
"stage_reached_200 (App)","W:20_0A:16_0","4","{""attendance_count"":4,""install_day"":""2025-07-19"",""total_payment_amount"":61600,""user_name"":""흑사초롱"",""user_rank"":311,""user_stage"":200}"
"stage_reached_200 (App)","W:22_0A:19_0","6","{""attendance_count"":6,""install_day"":""2025-07-17"",""total_payment_amount"":7700,""user_name"":""플오"",""user_rank"":303,""user_stage"":200}"
"stage_reached_200 (App)","W:21_0A:18_0","4","{""attendance_count"":4,""install_day"":""2025-07-19"",""total_payment_amount"":0,""user_name"":""왕호야"",""user_rank"":303,""user_stage"":200}"
"stage_reached_200 (App)","W:20_0A:19_0","5","{""attendance_count"":5,""install_day"":""2025-07-18"",""total_payment_amount"":66000,""user_name"":""일주일만"",""user_rank"":288,""user_stage"":200}"
"stage_reached_200 (App)","W:21_0A:19_0","7","{""attendance_count"":7,""install_day"":""2025-07-16"",""total_payment_amount"":7700,""user_name"":""김씨표류기인가"",""user_rank"":336,""user_stage"":200}"
"stage_reached_200 (App)","W:20_0A:19_0","7","{""attendance_count"":7,""install_day"":""2025-07-16"",""total_payment_amount"":0,""user_name"":""도플라밍고"",""user_rank"":293,""user_stage"":200}"
"stage_reached_200 (App)","W:20_0A:19_0","7","{""attendance_count"":7,""install_day"":""2025-07-16"",""total_payment_amount"":7700,""user_name"":""시아짱"",""user_rank"":306,""user_stage"":200}"
"stage_reached_200 (App)","W:20_0A:19_0","7","{""attendance_count"":7,""install_day"":""2025-07-16"",""total_payment_amount"":7700,""user_name"":""피릿"",""user_rank"":311,""user_stage"":200}"
"stage_reached_200 (App)","W:22_0A:22_0","4","{""attendance_count"":4,""install_day"":""2025-07-19"",""total_payment_amount"":0,""user_name"":""에스카라"",""user_rank"":291,""user_stage"":200}"
"stage_reached_200 (App)","W:19_0A:18_0","4","{""attendance_count"":4,""install_day"":""2025-07-19"",""total_payment_amount"":40700,""user_name"":""화염방구"",""user_rank"":284,""user_stage"":200}"
"stage_reached_200 (App)","W:23_0A:19_0","3","{""attendance_count"":3,""install_day"":""2025-07-20"",""total_payment_amount"":50600,""user_name"":""양하"",""user_rank"":276,""user_stage"":200}"
"stage_reached_200 (App)","W:21_0A:19_0","6","{""attendance_count"":6,""install_day"":""2025-07-17"",""total_payment_amount"":0,""user_name"":""에드몽"",""user_rank"":307,""user_stage"":200}"
"stage_reached_200 (App)","W:19_0A:19_0","5","{""attendance_count"":5,""install_day"":""2025-07-17"",""total_payment_amount"":7700,""user_name"":""방랑자장씨"",""user_rank"":282,""user_stage"":200}"
"stage_reached_200 (App)","W:22_0A:22_0","7","{""attendance_count"":7,""install_day"":""2025-07-16"",""total_payment_amount"":0,""user_name"":""늑음마"",""user_rank"":279,""user_stage"":200}"
"stage_reached_200 (App)","W:23_0A:19_0","5","{""attendance_count"":5,""install_day"":""2025-07-17"",""total_payment_amount"":14300,""user_name"":""조선방랑자"",""user_rank"":553,""user_stage"":200}"
"stage_reached_200 (App)","W:23_0A:22_0","4","{""attendance_count"":4,""install_day"":""2025-07-18"",""total_payment_amount"":0,""user_name"":""CD용"",""user_rank"":279,""user_stage"":200}"
"stage_reached_200 (App)","W:21_0A:19_0","4","{""attendance_count"":4,""install_day"":""2025-07-18"",""total_payment_amount"":40700,""user_name"":""민초여름"",""user_rank"":282,""user_stage"":200}"
"stage_reached_200 (App)","W:20_0A:19_0","6","{""attendance_count"":6,""install_day"":""2025-07-16"",""total_payment_amount"":7700,""user_name"":""쩰리"",""user_rank"":303,""user_stage"":200}"
"stage_reached_200 (App)","W:18_0A:19_0","6","{""attendance_count"":6,""install_day"":""2025-07-17"",""total_payment_amount"":7700,""user_name"":""다댕이죠"",""user_rank"":290,""user_stage"":200}"
"stage_reached_200 (App)","W:20_0A:19_0","3","{""attendance_count"":3,""install_day"":""2025-07-19"",""total_payment_amount"":213400,""user_name"":""쉬밤꺼"",""user_rank"":300,""user_stage"":200}"
"stage_reached_200 (App)","W:23_0A:19_0","3","{""attendance_count"":3,""install_day"":""2025-07-20"",""total_payment_amount"":7700,""user_name"":""맑을린"",""user_rank"":298,""user_stage"":200}"
"stage_reached_200 (App)","W:20_0A:20_0","7","{""attendance_count"":7,""install_day"":""2025-07-16"",""total_payment_amount"":7700,""user_name"":""내가구운와플"",""user_rank"":294,""user_stage"":200}"
"stage_reached_200 (App)","W:22_0A:19_0","4","{""attendance_count"":4,""install_day"":""2025-07-19"",""total_payment_amount"":15400,""user_name"":""한방에블루스"",""user_rank"":294,""user_stage"":200}"
"stage_reached_200 (App)","W:20_0A:19_0","7","{""attendance_count"":7,""install_day"":""2025-07-16"",""total_payment_amount"":0,""user_name"":""민챈"",""user_rank"":342,""user_stage"":200}"
"stage_reached_200 (App)","W:18_0A:19_0","6","{""attendance_count"":6,""install_day"":""2025-07-17"",""total_payment_amount"":39600,""user_name"":""하나공공"",""user_rank"":419,""user_stage"":200}"
"stage_reached_200 (App)","W:19_0A:19_0","5","{""attendance_count"":5,""install_day"":""2025-07-18"",""total_payment_amount"":45100,""user_name"":""아가레오"",""user_rank"":263,""user_stage"":200}"
"stage_reached_200 (App)","W:20_0A:22_0","5","{""attendance_count"":5,""install_day"":""2025-07-18"",""total_payment_amount"":95700,""user_name"":""심대표"",""user_rank"":264,""user_stage"":200}"
"stage_reached_200 (App)","W:22_0A:19_0","5","{""attendance_count"":5,""install_day"":""2025-07-18"",""total_payment_amount"":25300,""user_name"":""도재"",""user_rank"":275,""user_stage"":200}"
"stage_reached_200 (App)","W:22_0A:19_0","5","{""attendance_count"":5,""install_day"":""2025-07-18"",""total_payment_amount"":7700,""user_name"":""정훈이의모험"",""user_rank"":255,""user_stage"":200}"
"stage_reached_200 (App)","W:21_0A:19_0","5","{""attendance_count"":5,""install_day"":""2025-07-18"",""total_payment_amount"":11000,""user_name"":""Lear"",""user_rank"":255,""user_stage"":200}"
"stage_reached_200 (App)","W:21_0A:19_0","4","{""attendance_count"":4,""install_day"":""2025-07-19"",""total_payment_amount"":8800,""user_name"":""흑사"",""user_rank"":253,""user_stage"":200}"
"stage_reached_200 (App)","W:23_0A:20_0","7","{""attendance_count"":7,""install_day"":""2025-07-16"",""total_payment_amount"":18700,""user_name"":""Spike"",""user_rank"":266,""user_stage"":200}"
"stage_reached_200 (App)","W:23_0A:19_0","5","{""attendance_count"":5,""install_day"":""2025-07-18"",""total_payment_amount"":7700,""user_name"":""위니랑"",""user_rank"":254,""user_stage"":200}"
"stage_reached_200 (App)","W:23_0A:19_0","4","{""attendance_count"":4,""install_day"":""2025-07-19"",""total_payment_amount"":96800,""user_name"":""dogjwjtj"",""user_rank"":382,""user_stage"":200}"
"stage_reached_200 (App)","W:22_0A:20_0","5","{""attendance_count"":5,""install_day"":""2025-07-18"",""total_payment_amount"":78100,""user_name"":""이웃집또털업"",""user_rank"":329,""user_stage"":200}"
"stage_reached_200 (App)","W:20_0A:19_0","6","{""attendance_count"":6,""install_day"":""2025-07-17"",""total_payment_amount"":7700,""user_name"":""용우니"",""user_rank"":248,""user_stage"":200}"
"stage_reached_200 (App)","W:21_0A:19_0","7","{""attendance_count"":7,""install_day"":""2025-07-16"",""total_payment_amount"":0,""user_name"":""서야"",""user_rank"":249,""user_stage"":200}"
"stage_reached_200 (App)","W:20_0A:19_0","7","{""attendance_count"":7,""install_day"":""2025-07-16"",""total_payment_amount"":27500,""user_name"":""위도리"",""user_rank"":244,""user_stage"":200}"
"stage_reached_200 (App)","W:20_0A:19_0","6","{""attendance_count"":6,""install_day"":""2025-07-16"",""total_payment_amount"":33000,""user_name"":""S썽아찌S"",""user_rank"":245,""user_stage"":200}"
"stage_reached_200 (App)","W:20_0A:19_0","4","{""attendance_count"":4,""install_day"":""2025-07-19"",""total_payment_amount"":80300,""user_name"":""물긷는아낙네"",""user_rank"":271,""user_stage"":200}"
"stage_reached_200 (App)","W:19_0A:19_0","3","{""attendance_count"":3,""install_day"":""2025-07-19"",""total_payment_amount"":78100,""user_name"":""초록메뚜기"",""user_rank"":244,""user_stage"":200}"
"stage_reached_200 (App)","W:20_0A:19_0","7","{""attendance_count"":7,""install_day"":""2025-07-16"",""total_payment_amount"":7700,""user_name"":""창식"",""user_rank"":286,""user_stage"":200}"
"stage_reached_200 (App)","W:23_0A:19_0","5","{""attendance_count"":5,""install_day"":""2025-07-18"",""total_payment_amount"":7700,""user_name"":""넘어가"",""user_rank"":254,""user_stage"":200}"
"stage_reached_200 (App)","W:20_0A:19_0","7","{""attendance_count"":7,""install_day"":""2025-07-16"",""total_payment_amount"":7700,""user_name"":""뱅섭"",""user_rank"":239,""user_stage"":200}"
"stage_reached_200 (App)","W:22_0A:19_0","6","{""attendance_count"":6,""install_day"":""2025-07-17"",""total_payment_amount"":7700,""user_name"":""제명"",""user_rank"":280,""user_stage"":200}"
"stage_reached_200 (App)","W:20_0A:19_0","7","{""attendance_count"":7,""install_day"":""2025-07-16"",""total_payment_amount"":7700,""user_name"":""한국사린마"",""user_rank"":282,""user_stage"":200}"
"stage_reached_200 (App)","W:23_0A:19_0","41","{""attendance_count"":41,""install_day"":""2025-06-12"",""total_payment_amount"":12100,""user_name"":""흑군태자"",""user_rank"":3489,""user_stage"":200}"
"stage_reached_200 (App)","W:20_0A:19_0","5","{""attendance_count"":5,""install_day"":""2025-07-18"",""total_payment_amount"":73700,""user_name"":""텐프로"",""user_rank"":252,""user_stage"":200}"
"stage_reached_200 (App)","W:20_0A:19_0","7","{""attendance_count"":7,""install_day"":""2025-07-16"",""total_payment_amount"":7700,""user_name"":""단초"",""user_rank"":314,""user_stage"":200}"
"stage_reached_200 (App)","W:23_0A:23_0","4","{""attendance_count"":4,""install_day"":""2025-07-19"",""total_payment_amount"":45100,""user_name"":""자료구조"",""user_rank"":326,""user_stage"":200}"
"stage_reached_200 (App)","W:20_0A:19_0","7","{""attendance_count"":7,""install_day"":""2025-07-16"",""total_payment_amount"":66000,""user_name"":""원천이"",""user_rank"":266,""user_stage"":200}"
"stage_reached_200 (App)","W:22_0A:19_0","5","{""attendance_count"":5,""install_day"":""2025-07-18"",""total_payment_amount"":14300,""user_name"":""아즈"",""user_rank"":285,""user_stage"":200}"
"stage_reached_200 (App)","W:20_0A:20_0","6","{""attendance_count"":6,""install_day"":""2025-07-17"",""total_payment_amount"":88000,""user_name"":""103"",""user_rank"":249,""user_stage"":200}"
"stage_reached_200 (App)","W:20_0A:19_0","6","{""attendance_count"":6,""install_day"":""2025-07-17"",""total_payment_amount"":40700,""user_name"":""독각룡"",""user_rank"":238,""user_stage"":200}"
"stage_reached_200 (App)","W:23_0A:17_0","4","{""attendance_count"":4,""install_day"":""2025-07-19"",""total_payment_amount"":62700,""user_name"":""대명"",""user_rank"":311,""user_stage"":200}"
"stage_reached_200 (App)","W:20_0A:19_0","7","{""attendance_count"":7,""install_day"":""2025-07-16"",""total_payment_amount"":7700,""user_name"":""허공"",""user_rank"":272,""user_stage"":200}"
"stage_reached_200 (App)","W:20_0A:19_0","8","{""attendance_count"":8,""install_day"":""2025-07-15"",""total_payment_amount"":0,""user_name"":""붉은만월"",""user_rank"":3187,""user_stage"":200}"
"stage_reached_200 (App)","W:20_0A:19_0","6","{""attendance_count"":6,""install_day"":""2025-07-16"",""total_payment_amount"":29700,""user_name"":""현듀야"",""user_rank"":228,""user_stage"":200}"
"stage_reached_200 (App)","W:20_0A:19_0","7","{""attendance_count"":7,""install_day"":""2025-07-16"",""total_payment_amount"":25300,""user_name"":""네메아"",""user_rank"":276,""user_stage"":200}"
"stage_reached_200 (App)","W:22_0A:19_0","6","{""attendance_count"":6,""install_day"":""2025-07-17"",""total_payment_amount"":7700,""user_name"":""떨구"",""user_rank"":241,""user_stage"":200}"
"stage_reached_200 (App)","W:20_0A:19_0","6","{""attendance_count"":6,""install_day"":""2025-07-17"",""total_payment_amount"":39600,""user_name"":""왕배"",""user_rank"":241,""user_stage"":200}"
"stage_reached_200 (App)","W:23_0A:23_0","4","{""attendance_count"":4,""install_day"":""2025-07-18"",""total_payment_amount"":777700,""user_name"":""노비출신"",""user_rank"":238,""user_stage"":200}"
"stage_reached_200 (App)","W:23_0A:20_0","6","{""attendance_count"":6,""install_day"":""2025-07-17"",""total_payment_amount"":117700,""user_name"":""서지니야"",""user_rank"":230,""user_stage"":200}"
"stage_reached_200 (App)","W:21_0A:19_0","7","{""attendance_count"":7,""install_day"":""2025-07-16"",""total_payment_amount"":29700,""user_name"":""호미걸이"",""user_rank"":242,""user_stage"":200}"
"stage_reached_200 (App)","W:22_0A:19_0","6","{""attendance_count"":6,""install_day"":""2025-07-17"",""total_payment_amount"":7700,""user_name"":""나마스테미너"",""user_rank"":181,""user_stage"":200}"
"stage_reached_200 (App)","W:22_0A:19_0","6","{""attendance_count"":6,""install_day"":""2025-07-16"",""total_payment_amount"":0,""user_name"":""종계니"",""user_rank"":288,""user_stage"":200}"
"stage_reached_200 (App)","W:22_0A:22_0","6","{""attendance_count"":6,""install_day"":""2025-07-16"",""total_payment_amount"":73700,""user_name"":""타르피아"",""user_rank"":347,""user_stage"":200}"
"stage_reached_200 (App)","W:20_0A:19_0","4","{""attendance_count"":4,""install_day"":""2025-07-19"",""total_payment_amount"":179300,""user_name"":""태연이"",""user_rank"":226,""user_stage"":200}"
"stage_reached_200 (App)","W:22_0A:19_0","5","{""attendance_count"":5,""install_day"":""2025-07-18"",""total_payment_amount"":0,""user_name"":""난세0"",""user_rank"":219,""user_stage"":200}"
"stage_reached_200 (App)","W:23_0A:19_0","5","{""attendance_count"":5,""install_day"":""2025-07-18"",""total_payment_amount"":7700,""user_name"":""박달매"",""user_rank"":392,""user_stage"":200}"
"stage_reached_200 (App)","W:20_0A:22_0","7","{""attendance_count"":7,""install_day"":""2025-07-16"",""total_payment_amount"":35200,""user_name"":""국민한대"",""user_rank"":232,""user_stage"":200}"
"stage_reached_200 (App)","W:21_0A:19_0","8","{""attendance_count"":8,""install_day"":""2025-07-15"",""total_payment_amount"":18700,""user_name"":""링고스타"",""user_rank"":3230,""user_stage"":200}"
"stage_reached_200 (App)","W:22_0A:19_0","6","{""attendance_count"":6,""install_day"":""2025-07-17"",""total_payment_amount"":7700,""user_name"":""어노인팅"",""user_rank"":287,""user_stage"":200}"
"stage_reached_200 (App)","W:22_0A:16_0","3","{""attendance_count"":3,""install_day"":""2025-07-19"",""total_payment_amount"":117700,""user_name"":""미섬"",""user_rank"":269,""user_stage"":200}"
"stage_reached_200 (App)","W:23_0A:20_0","7","{""attendance_count"":7,""install_day"":""2025-07-16"",""total_payment_amount"":7700,""user_name"":""펜타닐"",""user_rank"":241,""user_stage"":200}"
"stage_reached_200 (App)","W:20_0A:19_0","7","{""attendance_count"":7,""install_day"":""2025-07-16"",""total_payment_amount"":14300,""user_name"":""아이저아"",""user_rank"":259,""user_stage"":200}"
"stage_reached_200 (App)","W:23_0A:19_0","6","{""attendance_count"":6,""install_day"":""2025-07-16"",""total_payment_amount"":11000,""user_name"":""난세이재명"",""user_rank"":314,""user_stage"":200}"
"stage_reached_200 (App)","W:20_0A:21_0","7","{""attendance_count"":7,""install_day"":""2025-07-16"",""total_payment_amount"":7700,""user_name"":""개군소"",""user_rank"":241,""user_stage"":200}"
"stage_reached_200 (App)","W:20_0A:19_0","7","{""attendance_count"":7,""install_day"":""2025-07-16"",""total_payment_amount"":7700,""user_name"":""엽이"",""user_rank"":311,""user_stage"":200}"
"stage_reached_200 (App)","W:20_0A:19_0","6","{""attendance_count"":6,""install_day"":""2025-07-17"",""total_payment_amount"":11000,""user_name"":""지냥"",""user_rank"":223,""user_stage"":200}"
"stage_reached_200 (App)","W:22_0A:19_0","5","{""attendance_count"":5,""install_day"":""2025-07-18"",""total_payment_amount"":7700,""user_name"":""마틴왕"",""user_rank"":288,""user_stage"":200}"
"stage_reached_200 (App)","W:22_0A:19_0","4","{""attendance_count"":4,""install_day"":""2025-07-19"",""total_payment_amount"":25300,""user_name"":""상장군홍도"",""user_rank"":214,""user_stage"":200}"
"stage_reached_200 (App)","W:22_0A:22_0","5","{""attendance_count"":5,""install_day"":""2025-07-18"",""total_payment_amount"":80300,""user_name"":""여름여름"",""user_rank"":275,""user_stage"":200}"
"stage_reached_200 (App)","W:23_0A:16_0","4","{""attendance_count"":4,""install_day"":""2025-07-18"",""total_payment_amount"":14300,""user_name"":""시렁이"",""user_rank"":221,""user_stage"":200}"
"stage_reached_200 (App)","W:20_0A:19_0","7","{""attendance_count"":7,""install_day"":""2025-07-16"",""total_payment_amount"":7700,""user_name"":""맹맹"",""user_rank"":206,""user_stage"":200}"
"stage_reached_200 (App)","W:22_0A:19_0","6","{""attendance_count"":6,""install_day"":""2025-07-16"",""total_payment_amount"":40700,""user_name"":""국내산"",""user_rank"":346,""user_stage"":200}"
"stage_reached_200 (App)","W:22_0A:19_0","5","{""attendance_count"":5,""install_day"":""2025-07-16"",""total_payment_amount"":14300,""user_name"":""마초족발"",""user_rank"":260,""user_stage"":200}"
"stage_reached_200 (App)","W:20_0A:19_0","7","{""attendance_count"":7,""install_day"":""2025-07-16"",""total_payment_amount"":7700,""user_name"":""아슈라"",""user_rank"":258,""user_stage"":200}"
"stage_reached_200 (App)","W:20_0A:19_0","5","{""attendance_count"":5,""install_day"":""2025-07-17"",""total_payment_amount"":77000,""user_name"":""비령"",""user_rank"":214,""user_stage"":200}"
"stage_reached_200 (App)","W:20_0A:19_0","7","{""attendance_count"":7,""install_day"":""2025-07-16"",""total_payment_amount"":7700,""user_name"":""돼지수"",""user_rank"":248,""user_stage"":200}"
"stage_reached_200 (App)","W:21_0A:22_0","4","{""attendance_count"":4,""install_day"":""2025-07-19"",""total_payment_amount"":163900,""user_name"":""김훅"",""user_rank"":180,""user_stage"":200}"
"stage_reached_200 (App)","W:21_0A:22_0","4","{""attendance_count"":4,""install_day"":""2025-07-19"",""total_payment_amount"":150700,""user_name"":""니가킬러"",""user_rank"":203,""user_stage"":200}"
"stage_reached_200 (App)","W:21_0A:19_0","6","{""attendance_count"":6,""install_day"":""2025-07-17"",""total_payment_amount"":7700,""user_name"":""뿅망키"",""user_rank"":205,""user_stage"":200}"
"stage_reached_200 (App)","W:22_0A:20_0","6","{""attendance_count"":6,""install_day"":""2025-07-17"",""total_payment_amount"":11000,""user_name"":""기차"",""user_rank"":175,""user_stage"":200}"
"stage_reached_200 (App)","W:20_0A:19_0","8","{""attendance_count"":8,""install_day"":""2025-07-15"",""total_payment_amount"":40700,""user_name"":""삼둥이아빠"",""user_rank"":3166,""user_stage"":200}"
"stage_reached_200 (App)","W:23_0A:19_0","3","{""attendance_count"":3,""install_day"":""2025-07-20"",""total_payment_amount"":0,""user_name"":""가륜"",""user_rank"":197,""user_stage"":200}"
"stage_reached_200 (App)","W:22_0A:19_0","4","{""attendance_count"":4,""install_day"":""2025-07-18"",""total_payment_amount"":58300,""user_name"":""기범배"",""user_rank"":203,""user_stage"":200}"
"stage_reached_200 (App)","W:20_0A:19_0","7","{""attendance_count"":7,""install_day"":""2025-07-16"",""total_payment_amount"":7700,""user_name"":""청명신"",""user_rank"":196,""user_stage"":200}"
"stage_reached_200 (App)","W:19_0A:19_0","6","{""attendance_count"":6,""install_day"":""2025-07-17"",""total_payment_amount"":7700,""user_name"":""뭡니까지금"",""user_rank"":199,""user_stage"":200}"
"stage_reached_200 (App)","W:22_0A:21_0","4","{""attendance_count"":4,""install_day"":""2025-07-19"",""total_payment_amount"":128700,""user_name"":""leonso"",""user_rank"":269,""user_stage"":200}"
"stage_reached_200 (App)","W:20_0A:19_0","5","{""attendance_count"":5,""install_day"":""2025-07-18"",""total_payment_amount"":111100,""user_name"":""mc재명"",""user_rank"":199,""user_stage"":200}"
"stage_reached_200 (App)","W:21_0A:18_0","5","{""attendance_count"":5,""install_day"":""2025-07-18"",""total_payment_amount"":29700,""user_name"":""민욱"",""user_rank"":192,""user_stage"":200}"
"stage_reached_200 (App)","W:17_0A:19_0","5","{""attendance_count"":5,""install_day"":""2025-07-18"",""total_payment_amount"":75900,""user_name"":""줸줸"",""user_rank"":287,""user_stage"":200}"
"stage_reached_200 (App)","W:20_0A:19_0","7","{""attendance_count"":7,""install_day"":""2025-07-16"",""total_payment_amount"":16500,""user_name"":""스크류펀치"",""user_rank"":251,""user_stage"":200}"
"stage_reached_200 (App)","W:21_0A:19_0","6","{""attendance_count"":6,""install_day"":""2025-07-16"",""total_payment_amount"":7700,""user_name"":""퐁뚱"",""user_rank"":232,""user_stage"":200}"
"stage_reached_200 (App)","W:20_0A:17_0","4","{""attendance_count"":4,""install_day"":""2025-07-19"",""total_payment_amount"":49500,""user_name"":""여주시하동"",""user_rank"":192,""user_stage"":200}"
"stage_reached_200 (App)","W:20_0A:19_0","7","{""attendance_count"":7,""install_day"":""2025-07-15"",""total_payment_amount"":0,""user_name"":""팔도비빈련"",""user_rank"":186,""user_stage"":200}"
"stage_reached_200 (App)","W:20_0A:19_0","7","{""attendance_count"":7,""install_day"":""2025-07-15"",""total_payment_amount"":0,""user_name"":""키도"",""user_rank"":243,""user_stage"":200}"
"stage_reached_200 (App)","W:23_0A:22_0","6","{""attendance_count"":6,""install_day"":""2025-07-16"",""total_payment_amount"":20900,""user_name"":""외교관"",""user_rank"":260,""user_stage"":200}"
"stage_reached_200 (App)","W:20_0A:19_0","23","{""attendance_count"":23,""install_day"":""2024-09-29"",""total_payment_amount"":7700,""user_name"":""artruis"",""user_rank"":3712,""user_stage"":200}"
"stage_reached_200 (App)","W:20_0A:19_0","7","{""attendance_count"":7,""install_day"":""2025-07-16"",""total_payment_amount"":7700,""user_name"":""kreams"",""user_rank"":226,""user_stage"":200}"
"stage_reached_200 (App)","W:22_0A:19_0","6","{""attendance_count"":6,""install_day"":""2025-07-17"",""total_payment_amount"":7700,""user_name"":""미역"",""user_rank"":183,""user_stage"":200}"
"stage_reached_200 (App)","W:20_0A:19_0","7","{""attendance_count"":7,""install_day"":""2025-07-16"",""total_payment_amount"":33000,""user_name"":""몽수"",""user_rank"":287,""user_stage"":200}"
"stage_reached_200 (App)","W:22_0A:19_0","7","{""attendance_count"":7,""install_day"":""2025-07-16"",""total_payment_amount"":7700,""user_name"":""팝콘티비시후"",""user_rank"":179,""user_stage"":200}"
"stage_reached_200 (App)","W:22_0A:19_0","4","{""attendance_count"":4,""install_day"":""2025-07-18"",""total_payment_amount"":7700,""user_name"":""감녕"",""user_rank"":181,""user_stage"":200}"
"stage_reached_200 (App)","W:21_0A:22_0","3","{""attendance_count"":3,""install_day"":""2025-07-19"",""total_payment_amount"":147400,""user_name"":""환상의섬"",""user_rank"":178,""user_stage"":200}"
"stage_reached_200 (App)","W:22_0A:20_0","5","{""attendance_count"":5,""install_day"":""2025-07-18"",""total_payment_amount"":0,""user_name"":""저닐"",""user_rank"":175,""user_stage"":200}"
"stage_reached_200 (App)","W:22_0A:19_0","5","{""attendance_count"":5,""install_day"":""2025-07-18"",""total_payment_amount"":34100,""user_name"":""옴스옴스"",""user_rank"":198,""user_stage"":200}"
"stage_reached_200 (App)","W:20_0A:19_0","7","{""attendance_count"":7,""install_day"":""2025-07-15"",""total_payment_amount"":27500,""user_name"":""마캔"",""user_rank"":191,""user_stage"":200}"
"stage_reached_200 (App)","W:20_0A:19_0","7","{""attendance_count"":7,""install_day"":""2025-07-16"",""total_payment_amount"":7700,""user_name"":""지나"",""user_rank"":201,""user_stage"":200}"
"stage_reached_200 (App)","W:22_0A:19_0","4","{""attendance_count"":4,""install_day"":""2025-07-19"",""total_payment_amount"":25300,""user_name"":""당두두당"",""user_rank"":205,""user_stage"":200}"
"stage_reached_200 (App)","W:21_0A:19_0","4","{""attendance_count"":4,""install_day"":""2025-07-19"",""total_payment_amount"":62700,""user_name"":""달콩집사"",""user_rank"":189,""user_stage"":200}"
"stage_reached_200 (App)","W:21_0A:19_0","5","{""attendance_count"":5,""install_day"":""2025-07-18"",""total_payment_amount"":7700,""user_name"":""몽실몽실"",""user_rank"":190,""user_stage"":200}"
"stage_reached_200 (App)","W:19_0A:19_0","5","{""attendance_count"":5,""install_day"":""2025-07-18"",""total_payment_amount"":51700,""user_name"":""붕쯔붕쯔"",""user_rank"":182,""user_stage"":200}"
"stage_reached_200 (App)","W:19_0A:19_0","6","{""attendance_count"":6,""install_day"":""2025-07-17"",""total_payment_amount"":57200,""user_name"":""안티왕"",""user_rank"":178,""user_stage"":200}"
"stage_reached_200 (App)","W:20_0A:17_0","3","{""attendance_count"":3,""install_day"":""2025-07-19"",""total_payment_amount"":150700,""user_name"":""a1a2a3"",""user_rank"":172,""user_stage"":200}"
"stage_reached_200 (App)","W:19_0A:19_0","4","{""attendance_count"":4,""install_day"":""2025-07-18"",""total_payment_amount"":140800,""user_name"":""로봇"",""user_rank"":184,""user_stage"":200}"
"stage_reached_200 (App)","W:22_0A:19_0","6","{""attendance_count"":6,""install_day"":""2025-07-15"",""total_payment_amount"":11000,""user_name"":""트리니타스"",""user_rank"":239,""user_stage"":200}"
"stage_reached_200 (App)","W:23_0A:19_0","5","{""attendance_count"":5,""install_day"":""2025-07-16"",""total_payment_amount"":22000,""user_name"":""뭐냐공"",""user_rank"":554,""user_stage"":200}"
"stage_reached_200 (App)","W:20_0A:19_0","6","{""attendance_count"":6,""install_day"":""2025-07-16"",""total_payment_amount"":40700,""user_name"":""손견"",""user_rank"":174,""user_stage"":200}"
"stage_reached_200 (App)","W:21_0A:19_0","4","{""attendance_count"":4,""install_day"":""2025-07-18"",""total_payment_amount"":95700,""user_name"":""하모"",""user_rank"":170,""user_stage"":200}"
"stage_reached_200 (App)","W:20_0A:19_0","6","{""attendance_count"":6,""install_day"":""2025-07-16"",""total_payment_amount"":14300,""user_name"":""뜨아"",""user_rank"":191,""user_stage"":200}"
"stage_reached_200 (App)","W:19_0A:16_0","4","{""attendance_count"":4,""install_day"":""2025-07-18"",""total_payment_amount"":95700,""user_name"":""살아남는자"",""user_rank"":169,""user_stage"":200}"
"stage_reached_200 (App)","W:19_0A:19_0","5","{""attendance_count"":5,""install_day"":""2025-07-16"",""total_payment_amount"":7700,""user_name"":""쿵쿵이"",""user_rank"":162,""user_stage"":200}"
"stage_reached_200 (App)","W:21_0A:18_0","3","{""attendance_count"":3,""install_day"":""2025-07-18"",""total_payment_amount"":75900,""user_name"":""으누"",""user_rank"":189,""user_stage"":200}"
"stage_reached_200 (App)","W:22_0A:16_0","4","{""attendance_count"":4,""install_day"":""2025-07-18"",""total_payment_amount"":18700,""user_name"":""난세표류대장"",""user_rank"":461,""user_stage"":200}"
"stage_reached_200 (App)","W:21_0A:19_0","3","{""attendance_count"":3,""install_day"":""2025-07-19"",""total_payment_amount"":106700,""user_name"":""사랑잉"",""user_rank"":166,""user_stage"":200}"
"stage_reached_200 (App)","W:23_0A:17_0","3","{""attendance_count"":3,""install_day"":""2025-07-19"",""total_payment_amount"":7700,""user_name"":""비스트롱"",""user_rank"":165,""user_stage"":200}"
"stage_reached_200 (App)","W:22_0A:15_0","3","{""attendance_count"":3,""install_day"":""2025-07-19"",""total_payment_amount"":11000,""user_name"":""사계절"",""user_rank"":180,""user_stage"":200}"
"stage_reached_200 (App)","W:19_0A:17_0","5","{""attendance_count"":5,""install_day"":""2025-07-16"",""total_payment_amount"":34100,""user_name"":""쮸니"",""user_rank"":159,""user_stage"":200}"
"stage_reached_200 (App)","W:19_0A:17_0","3","{""attendance_count"":3,""install_day"":""2025-07-19"",""total_payment_amount"":114400,""user_name"":""앙뚝"",""user_rank"":187,""user_stage"":200}"
"stage_reached_200 (App)","W:22_0A:20_0","6","{""attendance_count"":6,""install_day"":""2025-07-16"",""total_payment_amount"":0,""user_name"":""고양이털"",""user_rank"":175,""user_stage"":200}"
"stage_reached_200 (App)","W:19_0A:19_0","6","{""attendance_count"":6,""install_day"":""2025-07-16"",""total_payment_amount"":33000,""user_name"":""열전"",""user_rank"":159,""user_stage"":200}"
"stage_reached_200 (App)","W:23_0A:19_0","4","{""attendance_count"":4,""install_day"":""2025-07-18"",""total_payment_amount"":62700,""user_name"":""삼다수"",""user_rank"":226,""user_stage"":200}"
"stage_reached_200 (App)","W:19_0A:17_0","5","{""attendance_count"":5,""install_day"":""2025-07-17"",""total_payment_amount"":29700,""user_name"":""맘바"",""user_rank"":162,""user_stage"":200}"
"stage_reached_200 (App)","W:23_0A:19_0","5","{""attendance_count"":5,""install_day"":""2025-07-17"",""total_payment_amount"":7700,""user_name"":""뱅포에틱"",""user_rank"":180,""user_stage"":200}"
"stage_reached_200 (App)","W:18_0A:19_0","6","{""attendance_count"":6,""install_day"":""2025-07-16"",""total_payment_amount"":29700,""user_name"":""Zaru"",""user_rank"":190,""user_stage"":200}"
"stage_reached_200 (App)","W:21_0A:19_0","5","{""attendance_count"":5,""install_day"":""2025-07-17"",""total_payment_amount"":0,""user_name"":""박수빈"",""user_rank"":176,""user_stage"":200}"
"stage_reached_200 (App)","W:21_0A:18_0","4","{""attendance_count"":4,""install_day"":""2025-07-18"",""total_payment_amount"":7700,""user_name"":""얌고"",""user_rank"":162,""user_stage"":200}"
"stage_reached_200 (App)","W:21_0A:19_0","6","{""attendance_count"":6,""install_day"":""2025-07-16"",""total_payment_amount"":62700,""user_name"":""단몽"",""user_rank"":243,""user_stage"":200}"
"stage_reached_200 (App)","W:20_0A:17_0","3","{""attendance_count"":3,""install_day"":""2025-07-19"",""total_payment_amount"":94600,""user_name"":""악에서구하소서"",""user_rank"":154,""user_stage"":200}"
"stage_reached_200 (App)","W:20_0A:19_0","5","{""attendance_count"":5,""install_day"":""2025-07-17"",""total_payment_amount"":7700,""user_name"":""vhl"",""user_rank"":153,""user_stage"":200}"
"stage_reached_200 (App)","W:20_0A:18_0","3","{""attendance_count"":3,""install_day"":""2025-07-19"",""total_payment_amount"":135300,""user_name"":""무적권"",""user_rank"":163,""user_stage"":200}"
"stage_reached_200 (App)","W:21_0A:19_0","2","{""attendance_count"":2,""install_day"":""2025-07-20"",""total_payment_amount"":337700,""user_name"":""부릉부릉"",""user_rank"":169,""user_stage"":200}"
"stage_reached_200 (App)","W:17_0A:19_0","4","{""attendance_count"":4,""install_day"":""2025-07-18"",""total_payment_amount"":91300,""user_name"":""에릭진"",""user_rank"":151,""user_stage"":200}"
"stage_reached_200 (App)","W:23_0A:19_0","6","{""attendance_count"":6,""install_day"":""2025-07-16"",""total_payment_amount"":11000,""user_name"":""이무의"",""user_rank"":151,""user_stage"":200}"
"stage_reached_200 (App)","W:23_0A:19_0","5","{""attendance_count"":5,""install_day"":""2025-07-17"",""total_payment_amount"":0,""user_name"":""호요요"",""user_rank"":415,""user_stage"":200}"
"stage_reached_200 (App)","W:22_0A:19_0","5","{""attendance_count"":5,""install_day"":""2025-07-17"",""total_payment_amount"":7700,""user_name"":""십정동꿀주먹"",""user_rank"":151,""user_stage"":200}"
"stage_reached_200 (App)","W:20_0A:19_0","7","{""attendance_count"":7,""install_day"":""2025-07-15"",""total_payment_amount"":7700,""user_name"":""twvking"",""user_rank"":3155,""user_stage"":200}"
"stage_reached_200 (App)","W:20_0A:21_0","4","{""attendance_count"":4,""install_day"":""2025-07-18"",""total_payment_amount"":62700,""user_name"":""브이아이피"",""user_rank"":148,""user_stage"":200}"
"stage_reached_200 (App)","W:21_0A:19_0","5","{""attendance_count"":5,""install_day"":""2025-07-17"",""total_payment_amount"":126500,""user_name"":""응아코"",""user_rank"":240,""user_stage"":200}"
"stage_reached_200 (App)","W:19_0A:19_0","6","{""attendance_count"":6,""install_day"":""2025-07-16"",""total_payment_amount"":27500,""user_name"":""가든"",""user_rank"":157,""user_stage"":200}"
"stage_reached_200 (App)","W:20_0A:19_0","7","{""attendance_count"":7,""install_day"":""2025-07-15"",""total_payment_amount"":0,""user_name"":""아이욘"",""user_rank"":3141,""user_stage"":200}"
"stage_reached_200 (App)","W:21_0A:19_0","6","{""attendance_count"":6,""install_day"":""2025-07-16"",""total_payment_amount"":0,""user_name"":""이시안"",""user_rank"":164,""user_stage"":200}"
"stage_reached_200 (App)","W:18_0A:19_0","6","{""attendance_count"":6,""install_day"":""2025-07-16"",""total_payment_amount"":0,""user_name"":""기찰"",""user_rank"":151,""user_stage"":200}"
"stage_reached_200 (App)","W:19_0A:16_0","6","{""attendance_count"":6,""install_day"":""2025-07-16"",""total_payment_amount"":7700,""user_name"":""데퐁"",""user_rank"":137,""user_stage"":200}"
"stage_reached_200 (App)","W:19_0A:19_0","6","{""attendance_count"":6,""install_day"":""2025-07-15"",""total_payment_amount"":7700,""user_name"":""난세GPT"",""user_rank"":158,""user_stage"":200}"
"stage_reached_200 (App)","W:21_0A:19_0","1","{""attendance_count"":1,""install_day"":""2025-07-20"",""total_payment_amount"":502700,""user_name"":""대제"",""user_rank"":428,""user_stage"":200}"
"stage_reached_200 (App)","W:20_0A:18_0","3","{""attendance_count"":3,""install_day"":""2025-07-19"",""total_payment_amount"":124300,""user_name"":""유궁귀"",""user_rank"":165,""user_stage"":200}"
"stage_reached_200 (App)","W:22_0A:21_0","5","{""attendance_count"":5,""install_day"":""2025-07-17"",""total_payment_amount"":29700,""user_name"":""국밥"",""user_rank"":145,""user_stage"":200}"
"stage_reached_200 (App)","W:23_0A:21_0","3","{""attendance_count"":3,""install_day"":""2025-07-19"",""total_payment_amount"":18700,""user_name"":""루사"",""user_rank"":136,""user_stage"":200}"
"stage_reached_200 (App)","W:23_0A:19_0","4","{""attendance_count"":4,""install_day"":""2025-07-18"",""total_payment_amount"":73700,""user_name"":""무거운"",""user_rank"":138,""user_stage"":200}"
"stage_reached_200 (App)","W:20_0A:20_0","3","{""attendance_count"":3,""install_day"":""2025-07-19"",""total_payment_amount"":67100,""user_name"":""나냐"",""user_rank"":136,""user_stage"":200}"
"stage_reached_200 (App)","W:19_0A:19_0","2","{""attendance_count"":2,""install_day"":""2025-07-20"",""total_payment_amount"":140800,""user_name"":""GC"",""user_rank"":191,""user_stage"":200}"
"stage_reached_200 (App)","W:23_0A:22_0","2","{""attendance_count"":2,""install_day"":""2025-07-20"",""total_payment_amount"":136400,""user_name"":""12342"",""user_rank"":145,""user_stage"":200}"
"stage_reached_200 (App)","W:19_0A:19_0","6","{""attendance_count"":6,""install_day"":""2025-07-16"",""total_payment_amount"":29700,""user_name"":""마니비니"",""user_rank"":155,""user_stage"":200}"
"stage_reached_200 (App)","W:21_0A:20_0","6","{""attendance_count"":6,""install_day"":""2025-07-16"",""total_payment_amount"":14300,""user_name"":""피카피카"",""user_rank"":131,""user_stage"":200}"
"stage_reached_200 (App)","W:22_0A:19_0","2","{""attendance_count"":2,""install_day"":""2025-07-20"",""total_payment_amount"":243100,""user_name"":""케케케"",""user_rank"":201,""user_stage"":200}"
"stage_reached_200 (App)","W:18_0A:19_0","6","{""attendance_count"":6,""install_day"":""2025-07-16"",""total_payment_amount"":7700,""user_name"":""지비니"",""user_rank"":130,""user_stage"":200}"
"stage_reached_200 (App)","W:21_0A:18_0","3","{""attendance_count"":3,""install_day"":""2025-07-19"",""total_payment_amount"":55000,""user_name"":""쟁요"",""user_rank"":244,""user_stage"":200}"
"stage_reached_200 (App)","W:22_0A:19_0","5","{""attendance_count"":5,""install_day"":""2025-07-17"",""total_payment_amount"":7700,""user_name"":""에오메르"",""user_rank"":126,""user_stage"":200}"
"stage_reached_200 (App)","W:22_0A:22_0","5","{""attendance_count"":5,""install_day"":""2025-07-17"",""total_payment_amount"":7700,""user_name"":""탄이"",""user_rank"":126,""user_stage"":200}"
"stage_reached_200 (App)","W:22_0A:19_0","5","{""attendance_count"":5,""install_day"":""2025-07-17"",""total_payment_amount"":0,""user_name"":""달록"",""user_rank"":166,""user_stage"":200}"
"stage_reached_200 (App)","W:21_0A:19_0","5","{""attendance_count"":5,""install_day"":""2025-07-16"",""total_payment_amount"":0,""user_name"":""장동민"",""user_rank"":129,""user_stage"":200}"
"stage_reached_200 (App)","W:22_0A:19_0","6","{""attendance_count"":6,""install_day"":""2025-07-16"",""total_payment_amount"":7700,""user_name"":""환세취호전"",""user_rank"":197,""user_stage"":200}"
"stage_reached_200 (App)","W:21_0A:20_0","5","{""attendance_count"":5,""install_day"":""2025-07-16"",""total_payment_amount"":29700,""user_name"":""김햇반"",""user_rank"":122,""user_stage"":200}"
"stage_reached_200 (App)","W:20_0A:20_0","2","{""attendance_count"":2,""install_day"":""2025-07-19"",""total_payment_amount"":201300,""user_name"":""한니야"",""user_rank"":128,""user_stage"":200}"
"stage_reached_200 (App)","W:21_0A:20_0","5","{""attendance_count"":5,""install_day"":""2025-07-17"",""total_payment_amount"":172700,""user_name"":""단군king1"",""user_rank"":121,""user_stage"":200}"
"stage_reached_200 (App)","W:22_0A:19_0","3","{""attendance_count"":3,""install_day"":""2025-07-19"",""total_payment_amount"":51700,""user_name"":""신펜"",""user_rank"":125,""user_stage"":200}"
"stage_reached_200 (App)","W:23_0A:20_0","7","{""attendance_count"":7,""install_day"":""2025-07-16"",""total_payment_amount"":0,""user_name"":""여우개"",""user_rank"":144,""user_stage"":200}"
"stage_reached_200 (App)","W:20_0A:19_0","7","{""attendance_count"":7,""install_day"":""2025-07-15"",""total_payment_amount"":29700,""user_name"":""견곰"",""user_rank"":3176,""user_stage"":200}"
"stage_reached_200 (App)","W:21_0A:21_0","5","{""attendance_count"":5,""install_day"":""2025-07-17"",""total_payment_amount"":165000,""user_name"":""차니에용"",""user_rank"":113,""user_stage"":200}"
"stage_reached_200 (App)","W:22_0A:19_0","5","{""attendance_count"":5,""install_day"":""2025-07-17"",""total_payment_amount"":95700,""user_name"":""윈져"",""user_rank"":126,""user_stage"":200}"
"stage_reached_200 (App)","W:21_0A:19_0","6","{""attendance_count"":6,""install_day"":""2025-07-15"",""total_payment_amount"":7700,""user_name"":""룽이"",""user_rank"":137,""user_stage"":200}"
"stage_reached_200 (App)","W:20_0A:19_0","3","{""attendance_count"":3,""install_day"":""2025-07-19"",""total_payment_amount"":256300,""user_name"":""껸네"",""user_rank"":116,""user_stage"":200}"
"stage_reached_200 (App)","W:22_0A:19_0","5","{""attendance_count"":5,""install_day"":""2025-07-17"",""total_payment_amount"":7700,""user_name"":""은소"",""user_rank"":111,""user_stage"":200}"
"stage_reached_200 (App)","W:20_0A:19_0","2","{""attendance_count"":2,""install_day"":""2025-07-20"",""total_payment_amount"":502700,""user_name"":""맹덕"",""user_rank"":165,""user_stage"":200}"
"stage_reached_200 (App)","W:19_0A:17_0","2","{""attendance_count"":2,""install_day"":""2025-07-20"",""total_payment_amount"":260700,""user_name"":""규링"",""user_rank"":213,""user_stage"":200}"
"stage_reached_200 (App)","W:18_0A:18_0","4","{""attendance_count"":4,""install_day"":""2025-07-17"",""total_payment_amount"":51700,""user_name"":""방랑검객"",""user_rank"":107,""user_stage"":200}"
"stage_reached_200 (App)","W:20_0A:22_0","6","{""attendance_count"":6,""install_day"":""2025-07-16"",""total_payment_amount"":34100,""user_name"":""이로로"",""user_rank"":107,""user_stage"":200}"
"stage_reached_200 (App)","W:20_0A:19_0","7","{""attendance_count"":7,""install_day"":""2025-07-15"",""total_payment_amount"":0,""user_name"":""우리소리"",""user_rank"":3161,""user_stage"":200}"
"stage_reached_200 (App)","W:23_0A:18_0","3","{""attendance_count"":3,""install_day"":""2025-07-18"",""total_payment_amount"":73700,""user_name"":""개근남"",""user_rank"":112,""user_stage"":200}"
"stage_reached_200 (App)","W:22_0A:19_0","5","{""attendance_count"":5,""install_day"":""2025-07-17"",""total_payment_amount"":7700,""user_name"":""장일소"",""user_rank"":158,""user_stage"":200}"
"stage_reached_200 (App)","W:21_0A:22_0","3","{""attendance_count"":3,""install_day"":""2025-07-18"",""total_payment_amount"":145200,""user_name"":""태백"",""user_rank"":113,""user_stage"":200}"
"stage_reached_200 (App)","W:19_0A:19_0","5","{""attendance_count"":5,""install_day"":""2025-07-17"",""total_payment_amount"":73700,""user_name"":""얼발"",""user_rank"":101,""user_stage"":200}"
"stage_reached_200 (App)","W:20_0A:19_0","5","{""attendance_count"":5,""install_day"":""2025-07-17"",""total_payment_amount"":104500,""user_name"":""제노사이드"",""user_rank"":99,""user_stage"":200}"
"stage_reached_200 (App)","W:22_0A:19_0","5","{""attendance_count"":5,""install_day"":""2025-07-17"",""total_payment_amount"":18700,""user_name"":""wmk"",""user_rank"":99,""user_stage"":200}"
"stage_reached_200 (App)","W:23_0A:20_0","6","{""attendance_count"":6,""install_day"":""2025-07-16"",""total_payment_amount"":0,""user_name"":""BAZINGA"",""user_rank"":96,""user_stage"":200}"
"stage_reached_200 (App)","W:23_0A:21_0","5","{""attendance_count"":5,""install_day"":""2025-07-16"",""total_payment_amount"":7700,""user_name"":""츄딱이"",""user_rank"":106,""user_stage"":200}"
"stage_reached_200 (App)","W:20_0A:18_0","4","{""attendance_count"":4,""install_day"":""2025-07-17"",""total_payment_amount"":183700,""user_name"":""만흑랑"",""user_rank"":95,""user_stage"":200}"
"stage_reached_200 (App)","W:22_0A:19_0","5","{""attendance_count"":5,""install_day"":""2025-07-17"",""total_payment_amount"":16500,""user_name"":""KKOP"",""user_rank"":115,""user_stage"":200}"
"stage_reached_200 (App)","W:22_0A:20_0","2","{""attendance_count"":2,""install_day"":""2025-07-20"",""total_payment_amount"":132000,""user_name"":""건도"",""user_rank"":120,""user_stage"":200}"
"stage_reached_200 (App)","W:20_0A:19_0","6","{""attendance_count"":6,""install_day"":""2025-07-16"",""total_payment_amount"":44000,""user_name"":""차무식"",""user_rank"":127,""user_stage"":200}"
"stage_reached_200 (App)","W:20_0A:19_0","5","{""attendance_count"":5,""install_day"":""2025-07-17"",""total_payment_amount"":70400,""user_name"":""건호최고"",""user_rank"":108,""user_stage"":200}"
"stage_reached_200 (App)","W:20_0A:19_0","4","{""attendance_count"":4,""install_day"":""2025-07-17"",""total_payment_amount"":129800,""user_name"":""희동삼"",""user_rank"":105,""user_stage"":200}"
"stage_reached_200 (App)","W:21_0A:19_0","4","{""attendance_count"":4,""install_day"":""2025-07-18"",""total_payment_amount"":30800,""user_name"":""Henry"",""user_rank"":108,""user_stage"":200}"
"stage_reached_200 (App)","W:23_0A:19_0","5","{""attendance_count"":5,""install_day"":""2025-07-17"",""total_payment_amount"":101200,""user_name"":""디올대디"",""user_rank"":105,""user_stage"":200}"
"stage_reached_200 (App)","W:22_0A:20_0","3","{""attendance_count"":3,""install_day"":""2025-07-18"",""total_payment_amount"":106700,""user_name"":""듀펠"",""user_rank"":237,""user_stage"":200}"
"stage_reached_200 (App)","W:19_0A:19_0","1","{""attendance_count"":1,""install_day"":""2025-07-19"",""total_payment_amount"":348700,""user_name"":""오브"",""user_rank"":144,""user_stage"":200}"
"stage_reached_200 (App)","W:23_0A:19_0","1","{""attendance_count"":1,""install_day"":""2025-07-19"",""total_payment_amount"":126500,""user_name"":""바라기류"",""user_rank"":104,""user_stage"":200}"
"stage_reached_200 (App)","W:20_0A:18_0","2","{""attendance_count"":2,""install_day"":""2025-07-19"",""total_payment_amount"":136400,""user_name"":""태풍표류기"",""user_rank"":89,""user_stage"":200}"
"stage_reached_200 (App)","W:22_0A:17_0","4","{""attendance_count"":4,""install_day"":""2025-07-17"",""total_payment_amount"":29700,""user_name"":""난중일기"",""user_rank"":87,""user_stage"":200}"
"stage_reached_200 (App)","W:23_0A:20_0","1","{""attendance_count"":1,""install_day"":""2025-07-20"",""total_payment_amount"":154000,""user_name"":""오련"",""user_rank"":278,""user_stage"":200}"
"stage_reached_200 (App)","W:19_0A:15_0","4","{""attendance_count"":4,""install_day"":""2025-07-16"",""total_payment_amount"":60500,""user_name"":""우치하이타치"",""user_rank"":85,""user_stage"":200}"
"stage_reached_200 (App)","W:22_0A:19_0","4","{""attendance_count"":4,""install_day"":""2025-07-17"",""total_payment_amount"":11000,""user_name"":""그래도살아야지"",""user_rank"":104,""user_stage"":200}"
"stage_reached_200 (App)","W:22_0A:23_0","4","{""attendance_count"":4,""install_day"":""2025-07-17"",""total_payment_amount"":27500,""user_name"":""윤관"",""user_rank"":82,""user_stage"":200}"
"stage_reached_200 (App)","W:23_0A:18_0","3","{""attendance_count"":3,""install_day"":""2025-07-18"",""total_payment_amount"":113300,""user_name"":""차우우차"",""user_rank"":218,""user_stage"":200}"
"stage_reached_200 (App)","W:23_0A:18_0","4","{""attendance_count"":4,""install_day"":""2025-07-16"",""total_payment_amount"":7700,""user_name"":""puking"",""user_rank"":91,""user_stage"":200}"
"stage_reached_200 (App)","W:23_0A:22_0","5","{""attendance_count"":5,""install_day"":""2025-07-16"",""total_payment_amount"":7700,""user_name"":""수림"",""user_rank"":80,""user_stage"":200}"
"stage_reached_200 (App)","W:19_0A:18_0","4","{""attendance_count"":4,""install_day"":""2025-07-17"",""total_payment_amount"":391600,""user_name"":""은월랑"",""user_rank"":87,""user_stage"":200}"
"stage_reached_200 (App)","W:16_0A:15_0","3","{""attendance_count"":3,""install_day"":""2025-07-18"",""total_payment_amount"":95700,""user_name"":""고먐미"",""user_rank"":93,""user_stage"":200}"
"stage_reached_200 (App)","W:20_0A:18_0","3","{""attendance_count"":3,""install_day"":""2025-07-18"",""total_payment_amount"":146300,""user_name"":""방귀꾼"",""user_rank"":100,""user_stage"":200}"
"stage_reached_200 (App)","W:22_0A:21_0","3","{""attendance_count"":3,""install_day"":""2025-07-18"",""total_payment_amount"":212300,""user_name"":""이순신장군멍군"",""user_rank"":79,""user_stage"":200}"
"stage_reached_200 (App)","W:23_0A:19_0","5","{""attendance_count"":5,""install_day"":""2025-07-16"",""total_payment_amount"":7700,""user_name"":""문도광"",""user_rank"":83,""user_stage"":200}"
"stage_reached_200 (App)","W:20_0A:19_0","5","{""attendance_count"":5,""install_day"":""2025-07-16"",""total_payment_amount"":7700,""user_name"":""또봇엑스"",""user_rank"":77,""user_stage"":200}"
"stage_reached_200 (App)","W:23_0A:19_0","5","{""attendance_count"":5,""install_day"":""2025-07-16"",""total_payment_amount"":7700,""user_name"":""레츠고"",""user_rank"":117,""user_stage"":200}"
"stage_reached_200 (App)","W:23_0A:22_0","2","{""attendance_count"":2,""install_day"":""2025-07-19"",""total_payment_amount"":196900,""user_name"":""지니자나"",""user_rank"":79,""user_stage"":200}"
"stage_reached_200 (App)","W:23_0A:20_0","2","{""attendance_count"":2,""install_day"":""2025-07-19"",""total_payment_amount"":150700,""user_name"":""헝그리송"",""user_rank"":103,""user_stage"":200}"
"stage_reached_200 (App)","W:19_0A:19_0","5","{""attendance_count"":5,""install_day"":""2025-07-16"",""total_payment_amount"":40700,""user_name"":""긍가긍가"",""user_rank"":78,""user_stage"":200}"
"stage_reached_200 (App)","W:19_0A:22_0","2","{""attendance_count"":2,""install_day"":""2025-07-18"",""total_payment_amount"":161700,""user_name"":""절대무적"",""user_rank"":73,""user_stage"":200}"
"stage_reached_200 (App)","W:21_0A:21_0","2","{""attendance_count"":2,""install_day"":""2025-07-18"",""total_payment_amount"":172700,""user_name"":""uj"",""user_rank"":70,""user_stage"":200}"
"stage_reached_200 (App)","W:23_0A:20_0","4","{""attendance_count"":4,""install_day"":""2025-07-17"",""total_payment_amount"":38500,""user_name"":""불태워버려"",""user_rank"":72,""user_stage"":200}"
"stage_reached_200 (App)","W:22_0A:19_0","5","{""attendance_count"":5,""install_day"":""2025-07-16"",""total_payment_amount"":7700,""user_name"":""빡뚱"",""user_rank"":61,""user_stage"":200}"
"stage_reached_200 (App)","W:21_0A:21_0","2","{""attendance_count"":2,""install_day"":""2025-07-18"",""total_payment_amount"":227700,""user_name"":""찐뽀"",""user_rank"":80,""user_stage"":200}"
"stage_reached_200 (App)","W:23_0A:23_0","1","{""attendance_count"":1,""install_day"":""2025-07-19"",""total_payment_amount"":216700,""user_name"":""내일요"",""user_rank"":113,""user_stage"":200}"
"stage_reached_200 (App)","W:22_0A:19_0","4","{""attendance_count"":4,""install_day"":""2025-07-17"",""total_payment_amount"":143000,""user_name"":""AGW"",""user_rank"":87,""user_stage"":200}"
"stage_reached_200 (App)","W:20_0A:19_0","5","{""attendance_count"":5,""install_day"":""2025-07-16"",""total_payment_amount"":130900,""user_name"":""연우파파"",""user_rank"":67,""user_stage"":200}"
"stage_reached_200 (App)","W:21_0A:19_0","4","{""attendance_count"":4,""install_day"":""2025-07-17"",""total_payment_amount"":22000,""user_name"":""2쁜2"",""user_rank"":67,""user_stage"":200}"
"stage_reached_200 (App)","W:19_0A:19_0","5","{""attendance_count"":5,""install_day"":""2025-07-16"",""total_payment_amount"":45100,""user_name"":""아주"",""user_rank"":61,""user_stage"":200}"
"stage_reached_200 (App)","W:23_0A:19_0","5","{""attendance_count"":5,""install_day"":""2025-07-16"",""total_payment_amount"":14300,""user_name"":""채넌"",""user_rank"":60,""user_stage"":200}"
"stage_reached_200 (App)","W:21_0A:21_0","4","{""attendance_count"":4,""install_day"":""2025-07-17"",""total_payment_amount"":392700,""user_name"":""코토리"",""user_rank"":78,""user_stage"":200}"
"stage_reached_200 (App)","W:20_0A:18_0","2","{""attendance_count"":2,""install_day"":""2025-07-18"",""total_payment_amount"":117700,""user_name"":""빠따"",""user_rank"":67,""user_stage"":200}"
"stage_reached_200 (App)","W:19_0A:19_0","4","{""attendance_count"":4,""install_day"":""2025-07-16"",""total_payment_amount"":72600,""user_name"":""덕풍동시라소니"",""user_rank"":61,""user_stage"":200}"
"stage_reached_200 (App)","W:22_0A:19_0","4","{""attendance_count"":4,""install_day"":""2025-07-17"",""total_payment_amount"":40700,""user_name"":""딤이"",""user_rank"":59,""user_stage"":200}"
"stage_reached_200 (App)","W:20_0A:20_0","3","{""attendance_count"":3,""install_day"":""2025-07-18"",""total_payment_amount"":392700,""user_name"":""키드"",""user_rank"":63,""user_stage"":200}"
"stage_reached_200 (App)","W:22_0A:21_0","1","{""attendance_count"":1,""install_day"":""2025-07-19"",""total_payment_amount"":157300,""user_name"":""드레옹"",""user_rank"":86,""user_stage"":200}"
"stage_reached_200 (App)","W:20_0A:21_0","2","{""attendance_count"":2,""install_day"":""2025-07-18"",""total_payment_amount"":249700,""user_name"":""거지왕최춘삼"",""user_rank"":90,""user_stage"":200}"
"stage_reached_200 (App)","W:21_0A:19_0","2","{""attendance_count"":2,""install_day"":""2025-07-18"",""total_payment_amount"":157300,""user_name"":""천사오빵"",""user_rank"":56,""user_stage"":200}"
"stage_reached_200 (App)","W:21_0A:19_0","1","{""attendance_count"":1,""install_day"":""2025-07-19"",""total_payment_amount"":315700,""user_name"":""아이누이"",""user_rank"":61,""user_stage"":200}"
"stage_reached_200 (App)","W:23_0A:21_0","5","{""attendance_count"":5,""install_day"":""2025-07-15"",""total_payment_amount"":227700,""user_name"":""쿠빈"",""user_rank"":4116,""user_stage"":200}"
"stage_reached_200 (App)","W:23_0A:19_0","3","{""attendance_count"":3,""install_day"":""2025-07-17"",""total_payment_amount"":0,""user_name"":""키슬로우"",""user_rank"":55,""user_stage"":200}"
"stage_reached_200 (App)","W:22_0A:20_0","16","{""attendance_count"":16,""install_day"":""2024-12-03"",""total_payment_amount"":0,""user_name"":""시계"",""user_rank"":3263,""user_stage"":200}"
"stage_reached_200 (App)","W:21_0A:20_0","3","{""attendance_count"":3,""install_day"":""2025-07-16"",""total_payment_amount"":286000,""user_name"":""별빛속삭임"",""user_rank"":70,""user_stage"":200}"
"stage_reached_200 (App)","W:22_0A:18_0","3","{""attendance_count"":3,""install_day"":""2025-07-17"",""total_payment_amount"":337700,""user_name"":""토실토실"",""user_rank"":49,""user_stage"":200}"
"stage_reached_200 (App)","W:21_0A:18_0","2","{""attendance_count"":2,""install_day"":""2025-07-17"",""total_payment_amount"":79200,""user_name"":""국산뽀또"",""user_rank"":52,""user_stage"":200}"
"stage_reached_200 (App)","W:19_0A:19_0","2","{""attendance_count"":2,""install_day"":""2025-07-18"",""total_payment_amount"":275000,""user_name"":""쭌이파파"",""user_rank"":56,""user_stage"":200}"
"stage_reached_200 (App)","W:20_0A:17_0","3","{""attendance_count"":3,""install_day"":""2025-07-16"",""total_payment_amount"":136400,""user_name"":""천하난세"",""user_rank"":48,""user_stage"":200}"
"stage_reached_200 (App)","W:23_0A:20_0","4","{""attendance_count"":4,""install_day"":""2025-07-16"",""total_payment_amount"":95700,""user_name"":""씨표류기"",""user_rank"":77,""user_stage"":200}"
"stage_reached_200 (App)","W:22_0A:23_0","2","{""attendance_count"":2,""install_day"":""2025-07-18"",""total_payment_amount"":243100,""user_name"":""JJJ0738"",""user_rank"":49,""user_stage"":200}"
"stage_reached_200 (App)","W:19_0A:18_0","2","{""attendance_count"":2,""install_day"":""2025-07-18"",""total_payment_amount"":170500,""user_name"":""딱쎄"",""user_rank"":52,""user_stage"":200}"
"stage_reached_200 (App)","W:23_0A:21_0","1","{""attendance_count"":1,""install_day"":""2025-07-18"",""total_payment_amount"":205700,""user_name"":""혐오"",""user_rank"":106,""user_stage"":200}"
"stage_reached_200 (App)","W:23_0A:20_0","2","{""attendance_count"":2,""install_day"":""2025-07-18"",""total_payment_amount"":117700,""user_name"":""꽃해골"",""user_rank"":36,""user_stage"":200}"
"stage_reached_200 (App)","W:20_0A:19_0","2","{""attendance_count"":2,""install_day"":""2025-07-18"",""total_payment_amount"":132000,""user_name"":""연지곤지"",""user_rank"":42,""user_stage"":200}"
"stage_reached_200 (App)","W:22_0A:19_0","3","{""attendance_count"":3,""install_day"":""2025-07-17"",""total_payment_amount"":62700,""user_name"":""쓱이"",""user_rank"":41,""user_stage"":200}"
"stage_reached_200 (App)","W:20_0A:20_0","4","{""attendance_count"":4,""install_day"":""2025-07-16"",""total_payment_amount"":215600,""user_name"":""늙딱이"",""user_rank"":40,""user_stage"":200}"
"stage_reached_200 (App)","W:21_0A:23_0","3","{""attendance_count"":3,""install_day"":""2025-07-17"",""total_payment_amount"":260700,""user_name"":""천휼"",""user_rank"":47,""user_stage"":200}"
"stage_reached_200 (App)","W:21_0A:18_0","4","{""attendance_count"":4,""install_day"":""2025-07-16"",""total_payment_amount"":62700,""user_name"":""신정보"",""user_rank"":45,""user_stage"":200}"
"stage_reached_200 (App)","W:19_0A:17_0","4","{""attendance_count"":4,""install_day"":""2025-07-16"",""total_payment_amount"":84700,""user_name"":""만마앙복"",""user_rank"":37,""user_stage"":200}"
"stage_reached_200 (App)","W:20_0A:17_0","3","{""attendance_count"":3,""install_day"":""2025-07-17"",""total_payment_amount"":103400,""user_name"":""수비"",""user_rank"":41,""user_stage"":200}"
"stage_reached_200 (App)","W:20_0A:18_0","2","{""attendance_count"":2,""install_day"":""2025-07-18"",""total_payment_amount"":145200,""user_name"":""겨울사과"",""user_rank"":48,""user_stage"":200}"
"stage_reached_200 (App)","W:20_0A:18_0","3","{""attendance_count"":3,""install_day"":""2025-07-16"",""total_payment_amount"":194700,""user_name"":""찐아"",""user_rank"":35,""user_stage"":200}"
"stage_reached_200 (App)","W:23_0A:23_0","2","{""attendance_count"":2,""install_day"":""2025-07-18"",""total_payment_amount"":1767700,""user_name"":""KIRA"",""user_rank"":49,""user_stage"":200}"
"stage_reached_200 (App)","W:22_0A:18_0","4","{""attendance_count"":4,""install_day"":""2025-07-16"",""total_payment_amount"":7700,""user_name"":""꽁꽁이"",""user_rank"":30,""user_stage"":200}"
"stage_reached_200 (App)","W:23_0A:20_0","2","{""attendance_count"":2,""install_day"":""2025-07-18"",""total_payment_amount"":58300,""user_name"":""강산"",""user_rank"":30,""user_stage"":200}"
"stage_reached_200 (App)","W:20_0A:22_0","1","{""attendance_count"":1,""install_day"":""2025-07-18"",""total_payment_amount"":289300,""user_name"":""피코리나"",""user_rank"":30,""user_stage"":200}"
"stage_reached_200 (App)","W:22_0A:22_0","3","{""attendance_count"":3,""install_day"":""2025-07-16"",""total_payment_amount"":77000,""user_name"":""호잉쓰"",""user_rank"":28,""user_stage"":200}"
"stage_reached_200 (App)","W:22_0A:18_0","3","{""attendance_count"":3,""install_day"":""2025-07-15"",""total_payment_amount"":99000,""user_name"":""호펜"",""user_rank"":26,""user_stage"":200}"
"stage_reached_200 (App)","W:21_0A:19_0","1","{""attendance_count"":1,""install_day"":""2025-07-18"",""total_payment_amount"":337700,""user_name"":""한석봉"",""user_rank"":26,""user_stage"":200}"
"stage_reached_200 (App)","W:21_0A:19_0","1","{""attendance_count"":1,""install_day"":""2025-07-18"",""total_payment_amount"":183700,""user_name"":""살성"",""user_rank"":26,""user_stage"":200}"
"stage_reached_200 (App)","W:22_0A:20_0","2","{""attendance_count"":2,""install_day"":""2025-07-16"",""total_payment_amount"":183700,""user_name"":""아랑의혼"",""user_rank"":26,""user_stage"":200}"
"stage_reached_200 (App)","W:19_0A:15_0","4","{""attendance_count"":4,""install_day"":""2025-07-15"",""total_payment_amount"":110000,""user_name"":""소룡녀"",""user_rank"":3143,""user_stage"":200}"
"stage_reached_200 (App)","W:23_0A:19_0","3","{""attendance_count"":3,""install_day"":""2025-07-16"",""total_payment_amount"":370700,""user_name"":""육도선인"",""user_rank"":29,""user_stage"":200}"
"stage_reached_200 (App)","W:23_0A:20_0","3","{""attendance_count"":3,""install_day"":""2025-07-16"",""total_payment_amount"":0,""user_name"":""감자샐러드"",""user_rank"":23,""user_stage"":200}"
"stage_reached_200 (App)","W:22_0A:16_0","2","{""attendance_count"":2,""install_day"":""2025-07-17"",""total_payment_amount"":425700,""user_name"":""아나고"",""user_rank"":20,""user_stage"":200}"
"stage_reached_200 (App)","W:23_0A:20_0","3","{""attendance_count"":3,""install_day"":""2025-07-16"",""total_payment_amount"":95700,""user_name"":""디오"",""user_rank"":19,""user_stage"":200}"
"stage_reached_200 (App)","W:23_0A:19_0","2","{""attendance_count"":2,""install_day"":""2025-07-16"",""total_payment_amount"":590700,""user_name"":""은비"",""user_rank"":25,""user_stage"":200}"
"stage_reached_200 (App)","W:23_0A:17_0","1","{""attendance_count"":1,""install_day"":""2025-07-17"",""total_payment_amount"":154000,""user_name"":""사쿠라기"",""user_rank"":23,""user_stage"":200}"
"stage_reached_200 (App)","W:19_0A:19_0","2","{""attendance_count"":2,""install_day"":""2025-07-17"",""total_payment_amount"":143000,""user_name"":""디우"",""user_rank"":18,""user_stage"":200}"
"stage_reached_200 (App)","W:22_0A:20_0","3","{""attendance_count"":3,""install_day"":""2025-07-16"",""total_payment_amount"":223300,""user_name"":""밀레니온"",""user_rank"":16,""user_stage"":200}"
"stage_reached_200 (App)","W:23_0A:20_0","2","{""attendance_count"":2,""install_day"":""2025-07-17"",""total_payment_amount"":122100,""user_name"":""황장우"",""user_rank"":14,""user_stage"":200}"
"stage_reached_200 (App)","W:21_0A:22_0","3","{""attendance_count"":3,""install_day"":""2025-07-16"",""total_payment_amount"":590700,""user_name"":""밀월"",""user_rank"":14,""user_stage"":200}"
"stage_reached_200 (App)","W:21_0A:20_0","1","{""attendance_count"":1,""install_day"":""2025-07-17"",""total_payment_amount"":205700,""user_name"":""틸라스"",""user_rank"":14,""user_stage"":200}"
"stage_reached_200 (App)","W:22_0A:19_0","1","{""attendance_count"":1,""install_day"":""2025-07-17"",""total_payment_amount"":755700,""user_name"":""한국완주"",""user_rank"":12,""user_stage"":200}"
"stage_reached_200 (App)","W:22_0A:19_0","1","{""attendance_count"":1,""install_day"":""2025-07-17"",""total_payment_amount"":150700,""user_name"":""엉망"",""user_rank"":12,""user_stage"":200}"
"stage_reached_200 (App)","W:22_0A:22_0","2","{""attendance_count"":2,""install_day"":""2025-07-16"",""total_payment_amount"":392700,""user_name"":""대머리강서구"",""user_rank"":11,""user_stage"":200}"
