순위,UUID,닉네임,점수,추가 항목
1,15c840e0-63d3-11f0-9a87-810a40a679fa,KIRA,768,8
2,dcfafa40-621b-11f0-9ed2-2327c5a1ff14,상처,730,8
3,4aed3840-6543-11f0-b2e4-155beee88baa,부릉부릉,725,8
4,d88da590-618d-11f0-be18-d54b23f40b25,악마,709,8
5,dd19e7d0-6427-11f0-a684-2b9cd36018bc,노비출신,622,8
6,0c9e5850-62b2-11f0-b038-1df969c0d9a5,엉망,563,7
7,f63c3280-6720-11f0-b696-57f6be140e14,Raid,552,7
8,4e144c50-6397-11f0-a4da-3d0ef443f21c,JJJ0738,547,7
9,3f76e8d0-62dc-11f0-a53e-f720860fcc8a,천휼,545,7
10,22302cb0-629f-11f0-9c35-45ef6a487d5b,천하난세,530,7
11,2f9233f0-63b0-11f0-bbdf-4720f039de06,쭌이파파,492,6
12,3f7a7390-6603-11f0-9582-8f4f9f5b46ce,럭키스트라이크,484,6
13,32af3fb0-6653-11f0-96fa-990fd0c2f326,Jemin,481,6
14,c3c47f20-61f2-11f0-9e54-f5b20913bba4,대머리강서구,478,6
15,37c4d360-6451-11f0-8944-5327091948db,leonso,476,6
16,0f01b170-626a-11f0-b63f-7755b72aa50f,은비,471,6
17,bbe4fd80-6269-11f0-b63f-7755b72aa50f,덕풍동시라소니,466,6
17,87edfab0-6a00-11f0-9416-6d61d44d7bd3,이세계아이돌,466,6
19,747c1680-6378-11f0-a136-2da89d763260,살성,465,6
20,dcb7d770-6373-11f0-ba6d-31d76c70e10b,꽃해골,458,6
21,1f635ff0-6ad5-11f0-81c8-df68c1af4b53,완투쓰리,454,6
22,ef36b910-61f8-11f0-8f57-d38927707cf0,김승원,446,6
23,d2ace080-647d-11f0-bb5e-79bc0c4c5953,신펜,445,6
23,c14cecd0-64ce-11f0-89c4-91955faa19a3,내일요,445,6
25,76080ea0-6431-11f0-b895-d750b0653929,개근남,438,6
26,af774250-63be-11f0-a7e3-7b406ef3e8c7,피코리나,437,6
27,d4bafc10-63e5-11f0-89c3-81bc4ed5aa4e,키드,434,6
27,9c135f80-6226-11f0-82ed-f76fbd04887c,넌누구니,434,6
29,b407bb20-6467-11f0-a19b-cd9bee505425,태풍표류기,433,6
30,06293170-623f-11f0-8e4e-3fc4beb87eac,동상,431,6
31,7efe8820-6302-11f0-a53e-f720860fcc8a,토실토실,430,6
31,40c562e0-647e-11f0-bd3a-59ec6d6002f0,드레옹,430,6
33,d57fab70-63c0-11f0-b6ab-ab1d57efd9b6,유태,425,6
33,636fa750-6448-11f0-9230-ab77de340b9d,껸네,425,6
35,abd22e10-621c-11f0-bbfd-8564365ef7ff,만마앙복,417,6
36,c4465a70-62d0-11f0-a53e-f720860fcc8a,황장우,413,6
37,06b9f870-63ef-11f0-a934-37f97c3285aa,절대무적,409,6
38,0109ec60-6326-11f0-8452-27084395bcc2,만흑랑,401,5
39,0f9049d0-618e-11f0-bd36-5f31c52cdc75,아마테라스,400,5
40,7820d440-62b7-11f0-a89f-3182c3b8adb5,디우,397,5
41,ec86c130-649e-11f0-ac20-8734dac19833,대명,396,5
42,b90ebd70-63a5-11f0-9e98-299d606b6be2,천사오빵,394,5
43,aac846c0-6af1-11f0-92e1-394a8ca307ec,A파도,392,5
44,ec218bf0-62cb-11f0-b968-b15002a4efc3,한국완주,391,5
44,2c5cb5b0-6514-11f0-8799-a56030339d38,GC,391,5
46,eeda0500-6467-11f0-82c1-d1354574f8a3,사랑잉,388,5
46,a091b790-664b-11f0-8bf6-afeec62e00c0,몽달이,388,5
46,987da7e0-6492-11f0-bbfe-0d14bcd852b5,쟁요,388,5
49,2dc21e70-6269-11f0-97b4-198e3a6088ef,차희,387,5
49,11660050-6464-11f0-b9a2-71a70b35ee88,쉬밤꺼,387,5
51,9d22eab0-639a-11f0-9b51-d36a85c863a7,한석봉,386,5
52,d67ac9a0-62d6-11f0-a655-3f20d48333c3,은월랑,385,5
52,be3f3300-62de-11f0-a9e2-bd6cd50a5a78,디올대디,385,5
54,4ac84310-63ee-11f0-bf41-c3e2fe979c75,태백,381,5
55,8658ee50-6256-11f0-98d2-c5ba3f452be0,별빛속삭임,377,5
56,4ebc6910-658d-11f0-8de7-713c959a95d8,대제,373,5
57,d58db770-6ccf-11f0-80b2-df6a7b97e98b,김메롱,371,5
57,82738560-63d8-11f0-9a87-810a40a679fa,줸줸,371,5
57,79934b50-63fc-11f0-83ae-cb0d7c1d5c99,uj,371,5
57,754623b0-62bc-11f0-a89f-3182c3b8adb5,틸라스,371,5
57,6d1ad280-6695-11f0-ba90-31fb5fd677bf,알팡카,371,5
57,121bf490-643d-11f0-99c8-7b44769d223b,태연이,371,5
63,a021aae0-66ff-11f0-a25c-47a5a693b30a,킴혀노,370,5
63,490e2be1-637e-11f0-b6f5-df7d29cfa051,로봇,370,5
63,3d2884a0-62df-11f0-8f11-77dd1d282e8c,난중일기,370,5
66,a3d545a0-63e1-11f0-9b30-bfc50fd617fd,거지왕최춘삼,369,5
67,1f6e91b0-630d-11f0-a7db-25ea31d3298c,아나고,368,5
68,170f5c50-63d2-11f0-bb86-97bdb11e4eed,난세표류대장,367,5
69,ef56db60-6391-11f0-8ad1-495afdf38cf0,딱쎄,366,5
69,ab0afec0-6222-11f0-8853-493fc3ae34f0,밀레니온,366,5
69,97139340-6363-11f0-9eba-319c3c5b72eb,국산뽀또,366,5
69,5d596490-65de-11f0-8004-1537e2ad6047,철곰,366,5
69,563467b0-6394-11f0-929e-756b01201a20,겨울사과,366,5
69,0675a2f0-6751-11f0-a25c-47a5a693b30a,부추,366,5
75,34e88230-6574-11f0-94e1-9148d7950b64,김견,365,5
76,fd4a10d0-647b-11f0-bb5e-79bc0c4c5953,곰탕재료푸바오,363,5
77,d9dc7990-64f7-11f0-846f-13edae8f7606,환상의섬,362,5
78,58d5c9b0-6398-11f0-9e16-f1cd993522e6,심대표,361,5
79,de4fa1a0-6538-11f0-a7a2-1dbf387388d6,광따,360,5
80,32bc75c0-61d7-11f0-94d1-0d70694c9e17,호펜,357,5
81,5b35f9b0-62fc-11f0-a53e-f720860fcc8a,103,354,5
82,58135740-644c-11f0-8944-5327091948db,dogjwjtj,353,5
83,d008f9e0-6a81-11f0-8032-c32c225a07c5,줏태,352,5
84,de1bc6b0-6604-11f0-b420-973bd54af871,베노미,351,5
84,ba689b60-6395-11f0-a4da-3d0ef443f21c,듀펠,351,5
84,4ec6acf0-6406-11f0-877d-c952436514c7,빠따,351,5
84,2cdcee40-63cc-11f0-aab1-5f3bbe175c3e,강산,351,5
88,6ec084c0-638b-11f0-ab7a-bbc4f478c2db,이순신장군멍군,349,5
89,af3bb3b0-6752-11f0-a3b5-cb7d513a283d,여름이니까,347,5
89,a3586780-6470-11f0-b9a2-71a70b35ee88,데몬,347,5
89,8ae10fb0-64e1-11f0-8ef3-8dde64b39158,나리나리,347,5
89,412a77f0-651b-11f0-846f-13edae8f7606,짭서스,347,5
89,2fb3d4f0-626c-11f0-9eb5-cf396344702c,찐아,347,5
89,1b679820-62fc-11f0-aafb-6f8fc69735d7,하모예,347,5
89,0577a390-6322-11f0-9d30-a1884d59ed55,바카,347,5
96,b80cbc70-6255-11f0-8bea-3317711f0fe4,수진,346,5
96,905a18e0-663c-11f0-8b63-2511bd743353,콩쥐,346,5
98,b183bf40-642e-11f0-9a44-37c9035ed3bc,혐오,345,5
98,5b938da0-6239-11f0-b2ed-bb90d5f20a4a,신정보,345,5
98,4eebfbe0-648d-11f0-9e55-714c36f08739,아이누이,345,5
98,37fb0cb0-622f-11f0-bc70-397db01e6720,또봇엑스,345,5
102,ddd58a70-654a-11f0-8eaa-bf6dbefdd461,맹덕,343,5
102,57f36640-6417-11f0-83ae-cb0d7c1d5c99,찐뽀,343,5
104,ff2c8890-631f-11f0-b4da-37de076ab8f7,방랑검객,341,5
105,a3f6f620-6a7e-11f0-aa6e-41c5597ab061,오랑케,340,5
106,db5109e0-6212-11f0-abc2-914425398299,아주,338,5
106,1d38b190-6881-11f0-a8b1-91e4ae461372,시몬,338,5
108,ceadd680-6309-11f0-b974-4ba43f735b03,윈져,337,5
108,977d8e10-66e4-11f0-abbe-1b148ce1c918,두율대디,337,5
110,c7112400-6461-11f0-a72c-e970bf999ff4,유궁귀,335,5
110,53e9fa00-652a-11f0-a768-59219107ad21,케케케,335,5
112,d9237510-62ce-11f0-b252-a1a047cc5cf1,2쁜2,334,5
112,9d719620-66eb-11f0-94fd-bd0b371894b0,김찍찍,334,5
112,6a129ac0-6454-11f0-9a7f-07d3d9b1e362,화염방구,334,5
112,57f19800-6297-11f0-bb52-81a4b8daea44,꿀맛,334,5
116,db7eabf0-6246-11f0-9ca6-b18ea4730904,디오,333,5
116,d96f7420-637c-11f0-9eda-a741004f5288,올타신영,333,5
118,15f5ff20-62f8-11f0-b4b3-99d44587a070,맘바,332,5
118,0577f1c0-64cf-11f0-920f-d9bd8a2a820c,미섬,332,5
120,8be8ad50-62c0-11f0-839f-d97137a128f6,수비,331,5
120,60c7def0-638f-11f0-9e16-f1cd993522e6,브이아이피,331,5
122,16c17dd0-64ab-11f0-95b9-835a4da747ff,홍만춘,330,5
122,13a9bd10-64d8-11f0-ad80-bf5616b7c1de,오브,330,5
124,f83fe2f0-6308-11f0-a53e-f720860fcc8a,윤관,329,5
124,cc82bad0-6456-11f0-8944-5327091948db,악에서구하소서,329,5
124,af1cc580-6a7d-11f0-b7a5-333dfc345c53,창사마,329,5
124,ab796910-66e5-11f0-abbe-1b148ce1c918,팜린,329,5
124,aa4af1c0-67c2-11f0-ad06-bdc4c662d62f,쿠쿵,329,5
124,6feec6a0-62fe-11f0-aafb-6f8fc69735d7,응아코,329,5
124,2b442c30-68b6-11f0-b6e5-1f4abc2a195f,갓세종,329,5
131,c8b05770-6224-11f0-9ed2-2327c5a1ff14,이로로,328,5
131,4530e240-622c-11f0-bbfd-8564365ef7ff,연우파파,328,5
131,04340f30-62a2-11f0-9c35-45ef6a487d5b,얼발,328,5
134,f6059820-646d-11f0-9929-49fcfc223a08,비스트롱,326,5
134,d11438a0-638c-11f0-9b51-d36a85c863a7,옴스옴스,326,5
134,c30b3370-62b1-11f0-bf6e-91ab11ffb732,vhl,326,5
134,b87858e0-64ad-11f0-a8b2-13458b8aee05,은선,326,5
134,6bc80120-62ce-11f0-a655-3f20d48333c3,딤이,326,5
134,5a28fec0-6958-11f0-8a8c-e705cbe6ed4d,Lr비,326,5
134,43fbf600-6761-11f0-be24-418e8460eee5,국뿅,326,5
134,0db07190-6494-11f0-a086-85e9f4d94fe9,사계절,326,5
142,b3d9fe30-63d4-11f0-8ce7-05e1fc9cefd2,도재,325,5
142,983c5c00-6388-11f0-8f97-2d546a0fbaf9,Henry,325,5
144,990e7120-658d-11f0-adae-f1d880840468,닷지,324,5
144,85d548f0-6262-11f0-97b4-198e3a6088ef,우치하이타치,324,5
146,f1f14840-6384-11f0-a716-97e6f4eb8e7d,일류,323,5
146,bec8be40-6563-11f0-b5ae-9f72a71a5588,건도,323,5
148,658596a0-6617-11f0-98c0-d9f4fe5058f5,세종더그레잇,322,5
148,4c1bc620-63e3-11f0-981c-6918ebc09e55,아즈,322,5
150,d1af65e0-64fa-11f0-89c4-91955faa19a3,바라기류,320,5
150,32803240-6457-11f0-8944-5327091948db,학준,320,5
152,81893170-6c54-11f0-8009-99d4c032fe19,신비디음,319,5
153,5ab73bd0-68e6-11f0-bd47-cf3af6acce80,백진,317,5
153,3285c700-6227-11f0-8853-493fc3ae34f0,마니비니,317,5
153,189e8e30-63da-11f0-b5a1-97526412eaf0,관절이아프구나,317,5
156,7edfb7c0-624d-11f0-92e7-a92a44042649,청명신,316,5
156,2b2c06d0-6304-11f0-af00-9b7f567d02d1,불태워버려,316,5
156,28e6bf50-61d3-11f0-94d1-0d70694c9e17,난세GPT,316,5
156,23ceec40-63d6-11f0-9eff-05b5a7fdbe0a,그것이섯다,316,5
156,0a6df760-666e-11f0-ba90-31fb5fd677bf,타난,316,5
161,a336c540-63ed-11f0-893e-c9eaafcb280d,기범배,314,5
161,8bf66300-623e-11f0-8e4e-3fc4beb87eac,열전,314,5
161,5d5039e0-67ac-11f0-bb8b-c18523618370,놀우,314,5
164,ad6125e0-6566-11f0-95fc-7353977bac62,규링,313,5
165,cfaab5f0-642e-11f0-83ae-cb0d7c1d5c99,흑천왕,312,5
165,c19cd6f0-6320-11f0-9bab-77b853254cef,사쿠라기,312,5
167,8c7a71a0-6463-11f0-a72c-e970bf999ff4,자료구조,311,5
167,75b9cc30-63b0-11f0-a58b-f92992047423,붕쯔붕쯔,311,5
169,f40f7300-6234-11f0-bbfd-8564365ef7ff,돼지수,309,5
169,731291f0-6519-11f0-998d-6361b2224259,12342,309,5
171,f81d3f80-63a7-11f0-a110-bf1368febfaf,도야수,307,5
171,10700620-675a-11f0-abfa-cf2722f87813,초홍볶,307,5
173,b2b1de00-66aa-11f0-b13b-29d1f77f9110,길옥,306,4
173,531cb400-64df-11f0-89c4-91955faa19a3,s불멸1s,306,4
173,39f38dd0-62de-11f0-a9e2-bd6cd50a5a78,KKOP,306,4
173,26917990-6645-11f0-8b69-1d5f20a7acdf,탕유닝,306,5
177,f22c3b60-62f5-11f0-b7c2-5907d7ac5d60,지냥,305,4
177,bea24000-622d-11f0-aa91-9b126fa90fce,팝콘티비시후,305,4
177,ae7777f0-6231-11f0-b293-3b55fd722626,호미걸이,305,4
180,4e198e60-6395-11f0-a4da-3d0ef443f21c,고먐미,303,5
181,f39c9c70-6533-11f0-a7f2-95dc17e8a4b9,나그넷길,302,4
181,99e14dd0-6456-11f0-8f1e-9b9f4436b281,당두두당,302,4
183,e7895a50-6438-11f0-a580-6783cb326665,나냐,301,4
183,bef40530-63bc-11f0-8d07-390a61232108,삼다수,301,4
183,90123870-63e1-11f0-981c-6918ebc09e55,비련,301,4
183,6ab40840-624e-11f0-8f87-f314bfeb1f3e,라꾸라꾸,301,4
183,3d9ada70-64cc-11f0-998d-6361b2224259,핑또,301,4
188,d6230660-647b-11f0-9c48-11e41ca3b3cb,개센놈,300,4
189,d078b610-6246-11f0-9c23-457fcdeb3714,하룻밤십만원,299,4
190,ef4d18a0-6a3a-11f0-9b5a-11326a6c8989,김하얀,298,4
190,a65c2e60-6530-11f0-a092-cfb4e8946e57,제로나인,298,4
190,6ecb6ab0-640e-11f0-83ae-cb0d7c1d5c99,조단비,298,4
193,c7a82ef0-63d4-11f0-a9da-8b915b889dd4,mc재명,297,4
193,51b74630-63a3-11f0-b630-4f8dc5617c79,더덕,297,4
195,f603b0d0-6253-11f0-ba61-57b32c8fdcaa,환세취호전,296,4
195,ed329a50-6269-11f0-bcbb-714564b525f4,아랑의혼,296,4
195,ea66b300-6530-11f0-85dd-2db918fca576,가륜,296,4
195,d2fca5d0-648b-11f0-9735-dfa72435bf25,루사,296,4
199,e84a8190-62f2-11f0-971e-0d9306189309,감자맛,295,4
199,d71df110-621e-11f0-a026-2b3e93922249,꽁꽁이,295,4
199,3e1f6910-6653-11f0-8157-83c241bc6c35,조노비,295,4
199,1f0db510-6462-11f0-baaf-45c3a00048ee,상영중,295,4
203,8e466490-644e-11f0-bfa2-af41fddaac3d,니가킬러,294,4
203,5dcaeff0-64be-11f0-bc9c-890ea1331a86,비발디,294,4
203,1c5661e0-63e1-11f0-80fd-8dc2ba771ecd,박달매,294,4
206,f3dceb50-6276-11f0-ba61-57b32c8fdcaa,국내산,293,4
206,9e15e300-6557-11f0-89db-abf6ccd76876,빙밍,293,4
208,ef4af740-619e-11f0-a1d0-915190c5d2fa,마캔,292,4
208,ebc09320-62be-11f0-b038-1df969c0d9a5,십정동꿀주먹,292,4
208,d8055f20-6474-11f0-a1b2-b796bafb6345,복실,292,4
208,b0ea06a0-6386-11f0-adf7-d1fabe44ecce,방귀꾼,292,4
208,a5591130-63ba-11f0-b6ab-ab1d57efd9b6,일주일만,292,4
208,9151a3e0-62fd-11f0-aafb-6f8fc69735d7,뱅포에틱,292,4
208,620f0270-6272-11f0-b63f-7755b72aa50f,쮸니,292,4
215,db13fa80-647b-11f0-9219-f9e5d8ffaccf,GaDo,291,4
215,be5eca40-63e1-11f0-8ce7-05e1fc9cefd2,민욱,291,4
215,af8b7a30-6298-11f0-ba61-57b32c8fdcaa,김햇반,291,4
215,a78de950-64bc-11f0-8340-854878e1c5cf,베니어,291,4
215,a2c58ba0-6497-11f0-aedf-55b71a55f5ce,앙뚝,291,4
215,831e9040-63c9-11f0-a9da-8b915b889dd4,민들레옹,291,4
215,4e8d06b0-6192-11f0-9869-c1c5ed7630de,트리니타스,291,4
215,4df64e60-6326-11f0-8900-17942e280829,희동삼,291,4
215,44f4f090-6372-11f0-baf1-611897b49fac,위니랑,291,4
215,33d2ffd0-638d-11f0-8ad1-495afdf38cf0,몽실몽실,291,4
225,f45aa210-647f-11f0-b6a4-e93233942baf,김훅,290,4
225,d8ed47f0-6220-11f0-9813-b7579b20c221,빡뚱,290,4
225,95a9f700-64a9-11f0-a8e1-0128328b4be6,쥐돌이,290,4
225,7cab0f50-630f-11f0-b218-43a24c54b5c1,디비자라,290,4
225,4951c240-64f7-11f0-920f-d9bd8a2a820c,한니야,290,4
225,3d3ec1a0-64d5-11f0-920f-d9bd8a2a820c,깨방,290,4
225,127efc20-643d-11f0-99c8-7b44769d223b,헬랑구,290,4
225,082d4360-64f3-11f0-920f-d9bd8a2a820c,딸봉바라기,290,4
233,ff95a5f0-6464-11f0-b9a2-71a70b35ee88,물긷는아낙네,289,4
233,f9e90d70-62b8-11f0-b038-1df969c0d9a5,건호최고,289,4
233,711f15d0-655a-11f0-9028-6d8f473a814e,네모네모,289,4
233,164a9ea0-6383-11f0-adf7-d1fabe44ecce,Suzzy,289,4
237,f12f56d0-638f-11f0-b91f-cbca55a9af76,한쿡,288,4
237,e88fb1b0-6212-11f0-9ed2-2327c5a1ff14,떼까우,288,4
237,d4f2a0a0-6513-11f0-998d-6361b2224259,하리보소주맛,288,4
237,c968c970-620d-11f0-95d2-33c2bc31b4d0,맹맹,288,4
237,b56ad670-631b-11f0-8d40-dfc9f921e722,탄이,288,4
237,a5768dd0-63c6-11f0-aab1-5f3bbe175c3e,와니초이,288,4
237,983fb180-6242-11f0-9c23-457fcdeb3714,Zaru,288,4
237,8f64a9c0-6275-11f0-b831-2509b113c5f4,13453,288,4
237,869c01e0-6242-11f0-a514-49ea4fb7f89a,도플라밍고,288,4
237,7d9c5b90-646c-11f0-b988-07f0a97cfdc2,김죠,288,4
237,718a59f0-6319-11f0-973d-8fd00d5d3e51,하나공공,288,4
237,6bda4cf0-6408-11f0-a3ab-515b7dbdbb4f,으누,288,4
237,5f434980-6389-11f0-842b-a1e5e2f54197,SSG랜더스,288,4
237,5d7b89a0-630c-11f0-a53e-f720860fcc8a,미역,288,4
237,5cdfc1d0-655c-11f0-a13b-c76a133a6513,하야안,288,4
237,4a775f70-62e7-11f0-971e-0d9306189309,장일소,288,4
237,4a167630-6515-11f0-8350-2bfe2b1cf2f9,길길길,288,4
237,3b39a430-6514-11f0-846f-13edae8f7606,까페라떼,288,4
237,1e130d10-62d0-11f0-b968-b15002a4efc3,다댕이죠,288,4
237,132d53e0-6395-11f0-8ad1-495afdf38cf0,아밍,288,4
237,08b5ede0-644f-11f0-b750-051f455e1aaf,Gargamel,288,4
258,f997f490-6497-11f0-aedf-55b71a55f5ce,에스카라,287,4
258,f81f3a90-6313-11f0-abe8-09c261bd0e21,왕배,287,4
258,e6061740-622b-11f0-b124-17ce52befe77,9잉,287,4
258,e2a07b40-6271-11f0-bcbb-714564b525f4,puking,287,4
258,cc61edb0-6a3b-11f0-bf1f-adc3992fea58,아루맘,287,4
258,c78892f0-64da-11f0-ad80-bf5616b7c1de,주세요,287,4
258,c37e29c0-6644-11f0-82d4-f9224631a18a,미율,287,4
258,af06df50-6234-11f0-bbfd-8564365ef7ff,사철,287,4
258,98a6c0b0-6192-11f0-9d20-3f0014d1ff67,룽이,287,4
258,98074140-6393-11f0-929e-756b01201a20,살아남는자,287,4
258,8dfa0190-6246-11f0-9ca6-b18ea4730904,뱅섭,287,4
258,8692ed20-6653-11f0-96fa-990fd0c2f326,신우시스템,287,4
258,7ee8fc90-679d-11f0-8dd8-8d061ed0db8c,천상악,287,4
258,7a1be9d0-664d-11f0-8157-83c241bc6c35,서씨옴,287,4
258,73607c70-63bc-11f0-a7e3-7b406ef3e8c7,표류중,287,4
258,732fd4e0-63cf-11f0-8f11-17371de17e69,믿음이93,287,4
258,62be1680-6488-11f0-9155-fd42f9440840,수려니,287,4
258,5ebc34c1-6200-11f0-95cc-ad38c6ec1feb,펜타닐,287,4
258,5c631c70-6417-11f0-bcbf-2b7f0b4e55b1,구독자,287,4
258,45ad6f50-636b-11f0-ba6d-31d76c70e10b,얌고,287,4
258,3fd13ee0-620d-11f0-8954-d1ddcca9d272,엽이,287,4
258,36f0a260-61ff-11f0-95cc-ad38c6ec1feb,위도리,287,4
258,2fd3d1b0-652d-11f0-85dd-2db918fca576,규영,287,4
258,2bcb1160-6482-11f0-995b-75bf8c0a2ec5,부타,287,4
258,1e0c1170-643f-11f0-832b-c7e877b24350,무적권,287,4
258,1c1da790-6442-11f0-80e7-e9e4aa073fe7,재깨비,287,4
258,177a8a20-63e6-11f0-849d-3b3a1fc71a59,김민교,287,4
258,12b046f0-63dd-11f0-b0c8-0be5c747fc57,아가레오,287,4
258,0ae36f20-63f5-11f0-89c3-81bc4ed5aa4e,감녕,287,4
287,fd751da0-6469-11f0-b9a2-71a70b35ee88,흑사초롱,286,4
287,f8daa7c0-6486-11f0-bbfe-0d14bcd852b5,통이,286,4
287,f032d510-64a5-11f0-a845-496ab271568b,미남고릴라,286,4
287,e7135540-66d0-11f0-9c1f-6ff06ada37b6,리둠,286,4
287,d1c49890-62aa-11f0-bf6e-91ab11ffb732,겜빙,286,4
287,cce579c0-62e1-11f0-971e-0d9306189309,떨구,286,4
287,c4ff87d0-624d-11f0-807b-b56290a6427d,몽수,286,4
287,c383b080-623d-11f0-9b9e-13c7a7dd6c88,수림,286,4
287,bb9528c0-637a-11f0-8b36-5752c058936c,kwr9458,286,4
287,baf848e0-63f0-11f0-990b-3fc68f8c80ee,세라라,286,4
287,b35181b0-64ef-11f0-998d-6361b2224259,초록메뚜기,286,4
287,b1d74ae0-62d8-11f0-9cbc-05ebba638e55,뿅망키,286,4
287,a9853b10-6380-11f0-a716-97e6f4eb8e7d,텐프로,286,4
287,9dfb1b30-623a-11f0-8ed7-4f4ea466921e,내가구운와플,286,4
287,96443bd0-61e3-11f0-a92b-d5d01d6ffba8,골덕,286,4
287,921342e0-6210-11f0-802a-01726bb91ef4,가든,286,4
287,82500140-656c-11f0-90e8-49468324a8de,코코봉봉,286,4
287,810fd430-62bb-11f0-839f-d97137a128f6,안티왕,286,4
287,79ae70d0-6201-11f0-b97d-137135ff0cfe,지비니,286,4
287,6a7e48b0-6242-11f0-a33f-f73020b95b05,검계수장,286,4
287,5a5c8e70-6511-11f0-998d-6361b2224259,맑을린,286,4
287,58c36410-63a1-11f0-8ad1-495afdf38cf0,차우우차,286,4
287,58354fb0-63b3-11f0-9b10-25f9ca8a7a53,넘어가,286,4
287,5807d420-6310-11f0-a53e-f720860fcc8a,그래도살아야지,286,4
287,4b71d490-6522-11f0-a092-cfb4e8946e57,랑방,286,4
287,45dc9060-6441-11f0-bb35-df6429295e24,신비로운다람쥐,286,4
287,43ef9440-6640-11f0-b4ee-39fec46309cd,허요허요,286,4
287,3fccca00-6329-11f0-8900-17942e280829,비령,286,4
287,3f5e25f0-62b6-11f0-b038-1df969c0d9a5,나마스테미너,286,4
287,36f76590-65e3-11f0-b7e1-0fe84bf8cf7a,기린아,286,4
287,3607ee90-65b9-11f0-9407-ad72116e5fac,애플청포도,286,4
287,32230250-65b0-11f0-8b44-3ff58a49da64,듀랜달,286,4
287,317a8ec0-652b-11f0-8799-a56030339d38,블랙닥터,286,4
287,1ed8be80-6306-11f0-a53e-f720860fcc8a,PNPRS,286,4
287,1956b550-6303-11f0-b7c2-5907d7ac5d60,이플,286,4
287,1141cd60-63de-11f0-981c-6918ebc09e55,유리시로,286,4
287,0f044390-6459-11f0-8df0-a9be6ca1bee2,왕호야,286,4
287,0edd1510-6952-11f0-9f3a-d936e3ed6e3a,흥길동z,286,4
287,0d41e570-63dd-11f0-b0c8-0be5c747fc57,이오스,286,4
287,01bc0b50-6508-11f0-846f-13edae8f7606,구름꽃,286,4
327,ebbacc10-6395-11f0-b91f-cbca55a9af76,강함과걍함사이,285,4
327,eb6ceb70-639b-11f0-929e-756b01201a20,25월즈파엠쵸비,285,4
327,da097440-624a-11f0-a923-e5c378e4162f,여우개,285,4
327,d048c570-6504-11f0-a092-cfb4e8946e57,종만,285,4
327,7eb10cf0-658a-11f0-ba14-cdf939a99199,진홍,285,4
327,72ea4a70-629d-11f0-bbfa-65e8ef5c7ef9,쿵쿵이,285,4
327,70637bb0-62a1-11f0-bcbb-714564b525f4,키슬로우,285,4
327,2e0e3cb0-6458-11f0-8b4d-01ccbaf92ff4,대구건달,285,4
327,057516b0-62ce-11f0-a89f-3182c3b8adb5,시리찡,285,4
336,e722fd20-6224-11f0-9ed2-2327c5a1ff14,데퐁,284,4
337,e334e480-650d-11f0-998d-6361b2224259,dongsmas,283,4
337,bce3dae0-61f0-11f0-9346-a503da0bb554,단몽,283,4
337,a9bb95d0-645b-11f0-baaf-45c3a00048ee,아쿠마,283,4
337,8d4a4420-6247-11f0-807b-b56290a6427d,차무식,283,4
337,1d418350-626f-11f0-9eb5-cf396344702c,혁전드,283,4
342,a6634cb0-63a3-11f0-b630-4f8dc5617c79,탕만추,282,4
342,5bcc2270-623c-11f0-853f-4567daacb8e8,밈찌,282,4
342,4b5adae0-6506-11f0-ada0-5d42ab9007c0,헤롱이,282,4
342,497b9010-63f4-11f0-8ce7-05e1fc9cefd2,호동생,282,4
342,25d1c420-63b5-11f0-8f63-fd02b502cb0c,K8,282,4
342,1129aba0-6298-11f0-bcbb-714564b525f4,S썽아찌S,282,4
348,88cea650-6424-11f0-a684-2b9cd36018bc,reso,281,4
348,6219f090-6533-11f0-85dd-2db918fca576,나태지옥,281,4
348,3f8be8d0-663c-11f0-b4ee-39fec46309cd,발직,281,4
348,20ad51d0-6392-11f0-8ad1-495afdf38cf0,주식,281,4
348,04f03720-63fe-11f0-83b6-f799b6a4bcd6,탄코,281,4
353,d828b3f0-63d7-11f0-a9da-8b915b889dd4,여름여름,280,4
353,bb9356e0-6c34-11f0-948b-913c7c2d582b,암부,280,4
353,56abbf20-6648-11f0-83c8-df80587bdcb4,리리나,280,4
353,43896640-624c-11f0-807b-b56290a6427d,콜렉터,280,4
353,16463f10-6255-11f0-85ab-834eae295807,kreams,280,4
358,cccbbf00-6217-11f0-9813-b7579b20c221,모름,279,4
358,ade91840-61fd-11f0-8879-5f895f1781fe,허씨,279,4
358,962a5280-6515-11f0-846f-13edae8f7606,후하,279,4
358,17b3bca0-6364-11f0-97d7-efff12aed0ab,방랑자장씨,279,4
362,f8faa4e0-62af-11f0-9f5f-eba69ae2db8d,코토리,278,4
362,e4a81540-6228-11f0-93bd-4f6c20959660,피릿,278,4
362,96772480-64c9-11f0-846f-13edae8f7606,명탐정코난,278,4
362,3c8b4650-62f7-11f0-a53e-f720860fcc8a,Atom,278,4
366,fe4202f0-629a-11f0-bbfa-65e8ef5c7ef9,타르피아,277,4
366,d5315a00-63e4-11f0-96dc-5f8ee1571586,널리,277,4
366,c26a8a40-623b-11f0-8ed7-4f4ea466921e,강담,277,4
366,ba6a05f0-631c-11f0-a314-e925b756c271,힘센캐,277,4
366,aa3680a0-6236-11f0-9d5d-6ba09b4867f9,아슈라,277,4
366,a630aeb0-63c9-11f0-8f11-17371de17e69,겜순이녜,277,4
366,9bb46f70-64bf-11f0-9779-d31d6e85e24e,Nospoon,277,4
366,88c5dbf0-6551-11f0-a37f-b346b9412b7f,코일,277,4
366,60567ff0-6315-11f0-a67a-173fdcafaabc,단군king1,277,4
366,5a6d4ba0-6432-11f0-93a4-af3680a69719,엄애숙,277,4
366,57fc97d0-6384-11f0-8ea7-a17bafa0e4d0,구구가가,277,4
366,52c532a0-62c5-11f0-9c90-0dce0c3e38c5,독각룡,277,4
366,4aeb7441-62b6-11f0-a89f-3182c3b8adb5,jene,277,4
366,39cf4550-67b2-11f0-a86b-6be161d85452,사노,277,4
366,2286bc80-64e1-11f0-998d-6361b2224259,강통,277,4
381,e60f0740-63f4-11f0-b23e-bd6209ed4614,chevti,276,4
381,ce731f90-639a-11f0-929e-756b01201a20,재아님,276,4
381,cde6fec0-64a3-11f0-829b-d50781ca76af,짝패,276,4
381,a53777d0-645c-11f0-934d-3b333a678e8e,Pisces,276,4
381,9e43ec60-649d-11f0-ac20-8734dac19833,을파,276,4
381,906998f0-636d-11f0-9eba-319c3c5b72eb,국세청,276,4
381,8c4aaab0-6445-11f0-84a8-a17d6cb326f9,세음,276,4
381,8c377930-6437-11f0-a580-6783cb326665,상장군홍도,276,4
381,73b9d3b0-6443-11f0-a8ce-a3b5dafbf2e5,짱짱막창,276,4
381,6d9e7b90-62de-11f0-a53e-f720860fcc8a,용우니,276,4
381,61947620-6431-11f0-83ae-cb0d7c1d5c99,복마니1,276,4
381,5de6e430-6441-11f0-ba71-3bee03d792ae,꼬마악사,276,4
381,5cd215d0-6462-11f0-baaf-45c3a00048ee,현쪄깅,276,4
381,590dae80-63d8-11f0-b0c8-0be5c747fc57,무거운,276,4
381,56f27910-62fb-11f0-b7c2-5907d7ac5d60,곽두,276,4
381,56ddef70-6497-11f0-9388-1dac7838ba85,홍삼나무,276,4
381,486bc1c0-6207-11f0-980a-396801ba63e1,한국사린마,276,4
381,41f51d40-6613-11f0-8af8-af83b80f6378,교야,276,4
381,41726650-62be-11f0-b78d-9fbbdf7f23fb,낭만표류기,276,4
381,38e89fd0-6215-11f0-9ed2-2327c5a1ff14,오징엉가,276,4
381,1b64ea50-634f-11f0-899c-ed58ed9d92cb,조선방랑자,276,4
381,10c8f2b0-6635-11f0-96fa-990fd0c2f326,새벽빛세상,276,4
403,f4ee0cc0-62f0-11f0-971e-0d9306189309,에오메르,275,4
403,f24a21a0-630b-11f0-abe8-09c261bd0e21,l3est,275,4
403,7fad7460-6213-11f0-9813-b7579b20c221,페코,275,4
403,56514cc0-625b-11f0-a09e-af85dec66bcf,쩰리,275,4
403,4f521fd0-64d1-11f0-8ef3-8dde64b39158,초코야놀자2,275,4
403,2ed6db60-65ee-11f0-9c47-f13b98eb10e0,옹이사랑,275,4
409,ffdd4730-646d-11f0-b988-07f0a97cfdc2,한방에블루스,274,4
409,ffc60100-63f1-11f0-89c3-81bc4ed5aa4e,뉴진스해린,274,4
409,f5d8ea60-6700-11f0-a25c-47a5a693b30a,할렁,274,4
409,edf0c530-6461-11f0-bc47-19466fc08ada,달콩집사,274,4
409,e52f3b90-6365-11f0-a70b-97528033efd5,응망,274,4
409,e32ebae0-64c9-11f0-920f-d9bd8a2a820c,해다리리,274,4
409,df1361c0-63c2-11f0-a06c-a18ad4eb2f25,한국사1등급기원,274,4
409,d7f99240-65c7-11f0-affa-eb5175889e94,티반,274,4
409,bf9d2580-64c4-11f0-89de-a18784a21c17,라고메,274,4
409,a7bf7880-669c-11f0-89c8-8189709a329f,G렷쥬,274,4
409,761697b1-623b-11f0-9b9e-13c7a7dd6c88,씨표류기,274,4
409,49b76e30-6310-11f0-b218-43a24c54b5c1,차니에용,274,4
409,442d15b0-630f-11f0-b218-43a24c54b5c1,부가땅,274,4
409,43306ce0-6696-11f0-ba90-31fb5fd677bf,보보부복,274,4
409,1e893510-66ce-11f0-bec5-bbe08fa86bc3,안시성I만춘,274,4
424,f737ae41-6c6a-11f0-b16a-699a6afe77a2,둥가,273,4
424,f1f11a50-6249-11f0-a7b6-cf18c18dd85f,채넌,273,4
424,f0025220-62d7-11f0-9cbc-05ebba638e55,제노사이드,273,4
424,cbb56d10-6635-11f0-b748-d137daada104,시스렌,273,4
424,98728670-6565-11f0-83d0-9b3d85ec502b,막내키키,273,4
424,96a919a0-630b-11f0-b4ac-230641ea7477,DDUDDU,273,4
424,6fc99f70-63cf-11f0-bb86-97bdb11e4eed,킹한길,273,4
424,69fe7e10-6476-11f0-9e27-35530581f5ae,용용비트,273,4
424,5c834a40-68db-11f0-8188-61fc44a09398,두식이아부지,273,4
424,535db620-6396-11f0-9e16-f1cd993522e6,흣흣,273,4
424,360aad90-625f-11f0-bddd-0f1b62ebaf6e,환상의분수쇼,273,4
424,1b079150-624d-11f0-a923-e5c378e4162f,긍가긍가,273,4
424,0ebcd840-62c2-11f0-839f-d97137a128f6,웅냐,273,4
424,0c285ae0-6237-11f0-a73e-efd8221a47bb,개군소,273,4
424,05427770-639e-11f0-8ad1-495afdf38cf0,마틴왕,273,4
439,f864d2a0-6361-11f0-ba6d-31d76c70e10b,대칭,272,4
439,e8b1bfe0-6397-11f0-9e16-f1cd993522e6,세이러브,272,4
439,ba7272d0-64bb-11f0-a475-093604a1564e,Sora,272,4
439,96e150c0-65b5-11f0-9b02-9934e4aaee80,나동백,272,4
439,91b11b60-63e1-11f0-981c-6918ebc09e55,아리오나,272,4
439,85d8dac0-6478-11f0-9e27-35530581f5ae,흑사,272,4
439,67fa6341-630e-11f0-a4e8-37a0c8f9bd22,김로나,272,4
439,51a81700-647f-11f0-afc6-f198449342d5,무향후,272,4
439,5072df40-61f6-11f0-ada3-974eb5fd3243,박진석,272,4
439,4ffb4170-646b-11f0-9969-437e63fe5696,전설e,272,4
439,4dea2b20-62ff-11f0-ba81-0189884c815e,부노,272,4
439,2df20f90-634f-11f0-9145-a52c50a03179,맛탕,272,4
439,0e995480-622f-11f0-bbfd-8564365ef7ff,라지,272,4
452,ffbf7ef0-630d-11f0-a7db-25ea31d3298c,아리아래,271,4
452,ffbe3140-63cf-11f0-aab1-5f3bbe175c3e,Lear,271,4
452,f0b62090-6960-11f0-887b-73f0ee57cca3,로하이,271,4
452,edc59800-6318-11f0-a67a-173fdcafaabc,마갈곤,271,4
452,eced3020-641a-11f0-a3ab-515b7dbdbb4f,홈쇼핑,271,4
452,cbf112a0-6268-11f0-807b-b56290a6427d,퐁뚱,271,4
452,c7dd5b60-6466-11f0-934d-3b333a678e8e,고인물,271,4
452,c2778e20-64a2-11f0-9c5a-4d7fccdae4d8,믹스넛스낵,271,4
452,c08639e0-623b-11f0-8ed7-4f4ea466921e,몽화,271,4
452,bd1bcd40-6481-11f0-ae38-872b2910783a,릭시드,271,4
452,a5ce33e0-633b-11f0-ba6d-31d76c70e10b,술홍,271,4
452,a31ac080-63e7-11f0-a934-37f97c3285aa,홍이장군,271,4
452,a1897430-630d-11f0-b218-43a24c54b5c1,자갈치700원,271,4
452,615919d0-643c-11f0-a580-6783cb326665,허모띠,271,4
452,57e26c30-639c-11f0-9b51-d36a85c863a7,깅상,271,4
452,4799cb00-63e4-11f0-8ce7-05e1fc9cefd2,타이거즈,271,4
452,44089c00-64f7-11f0-998d-6361b2224259,모가프텐,271,4
452,38f90cb0-6398-11f0-9e16-f1cd993522e6,다이빙,271,4
452,2f15b9c0-6599-11f0-adae-f1d880840468,호랑이기우니,271,4
452,2b100cc0-63e8-11f0-95da-f3c12f40d526,공산당이싫어요,271,4
452,1b331ea0-62d0-11f0-b252-a1a047cc5cf1,그르,271,4
452,0b4c7980-639a-11f0-9b51-d36a85c863a7,포차,271,4
474,fd755270-646e-11f0-9929-49fcfc223a08,삐롱이,270,4
474,e2ef4180-6203-11f0-b6b8-890977889e3d,도치야,270,4
474,cd6c1020-6237-11f0-b1ef-53e925ad2d1e,으니화니,270,4
474,c68429a0-6219-11f0-bbfd-8564365ef7ff,duck,270,4
474,c27ff700-63fc-11f0-89c3-81bc4ed5aa4e,오뎅요,270,4
474,be7ef830-64ac-11f0-b32d-59569cefb935,콩분,270,4
474,b827e610-6388-11f0-8f97-2d546a0fbaf9,나세자야,270,4
474,9c01bce0-6392-11f0-929e-756b01201a20,샥련,270,4
474,7a1cb3d0-6281-11f0-b831-2509b113c5f4,마초족발,270,4
474,6a395ab0-63a6-11f0-bf20-b3f2ea84f71a,난세0,270,4
474,68855f70-6793-11f0-854a-b963b3c30991,흑승,270,4
474,4ef455b0-67c1-11f0-a86b-6be161d85452,철도공사,270,4
474,3f4a9ee0-636f-11f0-97d7-efff12aed0ab,김인서,270,4
474,3b483ce0-6495-11f0-a086-85e9f4d94fe9,하야꾸,270,4
474,26efb950-67bd-11f0-88f0-55f2cee18b8d,설흔,270,4
474,26eed990-6489-11f0-a086-85e9f4d94fe9,의천사,270,4
474,23ccd740-69a6-11f0-8b3f-73b93d01f6b0,요피엘,270,4
474,13f74790-62b9-11f0-839f-d97137a128f6,권대훈,270,4
492,e41d44d0-63b1-11f0-8789-375ece2eb98d,은빛치우,269,4
492,de9a97d0-638c-11f0-9b51-d36a85c863a7,goof,269,4
492,da3fc850-6480-11f0-8bb8-9d3a036b97f2,여주시하동,269,4
492,ce04fef0-645f-11f0-baaf-45c3a00048ee,DnG,269,4
492,cbfa0800-6444-11f0-9441-5df9253b0f52,오오츠카사,269,4
492,c661df80-6746-11f0-924a-215eb8d4d8f2,에쎄,269,4
492,bede9200-6528-11f0-8799-a56030339d38,장씬종,269,4
492,be3faf40-643e-11f0-a580-6783cb326665,무니스,269,4
492,a4e22b00-6550-11f0-aed2-e9684f688284,NAC,269,4
492,a47ec5a0-622c-11f0-b912-9b874d01aab6,tmsjvl,269,4
492,9ce1dba0-623d-11f0-8ed7-4f4ea466921e,육도선인,269,4
492,94ed98f0-6245-11f0-9b9e-13c7a7dd6c88,지피지기,269,4
492,8afc4870-63e7-11f0-a7be-13510fccb9c1,지남샘,269,4
492,82d8a420-656a-11f0-b5ae-9f72a71a5588,talgol,269,4
492,8201d8c0-6220-11f0-9813-b7579b20c221,역적이종배,269,4
492,77ac6af0-62e0-11f0-8f11-77dd1d282e8c,qwer999,269,4
492,709f8e60-64d2-11f0-8ef3-8dde64b39158,제갈민,269,4
492,6925ea10-6402-11f0-89c3-81bc4ed5aa4e,시렁이,269,4
492,688a4e00-677e-11f0-a97a-c7ef2eb3b5de,리신,269,4
492,6219acb0-6697-11f0-a8c0-a96b3c973cc3,김민진,269,4
492,55e65180-6301-11f0-af00-9b7f567d02d1,이니,269,4
492,53add1c0-65e2-11f0-9d21-a5a045fe4d3d,수민이,269,4
492,4ba6c380-64af-11f0-b5c8-a523170b964a,픽셀,269,4
492,3d135330-6214-11f0-abc2-914425398299,이무의,269,4
492,38647480-623d-11f0-bbfd-8564365ef7ff,indent,269,4
492,25aefcc0-678d-11f0-83e9-4bc733aa8455,dndu,269,4
492,19637120-61f3-11f0-9e54-f5b20913bba4,밤끝,269,4
492,133e20b0-642d-11f0-a32a-275e44bdd750,김동철,269,4
492,0d1e7630-63a1-11f0-9b51-d36a85c863a7,벼리벼리,269,4
521,e9b33860-64aa-11f0-b557-b9d4a65b18c9,마롱,268,4
521,e65d44b0-623b-11f0-853f-4567daacb8e8,사바케,268,4
521,e50ad6a0-6505-11f0-998d-6361b2224259,볼떼기,268,4
521,e1b89230-62f3-11f0-b0ed-4f363a974319,0l욜,268,4
521,d363c3a0-62ec-11f0-888b-4325034dd618,어얼씨구,268,4
521,c5fd0530-64bf-11f0-bfcf-1fdb18c8f989,황소장,268,4
521,bf6bd470-6394-11f0-9b51-d36a85c863a7,블루딩굴,268,4
521,b1f7f050-670c-11f0-8af5-3f1547199bbf,장수척준경,268,4
521,b15732c0-6246-11f0-9224-eb6b2b2ecb55,손견,268,4
521,ab2a46e0-6330-11f0-9145-a52c50a03179,둘리동욱,268,4
521,aaf77430-643a-11f0-93b5-9bbe54f3643d,비긴이계인,268,4
521,aa99d7d0-635e-11f0-ba6d-31d76c70e10b,정지기,268,4
521,a01b0b30-653e-11f0-bf88-f5c7f77ee584,깔루아밀크,268,4
521,9c248fb0-63a9-11f0-a110-bf1368febfaf,완즈이,268,4
521,88a00b90-637c-11f0-9eda-a741004f5288,꿀딴지,268,4
521,7be2cdf0-636a-11f0-899c-ed58ed9d92cb,라키,268,4
521,684109b0-6441-11f0-bb35-df6429295e24,코코루,268,4
521,6233b590-627f-11f0-b831-2509b113c5f4,난세이재명,268,4
521,5a5fd2f0-6215-11f0-bbfd-8564365ef7ff,허공,268,4
521,583fd3a0-638a-11f0-aec5-8f60c14ffced,wind,268,4
521,4e6c6eb0-63a8-11f0-b7d9-6726758670c6,비슷,268,4
521,39a34000-6504-11f0-998d-6361b2224259,코덜식,268,4
521,34d9e6d0-6240-11f0-9b9e-13c7a7dd6c88,밀월,268,4
521,2f35f630-648c-11f0-9e55-714c36f08739,퓨어리,268,4
521,2c5e03a0-63b3-11f0-8d07-390a61232108,떠우떠누,268,4
521,1e3f1660-62e1-11f0-8e55-53f16de9a7ce,플오,268,4
521,10e10630-63d2-11f0-8ce7-05e1fc9cefd2,에르,268,4
548,ffbb7c80-661c-11f0-98c0-d9f4fe5058f5,l네메시스l,267,4
548,f7cfdc20-69e4-11f0-81d8-d75e58d916af,디아란,267,4
548,f5c0e1c0-631f-11f0-8900-17942e280829,re001,267,4
548,f3022b40-6240-11f0-9c23-457fcdeb3714,Spike,267,4
548,ecfad880-6319-11f0-873a-61e5585b494a,배똥꾸멍,267,4
548,e6c03db0-64d7-11f0-846f-13edae8f7606,신선놀음,267,4
548,dad8d730-6213-11f0-9ed2-2327c5a1ff14,허생존,267,4
548,d99d2bb0-63fc-11f0-877d-c952436514c7,초코파르페,267,4
548,cf10f670-624b-11f0-a510-196fe281bbd0,밤두가,267,4
548,c9581690-65fd-11f0-b713-4926dfac7d29,루루히메,267,4
548,c3e80050-622c-11f0-aa91-9b126fa90fce,땅더비,267,4
548,97ef01e0-63e1-11f0-89b8-61a649941dd1,황금중독,267,4
548,8f73c790-620a-11f0-980a-396801ba63e1,네메아,267,4
548,8cd25c60-64b5-11f0-a475-093604a1564e,서누,267,4
548,8bd93450-620d-11f0-95d2-33c2bc31b4d0,지나,267,4
548,86077540-65bf-11f0-bf97-2123285fe52f,척준겸,267,4
548,7f9e43c0-6374-11f0-9184-f1e5be257b4f,Diabolus,267,4
548,7b64c070-647f-11f0-8bb8-9d3a036b97f2,만티,267,4
548,7ac2f5b0-63d0-11f0-8ce7-05e1fc9cefd2,퇴근후취미,267,4
548,6c4e6dd0-6500-11f0-b0f9-9b13bf283379,구마적,267,4
548,62f48640-647c-11f0-9c48-11e41ca3b3cb,재밌는친구,267,4
548,5e8ab670-6ab1-11f0-aabe-19fce0d146b1,숨소,267,4
548,5e597fc0-63cb-11f0-aab1-5f3bbe175c3e,짱단지,267,4
548,4c16d790-63f8-11f0-b314-3925c9c0ffa7,도휼,267,4
548,48a0c160-64ad-11f0-8340-854878e1c5cf,오동,267,4
548,42b08cf0-63c1-11f0-b6ab-ab1d57efd9b6,용순아,267,4
548,3470ee31-64e5-11f0-8ef3-8dde64b39158,황천사자,267,4
548,310a3ea0-66c9-11f0-a45a-8fae72bafa7b,주내,267,4
548,2df05450-636f-11f0-84fb-c3123cb32777,봉딱이,267,4
548,21c26730-6546-11f0-8b28-e3440b81a048,부앙,267,4
548,1b63ab30-63e6-11f0-89c3-81bc4ed5aa4e,제네럴이순신,267,4
548,06f4fba0-645d-11f0-a72c-e970bf999ff4,JMG,267,4
548,04a85430-62f7-11f0-b7c2-5907d7ac5d60,다누파,267,4
581,fc5eaf60-63cb-11f0-bb86-97bdb11e4eed,큰별쌤,266,4
581,f9d56c90-6243-11f0-9b9e-13c7a7dd6c88,고려제일검사,266,4
581,f1aefc30-6873-11f0-aca5-dd14f89ea4c2,아돌이,266,4
581,ef91b2f0-662d-11f0-ac19-9bda31ac5e16,난세의영웅이랴,266,4
581,ebe30c20-6467-11f0-a19b-cd9bee505425,짱뭉치,266,4
581,e39ed4d0-6558-11f0-89db-abf6ccd76876,난세의드래곤,266,4
581,e3583680-64b6-11f0-8112-e9bf866e152e,오늘만산다,266,4
581,e1368ea0-66dd-11f0-a922-e1df12a2f373,파대,266,4
581,deeac8a0-62a5-11f0-b99b-2fc53d965492,전신,266,4
581,cfc281a0-6508-11f0-ada0-5d42ab9007c0,힝찍먹이얌,266,4
581,c9998180-64ee-11f0-89c4-91955faa19a3,비비빅봉,266,4
581,bb50ad40-639c-11f0-a4da-3d0ef443f21c,osm1501,266,4
581,b8738ac0-62e8-11f0-971e-0d9306189309,라니아빠,266,4
581,af702a10-6445-11f0-a451-d9cea4ac416f,헝그리송,266,4
581,ad681bf0-63bf-11f0-a1fc-ebe02623a2f1,활빈당홍길동,266,4
581,ababdd50-630c-11f0-b218-43a24c54b5c1,준준이,266,4
581,a385a220-6238-11f0-b2ed-bb90d5f20a4a,꿀망고,266,4
581,a26897c0-6509-11f0-ada0-5d42ab9007c0,안산한량,266,4
581,9bc63050-664c-11f0-8157-83c241bc6c35,구도,266,4
581,947ce450-621a-11f0-a026-2b3e93922249,신무호,266,4
581,8b36d2b0-63e2-11f0-8ce7-05e1fc9cefd2,독고바위,266,4
581,8879c230-66da-11f0-abbe-1b148ce1c918,한뚜혁,266,4
581,835e1ef0-6445-11f0-ba26-c559d1541584,쫑쫑이,266,4
581,80511b60-63a8-11f0-bf20-b3f2ea84f71a,아자핑,266,4
581,732b96d0-6269-11f0-97b4-198e3a6088ef,주동자자,266,4
581,72848870-63c9-11f0-a9da-8b915b889dd4,명량,266,4
581,65143e80-6467-11f0-b9a2-71a70b35ee88,호담시,266,4
581,5892b350-63f2-11f0-8989-0f75f17d859c,소쿠,266,4
581,56d1c420-631b-11f0-873a-61e5585b494a,귀염이들,266,4
581,487d2390-638b-11f0-962b-77b465484d03,리정,266,4
581,482329d0-63e5-11f0-981c-6918ebc09e55,송희립,266,4
581,419f0180-62f3-11f0-971e-0d9306189309,최민석민석,266,4
581,373ec5f0-64be-11f0-9779-d31d6e85e24e,유베,266,4
581,34b74630-650a-11f0-a092-cfb4e8946e57,소전,266,4
581,3363a850-63f2-11f0-849d-3b3a1fc71a59,영화,266,4
581,322d6310-66e3-11f0-94fd-bd0b371894b0,구월삼월,266,4
581,289d1220-68e4-11f0-a559-7966cc3307d7,치리군,266,4
581,225994a0-6476-11f0-9e27-35530581f5ae,엘리엠,266,4
581,12f118a0-62ad-11f0-b78d-9fbbdf7f23fb,어노인팅,266,4
581,1172c860-6713-11f0-924a-215eb8d4d8f2,잉잉앙앙,266,4
581,10849cb0-6382-11f0-969f-574f3b894b44,하또짜,266,4
581,06df77b0-6374-11f0-b361-89751b9f7bfc,필천,266,4
623,f1e61440-64ae-11f0-a8b2-13458b8aee05,개꿀한방,265,4
623,f08f64e0-6461-11f0-8670-973d055b2505,엄지꼬마s2,265,4
623,efc29d40-63d8-11f0-a9da-8b915b889dd4,홀로핑,265,4
623,dd4f1da0-6711-11f0-b696-57f6be140e14,봉고,265,4
623,b7472ed0-62df-11f0-a53e-f720860fcc8a,호요요,265,4
623,b6856da0-69ff-11f0-9416-6d61d44d7bd3,조던,265,4
623,9f59db20-649b-11f0-814e-7d3df55868b8,피자세이버,265,4
623,8b09c2b0-63f7-11f0-83ae-cb0d7c1d5c99,E급헌터이경도,265,4
623,85831a80-65f5-11f0-98c2-7baa144ccf50,내강,265,4
623,809b3510-62ea-11f0-a53e-f720860fcc8a,달록,265,4
623,60e4cd70-63ea-11f0-b2cb-f71edb30a51a,오한,265,4
623,5b9ecaa0-631d-11f0-873a-61e5585b494a,생명,265,4
623,4d3aa9d0-6637-11f0-b390-df77dfcfb7b2,뿌돔,265,4
623,4c491140-649f-11f0-829b-d50781ca76af,이의민,265,4
623,492bb280-658d-11f0-adab-e3842e797e8d,머고,265,4
623,3a963180-6251-11f0-98b0-134906955a4e,꼬기,265,4
623,299bc840-6364-11f0-97d7-efff12aed0ab,핳핳,265,4
623,2906df70-65ce-11f0-affa-eb5175889e94,채가네김집사,265,4
623,10779f10-651c-11f0-846f-13edae8f7606,하지닝,265,4
623,0f7d8010-64fa-11f0-846f-13edae8f7606,보집물,265,4
623,0740a5d0-64b9-11f0-8112-e9bf866e152e,퓨딜,265,4
623,05ebfc50-633a-11f0-97d7-efff12aed0ab,rookie,265,4
623,00ef0f70-64e9-11f0-89c4-91955faa19a3,태굥,265,4
646,d3f8f0e0-61fe-11f0-b97d-137135ff0cfe,기찰,264,4
646,d07c0520-669e-11f0-9355-fb05ec2661ad,보나,264,4
646,b5516c40-6432-11f0-93a4-af3680a69719,군감,264,4
646,791f0a40-643f-11f0-95eb-5dc11fa524e5,트리플채,264,4
646,517ba650-6891-11f0-8a2e-739305bc1e9c,음싸,264,4
646,3d81e400-68d9-11f0-b6e5-1f4abc2a195f,카르멘,264,4
646,3be8e870-62ce-11f0-a89f-3182c3b8adb5,머장장,264,4
653,f5cf5260-651c-11f0-9ac8-815504da4b66,강남여신공주,263,4
653,f25eddc0-62ed-11f0-a53e-f720860fcc8a,성엄,263,4
653,e6840be0-6312-11f0-b4ac-230641ea7477,제명,263,4
653,aa626060-639b-11f0-9b51-d36a85c863a7,달의정기,263,4
653,a8dbd330-6516-11f0-8799-a56030339d38,Rox,263,4
653,7a62b7e0-657e-11f0-9744-4972db654943,일어난오리,263,4
653,75e3a2d0-6496-11f0-bbfe-0d14bcd852b5,도쿠가와이에야스,263,4
660,f39b7070-6371-11f0-a70b-97528033efd5,홍길동이,262,4
660,dd116510-6463-11f0-a72c-e970bf999ff4,월이,262,4
660,cf937000-6313-11f0-b218-43a24c54b5c1,서지니야,262,4
660,bbd0d5e0-64b1-11f0-8ec1-3f30537f594b,김민주,262,4
660,ab913600-64a4-11f0-8dc2-b1d7780ea280,아서물,262,4
660,8d0d7d80-649d-11f0-b5c8-a523170b964a,닥스코코,262,4
660,7f0364d0-649c-11f0-90f2-efb4d5ac17d9,애국열사,262,4
660,4d0efd10-6512-11f0-846f-13edae8f7606,난중일,262,4
660,42550350-62ac-11f0-9f5f-eba69ae2db8d,롯케,262,4
660,3d732180-63f8-11f0-ab5c-6d729d02faa0,정튀,262,4
660,2c0e91f0-6230-11f0-9658-0db50d035217,지안표류기,262,4
671,fd421d60-6211-11f0-9b80-6dacbd1dec23,뜨아,261,4
671,f8120c10-6540-11f0-b203-85c99a94680a,마봉석,261,4
671,f0b33b20-6512-11f0-846f-13edae8f7606,빡대리,261,4
671,eafa0380-649a-11f0-829b-d50781ca76af,다피,261,4
671,e90efb20-62d3-11f0-b252-a1a047cc5cf1,총총이,261,4
671,dfdd10d0-63b6-11f0-aab1-5f3bbe175c3e,추이,261,4
671,d2304740-687f-11f0-a0bd-8dd87dbd9058,EZER라파엘,261,4
671,b3e25130-6298-11f0-9eb5-cf396344702c,찍먹222,261,4
671,a6d93790-6475-11f0-a8d6-9514efa5ade9,노블,261,4
671,904243c0-63ce-11f0-8f11-17371de17e69,장마,261,4
671,8a93cab0-62cb-11f0-a655-3f20d48333c3,이별,261,4
671,865d0ba0-66f9-11f0-94fd-bd0b371894b0,박하슬,261,4
671,7bba85a0-638f-11f0-9730-63c2972c2599,강한자,261,4
671,762df550-63b1-11f0-a583-d92497fefc21,야생화살,261,4
671,72cb1620-62ff-11f0-af00-9b7f567d02d1,지희88,261,4
671,5e1c7870-6518-11f0-998d-6361b2224259,Munsu19,261,4
671,5bb40470-63da-11f0-b5a1-97526412eaf0,에릭진,261,4
671,564204e0-67c9-11f0-a86b-6be161d85452,주노호노,261,4
671,4b4daed0-6432-11f0-a580-6783cb326665,부부북,261,4
671,243b7df0-64cc-11f0-ad80-bf5616b7c1de,송지효,261,4
671,1a255530-649e-11f0-8dc2-b1d7780ea280,아르미나,261,4
671,08dcf900-656f-11f0-90e8-49468324a8de,istp,261,4
693,e325adc0-6356-11f0-a70b-97528033efd5,진달래꽃,260,4
693,ca31e890-64fc-11f0-846f-13edae8f7606,8군단장,260,4
693,c89ca910-637c-11f0-969f-574f3b894b44,콩엨콩,260,4
693,c44f58d0-6449-11f0-9230-ab77de340b9d,돌키,260,4
693,a0cfdff0-6404-11f0-877d-c952436514c7,민초여름,260,4
693,839873b0-6554-11f0-a338-71463213c56c,퍼떡내놔라,260,4
693,6515f090-6485-11f0-bd1c-c79b9b2c15fa,란트,260,4
700,f5712f60-6304-11f0-a267-6f822e3259c1,레오강아지,259,4
700,ed7324f0-650a-11f0-ada0-5d42ab9007c0,화니화니96,259,4
700,e23e5b30-637b-11f0-9a93-e1a70f769204,쇠질맨,259,4
700,c35ba7f0-6523-11f0-b0f9-9b13bf283379,든든한드론,259,4
700,ac69af90-643f-11f0-a17e-b17c10bc01ed,송송송,259,4
700,040f3850-6382-11f0-8ea7-a17bafa0e4d0,고호고로,259,4
706,f8e7f230-645a-11f0-8df0-a9be6ca1bee2,루이아범,258,4
706,f7545ea0-6733-11f0-b696-57f6be140e14,리코우,258,4
706,d9335fb1-6333-11f0-9eba-319c3c5b72eb,졍이,258,4
706,bc9437e0-63eb-11f0-828c-a760e56ecb36,효자동용가리,258,4
706,9511e310-6464-11f0-b9a2-71a70b35ee88,알콜79소주,258,4
706,8591e4f0-63ef-11f0-931c-5f0600bc75da,움망,258,4
706,6d167150-65c7-11f0-b5ae-9f72a71a5588,김순돌,258,4
706,4aa314e0-650c-11f0-a008-3d1038308b91,리성아,258,4
706,3682cb40-6345-11f0-ba6d-31d76c70e10b,안농,258,4
706,2147a220-63f7-11f0-9f61-e14d99ccbb10,달빛나린아이,258,4
716,ff7e0600-6245-11f0-807b-b56290a6427d,김씨표류기인가,257,4
716,ead66c61-621d-11f0-abc2-914425398299,호잉쓰,257,4
716,c78f9570-6235-11f0-9d5d-6ba09b4867f9,찌꼬빠빠,257,4
716,bb2f8c40-6442-11f0-b0d3-514122d47fb8,밍밋,257,4
716,7f55a020-6202-11f0-95cc-ad38c6ec1feb,늑음마,257,4
716,7a261630-621f-11f0-9b80-6dacbd1dec23,부검결과,257,4
716,7932d7f0-6782-11f0-958a-a1ef21446339,테즈,257,4
716,66f5f0c0-62fc-11f0-ba81-0189884c815e,위반닉네임001,257,4
716,66c3f010-6253-11f0-807b-b56290a6427d,이미존재함,257,4
716,5c2e06c0-6327-11f0-9d30-a1884d59ed55,최난세,257,4
716,55b34ac0-649a-11f0-90f2-efb4d5ac17d9,삼겹살이젤좋아,257,4
716,4cebb4b0-6240-11f0-9b9e-13c7a7dd6c88,명이나물,257,4
716,2d0bf080-63ab-11f0-9e98-299d606b6be2,akou,257,4
716,2b4dd5f0-6320-11f0-ba60-cd3b411d8a8e,조선제일남,257,4
716,289156a0-6755-11f0-a764-331beb7dec8b,슥수,257,4
716,2189b150-6501-11f0-998d-6361b2224259,우빵맨,257,4
716,19ce1570-6446-11f0-b0d3-514122d47fb8,아와드,257,4
716,15f65440-678d-11f0-854a-b963b3c30991,자냥탄센,257,4
716,14684100-6239-11f0-9b9e-13c7a7dd6c88,렛미두잇어겐,257,4
716,12fe01a0-6244-11f0-9ca6-b18ea4730904,국민한대,257,4
716,10b18710-62e8-11f0-a53e-f720860fcc8a,뽀미장난감,257,4
737,f7a6f2a0-670b-11f0-b696-57f6be140e14,신지무념,256,4
737,f6b774c0-6335-11f0-9145-a52c50a03179,안경곰,256,4
737,e75a7a80-69bc-11f0-86e2-d3a55f318685,주르,256,4
737,df513920-64f6-11f0-846f-13edae8f7606,1충1,256,4
737,dc1159f0-6502-11f0-b0f9-9b13bf283379,불빠따,256,4
737,d6c10510-63c0-11f0-b6ab-ab1d57efd9b6,성명현,256,4
737,d1666ab0-61f4-11f0-9e54-f5b20913bba4,뭐로,256,4
737,c1bdbf60-6473-11f0-9e27-35530581f5ae,그레이스,256,4
737,c1058a50-6a02-11f0-9ccf-efc03aeeda2b,yad,256,4
737,bdc9d2d0-6258-11f0-9e03-0da19caf8480,이쿠,256,4
737,b1a2b310-67ca-11f0-aa0e-8137dd32d9f9,블레스뮤,256,4
737,af164170-64cd-11f0-ad80-bf5616b7c1de,schnee,256,4
737,a9c1ad30-6393-11f0-8ad1-495afdf38cf0,볼때기사랑,256,4
737,a005a770-631a-11f0-8d40-dfc9f921e722,충전,256,4
737,8f53ec40-64b7-11f0-a2c0-87ada2bfe11c,시그,256,4
737,813b9a10-63b6-11f0-8d07-390a61232108,불꺼진성냥,256,4
737,75d87f30-62e9-11f0-888b-4325034dd618,레이먼,256,4
737,6f92c5a0-66bc-11f0-bf26-fbc3a0b40f08,라디유,256,4
737,64a5f100-6593-11f0-8be9-7bc4b954113d,치킨조아,256,4
737,5e8826a0-6267-11f0-807b-b56290a6427d,jisung,256,4
737,511d41c0-6664-11f0-8157-83c241bc6c35,출장,256,4
737,4e0dba60-644c-11f0-a4e4-a9524a101bbb,꿀곰,256,4
737,44f437c0-6437-11f0-8bb1-eb965705e646,김투명,256,4
737,3c903730-664b-11f0-bc55-a5513d849ef9,덕구s,256,4
737,390795f0-6438-11f0-93a4-af3680a69719,옐로우콘,256,4
737,136bf580-62cf-11f0-a89f-3182c3b8adb5,에드몽,256,4
737,10b5eb60-66ef-11f0-b905-616e286946a4,이슬공주,256,4
737,0f0e15b0-6237-11f0-b1ef-53e925ad2d1e,89detail,256,4
737,0f075ad0-6b3e-11f0-9b25-df4e14d92fbf,소천,256,4
737,0dfbfa60-63a0-11f0-b91f-cbca55a9af76,비오v,256,4
737,076470a0-63ec-11f0-bf86-7d9fb3bd8dcf,미카형,256,4
737,0611c5c0-6709-11f0-8f88-4583aca29e09,지채문,256,4
737,0458e6d0-64c7-11f0-8adf-cf56a9625cf9,슭삯,256,4
737,02e2bf80-6812-11f0-9069-eb268d57af69,타샤,256,4
771,fca89f70-62b4-11f0-a53e-f720860fcc8a,무도실무관,255,4
771,f36dbb00-63c4-11f0-aab1-5f3bbe175c3e,gamian,255,4
771,bb7cc9f0-6326-11f0-8452-27084395bcc2,일론머스크,255,4
771,a36a8410-636c-11f0-ba6d-31d76c70e10b,POOH,255,4
771,9b2c90d0-657a-11f0-9744-4972db654943,엄블리,255,4
771,8e1087b0-6473-11f0-934d-3b333a678e8e,피맛,255,4
771,76e19500-644d-11f0-b750-051f455e1aaf,녀석,255,4
771,73757dd0-64ea-11f0-89c4-91955faa19a3,창덕궁,255,4
771,63ce74d0-6527-11f0-a768-59219107ad21,한료타,255,4
771,448cf160-64ae-11f0-99e6-a9f8f58ea542,흰산완달,255,4
771,20f687c0-623d-11f0-bbfd-8564365ef7ff,두자님,255,4
771,180b5a20-67a4-11f0-8c7f-63c7098c1960,낙네림,255,4
771,16a6d190-65b6-11f0-8b44-3ff58a49da64,MaMooRi,255,4
784,febe86f0-6500-11f0-89c4-91955faa19a3,스승,254,4
784,f4a167e0-6236-11f0-b669-bf2d1b52708a,아이저아,254,4
784,e8d9be40-636b-11f0-9eba-319c3c5b72eb,지효,254,4
784,d20b9100-6539-11f0-be60-b3fc8566b712,손Zi,254,4
784,c6a4d150-6327-11f0-9d30-a1884d59ed55,깡승,254,4
784,c42ffa10-6482-11f0-923b-cb064b77cde3,이시섭혈,254,4
784,c1741160-6461-11f0-9921-878b06a5c08b,박대감,254,4
784,aa210f80-6a1b-11f0-9adb-01ec0e539aaf,소인은,254,4
784,a4f818f0-668d-11f0-a8c0-a96b3c973cc3,초다보다마,254,4
784,a016cbd0-62d5-11f0-b968-b15002a4efc3,노기,254,4
784,9b7528f0-63c1-11f0-aab1-5f3bbe175c3e,조폭여친,254,4
784,97fc4b50-6631-11f0-b76d-8163b25ea404,아기왕자,254,4
784,87689190-646f-11f0-8f23-45c01c2040fe,가쥬아,254,4
784,83471b70-624b-11f0-807b-b56290a6427d,이유따위,254,4
784,655d1560-657a-11f0-a7a8-252b47cc918b,코플레,254,4
784,4e541ed0-65e4-11f0-8afb-9767d055c78a,간고등어,254,4
784,2db2f2f0-620b-11f0-b6b8-890977889e3d,김다미,254,4
784,2b658230-6358-11f0-9eba-319c3c5b72eb,기풍한1,254,4
784,20d12920-6374-11f0-a70b-97528033efd5,초롱아놀자,254,4
784,15a073e0-649f-11f0-829b-d50781ca76af,돗개,254,4
804,fb358910-64c5-11f0-a3c0-1d4cb12fff23,나대는,253,4
804,de8fe630-61db-11f0-8cf8-45cb7c8841d8,서야,253,4
804,c19a7320-62b6-11f0-a89f-3182c3b8adb5,으흐이,253,4
804,b861d2f0-62a5-11f0-89a4-c33ecb46901f,쓱이,253,4
804,a7e84a40-64fc-11f0-920f-d9bd8a2a820c,유키노,253,4
804,9c6a3130-631a-11f0-873a-61e5585b494a,뀨니,253,4
804,97d74950-6590-11f0-a14b-9770e032ed18,베빌레라,253,4
804,709daae0-64d8-11f0-920f-d9bd8a2a820c,Toc,253,4
804,6ba24090-6295-11f0-ba61-57b32c8fdcaa,만슈리,253,4
804,639c3540-65ab-11f0-8de7-713c959a95d8,짐캐리,253,4
804,5aa75720-6421-11f0-89c3-81bc4ed5aa4e,fromis9,253,4
804,5698ea90-62ff-11f0-af00-9b7f567d02d1,쁘니크미,253,4
804,5099bbe0-63dd-11f0-b0c8-0be5c747fc57,지아파파,253,4
804,39410b20-671a-11f0-a764-331beb7dec8b,돌비개,253,4
804,18f1b1b0-63a2-11f0-946e-33914717b047,병삼,253,4
804,00877ab0-65ff-11f0-8afb-9767d055c78a,박이,253,4
820,eb97e410-6440-11f0-bb35-df6429295e24,안중근총대장,252,4
820,e96d5910-6808-11f0-9069-eb268d57af69,주현짱,252,4
820,e69e3ad0-63e7-11f0-a174-2f03cd9ae07c,운빨존망,252,4
820,e15c84f0-62f2-11f0-a53e-f720860fcc8a,만수르수슛,252,4
820,dd2318b0-64ad-11f0-8340-854878e1c5cf,운수대통맨,252,4
820,dc556520-63c0-11f0-b6ab-ab1d57efd9b6,김프로,252,4
820,da303090-66f4-11f0-a25c-47a5a693b30a,워리스,252,4
820,d9d3ccf0-6308-11f0-b974-4ba43f735b03,싸우전드,252,4
820,d79145d0-639e-11f0-b218-57e8388ada3f,샹이,252,4
820,d1e706e0-684b-11f0-9187-bfb76cd46158,세환,252,4
820,d0c6c750-624c-11f0-a923-e5c378e4162f,2위,252,4
820,c8bab910-6745-11f0-a764-331beb7dec8b,chovy,252,4
820,9c01ebd0-6251-11f0-9389-bdd3075e1ab8,덕산,252,4
820,99c94210-648f-11f0-aa78-e94e86ef7b01,GOMGOM,252,4
820,96127a40-6450-11f0-8944-5327091948db,뚜앙,252,4
820,8f2e9960-6398-11f0-929e-756b01201a20,시멘디,252,4
820,88d28b30-6456-11f0-98c8-a3a7dc3eadc0,타노,252,4
820,6c1dd1d0-6509-11f0-ada0-5d42ab9007c0,요와가와,252,4
820,6a3c9730-6373-11f0-baf1-611897b49fac,광치,252,4
820,65b8f310-64a0-11f0-ac20-8734dac19833,개밥은줬는가,252,4
820,5ebbd2d0-6301-11f0-bfc1-67350970f51b,구자윤,252,4
820,5655ceb0-64ce-11f0-ad80-bf5616b7c1de,뮴윰,252,4
820,5194b830-62e1-11f0-8567-d9cb9900f794,채채야,252,4
820,41a2e930-6550-11f0-aed2-e9684f688284,캐누,252,4
820,3800e1b0-63f3-11f0-b2cb-f71edb30a51a,천룡,252,4
820,325d12a0-67b4-11f0-a86b-6be161d85452,qpalzm,252,4
820,30a02ba0-669c-11f0-b62b-ab1b7b085a1b,다크류,252,4
820,30918dc0-64bc-11f0-bac8-c1efd8a8ec20,카넬리안,252,4
820,2f42b480-6499-11f0-90f2-efb4d5ac17d9,하얀참새,252,4
820,2b0afea0-6272-11f0-b63f-7755b72aa50f,마초하,252,4
820,19bc4b90-658d-11f0-abea-2d9e1aed9d17,아기맹수말티즈,252,4
820,1422c1a0-623b-11f0-bbfd-8564365ef7ff,잣까라,252,4
820,039a1300-646c-11f0-9e27-35530581f5ae,꾹아재,252,4
853,f6fe20e0-6a6b-11f0-b4af-bd0ab1be2018,로영,251,4
853,f10e1e20-63da-11f0-9a87-810a40a679fa,허허참,251,4
853,eaa2d8a0-64e3-11f0-998d-6361b2224259,SSSPJM,251,4
853,e614bf80-63e7-11f0-a1c7-8757d6b0192f,치우비,251,4
853,e3477c30-696d-11f0-8a8c-e705cbe6ed4d,JAY11,251,4
853,e18d4710-64a1-11f0-829b-d50781ca76af,지니자나,251,4
853,dfc160e0-6255-11f0-95f0-59ccc8c1b644,종계니,251,4
853,dce138d0-678e-11f0-8310-8370146853a0,땡중,251,4
853,d293eda0-63f6-11f0-8ce7-05e1fc9cefd2,므페,251,4
853,cc3d3800-6282-11f0-bcbb-714564b525f4,삼다,251,4
853,c828abe0-64cc-11f0-846f-13edae8f7606,초슈익,251,4
853,c4d26ca1-6527-11f0-a092-cfb4e8946e57,발로하는선수,251,4
853,bf539680-6ab0-11f0-aa73-c544fd48d310,집안구석,251,4
853,bdf908c0-63cf-11f0-99a0-f791fadc47f8,은혼,251,4
853,bb019990-6562-11f0-844a-4f48097dc8d0,짱호,251,4
853,b6b8f0c0-635c-11f0-ba6d-31d76c70e10b,나클라스,251,4
853,b326b7f0-63cd-11f0-aab1-5f3bbe175c3e,영웅Ho걸,251,4
853,b1e47ea0-6728-11f0-b6f9-9341b272f2ff,김영식,251,4
853,a053fde0-62bf-11f0-a53e-f720860fcc8a,포돌햄,251,4
853,9da7e020-6300-11f0-af00-9b7f567d02d1,파인,251,4
853,96847800-6376-11f0-81ce-77cec8a0fab2,고요랑,251,4
853,94b09b30-639e-11f0-8ad1-495afdf38cf0,이논,251,4
853,937e4cf0-6473-11f0-934d-3b333a678e8e,손후추,251,4
853,9204c2b0-62ba-11f0-b78d-9fbbdf7f23fb,푸푸푸,251,4
853,8f787680-628e-11f0-bcbb-714564b525f4,어휴,251,4
853,8d532f00-635e-11f0-9145-a52c50a03179,그냥저냥그래,251,4
853,8d26a950-6375-11f0-baf1-611897b49fac,박미나리,251,4
853,8acd6ca0-645d-11f0-9cd9-4f3d9a0f948e,왕좌,251,4
853,858a6050-63ee-11f0-b217-87e3ac2bb17a,유느0,251,4
853,795e5440-63de-11f0-80fd-8dc2ba771ecd,하슈,251,4
853,6b3a92d0-64be-11f0-bfcf-1fdb18c8f989,돌민,251,4
853,685edaa0-6430-11f0-93b5-9bbe54f3643d,인민대생,251,4
853,62654fb0-671b-11f0-b6f9-9341b272f2ff,covid야발,251,4
853,56702580-6302-11f0-a267-6f822e3259c1,꾸약,251,4
853,55ec08c0-62ff-11f0-aafb-6f8fc69735d7,Rio,251,4
853,483edcb0-65e9-11f0-ade7-832d34a76bd7,소인아빠,251,4
853,44b65af0-63b4-11f0-8d07-390a61232108,람각,251,4
853,4215c110-65c5-11f0-8eae-0b69539c9f81,고운찡,251,4
853,3ce955a0-6217-11f0-9ed2-2327c5a1ff14,민챈,251,4
853,3b805770-6322-11f0-a9dd-09ac9a880f48,라크,251,4
853,36cbfe40-63be-11f0-ab4c-1749d25baca6,은주,251,4
853,34d96161-638f-11f0-9e16-f1cd993522e6,동광,251,4
853,33ca4c70-63bd-11f0-aab1-5f3bbe175c3e,충천,251,4
853,2efbeb40-650c-11f0-b0f9-9b13bf283379,lsh,251,4
853,2b2e8f70-6423-11f0-83ae-cb0d7c1d5c99,키썽,251,4
853,26e2fad0-62a9-11f0-b99b-2fc53d965492,모르것다,251,4
853,25ac4a40-66b4-11f0-8dc5-93f9fb1e4ad3,솜유이,251,4
853,1d768a80-62c6-11f0-a89f-3182c3b8adb5,AGW,251,4
853,1ccb2e30-6459-11f0-baaf-45c3a00048ee,윤수서시,251,4
853,0d1b99c0-63d2-11f0-a9da-8b915b889dd4,맛있는오뎅국물,251,4
853,08447fb0-61e4-11f0-9346-a503da0bb554,로나,251,4
853,06f33500-64ac-11f0-bac8-c1efd8a8ec20,스마트닥터,251,4
853,05cce510-640a-11f0-877d-c952436514c7,엽뽀,251,4
853,05c7b390-63cb-11f0-8a6c-c348a09bcc5f,폭군이방원,251,4
853,02cf86c0-640e-11f0-89c3-81bc4ed5aa4e,학익진,251,4
908,fbb889f0-65b0-11f0-8de7-713c959a95d8,alpen,250,4
908,ea0fbf40-6405-11f0-83ae-cb0d7c1d5c99,단밤,250,4
908,e43b6010-6662-11f0-aee9-63d133f73255,포류되면포기,250,4
908,de6819d0-64c3-11f0-9cbb-d577723cbc86,두나케시이장,250,4
908,cf5ce7e0-63dd-11f0-8ce7-05e1fc9cefd2,카마신,250,4
908,c88a21a0-62af-11f0-9f5f-eba69ae2db8d,예상,250,4
908,c50d4e00-64bf-11f0-bfcf-1fdb18c8f989,이천공안,250,4
908,c1788490-6469-11f0-82c1-d1354574f8a3,새도,250,4
908,bacd2480-6490-11f0-a086-85e9f4d94fe9,김아무개,250,4
908,a59362a0-63dc-11f0-9a87-810a40a679fa,RUGA,250,4
908,a3247660-6398-11f0-b91f-cbca55a9af76,콩돌이,250,4
908,64a13c10-67c2-11f0-8950-bdea43be77e8,느쩨,250,4
908,4d7a7540-64b3-11f0-b5c8-a523170b964a,슈다뇽,250,4
908,488f28d0-64e7-11f0-998d-6361b2224259,혀미네이터,250,4
908,3c663010-6642-11f0-96fa-990fd0c2f326,말랑김밥,250,4
908,326a9340-655b-11f0-8282-ef55648b670a,요마,250,4
908,28d3ef50-6891-11f0-905e-c7bed89e0fd3,랄라링,250,4
908,14a49020-63cd-11f0-99a0-f791fadc47f8,피유,250,4
926,e3b55400-622c-11f0-bbfd-8564365ef7ff,리자이,249,4
926,e3107ef0-6220-11f0-bbfd-8564365ef7ff,쩔수다쩔수,249,4
926,d14af4e0-63e0-11f0-9b30-bfc50fd617fd,질풍,249,4
926,c31c6120-6317-11f0-8d40-dfc9f921e722,동방명주,249,4
926,ba381200-6765-11f0-acd4-9f12491673f3,리거유,249,4
926,af920520-64a1-11f0-a845-496ab271568b,왕슈,249,4
926,aa8af050-64f6-11f0-920f-d9bd8a2a820c,울트라쏘나탕,249,4
926,a99250f0-6521-11f0-85dd-2db918fca576,뇽히,249,4
926,a8a137b0-6404-11f0-a3ab-515b7dbdbb4f,juseho,249,4
926,93a169d0-6309-11f0-b974-4ba43f735b03,그슥,249,4
926,909789f0-6371-11f0-ba6d-31d76c70e10b,연지곤지,249,4
926,8d968d60-625d-11f0-a09e-af85dec66bcf,l무신l,249,4
926,89ac28d0-62d6-11f0-a53e-f720860fcc8a,Horang,249,4
926,814aecf0-6522-11f0-92d2-6f0fe5d29eef,김표류,249,4
926,7db0db30-633e-11f0-9145-a52c50a03179,명동시라소니,249,4
926,7ab840c0-6614-11f0-91c1-49cca2685584,요미공주,249,4
926,754bc070-6516-11f0-8799-a56030339d38,TMB,249,4
926,6aa3d760-6319-11f0-abe8-09c261bd0e21,PillGi,249,4
926,50450eb0-676b-11f0-9a9f-6f9af1b6ae38,대두,249,4
926,4f1427f0-63ca-11f0-8f11-17371de17e69,TOD,249,4
926,4bb9ad20-63dc-11f0-9b30-bfc50fd617fd,근들갑,249,4
926,43548ac0-63e5-11f0-8ce7-05e1fc9cefd2,인지매,249,4
926,3d9e6180-644b-11f0-a4e4-a9524a101bbb,조커킹,249,4
926,3c9525e0-623d-11f0-bbfd-8564365ef7ff,마태오,249,4
926,38c239f0-6303-11f0-b7c2-5907d7ac5d60,태진지니,249,4
926,38620180-64c4-11f0-846f-13edae8f7606,마니버렁,249,4
926,21ab0ec1-63be-11f0-a06c-a18ad4eb2f25,poll,249,4
926,18c3b360-6590-11f0-aa71-8dc1a82ba9d7,이동준,249,4
926,1599e400-647a-11f0-a8d6-9514efa5ade9,조운마초,249,4
926,14c37860-6773-11f0-bd87-336f0aebd1bd,조선칼잽이,249,4
926,0144ce40-6662-11f0-bc55-a5513d849ef9,게짜,249,4
957,fbb79120-6453-11f0-9a7f-07d3d9b1e362,드웨인종슨,248,4
957,f94bb170-6799-11f0-b8e6-d1592939ba2b,한푼만줍쇼,248,4
957,f938cf00-65d3-11f0-be66-ebe105229c69,카이져,248,4
957,e94d3590-63e4-11f0-89c3-81bc4ed5aa4e,데식이,248,4
957,e540d9d0-644c-11f0-8944-5327091948db,내란척결,248,4
957,e36bf560-6652-11f0-8bf6-afeec62e00c0,리듬왕,248,4
957,e2466270-6755-11f0-a3b5-cb7d513a283d,누나좋아,248,4
957,e043d360-669f-11f0-850c-5560f809d922,난세영웅임,248,4
957,deb2e0e0-6915-11f0-a72d-f3190f62faf5,이지대장,248,4
957,da03c050-681b-11f0-9069-eb268d57af69,별로,248,4
957,c64fed20-66a1-11f0-94aa-a338b61fce37,게토,248,4
957,c2b99ad0-6700-11f0-b8a1-2b7aa71b98ab,polaris1,248,4
957,c21e30f0-6399-11f0-a4da-3d0ef443f21c,이일이,248,4
957,befc2c60-6489-11f0-a086-85e9f4d94fe9,라인서,248,4
957,bdb62010-6603-11f0-9582-8f4f9f5b46ce,go박사,248,4
957,bbd5e610-67be-11f0-ac79-bd0f37322c34,캡틴건,248,4
957,bb2ccc40-62c5-11f0-a89f-3182c3b8adb5,팜하니짱,248,4
957,ba9df190-67da-11f0-ab85-2f8ac855d894,랴니,248,4
957,abea1340-6587-11f0-adae-f1d880840468,윤신달,248,4
957,a37fc0c0-631f-11f0-9a9d-576877acc917,봉인,248,4
957,9d044db0-636f-11f0-a70b-97528033efd5,딤맹딘,248,4
957,9a42f440-63f2-11f0-8ce7-05e1fc9cefd2,용문귀등환,248,4
957,91ffbd20-63cc-11f0-8f11-17371de17e69,쟌다르크,248,4
957,916c33e0-63c5-11f0-bb86-97bdb11e4eed,황목치승,248,4
957,8bbe5a50-6955-11f0-9f3a-d936e3ed6e3a,가을빛달,248,4
957,737328e0-6563-11f0-9d97-192c64bf62e6,구름임금,248,4
957,6f718880-653c-11f0-97bf-e59a2053b9f6,소노다,248,4
957,6273a820-69fb-11f0-83c1-071402a58f9d,Unichef,248,4
957,5cfd49f0-63b1-11f0-9b10-25f9ca8a7a53,손영웅,248,4
957,54e4e590-644a-11f0-9a7f-07d3d9b1e362,라다넘,248,4
957,532fe3e0-62dc-11f0-9cbc-05ebba638e55,기차,248,4
957,4b4f7eb0-6552-11f0-a8f6-b9ccbcdd6c19,느엥,248,4
957,48b1f4b0-6487-11f0-bbfe-0d14bcd852b5,휠버그,248,4
957,45af34e0-63eb-11f0-b577-c584fca26f1c,지렁,248,4
957,3539ef60-65e9-11f0-ade7-832d34a76bd7,에반게리,248,4
957,24188d00-6516-11f0-8350-2bfe2b1cf2f9,프라함,248,4
957,15244840-639d-11f0-8ad1-495afdf38cf0,찰츠,248,4
957,0fe15d80-64a3-11f0-9c5a-4d7fccdae4d8,쭈로롱,248,4
957,0378e090-63d6-11f0-8ce7-05e1fc9cefd2,차차냥,248,4
996,f1971570-64a4-11f0-b5c8-a523170b964a,도마안중근,247,4
996,ef10feb0-6413-11f0-a3ab-515b7dbdbb4f,카리나v,247,4
996,e5ea1c00-62f5-11f0-95d2-15b32e977246,탠니,247,4
996,e5229e50-660b-11f0-97d0-fb9951280f6d,미야,247,4
996,dacc9370-648a-11f0-9735-dfa72435bf25,소검,247,4
996,cdf25dc0-6411-11f0-a3ab-515b7dbdbb4f,무간이,247,4
996,c5fb0c31-6208-11f0-980a-396801ba63e1,시인아이,247,4
996,b8bd6320-63e7-11f0-9138-e7c93c0285e9,정도,247,4
996,b5be0890-6465-11f0-934d-3b333a678e8e,그칸당,247,4
996,aff0c7f0-6496-11f0-a315-5d30c4fd1c80,jaym,247,4
996,aacd54e0-6514-11f0-8799-a56030339d38,게으름주의,247,4
996,a1af2300-65de-11f0-af8d-27ed9728107e,생각보다쎈놈,247,4
996,996581c0-621f-11f0-abc2-914425398299,kuwoo,247,4
996,979a98b0-66f4-11f0-abbe-1b148ce1c918,스스골,247,4
996,96d2a8b0-668f-11f0-b1e0-e7480b999f7e,꾸꾸꾸,247,4
996,90ca3940-639e-11f0-8ad1-495afdf38cf0,skyway,247,4
996,7fd7db20-69e7-11f0-87cd-13cc90e29527,유케이,247,4
996,7850eb70-63a8-11f0-9e98-299d606b6be2,금낭,247,4
996,70743470-64d9-11f0-89c4-91955faa19a3,아르카네,247,4
996,69077400-655f-11f0-94e1-9148d7950b64,김도영,247,4
996,65dda3c0-653d-11f0-8799-a56030339d38,전차녀기,247,4
996,604ff850-646a-11f0-934d-3b333a678e8e,농협,247,4
996,5b0ec4f0-63f4-11f0-9f61-e14d99ccbb10,하나같이,247,4
996,56fcb660-63b8-11f0-8465-f716200b7246,저닐,247,4
996,5368b5b0-62b1-11f0-b038-1df969c0d9a5,츠캄,247,4
996,510f50f0-6615-11f0-b9c4-fd8fa20ffc1f,성도,247,4
996,502e43f0-639d-11f0-8ad1-495afdf38cf0,응가삐아,247,4
996,4f85cd30-6314-11f0-abe8-09c261bd0e21,최찬호,247,4
996,439ed520-64e0-11f0-846f-13edae8f7606,iiliiiil,247,4
996,416ebd30-6308-11f0-a53e-f720860fcc8a,hduwk,247,4
996,2b771b80-6894-11f0-92ff-45af87a84012,궁녀,247,4
996,2b2b67e0-6433-11f0-9143-05b731683243,아발,247,4
996,298f9df0-644e-11f0-8576-d1882b0c15d3,부사교,247,4
996,251a5350-62aa-11f0-b038-1df969c0d9a5,타요,247,4
996,23bfb560-63a7-11f0-b7d9-6726758670c6,이웃집또털업,247,4
996,228cc2c0-63eb-11f0-a934-37f97c3285aa,하빈,247,4
996,129ab800-65de-11f0-a0dc-ad6210879902,오롯,247,4
1033,fac64580-62a1-11f0-b076-21e095d62ba5,가원,246,4
1033,f6b95f90-6661-11f0-8157-83c241bc6c35,이순신일대기,246,4
1033,f4dc9c30-6654-11f0-a776-73e6a717c241,핫걸,246,4
1033,ef26fde0-63f6-11f0-afb4-8b388ad7e025,장구,246,4
1033,ea3dc1b0-62d4-11f0-a655-3f20d48333c3,sinbbai,246,4
1033,dbe746b0-6494-11f0-bbfe-0d14bcd852b5,그레이리,246,4
1033,d52e1770-651d-11f0-b0f9-9b13bf283379,여수,246,4
1033,cf8b69d1-682e-11f0-abda-dba09b3dfba0,개패는처녀,246,4
1033,c894ad00-6430-11f0-93b5-9bbe54f3643d,사남,246,4
1033,c8358c70-62c4-11f0-a53e-f720860fcc8a,옹뢰,246,4
1033,be2329d0-637e-11f0-969f-574f3b894b44,룬살,246,4
1033,bc84d990-6854-11f0-9f70-758f6a5c165e,참깨,246,4
1033,b7d282e0-6795-11f0-8310-8370146853a0,리웅,246,4
1033,b7a8f0c0-64f6-11f0-846f-13edae8f7606,브콜,246,4
1033,b5327500-6613-11f0-b420-973bd54af871,지니써니파파,246,4
1033,b22f7521-668a-11f0-8d91-67464caa9884,게실염,246,4
1033,b14f2170-66f1-11f0-abbe-1b148ce1c918,쿠하,246,4
1033,b147d6c0-6a18-11f0-9adb-01ec0e539aaf,폭렬망둥이,246,4
1033,a64dc260-6523-11f0-8799-a56030339d38,rumpu,246,4
1033,a4f00f70-6368-11f0-9eba-319c3c5b72eb,유송현,246,4
1033,a333dac0-630b-11f0-b974-4ba43f735b03,해일,246,4
1033,a0a41fd0-65d7-11f0-8291-9955d484da31,우왕굳,246,4
1033,97170580-63ee-11f0-893e-c9eaafcb280d,쿠두스,246,4
1033,962922d0-621c-11f0-9813-b7579b20c221,야멍이,246,4
1033,8f4de400-6834-11f0-85d3-35119cf353c8,무락카,246,4
1033,8e869820-641d-11f0-83ae-cb0d7c1d5c99,지능,246,4
1033,6b8f89b0-6447-11f0-ab0c-317be3d6b0a6,성웅세종,246,4
1033,6967c2f0-63df-11f0-b6e0-95710897614e,휘잉,246,4
1033,69248a80-6402-11f0-a684-2b9cd36018bc,수로,246,4
1033,68b56c50-6573-11f0-90c5-555ab05ea06b,낚시,246,4
1033,65df5550-6699-11f0-a8c0-a96b3c973cc3,acpf,246,4
1033,61f517b0-689a-11f0-905e-c7bed89e0fd3,깨방지,246,4
1033,5e310a71-65df-11f0-ade4-c716e9fb5ed5,클롭,246,4
1033,5dedc8d0-63cf-11f0-a4c8-8bb479cb95e8,킴손산,246,4
1033,5d22cfb0-6427-11f0-a684-2b9cd36018bc,말차치즈맛,246,4
1033,5ad72d70-63e4-11f0-89b8-61a649941dd1,로윤로하,246,4
1033,5a1e2d80-646f-11f0-8f23-45c01c2040fe,룰루루,246,4
1033,5760c6b0-6529-11f0-a2f9-538e8d8649bf,카레우동,246,4
1033,54d44b60-6619-11f0-ba0e-5d9d6daabc7d,하율아빠,246,4
1033,50783130-62cc-11f0-a655-3f20d48333c3,아꿍이,246,4
1033,4f9f48e0-64e6-11f0-8ef3-8dde64b39158,JFocus,246,4
1033,4e1e7160-638a-11f0-a907-81cd7bb106e2,곰승이,246,4
1033,4c561a80-6237-11f0-bbfd-8564365ef7ff,최강한화,246,4
1033,4a750160-654b-11f0-8ca8-9701a643f9e8,너구리먹어요,246,4
1033,4a5b2190-646b-11f0-82c1-d1354574f8a3,빈슈,246,4
1033,49f7c6b0-647d-11f0-9c48-11e41ca3b3cb,크라운큐비,246,4
1033,471193c0-664b-11f0-8157-83c241bc6c35,힝쀼,246,4
1033,3d768bd0-68f9-11f0-b6e5-1f4abc2a195f,간계의승렬,246,4
1033,3c697740-66f9-11f0-94fd-bd0b371894b0,꾼넹,246,4
1033,37b436b0-6774-11f0-bd87-336f0aebd1bd,빙하,246,4
1033,3063efb0-645c-11f0-8df0-a9be6ca1bee2,송하냥,246,4
1033,2c7fd070-6548-11f0-afd8-b7e248c08716,DoorTin,246,4
1033,289d6890-6247-11f0-9c23-457fcdeb3714,무신현,246,4
1033,1c3d3690-63cb-11f0-bb86-97bdb11e4eed,난세의오민성,246,4
1033,1bcc5140-6458-11f0-baaf-45c3a00048ee,성후니,246,4
1033,1ad33d50-669f-11f0-9066-3b2dd8e42937,김PRO,246,4
1033,0c079460-62a3-11f0-9ad3-4d475483bc38,은소,246,4
1033,0b0bfdc0-644d-11f0-bfa2-af41fddaac3d,콱퉤일,246,4
1033,0a0d8a80-6392-11f0-a4da-3d0ef443f21c,뭉치기,246,4
1033,029e6eb0-67be-11f0-9087-f9ad8d76b235,금콩,246,4
1033,022f6010-6417-11f0-83ae-cb0d7c1d5c99,사과과실즙,246,4
1033,00bc18e0-6386-11f0-a96e-b3a4c43e265a,정훈이의모험,246,4
1095,f0d1b2f0-643e-11f0-832b-c7e877b24350,생수나르는목사,245,4
1095,edb4fd00-6517-11f0-846f-13edae8f7606,태조쿠마,245,4
1095,e3e611e0-6235-11f0-aaac-83588ba99a5d,어스퀘이크,245,4
1095,d6255f30-62ed-11f0-8740-eda872109ccf,박수빈,245,4
1095,c45e2f40-6430-11f0-b895-d750b0653929,건은,245,4
1095,c076dbe0-6541-11f0-8246-fb47b021213a,이억만,245,4
1095,bb94bf10-6434-11f0-83ae-cb0d7c1d5c99,시나브로뀨,245,4
1095,b56d1aa0-62be-11f0-b78d-9fbbdf7f23fb,줄까,245,4
1095,b2e6e500-694d-11f0-9eb1-291bf23f596e,무르무르,245,4
1095,8b770d10-65b0-11f0-b5ae-9f72a71a5588,안양잠룡,245,4
1095,802d1410-65d6-11f0-afed-4d9f1391fd2e,백히랑,245,4
1095,69ae2820-639a-11f0-9b51-d36a85c863a7,Karl,245,4
1095,6812a3c0-660f-11f0-8d9d-2df44f4cae52,뭐왜뭐가,245,4
1095,541489b0-623b-11f0-853f-4567daacb8e8,뚜라,245,4
1095,53b10930-6439-11f0-93b5-9bbe54f3643d,마그네슘,245,4
1095,4c9663f0-650d-11f0-998d-6361b2224259,빵댕이아빠,245,4
1095,3e7c5ae0-644a-11f0-9a7f-07d3d9b1e362,뚱이는못말려,245,4
1095,346af570-640e-11f0-877d-c952436514c7,소붕,245,4
1095,2943a760-647b-11f0-8847-9f16f919629d,momo2,245,4
1095,284fd6e0-648e-11f0-a086-85e9f4d94fe9,조버미,245,4
1095,2604f860-63d1-11f0-bb86-97bdb11e4eed,아아가나,245,4
1095,12787850-6541-11f0-8246-fb47b021213a,수호무적,245,4
1095,0c9eddc1-63d4-11f0-b0c8-0be5c747fc57,충겨과공포,245,4
1095,03db9360-646d-11f0-9969-437e63fe5696,남궁세가,245,4
1119,83199511-64b7-11f0-8b02-21e8a51b3133,나고,244,4
1119,81697f80-63c4-11f0-86ef-4d438ea3ec33,앤버디,244,4
1119,80162e80-6838-11f0-b2fd-9d1d445c08a1,큼캉,244,4
1119,5b6345b0-62c4-11f0-839f-d97137a128f6,신비블루,244,4
1119,54889e40-651a-11f0-ab3b-9d4ed9be40b9,일본,244,4
1119,314f8700-6924-11f0-b776-39555a34501f,낭인무사,244,4
1119,280e8050-677c-11f0-bcc9-bd1830454154,김뿡,244,4
1126,fa27f100-6251-11f0-a7b6-cf18c18dd85f,maryna,243,4
1126,eacde900-651f-11f0-ab3b-9d4ed9be40b9,크으크으,243,4
1126,b5e632e0-6319-11f0-abe8-09c261bd0e21,사형G,243,4
1126,aee153e0-67f0-11f0-9069-eb268d57af69,백전,243,4
1126,a95d8810-632e-11f0-a70b-97528033efd5,워홀러,243,4
1126,5f21e530-6391-11f0-8ad1-495afdf38cf0,마요,243,4
1126,5c467c20-6569-11f0-94e1-9148d7950b64,천의얼굴,243,4
1126,5c353210-637c-11f0-9548-ab3b8ef34a62,Green,243,4
1126,3d489160-6761-11f0-9ee8-11faeeaf74d3,틀이얌,243,4
1126,38fc3070-664a-11f0-81af-5b0af15a39e7,익상이,243,4
1126,30456200-670b-11f0-8f88-4583aca29e09,남자현,243,4
1126,24782580-621e-11f0-9813-b7579b20c221,문도광,243,4
1126,16e55d10-64f9-11f0-846f-13edae8f7606,JS,243,4
1126,09a55a80-649d-11f0-ac20-8734dac19833,공쿤,243,4
1140,dbb5deb0-660e-11f0-91c1-49cca2685584,아무것도몰라,242,4
1140,d45cefb0-62f7-11f0-b4b3-99d44587a070,메리,242,4
1140,d44691a0-6330-11f0-ba6d-31d76c70e10b,순돌,242,4
1140,cf5128d0-66e2-11f0-b905-616e286946a4,난세의난,242,4
1140,cc2cb200-639a-11f0-a4da-3d0ef443f21c,하모,242,4
1140,cb623980-62ff-11f0-83c3-59e47761ce71,욕망,242,4
1140,b3e50d90-648b-11f0-9e55-714c36f08739,나이팅게일,242,4
1140,ac5283b0-6624-11f0-afa5-e775e74c8006,MSTY,242,4
1140,a5b7a5e1-624f-11f0-8535-59b53ff152b7,창식,242,4
1140,855b7e40-62d4-11f0-8f11-77dd1d282e8c,루아베니,242,4
1140,7de9c300-6492-11f0-a863-c5c12b567008,홍홍우,242,4
1140,7a1da210-63dd-11f0-9a87-810a40a679fa,올라,242,4
1140,760c18c0-670f-11f0-b5ef-256ef5681107,흐난,242,4
1140,6b32de30-645c-11f0-baaf-45c3a00048ee,용용리,242,4
1140,65f30e90-63df-11f0-8ce7-05e1fc9cefd2,라토끼,242,4
1140,5d094770-69bd-11f0-a6d0-d7dbeaf9d9e0,오태식이,242,4
1140,527e0de0-637d-11f0-adf7-d1fabe44ecce,나누구,242,4
1140,513bc3a0-6940-11f0-9c6c-658573885763,과학을보다,242,4
1140,2abc0770-6437-11f0-83ae-cb0d7c1d5c99,김씨인감,242,4
1140,2a203b50-65a5-11f0-adab-e3842e797e8d,블루베리티라노,242,4
1140,1f4f7e00-642b-11f0-83ae-cb0d7c1d5c99,매컬린,242,4
1140,1c8d82d0-6623-11f0-9cdc-073af5d8ace4,작은세상큰꿈,242,4
1140,181d2a30-6b22-11f0-8f14-2f5913224acc,냄비,242,4
1163,fd3e7d30-62bc-11f0-a89f-3182c3b8adb5,주동이,241,4
1163,f7bfaf30-63f4-11f0-acbf-1d9f838efc8f,춘하,241,4
1163,e4d15520-6199-11f0-9040-4522a72dc80d,벽묘,241,4
1163,e1975a50-657f-11f0-aec8-2168088a1b29,아몽구,241,4
1163,df3137a0-66af-11f0-9e29-bb739ed9109b,흐물이,241,4
1163,cf2f5c00-654d-11f0-9925-2bfdb21f1ef4,코란,241,4
1163,cab34810-618f-11f0-9b0d-91aacb6e1242,경경,241,4
1163,ca9055b0-6740-11f0-b6f9-9341b272f2ff,마르,241,4
1163,c5e04bf0-63ef-11f0-a3cc-cd3c8793a2eb,유짐니,241,4
1163,c48c5710-61b2-11f0-aae0-812abd6d2db3,팔도비빈련,241,4
1163,c36f51b0-66bd-11f0-bc5b-67d0e2b385f2,여주시하동2,241,4
1163,c36c4890-6298-11f0-bcbb-714564b525f4,한방딸깍,241,4
1163,b26d5c80-649d-11f0-829b-d50781ca76af,조랑말해요,241,4
1163,af57a380-650a-11f0-a008-3d1038308b91,양하,241,4
1163,a92c0c00-63d7-11f0-b0c8-0be5c747fc57,디누,241,4
1163,94a63300-6332-11f0-ba6d-31d76c70e10b,금색,241,4
1163,8b3fa800-6300-11f0-83c3-59e47761ce71,김밤톨,241,4
1163,86cfbab0-66e5-11f0-b905-616e286946a4,수당파,241,4
1163,77aeb580-69de-11f0-83c1-071402a58f9d,타이거통,241,4
1163,710cee70-648b-11f0-a086-85e9f4d94fe9,슭슭,241,4
1163,6ea4f0f0-6450-11f0-9a7f-07d3d9b1e362,하하로,241,4
1163,6286def0-65fe-11f0-804e-c557b5379eb6,송학림,241,4
1163,5f1b6a50-6767-11f0-9ee8-11faeeaf74d3,흑요스늬,241,4
1163,5e4ff260-6606-11f0-8cbe-319b644384b7,남연우,241,4
1163,47cbec00-691d-11f0-a72d-f3190f62faf5,장한우,241,4
1163,467f38d0-668d-11f0-aee9-63d133f73255,뜨앗,241,4
1163,27bc25c0-6246-11f0-9c23-457fcdeb3714,호빵도령,241,4
1163,171b3880-6559-11f0-89db-abf6ccd76876,극치,241,4
1191,f7121cc0-6486-11f0-bbfe-0d14bcd852b5,냠냠포미ss,240,4
1191,f01ca0d0-67cd-11f0-9087-f9ad8d76b235,전위,240,4
1191,6deb5d80-6517-11f0-998d-6361b2224259,꼴까닥해까닥,240,4
1191,68873d90-6509-11f0-a092-cfb4e8946e57,하리파덜,240,4
1191,645dd210-64af-11f0-b5c8-a523170b964a,영이네,240,4
1191,58aa72a0-6506-11f0-b0f9-9b13bf283379,굥이남푠,240,4
1191,51956020-6631-11f0-9293-2f108164e9cc,편각,240,4
1191,1c085af0-620a-11f0-8954-d1ddcca9d272,문창현,240,4
1191,12023260-643a-11f0-a580-6783cb326665,불타는곰팅,240,4
1191,01143ea0-63c0-11f0-ab4c-1749d25baca6,188w27,240,4
1201,f4ba1350-6644-11f0-bcdc-f17075c763ff,두콩,239,4
1201,f0a6f320-6372-11f0-ba6d-31d76c70e10b,와일드울프,239,4
1201,e609ed30-64af-11f0-8b02-21e8a51b3133,김문조,239,4
1201,79ee3e70-62fd-11f0-a53e-f720860fcc8a,아이동노우,239,4
1201,687a2ba0-6400-11f0-83ae-cb0d7c1d5c99,장덕운,239,4
1201,633b6350-67ea-11f0-966a-9ddfc9fc7a33,Regret,239,4
1201,630a4800-69e9-11f0-9ccf-efc03aeeda2b,마버,239,4
1201,20ad29f0-63c2-11f0-9353-8773ba2d9d98,쪽쪽,239,4
1201,0f086150-63a0-11f0-b91f-cbca55a9af76,선덕여왕,239,4
1210,f7ee1ea0-6567-11f0-9d38-0b8ee5de6a97,구찌독,238,4
1210,ee152b60-6488-11f0-9e55-714c36f08739,망망곰,238,4
1210,ee039bc0-62b2-11f0-a53e-f720860fcc8a,보리보리피쉬,238,4
1210,e2b95ea0-626a-11f0-bcbb-714564b525f4,빠각,238,4
1210,de37bde0-662a-11f0-96fa-990fd0c2f326,이순신러블리,238,4
1210,d83d40f0-6264-11f0-9eb5-cf396344702c,레이세포,238,4
1210,cf761921-6957-11f0-9c6c-658573885763,쿼카왕,238,4
1210,c0aac260-61fa-11f0-82d0-c9e26b974f8f,츄딱이,238,4
1210,bcaf61e0-6568-11f0-b809-bf36f19a2b49,현상,238,4
1210,ba462fc0-6418-11f0-83ae-cb0d7c1d5c99,희망아빠,238,4
1210,afe743d0-635e-11f0-9eba-319c3c5b72eb,하람온,238,4
1210,aa155e40-650e-11f0-b0f9-9b13bf283379,매운맛루이,238,4
1210,874e99c0-6708-11f0-8f88-4583aca29e09,늄이훈이,238,4
1210,7a6b8c40-63e3-11f0-8ce7-05e1fc9cefd2,사큐니,238,4
1210,542ada30-6493-11f0-829b-d50781ca76af,썩TV,238,4
1210,25a38710-6548-11f0-8b28-e3440b81a048,한겨르,238,4
1210,15756040-6523-11f0-b680-9f79dc5e9212,보틀아이언,238,4
1210,0af615c0-6603-11f0-a41e-0df3579756f2,쩡아,238,4
1210,018b01a0-65f7-11f0-bbf5-0d033e32387c,mozi,238,4
1229,f5407560-6457-11f0-8f1e-9b9f4436b281,류슈,237,4
1229,d8d5bd60-66b7-11f0-bbca-cb910a6526e3,초복중복말복,237,4
1229,cee51830-620e-11f0-8954-d1ddcca9d272,루카스o,237,4
1229,caf10500-645b-11f0-8670-973d055b2505,월급쟁이,237,4
1229,ab274830-6305-11f0-b7c2-5907d7ac5d60,염살,237,4
1229,a87b1140-6434-11f0-a580-6783cb326665,정코,237,4
1229,a45c8e40-64b6-11f0-b32d-59569cefb935,운이,237,4
1229,87815970-645e-11f0-a72c-e970bf999ff4,대황족,237,4
1229,6800f9b0-65d1-11f0-84dc-91a30a0d5f30,아이디이이,237,4
1229,63e44250-683e-11f0-9187-bfb76cd46158,하이파파,237,4
1229,61be7480-63fe-11f0-89c3-81bc4ed5aa4e,이나코스,237,4
1229,613d7100-6377-11f0-baf4-f589a09d6246,원탑,237,4
1229,5b2597f0-66cb-11f0-9f9c-c5bc1e831156,모르는개산책,237,4
1229,5ab057d0-6421-11f0-bcbf-2b7f0b4e55b1,이로운,237,4
1229,576fc3a0-6712-11f0-b5ef-256ef5681107,기리보이,237,4
1229,424b05b0-6574-11f0-b5ae-9f72a71a5588,긔긔,237,4
1229,3a83aa00-6248-11f0-a7b6-cf18c18dd85f,둘리당,237,4
1229,356eb1c0-66eb-11f0-b123-954f9eeb1a6c,부여인,237,4
1229,21ebb3d0-6256-11f0-b130-5f322495df6f,등이,237,4
1229,12711900-64b7-11f0-a2c0-87ada2bfe11c,자무영,237,4
1249,fec103b0-678c-11f0-96a3-63b92fc00f1c,Clesis,236,4
1249,fadf2530-63d4-11f0-b0c8-0be5c747fc57,료라이,236,4
1249,f929c7b0-640e-11f0-877d-c952436514c7,망기,236,4
1249,ec346140-66a8-11f0-9e29-bb739ed9109b,사삭,236,4
1249,d15dfed1-679d-11f0-8ed0-55df2077ceb7,WISL,236,4
1249,ca7b4890-6386-11f0-8d2d-4d6084f1848f,김아싸,236,4
1249,c9f49010-624c-11f0-a510-196fe281bbd0,닝기밍,236,4
1249,bedb0870-648c-11f0-bbfe-0d14bcd852b5,때바기,236,4
1249,be947730-6297-11f0-bcbb-714564b525f4,현듀야,236,4
1249,bbd7a130-6444-11f0-b0d3-514122d47fb8,vlasim,236,4
1249,b79192a0-64be-11f0-a86e-7f2234cb4437,플딱아재,236,4
1249,ab7acff0-62c4-11f0-a89f-3182c3b8adb5,오월이,236,4
1249,9fea50a0-63b1-11f0-9b10-25f9ca8a7a53,백캐노,236,4
1249,9b566b60-6216-11f0-9b80-6dacbd1dec23,김옹졸,236,4
1249,95324fa0-6230-11f0-8954-174f550c9ed3,원천이,236,4
1249,951837f0-64a1-11f0-ac20-8734dac19833,로동,236,4
1249,92cecaa0-62d4-11f0-a655-3f20d48333c3,뺌딘,236,4
1249,8e877d50-642f-11f0-9a44-37c9035ed3bc,이차돈,236,4
1249,89d482d1-65bf-11f0-bf97-2123285fe52f,냠냠콩떡,236,4
1249,87f16cb0-63d7-11f0-b0c8-0be5c747fc57,심바군,236,4
1249,7deda780-695c-11f0-86e2-d3a55f318685,아비라파,236,4
1249,70956850-675b-11f0-a386-69fc3cb7a7b7,빼꼬,236,4
1249,6c2cc420-67b5-11f0-afc8-fb52a6b9a507,복규,236,4
1249,5f0ee4d0-6251-11f0-9389-bdd3075e1ab8,뭐냐공,236,4
1249,5bccc380-66c2-11f0-8fbf-0fdd93624d2c,후닝,236,4
1249,581f58d0-6215-11f0-abc2-914425398299,이시안,236,4
1249,5584c260-65e7-11f0-ae82-f5fbeed77579,골잽이,236,4
1249,4a974330-644a-11f0-ba26-c559d1541584,월영풍,236,4
1249,3e40eb10-6664-11f0-8f92-d7ff59d3edcf,목이,236,4
1249,3db2b030-66e5-11f0-b905-616e286946a4,시롱,236,4
1249,3cde9f10-624a-11f0-8731-517e16b3676b,남붕이,236,4
1249,36cda840-64f8-11f0-920f-d9bd8a2a820c,의천대협,236,4
1249,35138120-6474-11f0-a1b2-b796bafb6345,클린하자,236,4
1249,318f77e0-631e-11f0-8073-6be2e6b2a0c4,로디악,236,4
1249,2f703cf0-6635-11f0-8157-83c241bc6c35,지앙이,236,4
1249,2d5b6700-64d2-11f0-920f-d9bd8a2a820c,킹린,236,4
1249,2b872390-625e-11f0-aa52-cb1cb28881c2,누루리,236,4
1249,1e0d7b80-6504-11f0-ad80-bf5616b7c1de,간지크리,236,4
1249,0c0c9890-63c3-11f0-a06c-a18ad4eb2f25,스타틴,236,4
1288,f9a5fb90-668a-11f0-8d91-67464caa9884,시냉이와의하니,235,4
1288,b3f549a0-636c-11f0-afc6-811bae5953d1,주영,235,4
1288,aed335a0-6799-11f0-8310-8370146853a0,두두부부,235,4
1288,a8a8e5c0-6439-11f0-93a4-af3680a69719,까만차,235,4
1288,a4cb5f00-649d-11f0-a845-496ab271568b,허주네,235,4
1288,8a76a8c0-651b-11f0-ab3b-9d4ed9be40b9,HANALL,235,4
1288,690bc650-67bb-11f0-8095-01730df73963,알파카,235,4
1288,5c7dd650-6499-11f0-aedf-55b71a55f5ce,곰아저c,235,4
1288,5c0e9ac0-621d-11f0-9b80-6dacbd1dec23,감자샐러드,235,4
1288,3928cd70-6644-11f0-81af-5b0af15a39e7,순간의실수,235,4
1288,1aded270-64a4-11f0-829b-d50781ca76af,오우키,235,4
1299,fa50d4b0-6802-11f0-9069-eb268d57af69,판진,234,4
1299,f6e29710-636f-11f0-899c-ed58ed9d92cb,도오페구케,234,4
1299,f5a3e280-62e0-11f0-8e55-53f16de9a7ce,처벌자,234,4
1299,ec00ef90-6252-11f0-9389-bdd3075e1ab8,ragra,234,4
1299,e3761a30-6473-11f0-a1b2-b796bafb6345,민벤져스,234,4
1299,dbd66740-6517-11f0-998d-6361b2224259,닉네임99999,234,4
1299,b242cea0-64e0-11f0-920f-d9bd8a2a820c,샤보루코딱지,234,4
1299,aa90ef50-675d-11f0-b418-83c133a430b5,행수,234,4
1299,a621a920-64fe-11f0-846f-13edae8f7606,hansaco,234,4
1299,9d91b9b0-6569-11f0-94e1-9148d7950b64,쭈꾸쭈꾸,234,4
1299,9ac08510-6468-11f0-baaf-45c3a00048ee,난세의다미,234,4
1299,75fd0ef0-642d-11f0-9a44-37c9035ed3bc,여고여신,234,4
1299,75e2ae10-64ba-11f0-a6aa-35aaf5473bd5,망아치,234,4
1299,6e5a0f60-64cb-11f0-8e19-d582151aa249,쪼마꿍,234,4
1299,6d9d7890-643b-11f0-99c8-7b44769d223b,현돌,234,4
1299,66d94cf0-65ad-11f0-adab-e3842e797e8d,구몽,234,4
1299,5c1cf180-6621-11f0-ba0e-5d9d6daabc7d,몽클,234,4
1299,412c8cf0-642d-11f0-877d-c952436514c7,흑미,234,4
1299,3d63cd10-6499-11f0-b5c8-a523170b964a,만두네물만두,234,4
1299,23971300-638c-11f0-a907-81cd7bb106e2,히야신스,234,4
1299,16c782e0-687d-11f0-a557-63284acb0ec6,순신좌,234,4
1299,155d8c90-6230-11f0-b293-3b55fd722626,인덕원사거리,234,4
1299,152fa2c0-6475-11f0-934d-3b333a678e8e,하늬바람,234,4
1299,091e6a20-6443-11f0-acf4-5782929cd297,곰맛,234,4
1299,05b4c5b0-62f8-11f0-a53e-f720860fcc8a,강남,234,4
1324,f477da50-672d-11f0-924a-215eb8d4d8f2,라윤대,233,4
1324,ee192ee0-631b-11f0-873a-61e5585b494a,지끈,233,4
1324,dfe07090-6645-11f0-83c8-df80587bdcb4,귤귤귤귤,233,4
1324,de08e760-6777-11f0-a4ec-690d7582a6d9,안양초불주먹,233,4
1324,d35adf50-6202-11f0-a77a-69332516d48a,김근육,233,4
1324,d24eb020-62aa-11f0-a53e-f720860fcc8a,킴부장,233,4
1324,ce7c57f0-6506-11f0-b0f9-9b13bf283379,승술,233,4
1324,af813de0-6923-11f0-bb85-e56e3f9b33fd,조너,233,4
1324,ac6840a0-649a-11f0-a470-3b5290ad38d8,악오,233,4
1324,abf6af70-63b0-11f0-8d07-390a61232108,2사단장,233,4
1324,a6aebf60-6529-11f0-b600-494f6532820c,힘내자화이팅,233,4
1324,99ec4a50-66c7-11f0-9bdd-e11867fc3a11,캡틴용박,233,4
1324,77ae0240-6388-11f0-842b-a1e5e2f54197,삼성,233,4
1324,57dfef50-677a-11f0-958a-a1ef21446339,구아바,233,4
1324,536467b0-688a-11f0-842e-1102f79f3af5,다이스,233,4
1324,4f935d00-651d-11f0-9ac8-815504da4b66,무을무을,233,4
1324,4f04e6b0-6630-11f0-8157-83c241bc6c35,둥장,233,4
1324,3af0ade0-635f-11f0-ba6d-31d76c70e10b,하성,233,4
1324,25358990-6575-11f0-8116-e7726e919298,영차,233,4
1324,1522abb0-63cb-11f0-aab1-5f3bbe175c3e,비온느,233,4
1324,0cbd6c70-65fc-11f0-9062-7f2656b29c8c,쮸아해요구독,233,4
1324,082db5a0-6450-11f0-8944-5327091948db,ziggy9,233,4
1324,01c44d10-62b5-11f0-839f-d97137a128f6,이재명죽음,233,4
1347,f610e220-64c2-11f0-abac-67a696be1328,월명참,232,4
1347,f4198e70-62df-11f0-a53e-f720860fcc8a,은가누,232,4
1347,f1fe0eb0-6904-11f0-80eb-f900f5737d4b,뉴비응애,232,4
1347,dbe82c51-669d-11f0-850c-5560f809d922,밍글이,232,4
1347,d42b7e40-654e-11f0-aed2-e9684f688284,하늘나그네,232,4
1347,c5ed01a1-6238-11f0-a73e-efd8221a47bb,제왕,232,4
1347,c3f69df0-64ab-11f0-9bf2-63ae72168245,찌노,232,4
1347,b7ca2fd0-64b3-11f0-8ec1-3f30537f594b,두박,232,4
1347,b5995f20-67be-11f0-a86b-6be161d85452,까넬,232,4
1347,b36e84d0-668a-11f0-8b65-97eb249c79b0,굿고기,232,4
1347,b21568e0-6326-11f0-9a9d-576877acc917,침착한,232,4
1347,a99e5ed1-65e5-11f0-a6f7-8bc0c0cde148,메나큐,232,4
1347,a92b9290-6713-11f0-a4d3-9b71158f6d4d,동구밭,232,4
1347,a4c168f0-6516-11f0-998d-6361b2224259,심심한걸,232,4
1347,9963f050-652e-11f0-a768-59219107ad21,달군,232,4
1347,91d997f0-6352-11f0-ba6d-31d76c70e10b,초코국밥,232,4
1347,90b12ec0-694b-11f0-9867-bd921e23f0c2,승환표류기,232,4
1347,878a36c0-6324-11f0-81ef-678ce95562b1,초코아,232,4
1347,5f2605d0-6921-11f0-9489-df1a9dcf8e7b,허세이돈,232,4
1347,58355e30-644c-11f0-bfa2-af41fddaac3d,혜공,232,4
1347,4f5232d0-6400-11f0-877d-c952436514c7,CD용,232,4
1347,4f2fcdc0-623f-11f0-b5d1-897b54eb0973,불주멍,232,4
1347,4c7f7520-638f-11f0-9730-63c2972c2599,로빈홋,232,4
1347,476b1500-6504-11f0-998d-6361b2224259,피엔나리,232,4
1347,4246d690-669e-11f0-850c-5560f809d922,카라멜,232,4
1347,3feb9230-68f3-11f0-b6e5-1f4abc2a195f,rubidu,232,4
1347,3c156090-6548-11f0-81eb-8fc9130a5d40,새드나,232,4
1347,3539bc40-624f-11f0-8535-59b53ff152b7,스크류펀치,232,4
1347,33554a60-6769-11f0-bdc9-3540d1490bd2,확씨,232,4
1347,20a8a360-6441-11f0-95eb-5dc11fa524e5,응잇,232,4
1347,16b1b1a0-6764-11f0-ad79-9379ac052147,베사,232,4
1347,12ed58d0-6291-11f0-adc6-455e8908a1ee,밤이가대장이다,232,4
1347,0c3dfec0-64f5-11f0-846f-13edae8f7606,꾸꾸83,232,4
1347,0a442bc0-650f-11f0-998d-6361b2224259,그런,232,4
1347,04e25090-69f5-11f0-9adb-01ec0e539aaf,바치,232,4
1347,023efe50-6505-11f0-b1a9-958a22a1783c,오이당근,232,4
1347,01fdbee0-67df-11f0-8812-73bb8ef7c9b8,내안에이무기,232,4
1347,00b5a2e0-63cb-11f0-99a0-f791fadc47f8,곤뇽,232,4
1385,fb805240-6779-11f0-958a-a1ef21446339,도동,231,4
1385,e41130b0-68b0-11f0-b6e5-1f4abc2a195f,양호두,231,4
1385,e29f9a40-673a-11f0-a25c-47a5a693b30a,문장식,231,4
1385,d7ad0a80-64b7-11f0-a6aa-35aaf5473bd5,또르망,231,4
1385,d0f12220-676f-11f0-a56e-350f62dee2d1,벼리하니,231,4
1385,ceba3c90-629b-11f0-992c-c359ebc07fd1,쏘야남편,231,4
1385,ca925010-67c5-11f0-8950-bdea43be77e8,용용이다,231,4
1385,c6101780-638c-11f0-9d16-bb143e847efe,초보할래,231,4
1385,bf0865a0-63be-11f0-a7e3-7b406ef3e8c7,땡매기,231,4
1385,bdb018a0-646e-11f0-9929-49fcfc223a08,장규리열혈팬,231,4
1385,a6c3bb50-6226-11f0-9b80-6dacbd1dec23,뉴비너,231,4
1385,9dc04d50-6304-11f0-a267-6f822e3259c1,선잽,231,4
1385,996253a0-66e4-11f0-9850-37a4c1487cca,아무거나함,231,4
1385,96474ca0-6231-11f0-8510-f70fc2d13c3b,김규선생님,231,4
1385,941f2a20-62ad-11f0-bcbb-714564b525f4,월치스,231,4
1385,8938ca41-645a-11f0-ae17-6fdd4e1dac80,흥신,231,4
1385,873137a0-64a0-11f0-a845-496ab271568b,불타는불곰,231,4
1385,7b196a50-64a5-11f0-8dc2-b1d7780ea280,민영,231,4
1385,74ea97b0-6655-11f0-8157-83c241bc6c35,디앙카,231,4
1385,74d78aa0-66b2-11f0-bf26-fbc3a0b40f08,휘이잉,231,4
1385,7490b030-654a-11f0-81eb-8fc9130a5d40,오련,231,4
1385,70b001a0-665d-11f0-8a1d-5dcee97d710d,달데시마,231,4
1385,6ced6bf0-629a-11f0-bcbb-714564b525f4,장동민,231,4
1385,6c6f4fa0-6208-11f0-abc2-914425398299,하드캐리,231,4
1385,663972c0-63a5-11f0-b91f-cbca55a9af76,밥도둑,231,4
1385,650019a0-624b-11f0-ad06-05cd7d1d0a6e,투요,231,4
1385,635212b0-62d3-11f0-b252-a1a047cc5cf1,강세,231,4
1385,5122cf30-65e4-11f0-8afb-9767d055c78a,요로롱도로롱,231,4
1385,5079ba20-6635-11f0-8157-83c241bc6c35,쫑하,231,4
1385,42f93e40-686d-11f0-86da-d79ffde00deb,히키,231,4
1385,420e2bc0-678d-11f0-96a3-63b92fc00f1c,궁디표류,231,4
1385,400cb550-643e-11f0-95eb-5dc11fa524e5,난세이,231,4
1385,3bad5120-6562-11f0-b1ff-8143ab55f922,풍륜,231,4
1385,38a90750-622c-11f0-b912-9b874d01aab6,시아짱,231,4
1385,368982a0-6561-11f0-844a-4f48097dc8d0,랜디,231,4
1385,30fdcdd0-6711-11f0-b7af-eb434023a3d9,fudy,231,4
1385,2eda59b0-62c0-11f0-b78d-9fbbdf7f23fb,애마,231,4
1385,2d04d730-69e3-11f0-9416-6d61d44d7bd3,그루터기,231,4
1385,2cc208a0-648f-11f0-b749-97e97e025ce2,히뇽이,231,4
1385,2745b970-6779-11f0-ab88-a5c9739f629f,이카크카,231,4
1385,23e0ae10-63ab-11f0-9e98-299d606b6be2,홍두깨,231,4
1385,1e597170-652c-11f0-a092-cfb4e8946e57,진첨지,231,4
1385,1cffdd80-620e-11f0-8954-d1ddcca9d272,bpjr,231,4
1385,17c549d0-65ca-11f0-af10-4794d1b8d834,공동,231,4
1385,149d0c20-6aca-11f0-9ebc-25f4c2b0a5e6,비루,231,4
1385,12bafb70-6484-11f0-b3b1-35f5cfd9e323,광개토대황제,231,4
1385,0d7173d0-65f4-11f0-a8fa-07a7a430d61c,국사형,231,4
1385,073eb9d0-6655-11f0-8157-83c241bc6c35,제육,231,4
1433,e29b8990-642f-11f0-877d-c952436514c7,미소사이,230,4
1433,d831d980-6639-11f0-96fa-990fd0c2f326,빼빼로,230,4
1433,cb813b60-67ae-11f0-a23d-0315df37054e,헬롱,230,4
1433,c3ab30b0-6756-11f0-924a-215eb8d4d8f2,소시미,230,4
1433,b8d2e9d0-62dd-11f0-8567-d9cb9900f794,뭡니까지금,230,4
1433,b5429c50-67ad-11f0-aed9-e7219e4530ad,버들화니숲,230,4
1433,a5e2a300-63fb-11f0-877d-c952436514c7,갑뿐싸,230,4
1433,a3c329e0-6244-11f0-9b9e-13c7a7dd6c88,은개,230,4
1433,99eaafa0-65f6-11f0-ad59-4bc393021a26,몽키K,230,4
1433,9109aaf0-6559-11f0-b3f0-412c1cd1201f,술재이,230,4
1433,8ff7e150-622e-11f0-bdb7-819f1f98ca98,고양이털,230,4
1433,86f307e0-6479-11f0-9203-95da192fe506,정글나라,230,4
1433,83080d00-67e5-11f0-a5ea-a9c52b751084,슈룹,230,4
1433,6d8ba630-64a7-11f0-a231-37ac1ad01c02,치코리타,230,4
1433,6a9710a0-63de-11f0-b6e0-95710897614e,휘인,230,4
1433,68137d10-62ac-11f0-b78d-9fbbdf7f23fb,천마화룡,230,4
1433,5e2bdb70-692e-11f0-b635-5360f70da444,봉기,230,4
1433,59363950-6481-11f0-a086-85e9f4d94fe9,Memory,230,4
1433,56e64f51-6454-11f0-baaf-45c3a00048ee,위인전,230,4
1433,41060ea0-669d-11f0-a8c0-a96b3c973cc3,리적헝,230,4
1433,3d9288e0-6312-11f0-b4ac-230641ea7477,dttttttt,230,4
1433,386dd750-63d2-11f0-bb86-97bdb11e4eed,체마,230,4
1433,25fdca00-6461-11f0-baaf-45c3a00048ee,쫑이염,230,4
1433,17ee4030-6249-11f0-a510-196fe281bbd0,단초,230,4
1433,063179e0-6373-11f0-ba6d-31d76c70e10b,개냥OI,230,4
1458,fe94fe30-64b9-11f0-a8b2-13458b8aee05,화나는수달,229,4
1458,faf992a0-6332-11f0-ba6d-31d76c70e10b,깐세,229,4
1458,f30b3890-63d8-11f0-9a87-810a40a679fa,스킨,229,4
1458,e63a0820-63a2-11f0-946e-33914717b047,Aespa,229,4
1458,e13b27c0-6396-11f0-929e-756b01201a20,우는남자,229,4
1458,cf093370-671b-11f0-a3d4-43ebc2e41e55,요미용,229,4
1458,b9d940a0-679b-11f0-aed9-e7219e4530ad,짜장면표류기,229,4
1458,b60a0980-6685-11f0-a2f7-5f4107859a90,두두두두,229,4
1458,b0ecfbd0-6552-11f0-a8f6-b9ccbcdd6c19,일단넣을게,229,4
1458,a69cb3d0-6572-11f0-9b02-9934e4aaee80,깍두기처럼,229,4
1458,a30ff0e0-65f1-11f0-b07a-3f86ba6af1de,바나나킥,229,4
1458,734190b0-63e6-11f0-8ce7-05e1fc9cefd2,지영이꼬,229,4
1458,726c4360-6567-11f0-94e1-9148d7950b64,푸응,229,4
1458,6adf5020-63d1-11f0-b0c8-0be5c747fc57,유지노,229,4
1458,58f2a2d0-621f-11f0-9b80-6dacbd1dec23,피카피카,229,4
1458,50ba0740-67d1-11f0-aa0e-8137dd32d9f9,쵸코,229,4
1458,4d6a64b0-62bb-11f0-a53e-f720860fcc8a,귀염지우,229,4
1458,472c84b0-63ac-11f0-9e98-299d606b6be2,윤율,229,4
1458,465fb0d0-66b7-11f0-a7ca-6365d3928809,루복치,229,4
1458,43541910-6286-11f0-ba61-57b32c8fdcaa,위스퍼,229,4
1458,3eb61670-6203-11f0-98fa-57d304879aab,한서연돼지,229,4
1458,3b8529b0-6333-11f0-9eba-319c3c5b72eb,모리터,229,4
1458,3afcbec0-68e4-11f0-acc6-9fa957ae20ea,평양성,229,4
1458,37209cf0-6208-11f0-abc2-914425398299,엽기곰,229,4
1458,2248fe80-6555-11f0-a37f-b346b9412b7f,클라이벗,229,4
1458,152c37a0-6486-11f0-bbfe-0d14bcd852b5,원작가,229,4
1458,0b670e60-6342-11f0-ba6d-31d76c70e10b,미노브,229,4
1458,03e71c20-678e-11f0-8310-8370146853a0,이즈니,229,4
1486,f4668a80-64e3-11f0-846f-13edae8f7606,신숙주,228,4
1486,f33d5890-66ab-11f0-8cad-77b80077cb64,기본금,228,4
1486,efd9fdb0-6508-11f0-ada0-5d42ab9007c0,안녕이라고말,228,4
1486,e839ca80-6478-11f0-934d-3b333a678e8e,토리9,228,4
1486,e4c10e50-6774-11f0-958a-a1ef21446339,2an,228,4
1486,ddc3f0e0-631e-11f0-8900-17942e280829,신유하개병,228,4
1486,dcd47a80-6510-11f0-8350-2bfe2b1cf2f9,냥이전설,228,4
1486,cfc09c50-62d8-11f0-94b8-25e3454935ad,wooyas,228,4
1486,cea51ab0-68ed-11f0-9b1e-4186ee633c19,최중기,228,4
1486,ce1abd41-6314-11f0-a53e-f720860fcc8a,뚜뚜이,228,4
1486,cce2e710-62f4-11f0-a53e-f720860fcc8a,란세표,228,4
1486,cb802930-64a9-11f0-b557-b9d4a65b18c9,우와아앙,228,4
1486,bba507c0-64ad-11f0-a8b2-13458b8aee05,손아섭,228,4
1486,b7657450-6323-11f0-9893-d3e5bd7215a6,일등,228,4
1486,ad76bfc0-63b0-11f0-bbdf-4720f039de06,털숩,228,4
1486,a41e4e20-64f5-11f0-89c4-91955faa19a3,귀사천,228,4
1486,a08cbe70-665f-11f0-8bf6-afeec62e00c0,스멜,228,4
1486,99d8f970-62e2-11f0-a9e2-bd6cd50a5a78,E우주,228,4
1486,8b221780-699b-11f0-86e2-d3a55f318685,민서은서아빠,228,4
1486,83791aa0-61cc-11f0-aa13-d7987cc1b26e,유하탱,228,4
1486,82c906c0-65f9-11f0-804e-c557b5379eb6,리오성,228,4
1486,7a63e2a0-6308-11f0-9441-91de06446db4,도채,228,4
1486,722530c0-63d1-11f0-a9da-8b915b889dd4,하얀날개,228,4
1486,68dc1c10-67c1-11f0-ac79-bd0f37322c34,무식한놈,228,4
1486,67600171-6231-11f0-bbfd-8564365ef7ff,반씨,228,4
1486,5d7b8a70-67be-11f0-9087-f9ad8d76b235,의자의자,228,4
1486,59d0f7b1-644a-11f0-ba26-c559d1541584,슬범,228,4
1486,5920ff80-6635-11f0-8157-83c241bc6c35,아제발,228,4
1486,568a6d00-65af-11f0-9b02-9934e4aaee80,블레스,228,4
1486,3e537390-63f1-11f0-89c3-81bc4ed5aa4e,느시,228,4
1486,3b488320-6847-11f0-a736-0315241e3fd2,상콤쏘쥬맛,228,4
1486,32822200-632e-11f0-ba6d-31d76c70e10b,kfnel,228,4
1486,2d00a400-6239-11f0-a73e-efd8221a47bb,히야앗,228,4
1486,1c6229e0-63ae-11f0-8944-41389033f614,독신귀족,228,4
1486,18061be0-64e4-11f0-89c4-91955faa19a3,순대당,228,4
1486,0e4e36a1-6430-11f0-9143-05b731683243,오겡끼데스까,228,4
1486,0e272870-63f5-11f0-8ce7-05e1fc9cefd2,그날,228,4
1486,08c27850-6781-11f0-bf08-6be28b2f5825,hoone,228,4
1486,075c2970-647f-11f0-8bb8-9d3a036b97f2,엠피,228,4
1486,06a4a260-6294-11f0-8a96-8501f3dd5a73,여소율,228,4
1486,0400f2e0-64b3-11f0-a114-45daeb868052,카리어스,228,4
1486,02cd9990-6590-11f0-a60e-1997edb5530b,로빼이,228,4
1528,fa3d13e0-6829-11f0-9761-51cebb951ef6,로즈베리,227,4
1528,f60b4340-6406-11f0-bcbf-2b7f0b4e55b1,검과방패,227,4
1528,f2265540-6374-11f0-9184-f1e5be257b4f,배릴,227,4
1528,e74daba0-650e-11f0-8346-ad6f1bb735b2,카이젤화이어,227,4
1528,defa73f0-64b1-11f0-b9c1-735c4e167b9f,사몬,227,4
1528,d8d7abe0-6638-11f0-8157-83c241bc6c35,yiseo13,227,4
1528,d6d7fcb0-6245-11f0-9687-5b0010e0eb4f,소바비,227,4
1528,cc7ec940-6832-11f0-95d9-cb40036bb5ef,마스엘,227,4
1528,cc6d7251-654c-11f0-9bfa-fbe46a729beb,신죠오사사게오,227,4
1528,c97db930-644b-11f0-b3d6-0f89e1a2d28e,박존슨,227,4
1528,c5737c90-6922-11f0-a1de-d56c01849062,신선생,227,4
1528,baaeb200-68ac-11f0-b6e5-1f4abc2a195f,달구,227,4
1528,b5ad5760-624f-11f0-a7b6-cf18c18dd85f,BAZINGA,227,4
1528,b3244a90-6839-11f0-b67b-53511e47b780,김문성,227,4
1528,b1860c80-62aa-11f0-9c35-45ef6a487d5b,진즈좌,227,4
1528,acfdabc0-676c-11f0-9b61-574cb02d2c3e,하누크,227,4
1528,ab27fad0-625d-11f0-ba61-57b32c8fdcaa,탕탕너구리,227,4
1528,a831cb20-63a3-11f0-b630-4f8dc5617c79,교수양말탐낸도비,227,4
1528,a753b3c0-64ee-11f0-998d-6361b2224259,수피아,227,4
1528,a4616b50-6429-11f0-89c3-81bc4ed5aa4e,모리아티,227,4
1528,a2ca96d0-656a-11f0-b809-bf36f19a2b49,반달,227,4
1528,a0bd7200-6839-11f0-9187-bfb76cd46158,예츠,227,4
1528,a02a9170-6252-11f0-9389-bdd3075e1ab8,외교관,227,4
1528,93294220-69e4-11f0-9416-6d61d44d7bd3,최쿠로,227,4
1528,81d7c6b0-691f-11f0-9163-9b37cd4f63ff,기동대,227,4
1528,7b7b9720-661c-11f0-af0d-077471ee5827,다용도,227,4
1528,7b660160-63ad-11f0-9e98-299d606b6be2,달구벌,227,4
1528,6b99ee50-61f4-11f0-ada3-974eb5fd3243,갈비냉면,227,4
1528,67ba6fc0-697f-11f0-a923-f3bcf759ab67,또잉따잉주,227,4
1528,64b2fad0-639a-11f0-929e-756b01201a20,날아라둥이,227,4
1528,62fa8ad0-64aa-11f0-829b-d50781ca76af,채린,227,4
1528,61d0b2c0-62e7-11f0-a53e-f720860fcc8a,구룡리간지김민욱,227,4
1528,613bde30-63d6-11f0-9eff-05b5a7fdbe0a,kyde,227,4
1528,60a1c700-6458-11f0-8df0-a9be6ca1bee2,진구영,227,4
1528,599b73a0-6559-11f0-9028-6d8f473a814e,시흥동피바라기,227,4
1528,4dcb8b90-64ec-11f0-998d-6361b2224259,유도,227,4
1528,4db25680-64a5-11f0-9c5a-4d7fccdae4d8,전자기,227,4
1528,4dab2510-63a9-11f0-b630-4f8dc5617c79,간파열,227,4
1528,4cd6fb30-6464-11f0-baaf-45c3a00048ee,부서지리라,227,4
1528,4c4b6e00-688b-11f0-a0e9-5d846571bf1a,테슬라곱버스,227,4
1528,46145b30-6810-11f0-bb71-090a139da64b,감수성,227,4
1528,43fdbe20-683a-11f0-9187-bfb76cd46158,지쳐잠든나,227,4
1528,3f6b76d0-643f-11f0-95eb-5dc11fa524e5,단합,227,4
1528,3da9b960-631d-11f0-873a-61e5585b494a,강꿈치,227,4
1528,3409a860-683c-11f0-b67b-53511e47b780,변호찬,227,4
1528,2dc3e710-6475-11f0-a1b2-b796bafb6345,브론박,227,4
1528,2d5786b0-6272-11f0-9eb5-cf396344702c,난세한국사,227,4
1528,2c91c360-63eb-11f0-9996-537761cc5624,쮸아빠,227,4
1528,21eaef70-6325-11f0-b4da-37de076ab8f7,양이야,227,4
1528,1b9c8d80-61cd-11f0-beae-51fdaef79f72,gonyu,227,4
1528,17219590-62f2-11f0-971e-0d9306189309,wmk,227,4
1528,0b9ff480-682b-11f0-9761-51cebb951ef6,깐수,227,4
1528,09a517d0-688c-11f0-9d2f-d121b1a2f834,austin,227,4
1528,05b8cc30-63db-11f0-9b30-bfc50fd617fd,한국사일타강사,227,4
1582,f2f589f0-6365-11f0-9145-a52c50a03179,쭌따코,226,4
1582,ef7ed2e0-670c-11f0-a4d3-9b71158f6d4d,삼두부,226,4
1582,ef04ff20-68a5-11f0-b186-afce3bc6e21f,앙씨,226,4
1582,e9110eb0-626a-11f0-bcbb-714564b525f4,슬애기,226,4
1582,e90b6400-64c8-11f0-9300-1fcd0f2ef663,은불킹,226,4
1582,e894b280-657a-11f0-9f25-1147ddd387e8,나가노메이,226,4
1582,e63033b0-64cc-11f0-998d-6361b2224259,노리치민히,226,4
1582,e509d4f0-64f4-11f0-998d-6361b2224259,물고기,226,4
1582,dea54840-6523-11f0-8799-a56030339d38,o그래o,226,4
1582,d335c640-6593-11f0-b772-ef8c8999ed1d,이현석,226,4
1582,d0abc820-6895-11f0-a319-93820cd0c018,노루어디가,226,4
1582,cbed5030-6528-11f0-b600-494f6532820c,이하,226,4
1582,c54e4da0-6259-11f0-9eb5-cf396344702c,시간속으로,226,4
1582,c4cc3df0-6ac0-11f0-b02c-d5017a532635,스과,226,4
1582,c0dde8e0-66f3-11f0-b7d1-03874ae5942e,네대로,226,4
1582,bec4bbe0-653d-11f0-97bf-e59a2053b9f6,히스토리희,226,4
1582,bdb8cbe0-65c6-11f0-bf97-2123285fe52f,스이류,226,4
1582,bc326820-6775-11f0-bd54-59b9d0a8a108,국사심,226,4
1582,bbeeea30-647a-11f0-9219-f9e5d8ffaccf,두부집사,226,4
1582,b27ce2e0-650b-11f0-a008-3d1038308b91,라쿠,226,4
1582,b1356760-677f-11f0-bf08-6be28b2f5825,대니팬텀,226,4
1582,b06c0600-6323-11f0-9d30-a1884d59ed55,아키여,226,4
1582,af27cea0-6251-11f0-8535-59b53ff152b7,Lggu,226,4
1582,ae246d50-67c0-11f0-9087-f9ad8d76b235,개스날리쉬,226,4
1582,ae2130b0-6499-11f0-829b-d50781ca76af,보돌,226,4
1582,ae1c2860-652d-11f0-a768-59219107ad21,지금여기,226,4
1582,a992a7a0-6a1a-11f0-9ccf-efc03aeeda2b,왈도,226,4
1582,a6667230-66de-11f0-840e-61726e6f3613,진화론,226,4
1582,a53735a0-649c-11f0-90f2-efb4d5ac17d9,쑤악쓔뤼,226,4
1582,9ad4bfa0-6484-11f0-a086-85e9f4d94fe9,버기,226,4
1582,9806ccd0-6698-11f0-ba90-31fb5fd677bf,먼밍,226,4
1582,956dcdd0-64a8-11f0-b5c8-a523170b964a,애햄,226,4
1582,945b91f0-6220-11f0-bbfd-8564365ef7ff,박문추,226,4
1582,92866fc0-68a2-11f0-917f-110c7b7d9396,내왕이될상인가,226,4
1582,8b57a1f0-63b2-11f0-8789-375ece2eb98d,도브,226,4
1582,891e0df0-694a-11f0-8de9-07aeffed770b,라이터,226,4
1582,761780e0-6221-11f0-9813-b7579b20c221,우리는어텐션,226,4
1582,68333150-64e1-11f0-920f-d9bd8a2a820c,왕여,226,4
1582,66753bd0-646c-11f0-9929-49fcfc223a08,시우와랑,226,4
1582,5af33ff0-63ef-11f0-89c3-81bc4ed5aa4e,예니빵,226,4
1582,59d331e0-693d-11f0-bd01-4f9a91cb3d54,반늬,226,4
1582,50c32d00-6305-11f0-b7c2-5907d7ac5d60,더연,226,4
1582,4f9c8830-66f3-11f0-b905-616e286946a4,위키드갱,226,4
1582,48d3a5d0-637c-11f0-b1cc-5d67dd7777cf,챰퐁,226,4
1582,469d3880-62a5-11f0-bcbb-714564b525f4,싸우는훈이,226,4
1582,46936a10-638d-11f0-929e-756b01201a20,김테츠,226,4
1582,469007d0-6252-11f0-98b0-134906955a4e,늙딱이,226,4
1582,429479f0-64f4-11f0-998d-6361b2224259,만득임,226,4
1582,4180a3b0-69fc-11f0-81d8-d75e58d916af,사마빙,226,4
1582,374a1790-6471-11f0-a8d6-9514efa5ade9,진술이,226,4
1582,2164ad10-6786-11f0-ab88-a5c9739f629f,ellquine,226,4
1582,210450c0-6469-11f0-9e27-35530581f5ae,1집사,226,4
1582,19649f40-696a-11f0-ba88-17a2fbf72f22,하품만나와,226,4
1582,156f75e0-63fc-11f0-8579-b75c8d5afd27,태유,226,4
1582,14e2e510-64f3-11f0-920f-d9bd8a2a820c,곤곤이,226,4
1582,145f85a0-62c1-11f0-b78d-9fbbdf7f23fb,국밥,226,4
1582,06211380-67c3-11f0-a1b0-752b3026bd50,역경,226,4
1582,04f8bbf0-62e8-11f0-8567-d9cb9900f794,용쓰,226,4
1582,00b23640-62b4-11f0-b038-1df969c0d9a5,뇌신,226,4
1641,e9772640-62e8-11f0-862d-ab549d322a06,싹스어필,225,4
1641,de7890e0-65fd-11f0-a566-a94c20f85e02,세종대왕이도,225,4
1641,d26de200-6549-11f0-967b-813ea1627f76,bestian,225,4
1641,c6c41df0-6a1e-11f0-9416-6d61d44d7bd3,리프포,225,4
1641,b6295d40-6936-11f0-b6fc-63016576bc70,신혜공주,225,4
1641,729b51f0-6841-11f0-9187-bfb76cd46158,sy1313,225,4
1641,075e4950-64a0-11f0-b5c8-a523170b964a,Ruinous,225,4
1648,ff797290-61cb-11f0-94d1-0d70694c9e17,키도,224,4
1648,e3f464e0-6837-11f0-a307-57a9532db1b8,열우물,224,4
1648,d0ff2280-6517-11f0-846f-13edae8f7606,돌돌배,224,4
1648,588c9430-6473-11f0-934d-3b333a678e8e,견우와직쏘,224,4
1648,49a88310-6a00-11f0-87cd-13cc90e29527,궁디팡,224,4
1648,3ce680b0-632e-11f0-a70b-97528033efd5,오달,224,4
1648,30a73810-692f-11f0-ae8c-db603dd8bb9d,달리기,224,4
1648,29481780-6568-11f0-95fc-7353977bac62,하인드킬,224,4
1648,15edfff0-6555-11f0-a37f-b346b9412b7f,휴파이크,224,4
1648,06e6e480-6713-11f0-a4d3-9b71158f6d4d,일오,224,4
1658,fbe71fc0-683c-11f0-8349-bdc8a6bf6522,애쁠,223,4
1658,b8e57520-6295-11f0-8e72-11fb63eb28f5,까칠,223,4
1658,b2e52f10-6562-11f0-9d97-192c64bf62e6,신화랑,223,4
1658,86c52870-690b-11f0-bf27-69600f7373fa,의룡,223,4
1658,6ae76430-6486-11f0-a086-85e9f4d94fe9,또나,223,4
1658,31ae6f90-6334-11f0-97d7-efff12aed0ab,꺄그,223,4
1658,29c8b710-6495-11f0-bbfe-0d14bcd852b5,코끼리1,223,4
1658,24d7e8c0-62ce-11f0-a655-3f20d48333c3,쪼한썬,223,4
1658,01cbb5e0-6680-11f0-ba90-31fb5fd677bf,루기서,223,4
1667,dfedd680-63b2-11f0-a583-d92497fefc21,정주행,222,4
1667,b067c720-645e-11f0-a72c-e970bf999ff4,지동파,222,4
1667,a632eeb0-6855-11f0-9187-bfb76cd46158,리오넬맹기,222,4
1667,92042430-636f-11f0-9eba-319c3c5b72eb,이준토,222,4
1667,76d474b0-6394-11f0-a4da-3d0ef443f21c,뭘봐이거,222,4
1667,700e23a0-623c-11f0-853f-4567daacb8e8,힌둥이,222,4
1667,6cc8ab81-620e-11f0-abc2-914425398299,살모사,222,4
1667,4f266d50-6831-11f0-9761-51cebb951ef6,제에브알,222,4
1667,39d08820-6370-11f0-9eba-319c3c5b72eb,별이솔이,222,4
1667,17c52640-694d-11f0-9052-8d763cf66f7f,Maria,222,4
1667,09bb6250-63d3-11f0-8ce7-05e1fc9cefd2,시림,222,4
1678,fb8ec620-6645-11f0-ab16-794f425799dd,고민띠,221,4
1678,e0412580-62d4-11f0-8f11-77dd1d282e8c,김재칠,221,4
1678,b3212fe1-6460-11f0-934d-3b333a678e8e,아스라히,221,4
1678,b2e220b0-6484-11f0-bd1c-c79b9b2c15fa,매운맛스낵면,221,4
1678,a071d0a0-64e4-11f0-89c4-91955faa19a3,은경이남편,221,4
1678,9df62060-6372-11f0-b361-89751b9f7bfc,어디서,221,4
1678,973a4320-669a-11f0-ba2a-41fec92158c2,은광,221,4
1678,92cf2d70-6832-11f0-b2fd-9d1d445c08a1,k루인,221,4
1678,3c86de50-650c-11f0-a274-777d6197b8e4,아싸사랑이,221,4
1678,2383aab0-638f-11f0-9e16-f1cd993522e6,이인방,221,4
1678,1ae9f5b0-6396-11f0-a4da-3d0ef443f21c,탐탐탐탐,221,4
1678,117fba50-649a-11f0-aedf-55b71a55f5ce,헤븐윙,221,4
1690,eaab24f0-6502-11f0-846f-13edae8f7606,풍류왕,220,4
1690,db8aa200-6437-11f0-93a4-af3680a69719,레곤즈,220,4
1690,a658b160-647f-11f0-9c48-11e41ca3b3cb,서현숙,220,4
1690,86724460-63a3-11f0-9b51-d36a85c863a7,조자룡룡,220,4
1690,854cd8f0-642c-11f0-bd35-9758a7be9318,리얼리즘,220,4
1690,7b312d10-651e-11f0-b0f9-9b13bf283379,로율,220,4
1690,793c9d00-6b95-11f0-b12d-131ac73060ee,행백이,220,4
1690,688f2d70-64b4-11f0-a582-3d5974b2308c,조문열,220,4
1690,554668e0-66ef-11f0-abbe-1b148ce1c918,의천,220,4
1690,4a749160-6539-11f0-a7a2-1dbf387388d6,환영z,220,4
1690,41667fe0-6726-11f0-a25c-47a5a693b30a,쩌희,220,4
1690,1ca110d0-65e1-11f0-b7e1-0fe84bf8cf7a,말왕,220,4
1690,06834f60-6560-11f0-a9df-29c725e71a05,시안문,220,4
1703,f6842cd0-6774-11f0-955a-5399fb7e3b83,하드,219,4
1703,f552dc30-6468-11f0-b9a2-71a70b35ee88,쿄캬캬,219,4
1703,e9e30600-65de-11f0-ae82-f5fbeed77579,라영,219,4
1703,c2c84810-63a3-11f0-946e-33914717b047,따혜,219,4
1703,aee50110-66b6-11f0-a7ca-6365d3928809,bean,219,4
1703,86da00a0-6484-11f0-bd1c-c79b9b2c15fa,민트블러드,219,4
1703,7091f2e0-645b-11f0-a72c-e970bf999ff4,벨제브르,219,4
1703,5efe4170-645e-11f0-8670-973d055b2505,하율은율,219,4
1703,550ce220-6459-11f0-8f1e-9b9f4436b281,익산고구마,219,4
1703,1060b030-6462-11f0-8670-973d055b2505,오존샤워,219,4
1713,e1a506f0-63b3-11f0-8010-bfe21b2e2bd5,후아,218,4
1713,b6801b60-6339-11f0-9145-a52c50a03179,단비유품정리,218,4
1713,9abe07e0-6256-11f0-b66b-f98e79339126,강도,218,4
1713,7f640110-634c-11f0-a70b-97528033efd5,5456486,218,4
1713,7684f360-67ed-11f0-82b6-93a73aef044c,천운바라기,218,4
1713,51bf3880-652f-11f0-8799-a56030339d38,JohnSnow,218,4
1713,46f878c0-6693-11f0-a8c0-a96b3c973cc3,신효,218,4
1713,43d166b0-65b8-11f0-8ab0-27c9e4967879,인베비,218,4
1713,1fd77f41-68f8-11f0-bf27-69600f7373fa,비표기,218,4
1713,1ba60270-65f6-11f0-98c2-7baa144ccf50,노바디노,218,4
1713,190aea90-6398-11f0-b91f-cbca55a9af76,둥마,218,4
1713,1534cde0-623b-11f0-853f-4567daacb8e8,사하라소,218,4
1713,0a9c60f0-669b-11f0-850c-5560f809d922,뉴비대장,218,4
1713,09f9e830-63a2-11f0-bf20-b3f2ea84f71a,운임수정,218,4
1713,0501d8d0-644a-11f0-ba26-c559d1541584,수염,218,4
1728,f40da670-6472-11f0-9e27-35530581f5ae,정환마기라스,217,4
1728,ed6f3080-629d-11f0-bcbb-714564b525f4,문건,217,4
1728,d1a2cb60-681e-11f0-9069-eb268d57af69,으아니,217,4
1728,cf108670-64aa-11f0-829b-d50781ca76af,다잡아화물,217,4
1728,c2eb58f0-62bd-11f0-a89f-3182c3b8adb5,호령하다,217,4
1728,bf132380-644c-11f0-9a7f-07d3d9b1e362,조붕붕,217,4
1728,be967d70-6691-11f0-ba90-31fb5fd677bf,장난,217,4
1728,b7ce2780-63ef-11f0-849d-3b3a1fc71a59,이순신99번분신,217,4
1728,b6667360-64ae-11f0-99e6-a9f8f58ea542,lesukoon,217,4
1728,af1b7960-6450-11f0-8576-d1882b0c15d3,동구랑땡,217,4
1728,a85b79e0-6248-11f0-8731-517e16b3676b,킹밥,217,4
1728,a55cb5a1-6244-11f0-a33f-f73020b95b05,빠루,217,4
1728,9e6784f0-6906-11f0-958c-6d69e774cbea,숑키,217,4
1728,966880d0-6aa3-11f0-bcc2-ab4174abf51e,이제인,217,4
1728,8f5e6220-637b-11f0-969f-574f3b894b44,째르,217,4
1728,85715bf0-67d1-11f0-9522-11881f116ae1,혜민,217,4
1728,7b047e30-6462-11f0-8670-973d055b2505,샴페인골드,217,4
1728,740cd360-65bc-11f0-b5ae-9f72a71a5588,이소룡,217,4
1728,713e8c90-668a-11f0-8b65-97eb249c79b0,나유,217,4
1728,5b7a8a00-643f-11f0-8c7c-4d27a30a0549,여의,217,4
1728,46dd5e90-6441-11f0-95eb-5dc11fa524e5,멍뭉OI,217,4
1728,2d930f70-675c-11f0-b0db-5b36dd8e337e,하용25,217,4
1728,16862310-651a-11f0-a092-cfb4e8946e57,솜솜이,217,4
1728,1229ac70-663b-11f0-bc31-31a33162f175,구숙정,217,4
1728,11bc9ac0-6372-11f0-baf1-611897b49fac,통일문무왕,217,4
1728,0baed510-63ab-11f0-8cee-bb42b4f8de9a,건디28,217,4
1728,07651f30-6916-11f0-bb85-e56e3f9b33fd,단다단다,217,4
1755,f587b8b0-67a6-11f0-8ed0-55df2077ceb7,뱌기,216,4
1755,e2f66fc0-62fb-11f0-ba81-0189884c815e,신룡룡,216,4
1755,e1df3830-6781-11f0-ac22-89a616aaf971,태건이,216,4
1755,e0dfe960-638b-11f0-aec5-8f60c14ffced,마철악,216,4
1755,dd3cd9f0-6668-11f0-aee9-63d133f73255,한룡,216,4
1755,dc0d1a30-64c0-11f0-bfcf-1fdb18c8f989,썩쏘염염,216,4
1755,d81c3e60-6899-11f0-944a-3188c1e071c1,뭉게구름먼지,216,4
1755,d685e9f1-6878-11f0-a87f-5d05e5c4806f,폭제,216,4
1755,d2e75ab0-685d-11f0-9a92-175f0d2b5caf,비깨도,216,4
1755,c8275550-6469-11f0-934d-3b333a678e8e,곤지,216,4
1755,b65610a0-6617-11f0-98c0-d9f4fe5058f5,헌검,216,4
1755,b2a34c70-67c5-11f0-9087-f9ad8d76b235,디씨에프씨,216,4
1755,9cb52e50-6456-11f0-baaf-45c3a00048ee,두랸,216,4
1755,986d8f60-649f-11f0-b514-0be50f2b30c9,쵸이,216,4
1755,91a74000-6705-11f0-8f88-4583aca29e09,콧물이파도를치네,216,4
1755,76f527d0-6891-11f0-905e-c7bed89e0fd3,진니크,216,4
1755,76f28440-67d7-11f0-8812-73bb8ef7c9b8,다흙,216,4
1755,61a871b0-6702-11f0-b8a1-2b7aa71b98ab,동디니,216,4
1755,56d1e780-6455-11f0-b1b5-f7c1dd7354a3,알렌,216,4
1755,4f905c50-6779-11f0-832d-2343fb1c7686,코디악,216,4
1755,47675b70-6407-11f0-bcbf-2b7f0b4e55b1,형법,216,4
1755,404036d0-67bf-11f0-95fe-5b05e0783f63,바르다지,216,4
1755,2c938a50-671b-11f0-a9b2-3b41dc07e4ea,또먹으면돼지,216,4
1755,1d760b30-624b-11f0-8731-517e16b3676b,쿠크리,216,4
1755,10fb9d40-65fa-11f0-8afb-9767d055c78a,청평,216,4
1755,0b025570-66ed-11f0-abbe-1b148ce1c918,발포만호,216,4
1755,02c1b890-6465-11f0-baaf-45c3a00048ee,프랍,216,4
1782,fa0bdf30-6880-11f0-8658-c155e1ae3308,군제,215,4
1782,f2a134c0-632b-11f0-ba6d-31d76c70e10b,rescene,215,4
1782,a25f4fe0-630f-11f0-8d40-dfc9f921e722,분석이,215,4
1782,9c88b030-621e-11f0-9b80-6dacbd1dec23,굿보이,215,4
1782,96b403a0-650f-11f0-b0f9-9b13bf283379,핵쏘,215,4
1782,84178b10-668e-11f0-abb5-870e6167c30c,갈라,215,4
1782,592d59b0-64c3-11f0-9cbb-d577723cbc86,전생에이순신장군,215,4
1782,411a0040-6436-11f0-83ae-cb0d7c1d5c99,난세다난세야,215,4
1782,10c614c0-653e-11f0-b862-f7a1348209f0,봉돌이,215,4
1791,f894cba0-67e8-11f0-b44c-f93f9e9d9007,깡설이,214,4
1791,ccb4f8b0-64f6-11f0-998d-6361b2224259,뀨찌,214,4
1791,c9dabfe0-6554-11f0-a338-71463213c56c,홍게대게,214,4
1791,b1a1e8e0-641e-11f0-a684-2b9cd36018bc,Aring,214,4
1791,b14b2550-685b-11f0-a0aa-19dfe4aabc8b,도호,214,4
1791,a2fe8490-6619-11f0-af0d-077471ee5827,새벽한시,214,4
1791,6b432510-6510-11f0-b0f9-9b13bf283379,오복아빠,214,4
1791,69fb6cd0-6713-11f0-a764-331beb7dec8b,춘매,214,4
1791,5acdb390-68f2-11f0-8ce4-a510d1bb675b,난세에영웅이도래,214,4
1800,f36a5700-6471-11f0-9e27-35530581f5ae,도도디,213,4
1800,ee3a31a0-66cf-11f0-ba08-213ff4d969af,지닝,213,4
1800,e3338830-66be-11f0-8fbf-0fdd93624d2c,이딱이,213,4
1800,d354c9b0-65c4-11f0-b5ae-9f72a71a5588,영케이,213,4
1800,b8f768c0-6c54-11f0-ba2c-4f8d906a7937,일해라정차장,213,4
1800,9918b380-654f-11f0-9129-5bddcb1a7f89,사마달,213,4
1800,8d775ae0-64f5-11f0-b0f9-9b13bf283379,구르르G,213,4
1800,6d21f630-678c-11f0-96a3-63b92fc00f1c,fr쿠마,213,4
1800,698026b0-64c0-11f0-8424-ad5d395ce474,캐깜,213,4
1800,55ef1180-6469-11f0-a19b-cd9bee505425,체다,213,4
1800,54671540-6556-11f0-aed2-e9684f688284,창원,213,4
1800,3e6a6381-63dc-11f0-9b30-bfc50fd617fd,성남지킴이,213,4
1800,39d53250-686e-11f0-86da-d79ffde00deb,비뉘부니,213,4
1800,3234d4b0-6544-11f0-b2e4-155beee88baa,테이코,213,4
1800,14b36710-69c9-11f0-86e2-d3a55f318685,조디리,213,4
1800,0bc1d4c0-6393-11f0-9b51-d36a85c863a7,식케이,213,4
1800,08a9a5d0-65e4-11f0-ade4-c716e9fb5ed5,가가파파,213,4
1800,0564d030-6264-11f0-b63f-7755b72aa50f,민준이,213,4
1800,03fdfc70-6391-11f0-b91f-cbca55a9af76,Messi,213,4
1819,f0f8eb00-6433-11f0-8bb1-eb965705e646,홍유랑이,212,4
1819,e7bc1db0-6536-11f0-a15d-6fd1b18d9c14,바쿠,212,4
1819,e0c45d60-63d3-11f0-9a87-810a40a679fa,뀨도,212,4
1819,cda66fe0-6a20-11f0-81d8-d75e58d916af,고공이,212,4
1819,cd2aa360-6381-11f0-8ea7-a17bafa0e4d0,잭슨,212,4
1819,b26115c0-64c4-11f0-89de-a18784a21c17,빗치,212,4
1819,a9ff0250-63a9-11f0-b630-4f8dc5617c79,쁋쁋,212,4
1819,97bf0fb0-63ca-11f0-aab1-5f3bbe175c3e,중추,212,4
1819,95feb040-64b5-11f0-a3f5-7917fe6f3bcc,핫버거,212,4
1819,9429c170-646e-11f0-b0c9-6de2080023ec,난표4000,212,4
1819,795468a0-65e0-11f0-ae82-f5fbeed77579,케케크크,212,4
1819,78a72b70-649d-11f0-ac20-8734dac19833,NamuOh,212,4
1819,757b2340-6897-11f0-905e-c7bed89e0fd3,Lagard,212,4
1819,69d553e0-6576-11f0-9b02-9934e4aaee80,뎁뎁,212,4
1819,57114ab0-67e8-11f0-bb71-090a139da64b,초록매실,212,4
1819,4ee1f181-6745-11f0-b6f9-9341b272f2ff,백이련,212,4
1819,4d1f97a1-638d-11f0-b482-59801d2d98ce,Grey,212,4
1819,4a4034e0-63ce-11f0-8f11-17371de17e69,돌부처,212,4
1819,418d3be0-6851-11f0-9a92-175f0d2b5caf,백기사님,212,4
1819,2b1dea30-624d-11f0-a510-196fe281bbd0,응개,212,4
1819,14a6a000-670f-11f0-8182-49ddc3c9ae02,충무우공,212,4
1819,10926890-64a4-11f0-ac20-8734dac19833,hgfry,212,4
1819,0a9c4050-636e-11f0-899c-ed58ed9d92cb,라미이,212,4
1842,fb108a80-686b-11f0-9791-b9bcb3a2d4df,사사키,211,4
1842,f5cbd500-6421-11f0-a684-2b9cd36018bc,보듬공주,211,4
1842,ed06f420-63e2-11f0-89b8-61a649941dd1,얼짱우석,211,4
1842,e22463d0-6329-11f0-9a9d-576877acc917,부여군,211,4
1842,deebc630-66db-11f0-a818-154c93ec6594,isolator,211,4
1842,de61b740-689f-11f0-81b3-f9c6d7db29ca,XIA,211,4
1842,dbb48dc0-651f-11f0-846f-13edae8f7606,IOTLI,211,4
1842,d9c31530-6818-11f0-9069-eb268d57af69,Yeonn,211,4
1842,d275ce20-6481-11f0-a962-45e5ea641c00,Melo,211,4
1842,d1708580-67d6-11f0-b621-d3704219f3ab,덕덕,211,4
1842,c6b55a50-6941-11f0-a86f-edc238a237ca,나스,211,4
1842,bebab3f0-69d6-11f0-a97a-17464924d39f,퓨어,211,4
1842,b54e3ff0-63da-11f0-9a87-810a40a679fa,아이스온,211,4
1842,b3a29dc0-6314-11f0-8d40-dfc9f921e722,우유만두,211,4
1842,ae856120-6322-11f0-b403-3507abff79da,우니쿤,211,4
1842,a2e3fac0-67a5-11f0-8ed0-55df2077ceb7,체코,211,4
1842,8c3e0c80-63c1-11f0-b6ab-ab1d57efd9b6,쩨든이,211,4
1842,8a8f21e0-62ee-11f0-971e-0d9306189309,검술,211,4
1842,7c0449d0-6545-11f0-8502-015c2c577c5f,마후,211,4
1842,714e2c10-645d-11f0-8670-973d055b2505,갓수영,211,4
1842,709ac470-6577-11f0-8ee0-7fdf94bcc26c,망하늘,211,4
1842,6d32b1f0-64c1-11f0-abac-67a696be1328,루비s,211,4
1842,63685270-62d6-11f0-a655-3f20d48333c3,강승현,211,4
1842,630fee90-645d-11f0-9cd9-4f3d9a0f948e,시메딱,211,4
1842,596e1a90-6955-11f0-a1f0-37d091d614b1,duha,211,4
1842,5767f6f0-639a-11f0-929e-756b01201a20,hjjgf,211,4
1842,569fbde0-64ab-11f0-95b9-835a4da747ff,오오오냐,211,4
1842,4ecd2b00-6787-11f0-958a-a1ef21446339,bamuse,211,4
1842,46b80b40-687e-11f0-a557-63284acb0ec6,맛좋은소스,211,4
1842,433c7c80-67e3-11f0-ac79-bd0f37322c34,훈남준,211,4
1842,4192d5d0-660f-11f0-a41e-0df3579756f2,애도,211,4
1842,38c7bd50-6897-11f0-93e8-85a9cfc62190,보라돌,211,4
1842,35d81ad0-63de-11f0-981c-6918ebc09e55,하유니아빠,211,4
1842,2e84f7c0-63b2-11f0-9b10-25f9ca8a7a53,아리가또유,211,4
1842,227293c0-664b-11f0-81af-5b0af15a39e7,칼린츠,211,4
1842,1f58d0b0-6587-11f0-b945-15d94ae3f8a2,익명이,211,4
1842,179c0030-63b7-11f0-b6ab-ab1d57efd9b6,설민석입니다,211,4
1842,0d6cd450-6933-11f0-ae8c-db603dd8bb9d,명예,211,4
1842,07b75090-6626-11f0-8621-0f3e351e9362,여르미,211,4
1842,068e1b80-6244-11f0-9c23-457fcdeb3714,범범,211,4
1842,05e1ce10-6385-11f0-a716-97e6f4eb8e7d,준캉이,211,4
1883,fa233b60-6a7b-11f0-b8c3-31d76e99096b,흰눈송이,210,4
1883,edf04720-65ad-11f0-adab-e3842e797e8d,라흐마니노프,210,4
1883,eafef941-693f-11f0-8a8c-e705cbe6ed4d,김떡팔,210,4
1883,de9f2c30-624e-11f0-a510-196fe281bbd0,도르테아,210,4
1883,c7b45580-6759-11f0-a25c-47a5a693b30a,피대협,210,4
1883,bfe7f8c0-63d5-11f0-a9da-8b915b889dd4,익토,210,4
1883,aad56830-6535-11f0-8799-a56030339d38,벨로나,210,4
1883,9d853e50-6821-11f0-bb71-090a139da64b,마마루,210,4
1883,8ebf4460-62a9-11f0-bf6e-91ab11ffb732,백구뽀뚜,210,4
1883,81259850-65eb-11f0-9c47-f13b98eb10e0,llsean,210,4
1883,7b5b0270-643d-11f0-99c8-7b44769d223b,하링링,210,4
1883,728ef310-6887-11f0-9ade-15b332d82e41,쥬르젤리,210,4
1883,669d02f0-625a-11f0-85ab-834eae295807,찝찔,210,4
1883,63604e20-6481-11f0-995b-75bf8c0a2ec5,반도,210,4
1883,4ce2a1e0-6970-11f0-ab1e-733f97865f56,코리안소드마스터,210,4
1883,47e51c30-6813-11f0-a89c-59b4d27efb99,뿌헬헬,210,4
1883,28d17e20-686c-11f0-86da-d79ffde00deb,hau,210,4
1883,17cf8420-6437-11f0-8bb1-eb965705e646,헤이즈,210,4
1883,06bb9680-64e9-11f0-89c4-91955faa19a3,귤까면너줄게,210,4
1902,f13d6d50-639f-11f0-b218-57e8388ada3f,조컷,209,4
1902,e0249580-6484-11f0-a086-85e9f4d94fe9,llllIIII,209,4
1902,d50da030-6667-11f0-ba90-31fb5fd677bf,DoubleH,209,4
1902,d2594700-69c7-11f0-a3fa-29dcc74be0f9,최누리,209,4
1902,cd7bdd00-6347-11f0-97d7-efff12aed0ab,김초보,209,4
1902,b2c445f1-6799-11f0-a86b-6be161d85452,콩G,209,4
1902,a24e31a0-63fb-11f0-8d3a-e3a07141edc1,불이나케,209,4
1902,975d1910-6508-11f0-a008-3d1038308b91,망내,209,4
1902,8c9b6831-6394-11f0-9e16-f1cd993522e6,지팝,209,4
1902,84834ec0-690b-11f0-958c-6d69e774cbea,뚜구리,209,4
1902,7ae009a0-621a-11f0-bbfd-8564365ef7ff,난새넌세,209,4
1902,6ab171c0-62b2-11f0-9e89-03a9e7d79cac,림금님,209,4
1902,60891900-64d3-11f0-998d-6361b2224259,박구미,209,4
1902,568ebaa0-66df-11f0-a25c-47a5a693b30a,링컨,209,4
1902,47f92da0-6909-11f0-a7d6-510d8ad9ebff,선우보,209,4
1902,3bd76250-66aa-11f0-bbca-cb910a6526e3,부평구단군,209,4
1902,2814ebd0-6401-11f0-83ae-cb0d7c1d5c99,소여니사랑해,209,4
1902,209afe00-6521-11f0-9ac8-815504da4b66,우쿠아쿠,209,4
1902,1451bbb0-64be-11f0-9779-d31d6e85e24e,대베,209,4
1902,08882c50-643d-11f0-99c8-7b44769d223b,팡팡채,209,4
1922,f036af20-6a57-11f0-8acc-fb286914151f,솔파,208,4
1922,dc140ed0-660f-11f0-a41e-0df3579756f2,뇽뇽이,208,4
1922,da8b7220-6492-11f0-a863-c5c12b567008,다누리,208,4
1922,cfd63dd0-62f1-11f0-abaf-e5a526e0a20a,와니다,208,4
1922,c582a670-628d-11f0-bcbb-714564b525f4,옥수수스프,208,4
1922,b9b7a2b0-6318-11f0-8d40-dfc9f921e722,김건학,208,4
1922,9eec6130-6478-11f0-a8d6-9514efa5ade9,별할온,208,4
1922,90827cc0-62ec-11f0-8740-eda872109ccf,이성계활,208,4
1922,749a4e60-64a0-11f0-8dc2-b1d7780ea280,우용,208,4
1922,599a3240-6916-11f0-9163-9b37cd4f63ff,따꽁3,208,4
1922,358b3630-67b6-11f0-9b78-7512685a7d18,강율라율,208,4
1922,33217670-6306-11f0-a53e-f720860fcc8a,의미없음,208,4
1922,2de0eae0-64f7-11f0-ad80-bf5616b7c1de,뚜벅이,208,4
1922,1468d4a0-62e6-11f0-888b-4325034dd618,숙희,208,4
1922,0b91eb00-651b-11f0-846f-13edae8f7606,장템,208,4
1922,00232d70-63f8-11f0-8d3a-e3a07141edc1,멍구리,208,4
1938,f52d15d0-6225-11f0-9b80-6dacbd1dec23,민트왕자,207,4
1938,d6b28940-66f9-11f0-94fd-bd0b371894b0,도영,207,4
1938,d237b9e0-6464-11f0-baaf-45c3a00048ee,Tndyd,207,4
1938,c6e9ff00-67b9-11f0-8095-01730df73963,한국하렘왕,207,4
1938,c566ca50-62eb-11f0-8567-d9cb9900f794,엘지와,207,4
1938,8f03dd40-6192-11f0-9869-c1c5ed7630de,애꾸,207,4
1938,8d0becd0-635e-11f0-97d7-efff12aed0ab,명돌이,207,4
1938,8142ab50-637c-11f0-9a93-e1a70f769204,찬지,207,4
1938,71c87ae0-640a-11f0-bcbf-2b7f0b4e55b1,7776555,207,4
1938,6d46ba80-6492-11f0-829b-d50781ca76af,김주호오,207,4
1938,53f0c720-6964-11f0-9f3a-d936e3ed6e3a,감자도둑,207,4
1938,3a5e8b10-6493-11f0-bbfe-0d14bcd852b5,야유,207,4
1938,178ea8c0-6201-11f0-95cc-ad38c6ec1feb,곰탱이아빠,207,4
1938,1644ed00-62f9-11f0-a023-03de6947eb94,태경잉잉,207,4
1938,0c7c5ac0-650a-11f0-a092-cfb4e8946e57,윤탱,207,4
1953,c6e34010-630a-11f0-b974-4ba43f735b03,왕검,206,4
1953,b230f900-639b-11f0-9e16-f1cd993522e6,밥상남자,206,4
1953,a79b3290-6476-11f0-a8d6-9514efa5ade9,글로벌,206,4
1953,9633eb40-69fe-11f0-83c1-071402a58f9d,서울말,206,4
1953,6fe12b30-6434-11f0-93b5-9bbe54f3643d,안들려,206,4
1953,5ffca780-67f4-11f0-a432-f5a269c347d6,백담,206,4
1953,5e2235e0-6288-11f0-9eb5-cf396344702c,찾지마라,206,4
1953,138b0a00-63f2-11f0-a174-2f03cd9ae07c,앞짱구또치,206,4
1961,5b6054a0-6426-11f0-bcbf-2b7f0b4e55b1,김회장,205,3
1962,4d698a40-62cf-11f0-a655-3f20d48333c3,조선의포터,204,4
1962,1cb9d7b0-684c-11f0-9187-bfb76cd46158,혈의걸,204,4
1964,8ce00c40-649a-11f0-829b-d50781ca76af,손가락원숭이,203,4
1964,246653f0-69ad-11f0-ae0d-6f90dae175ae,재미없으면삭제,203,4
1966,ececf6d0-657f-11f0-8ee0-7fdf94bcc26c,물수제,202,4
1966,e70f0c60-6397-11f0-9b51-d36a85c863a7,oOPoohOo,202,3
1966,c316ac10-6328-11f0-87ee-33464f2cfda8,은빛물개기,202,4
1966,9ed082e0-6256-11f0-9b19-83f0f39a46d2,조정치,202,4
1966,9e48a090-692d-11f0-bd01-4f9a91cb3d54,윤이나,202,4
1966,49499450-68ba-11f0-bd47-cf3af6acce80,기모찌맨,202,3
1966,2f0f31f0-6458-11f0-baaf-45c3a00048ee,anui,202,3
1966,18ab42a0-6a20-11f0-9adb-01ec0e539aaf,례진,202,4
1966,0983bb80-683c-11f0-9187-bfb76cd46158,욱쭈,202,4
1975,fe5097a0-64b8-11f0-a475-093604a1564e,Yeo,201,4
1975,d05a64a0-66a4-11f0-9e29-bb739ed9109b,전치1주,201,3
1975,7f587d20-6240-11f0-afe3-e7db10029c82,니은디귿,201,4
1975,7b9f3ba0-6372-11f0-b361-89751b9f7bfc,밥용이,201,4
1975,7b6477b0-6492-11f0-8e6e-45b04a534d66,필이곰,201,4
1975,6f714830-647d-11f0-9c48-11e41ca3b3cb,펜타사,201,4
1975,5e7147d0-678c-11f0-96a3-63b92fc00f1c,삶의축복,201,4
1975,58825570-643b-11f0-99c8-7b44769d223b,유하은,201,3
1975,37108170-64a7-11f0-b626-23ea90035c71,흑치,201,3
1975,2d2eaf80-6734-11f0-a25c-47a5a693b30a,꽃설,201,3
1975,27994460-69ad-11f0-86e2-d3a55f318685,쇄골,201,4
1975,22c30710-6632-11f0-9293-2f108164e9cc,임금님승쥬니,201,4
1975,13241a31-6608-11f0-b420-973bd54af871,루미야,201,4
1988,c9a11780-66ef-11f0-a331-1515e3bebb36,어왔니,200,3
1988,c97f13d0-63be-11f0-ab4c-1749d25baca6,평화를빕니다,200,3
1988,83e003b0-6446-11f0-ab0c-317be3d6b0a6,메지온,200,4
1988,49f5af90-697a-11f0-ae0d-6f90dae175ae,리아사,200,3
1988,3c663830-66d3-11f0-b8c7-e5b8f1f3dcae,JadeNine,200,3
1988,05ed3250-66ff-11f0-a25c-47a5a693b30a,탕탕이,200,4
1994,f14d2a10-6476-11f0-934d-3b333a678e8e,770,199,3
1994,dfdea350-6249-11f0-a7b6-cf18c18dd85f,김유정,199,3
1994,d97a89a0-6269-11f0-bcbb-714564b525f4,라맹,199,3
1994,c2776460-6842-11f0-b2fd-9d1d445c08a1,갓생,199,3
1994,ad36b0a0-644c-11f0-bfa2-af41fddaac3d,시조,199,3
1994,9b298260-6560-11f0-9d97-192c64bf62e6,산군호랑이,199,4
1994,63259ee0-63ac-11f0-a8e3-a3fc99f88008,스님도아맨,199,3
1994,2db595f0-6256-11f0-aa52-cb1cb28881c2,준마이긴죠,199,3
1994,29bb1550-64ff-11f0-846f-13edae8f7606,시아율,199,3
2003,eb898b40-6387-11f0-9b51-d36a85c863a7,고굼,198,3
2003,e51c56b0-6711-11f0-924a-215eb8d4d8f2,서준아빠,198,3
2003,d71314a0-69be-11f0-8a6d-053337276a21,호박벌,198,3
2003,cd331a40-6241-11f0-9c23-457fcdeb3714,뭐하냥,198,3
2003,c2cbfa80-6404-11f0-a684-2b9cd36018bc,김브이,198,3
2003,a93d9440-6a92-11f0-ab22-9b7f810af5a1,신주몽,198,3
2003,943fdbc0-68f3-11f0-82a4-059d2fef0171,더워,198,3
2003,69ebe3c0-62f2-11f0-95d2-15b32e977246,하라리,198,3
2003,68a613d0-6493-11f0-a086-85e9f4d94fe9,lameo,198,3
2003,6782f5c0-6481-11f0-995b-75bf8c0a2ec5,Ruoo,198,3
2003,432f8670-699f-11f0-ae45-45a8c20b2c3a,구니구니,198,3
2003,2c338eb0-6889-11f0-88f7-314f70935224,서린서영,198,3
2003,153501c0-6669-11f0-8d91-67464caa9884,슬판,198,3
2003,08c32ff0-6431-11f0-9143-05b731683243,위드피어,198,3
2017,f2a03080-6a14-11f0-83c1-071402a58f9d,붕어알,197,3
2017,eef7c640-6af6-11f0-b6ac-91e7f241e767,허어어니,197,3
2017,ecbf8000-67b5-11f0-a86b-6be161d85452,nerdy,197,3
2017,ec270990-6802-11f0-bb71-090a139da64b,토스트,197,3
2017,e85e4580-6604-11f0-b420-973bd54af871,니동,197,3
2017,dea52460-62b6-11f0-b78d-9fbbdf7f23fb,성청,197,3
2017,d0ecd320-638f-11f0-8ad1-495afdf38cf0,무재련,197,3
2017,b0677820-6a34-11f0-acd5-5f494b9055de,파비오,197,3
2017,afe15d60-6a22-11f0-9416-6d61d44d7bd3,이찌마오,197,3
2017,a1fb7cd0-6824-11f0-a942-832fd84fd3d0,소안,197,3
2017,9af97680-6504-11f0-998d-6361b2224259,냥이꿍이,197,3
2017,8dffbfd0-6468-11f0-b9a2-71a70b35ee88,syj,197,3
2017,88fc1560-68fa-11f0-82a4-059d2fef0171,닼미,197,3
2017,84a7e8c0-6bb3-11f0-a01f-e538764cd6d1,진우서우,197,3
2017,70a8a690-69ea-11f0-87cd-13cc90e29527,앙코,197,3
2017,65b4b6d0-6a52-11f0-b350-274e47244e62,헤나,197,3
2017,4ee57430-6435-11f0-83ae-cb0d7c1d5c99,진휘건,197,3
2017,03b29060-63e5-11f0-981c-6918ebc09e55,이로얄,197,3
2035,e8a31f80-630b-11f0-b218-43a24c54b5c1,creek,196,3
2035,dedbdc80-64be-11f0-91bc-b714431c0199,멀하라고,196,3
2035,c6850cb1-63c9-11f0-8a6c-c348a09bcc5f,줍줍,196,3
2035,b0224600-63d7-11f0-a68a-1f47317284ca,박정혁,196,3
2035,aff89c10-69b8-11f0-83c1-071402a58f9d,선수,196,3
2035,acf29030-64a3-11f0-829b-d50781ca76af,아이젠소스케,196,3
2035,a9cc1b80-64a6-11f0-b5c8-a523170b964a,새애엑스,196,3
2035,a9c2ce40-69ec-11f0-81d8-d75e58d916af,하온왕자,196,3
2035,96ecc3d0-6383-11f0-8ea7-a17bafa0e4d0,상거리,196,3
2035,95ce4c40-6256-11f0-807b-b56290a6427d,one별,196,3
2035,926598b0-694f-11f0-b19e-355255fa5539,반달곰,196,3
2035,8fb86210-6575-11f0-8ee0-7fdf94bcc26c,김춘배,196,3
2035,88ab6110-621a-11f0-9ed2-2327c5a1ff14,캐스트이즈,196,3
2035,87cdff50-650d-11f0-b0f9-9b13bf283379,사공가문,196,3
2035,7c9a7fb0-626e-11f0-bcbb-714564b525f4,물리면아파요,196,3
2035,77c262e0-6891-11f0-905e-c7bed89e0fd3,어반인테리어,196,4
2035,615964f0-66ce-11f0-bec5-bbe08fa86bc3,dlwbaok,196,3
2035,5b8c64a0-654d-11f0-9bfa-fbe46a729beb,드주낵,196,3
2035,53be18b0-6843-11f0-b297-a75635c318ec,핑크로즈,196,3
2035,45657e40-6486-11f0-a2a2-198016fcfd59,한조이투,196,3
2035,3fac2520-6928-11f0-847d-739109080a96,골든,196,3
2035,3eb391f0-68f4-11f0-82a4-059d2fef0171,여씨표류기,196,3
2035,33f01e80-61fd-11f0-8879-5f895f1781fe,고갱보,196,3
2035,2f5674b0-69a9-11f0-ae45-45a8c20b2c3a,류성룡,196,3
2035,26576cc0-6553-11f0-a37f-b346b9412b7f,금수,196,3
2035,26243d40-632e-11f0-ba6d-31d76c70e10b,뭉게뭉게,196,3
2035,1a8f2da0-6469-11f0-82c1-d1354574f8a3,WonnyAB,196,3
2062,ff8ed1a0-62c3-11f0-a89f-3182c3b8adb5,바람호,195,3
2062,fa083190-6552-11f0-a338-71463213c56c,흑골,195,3
2062,e18f14d0-64ee-11f0-8ef3-8dde64b39158,초코볼,195,3
2062,d93c77e0-684b-11f0-9a92-175f0d2b5caf,알카라스,195,3
2062,ce501080-66b6-11f0-ab75-d185489f2c82,태승,195,3
2062,cc36b020-6205-11f0-a22f-1fef89b9a0c3,떵장군,195,3
2062,bd10cc20-6502-11f0-86b2-95b4faeb80b4,해롱,195,3
2062,ab7d5230-6b2e-11f0-8752-d9fcf2970529,이만두,195,3
2062,a585fc60-67d2-11f0-a86b-6be161d85452,효비,195,3
2062,9f22b780-6388-11f0-842b-a1e5e2f54197,헬퍼,195,3
2062,98c86de0-64d1-11f0-998d-6361b2224259,대지대지,195,3
2062,8c677860-6630-11f0-9293-2f108164e9cc,라이온씬,195,3
2062,7b064dc0-6474-11f0-a8d6-9514efa5ade9,찹쌀딸기모찌,195,3
2062,674a2c00-6601-11f0-a41e-0df3579756f2,투명슬라임,195,3
2062,64a4f940-6367-11f0-899c-ed58ed9d92cb,그것만이내세상,195,3
2062,45449001-687c-11f0-8658-c155e1ae3308,아리라키,195,3
2062,2c02c280-632a-11f0-bd91-910ab5255abf,솔예,195,3
2079,e7fe3f90-6461-11f0-934d-3b333a678e8e,깜준,194,3
2079,e4f81e20-64a6-11f0-ac20-8734dac19833,자하선사,194,3
2079,e31ccee0-669d-11f0-80e7-c54421442f0e,핑크콧,194,3
2079,cb5fdad0-65b8-11f0-8ab0-27c9e4967879,최꼬미,194,3
2079,b3be0c80-64aa-11f0-b5c8-a523170b964a,송순신,194,3
2079,b1c2fda0-697d-11f0-a923-f3bcf759ab67,건거니,194,3
2079,a48210b0-66b0-11f0-9e29-bb739ed9109b,그것이나다,194,3
2079,a462b120-64a8-11f0-a8e1-0128328b4be6,은가람,194,3
2079,a1573360-643b-11f0-93b5-9bbe54f3643d,날쎈꼬북,194,3
2079,8d93c830-6363-11f0-899c-ed58ed9d92cb,내장공,194,3
2079,8aec6170-67ee-11f0-bb71-090a139da64b,타츠타,194,3
2079,877ab280-6389-11f0-adf7-d1fabe44ecce,검은수염,194,3
2079,82da1f40-64b0-11f0-a582-3d5974b2308c,서지마,194,3
2079,6b8d4450-6219-11f0-a026-2b3e93922249,맨날깨웡,194,3
2079,51f44ff0-66a8-11f0-bbca-cb910a6526e3,오로바,194,3
2079,49303e30-6aa2-11f0-b350-274e47244e62,윈터사랑,194,3
2079,426a2e30-634a-11f0-9145-a52c50a03179,이시아,194,3
2079,413d9350-6a14-11f0-87cd-13cc90e29527,올롷로,194,3
2079,400a6480-6303-11f0-a53e-f720860fcc8a,김건빵,194,3
2079,3b04f270-67ef-11f0-a432-f5a269c347d6,bercer,194,3
2079,397dc7e0-63aa-11f0-9b51-d36a85c863a7,모꼬꼬,194,3
2079,217c4db0-661b-11f0-9bc2-75dc4ebbb217,이또니,194,3
2079,15e13360-6681-11f0-8b65-97eb249c79b0,왕사팬,194,3
2079,11cc32f0-62f5-11f0-95d2-15b32e977246,흑룡사,194,3
2079,00c33140-68ca-11f0-bd47-cf3af6acce80,천무덕,194,3
2079,005a8760-6638-11f0-b390-df77dfcfb7b2,그냥함,194,3
2105,fc389e30-64e6-11f0-920f-d9bd8a2a820c,파멸킹,193,3
2105,f35bce30-65c8-11f0-98f9-213ec7a6a3a5,톰과제리,193,3
2105,dd3575e0-6576-11f0-94e1-9148d7950b64,Bisu892,193,3
2105,cb7dac10-6444-11f0-a8ce-a3b5dafbf2e5,세종실록지리지,193,3
2105,be88cbd0-6894-11f0-a4e1-475c4fab3557,카리스마행,193,3
2105,ad7870a0-6625-11f0-96fa-990fd0c2f326,디와이,193,3
2105,abec1ce0-6257-11f0-9cc2-cd7a6f91d9ed,김장군,193,3
2105,a4fa3560-6749-11f0-b6f9-9341b272f2ff,허수아비광땡,193,3
2105,a0e5de30-6a81-11f0-b350-274e47244e62,제2천마,193,3
2105,8d892ae0-66c6-11f0-aec7-5713ad4fbd95,김한류,193,3
2105,8afb2c20-62d8-11f0-a53e-f720860fcc8a,야식은족발보쌈,193,3
2105,891266c0-657c-11f0-ac7c-9d33cbbedf6a,강은유러버,193,3
2105,8888e0f0-64b7-11f0-ab17-bb62fb14935f,낭군,193,3
2105,849422a0-63b0-11f0-a58b-f92992047423,연후,193,3
2105,79ed84a0-68af-11f0-9ea1-858ee28c4119,순간적쾌락,193,3
2105,74c63df0-6530-11f0-a092-cfb4e8946e57,곰봄,193,3
2105,746bcb80-6478-11f0-a8d6-9514efa5ade9,달빛품은별,193,3
2105,6e6293a0-6828-11f0-8274-ef0dc71ff839,프리콩,193,3
2105,6cc146b0-67db-11f0-a7e3-81b6b73be647,장뚠뚠,193,3
2105,62e25f90-6505-11f0-a092-cfb4e8946e57,초장,193,3
2105,583f53f0-62c5-11f0-a53e-f720860fcc8a,건곤감리,193,3
2105,54aa51d0-637f-11f0-adf7-d1fabe44ecce,Dangnagi,193,3
2105,49f14930-63dc-11f0-9a87-810a40a679fa,뚱이e,193,3
2105,46f377a0-6970-11f0-bd0c-c3e4cbda7988,현욱짱,193,3
2105,30f90fc0-63d8-11f0-a68a-1f47317284ca,콩콩리더,193,3
2105,10ff22b0-684a-11f0-9858-4f568ed316af,Sion7,193,3
2105,055e29d0-66e0-11f0-b905-616e286946a4,fourzero,193,3
2132,f7662bd0-6468-11f0-82c1-d1354574f8a3,가보자고,192,3
2132,e9ab38d0-692e-11f0-bd01-4f9a91cb3d54,허이,192,3
2132,dca8df70-66f9-11f0-9d75-1fd8178eda43,얄라숑구리,192,3
2132,d0d373f0-642d-11f0-877d-c952436514c7,roxx,192,3
2132,cc9ef590-647b-11f0-bb5e-79bc0c4c5953,비설,192,3
2132,c46d44e0-63f8-11f0-83ae-cb0d7c1d5c99,생탱귤귤,192,3
2132,b571e650-69f5-11f0-87cd-13cc90e29527,정동인,192,3
2132,adf56330-61cf-11f0-94d1-0d70694c9e17,고라화,192,3
2132,a710ecf0-64c3-11f0-abac-67a696be1328,팔지니,192,3
2132,9f7f1a40-6868-11f0-9791-b9bcb3a2d4df,aurora,192,3
2132,93c588f0-6490-11f0-829b-d50781ca76af,아이라인,192,3
2132,7f0cd7f0-641e-11f0-a684-2b9cd36018bc,클리페,192,3
2132,7377a302-6371-11f0-b361-89751b9f7bfc,돈절래,192,3
2132,728bc0b0-6453-11f0-8944-5327091948db,dkfr123,192,3
2132,63de5220-629c-11f0-bbfa-65e8ef5c7ef9,지니어스박,192,3
2132,5c872e10-6289-11f0-b63f-7755b72aa50f,문승희,192,3
2132,59a72d20-66fe-11f0-abbe-1b148ce1c918,로옐,192,3
2132,53f92f50-64f5-11f0-89c4-91955faa19a3,이고양,192,3
2132,49b3d560-689a-11f0-8871-5dec1d16e3d2,멋쟁이영감,192,3
2132,42c23520-628d-11f0-b63f-7755b72aa50f,조조정,192,3
2132,3e5f5290-6532-11f0-8799-a56030339d38,스무디킹,192,3
2132,33607b50-6242-11f0-9c23-457fcdeb3714,로엔,192,3
2132,31f5d4d0-6ab3-11f0-aa73-c544fd48d310,아기민돌,192,3
2132,20f72760-6c2a-11f0-98cb-9992c3b823e7,하늘고백,192,3
2132,16cf6a80-691f-11f0-a1de-d56c01849062,닉네임표류기,192,3
2132,12547970-642c-11f0-83ae-cb0d7c1d5c99,김준수,192,3
2132,0269ef50-68bd-11f0-acc6-9fa957ae20ea,흠씨,192,3
2132,01d1cb80-62be-11f0-b78d-9fbbdf7f23fb,청우하산,192,3
2132,0171b950-623e-11f0-9b9e-13c7a7dd6c88,태국,192,3
2161,f3de4dc0-664e-11f0-8bf6-afeec62e00c0,2S313B,191,3
2161,e8825f60-637f-11f0-969f-574f3b894b44,샨티아,191,3
2161,e8390e50-6514-11f0-998d-6361b2224259,땋땋,191,3
2161,e590dd50-6446-11f0-9441-5df9253b0f52,홍글동,191,3
2161,d921af10-6539-11f0-a7a2-1dbf387388d6,섭군,191,3
2161,d8c2ca90-62e6-11f0-888b-4325034dd618,OF47,191,3
2161,d015cf30-6991-11f0-ae0d-6f90dae175ae,보라빛잎새,191,3
2161,c9960840-6721-11f0-924a-215eb8d4d8f2,지효효,191,3
2161,c9810d00-690b-11f0-ba60-039ed42b2da7,윤아은호,191,3
2161,c05b8df0-621b-11f0-abc2-914425398299,OneZero,191,3
2161,bf0083d0-62b5-11f0-a89f-3182c3b8adb5,skyeon,191,3
2161,bdb90ce0-62fb-11f0-ba81-0189884c815e,허허하허,191,3
2161,bc42ea00-6811-11f0-bb71-090a139da64b,푸른천둥,191,3
2161,acebfab0-6299-11f0-bb52-81a4b8daea44,인직,191,3
2161,a451f421-65ac-11f0-9b02-9934e4aaee80,민초세멸,191,3
2161,9e6fb650-64a8-11f0-ac20-8734dac19833,독고인,191,3
2161,9e222f40-63bb-11f0-8d07-390a61232108,난다냥,191,3
2161,97262c90-64f2-11f0-ad80-bf5616b7c1de,구차누,191,3
2161,8df647b0-678e-11f0-bb20-11ad96385100,ssaks,191,3
2161,8c49c780-668e-11f0-8d91-67464caa9884,뱅꾸,191,3
2161,7d411940-68ab-11f0-b6e5-1f4abc2a195f,홍길동아들홍단,191,3
2161,7cec7810-66d3-11f0-9c1f-6ff06ada37b6,헤이즐겜,191,3
2161,7bd3ab80-66c7-11f0-bec5-bbe08fa86bc3,사라질운명,191,3
2161,7a6eead0-6658-11f0-a776-73e6a717c241,화야,191,3
2161,70169730-64f1-11f0-8ef3-8dde64b39158,감자꿀,191,3
2161,6bab73d0-6831-11f0-9761-51cebb951ef6,거유폭유최고,191,3
2161,5f6b1d70-6334-11f0-899c-ed58ed9d92cb,hosun,191,3
2161,55f6b700-6969-11f0-bc56-3d09b4cf96b9,as24,191,3
2161,55dbc950-6666-11f0-ba90-31fb5fd677bf,마이헌,191,3
2161,54bb1740-641a-11f0-a3ab-515b7dbdbb4f,minjaema,191,3
2161,52dc6fe0-6551-11f0-9c27-69f5328b4cae,미닉,191,3
2161,5264d890-63d5-11f0-a9da-8b915b889dd4,거대원숭이,191,3
2161,4ba07840-63ba-11f0-a06c-a18ad4eb2f25,안녕안뇽,191,3
2161,46b4d8b0-6907-11f0-81c1-9ffa4d001a1f,조디악,191,3
2161,42da6d50-6267-11f0-9eb5-cf396344702c,에잎,191,3
2161,40b684d0-6539-11f0-80dc-511cb2391141,당다이,191,3
2161,3f995910-6449-11f0-9230-ab77de340b9d,무쪄웡,191,3
2161,3df5d2f0-63e0-11f0-89b8-61a649941dd1,구구콘마싯다,191,3
2161,399f1270-6692-11f0-81e8-61a96fc572eb,조웅,191,3
2161,183edd30-6436-11f0-93a4-af3680a69719,사과한대맞은뉴턴,191,3
2161,15c1c060-6835-11f0-b2fd-9d1d445c08a1,몰랏요잉,191,3
2161,116fbf00-6ae0-11f0-9ebc-25f4c2b0a5e6,큰형님,191,3
2161,10a86c90-669c-11f0-80e7-c54421442f0e,한방이아부지,191,3
2161,0e766eb0-67cb-11f0-b7d4-2f5c76a5f34a,무는찌,191,3
2161,0e079230-67c9-11f0-9dcc-6be6a4491fc7,노대퀸,191,3
2161,0d51df90-625f-11f0-98e7-390090cc87bc,달나,191,3
2161,008df010-6880-11f0-a0bd-8dd87dbd9058,츄츄마카롱,191,3
2208,f58e1f70-63c3-11f0-99a0-f791fadc47f8,깅낑깅,190,3
2208,eab9c330-624a-11f0-807b-b56290a6427d,낭만파,190,3
2208,e5619210-6519-11f0-8350-2bfe2b1cf2f9,민혁이나,190,3
2208,e5233490-63dc-11f0-bb86-97bdb11e4eed,D디디D,190,3
2208,dd84f540-62e0-11f0-8f11-77dd1d282e8c,필텅,190,3
2208,d1a837f0-6510-11f0-998d-6361b2224259,카시에,190,3
2208,c8a37d60-62ac-11f0-bf6e-91ab11ffb732,왕길하서,190,3
2208,c0a30720-64a0-11f0-b514-0be50f2b30c9,이안대군,190,3
2208,bcfed160-694d-11f0-8a8c-e705cbe6ed4d,으허허허,190,3
2208,b69c6a80-67ae-11f0-973f-ef189b93f10d,유성,190,3
2208,a7266160-678f-11f0-8310-8370146853a0,룰라,190,3
2208,9c14df10-6337-11f0-899c-ed58ed9d92cb,sug,190,3
2208,9a4f0980-64b3-11f0-b9c1-735c4e167b9f,개구리복덕방,190,3
2208,967d3400-6a24-11f0-8e3a-75f00633c49f,호니앙,190,3
2208,8c098da0-6382-11f0-b6f5-df7d29cfa051,육간,190,3
2208,8b7e8740-690a-11f0-ba60-039ed42b2da7,스토리,190,3
2208,88d19990-6542-11f0-8502-015c2c577c5f,이순신장,190,3
2208,798fd620-62ce-11f0-a89f-3182c3b8adb5,지구방위대,190,3
2208,7426d1f0-6375-11f0-8193-57e1c1f0634f,디지디디지,190,3
2208,6ce88140-667c-11f0-947d-2bc8c53aa547,공병수거함,190,3
2208,69ce8fa0-6261-11f0-bcbb-714564b525f4,IanFam,190,3
2208,69077750-63db-11f0-9a87-810a40a679fa,소다아빠,190,3
2208,660a11f0-627f-11f0-9eb5-cf396344702c,불굴의이준석,190,3
2208,62f19330-6ad6-11f0-b538-6192b34d2599,권리,190,3
2208,551dfb40-62bb-11f0-839f-d97137a128f6,쭈니코,190,3
2208,4a5ea1f0-6545-11f0-b8dc-e3660ae75e14,필그램,190,3
2208,48b9c830-678d-11f0-96a3-63b92fc00f1c,감귤라떼,190,3
2208,3d505d70-63db-11f0-bb86-97bdb11e4eed,양피롱,190,3
2208,386fbcf0-649f-11f0-b514-0be50f2b30c9,민드래곤,190,3
2208,3674e290-6869-11f0-a923-73f47e80bbb8,맹장,190,3
2208,33943850-646d-11f0-934d-3b333a678e8e,정난세,190,3
2208,31bcb750-62fb-11f0-b7c2-5907d7ac5d60,일등부동산,190,3
2208,28a01130-6206-11f0-b6b8-890977889e3d,쨈빵,190,3
2208,2292b410-67fa-11f0-966a-9ddfc9fc7a33,유진님,190,3
2208,1be8b0c0-6385-11f0-a716-97e6f4eb8e7d,총각귀신,190,3
2208,1781d940-64fb-11f0-ad80-bf5616b7c1de,모지,190,3
2208,16d07a40-62f0-11f0-be58-8570b5052512,가자가자12,190,3
2245,efcd33b0-668d-11f0-ba90-31fb5fd677bf,월슨,189,3
2245,e929ef80-647b-11f0-8847-9f16f919629d,한방통닭,189,3
2245,bddc4900-647f-11f0-bd3a-59ec6d6002f0,난세에난새,189,3
2245,b38c9330-65d1-11f0-9481-11caf47af484,혜원율쥴,189,3
2245,ae6f4e50-6bb8-11f0-948b-913c7c2d582b,연쇄유배범,189,3
2245,a990cf00-63dc-11f0-b0c8-0be5c747fc57,젠지,189,3
2245,a87da270-656a-11f0-b9e8-39d173baf429,어디냐,189,3
2245,976a7cb0-68d0-11f0-bd47-cf3af6acce80,복사,189,3
2245,94e17790-6872-11f0-a583-33b377bc2bee,천화,189,3
2245,90e36ed0-6518-11f0-8799-a56030339d38,혼고아이,189,3
2245,8fd39250-63a0-11f0-b91f-cbca55a9af76,낄낄,189,3
2245,80e82290-62a8-11f0-b99b-2fc53d965492,난쟁이a,189,3
2245,7feb0670-6530-11f0-8799-a56030339d38,인재님이다,189,3
2245,7e8394b0-6363-11f0-97d7-efff12aed0ab,미트,189,3
2245,768b6730-62b7-11f0-a89f-3182c3b8adb5,찌꼬,189,3
2245,74d76a30-688c-11f0-8a2e-739305bc1e9c,오쟌,189,3
2245,722e93a0-64a2-11f0-9c5a-4d7fccdae4d8,7963,189,3
2245,71204af0-6531-11f0-85dd-2db918fca576,달래코기,189,3
2245,6ad0e7c0-6830-11f0-91be-fd0afd1dac7d,IKONGI,189,3
2245,62053dc0-65fc-11f0-804e-c557b5379eb6,부동산업자,189,3
2245,5e072910-69b5-11f0-ae45-45a8c20b2c3a,조녁,189,3
2245,53bd1e40-64d5-11f0-846f-13edae8f7606,트리븐,189,3
2245,48679d70-69e6-11f0-9ccf-efc03aeeda2b,홈과보리,189,3
2245,3c38d3e0-6223-11f0-9813-b7579b20c221,토끼공주,189,3
2245,35570350-6433-11f0-93a4-af3680a69719,잠자는고래,189,3
2245,352dc930-6a01-11f0-9416-6d61d44d7bd3,블랙머리,189,3
2245,2ce16ef0-6478-11f0-9219-f9e5d8ffaccf,레티아,189,3
2245,12d564a0-64ad-11f0-bac8-c1efd8a8ec20,노력,189,3
2245,0c595920-64ac-11f0-bac8-c1efd8a8ec20,아니그게,189,3
2245,0ac2ac10-63c6-11f0-bb86-97bdb11e4eed,동우기부여,189,3
2245,05b98370-62b2-11f0-a53e-f720860fcc8a,시원하빈,189,3
2276,efbb2a50-6956-11f0-8a8c-e705cbe6ed4d,지평선의악마,188,3
2276,e98b3460-67d3-11f0-ac79-bd0f37322c34,자로,188,3
2276,e8c887e0-6476-11f0-9203-95da192fe506,신명,188,3
2276,e08f9f10-6452-11f0-b1b5-f7c1dd7354a3,김해랑,188,3
2276,d83a30b0-64f6-11f0-920f-d9bd8a2a820c,aaee,188,3
2276,d5f5a2a0-678d-11f0-83e9-4bc733aa8455,Renberto,188,3
2276,d4afb1b0-65b7-11f0-8b44-3ff58a49da64,자헤드,188,3
2276,cce9ad80-63a7-11f0-b630-4f8dc5617c79,헤이맨,188,3
2276,cb301320-69e8-11f0-81d8-d75e58d916af,규봉이,188,3
2276,ca667350-63ce-11f0-aab1-5f3bbe175c3e,재디파파,188,3
2276,c62a5f50-6747-11f0-924a-215eb8d4d8f2,밥풀대기,188,3
2276,be384a80-6465-11f0-a19b-cd9bee505425,vvgg,188,3
2276,b90f5070-64a7-11f0-8dc2-b1d7780ea280,가즈야,188,3
2276,b2dd3980-6496-11f0-aedf-55b71a55f5ce,둥디,188,3
2276,b2853b11-662e-11f0-ac19-9bda31ac5e16,강선구,188,3
2276,a817d420-639b-11f0-9b51-d36a85c863a7,슈퍼루키,188,3
2276,a3f80ab0-63f3-11f0-931c-5f0600bc75da,훈2,188,3
2276,93c8d850-69f6-11f0-9ccf-efc03aeeda2b,혼세마왕,188,3
2276,849e3280-6465-11f0-baaf-45c3a00048ee,깐부,188,3
2276,83bb2540-6293-11f0-b63f-7755b72aa50f,동석군,188,3
2276,83433130-6206-11f0-980a-396801ba63e1,나영후니,188,3
2276,829f7b90-63d1-11f0-bb86-97bdb11e4eed,은서파파,188,3
2276,7ef67571-69df-11f0-83c1-071402a58f9d,권률,188,3
2276,762ab540-6396-11f0-9b51-d36a85c863a7,뚜띠쓰,188,3
2276,73728930-638d-11f0-b482-59801d2d98ce,웅님,188,3
2276,6fea4c21-64a6-11f0-a231-37ac1ad01c02,환장,188,3
2276,6e0ea580-652e-11f0-a2f9-538e8d8649bf,밍솔이당,188,3
2276,6de393f0-6749-11f0-b696-57f6be140e14,꼉히꾸,188,3
2276,6cbc1550-6614-11f0-b9c4-fd8fa20ffc1f,아카마이즈,188,3
2276,62658810-64fd-11f0-86b2-95b4faeb80b4,민서공주,188,3
2276,5804b8b0-6385-11f0-a716-97e6f4eb8e7d,목상,188,3
2276,51aa72e0-695f-11f0-9f3a-d936e3ed6e3a,꿀떡이,188,3
2276,50370100-6bb5-11f0-a01f-e538764cd6d1,로마노,188,3
2276,4aff46f0-6aa4-11f0-a3f5-b7808f7fb4b1,남해,188,3
2276,4aa77d60-642a-11f0-83ae-cb0d7c1d5c99,낙이,188,3
2276,414d8d20-62a6-11f0-ab5c-d90c56584691,세종이도,188,3
2276,3b3d76c0-676f-11f0-b0f7-150f790a3a6f,오이잉,188,3
2276,3915aac0-62fb-11f0-a53e-f720860fcc8a,여행가,188,3
2276,329cecf0-64a2-11f0-b5c8-a523170b964a,푸릉,188,3
2276,2f1e3b10-6853-11f0-9f70-758f6a5c165e,위반닉네임002,188,3
2276,2a318e30-6499-11f0-bbfe-0d14bcd852b5,안응구,188,3
2276,20090530-6969-11f0-beb9-e90f877fe308,정쾌남,188,3
2276,15acaec0-6856-11f0-9858-4f568ed316af,밀하수스,188,3
2276,11b83a80-6ab0-11f0-aa73-c544fd48d310,원소,188,3
2276,0c03f4d0-62f9-11f0-b4b3-99d44587a070,달리FC,188,3
2321,eee5c530-6240-11f0-a514-49ea4fb7f89a,지천이,187,3
2321,eec5a170-639d-11f0-8ad1-495afdf38cf0,eagerly,187,3
2321,ec403090-6736-11f0-924a-215eb8d4d8f2,거타지,187,3
2321,eb6e2520-63b5-11f0-8d07-390a61232108,레담,187,3
2321,e2486f90-67a8-11f0-aed9-e7219e4530ad,아까그넘,187,3
2321,deab5260-67fa-11f0-a89c-59b4d27efb99,천제국왕,187,3
2321,d71303e0-6769-11f0-afb1-9943a4ca83cf,파군성,187,3
2321,ce440630-63cf-11f0-a9da-8b915b889dd4,원필,187,3
2321,c98d9610-64ab-11f0-b5c8-a523170b964a,탈리온,187,3
2321,c7ed9760-68ed-11f0-b6e5-1f4abc2a195f,별찌,187,3
2321,c7326da0-641f-11f0-877d-c952436514c7,거제시,187,3
2321,b3854b40-6223-11f0-9ed2-2327c5a1ff14,이터널리턴,187,3
2321,b3087670-6ab0-11f0-aabe-19fce0d146b1,4827,187,3
2321,b2e7b740-648a-11f0-9e55-714c36f08739,PODO,187,3
2321,b1749a50-63fd-11f0-b314-3925c9c0ffa7,고뭉,187,3
2321,af8bd9a0-6a3e-11f0-b7a5-333dfc345c53,임의변경,187,3
2321,ad031b50-691f-11f0-9489-df1a9dcf8e7b,난세꽃등,187,3
2321,acd0e770-65a0-11f0-9b02-9934e4aaee80,MY,187,3
2321,ab65a0a0-62cc-11f0-b252-a1a047cc5cf1,독개미,187,3
2321,995e4ae0-6445-11f0-ab0c-317be3d6b0a6,글리세린,187,3
2321,9860c210-67a8-11f0-a23d-0315df37054e,백두혈통,187,3
2321,94f2dfd0-6bab-11f0-a51b-7569b844c4d8,업적,187,3
2321,926e03c0-63d6-11f0-9a87-810a40a679fa,스하츠,187,3
2321,8f78a890-6215-11f0-a026-2b3e93922249,양구,187,3
2321,8f576ae0-6297-11f0-bcbb-714564b525f4,바다풍경,187,3
2321,8e400e40-6978-11f0-ae0d-6f90dae175ae,땡후루,187,3
2321,7ff965b0-679e-11f0-8c7f-63c7098c1960,지삼선생,187,3
2321,7f417f70-69a3-11f0-86e2-d3a55f318685,가오니파파,187,3
2321,79295fe0-69e4-11f0-83c1-071402a58f9d,헤모,187,3
2321,78a12030-683b-11f0-9187-bfb76cd46158,곽철도,187,3
2321,76624680-6487-11f0-b749-97e97e025ce2,권왕,187,3
2321,72134b90-6533-11f0-a092-cfb4e8946e57,욱이꿍,187,3
2321,6514a2d0-639a-11f0-b91f-cbca55a9af76,노엘갤러거,187,3
2321,63cb4fe0-625b-11f0-9cc2-cd7a6f91d9ed,yunanuy,187,3
2321,5f46fad0-630c-11f0-b218-43a24c54b5c1,귀여운젤리곰,187,3
2321,58a38140-6a4a-11f0-b4af-bd0ab1be2018,유성별,187,3
2321,5663d350-668d-11f0-aee9-63d133f73255,coupan,187,3
2321,55e7db20-6551-11f0-a338-71463213c56c,템프,187,3
2321,530b3fc0-649b-11f0-90f2-efb4d5ac17d9,rorori,187,3
2321,43b1f130-63de-11f0-b6e0-95710897614e,채빠빠,187,3
2321,42e7f200-6400-11f0-83b6-f799b6a4bcd6,애니71,187,3
2321,3e4c8670-6388-11f0-adf7-d1fabe44ecce,다움이룸,187,3
2321,3dbc0460-6487-11f0-bbfe-0d14bcd852b5,백호랑이,187,3
2321,3be16630-6301-11f0-ac70-a708c19ff45f,진모기,187,3
2321,3b221560-6805-11f0-9069-eb268d57af69,JJ8D8,187,3
2321,32f42b30-63d2-11f0-aab1-5f3bbe175c3e,이줘언노,187,3
2321,32826b20-6365-11f0-a70b-97528033efd5,K31,187,3
2321,2cf52580-655e-11f0-9d97-192c64bf62e6,글라시어,187,3
2321,29019180-64cc-11f0-998d-6361b2224259,틸트,187,3
2321,28e10d00-6744-11f0-a3b5-cb7d513a283d,민뚜님,187,3
2321,275f2bc0-66f3-11f0-94fd-bd0b371894b0,호유세,187,3
2321,253841b0-6833-11f0-95d9-cb40036bb5ef,천지개벽,187,3
2321,24ef9470-6779-11f0-bcc9-bd1830454154,초보산적,187,3
2321,232dec70-6285-11f0-b831-2509b113c5f4,노룽,187,3
2321,232ba080-650c-11f0-b0f9-9b13bf283379,을지문덕워터밤,187,3
2321,11a510c0-6ae9-11f0-b19c-67c669359d64,대장군,187,3
2321,06ac4e60-6885-11f0-a66a-17ffc6bb3860,나정아,187,3
2321,021748c0-66cb-11f0-9bdd-e11867fc3a11,어흥범,187,3
2379,ff96d7c0-634e-11f0-a70b-97528033efd5,연리향,186,3
2379,f1fbc0f0-6955-11f0-887b-73f0ee57cca3,포코로,186,3
2379,ea41a340-6219-11f0-abc2-914425398299,벚꽃보름달,186,3
2379,e998f5b0-68f4-11f0-bf27-69600f7373fa,하얀늑대들,186,3
2379,e8944bb0-652a-11f0-a092-cfb4e8946e57,황정민과베르사유,186,3
2379,d93908e0-621e-11f0-9813-b7579b20c221,자라나라모리,186,3
2379,d4d175e0-6317-11f0-b4ac-230641ea7477,청앤봉2,186,3
2379,d3cf7c40-6917-11f0-b776-39555a34501f,자잉,186,3
2379,d33e9d60-6958-11f0-86e2-d3a55f318685,밍밍꼬,186,3
2379,d2169230-68d6-11f0-8188-61fc44a09398,하늘호랑,186,3
2379,c24096c0-637d-11f0-969f-574f3b894b44,리예,186,3
2379,bc40f850-688c-11f0-a0e9-5d846571bf1a,라미아빠,186,3
2379,bb7497e0-689d-11f0-8ae3-a58cfb24317d,영령,186,3
2379,adb86b40-6532-11f0-a7f2-95dc17e8a4b9,중지,186,3
2379,ace1b2b0-6363-11f0-9145-a52c50a03179,배아픈거북이,186,3
2379,a8f3b620-6454-11f0-9a7f-07d3d9b1e362,프론토사,186,3
2379,a81ee530-65ad-11f0-adab-e3842e797e8d,0YG0,186,3
2379,a5d01cf0-6ac0-11f0-9563-35208c1cb4b3,sh,186,3
2379,a39f0b30-6525-11f0-8799-a56030339d38,glgl,186,3
2379,a1a03310-6366-11f0-ba6d-31d76c70e10b,팡팡88,186,3
2379,a184f370-6807-11f0-966a-9ddfc9fc7a33,최사전,186,3
2379,9d776b40-6998-11f0-8b3f-73b93d01f6b0,난망고다,186,3
2379,9d2ac380-69e8-11f0-9ccf-efc03aeeda2b,그라데우스,186,3
2379,99cad490-6593-11f0-aa71-8dc1a82ba9d7,조아만,186,3
2379,9338b7f0-6340-11f0-9eba-319c3c5b72eb,커저마,186,3
2379,91f55ea0-66c6-11f0-a45a-8fae72bafa7b,청꽃나무,186,3
2379,82267cf0-66f0-11f0-abbe-1b148ce1c918,아키츠키,186,3
2379,7a636bc0-6b7f-11f0-9c79-a1775c9a0b89,수르곤,186,3
2379,79021960-6621-11f0-ba0e-5d9d6daabc7d,꿈꾸는이리,186,3
2379,71c29560-6434-11f0-83ae-cb0d7c1d5c99,tnqls,186,3
2379,6b0271d0-647c-11f0-934d-3b333a678e8e,키키무,186,3
2379,62813b00-63cc-11f0-aab1-5f3bbe175c3e,mira,186,3
2379,5f232790-64ab-11f0-b5c8-a523170b964a,떠리,186,3
2379,5b39aed0-622e-11f0-bdb7-819f1f98ca98,망듀황,186,3
2379,50eaa7e0-69b8-11f0-a94a-9f7e552760ea,neti,186,3
2379,4eeea470-69f2-11f0-81d8-d75e58d916af,달순,186,3
2379,4ca8e540-62c2-11f0-b78d-9fbbdf7f23fb,설설,186,3
2379,4c0c1850-632b-11f0-8900-17942e280829,minki,186,3
2379,452356d0-6523-11f0-b0f9-9b13bf283379,츠우기,186,3
2379,44e4b0d0-6aad-11f0-aa73-c544fd48d310,화양동이,186,3
2379,44280f20-690e-11f0-9163-9b37cd4f63ff,TTB,186,3
2379,43423c00-66ea-11f0-abbe-1b148ce1c918,yuni,186,3
2379,41bdc040-699a-11f0-86e2-d3a55f318685,에어컨,186,3
2379,3f84c5c0-6761-11f0-a400-f13433aed9e8,Oscar,186,3
2379,354be2b0-6265-11f0-b63f-7755b72aa50f,로겐,186,3
2379,32b584f0-69fb-11f0-83c1-071402a58f9d,기승전망,186,3
2379,26996340-639c-11f0-b91f-cbca55a9af76,리두옹,186,3
2379,1fc41480-671a-11f0-924a-215eb8d4d8f2,인생은운빨,186,3
2379,1ee85080-6788-11f0-958a-a1ef21446339,채봉이,186,3
2379,17a5dd00-6761-11f0-a400-f13433aed9e8,D0KYUNO9,186,3
2379,16a38e00-6489-11f0-9735-dfa72435bf25,세라비,186,3
2379,1041e730-6afd-11f0-b9ff-177222c18354,대충혀,186,3
2431,e6d1da00-69f2-11f0-81d8-d75e58d916af,판초의,185,3
2431,dda37100-6786-11f0-bf08-6be28b2f5825,관구검,185,3
2431,cbbf5660-633b-11f0-899c-ed58ed9d92cb,한살1,185,3
2431,b4a68190-6577-11f0-b5ae-9f72a71a5588,원영아빠,185,3
2431,b34937d0-6440-11f0-8944-5327091948db,제주대,185,3
2431,9980a750-61d1-11f0-9013-d96ece29cf71,한국사는설민석,185,3
2431,894cf820-63a2-11f0-bf20-b3f2ea84f71a,돼지는꿀꿀,185,3
2431,799b0240-6556-11f0-aed2-e9684f688284,노가리왕,185,3
2431,748c9210-6a9b-11f0-b350-274e47244e62,Realize,185,3
2431,714d8460-6a32-11f0-a072-43284e76d57a,정뚜억,185,3
2431,6b44a420-627d-11f0-b831-2509b113c5f4,전독자,185,3
2431,61e03d90-6520-11f0-b0f9-9b13bf283379,아담,185,3
2431,54ff1ae0-6798-11f0-b260-a3dff8d31dff,여부,185,3
2431,4e5816f0-6235-11f0-bbfd-8564365ef7ff,두려움없다,185,3
2431,4107abb0-62c0-11f0-b78d-9fbbdf7f23fb,위드,185,3
2431,3c02fa00-6498-11f0-91af-e789610f26b8,와사비베어,185,3
2431,38831dc0-63b6-11f0-a06c-a18ad4eb2f25,안돼,185,3
2431,1a5a96d0-646e-11f0-9929-49fcfc223a08,dhfl07,185,3
2431,0f8975e0-678a-11f0-9302-817873db101a,김양,185,3
2450,fd12e0c0-6466-11f0-b9a2-71a70b35ee88,능구,184,3
2450,d8a30320-63ce-11f0-aab1-5f3bbe175c3e,키루,184,3
2450,b5ef6d10-644a-11f0-b3d6-0f89e1a2d28e,궁디빠샷,184,3
2450,a278afa0-6a33-11f0-91fb-f3d72dd3b194,한국사능력검정,184,3
2450,95ab3cf0-6882-11f0-ab07-e362b72773e2,홍월이,184,3
2450,8e7a0330-6508-11f0-b0f9-9b13bf283379,조질란테,184,3
2450,8deff8d0-622d-11f0-b912-9b874d01aab6,희사,184,3
2450,6f466000-62ae-11f0-bf6e-91ab11ffb732,무너,184,3
2450,56d9dbe0-6778-11f0-958a-a1ef21446339,차누스,184,3
2450,4df4bdc0-6394-11f0-929e-756b01201a20,도수,184,3
2450,4247a161-6784-11f0-ac22-89a616aaf971,잠온다1,184,3
2461,f5e1f0c0-6821-11f0-966a-9ddfc9fc7a33,능애,183,3
2461,dc4e4970-69c4-11f0-9adb-01ec0e539aaf,딱지아빠,183,3
2461,dc04a190-6577-11f0-8ee0-7fdf94bcc26c,나나b,183,3
2461,d51c9c10-691f-11f0-9163-9b37cd4f63ff,풍뎅이,183,3
2461,c8a38dc0-6246-11f0-86ad-5de35a576cc5,콩떡아빠,183,3
2461,c76b92f0-6407-11f0-83ae-cb0d7c1d5c99,지자스,183,3
2461,67d607a0-62e8-11f0-888b-4325034dd618,코미,183,3
2461,603615b0-63d0-11f0-aab1-5f3bbe175c3e,비수리,183,3
2461,476af290-6483-11f0-923b-cb064b77cde3,뚱전사,183,3
2461,38c6efa0-63d9-11f0-a68a-1f47317284ca,서율,183,3
2461,2f1f7810-695a-11f0-9c6c-658573885763,난세의영웅7,183,3
2461,1dcad390-69ee-11f0-87cd-13cc90e29527,조은이,183,3
2473,f6e1c000-6aff-11f0-98ff-ddeba8e6efb9,스캣,182,3
2473,e5a365f0-6c80-11f0-b06f-1bb3858adc4b,문순우,182,3
2473,e05e14d0-62ff-11f0-b7c2-5907d7ac5d60,빅딜,182,3
2473,cd5bb9e0-66c0-11f0-8fbf-0fdd93624d2c,파파뀨뀨,182,3
2473,babbf270-640c-11f0-bcbf-2b7f0b4e55b1,발도제,182,3
2473,b2c13720-69a6-11f0-ae45-45a8c20b2c3a,맥주먹고,182,3
2473,890b0c30-655a-11f0-9028-6d8f473a814e,한능검1급0,182,3
2473,865ad260-67a1-11f0-8c7f-63c7098c1960,루슬롱,182,3
2473,832d1050-6236-11f0-a73e-efd8221a47bb,하늘이야기,182,3
2473,75f6b830-6760-11f0-8852-f7df1a25931d,에이스5,182,3
2473,6dbf7720-66ba-11f0-9bdd-e11867fc3a11,고스트오키드,182,3
2473,652199c0-683d-11f0-9187-bfb76cd46158,Schatz,182,3
2473,5a31efb0-6487-11f0-9155-fd42f9440840,서준핑,182,3
2473,599c46e0-62fc-11f0-ba81-0189884c815e,피자플렉스,182,3
2473,336ec070-6756-11f0-98ea-7ddc3019d1e3,동이랑,182,3
2473,20edbc00-6a7e-11f0-a2df-991efc0d0138,김안축,182,3
2473,1fa61bc0-6b79-11f0-ac08-d9342196c949,민인쓰,182,3
2473,06da78d0-632b-11f0-9a9d-576877acc917,펩시왕,182,3
2491,f7105870-683e-11f0-b67b-53511e47b780,hx,181,3
2491,e9b44770-6958-11f0-9f3a-d936e3ed6e3a,고럭,181,3
2491,deee60e0-68e1-11f0-bf27-69600f7373fa,사임당,181,3
2491,da5bef60-6b71-11f0-a77d-bf1628fd022c,청령,181,3
2491,cb5b4fd0-646c-11f0-b988-07f0a97cfdc2,성난곰돌이,181,3
2491,a50f8fa0-63bb-11f0-aab1-5f3bbe175c3e,비갈,181,3
2491,95be6410-63d2-11f0-aab1-5f3bbe175c3e,페라노이드,181,3
2491,861f28d0-6447-11f0-8944-5327091948db,에리카준,181,3
2491,7d44bdf0-6907-11f0-a7d6-510d8ad9ebff,표류킹,181,3
2491,78bf0060-6204-11f0-8954-d1ddcca9d272,라온누리,181,3
2491,4ea78490-698a-11f0-9567-3b74e61607c2,하르모니,181,3
2491,4c2fb520-693a-11f0-9f89-dbb641051642,서백,181,3
2491,40fceab0-63db-11f0-b5a1-97526412eaf0,짱길동,181,3
2491,394a0320-661a-11f0-af0d-077471ee5827,박재희,181,3
2491,3685d640-666b-11f0-8b65-97eb249c79b0,깽쓰,181,3
2491,329ed270-6215-11f0-abc2-914425398299,추몽,181,3
2491,2951dff0-64c2-11f0-b794-e100305ee87a,옥야뉴맨,181,3
2491,1321a950-620f-11f0-abc2-914425398299,박진영,181,3
2509,ecf39a80-64a3-11f0-b5c8-a523170b964a,피금,180,3
2509,d2c0b500-626c-11f0-b63f-7755b72aa50f,소주삼천원,180,3
2509,b0024bb0-6568-11f0-844a-4f48097dc8d0,공낭,180,3
2509,ac7fb710-69ba-11f0-a3fa-29dcc74be0f9,PFAS,180,3
2509,a7dbf4c0-6529-11f0-a092-cfb4e8946e57,브신,180,3
2509,86a13560-69be-11f0-83c1-071402a58f9d,불짜장,180,3
2509,7d8dfc90-63d0-11f0-8f11-17371de17e69,글록시니아,180,3
2509,76d20a10-6aef-11f0-a6ea-759c93ed2c8f,네네요,180,3
2509,67fca010-6a07-11f0-83c1-071402a58f9d,길동사마,180,3
2509,5e010000-69e0-11f0-83c1-071402a58f9d,꿍도사,180,3
2509,58594700-64a6-11f0-b5c8-a523170b964a,떡대,180,3
2509,4c98ef60-6375-11f0-81ce-77cec8a0fab2,아르티언,180,3
2509,4c798b90-671a-11f0-a764-331beb7dec8b,진순,180,3
2509,489ecba0-6889-11f0-a167-fd5589de04b4,문드르륵,180,3
2509,3cc08090-67ac-11f0-973f-ef189b93f10d,Nicer,180,3
2524,e9e077d0-6487-11f0-a086-85e9f4d94fe9,류리,179,3
2524,def98a60-6963-11f0-9f3a-d936e3ed6e3a,아이요,179,3
2524,cf641f10-6536-11f0-a7a2-1dbf387388d6,메딕리,179,3
2524,af724940-657f-11f0-8be9-7bc4b954113d,삼봉이형,179,3
2524,9cf0c2f0-67d3-11f0-9a8a-bd13830ecd07,만만이,179,3
2524,5fc4d060-639b-11f0-a4da-3d0ef443f21c,아따맘마,179,3
2524,59bc2300-6501-11f0-ad80-bf5616b7c1de,진민영,179,3
2524,4c779d50-66fa-11f0-b905-616e286946a4,가우리열제,179,3
2524,47ee9e10-651e-11f0-b0f9-9b13bf283379,Chelsea,179,3
2524,4553f930-6522-11f0-9621-7131280460fb,도챠,179,3
2524,2cfa66a0-6985-11f0-86e2-d3a55f318685,Tien,179,3
2524,2bbfbb00-6467-11f0-b9a2-71a70b35ee88,금화,179,3
2524,1ab09ab0-649d-11f0-8dc2-b1d7780ea280,마성용,179,3
2524,1529e980-696f-11f0-ad4d-5f2efa676c7d,껌성,179,3
2524,0ba74900-6471-11f0-8f23-45c01c2040fe,유설장카,179,3
2539,f3231be0-6842-11f0-9187-bfb76cd46158,듸no,178,3
2539,e9dd06f0-643b-11f0-99c8-7b44769d223b,누리여사,178,3
2539,e3c9b610-66b0-11f0-bead-d54787f6b724,아쉬,178,3
2539,da1aa020-655c-11f0-bcb8-43d28e4aad0d,영훈님,178,3
2539,c35ed1f0-6483-11f0-923b-cb064b77cde3,플로아,178,3
2539,a6257660-68f3-11f0-bf27-69600f7373fa,더베,178,3
2539,a006ceb0-6956-11f0-887b-73f0ee57cca3,PRO,178,3
2539,93f7f0f0-644b-11f0-9a7f-07d3d9b1e362,rolro,178,3
2539,8259ce50-6445-11f0-b0d3-514122d47fb8,태종태세문,178,3
2539,8220f261-63f5-11f0-acbf-1d9f838efc8f,준쓰기,178,3
2539,81f53010-6a9b-11f0-97df-4b76eb1e1edb,츄즙,178,3
2539,81a3ae50-6822-11f0-866d-112a867bb82d,파라오의무덤,178,3
2539,486a5750-6abc-11f0-b350-274e47244e62,토낑이,178,3
2539,31d6f6c0-6453-11f0-b822-39b72d0fce03,신라청정,178,3
2539,202174b0-6312-11f0-b218-43a24c54b5c1,텐봉,178,3
2539,123f1ef0-6377-11f0-81ce-77cec8a0fab2,이채영,178,3
2555,f5324d80-64b8-11f0-ab17-bb62fb14935f,냥냥규,177,3
2555,f0a27670-69ed-11f0-9adb-01ec0e539aaf,다크주,177,3
2555,e5321f00-67c9-11f0-a86b-6be161d85452,김c1,177,3
2555,da85e4a0-6847-11f0-b297-a75635c318ec,달이얀,177,3
2555,d9f3cae0-6ac5-11f0-887f-c18cdf79257d,난세상,177,3
2555,d8b082b0-6244-11f0-9ca6-b18ea4730904,sorom,177,3
2555,d5a00610-68e1-11f0-b6e5-1f4abc2a195f,카부,177,3
2555,d0179290-62af-11f0-bf6e-91ab11ffb732,dfyy,177,3
2555,bcdd91f0-6464-11f0-934d-3b333a678e8e,A서지,177,3
2555,ac456c20-6a89-11f0-a3f5-b7808f7fb4b1,남방신주작,177,3
2555,aa40bf10-63d1-11f0-b33e-f1ed11ff4ba9,순대,177,3
2555,a8336e80-6303-11f0-93c0-3fa3bb7fad1e,고장난콤퓨타,177,3
2555,a58caed0-620e-11f0-bb06-d93a803c5efb,난세두,177,3
2555,983e07c0-62da-11f0-a53e-f720860fcc8a,승채승연아빠,177,3
2555,92d906d0-6524-11f0-a768-59219107ad21,모너,177,3
2555,8c6bab10-6554-11f0-aed2-e9684f688284,덕유산담비,177,3
2555,88798d70-63a0-11f0-b91f-cbca55a9af76,subin,177,3
2555,86a1a7b0-6375-11f0-93a2-07eee2598884,차니아빠,177,3
2555,7a962af0-6a13-11f0-87cd-13cc90e29527,시정잡배,177,3
2555,78923ea0-6573-11f0-9b02-9934e4aaee80,동글이,177,3
2555,64c5f2f0-6842-11f0-9858-4f568ed316af,홍귈동,177,3
2555,64c0efc0-6235-11f0-b669-bf2d1b52708a,집누누,177,3
2555,5e1c70e0-6767-11f0-ac22-89a616aaf971,수앙,177,3
2555,518835a0-6350-11f0-9eba-319c3c5b72eb,몰티즈,177,3
2555,50b4a0e0-6851-11f0-9a92-175f0d2b5caf,jhk,177,3
2555,4e390d60-63ce-11f0-8a6c-c348a09bcc5f,유일유이,177,3
2555,433bb0a0-62ea-11f0-862d-ab549d322a06,카프리,177,3
2555,33724680-646f-11f0-9929-49fcfc223a08,호아이,177,3
2555,305d8da0-6489-11f0-9735-dfa72435bf25,정크스,177,3
2555,2f36c380-6900-11f0-9ae7-91cf7169e2c4,봄마토,177,3
2555,25507dd0-68a5-11f0-9e37-0f658bb23b20,들개군단,177,3
2555,0b6b4610-622f-11f0-aa91-9b126fa90fce,박루카,177,3
2555,08cb7e50-6376-11f0-81ce-77cec8a0fab2,수통사,177,3
2555,07197e80-6719-11f0-a3b5-cb7d513a283d,한구,177,3
2589,f93e1c40-657d-11f0-9f25-1147ddd387e8,아이디,176,3
2589,f7dfc1f0-6352-11f0-899c-ed58ed9d92cb,시닞호,176,3
2589,eef40a70-6aae-11f0-aa73-c544fd48d310,제이엠,176,3
2589,e50442d0-6448-11f0-9230-ab77de340b9d,짜파구리,176,3
2589,e37cadb0-6693-11f0-ba90-31fb5fd677bf,쿠키아빠,176,3
2589,dee19fe0-6792-11f0-8310-8370146853a0,도별사,176,3
2589,de0a7f90-64ba-11f0-a475-093604a1564e,니얼굴강신우,176,3
2589,d0907ab0-6431-11f0-83ae-cb0d7c1d5c99,몰렉스,176,3
2589,d012ba60-621c-11f0-9b80-6dacbd1dec23,진집사,176,3
2589,cdb87490-662b-11f0-96fa-990fd0c2f326,djqqek,176,3
2589,c6ad9940-64fb-11f0-89c4-91955faa19a3,융예,176,3
2589,c48356f0-6221-11f0-9813-b7579b20c221,아노도스,176,3
2589,bd369870-6a38-11f0-bb35-39258fb67c91,검동현,176,3
2589,b2cdc4a0-622f-11f0-9779-6fe734edca5c,봉길이,176,3
2589,affd34f0-649f-11f0-ac20-8734dac19833,센츠,176,3
2589,ab205550-623f-11f0-8ed7-4f4ea466921e,배복치,176,3
2589,a69af110-64ac-11f0-b557-b9d4a65b18c9,램트,176,3
2589,a60a1ab0-6357-11f0-9eba-319c3c5b72eb,리자몽,176,3
2589,a0afe960-6397-11f0-8ad1-495afdf38cf0,안지웅,176,3
2589,935c99b0-64ab-11f0-b1cd-0d1cc4ad7263,탈모없엉,176,3
2589,92161ec0-6652-11f0-96fa-990fd0c2f326,명량이순신,176,3
2589,916754e0-6615-11f0-9bc2-75dc4ebbb217,미남짱74,176,3
2589,8c1bb240-63d3-11f0-9a87-810a40a679fa,나른,176,3
2589,796ece50-69d9-11f0-9ccf-efc03aeeda2b,꿀귀,176,3
2589,78c400f0-639a-11f0-8ad1-495afdf38cf0,닉네임은무엇,176,3
2589,7841f300-62c6-11f0-b968-b15002a4efc3,sworks1,176,3
2589,6f281020-6770-11f0-a190-3fac60e588db,o0도도아빠0o,176,3
2589,6da63fd1-6246-11f0-807b-b56290a6427d,오리팅이,176,3
2589,6849abd0-62fa-11f0-a53e-f720860fcc8a,준서아빠,176,3
2589,642290e0-647a-11f0-934d-3b333a678e8e,시와니아빠,176,3
2589,5cbeec90-683f-11f0-8349-bdc8a6bf6522,도윤,176,3
2589,54eba780-63f6-11f0-89c3-81bc4ed5aa4e,드비,176,3
2589,4f7ea010-67dc-11f0-8812-73bb8ef7c9b8,솜솜,176,3
2589,4f583a50-69b3-11f0-86e2-d3a55f318685,하얀띠,176,3
2589,4ba269a0-6231-11f0-9779-6fe734edca5c,우우야야,176,3
2589,46c20cd0-68bf-11f0-bd47-cf3af6acce80,붉고푸른,176,3
2589,4087eaa0-6771-11f0-a56e-350f62dee2d1,또로롱,176,3
2589,3c1f4710-69e7-11f0-81d8-d75e58d916af,구찌앤참깨,176,3
2589,2c420670-63cf-11f0-8f11-17371de17e69,이파리당,176,3
2589,1ece3eb0-63ec-11f0-9996-537761cc5624,양장,176,3
2589,1ca3c310-69ca-11f0-83c1-071402a58f9d,북극곰한마리,176,3
2589,1abd8510-66e4-11f0-b905-616e286946a4,ehdrb938,176,3
2589,0fb45fa0-626a-11f0-bcbb-714564b525f4,신상근,176,3
2589,07840f50-6699-11f0-89e7-619078271bef,sandy,176,3
2589,056db430-64b1-11f0-a8b2-13458b8aee05,gom탱이,176,3
2589,00870aa0-66b1-11f0-bbca-cb910a6526e3,형형형형수르,176,3
2635,fdd45f10-6381-11f0-b6f5-df7d29cfa051,어쩔씨구나,175,3
2635,f2bceed1-69e9-11f0-9adb-01ec0e539aaf,소금과후추,175,3
2635,cfef2bd0-6498-11f0-829b-d50781ca76af,조강두,175,3
2635,bfb40c10-69aa-11f0-8b3f-73b93d01f6b0,만식,175,3
2635,b6064420-6631-11f0-a8e2-5d76c20cdf0d,간석동라모스,175,3
2635,af6fd050-6513-11f0-9836-2f0bfe63bad8,딱복,175,3
2635,a26cf030-632a-11f0-bd91-910ab5255abf,goban,175,3
2635,967fe780-639f-11f0-8ad1-495afdf38cf0,아스널흥해라,175,3
2635,631bb560-6410-11f0-a684-2b9cd36018bc,정아란,175,3
2635,56e03f80-62cd-11f0-a89f-3182c3b8adb5,저소득층,175,3
2635,326aeac0-62d1-11f0-b968-b15002a4efc3,성예,175,3
2635,296b9960-6489-11f0-b749-97e97e025ce2,세은,175,3
2635,03e36d00-681a-11f0-966a-9ddfc9fc7a33,요리요리조,175,3
2648,db6e0900-63d9-11f0-a9da-8b915b889dd4,너하고,174,3
2648,d30f2650-69c3-11f0-a669-cf0eea211da7,LEE예지,174,3
2648,8caede80-62f7-11f0-9a8c-95ea4c8b6842,쭈니찌니,174,3
2648,8bbb4b10-6218-11f0-bbfd-8564365ef7ff,하동,174,3
2648,7ce17cd0-689a-11f0-905e-c7bed89e0fd3,사신마제,174,3
2648,4411a6a0-654d-11f0-b2c1-8bbad5215734,6005,174,3
2648,2ae66ba0-6bb2-11f0-a51b-7569b844c4d8,위화도,174,3
2648,22e41060-62c0-11f0-b038-1df969c0d9a5,백작,174,3
2648,1e8a7330-6642-11f0-bc55-a5513d849ef9,엉지,174,3
2648,17068510-68e8-11f0-bf27-69600f7373fa,홍아무개,174,3
2658,f1964cf1-6727-11f0-b6f9-9341b272f2ff,표사김씨,173,3
2658,d646f300-66f5-11f0-9ad9-754fbbb65ee8,애쉬v,173,3
2658,d472afd0-63e2-11f0-9b30-bfc50fd617fd,얼짱,173,3
2658,ce8c44a0-6491-11f0-bbfe-0d14bcd852b5,EH랑,173,3
2658,cc3c2f80-6a36-11f0-b300-e9c2d95db7e9,꽃채린,173,3
2658,ca891550-6896-11f0-b8d4-35bd2533c6c0,강공e,173,3
2658,c42c80c0-6297-11f0-8e72-11fb63eb28f5,레오랑,173,3
2658,c29d2940-695d-11f0-9c6c-658573885763,KENZO,173,3
2658,ba4d56b2-66c0-11f0-8fbf-0fdd93624d2c,집나간광어,173,3
2658,9da50c00-63e7-11f0-896b-3f87fa97e260,깔꼼,173,3
2658,97593320-65a5-11f0-b5ae-9f72a71a5588,나라던진윤계엄,173,3
2658,85f41a00-66e0-11f0-b905-616e286946a4,우탱클랜,173,3
2658,82c80970-6395-11f0-8ad1-495afdf38cf0,달덩이,173,3
2658,7f79c800-68a7-11f0-b6e5-1f4abc2a195f,강백약,173,3
2658,7bf93db0-63ce-11f0-8a6c-c348a09bcc5f,모과차,173,3
2658,74324240-6818-11f0-bb71-090a139da64b,파란햇님,173,3
2658,51eecec0-6876-11f0-86a1-a797fc52376e,휘뚜루,173,3
2658,4ea815f0-6399-11f0-a4da-3d0ef443f21c,MAS,173,3
2658,4def3010-6242-11f0-a33f-f73020b95b05,무한돈까스,173,3
2658,4892f050-660e-11f0-9498-53e9ee74d283,FoF,173,3
2658,47874260-656e-11f0-9e57-bf5444bb216e,ksm,173,3
2658,3c8f6ec0-6328-11f0-8178-d365b3cc7cb0,도도큐,173,3
2658,3ae578d0-67c9-11f0-ad14-65e61f3d57c6,서탄마두,173,3
2658,2e5cad10-63a3-11f0-bf20-b3f2ea84f71a,승이s,173,3
2658,2bef3890-69cf-11f0-9adb-01ec0e539aaf,완달,173,3
2658,1fa782e0-6448-11f0-9441-5df9253b0f52,에이스광현,173,3
2658,168e49a0-663c-11f0-81af-5b0af15a39e7,아도건,173,3
2658,0f764c40-63ca-11f0-8a6c-c348a09bcc5f,지율이,173,3
2658,09e1b500-6ae4-11f0-a5d2-4bd7192c2f94,꼬미몽,173,3
2687,fc800c20-6612-11f0-ba3d-03f479caafbd,개백정,172,3
2687,fc7301b0-6860-11f0-8565-f911fd9ea35c,이수익,172,3
2687,f88dc210-692d-11f0-be86-8f17e613fd1f,어디로,172,3
2687,f6e864c0-6201-11f0-a77a-69332516d48a,백리현,172,3
2687,e946e4a0-643f-11f0-832b-c7e877b24350,쀼쀼,172,3
2687,e21d9750-637c-11f0-b1cc-5d67dd7777cf,결정,172,3
2687,df10f520-63e0-11f0-981c-6918ebc09e55,명태,172,3
2687,dd262910-6304-11f0-93c0-3fa3bb7fad1e,우너서기,172,3
2687,c4771860-6968-11f0-8578-0782397e0721,이곳의왕,172,3
2687,c2b24b80-65c6-11f0-8816-3fe71c9e2f15,데어빈트,172,3
2687,bb0dd530-69ad-11f0-9567-3b74e61607c2,차니님,172,3
2687,b5b909a0-626f-11f0-a277-ab86df5447e4,도너양,172,3
2687,a678c7c0-6aba-11f0-aa73-c544fd48d310,산거북,172,3
2687,a4819f10-621c-11f0-bbfd-8564365ef7ff,스카2,172,3
2687,9cb56990-6610-11f0-a41e-0df3579756f2,세종실록지리구요,172,3
2687,838d6320-6483-11f0-923b-cb064b77cde3,오니유니,172,3
2687,82079e30-68fc-11f0-a8f9-552003805e1b,박정한,172,3
2687,7e620d80-6ab7-11f0-9a7f-e32704d17198,드로,172,3
2687,6c352640-644c-11f0-bfa2-af41fddaac3d,모기아님,172,3
2687,633e0df0-6522-11f0-9621-7131280460fb,용원,172,3
2687,5612ba30-690b-11f0-bf27-69600f7373fa,에푸우,172,3
2687,33b050c0-676b-11f0-9a9f-6f9af1b6ae38,백온,172,3
2687,24a40670-660e-11f0-b420-973bd54af871,영노,172,3
2687,1a54a5f0-6738-11f0-b6f9-9341b272f2ff,이제부터강태공,172,3
2687,1355b580-6abe-11f0-aa73-c544fd48d310,학0,172,3
2687,0ec7aa30-6903-11f0-9ae7-91cf7169e2c4,수희바라기,172,3
2687,067338c0-66df-11f0-abbe-1b148ce1c918,나류토,172,3
2714,f259c0d0-64b2-11f0-9c43-91c5a6cd9bad,Tony,171,3
2714,efb149d0-6957-11f0-9c6c-658573885763,세분인네분,171,3
2714,ed1625e0-6ab2-11f0-97f1-7fc07927d956,꼬마이,171,3
2714,e6615f40-63ef-11f0-8a42-dbcff3ac6a62,단랑,171,3
2714,e2068140-644a-11f0-bfa2-af41fddaac3d,머라칸이,171,3
2714,d5691d90-689f-11f0-a23e-b52c706a5381,단호엥,171,3
2714,ceb95f00-61e7-11f0-b8f8-5536217c831a,황금도시12,171,3
2714,cbb3e860-6472-11f0-934d-3b333a678e8e,KOR찐,171,3
2714,bad69410-68a6-11f0-9f59-43e0c9aecd40,무사척준경,171,3
2714,a12d5530-6333-11f0-899c-ed58ed9d92cb,짜장만두아저씨,171,3
2714,9fdad770-654a-11f0-8eaa-bf6dbefdd461,점점,171,3
2714,9fc89f60-63d3-11f0-a9da-8b915b889dd4,아람,171,3
2714,9eae08b0-6575-11f0-94e1-9148d7950b64,0pen,171,3
2714,9e4afd80-637a-11f0-969f-574f3b894b44,오포리,171,3
2714,95ae9840-6946-11f0-9052-8d763cf66f7f,원오브딜,171,3
2714,923af170-6308-11f0-93c0-3fa3bb7fad1e,깡정,171,3
2714,91875320-62ab-11f0-b78d-9fbbdf7f23fb,제비,171,3
2714,901f2840-6577-11f0-94e1-9148d7950b64,한국브로스,171,3
2714,883da4c0-6483-11f0-a086-85e9f4d94fe9,캐로스,171,3
2714,83d89b70-65cc-11f0-98f9-213ec7a6a3a5,게시판,171,3
2714,821c9940-695e-11f0-86e2-d3a55f318685,림동,171,3
2714,81307740-644a-11f0-958c-db00e2aa80c7,으주,171,3
2714,7e688460-622b-11f0-b912-9b874d01aab6,v산군v,171,3
2714,7487c630-6821-11f0-bb71-090a139da64b,서총수,171,3
2714,6ca6ba00-658f-11f0-adab-e3842e797e8d,고려5도양계,171,3
2714,5f25c6e0-63bf-11f0-b6ab-ab1d57efd9b6,skebu,171,3
2714,5f1f0340-6537-11f0-8fcf-49b1bc77966f,천수경,171,3
2714,5ae5b2e0-6c28-11f0-a98c-ab8c12a4e4f7,한능검1급가자,171,3
2714,52e2c890-653d-11f0-b862-f7a1348209f0,안양어바인,171,3
2714,4e76f2e0-67c2-11f0-ad06-bdc4c662d62f,노을과낭만,171,3
2714,4781b631-67b5-11f0-a86b-6be161d85452,초코에몽,171,3
2714,44f72f30-62dd-11f0-971e-0d9306189309,코몽이,171,3
2714,2ff54b80-6571-11f0-9d46-cdb27a56ccf9,적혈랑,171,3
2714,2b72d960-681e-11f0-a432-f5a269c347d6,gorilla,171,3
2714,29bddb00-679d-11f0-8ed0-55df2077ceb7,말러,171,3
2714,278afc60-6814-11f0-966a-9ddfc9fc7a33,나야아,171,3
2714,263ea500-63dc-11f0-bb86-97bdb11e4eed,actor킴,171,3
2714,1f89b300-638a-11f0-aec5-8f60c14ffced,잏잏,171,3
2714,1701b800-63e3-11f0-9b30-bfc50fd617fd,재재파파,171,3
2714,0ee7ccb0-636e-11f0-a70b-97528033efd5,Basan,171,3
2714,0853aad0-6469-11f0-934d-3b333a678e8e,하룡,171,3
2714,05fc92f0-638e-11f0-a43a-afa462ca1aaa,무식돌탱크,171,3
2714,047e9dd0-64f4-11f0-8ef3-8dde64b39158,카무사리,171,3
2714,03508290-638a-11f0-aec5-8f60c14ffced,춘천감자맨,171,3
2714,00320df0-651e-11f0-8799-a56030339d38,히몽,171,3
2759,f5603610-658e-11f0-b323-7163d32d831e,운린,170,3
2759,de11b080-66f4-11f0-94fd-bd0b371894b0,아씨마님,170,3
2759,d10e5a60-6a1d-11f0-83c1-071402a58f9d,꼬매아지,170,3
2759,bcf90250-6a7c-11f0-b8c3-31d76e99096b,운타이,170,3
2759,acf10c80-67b7-11f0-a5ca-8d77d40408a1,일일유저,170,3
2759,a36f91a0-6473-11f0-9e27-35530581f5ae,siuu,170,3
2759,98314640-62c9-11f0-a53e-f720860fcc8a,뿌처,170,3
2759,8b29e0a0-6572-11f0-b5ae-9f72a71a5588,유이설,170,3
2759,8638d1e0-6203-11f0-927d-c13e105601ec,뉴비1972,170,3
2759,8036fda0-623d-11f0-9b9e-13c7a7dd6c88,진시,170,3
2759,670cfd10-646e-11f0-b0c9-6de2080023ec,최강진,170,3
2759,6301f0a0-6625-11f0-9cdc-073af5d8ace4,히든번개,170,3
2759,5f2d43e0-66d3-11f0-a818-154c93ec6594,유기시러,170,3
2759,5381b780-65c8-11f0-b5ae-9f72a71a5588,창문닫아,170,3
2759,41fd28c0-6440-11f0-a17e-b17c10bc01ed,세훈,170,3
2759,3fd4ce20-63ca-11f0-bb86-97bdb11e4eed,차차찡,170,3
2759,3103aa10-6578-11f0-94e1-9148d7950b64,으앙,170,3
2759,25232d30-647c-11f0-9219-f9e5d8ffaccf,영명,170,3
2759,22c2a720-623b-11f0-939e-157038911130,무극자,170,3
2759,1c158870-6259-11f0-8141-45676e6e5d83,은동진,170,3
2759,185a7c10-6716-11f0-b5ef-256ef5681107,크렌디,170,3
2759,0f33c1e0-6573-11f0-9b02-9934e4aaee80,달하나,170,3
2759,04a2df50-654f-11f0-aed2-e9684f688284,따뜻한아이스티,170,3
2782,f37a7540-64c1-11f0-abac-67a696be1328,DelLune,169,3
2782,f116bff0-63f6-11f0-83ae-cb0d7c1d5c99,태조이방원,169,3
2782,df8ec9a0-6a20-11f0-9ccf-efc03aeeda2b,선학,169,3
2782,d8bdf660-6709-11f0-a9b2-3b41dc07e4ea,커빛,169,3
2782,d7373880-693c-11f0-9f89-dbb641051642,연끼,169,3
2782,cfbb23f0-641e-11f0-83ae-cb0d7c1d5c99,배군,169,3
2782,cefdb030-6767-11f0-9a9f-6f9af1b6ae38,가프,169,3
2782,cb558a60-6272-11f0-b831-2509b113c5f4,shatter,169,3
2782,c68bcaa0-6883-11f0-9385-039dbbd1c7fc,불남자,169,3
2782,b47daa30-6a14-11f0-87cd-13cc90e29527,Mlory,169,3
2782,a1ab02e0-63f2-11f0-b2cb-f71edb30a51a,yoji,169,3
2782,9c366820-64a8-11f0-a8e1-0128328b4be6,졸업앨범을피지마,169,3
2782,95f7ee50-677a-11f0-ac22-89a616aaf971,떡꼬치대마왕,169,3
2782,88b50d70-684e-11f0-9a92-175f0d2b5caf,공박2,169,3
2782,87112cb0-64c5-11f0-bfcf-1fdb18c8f989,킹욱,169,3
2782,86e58a90-62dd-11f0-8e77-0fd833fd1288,러브버그,169,3
2782,81d52d00-670e-11f0-8db7-7b252ab21be1,밍디구르르,169,3
2782,7bcc8950-6969-11f0-857e-07d647ebc613,찰진대두,169,3
2782,6e60e2a0-6259-11f0-8fe2-1d0d1c7d3195,아카드,169,3
2782,67487500-62e5-11f0-a59b-0da18f3c01f6,재농,169,3
2782,58e913d0-699c-11f0-86e2-d3a55f318685,possible,169,3
2782,51803620-622e-11f0-bdb7-819f1f98ca98,김김희,169,3
2782,4cdf15f0-662f-11f0-8157-83c241bc6c35,찬일,169,3
2782,4a51e3f0-63d5-11f0-b0c8-0be5c747fc57,샤토,169,3
2782,424ed6f0-645b-11f0-a72c-e970bf999ff4,0오로지0,169,3
2782,3ce9dd70-6ac0-11f0-aabe-19fce0d146b1,검무향,169,3
2782,0ff76610-694f-11f0-8a8c-e705cbe6ed4d,너는누구세요,169,3
2809,fe1be940-62da-11f0-8e77-0fd833fd1288,레이트,168,3
2809,f668a730-6a35-11f0-9781-8f4dc68b8459,yun2,168,3
2809,ee5eb6a0-630b-11f0-a53e-f720860fcc8a,싸움,168,3
2809,d26ab870-62fe-11f0-83c3-59e47761ce71,난가나다,168,3
2809,cee31a10-65f8-11f0-8afb-9767d055c78a,Lessa,168,3
2809,c43f5040-646a-11f0-934d-3b333a678e8e,배프로,168,3
2809,c1e9c8b0-66f5-11f0-b905-616e286946a4,아기바투,168,3
2809,b0bcacb0-6394-11f0-8ad1-495afdf38cf0,비아,168,3
2809,95d45490-6568-11f0-9d97-192c64bf62e6,애슈기,168,3
2809,8fbe8a00-646c-11f0-9969-437e63fe5696,향단이,168,3
2809,80ed4340-6638-11f0-9293-2f108164e9cc,Ooops,168,3
2809,7122e6c0-6a86-11f0-9b9a-dfc16842ed10,꼬치쓰,168,3
2809,69098ab0-6aa0-11f0-838f-b5e04209789d,은빛마녀,168,3
2809,55484030-6266-11f0-97b4-198e3a6088ef,good,168,3
2809,3e818460-69c3-11f0-a669-cf0eea211da7,카린l,168,3
2809,3679b0d0-6b17-11f0-89ae-bb6b4e8b47bd,이종무,168,3
2809,26a41ca0-6a76-11f0-b7a5-333dfc345c53,모하는겜인고,168,3
2809,25238640-69a9-11f0-ae0d-6f90dae175ae,조기왕,168,3
2809,236966d0-6a30-11f0-b240-73dc203c5080,궤양인,168,3
2809,07b48b30-6496-11f0-a315-5d30c4fd1c80,영언,168,3
2809,015b31b0-68ad-11f0-b6e5-1f4abc2a195f,너를향한지도,168,3
2809,01005110-62c6-11f0-a89f-3182c3b8adb5,뒤릭,168,3
2831,f4a1d650-66c6-11f0-a424-d799bfead567,haechs,167,3
2831,f3abdf80-6503-11f0-86b2-95b4faeb80b4,레오레니,167,3
2831,eac5b880-6618-11f0-ba0e-5d9d6daabc7d,난세베어,167,3
2831,e0252810-6600-11f0-b420-973bd54af871,임자몽,167,3
2831,de4b32f0-68a8-11f0-975c-57d01ae4d67c,슈퍼돼지,167,3
2831,dd58d770-64e9-11f0-89c4-91955faa19a3,akxn,167,3
2831,d1650750-6245-11f0-9ca6-b18ea4730904,온세미로,167,3
2831,b8e666c0-68fc-11f0-9ea8-7f24d442c159,할롱18,167,3
2831,b6e46090-63eb-11f0-a3cc-cd3c8793a2eb,쿵이짱,167,3
2831,a9710640-6632-11f0-970d-b58eac20b83c,하이님들,167,3
2831,a7bb9860-6461-11f0-a72c-e970bf999ff4,네프티스,167,3
2831,90783680-66b0-11f0-ab75-d185489f2c82,출동호잇,167,3
2831,8f7f3f40-66aa-11f0-8cad-77b80077cb64,아토소마,167,3
2831,8ef6de60-63d6-11f0-a9da-8b915b889dd4,콩콩콩,167,3
2831,8c680d50-62fe-11f0-b7c2-5907d7ac5d60,박지원,167,3
2831,6976ad80-6644-11f0-96fa-990fd0c2f326,한무식,167,3
2831,64c810a0-65e3-11f0-b7e1-0fe84bf8cf7a,무꾸,167,3
2831,63438410-6491-11f0-a086-85e9f4d94fe9,모야,167,3
2831,60ffb510-6311-11f0-a4e8-37a0c8f9bd22,어자튜노,167,3
2831,5fc70aa0-6a3b-11f0-b2b3-8b522cd09fe9,godtwkim,167,3
2831,5e88e060-625b-11f0-a7b6-cf18c18dd85f,이워리,167,3
2831,4a6965b0-64a8-11f0-b5c8-a523170b964a,이미사용중인닉7,167,3
2831,48abad10-67fe-11f0-82b6-93a73aef044c,기회를위기로,167,3
2831,3e1abac0-657a-11f0-a977-21ea2091af0c,독고복장군,167,3
2831,335806d0-6b09-11f0-8f4d-6330363bf47b,주만두,167,3
2831,1128f100-6398-11f0-9e16-f1cd993522e6,머sl발아,167,3
2831,0b246b70-6a66-11f0-b350-274e47244e62,내용증명써줘,167,3
2831,05699560-63c8-11f0-a9da-8b915b889dd4,두투,167,3
2831,00e9c230-653f-11f0-b203-85c99a94680a,버로우,167,3
2860,fc84a150-64a4-11f0-ac20-8734dac19833,첫사랑S,166,3
2860,f8c6baa0-6583-11f0-8b44-3ff58a49da64,아렌,166,3
2860,f4d92d60-62bd-11f0-a53e-f720860fcc8a,블루베어,166,3
2860,ef347040-6a29-11f0-9416-6d61d44d7bd3,야광괴,166,3
2860,ee53a390-638e-11f0-8ad1-495afdf38cf0,큰홍당무,166,3
2860,ea30c020-68b8-11f0-bf27-69600f7373fa,랑군,166,3
2860,e8936c40-67e6-11f0-bb71-090a139da64b,신란,166,3
2860,e6477aa0-636b-11f0-ba6d-31d76c70e10b,대막리지,166,3
2860,e32cbca0-62e8-11f0-862d-ab549d322a06,견자희,166,3
2860,d7fa6f50-62d7-11f0-a53e-f720860fcc8a,흐흐히히,166,3
2860,d7e2ed80-6539-11f0-80dc-511cb2391141,지용지아,166,3
2860,d5bd8a00-625b-11f0-909b-ed23a48ab1a8,어흥이다,166,3
2860,c6591140-64a6-11f0-b5c8-a523170b964a,놀고있네,166,3
2860,b5f30160-650c-11f0-a274-777d6197b8e4,이름없음K,166,3
2860,ae125d40-6220-11f0-abc2-914425398299,축돌이,166,3
2860,8c2dfb90-63f0-11f0-931c-5f0600bc75da,한담비,166,3
2860,8789cbb0-6af2-11f0-92e1-394a8ca307ec,신센스,166,3
2860,87133d50-662a-11f0-ac19-9bda31ac5e16,아방홍,166,3
2860,7eee4970-648c-11f0-a51d-79330d46319d,피스타치오,166,3
2860,77c0d660-6269-11f0-9eb5-cf396344702c,시윤,166,3
2860,6ddcbf10-62c8-11f0-a53e-f720860fcc8a,IXNXYX,166,3
2860,637765f0-691e-11f0-9489-df1a9dcf8e7b,한경,166,3
2860,57f5dac0-6a0b-11f0-83c1-071402a58f9d,톰머,166,3
2860,3ccf3a90-645f-11f0-934d-3b333a678e8e,품격,166,3
2860,3c106000-6894-11f0-b787-d716cf1b0fbf,뚱보왕,166,3
2860,3b0cb760-63cd-11f0-bb86-97bdb11e4eed,역사는어려워,166,3
2860,2efe9540-6299-11f0-bcbb-714564b525f4,골프,166,3
2860,2d4bda80-63bd-11f0-b6ab-ab1d57efd9b6,간웅조조등장,166,3
2860,26f41530-62d2-11f0-b78d-9fbbdf7f23fb,덕풍동표류기,166,3
2860,1f9f5b00-6494-11f0-a086-85e9f4d94fe9,취직한멧밭쥐,166,3
2860,1afc90d0-6279-11f0-b63f-7755b72aa50f,종민,166,3
2860,1138f7f0-6648-11f0-83c8-df80587bdcb4,한덕수,166,3
2860,0e5d6a00-682f-11f0-bb71-090a139da64b,요로쿠,166,3
2893,d7ed3ee0-6456-11f0-baaf-45c3a00048ee,위니즈,165,3
2893,c9133f00-6ad7-11f0-adf1-352afe5db30b,더부센,165,3
2893,885762b0-67c2-11f0-ad06-bdc4c662d62f,흑채,165,3
2893,79c72ab0-676c-11f0-9e82-4d5672d5f65e,포도라,165,3
2893,2ab7e180-6a05-11f0-87cd-13cc90e29527,내강아지는요,165,3
2898,77a50a00-6a09-11f0-9416-6d61d44d7bd3,병천순대,164,3
2898,351750d0-62f7-11f0-b4b3-99d44587a070,콜리,164,4
2900,d1a91290-6521-11f0-a092-cfb4e8946e57,득템,163,3
2901,d353d000-62ea-11f0-888b-4325034dd618,웡석,162,3
2901,c71d3930-6375-11f0-9051-75d579d0c5ea,은블리,162,3
2901,0719a8f0-6260-11f0-bcbb-714564b525f4,방치연,162,3
2901,043f69d0-6945-11f0-a86f-edc238a237ca,헨헨,162,3
2905,e28ef490-6ac0-11f0-b02c-d5017a532635,청류,161,3
2905,bf309a10-655e-11f0-b5ae-9f72a71a5588,유해태재,161,3
2905,89ca4bd0-65ce-11f0-88d3-6b11b515d6cf,햄서터,161,3
2905,4ca2cf10-6615-11f0-91c1-49cca2685584,하율하명,161,3
2905,1b2250b0-663c-11f0-8157-83c241bc6c35,포크밸리,161,3
2905,183ad410-63be-11f0-a06c-a18ad4eb2f25,기억나니,161,3
2911,d7883c50-6908-11f0-993b-31d0de8624ff,popman,160,3
2911,6e4cfd70-6633-11f0-8dc5-0ba92d25bd16,의달,160,3
2913,dbe96320-6a32-11f0-8010-915371c938f2,김치표류기,159,3
2913,5dbb5320-682d-11f0-b2fd-9d1d445c08a1,미도가,159,3
2915,d26d7b90-6543-11f0-b862-f7a1348209f0,멘칸,158,3
2915,96b56b50-6811-11f0-9069-eb268d57af69,장원영빤쓰냄새,158,3
2915,51c8d810-64c4-11f0-89de-a18784a21c17,김밍,158,3
2915,16c696b0-63d6-11f0-b0c8-0be5c747fc57,떵띠,158,3
2915,0eb81a40-6889-11f0-9ade-15b332d82e41,순덕이,158,3
2920,e5f577c0-6805-11f0-966a-9ddfc9fc7a33,민초파,157,3
2920,b1a84120-6484-11f0-a086-85e9f4d94fe9,alenen,157,3
2920,72d0da80-6839-11f0-8349-bdc8a6bf6522,만쥐,157,3
2923,e5e2efa0-6ac2-11f0-aa73-c544fd48d310,발가락,156,2
2923,e09fad90-64b3-11f0-8c0c-e95772467615,내복맨,156,3
2923,bdffd030-6959-11f0-86e2-d3a55f318685,순대렐라,156,2
2923,b8818440-66a8-11f0-a274-a39da7a27e3e,아렝이,156,3
2923,aac3a3c0-683c-11f0-b67b-53511e47b780,nihilism,156,2
2923,33b92010-66cb-11f0-b3b6-8f960ca9abb5,윤뚱,156,3
2923,261997f0-66e9-11f0-abbe-1b148ce1c918,검은거북이,156,3
2930,b75a2f50-6508-11f0-b0f9-9b13bf283379,아인사랑,155,3
2930,55e39cb0-6612-11f0-8d9d-2df44f4cae52,가로치기,155,2
2930,364f4520-6a09-11f0-9416-6d61d44d7bd3,퍼지,155,2
2930,2bca82a0-6a08-11f0-9ccf-efc03aeeda2b,YangC,155,2
2934,ed0f2290-68a5-11f0-b6e5-1f4abc2a195f,김쿠니,154,3
2934,e0e57a70-6777-11f0-832d-2343fb1c7686,자힐,154,2
2934,b38d4190-6865-11f0-aaab-7709464c3882,더블치즈,154,2
2934,b0cf5d50-6a16-11f0-9ccf-efc03aeeda2b,뚱슈,154,3
2934,a3f2cc60-6468-11f0-9e27-35530581f5ae,sterdeok,154,2
2934,8e665da0-65d8-11f0-8b0e-f5fed97303e5,에어로표류기,154,3
2934,8d7e4d70-623c-11f0-939e-157038911130,드림피아,154,2
2934,7fe45750-6970-11f0-8d47-0742c13407b4,박덕춘,154,3
2934,6693f4f0-644c-11f0-bfa2-af41fddaac3d,와수이,154,3
2934,519a0f60-62e1-11f0-a9e2-bd6cd50a5a78,구제라,154,2
2944,d1c100d0-64f4-11f0-ad80-bf5616b7c1de,복실엄니,153,2
2944,ca9b5910-6399-11f0-b91f-cbca55a9af76,블러드데빌,153,2
2944,b4a16780-68a3-11f0-9377-7de990bd6cbc,백원에하나,153,2
2944,9cb89760-62ae-11f0-b038-1df969c0d9a5,밈밈,153,3
2944,84a27850-6612-11f0-8d9d-2df44f4cae52,아리하윤,153,2
2944,7fa53700-6484-11f0-b3b1-35f5cfd9e323,버버범,153,2
2944,725c1020-65fe-11f0-a566-a94c20f85e02,에어라인,153,2
2944,66592c60-685e-11f0-9f4e-a7377e1552a2,천상빛,153,2
2944,62299310-6a38-11f0-832c-41d8f34383ab,하늘나리,153,2
2944,37fe5d90-63db-11f0-8ce7-05e1fc9cefd2,세아,153,2
2954,faa1b640-69e3-11f0-9ccf-efc03aeeda2b,우와01,152,3
2954,efe5f760-68f4-11f0-a8f9-552003805e1b,엔키,152,2
2954,eaef10e0-6a96-11f0-9b9a-dfc16842ed10,레이가르드,152,3
2954,e93f5310-6409-11f0-a3ab-515b7dbdbb4f,곽철중,152,2
2954,d86e1e30-6644-11f0-adf3-099411a6c0d7,꾸고있네,152,3
2954,bfbbed50-62f1-11f0-a53e-f720860fcc8a,잉어킹,152,3
2954,bf5cbb60-6949-11f0-a86f-edc238a237ca,고용노비,152,2
2954,bc7a5ec0-6421-11f0-a3ab-515b7dbdbb4f,수박장수,152,3
2954,b2e7f280-63d3-11f0-b0c8-0be5c747fc57,지빠빠,152,3
2954,af824ee0-64bb-11f0-aac9-99ad09f5424a,겸비,152,3
2954,82424730-635f-11f0-9eba-319c3c5b72eb,지잉짜,152,2
2954,53db9510-640c-11f0-bcbf-2b7f0b4e55b1,딸기메론,152,2
2954,47818730-64d8-11f0-8ef3-8dde64b39158,잎새달,152,3
2954,3da6a850-6850-11f0-99f9-e57ee7d28b7e,벳토리,152,2
2954,3c36bf90-6469-11f0-baaf-45c3a00048ee,마빡2,152,3
2954,3b311330-68fa-11f0-bf27-69600f7373fa,윤길봉,152,3
2954,18452140-6a35-11f0-9781-8f4dc68b8459,태미,152,3
2954,0476ae00-6485-11f0-ae38-872b2910783a,신박한,152,2
2972,fab72c40-6831-11f0-91be-fd0afd1dac7d,댕푸린,151,3
2972,f5d218c0-6912-11f0-8aca-f34e79e160ce,두유코,151,2
2972,f1527050-646d-11f0-9929-49fcfc223a08,니엘,151,2
2972,f0e51510-6bab-11f0-8ba9-afce5a8231c3,밥이,151,2
2972,e3f37570-6450-11f0-a4e4-a9524a101bbb,리바이병사장,151,3
2972,ddd13550-65a5-11f0-8be9-7bc4b954113d,홀롤롤롤롤로로,151,3
2972,dd4f8310-64b1-11f0-bac8-c1efd8a8ec20,난폭,151,2
2972,d89fd6f0-645f-11f0-baaf-45c3a00048ee,한사방난기,151,2
2972,c1474fc0-6648-11f0-96fa-990fd0c2f326,정열,151,2
2972,b9eb3a10-624d-11f0-a510-196fe281bbd0,큐쿄,151,2
2972,b6b762c0-6ab2-11f0-97f1-7fc07927d956,티링,151,2
2972,b3b72480-6282-11f0-9eb5-cf396344702c,초코냥냥,151,3
2972,afeb9fd0-643e-11f0-90f8-bb2e41176866,적토마탄거북이,151,3
2972,af88bde0-6734-11f0-a764-331beb7dec8b,깅허,151,2
2972,af5e6920-685e-11f0-8565-f911fd9ea35c,조선총잽이,151,3
2972,a3927ad0-63e2-11f0-9b30-bfc50fd617fd,이미테이션,151,3
2972,a2cf6780-6788-11f0-bd0d-91cbb2fab70c,반담,151,2
2972,9950c970-693f-11f0-9593-8b7ecfb08742,탈모의종선,151,2
2972,90da2340-693a-11f0-b6fc-63016576bc70,찹쌀누룽지,151,3
2972,8d9bb420-69c9-11f0-a669-cf0eea211da7,방귀꾼2,151,2
2972,8cfc8d30-6453-11f0-9a7f-07d3d9b1e362,마군,151,2
2972,8c6e29f0-6642-11f0-8b8d-436653df7c2c,메모,151,2
2972,8a307980-63d2-11f0-a9da-8b915b889dd4,kota,151,2
2972,86b7aa90-6971-11f0-bd0c-c3e4cbda7988,haro,151,2
2972,7b9ed200-6abb-11f0-aa73-c544fd48d310,코크왕,151,2
2972,762b7890-6878-11f0-9c7e-ff7973204624,Cheng,151,3
2972,6991fc60-67b2-11f0-9b78-7512685a7d18,미스트랄,151,3
2972,64ec57c0-6823-11f0-bb71-090a139da64b,내눈앞에낙타냐,151,3
2972,55979440-657d-11f0-b7e3-fb434d59fc04,뭘쳐다보시나,151,2
2972,486bfa20-625a-11f0-8141-45676e6e5d83,ParkHue,151,3
2972,40ce0390-63bc-11f0-9a90-f3e6ad4e6da0,넨다,151,2
2972,3e337b30-6630-11f0-9293-2f108164e9cc,난세김유신,151,2
2972,36960590-67ad-11f0-a23d-0315df37054e,가률,151,3
2972,33477a80-68e4-11f0-bf27-69600f7373fa,마신한,151,2
2972,2dd2e1a0-662a-11f0-ba0e-5d9d6daabc7d,Y0NG,151,2
2972,2b5e1230-6497-11f0-bbfe-0d14bcd852b5,마령호,151,2
2972,23ac2230-6b4e-11f0-97d6-9d9ba89f59bd,장가계,151,2
2972,229cb990-63f1-11f0-8989-0f75f17d859c,리시안샤스,151,2
2972,224a8a00-66a6-11f0-9e29-bb739ed9109b,헬이와화니,151,2
2972,10fc78c0-62a6-11f0-b99b-2fc53d965492,정직한,151,3
2972,0bfbe8e0-62d5-11f0-8f11-77dd1d282e8c,hsbdj,151,2
2972,0aa3c3d0-6773-11f0-b28d-9bbe9361f34f,sudosu,151,3
2972,0453d200-64ac-11f0-ac20-8734dac19833,코정,151,2
3015,f58b9e00-627c-11f0-b63f-7755b72aa50f,사과맛농약,150,2
3015,eac6c8d0-653a-11f0-9344-edb676811f97,전독시,150,3
3015,caa16300-68bc-11f0-bd47-cf3af6acce80,흙맛,150,2
3015,aceb0c20-69f3-11f0-9416-6d61d44d7bd3,시려,150,2
3015,a1978910-65ee-11f0-9c47-f13b98eb10e0,간다간다,150,2
3015,a031bf90-6743-11f0-b696-57f6be140e14,반항오리,150,2
3015,9c2a1b90-67a7-11f0-a86b-6be161d85452,낑깡지연,150,2
3015,9b3f4f80-6a9e-11f0-a3f5-b7808f7fb4b1,giga,150,2
3015,884f3f20-68f0-11f0-8ce4-a510d1bb675b,쮸앙,150,2
3015,71d56b80-62ff-11f0-b7c2-5907d7ac5d60,부기이,150,2
3015,483f75a0-69de-11f0-81d8-d75e58d916af,이쁜기라,150,2
3015,40ae9aa0-6920-11f0-9163-9b37cd4f63ff,혀비,150,2
3015,326ddf70-6abd-11f0-b02c-d5017a532635,sun칩,150,2
3015,31a597d0-64a6-11f0-b626-23ea90035c71,관심법궁예,150,2
3015,284b5f90-63c9-11f0-8a6c-c348a09bcc5f,시윤오,150,2
3015,1f919800-6226-11f0-8853-493fc3ae34f0,새로이,150,3
3015,16837fc0-63c1-11f0-bb86-97bdb11e4eed,오스틴,150,2
3015,08752220-6872-11f0-9e3a-69309440dd1b,닉퓨2,150,2
3015,0549da10-6515-11f0-8799-a56030339d38,핑구,150,3
3034,ff4f70f0-6a11-11f0-81d8-d75e58d916af,될꺼다,149,2
3034,e48e4fc0-688b-11f0-a0e9-5d846571bf1a,cosmos,149,2
3034,df6c1230-66b9-11f0-a7ca-6365d3928809,차즌,149,2
3034,d1e1eee0-6a9d-11f0-9b9a-dfc16842ed10,마루치,149,2
3034,c81245e0-697b-11f0-8a8c-e705cbe6ed4d,고려전사,149,2
3034,c4aff6b0-6299-11f0-bb52-81a4b8daea44,Mrstar,149,2
3034,c337e800-648e-11f0-a51d-79330d46319d,호랄,149,2
3034,c217e8d0-6abf-11f0-9563-35208c1cb4b3,은우은성,149,2
3034,c0eca360-69bb-11f0-86e2-d3a55f318685,대구붉은매,149,2
3034,ac5bbb20-6948-11f0-8de9-07aeffed770b,스이o,149,2
3034,aa96c4f0-68cc-11f0-acc6-9fa957ae20ea,노브랜드,149,2
3034,a85819c0-6451-11f0-9948-fdd926a61dce,레스s,149,2
3034,a7fb8430-6438-11f0-93b5-9bbe54f3643d,늑대군,149,2
3034,a0ed55b0-67b7-11f0-8095-01730df73963,난세컴온,149,2
3034,9d554540-645e-11f0-a72c-e970bf999ff4,연백사,149,2
3034,9a6f9230-6234-11f0-bbfd-8564365ef7ff,hjbest,149,2
3034,9470b120-61df-11f0-a73f-2bc4d05cca91,쮼지,149,2
3034,87fc11e0-6b68-11f0-837a-5be36112ad0f,아냐띠,149,2
3034,858fbf90-67b4-11f0-b8f5-d358b486ea69,맨이져,149,2
3034,84fd7770-648f-11f0-b749-97e97e025ce2,윈터임,149,2
3034,7e77ff40-66c1-11f0-a7ca-6365d3928809,서울시송파구,149,2
3034,6e6ab680-6a84-11f0-ab22-9b7f810af5a1,아스리우,149,2
3034,5fdfbc90-67e7-11f0-80b5-37d9567e926a,찰스,149,2
3034,5fa6d810-6780-11f0-ab88-a5c9739f629f,대han민국,149,2
3034,59a1c3f0-6a35-11f0-9b5a-11326a6c8989,유니여니,149,2
3034,3b5fa550-6a4f-11f0-8acc-fb286914151f,테슬라몰빵,149,2
3034,2b305090-6549-11f0-967b-813ea1627f76,따민,149,2
3034,28140920-677d-11f0-832d-2343fb1c7686,루르,149,2
3034,2652a660-63d5-11f0-8ce7-05e1fc9cefd2,콧물,149,2
3034,25cdc7a0-6264-11f0-ba61-57b32c8fdcaa,gggg555,149,2
3034,24488380-639e-11f0-b91f-cbca55a9af76,폭싹,149,2
3034,24284ed0-6763-11f0-9ee8-11faeeaf74d3,율촌,149,2
3034,1bfab2c0-65a1-11f0-8b44-3ff58a49da64,로이아,149,2
3034,0aaf1560-6308-11f0-9441-91de06446db4,매력적,149,2
3068,fd0eb5e0-6736-11f0-a764-331beb7dec8b,관계튼대왕,148,2
3068,f95f74b0-6200-11f0-83e5-156a2fc6f757,Gyuni,148,2
3068,f22c6230-6ae7-11f0-887f-c18cdf79257d,전사법사,148,2
3068,f164aff0-6395-11f0-b91f-cbca55a9af76,다비쿠다,148,2
3068,e8cd9620-66d5-11f0-a45a-8fae72bafa7b,요빈,148,2
3068,e6be6cc0-6215-11f0-abc2-914425398299,와치후,148,2
3068,dd4c8760-6465-11f0-934d-3b333a678e8e,포롱,148,2
3068,d2f80f51-64f6-11f0-ad80-bf5616b7c1de,미니와플,148,2
3068,c4399140-6425-11f0-89c3-81bc4ed5aa4e,스트라,148,2
3068,ba138040-6637-11f0-b390-df77dfcfb7b2,아식스,148,2
3068,b7caa290-6543-11f0-92e0-7b3fd025c1ff,나는동동,148,2
3068,b0359690-691f-11f0-9163-9b37cd4f63ff,guudo,148,2
3068,a230c1a0-67f8-11f0-9069-eb268d57af69,골련,148,2
3068,a1e9eb60-61a7-11f0-b120-17d204b331a9,별e,148,2
3068,93d54320-69f0-11f0-9adb-01ec0e539aaf,사탕한가득,148,2
3068,9035fbe0-67f9-11f0-82b6-93a73aef044c,울페르트,148,2
3068,7e45ece0-657b-11f0-ba14-cdf939a99199,딩떵이,148,2
3068,7b6dbc40-659f-11f0-b5ae-9f72a71a5588,미넬로피,148,2
3068,78a29030-64a0-11f0-a845-496ab271568b,전투,148,2
3068,76f837d0-690f-11f0-958c-6d69e774cbea,조퇴중입니다,148,2
3068,4fd2ee10-6aaf-11f0-aabe-19fce0d146b1,호걸조운,148,2
3068,4758d920-63de-11f0-981c-6918ebc09e55,erazor,148,2
3068,4732b480-6644-11f0-bcdc-f17075c763ff,드노,148,2
3068,440790d0-68f8-11f0-bf27-69600f7373fa,키즈미,148,2
3068,3efd7e40-6288-11f0-9eb5-cf396344702c,코리아좀비,148,2
3068,369e4df0-69a5-11f0-86e2-d3a55f318685,지서,148,2
3068,3449eb30-66c7-11f0-9bdd-e11867fc3a11,프미나,148,2
3068,33517c70-66fe-11f0-a3d4-43ebc2e41e55,Hanwoo,148,2
3068,19ddafd0-6649-11f0-81af-5b0af15a39e7,나는gk,148,2
3068,09d3eb90-61df-11f0-8cf8-45cb7c8841d8,로드21,148,2
3068,03131a90-6a10-11f0-9adb-01ec0e539aaf,짬쥐,148,2
3099,fc414d60-672e-11f0-a3b5-cb7d513a283d,우동이,147,2
3099,f9559760-6476-11f0-9203-95da192fe506,정모,147,2
3099,f32ba4d0-6307-11f0-a53e-f720860fcc8a,러브어택,147,2
3099,f2f0de70-6246-11f0-9224-eb6b2b2ecb55,옥포왕,147,2
3099,ea1bed90-62ef-11f0-971e-0d9306189309,우당탕탕,147,2
3099,e9a630f0-61f5-11f0-b3c7-a9c53be5027c,호멍,147,2
3099,e4c15820-6b74-11f0-b12d-131ac73060ee,방이네,147,2
3099,e48b0bd0-64a3-11f0-b5c8-a523170b964a,네즈코,147,2
3099,ddabc9f0-693d-11f0-8a8c-e705cbe6ed4d,가마,147,2
3099,daf112c0-6487-11f0-b749-97e97e025ce2,묘향,147,2
3099,d862d970-69fb-11f0-83c1-071402a58f9d,민강,147,2
3099,d53c67d0-66a8-11f0-b13b-29d1f77f9110,배로나,147,2
3099,d3e49460-6776-11f0-bd54-59b9d0a8a108,제아,147,2
3099,d2468ab0-6266-11f0-bcbb-714564b525f4,랄로랄,147,2
3099,cd94e4c0-66e0-11f0-bbfc-a56011b32b9c,하린로운,147,2
3099,c921f1f0-662a-11f0-97eb-3784d18b5865,성에안차,147,2
3099,c3b64be0-69d5-11f0-9adb-01ec0e539aaf,동내꼬마,147,2
3099,c2968dc0-6a06-11f0-9adb-01ec0e539aaf,송설정병,147,2
3099,c03c75d0-6650-11f0-8157-83c241bc6c35,차안,147,2
3099,bae8e160-63b5-11f0-8465-f716200b7246,Dgo,147,2
3099,bad8e0b0-6777-11f0-a4ec-690d7582a6d9,하쿠라리,147,2
3099,b35cc930-6427-11f0-877d-c952436514c7,짱똘색이,147,2
3099,b1355260-6384-11f0-b6f5-df7d29cfa051,낑깡낑깡,147,2
3099,a7fbe9d0-66df-11f0-a25c-47a5a693b30a,서브제리,147,2
3099,a71f6970-6a35-11f0-bfe3-1382be672a60,풉풉이,147,2
3099,977b7ae0-6a08-11f0-87cd-13cc90e29527,아치발,147,2
3099,93c45800-6241-11f0-9b9e-13c7a7dd6c88,엄홍시,147,2
3099,93888ca0-6a46-11f0-b7a5-333dfc345c53,디에이드,147,2
3099,92b25d30-65ee-11f0-b07a-3f86ba6af1de,루다루,147,2
3099,89f1fe40-6a93-11f0-8032-c32c225a07c5,회기동,147,2
3099,7ebddf50-63f7-11f0-ab5c-6d729d02faa0,미숫가루두유,147,2
3099,765bcc11-6301-11f0-bfc1-67350970f51b,하앍하앍,147,2
3099,763c8a70-62e4-11f0-a9e2-bd6cd50a5a78,만춘,147,2
3099,722ff760-697d-11f0-9567-3b74e61607c2,ehorm,147,2
3099,5acd0770-6a8b-11f0-9b9a-dfc16842ed10,이사빛,147,2
3099,595ffe40-69ac-11f0-86e2-d3a55f318685,박현진,147,2
3099,3c660290-621c-11f0-9ed2-2327c5a1ff14,김무진,147,2
3099,307849f0-695d-11f0-887b-73f0ee57cca3,카리헬,147,2
3099,30235220-66aa-11f0-b867-2b5d4785fc1c,꼬마겨우리,147,3
3099,2916c4e0-63d4-11f0-aab1-5f3bbe175c3e,Shami,147,2
3099,2014cd10-6abe-11f0-b02c-d5017a532635,양붕,147,2
3099,1f3a51f0-6373-11f0-9eba-319c3c5b72eb,딩동댕구리,147,2
3099,16af0280-6925-11f0-a1de-d56c01849062,유서령,147,2
3099,109bf050-6a48-11f0-b7a5-333dfc345c53,삥땡,147,2
3099,0b45eeb0-64eb-11f0-ad80-bf5616b7c1de,홍길동영,147,2
3144,fcc926f0-69df-11f0-87cd-13cc90e29527,숙주,146,2
3144,f2607b40-65e9-11f0-ae82-f5fbeed77579,박수,146,2
3144,eeea2610-6471-11f0-b9a2-71a70b35ee88,까나리초밥,146,2
3144,ea13ed70-6704-11f0-8a59-cfb29fdd30b8,유일무이,146,2
3144,e3ab7a90-65fe-11f0-a41e-0df3579756f2,카카오페이지,146,2
3144,e020efc0-69d9-11f0-9adb-01ec0e539aaf,서풍,146,2
3144,defd1720-6a03-11f0-81d8-d75e58d916af,왕세자,146,2
3144,d85bc9b0-68ec-11f0-b6e5-1f4abc2a195f,단기통,146,2
3144,d70f0ed0-62e0-11f0-971e-0d9306189309,최군,146,2
3144,d0cb85d0-629a-11f0-bbfa-65e8ef5c7ef9,llIIll,146,2
3144,cfffc6a0-6756-11f0-a25c-47a5a693b30a,천수,146,2
3144,c86cf130-6948-11f0-a86f-edc238a237ca,일단댁이,146,2
3144,c6c115f0-6948-11f0-8a8c-e705cbe6ed4d,노리밋,146,2
3144,bb6d1120-67c9-11f0-aa0e-8137dd32d9f9,모혀나,146,2
3144,ae468b60-62ca-11f0-a655-3f20d48333c3,이동명,146,2
3144,a9758470-6aa3-11f0-8efb-a174ec120c9e,하카,146,2
3144,a50d2f20-66af-11f0-aa41-b34b5c1d14b7,가라고,146,2
3144,a3851270-6494-11f0-a086-85e9f4d94fe9,나와라요,146,2
3144,a1d8a620-6922-11f0-bb85-e56e3f9b33fd,고독한인생,146,2
3144,9a9cbcb0-6716-11f0-b7af-eb434023a3d9,뉴빈,146,2
3144,9577e850-649a-11f0-b5c8-a523170b964a,짚시,146,2
3144,82d3f740-68ee-11f0-9888-593c2b11ec29,마고해잔,146,2
3144,7e642580-6c19-11f0-98cb-9992c3b823e7,무찬,146,2
3144,7cd98ee0-672c-11f0-b696-57f6be140e14,J00,146,2
3144,7cbbbd50-6521-11f0-92d2-6f0fe5d29eef,피피남편,146,2
3144,74c06b40-6464-11f0-b9a2-71a70b35ee88,엄빠은하,146,2
3144,71f45780-64a7-11f0-a231-37ac1ad01c02,시도서,146,2
3144,6880c220-6ae1-11f0-887f-c18cdf79257d,조선이도,146,2
3144,67d49490-69d9-11f0-9416-6d61d44d7bd3,육뇽수,146,2
3144,639ba570-64ad-11f0-87c5-cfc271183eec,shhh,146,2
3144,4e696141-6865-11f0-9a92-175f0d2b5caf,코코모모,146,2
3144,43695c50-64d7-11f0-998d-6361b2224259,cieea,146,2
3144,43539470-63a5-11f0-9b51-d36a85c863a7,후라보노,146,2
3144,405ebc40-6396-11f0-9e16-f1cd993522e6,우물,146,2
3144,3b4fe770-6b0b-11f0-b0ef-552a186d704e,적혈,146,2
3144,39dddee0-68b0-11f0-acc6-9fa957ae20ea,죠제,146,2
3144,3763e6a0-62fc-11f0-b7c2-5907d7ac5d60,오빠마,146,2
3144,336811d0-6576-11f0-a977-21ea2091af0c,승려혜초,146,2
3144,3136db80-6369-11f0-a70b-97528033efd5,오목왕,146,2
3144,1fded7b0-6365-11f0-899c-ed58ed9d92cb,딥상어동,146,2
3144,1b6cad10-6b53-11f0-b12d-131ac73060ee,송대근,146,2
3144,18b64160-6218-11f0-bbfd-8564365ef7ff,liam,146,2
3144,078b0e80-6a5a-11f0-b7a5-333dfc345c53,뽜랑,146,2
3144,0764e580-654f-11f0-9925-2bfdb21f1ef4,양땡,146,2
3144,0508f220-6565-11f0-9d97-192c64bf62e6,앵글러마니,146,2
3189,ede22be0-62c4-11f0-839f-d97137a128f6,akmst,145,2
3189,ec573ec0-6538-11f0-80dc-511cb2391141,xlxlxl,145,2
3189,d3926a00-6537-11f0-a7a2-1dbf387388d6,큐떱히나,145,2
3189,c16d7e70-6521-11f0-92d2-6f0fe5d29eef,율곡이이,145,2
3189,abf74ed0-66e9-11f0-9850-37a4c1487cca,이미영박,145,2
3189,a82ec690-6232-11f0-b293-3b55fd722626,슬아슬찬아빠,145,2
3189,94a02bc0-66a4-11f0-9252-e35d97bb3ed3,서생,145,2
3189,947762a0-6a08-11f0-9416-6d61d44d7bd3,시티유,145,2
3189,90185980-68f0-11f0-82a4-059d2fef0171,드웬달,145,2
3189,74176fa0-6328-11f0-9a9d-576877acc917,얼마나,145,2
3189,6f103d40-692f-11f0-ae8c-db603dd8bb9d,염제,145,2
3189,6b33f180-683f-11f0-b297-a75635c318ec,율희,145,2
3189,5e486a00-6a74-11f0-b8c3-31d76e99096b,요쿠무니,145,2
3189,5b94c8c0-6921-11f0-a1de-d56c01849062,아르마로스,145,2
3189,57dbea60-648a-11f0-9735-dfa72435bf25,요코,145,2
3189,52b6c580-66bc-11f0-9bdd-e11867fc3a11,페페로니피자,145,2
3189,4b8492e0-651a-11f0-8799-a56030339d38,까묘,145,2
3189,4b11b1a0-64be-11f0-bc9c-890ea1331a86,펭수,145,2
3189,2d3b96d0-630d-11f0-a7db-25ea31d3298c,타곤,145,2
3189,05e6f600-63b8-11f0-aab1-5f3bbe175c3e,호매실불주먹,145,2
3209,f27d9040-6364-11f0-899c-ed58ed9d92cb,huall,144,2
3209,cda5acc0-62f2-11f0-971e-0d9306189309,Ripper,144,2
3209,69dc56b1-6b32-11f0-8f4d-6330363bf47b,사루토비,144,2
3209,190ef130-67d5-11f0-b4ab-e551b2e02888,검성KYJ,144,2
3209,0b85acf0-6642-11f0-81af-5b0af15a39e7,김씨표류기333,144,2
3209,060746e0-68a8-11f0-9e37-0f658bb23b20,김뚠뚠,144,2
3215,eaa854d0-634c-11f0-97d7-efff12aed0ab,적향,143,2
3215,e1c6f490-689a-11f0-ac3c-39e6bff8c472,목경운,143,2
3215,838d71a0-69fe-11f0-87cd-13cc90e29527,무알,143,2
3215,761ff250-68e5-11f0-a559-7966cc3307d7,로머드,143,2
3215,721db580-6628-11f0-ba0e-5d9d6daabc7d,호갱,143,2
3215,71eda671-6357-11f0-ba6d-31d76c70e10b,HyVision,143,2
3215,32788b70-6a89-11f0-8032-c32c225a07c5,너도밤,143,2
3222,d9041d50-652b-11f0-b600-494f6532820c,자상,142,2
3222,b4c29a60-63dd-11f0-b0c8-0be5c747fc57,NANSSE,142,2
3222,8ceb6c10-68ba-11f0-a559-7966cc3307d7,할람,142,2
3222,84ee6ba0-6434-11f0-93b5-9bbe54f3643d,백하란,142,2
3222,6a326f40-648a-11f0-a086-85e9f4d94fe9,과일스프,142,2
3222,641ab240-6857-11f0-9a92-175f0d2b5caf,질풍노도,142,2
3222,5fadab40-65d2-11f0-84dc-91a30a0d5f30,승민,142,2
3222,49c961d0-6a5e-11f0-a1c0-f953ad2a988a,와우산장도리,142,2
3222,3dad7a50-68f9-11f0-adde-6fac48283273,옥토끼주인장,142,2
3222,1d247860-63c2-11f0-aab1-5f3bbe175c3e,고야드,142,2
3222,0575be30-6b7a-11f0-a77d-bf1628fd022c,대서,142,2
3233,fb9233a0-68d9-11f0-b6e5-1f4abc2a195f,눈누,141,2
3233,f9a7c3e0-69f9-11f0-87cd-13cc90e29527,개노잼,141,2
3233,f3992880-6aae-11f0-aa73-c544fd48d310,뽄홀,141,2
3233,e54b0e90-69d4-11f0-8f96-49279775b5cf,호박설기,141,2
3233,e286e710-6a38-11f0-8010-915371c938f2,고기좋아,141,2
3233,e0a152a0-6a42-11f0-a1c0-f953ad2a988a,무봉,141,2
3233,d391b410-6763-11f0-9fd3-85fe974cb545,노곤한고양,141,2
3233,cfa278e0-62cb-11f0-b968-b15002a4efc3,바람의야수,141,2
3233,c8356ba0-6454-11f0-b1b5-f7c1dd7354a3,디르,141,2
3233,c2558190-62bd-11f0-839f-d97137a128f6,신림,141,2
3233,c1cf3911-6406-11f0-877d-c952436514c7,Bodhi,141,2
3233,bd4ce630-64bf-11f0-9779-d31d6e85e24e,리므,141,2
3233,b8aab480-6984-11f0-ae0d-6f90dae175ae,무무아으,141,2
3233,a842ac50-688b-11f0-80a5-f9b2d65c342e,팜짱,141,2
3233,99f8fb80-6b5c-11f0-b12d-131ac73060ee,창미니이,141,2
3233,99047270-6442-11f0-a01a-ff62206bbd01,tm9,141,2
3233,900752d0-646c-11f0-9e27-35530581f5ae,Ralphs,141,2
3233,7ec54260-64f4-11f0-920f-d9bd8a2a820c,춘봉,141,2
3233,7a261a90-6990-11f0-ae45-45a8c20b2c3a,부처의손놀링,141,2
3233,727abb00-64a6-11f0-a231-37ac1ad01c02,열혈도남매,141,2
3233,7119acb0-6a3e-11f0-b7a5-333dfc345c53,거리,141,2
3233,6d696990-6a78-11f0-b8c3-31d76e99096b,상계동최씨,141,2
3233,6b5b0c90-6491-11f0-aa78-e94e86ef7b01,오뉴과뉴,141,2
3233,684a3b20-62c5-11f0-9c90-0dce0c3e38c5,kc마크,141,2
3233,6218b810-6533-11f0-a7f2-95dc17e8a4b9,ELFA,141,2
3233,5dd0be70-6a73-11f0-b7a5-333dfc345c53,루가,141,2
3233,5c9152f0-6257-11f0-909b-ed23a48ab1a8,오슈,141,2
3233,48e64dd0-6aab-11f0-b350-274e47244e62,그래지금왔니,141,2
3233,48b9daf0-6c3d-11f0-98cb-9992c3b823e7,떵호예은,141,2
3233,3cc6bc60-674f-11f0-a764-331beb7dec8b,KrJoker,141,2
3233,34cc3a50-6766-11f0-ad79-9379ac052147,운전원의숙명,141,2
3233,2ad25f10-64ba-11f0-a3f5-7917fe6f3bcc,옥돔피해자,141,2
3233,14cdeab0-65e9-11f0-ade7-832d34a76bd7,북치는따기,141,2
3233,0d705f60-63a4-11f0-b7d9-6726758670c6,대세조,141,2
3233,03709580-630d-11f0-abe8-09c261bd0e21,거성박명수,141,2
3268,ff6521c0-6822-11f0-866d-112a867bb82d,다닝,140,2
3268,ddcd93d0-62dc-11f0-8e77-0fd833fd1288,집념,140,2
3268,dc0b15b0-6631-11f0-9293-2f108164e9cc,나다아빠,140,2
3268,c1acb700-6ad7-11f0-81c8-df68c1af4b53,벼슥,140,2
3268,ba549430-68e5-11f0-b6e5-1f4abc2a195f,노네임1,140,2
3268,ab01d960-69a9-11f0-86e2-d3a55f318685,은룡표국,140,2
3268,a7e733e0-6951-11f0-9eb1-291bf23f596e,장세현,140,2
3268,854eb960-69ed-11f0-9ccf-efc03aeeda2b,미역국밥,140,2
3268,835a3e20-6323-11f0-8900-17942e280829,태진,140,2
3268,7ff97fc0-634b-11f0-a70b-97528033efd5,UK,140,2
3268,1c7db200-647b-11f0-8847-9f16f919629d,엔쥬,140,2
3268,19f2bb20-6a3e-11f0-b350-274e47244e62,은솔정,140,2
3268,17afc390-63e9-11f0-b2cb-f71edb30a51a,방랑돌쇠,140,2
3281,fcab4730-6aba-11f0-97f1-7fc07927d956,양현,139,2
3281,f95496b0-645a-11f0-baaf-45c3a00048ee,고아왕,139,2
3281,f4bd8f20-6bbd-11f0-a917-9545b59de6a9,낵구,139,2
3281,d7b9cab0-6636-11f0-9293-2f108164e9cc,motion,139,2
3281,d1e1c5a0-6a8e-11f0-ab22-9b7f810af5a1,딥다크판타지,139,2
3281,97657350-6a33-11f0-8f71-7b608e1756aa,moassam,139,2
3281,85a0de10-63b8-11f0-84d8-51e7761f8916,e6ed7d,139,2
3281,80be2310-6950-11f0-9c6c-658573885763,후추만두,139,2
3281,6fa27a40-6491-11f0-829b-d50781ca76af,너수리,139,2
3281,65f0ff51-6a0c-11f0-87cd-13cc90e29527,파수꾼,139,2
3281,15832890-6ad9-11f0-adf1-352afe5db30b,마이천,139,2
3292,fbb55230-664b-11f0-81af-5b0af15a39e7,둥스비,138,2
3292,d3a52820-6c5d-11f0-802b-15be0af62600,상암존예여신,138,2
3292,c72808b0-67d5-11f0-b621-d3704219f3ab,사원,138,2
3292,b6a65990-6511-11f0-b0f9-9b13bf283379,귤난세,138,2
3292,b3731620-6b13-11f0-b431-c1779ea5d7f1,준떵어리,138,2
3292,ac891aa0-6490-11f0-a086-85e9f4d94fe9,강철이,138,2
3292,9a39b9d0-6ab3-11f0-9a7f-e32704d17198,구울,138,2
3292,904b4dd0-6b08-11f0-a101-2f71d3d479db,우빵빵,138,2
3292,87d969a0-629f-11f0-9d63-a32400f43d8e,미르빠덜,138,2
3292,63e4aa10-6947-11f0-9c6c-658573885763,맛난감자,138,2
3292,60352390-6adc-11f0-887f-c18cdf79257d,재도리,138,2
3292,5d391530-6969-11f0-b665-9b95c331ebe1,이방모,138,2
3292,4bc76b70-651e-11f0-a092-cfb4e8946e57,철철철,138,2
3292,2fb83880-6ac1-11f0-aabe-19fce0d146b1,예리야,138,2
3292,25c9cc20-6d3d-11f0-b976-671badd129d8,바람둥앙마,138,2
3292,11aabee0-630e-11f0-a53e-f720860fcc8a,리인,138,2
3308,f8943800-64ca-11f0-9aad-c5958682aa5a,유미르,137,2
3308,ed8e1010-6543-11f0-8b28-e3440b81a048,내다리내놔,137,2
3308,eb898820-6530-11f0-8799-a56030339d38,아키나,137,2
3308,e84e5c90-620a-11f0-980a-396801ba63e1,쎄다,137,2
3308,d0f6e4c0-673e-11f0-b696-57f6be140e14,진접대장,137,2
3308,c436e9e0-689e-11f0-ac71-a9f1697c1337,skrr한백승주,137,2
3308,ae1ee830-6b67-11f0-b2c9-29e2e53b69f1,이떠령,137,2
3308,9c2e5f20-6798-11f0-8310-8370146853a0,달려,137,2
3308,90b064b0-6417-11f0-83ae-cb0d7c1d5c99,정무다,137,2
3308,8e99ce00-6b9c-11f0-897e-8342d85e5dae,무림무황,137,2
3308,69e79c90-6859-11f0-9a92-175f0d2b5caf,A아수라R,137,2
3308,501aab70-6a6d-11f0-b8c3-31d76e99096b,핵남결,137,2
3308,4a90d100-6920-11f0-9163-9b37cd4f63ff,길이안보여,137,2
3308,2c624db0-6977-11f0-bd0c-c3e4cbda7988,seryu,137,2
3308,254b6ed0-6a94-11f0-a3f5-b7808f7fb4b1,측반,137,2
3308,0a7bcc90-6359-11f0-ba6d-31d76c70e10b,다앵구,137,2
3324,fcdf5280-6a99-11f0-b350-274e47244e62,나무들아,136,2
3324,f9a7e040-642d-11f0-877d-c952436514c7,바라시,136,2
3324,ea35f410-6385-11f0-bbf8-c589420426ae,맘망냥,136,2
3324,e18368a0-68aa-11f0-9ea1-858ee28c4119,뎌지,136,2
3324,d78dfff0-665b-11f0-8157-83c241bc6c35,꽃영이,136,2
3324,d122ca60-6778-11f0-958a-a1ef21446339,이맹주,136,2
3324,c74d5750-69bf-11f0-a6d0-d7dbeaf9d9e0,만개소문,136,2
3324,c54095c0-6a1f-11f0-83c1-071402a58f9d,여신김철,136,2
3324,abaccb40-6aad-11f0-a3f5-b7808f7fb4b1,누링,136,2
3324,a9ebafd0-6c59-11f0-bdaa-ad27fd640cb0,초인고양이,136,2
3324,9e766440-62bf-11f0-839f-d97137a128f6,야흐,136,2
3324,9ac72a80-6415-11f0-89c3-81bc4ed5aa4e,요연,136,2
3324,97f0f850-6b21-11f0-b8ff-3344b109df80,세상만세,136,2
3324,8f3f2250-6a76-11f0-b350-274e47244e62,클라스,136,2
3324,7cf15f50-686e-11f0-81ff-29432e84c057,활빈도,136,2
3324,78d2d7e0-64b4-11f0-9e34-5b3a63c40830,비버닷,136,2
3324,775bbd20-6926-11f0-a1de-d56c01849062,사마귀,136,2
3324,659cb6f0-643c-11f0-93b5-9bbe54f3643d,장금,136,2
3324,56423a20-64e3-11f0-846f-13edae8f7606,다다리,136,2
3324,50e897c0-6715-11f0-a764-331beb7dec8b,올데이,136,2
3324,44d07d80-6252-11f0-ba61-57b32c8fdcaa,스윗홈,136,2
3324,41035080-6421-11f0-83ae-cb0d7c1d5c99,윤호아범,136,2
3324,3f7391b0-6482-11f0-ae38-872b2910783a,콜드,136,2
3324,37a50df0-6523-11f0-a092-cfb4e8946e57,월광보합,136,2
3324,372963b0-6633-11f0-8dc5-0ba92d25bd16,안녕그,136,2
3324,364215a0-627d-11f0-9eb5-cf396344702c,안녕민,136,2
3324,35ef1310-620e-11f0-bb06-d93a803c5efb,느억맘,136,2
3324,35ad8920-6201-11f0-8879-5f895f1781fe,남순,136,2
3324,228e20f0-688e-11f0-8a2e-739305bc1e9c,귀가,136,2
3324,1c780700-683c-11f0-b2fd-9d1d445c08a1,징유,136,2
3324,19494740-6505-11f0-ada0-5d42ab9007c0,상돌이얌,136,2
3324,117d7ce0-67ba-11f0-8095-01730df73963,슈슈갱,136,2
3324,098b37e0-6934-11f0-98af-bff80b0492c0,짬스,136,2
3357,fe10f651-62e6-11f0-862d-ab549d322a06,싸커,135,2
3357,e4a26c70-6387-11f0-9b51-d36a85c863a7,루키셰프,135,2
3357,d7dda540-6558-11f0-9fd2-7f97456546dc,드림쓰,135,2
3357,d2356d30-6657-11f0-8157-83c241bc6c35,sgdy123,135,2
3357,ccc30e70-6954-11f0-887b-73f0ee57cca3,마당쇠형님,135,2
3357,c7539860-63aa-11f0-a110-bf1368febfaf,수막,135,2
3357,ad51b5c0-6aba-11f0-9a7f-e32704d17198,유실물보관소,135,2
3357,8639b2a0-652c-11f0-a092-cfb4e8946e57,별달아빵,135,2
3357,6747e9a0-6623-11f0-96fa-990fd0c2f326,고무치,135,2
3357,5e0f6c60-6a37-11f0-aa12-87d63b24aefd,랙돌미르,135,2
3357,50e47040-6a0e-11f0-9416-6d61d44d7bd3,환두대도,135,2
3357,36d4ae40-65d6-11f0-8efc-a3eb98db2b97,붉은늑대,135,2
3357,33a64620-636f-11f0-a70b-97528033efd5,양꼼,135,2
3357,30539530-625d-11f0-807b-b56290a6427d,주니공자,135,2
3371,f6449290-6491-11f0-8e6e-45b04a534d66,난킬,134,2
3371,f098bf20-65df-11f0-a5b0-75aecb1d0a21,나도해볼래,134,2
3371,b0578730-6b74-11f0-b12d-131ac73060ee,njshrf,134,2
3371,aacb0900-6466-11f0-a19b-cd9bee505425,ik,134,2
3371,9cf24cd0-6231-11f0-9658-0db50d035217,예능감,134,2
3371,8a10f990-62e0-11f0-8e55-53f16de9a7ce,여지,134,2
3371,8118eb20-660c-11f0-b420-973bd54af871,정중부,134,2
3371,7c6ec5f0-6449-11f0-9230-ab77de340b9d,나랴,134,2
3371,65325070-63fc-11f0-877d-c952436514c7,호호포,134,2
3371,525e43d0-625f-11f0-ba61-57b32c8fdcaa,캡틴남,134,2
3371,4ec8e250-6202-11f0-b6b8-890977889e3d,이쿤,134,2
3371,4c5d66b1-69fc-11f0-9416-6d61d44d7bd3,앙마미르,134,2
3371,2b8f98b0-6577-11f0-94e1-9148d7950b64,guo,134,2
3371,19443740-621d-11f0-9813-b7579b20c221,Ant,134,2
3371,0f1508e0-640b-11f0-a3ab-515b7dbdbb4f,미니키,134,2
3371,0e841c30-69ed-11f0-9ccf-efc03aeeda2b,어이어이어이,134,2
3387,e51358d0-645a-11f0-98cd-eddf0f6a0045,훕훕,133,2
3387,e3abb0c0-68b3-11f0-acc6-9fa957ae20ea,짜이,133,2
3387,e095d120-63c4-11f0-99a0-f791fadc47f8,갑부님,133,2
3387,db484710-6843-11f0-b2fd-9d1d445c08a1,고달픈배고픔,133,2
3387,d2c8c710-6819-11f0-a432-f5a269c347d6,장자방,133,2
3387,c9b4b8f0-62f1-11f0-be58-8570b5052512,항말모기,133,2
3387,c8c91520-64cd-11f0-998d-6361b2224259,배지터,133,2
3387,c04980c0-6535-11f0-8799-a56030339d38,킹크랩,133,2
3387,aa064360-63ab-11f0-9b51-d36a85c863a7,에어로101,133,2
3387,a88b3f00-62a1-11f0-bcbb-714564b525f4,이건모야,133,2
3387,998a5e80-6767-11f0-9e96-ff12b3c8d1f9,깐쭝,133,2
3387,9805e230-64c6-11f0-8365-bbd01b79191c,bigwin,133,2
3387,8c1c4ef0-6359-11f0-a70b-97528033efd5,이웅,133,2
3387,81defa50-67b9-11f0-88f0-55f2cee18b8d,호야붕,133,2
3387,80afad40-64f4-11f0-846f-13edae8f7606,세표,133,2
3387,7f9ad540-6aaf-11f0-aa73-c544fd48d310,차밍아이,133,2
3387,7cacf000-65c0-11f0-bf97-2123285fe52f,핍새,133,2
3387,7ac5dd40-6b62-11f0-8524-1595d8750a8c,동일,133,2
3387,78534840-6941-11f0-9867-bd921e23f0c2,빠따로삼국통일,133,2
3387,6ebbad50-65fd-11f0-8afb-9767d055c78a,펑화사자,133,2
3387,6715efd0-6444-11f0-ab0c-317be3d6b0a6,제이슨,133,2
3387,5fba3c90-655d-11f0-8282-ef55648b670a,청풍명월,133,2
3387,5d34c4e0-66f7-11f0-9d75-1fd8178eda43,기머리,133,2
3387,5b5619b0-639d-11f0-b91f-cbca55a9af76,잠만보냥이,133,2
3387,541343c0-6344-11f0-a70b-97528033efd5,Jinic,133,2
3387,4de11e20-64e6-11f0-8ef3-8dde64b39158,조오달련,133,2
3387,2f5f6f00-64bf-11f0-9779-d31d6e85e24e,요새독,133,2
3387,250f91a0-64de-11f0-ad80-bf5616b7c1de,Loo,133,2
3387,202c1ca0-63ce-11f0-a9da-8b915b889dd4,aimya,133,2
3387,1dc35d60-6b4a-11f0-ac55-0f6a14a43e6b,국사무쌍,133,2
3387,19b3d530-631e-11f0-8452-27084395bcc2,뭐꼬,133,2
3387,104bf560-6583-11f0-b7e3-fb434d59fc04,채민,133,2
3387,0c5d41e0-63c9-11f0-a9da-8b915b889dd4,하람랑,133,2
3387,014b5640-6a39-11f0-b13a-3fbefe483195,바닷가,133,2
3421,e4967ab1-69cb-11f0-86e2-d3a55f318685,코봉이,132,2
3421,e380c400-6b83-11f0-b12d-131ac73060ee,몽콩,132,2
3421,e177cd50-6ac2-11f0-96fa-ff6bb631f59b,프리라디칼,132,2
3421,e14fc610-6276-11f0-9eb5-cf396344702c,자놀자,132,2
3421,dec1b470-6a06-11f0-81d8-d75e58d916af,난류표,132,2
3421,cb2a04f0-6a72-11f0-8acc-fb286914151f,숭구리당당,132,2
3421,c634c7c0-6232-11f0-a8e0-c13502dd6b03,와사비찍먹,132,2
3421,c4f00cd0-6421-11f0-a684-2b9cd36018bc,갓가츠,132,2
3421,c110d060-6c30-11f0-948b-913c7c2d582b,국이,132,2
3421,b2c52631-623c-11f0-853f-4567daacb8e8,흰나비,132,2
3421,adf46670-624b-11f0-a923-e5c378e4162f,밀양박씨,132,2
3421,adf26c00-69dd-11f0-9adb-01ec0e539aaf,바다오이,132,2
3421,ac0204d0-6b29-11f0-8f14-2f5913224acc,베베다온,132,2
3421,ab8853a0-6468-11f0-9e27-35530581f5ae,파파베어,132,2
3421,aad7d040-64d4-11f0-920f-d9bd8a2a820c,josunman,132,2
3421,aa615170-64b8-11f0-befb-a79eaa388d9e,족제비,132,2
3421,926eff90-62a1-11f0-9c35-45ef6a487d5b,갓브로즈,132,2
3421,91b80350-66cd-11f0-956b-93633977bd1b,검나루,132,2
3421,8d96ee20-63b3-11f0-a110-bf1368febfaf,가담,132,2
3421,731a6170-6abc-11f0-b02c-d5017a532635,강코범,132,2
3421,6294fee0-6531-11f0-a7f2-95dc17e8a4b9,마동구,132,2
3421,5df0b840-653e-11f0-97bf-e59a2053b9f6,이건먼디,132,2
3421,5c560520-6a4e-11f0-b4af-bd0ab1be2018,뜨라이야,132,2
3421,490b1c80-651c-11f0-8799-a56030339d38,달콤한거예요,132,2
3421,48320550-6a24-11f0-a0bd-d7139a11b28b,윤팀장,132,2
3421,42307f10-6704-11f0-a3d4-43ebc2e41e55,현중지아,132,2
3421,3ba90830-62ed-11f0-8b38-673b14cc10ee,우준,132,2
3421,2ec10eb0-6c6b-11f0-b16a-699a6afe77a2,10333,132,2
3421,28b41260-644b-11f0-b750-051f455e1aaf,진짜루몰라,132,2
3421,14d5aec0-679d-11f0-a86b-6be161d85452,존난세,132,2
3421,115cf280-6b5d-11f0-837a-5be36112ad0f,강반석,132,2
3421,05cc4b20-6291-11f0-bcbb-714564b525f4,야폭,132,2
3421,04d17b00-643f-11f0-aa81-e7b48e5192eb,나타나엘,132,2
3454,eab85a90-6ac4-11f0-9ebc-25f4c2b0a5e6,해티,131,2
3454,e4f39bb0-65e2-11f0-ae82-f5fbeed77579,개벽,131,2
3454,e2537310-6c3d-11f0-ab54-f52e5a35d019,DDacard,131,2
3454,e06ed290-6500-11f0-ad80-bf5616b7c1de,시간당백원,131,2
3454,df1d79d0-6b97-11f0-a177-5968b016f8c3,적이건,131,2
3454,ddd94d30-6398-11f0-9b51-d36a85c863a7,땡자,131,2
3454,d3c6bd90-63d0-11f0-aab1-5f3bbe175c3e,5tr6,131,2
3454,cfb38e90-6439-11f0-a580-6783cb326665,망고도,131,2
3454,cf79dbc0-644b-11f0-8944-5327091948db,짜미주니,131,2
3454,cf218f70-6544-11f0-9f96-d53698402a2a,소소낭자,131,2
3454,ce8349f0-66c0-11f0-a7ca-6365d3928809,일타,131,2
3454,bb9b6ab0-63c4-11f0-86ef-4d438ea3ec33,보바일대,131,2
3454,b896d6f0-6a4b-11f0-b8c3-31d76e99096b,양키,131,2
3454,b5f38620-6c29-11f0-98cb-9992c3b823e7,충자,131,2
3454,b0a89000-63b6-11f0-8465-f716200b7246,시원한배,131,2
3454,b07c2120-6c6f-11f0-bb12-f394c5e7b677,작현,131,2
3454,ab53d960-63a8-11f0-b630-4f8dc5617c79,미니콜라,131,2
3454,a04b4680-6a6e-11f0-a1c0-f953ad2a988a,하꼬,131,2
3454,99f286e0-66fe-11f0-a3d4-43ebc2e41e55,j에게,131,2
3454,9108c4f0-6306-11f0-93c0-3fa3bb7fad1e,도사김창수,131,2
3454,8a967bc0-690b-11f0-81c1-9ffa4d001a1f,영와이,131,2
3454,84bc96a0-630a-11f0-aa86-77fa1d930a78,사과행님,131,2
3454,814adce0-6b78-11f0-849b-c5567c61aafc,숏바,131,2
3454,7c20d6d0-63b6-11f0-aab1-5f3bbe175c3e,여봉선,131,2
3454,7b9a3130-65a4-11f0-8be9-7bc4b954113d,븡븡,131,2
3454,753d4830-63bb-11f0-aab1-5f3bbe175c3e,마이크,131,2
3454,71bfb2f0-64a7-11f0-8dc2-b1d7780ea280,freen,131,2
3454,6bab5d90-69c2-11f0-9adb-01ec0e539aaf,맹호왕,131,2
3454,698a7780-636e-11f0-ba6d-31d76c70e10b,황인구,131,2
3454,64d9dac0-63fd-11f0-83b6-f799b6a4bcd6,레인파이터,131,2
3454,647f1440-62c3-11f0-b78d-9fbbdf7f23fb,야이아양,131,2
3454,635611b0-67b2-11f0-a5ca-8d77d40408a1,던져,131,2
3454,5eddfcf0-6687-11f0-8d91-67464caa9884,잔영s,131,2
3454,5dfeb490-6647-11f0-8bf6-afeec62e00c0,문덕귀,131,2
3454,5c485790-640e-11f0-89c3-81bc4ed5aa4e,일단고,131,2
3454,5554e120-684a-11f0-b297-a75635c318ec,DogFire,131,2
3454,3fa69410-62cb-11f0-b78d-9fbbdf7f23fb,뚠뚜리,131,2
3454,3a6adf70-65f9-11f0-8afb-9767d055c78a,할비,131,2
3454,2ccddef0-625f-11f0-807b-b56290a6427d,해마,131,2
3454,295b7a10-69ea-11f0-9adb-01ec0e539aaf,시아아빠,131,2
3454,266e8070-6ba4-11f0-adee-07ff0aed7119,랑이장군,131,2
3454,23e4b6a0-63b4-11f0-8976-0f88ec3b32e6,쌍웅,131,2
3454,202437f0-63cf-11f0-99a0-f791fadc47f8,우디하루,131,2
3454,1d3d7560-64c4-11f0-abac-67a696be1328,신세,131,2
3454,0f82adc0-6a6c-11f0-b7a5-333dfc345c53,밠쨁,131,2
3454,0a1d2cf0-6479-11f0-9c48-11e41ca3b3cb,달수정,131,2
3454,044a4240-6442-11f0-8944-5327091948db,푸른하마,131,3
3454,01937980-623b-11f0-a73e-efd8221a47bb,머뎌,131,2
3502,f4150300-647e-11f0-8847-9f16f919629d,귀여운깜돌이,130,2
3502,ee98caa0-63d5-11f0-bb86-97bdb11e4eed,쿠키브로,130,2
3502,c4825350-63d3-11f0-a9da-8b915b889dd4,김밥,130,2
3502,c2f86b60-64f9-11f0-920f-d9bd8a2a820c,범비,130,2
3502,b0d79ba0-637c-11f0-9a93-e1a70f769204,봉석,130,2
3502,af10b620-6620-11f0-9c8e-35b56b3e8fd9,마왕별자리,130,2
3502,a259c250-69f9-11f0-87cd-13cc90e29527,다운,130,2
3502,9de31550-662a-11f0-96fa-990fd0c2f326,금환의,130,2
3502,53247b60-6780-11f0-a97a-c7ef2eb3b5de,스노우로즈,130,2
3502,4011ecd0-643b-11f0-ba4e-2f2eb14df7d2,토리집사,130,2
3502,2fdc7f60-63dc-11f0-bb86-97bdb11e4eed,또따자,130,2
3502,289dc770-649c-11f0-ac20-8734dac19833,57분고통정보,130,2
3502,1c206370-6291-11f0-ba61-57b32c8fdcaa,낵시,130,2
3502,15625b60-654d-11f0-9bfa-fbe46a729beb,구포동지존검,130,2
3502,14d17b80-6a7b-11f0-b8c3-31d76e99096b,rika,130,2
3502,0edbf260-683b-11f0-b67b-53511e47b780,마구,130,2
3502,08647410-64b3-11f0-befb-a79eaa388d9e,마뮤다,130,2
3502,05e51bc0-6a0f-11f0-83c1-071402a58f9d,워우,130,2
3520,fe9fa190-67a3-11f0-8dd8-8d061ed0db8c,린스a,129,2
3520,f84d48b0-6a14-11f0-9adb-01ec0e539aaf,에이린,129,2
3520,f2391990-6a7d-11f0-b2d0-bfbd1e4de45b,땅모,129,2
3520,ee3cf110-656c-11f0-90e8-49468324a8de,보드카한잔,129,2
3520,e5fa8840-625c-11f0-a7b6-cf18c18dd85f,겸허,129,2
3520,e578c0d0-622a-11f0-93bd-4f6c20959660,알지,129,2
3520,e104b3d0-688b-11f0-9d2f-d121b1a2f834,수야싫어,129,2
3520,d1761e00-6619-11f0-98c0-d9f4fe5058f5,백수단,129,2
3520,cdd03980-66b3-11f0-bbca-cb910a6526e3,강길동,129,2
3520,bcd69750-6357-11f0-9eba-319c3c5b72eb,쩐뇽,129,2
3520,af3965a0-6906-11f0-bf27-69600f7373fa,통틴,129,2
3520,a9dfc8e0-6aac-11f0-b350-274e47244e62,착함,129,2
3520,a30e6e90-6944-11f0-9c6c-658573885763,오프너지니,129,2
3520,97c5b640-6455-11f0-b1b5-f7c1dd7354a3,나는누구요,129,2
3520,956015c0-69d8-11f0-83c1-071402a58f9d,g1two,129,2
3520,949410f0-633a-11f0-a70b-97528033efd5,허거덩,129,2
3520,82e5fdc0-672f-11f0-a3b5-cb7d513a283d,또로미냥,129,2
3520,7f7324a0-6a91-11f0-ab22-9b7f810af5a1,라희라빵,129,2
3520,7d6942c0-62ad-11f0-bcbb-714564b525f4,박수수탕,129,2
3520,78ce90d0-63b1-11f0-9b10-25f9ca8a7a53,hiru,129,2
3520,5cfdcff0-6542-11f0-bfcd-476b37318f6d,간절,129,2
3520,5405b680-6b58-11f0-b12d-131ac73060ee,도공,129,2
3520,464d0a20-62fc-11f0-b7c2-5907d7ac5d60,llll,129,2
3520,40abeec0-67b0-11f0-993d-3bee0f0e5b42,dao,129,2
3520,39e0ac80-6949-11f0-8de9-07aeffed770b,찬매,129,2
3520,30387430-6a41-11f0-b7a5-333dfc345c53,상흑,129,2
3520,2636f780-6b69-11f0-8524-1595d8750a8c,복구,129,2
3520,1d0c6180-6ade-11f0-adf1-352afe5db30b,청음,129,2
3520,0c9b9d60-62ab-11f0-bf6e-91ab11ffb732,블루드래곤s,129,2
3520,0c42e8e0-6315-11f0-8d40-dfc9f921e722,일단,129,2
3520,070fb3d0-6ae5-11f0-b538-6192b34d2599,노근성,129,2
3520,06db3ed0-646d-11f0-934d-3b333a678e8e,다내꺼,129,2
3552,ed7021d0-6314-11f0-8d40-dfc9f921e722,어우동,128,2
3552,e6b7c9b0-650d-11f0-8799-a56030339d38,라이프실버,128,2
3552,de7f4c70-6a83-11f0-b350-274e47244e62,신명철,128,2
3552,d63a73b0-6433-11f0-8bb1-eb965705e646,조계룡,128,2
3552,d06d2440-6c81-11f0-b06f-1bb3858adc4b,HG,128,2
3552,c81b0db0-67f5-11f0-bb71-090a139da64b,겨울이언니,128,2
3552,c2515880-6ca5-11f0-9b40-39de905d3348,대추메밀,128,2
3552,bdfb7e30-6a7c-11f0-b7a5-333dfc345c53,김천국밥,128,2
3552,b558bbe0-667a-11f0-ba90-31fb5fd677bf,코코미,128,2
3552,a63a0030-69ed-11f0-83c1-071402a58f9d,하야네,128,2
3552,7cd089a0-6478-11f0-9c48-11e41ca3b3cb,홍익,128,2
3552,5c9d66c0-6af0-11f0-a78d-8d7d319cdb7a,부스,128,2
3552,54b446c0-6499-11f0-bbfe-0d14bcd852b5,청운도령,128,2
3552,4a398f00-697d-11f0-9c0e-0dd08add1ee4,비얀,128,2
3552,496ea1a0-677f-11f0-bf08-6be28b2f5825,이그리트,128,2
3552,27102560-6456-11f0-bd2c-e991889af7f8,pjh123,128,2
3552,230aae20-6ab6-11f0-9a7f-e32704d17198,BlessG,128,2
3552,1b1d1fd0-65a8-11f0-b5ae-9f72a71a5588,난세의히어로,128,2
3552,0d81a750-69a0-11f0-a6d0-d7dbeaf9d9e0,바다의왕이순신,128,2
3552,0190b750-6802-11f0-a432-f5a269c347d6,셔리,128,2
3572,f5bde300-689a-11f0-b8d4-35bd2533c6c0,유무화,127,2
3572,ebc6c200-622c-11f0-8ec9-d591a6953b97,wetgv,127,2
3572,e90eee80-63ac-11f0-b7af-c9aa5877d7e6,김저녁,127,2
3572,e314ad90-64a5-11f0-b5c8-a523170b964a,홍길동의여자,127,2
3572,d95c8560-639d-11f0-a4da-3d0ef443f21c,도오비,127,2
3572,d55ee730-6377-11f0-985f-09c7f7bbac28,조오국,127,2
3572,cdda4120-637d-11f0-b1cc-5d67dd7777cf,수강기,127,2
3572,cb3ef150-6534-11f0-85dd-2db918fca576,골타마,127,2
3572,b2a47de0-63f4-11f0-89c3-81bc4ed5aa4e,Twind,127,2
3572,b2132df0-69d4-11f0-83c1-071402a58f9d,막뚱이,127,2
3572,9f720d10-6a38-11f0-ab79-c9bd245129b7,서졍사랑,127,2
3572,8a23ab40-6893-11f0-9805-afb16ae6102b,루하빠,127,2
3572,8659f680-65c9-11f0-b5ae-9f72a71a5588,역류,127,2
3572,86389fd0-6c40-11f0-b37e-a3b29bc4a2eb,히읏,127,2
3572,7c89cca0-63c8-11f0-bb86-97bdb11e4eed,코레아우라,127,2
3572,6db8b9f0-6776-11f0-bd54-59b9d0a8a108,하또,127,2
3572,6d8c60c0-61fa-11f0-8565-f5380e41eb5b,cpwj,127,2
3572,6d25afd0-62e3-11f0-8f11-77dd1d282e8c,횡계박프로,127,2
3572,618e3b10-6793-11f0-b8e6-d1592939ba2b,애쉬,127,2
3572,60efa910-663e-11f0-bea1-91a011538301,천사뿐,127,2
3572,59ff9f60-6a09-11f0-9ccf-efc03aeeda2b,장규직,127,2
3572,53166f10-6c09-11f0-87eb-690ec7d4dfe2,난깡,127,2
3572,3d232dc0-68cf-11f0-a559-7966cc3307d7,마진,127,2
3572,1c1a21e0-6502-11f0-86b2-95b4faeb80b4,hofman,127,2
3572,0cd965a0-639b-11f0-8ad1-495afdf38cf0,비덴샤,127,2
3597,fc2fba80-6618-11f0-ba0e-5d9d6daabc7d,하룻강아쥐,126,2
3597,fbc03670-67f2-11f0-82b6-93a73aef044c,시야깅,126,2
3597,ef632cc0-69fa-11f0-9416-6d61d44d7bd3,요롱이,126,2
3597,eaa38ba0-66f6-11f0-9d75-1fd8178eda43,국짱,126,2
3597,e3117f30-62b6-11f0-b038-1df969c0d9a5,쑤슈,126,2
3597,e0e824b0-6947-11f0-9867-bd921e23f0c2,방더기,126,2
3597,ceb26820-63be-11f0-9a90-f3e6ad4e6da0,무원,126,2
3597,c90c1670-688f-11f0-8391-016e18fa5c37,뭐가요,126,2
3597,bee01df0-638e-11f0-b482-59801d2d98ce,드롭크,126,2
3597,b8c70c70-688f-11f0-92ff-45af87a84012,후리미,126,2
3597,ad29b210-6a0f-11f0-87cd-13cc90e29527,한국사0등급,126,2
3597,99f4c530-67cc-11f0-9582-21c26e557497,티몬,126,2
3597,7f3f8c60-628c-11f0-b831-2509b113c5f4,보밥,126,2
3597,7c51b9f0-63fa-11f0-b314-3925c9c0ffa7,서정안중,126,2
3597,78ea3290-6587-11f0-9adf-1d806649f7f0,뿌찌직,126,2
3597,73830f10-63fd-11f0-83b6-f799b6a4bcd6,콤리,126,2
3597,6cbf38b0-639a-11f0-8ad1-495afdf38cf0,맑하,126,2
3597,5325c710-6463-11f0-934d-3b333a678e8e,빠끄야,126,2
3597,50d28670-622d-11f0-bbfd-8564365ef7ff,뽀늄,126,2
3597,4e811e50-67bd-11f0-88f0-55f2cee18b8d,방감독,126,2
3597,4502f550-6afc-11f0-9ed4-f3624571d2cf,카뷰,126,2
3597,2d13d1b0-6298-11f0-9eb5-cf396344702c,코코콩이,126,2
3597,1f4cb3e0-6233-11f0-b669-bf2d1b52708a,이순신최고,126,2
3597,1ee3c5a0-64b4-11f0-8b02-21e8a51b3133,넌세표류기,126,2
3597,1af8b150-64cb-11f0-846f-13edae8f7606,범죄자,126,2
3597,17d07e40-6b79-11f0-b12d-131ac73060ee,톰달,126,2
3623,f47bf440-6ba7-11f0-a8af-f73a307a4a56,오이짱,125,2
3623,d7ac7e90-6515-11f0-a092-cfb4e8946e57,센놈,125,2
3623,b55ff0a0-6381-11f0-ab9a-491699e5c818,무엥,125,2
3623,af03c040-631f-11f0-b403-3507abff79da,냉동고,125,2
3623,a8be5be1-6370-11f0-baf1-611897b49fac,정맹,125,2
3623,a448fea0-6558-11f0-b19a-f331206492d9,난세황룡,125,2
3623,8d958730-6627-11f0-8b0f-e9bbd77fc492,스파이더B,125,2
3623,758568c0-66b0-11f0-ab75-d185489f2c82,아대아니,125,2
3623,70504dd0-66ff-11f0-a25c-47a5a693b30a,하닢,125,2
3623,6c2ef4e0-6b14-11f0-8f14-2f5913224acc,오로나민,125,2
3623,2933ea10-6a88-11f0-97df-4b76eb1e1edb,속빛,125,2
3634,f8b23dc0-64be-11f0-8c2d-279d03488fdf,Hsm,124,2
3634,d6319230-6a56-11f0-b8c3-31d76e99096b,김설희,124,2
3634,c6d64f20-6a5a-11f0-b8c3-31d76e99096b,시리야,124,2
3634,a3c288c0-6ab7-11f0-aabe-19fce0d146b1,후라이드참새,124,2
3634,9ad2a6a0-680f-11f0-9069-eb268d57af69,초디,124,2
3634,95626f20-63d7-11f0-9a87-810a40a679fa,저녀논,124,2
3634,4340db20-6376-11f0-ab23-17e3cb110c7b,예호수아,124,2
3634,350bb1e0-67f6-11f0-82b6-93a73aef044c,이일구,124,2
3634,006d47d0-6221-11f0-9ed2-2327c5a1ff14,또또재,124,2
3643,ee2dc650-6813-11f0-bb71-090a139da64b,타격감제로,123,2
3643,d25ba690-63a9-11f0-b630-4f8dc5617c79,크루시아,123,2
3643,8c39f420-66fe-11f0-b372-f92b42b3e751,유리센,123,2
3643,811827a0-6ac9-11f0-9ebc-25f4c2b0a5e6,은닉,123,2
3643,6976eb70-645e-11f0-8e9c-27ecbf718d05,호동잉,123,2
3643,68b66870-654c-11f0-aa52-59454e490ec8,류손공,123,2
3643,65efc200-6a68-11f0-a1c0-f953ad2a988a,쉼라야,123,2
3643,596d5ed0-6224-11f0-abc2-914425398299,개호주,123,2
3643,570554d0-6afe-11f0-b991-8933bc0a57e4,시꾼,123,2
3643,118a7970-66ef-11f0-abbe-1b148ce1c918,곰표,123,2
3653,ca277130-6c63-11f0-ba2c-4f8d906a7937,춘봉박,122,2
3653,a59f9500-61d6-11f0-9cbc-157d68270165,밤의수호자,122,2
3653,a4799cf1-68b8-11f0-b6e5-1f4abc2a195f,춘태,122,2
3653,a31abb00-67cd-11f0-a86b-6be161d85452,재강아범,122,2
3653,6de5bdb0-6884-11f0-a66a-17ffc6bb3860,예솔이,122,2
3653,5f959af0-6aaa-11f0-aabe-19fce0d146b1,강준,122,2
3653,3f1bdc90-68e7-11f0-bd47-cf3af6acce80,아바라기,122,2
3653,36afa6d0-6ac8-11f0-9ebc-25f4c2b0a5e6,기은빈,122,2
3653,2bd73600-69ca-11f0-a669-cf0eea211da7,율쓰,122,2
3653,2acc1440-6d0f-11f0-9497-07950a6b2df0,l대마왕l,122,2
3653,08309790-69fd-11f0-9ccf-efc03aeeda2b,Sohigh,122,2
3653,07efcfc0-69d6-11f0-a97a-17464924d39f,뤼재명10sek,122,2
3665,fafb5cb0-64b9-11f0-a475-093604a1564e,무제한,121,2
3665,fa2654f0-6894-11f0-8871-5dec1d16e3d2,호디,121,2
3665,f7e2a400-6295-11f0-9eb5-cf396344702c,데미갓,121,2
3665,f5f9b060-67d2-11f0-9522-11881f116ae1,마지막쥐,121,2
3665,ef69dbc0-6260-11f0-9eb5-cf396344702c,왁스라다,121,2
3665,ef0cb0f0-646b-11f0-9969-437e63fe5696,나성,121,2
3665,edfd14b0-6958-11f0-8a8c-e705cbe6ed4d,원추,121,2
3665,ecd2d690-6a4a-11f0-b4af-bd0ab1be2018,막나가는범이,121,2
3665,e849c4d0-631f-11f0-ab2b-0537369c39e5,메밀꽃,121,2
3665,d6af3410-66dc-11f0-abbe-1b148ce1c918,전설희,121,2
3665,d55e0380-648d-11f0-b749-97e97e025ce2,히키코모리,121,2
3665,cbe43940-6448-11f0-b750-051f455e1aaf,신기,121,2
3665,bfafafd0-6487-11f0-bbfe-0d14bcd852b5,양동이,121,2
3665,bc627840-6706-11f0-bf3a-3baa684433d6,탑새기,121,2
3665,b4b84b60-69d6-11f0-83c1-071402a58f9d,주월,121,2
3665,b29b8050-699e-11f0-86e2-d3a55f318685,더락,121,2
3665,b227fb90-6a2e-11f0-8e3a-75f00633c49f,기때기,121,2
3665,ac2367b0-6453-11f0-b1b5-f7c1dd7354a3,홍구팡팡,121,2
3665,9e52baa0-6246-11f0-9224-eb6b2b2ecb55,앤디미온,121,2
3665,9cc03800-63ec-11f0-931c-5f0600bc75da,멘디르이,121,2
3665,9be7ba20-6851-11f0-9858-4f568ed316af,벨라인,121,2
3665,995e90b0-6ae2-11f0-81c8-df68c1af4b53,우백,121,2
3665,8ab9bdc0-66f3-11f0-94fd-bd0b371894b0,영천동,121,2
3665,89ed6c30-6576-11f0-896e-83b60cad348e,주모국밥,121,2
3665,83de9af0-6213-11f0-a026-2b3e93922249,영업중,121,2
3665,83469e10-69d1-11f0-9416-6d61d44d7bd3,노원구뚝배기,121,2
3665,8305b160-64d7-11f0-998d-6361b2224259,은화파파,121,2
3665,816b6550-6727-11f0-b6f9-9341b272f2ff,애옹이,121,2
3665,81467ff0-64fd-11f0-846f-13edae8f7606,이방간,121,2
3665,80d25f50-6ab9-11f0-82da-c395ee7d49d8,푸름윤슬,121,2
3665,778255e0-62ad-11f0-a53e-f720860fcc8a,나제로,121,2
3665,6d516780-6453-11f0-9bbb-977d07f6b3d2,아만길리,121,2
3665,617ef4e0-696c-11f0-ad4d-5f2efa676c7d,덕빠,121,2
3665,60447f40-66de-11f0-bbfc-a56011b32b9c,MrP,121,2
3665,5e7446f0-673d-11f0-b6f9-9341b272f2ff,배나온앙마,121,2
3665,58784d20-63a8-11f0-9e98-299d606b6be2,심꾼,121,2
3665,54f9d7f0-688e-11f0-92ff-45af87a84012,rei,121,2
3665,4dfdc720-6494-11f0-829b-d50781ca76af,마로c,121,2
3665,474cac00-69f0-11f0-9416-6d61d44d7bd3,한나둥이,121,2
3665,466ea100-6890-11f0-9d2f-d121b1a2f834,목포아빠,121,2
3665,425f69f0-6796-11f0-854a-b963b3c30991,순욱,121,2
3665,3d47f5c0-649b-11f0-a470-3b5290ad38d8,호란,121,2
3665,380e20c0-6b49-11f0-ac55-0f6a14a43e6b,빠샤샷,121,2
3665,36273c50-63ca-11f0-a9da-8b915b889dd4,VI,121,2
3665,2e5f6ac0-6b7b-11f0-91ca-cf5b24805095,강해진,121,2
3665,24820ba0-68e4-11f0-b6e5-1f4abc2a195f,백설기,121,2
3665,1d639e60-675e-11f0-90d3-cb346da47371,gk1054,121,2
3665,1d279060-6659-11f0-8bf6-afeec62e00c0,hun,121,2
3665,1a030280-64d2-11f0-ad80-bf5616b7c1de,komong,121,2
3665,16d61320-63ee-11f0-849d-3b3a1fc71a59,초코맛소주,121,2
3665,162fa170-6263-11f0-b63f-7755b72aa50f,서이츄,121,2
3665,14309850-62bf-11f0-a53e-f720860fcc8a,궁구,121,2
3717,fdfeb800-6250-11f0-a7b6-cf18c18dd85f,유진스,120,2
3717,fdbc1d20-65e7-11f0-9981-a5439162f975,볼트넛,120,2
3717,fba19280-6750-11f0-a25c-47a5a693b30a,전제공,120,2
3717,f5f57860-62f5-11f0-95d2-15b32e977246,뚠딘,120,2
3717,f317add0-62ea-11f0-971e-0d9306189309,송룡이,120,2
3717,ebe303e0-62ed-11f0-8740-eda872109ccf,세빈파파,120,2
3717,e88698f0-63de-11f0-80fd-8dc2ba771ecd,고진운,120,2
3717,e6f3b3e0-62e1-11f0-971e-0d9306189309,두디드다드,120,2
3717,e063c9f0-622a-11f0-bbfd-8564365ef7ff,레몬구름,120,2
3717,dd097cc0-69bc-11f0-a94a-9f7e552760ea,체강한화,120,2
3717,dce6f620-6b68-11f0-8524-1595d8750a8c,풀풀이,120,2
3717,d5319c10-6a0e-11f0-9416-6d61d44d7bd3,란이,120,2
3717,d157ac70-687d-11f0-8bdb-4d2923eb0822,터블이,120,2
3717,d0cc6180-692f-11f0-bd01-4f9a91cb3d54,망두두,120,2
3717,cd5a6750-6b13-11f0-89ae-bb6b4e8b47bd,뚜리,120,2
3717,cd4656a0-6ab1-11f0-82da-c395ee7d49d8,왕대두,120,2
3717,c985bdc0-66e3-11f0-abbe-1b148ce1c918,국사선생,120,2
3717,c8f2a761-6373-11f0-b361-89751b9f7bfc,때리면아퍼용,120,2
3717,c5c342b0-6900-11f0-9ae7-91cf7169e2c4,조선김씨,120,2
3717,be73c5f0-6b41-11f0-b63c-735a38bfe71e,노이v,120,2
3717,bb8edc90-66ae-11f0-a6ac-57db5f51c09c,라넌,120,2
3717,b8700ba0-63d5-11f0-a68a-1f47317284ca,봉이v,120,2
3717,b63c9620-6bb2-11f0-a01f-e538764cd6d1,국립목포해양대,120,2
3717,af4a3230-6a3d-11f0-bd38-5b7f969337b9,지한아범,120,2
3717,abed7970-675a-11f0-abfa-cf2722f87813,고구마호박,120,2
3717,a9a5b140-6576-11f0-b5ae-9f72a71a5588,동방삭,120,2
3717,9fb64130-6a68-11f0-b350-274e47244e62,낭만치사량,120,2
3717,961bd550-6a80-11f0-aa6e-41c5597ab061,pix,120,2
3717,941adb30-67cd-11f0-9582-21c26e557497,타국의태양,120,2
3717,8b4dacf0-635c-11f0-9eba-319c3c5b72eb,호족,120,2
3717,86c740d0-6ab7-11f0-b350-274e47244e62,카로,120,2
3717,82f530f0-63b6-11f0-88bb-a18293022b58,서방님,120,2
3717,7f858610-6a8f-11f0-b350-274e47244e62,형사괴수란내,120,2
3717,759c1460-6397-11f0-9b51-d36a85c863a7,막빈,120,2
3717,6ffd33e0-69b4-11f0-8b3f-73b93d01f6b0,장지니,120,2
3717,693fc1a0-684a-11f0-9858-4f568ed316af,꼬자만두,120,2
3717,6784dbc0-6a7a-11f0-b7a5-333dfc345c53,아만다,120,2
3717,65ea3e60-6302-11f0-af00-9b7f567d02d1,찌뿌2009,120,2
3717,65aacb50-685b-11f0-9f4e-a7377e1552a2,로마의토티,120,2
3717,6410bdb0-69f8-11f0-87cd-13cc90e29527,꼬마비야,120,2
3717,62f665d0-6b31-11f0-beaa-0b22da3879b3,드라리,120,2
3717,6005e360-6a72-11f0-b350-274e47244e62,지옥에서온사신,120,2
3717,5ddba780-646b-11f0-b9a2-71a70b35ee88,챠닝,120,2
3717,5b011d00-647b-11f0-934d-3b333a678e8e,뽀송송,120,2
3717,59ac77a0-689b-11f0-b8d4-35bd2533c6c0,JEEP,120,2
3717,589b67a0-620a-11f0-abc2-914425398299,운리,120,2
3717,57593d40-6313-11f0-b218-43a24c54b5c1,금호,120,2
3717,53249d70-62d5-11f0-9cbc-05ebba638e55,댜니,120,2
3717,51282710-69ad-11f0-86e2-d3a55f318685,무댕댕,120,2
3717,5061e4f0-648b-11f0-b749-97e97e025ce2,09523,120,2
3717,4effe260-6427-11f0-a3ab-515b7dbdbb4f,별Ol,120,2
3717,4ce37230-68e1-11f0-acc6-9fa957ae20ea,봉글레차,120,2
3717,4b53ef80-6797-11f0-bb20-11ad96385100,안성미인,120,2
3717,4767d8c0-6498-11f0-a315-5d30c4fd1c80,은룡,120,2
3717,464c65e0-6836-11f0-9180-3b43600d43f2,skhs,120,2
3717,4587bbf0-6a1b-11f0-81d8-d75e58d916af,후끈한후시딘,120,2
3717,42cb73e0-68e3-11f0-a559-7966cc3307d7,제1사막,120,2
3717,4034a7c0-63d2-11f0-8ce7-05e1fc9cefd2,난세방시,120,2
3717,3de7aef0-632c-11f0-acf4-5d62302864df,주송,120,2
3717,3d2350a0-63f4-11f0-931c-5f0600bc75da,립밤바,120,2
3717,3b1e9700-6233-11f0-b669-bf2d1b52708a,팔공이,120,2
3717,394aa300-6a86-11f0-8032-c32c225a07c5,지나가던김서방,120,2
3717,36ab7fb0-6b9a-11f0-9c95-f327c861b311,eclipse,120,2
3717,2f8e3b60-67d9-11f0-8a9a-bff464ab4fe5,원펀치투강냉,120,2
3717,2d666fd0-67cd-11f0-aa0e-8137dd32d9f9,123335,120,2
3717,260435f0-6a30-11f0-a61f-ab8e09870683,두루,120,2
3717,21624d50-63bb-11f0-8d07-390a61232108,막고해,120,2
3717,1d2d7720-6314-11f0-8d40-dfc9f921e722,조의,120,2
3717,1c5fb1f0-6a8a-11f0-ab22-9b7f810af5a1,홍딴,120,2
3717,1708e690-65e9-11f0-ade7-832d34a76bd7,영무,120,2
3717,12844cf0-66a6-11f0-9c11-c5fc5684c621,이충현,120,2
3717,0efef880-624d-11f0-a510-196fe281bbd0,홍홍님,120,2
3717,0e3b96f0-6299-11f0-9eb5-cf396344702c,OIOI,120,2
3717,0bb147a0-68f1-11f0-82a4-059d2fef0171,겨쿠,120,2
3717,0a37c790-6960-11f0-8a8c-e705cbe6ed4d,란아,120,2
3717,02567340-668c-11f0-aee9-63d133f73255,백하,120,2
3793,fe15b8d0-67ea-11f0-82b6-93a73aef044c,설운,119,2
3793,fd87df60-63c6-11f0-a9da-8b915b889dd4,Dizzysun,119,2
3793,fd4d1f50-63d1-11f0-aab1-5f3bbe175c3e,아랍이가다니,119,2
3793,f34422a0-6477-11f0-9e27-35530581f5ae,킹왕짱민서,119,2
3793,eed2f4d0-63d2-11f0-9a87-810a40a679fa,고영서,119,2
3793,edff8a30-657d-11f0-b0ad-37591fbff66b,DanielG,119,2
3793,eb275400-62f8-11f0-a53e-f720860fcc8a,제로아범,119,2
3793,e57ab510-695b-11f0-887b-73f0ee57cca3,southpow,119,2
3793,e4cc7610-64ad-11f0-8340-854878e1c5cf,오펜하이머니,119,2
3793,deefd840-6543-11f0-92e0-7b3fd025c1ff,독종이,119,2
3793,dc4a6c50-6286-11f0-bcbb-714564b525f4,방문자,119,2
3793,dba80140-67a9-11f0-aed9-e7219e4530ad,갱으니,119,2
3793,dac8d850-680b-11f0-9069-eb268d57af69,KES,119,2
3793,d7b85790-6698-11f0-9b15-75b767f9c728,Bom,119,2
3793,d7a9f9e0-648e-11f0-829b-d50781ca76af,바바리안,119,2
3793,d6128780-68a0-11f0-964b-837570811ae9,무삥,119,2
3793,d4b25e30-6461-11f0-a72c-e970bf999ff4,무웅,119,2
3793,d49c38a0-6365-11f0-ba6d-31d76c70e10b,새벽의,119,2
3793,d2534dd0-6217-11f0-bbfd-8564365ef7ff,안장군,119,2
3793,cde2b7c0-6a2f-11f0-996b-990644e05d04,사라진영웅,119,2
3793,c86271d0-69b4-11f0-86e2-d3a55f318685,도톨,119,2
3793,c2d145c0-68a6-11f0-9f59-43e0c9aecd40,v휴v,119,2
3793,c16ea7e0-6419-11f0-89c3-81bc4ed5aa4e,성쿨,119,2
3793,c0b94590-6611-11f0-8af8-af83b80f6378,홍기일동,119,2
3793,c07cde90-68df-11f0-b6e5-1f4abc2a195f,rjfscggf,119,2
3793,bdeb8fa0-649d-11f0-b514-0be50f2b30c9,몽블랑도너츠,119,2
3793,bde72140-6439-11f0-9143-05b731683243,독한쥐,119,2
3793,bcb6e7b0-6583-11f0-b6ea-75c16fffb43f,빨간양말,119,2
3793,bc8817e0-6575-11f0-8ee0-7fdf94bcc26c,코오코,119,2
3793,bc5d5690-6381-11f0-b6f5-df7d29cfa051,노을이아빠,119,2
3793,b3625480-62d4-11f0-b252-a1a047cc5cf1,시니라,119,2
3793,b35d4c90-6b05-11f0-a501-8fdc373b7cc7,하나빛,119,2
3793,b2b0c200-691a-11f0-a1de-d56c01849062,다구리,119,2
3793,b1bd4300-6956-11f0-9f3a-d936e3ed6e3a,프렌,119,2
3793,b19129b0-6513-11f0-8350-2bfe2b1cf2f9,오리방뎅이,119,2
3793,aff30a20-6ba2-11f0-85bd-0987f8424709,성좌,119,2
3793,acac6940-68f2-11f0-8ce4-a510d1bb675b,애후보동,119,2
3793,aa5133c0-6748-11f0-a764-331beb7dec8b,sang223,119,2
3793,a7c4b6c0-6209-11f0-8954-d1ddcca9d272,고을불,119,2
3793,a495cd10-624d-11f0-807b-b56290a6427d,엽현,119,2
3793,a31ac6e0-63ef-11f0-85fd-3f215f6f93fc,거친늘보,119,2
3793,a1cd92a0-67ae-11f0-aed9-e7219e4530ad,kjerry12,119,2
3793,a15e8610-632d-11f0-9840-c9d8e5ab8af9,긴고아,119,2
3793,a0fee2b0-6516-11f0-998d-6361b2224259,정준우,119,2
3793,9b347610-6377-11f0-9b1d-d3c0b0c471c9,대기리,119,2
3793,98b30810-6387-11f0-9b51-d36a85c863a7,김군아,119,2
3793,97eb41f0-654d-11f0-aa52-59454e490ec8,쓰래빵,119,2
3793,950fa6b0-6444-11f0-8944-5327091948db,학씨아조씨,119,2
3793,9461caf0-695c-11f0-887b-73f0ee57cca3,기아나,119,2
3793,91e82100-68af-11f0-9d8d-43218661958e,깜디요,119,2
3793,9094a960-6556-11f0-9028-6d8f473a814e,이름뭐하지,119,2
3793,88d81120-6561-11f0-94e1-9148d7950b64,악사우,119,2
3793,8417a1c0-6212-11f0-8954-d1ddcca9d272,욕심쟁이,119,2
3793,830ed9e0-6a4d-11f0-b4af-bd0ab1be2018,HwaNiMam,119,2
3793,81990040-66bf-11f0-9124-1bb2104fd5db,마르노,119,2
3793,809d1dd0-647f-11f0-9c48-11e41ca3b3cb,양말고양이,119,2
3793,7bbe97f0-663a-11f0-b4ee-39fec46309cd,오도리콩,119,2
3793,7a4ebed0-63ca-11f0-8f11-17371de17e69,콩이당,119,2
3793,7a289920-648e-11f0-b749-97e97e025ce2,이뿌꾸,119,2
3793,79693900-66b8-11f0-a7ca-6365d3928809,NAMAKUBI,119,2
3793,76253950-66ff-11f0-abbe-1b148ce1c918,한능검1급자,119,2
3793,75ef0e30-663b-11f0-bc31-31a33162f175,시시시시시칙,119,2
3793,73ac00a0-6a9c-11f0-a9cf-f3f33c48bf68,수배중,119,2
3793,72c06810-640d-11f0-a3ab-515b7dbdbb4f,흐꼼,119,2
3793,6f590210-6479-11f0-9c48-11e41ca3b3cb,아수라장,119,2
3793,6c7e1f90-6ac2-11f0-9563-35208c1cb4b3,나폴리탄조조,119,2
3793,56ab03c0-66b4-11f0-a9a7-23125e6c6cb5,헬나이트,119,2
3793,566fcb10-6278-11f0-b63f-7755b72aa50f,마기,119,2
3793,54f3dec0-634f-11f0-9145-a52c50a03179,비오사,119,2
3793,51539610-6319-11f0-b4ac-230641ea7477,젠쿠비,119,2
3793,500c4fd0-69fa-11f0-83c1-071402a58f9d,흑날,119,2
3793,4d066b30-69ec-11f0-83c1-071402a58f9d,무피,119,2
3793,49238770-6846-11f0-9187-bfb76cd46158,벤츠딜러나봉팔,119,2
3793,41621910-6955-11f0-9f3a-d936e3ed6e3a,커뤼,119,2
3793,3dbd9740-6ab7-11f0-97f1-7fc07927d956,대검매니아,119,2
3793,3d37feb0-6534-11f0-a092-cfb4e8946e57,트리,119,2
3793,3b332010-69ec-11f0-83c1-071402a58f9d,페페리,119,2
3793,36c26e20-67ec-11f0-82b6-93a73aef044c,반하,119,2
3793,350c68c0-6b65-11f0-837a-5be36112ad0f,아빠pooh,119,2
3793,34677050-6c90-11f0-9457-53468084c789,후조,119,2
3793,3194e9d0-69e7-11f0-9416-6d61d44d7bd3,최찬기,119,2
3793,303224f0-6225-11f0-abc2-914425398299,고랑기랑이랑,119,2
3793,2e2a8a80-6a3b-11f0-9b5a-11326a6c8989,진세아,119,2
3793,2c739e40-6773-11f0-ac22-89a616aaf971,uiiiii,119,2
3793,2bc60890-63e3-11f0-9b30-bfc50fd617fd,Torotoro,119,2
3793,2b1e4430-6aa4-11f0-b350-274e47244e62,왕혁,119,2
3793,28a10d80-6204-11f0-b6b8-890977889e3d,구구구구피노,119,2
3793,268c34c0-6aab-11f0-9a7f-e32704d17198,Solagon,119,2
3793,24f009a0-6297-11f0-ac49-e9bf5bf498db,kings,119,2
3793,21967700-650b-11f0-a092-cfb4e8946e57,홍길동동이,119,2
3793,17003ff0-6b0b-11f0-bb12-2fec1548f0a3,JoonM,119,2
3793,16f333d0-6248-11f0-a510-196fe281bbd0,닉네임설정,119,2
3793,15b3fb10-625e-11f0-bddd-0f1b62ebaf6e,마오네즈,119,2
3793,11cc3e50-6c8a-11f0-92f8-0b0dfcc0c41e,마들,119,2
3793,10fd2390-69ce-11f0-86e2-d3a55f318685,제르비노,119,2
3793,109ed840-65ef-11f0-8afb-9767d055c78a,EJSYAB,119,2
3793,0fc829e2-63d7-11f0-b0c8-0be5c747fc57,제이아빠,119,2
3793,0df332d0-66f8-11f0-abbe-1b148ce1c918,lokoko,119,2
3793,07d08ae0-6a79-11f0-b7a5-333dfc345c53,택찡,119,2
3892,ffaf51d0-66bc-11f0-bbca-cb910a6526e3,아스란,118,2
3892,fddd2aa0-626e-11f0-807b-b56290a6427d,햇반생활,118,2
3892,f9f17930-6acc-11f0-887f-c18cdf79257d,갤앳긔,118,2
3892,f91e2b20-645f-11f0-8670-973d055b2505,태수,118,2
3892,f7692eb0-66fd-11f0-9d75-1fd8178eda43,Ssun,118,2
3892,f76811c0-6643-11f0-82d4-f9224631a18a,바베큐맨,118,2
3892,f73e9140-6505-11f0-a092-cfb4e8946e57,홍야,118,2
3892,f6304710-61fb-11f0-94d1-0d70694c9e17,주정뱅이,118,2
3892,e2beabb1-61ef-11f0-ada3-974eb5fd3243,니꺼하라고,118,2
3892,e0c6f950-6c82-11f0-b06f-1bb3858adc4b,뿔소다,118,2
3892,e0735ff0-640f-11f0-a3ab-515b7dbdbb4f,적곡지,118,2
3892,dfbac520-6af0-11f0-b19c-67c669359d64,비기비,118,2
3892,df24fda0-6957-11f0-8a8c-e705cbe6ed4d,옥별,118,2
3892,dd1b0d80-69ff-11f0-9416-6d61d44d7bd3,퐁퐁남,118,2
3892,dc6f2ae0-6411-11f0-83ae-cb0d7c1d5c99,언둥남편,118,2
3892,dc04a800-672c-11f0-a764-331beb7dec8b,으르렁냠냠,118,2
3892,d89e3e10-6aa6-11f0-aabe-19fce0d146b1,그랑나랑,118,2
3892,d7b09a80-6497-11f0-bbfe-0d14bcd852b5,영개,118,2
3892,d7560c10-69f5-11f0-9416-6d61d44d7bd3,초류비연,118,2
3892,d2744f10-6232-11f0-b293-3b55fd722626,롯데샌드,118,2
3892,d26ddcf0-63d3-11f0-9a87-810a40a679fa,damsot,118,2
3892,d204a9d0-6a34-11f0-acd5-5f494b9055de,달빛섬광,118,2
3892,cf9e2010-6bb3-11f0-a01f-e538764cd6d1,선한용,118,2
3892,ce4b01a0-64ac-11f0-b5c8-a523170b964a,서칸,118,2
3892,cce30f10-661e-11f0-9baa-6ba5eec90293,곡빌,118,2
3892,cbb88d40-63b7-11f0-8465-f716200b7246,LOiViE,118,2
3892,cadf5570-6a74-11f0-b7a5-333dfc345c53,아이티브,118,2
3892,ca88b400-66d1-11f0-a45a-8fae72bafa7b,폰세,118,2
3892,ca11cd90-6424-11f0-a684-2b9cd36018bc,융빠,118,2
3892,c7683cc0-6b48-11f0-ac55-0f6a14a43e6b,쇠를먹는불가사리,118,2
3892,c422f400-6bd0-11f0-948b-913c7c2d582b,오웅,118,2
3892,c29613a0-6bea-11f0-8749-fb5c8b4148d4,v바나나우유v,118,2
3892,bbca9340-67f1-11f0-a89c-59b4d27efb99,김영준,118,2
3892,ba518170-6307-11f0-b7c2-5907d7ac5d60,끈질기다,118,2
3892,b9d90db0-6908-11f0-ba60-039ed42b2da7,작은알약,118,2
3892,b6764960-6b26-11f0-b431-c1779ea5d7f1,압연,118,2
3892,b3234d60-692f-11f0-bd01-4f9a91cb3d54,떤떤,118,2
3892,b02e60d0-6c23-11f0-aed5-0bf4d0a3552b,호찌,118,2
3892,ac0fdfc0-6600-11f0-b713-4926dfac7d29,호랑이잡는도구,118,2
3892,a92a51b0-623f-11f0-8e4e-3fc4beb87eac,암협,118,2
3892,a915cc70-63f9-11f0-83ae-cb0d7c1d5c99,yyyyyyyu,118,2
3892,a8e8aeb0-6b5c-11f0-86f8-699bf7338d9b,향미,118,2
3892,a8648320-625f-11f0-bddd-0f1b62ebaf6e,시현이다,118,2
3892,a6498420-687a-11f0-abf3-6da5b4a5c969,RS,118,2
3892,9c5bc790-6a94-11f0-97df-4b76eb1e1edb,따당,118,2
3892,9b3cef30-63f3-11f0-931c-5f0600bc75da,2357,118,2
3892,9685fd90-6445-11f0-a451-d9cea4ac416f,다훙,118,2
3892,92ac5ed0-6cf6-11f0-809e-f34ad8c68ae2,신난노비,118,2
3892,9273f330-6402-11f0-a3ab-515b7dbdbb4f,2234,118,2
3892,921e9c20-6603-11f0-97d0-fb9951280f6d,미케,118,2
3892,9219c600-6496-11f0-829b-d50781ca76af,giddkcl,118,2
3892,9201c870-645a-11f0-8df0-a9be6ca1bee2,Joo12,118,2
3892,9149d360-64b8-11f0-8340-854878e1c5cf,원균,118,2
3892,8ee88b80-6610-11f0-91c1-49cca2685584,팔만,118,2
3892,8e0d2090-693a-11f0-8a8c-e705cbe6ed4d,금강이,118,2
3892,8d1bd3f0-6a04-11f0-83c1-071402a58f9d,무선지,118,2
3892,8bc55170-6950-11f0-b19e-355255fa5539,nana51,118,2
3892,8b905520-62b5-11f0-a89f-3182c3b8adb5,난세와카나,118,2
3892,87c5fc80-6a51-11f0-b350-274e47244e62,녹차를우롱해,118,2
3892,87997450-6469-11f0-82c1-d1354574f8a3,곡곡고고,118,2
3892,85f9d250-6af1-11f0-893f-793dea8285ef,죽랑,118,2
3892,8479bdd0-6af8-11f0-a6ea-759c93ed2c8f,한방약,118,2
3892,845d7ca0-6b8f-11f0-9c79-a1775c9a0b89,임정란,118,2
3892,8256e5b0-6746-11f0-b696-57f6be140e14,사천왕,118,2
3892,81f90330-63a1-11f0-9b51-d36a85c863a7,두자두,118,2
3892,804040c0-6640-11f0-96fa-990fd0c2f326,이것이역사,118,2
3892,797400c0-637e-11f0-a716-97e6f4eb8e7d,떵말이,118,2
3892,76a3b7c0-6444-11f0-b0d3-514122d47fb8,사회복지사,118,2
3892,769a7ec0-6a80-11f0-b350-274e47244e62,아야어여오유,118,2
3892,768e35a0-6320-11f0-890a-7101e3c000b8,alskdj,118,2
3892,731296b0-6581-11f0-a7de-35bbc8ccc309,그블,118,2
3892,72ecbd10-623d-11f0-939e-157038911130,뉘앙스,118,2
3892,70030360-6a7c-11f0-b7a5-333dfc345c53,렴원,118,2
3892,6df90340-6bd4-11f0-91e5-61cf2ff47abb,꼴라,118,2
3892,6b3920f0-66e7-11f0-b905-616e286946a4,팡캡표류기,118,2
3892,6ae77200-63c7-11f0-a9da-8b915b889dd4,sduct,118,2
3892,6a110a20-64c2-11f0-bfcf-1fdb18c8f989,차보리,118,2
3892,68014be0-69c3-11f0-a669-cf0eea211da7,얄리꾸꾸,118,2
3892,64688470-6212-11f0-802a-01726bb91ef4,보라빛소주,118,2
3892,6432a281-6814-11f0-966a-9ddfc9fc7a33,무난,118,2
3892,6344bd20-6771-11f0-b0f7-150f790a3a6f,Akasha,118,2
3892,633458b0-69fe-11f0-81d8-d75e58d916af,칠리땅콩,118,2
3892,63311080-61ff-11f0-8e45-ef1cdcdf5820,고슈,118,2
3892,5eaa4580-6494-11f0-a086-85e9f4d94fe9,제제메,118,2
3892,5e9de1d0-6a18-11f0-81d8-d75e58d916af,클놈,118,2
3892,5c1ba040-6695-11f0-bdfc-c935b60e8b55,쪼코맛사탕v,118,2
3892,59a28ad0-6a83-11f0-8032-c32c225a07c5,주정배이,118,2
3892,589cccf0-69ba-11f0-86e2-d3a55f318685,duki,118,2
3892,56a2b7a0-6b9c-11f0-897e-8342d85e5dae,우이진,118,2
3892,56432090-644b-11f0-8944-5327091948db,앙금,118,2
3892,4da51910-6b95-11f0-9499-d3000780e9a4,payker,118,2
3892,490fe0d0-6c56-11f0-bdaa-ad27fd640cb0,제주고씨,118,2
3892,4600a5f0-6a9e-11f0-b350-274e47244e62,리메,118,2
3892,3f6c0290-63bc-11f0-a7e3-7b406ef3e8c7,꾸미파,118,2
3892,3f0cdff0-6cee-11f0-9f02-6f2f23df42c0,삐빠코,118,2
3892,3ed2d1a0-6ad4-11f0-81c8-df68c1af4b53,구리동동,118,2
3892,3dd67f70-6301-11f0-a53e-f720860fcc8a,캠퍼,118,2
3892,3b405c60-648f-11f0-829b-d50781ca76af,토우지와이프,118,2
3892,394b26a0-6972-11f0-86e2-d3a55f318685,눈누s,118,2
3892,346662a0-633f-11f0-9eba-319c3c5b72eb,강또,118,2
3892,3391af40-63c8-11f0-aab1-5f3bbe175c3e,한효주,118,2
3892,305fb6e0-6491-11f0-a863-c5c12b567008,서울뱃놀이,118,2
3892,2e300b60-69d0-11f0-a97a-17464924d39f,야앙,118,2
3892,2cdb21b0-6aec-11f0-81c8-df68c1af4b53,푸하할,118,2
3892,26fac740-6b6a-11f0-ab4d-21f822acfc9b,오죠,118,2
3892,21cbaac0-68cf-11f0-acc6-9fa957ae20ea,효주바라기,118,2
3892,1f5423c0-64ed-11f0-998d-6361b2224259,로셔,118,2
3892,1e2c9720-6452-11f0-8944-5327091948db,봉덕동수육,118,2
3892,1ce2a060-62f1-11f0-971e-0d9306189309,NOEM,118,2
3892,1b10e7e0-6505-11f0-b0f9-9b13bf283379,눈꽃매화,118,2
3892,1ad89b90-658e-11f0-9adf-1d806649f7f0,만트럭,118,2
3892,1a2a5980-6b89-11f0-b285-19da1ba45490,준야,118,2
3892,12b70560-69ca-11f0-86e2-d3a55f318685,저귀,118,2
3892,112252d0-62ff-11f0-a53e-f720860fcc8a,명pop99,118,2
3892,11207470-6899-11f0-942e-65ce179d466a,멋진쵸리,118,2
3892,0ee652d0-637e-11f0-adf7-d1fabe44ecce,원킬,118,2
3892,0ed07d00-6be6-11f0-a8bd-872cff91dd0c,함정Q,118,2
3892,0dff4370-65c9-11f0-98f9-213ec7a6a3a5,쏭아야,118,2
3892,0dd95090-6919-11f0-9489-df1a9dcf8e7b,동탁미시룩,118,2
3892,0dcf6240-69d9-11f0-9adb-01ec0e539aaf,탄p,118,2
3892,095225b0-6bd5-11f0-948b-913c7c2d582b,하앓하앍,118,2
3892,05948a20-67f3-11f0-bb71-090a139da64b,개용이,118,2
3892,005fcb30-6ba1-11f0-b559-a199f27e3bda,알라베라,118,2
3892,00352270-6432-11f0-83ae-cb0d7c1d5c99,아흥흥,118,2
3892,00171520-68fe-11f0-a8f9-552003805e1b,정감가는감자,118,2
4017,fb0f6920-6857-11f0-9858-4f568ed316af,전화하지마,117,2
4017,f79a3050-6248-11f0-a7b6-cf18c18dd85f,적토마탄관우,117,2
4017,e9b93710-6392-11f0-929e-756b01201a20,철취산평좌,117,2
4017,e4dff120-6478-11f0-9c48-11e41ca3b3cb,얀델,117,2
4017,e29c18e0-68dc-11f0-b6e5-1f4abc2a195f,발란아워,117,2
4017,e027cb00-622d-11f0-bbfd-8564365ef7ff,PerC,117,2
4017,de703910-6795-11f0-8c7f-63c7098c1960,만두이,117,2
4017,da8250c0-649a-11f0-90f2-efb4d5ac17d9,y미라,117,2
4017,c6681420-64a0-11f0-829b-d50781ca76af,동구리동동,117,2
4017,c48bf790-6976-11f0-86e2-d3a55f318685,별무반,117,2
4017,c05b4060-676c-11f0-ac22-89a616aaf971,은빛담비,117,2
4017,bf443410-6498-11f0-bbfe-0d14bcd852b5,졸업,117,2
4017,bef66060-69b5-11f0-ae45-45a8c20b2c3a,천제아들단군,117,2
4017,bc2a4ac0-63a4-11f0-bf20-b3f2ea84f71a,윈터의카리나,117,2
4017,bbc66560-6ae2-11f0-adf1-352afe5db30b,sijomi,117,2
4017,bab9f5d0-6b8f-11f0-ac9c-55c23a6ca868,쾌속,117,2
4017,ba1c7e50-6431-11f0-9143-05b731683243,러버닭,117,2
4017,b3ea10d0-6763-11f0-8375-a5cc7289878b,기막힌빨래질,117,2
4017,a0802950-64b4-11f0-a114-45daeb868052,터프팬더,117,2
4017,9988b420-65e3-11f0-b7e1-0fe84bf8cf7a,밥구융,117,2
4017,95fa1f20-6533-11f0-a7a2-1dbf387388d6,RedsNo8,117,2
4017,9153af40-62c7-11f0-b252-a1a047cc5cf1,김포시민,117,2
4017,9066a1f0-644d-11f0-a4e4-a9524a101bbb,밥먹는오리,117,2
4017,8c37f180-628e-11f0-ba61-57b32c8fdcaa,핑크모찌,117,2
4017,8b05d5b0-6816-11f0-a89c-59b4d27efb99,쟌슨,117,2
4017,89ea1ae0-6b97-11f0-aa90-2545c11fe272,랑시랑,117,2
4017,87c95730-6688-11f0-abb5-870e6167c30c,맛동산,117,2
4017,867377a0-6208-11f0-b6b8-890977889e3d,김해김,117,2
4017,79da17e0-6958-11f0-86e2-d3a55f318685,한류,117,2
4017,730f6a00-69c1-11f0-9adb-01ec0e539aaf,Sharky,117,2
4017,62c7f5f0-67c7-11f0-ad06-bdc4c662d62f,요이키텐카아,117,2
4017,5f0a6920-63df-11f0-9b30-bfc50fd617fd,노가다잡부,117,2
4017,5a37b3b0-6706-11f0-bf3a-3baa684433d6,서우남,117,2
4017,533e7f90-623c-11f0-bbfd-8564365ef7ff,설빙,117,2
4017,4ad701d0-685c-11f0-8565-f911fd9ea35c,무신이순신,117,2
4017,366b7ac0-649a-11f0-90f2-efb4d5ac17d9,유끼리,117,2
4017,217df710-6a1b-11f0-9adb-01ec0e539aaf,검은기사,117,2
4017,12b233c0-6964-11f0-86e2-d3a55f318685,머흘,117,2
4017,05b78e90-680b-11f0-966a-9ddfc9fc7a33,패트,117,2
4017,04d30250-6a79-11f0-a1c0-f953ad2a988a,도아러브,117,2
4017,03bebba0-63b4-11f0-8976-0f88ec3b32e6,줘패,117,2
4017,00f90bb0-6453-11f0-9a7f-07d3d9b1e362,kina,117,2
4059,fa68b1d0-6a18-11f0-9ccf-efc03aeeda2b,동백꽃,116,2
4059,f7d33090-696d-11f0-94f1-9fb2015b7b7a,트림아재,116,2
4059,f47a7c90-6473-11f0-a1b2-b796bafb6345,white,116,2
4059,f0e4dc20-6ae9-11f0-b19c-67c669359d64,체리벼리,116,2
4059,ef660670-61f8-11f0-bec7-d3a6c7531650,태즈,116,2
4059,de442700-6c2a-11f0-948b-913c7c2d582b,덕루,116,2
4059,dd554cf0-6394-11f0-9e16-f1cd993522e6,임선생,116,2
4059,d8f5f480-6c26-11f0-aed5-0bf4d0a3552b,충주남자,116,2
4059,d8b4a750-62c6-11f0-b968-b15002a4efc3,아론드,116,2
4059,d893dea0-6805-11f0-966a-9ddfc9fc7a33,대금,116,2
4059,d6245000-6238-11f0-bbfd-8564365ef7ff,염좌,116,2
4059,d4a8ca70-6b76-11f0-91ca-cf5b24805095,교타,116,1
4059,cffc79e0-6b49-11f0-ae55-7d4f8e239d4a,리짜이명,116,2
4059,ca09aac0-6ac8-11f0-adf1-352afe5db30b,도하표류기,116,2
4059,c3bc79f0-6491-11f0-8e6e-45b04a534d66,상희,116,2
4059,c063b050-6826-11f0-bb71-090a139da64b,진푸른,116,2
4059,b4db7c80-6480-11f0-bd3a-59ec6d6002f0,바나나코우유,116,2
4059,b4b3d210-6927-11f0-a72d-f3190f62faf5,조뱅,116,2
4059,b32b9d00-6559-11f0-b19a-f331206492d9,차환,116,2
4059,a8897ba0-6230-11f0-bbfd-8564365ef7ff,도류인,116,2
4059,a1b6c990-652d-11f0-85dd-2db918fca576,백야행,116,2
4059,a1341420-6a53-11f0-b350-274e47244e62,영웅의난세,116,2
4059,998754e0-620f-11f0-8954-d1ddcca9d272,pjy465,116,2
4059,99205eb0-668e-11f0-aee9-63d133f73255,곰엔나사이,116,2
4059,98180c10-66b2-11f0-a9a7-23125e6c6cb5,나라리,116,2
4059,968f6d50-639e-11f0-9b51-d36a85c863a7,유어,116,2
4059,96204460-6278-11f0-b63f-7755b72aa50f,꺽쇠,116,2
4059,88c0c3b0-6ab3-11f0-aabe-19fce0d146b1,난세왕흰둥이,116,2
4059,8733a670-6491-11f0-aa78-e94e86ef7b01,이리오거라,116,2
4059,834fee70-62e2-11f0-8567-d9cb9900f794,개사기다,116,2
4059,7e146750-6ca7-11f0-aef0-8567de5b5272,블랙윈저,116,2
4059,7c8c8ea0-6a11-11f0-87cd-13cc90e29527,쿤따,116,2
4059,79959850-6317-11f0-a53e-f720860fcc8a,뭐로할까나,116,2
4059,77647500-69fd-11f0-81d8-d75e58d916af,j1jun,116,2
4059,7482c030-64cb-11f0-8e19-d582151aa249,짜파로니,116,2
4059,745e93b0-6389-11f0-adf7-d1fabe44ecce,포켓투어,116,2
4059,73691cb0-6ac7-11f0-887f-c18cdf79257d,으니구니,116,2
4059,7237be10-6ac6-11f0-aa73-c544fd48d310,오로지돌격,116,2
4059,6f2eb730-6b9f-11f0-8c9a-79a0bf43ebd1,hgsbch,116,2
4059,68fed800-6c2f-11f0-98cb-9992c3b823e7,시온국,116,2
4059,67234ef0-6705-11f0-a3d4-43ebc2e41e55,브라더욱,116,2
4059,62ed5ca0-6303-11f0-93c0-3fa3bb7fad1e,몰보세요,116,2
4059,608c8af0-66c1-11f0-bc5b-67d0e2b385f2,무4,116,2
4059,5a5eac00-691c-11f0-b776-39555a34501f,아비무쌍,116,2
4059,55cdb6d0-6b0c-11f0-bb81-6dcc8d3d53da,suri,116,2
4059,51f55c21-629c-11f0-992c-c359ebc07fd1,볼보예,116,2
4059,51db6360-647c-11f0-934d-3b333a678e8e,나란분,116,2
4059,4e680a00-66aa-11f0-b867-2b5d4785fc1c,정형이,116,2
4059,4c79cca0-638b-11f0-a907-81cd7bb106e2,부활,116,2
4059,4bf42290-69c5-11f0-a3fa-29dcc74be0f9,당첨,116,2
4059,4beafa90-67f3-11f0-a432-f5a269c347d6,뚊쬶,116,2
4059,498b46b0-6b77-11f0-ac08-d9342196c949,홍길동동주,116,2
4059,468b13c0-6b2f-11f0-9401-77a3c768b1e5,바삭,116,2
4059,4373bc70-665f-11f0-96fa-990fd0c2f326,산연,116,2
4059,40cf0410-6b06-11f0-bb81-6dcc8d3d53da,비사,116,2
4059,40903490-69cd-11f0-9adb-01ec0e539aaf,싼쵸,116,2
4059,34482990-646e-11f0-9e27-35530581f5ae,남세빵구똥구,116,2
4059,31737fb0-67e5-11f0-a86b-6be161d85452,하품,116,2
4059,30ffe040-6aac-11f0-aabe-19fce0d146b1,삳즙,116,2
4059,2395d180-6b42-11f0-bfbf-11a1330b4a18,내보미,116,2
4059,12bd1910-62e9-11f0-a53e-f720860fcc8a,원터,116,2
4059,0f787cc0-6557-11f0-9fd2-7f97456546dc,쁘라딱,116,2
4059,0debea10-637a-11f0-923a-c744703c7c88,야재,116,2
4059,0a81e980-6a1c-11f0-81d8-d75e58d916af,핸콩,116,2
4059,0661d5c0-62d0-11f0-a89f-3182c3b8adb5,홍길동형,116,2
4059,029c4d20-63df-11f0-80fd-8dc2ba771ecd,말차푸딩,116,2
4125,ffe2d1f0-69fe-11f0-83c1-071402a58f9d,자연재해,115,2
4125,fcd38c20-6319-11f0-abe8-09c261bd0e21,훣뎑컍,115,2
4125,f4afe620-6831-11f0-9761-51cebb951ef6,이초파,115,2
4125,f2801600-631c-11f0-8d40-dfc9f921e722,솔로몬,115,2
4125,e7d9c360-679d-11f0-8ed0-55df2077ceb7,도승이,115,2
4125,e770a3f0-64c1-11f0-9cbb-d577723cbc86,수종,115,2
4125,e0054e80-6ba7-11f0-a51b-7569b844c4d8,초원오락실,115,2
4125,d82fc110-62e0-11f0-a53e-f720860fcc8a,냐웅이,115,2
4125,d7365140-6522-11f0-8799-a56030339d38,궁디팡팡스,115,2
4125,cadfbbb0-6cc6-11f0-aef0-8567de5b5272,냉균,115,2
4125,ca9bd070-6afb-11f0-805b-b77f679ab7b8,우똘똘,115,2
4125,ca2cfa00-6511-11f0-998d-6361b2224259,디프람,115,2
4125,c2bf1960-6a7f-11f0-aa6e-41c5597ab061,연결중,115,2
4125,c151e270-63a8-11f0-9b51-d36a85c863a7,하쿠나마타,115,2
4125,b6a82210-68a5-11f0-aa86-7b8e675dca52,가녘,115,2
4125,a03198c0-6915-11f0-9163-9b37cd4f63ff,Gregory,115,2
4125,99c20920-6a00-11f0-9adb-01ec0e539aaf,사다리,115,2
4125,96a4a080-69d4-11f0-a97a-17464924d39f,톡톡오,115,2
4125,8f983830-6b0d-11f0-b0ef-552a186d704e,타유,115,2
4125,7d84fea0-6ba1-11f0-b559-a199f27e3bda,청포도,115,2
4125,5fac0f10-63d9-11f0-bb86-97bdb11e4eed,이강토,115,2
4125,541a8680-6493-11f0-829b-d50781ca76af,sjwishd,115,2
4125,4f9b79b0-6a07-11f0-9ccf-efc03aeeda2b,교룡,115,2
4125,4a1a1e30-63ed-11f0-a174-2f03cd9ae07c,엄스타,115,2
4125,47569b80-6468-11f0-9e27-35530581f5ae,솧툌춌,115,2
4125,42eec750-6a78-11f0-b8c3-31d76e99096b,오티만,115,2
4125,39ad1af0-625a-11f0-a36a-91faf624cd0b,허승가,115,2
4125,350bbe10-6797-11f0-8310-8370146853a0,화량,115,2
4125,3454a7b0-6234-11f0-9658-0db50d035217,jhzz,115,2
4125,3224fac0-6587-11f0-878e-15088f05ace2,소다맛훈이,115,2
4125,31f48280-6985-11f0-bd0c-c3e4cbda7988,도싸,115,2
4125,2d7335d0-6b56-11f0-9ee9-8f43e40c1eae,뭉구야,115,2
4125,1a3b8530-6241-11f0-9c23-457fcdeb3714,글몽,115,2
4125,180ea4f0-6a56-11f0-b4af-bd0ab1be2018,뉴비당,115,2
4125,114691b0-6636-11f0-b390-df77dfcfb7b2,빅맨치킨,115,2
4125,0ad99940-6a86-11f0-b350-274e47244e62,전원일기,115,2
4125,079e6490-6bbc-11f0-8df1-a398484a4c5f,돈절래94,115,2
4125,01f69ec0-6254-11f0-95f0-59ccc8c1b644,아이니,115,2
4163,ffa7aee0-6215-11f0-a026-2b3e93922249,영웅호걸,114,2
4163,ed3e8080-65f3-11f0-a8fa-07a7a430d61c,초살,114,2
4163,e5390d80-6871-11f0-9e3a-69309440dd1b,온사모,114,2
4163,dd4b9490-6a19-11f0-83c1-071402a58f9d,지멘,114,2
4163,d8790cb0-66de-11f0-840e-61726e6f3613,조태제,114,2
4163,c8676400-6447-11f0-9441-5df9253b0f52,녹차티,114,2
4163,c3920060-69e8-11f0-9adb-01ec0e539aaf,해치다,114,2
4163,bc305010-6466-11f0-8621-4b7c34328fab,괴력난신이령,114,2
4163,b4b6a5f1-63fd-11f0-a3ab-515b7dbdbb4f,붕어인생,114,2
4163,b36682d0-644b-11f0-b3d6-0f89e1a2d28e,이재영구속,114,2
4163,ae9b1ef0-6315-11f0-a67a-173fdcafaabc,수니아,114,2
4163,ae8ab830-6239-11f0-a73e-efd8221a47bb,호호뚱이,114,2
4163,a8472e00-6b9d-11f0-897e-8342d85e5dae,윤삐,114,2
4163,a38a3150-6ad0-11f0-b538-6192b34d2599,력자자,114,2
4163,64aa2e20-6640-11f0-8300-db2b1a62904b,광개토태제,114,2
4163,63399480-686c-11f0-86da-d79ffde00deb,쭈누,114,2
4163,5ed3e590-69ce-11f0-ae78-a936d29950ea,소마척준경,114,2
4163,5d2e70b0-6a83-11f0-97df-4b76eb1e1edb,Navyy,114,2
4163,58604080-69b7-11f0-86e2-d3a55f318685,러더퍼드,114,2
4163,55fb35e0-67df-11f0-8812-73bb8ef7c9b8,청단,114,2
4163,4c01f4d0-687e-11f0-b13c-b7a6c50467f3,주기,114,2
4163,496364e0-6ade-11f0-b538-6192b34d2599,에단,114,2
4163,45d9a1f1-6538-11f0-8799-a56030339d38,Brostone,114,2
4163,25c848b0-637d-11f0-969f-574f3b894b44,현별이,114,2
4163,25b0cb10-6aba-11f0-aa73-c544fd48d310,노안팬더,114,2
4163,1b5064a0-6312-11f0-abe8-09c261bd0e21,호후히,114,2
4163,16314550-6567-11f0-94e1-9148d7950b64,시아짱짱,114,2
4163,14492610-66b4-11f0-ab75-d185489f2c82,직숭,114,2
4163,1443f4e0-6c65-11f0-99b9-6368c5be50e5,구름너머,114,2
4163,12ae2540-6b4a-11f0-ae55-7d4f8e239d4a,llIIl,114,2
4163,114b4550-67e6-11f0-9fe6-dbed36964172,제로율,114,2
4163,0787f3b0-6327-11f0-9d30-a1884d59ed55,Nanse,114,2
4195,fce37950-63d7-11f0-b0c8-0be5c747fc57,스운,113,2
4195,fb122eb0-652a-11f0-85dd-2db918fca576,장서찬,113,2
4195,f8b51f80-6564-11f0-9d97-192c64bf62e6,원자력에너지,113,2
4195,f2de14b0-65b2-11f0-9b02-9934e4aaee80,백씨표류기,113,2
4195,ece01b80-66b1-11f0-840e-db47c15e483e,꽃등,113,2
4195,e48a3470-63d2-11f0-b0c8-0be5c747fc57,국한사,113,2
4195,d2a98990-6b2a-11f0-b8ff-3344b109df80,다모다모,113,2
4195,c7b59260-6c59-11f0-a73a-89eac715ce01,뿌꾸아빠,113,2
4195,c22f4060-6859-11f0-9791-b9bcb3a2d4df,세피로즈,113,2
4195,aff8c540-6cfc-11f0-b16a-59affbdabbf5,ytkim822,113,2
4195,af2f9710-6694-11f0-b838-1137d931adbd,무운돌풍,113,2
4195,a911efe0-695f-11f0-8a8c-e705cbe6ed4d,뉴빈스,113,2
4195,a2d8d3e0-6b9a-11f0-897e-8342d85e5dae,김씨의표류기,113,2
4195,a2af3370-63a5-11f0-9e98-299d606b6be2,볼빨간사춘기,113,2
4195,95bd9c30-6871-11f0-a87f-5d05e5c4806f,백봄,113,2
4195,946ef820-689d-11f0-a753-a3b70769e1e5,표류하는,113,2
4195,8da17960-644b-11f0-b750-051f455e1aaf,조조려,113,2
4195,87ead1d0-6b7e-11f0-9a24-89d883ad50f8,뷔제,113,2
4195,700014a0-6583-11f0-b8da-6590d4436ab8,루니,113,2
4195,623c91e0-68a3-11f0-917f-110c7b7d9396,린둥이들,113,2
4195,4f6346c0-6c38-11f0-a98c-ab8c12a4e4f7,째째,113,2
4195,4b9af730-6b53-11f0-ae55-7d4f8e239d4a,소소안,113,2
4195,49309000-66f7-11f0-abbe-1b148ce1c918,opt1,113,2
4195,48f74b30-6c13-11f0-87eb-690ec7d4dfe2,정찬비,113,2
4195,43b1a3c0-6a18-11f0-81d8-d75e58d916af,내랴묘,113,2
4195,43327580-65e2-11f0-ade4-c716e9fb5ed5,꼭두각시선코두,113,2
4195,3147a3b0-6964-11f0-9c6c-658573885763,아리이아,113,2
4195,1f2b4d10-6ae2-11f0-81c8-df68c1af4b53,넨네,113,2
4195,0d172ab0-6216-11f0-a026-2b3e93922249,이동국,113,2
4195,012bc711-6a8b-11f0-97df-4b76eb1e1edb,령주,113,2
4225,f5110eb0-6baf-11f0-a8ce-570b9431e88d,천풍로이안,112,2
4225,e6ac03e0-654f-11f0-9129-5bddcb1a7f89,세종킹,112,2
4225,e3654670-6d28-11f0-b0d7-0b3415ac89fb,제후,112,2
4225,dc4aa590-6456-11f0-8944-5327091948db,한국사8수,112,2
4225,d54d1320-6296-11f0-8e72-11fb63eb28f5,심바,112,2
4225,c822f010-621a-11f0-bbfd-8564365ef7ff,왕대물,112,2
4225,b08fe0f0-628f-11f0-b831-2509b113c5f4,듀크맨,112,2
4225,a3aa2d00-670d-11f0-9fe1-4342729abf43,잠실새내,112,2
4225,a340cab0-658a-11f0-9b02-9934e4aaee80,hanjann,112,2
4225,a1b6f9a0-6c1d-11f0-98cb-9992c3b823e7,쵸기,112,2
4225,a0a36a50-6c6b-11f0-8805-b3f3a74e8613,진영도령,112,2
4225,9fc562d0-6259-11f0-85ab-834eae295807,내간다,112,2
4225,9e9c0eb0-6572-11f0-90e8-49468324a8de,죽맹,112,2
4225,9e4221b0-684d-11f0-99f9-e57ee7d28b7e,천하제일권,112,2
4225,9ba8cf70-681c-11f0-9069-eb268d57af69,bjihfdrt,112,2
4225,9b8585f0-6bbf-11f0-948b-913c7c2d582b,휴식용,112,2
4225,977f9420-6ab9-11f0-9a7f-e32704d17198,테리정,112,2
4225,96ea83e0-6586-11f0-abea-2d9e1aed9d17,튀긴사과,112,2
4225,8f7ba380-6920-11f0-a72d-f3190f62faf5,돼지감자,112,2
4225,8e6dac60-6b85-11f0-9c79-a1775c9a0b89,후두부,112,2
4225,8cb481e0-6c0d-11f0-94d6-459e052e1371,JBOX,112,2
4225,870cfb40-69d9-11f0-9adb-01ec0e539aaf,이대우,112,2
4225,85889150-692d-11f0-b635-5360f70da444,고려인,112,2
4225,84ba4160-6757-11f0-811e-2518ed367a14,로운아빠,112,2
4225,83794bb0-63cf-11f0-aab1-5f3bbe175c3e,스파르타,112,2
4225,82f16fe0-6444-11f0-84a8-a17d6cb326f9,민섭,112,2
4225,7ab5f480-651c-11f0-9ac8-815504da4b66,이백구,112,2
4225,79a717d0-6243-11f0-a514-49ea4fb7f89a,Soul나무,112,2
4225,758a6290-6312-11f0-abe8-09c261bd0e21,SMH,112,2
4225,742f8900-647c-11f0-bb5e-79bc0c4c5953,쏘디,112,2
4225,724f3fe0-6382-11f0-adf7-d1fabe44ecce,밍구다,112,2
4225,69464450-63f7-11f0-afb4-8b388ad7e025,음유시인,112,2
4225,68e95430-69be-11f0-83c1-071402a58f9d,야간3부,112,2
4225,63bec3c0-6c82-11f0-b06f-1bb3858adc4b,hyeonjin,112,2
4225,57848410-6a47-11f0-b7a5-333dfc345c53,창우꼬,112,2
4225,537899b0-688f-11f0-8a2e-739305bc1e9c,눈알이탱탱,112,2
4225,4a3096f0-63ee-11f0-8ce7-05e1fc9cefd2,삼각별,112,2
4225,3d7e3180-645a-11f0-ae17-6fdd4e1dac80,조센,112,2
4225,3c83c840-6a76-11f0-b4af-bd0ab1be2018,초코칩,112,2
4225,34e26360-6974-11f0-86e2-d3a55f318685,필리오케,112,2
4225,3255d5e0-63b2-11f0-a583-d92497fefc21,에프엘,112,2
4225,30e71ed0-62ae-11f0-b038-1df969c0d9a5,빠르,112,2
4225,2f174120-6b0f-11f0-89ae-bb6b4e8b47bd,푸니라,112,2
4225,299211e0-64f1-11f0-ad80-bf5616b7c1de,겸이,112,2
4225,28798410-62cf-11f0-a53e-f720860fcc8a,척추측만증,112,2
4225,2499cb70-6b2b-11f0-bdb2-7b31dff56e85,옴치,112,2
4225,23458130-64f8-11f0-89c4-91955faa19a3,kaka,112,2
4225,1ad41990-63df-11f0-b228-cfd66956cea6,주혁의관,112,2
4225,163792a0-6a64-11f0-a1c0-f953ad2a988a,폼페이,112,2
4225,14e10b50-652a-11f0-b600-494f6532820c,터리A,112,2
4225,0f063590-69ce-11f0-8f96-49279775b5cf,지읒히읗,112,2
4225,0afec490-6801-11f0-bb71-090a139da64b,꼼마리,112,2
4225,09bc4550-63d6-11f0-a9da-8b915b889dd4,atasia,112,2
4225,070af490-6c74-11f0-b06f-1bb3858adc4b,난세의나미,112,2
4225,00445910-6500-11f0-86b2-95b4faeb80b4,김명덕,112,2
4280,ff072d40-62d2-11f0-a89f-3182c3b8adb5,배도령,111,2
4280,f0eb4f20-6ac5-11f0-aabe-19fce0d146b1,메인막장,111,2
4280,efca3e50-622b-11f0-93bd-4f6c20959660,혜츄,111,2
4280,e17f58e0-63e7-11f0-b56a-dba91cbe9cc9,이시니,111,2
4280,e0963c30-6349-11f0-ba6d-31d76c70e10b,마브이묵이,111,2
4280,dee124b0-67d4-11f0-9166-ffefbe87e2c2,사자보이스,111,2
4280,ded05990-6618-11f0-ba0e-5d9d6daabc7d,동춘,111,2
4280,dc51f400-6413-11f0-a684-2b9cd36018bc,승빈,111,2
4280,d06b5550-6256-11f0-9eb5-cf396344702c,메루치워리어,111,2
4280,cd415aa0-620b-11f0-b6b8-890977889e3d,백발백중헛방,111,2
4280,c79b33d0-641a-11f0-89c3-81bc4ed5aa4e,피츄,111,2
4280,c0159d50-6a08-11f0-9adb-01ec0e539aaf,다빌톤,111,2
4280,ba3e4d40-6428-11f0-83ae-cb0d7c1d5c99,쏘스,111,2
4280,b6af8060-6458-11f0-8944-5327091948db,제갈팜,111,2
4280,b65cfaf0-6455-11f0-b514-0991b8afdc90,귀뛰라미,111,2
4280,b30ef0a0-6311-11f0-b4ac-230641ea7477,웅구리,111,2
4280,b128e5c0-63c5-11f0-99a0-f791fadc47f8,세라스AWM,111,2
4280,add77d80-6499-11f0-814e-7d3df55868b8,탱보,111,2
4280,ac775f50-6a8e-11f0-8032-c32c225a07c5,nambupas,111,2
4280,a67b2310-62f6-11f0-a53e-f720860fcc8a,BS,111,2
4280,a4da8710-6a78-11f0-b8c3-31d76e99096b,세티,111,2
4280,a327c841-6539-11f0-b862-f7a1348209f0,어리고싶다,111,2
4280,a21c8390-6459-11f0-8df0-a9be6ca1bee2,아기앙쥐,111,2
4280,a1b309d0-692f-11f0-847d-739109080a96,류중혁,111,2
4280,a16eb030-6481-11f0-995b-75bf8c0a2ec5,민락,111,2
4280,955d0ad0-65ee-11f0-b713-4926dfac7d29,비람,111,2
4280,90c76d50-66c3-11f0-a7ca-6365d3928809,도요새,111,2
4280,8c951f80-67da-11f0-9a8a-bd13830ecd07,고구려조선,111,2
4280,848ade70-67cf-11f0-ac79-bd0f37322c34,오직,111,2
4280,821deb00-653b-11f0-9344-edb676811f97,애기봉봉,111,2
4280,7646b680-6c4e-11f0-bdaa-ad27fd640cb0,소다미,111,2
4280,73fef9c0-6224-11f0-9b80-6dacbd1dec23,대호상사,111,2
4280,68f27840-63a5-11f0-9b51-d36a85c863a7,형씨,111,2
4280,67fef6b0-65f9-11f0-804e-c557b5379eb6,관님알럽,111,2
4280,5e156310-6224-11f0-bbfd-8564365ef7ff,아둔,111,2
4280,5835d350-629f-11f0-9064-5b81f50d3e9d,리오네이스,111,2
4280,547427b0-62b0-11f0-b78d-9fbbdf7f23fb,먼먼,111,2
4280,546bba00-6623-11f0-98c0-d9f4fe5058f5,범주니,111,2
4280,520586c0-6794-11f0-bb20-11ad96385100,루돌프는있다,111,2
4280,4d6bcc00-6573-11f0-94e1-9148d7950b64,나자리노,111,2
4280,41066eb0-642a-11f0-877d-c952436514c7,Andrew,111,2
4280,40ad9840-67b7-11f0-8095-01730df73963,시스테,111,2
4280,3bc3da90-6aed-11f0-9dfe-51caf5abf1f5,어둑써니,111,2
4280,35fe4450-6a1c-11f0-9ccf-efc03aeeda2b,라드유,111,2
4280,35e62120-6208-11f0-8954-d1ddcca9d272,감자왕,111,2
4280,350b8b00-681b-11f0-82b6-93a73aef044c,듐사스3세,111,2
4280,2ea1c580-69bb-11f0-83c1-071402a58f9d,나탁,111,2
4280,2da3d900-63d2-11f0-b0c8-0be5c747fc57,만두찀,111,2
4280,2ac3ad40-62f2-11f0-80c0-c33b3109eb42,티티팅,111,2
4280,292792f0-68a4-11f0-acf7-4f4db1b3dc93,혹우,111,2
4280,274ca000-6a26-11f0-9416-6d61d44d7bd3,히히히히히,111,2
4280,264a66e0-6573-11f0-9b02-9934e4aaee80,촨즈,111,2
4280,255a0130-6bba-11f0-b690-3f26ebd3d839,콘스탄티노,111,2
4280,1e4d5da0-6657-11f0-a776-73e6a717c241,잭과콩나물,111,2
4280,1d1516d0-6b5c-11f0-837a-5be36112ad0f,지안이네,111,2
4280,1bc9a5d0-626e-11f0-9eb5-cf396344702c,월주,111,2
4280,194d5ea0-66b5-11f0-ab75-d185489f2c82,집짓는밥,111,2
4280,1931af90-6bb3-11f0-acaf-2133ca32d84b,도민준,111,2
4280,169a6950-6615-11f0-91c1-49cca2685584,달에진꽃,111,2
4280,15cfe950-6494-11f0-829b-d50781ca76af,만두S2,111,2
4280,13369850-63b9-11f0-b6ab-ab1d57efd9b6,홍기,111,2
4280,0b027b60-6af1-11f0-92e1-394a8ca307ec,호노루,111,2
4280,09ef7900-65f4-11f0-b713-4926dfac7d29,코리아헌터,111,2
4280,067a4680-6322-11f0-a1c6-691b76991529,쭈꾸미,111,2
4280,05aa9660-68f4-11f0-9888-593c2b11ec29,역사공부야,111,2
4345,fe935ca0-6c71-11f0-b16a-699a6afe77a2,피앗,110,2
4345,ef8dc750-6a8b-11f0-b350-274e47244e62,달무리,110,2
4345,e1ee3e10-6c3c-11f0-98cb-9992c3b823e7,난세난난세,110,2
4345,dd5076b0-6b02-11f0-a25f-a5c76a070b9d,나예꽃,110,2
4345,d85c7e80-6ac4-11f0-8ecf-c32ac47c4bbd,쿠디슝,110,2
4345,d1fac4b0-6ab6-11f0-aa73-c544fd48d310,오씨표류기,110,2
4345,aee62e40-63b0-11f0-a110-bf1368febfaf,응삼이,110,2
4345,a6701820-6b5d-11f0-837a-5be36112ad0f,깡해이,110,2
4345,9f0d0710-65c1-11f0-98f9-213ec7a6a3a5,정빛돌,110,2
4345,956f0dd0-658e-11f0-878e-15088f05ace2,찌오,110,2
4345,8ac2e9b0-695d-11f0-9c6c-658573885763,표씨표류기,110,2
4345,6f119ad1-6463-11f0-b9a2-71a70b35ee88,flmut,110,2
4345,652d8340-67d2-11f0-9a8a-bd13830ecd07,믜믜,110,2
4345,5f006810-6c24-11f0-948b-913c7c2d582b,보헤,110,2
4345,4d819610-6443-11f0-bb35-df6429295e24,월가,110,2
4345,4baf6180-69fe-11f0-9ccf-efc03aeeda2b,오오오오,110,2
4345,44fff740-6329-11f0-9d30-a1884d59ed55,요기조기,110,2
4345,40c34b31-6b7d-11f0-b12d-131ac73060ee,규귤,110,2
4345,3efb5810-640c-11f0-89c3-81bc4ed5aa4e,무휼2,110,2
4345,3ed6fa30-622a-11f0-aa91-9b126fa90fce,바다바라기,110,2
4345,35d2f350-6a84-11f0-8032-c32c225a07c5,세용,110,2
4345,2314ee10-6b08-11f0-bb81-6dcc8d3d53da,azaknae,110,2
4345,1ed71570-64f6-11f0-b0f9-9b13bf283379,윤매력,110,2
4345,1cc92b30-6bd4-11f0-948b-913c7c2d582b,봉봉이의봉봉,110,1
4345,1a5c1740-621a-11f0-9813-b7579b20c221,개선수,110,2
4345,1657e7a0-63dc-11f0-9b30-bfc50fd617fd,승헌아빠,110,2
4345,11065f00-6302-11f0-b7c2-5907d7ac5d60,트럼프카드,110,2
4372,ff0633e0-6377-11f0-985f-09c7f7bbac28,난도,109,2
4372,fe1dda90-6486-11f0-9155-fd42f9440840,잔휴,109,2
4372,db035250-6202-11f0-83e5-156a2fc6f757,효야,109,2
4372,d0b96960-6216-11f0-a026-2b3e93922249,계승,109,2
4372,b4b332a0-6b94-11f0-ac9c-55c23a6ca868,퇴양이,109,2
4372,af194540-6a8c-11f0-9b9a-dfc16842ed10,딜딜이,109,2
4372,916c5d90-65cb-11f0-affa-eb5175889e94,심성연01,109,2
4372,743235c0-6769-11f0-9a9f-6f9af1b6ae38,실업급여,109,2
4372,67731c60-6533-11f0-85dd-2db918fca576,화영,109,2
4372,4d99a2b0-6316-11f0-8d40-dfc9f921e722,발로차기,109,2
4372,39cca3f0-6be9-11f0-b06d-439c92839355,초봄,109,2
4372,079575c0-6a0d-11f0-9adb-01ec0e539aaf,092,109,2
4384,da35b070-6b76-11f0-82e7-4d0a73126c7d,sr0320,108,2
4384,cbc7fe80-6b76-11f0-82e7-4d0a73126c7d,미니표류기,108,2
4384,bfb7cf70-6a14-11f0-9ccf-efc03aeeda2b,후퇴,108,2
4384,b6fc1f60-6b1f-11f0-bdb2-7b31dff56e85,아랫도리용솟음,108,2
4384,a6367e50-6309-11f0-b218-43a24c54b5c1,난타1,108,2
4384,8a7accc0-6ad4-11f0-887f-c18cdf79257d,8072,108,2
4384,73da7780-68d7-11f0-8188-61fc44a09398,참치는튜나,108,2
4384,59655290-65d4-11f0-a8b5-afe39c8e68f5,공표,108,1
4384,278e13b0-6953-11f0-887b-73f0ee57cca3,하늘보라,108,2
4384,27609a10-695e-11f0-9f3a-d936e3ed6e3a,내옆에공시리,108,2
4384,26f192f1-669d-11f0-9039-6b48319214b7,이솜,108,2
4395,ee23ada0-6304-11f0-a267-6f822e3259c1,달듀,107,2
4395,e98bef20-6a2d-11f0-83c1-071402a58f9d,격공,107,1
4395,bf602da0-64f2-11f0-920f-d9bd8a2a820c,유와이,107,1
4395,b0a76960-6478-11f0-934d-3b333a678e8e,먕개꽃,107,2
4395,aaf6ac21-63d2-11f0-b0c8-0be5c747fc57,캐리표류기,107,2
4395,a6d8a540-64cb-11f0-8e19-d582151aa249,볼우물,107,2
4395,9f6e7210-6ad1-11f0-9ebc-25f4c2b0a5e6,야옹님,107,1
4395,91a3d470-651f-11f0-846f-13edae8f7606,김상훈,107,2
4395,8ab5ec00-6468-11f0-82c1-d1354574f8a3,JEOBI,107,2
4395,888f2f10-6713-11f0-b7af-eb434023a3d9,FOW,107,2
4395,7c09b310-63bb-11f0-b6ab-ab1d57efd9b6,지지우우,107,2
4395,73070b10-684c-11f0-9a92-175f0d2b5caf,일기일회,107,2
4395,727c7911-6440-11f0-a17e-b17c10bc01ed,인생좟도,107,2
4395,627e7960-6520-11f0-ab3b-9d4ed9be40b9,홈키파,107,2
4395,4f96a210-69e3-11f0-9adb-01ec0e539aaf,당백하,107,2
4395,4c7129d0-637a-11f0-8b36-5752c058936c,재태윤,107,2
4395,28a47140-6467-11f0-9e27-35530581f5ae,규댕,107,2
4395,280c0a60-6bd1-11f0-91e5-61cf2ff47abb,윤범,107,2
4413,f2da56f0-624b-11f0-a510-196fe281bbd0,텐스,106,2
4413,deccffc0-640b-11f0-89c3-81bc4ed5aa4e,데빌토이,106,2
4413,d0dd39f0-6417-11f0-89c3-81bc4ed5aa4e,머멋,106,2
4413,9e54a970-6546-11f0-b8dc-e3660ae75e14,용아용아,106,2
4413,9a4f4ca0-6c7f-11f0-a8de-d7173687f0b3,블랙릴,106,2
4413,839a57c0-6a9f-11f0-b350-274e47244e62,딘영,106,2
4413,7a16bdd0-6499-11f0-b5c8-a523170b964a,별빛늑대,106,2
4413,77649330-68d8-11f0-b6e5-1f4abc2a195f,슈아얌,106,2
4413,72c7d540-6314-11f0-a53e-f720860fcc8a,엘라리노,106,2
4413,70a00160-6252-11f0-a7b6-cf18c18dd85f,권운,106,1
4413,70493fe0-6826-11f0-82b6-93a73aef044c,윰마티,106,2
4413,5dff4150-682a-11f0-85ae-1b2e238b5ca7,고속도로폭주족,106,2
4413,34b4e7c0-6724-11f0-924a-215eb8d4d8f2,newaria,106,1
4413,257a8590-6aca-11f0-b787-3fd5c6c3156d,이담에,106,1
4413,1de44240-69de-11f0-9416-6d61d44d7bd3,내물건은가로등,106,2
4413,1a446c50-62e5-11f0-971e-0d9306189309,Emine,106,2
4413,18dffff0-64ca-11f0-8eb8-c34e3e83e6bb,마닐라,106,2
4413,0fecf800-6a0e-11f0-9416-6d61d44d7bd3,이순신독도,106,2
4413,0526e4e0-689b-11f0-944a-3188c1e071c1,적통,106,2
4432,f4c10e50-6c7d-11f0-8acb-a35784198e45,유진킴,105,1
4432,b5336980-641d-11f0-bcbf-2b7f0b4e55b1,초의선사,105,1
4432,a972a980-698b-11f0-8b3f-73b93d01f6b0,느낌나는대로,105,1
4432,9b48efc0-691a-11f0-bb85-e56e3f9b33fd,뭔디,105,2
4432,94a3a260-69be-11f0-a6d0-d7dbeaf9d9e0,열렙전사,105,1
4432,93cc8fd0-695c-11f0-9f3a-d936e3ed6e3a,미니언즈,105,2
4432,398d0130-6a9c-11f0-9b9a-dfc16842ed10,태풍주의보,105,1
4432,303b00d0-63e1-11f0-8ce7-05e1fc9cefd2,소크라테스,105,1
4432,1d884500-692d-11f0-847d-739109080a96,강유88,105,1
4432,01077790-6859-11f0-a2bd-a56b428bf25d,쇼군,105,2
4442,d059a650-63fc-11f0-a3ab-515b7dbdbb4f,호기린,104,2
4442,a7d03f30-68fe-11f0-9ae7-91cf7169e2c4,보라밍ToT,104,2
4442,97865fb0-64cb-11f0-89c4-91955faa19a3,Leo아빠,104,2
4442,742b68c0-68fa-11f0-bf27-69600f7373fa,흑멸야,104,2
4442,65f66750-644a-11f0-ba26-c559d1541584,챔돔,104,1
4442,594bdc60-6c51-11f0-802b-15be0af62600,빠죵,104,1
4442,412a07c0-6273-11f0-b63f-7755b72aa50f,나는김봉산,104,2
4442,2990d7b0-6615-11f0-b9c4-fd8fa20ffc1f,탱이아빠,104,2
4442,08b9df40-6a12-11f0-9adb-01ec0e539aaf,개아깝네,104,1
4451,f23047d0-66cb-11f0-9bdd-e11867fc3a11,으리,103,1
4451,eed076b0-6378-11f0-baf4-f589a09d6246,방주인,103,2
4451,df7afb10-62ef-11f0-a53e-f720860fcc8a,쿠바나,103,2
4451,c1efc340-62af-11f0-bcbb-714564b525f4,나노스,103,1
4451,7f1d36b0-6a34-11f0-8010-915371c938f2,마뚜,103,2
4451,6a457230-6b05-11f0-8a36-cbdc4f6e0ab3,하잇,103,2
4451,17759b60-63d6-11f0-a68a-1f47317284ca,친진,103,2
4451,03ca11f0-6222-11f0-9b80-6dacbd1dec23,민율파파,103,1
4459,ff149160-6a3e-11f0-996b-990644e05d04,아테,102,1
4459,f5a024b0-6a01-11f0-87cd-13cc90e29527,쿠와아앙,102,1
4459,e6ddc840-69ef-11f0-87cd-13cc90e29527,도림,102,2
4459,df3ba810-63b3-11f0-8465-f716200b7246,주부아빠,102,2
4459,d5717fd0-63ae-11f0-a602-4364c3f5e6fb,치킨나라쿼카공주,102,2
4459,c60de050-6aad-11f0-b350-274e47244e62,promise,102,1
4459,c60dc160-63eb-11f0-8657-2126cbb05f56,온하,102,2
4459,acf3cca0-6a1d-11f0-83c1-071402a58f9d,혼세천마,102,1
4459,ab81a630-6513-11f0-8350-2bfe2b1cf2f9,바람dol77,102,1
4459,a5e9b4a0-6b5e-11f0-837a-5be36112ad0f,그저먹지요,102,2
4459,94b4a110-6747-11f0-a3b5-cb7d513a283d,마룡,102,1
4459,8bd31a20-67fd-11f0-a432-f5a269c347d6,zlal,102,2
4459,8972ea60-6318-11f0-a67a-173fdcafaabc,대복장어마을,102,2
4459,850c4ed0-62be-11f0-a89f-3182c3b8adb5,장터,102,1
4459,7f71cf50-64a2-11f0-a845-496ab271568b,미아,102,2
4459,7c20db20-6498-11f0-a315-5d30c4fd1c80,진훈,102,1
4459,70f53c00-6952-11f0-8eaa-05fe0b751045,주띠아빠,102,1
4459,6c088580-6650-11f0-8a1d-5dcee97d710d,프리맨,102,2
4459,6216be30-65e1-11f0-8afb-9767d055c78a,QWER쵸단,102,1
4459,5cf87140-645c-11f0-8df0-a9be6ca1bee2,익사한상어,102,1
4459,5cab7c60-6230-11f0-9658-0db50d035217,poe,102,2
4459,5904efe0-6520-11f0-a092-cfb4e8946e57,홍밤이,102,2
4459,56862710-6319-11f0-973d-8fd00d5d3e51,먐미,102,1
4459,4a2c53c0-66b8-11f0-8dc5-93f9fb1e4ad3,라몽,102,1
4459,440f6c70-62cb-11f0-b252-a1a047cc5cf1,이롬항,102,2
4459,434c1710-6a0b-11f0-83c1-071402a58f9d,가요,102,1
4459,362041c0-61f9-11f0-82d0-c9e26b974f8f,포효,102,1
4459,2d66d6b0-6c3b-11f0-948b-913c7c2d582b,제갈시온,102,1
4459,2b8a75c0-629c-11f0-bcbb-714564b525f4,젠비,102,2
4459,1b306e20-6452-11f0-b822-39b72d0fce03,소어아,102,1
4459,1a79c660-63a4-11f0-9b51-d36a85c863a7,수우인,102,2
4459,16f25810-63ca-11f0-a9da-8b915b889dd4,설교신랑,102,1
4459,15fc18f0-6b64-11f0-b12d-131ac73060ee,87,102,1
4492,fff0eee1-66e1-11f0-bbfc-a56011b32b9c,이게뭣이데,101,2
4492,fe2b1a30-64f8-11f0-ad80-bf5616b7c1de,아룡,101,1
4492,fd510f20-6930-11f0-b635-5360f70da444,나는야홍길동,101,1
4492,f9459e50-62b4-11f0-b78d-9fbbdf7f23fb,느금,101,1
4492,f5992aa0-6210-11f0-b6b8-890977889e3d,마스터닌자,101,2
4492,f4b15600-661e-11f0-ba0e-5d9d6daabc7d,akalixrs,101,2
4492,ec359060-66c1-11f0-b734-1d96db1f9340,해상왕장보고,101,2
4492,ebda8d40-6ae1-11f0-a5d2-4bd7192c2f94,QWER8310,101,2
4492,e8456680-6b0b-11f0-bb81-6dcc8d3d53da,우르르쾅쾅,101,2
4492,e4d24d00-623d-11f0-8ed7-4f4ea466921e,고인드,101,1
4492,e49f7fa0-641e-11f0-89c3-81bc4ed5aa4e,강철남,101,2
4492,e42a9b00-6882-11f0-9385-039dbbd1c7fc,수상한강아지,101,1
4492,dbb8cbb0-632b-11f0-9a9d-576877acc917,까나리,101,2
4492,da6c5f00-6890-11f0-92ff-45af87a84012,손발을두잇,101,1
4492,da5b9ed0-64ae-11f0-8340-854878e1c5cf,아기모리,101,1
4492,d831e5f0-62ca-11f0-a53e-f720860fcc8a,Surtr,101,2
4492,d256ca40-6259-11f0-9eb5-cf396344702c,나래a,101,1
4492,cb5ac3e0-6259-11f0-ba61-57b32c8fdcaa,몬순,101,2
4492,c8c53d10-63e7-11f0-8ce7-05e1fc9cefd2,홍길동완,101,2
4492,c81d20e0-64d1-11f0-ad80-bf5616b7c1de,조아뽀,101,1
4492,bbafe670-661c-11f0-91c1-49cca2685584,썰자,101,2
4492,ba65f3b0-6700-11f0-a3d4-43ebc2e41e55,땅개구리,101,1
4492,b48d6890-6a8b-11f0-97df-4b76eb1e1edb,라그,101,2
4492,b4370590-63c4-11f0-99a0-f791fadc47f8,레드한,101,2
4492,b16884a0-6b09-11f0-8f4d-6330363bf47b,BIC,101,2
4492,aeace0e0-63d3-11f0-a9da-8b915b889dd4,붉은달,101,1
4492,ad744d20-6681-11f0-b77e-a100e5cb3d55,나려타곤,101,2
4492,a81474d0-6a56-11f0-b4af-bd0ab1be2018,아담한쿠마,101,2
4492,a462d840-63e4-11f0-96dc-5f8ee1571586,건강만해라,101,2
4492,a242a6f0-650e-11f0-8799-a56030339d38,서니아,101,1
4492,9d52e690-6717-11f0-a98d-f37da4145b2e,머갈,101,1
4492,92880280-6696-11f0-ba90-31fb5fd677bf,유또청,101,2
4492,8f030b30-6b5c-11f0-837a-5be36112ad0f,곰당,101,2
4492,8dcf4cb0-6b89-11f0-b285-19da1ba45490,스만,101,1
4492,858903a0-67c6-11f0-bfd7-f34c244563a0,닭사장,101,2
4492,8365ef40-69b8-11f0-83c1-071402a58f9d,파티,101,1
4492,81d518f0-68ae-11f0-bd47-cf3af6acce80,아몬드77,101,1
4492,80d52860-63bc-11f0-a7e3-7b406ef3e8c7,수진왕,101,1
4492,7ea9fa00-6477-11f0-9203-95da192fe506,MuSe,101,2
4492,7e8cd780-6b3a-11f0-b8eb-079315cc6c36,참수리,101,1
4492,72c34880-6892-11f0-bbc4-cba32ae3120c,휘이,101,1
4492,6d11a920-6484-11f0-995b-75bf8c0a2ec5,의세,101,2
4492,6ce03ef0-637e-11f0-b1cc-5d67dd7777cf,돈데,101,2
4492,5a736050-6228-11f0-8ec9-d591a6953b97,연힐,101,1
4492,5143ad70-650f-11f0-8346-ad6f1bb735b2,땡그랑,101,1
4492,50c53720-6379-11f0-969f-574f3b894b44,마녀공장,101,1
4492,500ae970-6319-11f0-9d30-a1884d59ed55,샤크리버,101,1
4492,44946450-61a1-11f0-9ef6-078f63674a6b,인지류,101,2
4492,422863d0-6406-11f0-83ae-cb0d7c1d5c99,무당,101,2
4492,40625210-630f-11f0-8d40-dfc9f921e722,난세한국,101,2
4492,3bbe8960-6aab-11f0-97f1-7fc07927d956,지은이내꼬,101,2
4492,3ac447d0-643d-11f0-a580-6783cb326665,HYNNS,101,1
4492,3aaa35c0-6b04-11f0-a101-2f71d3d479db,광인,101,1
4492,373ac390-6227-11f0-95e2-cba99e2b2056,이썰,101,1
4492,351ef010-63f6-11f0-9f61-e14d99ccbb10,알아서할게,101,2
4492,35096c10-6642-11f0-82d4-f9224631a18a,실버건,101,1
4492,2f133200-6386-11f0-8ea7-a17bafa0e4d0,사세,101,2
4492,27a09520-630f-11f0-8d40-dfc9f921e722,미녕구,101,2
4492,26779140-648a-11f0-b749-97e97e025ce2,skstp,101,2
4492,245da8f0-64ed-11f0-846f-13edae8f7606,cOuOr,101,2
4492,1a6f8dc0-6b66-11f0-837a-5be36112ad0f,다크몽,101,2
4492,12ae1800-6525-11f0-85dd-2db918fca576,류세표,101,2
4492,10102ee0-6c68-11f0-be85-97a2de51a0ec,RINA,101,2
4492,0d5fd0b0-63bc-11f0-9a90-f3e6ad4e6da0,기지,101,1
4492,086d86e0-69b8-11f0-86e2-d3a55f318685,머동,101,2
4492,0427c600-6359-11f0-a70b-97528033efd5,빨강도깨비,101,2
4558,f64d59b0-6424-11f0-89c3-81bc4ed5aa4e,메룽,100,1
4558,f2ab64e0-6452-11f0-9a7f-07d3d9b1e362,춈춈춈,100,1
4558,ec9d2330-64fd-11f0-998d-6361b2224259,옥용,100,1
4558,e7c102a0-684a-11f0-a736-0315241e3fd2,배불뚝이,100,1
4558,e2442590-6602-11f0-97d0-fb9951280f6d,세자비,100,1
4558,dff8d410-6554-11f0-b3f0-412c1cd1201f,몽치L,100,2
4558,de1a72c0-6a18-11f0-9adb-01ec0e539aaf,강지환,100,1
4558,dc2353f0-6505-11f0-846f-13edae8f7606,표두,100,1
4558,d3cb7ee0-63d8-11f0-b0c8-0be5c747fc57,도마강,100,2
4558,d1da6470-63b0-11f0-bbdf-4720f039de06,만취인,100,1
4558,bd297f40-6a1b-11f0-9ccf-efc03aeeda2b,루피쫑,100,1
4558,b6b885a0-670c-11f0-8db7-7b252ab21be1,뱀파이어,100,2
4558,b290f410-6b82-11f0-ab9f-397a5ee4956d,leonkim,100,1
4558,9de20ef0-675e-11f0-9ee8-11faeeaf74d3,봉건,100,1
4558,9d1a6090-63d9-11f0-b0c8-0be5c747fc57,이순몽,100,1
4558,979e9cb0-61d8-11f0-9f72-f35bb6256349,김마론,100,1
4558,8f788db0-6427-11f0-bcbf-2b7f0b4e55b1,귀가길,100,1
4558,86837e70-6b22-11f0-89ae-bb6b4e8b47bd,이이이이씨,100,1
4558,80bc98f0-6aaf-11f0-97f1-7fc07927d956,꼬꼬무,100,1
4558,707b8ef0-6aa1-11f0-bcc2-ab4174abf51e,yulgoo,100,1
4558,6a1e22f0-6224-11f0-abc2-914425398299,키릿,100,1
4558,68858d30-6638-11f0-b390-df77dfcfb7b2,순진,100,1
4558,1cea1c20-6920-11f0-a72d-f3190f62faf5,꽃대,100,2
4558,1cba8bd0-6b3d-11f0-94fe-4f628fa55647,테롱,100,1
4582,cd2025f0-697d-11f0-ae0d-6f90dae175ae,안녕규니,99,1
4582,cb51fdb1-6ad2-11f0-a5d2-4bd7192c2f94,RUNAWAY,99,1
4582,bf3fc500-654d-11f0-9925-2bfdb21f1ef4,새침,99,1
4582,6391b610-663c-11f0-8b63-2511bd743353,아버,99,1
4582,5d322b30-6757-11f0-b1c8-31a45252d3f3,깡시,99,1
4582,56643940-6560-11f0-bcb8-43d28e4aad0d,샤파,99,2
4582,4f5c6fa0-65fb-11f0-8cbe-319b644384b7,조선대장군,99,1
4582,2243a120-6301-11f0-b7c2-5907d7ac5d60,엄질,99,1
4582,12bc1aa0-696b-11f0-a83b-85ec3983334f,구준표인봉,99,1
4591,f9cce590-6a9d-11f0-9b9a-dfc16842ed10,ago,98,1
4591,e0d72ba0-63df-11f0-9b30-bfc50fd617fd,깡총빠덜,98,1
4591,d5bca0d0-64e6-11f0-89c4-91955faa19a3,제이에이,98,1
4591,cfaf04e0-68d2-11f0-acc6-9fa957ae20ea,가이사,98,1
4591,ca6c23e0-6c7a-11f0-92f8-0b0dfcc0c41e,슬기몬,98,1
4591,c7ecc6a0-6514-11f0-998d-6361b2224259,악마의재능,98,1
4591,bf7db140-6240-11f0-9c23-457fcdeb3714,갓핑거,98,1
4591,bdafed20-69f6-11f0-9416-6d61d44d7bd3,행주산성,98,1
4591,a66574c0-6ae4-11f0-adf1-352afe5db30b,서수기릿,98,2
4591,99d08520-647b-11f0-9c48-11e41ca3b3cb,계간,98,1
4591,97ffc8a0-630e-11f0-abe8-09c261bd0e21,아버님,98,1
4591,6c79ebd0-6c6d-11f0-b16a-699a6afe77a2,용용죽지,98,1
4591,673b5810-6255-11f0-b66b-f98e79339126,밍디,98,1
4591,626802b0-6445-11f0-ab0c-317be3d6b0a6,bbdd,98,1
4591,61815f50-66ce-11f0-a818-154c93ec6594,콜스,98,1
4591,5b5462e0-6cdb-11f0-bf20-0950605175eb,어색한,98,1
4591,55bf94d0-62ef-11f0-8567-d9cb9900f794,8난세영웅8,98,1
4591,5437e150-663a-11f0-96fa-990fd0c2f326,성길이딸여왕,98,1
4591,4aff5d30-6b84-11f0-aea3-e1db4ea82c97,흑월랑이,98,1
4591,44ba9320-63d4-11f0-9a87-810a40a679fa,거까정만,98,1
4591,290b5eb0-621d-11f0-abc2-914425398299,흑곰같이,98,1
4591,1acf08d0-62d4-11f0-b968-b15002a4efc3,독고구검,98,1
4591,1439bf80-64c1-11f0-9cbb-d577723cbc86,눈꽃안개꽃,98,1
4591,0b5ff280-66b0-11f0-aa41-b34b5c1d14b7,전이만갑오개혁,98,1
4591,02f26ed0-629f-11f0-bbfa-65e8ef5c7ef9,옥포대첩,98,1
4591,0249e6c0-6434-11f0-a580-6783cb326665,outsmile,98,1
4617,ff5a7900-6a07-11f0-87cd-13cc90e29527,morning,97,1
4617,fbc02860-646e-11f0-9e27-35530581f5ae,린스타,97,1
4617,fa5ef320-6aef-11f0-a6ea-759c93ed2c8f,마리마요기랑,97,1
4617,f9fd9bd0-63f5-11f0-acbf-1d9f838efc8f,techtona,97,1
4617,f85a3110-62ad-11f0-9f5f-eba69ae2db8d,강감찬,97,1
4617,f73729a0-63c5-11f0-9353-8773ba2d9d98,art,97,1
4617,f32734c0-63c7-11f0-a9da-8b915b889dd4,준우탱,97,1
4617,f2d32e10-63d7-11f0-a9da-8b915b889dd4,똔파리다,97,1
4617,e55bca70-6581-11f0-b7e3-fb434d59fc04,루콘,97,1
4617,d2f2fab0-69e2-11f0-87cd-13cc90e29527,나혀누,97,1
4617,cfb2fe80-63da-11f0-b5a1-97526412eaf0,우당탕쿵,97,1
4617,cf7b64d0-662c-11f0-8621-0f3e351e9362,오슬라,97,1
4617,ce760380-644f-11f0-9a7f-07d3d9b1e362,나우니드,97,1
4617,c4a0cb00-66f8-11f0-94fd-bd0b371894b0,아이응,97,1
4617,b0e3bb40-668a-11f0-8d91-67464caa9884,경주김장군,97,1
4617,a63595c0-62ce-11f0-a655-3f20d48333c3,보또니,97,1
4617,a5334500-644f-11f0-9a7f-07d3d9b1e362,으니러버,97,1
4617,8dc2a9d0-6768-11f0-9a9f-6f9af1b6ae38,일정거리,97,1
4617,8c5630e0-670d-11f0-8789-93b65809f0d3,대한민국독도,97,1
4617,8324ca00-6928-11f0-ae8c-db603dd8bb9d,퉁퉁퉁,97,1
4617,82ab7510-6c7a-11f0-a8de-d7173687f0b3,앙기모뤼,97,1
4617,7a62bcf0-6483-11f0-a086-85e9f4d94fe9,민케이,97,1
4617,77c34ff0-69d3-11f0-9416-6d61d44d7bd3,내꺼하자,97,1
4617,7724ba90-6373-11f0-8193-57e1c1f0634f,세류난기표,97,1
4617,6e7d8470-64a0-11f0-829b-d50781ca76af,서깡치,97,1
4617,5eef0b20-670f-11f0-924a-215eb8d4d8f2,vion,97,1
4617,5a650d70-66d3-11f0-ba08-213ff4d969af,이충선,97,1
4617,58805d70-63ea-11f0-b577-c584fca26f1c,hanlin,97,1
4617,4975cba0-6460-11f0-baaf-45c3a00048ee,ARLKONG,97,1
4617,462ee430-6b96-11f0-9499-d3000780e9a4,고쓰쓰,97,1
4617,44d9b6f0-67d1-11f0-9522-11881f116ae1,에마씨,97,1
4617,3f760fe0-6418-11f0-89c3-81bc4ed5aa4e,삼쏘,97,1
4617,345699c0-6203-11f0-b6b8-890977889e3d,명명백백,97,1
4617,3327fd60-653b-11f0-bf88-f5c7f77ee584,나르디,97,2
4617,31903711-64d2-11f0-846f-13edae8f7606,잉은이,97,1
4617,2cc4ad10-66c6-11f0-94a5-5dfa3d0e1274,멜리오다스,97,1
4617,1987c4a0-63f9-11f0-83ae-cb0d7c1d5c99,양치먹,97,1
4617,17feaaa0-693e-11f0-b6fc-63016576bc70,나라호라,97,1
4617,145a7890-6cb1-11f0-8e36-7ff47c038c45,청무룡,97,1
4617,0c11e280-69d3-11f0-83c1-071402a58f9d,리비고,97,1
4617,00aa9c00-63ef-11f0-849d-3b3a1fc71a59,무메이,97,1
4658,ef16db70-63ad-11f0-9e98-299d606b6be2,마침표고양이,96,1
4658,ebeb2800-649f-11f0-a845-496ab271568b,뚜식이,96,1
4658,e415a7a0-6449-11f0-b750-051f455e1aaf,윤아,96,1
4658,e0a85ca0-6612-11f0-8af8-af83b80f6378,Etoo,96,1
4658,d6571090-6d40-11f0-aac3-51a291ad0acc,여해이순신,96,1
4658,d176a720-6390-11f0-9e16-f1cd993522e6,어두컴컴하늘,96,1
4658,c8e6e7a0-62af-11f0-b78d-9fbbdf7f23fb,박펴류기,96,1
4658,c238c530-6878-11f0-ac00-9167339f9387,홍챠,96,1
4658,bd5c6f10-63d9-11f0-9a87-810a40a679fa,최망고,96,1
4658,bd128cc0-6284-11f0-adc6-455e8908a1ee,일타강사,96,1
4658,b6139660-6588-11f0-9f25-1147ddd387e8,아트랑,96,1
4658,b54a6ec0-642f-11f0-877d-c952436514c7,신승겸장군,96,1
4658,b41270a0-69e5-11f0-9adb-01ec0e539aaf,현웅,96,1
4658,aad6bca0-64c5-11f0-8adf-cf56a9625cf9,호원,96,1
4658,a2875720-68ea-11f0-b6e5-1f4abc2a195f,Ingeon,96,1
4658,a0e86090-62bd-11f0-a89f-3182c3b8adb5,가짜,96,1
4658,9f775790-66f3-11f0-a25c-47a5a693b30a,강함,96,1
4658,9d640a20-6220-11f0-8853-493fc3ae34f0,JYVT,96,1
4658,99c4a1d0-64c9-11f0-bfcf-1fdb18c8f989,PEARL,96,1
4658,984e7a20-6559-11f0-b19a-f331206492d9,잿뱀,96,1
4658,79e73fc0-6a33-11f0-b54e-2d4b7711979a,Ham1mar,96,1
4658,75a4c520-6643-11f0-83c8-df80587bdcb4,최충,96,1
4658,67d44f00-629d-11f0-9eb5-cf396344702c,Soohyun,96,1
4658,67171040-6af2-11f0-92e1-394a8ca307ec,코카콜람,96,1
4658,63a72670-62a5-11f0-8a2c-191c216a463e,카잉,96,1
4658,5e85f8e0-663a-11f0-8157-83c241bc6c35,ARCTERYX,96,1
4658,4a320750-630e-11f0-b218-43a24c54b5c1,앙실,96,2
4658,46bad5b0-66a2-11f0-a8c0-a96b3c973cc3,오이좌,96,1
4658,45720ee0-62b9-11f0-a89f-3182c3b8adb5,오후대여,96,1
4658,3d5b4420-64f2-11f0-998d-6361b2224259,따부지,96,1
4658,37916540-6a0d-11f0-83c1-071402a58f9d,행엘문,96,1
4658,2d341650-63c9-11f0-8f11-17371de17e69,허세만,96,1
4658,251f7510-62fa-11f0-a53e-f720860fcc8a,천녀,96,1
4658,22a2b330-6645-11f0-adf3-099411a6c0d7,설류,96,2
4658,21629e60-6bb1-11f0-a51b-7569b844c4d8,페페론취노,96,1
4658,12d40dd0-69cb-11f0-83c1-071402a58f9d,연서우,96,1
4658,11280fa0-6335-11f0-9145-a52c50a03179,우마루,96,1
4658,0947da80-67b9-11f0-a5ca-8d77d40408a1,아라미,96,1
4696,fe181000-6b9e-11f0-8f15-1b10dbe9691c,살인견,95,1
4696,f99c02b0-6267-11f0-807b-b56290a6427d,워녕,95,1
4696,f921de20-62be-11f0-b038-1df969c0d9a5,디파투,95,1
4696,f6676210-689d-11f0-9637-a53061e334e6,몽꾸아비,95,1
4696,f50ff6b0-642f-11f0-877d-c952436514c7,안뱅,95,1
4696,f3eb6270-62f3-11f0-be58-8570b5052512,크로옹,95,1
4696,e93e68e0-642e-11f0-b895-d750b0653929,반질반질해,95,1
4696,e8134ff0-69cc-11f0-9adb-01ec0e539aaf,유니만두,95,1
4696,e6b1fdc0-6975-11f0-8a8c-e705cbe6ed4d,피핀,95,1
4696,e0fdd2c0-6469-11f0-baaf-45c3a00048ee,컴블,95,1
4696,e0c7fce0-6923-11f0-9163-9b37cd4f63ff,캡틴브리더,95,1
4696,d15e7da1-6203-11f0-98fa-57d304879aab,roydady,95,1
4696,d0557470-698a-11f0-86e2-d3a55f318685,척준경사마,95,1
4696,cdbfa7d0-620a-11f0-8954-d1ddcca9d272,우파루파파,95,1
4696,ca9ea400-6c16-11f0-948b-913c7c2d582b,미스터제로,95,1
4696,c8cb7010-68f4-11f0-bf27-69600f7373fa,내손안에당근,95,1
4696,c83850a0-691c-11f0-9489-df1a9dcf8e7b,용자룡,95,1
4696,c785eed0-63b1-11f0-9b10-25f9ca8a7a53,윤딸피,95,1
4696,c77e3be0-622b-11f0-b912-9b874d01aab6,문명신,95,1
4696,c5237d10-68fc-11f0-9ea8-7f24d442c159,평택사람,95,1
4696,c2415be0-6a95-11f0-9b9a-dfc16842ed10,ssaksoo,95,1
4696,c0092ff0-69b5-11f0-8b3f-73b93d01f6b0,재진출,95,1
4696,bbb295c0-620f-11f0-802a-01726bb91ef4,앵두,95,1
4696,ba477e50-6262-11f0-ba61-57b32c8fdcaa,화백,95,1
4696,b17ee280-6aab-11f0-aabe-19fce0d146b1,카아아아악,95,1
4696,abaeed60-6537-11f0-8fcf-49b1bc77966f,분홍나비,95,1
4696,a582e2f0-634f-11f0-899c-ed58ed9d92cb,키킴이,95,1
4696,a1267da0-6252-11f0-a7b6-cf18c18dd85f,은중,95,1
4696,9ea29290-6afd-11f0-ae3f-a9f08f574230,우니롱,95,1
4696,95d2d6b0-6815-11f0-a89c-59b4d27efb99,한방사형,95,1
4696,95308410-6bb6-11f0-95c1-cdecde0b7fd9,강후파파,95,1
4696,8d6fb4c0-652c-11f0-a768-59219107ad21,한국사나이,95,1
4696,8c5b9770-6441-11f0-98f0-415ec4f41c6d,오리지날고,95,1
4696,84113170-685a-11f0-a2bd-a56b428bf25d,저금통,95,1
4696,832e7fa0-6496-11f0-ad13-b7a74380eec0,수지우이,95,1
4696,816344d0-6c52-11f0-8009-99d4c032fe19,후우니,95,1
4696,7e691f60-62d5-11f0-a655-3f20d48333c3,수호천사23,95,1
4696,7c6cf5d0-6639-11f0-b390-df77dfcfb7b2,타락백호,95,1
4696,7ad13c50-62b9-11f0-bf6e-91ab11ffb732,민들레홀씨,95,1
4696,76c01790-6961-11f0-86e2-d3a55f318685,seth,95,1
4696,6e54a110-6c32-11f0-9d81-e7c0c7be48b2,srfgyy1,95,1
4696,6e4eca50-6774-11f0-bd87-336f0aebd1bd,dlendqp,95,1
4696,694428d0-63f4-11f0-8ce7-05e1fc9cefd2,샤프경이,95,1
4696,664f8890-64b2-11f0-a2c0-87ada2bfe11c,토시,95,1
4696,628e4cb0-6574-11f0-bd18-ef999b45db65,슈팅사가,95,1
4696,5d7f2420-6b04-11f0-8475-b3ab8d76cf83,혜비나,95,1
4696,5aac0950-68c7-11f0-a559-7966cc3307d7,수놈,95,1
4696,53b312b0-69e4-11f0-9ccf-efc03aeeda2b,율도국,95,1
4696,4ffde910-6b88-11f0-b12d-131ac73060ee,우이잉,95,1
4696,4a7738d0-69c0-11f0-a94a-9f7e552760ea,홍헤야,95,1
4696,47e4c180-6346-11f0-9eba-319c3c5b72eb,시소,95,1
4696,4501fdc0-6684-11f0-ba90-31fb5fd677bf,렐리,95,1
4696,42e7a040-6958-11f0-8a8c-e705cbe6ed4d,야클,95,1
4696,3d8d2e30-6953-11f0-9f3a-d936e3ed6e3a,뚜아,95,1
4696,3c022d00-6614-11f0-ba0e-5d9d6daabc7d,경진현빈,95,1
4696,2a0e3f80-65dd-11f0-ae82-f5fbeed77579,예지궁딩이,95,1
4696,29a54930-6498-11f0-91af-e789610f26b8,소다누나,95,1
4696,293aeef0-6a88-11f0-8032-c32c225a07c5,함마콩,95,1
4696,27663430-625f-11f0-8dd0-1d2a50e638cd,애니팡,95,1
4696,265bb680-6c7a-11f0-a8de-d7173687f0b3,이학주,95,1
4696,1e5d5480-680a-11f0-9069-eb268d57af69,고국천왕,95,1
4696,1a1e2940-622d-11f0-aa91-9b126fa90fce,세경예린,95,1
4696,1249c060-6a95-11f0-9b9a-dfc16842ed10,련시화,95,1
4696,101461c0-645e-11f0-8670-973d055b2505,시아야간다,95,1
4696,0b19ef70-63a8-11f0-9b51-d36a85c863a7,라면형,95,1
4696,0af66570-63f6-11f0-9f61-e14d99ccbb10,김화,95,1
4696,012db4b0-6b00-11f0-ab25-6949cda751e5,소리사랑,95,1
4763,ff867e50-6a44-11f0-b350-274e47244e62,이영하,94,1
4763,f95a6350-63bb-11f0-a7e3-7b406ef3e8c7,짱겜,94,1
4763,f8f0bff0-6aa9-11f0-97f1-7fc07927d956,감스츠,94,1
4763,f897fbb0-63d1-11f0-8ce7-05e1fc9cefd2,너굴너굴,94,1
4763,f8460bc0-65ed-11f0-b07a-3f86ba6af1de,짱구어머니,94,1
4763,f7635000-6926-11f0-9489-df1a9dcf8e7b,이지후,94,1
4763,f486ae40-6ad9-11f0-9ebc-25f4c2b0a5e6,미키천국,94,1
4763,f1426790-694b-11f0-8a8c-e705cbe6ed4d,뚜빈,94,1
4763,e7e4a2b0-63d5-11f0-b0c8-0be5c747fc57,갸르이아,94,1
4763,e4ede270-65fa-11f0-b713-4926dfac7d29,엔젤스,94,1
4763,e18639a0-6219-11f0-abc2-914425398299,광고보기싫어,94,1
4763,dc49a030-657f-11f0-9b02-9934e4aaee80,권지용,94,1
4763,dc48b240-6531-11f0-a7f2-95dc17e8a4b9,투킹,94,1
4763,dadb1520-6779-11f0-832d-2343fb1c7686,야쿠부,94,1
4763,d60257b0-63ba-11f0-8d07-390a61232108,림톨이,94,1
4763,d5cf0240-6755-11f0-a25c-47a5a693b30a,씌익,94,1
4763,d3732141-620d-11f0-95d2-33c2bc31b4d0,미아스,94,1
4763,d2ee8520-6253-11f0-aa52-cb1cb28881c2,ddova,94,1
4763,bad5d4d0-6a27-11f0-a0bd-d7139a11b28b,초패왕,94,1
4763,b96f7610-68be-11f0-8188-61fc44a09398,시티즌,94,1
4763,b92e2f50-6ad7-11f0-887f-c18cdf79257d,쿼카로트,94,1
4763,b8e04ec0-67a8-11f0-a86b-6be161d85452,곽현준,94,1
4763,a48f0ad0-68e6-11f0-a559-7966cc3307d7,조량노,94,1
4763,a1a616e0-6942-11f0-9c6c-658573885763,소가,94,1
4763,989e1b10-6b8b-11f0-bb04-33ed12fd8657,조덕배,94,1
4763,97654730-664c-11f0-81af-5b0af15a39e7,kimking,94,1
4763,93d9d570-6bfd-11f0-87eb-690ec7d4dfe2,누기부기,94,1
4763,8de0bd40-6d07-11f0-8662-b3a8d615c0d7,마늘쫑,94,1
4763,8c7dcde0-6851-11f0-9a92-175f0d2b5caf,성질내지마,94,1
4763,8b0202e0-63e9-11f0-a174-2f03cd9ae07c,크앙무섭징,94,1
4763,8adce820-63bc-11f0-8d07-390a61232108,하늘찢기,94,1
4763,82b09370-654e-11f0-b320-31d7d8d05ec0,수장,94,1
4763,81646ff0-6a26-11f0-83c1-071402a58f9d,깜장빤쓰,94,1
4763,8020aff0-6210-11f0-b6b8-890977889e3d,김지지,94,1
4763,7c64eb30-64a7-11f0-ac20-8734dac19833,puhuhu,94,1
4763,7c59bf00-6a36-11f0-aac3-7191430ebe32,MEL,94,1
4763,7a813fc0-6a89-11f0-9b9a-dfc16842ed10,동네까치,94,1
4763,7a029170-6b5b-11f0-837a-5be36112ad0f,개인,94,1
4763,738524e0-62df-11f0-8567-d9cb9900f794,남수도,94,1
4763,6ff14b50-6385-11f0-a96e-b3a4c43e265a,아솔,94,1
4763,6ae58da0-64c1-11f0-9cbb-d577723cbc86,바가너,94,1
4763,6a8a9630-6c31-11f0-a98c-ab8c12a4e4f7,감자빔,94,1
4763,6a662120-63d4-11f0-bb86-97bdb11e4eed,밀정,94,1
4763,67b4ef90-6660-11f0-8157-83c241bc6c35,점정,94,1
4763,66670390-6a15-11f0-87cd-13cc90e29527,진jin2,94,1
4763,65f479e0-666b-11f0-ba90-31fb5fd677bf,카리스,94,1
4763,6188bed0-69ee-11f0-9adb-01ec0e539aaf,이빨괴물에이미,94,1
4763,5dce3f10-6370-11f0-baf1-611897b49fac,돕훈,94,1
4763,59465e90-66f5-11f0-abbe-1b148ce1c918,Feel,94,1
4763,57ba51e0-691a-11f0-a72d-f3190f62faf5,콘이,94,1
4763,57a47ac0-644a-11f0-b750-051f455e1aaf,레드벨벳,94,1
4763,57128e90-62d7-11f0-a53e-f720860fcc8a,유야,94,1
4763,556697d0-62cd-11f0-b252-a1a047cc5cf1,팔백,94,1
4763,52c5eea0-6204-11f0-b6b8-890977889e3d,소소이람,94,1
4763,50304200-6559-11f0-a2dc-1301c9d78046,황수환,94,1
4763,4ee3e8b0-6555-11f0-a37f-b346b9412b7f,최순신,94,1
4763,4d433ba0-6492-11f0-bbfe-0d14bcd852b5,Piiro,94,1
4763,4c2d9790-652f-11f0-8cb1-e172e67cbb57,금복파파,94,1
4763,4bfe5010-68e6-11f0-8188-61fc44a09398,가담다다,94,1
4763,4911fb80-6a18-11f0-9adb-01ec0e539aaf,경수,94,1
4763,48f63e40-6d1a-11f0-b976-671badd129d8,심상,94,1
4763,3d479b60-65be-11f0-b5ae-9f72a71a5588,윈바리아시옹,94,1
4763,3c572e10-6554-11f0-a338-71463213c56c,1985,94,1
4763,3c1c28b0-69b9-11f0-8a6d-053337276a21,외노자,94,1
4763,3adaac80-6ac0-11f0-aa73-c544fd48d310,수동e,94,1
4763,38fe0ee0-625d-11f0-a09e-af85dec66bcf,오엔,94,1
4763,36f76260-6d32-11f0-b976-671badd129d8,독고리키,94,1
4763,36cab9a0-6d1d-11f0-b0d7-0b3415ac89fb,맥그리거,94,1
4763,32c783d0-6b4f-11f0-89d8-0101a6b6342f,술마신빈,94,1
4763,2fcb1730-64c1-11f0-bfcf-1fdb18c8f989,PPME,94,1
4763,2d494710-633c-11f0-a70b-97528033efd5,김도비,94,1
4763,2bfce1d0-6a4b-11f0-8acc-fb286914151f,주두리,94,1
4763,2bd24550-6b7d-11f0-b486-2dfe22f5eff0,독립,94,1
4763,2b056180-64b0-11f0-a475-093604a1564e,배콩이,94,1
4763,271cdd70-62d3-11f0-b968-b15002a4efc3,JaeHyun,94,1
4763,235d7030-62ee-11f0-a53e-f720860fcc8a,글로리어스,94,1
4763,22e56070-6bf6-11f0-87eb-690ec7d4dfe2,직진,94,1
4763,1d45f280-6c67-11f0-be85-97a2de51a0ec,건건,94,1
4763,1c2befb0-6935-11f0-9052-8d763cf66f7f,화랑무사,94,1
4763,1c24b630-6473-11f0-a8d6-9514efa5ade9,장사꾼,94,1
4763,170e9410-6a98-11f0-8032-c32c225a07c5,와나,94,1
4763,160e4510-6a2a-11f0-81d8-d75e58d916af,마우이,94,1
4763,105ff630-650d-11f0-a008-3d1038308b91,테디버어,94,1
4763,0f85e6f0-646a-11f0-9e27-35530581f5ae,자진모리,94,1
4763,0c1ae1b0-6b1c-11f0-b431-c1779ea5d7f1,당운룡,94,1
4763,0b895700-6440-11f0-832b-c7e877b24350,토실햄찌,94,1
4763,09ee1fc0-6ba2-11f0-a8f4-2b4db3bbadfc,호용,94,1
4763,01aba7d0-6abf-11f0-9563-35208c1cb4b3,혈마사냥꾼,94,1
4851,fec16a60-6211-11f0-abc2-914425398299,블랙산타,93,1
4851,feac7e80-6af3-11f0-b6ac-91e7f241e767,무난한인생,93,1
4851,fe7f6430-6315-11f0-a53e-f720860fcc8a,kikio,93,1
4851,fe2e1a90-6b52-11f0-b12d-131ac73060ee,만두뿡뿡,93,1
4851,fde6b5a0-6270-11f0-9eb5-cf396344702c,라희아빠,93,1
4851,fab75260-6507-11f0-846f-13edae8f7606,멀봐,93,1
4851,fab27d80-6a43-11f0-b4af-bd0ab1be2018,반여월,93,1
4851,f9ea71c0-6a73-11f0-b4af-bd0ab1be2018,령목,93,1
4851,f9313f90-63ff-11f0-83b6-f799b6a4bcd6,아도,93,1
4851,ef01e550-63d8-11f0-9a87-810a40a679fa,수방이,93,1
4851,ea9b5270-620d-11f0-abc2-914425398299,표루기냐,93,1
4851,ea187a80-69e7-11f0-9ccf-efc03aeeda2b,써랑씨웅팜,93,1
4851,ea0bb110-6488-11f0-b749-97e97e025ce2,부사관요롱이,93,1
4851,e9aa14a0-620d-11f0-8954-d1ddcca9d272,오또,93,1
4851,e5f13d00-651b-11f0-a092-cfb4e8946e57,길또잇,93,1
4851,e3ff1610-6580-11f0-a447-7b87eaaa2ed7,복지왕,93,1
4851,d9179890-69fd-11f0-9ccf-efc03aeeda2b,에삐핑,93,1
4851,d8bbbe30-6200-11f0-8879-5f895f1781fe,라스,93,1
4851,d7c612b0-6a47-11f0-8acc-fb286914151f,푸이그,93,1
4851,d6d0e6c0-63c4-11f0-99a0-f791fadc47f8,약선,93,1
4851,d66ffe90-6794-11f0-b8e6-d1592939ba2b,갱플릭스,93,1
4851,d57fb4b0-6a11-11f0-83c1-071402a58f9d,xodhkd,93,1
4851,d5781a60-624c-11f0-a7b6-cf18c18dd85f,안산곽두팔,93,1
4851,d425ce70-6218-11f0-bbfd-8564365ef7ff,아난신,93,1
4851,d30c5330-6a9f-11f0-b350-274e47244e62,오름,93,1
4851,d22a0fe0-6354-11f0-899c-ed58ed9d92cb,템즈,93,1
4851,d0cd8380-6b5f-11f0-86f8-699bf7338d9b,호두둥,93,1
4851,ccb19390-6c18-11f0-aed5-0bf4d0a3552b,booui,93,1
4851,cc36a220-6510-11f0-8350-2bfe2b1cf2f9,유미이,93,1
4851,cc004af0-6965-11f0-9f3a-d936e3ed6e3a,우사,93,1
4851,cbd296a0-6a96-11f0-a3f5-b7808f7fb4b1,광돈,93,1
4851,cb64cff0-635f-11f0-9145-a52c50a03179,시작되는삶,93,1
4851,c9bbe350-628d-11f0-ba61-57b32c8fdcaa,꽃닮,93,1
4851,c764e120-6494-11f0-a315-5d30c4fd1c80,해와동,93,1
4851,c6c7b570-6602-11f0-a954-17a0435dde3a,난광범표,93,1
4851,c67f8f50-6546-11f0-81eb-8fc9130a5d40,린솜,93,1
4851,c5287470-6ad0-11f0-81c8-df68c1af4b53,마동스톤,93,1
4851,c4d6af60-62d7-11f0-a53e-f720860fcc8a,1st톰,93,1
4851,c34b8a60-689c-11f0-944a-3188c1e071c1,JMMM,93,1
4851,c094dc40-6a04-11f0-87cd-13cc90e29527,꼬끼오,93,1
4851,bb0b5390-65d0-11f0-9481-11caf47af484,유정이,93,1
4851,b77345f0-64a2-11f0-9c5a-4d7fccdae4d8,빵이당,93,1
4851,b3051800-6442-11f0-8944-5327091948db,지브리스튜디오,93,1
4851,b15fadf0-66ca-11f0-b3b6-8f960ca9abb5,망구방구,93,1
4851,af3d8700-67d7-11f0-a86b-6be161d85452,piiu0987,93,1
4851,aa964700-6b01-11f0-8d73-e3f5119b0d27,북부역사학자,93,1
4851,aa61d600-6bb0-11f0-a01f-e538764cd6d1,두둥실,93,1
4851,aa15f920-69b1-11f0-86e2-d3a55f318685,그냥그냥,93,1
4851,a5ddc100-6b4e-11f0-ae55-7d4f8e239d4a,도미닉,93,1
4851,a472f8b0-6925-11f0-a1de-d56c01849062,수이니주노,93,1
4851,a08a4990-69e5-11f0-81d8-d75e58d916af,뚜시뚝시,93,1
4851,9f971fe0-62a6-11f0-b99b-2fc53d965492,청후,93,1
4851,9ed991c0-6452-11f0-9948-fdd926a61dce,스마트엠케어,93,1
4851,9ad99ff0-6a8a-11f0-9b9a-dfc16842ed10,삼국통일,93,1
4851,99f75ba0-65bb-11f0-aa84-3dc96405c278,키요노,93,1
4851,98956ad0-6a12-11f0-9adb-01ec0e539aaf,민트그루몽,93,1
4851,985e5df0-68a1-11f0-b133-21fdc03bb85c,선녀와너무해,93,1
4851,95a56850-6226-11f0-abc2-914425398299,황꾹꾹,93,1
4851,94cdd310-6873-11f0-a583-33b377bc2bee,볼퉁이,93,1
4851,8f363ae1-63e2-11f0-981c-6918ebc09e55,난세영웅해달,93,1
4851,8f0d5c10-6bb7-11f0-95c1-cdecde0b7fd9,낸낸,93,1
4851,8e142e80-6a84-11f0-8032-c32c225a07c5,칸테,93,1
4851,8ddc6660-6a68-11f0-b7a5-333dfc345c53,pjo,93,1
4851,8ca9acb0-68fd-11f0-a0aa-93c8f690bfda,리오리,93,1
4851,8be59db0-64fd-11f0-846f-13edae8f7606,멜론,93,1
4851,88d5b4f0-66c6-11f0-94a5-5dfa3d0e1274,사나마나,93,1
4851,88bae090-662f-11f0-8dc5-0ba92d25bd16,부끄꼼,93,1
4851,88a1b1e0-6ad2-11f0-a5d2-4bd7192c2f94,판단미스정석,93,1
4851,882a0550-6adc-11f0-adf1-352afe5db30b,독고검,93,1
4851,87b454a0-62cf-11f0-a53e-f720860fcc8a,이토슈니,93,1
4851,83370150-6529-11f0-a092-cfb4e8946e57,army,93,1
4851,7f1537d0-63db-11f0-8ce7-05e1fc9cefd2,소박한,93,1
4851,7b20d7f0-6332-11f0-ba6d-31d76c70e10b,커피독,93,1
4851,7ac8ff80-6a7b-11f0-b7a5-333dfc345c53,초쿠구,93,1
4851,7a8f9610-6543-11f0-bfcd-476b37318f6d,쿠앵크,93,1
4851,7556cf80-624e-11f0-a7b6-cf18c18dd85f,코모,93,1
4851,74d64b20-621d-11f0-9b80-6dacbd1dec23,아르테미시아,93,1
4851,7487c440-6502-11f0-998d-6361b2224259,멸륜,93,1
4851,73ea6ce0-6480-11f0-a621-db59f6dcbcc4,마야킹,93,1
4851,732b0c30-663b-11f0-96fa-990fd0c2f326,whsdPdms,93,1
4851,70e81ea0-645a-11f0-8944-5327091948db,히가시,93,1
4851,6f69c231-66ae-11f0-bead-d54787f6b724,버스정류장,93,1
4851,6e3a87d0-695d-11f0-9c6c-658573885763,구더기,93,1
4851,6d69d1b0-66e9-11f0-94fd-bd0b371894b0,여신의무사,93,1
4851,6bd1f1b0-63ca-11f0-a9da-8b915b889dd4,빅카츄,93,1
4851,6aad7470-6b55-11f0-ae55-7d4f8e239d4a,카엘z,93,1
4851,6733d820-6380-11f0-8ea7-a17bafa0e4d0,대한랭킹,93,1
4851,611e6600-6a77-11f0-a1c0-f953ad2a988a,피스메이커,93,1
4851,5cd0a1e0-64f4-11f0-920f-d9bd8a2a820c,포차코97,93,1
4851,59a3ab40-64fc-11f0-920f-d9bd8a2a820c,츠리매니아,93,1
4851,58874f90-641c-11f0-89c3-81bc4ed5aa4e,봉초딩,93,1
4851,5768ab00-6c31-11f0-98cb-9992c3b823e7,무우사무휼,93,1
4851,53a1e260-6778-11f0-ab88-a5c9739f629f,조선노동자,93,1
4851,534e36c0-62db-11f0-88d7-0b9f6efad653,꽁꽁스틸,93,1
4851,52cefe90-65a2-11f0-8be9-7bc4b954113d,Hydeist,93,1
4851,512313e0-61df-11f0-b8f8-5536217c831a,루연,93,1
4851,505bcc61-6a1b-11f0-9adb-01ec0e539aaf,포스필드,93,1
4851,4eb63b70-6575-11f0-bd18-ef999b45db65,바라지,93,1
4851,4dee34c0-698c-11f0-9567-3b74e61607c2,콩길동,93,1
4851,4cd1d380-6392-11f0-9b51-d36a85c863a7,유주이LUV,93,1
4851,4b4b9720-664f-11f0-8a1d-5dcee97d710d,Jay1103,93,1
4851,46b567d0-63cb-11f0-99a0-f791fadc47f8,모네,93,1
4851,42064670-6572-11f0-9b02-9934e4aaee80,민깝,93,1
4851,41f30970-64aa-11f0-ac20-8734dac19833,mama,93,1
4851,41912451-63ef-11f0-9d0a-9133cfaaac5d,만재,93,1
4851,406e87c0-61f6-11f0-94d1-0d70694c9e17,한라산고라니,93,1
4851,3eddfb20-6403-11f0-a3ab-515b7dbdbb4f,말부기,93,1
4851,3cfafb70-6591-11f0-bdb7-b58ab72864be,djct15,93,1
4851,3c67ed60-6a2a-11f0-9602-81ee37d26bd9,막장초딩,93,1
4851,3a2db3d0-6a35-11f0-9781-8f4dc68b8459,맹개,93,2
4851,3a201f30-63a6-11f0-b7d9-6726758670c6,질외상점,93,1
4851,39d25230-64f7-11f0-920f-d9bd8a2a820c,주꼬마,93,1
4851,38153a10-6782-11f0-958a-a1ef21446339,하와이,93,1
4851,372a8620-67e9-11f0-966a-9ddfc9fc7a33,가온방글,93,1
4851,362e4a30-6aba-11f0-9a7f-e32704d17198,빛날형씨,93,1
4851,34989680-692f-11f0-ae8c-db603dd8bb9d,뭅뭅,93,1
4851,339d1030-63e4-11f0-89b8-61a649941dd1,전등수리공,93,1
4851,2d9d4310-64b3-11f0-8340-854878e1c5cf,쥬까,93,1
4851,2bb30850-65fd-11f0-8cbe-319b644384b7,영트,93,1
4851,2ba61680-66ee-11f0-abbe-1b148ce1c918,pino,93,1
4851,2ac2e5d0-64a6-11f0-8dc2-b1d7780ea280,염옥,93,1
4851,28e5a370-6a0e-11f0-9adb-01ec0e539aaf,킈킈,93,1
4851,2353dad1-6581-11f0-abea-2d9e1aed9d17,풍신수길,93,1
4851,21f91c60-643a-11f0-93b5-9bbe54f3643d,마타하리,93,1
4851,214694c0-6578-11f0-9b02-9934e4aaee80,호홍옹,93,1
4851,20619110-63b9-11f0-8465-f716200b7246,써기,93,1
4851,203ddb30-6463-11f0-8670-973d055b2505,왓더,93,1
4851,1fc52020-6510-11f0-a092-cfb4e8946e57,라떼815,93,1
4851,1e5eaa60-6233-11f0-8510-f70fc2d13c3b,한우불고기,93,1
4851,1a145f30-6a86-11f0-97df-4b76eb1e1edb,만찐두빵,93,1
4851,16a523e0-65b6-11f0-8de7-713c959a95d8,민혁미소0811,93,1
4851,1543e090-63d1-11f0-b588-ef802df6a6c0,미소사랑,93,1
4851,1521d340-63c9-11f0-bb86-97bdb11e4eed,경복,93,1
4851,144391f0-63ad-11f0-b7af-c9aa5877d7e6,철민업,93,1
4851,1442f430-6285-11f0-bcbb-714564b525f4,소울소소,93,1
4851,0dcba6a0-6c27-11f0-aed5-0bf4d0a3552b,도로동동,93,1
4851,0b7b1bb0-6d3f-11f0-9497-07950a6b2df0,roki,93,1
4851,0b01ca20-6485-11f0-88df-d3a420181cc9,이은해의수영교실,93,2
4851,0a92b5d0-622e-11f0-aa91-9b126fa90fce,곰훈잉,93,1
4851,0788de10-6327-11f0-86ae-09614a5b454b,kkyyuu,93,1
4851,073a2270-6a25-11f0-a0bd-d7139a11b28b,카틀린,93,1
4851,0037abd0-6856-11f0-9858-4f568ed316af,허재배텨됴,93,1
4993,ff565340-6b18-11f0-b431-c1779ea5d7f1,ground,92,1
4993,fe7eef30-633a-11f0-9eba-319c3c5b72eb,횟집사장,92,1
4993,fd33e850-67be-11f0-8095-01730df73963,싱글너구리,92,1
4993,fc39dcc0-63e0-11f0-b6e0-95710897614e,tjdzmak,92,1
4993,fb663e60-6246-11f0-9224-eb6b2b2ecb55,유힛,92,1
4993,fb4917f0-6ae2-11f0-b538-6192b34d2599,린쟈오밍,92,1
4993,f977b400-64e7-11f0-920f-d9bd8a2a820c,키누,92,1
4993,f688e8e0-6ac3-11f0-aa73-c544fd48d310,삼비1229,92,1
4993,f52c4350-69f8-11f0-87cd-13cc90e29527,쓰리큐,92,1
4993,f39c3b10-6914-11f0-9163-9b37cd4f63ff,하트는파랑,92,1
4993,f21d0280-62dc-11f0-971e-0d9306189309,닉네임없어요,92,1
4993,f0b47e20-6ab9-11f0-aa73-c544fd48d310,아지니,92,1
4993,f0497df0-65f0-11f0-b713-4926dfac7d29,투투네,92,1
4993,ee9228d0-63b2-11f0-9b10-25f9ca8a7a53,라퓨,92,1
4993,ee624ed0-6529-11f0-8799-a56030339d38,연두부,92,1
4993,ee349c70-6708-11f0-8f88-4583aca29e09,도세,92,1
4993,ea993e60-6b07-11f0-9bbd-13cb7f6920ac,사나이길호,92,1
4993,e62cfab0-63a0-11f0-b218-57e8388ada3f,vinwoo,92,1
4993,e5b2c280-6c70-11f0-92f8-0b0dfcc0c41e,김상,92,1
4993,e57a1670-6b98-11f0-9c95-f327c861b311,승진아빠,92,1
4993,e4ac5310-642d-11f0-877d-c952436514c7,모찌동생구찌,92,1
4993,e4327210-6483-11f0-ae38-872b2910783a,윌e,92,1
4993,e2624ac0-6427-11f0-877d-c952436514c7,피빛레이,92,1
4993,e16737a0-63d4-11f0-9a87-810a40a679fa,gamzadol,92,1
4993,e0a37710-65c4-11f0-842a-f765ba4f0e5e,멍냥,92,1
4993,de610c80-6a77-11f0-b4af-bd0ab1be2018,HansAmu,92,1
4993,dc5ae9c0-68aa-11f0-bd47-cf3af6acce80,바부르스,92,1
4993,daa7f730-6779-11f0-ac22-89a616aaf971,1z1,92,1
4993,d84950b1-649a-11f0-b5c8-a523170b964a,파탄토비,92,1
4993,d7c949a0-69dc-11f0-83c1-071402a58f9d,마잔향,92,1
4993,d6e4fa60-69ab-11f0-86e2-d3a55f318685,원태인,92,1
4993,d6caab40-652f-11f0-a092-cfb4e8946e57,포우류,92,1
4993,d6454330-63b1-11f0-a583-d92497fefc21,똘보,92,1
4993,d4a92c00-62d8-11f0-8e77-0fd833fd1288,꼬질대,92,1
4993,d3188740-6293-11f0-ba61-57b32c8fdcaa,0홍길동0,92,1
4993,d10947f0-6554-11f0-aed2-e9684f688284,난더블링,92,1
4993,d06a37e0-6c9e-11f0-bf20-0950605175eb,ENS,92,1
4993,cdc10c30-641f-11f0-83ae-cb0d7c1d5c99,phyg90,92,1
4993,cca9e030-6b0c-11f0-8f4d-6330363bf47b,푸르스텔라,92,1
4993,c916cc50-6493-11f0-ac9a-af0f8e76e1fc,두리안,92,1
4993,c852d5c0-68d5-11f0-8188-61fc44a09398,화롱,92,1
4993,c83bc690-638b-11f0-9d16-bb143e847efe,칼의노래,92,1
4993,c3d1b0f0-6323-11f0-8178-d365b3cc7cb0,로망스,92,1
4993,c33b46c0-6246-11f0-9c23-457fcdeb3714,고거,92,1
4993,c2ca6ad0-652b-11f0-85dd-2db918fca576,lexus,92,1
4993,c228a280-68ce-11f0-bf27-69600f7373fa,할로윈,92,1
4993,c212a020-6405-11f0-a684-2b9cd36018bc,도낟,92,1
4993,c004c520-64bd-11f0-bac8-c1efd8a8ec20,코인셔틀,92,1
4993,b9eb4170-64bb-11f0-a3f5-7917fe6f3bcc,다다라미,92,1
4993,b8c56170-627e-11f0-9eb5-cf396344702c,세미남,92,1
4993,b8a50a10-63f0-11f0-a3cc-cd3c8793a2eb,푸틴,92,1
4993,b6cb5240-6778-11f0-a4ec-690d7582a6d9,조르망,92,1
4993,b517b1e0-6b75-11f0-b12d-131ac73060ee,Y20,92,1
4993,b1773c70-62cb-11f0-b252-a1a047cc5cf1,독산왕,92,1
4993,b16a2a10-623c-11f0-939e-157038911130,쿰마잉,92,1
4993,b0883100-6359-11f0-9eba-319c3c5b72eb,장난감,92,1
4993,aef70f00-66a1-11f0-b773-3151e51f2be7,종윤백,92,1
4993,ae383790-644b-11f0-8944-5327091948db,미르정,92,1
4993,ae0994a0-63d6-11f0-a9da-8b915b889dd4,용구D,92,1
4993,a9d1a450-6236-11f0-b669-bf2d1b52708a,이방윈,92,1
4993,a96a9390-6c46-11f0-bc19-b33bd18d191e,미뷰,92,1
4993,a9225e40-6246-11f0-9ca6-b18ea4730904,부산,92,1
4993,a8a7e130-62c1-11f0-a53e-f720860fcc8a,재만,92,1
4993,a87e74e0-681f-11f0-a432-f5a269c347d6,jjiru,92,1
4993,a29ff470-62e5-11f0-8567-d9cb9900f794,응철이,92,1
4993,a1d6dc90-63ec-11f0-a934-37f97c3285aa,재림1,92,1
4993,a1be77d0-6587-11f0-b772-ef8c8999ed1d,시리즈,92,1
4993,a0a8a250-63d7-11f0-a68a-1f47317284ca,JIAN2,92,1
4993,a01cab90-624e-11f0-8535-59b53ff152b7,떵길떵,92,1
4993,9e5ac6f0-62b4-11f0-bf6e-91ab11ffb732,투타,92,1
4993,9c0d36b0-6423-11f0-83ae-cb0d7c1d5c99,어쩌구리,92,1
4993,9b3938c0-662f-11f0-808a-8543e0be7fc0,빵상,92,1
4993,9aba2a90-6246-11f0-86ad-5de35a576cc5,제일표류,92,1
4993,978cebf0-67d7-11f0-9fdd-c1c8d6473861,빛빛,92,1
4993,956af250-6a74-11f0-b8c3-31d76e99096b,sbs,92,1
4993,90fd34d0-6c1d-11f0-aed5-0bf4d0a3552b,윤서,92,1
4993,8e44df50-696f-11f0-bc56-3d09b4cf96b9,엘르몽,92,1
4993,8de1c4f0-6312-11f0-8d40-dfc9f921e722,몬스터즈,92,1
4993,8c619ff0-6296-11f0-ac49-e9bf5bf498db,먹쏘,92,1
4993,8b194fd0-6246-11f0-9ca6-b18ea4730904,이웃집아재,92,1
4993,8b0f17d0-64d1-11f0-846f-13edae8f7606,우로롱,92,1
4993,8a5ecf90-639d-11f0-929e-756b01201a20,PK악녀,92,1
4993,89cbe760-6a8d-11f0-b350-274e47244e62,전자램지,92,1
4993,88566860-62cc-11f0-b252-a1a047cc5cf1,셍스,92,1
4993,861af0e0-6adb-11f0-887f-c18cdf79257d,승짱,92,1
4993,84a2be10-6b02-11f0-805b-b77f679ab7b8,무무한재무무,92,1
4993,82850780-650a-11f0-a092-cfb4e8946e57,lyslhj75,92,1
4993,81247dc0-62f4-11f0-92ac-314c0362ec06,k드레곤k,92,1
4993,808b87e0-644e-11f0-9a7f-07d3d9b1e362,안가오리,92,1
4993,806d0d90-6b58-11f0-b12d-131ac73060ee,아부지무쌍,92,1
4993,7ff9f9c0-67d1-11f0-a86b-6be161d85452,나내,92,1
4993,78d935e0-6306-11f0-b7c2-5907d7ac5d60,기록,92,1
4993,751b4c80-6c67-11f0-9432-a3d766c22d4f,네몽,92,1
4993,74b4bc70-688b-11f0-94ab-6f650ffc2d4c,제이아버님,92,1
4993,7382eec0-644f-11f0-8944-5327091948db,예방,92,1
4993,71549b80-63eb-11f0-9996-537761cc5624,선왕,92,1
4993,6d127110-6b56-11f0-8113-eb4cb292d581,화난파,92,1
4993,69fa8ac0-6a3a-11f0-aa12-87d63b24aefd,창세,92,1
4993,69ba0730-68f9-11f0-bf27-69600f7373fa,산신령,92,1
4993,6776d3b0-6474-11f0-a8d6-9514efa5ade9,상큼소마,92,1
4993,66be8180-6306-11f0-af00-9b7f567d02d1,요요,92,1
4993,641bba60-67ac-11f0-a86b-6be161d85452,호호당,92,1
4993,60216010-626e-11f0-97b4-198e3a6088ef,SANGHYUN,92,1
4993,5f150a60-6385-11f0-8524-f3516e31896c,파괴왕,92,1
4993,5afeaef0-651e-11f0-8799-a56030339d38,밤빛,92,1
4993,5a3e3160-67cc-11f0-9087-f9ad8d76b235,다의,92,1
4993,5a174ce0-64b5-11f0-a6aa-35aaf5473bd5,크라하,92,1
4993,57fb02d0-68b6-11f0-b6e5-1f4abc2a195f,c세상참,92,1
4993,56f4e720-6258-11f0-a7b6-cf18c18dd85f,유랑자,92,1
4993,54289500-64fb-11f0-b0f9-9b13bf283379,언준식,92,1
4993,526e2710-62c7-11f0-a53e-f720860fcc8a,일하,92,1
4993,4f77c300-638e-11f0-af0a-c7f1ec9b05d8,김만득,92,1
4993,4e7f43e0-61ba-11f0-b43b-a774e074af18,가나긴,92,1
4993,4defb490-6c6f-11f0-b06f-1bb3858adc4b,비뢰,92,1
4993,4a5e7660-66af-11f0-bbca-cb910a6526e3,정인,92,1
4993,4978c290-6444-11f0-9441-5df9253b0f52,VIP훈,92,1
4993,4878c1e0-63fb-11f0-877d-c952436514c7,깐슨,92,1
4993,45a0bb40-6251-11f0-9389-bdd3075e1ab8,댐버거,92,1
4993,45509870-69f1-11f0-87cd-13cc90e29527,바람의아들님1,92,1
4993,43123270-6515-11f0-8799-a56030339d38,백산,92,1
4993,3f58dfb0-6a12-11f0-9adb-01ec0e539aaf,권동근,92,1
4993,3ea750d0-661e-11f0-98c0-d9f4fe5058f5,벼리아빠,92,1
4993,3c980e90-65cb-11f0-88d3-6b11b515d6cf,가빈,92,1
4993,3a7ac4f0-6a8e-11f0-a3f5-b7808f7fb4b1,슬라임입니다,92,1
4993,39b5c550-69e0-11f0-81d8-d75e58d916af,뽀오,92,1
4993,3832fb50-6ba0-11f0-8c9a-79a0bf43ebd1,표식,92,1
4993,3554b230-693d-11f0-9052-8d763cf66f7f,AR,92,1
4993,34c78660-6237-11f0-a4d9-ed99b7326b21,겸장군,92,1
4993,34a852b0-6c08-11f0-b3a4-bdd7aa4d5379,투왕,92,1
4993,3187a7b0-6376-11f0-9051-75d579d0c5ea,혈응신마,92,1
4993,315d3810-6923-11f0-bb85-e56e3f9b33fd,룰루랄라12,92,1
4993,306ad2d0-6a15-11f0-83c1-071402a58f9d,도랐,92,1
4993,2fab5630-69cf-11f0-9416-6d61d44d7bd3,창실,92,1
4993,2d27fb30-6433-11f0-9143-05b731683243,홀리몰리쉿,92,1
4993,2bc732d0-62ab-11f0-b038-1df969c0d9a5,경성38,92,1
4993,2b5ba860-646f-11f0-b0c9-6de2080023ec,신나쏘,92,1
4993,2a025e50-648d-11f0-9e55-714c36f08739,천상애상,92,1
4993,269ed520-63d6-11f0-9a87-810a40a679fa,땡초당,92,1
4993,23ec9ac0-6826-11f0-85ae-1b2e238b5ca7,백랑현,92,1
4993,23cc5d20-6919-11f0-9163-9b37cd4f63ff,라지훈,92,1
4993,235d0da0-6b97-11f0-b12d-131ac73060ee,실땅님,92,1
4993,22ab8ed0-63be-11f0-a06c-a18ad4eb2f25,벌쳐,92,1
4993,222f5910-6241-11f0-9b9e-13c7a7dd6c88,설길동,92,1
4993,20d1a9a0-68eb-11f0-b6e5-1f4abc2a195f,조운z,92,1
4993,1fe5de60-632a-11f0-ba6d-31d76c70e10b,sjwjsoqo,92,1
4993,1f973fc0-68e9-11f0-a559-7966cc3307d7,하모하모,92,1
4993,1e13d640-68f8-11f0-bf27-69600f7373fa,치우1,92,1
4993,1df05230-6757-11f0-a764-331beb7dec8b,순두부찌개,92,1
4993,1a64d810-6834-11f0-8e20-252956b544de,치즈크러스트,92,1
4993,19a0bf60-6a92-11f0-9b9a-dfc16842ed10,니트로,92,1
4993,162ce5e0-6522-11f0-8799-a56030339d38,뇸뇸,92,1
4993,16176fa0-6773-11f0-bd87-336f0aebd1bd,페닌슐라,92,1
4993,144ccbd0-63d0-11f0-abb7-a9ce434bbe2b,떵두부,92,1
4993,13c7c6a0-6bce-11f0-8c06-a7a944ebaa41,감흥패,92,1
4993,12ace540-6311-11f0-abe8-09c261bd0e21,땅꼴레미,92,1
4993,117cc970-6621-11f0-9f65-7d8e31a7ca23,정세웅,92,1
4993,113342e0-6b3b-11f0-87b1-556bf1160bd2,지민이,92,1
4993,0f1a8fa0-6c39-11f0-ab97-2954eb0e98ce,withyj,92,1
4993,0e5c9290-65b1-11f0-b5ae-9f72a71a5588,Zoey,92,1
4993,0b575270-623b-11f0-939e-157038911130,toos,92,1
4993,0a490f50-6302-11f0-a53e-f720860fcc8a,자세교정요정,92,1
4993,09162c10-62eb-11f0-a53e-f720860fcc8a,백귀,92,1
4993,08d58a10-6ac1-11f0-b350-274e47244e62,울트라류,92,1
4993,07c61430-6492-11f0-a086-85e9f4d94fe9,안녕하세여,92,1
4993,07afe2f0-6528-11f0-8799-a56030339d38,우히히,92,1
4993,052a7a60-6495-11f0-91af-e789610f26b8,GOB,92,1
4993,0474fd80-64cb-11f0-89c4-91955faa19a3,죽마고우,92,1
4993,032bf890-69f6-11f0-83c1-071402a58f9d,시외버스S,92,1
4993,023b8ed0-64f8-11f0-920f-d9bd8a2a820c,심청이,92,1
4993,00a32f00-629c-11f0-9eb5-cf396344702c,용호취,92,1
5163,ff8837e0-63f5-11f0-acbf-1d9f838efc8f,와이라노,91,1
5163,ff6e2c60-6ae9-11f0-adf1-352afe5db30b,오잉송,91,1
5163,fe2cdbc0-6333-11f0-9eba-319c3c5b72eb,데브,91,1
5163,fc429ad0-649a-11f0-b5c8-a523170b964a,tele,91,1
5163,f99999c0-689e-11f0-9cdb-c1c00ca40d25,마이세나,91,1
5163,f87d5660-62e2-11f0-971e-0d9306189309,oxo,91,1
5163,f81c2850-682c-11f0-9ba8-c573e475cb25,우유에단팥빵,91,1
5163,f7c3d030-64ec-11f0-89c4-91955faa19a3,형치방,91,1
5163,f707e5c0-6977-11f0-bd0c-c3e4cbda7988,하양동이,91,1
5163,f705a4f0-62aa-11f0-a53e-f720860fcc8a,강박보,91,1
5163,f62c2100-646f-11f0-a8d6-9514efa5ade9,미션해결사,91,1
5163,f21cb150-63c1-11f0-9353-8773ba2d9d98,sul,91,1
5163,ed310a50-69d5-11f0-9416-6d61d44d7bd3,핑크판다,91,1
5163,ec9fb620-644b-11f0-9a7f-07d3d9b1e362,IBRS,91,1
5163,ec6628b0-6581-11f0-aa71-8dc1a82ba9d7,로베르또,91,1
5163,ec351c50-62bd-11f0-a53e-f720860fcc8a,난설,91,1
5163,ebbe3200-6ae9-11f0-81c8-df68c1af4b53,히차이,91,1
5163,eb2e9280-69f4-11f0-9ccf-efc03aeeda2b,스키로스,91,1
5163,ea251c10-6a94-11f0-8032-c32c225a07c5,아란시오,91,1
5163,e9bb5610-6bfa-11f0-87eb-690ec7d4dfe2,휘야랑,91,1
5163,e8a84d20-61ee-11f0-b3c7-a9c53be5027c,이걸확,91,1
5163,e87b2530-6729-11f0-a3b5-cb7d513a283d,리오에,91,1
5163,e7579a30-63af-11f0-a58b-f92992047423,hyuny,91,1
5163,e7371d50-6585-11f0-aff4-db0d61529086,WCK,91,1
5163,e7049551-6248-11f0-a923-e5c378e4162f,매소아치,91,1
5163,e6fc7920-6ac6-11f0-aa73-c544fd48d310,여루린,91,1
5163,e6747a20-6a26-11f0-9602-81ee37d26bd9,페러독,91,1
5163,e3d5d9b0-64b0-11f0-a07e-5fb875f280ac,ratswen,91,1
5163,e1d52d70-6c60-11f0-8009-99d4c032fe19,요동정벌의꿈,91,1
5163,e0eb2f90-6431-11f0-83ae-cb0d7c1d5c99,아르테르,91,1
5163,e07f9a80-6929-11f0-9b18-9ff54e9ee655,alwnd,91,1
5163,dfd9e8b0-65c8-11f0-8816-3fe71c9e2f15,더쵸,91,1
5163,de6fef20-678e-11f0-bb20-11ad96385100,모수,91,1
5163,de3296a0-6c31-11f0-9d81-e7c0c7be48b2,쥐니야,91,1
5163,dd219d20-6ac3-11f0-9ebc-25f4c2b0a5e6,까메오,91,1
5163,dcf66260-64b8-11f0-8b02-21e8a51b3133,나디이디,91,1
5163,dcd348c0-62f1-11f0-be58-8570b5052512,게장,91,1
5163,dcbe5ab0-6bc4-11f0-8a8f-27115ddc2d8b,OTL,91,1
5163,dc5aaa80-64ab-11f0-b5c8-a523170b964a,감자아부지,91,1
5163,dbcc77c0-6a9f-11f0-b350-274e47244e62,검은우유,91,1
5163,db8ffe30-6671-11f0-8d91-67464caa9884,MHGS,91,1
5163,db095010-69f5-11f0-83c1-071402a58f9d,왕푸,91,1
5163,da048f70-6501-11f0-846f-13edae8f7606,나일블루,91,1
5163,d90194f0-636d-11f0-899c-ed58ed9d92cb,O식이,91,1
5163,d8afa580-66bc-11f0-9bdd-e11867fc3a11,리나72,91,1
5163,d77d70e0-6b0b-11f0-8f4d-6330363bf47b,유디티,91,1
5163,d76c9e50-6534-11f0-a092-cfb4e8946e57,쵸코쿠키다,91,1
5163,d6003af0-6461-11f0-8670-973d055b2505,이화령,91,1
5163,d5582930-6463-11f0-b9a2-71a70b35ee88,Ju,91,1
5163,d34050c0-6597-11f0-aff4-db0d61529086,척장군,91,1
5163,d2244300-6221-11f0-9b80-6dacbd1dec23,롱롱,91,1
5163,cd686d70-6436-11f0-9143-05b731683243,유의태,91,1
5163,cd5d5b20-6a2f-11f0-81d8-d75e58d916af,김키루,91,1
5163,cadca4b0-6c95-11f0-aa8a-97bab73273a7,허생,91,1
5163,c97ebd30-6554-11f0-a37f-b346b9412b7f,바유,91,1
5163,c74e86f0-6b0b-11f0-bb12-2fec1548f0a3,도미,91,1
5163,c74a9a60-675d-11f0-9781-a1ca424a0fcd,워녀기,91,1
5163,c715ea70-69fd-11f0-9ccf-efc03aeeda2b,일병유은후,91,1
5163,c6e4eb10-66aa-11f0-9e29-bb739ed9109b,두두부,91,1
5163,c28a5460-6506-11f0-ada0-5d42ab9007c0,휠라댄스,91,1
5163,c1c68db0-63de-11f0-b6e0-95710897614e,낱륨,91,1
5163,bec34c40-61cf-11f0-94d1-0d70694c9e17,ENV뚱이,91,1
5163,be759e80-6af0-11f0-a78d-8d7d319cdb7a,아슈크림,91,1
5163,bd1fe3b0-6307-11f0-ac70-a708c19ff45f,검샤,91,1
5163,bc3a0c50-6901-11f0-9ae7-91cf7169e2c4,뇽밀레쿠,91,1
5163,bb2762e0-6848-11f0-b297-a75635c318ec,한국사초보,91,1
5163,ba84e030-676a-11f0-ac22-89a616aaf971,찰리박,91,1
5163,b98e6501-6b09-11f0-9bbd-13cb7f6920ac,니가쏘냐,91,1
5163,b86302f0-6b8e-11f0-ade8-c73a2a775495,얌생이,91,1
5163,b6e16d00-6b83-11f0-9bf5-1b7989d94037,솔트,91,1
5163,b4745b30-6c60-11f0-bdaa-ad27fd640cb0,윤씨표류기,91,1
5163,b449e140-6a1a-11f0-81d8-d75e58d916af,달밭,91,1
5163,af2c42c0-6312-11f0-b218-43a24c54b5c1,나레나,91,1
5163,ae9357a0-6974-11f0-b533-e5c77c7b5978,청은리,91,1
5163,ad4dd600-68c9-11f0-a559-7966cc3307d7,채내,91,1
5163,aca6c770-6a04-11f0-87cd-13cc90e29527,찌야,91,1
5163,ac9efcf0-642a-11f0-a3ab-515b7dbdbb4f,불고기버거,91,1
5163,ab515f40-6ce6-11f0-a7a3-55c3beebb1fc,창천검호,91,1
5163,aa939d30-6b28-11f0-8f4d-6330363bf47b,김치찬치만두,91,1
5163,a9e8c950-6b4b-11f0-825e-3b1b25d50577,덩꾸,91,1
5163,a96a3680-6c27-11f0-9d81-e7c0c7be48b2,제시켜알방,91,1
5163,a8c2ace0-6258-11f0-85ab-834eae295807,민주당,91,1
5163,a6be8b90-6270-11f0-ba61-57b32c8fdcaa,됴또장군,91,1
5163,a686a060-670a-11f0-8f88-4583aca29e09,summer,91,1
5163,a4dd35b0-69f5-11f0-81d8-d75e58d916af,조훈,91,1
5163,a368c710-6574-11f0-bd18-ef999b45db65,크다,91,1
5163,a2763c30-65e1-11f0-9d21-a5a045fe4d3d,쭈빠쭈빠,91,1
5163,a2727980-645e-11f0-baaf-45c3a00048ee,내가조선의돼지다,91,1
5163,9f2154c0-6ad7-11f0-a5d2-4bd7192c2f94,김태섭,91,1
5163,9de9b180-694a-11f0-9052-8d763cf66f7f,오만원,91,1
5163,9dcd2910-68ab-11f0-bd47-cf3af6acce80,수수부꾸미,91,1
5163,9d1e68d0-6545-11f0-b8dc-e3660ae75e14,다영아851,91,1
5163,9c38ed80-6687-11f0-abb5-870e6167c30c,파워냉방틀어,91,1
5163,9b294060-6aa7-11f0-a3f5-b7808f7fb4b1,무적란닝구,91,1
5163,98be0ac0-636a-11f0-97d7-efff12aed0ab,백깜,91,1
5163,96ec75e0-6619-11f0-8af8-af83b80f6378,둥실구름,91,1
5163,94fc7c10-6cc4-11f0-a3aa-53b108aed5e1,망고우유,91,1
5163,946e36b0-62bc-11f0-b78d-9fbbdf7f23fb,보미,91,1
5163,92f9e060-6323-11f0-9fee-09553d9e5ad3,세윤아빠,91,1
5163,92828220-6aa5-11f0-97f1-7fc07927d956,비소중,91,1
5163,918e93f0-682e-11f0-9ba8-c573e475cb25,승하아빠,91,1
5163,8ef5cbf0-68c3-11f0-8188-61fc44a09398,황범구,91,1
5163,8e0659d0-69ea-11f0-87cd-13cc90e29527,사린,91,1
5163,8df3aef0-6636-11f0-a866-3f8496b72722,조조0,91,1
5163,8cce75e0-64e3-11f0-920f-d9bd8a2a820c,트래블러,91,1
5163,8c2f8fd0-657d-11f0-9ce3-753b6fa7bc9e,조운자룡,91,1
5163,8aa33650-63c3-11f0-99a0-f791fadc47f8,hj419,91,1
5163,8a8113a0-693a-11f0-9052-8d763cf66f7f,별의백금,91,1
5163,8a50ae90-6539-11f0-bf88-f5c7f77ee584,늘솔길,91,1
5163,89bf9600-6b77-11f0-91ca-cf5b24805095,이맹즈,91,1
5163,89a8c920-61f4-11f0-b3c7-a9c53be5027c,붉은여우,91,1
5163,89443500-6b36-11f0-a851-431b2739e719,블루라벨,91,1
5163,87e57d20-67b9-11f0-a86b-6be161d85452,Moo봉,91,1
5163,873b35f0-6812-11f0-bb71-090a139da64b,온조왕,91,1
5163,868f3390-6a38-11f0-aa12-87d63b24aefd,나믹스,91,1
5163,85fcaa50-68f5-11f0-a8f9-552003805e1b,과제,91,1
5163,832b8000-63b2-11f0-8d07-390a61232108,이타도리,91,1
5163,8322eda0-6759-11f0-a25c-47a5a693b30a,아리리,91,1
5163,8321d270-64b7-11f0-8446-43910c46e338,김치찌개아저씨,91,1
5163,830d39a0-6462-11f0-b9a2-71a70b35ee88,김정권,91,1
5163,80ac5340-6c86-11f0-bb12-f394c5e7b677,시온스,91,1
5163,7ec534f0-638c-11f0-ba89-97e34f8744a2,동네형,91,1
5163,7d4bb070-64a1-11f0-b5c8-a523170b964a,ramir,91,1
5163,7cef5640-6249-11f0-8731-517e16b3676b,천인화,91,1
5163,7c8dcbb0-67e3-11f0-a86b-6be161d85452,메론,91,1
5163,7c53ef50-6bba-11f0-b8cd-41a3c22adc5d,칙준경,91,1
5163,7bcede80-636f-11f0-ba6d-31d76c70e10b,펌사,91,1
5163,7ad91830-6822-11f0-866d-112a867bb82d,랑디,91,1
5163,7a9b17a0-6afd-11f0-bced-d3f5c44f2ab2,보상윤,91,1
5163,7a076be0-6657-11f0-96fa-990fd0c2f326,새벽2시,91,1
5163,79b33980-6bca-11f0-bbec-d73ff901d46b,레인티,91,1
5163,773f5ca0-6c75-11f0-8acb-a35784198e45,김기현,91,1
5163,770b5980-6510-11f0-afd9-8f1849e7eb08,공주사랑,91,1
5163,76fd5750-62c1-11f0-bf6e-91ab11ffb732,홍사자,91,1
5163,769248c0-6a7d-11f0-85f9-a3d61f2a1d35,와카타우,91,1
5163,7661f4e0-6375-11f0-9eba-319c3c5b72eb,어둑서니,91,1
5163,75f2fd30-6477-11f0-9e27-35530581f5ae,바뚱,91,1
5163,74821e10-6385-11f0-b6f5-df7d29cfa051,두령,91,1
5163,72448830-62d7-11f0-9c24-8759283485c0,막땡이,91,1
5163,6f475f70-65e5-11f0-9981-a5439162f975,민봇브레이커,91,1
5163,6d3e0940-6595-11f0-8ee0-7fdf94bcc26c,다현파파,91,1
5163,6acd2cf0-656c-11f0-9b02-9934e4aaee80,암흑룡,91,1
5163,6a79b9f0-67d6-11f0-94ab-5f89cfc3201f,야누,91,1
5163,6a01fb40-6a2e-11f0-9416-6d61d44d7bd3,하12,91,1
5163,69cad690-6508-11f0-a092-cfb4e8946e57,쯔잉,91,1
5163,69ca1a30-6a61-11f0-b7a5-333dfc345c53,망고트리,91,1
5163,6956c110-6652-11f0-96fa-990fd0c2f326,다희온,91,1
5163,69533200-6c0d-11f0-aa6f-13c95d30e456,크산테,91,1
5163,6911b190-6cd0-11f0-aef0-8567de5b5272,넣을게,91,1
5163,68647a10-67cc-11f0-9087-f9ad8d76b235,토너,91,1
5163,685bc260-6238-11f0-853f-4567daacb8e8,쏘히,91,1
5163,6804c7a0-68ad-11f0-bd47-cf3af6acce80,야옹2,91,1
5163,674bdca0-6b86-11f0-b12d-131ac73060ee,악동포비,91,1
5163,64736870-6458-11f0-8b4d-01ccbaf92ff4,윤표류,91,1
5163,6408f900-6628-11f0-ba0e-5d9d6daabc7d,솨솨솨,91,1
5163,6325afc0-6479-11f0-934d-3b333a678e8e,홍콩,91,1
5163,63167e70-6964-11f0-9c6c-658573885763,심토,91,1
5163,61d9bea0-6c57-11f0-ba2c-4f8d906a7937,사냥,91,1
5163,615fcd10-632a-11f0-97dc-3bef14b56cfa,dndjfj,91,1
5163,5e7aa370-6467-11f0-9e27-35530581f5ae,프롬비,91,1
5163,5d2bcc70-6ae2-11f0-a5d2-4bd7192c2f94,챠루부각튀김,91,1
5163,5cf8d290-6b03-11f0-ab25-6949cda751e5,STARLION,91,1
5163,5c04fcb0-63b0-11f0-bbdf-4720f039de06,조은준,91,1
5163,5b1fefc0-67d5-11f0-9fdd-c1c8d6473861,인드라,91,1
5163,5a0f7660-6441-11f0-ba71-3bee03d792ae,사월아,91,1
5163,59b8f2d0-6aa0-11f0-b350-274e47244e62,호위무사,91,1
5163,599de540-6504-11f0-846f-13edae8f7606,루마인,91,1
5163,57741090-6208-11f0-b6b8-890977889e3d,김보롱도령,91,1
5163,5685d790-62da-11f0-a53e-f720860fcc8a,김용,91,1
5163,56164ff0-6466-11f0-baaf-45c3a00048ee,비르,91,1
5163,55a193a0-6d02-11f0-b0d7-0b3415ac89fb,샹그리아,91,1
5163,557a23c0-6365-11f0-9145-a52c50a03179,태조단군,91,1
5163,5532e062-6d0f-11f0-9497-07950a6b2df0,퇴치하자,91,1
5163,5427efb0-63b1-11f0-8d07-390a61232108,우르르,91,1
5163,519c1c80-6334-11f0-899c-ed58ed9d92cb,시문아껴주기,91,1
5163,508e5130-6390-11f0-8ad1-495afdf38cf0,곰뚱,91,1
5163,4e4e3800-650b-11f0-998d-6361b2224259,존버쿠,91,1
5163,4e0cd320-6514-11f0-b0f9-9b13bf283379,꼬라후니,91,1
5163,4da5d911-6837-11f0-b297-a75635c318ec,김시그,91,1
5163,4b431450-69c0-11f0-86e2-d3a55f318685,길몬,91,1
5163,4a05f3c0-68ec-11f0-b6e5-1f4abc2a195f,화창한여름,91,1
5163,49ccfe90-6a4e-11f0-b8c3-31d76e99096b,풀무원,91,1
5163,49580ac0-67df-11f0-8812-73bb8ef7c9b8,대탈출,91,1
5163,48a3deb0-6cfd-11f0-b16a-59affbdabbf5,힘들다앙,91,1
5163,488cf8f0-6576-11f0-a977-21ea2091af0c,든든참새,91,1
5163,481eaf10-689d-11f0-a753-a3b70769e1e5,성린,91,1
5163,47699600-6bb5-11f0-a8af-f73a307a4a56,그대웃어요,91,1
5163,468ab3b0-63de-11f0-981c-6918ebc09e55,소심대장,91,1
5163,45f1f160-6858-11f0-8565-f911fd9ea35c,이오몽이요,91,1
5163,44b1a210-6a2d-11f0-81d8-d75e58d916af,삼사34,91,1
5163,4307d880-6370-11f0-a70b-97528033efd5,나용,91,1
5163,41bc6860-6834-11f0-9761-51cebb951ef6,Caribe,91,1
5163,40389c70-65a0-11f0-9b02-9934e4aaee80,김윈터,91,1
5163,3f34c0c0-63ce-11f0-8f11-17371de17e69,SHINE,91,1
5163,3d71b520-64ac-11f0-87c5-cfc271183eec,migggggg,91,1
5163,3d46eb60-6add-11f0-81c8-df68c1af4b53,나이s,91,1
5163,3cfdcc30-6963-11f0-8a8c-e705cbe6ed4d,용용2,91,1
5163,39f092b0-6301-11f0-af00-9b7f567d02d1,참붕,91,1
5163,38fbd050-649f-11f0-a845-496ab271568b,아스퍼,91,1
5163,37d77840-6847-11f0-a736-0315241e3fd2,천사현,91,1
5163,36c1a440-654e-11f0-a7be-5f023c2b8ec1,페라리,91,1
5163,35c55140-6c51-11f0-a3ef-6d506d6cef1e,다우닝,91,1
5163,348e1d60-63d8-11f0-b0c8-0be5c747fc57,buil2,91,1
5163,31a98d60-630f-11f0-8d40-dfc9f921e722,Zombye,91,1
5163,30ac5470-66fb-11f0-94fd-bd0b371894b0,프리하르미,91,1
5163,2f4356d0-6393-11f0-b91f-cbca55a9af76,영도갈매기,91,1
5163,2e631740-6b5a-11f0-86f8-699bf7338d9b,율공쥬님,91,1
5163,2e546050-63fe-11f0-83ae-cb0d7c1d5c99,투시니,91,1
5163,2c80dfb0-6a1b-11f0-83c1-071402a58f9d,쇼메이커,91,1
5163,2ace1fb0-6251-11f0-a7b6-cf18c18dd85f,강둥,91,1
5163,26922a90-6adf-11f0-b538-6192b34d2599,정후니라,91,1
5163,251556c0-6aac-11f0-9a7f-e32704d17198,흠냥쩝,91,1
5163,242f4250-62f2-11f0-8bbd-736bcbd48573,융희,91,1
5163,23726b20-6267-11f0-97b4-198e3a6088ef,알동구,91,1
5163,22f91580-66d2-11f0-a818-154c93ec6594,다둥이,91,1
5163,22c682b0-6b86-11f0-aea3-e1db4ea82c97,히스님,91,1
5163,20604840-6d1f-11f0-9497-07950a6b2df0,주늬,91,1
5163,1ec59870-6476-11f0-9203-95da192fe506,가보,91,1
5163,1e81b410-63e6-11f0-849d-3b3a1fc71a59,쫑콩,91,1
5163,1d3f4690-6476-11f0-a8d6-9514efa5ade9,뚜지,91,1
5163,1d308260-6a7d-11f0-b350-274e47244e62,왕이될상인가요,91,1
5163,1c562a70-6b9a-11f0-897e-8342d85e5dae,글란,91,1
5163,1c340930-6457-11f0-8f1e-9b9f4436b281,센디베르,91,1
5163,1bb1e630-652e-11f0-a092-cfb4e8946e57,낸내낸내,91,1
5163,1b42d8c0-6412-11f0-83ae-cb0d7c1d5c99,천마파멸,91,1
5163,1a9ce900-6508-11f0-b0f9-9b13bf283379,후니훈,91,1
5163,1867fa00-6ace-11f0-b538-6192b34d2599,심화1급,91,1
5163,184c0170-6316-11f0-8d40-dfc9f921e722,기다리슈,91,1
5163,17df7b40-6a2d-11f0-a0bd-d7139a11b28b,혀나,91,1
5163,17af1510-62dd-11f0-971e-0d9306189309,애슐로,91,1
5163,15a1a700-696e-11f0-b665-9b95c331ebe1,강한곰,91,1
5163,14639090-62fe-11f0-83c3-59e47761ce71,gyeomsan,91,1
5163,13400410-6a91-11f0-8032-c32c225a07c5,용갈,91,1
5163,10d77950-625e-11f0-807b-b56290a6427d,쿡끼리,91,1
5163,10b46cc0-6426-11f0-a3ab-515b7dbdbb4f,곡고고고고곡,91,1
5163,0f2f8b00-63e5-11f0-981c-6918ebc09e55,아기잉직,91,1
5163,0f23c130-6ba6-11f0-a8ee-130388370a16,꼬아,91,1
5163,0e88c490-6562-11f0-844a-4f48097dc8d0,lexy,91,1
5163,0d3459f0-6527-11f0-85dd-2db918fca576,서커스,91,1
5163,0ac0a720-6822-11f0-82b6-93a73aef044c,송냥,91,1
5163,09fe7d10-6aea-11f0-b19c-67c669359d64,표류중돠,91,1
5163,09c3f200-63cc-11f0-8f11-17371de17e69,일루미,91,1
5163,08c10880-6b41-11f0-a589-c5d4b08ffab1,쩌로,91,1
5163,0595d970-6460-11f0-8c15-d9d33d6e82c1,꿀물디오,91,1
5163,05117870-6577-11f0-8ee0-7fdf94bcc26c,닉짓기기차늠,91,1
5163,02177340-6b12-11f0-89ae-bb6b4e8b47bd,꼼빵,91,1
5163,00bf71c0-64da-11f0-920f-d9bd8a2a820c,쩌미,91,1
5410,ff5c4ae0-63be-11f0-a7e3-7b406ef3e8c7,지웅,90,1
5410,feda1600-63d3-11f0-aab1-5f3bbe175c3e,오자몽,90,1
5410,fe5996e0-62cc-11f0-a89f-3182c3b8adb5,강전일,90,1
5410,fb48a410-6974-11f0-bb78-9524ef5f68fb,푸락챠,90,1
5410,e0c95140-6706-11f0-a98d-f37da4145b2e,세표류,90,1
5410,d304cfd0-6c65-11f0-81d7-690af6d6066c,연디비,90,1
5410,d0692980-6466-11f0-baaf-45c3a00048ee,김주호,90,1
5410,cff34830-6611-11f0-891e-257a38e2efb7,행주,90,1
5410,cc352ce0-6710-11f0-8789-93b65809f0d3,창마,90,1
5410,cad60480-64bf-11f0-9779-d31d6e85e24e,서무영,90,1
5410,c8fffd50-6190-11f0-aa89-4bb7d106e829,인동장씨,90,1
5410,b6e399c0-6c9d-11f0-bf20-0950605175eb,디디에드록바,90,1
5410,b4aadef0-6696-11f0-a8c0-a96b3c973cc3,류설,90,1
5410,abcb6a50-69fe-11f0-9adb-01ec0e539aaf,윈치,90,1
5410,a92c1c80-645a-11f0-8df0-a9be6ca1bee2,뚱충,90,1
5410,a6d64be0-65ea-11f0-9c47-f13b98eb10e0,Lupin,90,1
5410,9bfdf2c0-62d6-11f0-9c24-8759283485c0,코리안,90,1
5410,94142650-645d-11f0-baaf-45c3a00048ee,idd83dj,90,1
5410,8473a930-675c-11f0-90d3-cb346da47371,이동규,90,1
5410,83d8c530-622c-11f0-b124-17ce52befe77,미떵이,90,1
5410,82e1b200-6c53-11f0-8009-99d4c032fe19,난세악마,90,1
5410,6f3b8ee0-6390-11f0-b91f-cbca55a9af76,우라칸,90,1
5410,6151b570-64ad-11f0-b5c8-a523170b964a,효성,90,1
5410,5f083b90-6a48-11f0-8acc-fb286914151f,금귤,90,1
5410,5e7a3690-678e-11f0-96a3-63b92fc00f1c,안산먹돌이,90,1
5410,567465d0-6b06-11f0-a101-2f71d3d479db,윤목련,90,1
5410,55eed750-6451-11f0-8944-5327091948db,사당,90,1
5410,5123f820-63a9-11f0-9b51-d36a85c863a7,진꾼,90,1
5410,50e2ee40-64ab-11f0-95b9-835a4da747ff,최평,90,1
5410,4da72930-6203-11f0-b6b8-890977889e3d,gshsu,90,1
5410,48277db0-6434-11f0-9143-05b731683243,소으니,90,1
5410,394ff820-640d-11f0-877d-c952436514c7,배우,90,1
5410,30aa7d10-6766-11f0-9e96-ff12b3c8d1f9,대한민국위인,90,1
5410,252ed910-6494-11f0-a315-5d30c4fd1c80,체이스,90,1
5410,216bc060-68e3-11f0-acc6-9fa957ae20ea,탐험가,90,1
5410,1f2bb4c0-655c-11f0-bcb8-43d28e4aad0d,똘탑,90,1
5410,0945a900-68a8-11f0-bd47-cf3af6acce80,밥익힘,90,1
5447,fb8dd8a0-630c-11f0-b4ac-230641ea7477,만개,89,1
5447,f8d1bbd0-6920-11f0-a72d-f3190f62faf5,서종민,89,1
5447,f7c7a3d0-68e9-11f0-bf27-69600f7373fa,미이틴,89,1
5447,f685f7a0-64ad-11f0-bac8-c1efd8a8ec20,rumi,89,1
5447,f442b280-63a9-11f0-bf20-b3f2ea84f71a,지dnjsl,89,1
5447,f18eea80-65d5-11f0-9498-19cab73c20ed,랙돌,89,1
5447,edc60180-698c-11f0-8b3f-73b93d01f6b0,낚곰,89,1
5447,e999c160-68e6-11f0-acc6-9fa957ae20ea,카로스1,89,1
5447,e673cf60-64ab-11f0-bac8-c1efd8a8ec20,라이츄,89,1
5447,e434e560-657b-11f0-9adf-1d806649f7f0,딤채,89,1
5447,dcae4f00-68ac-11f0-9ea1-858ee28c4119,서양사마스터,89,1
5447,db4868a0-6c29-11f0-a4ba-e76b80b49d26,도왕,89,1
5447,da9e1ec0-63ed-11f0-968a-57d5a12ffb1a,모찌짖지마,89,1
5447,d6b71310-6a9c-11f0-8032-c32c225a07c5,더스타,89,1
5447,d6011090-6238-11f0-a73e-efd8221a47bb,그루기,89,1
5447,d2c00180-6408-11f0-bcbf-2b7f0b4e55b1,잘빠지는연애,89,1
5447,d17f4250-66b4-11f0-a9a7-23125e6c6cb5,붕탱구,89,1
5447,d005c410-6959-11f0-9f3a-d936e3ed6e3a,가율,89,1
5447,ce80dfd0-6a6c-11f0-b350-274e47244e62,희박이형,89,1
5447,bf465140-6377-11f0-bb1e-abef9bb002bd,선녀444,89,1
5447,ba1b2360-63b0-11f0-92e3-51e95c97566c,밍밍부인,89,1
5447,ae055fd0-63df-11f0-b228-cfd66956cea6,난세표주박,89,1
5447,ab3c1980-6225-11f0-9b80-6dacbd1dec23,최아리,89,1
5447,a4a604c0-6381-11f0-ab9a-491699e5c818,적룡,89,1
5447,a2606520-62be-11f0-a89f-3182c3b8adb5,초이초,89,1
5447,a1b61070-64e4-11f0-89c4-91955faa19a3,하율파파,89,1
5447,99122ea0-64b1-11f0-9620-c931d5eb62ed,신봉,89,1
5447,9800a4f0-646c-11f0-934d-3b333a678e8e,돌고래민,89,1
5447,95d63900-63aa-11f0-80cd-51d54c9a50e2,난국역전,89,1
5447,944db440-693c-11f0-98af-bff80b0492c0,시비에르스키,89,1
5447,8cb51bd1-6633-11f0-96fa-990fd0c2f326,한Q,89,1
5447,8b68b720-63ed-11f0-8020-f5459965fc61,o빛o,89,1
5447,88782b70-66a1-11f0-b773-3151e51f2be7,허얼,89,1
5447,7e50da50-6473-11f0-934d-3b333a678e8e,JJC,89,1
5447,7d500470-684a-11f0-9858-4f568ed316af,콩앵이,89,1
5447,77329940-6af2-11f0-92e1-394a8ca307ec,건희무쌍,89,1
5447,76a67450-665c-11f0-8157-83c241bc6c35,골목대장,89,1
5447,75cd9490-661c-11f0-8af8-af83b80f6378,공습경보,89,1
5447,72ff4a80-6a1b-11f0-83c1-071402a58f9d,가을소리,89,1
5447,6e823050-687a-11f0-abf3-6da5b4a5c969,좌충우돌,89,1
5447,6af7bbf0-6607-11f0-a954-17a0435dde3a,oc,89,1
5447,6ac91250-620b-11f0-980a-396801ba63e1,토첸,89,1
5447,65f56ce0-634d-11f0-97d7-efff12aed0ab,매화검수,89,1
5447,65cd2e80-6b1b-11f0-b431-c1779ea5d7f1,지완,89,1
5447,650104c0-6ca3-11f0-8e36-7ff47c038c45,요빙,89,1
5447,60d556d0-6abe-11f0-aa73-c544fd48d310,고려조선제일검,89,1
5447,5f586270-6429-11f0-877d-c952436514c7,무극지존,89,1
5447,5e7e0b30-642d-11f0-83ae-cb0d7c1d5c99,도가준,89,1
5447,58fdfd50-62f7-11f0-9a8c-95ea4c8b6842,박박빡이,89,1
5447,5590a270-63e8-11f0-bb35-a50e0c11b093,Heavenly,89,1
5447,54fa92a0-6bac-11f0-a01f-e538764cd6d1,aloha,89,1
5447,528d73b0-6c2f-11f0-9d81-e7c0c7be48b2,나의자부심,89,1
5447,518f2e30-62c6-11f0-8662-8f473d3c8fd0,승용이는하남자,89,1
5447,5094fb90-63ca-11f0-aab1-5f3bbe175c3e,뀨리,89,1
5447,491bf120-62c6-11f0-b968-b15002a4efc3,히리시,89,1
5447,45d57df0-6461-11f0-8670-973d055b2505,짱짱짱짱,89,1
5447,3bac6d00-6bd4-11f0-bbec-d73ff901d46b,편지,89,1
5447,37324390-62e1-11f0-a9e2-bd6cd50a5a78,찬희,89,1
5447,356ea360-673b-11f0-b6f9-9341b272f2ff,하얀악마,89,1
5447,2ea9dac0-6337-11f0-ba6d-31d76c70e10b,라하르트,89,1
5447,2c44dfd0-66f4-11f0-b7d1-03874ae5942e,돌배,89,1
5447,26eaad40-656d-11f0-90e8-49468324a8de,페이이,89,1
5447,26819610-6b5e-11f0-86f8-699bf7338d9b,비야비야,89,1
5447,236cd910-684a-11f0-99dc-7f152e4a9527,냥냥낼름,89,1
5447,1f5d08f0-6c36-11f0-9d81-e7c0c7be48b2,양승구,89,1
5447,1753b170-6779-11f0-ab88-a5c9739f629f,한성이네,89,1
5447,13105f80-61f4-11f0-94d1-0d70694c9e17,현민,89,1
5447,0fd07e60-6b16-11f0-8f14-2f5913224acc,페퍼로니,89,1
5447,0f815750-639f-11f0-b91f-cbca55a9af76,차라투스트라,89,1
5447,0f25d260-63b6-11f0-88bb-a18293022b58,강대근,89,1
5447,0ad7e2c0-63bb-11f0-b61d-bf523f01bcd1,무니님,89,1
5447,0984a030-64aa-11f0-ac20-8734dac19833,삼계탕,89,1
5447,06a28a30-6860-11f0-9791-b9bcb3a2d4df,vulcan,89,1
5447,03879210-6490-11f0-bbfe-0d14bcd852b5,난세난세난난세,89,1
5521,feac7d60-6533-11f0-a15d-6fd1b18d9c14,발로게임함,88,1
5521,f8739240-646a-11f0-b9a2-71a70b35ee88,개소문,88,1
5521,f5c8b6a0-63f3-11f0-8ce7-05e1fc9cefd2,베어,88,1
5521,f04f6a00-6ad5-11f0-b538-6192b34d2599,희히힣,88,1
5521,ed6ffc50-65e9-11f0-ade7-832d34a76bd7,백령도엿장수,88,1
5521,ec3a1910-6233-11f0-9658-0db50d035217,앞안봐,88,1
5521,ea79ad20-626f-11f0-9eb5-cf396344702c,민트이온,88,1
5521,e860efa0-647a-11f0-9219-f9e5d8ffaccf,사시니,88,1
5521,e5e02260-6320-11f0-8e2d-0fbff2d10f0b,조저룡,88,1
5521,d75e3760-669d-11f0-80e7-c54421442f0e,heungy,88,1
5521,d0b88270-63ec-11f0-968a-57d5a12ffb1a,극락,88,1
5521,cc2fea60-6c6e-11f0-92f8-0b0dfcc0c41e,후니군,88,1
5521,ca4ec890-624d-11f0-92e7-a92a44042649,진하훈,88,1
5521,ca1e4270-6a3f-11f0-b8c3-31d76e99096b,유책,88,1
5521,c9849ec1-6221-11f0-9ed2-2327c5a1ff14,서현파파,88,1
5521,c7ccbdb0-6c76-11f0-a8de-d7173687f0b3,누누빠빠,88,1
5521,c554ede0-6489-11f0-9e55-714c36f08739,Lighting,88,1
5521,bb5f8cd0-6198-11f0-bf3e-f9dd8cb86994,Rok,88,1
5521,b59111b0-66c1-11f0-8fbf-0fdd93624d2c,천마지승혁,88,1
5521,b516fc80-692e-11f0-ae8c-db603dd8bb9d,호파파,88,1
5521,b4901400-6a04-11f0-9416-6d61d44d7bd3,샤넬곤쥬,88,1
5521,b349dcc0-6540-11f0-8246-fb47b021213a,핵감자민지,88,1
5521,b1a69100-69f6-11f0-9ccf-efc03aeeda2b,천을귀인,88,1
5521,b0ba8b50-64bc-11f0-bac8-c1efd8a8ec20,솜달,88,1
5521,ad655d20-64cd-11f0-8ef3-8dde64b39158,김시기,88,1
5521,acd79690-63d1-11f0-aab1-5f3bbe175c3e,Masterca,88,1
5521,ab907ba0-6294-11f0-ba61-57b32c8fdcaa,호정,88,1
5521,ab04f790-69b2-11f0-ae0d-6f90dae175ae,아이리스2777,88,1
5521,a5d3e460-6558-11f0-a2dc-1301c9d78046,수지떵멍충,88,1
5521,a430dbe0-68ff-11f0-9ae7-91cf7169e2c4,쑤쑤,88,1
5521,a042c2e0-66bc-11f0-81cd-1d5dd8123af1,아단,88,1
5521,9e6a5750-62b4-11f0-bf6e-91ab11ffb732,사이다요정,88,1
5521,9bd3a060-66a5-11f0-9c11-c5fc5684c621,키웅,88,1
5521,84972ba0-695d-11f0-9c6c-658573885763,슈퍼참치,88,1
5521,8402f230-6bdf-11f0-a188-0f6b3c15582b,두유마루,88,1
5521,72f93040-649a-11f0-a470-3b5290ad38d8,빵토리,88,1
5521,6d0b8de0-63f0-11f0-a3cc-cd3c8793a2eb,소코지바코,88,1
5521,661ddf80-6c2c-11f0-948b-913c7c2d582b,미원,88,1
5521,631d3d80-6a1a-11f0-9adb-01ec0e539aaf,아라아부지,88,1
5521,626bf7e0-69b7-11f0-86e2-d3a55f318685,설민석일본사여행,88,1
5521,5efb4b70-62c2-11f0-a53e-f720860fcc8a,광광우럭따,88,1
5521,5b3911c0-625e-11f0-ba61-57b32c8fdcaa,양씨표류기,88,1
5521,5a8c7380-69b0-11f0-ae0d-6f90dae175ae,야킹,88,1
5521,5718d7c0-64a6-11f0-b626-23ea90035c71,채리니,88,1
5521,55af84f0-6c13-11f0-8c34-3d5f6034be86,시니몽,88,1
5521,552935e0-65dc-11f0-8dea-f512ace2241e,Tarsus,88,1
5521,5380f290-63b7-11f0-8d07-390a61232108,정한라,88,1
5521,4f8360c0-6aaa-11f0-9a7f-e32704d17198,구몽구스,88,1
5521,4f23d7a0-6d47-11f0-b976-671badd129d8,오비이락,88,1
5521,4e416d20-69f5-11f0-83c1-071402a58f9d,애들,88,1
5521,4d0c95f0-662c-11f0-8621-0f3e351e9362,자몽o,88,1
5521,4afba9b0-649f-11f0-ac20-8734dac19833,쩌러,88,1
5521,46b39870-63de-11f0-80fd-8dc2ba771ecd,호야님이닷,88,1
5521,46603c50-6462-11f0-baaf-45c3a00048ee,범22,88,1
5521,3ea961b0-6955-11f0-9f3a-d936e3ed6e3a,불사잡초,88,1
5521,3e4f7340-6a44-11f0-b7a5-333dfc345c53,쿠쿠아,88,1
5521,3de4ab80-6c5d-11f0-ba2c-4f8d906a7937,신룡,88,1
5521,3ddfc930-63fc-11f0-8579-b75c8d5afd27,이몽타,88,1
5521,3c87e6c0-62fe-11f0-ba81-0189884c815e,광훈,88,1
5521,385c4b50-6668-11f0-aee9-63d133f73255,전정국,88,1
5521,354523e0-6381-11f0-8ea7-a17bafa0e4d0,왕소금,88,1
5521,34d321f0-6462-11f0-9024-4f0c4715c0e6,단군할배,88,1
5521,33dcc3e0-653a-11f0-bf88-f5c7f77ee584,대명천로153,88,1
5521,2f974591-63c7-11f0-a9da-8b915b889dd4,준린빠빠,88,1
5521,2f306a20-654b-11f0-8eaa-bf6dbefdd461,고종황제,88,1
5521,2c045220-62c7-11f0-b252-a1a047cc5cf1,멈옹,88,1
5521,27a167a0-6c53-11f0-802b-15be0af62600,지엔,88,1
5521,274e63a0-69f8-11f0-9ccf-efc03aeeda2b,화니수,88,1
5521,1d276080-6952-11f0-8eaa-05fe0b751045,코키키,88,1
5521,1b0e4870-69ea-11f0-83c1-071402a58f9d,야물이,88,1
5521,152d5c80-6a8e-11f0-b350-274e47244e62,한국사1타,88,1
5521,1097d6e0-6701-11f0-81cb-57f93648ff96,으깡깡,88,1
5521,0a60da00-63e7-11f0-89c3-81bc4ed5aa4e,로크,88,1
5521,05d46fb0-663a-11f0-8157-83c241bc6c35,온리워니,88,1
5521,048527d0-63d3-11f0-bb86-97bdb11e4eed,우당탕,88,1
5521,017fc560-6a89-11f0-ab22-9b7f810af5a1,원탱탱,88,1
5521,016e0190-6377-11f0-ab23-17e3cb110c7b,창이,88,1
5521,00206110-6526-11f0-8799-a56030339d38,장이,88,1
5599,fea94a30-63a0-11f0-b91f-cbca55a9af76,뭐시,87,1
5599,fb004dd0-64fd-11f0-89c4-91955faa19a3,건호,87,1
5599,f5ed9240-6ace-11f0-a5d2-4bd7192c2f94,shello,87,1
5599,f5844ec0-6a42-11f0-b8c3-31d76e99096b,갓뚜,87,1
5599,ef328650-6398-11f0-a4da-3d0ef443f21c,달리는코인,87,1
5599,ed147810-69c9-11f0-a3fa-29dcc74be0f9,삼태극,87,1
5599,e8a00de0-62ed-11f0-8567-d9cb9900f794,정뀨뀨,87,1
5599,de875100-6357-11f0-97d7-efff12aed0ab,무효,87,1
5599,dcc0e730-6bce-11f0-948b-913c7c2d582b,천무영,87,1
5599,d93d7b00-6a48-11f0-b7a5-333dfc345c53,뀨웃,87,1
5599,d76dccb0-6248-11f0-8731-517e16b3676b,치노,87,1
5599,d65e1cd0-6379-11f0-923a-c744703c7c88,규둥,87,1
5599,d62d2aa0-649e-11f0-b5c8-a523170b964a,홍삿갓,87,1
5599,d60766d0-6796-11f0-96a3-63b92fc00f1c,아어아라,87,1
5599,d5d16650-64af-11f0-87c5-cfc271183eec,김알찌,87,1
5599,d1c68760-6a8c-11f0-97df-4b76eb1e1edb,별표,87,1
5599,d0738800-63dd-11f0-9b30-bfc50fd617fd,미르스틴,87,1
5599,d01ce480-6ad8-11f0-b538-6192b34d2599,혼연,87,1
5599,cfa47820-64a1-11f0-ac20-8734dac19833,단목,87,1
5599,cec001d0-6952-11f0-9f3a-d936e3ed6e3a,신조협려,87,1
5599,ccba1cc0-6b20-11f0-8f14-2f5913224acc,이뎅궁,87,1
5599,c7f36480-622e-11f0-b124-17ce52befe77,요람,87,1
5599,c76b8250-650c-11f0-998d-6361b2224259,노딱,87,1
5599,c4efc280-63d0-11f0-bb86-97bdb11e4eed,새록,87,1
5599,c25e6730-64aa-11f0-b557-b9d4a65b18c9,냥펀치,87,1
5599,c20076d0-69db-11f0-83c1-071402a58f9d,v김선궁v,87,1
5599,bbf293c0-6627-11f0-8621-0f3e351e9362,감자머리,87,1
5599,bb6ecb10-61c4-11f0-b76e-ef81c1aae5a1,sb34567,87,1
5599,ba319e20-660c-11f0-8d9d-2df44f4cae52,대왕감자,87,1
5599,b9a26300-6386-11f0-a96e-b3a4c43e265a,상영,87,1
5599,b94cda10-6896-11f0-942e-65ce179d466a,모지리1대장,87,1
5599,b911faa0-6259-11f0-909b-ed23a48ab1a8,lss2,87,1
5599,b7eb5e90-68f4-11f0-bf27-69600f7373fa,기술사,87,1
5599,b6a92a50-6401-11f0-a684-2b9cd36018bc,권현,87,1
5599,b661c160-69f1-11f0-83c1-071402a58f9d,김낑깡,87,1
5599,b3761840-6d14-11f0-a693-ff327945c3a4,모화,87,1
5599,b2a4f270-6b9c-11f0-97c0-233ebe468f3e,미적지근,87,1
5599,aefc48b0-66ad-11f0-bbca-cb910a6526e3,낙준,87,1
5599,ab711b50-674b-11f0-b696-57f6be140e14,헐렁빠시,87,1
5599,aa37e010-63be-11f0-b6ab-ab1d57efd9b6,유이아,87,1
5599,a967ae10-63da-11f0-b5a1-97526412eaf0,됴됴한됴됴새,87,1
5599,a8c0f130-62f2-11f0-be58-8570b5052512,우신페,87,1
5599,a6ef76b0-673e-11f0-a3b5-cb7d513a283d,한씨,87,1
5599,a442e0c0-67a0-11f0-a86b-6be161d85452,뺑덕마담,87,1
5599,a0953d70-6d03-11f0-b0d7-0b3415ac89fb,굿난세,87,1
5599,a062ec10-623d-11f0-9b9e-13c7a7dd6c88,taehopar,87,1
5599,9ec7eca0-6230-11f0-8954-174f550c9ed3,만만세,87,1
5599,9e606000-6648-11f0-8a1d-5dcee97d710d,복불복,87,1
5599,9a5d63e0-6ab2-11f0-aabe-19fce0d146b1,부탄이,87,1
5599,96aabd90-6a2d-11f0-9602-81ee37d26bd9,카르네아,87,1
5599,95217af0-6a2c-11f0-8e3a-75f00633c49f,옥슈슈,87,1
5599,938984b0-689e-11f0-acf7-4f4db1b3dc93,도화동불바닥,87,1
5599,9222bea0-6a94-11f0-a3f5-b7808f7fb4b1,척준경장군,87,1
5599,91c7c030-63ab-11f0-bf20-b3f2ea84f71a,궁굼,87,1
5599,90d75e80-6755-11f0-9c17-e3cb0e947350,환노비,87,1
5599,8de37270-62ed-11f0-8b38-673b14cc10ee,느누,87,1
5599,86ced7b0-6471-11f0-a8d6-9514efa5ade9,광어,87,1
5599,854ef040-66a7-11f0-94de-07aeca620138,먕두,87,1
5599,84dffe00-66f8-11f0-a25c-47a5a693b30a,강지,87,1
5599,83dbc900-6309-11f0-b4ac-230641ea7477,밥선생,87,1
5599,823f55f0-649c-11f0-ac20-8734dac19833,검은메기,87,1
5599,81fbb2d0-6313-11f0-b218-43a24c54b5c1,수수수수,87,1
5599,795b1120-64a8-11f0-ac20-8734dac19833,빵떠기사룽해잉,87,1
5599,787d8990-620f-11f0-9b80-6dacbd1dec23,ONJU,87,1
5599,78590500-62e8-11f0-8567-d9cb9900f794,한일이백,87,1
5599,77c37e60-6c41-11f0-a73a-89eac715ce01,만심구검,87,1
5599,72b9b6a0-69c6-11f0-a3fa-29dcc74be0f9,Jiny,87,1
5599,717590b0-6a30-11f0-9ef4-9f34b368a61a,haha1,87,1
5599,6bb32070-68eb-11f0-acc6-9fa957ae20ea,성계백숙,87,1
5599,68e0d550-6b56-11f0-9ade-afd291a01a3a,보통의하루,87,1
5599,5d2d0e00-69bb-11f0-8a6d-053337276a21,arch,87,1
5599,5b05e090-63ce-11f0-8f11-17371de17e69,역사는최태성,87,1
5599,5acccd30-68c6-11f0-bd47-cf3af6acce80,초오장,87,1
5599,595029d0-6398-11f0-929e-756b01201a20,pluto,87,1
5599,57b56f50-63c9-11f0-99a0-f791fadc47f8,갊갊,87,1
5599,5763f000-6a84-11f0-b350-274e47244e62,rikkso,87,1
5599,571b02c0-67a8-11f0-8ed0-55df2077ceb7,팬보,87,1
5599,54e3ebd0-6bf8-11f0-b3a4-bdd7aa4d5379,잉여인류,87,1
5599,4b57a820-656a-11f0-b9e8-39d173baf429,정발,87,1
5599,49f24840-6458-11f0-8f1e-9b9f4436b281,동뎅,87,1
5599,44c141d0-6c43-11f0-b37e-a3b29bc4a2eb,오슴도치,87,1
5599,441f4480-6387-11f0-a716-97e6f4eb8e7d,박춘삼,87,1
5599,3e6ecb10-6994-11f0-86e2-d3a55f318685,인턴,87,1
5599,3d9d5190-6a55-11f0-b4af-bd0ab1be2018,그냥아빠,87,1
5599,39507520-6872-11f0-857d-cbee11598fed,화산검수,87,1
5599,38bff0a0-62ae-11f0-bcbb-714564b525f4,만주벌판개장수,87,1
5599,2dee40d0-6314-11f0-8d40-dfc9f921e722,물병,87,1
5599,2709a9b0-637a-11f0-969f-574f3b894b44,양소유,87,1
5599,2266ac60-6c6b-11f0-92f8-0b0dfcc0c41e,폴드,87,1
5599,21f52a10-6511-11f0-a092-cfb4e8946e57,hrhejjr,87,1
5599,1fd4dd90-64ce-11f0-ad80-bf5616b7c1de,현명오,87,1
5599,1f5f9fb0-63e0-11f0-8ce7-05e1fc9cefd2,츄로스,87,1
5599,1f2a87b0-6469-11f0-82c1-d1354574f8a3,살구사랑,87,1
5599,1ec69520-624d-11f0-8731-517e16b3676b,수잠,87,1
5599,1e737a60-6a14-11f0-9adb-01ec0e539aaf,전국도토리,87,1
5599,1dcba1b0-6bc1-11f0-974e-cbd1d21c966c,또올추,87,1
5599,1c220b30-6962-11f0-887b-73f0ee57cca3,온얌,87,1
5599,1b817a30-6ceb-11f0-9497-07950a6b2df0,팝콘,87,1
5599,18a60fa0-6648-11f0-b347-f756f29a8606,공황,87,1
5599,16e5e1d0-69a5-11f0-ae45-45a8c20b2c3a,태조규동,87,1
5599,16ccef10-6796-11f0-8310-8370146853a0,명징한,87,1
5599,1413bc60-6960-11f0-a1f0-37d091d614b1,상마니,87,1
5599,12b1d300-632c-11f0-acf4-5d62302864df,무신사,87,1
5599,1080bc90-63b8-11f0-b6ab-ab1d57efd9b6,공갈공명,87,1
5599,0c1eac80-636c-11f0-9eba-319c3c5b72eb,화소,87,1
5599,0b604b90-648a-11f0-9155-fd42f9440840,나폴레옹제과점,87,1
5599,0adda360-6af3-11f0-9e8d-432dcca7c876,행주이,87,1
5599,08d582a0-6917-11f0-9163-9b37cd4f63ff,gdtp,87,1
5599,07822440-640c-11f0-877d-c952436514c7,ahhaysgz,87,1
5599,03d6bb60-63ff-11f0-a3ab-515b7dbdbb4f,Dofla밍고,87,1
5599,02e1b5e0-6795-11f0-854a-b963b3c30991,준섭형,87,1
5599,017efa30-6959-11f0-a1f0-37d091d614b1,수산물,87,1
5711,fee3c4f0-657e-11f0-878e-15088f05ace2,Skebej,86,1
5711,fb40bd40-63c0-11f0-bb86-97bdb11e4eed,호비,86,1
5711,fa8f7c20-6bb7-11f0-a8ce-570b9431e88d,보늬하늬,86,1
5711,f5efecc0-6cfe-11f0-b0d7-0b3415ac89fb,담온누리,86,1
5711,f3619390-63a4-11f0-946e-33914717b047,금민중,86,1
5711,f27313e0-6b02-11f0-a101-2f71d3d479db,궉미자,86,1
5711,f1cb83c0-6c77-11f0-bb12-f394c5e7b677,셧다,86,1
5711,e85602d0-6a0f-11f0-83c1-071402a58f9d,옥춘이,86,1
5711,e7510250-63e2-11f0-9b30-bfc50fd617fd,블라썸,86,1
5711,e637f920-6ba1-11f0-8f80-79c9c37e8ee5,JIN00,86,1
5711,e453e850-6bcc-11f0-bbec-d73ff901d46b,무시한다,86,1
5711,e0b5eaf0-6211-11f0-abc2-914425398299,이척,86,1
5711,ded284a0-6d38-11f0-9497-07950a6b2df0,팔후,86,1
5711,dd937950-6874-11f0-aca5-dd14f89ea4c2,유니22,86,1
5711,db94ac80-674a-11f0-b696-57f6be140e14,Pray,86,1
5711,d906c820-69db-11f0-87cd-13cc90e29527,wksh,86,1
5711,d71b9510-688a-11f0-a376-f930a487e018,tseo,86,1
5711,d63d1b80-6422-11f0-89c3-81bc4ed5aa4e,GODGOD,86,1
5711,d4f569f0-6c1d-11f0-948b-913c7c2d582b,두산,86,1
5711,d2382bd0-6524-11f0-a092-cfb4e8946e57,마루검,86,1
5711,d10021c0-6a9a-11f0-b350-274e47244e62,검선척사광,86,1
5711,ce5f3360-62df-11f0-a53e-f720860fcc8a,김동현,86,1
5711,cdb86561-66ab-11f0-bbca-cb910a6526e3,307,86,1
5711,ccfa3870-67fe-11f0-a432-f5a269c347d6,아크님,86,1
5711,c9551120-6cd3-11f0-a3aa-53b108aed5e1,헤업,86,1
5711,c7a748b0-6491-11f0-aa78-e94e86ef7b01,쭈예파파,86,1
5711,c67498d0-69e6-11f0-9adb-01ec0e539aaf,탕탕탕,86,1
5711,c5cf24b0-6a20-11f0-87cd-13cc90e29527,녹여벌라,86,1
5711,c4cfde40-63ab-11f0-a110-bf1368febfaf,샤이엘,86,1
5711,c21d9360-6778-11f0-ac22-89a616aaf971,로블마크,86,1
5711,c106abd0-63ac-11f0-bbdf-4720f039de06,hwigen,86,1
5711,bb5173a0-6528-11f0-8799-a56030339d38,표독윤서,86,1
5711,bb07c800-62d9-11f0-8f11-77dd1d282e8c,세부,86,1
5711,b72e1f30-67da-11f0-8a9a-bff464ab4fe5,응지,86,1
5711,b71dc700-66d3-11f0-a818-154c93ec6594,공부부부,86,1
5711,b64d1990-62ee-11f0-a53e-f720860fcc8a,용두꺼비,86,1
5711,b365a160-64ac-11f0-b5c8-a523170b964a,MREOM,86,1
5711,b2839cf0-6d4b-11f0-a5ac-25cfed422797,제웁스,86,1
5711,aeaae040-6b82-11f0-b12d-131ac73060ee,ms828,86,1
5711,ae403550-69c6-11f0-9adb-01ec0e539aaf,조병하,86,1
5711,ac913040-6338-11f0-97d7-efff12aed0ab,에스파,86,1
5711,ac670ec0-6674-11f0-947d-2bc8c53aa547,포도소녀,86,1
5711,ac328170-69ba-11f0-a6d0-d7dbeaf9d9e0,왕방도사,86,1
5711,aa04fff0-6ab3-11f0-aa73-c544fd48d310,화니쌤,86,1
5711,a9fcd3f0-62ef-11f0-8af6-6370fcdc8610,무르무루,86,1
5711,a9e3e940-6235-11f0-b1ef-53e925ad2d1e,이산타,86,1
5711,a7c5fbe0-63a1-11f0-8ad1-495afdf38cf0,별님금성,86,1
5711,a7853941-6d2c-11f0-9497-07950a6b2df0,무호흡,86,1
5711,a4cd88d0-6785-11f0-ab88-a5c9739f629f,습이,86,1
5711,a3b189a0-63e4-11f0-96dc-5f8ee1571586,미유즈,86,1
5711,a375d720-650b-11f0-846f-13edae8f7606,떡만두국,86,1
5711,a23de880-63fc-11f0-83ae-cb0d7c1d5c99,쪼삐,86,1
5711,9e63b270-6ac9-11f0-adf1-352afe5db30b,우예,86,1
5711,9d1e4720-62e7-11f0-971e-0d9306189309,김마리아,86,1
5711,9b5b2190-641f-11f0-bcbf-2b7f0b4e55b1,난중이순신,86,1
5711,99b4c190-66b1-11f0-bead-d54787f6b724,비타민,86,1
5711,99a6b4f0-6c9d-11f0-8e36-7ff47c038c45,021031,86,1
5711,98aca5d0-638f-11f0-9b51-d36a85c863a7,LE0,86,1
5711,97744690-6a16-11f0-9ccf-efc03aeeda2b,지나갈게요,86,1
5711,965b0e10-6697-11f0-ba90-31fb5fd677bf,무진산,86,1
5711,952d1870-6341-11f0-ba6d-31d76c70e10b,다수기,86,1
5711,94d11cb0-6629-11f0-96fa-990fd0c2f326,쿠페,86,1
5711,9170b7a0-686e-11f0-81ff-29432e84c057,않이외않되는대,86,1
5711,9081e4f0-6c0a-11f0-948b-913c7c2d582b,쪼콩,86,1
5711,8ed98390-622f-11f0-aa91-9b126fa90fce,물범,86,1
5711,8d43edd0-6500-11f0-b0f9-9b13bf283379,요넥,86,1
5711,8c6d2fe0-6a71-11f0-8acc-fb286914151f,삐리삐리뽀오,86,1
5711,8bc32af0-6273-11f0-bcbb-714564b525f4,바른카인,86,1
5711,8af854c0-620e-11f0-abc2-914425398299,척준광,86,1
5711,8a2d4710-6c97-11f0-8e36-7ff47c038c45,쁘라빠,86,1
5711,8a037c50-6a44-11f0-8acc-fb286914151f,초록백정,86,1
5711,88c239b0-61f4-11f0-94d1-0d70694c9e17,동물,86,1
5711,87ba9410-6bc0-11f0-974e-cbd1d21c966c,은채,86,1
5711,85952c80-69d2-11f0-83c1-071402a58f9d,잘하고시프다아,86,1
5711,835d1890-6a5b-11f0-b350-274e47244e62,기타당당,86,1
5711,81d0edb0-63e1-11f0-b6e0-95710897614e,로또되면쏜다,86,1
5711,80d732f0-6627-11f0-8621-0f3e351e9362,ililiiil,86,1
5711,7fefdc50-69ad-11f0-8b3f-73b93d01f6b0,마이노미노,86,1
5711,7efdeeb0-62bc-11f0-bf6e-91ab11ffb732,hound,86,1
5711,7d9d1d70-69d3-11f0-8369-f9ac348dc159,피버웨일,86,1
5711,7d9ae630-6312-11f0-a53e-f720860fcc8a,물개,86,1
5711,7c802b70-6222-11f0-abc2-914425398299,서거정,86,1
5711,7c5fc350-6b03-11f0-a101-2f71d3d479db,rjdk,86,1
5711,7c385cf0-64a7-11f0-a231-37ac1ad01c02,방구전사뿡뿡,86,1
5711,7bf18360-624b-11f0-a923-e5c378e4162f,아기장수,86,1
5711,769520d0-62db-11f0-a53e-f720860fcc8a,별빛이야기,86,1
5711,738b9aa0-6a8c-11f0-9b9a-dfc16842ed10,지도리,86,1
5711,7127f7a0-6527-11f0-8799-a56030339d38,바르마,86,1
5711,70aaac50-655e-11f0-bcb8-43d28e4aad0d,멍균,86,1
5711,6ecb4630-6467-11f0-934d-3b333a678e8e,밀면왕,86,1
5711,6e20a500-6b0f-11f0-8f14-2f5913224acc,아커,86,1
5711,6d51f3f0-62b7-11f0-839f-d97137a128f6,뀨롱,86,1
5711,6ceeaad0-6513-11f0-a092-cfb4e8946e57,경랑,86,1
5711,6a1e3120-6420-11f0-a684-2b9cd36018bc,경이로운소주,86,1
5711,69e909c0-6504-11f0-ada0-5d42ab9007c0,건수,86,1
5711,678f0810-649f-11f0-8dc2-b1d7780ea280,길순,86,1
5711,65358380-64a6-11f0-b626-23ea90035c71,햄쥐,86,1
5711,64f8e500-689e-11f0-b662-851ffeac0806,썰터,86,1
5711,628a5190-6462-11f0-8670-973d055b2505,황덕출,86,1
5711,607da060-693e-11f0-98af-bff80b0492c0,이휜,86,1
5711,5f724400-6321-11f0-b4da-37de076ab8f7,비숑즈,86,1
5711,57bb4b80-62f4-11f0-a53e-f720860fcc8a,닌자표류기2,86,1
5711,553bfa70-64f3-11f0-920f-d9bd8a2a820c,칼토끼,86,1
5711,52b860a0-6231-11f0-8510-f70fc2d13c3b,냐햐혀효,86,1
5711,515653b0-6462-11f0-a72c-e970bf999ff4,주향,86,1
5711,4fae08d0-696e-11f0-a247-c10dcebc2fd3,거지프린스,86,1
5711,4fa0f3a0-6925-11f0-9163-9b37cd4f63ff,땁옹,86,1
5711,4f99fb10-6c20-11f0-a98c-ab8c12a4e4f7,뺑애돔,86,1
5711,4ed88f30-6472-11f0-a8d6-9514efa5ade9,쌍문동고백남,86,1
5711,4cc87670-6c1e-11f0-948b-913c7c2d582b,sssccc,86,1
5711,4b50e690-6608-11f0-a41e-0df3579756f2,찧찧,86,1
5711,491ea1b0-62f1-11f0-a53e-f720860fcc8a,pyoryu,86,1
5711,47dc7040-6c5e-11f0-802b-15be0af62600,포치,86,1
5711,474d4f10-670d-11f0-a493-bfb4a2b5b702,이준k,86,1
5711,46d46da0-6430-11f0-9a44-37c9035ed3bc,미영장군,86,1
5711,451d86b0-623f-11f0-afe3-e7db10029c82,비몽이,86,1
5711,44e8baa0-62b9-11f0-a89f-3182c3b8adb5,한봉이,86,1
5711,44034ab0-63cc-11f0-bb86-97bdb11e4eed,뽀송이티슈,86,1
5711,420d87b0-6a7b-11f0-b4af-bd0ab1be2018,NiceMan,86,1
5711,41a26e40-64f3-11f0-89c4-91955faa19a3,자두체리,86,1
5711,41885d10-6ac6-11f0-887f-c18cdf79257d,여긴어딩,86,1
5711,413a99a0-6c23-11f0-948b-913c7c2d582b,서태커,86,1
5711,3d41a8f0-6342-11f0-ba6d-31d76c70e10b,핑나,86,1
5711,3d22edb0-6500-11f0-998d-6361b2224259,엑펠,86,1
5711,3ce7e710-62bc-11f0-bf6e-91ab11ffb732,행복2002,86,1
5711,3bb42920-65c9-11f0-b5ae-9f72a71a5588,지황이,86,1
5711,3a312d40-6a98-11f0-a3a4-43fc25aaa5d0,말차맛말차,86,1
5711,39be2bf0-677e-11f0-832d-2343fb1c7686,폴리아빠,86,1
5711,3820fb10-6c7e-11f0-8acb-a35784198e45,erro,86,1
5711,36a01c70-6815-11f0-9069-eb268d57af69,스리스리,86,1
5711,357ae9f0-647e-11f0-9219-f9e5d8ffaccf,윈드,86,1
5711,329a0340-6ae3-11f0-adf1-352afe5db30b,소림동자,86,1
5711,328fb110-6985-11f0-a923-f3bcf759ab67,호제,86,1
5711,3166a750-6267-11f0-9eb5-cf396344702c,도비어미,86,1
5711,3057ad90-6673-11f0-b77e-a100e5cb3d55,꽃같네,86,1
5711,301ef870-6451-11f0-8944-5327091948db,연연즈파파,86,1
5711,2e8d1bc0-66ec-11f0-b905-616e286946a4,가아암,86,1
5711,2e1822f0-6243-11f0-a33f-f73020b95b05,shlee1,86,1
5711,2c7e7d50-644a-11f0-b750-051f455e1aaf,탕슈육,86,1
5711,2aa2aee0-6b91-11f0-ac9c-55c23a6ca868,요고에몽,86,1
5711,26840630-69e1-11f0-87cd-13cc90e29527,나모지,86,1
5711,26295880-69e0-11f0-9adb-01ec0e539aaf,사나이빵빵,86,1
5711,23ee8590-68e1-11f0-b6e5-1f4abc2a195f,천지개락,86,1
5711,22ba4670-6c72-11f0-bb12-f394c5e7b677,별희님,86,1
5711,2280db20-6839-11f0-b297-a75635c318ec,늙은청춘,86,1
5711,21afc400-677f-11f0-ac22-89a616aaf971,요시는카리나,86,1
5711,21369210-66df-11f0-94fd-bd0b371894b0,초임,86,1
5711,20ddc290-6390-11f0-a4da-3d0ef443f21c,차니찬이,86,1
5711,1f2baa40-6226-11f0-bbfd-8564365ef7ff,어이강씨,86,1
5711,1e25c470-6251-11f0-98b0-134906955a4e,꿈빛,86,1
5711,1e1407c0-6810-11f0-bb71-090a139da64b,찰진만두,86,1
5711,1d461000-6508-11f0-a092-cfb4e8946e57,여신은경,86,1
5711,194c9110-6551-11f0-a8f6-b9ccbcdd6c19,Moi,86,1
5711,19162a50-64fa-11f0-ad80-bf5616b7c1de,우병,86,1
5711,1782fdc0-6366-11f0-9eba-319c3c5b72eb,노시환상적으로,86,1
5711,172b3ad0-6afb-11f0-a2a6-5b6ae0d09e98,에다,86,1
5711,0deea810-650d-11f0-b0f9-9b13bf283379,겸겸,86,1
5711,0dcbb660-69a5-11f0-ae0d-6f90dae175ae,제리율,86,1
5711,0d815f20-6c93-11f0-ace7-abc310f14338,뻥삼이,86,1
5711,0d09d9a0-62d9-11f0-a655-3f20d48333c3,지금이니,86,1
5711,0c9fa400-6206-11f0-a22f-1fef89b9a0c3,악마큐브,86,1
5711,0b66e230-6501-11f0-b0f9-9b13bf283379,우기기,86,1
5711,0ac5fa00-625e-11f0-aa52-cb1cb28881c2,따뜻한가뵤,86,1
5711,07aa2a70-65d4-11f0-be66-ebe105229c69,유붕이,86,1
5711,071fe9e0-6526-11f0-85dd-2db918fca576,듣고보니,86,1
5711,065416c0-62a7-11f0-9c35-45ef6a487d5b,청우불주먹,86,1
5711,05b92ff0-69f2-11f0-9adb-01ec0e539aaf,juo,86,1
5711,04dbfac0-641d-11f0-877d-c952436514c7,핼깨비,86,1
5711,038da5d0-643e-11f0-8c7c-4d27a30a0549,누성,86,1
5711,026d1d20-655b-11f0-94e1-9148d7950b64,호호이쿵,86,1
5881,fe91b2e0-6a98-11f0-a3f5-b7808f7fb4b1,제이꼬,85,1
5881,f83eed40-69c6-11f0-a6d0-d7dbeaf9d9e0,해린이아빠,85,1
5881,f83b4ac0-6979-11f0-bb78-9524ef5f68fb,두근대흉근,85,1
5881,f78c2860-620d-11f0-abc2-914425398299,타잔,85,1
5881,f4bd68c0-6833-11f0-8e20-252956b544de,터울,85,1
5881,f23cb290-6789-11f0-9a0c-434d61932f42,아율,85,1
5881,f048e460-64c1-11f0-b794-e100305ee87a,협착,85,1
5881,eedee110-6656-11f0-8bf6-afeec62e00c0,화무결,85,1
5881,eaf73350-63a8-11f0-a110-bf1368febfaf,폭식팬더,85,1
5881,e8c13860-6588-11f0-9f25-1147ddd387e8,햄버그스테이크,85,1
5881,e4fb36f0-622b-11f0-b912-9b874d01aab6,현죽유수,85,1
5881,e238d9a0-69e1-11f0-87cd-13cc90e29527,태왕고담덕,85,1
5881,e0480d50-69b9-11f0-a3fa-29dcc74be0f9,동명성황,85,1
5881,df717df0-68bd-11f0-b6e5-1f4abc2a195f,몽둥이,85,1
5881,d562c8e0-63a5-11f0-9e98-299d606b6be2,메가리,85,1
5881,d5442ba1-6419-11f0-bcbf-2b7f0b4e55b1,인영,85,1
5881,ce162140-69d6-11f0-9416-6d61d44d7bd3,Portmix1,85,1
5881,cc9dd490-64b1-11f0-b32d-59569cefb935,박길동,85,1
5881,c84620f0-6245-11f0-9c23-457fcdeb3714,타락,85,1
5881,c66de010-6c6d-11f0-b06f-1bb3858adc4b,공명,85,1
5881,c06b5e50-643d-11f0-a580-6783cb326665,우승강,85,1
5881,b7983a70-622e-11f0-b124-17ce52befe77,몽상,85,1
5881,b33d5c90-65e3-11f0-a5b0-75aecb1d0a21,뚜니뚜니쵸피,85,1
5881,a7e64620-6446-11f0-ab0c-317be3d6b0a6,로뚱,85,1
5881,a61e2060-6b85-11f0-b486-2dfe22f5eff0,빛돌버디,85,1
5881,a5cfbf30-61f6-11f0-a92b-d5d01d6ffba8,시우v,85,1
5881,a3dc8720-6abc-11f0-aa73-c544fd48d310,kekoeko,85,1
5881,a0adc390-67d6-11f0-80bb-b113af9931ab,태왕이순신,85,1
5881,9dff5f60-6447-11f0-9441-5df9253b0f52,갓통,85,1
5881,968d4590-624d-11f0-a923-e5c378e4162f,자수정,85,1
5881,95de2500-66db-11f0-bbfc-a56011b32b9c,왔다,85,1
5881,93e996c0-6aa6-11f0-b350-274e47244e62,라쏘쏘,85,1
5881,8c4a5150-67ce-11f0-b7d4-2f5c76a5f34a,쿄쿄쿄쿄쿄쿄,85,1
5881,8b7e5590-6c3e-11f0-948b-913c7c2d582b,무과금1위,85,1
5881,875d9230-6308-11f0-a53e-f720860fcc8a,은뿍이,85,1
5881,8605ec30-664f-11f0-8157-83c241bc6c35,매디퍼,85,1
5881,7eec7300-6a92-11f0-b350-274e47244e62,의어어엉,85,1
5881,7d3f08f0-6ac5-11f0-887f-c18cdf79257d,슬퍼서웃는나,85,1
5881,78d8d200-683b-11f0-b297-a75635c318ec,3728388,85,1
5881,77f51bd0-6324-11f0-8178-d365b3cc7cb0,JiIiIN,85,1
5881,77d92b40-6c2b-11f0-aed5-0bf4d0a3552b,Elle,85,1
5881,70306890-6474-11f0-a1b2-b796bafb6345,ygf,85,1
5881,6e202840-639a-11f0-8ad1-495afdf38cf0,우쭈,85,1
5881,6e1ab6f0-63cf-11f0-99a0-f791fadc47f8,철파,85,1
5881,6bcd8bf0-6c7d-11f0-b06f-1bb3858adc4b,moosin,85,1
5881,6429b280-63da-11f0-9b30-bfc50fd617fd,이닝구,85,1
5881,5828e020-6833-11f0-8e20-252956b544de,대한민국난세,85,1
5881,526b6c50-67c7-11f0-bfd7-f34c244563a0,윤떵,85,1
5881,5259de70-6409-11f0-89c3-81bc4ed5aa4e,카무이,85,1
5881,51bbba90-63c5-11f0-8506-f7784b4ad14d,테리냠,85,1
5881,51857e90-6716-11f0-b7af-eb434023a3d9,화장실,85,1
5881,4f91b110-6335-11f0-ba6d-31d76c70e10b,놈후현,85,1
5881,4980f3c0-6714-11f0-a25c-47a5a693b30a,꺼져,85,1
5881,45c08920-631e-11f0-8073-6be2e6b2a0c4,진도준,85,1
5881,43e69e40-6c0c-11f0-87eb-690ec7d4dfe2,철완아톰,85,1
5881,423998e0-6469-11f0-b9a2-71a70b35ee88,dhinda,85,1
5881,422efc60-652b-11f0-8799-a56030339d38,온류,85,1
5881,372d5f00-676a-11f0-9ee8-11faeeaf74d3,째밍,85,1
5881,35f17e80-6b9a-11f0-9a9d-79b1baefecc7,도망쳐,85,1
5881,355cf620-66f9-11f0-abbe-1b148ce1c918,easa,85,1
5881,31cf2d80-6a04-11f0-83c1-071402a58f9d,설인귀,85,1
5881,2867cf20-68d5-11f0-b6e5-1f4abc2a195f,미륵불,85,1
5881,24752070-6baf-11f0-95c1-cdecde0b7fd9,반화네리아,85,1
5881,1d7798b0-6386-11f0-9b51-d36a85c863a7,로반스,85,1
5881,1a150c80-6425-11f0-83ae-cb0d7c1d5c99,꼬주닷,85,1
5881,1583f7a0-6612-11f0-891e-257a38e2efb7,구름속으로,85,1
5881,0cce9b40-69b1-11f0-a6d0-d7dbeaf9d9e0,맨장군,85,1
5881,08470630-6230-11f0-9658-0db50d035217,MDoe,85,1
5881,03f3ec30-6c56-11f0-bdaa-ad27fd640cb0,가람뿡,85,1
5881,0308f5d0-63d8-11f0-b0c8-0be5c747fc57,MrYuLe,85,1
5881,0273af50-6407-11f0-877d-c952436514c7,난세배류기,85,1
5952,ffcfdaa0-6c79-11f0-92f8-0b0dfcc0c41e,유린,84,1
5952,fb7fc3b0-6ab3-11f0-aa73-c544fd48d310,태왕담덕,84,1
5952,f8883410-645c-11f0-8df0-a9be6ca1bee2,저항,84,1
5952,f7477220-6b6c-11f0-b65c-c1a8117d14fc,악귀야행,84,1
5952,f4008380-6906-11f0-bf27-69600f7373fa,크로스대박,84,1
5952,f2780e20-6479-11f0-a8d6-9514efa5ade9,구피,84,1
5952,f146fab0-63d5-11f0-9a87-810a40a679fa,빅필드,84,1
5952,effbc0a0-6583-11f0-aec8-2168088a1b29,무수,84,1
5952,ea511e50-6945-11f0-8de9-07aeffed770b,BH1337,84,1
5952,e8372830-6314-11f0-9d30-a1884d59ed55,개짱쎄,84,1
5952,e59828c0-6424-11f0-bcbf-2b7f0b4e55b1,쿨형님,84,1
5952,e151a160-62a3-11f0-bcbb-714564b525f4,충신,84,1
5952,e017fa10-6960-11f0-887b-73f0ee57cca3,즁즁,84,1
5952,def09be0-63e0-11f0-9b30-bfc50fd617fd,운휘,84,1
5952,dedb3ab0-6215-11f0-9813-b7579b20c221,달빛전사,84,1
5952,dcae4190-6c26-11f0-aed5-0bf4d0a3552b,서호우,84,1
5952,dbc11060-63ec-11f0-91d0-338842f86888,매여운빙탱,84,1
5952,daa9d900-63b5-11f0-a06c-a18ad4eb2f25,밀싹이,84,1
5952,d61de500-6bc8-11f0-829a-d7947734f4d4,맹자,84,1
5952,d2f633f0-631c-11f0-873a-61e5585b494a,아휴챰,84,1
5952,d27adf80-62c6-11f0-b78d-9fbbdf7f23fb,애트,84,1
5952,d1a949e0-6643-11f0-ad33-4f1cdf197ed4,조보,84,1
5952,cf8d3450-6bac-11f0-a51b-7569b844c4d8,노요,84,1
5952,cb3fbd40-6487-11f0-a2a2-198016fcfd59,닉네잉,84,1
5952,bd63d260-66a8-11f0-9e29-bb739ed9109b,정미혜,84,1
5952,bc077080-6454-11f0-9bbb-977d07f6b3d2,대마니,84,1
5952,bc052c80-6c29-11f0-948b-913c7c2d582b,김은별,84,1
5952,ad253210-6368-11f0-97d7-efff12aed0ab,연랑,84,1
5952,aadf14c1-691d-11f0-b776-39555a34501f,ujsla,84,1
5952,aa68f160-670f-11f0-8182-49ddc3c9ae02,테무진,84,1
5952,a41d8f30-69f5-11f0-83c1-071402a58f9d,전사박희찬,84,1
5952,a40b25d0-671a-11f0-a3d4-43ebc2e41e55,검단신도시,84,1
5952,9fd3cdd0-69c4-11f0-a669-cf0eea211da7,코니도,84,1
5952,9edc87a0-6776-11f0-ac22-89a616aaf971,플로키,84,1
5952,9dff8fc0-6c45-11f0-9c29-53a4b5805101,완볼,84,1
5952,9651dbf0-644a-11f0-8944-5327091948db,inu,84,1
5952,94ddbb20-660e-11f0-9498-53e9ee74d283,태왕신,84,1
5952,8a87f160-62ab-11f0-b038-1df969c0d9a5,카즈나,84,1
5952,85ad6000-660f-11f0-9498-53e9ee74d283,shin2no,84,1
5952,84329e00-6279-11f0-adc6-455e8908a1ee,무적LG,84,1
5952,82db85c0-6527-11f0-8799-a56030339d38,조록,84,1
5952,8090f490-6229-11f0-bbfd-8564365ef7ff,비키소마,84,1
5952,7ee2f200-6540-11f0-b203-85c99a94680a,닌도,84,1
5952,7ed52cd0-6c87-11f0-ad3d-ed3569490329,희트맨,84,1
5952,797fe0b0-6578-11f0-94e1-9148d7950b64,늄냠뇸,84,1
5952,78f99950-62bd-11f0-bf6e-91ab11ffb732,dadada,84,1
5952,78a5b7f0-64b5-11f0-9d57-2bb4d00d42bc,북선이,84,1
5952,75e22d20-622e-11f0-b124-17ce52befe77,도하아빠,84,1
5952,7315f7e0-651a-11f0-846f-13edae8f7606,꿀딴지잉,84,1
5952,71ce4920-657c-11f0-9adf-1d806649f7f0,져어어엉,84,1
5952,69cd4600-64a4-11f0-829b-d50781ca76af,현차,84,1
5952,6615ddc0-646c-11f0-b9a2-71a70b35ee88,여섯글자,84,1
5952,63ec1e90-690f-11f0-9163-9b37cd4f63ff,산곡BAAM,84,1
5952,62055ce0-6801-11f0-a432-f5a269c347d6,쮯재명구속,84,1
5952,5d6540f0-62a8-11f0-9c35-45ef6a487d5b,살랑꿍,84,1
5952,5056f720-67ba-11f0-ac79-bd0f37322c34,쭌입니다,84,1
5952,4f8342a0-63b8-11f0-a06c-a18ad4eb2f25,감자동이,84,1
5952,429471f2-654c-11f0-b2c1-8bbad5215734,설아네,84,1
5952,422ec670-66b9-11f0-bf26-fbc3a0b40f08,농부구경옴,84,1
5952,41d80650-6308-11f0-af2f-6f5b4995749a,김여우,84,1
5952,405504d0-6381-11f0-a716-97e6f4eb8e7d,장정구,84,1
5952,3d875840-6bb8-11f0-a8af-f73a307a4a56,쟤구리,84,1
5952,3b7d7160-640b-11f0-877d-c952436514c7,농쥬,84,1
5952,3a72aac0-6932-11f0-bd01-4f9a91cb3d54,거방자,84,1
5952,39f916d0-6304-11f0-af00-9b7f567d02d1,lil,84,1
5952,352cfe90-66cf-11f0-a818-154c93ec6594,계국대장공주,84,1
5952,33971540-6a51-11f0-b8c3-31d76e99096b,휴은,84,1
5952,31250d50-6b21-11f0-8f4d-6330363bf47b,홍이긴간,84,1
5952,306fc8d0-6457-11f0-baaf-45c3a00048ee,춘식사마,84,1
5952,2b725b80-64ad-11f0-87c5-cfc271183eec,강지맨,84,1
5952,2b014190-655a-11f0-9028-6d8f473a814e,박슈은우,84,1
5952,265c04d0-654c-11f0-9bfa-fbe46a729beb,이화신,84,1
5952,2340b1e0-6319-11f0-9d30-a1884d59ed55,심리의고도전,84,1
5952,1c06ba20-6cc7-11f0-bf20-0950605175eb,쏘비니,84,1
5952,18f3a470-6258-11f0-9b19-83f0f39a46d2,남묵두,84,1
5952,14e883c0-6a6c-11f0-8acc-fb286914151f,결이파파,84,1
5952,128f8680-6a96-11f0-ab22-9b7f810af5a1,구둘기,84,1
5952,116e6040-65ce-11f0-88d3-6b11b515d6cf,시간때우기용,84,1
5952,0a2c8220-6bbf-11f0-bded-69ad40b3d654,난국일세,84,1
5952,081c0750-626c-11f0-bcbb-714564b525f4,판딩,84,1
5952,04aa0e30-65f2-11f0-9b05-13e70242b365,양념냠냠,84,1
5952,0003b9c0-61e3-11f0-a73f-2bc4d05cca91,제어판,84,1
6034,fd6902a0-6a9e-11f0-a9cf-f3f33c48bf68,송혜교,83,1
6034,fae18bb0-6cd3-11f0-a3aa-53b108aed5e1,거미줄,83,1
6034,f7ab6f80-6a79-11f0-b4af-bd0ab1be2018,영웅전설,83,1
6034,f6f2c1c0-62c1-11f0-b038-1df969c0d9a5,운빨윤호,83,1
6034,f6c556a0-6365-11f0-9145-a52c50a03179,람아,83,1
6034,f57fb500-668b-11f0-8b65-97eb249c79b0,호갱님,83,1
6034,f4f9c250-68df-11f0-8188-61fc44a09398,집나간,83,1
6034,f1aad2e0-6936-11f0-bd01-4f9a91cb3d54,처녀,83,1
6034,eeb711f0-63de-11f0-80fd-8dc2ba771ecd,파렛트,83,1
6034,de9dbfc0-6637-11f0-9293-2f108164e9cc,핥똛,83,1
6034,d8c26130-623d-11f0-9b9e-13c7a7dd6c88,종범신,83,1
6034,d2db6cb0-67c1-11f0-ad06-bdc4c662d62f,동찌르,83,1
6034,d198b430-6437-11f0-8bb1-eb965705e646,성훈이,83,1
6034,cd43f910-6484-11f0-ae38-872b2910783a,셀러리,83,1
6034,cabfffc0-6715-11f0-a4d3-9b71158f6d4d,아레나,83,1
6034,c5b589f0-6314-11f0-9d30-a1884d59ed55,카프,83,1
6034,c3ff2500-6551-11f0-9129-5bddcb1a7f89,안암,83,1
6034,c1f345e0-62d4-11f0-a53e-f720860fcc8a,에피소드,83,1
6034,c1c9e170-6480-11f0-9aef-fb59513d0627,네오쿠키,83,1
6034,c1442730-6b45-11f0-8830-1ffcbfbea48f,Lumiere,83,1
6034,bf521320-69f0-11f0-83c1-071402a58f9d,사람인,83,1
6034,b2163840-6ba2-11f0-a181-7d0fbb0b8246,mg42,83,1
6034,a9543d60-665c-11f0-8157-83c241bc6c35,도토리북,83,1
6034,a8ef5d00-64db-11f0-89c4-91955faa19a3,권범준,83,1
6034,a4b86af0-63e7-11f0-b56a-dba91cbe9cc9,CAPF,83,1
6034,a2fafe40-624c-11f0-8731-517e16b3676b,한여름,83,1
6034,a1d5b490-66e0-11f0-abbe-1b148ce1c918,가리봉,83,1
6034,99e9ed30-6502-11f0-86b2-95b4faeb80b4,김포한강,83,1
6034,97ac7ca0-63cb-11f0-99a0-f791fadc47f8,리근,83,1
6034,940a3c60-653b-11f0-a7a2-1dbf387388d6,L13O8K30,83,1
6034,93cb68d0-6281-11f0-adc6-455e8908a1ee,덕만이,83,1
6034,907899b0-69e7-11f0-81d8-d75e58d916af,예쁘밍,83,1
6034,8e794350-61fc-11f0-b59e-e99b32674a70,과속방지턱,83,1
6034,8a8c2340-6bc3-11f0-85f3-bd6e7c286b84,동전,83,1
6034,86d675a0-646d-11f0-9929-49fcfc223a08,포고바,83,1
6034,836ee2e0-689a-11f0-969a-af2446ff078d,kairos,83,1
6034,819cb150-66e1-11f0-abbe-1b148ce1c918,깽염,83,1
6034,8105f1d0-63bb-11f0-b6ab-ab1d57efd9b6,민씨표류기,83,1
6034,7fdc8270-662b-11f0-8443-4528b86dc3d9,바뭉이,83,1
6034,7930c170-6266-11f0-97b4-198e3a6088ef,덤프리,83,1
6034,75bedab0-62ff-11f0-a53e-f720860fcc8a,거룩한세대,83,1
6034,731d6680-6aef-11f0-a6ea-759c93ed2c8f,또리땅,83,1
6034,720952f0-6a35-11f0-83c1-071402a58f9d,경호,83,1
6034,710c9fa0-65a4-11f0-b5ae-9f72a71a5588,Klaus,83,1
6034,68762790-676f-11f0-9e82-4d5672d5f65e,야토,83,1
6034,5fa3b040-6aa0-11f0-852b-313492f33c07,창월,83,1
6034,5f461ee0-61f8-11f0-bec7-d3a6c7531650,나바채,83,1
6034,590eb860-63b6-11f0-aab1-5f3bbe175c3e,박탈,83,1
6034,54b608b0-6800-11f0-bb71-090a139da64b,석열총살형,83,1
6034,507cfe20-6477-11f0-9219-f9e5d8ffaccf,강화도뻘주먹,83,1
6034,50358980-6717-11f0-a9b2-3b41dc07e4ea,하늘아래83,83,1
6034,4c8316a0-63e7-11f0-849d-3b3a1fc71a59,파류,83,1
6034,4c723780-6578-11f0-b5ae-9f72a71a5588,우백호,83,1
6034,41bc8430-66db-11f0-abbe-1b148ce1c918,황새의표류,83,1
6034,3b237c10-68a1-11f0-a80a-5336d741d1ea,팡이요,83,1
6034,3a8e9140-6b21-11f0-bdb2-7b31dff56e85,빼꼼아치,83,1
6034,3a596350-6214-11f0-abc2-914425398299,켓취,83,1
6034,3646eb80-696b-11f0-8081-cbd1f5a1db2b,김선생,83,1
6034,344ea610-62a9-11f0-84c3-c3277929fd63,한국사의신,83,1
6034,252ca320-63b8-11f0-b6ab-ab1d57efd9b6,마르조,83,1
6034,23d6c290-6425-11f0-bcbf-2b7f0b4e55b1,무늬오징어,83,1
6034,23563980-67aa-11f0-aed9-e7219e4530ad,난세로구나,83,1
6034,0f644030-6551-11f0-a37f-b346b9412b7f,검천,83,1
6034,0911cb10-6242-11f0-8fa4-4582b5e192be,달빛나그네,83,1
6034,04d11040-6aaa-11f0-a3f5-b7808f7fb4b1,누에,83,1
6034,00eaa7e0-6413-11f0-877d-c952436514c7,인형,83,1
6100,f4863280-6aac-11f0-9a7f-e32704d17198,제라듯왼발,82,1
6100,ecedb490-67b8-11f0-88f0-55f2cee18b8d,한명회,82,1
6100,e52a7960-6ba4-11f0-8f80-79c9c37e8ee5,철인28호,82,1
6100,e4caa100-6af2-11f0-a6ea-759c93ed2c8f,태곤핑,82,1
6100,e42dd5c0-6a37-11f0-b4fe-25c2079d872e,진도군수,82,1
6100,d0d245a0-63e4-11f0-89b8-61a649941dd1,이원상님,82,1
6100,c4e5a010-6854-11f0-9858-4f568ed316af,마이산파계승,82,1
6100,bdc82c50-64a1-11f0-a845-496ab271568b,설문,82,1
6100,b381f870-671c-11f0-a98d-f37da4145b2e,디디피피,82,1
6100,a84fc400-650f-11f0-8346-ad6f1bb735b2,청구,82,1
6100,a6bb46a0-6857-11f0-9a92-175f0d2b5caf,용대리,82,1
6100,a55762f0-682d-11f0-9761-51cebb951ef6,포뇌스,82,1
6100,a3d80140-6540-11f0-8246-fb47b021213a,알밥매일,82,1
6100,a2a1eaf0-6961-11f0-a1f0-37d091d614b1,홀로,82,1
6100,98eaa2c0-687d-11f0-a557-63284acb0ec6,칠복이,82,1
6100,94743e10-69f7-11f0-9ccf-efc03aeeda2b,cealum,82,1
6100,8c229890-64ae-11f0-99e6-a9f8f58ea542,돼지국밥,82,1
6100,8bbb3280-6c75-11f0-b06f-1bb3858adc4b,Mr준경척,82,1
6100,842b2330-66c7-11f0-94a5-5dfa3d0e1274,INT,82,1
6100,81f493d0-6a9b-11f0-8032-c32c225a07c5,뚝쁘,82,1
6100,81d743f0-6bb0-11f0-a8af-f73a307a4a56,왕하칠무해,82,1
6100,817180d0-623a-11f0-8ed7-4f4ea466921e,고달,82,1
6100,75439cf0-6580-11f0-8be9-7bc4b954113d,보노보됴,82,1
6100,648530e0-6396-11f0-b91f-cbca55a9af76,두살,82,1
6100,5e5c9ea0-6c7f-11f0-8805-b3f3a74e8613,l복규l,82,1
6100,5d8f35c0-6269-11f0-9eb5-cf396344702c,종이참치,82,1
6100,5bf8f910-6ba3-11f0-8f80-79c9c37e8ee5,o해요,82,1
6100,5977f6a1-6c6b-11f0-b16a-699a6afe77a2,제근,82,1
6100,57e4c060-69e2-11f0-87cd-13cc90e29527,나난난나,82,1
6100,51015410-649d-11f0-8dc2-b1d7780ea280,억겁,82,1
6100,29b016c0-6368-11f0-9145-a52c50a03179,unocorn,82,1
6100,27e63ce0-6b63-11f0-b2c9-29e2e53b69f1,swam,82,1
6100,26560340-64fd-11f0-b0f9-9b13bf283379,peach,82,1
6100,241cdfd0-6634-11f0-bf58-07d21e6ffbc8,사다드,82,1
6100,222b9a20-63a2-11f0-bf20-b3f2ea84f71a,덴버,82,1
6100,222a4f70-6443-11f0-bb35-df6429295e24,톨틀,82,1
6100,1fd34a20-6311-11f0-a53e-f720860fcc8a,발없는말이슬퍼,82,1
6100,15eae330-69a9-11f0-8b3f-73b93d01f6b0,왕머리,82,1
6100,033c89f0-63cd-11f0-99a0-f791fadc47f8,해골물,82,1
6139,fe2767c0-6497-11f0-91af-e789610f26b8,낙랑,81,1
6139,f8a7a3b0-69d2-11f0-8369-f9ac348dc159,뿅쁑,81,1
6139,f7bff150-695a-11f0-887b-73f0ee57cca3,메리표류기,81,1
6139,f0f1dec0-66a7-11f0-8cad-77b80077cb64,rainpoem,81,1
6139,ec42edf0-643c-11f0-a251-e56ed152b188,유횹,81,1
6139,eb223390-63ab-11f0-bf20-b3f2ea84f71a,둘리뱃살,81,1
6139,e4950d60-6c37-11f0-a98c-ab8c12a4e4f7,쉿조용,81,1
6139,e3c04990-6908-11f0-81c1-9ffa4d001a1f,말숙,81,1
6139,e2db8820-63d4-11f0-a68a-1f47317284ca,도장수,81,1
6139,e0cd7ec0-663c-11f0-9293-2f108164e9cc,공공배달앱먹깨비,81,1
6139,dd476e90-6476-11f0-9e27-35530581f5ae,파세르,81,1
6139,d84c1150-6aa4-11f0-aabe-19fce0d146b1,타요46,81,1
6139,d4547890-6c29-11f0-9d81-e7c0c7be48b2,Pazz,81,1
6139,cd43d050-6a8a-11f0-b350-274e47244e62,핑쿠팬더,81,1
6139,c9d3f700-67a2-11f0-a86b-6be161d85452,와이어,81,1
6139,c6152f40-644a-11f0-ba26-c559d1541584,쁘띠뽀,81,1
6139,bf231260-63e6-11f0-968a-57d5a12ffb1a,채민아빠,81,1
6139,bd3f4980-669f-11f0-9066-3b2dd8e42937,djevwv,81,1
6139,ba2bb010-63ae-11f0-a5cb-659417774b14,가디어즈,81,1
6139,b8c641c0-6b03-11f0-a101-2f71d3d479db,싸구려애드리브,81,1
6139,b8b40480-64bc-11f0-b991-dd3659cb9d59,박교동,81,1
6139,b613ee20-625f-11f0-98e7-390090cc87bc,abalone,81,1
6139,b58bb590-63c3-11f0-86ef-4d438ea3ec33,마귀룡룡,81,1
6139,b1f96770-6b60-11f0-8113-eb4cb292d581,루랑이,81,1
6139,affadd30-67cf-11f0-bb71-090a139da64b,푸른별z,81,1
6139,a9f2b760-6648-11f0-8bf6-afeec62e00c0,눈치코치,81,1
6139,a9673cd0-66e3-11f0-bbfc-a56011b32b9c,zizon,81,1
6139,a5e0d750-62d4-11f0-b252-a1a047cc5cf1,탐탐,81,1
6139,a4e0e9b0-6367-11f0-9eba-319c3c5b72eb,짬짬미,81,1
6139,9f64d2f0-636f-11f0-97d7-efff12aed0ab,카피바라zz,81,1
6139,9ecc6500-6226-11f0-bbfd-8564365ef7ff,난꿀떡,81,1
6139,9c811b10-6b5e-11f0-837a-5be36112ad0f,수민초이,81,1
6139,9c48e640-673b-11f0-a764-331beb7dec8b,게임그만해,81,1
6139,9c0be200-6532-11f0-a7f2-95dc17e8a4b9,쿠쿠로,81,1
6139,833e32b0-6207-11f0-8954-d1ddcca9d272,부산행님,81,1
6139,7c889170-6c4a-11f0-88f2-45e77a48e6d9,엘샤라임,81,1
6139,78665c30-6a1f-11f0-81d8-d75e58d916af,윈드메이커,81,1
6139,6ee877d0-653b-11f0-a7a2-1dbf387388d6,한스,81,1
6139,694f6170-6249-11f0-a923-e5c378e4162f,열반,81,1
6139,692c58f0-6321-11f0-9a17-8d0d270f4f1d,도르마무잉,81,1
6139,64771990-63b6-11f0-8465-f716200b7246,초올이,81,1
6139,603fafb0-659e-11f0-b5ae-9f72a71a5588,울컥,81,1
6139,5856b780-672e-11f0-a764-331beb7dec8b,독거센세,81,1
6139,54465530-6506-11f0-b0f9-9b13bf283379,국화꽃빵,81,1
6139,518ec320-6823-11f0-8274-ef0dc71ff839,두두뚜뚜,81,1
6139,50a87160-646b-11f0-9e27-35530581f5ae,에벱베,81,1
6139,49c7d330-65d4-11f0-a55a-ff95efeb91cb,연쇄건강범,81,1
6139,493b09b0-62f9-11f0-af00-9b7f567d02d1,비수호야,81,1
6139,46ba34a0-648d-11f0-b749-97e97e025ce2,욱형,81,1
6139,3ab80dd0-66e5-11f0-abbe-1b148ce1c918,홍군아,81,1
6139,39bd64c0-6893-11f0-b93a-9f2c5c09af4b,혼겜러,81,1
6139,37e51470-6c87-11f0-8805-b3f3a74e8613,오쿤,81,1
6139,364ac790-6543-11f0-8502-015c2c577c5f,파란아침,81,1
6139,33cd2300-64b7-11f0-8531-17ace7b5407b,별빛나린,81,1
6139,23afb1a0-684e-11f0-8733-458c7bab4002,koreangt,81,1
6139,1db45940-6236-11f0-aaac-83588ba99a5d,starddp,81,1
6139,17da1b50-629e-11f0-bbfa-65e8ef5c7ef9,보따리장수,81,1
6139,13e7b230-6a43-11f0-b7a5-333dfc345c53,플로버꿀깅이,81,1
6139,137572e0-6b08-11f0-bb12-2fec1548f0a3,김깅중,81,1
6139,13474300-626d-11f0-bcbb-714564b525f4,경이,81,1
6139,11d9de50-6444-11f0-b0d3-514122d47fb8,오드레옹,81,1
6139,11baf720-6240-11f0-9c23-457fcdeb3714,황진이,81,1
6139,10fe55d0-6aaf-11f0-b350-274e47244e62,ELyon,81,1
6139,0c8fc8c0-6628-11f0-ba0e-5d9d6daabc7d,ed,81,1
6139,04ab4a00-646e-11f0-b9a2-71a70b35ee88,개상이,81,1
6204,fc443d00-63e0-11f0-89b8-61a649941dd1,탄수,80,1
6204,f9183e10-61f6-11f0-8f57-d38927707cf0,곡괭이,80,1
6204,f8369bf0-69de-11f0-83c1-071402a58f9d,햄찌,80,1
6204,f19a54b0-6c42-11f0-911c-ef14c8fa6980,명규다혜,80,1
6204,e7ec5180-622d-11f0-93bd-4f6c20959660,비켜,80,1
6204,e7103270-69b9-11f0-a6d0-d7dbeaf9d9e0,청련,80,1
6204,e3a59a10-6380-11f0-ab9a-491699e5c818,하예민아빠,80,1
6204,e23b7710-6512-11f0-a092-cfb4e8946e57,시시컹,80,1
6204,d0abcd10-6440-11f0-8944-5327091948db,모지리,80,1
6204,d07ba640-6449-11f0-b3d6-0f89e1a2d28e,블랙마카,80,1
6204,cf224300-6555-11f0-a8f6-b9ccbcdd6c19,열정,80,1
6204,bf33ea80-62a2-11f0-9c35-45ef6a487d5b,대머리빻수리,80,1
6204,bc080350-6c84-11f0-8a72-87e644a355fb,pyooo,80,1
6204,b7480950-6bcb-11f0-bbec-d73ff901d46b,상빈,80,1
6204,ada6c390-6a0a-11f0-9416-6d61d44d7bd3,수유의아들,80,1
6204,a4862b90-6490-11f0-a086-85e9f4d94fe9,미블,80,1
6204,a131f970-653e-11f0-8799-a56030339d38,울지로,80,1
6204,9612f050-65cd-11f0-b5ae-9f72a71a5588,홍스,80,1
6204,84c4b400-66db-11f0-8929-4975c4efda4b,주식부자,80,1
6204,813488c0-6c07-11f0-aa6f-13c95d30e456,세화,80,1
6204,687fa0c0-637a-11f0-8b36-5752c058936c,끝판,80,1
6204,56168e00-6369-11f0-9145-a52c50a03179,오레사마,80,1
6204,552344e0-654c-11f0-9bfa-fbe46a729beb,순댕,80,1
6204,4d6c7270-652a-11f0-85dd-2db918fca576,세영이,80,1
6204,41c75e60-64d2-11f0-ad80-bf5616b7c1de,누가봐,80,1
6204,210ff0b0-6441-11f0-90f8-bb2e41176866,Mino,80,1
6204,19f9b590-63d3-11f0-aab1-5f3bbe175c3e,이건첫번째레슨,80,1
6204,0f381560-6307-11f0-a267-6f822e3259c1,한글a1,80,1
6204,0e961960-69f4-11f0-9416-6d61d44d7bd3,준준파,80,1
6204,0d026f80-6a40-11f0-a1c0-f953ad2a988a,하이보,80,1
6204,05f30af0-65dc-11f0-af8d-27ed9728107e,바아,80,1
6235,f296fe90-67ec-11f0-80b5-37d9567e926a,limahan,79,1
6235,eb1e1e10-684f-11f0-9f70-758f6a5c165e,레이프,79,1
6235,e5012920-62d5-11f0-a53e-f720860fcc8a,열빡크,79,1
6235,e3cba7a0-6c9f-11f0-80b2-df6a7b97e98b,과거의망령,79,1
6235,dce13400-6308-11f0-a53e-f720860fcc8a,MR1157,79,1
6235,d45810d0-63bf-11f0-ab4c-1749d25baca6,역사사랑맨,79,1
6235,d0c37d40-6781-11f0-ac22-89a616aaf971,또붕순,79,1
6235,baa52180-6a1f-11f0-9ccf-efc03aeeda2b,노박구,79,1
6235,aea783b0-68f7-11f0-adde-6fac48283273,청파호수20,79,1
6235,ac784890-69b0-11f0-8b3f-73b93d01f6b0,챠샤,79,1
6235,a2991ed0-6794-11f0-8c7f-63c7098c1960,차니스,79,1
6235,a26dac00-6244-11f0-9c23-457fcdeb3714,책속에,79,1
6235,9eec2b90-6232-11f0-9658-0db50d035217,인서울산,79,1
6235,92e22580-63da-11f0-b0c8-0be5c747fc57,뿌웅좌,79,1
6235,7a713f30-62ff-11f0-aafb-6f8fc69735d7,부가티,79,1
6235,77505360-64b0-11f0-9135-23d20257d3ed,짜장겜이니,79,1
6235,679fad30-631b-11f0-873a-61e5585b494a,멈털,79,1
6235,64c0b7e0-6586-11f0-aec8-2168088a1b29,전찬호,79,1
6235,649f3f50-6227-11f0-8853-493fc3ae34f0,정인철,79,1
6235,62e62800-6956-11f0-9f3a-d936e3ed6e3a,트레이닝,79,1
6235,61539460-6946-11f0-9867-bd921e23f0c2,그래도연주다,79,1
6235,5d29ba70-645c-11f0-934d-3b333a678e8e,규약,79,1
6235,4d5fbb00-63e7-11f0-8560-e9fc3c6ec99e,럼블w,79,1
6235,4208ded0-640f-11f0-a3ab-515b7dbdbb4f,설복이,79,1
6235,3f66e2d0-6d1a-11f0-b976-671badd129d8,쭈니파파,79,1
6235,3deec3b0-6404-11f0-83ae-cb0d7c1d5c99,한국사8등급,79,1
6235,3989f1b0-6b51-11f0-ae55-7d4f8e239d4a,황태,79,1
6235,38c8e280-65e9-11f0-8afb-9767d055c78a,이피푸,79,1
6235,3307b1e0-6540-11f0-8502-015c2c577c5f,호성,79,1
6235,20ea5220-6774-11f0-bfdb-11174ac9f1b0,차우천왕,79,1
6235,13dbac40-69eb-11f0-9ccf-efc03aeeda2b,비비드거스,79,1
6235,0c2dc310-63ed-11f0-a3c9-9f9256df83ae,파람비,79,1
6235,0b398760-6392-11f0-929e-756b01201a20,링고,79,1
6268,f76f8ba0-63ad-11f0-bbdf-4720f039de06,치타치,78,1
6268,e9ca3070-6a08-11f0-83c1-071402a58f9d,뉴욕제과,78,1
6268,e991c350-625d-11f0-807b-b56290a6427d,팥잔치,78,1
6268,e807c4d0-6677-11f0-8b65-97eb249c79b0,딩가리딩딩,78,1
6268,e5a6e240-6215-11f0-9813-b7579b20c221,추우면얼음,78,1
6268,d877fed0-64bb-11f0-a3f5-7917fe6f3bcc,구본신참,78,1
6268,bf4492f0-66ed-11f0-b905-616e286946a4,첫째백수,78,1
6268,bd5cc0e0-69f2-11f0-83c1-071402a58f9d,티티로,78,1
6268,afa7bfe0-6308-11f0-97ca-0d85e330204a,주주파파,78,1
6268,9a78cda0-6c7f-11f0-a8de-d7173687f0b3,디에러귱,78,1
6268,96a6d2c0-6bea-11f0-8749-fb5c8b4148d4,무적똘풍,78,1
6268,960f8310-650b-11f0-998d-6361b2224259,읍엑,78,1
6268,8e41b470-63b0-11f0-a58b-f92992047423,팡구,78,1
6268,88bc5740-6afd-11f0-b7d8-ab72e123535e,양치킨,78,1
6268,85e17980-6308-11f0-a53e-f720860fcc8a,성계리,78,1
6268,7caaa950-69e2-11f0-81d8-d75e58d916af,추노다,78,1
6268,76e5df60-663d-11f0-b4ee-39fec46309cd,찹쌀빠,78,1
6268,6f3c0230-648f-11f0-a086-85e9f4d94fe9,진한커피,78,1
6268,6c43a3e0-6a9c-11f0-9b9a-dfc16842ed10,진린윤,78,1
6268,6a91ca20-66f7-11f0-94fd-bd0b371894b0,지니예,78,1
6268,69b626d0-6c3f-11f0-bdaa-ad27fd640cb0,나으리,78,1
6268,60225240-66d3-11f0-ba08-213ff4d969af,자박사,78,1
6268,5e15e760-6c2c-11f0-a4ba-e76b80b49d26,찬영이아빠,78,1
6268,59795980-6394-11f0-b91f-cbca55a9af76,huni0716,78,1
6268,5635d070-6aa9-11f0-aabe-19fce0d146b1,비광,78,1
6268,4b5e0e50-686b-11f0-86da-d79ffde00deb,울림공명,78,1
6268,440f74b0-6445-11f0-b0d3-514122d47fb8,응애표류기,78,1
6268,3cd11af0-6391-11f0-929e-756b01201a20,김좌진,78,1
6268,277f7310-6966-11f0-a1f0-37d091d614b1,동평유니콘,78,1
6268,259749b0-67c7-11f0-ae6b-77e5f2546135,청해현,78,1
6268,198a9560-62e9-11f0-971e-0d9306189309,FACK,78,1
6268,183e5600-69de-11f0-83c1-071402a58f9d,봉곡이,78,1
6268,11b0c500-63a0-11f0-b91f-cbca55a9af76,료멘스쿠나,78,1
6268,11477c90-64f8-11f0-920f-d9bd8a2a820c,아이엣,78,1
6268,0e1e2d80-6ba5-11f0-a881-f9b2e221c870,허춘배,78,1
6268,054eb1b0-6a1b-11f0-9416-6d61d44d7bd3,지나가는바람,78,1
6268,0103de80-64be-11f0-bc9c-890ea1331a86,우치하사라다,78,1
6305,ff18da60-649c-11f0-adee-f719460c703a,빛바랜,77,1
6305,f65978d0-65ff-11f0-a41e-0df3579756f2,개강이,77,1
6305,ee0c31e0-6bb3-11f0-a8ce-570b9431e88d,포리망,77,1
6305,ea9f4f30-6c83-11f0-8acb-a35784198e45,츠흥,77,1
6305,e58af780-6844-11f0-99dc-7f152e4a9527,조은댕,77,1
6305,e51aa980-6ab5-11f0-97f1-7fc07927d956,CoolEZ,77,1
6305,e0642880-6d35-11f0-b976-671badd129d8,아티제,77,1
6305,e04a8df0-63dd-11f0-8ce7-05e1fc9cefd2,솧탓춋,77,1
6305,ddf81320-6c88-11f0-841a-133a0419da80,본파더,77,1
6305,d93a9e80-63ea-11f0-ad08-e5b877b85855,꺄미,77,1
6305,d9050250-6518-11f0-b0f9-9b13bf283379,H27,77,1
6305,d1b7d910-64f4-11f0-998d-6361b2224259,공천진,77,1
6305,cdd19900-6506-11f0-916c-37c7c848c417,석가모닝커피,77,1
6305,cb044530-6a09-11f0-9416-6d61d44d7bd3,진주진,77,1
6305,c70e6c50-6aed-11f0-b538-6192b34d2599,하마고무신,77,1
6305,c0381580-621d-11f0-9b80-6dacbd1dec23,현진표류기,77,1
6305,bf610310-6c68-11f0-a170-9bef9f6f0bca,스피디,77,1
6305,befc62c0-6c45-11f0-9179-a5e9bfe05064,소콩이,77,1
6305,b82debb0-62e7-11f0-bae8-c7f7552357d8,우유통,77,1
6305,b7df27f0-66e3-11f0-abbe-1b148ce1c918,이서방,77,1
6305,afc6ae00-6312-11f0-b4ac-230641ea7477,turee,77,1
6305,ad221010-63b0-11f0-8d07-390a61232108,방울,77,1
6305,acdbe840-6b64-11f0-b706-67c62533f428,수영장파티아리,77,1
6305,a8ccab80-6949-11f0-9052-8d763cf66f7f,뿡가뿡가뒤칙조앙,77,1
6305,a798b180-6379-11f0-ab23-17e3cb110c7b,진표류,77,1
6305,a296dfc0-63c1-11f0-bb86-97bdb11e4eed,다미아빠,77,1
6305,a033ab10-6474-11f0-8635-9b357c4f24b0,주누15,77,1
6305,9db9a200-6211-11f0-8954-d1ddcca9d272,우인정,77,1
6305,9a3ca840-69bc-11f0-86e2-d3a55f318685,오이맛쿠키,77,1
6305,9a3b86f0-6673-11f0-ba90-31fb5fd677bf,치나마나,77,1
6305,934ccd90-6b82-11f0-b12d-131ac73060ee,길동이스,77,1
6305,834ac8a0-65f3-11f0-9b05-13e70242b365,형선,77,1
6305,82bcf200-68dc-11f0-bd47-cf3af6acce80,문단,77,1
6305,7ddb3890-6649-11f0-81af-5b0af15a39e7,공갈빵,77,1
6305,7b1289e0-629f-11f0-9d63-a32400f43d8e,카다로스,77,1
6305,713db680-644b-11f0-8944-5327091948db,빠삐,77,1
6305,6d49fda0-6639-11f0-9293-2f108164e9cc,동엄,77,1
6305,68a84980-639d-11f0-9e16-f1cd993522e6,curi,77,1
6305,682e51a0-6368-11f0-9145-a52c50a03179,도한,77,1
6305,67b91eb0-6c89-11f0-8ef9-23bb1d5661a0,개장수,77,1
6305,66d715c0-630a-11f0-b218-43a24c54b5c1,완결,77,1
6305,5fd936f0-6444-11f0-ba26-c559d1541584,제로로,77,1
6305,5e279cd0-69ca-11f0-a669-cf0eea211da7,해이니,77,1
6305,5da66f30-6a28-11f0-9602-81ee37d26bd9,호객꾼,77,1
6305,578f2440-6369-11f0-899c-ed58ed9d92cb,떤보리,77,1
6305,52828880-6a11-11f0-87cd-13cc90e29527,비치,77,1
6305,4dca8ff0-63d5-11f0-8ce7-05e1fc9cefd2,홍길동후손,77,1
6305,4c879270-6a95-11f0-8032-c32c225a07c5,못참아요,77,1
6305,49e6ee60-6a7e-11f0-a2df-991efc0d0138,흰산,77,1
6305,4669aa90-6c57-11f0-8009-99d4c032fe19,공방,77,1
6305,454fb520-6b51-11f0-89d8-0101a6b6342f,플라뇌르,77,1
6305,444be470-6695-11f0-81e8-61a96fc572eb,아몽몽,77,1
6305,414a74f0-6c1f-11f0-98cb-9992c3b823e7,울릉도표류기,77,1
6305,40dad320-6751-11f0-b6f9-9341b272f2ff,kang00,77,1
6305,3b6fd190-6c76-11f0-8805-b3f3a74e8613,은쿠,77,1
6305,37561ce0-6a00-11f0-87cd-13cc90e29527,휘야,77,1
6305,31bfa830-63e5-11f0-96dc-5f8ee1571586,유즈,77,1
6305,2fe7a150-643c-11f0-a251-e56ed152b188,아이디어,77,1
6305,1ba538b0-6441-11f0-8944-5327091948db,따루,77,1
6305,166acdd0-63a4-11f0-b630-4f8dc5617c79,쏘쭈,77,1
6305,13bdcf30-6244-11f0-aea6-017f61b8a1f3,뚱피,77,1
6305,05a97590-646d-11f0-9969-437e63fe5696,릥릥,77,1
6305,041a9950-6a2d-11f0-a0bd-d7139a11b28b,딴딴이,77,1
6305,0165d480-6646-11f0-ad26-6b5c4b63d649,경호다,77,1
6305,011e9d40-6420-11f0-a3ab-515b7dbdbb4f,저녁,77,1
6370,fe336ee0-6c5c-11f0-802b-15be0af62600,채원혜원아빠,76,1
6370,f6d70870-63ea-11f0-8020-f5459965fc61,을지,76,1
6370,f4f8cb50-6265-11f0-9eb5-cf396344702c,유니투스,76,1
6370,f10c0720-674f-11f0-a3b5-cb7d513a283d,kaiser,76,1
6370,f00a45d0-64a2-11f0-ac20-8734dac19833,유은파파,76,1
6370,ecb0f760-6ba2-11f0-8f80-79c9c37e8ee5,렌코쿠쿄쥬로,76,1
6370,ebfd8250-6401-11f0-bcbf-2b7f0b4e55b1,구아,76,1
6370,ea75c5d0-6c91-11f0-ace7-abc310f14338,성난곰탱이,76,1
6370,e67287f0-621b-11f0-9813-b7579b20c221,Tiger489,76,1
6370,e3ffb620-652f-11f0-a092-cfb4e8946e57,소간지,76,1
6370,e3c35750-67ca-11f0-b7d4-2f5c76a5f34a,수비니남편,76,1
6370,dcfc5ba0-6451-11f0-9bbb-977d07f6b3d2,뽀이,76,1
6370,dc3e6120-6575-11f0-bd18-ef999b45db65,밀키스,76,1
6370,d5090430-65d6-11f0-8291-9955d484da31,터진크림빵,76,1
6370,d2b10270-63bd-11f0-b6ab-ab1d57efd9b6,또봉,76,1
6370,d26d2f10-69c5-11f0-86e2-d3a55f318685,맹아,76,1
6370,d2082860-63f6-11f0-97e6-8bc4d9a11426,광천문무익황제,76,1
6370,d15b5ae0-6428-11f0-83ae-cb0d7c1d5c99,랏유,76,1
6370,d0f441e0-67dc-11f0-bb71-090a139da64b,솧툇퇴티잉춋,76,1
6370,d073b530-6484-11f0-a086-85e9f4d94fe9,할라피뇨,76,1
6370,d06764f0-63db-11f0-8ce7-05e1fc9cefd2,두껑,76,1
6370,cfd367f0-6831-11f0-b2fd-9d1d445c08a1,부농맛,76,1
6370,cf586ea0-674c-11f0-a764-331beb7dec8b,도전하는거지,76,1
6370,ca303ae0-676d-11f0-a56e-350f62dee2d1,공공15,76,1
6370,c7182260-6370-11f0-b361-89751b9f7bfc,도시의천사,76,1
6370,c5e753d0-663f-11f0-a51f-e57d0e757549,bawoo,76,1
6370,c51aaed0-63eb-11f0-b2cb-f71edb30a51a,조이하늬아부지,76,1
6370,c1d0b020-61cb-11f0-a6f7-c3d0cd985819,투스카니,76,1
6370,bfd93c40-6ae7-11f0-81c8-df68c1af4b53,밍나,76,1
6370,be47bb30-6bb5-11f0-a8af-f73a307a4a56,흠흠흠123,76,1
6370,bc1d9920-694d-11f0-9c6c-658573885763,할게없누,76,1
6370,bba548c0-6453-11f0-9bbb-977d07f6b3d2,메머드,76,1
6370,bafa5a10-6aa6-11f0-b350-274e47244e62,망똘,76,1
6370,b881cc80-67d3-11f0-a86b-6be161d85452,비휴인,76,1
6370,b49223f0-6c82-11f0-8805-b3f3a74e8613,플라티,76,1
6370,b1b24c90-6ac1-11f0-aabe-19fce0d146b1,Gbear,76,1
6370,aed67980-69d4-11f0-83c1-071402a58f9d,이의방,76,1
6370,ad31c070-6250-11f0-8535-59b53ff152b7,측지반장,76,1
6370,ad110650-64f3-11f0-998d-6361b2224259,쐧줷쥺,76,1
6370,abc388d0-6a03-11f0-87cd-13cc90e29527,아큐브,76,1
6370,a5fbc550-6203-11f0-abc2-914425398299,진로,76,1
6370,a49ec5f0-62ca-11f0-a655-3f20d48333c3,MasterK,76,1
6370,a3d624d0-66a6-11f0-bbca-cb910a6526e3,강아지풀,76,1
6370,a358cc40-6329-11f0-bd91-910ab5255abf,하태균,76,1
6370,a32106c0-69f5-11f0-9ccf-efc03aeeda2b,프로버블리,76,1
6370,a29904e0-657d-11f0-abea-2d9e1aed9d17,꽃게,76,1
6370,9da36ae0-63d2-11f0-b0c8-0be5c747fc57,난세영웅아,76,1
6370,976656a0-68d3-11f0-bf27-69600f7373fa,블러비,76,1
6370,90118640-68f1-11f0-8ce4-a510d1bb675b,멸치국수야미,76,1
6370,8dbd9180-663b-11f0-81af-5b0af15a39e7,티모대령,76,1
6370,89d40d70-6329-11f0-9a9d-576877acc917,그리고전설로,76,1
6370,895129f0-63ba-11f0-b61d-bf523f01bcd1,식식,76,1
6370,85feb1a0-69af-11f0-9567-3b74e61607c2,러브유애나,76,1
6370,85b0ada0-6399-11f0-9b51-d36a85c863a7,짧은부리펭귄,76,1
6370,80055bd0-665a-11f0-8bf6-afeec62e00c0,우다리,76,1
6370,7fd59cd0-66a8-11f0-94de-07aeca620138,니로베,76,1
6370,7c63aa00-6618-11f0-9bc2-75dc4ebbb217,리엠,76,1
6370,7b901e90-6471-11f0-9e27-35530581f5ae,srgaon,76,1
6370,79b1ab80-647a-11f0-bb5e-79bc0c4c5953,qplaying,76,1
6370,778296e0-6253-11f0-ba61-57b32c8fdcaa,파라다이스,76,1
6370,7705c490-6239-11f0-bbfd-8564365ef7ff,맹이견,76,1
6370,74a4c600-63ed-11f0-990b-3fc68f8c80ee,마솔찬,76,1
6370,6fd10020-6498-11f0-91af-e789610f26b8,란장군,76,1
6370,6d45a040-651a-11f0-b0f9-9b13bf283379,두유마싯다,76,1
6370,6d3e6290-6a23-11f0-81d8-d75e58d916af,진상김군,76,1
6370,6d12abf0-6573-11f0-b5ae-9f72a71a5588,자몽주스,76,1
6370,6a5c8210-6301-11f0-9d37-116e48b00c39,빛광,76,1
6370,64377440-6210-11f0-abc2-914425398299,오고곡라떼,76,1
6370,633fada0-6a9e-11f0-b350-274e47244e62,피의그림자,76,1
6370,61c339c0-6980-11f0-9567-3b74e61607c2,게롤트,76,1
6370,5d7864e0-6547-11f0-afd8-b7e248c08716,하얀악어,76,1
6370,550f0100-6485-11f0-b749-97e97e025ce2,리치다,76,1
6370,547c6a50-692d-11f0-9d09-51a05e911294,파라,76,1
6370,52460790-6375-11f0-93a2-07eee2598884,씩씩한호랑이,76,1
6370,4efe76f0-6ce7-11f0-b576-9bb105869bcb,워너비,76,1
6370,4c3e51f0-6496-11f0-aedf-55b71a55f5ce,꼬리아홉개,76,1
6370,4bee2520-6a33-11f0-9735-150235d09691,토치뚜치,76,1
6370,4b2d7b70-6689-11f0-8b65-97eb249c79b0,하라아,76,1
6370,4a0d3970-638b-11f0-9d16-bb143e847efe,동방고방치도태남,76,1
6370,48823ba0-62e6-11f0-8567-d9cb9900f794,검찰,76,1
6370,47a62a20-67e1-11f0-9a8a-bd13830ecd07,정어리,76,1
6370,455d2400-643d-11f0-a580-6783cb326665,연필,76,1
6370,42ca1f10-6427-11f0-a684-2b9cd36018bc,와레싹싹김치,76,1
6370,343f9f30-62db-11f0-abb7-dfe59be0a084,상너매거,76,1
6370,33e44720-64fc-11f0-998d-6361b2224259,ethu,76,1
6370,330d4400-637b-11f0-ab23-17e3cb110c7b,후끈이,76,1
6370,328d1120-6855-11f0-9858-4f568ed316af,polpol,76,1
6370,29b77d50-6577-11f0-94e1-9148d7950b64,야낫,76,1
6370,28254400-6779-11f0-ab88-a5c9739f629f,흠그정둔가,76,1
6370,28125980-66cf-11f0-a449-c98935b346b0,흐켱,76,1
6370,23a8ad40-6981-11f0-a6d0-d7dbeaf9d9e0,도사김몽키,76,1
6370,231f44e0-6492-11f0-8e6e-45b04a534d66,유에피아,76,1
6370,202f9250-63be-11f0-b6ab-ab1d57efd9b6,대파,76,1
6370,1eb909a0-6608-11f0-a954-17a0435dde3a,장경철,76,1
6370,1995cd90-6429-11f0-a684-2b9cd36018bc,3일공포,76,1
6370,18a6c260-6418-11f0-83ae-cb0d7c1d5c99,백호우사,76,1
6370,10f3c270-64a4-11f0-a845-496ab271568b,호빵제빵,76,1
6370,0fc20000-6432-11f0-9143-05b731683243,류루,76,1
6370,0fbafdb0-696d-11f0-af0f-31e2d93ddc9e,Lucifer,76,1
6370,0e970c30-6440-11f0-8c7c-4d27a30a0549,하이강,76,1
6370,0c171a60-6a1a-11f0-83c1-071402a58f9d,jints,76,1
6370,0b0feda0-6406-11f0-a3ab-515b7dbdbb4f,핑보,76,1
6370,0a091e80-6362-11f0-ba6d-31d76c70e10b,수제양갱,76,1
6370,08993910-6a2c-11f0-81d8-d75e58d916af,하니카,76,1
6370,06305550-635b-11f0-ba6d-31d76c70e10b,세가,76,1
6370,04ae82e0-6c04-11f0-948b-913c7c2d582b,능소운,76,1
6370,03a60990-6c72-11f0-b16a-699a6afe77a2,시틀라리,76,1
6477,f8fc3f10-624d-11f0-807b-b56290a6427d,투빈,75,1
6477,f522b340-6af1-11f0-a101-2f71d3d479db,거돌이,75,1
6477,efb73a30-62e9-11f0-971e-0d9306189309,이곤저곤,75,1
6477,ec161131-63f2-11f0-b2cb-f71edb30a51a,요셉스님,75,1
6477,d3c7f790-6287-11f0-9eb5-cf396344702c,해쌀드리,75,1
6477,c68b7b40-644b-11f0-8944-5327091948db,조현,75,1
6477,b0d0c880-6bb9-11f0-a09a-b7f0a9a566a2,낙혈화,75,1
6477,ae204090-643c-11f0-9143-05b731683243,차오즈,75,1
6477,a1b238b0-650c-11f0-998d-6361b2224259,단군왕건,75,1
6477,960ed8b0-64bc-11f0-b991-dd3659cb9d59,남혁,75,1
6477,93deb2c0-6ad1-11f0-9ebc-25f4c2b0a5e6,흥선,75,1
6477,8a437850-64ae-11f0-b5c8-a523170b964a,심심9,75,1
6477,81531460-67c1-11f0-a86b-6be161d85452,이뇽이,75,1
6477,76c50ee0-6235-11f0-b62c-3b68caacaa4a,쿠키펀치,75,1
6477,6fad4510-62e3-11f0-a9e2-bd6cd50a5a78,현천,75,1
6477,6ba01070-68a5-11f0-9f59-43e0c9aecd40,윈터실버,75,1
6477,68256530-61ed-11f0-9346-a503da0bb554,악마귀,75,1
6477,61594170-6bfe-11f0-aa6f-13c95d30e456,햐룽,75,1
6477,5fee8350-64aa-11f0-829b-d50781ca76af,항동123,75,1
6477,5c9b9df0-63dd-11f0-b5a1-97526412eaf0,우준이,75,1
6477,5c1bc6e0-649e-11f0-b514-0be50f2b30c9,희주조1개,75,1
6477,56fed760-64b7-11f0-8531-17ace7b5407b,갓멸,75,1
6477,564512f0-6c7b-11f0-bb12-f394c5e7b677,sappo,75,1
6477,54a460d0-62ef-11f0-bc15-e18c71e625bf,한화에너지,75,1
6477,49122e50-6a33-11f0-a61f-ab8e09870683,good2025,75,1
6477,3a883a70-6a36-11f0-b240-73dc203c5080,완윅,75,1
6477,38d4afe0-6358-11f0-ba6d-31d76c70e10b,무신객잔,75,1
6477,295812c0-6257-11f0-a7b6-cf18c18dd85f,abc초콜릿,75,1
6477,234003b0-631b-11f0-8d40-dfc9f921e722,ANSISUNG,75,1
6477,226ad810-696b-11f0-94b5-97a06e9fc5a3,핑가,75,1
6477,21931970-6c4f-11f0-9123-4f6ce6de2b0b,싹쓰리,75,1
6477,19ffb540-6521-11f0-85dd-2db918fca576,Godsj,75,1
6477,0c723a30-63ad-11f0-a110-bf1368febfaf,달밍,75,1
6510,fa844741-68f3-11f0-82a4-059d2fef0171,정경인,74,1
6510,f7962520-6c6e-11f0-8acb-a35784198e45,찌니파파,74,1
6510,f522d7e0-6b81-11f0-ab9f-397a5ee4956d,개와늑대의시간,74,1
6510,f4c7e4e0-6887-11f0-92fb-431422c513ae,I홍길동I,74,1
6510,ee003770-6733-11f0-b696-57f6be140e14,불꽃주먹에이스,74,1
6510,e5e8d1b0-63e0-11f0-981c-6918ebc09e55,철야,74,1
6510,e4b7a2d0-6750-11f0-a764-331beb7dec8b,요다남,74,1
6510,e3d739f0-6608-11f0-8cbe-319b644384b7,슈퍼김동석,74,1
6510,dce0d4d0-6487-11f0-a2a2-198016fcfd59,세나계,74,1
6510,dc146b30-64d6-11f0-ad80-bf5616b7c1de,현강,74,1
6510,d7aafd60-6464-11f0-baaf-45c3a00048ee,초록마을,74,1
6510,cd51a780-675f-11f0-90a9-8122dc0c48db,초탈,74,1
6510,cd0594e0-6231-11f0-bbfd-8564365ef7ff,유다,74,1
6510,ca14bd60-684e-11f0-9f70-758f6a5c165e,공부는내일부터,74,1
6510,bbd71050-68f7-11f0-b6e5-1f4abc2a195f,내사드,74,1
6510,b874b2c0-6265-11f0-9eb5-cf396344702c,장산범,74,1
6510,aeff4950-6c68-11f0-82cb-0701b224c99b,이기원97,74,1
6510,a86b0fe0-6b80-11f0-b486-2dfe22f5eff0,흑숭오숭,74,1
6510,a59a0b40-638d-11f0-9b51-d36a85c863a7,북경,74,1
6510,9d713320-63d9-11f0-b0c8-0be5c747fc57,태정태,74,1
6510,96e6a2e0-643f-11f0-a17e-b17c10bc01ed,페리카나버스,74,1
6510,8f7088f0-63db-11f0-b5a1-97526412eaf0,마법주문,74,1
6510,8bacf6d0-6b66-11f0-b706-67c62533f428,95819,74,1
6510,87c30c20-6d0b-11f0-9497-07950a6b2df0,꿀복동이,74,1
6510,878ba100-6b61-11f0-8524-1595d8750a8c,닥치고한방,74,1
6510,865fe4e0-66c4-11f0-94a5-5dfa3d0e1274,마당쇠,74,1
6510,86134c00-6315-11f0-a53e-f720860fcc8a,아스트로빠스떼,74,1
6510,78649f00-64af-11f0-b5c8-a523170b964a,선이,74,1
6510,767d2200-6a9c-11f0-b350-274e47244e62,현워리,74,1
6510,74fae2e0-6309-11f0-b974-4ba43f735b03,뭉뭉,74,1
6510,70c0a1c0-6c63-11f0-a736-cb4f7c468586,깐쭌짱,74,1
6510,6f67af10-642c-11f0-bd35-9758a7be9318,대동여지도,74,1
6510,6f10a900-62b9-11f0-bf6e-91ab11ffb732,릴리루비,74,1
6510,5018f100-657b-11f0-aff4-db0d61529086,기비단,74,1
6510,48512f61-637c-11f0-9eda-a741004f5288,깜블,74,1
6510,46b1b5f0-6b2c-11f0-a330-131715eca8b9,럭희,74,1
6510,417231d0-63c7-11f0-bb86-97bdb11e4eed,양이도니,74,1
6510,3e97fe10-6cee-11f0-9f02-6f2f23df42c0,술먹고갈배,74,1
6510,2b7b8480-68e5-11f0-a559-7966cc3307d7,여와,74,1
6510,2545cbf0-6522-11f0-8799-a56030339d38,블인,74,1
6510,21ff0230-6a00-11f0-81d8-d75e58d916af,끄기,74,1
6510,210079e0-6af0-11f0-92e1-394a8ca307ec,무엘,74,1
6510,1d120750-624d-11f0-807b-b56290a6427d,전혜빈,74,1
6510,18b1b8b0-6435-11f0-9143-05b731683243,아진,74,1
6510,04ae0200-63d2-11f0-b0c8-0be5c747fc57,유건,74,1
6510,046598e0-6ad9-11f0-b538-6192b34d2599,골드감순이,74,1
6510,02813171-6547-11f0-8b28-e3440b81a048,카니발,74,1
6510,00a9af70-68c2-11f0-8188-61fc44a09398,김연동서남북,74,1
6558,fa7974b0-6307-11f0-8789-01a83cd073e7,오길동,73,1
6558,f4009750-6ce7-11f0-9e58-53e7354b3d63,또롱또롱,73,1
6558,f2f2e090-6312-11f0-a4e8-37a0c8f9bd22,만술,73,1
6558,f1fd0840-63a9-11f0-9e98-299d606b6be2,Mr미치광이,73,1
6558,f0f7aa70-6a31-11f0-a0d6-e36c8c2a9817,솧튓춋,73,1
6558,e7b04690-6a07-11f0-83c1-071402a58f9d,어옹,73,1
6558,e5150260-639d-11f0-929e-756b01201a20,고양이앞발킥,73,1
6558,d4535f80-6578-11f0-94e1-9148d7950b64,서계동월급쟁이,73,1
6558,ce3ad031-6508-11f0-ada0-5d42ab9007c0,뽀끔밥,73,1
6558,ccbff5d0-6983-11f0-9567-3b74e61607c2,알라대장,73,1
6558,cc86b6e0-6892-11f0-8a2e-739305bc1e9c,에이다,73,1
6558,cba63a00-6344-11f0-97d7-efff12aed0ab,빗살,73,1
6558,c95a17d0-67bd-11f0-8095-01730df73963,돼지의여행,73,1
6558,c914cbe0-6c67-11f0-b2f6-7b18550a3656,백운곡,73,1
6558,c3d658c0-630b-11f0-b974-4ba43f735b03,cone,73,1
6558,b55df340-658e-11f0-9adf-1d806649f7f0,두이,73,1
6558,b4808110-64c9-11f0-846f-13edae8f7606,조씨표류기,73,1
6558,b0ffe120-639d-11f0-929e-756b01201a20,마이구미,73,1
6558,aadb05d0-6b7d-11f0-b443-99d5139c8491,미쮸남푠,73,1
6558,a892f8f0-63da-11f0-b5a1-97526412eaf0,딥키스,73,1
6558,a671ba70-66aa-11f0-b867-2b5d4785fc1c,갈색보리,73,1
6558,a0f90cd1-6928-11f0-bd01-4f9a91cb3d54,김갱씨,73,1
6558,998685c0-6529-11f0-a092-cfb4e8946e57,노상식,73,1
6558,982ef2d0-646a-11f0-9929-49fcfc223a08,뭐꼬샤끼,73,1
6558,9336f800-6234-11f0-b39b-83baee39a81f,정보,73,1
6558,9245c080-6300-11f0-a53e-f720860fcc8a,규규링,73,1
6558,91e53db0-6534-11f0-85dd-2db918fca576,빅스,73,1
6558,8c68bd50-67a3-11f0-8ed0-55df2077ceb7,담코,73,1
6558,8bd5cf70-661f-11f0-ba0e-5d9d6daabc7d,로켓트,73,1
6558,8496a820-6407-11f0-a684-2b9cd36018bc,은구기,73,1
6558,7a97eba0-66d1-11f0-ba08-213ff4d969af,랑꼼,73,1
6558,74f24010-62f8-11f0-a53e-f720860fcc8a,당진,73,1
6558,723864b0-6831-11f0-bb71-090a139da64b,난달팽이,73,1
6558,6a058960-6b0d-11f0-8f4d-6330363bf47b,잉구,73,1
6558,69a46f30-625d-11f0-bddd-0f1b62ebaf6e,무결,73,1
6558,62706360-63d2-11f0-b0c8-0be5c747fc57,배양골김이장,73,1
6558,6014ab40-6a84-11f0-97df-4b76eb1e1edb,이레,73,1
6558,5f774990-6962-11f0-8a8c-e705cbe6ed4d,Corn,73,1
6558,5dae5df0-6413-11f0-a3ab-515b7dbdbb4f,마금느,73,1
6558,59784691-626c-11f0-9eb5-cf396344702c,대부,73,1
6558,5851b4d0-6c18-11f0-aed5-0bf4d0a3552b,어머나다,73,1
6558,4fdb5ea0-6632-11f0-8dc5-0ba92d25bd16,대단킴,73,1
6558,44e971b0-63dc-11f0-9a87-810a40a679fa,웅스,73,1
6558,449b8ae0-6670-11f0-8d91-67464caa9884,마파두부덮밥,73,1
6558,40ec4620-683f-11f0-b297-a75635c318ec,더기덕,73,1
6558,408148c0-6330-11f0-ba6d-31d76c70e10b,양녕대군,73,1
6558,362b5030-6468-11f0-82c1-d1354574f8a3,바밤바스무디,73,1
6558,35eeb0b0-6adc-11f0-887f-c18cdf79257d,KKY,73,1
6558,26689690-645d-11f0-8df0-a9be6ca1bee2,밍챠,73,1
6558,2502d310-6570-11f0-b5ae-9f72a71a5588,스슷스,73,1
6558,23fe1840-6c4a-11f0-bdaa-ad27fd640cb0,그라지랑,73,1
6558,232d3c90-661c-11f0-af0d-077471ee5827,폴폴이,73,1
6558,20f1bee0-66f5-11f0-b905-616e286946a4,탱키,73,1
6558,1fa02910-64ba-11f0-8112-e9bf866e152e,다히,73,1
6558,1bdea200-661f-11f0-8af8-af83b80f6378,HaeNa,73,1
6558,1b832df0-6703-11f0-a3d4-43ebc2e41e55,곤조통,73,1
6558,190385d0-6b12-11f0-b8ff-3344b109df80,어누,73,1
6558,139c6050-699e-11f0-a6d0-d7dbeaf9d9e0,천마환e,73,1
6558,10ede570-65a9-11f0-8de7-713c959a95d8,순이삼촌,73,1
6558,0ebed130-63cc-11f0-8f11-17371de17e69,티슝,73,1
6558,0d32ea70-6513-11f0-8799-a56030339d38,도윤entp57,73,1
6558,0cf0ff00-658d-11f0-a447-7b87eaaa2ed7,한이,73,1
6558,0cbe8ce0-67c8-11f0-ad06-bdc4c662d62f,으랏차차식이,73,1
6558,0130f870-69e1-11f0-9416-6d61d44d7bd3,쿤둔,73,1
6622,fb16ccf0-6295-11f0-bcbb-714564b525f4,새하,72,1
6622,fb15e430-6235-11f0-bbfd-8564365ef7ff,느드소,72,1
6622,f6186af1-64bc-11f0-bac8-c1efd8a8ec20,한민수,72,1
6622,f59d3180-633d-11f0-a70b-97528033efd5,신유승,72,1
6622,f2175a40-6239-11f0-a73e-efd8221a47bb,이나꼬,72,1
6622,ec094340-69c1-11f0-a6d0-d7dbeaf9d9e0,다우,72,1
6622,eb84e300-668a-11f0-aee9-63d133f73255,철혈마신,72,1
6622,ea681230-6275-11f0-bcbb-714564b525f4,GUCCI,72,1
6622,e950b1f0-675b-11f0-b418-83c133a430b5,잇쉬,72,1
6622,e858ef50-6388-11f0-8f97-2d546a0fbaf9,동타안,72,1
6622,e7b5ef80-623e-11f0-9b9e-13c7a7dd6c88,연기,72,1
6622,e5a15fa0-6468-11f0-b9a2-71a70b35ee88,개떠기,72,1
6622,e29d1e50-647e-11f0-bd3a-59ec6d6002f0,주주헌,72,1
6622,e0a32450-63d4-11f0-9a87-810a40a679fa,트와이스,72,1
6622,de4849e0-625f-11f0-8dd0-1d2a50e638cd,가라사대장,72,1
6622,dc1e44a0-65e6-11f0-9981-a5439162f975,물물수녀,72,1
6622,d995f3b0-62d3-11f0-b968-b15002a4efc3,역지,72,1
6622,cf220a00-67c8-11f0-ad14-65e61f3d57c6,SPARO,72,1
6622,cbba2450-64fe-11f0-89c4-91955faa19a3,지나2,72,1
6622,cb76ec60-63e3-11f0-8ce7-05e1fc9cefd2,tnals,72,1
6622,cb160880-63b3-11f0-aab1-5f3bbe175c3e,아맘니,72,1
6622,c94e89f0-63ea-11f0-968a-57d5a12ffb1a,나르시스,72,1
6622,c458f760-63e9-11f0-b2cb-f71edb30a51a,짱짱맨,72,1
6622,c399cd30-6485-11f0-bbfe-0d14bcd852b5,박무소,72,1
6622,c3326160-6bef-11f0-94d6-459e052e1371,allkille,72,1
6622,c30586c0-6796-11f0-96a3-63b92fc00f1c,내버,72,1
6622,c28ea150-6c31-11f0-9d81-e7c0c7be48b2,민재아범,72,1
6622,c2510c90-6561-11f0-94e1-9148d7950b64,닮아대사,72,1
6622,c2238140-69b1-11f0-ae45-45a8c20b2c3a,미르밀,72,1
6622,ba7810e0-65a7-11f0-adab-e3842e797e8d,검은별빛,72,1
6622,b90ed500-6588-11f0-b7e3-fb434d59fc04,춘식구이,72,1
6622,b85e4070-6419-11f0-83ae-cb0d7c1d5c99,유근,72,1
6622,b7c48ea0-6570-11f0-90c5-555ab05ea06b,sun0,72,1
6622,b234ac20-62e3-11f0-971e-0d9306189309,이나영,72,1
6622,b1508bf0-625a-11f0-98d2-c5ba3f452be0,달지,72,1
6622,b0805720-652d-11f0-8799-a56030339d38,학전,72,1
6622,aff2bc00-644f-11f0-a4e4-a9524a101bbb,감자조림,72,1
6622,a605d590-6573-11f0-94e1-9148d7950b64,판도라3,72,1
6622,a4147040-696d-11f0-bc56-3d09b4cf96b9,은혜받은,72,1
6622,9ce79a30-656d-11f0-90e8-49468324a8de,살롱,72,1
6622,9c196400-6318-11f0-9d30-a1884d59ed55,레노버,72,1
6622,949ed4c0-644a-11f0-8944-5327091948db,김희범,72,1
6622,8e1cc8a0-64b3-11f0-8531-17ace7b5407b,도미니크,72,1
6622,8cc730c0-6d24-11f0-812a-d364660ceebf,우주도담,72,1
6622,8c64a070-6768-11f0-9ee8-11faeeaf74d3,나성우,72,1
6622,8808d100-6663-11f0-bc55-a5513d849ef9,라즈,72,1
6622,87432660-682c-11f0-bb71-090a139da64b,푸른호랭님,72,1
6622,7e731070-6504-11f0-ada0-5d42ab9007c0,니르,72,1
6622,6cc6cf10-6ac7-11f0-acc3-61842f55afc6,winter98,72,1
6622,6c613e30-6ac1-11f0-b02c-d5017a532635,쭈야남푠,72,1
6622,69aa6fc0-6528-11f0-a2f9-538e8d8649bf,ddolbbac,72,1
6622,68d399a0-6429-11f0-83ae-cb0d7c1d5c99,그냥잠시,72,1
6622,679f0c90-62fd-11f0-aafb-6f8fc69735d7,통풍,72,1
6622,64fc2c60-6227-11f0-8853-493fc3ae34f0,조규성,72,1
6622,5f0a8450-6a2e-11f0-a0bd-d7139a11b28b,미워,72,1
6622,5e447140-64b4-11f0-9831-814864615b45,극한의가디언,72,1
6622,5c199f20-682f-11f0-9761-51cebb951ef6,퇴견,72,1
6622,5b53b150-6a43-11f0-b350-274e47244e62,정황,72,1
6622,5a427b10-6382-11f0-ab9a-491699e5c818,자손,72,1
6622,57c88f20-6cfe-11f0-974b-27baa6d4efcd,초시계,72,1
6622,5686fb00-66f6-11f0-9d75-1fd8178eda43,투빛,72,1
6622,5648e7f0-6482-11f0-a086-85e9f4d94fe9,트루디,72,1
6622,553e94c0-66af-11f0-aa41-b34b5c1d14b7,parkndk,72,1
6622,5514d220-6c40-11f0-a73a-89eac715ce01,바카무리핑,72,1
6622,53b6b610-645b-11f0-8670-973d055b2505,최후의전사,72,1
6622,53537150-6464-11f0-9024-4f0c4715c0e6,ppkn6348,72,1
6622,4f65b180-6837-11f0-a307-57a9532db1b8,예삐짱,72,1
6622,4e853a60-6346-11f0-ba6d-31d76c70e10b,mocusura,72,1
6622,4b84e4c0-6ce0-11f0-9556-4b4748d6ac26,영배,72,1
6622,4b7d29c0-6c76-11f0-a8de-d7173687f0b3,행행,72,1
6622,4b1dc300-6423-11f0-89c3-81bc4ed5aa4e,마티,72,1
6622,4a3dec00-6570-11f0-94e1-9148d7950b64,다빈치,72,1
6622,482ee2a0-6432-11f0-93b5-9bbe54f3643d,챔챔2,72,1
6622,4519c080-648c-11f0-9e55-714c36f08739,윤슬이,72,1
6622,4306a5e0-6727-11f0-a3b5-cb7d513a283d,흑적랑,72,1
6622,41050a40-6a2c-11f0-83c1-071402a58f9d,몽스타,72,1
6622,3edf72e0-6802-11f0-82b6-93a73aef044c,아리멜,72,1
6622,3b6a1070-640b-11f0-877d-c952436514c7,안헤도니아,72,1
6622,3b046bf0-6c7e-11f0-b06f-1bb3858adc4b,보쥥,72,1
6622,37f38d60-6305-11f0-af00-9b7f567d02d1,챔프,72,1
6622,35041bc0-650c-11f0-a008-3d1038308b91,모던마인드,72,1
6622,301b60a0-6c41-11f0-bdaa-ad27fd640cb0,까치산겨발자,72,1
6622,2f6eedd0-69ed-11f0-9416-6d61d44d7bd3,지녁이,72,1
6622,2b393670-6697-11f0-a8c0-a96b3c973cc3,크루아나,72,1
6622,27e4a8a0-6765-11f0-87c3-0b4217e01a7d,OOBESTOO,72,1
6622,27582380-6459-11f0-ae17-6fdd4e1dac80,볼빨간조세호,72,1
6622,274f9460-625e-11f0-bddd-0f1b62ebaf6e,포도토끼,72,1
6622,267a7b40-6439-11f0-93a4-af3680a69719,다욧현,72,1
6622,1c3d99c0-6be4-11f0-b887-f58f7dbc998b,꽃님이,72,1
6622,16fda520-681c-11f0-a432-f5a269c347d6,밍구기,72,1
6622,0ec90a50-621f-11f0-9b80-6dacbd1dec23,깡만,72,1
6622,0d1ed440-63b5-11f0-8f63-fd02b502cb0c,산소통,72,1
6622,0ab44f00-63d8-11f0-8ce7-05e1fc9cefd2,루블리커,72,1
6622,09193bc0-64cc-11f0-846f-13edae8f7606,빙백,72,1
6622,05eb34e0-627d-11f0-adc6-455e8908a1ee,표창,72,1
6622,01666710-62e0-11f0-971e-0d9306189309,기산보안관,72,1
6622,011de781-6400-11f0-80a2-ab8ec4e5a500,남제,72,1
6719,ff4a1160-6c90-11f0-9bf1-d369027ea0d5,바우능,71,1
6719,ff2dd510-64b4-11f0-a3f5-7917fe6f3bcc,갓대구,71,1
6719,fecc2ea0-62a7-11f0-bcbb-714564b525f4,정주영,71,1
6719,fd8541e0-6477-11f0-9e27-35530581f5ae,쌍달,71,1
6719,fb9a12b0-6482-11f0-a086-85e9f4d94fe9,afkiller,71,1
6719,f81f76b0-6b2c-11f0-8f14-2f5913224acc,김감자,71,1
6719,f6c6aa70-634a-11f0-9eba-319c3c5b72eb,타코랜드,71,1
6719,f33f5cb0-69d2-11f0-a97a-17464924d39f,허수탱,71,1
6719,f292e0c0-6216-11f0-9ed2-2327c5a1ff14,카르페,71,1
6719,ed320840-6973-11f0-b533-e5c77c7b5978,박신박,71,1
6719,ec8c5330-6461-11f0-a72c-e970bf999ff4,보이스피싱범이,71,1
6719,e86bac00-63e0-11f0-981c-6918ebc09e55,어하하,71,1
6719,e72d98b1-631a-11f0-873a-61e5585b494a,원터치,71,1
6719,e55b4e80-6c82-11f0-8805-b3f3a74e8613,정매양,71,1
6719,e396e750-6d34-11f0-84eb-eba0502a50b4,테헹,71,1
6719,dcd113c0-653f-11f0-b862-f7a1348209f0,날세이,71,1
6719,dc9f4be0-6951-11f0-887b-73f0ee57cca3,쭈니띠,71,1
6719,da66bb80-65e4-11f0-a5b0-75aecb1d0a21,아니실화냐,71,1
6719,da2a8c20-638f-11f0-9e16-f1cd993522e6,꿍이,71,1
6719,d238cda0-62eb-11f0-971e-0d9306189309,큐린,71,1
6719,d103f8e0-6374-11f0-b4d3-e97fe279ef23,감스트,71,1
6719,cf8d1d20-6c84-11f0-92f8-0b0dfcc0c41e,흰고래,71,1
6719,cf39c1c0-63d8-11f0-a9da-8b915b889dd4,ea,71,1
6719,cf32b730-6a0a-11f0-9adb-01ec0e539aaf,호두호야,71,1
6719,c7d244f0-624f-11f0-ba61-57b32c8fdcaa,갓브로,71,1
6719,c6a6e1d0-6885-11f0-87f8-e187f9342dae,호랑이범,71,1
6719,c66a23e0-6488-11f0-bbfe-0d14bcd852b5,예쁜나,71,1
6719,c330d330-647a-11f0-bb5e-79bc0c4c5953,단아한,71,1
6719,c32dbc50-62c1-11f0-b038-1df969c0d9a5,명가파파,71,1
6719,c2805010-6447-11f0-ab0c-317be3d6b0a6,아지서,71,1
6719,c1f78270-6583-11f0-a60e-1997edb5530b,투엑스원,71,1
6719,bd393020-650c-11f0-a274-777d6197b8e4,무작위놀이,71,1
6719,bcb2f530-63c4-11f0-99a0-f791fadc47f8,슈퍼맨즈,71,1
6719,bcb1c9f0-6778-11f0-ab88-a5c9739f629f,예니뿡,71,1
6719,ba8d09e0-66e3-11f0-abbe-1b148ce1c918,무말랭이,71,1
6719,b944c800-6cad-11f0-9b40-39de905d3348,대갈조용운,71,1
6719,b93f71f0-63c7-11f0-8f11-17371de17e69,최강무신,71,1
6719,b843b340-630b-11f0-93c0-3fa3bb7fad1e,찌리,71,1
6719,b48b2fb0-6b7d-11f0-b12d-131ac73060ee,흑귀,71,1
6719,b3e750c0-6439-11f0-a580-6783cb326665,YUNU,71,1
6719,b3420210-6262-11f0-bcbb-714564b525f4,바건,71,1
6719,b28eee00-6c8f-11f0-aa5b-d1e93a565cf2,강철열재,71,1
6719,b1e5bd60-63d6-11f0-b0c8-0be5c747fc57,너귤,71,1
6719,af41f890-635d-11f0-899c-ed58ed9d92cb,애국,71,1
6719,ac2f9090-68d0-11f0-bd47-cf3af6acce80,남궁민권,71,1
6719,a642a7a0-649b-11f0-814e-7d3df55868b8,이응빈,71,1
6719,a4640f30-6d44-11f0-8453-4d52e359456e,차밍,71,1
6719,a1b67d90-6d53-11f0-b140-c1c71106000c,주한나베,71,1
6719,a0c075c0-69da-11f0-9adb-01ec0e539aaf,마이클장,71,1
6719,9d3e3a30-6724-11f0-a3b5-cb7d513a283d,조선왕조실룩샐룩,71,1
6719,9aa76440-62a6-11f0-b99b-2fc53d965492,의선,71,1
6719,9a0d3f30-623a-11f0-939e-157038911130,KamiL,71,1
6719,97048e50-6443-11f0-a8ce-a3b5dafbf2e5,구동매,71,1
6719,9572e140-6484-11f0-995b-75bf8c0a2ec5,므고,71,1
6719,9266ff80-6381-11f0-b6f5-df7d29cfa051,소드두나,71,1
6719,90b957e0-6855-11f0-9858-4f568ed316af,려이,71,1
6719,8e8faf10-69df-11f0-9416-6d61d44d7bd3,운돔,71,1
6719,8dc432e0-66d8-11f0-abbe-1b148ce1c918,잭터,71,1
6719,8d280580-65bd-11f0-bf97-2123285fe52f,크제왕처장,71,1
6719,8ba22fc0-6634-11f0-a8e2-5d76c20cdf0d,버닝,71,1
6719,8b84b5f0-6d35-11f0-84eb-eba0502a50b4,밍키맨,71,1
6719,8b257150-6ba8-11f0-b45e-b71f6542b85d,동백쓰,71,1
6719,8a5bff90-67b2-11f0-ac79-bd0f37322c34,보뱌보,71,1
6719,88b19610-622f-11f0-bbfd-8564365ef7ff,생명을취하는자,71,1
6719,843ffef0-69e1-11f0-9416-6d61d44d7bd3,히히웃음,71,1
6719,82cf6d60-6af1-11f0-a78d-8d7d319cdb7a,커스,71,1
6719,7efe6ea0-62e2-11f0-8f11-77dd1d282e8c,촘촘,71,1
6719,7ddc1900-65f3-11f0-ba28-6bdb30c2959b,쫀이,71,1
6719,79cbef40-6443-11f0-a8ce-a3b5dafbf2e5,엄지꼬마s1,71,1
6719,78be8bd0-6420-11f0-89c3-81bc4ed5aa4e,커먼,71,1
6719,78638480-6ab8-11f0-b350-274e47244e62,GG20,71,1
6719,78607420-6c61-11f0-872e-15a253636e4c,지하수로,71,1
6719,76cba6c0-66e4-11f0-9850-37a4c1487cca,앙듀,71,1
6719,763c9310-64a8-11f0-a231-37ac1ad01c02,제비꽃,71,1
6719,74d93260-6630-11f0-a8e2-5d76c20cdf0d,똘리곰,71,1
6719,736393e0-65e4-11f0-b7e1-0fe84bf8cf7a,Xiaolung,71,1
6719,72390380-63a8-11f0-a110-bf1368febfaf,유용,71,1
6719,71a9f361-690d-11f0-958c-6d69e774cbea,하이염통,71,1
6719,718f9920-6b74-11f0-a77d-bf1628fd022c,기미수정,71,1
6719,70473560-69d9-11f0-9ccf-efc03aeeda2b,ibara114,71,1
6719,6ca23ae0-6a29-11f0-8e3a-75f00633c49f,윤바리,71,1
6719,6c8fcf80-6764-11f0-ad79-9379ac052147,뿌니꿍뚜,71,1
6719,6c1ce020-6448-11f0-b750-051f455e1aaf,시은,71,1
6719,69909fa0-69dd-11f0-81d8-d75e58d916af,khan,71,1
6719,68bdecb0-6774-11f0-bd54-59b9d0a8a108,우럭,71,1
6719,65d3a6e0-63b7-11f0-84d8-51e7761f8916,IMUHYUN,71,1
6719,626377d0-6b35-11f0-a851-431b2739e719,포슈,71,1
6719,6258fdb0-65e9-11f0-ae82-f5fbeed77579,목련,71,1
6719,5e427d40-6437-11f0-83ae-cb0d7c1d5c99,미륵보살,71,1
6719,5c0d0da0-639d-11f0-b91f-cbca55a9af76,양갱빵,71,1
6719,54c8d790-6c99-11f0-bf20-0950605175eb,퓨러트,71,1
6719,54a828e1-6bd8-11f0-b56b-e7e5c8645f26,100명,71,1
6719,53ad7700-66bb-11f0-bbca-cb910a6526e3,다루사,71,1
6719,53ab0740-63a0-11f0-b218-57e8388ada3f,고룽,71,1
6719,538cc1c0-6aaf-11f0-aa73-c544fd48d310,달빛여우,71,1
6719,50aa8900-6312-11f0-8d40-dfc9f921e722,Heffy,71,1
6719,4e5fb6a0-6c7e-11f0-8805-b3f3a74e8613,무장마차,71,1
6719,4c093d20-6c76-11f0-a8de-d7173687f0b3,이풍진세상,71,1
6719,491b5220-64b9-11f0-bac8-c1efd8a8ec20,파윤,71,1
6719,4541fdb0-63f7-11f0-89c3-81bc4ed5aa4e,CLOVER,71,1
6719,443009f0-6422-11f0-877d-c952436514c7,난세표류기25,71,1
6719,44010560-634b-11f0-899c-ed58ed9d92cb,짠바리,71,1
6719,43d49df0-63ea-11f0-8114-b7206bc7bb21,조이든,71,1
6719,3dd86990-6264-11f0-ba61-57b32c8fdcaa,지존동건,71,1
6719,3cf27940-68ad-11f0-acc6-9fa957ae20ea,영이아빠,71,1
6719,3cba54c0-6c3b-11f0-aed5-0bf4d0a3552b,비글,71,1
6719,388ac2d0-6930-11f0-bd01-4f9a91cb3d54,킹댕근,71,1
6719,36581520-636e-11f0-97d7-efff12aed0ab,망젤쥬,71,1
6719,33f3c7e0-6385-11f0-b6f5-df7d29cfa051,하츠,71,1
6719,3252a3d0-62fd-11f0-ba81-0189884c815e,설비,71,1
6719,2e0cd760-63fb-11f0-877d-c952436514c7,가래떡,71,1
6719,2bc16910-6240-11f0-a33f-f73020b95b05,분이,71,1
6719,28cb7710-623f-11f0-8ed7-4f4ea466921e,콩콩e,71,1
6719,28b4e220-6aa0-11f0-a3f5-b7808f7fb4b1,르르땅,71,1
6719,223dafb0-6a3e-11f0-83c1-071402a58f9d,지호지민아빠,71,1
6719,220d59b0-6c27-11f0-948b-913c7c2d582b,바르,71,1
6719,216d87f0-694d-11f0-9c6c-658573885763,투명,71,1
6719,21285850-6b60-11f0-9759-3f891a81b151,문동이,71,1
6719,1cd9cd00-6481-11f0-9aef-fb59513d0627,행인표류기,71,1
6719,1ca63a50-6678-11f0-ba90-31fb5fd677bf,seobeen,71,1
6719,1c207da0-68eb-11f0-b6e5-1f4abc2a195f,크리,71,1
6719,1a9c9e80-6492-11f0-8e6e-45b04a534d66,난쎄562,71,1
6719,1a5abef0-6af2-11f0-a101-2f71d3d479db,민초인,71,1
6719,16e9c4d0-65f4-11f0-98c2-7baa144ccf50,문노,71,1
6719,166dbd60-6d4f-11f0-a443-4d97f0dc5c62,착각,71,1
6719,15a90ee0-6c80-11f0-92f8-0b0dfcc0c41e,박만득,71,1
6719,152c7bc1-6283-11f0-ba61-57b32c8fdcaa,혜옥라니,71,1
6719,14301760-62a4-11f0-9064-5b81f50d3e9d,으하하하하,71,1
6719,14069bb0-685d-11f0-a0aa-19dfe4aabc8b,eydhwux,71,1
6719,107aaa90-6222-11f0-9b80-6dacbd1dec23,미련곰탱,71,1
6719,10417760-6b10-11f0-bdb2-7b31dff56e85,빨망차,71,1
6719,1011cd40-64ac-11f0-87c5-cfc271183eec,릴롤,71,1
6719,0fdfd870-69e9-11f0-87cd-13cc90e29527,극아이,71,1
6719,0d7f8fd0-621e-11f0-a026-2b3e93922249,이주현,71,1
6719,0c5c3e50-6246-11f0-9c23-457fcdeb3714,hfgc,71,1
6719,0b48fe10-6aa0-11f0-838f-b5e04209789d,온샘,71,1
6719,08f30310-6661-11f0-8157-83c241bc6c35,나비얌,71,1
6719,079b2650-6413-11f0-a3ab-515b7dbdbb4f,DIM,71,1
6719,0558b470-6ce7-11f0-9e58-53e7354b3d63,눈누난나난,71,1
6719,049c0520-64d9-11f0-920f-d9bd8a2a820c,척결,71,1
6719,009e53f0-6584-11f0-8de7-713c959a95d8,타타탁구,71,1
6860,fdb7c4b0-6555-11f0-b3f0-412c1cd1201f,mctr15,70,1
6860,facfbef0-6560-11f0-bcb8-43d28e4aad0d,후율,70,1
6860,f5cc2dc0-635e-11f0-9eba-319c3c5b72eb,백승호,70,1
6860,f5b8deb0-6691-11f0-8d91-67464caa9884,용이은이,70,1
6860,e5e2e9a0-6622-11f0-ba0e-5d9d6daabc7d,우삼겹국밥,70,1
6860,e4608880-64e7-11f0-846f-13edae8f7606,grfhbk,70,1
6860,de550ab0-65fa-11f0-804e-c557b5379eb6,바닉,70,1
6860,dd64cee0-6237-11f0-b2ed-bb90d5f20a4a,다람랑,70,1
6860,dc5a82d0-6500-11f0-b0f9-9b13bf283379,싀밤,70,1
6860,db9bb650-67d7-11f0-9a8a-bd13830ecd07,버러스,70,1
6860,da437420-6578-11f0-b772-ef8c8999ed1d,소녹,70,1
6860,d7c38480-667f-11f0-ba90-31fb5fd677bf,조선제일신,70,1
6860,d4b30ef0-64b8-11f0-a8b2-13458b8aee05,쥬다스,70,1
6860,d35fd010-61fc-11f0-8879-5f895f1781fe,씸이,70,1
6860,d3408760-6cb4-11f0-aef0-8567de5b5272,진짜홍길동,70,1
6860,d15e9e70-6ca8-11f0-8e36-7ff47c038c45,흑신,70,1
6860,cd4f5ff0-62b1-11f0-b78d-9fbbdf7f23fb,응채,70,1
6860,cccb90f0-64d5-11f0-846f-13edae8f7606,minimi,70,1
6860,cb8f8870-684c-11f0-9858-4f568ed316af,바니벨리,70,1
6860,c84a3a20-63ba-11f0-8d07-390a61232108,나무부터,70,1
6860,c49602d0-6aac-11f0-aa73-c544fd48d310,놜세,70,1
6860,bf920710-6305-11f0-a267-6f822e3259c1,로쟈,70,1
6860,bbf86b10-68e3-11f0-b6e5-1f4abc2a195f,육안,70,1
6860,ba5ab5d0-649f-11f0-8dc2-b1d7780ea280,리워리,70,1
6860,b4a0f030-67d0-11f0-bb71-090a139da64b,싱싱려,70,1
6860,ae2d5830-6b48-11f0-ac55-0f6a14a43e6b,비즈민,70,1
6860,a9d782a0-64a5-11f0-a845-496ab271568b,난류표기세,70,1
6860,a8baa810-6c94-11f0-aa8a-97bab73273a7,건망고,70,1
6860,a5d4da40-6883-11f0-9385-039dbbd1c7fc,락테아,70,1
6860,a3722090-63ed-11f0-968a-57d5a12ffb1a,강유기,70,1
6860,a309d050-6215-11f0-abc2-914425398299,테엽,70,1
6860,9bd1afc0-6651-11f0-8bf6-afeec62e00c0,말랑너구리,70,1
6860,996c8730-64ff-11f0-89c4-91955faa19a3,리더스길동,70,1
6860,93f2c550-6552-11f0-9129-5bddcb1a7f89,도민호,70,1
6860,8cbad500-646e-11f0-9929-49fcfc223a08,이설이,70,1
6860,8be55460-6712-11f0-b5ef-256ef5681107,Aron,70,1
6860,89b77140-62c7-11f0-b78d-9fbbdf7f23fb,김도훈,70,1
6860,87589d20-6bf0-11f0-94d6-459e052e1371,멘토리,70,1
6860,874c2040-689e-11f0-9d59-39356670f3eb,돌격앞으로,70,1
6860,853bf180-6507-11f0-ada0-5d42ab9007c0,부엉봉다리,70,1
6860,7bc9ede1-645e-11f0-8e9c-27ecbf718d05,댕강,70,1
6860,7b705ae0-635b-11f0-ba6d-31d76c70e10b,뚜가,70,1
6860,78da6cd0-62a2-11f0-ab5c-d90c56584691,언페이트,70,1
6860,776778d0-6387-11f0-8f97-2d546a0fbaf9,밥먹구자,70,1
6860,75291f70-62b4-11f0-b78d-9fbbdf7f23fb,강달,70,1
6860,70692fe1-6d48-11f0-a5ac-25cfed422797,하미S2,70,1
6860,64f7d680-61ee-11f0-94d1-0d70694c9e17,비오는숲,70,1
6860,63897a20-6a99-11f0-8032-c32c225a07c5,단우엽,70,1
6860,62ed3960-6c76-11f0-92f8-0b0dfcc0c41e,김시집,70,1
6860,61c865b0-64a5-11f0-b5c8-a523170b964a,마을지중,70,1
6860,616a9d50-6a8f-11f0-97df-4b76eb1e1edb,난세동하,70,1
6860,614766c0-6461-11f0-a72c-e970bf999ff4,야채크래커,70,1
6860,60951180-63c3-11f0-8506-f7784b4ad14d,민정호입니다,70,1
6860,6043f620-6bd8-11f0-8c06-a7a944ebaa41,쭝만,70,1
6860,5f202310-6c3a-11f0-948b-913c7c2d582b,파이탱,70,1
6860,5d581d20-65bf-11f0-bf97-2123285fe52f,한대성,70,1
6860,59fbdd50-634f-11f0-ba6d-31d76c70e10b,월휘,70,1
6860,59409420-6c85-11f0-8a72-87e644a355fb,산사,70,1
6860,576c5210-656e-11f0-9e57-bf5444bb216e,셔삐,70,1
6860,56caa3a0-6228-11f0-b387-df31832291ff,알돌,70,1
6860,56486d90-6223-11f0-9813-b7579b20c221,쩨쩨,70,1
6860,54871fa0-69a4-11f0-86e2-d3a55f318685,웅쓰,70,1
6860,5298ae60-6739-11f0-a764-331beb7dec8b,아뻐,70,1
6860,51fe7180-6318-11f0-a67a-173fdcafaabc,달초롱,70,1
6860,50ef7f60-6411-11f0-a684-2b9cd36018bc,쵸커쏭,70,1
6860,50a06ce0-6380-11f0-8ea7-a17bafa0e4d0,플온,70,1
6860,4fae0690-6541-11f0-8502-015c2c577c5f,편한,70,1
6860,4f2f9690-6477-11f0-9203-95da192fe506,보리비,70,1
6860,4ec8abe0-69b0-11f0-ae45-45a8c20b2c3a,샌더슨,70,1
6860,4e8d3c40-670d-11f0-8789-93b65809f0d3,스트,70,1
6860,4ddc8030-63a7-11f0-bf20-b3f2ea84f71a,최홍일,70,1
6860,4bd7e7c0-6582-11f0-9744-4972db654943,미래초부자,70,1
6860,4a3ed0f0-6621-11f0-b8ce-15bb2dd480e7,개구리삼촌,70,1
6860,450dbcf0-6468-11f0-9e27-35530581f5ae,데민,70,1
6860,445e4f00-64a8-11f0-829b-d50781ca76af,알콩코끼리,70,1
6860,3ff09ff0-653d-11f0-b203-85c99a94680a,흥선CH원군,70,1
6860,38873510-6b0c-11f0-9bbd-13cb7f6920ac,물리,70,1
6860,376b4260-6a8b-11f0-b350-274e47244e62,냠냠지인,70,1
6860,35d4d9f0-6664-11f0-8f92-d7ff59d3edcf,자발라,70,1
6860,34bb5e20-64b8-11f0-b9c1-735c4e167b9f,묘얌미,70,1
6860,33b6f640-63e3-11f0-981c-6918ebc09e55,강종,70,1
6860,2cd88e90-6908-11f0-ba60-039ed42b2da7,guddl,70,1
6860,2cbc4480-6398-11f0-929e-756b01201a20,밥바부,70,1
6860,2a82d9b0-6c74-11f0-8acb-a35784198e45,대룡동늑대,70,1
6860,24f64b20-635b-11f0-ba6d-31d76c70e10b,겨울나무,70,1
6860,23d378b0-649d-11f0-a845-496ab271568b,이더,70,1
6860,2281cfe0-6333-11f0-899c-ed58ed9d92cb,두루와,70,1
6860,20f70850-647f-11f0-afc6-f198449342d5,난죽,70,1
6860,1a888e40-6627-11f0-96fa-990fd0c2f326,착한처니,70,1
6860,145767a0-6698-11f0-ba90-31fb5fd677bf,skekwj,70,1
6860,0eacd280-629d-11f0-9b02-f3b51f859af2,수진아밥먹자,70,1
6860,086b2540-647b-11f0-bb5e-79bc0c4c5953,롱달,70,1
6860,04fd02c0-648a-11f0-9e55-714c36f08739,광장,70,1
6860,03f88a80-641b-11f0-a684-2b9cd36018bc,검혁,70,1
6860,00bfc480-693b-11f0-98af-bff80b0492c0,815,70,1
6955,fb14f600-6768-11f0-9e96-ff12b3c8d1f9,PCC772,69,1
6955,fa991f90-62e4-11f0-a53e-f720860fcc8a,이망식,69,1
6955,f89e2a90-6a92-11f0-ab22-9b7f810af5a1,전설의두돈반,69,1
6955,f4fee050-63da-11f0-9b30-bfc50fd617fd,A현,69,1
6955,f2f67cd0-6440-11f0-bb35-df6429295e24,진정한수대인,69,1
6955,ebae0e10-6496-11f0-bbfe-0d14bcd852b5,주자룡,69,1
6955,e96f1d50-6514-11f0-b0f9-9b13bf283379,지옥도,69,1
6955,e6ebf3f0-645b-11f0-a72c-e970bf999ff4,섬멸,69,1
6955,e4949190-6cce-11f0-8e36-7ff47c038c45,별바다,69,1
6955,e3892b40-63ea-11f0-8020-f5459965fc61,고통절망,69,1
6955,d95f0550-63bc-11f0-b6ab-ab1d57efd9b6,난재미,69,1
6955,d413cb10-6710-11f0-a73b-adc03882e699,문진성,69,1
6955,d2f82780-68f5-11f0-82a4-059d2fef0171,김동석,69,1
6955,cecdc580-6d18-11f0-9497-07950a6b2df0,준돈,69,1
6955,cceca6b0-62d6-11f0-a53e-f720860fcc8a,itk,69,1
6955,cbcd4cc0-6633-11f0-9293-2f108164e9cc,와플대학합격,69,1
6955,be34bbb0-6981-11f0-9567-3b74e61607c2,미살붕,69,1
6955,be1914d0-6488-11f0-a086-85e9f4d94fe9,120947,69,1
6955,bd35f120-6904-11f0-a0aa-93c8f690bfda,남성,69,1
6955,bcfd8ca0-6ce1-11f0-9b40-39de905d3348,허베,69,1
6955,b8a733c0-6860-11f0-a2bd-a56b428bf25d,니기므기,69,1
6955,b6d3a070-6909-11f0-81c1-9ffa4d001a1f,망두사,69,1
6955,b5a4c520-646e-11f0-b988-07f0a97cfdc2,소율이아빠,69,1
6955,b527c550-6781-11f0-bf08-6be28b2f5825,웨레드,69,1
6955,b4a31e80-6bbf-11f0-9596-e7cdc2c44daa,피로와파도와,69,1
6955,b0dd5520-6536-11f0-a7a2-1dbf387388d6,피자붕어빵,69,1
6955,acbf1ab0-630f-11f0-b218-43a24c54b5c1,어사,69,1
6955,ac9f6b30-63b3-11f0-aab1-5f3bbe175c3e,헬베르,69,1
6955,ac9484a0-65f6-11f0-8cbe-319b644384b7,혐상,69,1
6955,a98541e0-657f-11f0-b8da-6590d4436ab8,벽난로,69,1
6955,a8388390-6c43-11f0-bc19-b33bd18d191e,법화경,69,1
6955,9f61e160-6880-11f0-8658-c155e1ae3308,클라우드,69,1
6955,9e3d0fd0-63f3-11f0-89c3-81bc4ed5aa4e,아쭈a,69,1
6955,9b1a42a0-6b5f-11f0-9759-3f891a81b151,내아기10개월,69,1
6955,99a0f960-646a-11f0-9969-437e63fe5696,찬근,69,1
6955,994724d0-6aa5-11f0-b350-274e47244e62,도하경,69,1
6955,989e8ca0-623d-11f0-a73e-efd8221a47bb,미인,69,1
6955,9864b980-6512-11f0-8350-2bfe2b1cf2f9,채르엘로,69,1
6955,962db3f0-640f-11f0-a3ab-515b7dbdbb4f,차유미나빠,69,1
6955,95f493f0-64fe-11f0-89c4-91955faa19a3,고우빈,69,1
6955,95893960-6b1c-11f0-bdb2-7b31dff56e85,도로롱도동,69,1
6955,9444f8b0-64bd-11f0-bc9c-890ea1331a86,쿠가,69,1
6955,92e3de40-6c61-11f0-8009-99d4c032fe19,오곡제티,69,1
6955,9055a8a0-6bb9-11f0-a09a-b7f0a9a566a2,한겨,69,1
6955,8e9ca090-656f-11f0-9b02-9934e4aaee80,설환,69,1
6955,86e64730-66a9-11f0-9e29-bb739ed9109b,떡복이,69,1
6955,85eb5810-64ca-11f0-9aad-c5958682aa5a,도나츠,69,1
6955,82c096f0-6899-11f0-944a-3188c1e071c1,모밍모,69,1
6955,82bd4700-6a17-11f0-9ccf-efc03aeeda2b,소소한여정,69,1
6955,8156c080-6274-11f0-ba61-57b32c8fdcaa,김유진,69,1
6955,802fb4e0-6883-11f0-bda0-817eefe85bbf,도라지맛,69,1
6955,7bf17a30-64fa-11f0-89c4-91955faa19a3,향긋,69,1
6955,7b9cc610-6cf3-11f0-a7a3-55c3beebb1fc,빡쇼,69,1
6955,78c506f0-66fe-11f0-a25c-47a5a693b30a,핏빛파란,69,1
6955,775058b0-6316-11f0-abe8-09c261bd0e21,킨치,69,1
6955,74058920-65f8-11f0-bbf5-0d033e32387c,Haneulbo,69,1
6955,71e96ea0-6381-11f0-969f-574f3b894b44,계륵,69,1
6955,71e5b1f0-6b80-11f0-ab9f-397a5ee4956d,아리라리랑,69,1
6955,711a9c70-656f-11f0-b5ae-9f72a71a5588,아리프,69,1
6955,705b1d10-623a-11f0-8ed7-4f4ea466921e,카롸스,69,1
6955,6a3f69c0-670a-11f0-a9b2-3b41dc07e4ea,껄껄껄,69,1
6955,66b1db10-6379-11f0-ab5e-957480fc7cb2,포토,69,1
6955,625b2570-6258-11f0-9b19-83f0f39a46d2,sol762,69,1
6955,5ab6bfc0-62c9-11f0-a53e-f720860fcc8a,우돌돌,69,1
6955,53f4fc00-6626-11f0-ba0e-5d9d6daabc7d,필수,69,1
6955,5290d920-6afd-11f0-b991-8933bc0a57e4,창평군,69,1
6955,4f57f990-621b-11f0-9ed2-2327c5a1ff14,노자신을알라,69,1
6955,47cdc2d0-65d2-11f0-9677-1d1c48582107,난세망,69,1
6955,468bd3b0-6624-11f0-96fa-990fd0c2f326,버디지,69,1
6955,42ec4190-6d31-11f0-b976-671badd129d8,써티프로,69,1
6955,3c3bd390-6725-11f0-a3b5-cb7d513a283d,삼색다람쥐,69,1
6955,3b928a50-623a-11f0-9b9e-13c7a7dd6c88,zi,69,1
6955,39d24de0-68f7-11f0-a8f9-552003805e1b,뛰어,69,1
6955,38153610-653d-11f0-b203-85c99a94680a,달달,69,1
6955,37d83660-6377-11f0-9b1d-d3c0b0c471c9,오함마장인,69,1
6955,36e0e5d0-63be-11f0-9a90-f3e6ad4e6da0,편의점표류기,69,1
6955,350942a0-6af0-11f0-b19c-67c669359d64,황채미,69,1
6955,32b45810-692d-11f0-be86-8f17e613fd1f,나비처럼,69,1
6955,30de7d00-69e5-11f0-9416-6d61d44d7bd3,카포,69,1
6955,27629c30-6548-11f0-afd8-b7e248c08716,길떵,69,1
6955,21de4620-64a2-11f0-ac20-8734dac19833,신야,69,1
6955,1e00c4e0-6ae4-11f0-b538-6192b34d2599,닌자니,69,1
6955,09790f90-6a1d-11f0-87cd-13cc90e29527,주에,69,1
6955,0752e980-6562-11f0-b5ae-9f72a71a5588,이트,69,1
6955,07338120-63e2-11f0-8ce7-05e1fc9cefd2,별이아빠,69,1
6955,07003080-623f-11f0-afe3-e7db10029c82,하옵,69,1
6955,036314d0-689b-11f0-8871-5dec1d16e3d2,진우아빠,69,1
7042,fc475400-6411-11f0-a3ab-515b7dbdbb4f,r4w2,68,1
7042,faa6af00-6232-11f0-b293-3b55fd722626,카케,68,1
7042,f9e7a450-6c70-11f0-b06f-1bb3858adc4b,뽀뚜,68,1
7042,f89851d0-6d3d-11f0-a693-ff327945c3a4,최나우도,68,1
7042,f581a090-6a4b-11f0-b8c3-31d76e99096b,연습용,68,1
7042,f4a29550-6855-11f0-8733-458c7bab4002,보거스,68,1
7042,f20ff6e0-6c63-11f0-99b9-6368c5be50e5,끄르렁,68,1
7042,f1d880c0-63df-11f0-80fd-8dc2ba771ecd,만두벌레,68,1
7042,f16bcf20-6385-11f0-8ea7-a17bafa0e4d0,안경조,68,1
7042,ef4b6e40-63d4-11f0-a9da-8b915b889dd4,렌코쿠,68,1
7042,eddf7760-6bc5-11f0-9543-ff2139a55da5,칸카더스,68,1
7042,edbf2af0-63be-11f0-a06c-a18ad4eb2f25,원풍,68,1
7042,eaab9d40-6aac-11f0-9a7f-e32704d17198,왜구,68,1
7042,e7bf57a0-64aa-11f0-931c-552671d2f72e,아주막가대왕,68,1
7042,e4598af0-6a8a-11f0-ab22-9b7f810af5a1,콜드브루93,68,1
7042,e4423c40-6ba4-11f0-8f80-79c9c37e8ee5,S갱규2,68,1
7042,e266e570-63b5-11f0-8465-f716200b7246,시모네,68,1
7042,e24012c0-6495-11f0-a315-5d30c4fd1c80,hest,68,1
7042,e209f990-63cf-11f0-99a0-f791fadc47f8,어렵다이거,68,1
7042,dfd4c2b0-63d2-11f0-9a87-810a40a679fa,투터치,68,1
7042,dc7c46e0-63e8-11f0-849d-3b3a1fc71a59,짱진짱,68,1
7042,d5d7f9a0-6439-11f0-9143-05b731683243,홍칵,68,1
7042,d22e3690-656d-11f0-94e1-9148d7950b64,진인뎅,68,1
7042,d1264250-6442-11f0-b0d3-514122d47fb8,arr,68,1
7042,cf2d75d0-6411-11f0-89c3-81bc4ed5aa4e,기몽지,68,1
7042,ce768f90-6269-11f0-97b4-198e3a6088ef,막눈,68,1
7042,cb429290-662b-11f0-ac19-9bda31ac5e16,둥글몽실,68,1
7042,c9b3bfd0-62f7-11f0-b7c2-5907d7ac5d60,여신안유진,68,1
7042,c8792110-6b07-11f0-bb12-2fec1548f0a3,끼티,68,1
7042,c7989f50-6bbb-11f0-b690-3f26ebd3d839,찌엘,68,1
7042,c64bdf40-6832-11f0-b2fd-9d1d445c08a1,영부인,68,1
7042,c540dc60-6457-11f0-8f1e-9b9f4436b281,라라피포,68,1
7042,c175ea60-6396-11f0-8ad1-495afdf38cf0,윈캐리,68,1
7042,c10f42d0-6466-11f0-b9a2-71a70b35ee88,히양,68,1
7042,c057b4c0-62c8-11f0-a53e-f720860fcc8a,마읭,68,1
7042,bf055900-6abc-11f0-82da-c395ee7d49d8,김하연,68,1
7042,bc0725c0-620c-11f0-980a-396801ba63e1,흑팀장,68,1
7042,bb525cf0-6386-11f0-842b-a1e5e2f54197,도움말,68,1
7042,b8255250-646a-11f0-9e27-35530581f5ae,크래파스,68,1
7042,b802e0c0-646b-11f0-9969-437e63fe5696,마블몽구니,68,1
7042,b6b45e40-660c-11f0-b420-973bd54af871,요도세자,68,1
7042,b6ad1f80-6491-11f0-8e6e-45b04a534d66,한서,68,1
7042,b529aa50-63c1-11f0-a1fc-ebe02623a2f1,냠냠쩝쩝,68,1
7042,b4680a20-6494-11f0-a315-5d30c4fd1c80,loux,68,1
7042,b3c22de0-685d-11f0-a0aa-19dfe4aabc8b,도꼬,68,1
7042,b3b1cf40-6cf4-11f0-809e-f34ad8c68ae2,깐따빌레,68,1
7042,b2c0eb51-634b-11f0-a70b-97528033efd5,sua,68,1
7042,b1b1b440-68e8-11f0-bf27-69600f7373fa,닉짓기귀차나,68,1
7042,b12e2bb0-6c72-11f0-8805-b3f3a74e8613,백운,68,1
7042,b0e63110-63bd-11f0-b6ab-ab1d57efd9b6,멈마,68,1
7042,b0656c90-6a45-11f0-b350-274e47244e62,수호리,68,1
7042,b04800b0-6c8e-11f0-a097-d56ebc408629,전세리,68,1
7042,aeecf2d0-62f1-11f0-abaf-e5a526e0a20a,알리코,68,1
7042,ae25ef20-6cfe-11f0-b16a-59affbdabbf5,살구삼촌,68,1
7042,ac211250-67b7-11f0-b838-a13e550fe824,즈벱,68,1
7042,a7770860-669d-11f0-89c8-8189709a329f,피카도,68,1
7042,a70abac0-6468-11f0-a19b-cd9bee505425,빠모,68,1
7042,a2b41b40-633e-11f0-9eba-319c3c5b72eb,아쌀라말라이꿍,68,1
7042,a1276cf0-6ca3-11f0-aef0-8567de5b5272,김허벅지,68,1
7042,9b792150-6455-11f0-baaf-45c3a00048ee,까대기,68,1
7042,99c0e0b0-63aa-11f0-bf20-b3f2ea84f71a,eao,68,1
7042,9938d3a0-6468-11f0-baaf-45c3a00048ee,pqow,68,1
7042,983b2db0-6a92-11f0-97df-4b76eb1e1edb,부서진,68,1
7042,9816e840-64bd-11f0-8340-854878e1c5cf,김두곽,68,1
7042,97e46490-6c26-11f0-a4ba-e76b80b49d26,이미존재하는,68,1
7042,96414c00-69ee-11f0-9adb-01ec0e539aaf,오오사와,68,1
7042,94c270b0-63fa-11f0-877d-c952436514c7,도건쿵,68,1
7042,93f74ee0-64b2-11f0-a475-093604a1564e,백명의위인들,68,1
7042,906e0400-6a37-11f0-a90c-e18170b28cdf,꼴데자이언츠,68,1
7042,8e159750-622f-11f0-ac54-d31b7f8b65bc,맹견,68,1
7042,8d6f3200-6a2e-11f0-83c1-071402a58f9d,노인네,68,1
7042,8a39ba50-694e-11f0-887b-73f0ee57cca3,킬복슬,68,1
7042,8871e030-681d-11f0-82b6-93a73aef044c,쵸엣누,68,1
7042,861eef10-63b5-11f0-8d07-390a61232108,갑돌,68,1
7042,85c40530-63b2-11f0-8465-f716200b7246,열혈레드아이,68,1
7042,82fe71b0-62a3-11f0-ab5c-d90c56584691,최강우빈,68,1
7042,829b0050-6274-11f0-adc6-455e8908a1ee,외로운늑대,68,1
7042,7fc9e4c0-6bd1-11f0-bbec-d73ff901d46b,구름의숲,68,1
7042,7fb73650-62ed-11f0-8740-eda872109ccf,공갱근,68,1
7042,7e3f09f0-64c9-11f0-bfcf-1fdb18c8f989,동호,68,1
7042,7cb52540-62be-11f0-a53e-f720860fcc8a,거기야,68,1
7042,7a8ac440-64b8-11f0-8340-854878e1c5cf,Chic,68,1
7042,792300c0-6d25-11f0-84eb-eba0502a50b4,은정,68,1
7042,78737bb0-63b5-11f0-8f63-fd02b502cb0c,slslsls,68,1
7042,75dabd70-6bce-11f0-b56b-e7e5c8645f26,음동이,68,1
7042,73b10d80-6a4b-11f0-b4af-bd0ab1be2018,호진장,68,1
7042,739dec90-651a-11f0-8799-a56030339d38,메짜,68,1
7042,7309c8b0-64b3-11f0-8112-e9bf866e152e,데이쿠,68,1
7042,711051f0-62ab-11f0-9f5f-eba69ae2db8d,둥슬라임,68,1
7042,6f28ac30-6269-11f0-97b4-198e3a6088ef,DarkMoon,68,1
7042,6d936c60-624c-11f0-ad06-05cd7d1d0a6e,어색,68,1
7042,6d87a950-6a5f-11f0-b4af-bd0ab1be2018,황대장,68,1
7042,6c184180-6904-11f0-ba60-039ed42b2da7,잠망,68,1
7042,6a6620a0-6783-11f0-a97a-c7ef2eb3b5de,SappleH,68,1
7042,6a186a70-62d0-11f0-b252-a1a047cc5cf1,오카,68,1
7042,69b5b070-6261-11f0-9eb5-cf396344702c,흑돼지국밥,68,1
7042,68e2c6a0-633e-11f0-ba6d-31d76c70e10b,제사인수격무,68,1
7042,66c4f6a0-6897-11f0-942e-65ce179d466a,신의발,68,1
7042,65dc4441-6208-11f0-980a-396801ba63e1,이우시스,68,1
7042,6163dc60-6385-11f0-adf7-d1fabe44ecce,백곰의하루,68,1
7042,5fd537d0-6d22-11f0-b976-671badd129d8,은빛투카,68,1
7042,5d4fdb70-6c30-11f0-ab97-2954eb0e98ce,아슈라발바타타타,68,1
7042,5d412140-6594-11f0-b0ad-37591fbff66b,루찌,68,1
7042,5d376ce0-649a-11f0-829b-d50781ca76af,성민세영,68,1
7042,5d1b0910-696d-11f0-9fc6-e757881a9d8c,하누비,68,1
7042,5cdeeda0-648f-11f0-a086-85e9f4d94fe9,반이,68,1
7042,5bd413e0-624b-11f0-a510-196fe281bbd0,회군하기,68,1
7042,5a047f70-6208-11f0-a22f-1fef89b9a0c3,호옹기리동,68,1
7042,598b8660-655f-11f0-9d97-192c64bf62e6,nodfan,68,1
7042,5916dbd0-619f-11f0-9ef6-078f63674a6b,hosaga,68,1
7042,58a4fd10-6ae8-11f0-887f-c18cdf79257d,문정동피바람,68,1
7042,57610d90-63a4-11f0-b7d9-6726758670c6,헤으응,68,1
7042,56a78150-66b4-11f0-bbca-cb910a6526e3,우진에프에이,68,1
7042,538adcb0-62fe-11f0-b7c2-5907d7ac5d60,신미남,68,1
7042,5202e100-645a-11f0-8df0-a9be6ca1bee2,주서기,68,1
7042,5172ff70-648e-11f0-a086-85e9f4d94fe9,빈수조,68,1
7042,50abd0c0-643f-11f0-90f8-bb2e41176866,지나가는행인,68,1
7042,50021f60-6554-11f0-aed2-e9684f688284,Mandu만두,68,1
7042,4f314200-62bb-11f0-a89f-3182c3b8adb5,검무,68,1
7042,4de97440-6954-11f0-9c6c-658573885763,돼지키우는중,68,1
7042,4da31370-6264-11f0-bcbb-714564b525f4,어무킹,68,1
7042,4d8e0c00-64ad-11f0-bac8-c1efd8a8ec20,오만원과편견,68,1
7042,480f9d70-63c7-11f0-bb86-97bdb11e4eed,소이이현,68,1
7042,46d94ee0-6aef-11f0-92e1-394a8ca307ec,윤콩,68,1
7042,465785d0-63ca-11f0-99a0-f791fadc47f8,김민우332,68,1
7042,45bb6960-6a0b-11f0-9ccf-efc03aeeda2b,단발,68,1
7042,4566bfc0-6423-11f0-83ae-cb0d7c1d5c99,객진,68,1
7042,452805a0-624d-11f0-8731-517e16b3676b,옥순,68,1
7042,435cf0f0-646e-11f0-9929-49fcfc223a08,시린이,68,1
7042,3ee812d0-66ac-11f0-bbca-cb910a6526e3,워러독,68,1
7042,3d7ccd50-64db-11f0-89c4-91955faa19a3,프으레이,68,1
7042,3b98ecd0-6404-11f0-83ae-cb0d7c1d5c99,산사춘,68,1
7042,39b8fa70-6c21-11f0-9d81-e7c0c7be48b2,다굴왕,68,1
7042,39085320-6d55-11f0-82b9-730b1361ba1f,룽지누,68,1
7042,37e654f0-69be-11f0-a94a-9f7e552760ea,깨굴님,68,1
7042,37b5daa0-69b4-11f0-a6d0-d7dbeaf9d9e0,아낙수나문,68,1
7042,3492b5c0-69c1-11f0-a6d0-d7dbeaf9d9e0,햄토링,68,1
7042,33a59af0-6aa3-11f0-b350-274e47244e62,민왕,68,1
7042,31c77b50-6430-11f0-b895-d750b0653929,푸우야,68,1
7042,319f8de0-6bb8-11f0-a51b-7569b844c4d8,래오,68,1
7042,30f42400-6afa-11f0-b37c-19963dd04853,와나와나,68,1
7042,30ab0d10-63a7-11f0-9e98-299d606b6be2,맛버거,68,1
7042,2fcb9460-6469-11f0-b9a2-71a70b35ee88,허스키,68,1
7042,2f4ddb10-6478-11f0-9c48-11e41ca3b3cb,하온부,68,1
7042,2b56af60-656c-11f0-a54a-ebb1de28aed7,철혈검랑,68,1
7042,2528e3a0-64aa-11f0-b557-b9d4a65b18c9,상수리,68,1
7042,22dc0c90-6cf1-11f0-9556-4b4748d6ac26,한풍,68,1
7042,1c899e30-6a34-11f0-a90c-e18170b28cdf,사법부,68,1
7042,1c76c8e0-63e6-11f0-849d-3b3a1fc71a59,리시에시브,68,1
7042,149df790-69fb-11f0-81d8-d75e58d916af,럭쿤늑쿤,68,1
7042,148448b0-6a35-11f0-b13a-3fbefe483195,삭풍이,68,1
7042,12d1f0a0-687b-11f0-a583-33b377bc2bee,난데요,68,1
7042,1275e750-6912-11f0-9163-9b37cd4f63ff,신돌석,68,1
7042,0efa44c0-6978-11f0-86e2-d3a55f318685,휘황찬란,68,1
7042,0ed98760-6317-11f0-a67a-173fdcafaabc,303,68,1
7042,096bf7c0-6a3f-11f0-b350-274e47244e62,Jinusdad,68,1
7042,07a7fe60-63a1-11f0-b91f-cbca55a9af76,LJ,68,1
7042,065f1d80-640b-11f0-877d-c952436514c7,김중딩,68,1
7042,04e66940-6555-11f0-b3f0-412c1cd1201f,참치이,68,1
7042,047cad80-6d01-11f0-9b40-39de905d3348,네로아빠,68,1
7042,044768b0-65da-11f0-9498-19cab73c20ed,Greed,68,1
7042,030582a0-6505-11f0-ae76-6b040223ef85,양기현,68,1
7042,01caf3c0-6429-11f0-89c3-81bc4ed5aa4e,패도명왕,68,1
7042,00fcab50-6339-11f0-a70b-97528033efd5,용인,68,1
7042,002bcd90-6538-11f0-a7a2-1dbf387388d6,비리,68,1
7207,ff758d10-645f-11f0-baaf-45c3a00048ee,이상이라하오,67,1
7207,fc6a6400-6690-11f0-8d91-67464caa9884,빵또아,67,1
7207,fbf71c30-67b6-11f0-a5ca-8d77d40408a1,김까비,67,1
7207,fbc58ce0-69cf-11f0-8369-f9ac348dc159,drean,67,1
7207,fa2cb770-630b-11f0-93c0-3fa3bb7fad1e,김건호,67,1
7207,f9d83af0-6d34-11f0-b0d7-0b3415ac89fb,빨무킹,67,1
7207,f6d698f0-650b-11f0-846f-13edae8f7606,인비,67,1
7207,f6453a80-6570-11f0-b5ae-9f72a71a5588,킹재명,67,1
7207,f56c0620-643f-11f0-90f8-bb2e41176866,난세속희망,67,1
7207,f53be140-6c49-11f0-9179-a5e9bfe05064,Nuckduri,67,1
7207,f525f150-68b1-11f0-acc6-9fa957ae20ea,난세동이,67,1
7207,f31ef0e0-67b8-11f0-ac79-bd0f37322c34,푸프미,67,1
7207,f1650c80-64f2-11f0-8ef3-8dde64b39158,국민의힘,67,1
7207,eeedc190-650b-11f0-a008-3d1038308b91,조선도사장군,67,1
7207,e6709b00-62fe-11f0-ba81-0189884c815e,여왕의집,67,1
7207,e5b635b0-63f0-11f0-931c-5f0600bc75da,휘끼,67,1
7207,e52a83e0-6516-11f0-8799-a56030339d38,영군님,67,1
7207,e222cd40-6586-11f0-a8f0-35f7e49c32ec,관양동문익점,67,1
7207,e14acd20-6a02-11f0-83c1-071402a58f9d,병장김준식,67,1
7207,dd68a050-6625-11f0-96fa-990fd0c2f326,잉겅,67,1
7207,dd532690-6282-11f0-bcbb-714564b525f4,다시돌아온기범시,67,1
7207,dc6d11d0-637e-11f0-969f-574f3b894b44,하얀베어,67,1
7207,da0f8280-684f-11f0-9f70-758f6a5c165e,군쿤이,67,1
7207,d85342c0-644d-11f0-a4e4-a9524a101bbb,김민영,67,1
7207,d7562cc0-650b-11f0-a008-3d1038308b91,노구,67,1
7207,d7382980-63c3-11f0-9353-8773ba2d9d98,대한밈국,67,1
7207,d687fbe0-638d-11f0-8ad1-495afdf38cf0,희우찬,67,1
7207,d54702a0-6228-11f0-bbfd-8564365ef7ff,한국의역사속으로,67,1
7207,d4fbff20-6837-11f0-a307-57a9532db1b8,이억기,67,1
7207,d2f92bb0-6c94-11f0-ace7-abc310f14338,우서서우,67,1
7207,d243d220-6775-11f0-8dca-ed5aca8588a8,난난디,67,1
7207,d163e620-6738-11f0-b6f9-9341b272f2ff,부엉,67,1
7207,d14562a0-64bc-11f0-bfcf-1fdb18c8f989,나로,67,1
7207,cad51f50-6c00-11f0-94d6-459e052e1371,고초대말,67,1
7207,c8df4090-649e-11f0-ac20-8734dac19833,구모나,67,1
7207,c70f1db0-660d-11f0-8d9d-2df44f4cae52,로야,67,1
7207,c1e30150-6318-11f0-a67a-173fdcafaabc,베로로,67,1
7207,c1560ce0-6634-11f0-a5a8-9f781a0d64e7,나르시수스,67,1
7207,bffd8de0-6428-11f0-a3ab-515b7dbdbb4f,YAHO,67,1
7207,be3e7980-64bc-11f0-b991-dd3659cb9d59,혀니아씨,67,1
7207,bd8925a0-6cf3-11f0-a87f-b3ba9822d572,옆집빡구,67,1
7207,bd7f4cb0-6352-11f0-899c-ed58ed9d92cb,85868242,67,1
7207,bd528d40-67b9-11f0-9087-f9ad8d76b235,셋숏마루,67,1
7207,b84bd3c0-62c2-11f0-b038-1df969c0d9a5,블랙나인,67,1
7207,b6e68420-6543-11f0-8b28-e3440b81a048,알터,67,1
7207,b6227f70-6ba7-11f0-b45e-b71f6542b85d,생성제한,67,1
7207,b03e5ff0-631b-11f0-8d40-dfc9f921e722,보배반점,67,1
7207,afa1d462-6856-11f0-9187-bfb76cd46158,구쪼롱,67,1
7207,af977de0-6616-11f0-8af8-af83b80f6378,철물점백구,67,1
7207,aed245c0-642c-11f0-83ae-cb0d7c1d5c99,거노짜앙,67,1
7207,ac06bc80-6496-11f0-aedf-55b71a55f5ce,푸헷,67,1
7207,ab8961d0-6528-11f0-a768-59219107ad21,iam3표류기,67,1
7207,ab33c000-6270-11f0-adc6-455e8908a1ee,에그팝콘,67,1
7207,ab323cc0-677b-11f0-bcc9-bd1830454154,버즈,67,1
7207,ab1ad2c0-63ce-11f0-8f11-17371de17e69,닌닌자자,67,1
7207,aadb4710-6331-11f0-9eba-319c3c5b72eb,꿍딱지,67,1
7207,a98b70d0-6429-11f0-bcbf-2b7f0b4e55b1,987,67,1
7207,a9501e80-63c6-11f0-8f11-17371de17e69,JinK,67,1
7207,a8c0a6e0-69f4-11f0-9416-6d61d44d7bd3,세종대왕2025,67,1
7207,a85885b0-6553-11f0-a338-71463213c56c,뚜둠칫,67,1
7207,a7d981c0-67b0-11f0-a23d-0315df37054e,빠악동,67,1
7207,a69eae10-629d-11f0-9b02-f3b51f859af2,오리1,67,1
7207,a5281660-658c-11f0-bdb7-b58ab72864be,선화동실비김치,67,1
7207,a45ad000-6286-11f0-bcbb-714564b525f4,새로운씨앗,67,1
7207,a405cb20-6608-11f0-a954-17a0435dde3a,개복이,67,1
7207,a2af1360-6aab-11f0-b350-274e47244e62,오순도순,67,1
7207,a233a920-6b6c-11f0-8617-776584713985,상수도,67,1
7207,a1dad8f0-6936-11f0-9f89-dbb641051642,이스트워터,67,1
7207,a17e8cc0-6b26-11f0-89ae-bb6b4e8b47bd,도우치,67,1
7207,a0a37f70-678b-11f0-83e9-4bc733aa8455,rains,67,1
7207,a01168c0-61d1-11f0-8cf8-45cb7c8841d8,마마마,67,1
7207,9fa14160-64bc-11f0-8340-854878e1c5cf,꾸아바,67,1
7207,9f8d0370-6477-11f0-9e27-35530581f5ae,강엉아,67,1
7207,9ec1ade0-645b-11f0-8df0-a9be6ca1bee2,물덕,67,1
7207,9d6eabc0-6963-11f0-9c6c-658573885763,옥찌,67,1
7207,9bd39400-646e-11f0-b0c9-6de2080023ec,급양,67,1
7207,99ebd220-6206-11f0-abc2-914425398299,재공,67,1
7207,9620cb80-64e7-11f0-846f-13edae8f7606,마이데몬,67,1
7207,9613edf0-645d-11f0-8e9c-27ecbf718d05,돌할배,67,1
7207,93b53a90-62f6-11f0-95d2-15b32e977246,체리마루,67,1
7207,939e33f0-69f8-11f0-81d8-d75e58d916af,Choko,67,1
7207,93755010-6693-11f0-a8c0-a96b3c973cc3,패배,67,1
7207,91c42aa0-6393-11f0-9b51-d36a85c863a7,레오맥,67,1
7207,91b922c0-63c2-11f0-b6ab-ab1d57efd9b6,이밍모,67,1
7207,8f4f0f10-6bae-11f0-a01f-e538764cd6d1,우리밀칼국수,67,1
7207,8ec3d410-6521-11f0-b0f9-9b13bf283379,서수민,67,1
7207,8d397ce0-6458-11f0-baaf-45c3a00048ee,사탕별,67,1
7207,8cb15480-62c0-11f0-b038-1df969c0d9a5,보경,67,1
7207,8c9c4730-68a5-11f0-9cdb-c1c00ca40d25,다누킴,67,1
7207,8a8bf310-68cc-11f0-bf27-69600f7373fa,우롸차차차,67,1
7207,897958d0-6522-11f0-b0f9-9b13bf283379,띵쇼,67,1
7207,879251a0-6d2b-11f0-b976-671badd129d8,얌닝,67,1
7207,8651a2f0-6907-11f0-993b-31d0de8624ff,대고구려,67,1
7207,8065ec80-69f6-11f0-9adb-01ec0e539aaf,태황사신기,67,1
7207,7ff4f830-63d5-11f0-b0c8-0be5c747fc57,남포동꿀주먹,67,1
7207,7fc342c0-6436-11f0-83ae-cb0d7c1d5c99,Hinagom,67,1
7207,7f487e10-6a84-11f0-97df-4b76eb1e1edb,살배,67,1
7207,7edb76c0-6526-11f0-85dd-2db918fca576,ppark,67,1
7207,7d4f6980-646b-11f0-82c1-d1354574f8a3,은지율,67,1
7207,7b381e20-661f-11f0-9baa-6ba5eec90293,기랭이,67,1
7207,7b1e9920-63a2-11f0-b7d9-6726758670c6,야너두,67,1
7207,79a688b0-69f0-11f0-9ccf-efc03aeeda2b,봄별이,67,1
7207,76a725d0-6c29-11f0-aed5-0bf4d0a3552b,세라젬,67,1
7207,759addd0-6445-11f0-b0d3-514122d47fb8,강수,67,1
7207,74f31cf0-6c18-11f0-9d81-e7c0c7be48b2,맨톨,67,1
7207,74caf380-651d-11f0-a092-cfb4e8946e57,wwwwww,67,1
7207,74c74490-65ce-11f0-b5ae-9f72a71a5588,근성,67,1
7207,744a4eb0-6937-11f0-98af-bff80b0492c0,앤이,67,1
7207,72dc4740-6a1d-11f0-87cd-13cc90e29527,비르츠,67,1
7207,72b65540-6526-11f0-966f-1d5d9125ca3d,백이,67,1
7207,7265a710-68b1-11f0-b6e5-1f4abc2a195f,수으,67,1
7207,71244da0-63f4-11f0-8ce7-05e1fc9cefd2,소이팡,67,1
7207,6fe62cf0-6373-11f0-baf1-611897b49fac,난세주현,67,1
7207,6fa47370-64fc-11f0-89c4-91955faa19a3,얄리얄리얄라셩,67,1
7207,6c4ec4a0-6d53-11f0-8434-d38f91935fbd,신로,67,1
7207,6b2dbff0-6a00-11f0-9416-6d61d44d7bd3,맥날냠,67,1
7207,6ae3ee30-6388-11f0-9921-9182ea4954d3,따콩이,67,1
7207,647bd170-622a-11f0-8ec9-d591a6953b97,서연,67,1
7207,63bbea80-67d5-11f0-a9de-4f3eb4900992,어너깐찌기,67,1
7207,6355c530-64e1-11f0-89c4-91955faa19a3,축하,67,1
7207,62f1fc20-6235-11f0-9d5d-6ba09b4867f9,lIIllI,67,1
7207,624a5c40-63bb-11f0-a06c-a18ad4eb2f25,조춘식,67,1
7207,5e46bb10-63cb-11f0-bb86-97bdb11e4eed,cdd868,67,1
7207,5cdd9470-6226-11f0-bbfd-8564365ef7ff,김동상,67,1
7207,5aa4dd40-6cc0-11f0-bf20-0950605175eb,보람이발꼬락,67,1
7207,5a96a6d0-6388-11f0-842b-a1e5e2f54197,hahahang,67,1
7207,59c66f50-6c6c-11f0-92f8-0b0dfcc0c41e,RK,67,1
7207,577e8720-6977-11f0-8a8c-e705cbe6ed4d,뚠대지,67,1
7207,56150170-6a3a-11f0-b4fe-25c2079d872e,흑인용병김빙빙,67,1
7207,5445a580-6651-11f0-8a1d-5dcee97d710d,왕건이,67,1
7207,53f00cd0-641f-11f0-89c3-81bc4ed5aa4e,장꾸,67,1
7207,52b592f0-625c-11f0-aa52-cb1cb28881c2,만두찐빵,67,1
7207,4eaeb0e0-6c45-11f0-9179-a5e9bfe05064,백봉,67,1
7207,4d95a1a0-63f3-11f0-8ce7-05e1fc9cefd2,sssss20,67,1
7207,4d2f7bc0-6a54-11f0-b4af-bd0ab1be2018,유팥순,67,1
7207,4cd42610-6a38-11f0-83c1-071402a58f9d,도화니,67,1
7207,4a7704a0-6213-11f0-a026-2b3e93922249,fddh,67,1
7207,48864c20-6aae-11f0-b350-274e47244e62,휘바님,67,1
7207,48181be0-62a9-11f0-b99b-2fc53d965492,따오하오,67,1
7207,46b6b020-67d8-11f0-a096-5bb83111359b,nari,67,1
7207,45a146d0-668b-11f0-abb5-870e6167c30c,도태,67,1
7207,419d4690-6421-11f0-83ae-cb0d7c1d5c99,당스,67,1
7207,4013c7a0-6335-11f0-ba6d-31d76c70e10b,음밥해,67,1
7207,3dca51b0-6215-11f0-9b80-6dacbd1dec23,쨈스K,67,1
7207,3cde50e0-6a61-11f0-b8c3-31d76e99096b,홍주,67,1
7207,3b3f4380-6556-11f0-aed2-e9684f688284,수플레,67,1
7207,3913add0-6970-11f0-bd0c-c3e4cbda7988,SIDRO,67,1
7207,378198f0-6219-11f0-9b80-6dacbd1dec23,유적,67,1
7207,32b20d10-651a-11f0-b0f9-9b13bf283379,eeeeee,67,1
7207,31d76f50-66ed-11f0-b7d1-03874ae5942e,큐크다슈,67,1
7207,31b44fc0-6986-11f0-86e2-d3a55f318685,서춘,67,1
7207,2fab53f0-6331-11f0-ba6d-31d76c70e10b,원래,67,1
7207,2ce60290-62a6-11f0-bcbb-714564b525f4,이2,67,1
7207,2be3ab00-6499-11f0-bbfe-0d14bcd852b5,깐숙,67,1
7207,2ba93630-633d-11f0-9eba-319c3c5b72eb,추억,67,1
7207,29951080-6851-11f0-9187-bfb76cd46158,1392,67,1
7207,2976dcd0-64b1-11f0-a114-45daeb868052,샤스티나,67,1
7207,280973e0-6271-11f0-b831-2509b113c5f4,묵은지,67,1
7207,27ce3ea0-69cf-11f0-9adb-01ec0e539aaf,마루한,67,1
7207,230aadc0-6319-11f0-abe8-09c261bd0e21,마당,67,1
7207,228234d0-6211-11f0-9813-b7579b20c221,머라구,67,1
7207,1f162ed0-6489-11f0-bbfe-0d14bcd852b5,바르샤,67,1
7207,1e7610e0-625d-11f0-a7b6-cf18c18dd85f,k0rea,67,1
7207,1c69a8b0-6687-11f0-ba90-31fb5fd677bf,홍무긱,67,1
7207,1c5ba250-6921-11f0-b776-39555a34501f,됴로로,67,1
7207,1b19b620-62c3-11f0-839f-d97137a128f6,순삼,67,1
7207,18a99330-6244-11f0-86ad-5de35a576cc5,말랑히또,67,1
7207,16c2a6e0-6aac-11f0-a3f5-b7808f7fb4b1,님비,67,1
7207,16536030-62de-11f0-971e-0d9306189309,블랙박스,67,1
7207,13eb6ae0-64e1-11f0-846f-13edae8f7606,남기준,67,1
7207,136c3690-6422-11f0-a3ab-515b7dbdbb4f,부갤럼,67,1
7207,122f2850-6878-11f0-a583-33b377bc2bee,이시후si,67,1
7207,1220c140-6416-11f0-89c3-81bc4ed5aa4e,하몽,67,1
7207,11dd3470-678b-11f0-9a0c-434d61932f42,꼬믈,67,1
7207,1081f580-6d02-11f0-9b40-39de905d3348,크림가득,67,1
7207,101d28a0-6be3-11f0-ae14-471c16a5bcb5,다라,67,1
7207,0fb29030-6a94-11f0-9b9a-dfc16842ed10,전기뱀장어,67,1
7207,0f6d8b40-626d-11f0-b63f-7755b72aa50f,2000,67,1
7207,0d6b9890-6c64-11f0-99b9-6368c5be50e5,솜슈,67,1
7207,0baf9b50-644e-11f0-8944-5327091948db,부여왕,67,1
7207,0b9cd0c0-6579-11f0-9f25-1147ddd387e8,김뻘레,67,1
7207,0a91cfc0-6310-11f0-b4ac-230641ea7477,통멸이,67,1
7207,07a4ce40-6aed-11f0-92e1-394a8ca307ec,하동이,67,1
7207,07709470-6964-11f0-887b-73f0ee57cca3,딸꾹애기,67,1
7207,06fab9e0-640e-11f0-89c3-81bc4ed5aa4e,나르시,67,1
7207,05ef19f0-67b6-11f0-9b78-7512685a7d18,or리가또,67,1
7207,055d8c10-6a9a-11f0-8032-c32c225a07c5,백가제해,67,1
7207,03259cb0-6524-11f0-85dd-2db918fca576,오색,67,1
7207,024aa670-6239-11f0-9b9e-13c7a7dd6c88,신존,67,1
7396,ff923600-6c24-11f0-9d81-e7c0c7be48b2,남주,66,1
7396,fbc23d50-66b5-11f0-8dc5-93f9fb1e4ad3,2525,66,1
7396,f961e610-624a-11f0-a923-e5c378e4162f,백혼,66,1
7396,f36d2eb0-6649-11f0-8a1d-5dcee97d710d,빵찌,66,1
7396,f365a590-67b2-11f0-be83-973748526ea4,하이클라스,66,1
7396,f2f744f0-63e4-11f0-981c-6918ebc09e55,프시리,66,1
7396,f1f16021-6b57-11f0-8113-eb4cb292d581,한량성이,66,1
7396,f1a84ce0-67ac-11f0-a86b-6be161d85452,Saliy,66,1
7396,f158b800-6785-11f0-bcc9-bd1830454154,여진,66,1
7396,f005b960-664c-11f0-96fa-990fd0c2f326,부부무아줄,66,1
7396,efd62d10-65cc-11f0-bf97-2123285fe52f,까꼬비,66,1
7396,ee7eb530-6ce4-11f0-9497-07950a6b2df0,ST한쿡,66,1
7396,ec757e00-63ec-11f0-9f6b-2fbd473bfab6,재영,66,1
7396,e94dd530-619c-11f0-8d9e-717aec57ba88,난세대왕,66,1
7396,e8edc850-6464-11f0-8670-973d055b2505,락율희,66,1
7396,e8d019e0-6914-11f0-9163-9b37cd4f63ff,라로시,66,1
7396,e7f86cd0-61e8-11f0-ada3-974eb5fd3243,서현장군,66,1
7396,e7e61571-6a7c-11f0-b8c3-31d76e99096b,amber6,66,1
7396,e6bdddf0-685f-11f0-9791-b9bcb3a2d4df,난세정벌자,66,1
7396,e67753e0-63d1-11f0-aab1-5f3bbe175c3e,개타니,66,1
7396,e323a940-6256-11f0-909b-ed23a48ab1a8,달캉,66,1
7396,e2bc3a90-6377-11f0-b351-2528fe0ed991,DroidR2,66,1
7396,e2a34910-632f-11f0-9145-a52c50a03179,수노1,66,1
7396,e027ef70-69eb-11f0-9416-6d61d44d7bd3,몽령,66,1
7396,df390ae0-6301-11f0-9d37-116e48b00c39,노크,66,1
7396,deb6dfc0-6a9a-11f0-9b9a-dfc16842ed10,땡깡엔터,66,1
7396,de97f500-6ab9-11f0-97f1-7fc07927d956,케이론,66,1
7396,dddf0bb0-6c6e-11f0-8acb-a35784198e45,불법스님,66,1
7396,ddb6bea0-6267-11f0-97b4-198e3a6088ef,사각컷속의,66,1
7396,dd017a51-6cd9-11f0-80b2-df6a7b97e98b,죽같네,66,1
7396,dc1aebe0-630a-11f0-aa86-77fa1d930a78,어쭈,66,1
7396,dbd55bc0-6a7b-11f0-b7a5-333dfc345c53,그늘식,66,1
7396,d9fe6150-6898-11f0-b825-fb03011a9042,조알이,66,1
7396,d9795e90-6642-11f0-a776-73e6a717c241,흘랑,66,1
7396,d88c1ad0-6d05-11f0-974b-27baa6d4efcd,조씨다,66,1
7396,d7b5f2c0-63c8-11f0-8f11-17371de17e69,돈절레,66,1
7396,d6c03c10-69f2-11f0-81d8-d75e58d916af,frostaz,66,1
7396,d6aa3970-6aaa-11f0-97f1-7fc07927d956,멓멓이,66,1
7396,d5a3f0a0-62e1-11f0-8e55-53f16de9a7ce,tjdcns,66,1
7396,d57747b0-6518-11f0-8350-2bfe2b1cf2f9,키린,66,1
7396,d46ddc00-6ac0-11f0-9563-35208c1cb4b3,워녕쓰,66,1
7396,d3f9bcc0-6486-11f0-bbfe-0d14bcd852b5,대살성,66,1
7396,d3a31fd0-6bae-11f0-a01f-e538764cd6d1,노르스름,66,1
7396,d3176430-6af6-11f0-b6ac-91e7f241e767,바다이랑,66,1
7396,d2e78830-6530-11f0-a092-cfb4e8946e57,들개도사,66,1
7396,d29a5030-6c4f-11f0-802b-15be0af62600,얼렁뚱땅,66,1
7396,cf747e80-6a33-11f0-8c33-1b432cb694d3,11223311,66,1
7396,cd2d9c50-634f-11f0-ba6d-31d76c70e10b,은평구이무기,66,1
7396,caabd6f0-6461-11f0-8670-973d055b2505,난세의정민,66,1
7396,ca675630-6559-11f0-b19a-f331206492d9,우사0전우치,66,1
7396,c9f52de0-62b0-11f0-bf6e-91ab11ffb732,픽시,66,1
7396,c85903b0-62a8-11f0-b99b-2fc53d965492,나루호도,66,1
7396,c7bfa750-624f-11f0-8535-59b53ff152b7,홍딩이,66,1
7396,c609d070-6290-11f0-b63f-7755b72aa50f,파천신마,66,1
7396,c56392b0-66e0-11f0-abbe-1b148ce1c918,노자,66,1
7396,c4dde020-675d-11f0-90a9-8122dc0c48db,빙그레치즈,66,1
7396,c3ac4ce0-650b-11f0-b0f9-9b13bf283379,조선천마,66,1
7396,bf2fb5b1-62ab-11f0-bf6e-91ab11ffb732,딧맷,66,1
7396,be9e1ac0-6471-11f0-a8d6-9514efa5ade9,짱돌멩이,66,1
7396,be7404d0-6532-11f0-a092-cfb4e8946e57,흑사신,66,1
7396,be3243b0-64ec-11f0-8ef3-8dde64b39158,깡내,66,1
7396,be1fe980-6402-11f0-877d-c952436514c7,쭈압쭈압,66,1
7396,bd4f9dc0-649d-11f0-a845-496ab271568b,돌슨,66,1
7396,bc42e2f0-61cf-11f0-9cf3-7bf7fd07a67f,dkfladl,66,1
7396,ba0ba990-6cf1-11f0-9b40-39de905d3348,xgh85,66,1
7396,b896e350-62be-11f0-b038-1df969c0d9a5,부끅여우,66,1
7396,b8495070-6c3e-11f0-957e-9d6937ca94f4,국어,66,1
7396,b77f17c0-63dc-11f0-b0c8-0be5c747fc57,솔링,66,1
7396,b62b9690-67ca-11f0-a86b-6be161d85452,밤밤맨,66,1
7396,b4f2fdd0-6d20-11f0-b0d7-0b3415ac89fb,재니33,66,1
7396,b44e7550-62ec-11f0-8b38-673b14cc10ee,장연준천재장윤우,66,1
7396,b35c88a0-6407-11f0-a3ab-515b7dbdbb4f,구찮다,66,1
7396,b31c9570-6433-11f0-a580-6783cb326665,냥뇽,66,1
7396,b1d62460-6212-11f0-a026-2b3e93922249,조선소김씨,66,1
7396,b1b448e0-6230-11f0-8510-f70fc2d13c3b,니키드,66,1
7396,ae6d8a40-650d-11f0-998d-6361b2224259,문춘배,66,1
7396,ae4052d0-6267-11f0-807b-b56290a6427d,양국장,66,1
7396,ad749521-6abc-11f0-aabe-19fce0d146b1,호지네,66,1
7396,ab1fd520-6529-11f0-a768-59219107ad21,윤슬대디,66,1
7396,ab08f740-6625-11f0-9cdc-073af5d8ace4,뭘꼬라봐,66,1
7396,aaf827a0-6ab5-11f0-9a7f-e32704d17198,놀보,66,1
7396,aaf1a4d0-645b-11f0-9cd9-4f3d9a0f948e,난세호랑,66,1
7396,aa21af00-66ea-11f0-abbe-1b148ce1c918,POS,66,1
7396,a8ab0b20-62e5-11f0-971e-0d9306189309,문빛,66,1
7396,a8394d40-6287-11f0-adc6-455e8908a1ee,와니쿠니,66,1
7396,a6304e90-648f-11f0-a086-85e9f4d94fe9,족발먹고싶다,66,1
7396,a56f71a0-6b08-11f0-a101-2f71d3d479db,가드패스박,66,1
7396,a3706710-6225-11f0-8853-493fc3ae34f0,아에이오,66,1
7396,a2750400-66ef-11f0-b905-616e286946a4,뇸냥뇸,66,1
7396,a230f740-67cd-11f0-aa0e-8137dd32d9f9,남덕선,66,1
7396,a18aa310-6636-11f0-b390-df77dfcfb7b2,쭌스파더,66,1
7396,a09b2d90-6252-11f0-ba86-854a9aa8fdd0,집사은찬,66,1
7396,a02a5490-6abc-11f0-b350-274e47244e62,7f7hohre,66,1
7396,9f21d670-6915-11f0-b776-39555a34501f,클리드,66,1
7396,9d7ae480-64f4-11f0-89c4-91955faa19a3,장군3,66,1
7396,9d181c90-6bae-11f0-a01f-e538764cd6d1,낭콩강,66,1
7396,9c24ea40-62ab-11f0-b038-1df969c0d9a5,울프,66,1
7396,9a5780f0-63e2-11f0-89b8-61a649941dd1,복남아놀자,66,1
7396,99b04e90-6bb0-11f0-95c1-cdecde0b7fd9,장선생,66,1
7396,997df1f0-6bc6-11f0-875a-a17ba2f79958,Mia,66,1
7396,98e8d930-6a9a-11f0-b350-274e47244e62,누룽지꿀간장,66,1
7396,9817ce70-6c17-11f0-a98c-ab8c12a4e4f7,빠그,66,1
7396,97395660-6b48-11f0-956a-db544cb457ff,민쿤,66,1
7396,966c15d0-656a-11f0-b809-bf36f19a2b49,꼬꼬꽥,66,1
7396,95c49d90-69d0-11f0-8f96-49279775b5cf,각목각목,66,1
7396,927554b0-623f-11f0-8ed7-4f4ea466921e,다크검사,66,1
7396,92062e70-625b-11f0-aa52-cb1cb28881c2,김현조,66,1
7396,900d58c0-69bb-11f0-a3fa-29dcc74be0f9,김두광,66,1
7396,8fe61180-6a46-11f0-b8c3-31d76e99096b,낭랑비둘기,66,1
7396,8e5be790-6bd1-11f0-8c06-a7a944ebaa41,난난세세,66,1
7396,8c6dac50-64a3-11f0-9c5a-4d7fccdae4d8,땡칠,66,1
7396,8aab7740-6411-11f0-83ae-cb0d7c1d5c99,짜무짜무,66,1
7396,896377b0-6a84-11f0-8acc-fb286914151f,이뚱우유누,66,1
7396,89278170-6434-11f0-83ae-cb0d7c1d5c99,금마차,66,1
7396,8876ac40-65da-11f0-8c2b-333548211d3e,빛소은c,66,1
7396,87985de0-64a0-11f0-b5c8-a523170b964a,강기,66,1
7396,868960c0-6612-11f0-91c1-49cca2685584,변양,66,1
7396,84ddd340-6aaa-11f0-97f1-7fc07927d956,아니거,66,1
7396,847ff500-6b1c-11f0-b431-c1779ea5d7f1,풀피리,66,1
7396,828e9db0-6247-11f0-a510-196fe281bbd0,프로젝트H,66,1
7396,820aa780-6ad5-11f0-b538-6192b34d2599,umeus,66,1
7396,8156b040-63c3-11f0-8506-f7784b4ad14d,베프,66,1
7396,81399a50-6800-11f0-966a-9ddfc9fc7a33,날으는도토리,66,1
7396,80fa6470-6d50-11f0-87e0-c7b4fc691f0d,멍조,66,1
7396,80586b50-696f-11f0-9d56-07441ff571b0,강꿍,66,1
7396,7f63e0b0-66d3-11f0-abbe-1b148ce1c918,루지누,66,1
7396,7db20200-6512-11f0-a092-cfb4e8946e57,doei,66,1
7396,7b9465a0-6303-11f0-ac70-a708c19ff45f,가을비,66,1
7396,79feadb0-6243-11f0-a514-49ea4fb7f89a,창의력떨어짐,66,1
7396,7843fe60-6501-11f0-89c4-91955faa19a3,로뎀,66,1
7396,75ebeaf0-624b-11f0-8731-517e16b3676b,PNANA,66,1
7396,744ea320-69f5-11f0-83c1-071402a58f9d,st,66,1
7396,72c17ab0-6427-11f0-a684-2b9cd36018bc,호랭2,66,1
7396,72758270-6578-11f0-94e1-9148d7950b64,봉황,66,1
7396,7200df00-6254-11f0-aac8-19bde7c95ac1,용자왕,66,1
7396,71b45580-632c-11f0-acf4-5d62302864df,콩이아부지,66,1
7396,718ff530-644b-11f0-a4e4-a9524a101bbb,루루아빠,66,1
7396,7177ee50-6364-11f0-a70b-97528033efd5,전재우,66,1
7396,6fbb4150-64b0-11f0-af36-21384f9584e5,리리오페,66,1
7396,6ebfe210-6447-11f0-ba26-c559d1541584,려나,66,1
7396,6ea0f8a0-6569-11f0-94e1-9148d7950b64,aresnal,66,1
7396,6dfcfb30-631e-11f0-b4da-37de076ab8f7,티슈,66,1
7396,6c8de261-6822-11f0-a942-832fd84fd3d0,째잉,66,1
7396,6a581d40-62a9-11f0-84c3-c3277929fd63,모닝,66,1
7396,69614830-63bc-11f0-aab1-5f3bbe175c3e,세종쭌수,66,1
7396,69389dc0-64bd-11f0-bc9c-890ea1331a86,왓더헬,66,1
7396,688482d0-6c7a-11f0-92f8-0b0dfcc0c41e,하이요요,66,1
7396,686404c0-6954-11f0-887b-73f0ee57cca3,감자레오,66,1
7396,6531e490-6bfa-11f0-b3a4-bdd7aa4d5379,문을여시오,66,1
7396,64ce7d20-625d-11f0-9eb5-cf396344702c,djdjdd,66,1
7396,644a3f10-62b7-11f0-a53e-f720860fcc8a,우깅,66,1
7396,639b79c0-652e-11f0-a2f9-538e8d8649bf,조상,66,1
7396,62a50901-6cc7-11f0-80b2-df6a7b97e98b,IceBlasT,66,1
7396,6017c3d0-63c6-11f0-bb86-97bdb11e4eed,열무열매,66,1
7396,5fb53f20-621e-11f0-9813-b7579b20c221,선인소가,66,1
7396,5f73c190-6448-11f0-8944-5327091948db,서준이,66,1
7396,5eb5a3a0-69d8-11f0-9416-6d61d44d7bd3,단밤빵,66,1
7396,5d3f5160-6203-11f0-abc2-914425398299,검은콩,66,1
7396,5d2d5400-6448-11f0-9441-5df9253b0f52,으아앙아,66,1
7396,5b95cb00-64bf-11f0-9779-d31d6e85e24e,기적,66,1
7396,5b3a0cd0-67e8-11f0-9220-7320ba624175,준식,66,1
7396,5b372c60-65d4-11f0-be66-ebe105229c69,망극,66,1
7396,5b143280-6d10-11f0-b16a-59affbdabbf5,미아가피,66,1
7396,59fa8480-6af4-11f0-a6ea-759c93ed2c8f,흐잉련,66,1
7396,5919a0d0-6556-11f0-a37f-b346b9412b7f,오푸띵팅,66,1
7396,58c36700-6444-11f0-8944-5327091948db,가도은,66,1
7396,570b9e10-6245-11f0-9c23-457fcdeb3714,밤의재앙,66,1
7396,55ee9fd0-630a-11f0-a53e-f720860fcc8a,그리드,66,1
7396,54b96980-6c31-11f0-948b-913c7c2d582b,미네랄울,66,1
7396,541e0e81-625a-11f0-8141-45676e6e5d83,명성,66,1
7396,5164f650-66aa-11f0-bbca-cb910a6526e3,희사마,66,1
7396,50a33ba0-69d9-11f0-a97a-17464924d39f,5ggg,66,1
7396,4fc2db70-623e-11f0-b5d1-897b54eb0973,didiri,66,1
7396,4fc294d0-6a77-11f0-b7a5-333dfc345c53,째매이햄,66,1
7396,4f925bf0-6c0a-11f0-b3a4-bdd7aa4d5379,K한량,66,1
7396,4f80c020-6a93-11f0-8032-c32c225a07c5,군수,66,1
7396,4f760960-65bf-11f0-8eae-0b69539c9f81,LaFeL,66,1
7396,4eac9190-6540-11f0-8799-a56030339d38,띠용쬬끼,66,1
7396,4e6f34e0-6508-11f0-b0f9-9b13bf283379,수덕,66,1
7396,4ca24d70-64a2-11f0-829b-d50781ca76af,순무부스터,66,1
7396,4c482680-6455-11f0-8944-5327091948db,칸코,66,1
7396,4c4181b0-61e2-11f0-9e54-f5b20913bba4,김민정,66,1
7396,49ee5810-6391-11f0-9b51-d36a85c863a7,뚜루기러기,66,1
7396,45d99720-65d6-11f0-9498-19cab73c20ed,사과나무,66,1
7396,4521ec90-6439-11f0-9143-05b731683243,일대기,66,1
7396,42aaa840-662c-11f0-ba0e-5d9d6daabc7d,운사,66,1
7396,4188f100-62bd-11f0-b78d-9fbbdf7f23fb,한아,66,1
7396,4145ac60-6821-11f0-a432-f5a269c347d6,난세를평정하다,66,1
7396,40c2e160-68dd-11f0-bf27-69600f7373fa,진송괘지,66,1
7396,4091c790-6240-11f0-9b9e-13c7a7dd6c88,귀염홍시,66,1
7396,3fb0e030-652f-11f0-a092-cfb4e8946e57,난세에서살아남기,66,1
7396,3ee88730-646b-11f0-9969-437e63fe5696,그레잇,66,1
7396,3ea61d80-6d5f-11f0-861a-0f2178537a93,CEO,66,1
7396,3e4868c0-6d41-11f0-b976-671badd129d8,Uung,66,1
7396,3dacb080-6cea-11f0-a7a3-55c3beebb1fc,우기으기우기,66,1
7396,3d97b230-6384-11f0-8ea7-a17bafa0e4d0,조왕,66,1
7396,3d144251-675e-11f0-b0db-5b36dd8e337e,88kang88,66,1
7396,3c5c8070-65b0-11f0-b5ae-9f72a71a5588,시골참새,66,1
7396,3b575910-66fb-11f0-bdbb-d95b44f3ef66,민보민,66,1
7396,36ba7600-6456-11f0-8f1e-9b9f4436b281,서마고,66,1
7396,3676c230-6496-11f0-a315-5d30c4fd1c80,아이디뭐야,66,1
7396,32785460-6657-11f0-a776-73e6a717c241,곽철용,66,1
7396,31512ef0-6656-11f0-8a1d-5dcee97d710d,하늘사람,66,1
7396,301d20d1-62ea-11f0-862d-ab549d322a06,건기사,66,1
7396,2ff6d100-6493-11f0-a863-c5c12b567008,곰무늬,66,1
7396,2fd802d0-63ed-11f0-a934-37f97c3285aa,푸하헐,66,1
7396,2f7323f0-6605-11f0-a41e-0df3579756f2,감자깡,66,1
7396,2f13d9d0-6acf-11f0-a5d2-4bd7192c2f94,지중해z,66,1
7396,2d3a1a90-6a3c-11f0-996b-990644e05d04,chzckcff,66,1
7396,2bf87600-62ed-11f0-8567-d9cb9900f794,원조님,66,1
7396,2a524c20-6b69-11f0-b2c9-29e2e53b69f1,초련,66,1
7396,298ee720-676e-11f0-9a5c-ab575f5f65f5,가나쵸콜렛,66,1
7396,27cac090-650b-11f0-ada0-5d42ab9007c0,행키,66,1
7396,26e45450-6b02-11f0-a9b3-39e0fefa0fd5,지후니,66,1
7396,25364490-64bf-11f0-87d3-e7a130452e6d,앙마준우,66,1
7396,21f78ca0-6896-11f0-905e-c7bed89e0fd3,시오온,66,1
7396,20d3f450-6bf0-11f0-87eb-690ec7d4dfe2,소리아범,66,1
7396,1f4cb1b0-6977-11f0-8a8c-e705cbe6ed4d,김지소,66,1
7396,1ecdb941-67ac-11f0-a23d-0315df37054e,mimoosa,66,1
7396,1e43e1c0-6699-11f0-89e7-619078271bef,시우찡,66,1
7396,1e27d030-69b8-11f0-ae45-45a8c20b2c3a,앗앗,66,1
7396,1cc6a420-63c6-11f0-bb86-97bdb11e4eed,렉시드,66,1
7396,1c311010-6bb7-11f0-a8af-f73a307a4a56,광개토대황,66,1
7396,1c133c10-62e9-11f0-862d-ab549d322a06,시끄러,66,1
7396,1bf80212-621c-11f0-bbfd-8564365ef7ff,다경아빠,66,1
7396,1b4ef500-6486-11f0-a086-85e9f4d94fe9,푸른이슬,66,1
7396,1a580700-6d3b-11f0-a5ac-25cfed422797,hobbit,66,1
7396,187e1e20-69de-11f0-9adb-01ec0e539aaf,트레이더,66,1
7396,171ffc80-6432-11f0-83ae-cb0d7c1d5c99,백결선생,66,1
7396,13b81af0-6978-11f0-bb78-9524ef5f68fb,예성,66,1
7396,10217e50-6715-11f0-924a-215eb8d4d8f2,hwithd,66,1
7396,0ebe2800-6397-11f0-b91f-cbca55a9af76,곡직사,66,1
7396,0e2cfe60-6401-11f0-a3ab-515b7dbdbb4f,우주최강쭈니,66,1
7396,0d47d4a0-6237-11f0-9d5d-6ba09b4867f9,방랑느리,66,1
7396,0b3d6f10-6ad1-11f0-887f-c18cdf79257d,하디아,66,1
7396,0a3a0a10-62d4-11f0-8f11-77dd1d282e8c,영웅환생,66,1
7396,09208ec0-64cc-11f0-998d-6361b2224259,도킹,66,1
7396,0556caf0-6abe-11f0-b350-274e47244e62,콤팔소,66,1
7396,00a51d80-6970-11f0-af8d-ffa2f2ae9c69,말깜,66,1
7635,f98e3600-63e6-11f0-a3c9-9f9256df83ae,에리스,65,1
7635,f89ec410-62c1-11f0-839f-d97137a128f6,또치1,65,1
7635,f7553770-650e-11f0-8350-2bfe2b1cf2f9,썩쑤,65,1
7635,f2cf2cb0-6888-11f0-a376-f930a487e018,난나난난나,65,1
7635,f2a94360-6702-11f0-9d75-1fd8178eda43,개누렁이,65,1
7635,f28d9b90-63c1-11f0-b6ab-ab1d57efd9b6,딴딴파파,65,1
7635,f18505a0-6a9a-11f0-a9cf-f3f33c48bf68,0784,65,1
7635,f1448d20-6a8d-11f0-8032-c32c225a07c5,주나,65,1
7635,ed11b890-649d-11f0-8dc2-b1d7780ea280,깡총핑,65,1
7635,e96135e0-64ac-11f0-bac8-c1efd8a8ec20,모태솔로,65,1
7635,e9211b70-64b3-11f0-8446-43910c46e338,태오는맹수,65,1
7635,e8cd1880-6a18-11f0-9416-6d61d44d7bd3,소레,65,1
7635,e6de14e0-63e5-11f0-89b8-61a649941dd1,태중령,65,1
7635,e59a8a80-62f7-11f0-af00-9b7f567d02d1,이뜽,65,1
7635,e577a970-6419-11f0-83ae-cb0d7c1d5c99,디알포,65,1
7635,e38c66f0-6b3a-11f0-87b1-556bf1160bd2,육진,65,1
7635,df9fc0a0-669e-11f0-850c-5560f809d922,땡깡이다요,65,1
7635,dc5da070-6229-11f0-8227-a13f3b651953,서울사람,65,1
7635,db6b5540-6afd-11f0-83c5-d75fc40b1c88,올린즈,65,1
7635,dadd6ed0-6c4a-11f0-a73a-89eac715ce01,제왕천사,65,1
7635,dac18a60-6981-11f0-a6d0-d7dbeaf9d9e0,제논염제,65,1
7635,d57c9910-630e-11f0-a4e8-37a0c8f9bd22,관세음보살,65,1
7635,d29560a0-6c6f-11f0-b06f-1bb3858adc4b,가끔해,65,1
7635,d2175d90-62d8-11f0-a53e-f720860fcc8a,sgjffjjd,65,1
7635,d03b70c0-63cc-11f0-99a0-f791fadc47f8,그냥아무이름,65,1
7635,cb29e2b0-6c87-11f0-a097-d56ebc408629,가수,65,1
7635,cace35e0-67ec-11f0-80b5-37d9567e926a,고무공,65,1
7635,c84a5530-643e-11f0-a580-6783cb326665,길들여진여우,65,1
7635,c5e543e0-63c1-11f0-aab1-5f3bbe175c3e,Lactea,65,1
7635,c56f0eb0-650f-11f0-8350-2bfe2b1cf2f9,홍길뚱,65,1
7635,c4e27360-67b2-11f0-a86b-6be161d85452,두겅,65,1
7635,c4e05170-686b-11f0-86da-d79ffde00deb,야치,65,1
7635,bf7463c0-6d07-11f0-974b-27baa6d4efcd,Lecruz,65,1
7635,bd602bc0-6a80-11f0-9b9a-dfc16842ed10,카카로트,65,1
7635,bbdcdeb0-618e-11f0-b290-5db38c03d62f,익에임,65,1
7635,bbb19240-6239-11f0-a73e-efd8221a47bb,태안화력,65,1
7635,b8b69a60-623c-11f0-bbfd-8564365ef7ff,학씨표류기,65,1
7635,b88ceaa0-63a2-11f0-9b51-d36a85c863a7,칼빈트,65,1
7635,b8092140-6c8d-11f0-9ce1-3bb082378e2f,쉴드,65,1
7635,b22e6600-6511-11f0-9c52-67aa03808aa9,풍화량,65,1
7635,a7d74ff0-6520-11f0-8799-a56030339d38,독한형님,65,1
7635,a572d330-687a-11f0-a583-33b377bc2bee,건달푸,65,1
7635,a55de0b0-6aa0-11f0-b350-274e47244e62,태양s,65,1
7635,a30b9780-64a6-11f0-a231-37ac1ad01c02,전수진상,65,1
7635,9d37e820-6430-11f0-93a4-af3680a69719,쑥쑥,65,1
7635,9af322e0-6b70-11f0-b12d-131ac73060ee,shhhhhh,65,1
7635,99b76260-66ed-11f0-a331-1515e3bebb36,고려소드마스터,65,1
7635,959f0ce0-6b80-11f0-ab9f-397a5ee4956d,삼공주,65,1
7635,93e8c710-6d51-11f0-a443-4d97f0dc5c62,샤노,65,1
7635,91258920-6421-11f0-877d-c952436514c7,겐지,65,1
7635,8da319c0-663d-11f0-81af-5b0af15a39e7,김네코,65,1
7635,8d76a120-69e3-11f0-81d8-d75e58d916af,영웅기,65,1
7635,8cb478e0-651d-11f0-ab3b-9d4ed9be40b9,산호,65,1
7635,8c722460-6d4f-11f0-a443-4d97f0dc5c62,물쮸,65,1
7635,88e2f9b0-6308-11f0-a53e-f720860fcc8a,고로도로,65,1
7635,862e51c0-6b9f-11f0-a8f4-2b4db3bbadfc,몽군,65,1
7635,83647000-69b5-11f0-8b3f-73b93d01f6b0,당유,65,1
7635,815a3880-635c-11f0-a70b-97528033efd5,아르새댄,65,1
7635,7fe2a320-639d-11f0-b91f-cbca55a9af76,하하건,65,1
7635,7f5b7a10-6ba6-11f0-87ad-110cd9d955a8,희수,65,1
7635,7ce16630-64ff-11f0-ad80-bf5616b7c1de,고람,65,1
7635,75eb9a60-654c-11f0-8eaa-bf6dbefdd461,횬세이03,65,1
7635,74aad8a0-652e-11f0-a768-59219107ad21,약두원,65,1
7635,724d0a50-6561-11f0-83d0-9b3d85ec502b,토토로토,65,1
7635,6fef2420-69f6-11f0-81d8-d75e58d916af,연안리,65,1
7635,6c321c70-63b1-11f0-8465-f716200b7246,스누피,65,1
7635,6b5a2730-66cb-11f0-b3b6-8f960ca9abb5,아빠는개구리,65,1
7635,6ae9e970-630b-11f0-b974-4ba43f735b03,암흑의숨결,65,1
7635,67ebae10-6ae1-11f0-b538-6192b34d2599,임율,65,1
7635,679f3e50-63e7-11f0-a7be-13510fccb9c1,그렇군,65,1
7635,6486ae30-6a3e-11f0-8010-915371c938f2,루나티스트,65,1
7635,6485a4e0-6d40-11f0-8453-4d52e359456e,운설향,65,1
7635,615d4a00-64b4-11f0-befb-a79eaa388d9e,cghust,65,1
7635,60e7cc10-6268-11f0-9eb5-cf396344702c,슬린,65,1
7635,608a34c0-6302-11f0-ac70-a708c19ff45f,두부랑,65,1
7635,5eaab3b0-6c34-11f0-948b-913c7c2d582b,천상방랑자,65,1
7635,5bec84e0-646f-11f0-9e27-35530581f5ae,어니북이,65,1
7635,5bc04bb0-6c39-11f0-98cb-9992c3b823e7,414,65,1
7635,5b87ff71-623a-11f0-a73e-efd8221a47bb,바와나,65,1
7635,578bea30-630c-11f0-a53e-f720860fcc8a,난세말세,65,1
7635,572d5fc0-6d2e-11f0-b0d7-0b3415ac89fb,티그,65,1
7635,55c531e0-63e6-11f0-981c-6918ebc09e55,일리,65,1
7635,5570ddf0-6cc6-11f0-a3aa-53b108aed5e1,흑비,65,1
7635,50196300-6306-11f0-b7c2-5907d7ac5d60,김떡봉,65,1
7635,4daaf690-6470-11f0-a8d6-9514efa5ade9,진태경,65,1
7635,4a4729c0-6bd1-11f0-bbec-d73ff901d46b,출근버스,65,1
7635,486b9890-63a5-11f0-b7d9-6726758670c6,카타르시스,65,1
7635,46a71330-6ccf-11f0-8e36-7ff47c038c45,이세용,65,1
7635,439664a0-6899-11f0-905e-c7bed89e0fd3,철인85호,65,1
7635,436be7e1-6699-11f0-a8c0-a96b3c973cc3,마지막증오,65,1
7635,42bc4be0-64b5-11f0-934b-6da68273cd83,오이호박무침,65,1
7635,40a3cc90-643b-11f0-93b5-9bbe54f3643d,찌개,65,1
7635,3f820500-6550-11f0-aed2-e9684f688284,반꽃잎,65,1
7635,3eb1e6c0-652f-11f0-85dd-2db918fca576,만교,65,1
7635,3b974120-665f-11f0-8379-cf0f7a749d0b,즐길희,65,1
7635,38444cc0-63c6-11f0-8506-f7784b4ad14d,견권,65,1
7635,34eb3d30-6728-11f0-b696-57f6be140e14,쩐우치,65,1
7635,2d1967b0-64a0-11f0-8dc2-b1d7780ea280,원술,65,1
7635,2c1474a0-624c-11f0-8731-517e16b3676b,하나다,65,1
7635,2bf849f0-6ce8-11f0-a7a3-55c3beebb1fc,마음이냥,65,1
7635,2a7cf070-64d8-11f0-998d-6361b2224259,마트가서장보고,65,1
7635,2997ea50-688b-11f0-9d2f-d121b1a2f834,망했다,65,1
7635,281d3750-6ba3-11f0-8f80-79c9c37e8ee5,리바라기,65,1
7635,2747aef0-643c-11f0-99c8-7b44769d223b,공띠,65,1
7635,26975e30-670f-11f0-a73b-adc03882e699,Estelle,65,1
7635,2532a060-6ce9-11f0-9497-07950a6b2df0,삼성의별,65,1
7635,2489d1c0-64dc-11f0-920f-d9bd8a2a820c,허삼숙,65,1
7635,23f03490-6773-11f0-bd87-336f0aebd1bd,눈사람묵향,65,1
7635,227377e0-64bb-11f0-a3f5-7917fe6f3bcc,김돌돌,65,1
7635,21d0ca80-66c4-11f0-a7ca-6365d3928809,마파나나어,65,1
7635,2047e6f0-645b-11f0-a72c-e970bf999ff4,두루두루미,65,1
7635,1fbbf380-63bf-11f0-b6ab-ab1d57efd9b6,juno15,65,1
7635,1e9e7700-6cfe-11f0-b16a-59affbdabbf5,곱창막창,65,1
7635,1e0aa780-61f2-11f0-9346-a503da0bb554,브라운향,65,1
7635,1d7477d0-623b-11f0-939e-157038911130,중원의포식자,65,1
7635,1d069880-63b4-11f0-8010-bfe21b2e2bd5,루시오두,65,1
7635,19515010-66d2-11f0-b8c7-e5b8f1f3dcae,겸율,65,1
7635,172fb300-6acc-11f0-9ebc-25f4c2b0a5e6,정한,65,1
7635,17219a00-624c-11f0-ad06-05cd7d1d0a6e,죠빠,65,1
7635,166d31e0-6d33-11f0-9497-07950a6b2df0,이서안,65,1
7635,11a11000-6310-11f0-abe8-09c261bd0e21,신우여,65,1
7635,10518b90-6a21-11f0-81d8-d75e58d916af,세카이,65,1
7635,0d62da80-6457-11f0-8f1e-9b9f4436b281,휘바,65,1
7635,0c8d16f0-6436-11f0-93b5-9bbe54f3643d,찡찡잉,65,1
7635,0b34b290-6328-11f0-9a9d-576877acc917,민정호,65,1
7635,0992aaa0-6391-11f0-b91f-cbca55a9af76,아저씨,65,1
7635,09235750-6b42-11f0-87b1-556bf1160bd2,하남,65,1
7635,03b14e00-653c-11f0-bf88-f5c7f77ee584,스폐아,65,1
7763,f83f7b00-644b-11f0-b750-051f455e1aaf,채제공,64,1
7763,f6b93ca0-623c-11f0-939e-157038911130,흑색난류,64,1
7763,f50cafa0-61f0-11f0-a92b-d5d01d6ffba8,김대리,64,1
7763,f3fa2e20-6c78-11f0-b06f-1bb3858adc4b,난세설화,64,1
7763,f09df980-69b4-11f0-86e2-d3a55f318685,흉악한귀신,64,1
7763,ec3593c0-66ea-11f0-b905-616e286946a4,크암늉,64,1
7763,e8155b10-6a35-11f0-96d0-0b90c6ee1cc3,지또네,64,1
7763,e75d16c0-69b5-11f0-8b3f-73b93d01f6b0,dddjd,64,1
7763,e5861510-63dc-11f0-9b30-bfc50fd617fd,곡두,64,1
7763,e3ea22c0-62f4-11f0-b7c2-5907d7ac5d60,마초타잔,64,1
7763,e3d62890-67b5-11f0-a86b-6be161d85452,월령이,64,1
7763,e36dc600-6324-11f0-9d30-a1884d59ed55,김히스,64,1
7763,e1db4e40-6d2c-11f0-b0d7-0b3415ac89fb,한콕쿠,64,1
7763,e04c1c80-6449-11f0-942e-97f7817d06ed,량희,64,1
7763,de88ffb0-65bd-11f0-8eae-0b69539c9f81,춘식이는살려줘,64,1
7763,db8e6650-67cb-11f0-a86b-6be161d85452,이탱잠,64,1
7763,cbae0e80-63ce-11f0-bb86-97bdb11e4eed,낭보,64,1
7763,c96cd6f0-62a3-11f0-9ad3-4d475483bc38,공지,64,1
7763,c863f020-641c-11f0-a684-2b9cd36018bc,해무리,64,1
7763,c38d9d70-6620-11f0-a3f1-13a30a2bf409,후방주의,64,1
7763,c356b780-63c6-11f0-a9da-8b915b889dd4,미까,64,1
7763,c3440920-63e2-11f0-b6e0-95710897614e,셸던,64,1
7763,c0941990-64cd-11f0-8ef3-8dde64b39158,소환,64,1
7763,bd681df0-68b2-11f0-bd47-cf3af6acce80,풍류사절단,64,1
7763,b8be1770-648c-11f0-b749-97e97e025ce2,큐스토,64,1
7763,b7b3f3d0-6523-11f0-a768-59219107ad21,대랑,64,1
7763,b4e30f10-623a-11f0-853f-4567daacb8e8,갈아타기,64,1
7763,b2c59500-64a5-11f0-8dc2-b1d7780ea280,오룡뼈주먹,64,1
7763,ad6182d0-649c-11f0-829b-d50781ca76af,시아현세,64,1
7763,a6840750-6986-11f0-a923-f3bcf759ab67,eum,64,1
7763,a37f9eb0-62e8-11f0-971e-0d9306189309,숏탐,64,1
7763,9809a8c0-6a16-11f0-87cd-13cc90e29527,경하루,64,1
7763,957e81d0-6678-11f0-8b65-97eb249c79b0,불달,64,1
7763,94dbf4a0-69b7-11f0-a3fa-29dcc74be0f9,승이링,64,1
7763,92382920-6d0a-11f0-9b40-39de905d3348,세월화,64,1
7763,8f44c530-6624-11f0-afa5-e775e74c8006,멸천천마,64,1
7763,89d56ab0-6231-11f0-8954-174f550c9ed3,SNC21,64,1
7763,876b8bc0-6393-11f0-8ad1-495afdf38cf0,참윤,64,1
7763,8223b6b0-63e3-11f0-b6e0-95710897614e,개신남,64,1
7763,806bc7b0-644a-11f0-b750-051f455e1aaf,투퍼,64,1
7763,6caa2b10-638f-11f0-9b51-d36a85c863a7,나당s,64,1
7763,6a102720-64bf-11f0-abac-67a696be1328,강남김여사,64,1
7763,65ef4610-62c3-11f0-a53e-f720860fcc8a,윤서라,64,1
7763,5a602140-64ab-11f0-95b9-835a4da747ff,진비다솜,64,1
7763,54196530-63bb-11f0-a7e3-7b406ef3e8c7,오팔순,64,1
7763,52d12d70-651e-11f0-846f-13edae8f7606,저녁밥오므라이스,64,1
7763,4eced340-65c7-11f0-af10-4794d1b8d834,쮸삐,64,1
7763,499d81d0-6245-11f0-9687-5b0010e0eb4f,demoid,64,1
7763,49980b30-6b67-11f0-b65c-c1a8117d14fc,KangRaoN,64,1
7763,471bef90-6962-11f0-8a8c-e705cbe6ed4d,인쓰,64,1
7763,44532e80-68a5-11f0-bf84-ffd2e315ec3d,몽키김,64,1
7763,3f7ab200-6ca3-11f0-aef0-8567de5b5272,테오도르,64,1
7763,3c3ee4e0-68a6-11f0-a017-c32ab77b7ca9,긴번,64,1
7763,3a5bd4e1-64f4-11f0-8ef3-8dde64b39158,챙조,64,1
7763,36654340-65d9-11f0-8b0e-f5fed97303e5,ZiZiziZi,64,1
7763,35653490-689b-11f0-944a-3188c1e071c1,전한길이,64,1
7763,307e0ee0-62d1-11f0-a89f-3182c3b8adb5,루비루비,64,1
7763,29184800-6533-11f0-a15d-6fd1b18d9c14,푸헤헬,64,1
7763,22243f90-6380-11f0-adf7-d1fabe44ecce,Mark,64,1
7763,18fce840-6542-11f0-8502-015c2c577c5f,토벌꾼,64,1
7763,18a29900-6810-11f0-9069-eb268d57af69,회귀자,64,1
7763,1807b4d0-62bb-11f0-a53e-f720860fcc8a,진하얀,64,1
7763,1750c5e0-6766-11f0-ad79-9379ac052147,부자헤어,64,1
7763,0feef170-69da-11f0-81d8-d75e58d916af,Alan,64,1
7763,0ed302f0-6952-11f0-9f3a-d936e3ed6e3a,휘나,64,1
7763,0a26a8f1-62af-11f0-bf6e-91ab11ffb732,응애가영,64,1
7763,09b1c420-620c-11f0-8954-d1ddcca9d272,미등록,64,1
7763,05f604c0-64b6-11f0-a07e-5fb875f280ac,햄부기,64,1
7763,022eb800-64c0-11f0-bfcf-1fdb18c8f989,cococ,64,1
7832,fe79fae0-6563-11f0-9d97-192c64bf62e6,hoejeon,63,1
7832,fcd033b0-662d-11f0-9e05-f7f3cc626bbf,신사봉봉,63,1
7832,fc88f6a0-6950-11f0-b19e-355255fa5539,헤세메,63,1
7832,fb2c3790-6ad6-11f0-81c8-df68c1af4b53,배성태,63,1
7832,f9b75040-6a25-11f0-9416-6d61d44d7bd3,이달의쿠폰,63,1
7832,f6d36430-6314-11f0-b4ac-230641ea7477,제LI,63,1
7832,ef4a4460-6556-11f0-a37f-b346b9412b7f,밍니뇽,63,1
7832,ede6ed80-664b-11f0-8157-83c241bc6c35,용탱,63,1
7832,e520f270-6ab2-11f0-97f1-7fc07927d956,꽹뚧,63,1
7832,e2f77510-6507-11f0-846f-13edae8f7606,shinyu,63,1
7832,dedf9b90-6446-11f0-ab0c-317be3d6b0a6,성이,63,1
7832,debeba10-6abd-11f0-82da-c395ee7d49d8,초장와사비,63,1
7832,dc351530-646b-11f0-9969-437e63fe5696,흰사,63,1
7832,d1a3b170-625a-11f0-98d2-c5ba3f452be0,해리,63,1
7832,d1212f80-6411-11f0-877d-c952436514c7,자다깨다,63,1
7832,cd4a8c50-64d2-11f0-920f-d9bd8a2a820c,공삼따블,63,1
7832,cb2fb280-6499-11f0-829b-d50781ca76af,아수라1,63,1
7832,ca06ad80-6c89-11f0-bb12-f394c5e7b677,폭풍검마,63,1
7832,c9448830-65f5-11f0-ad59-4bc393021a26,서야파파,63,1
7832,c60fb8c0-6702-11f0-a98d-f37da4145b2e,황길동,63,1
7832,bb272bd0-6687-11f0-8d91-67464caa9884,류때,63,1
7832,ba8b4510-66f7-11f0-abbe-1b148ce1c918,밍긔,63,1
7832,b2e59790-648e-11f0-a51d-79330d46319d,솧탷촛,63,1
7832,b1fc3d50-6620-11f0-9f65-7d8e31a7ca23,노국대장공주,63,1
7832,aaceedf0-63d4-11f0-8ce7-05e1fc9cefd2,오니라미,63,1
7832,aab0e2b0-6555-11f0-a37f-b346b9412b7f,캉크쿠의표류기,63,1
7832,a7ce8560-6628-11f0-96fa-990fd0c2f326,휘파라암,63,1
7832,a67272d0-63ee-11f0-968a-57d5a12ffb1a,원이,63,1
7832,a51bc780-62b1-11f0-b038-1df969c0d9a5,오오이이,63,1
7832,a1ed7010-6363-11f0-899c-ed58ed9d92cb,나이뜨,63,1
7832,9ddb0800-6aa9-11f0-aa73-c544fd48d310,잠솔,63,1
7832,9ae37390-64ae-11f0-8340-854878e1c5cf,화니라구,63,1
7832,95b8cbc0-6a96-11f0-b350-274e47244e62,사구칸,63,1
7832,937003e0-661a-11f0-ba0e-5d9d6daabc7d,참치전,63,1
7832,8e1439f0-6720-11f0-a764-331beb7dec8b,Lua,63,1
7832,8c6cc700-6619-11f0-ba0e-5d9d6daabc7d,묵곰,63,1
7832,868e6470-65ff-11f0-a566-a94c20f85e02,호랑쌤,63,1
7832,84e762b0-6795-11f0-8310-8370146853a0,행운의사나이,63,1
7832,7fe08310-6839-11f0-b67b-53511e47b780,오하항,63,1
7832,7fbebe30-649f-11f0-b5c8-a523170b964a,airbone0,63,1
7832,7d0454a0-6398-11f0-8ad1-495afdf38cf0,임창정,63,1
7832,7acc4150-63cc-11f0-bb86-97bdb11e4eed,며칠,63,1
7832,79475d20-6b6e-11f0-b0f4-71e558902549,난세놀이,63,1
7832,73ad5280-6280-11f0-bcbb-714564b525f4,eom,63,1
7832,7134ab90-6558-11f0-b19a-f331206492d9,진혼,63,1
7832,70f665d0-6894-11f0-905e-c7bed89e0fd3,하늘고래,63,1
7832,70559860-62f6-11f0-92ac-314c0362ec06,dominga,63,1
7832,681e04c0-6567-11f0-83d0-9b3d85ec502b,대왕정조,63,1
7832,66d854b0-69a1-11f0-ae45-45a8c20b2c3a,pppppppp,63,1
7832,63460010-6689-11f0-8d91-67464caa9884,정조리,63,1
7832,5b90a3c0-6373-11f0-a70b-97528033efd5,신s,63,1
7832,577da070-6aae-11f0-aa73-c544fd48d310,은성아빠,63,1
7832,5236d830-642c-11f0-bd35-9758a7be9318,나니냐,63,1
7832,4ee603e0-692c-11f0-bd01-4f9a91cb3d54,jam2ha,63,1
7832,4d465d90-69f0-11f0-83c1-071402a58f9d,장광남,63,1
7832,493bc2e0-69d1-11f0-9416-6d61d44d7bd3,sssscc1,63,1
7832,45e3a140-63bd-11f0-9a90-f3e6ad4e6da0,검은딸기,63,1
7832,3efb9490-69fe-11f0-87cd-13cc90e29527,poky,63,1
7832,3ec7b450-6782-11f0-bf08-6be28b2f5825,문정공,63,1
7832,3275a840-6315-11f0-b4ac-230641ea7477,모보,63,1
7832,314bf550-6315-11f0-abe8-09c261bd0e21,홍이에여,63,1
7832,2e51a020-625c-11f0-a09e-af85dec66bcf,서연갱,63,1
7832,2cc50900-6d5a-11f0-84ea-85e702061068,현신,63,1
7832,29bf5e60-637b-11f0-923a-c744703c7c88,아앐,63,1
7832,255b7f60-62c8-11f0-a89f-3182c3b8adb5,메로나이,63,1
7832,1cd27fb0-6a84-11f0-8acc-fb286914151f,민성서빈,63,1
7832,1aaeb0d0-670c-11f0-a25c-47a5a693b30a,안양,63,1
7832,1a5bc050-6513-11f0-9c52-67aa03808aa9,saruto,63,1
7832,153a3b90-6c40-11f0-bdaa-ad27fd640cb0,박카스오백,63,1
7832,14e32810-6483-11f0-923b-cb064b77cde3,칸돌이,63,1
7832,13b2bb50-6cbb-11f0-9b40-39de905d3348,튜럴,63,1
7832,13247780-67f9-11f0-966a-9ddfc9fc7a33,123산이,63,1
7832,109ba9c0-6a6a-11f0-b4af-bd0ab1be2018,다고미짱,63,1
7832,0ec38bf0-6889-11f0-af85-f749ed280756,시우뿌우,63,1
7832,0ba33680-6412-11f0-83ae-cb0d7c1d5c99,sywcue,63,1
7832,0a0aa110-6452-11f0-8944-5327091948db,윤하은이아빠,63,1
7832,062305b0-6399-11f0-929e-756b01201a20,팡젤리,63,1
7832,02879ae0-6517-11f0-b0f9-9b13bf283379,영통어깨왕,63,1
7910,ff2f0020-682e-11f0-b2fd-9d1d445c08a1,쿠팡,62,1
7910,fcaa47f0-6c8a-11f0-92f8-0b0dfcc0c41e,오리꽥,62,1
7910,fc58f3a0-67a8-11f0-96fc-05e89b2be7f3,돌격소총,62,1
7910,f8660d80-6395-11f0-8ad1-495afdf38cf0,강치,62,1
7910,f2d07800-62b0-11f0-9f5f-eba69ae2db8d,임준석,62,1
7910,f2bfc840-6c4a-11f0-a3ef-6d506d6cef1e,사루다,62,1
7910,eee7f7e0-63dc-11f0-9b30-bfc50fd617fd,ljh0607,62,1
7910,ed31a440-63fb-11f0-8d3a-e3a07141edc1,시루누나,62,1
7910,ec20d0a0-64e4-11f0-8ef3-8dde64b39158,4디배36,62,1
7910,e97a43f0-642f-11f0-9a44-37c9035ed3bc,블랙골드,62,1
7910,e7d63de0-63a0-11f0-929e-756b01201a20,산달폰,62,1
7910,e4760c10-6a68-11f0-b350-274e47244e62,요한,62,1
7910,e4354880-6705-11f0-a98d-f37da4145b2e,청용,62,1
7910,e4316d30-6950-11f0-b19e-355255fa5539,아이바오,62,1
7910,e3600ef0-6367-11f0-a70b-97528033efd5,Lucas,62,1
7910,e2842e50-62ed-11f0-888b-4325034dd618,pah,62,1
7910,df581390-6c20-11f0-98cb-9992c3b823e7,초린,62,1
7910,decc1680-6c3c-11f0-948b-913c7c2d582b,촤촤,62,1
7910,dd866910-6647-11f0-81af-5b0af15a39e7,gang1024,62,1
7910,d9479ad0-662f-11f0-a8e2-5d76c20cdf0d,비단향꽃무,62,1
7910,d9228a10-6594-11f0-878e-15088f05ace2,단홍,62,1
7910,d7ca4bf0-6245-11f0-a33f-f73020b95b05,노망난할배,62,1
7910,d67d9410-6d2f-11f0-a693-ff327945c3a4,적란,62,1
7910,d4b41350-639a-11f0-9b51-d36a85c863a7,ppsrac,62,1
7910,d2ac3f10-621e-11f0-9813-b7579b20c221,두소,62,1
7910,d2a96cc0-62ca-11f0-b252-a1a047cc5cf1,고기왕만두,62,1
7910,d0ba25f0-6435-11f0-a580-6783cb326665,blueky78,62,1
7910,ce954c80-6469-11f0-9e27-35530581f5ae,라미네이트,62,1
7910,cd47d4b0-6d0b-11f0-9b40-39de905d3348,궁YE,62,1
7910,cacc9440-66a4-11f0-a8c0-a96b3c973cc3,4454,62,1
7910,c7d30c00-67a4-11f0-a86b-6be161d85452,노뮤현란한손가락,62,1
7910,c4beda10-6a08-11f0-81d8-d75e58d916af,붉은달이뜨는밤에,62,1
7910,c4abfce0-64fb-11f0-998d-6361b2224259,아투,62,1
7910,bfc02260-6249-11f0-807b-b56290a6427d,뿔따구,62,1
7910,bf65dc90-61c9-11f0-8b96-3fec5ac433c0,맥주,62,1
7910,bf500360-6526-11f0-8aa9-09c137dd5c06,몽가짱,62,1
7910,be61f310-6327-11f0-8178-d365b3cc7cb0,알록,62,1
7910,bca9df30-660e-11f0-b420-973bd54af871,산초,62,1
7910,b780c010-6b1c-11f0-bdb2-7b31dff56e85,개방,62,1
7910,b5699c40-6921-11f0-9163-9b37cd4f63ff,헉박,62,1
7910,b50e3b20-6516-11f0-a092-cfb4e8946e57,sw,62,1
7910,b38ccdf0-6658-11f0-a776-73e6a717c241,별헤는밤,62,1
7910,b33f9cf0-6d2a-11f0-812a-d364660ceebf,수달일세,62,1
7910,b1718e00-6c09-11f0-8749-fb5c8b4148d4,Chimus,62,1
7910,acbca020-6574-11f0-bd18-ef999b45db65,백설안,62,1
7910,ac05fed0-667b-11f0-aee9-63d133f73255,미소와무릉미남,62,1
7910,abe33440-656d-11f0-9e57-bf5444bb216e,김수달,62,1
7910,ababb6d0-6d3f-11f0-9497-07950a6b2df0,어느날우연히,62,1
7910,ab8e8a00-624b-11f0-ad06-05cd7d1d0a6e,만두만,62,1
7910,a995c900-6a27-11f0-9602-81ee37d26bd9,조선왕조실록샐록,62,1
7910,a917ced0-6b79-11f0-a77d-bf1628fd022c,더쌘,62,1
7910,a88b2310-6a64-11f0-b4af-bd0ab1be2018,호매실꿀주먹,62,1
7910,a5ea4990-65bb-11f0-8229-05287df015f8,꿀벌여왕,62,1
7910,a4d7cd60-64e5-11f0-ad80-bf5616b7c1de,자꾸라지,62,1
7910,a32d4e10-62ea-11f0-888b-4325034dd618,주몽왕자님,62,1
7910,a0c2e0d0-6476-11f0-9203-95da192fe506,심쿵간쿵,62,1
7910,a05359d0-6a8f-11f0-9b9a-dfc16842ed10,배팡팡,62,1
7910,9fe6fe70-65e4-11f0-9981-a5439162f975,혁명,62,1
7910,9d8cdf00-662a-11f0-96fa-990fd0c2f326,눈길,62,1
7910,9c76dea0-6c1e-11f0-948b-913c7c2d582b,신규유저,62,1
7910,9bc4ac80-6606-11f0-a41e-0df3579756f2,이세웅,62,1
7910,971f6a90-6aec-11f0-b538-6192b34d2599,1고길동1,62,1
7910,966d94d0-6aee-11f0-b19c-67c669359d64,깔끔수무디,62,1
7910,94665f20-6317-11f0-a53e-f720860fcc8a,최터미,62,1
7910,92027150-6381-11f0-ab9a-491699e5c818,박투,62,1
7910,8e8640f0-62d3-11f0-a53e-f720860fcc8a,고려조선한국,62,1
7910,8deeff90-63bb-11f0-aab1-5f3bbe175c3e,김모군,62,1
7910,8baa7780-639f-11f0-b218-57e8388ada3f,눈치안볼거야,62,1
7910,8baa5260-6ba0-11f0-aa90-2545c11fe272,비상게임령,62,1
7910,8aeaf820-6a2e-11f0-9416-6d61d44d7bd3,오리가족,62,1
7910,8a4882f0-6c65-11f0-99b9-6368c5be50e5,깨몽93,62,1
7910,86350110-62a2-11f0-ab5c-d90c56584691,레챠,62,1
7910,83a89f30-6958-11f0-a1f0-37d091d614b1,빠따킴,62,1
7910,82fd3810-66a7-11f0-8cad-77b80077cb64,이조,62,1
7910,82dec7e0-6468-11f0-82c1-d1354574f8a3,천유,62,1
7910,7ef176b0-6cf0-11f0-a87f-b3ba9822d572,깍두기,62,1
7910,7c754550-68cd-11f0-bd47-cf3af6acce80,9사단장노태건,62,1
7910,79ae42a0-68b8-11f0-bd47-cf3af6acce80,은뇨뇽,62,1
7910,7651ea80-63d1-11f0-b0c8-0be5c747fc57,표류기좋아,62,1
7910,718bd480-6461-11f0-8670-973d055b2505,항락,62,1
7910,70c64080-69c5-11f0-86e2-d3a55f318685,현대헬스케어,62,1
7910,6fe40010-63e1-11f0-89b8-61a649941dd1,논현,62,1
7910,6ba228d0-62fe-11f0-ba81-0189884c815e,옆집조사장,62,1
7910,6aa87440-6c7a-11f0-8acb-a35784198e45,뷰옐,62,1
7910,68757400-6c40-11f0-957e-9d6937ca94f4,쿠클린,62,1
7910,686e4a90-687b-11f0-964a-17914aadeacf,백두산호랭이,62,1
7910,6761db80-67ea-11f0-82b6-93a73aef044c,케이둘,62,1
7910,641abe50-6980-11f0-9567-3b74e61607c2,부처의손놀림,62,1
7910,630205d0-62f2-11f0-80c0-c33b3109eb42,난파선,62,1
7910,621be770-64a6-11f0-b626-23ea90035c71,천무휼,62,1
7910,60cbd080-6495-11f0-a086-85e9f4d94fe9,say,62,1
7910,5f2c8940-6562-11f0-b5ae-9f72a71a5588,한방m,62,1
7910,5e816b40-6a3b-11f0-8010-915371c938f2,용Drt,62,1
7910,5d671840-6301-11f0-af00-9b7f567d02d1,사카마노스케,62,1
7910,5cd5bc30-639a-11f0-9e16-f1cd993522e6,에겐남,62,1
7910,5c90b630-6877-11f0-89a7-8d92fa8fb63c,제이이,62,1
7910,5b1e9141-6977-11f0-bd0c-c3e4cbda7988,카레니안,62,1
7910,538e07e0-69cb-11f0-a3fa-29dcc74be0f9,minfo,62,1
7910,50dcd160-6bca-11f0-9ac6-dd6ea5f4e1bc,junbby,62,1
7910,4bcfe110-696a-11f0-ba88-17a2fbf72f22,뽀글뽀글,62,1
7910,4991aec0-6626-11f0-9cdc-073af5d8ace4,강동연,62,1
7910,48025c80-6734-11f0-b696-57f6be140e14,상발,62,1
7910,473bbb20-6455-11f0-b1b5-f7c1dd7354a3,조욱동,62,1
7910,44f964d0-62ab-11f0-bf6e-91ab11ffb732,다람쥐날다,62,1
7910,43d33ab0-6524-11f0-b0f9-9b13bf283379,더위타파,62,1
7910,3c9bbeb0-6c87-11f0-841a-133a0419da80,천하명월,62,1
7910,3c03d490-6cc0-11f0-a3aa-53b108aed5e1,DTYB,62,1
7910,2fbd3f80-6448-11f0-b750-051f455e1aaf,맛있는유미꼬리,62,1
7910,2f2885b0-623c-11f0-9b9e-13c7a7dd6c88,똥꾸멍,62,1
7910,2c947b10-6241-11f0-9c23-457fcdeb3714,큐리크,62,1
7910,27f6bf90-620b-11f0-980a-396801ba63e1,카우카우,62,1
7910,26f7a8d0-64ad-11f0-87c5-cfc271183eec,빙둘기,62,1
7910,2349e240-64dd-11f0-998d-6361b2224259,oodd,62,1
7910,2345e260-6d27-11f0-84eb-eba0502a50b4,얼죽뱅,62,1
7910,221cae70-6a23-11f0-9adb-01ec0e539aaf,아이고허리야,62,1
7910,1a1496a0-653e-11f0-b203-85c99a94680a,카카오춘식,62,1
7910,18de1f50-6637-11f0-b4ee-39fec46309cd,붕어빵은꼬리부터,62,1
7910,189abb60-621e-11f0-abc2-914425398299,Vip찐,62,1
7910,15dbdfc1-6bb1-11f0-a8ce-570b9431e88d,노린자,62,1
7910,130cf0d0-6699-11f0-ba2a-41fec92158c2,Rupine,62,1
7910,12823cb0-6cde-11f0-a48c-d96b3f7eb5e1,Stella,62,1
7910,11e2d4f0-6cc9-11f0-aef0-8567de5b5272,개스,62,1
7910,0e001610-6b14-11f0-8f4d-6330363bf47b,gkwowns,62,1
7910,0deb48e1-62ed-11f0-8b38-673b14cc10ee,서쪽에서,62,1
7910,0bdfa9c0-6c56-11f0-8009-99d4c032fe19,마장동백정,62,1
7910,0b4364c0-6c8d-11f0-a15c-cd708d47cf8c,늘봄날,62,1
7910,03954ab0-64b1-11f0-8ec1-3f30537f594b,문덕,62,1
7910,02f21a60-66b5-11f0-8dc5-93f9fb1e4ad3,유산균,62,1
7910,00b1cb01-630a-11f0-aa86-77fa1d930a78,sske,62,1
8039,fb32d2f0-6bb5-11f0-95c1-cdecde0b7fd9,달리는기봉,61,1
8039,f85650a0-6446-11f0-8944-5327091948db,멍순이,61,1
8039,f70a05a0-64b6-11f0-9831-814864615b45,또뇽,61,1
8039,f4ae90a0-648e-11f0-a51d-79330d46319d,양조,61,1
8039,f2acb940-6235-11f0-bbfd-8564365ef7ff,Jokerrr,61,1
8039,ee4de5c0-6845-11f0-99dc-7f152e4a9527,슈윙크,61,1
8039,ec662a30-6b8b-11f0-a5cc-4d0da870124c,쟝어,61,1
8039,eb9f0f70-63d1-11f0-9a87-810a40a679fa,삭쯔,61,1
8039,e8b4e6a0-6899-11f0-8871-5dec1d16e3d2,혜리왁스,61,1
8039,e800f950-644e-11f0-b750-051f455e1aaf,탱크,61,1
8039,e726ed10-638a-11f0-9b51-d36a85c863a7,갓굿,61,1
8039,e58192c0-6390-11f0-929e-756b01201a20,한방사,61,1
8039,e49153b0-656f-11f0-9d46-cdb27a56ccf9,데스군,61,1
8039,dea0e240-6240-11f0-a514-49ea4fb7f89a,CB,61,1
8039,de9af7c0-6c65-11f0-ba2c-4f8d906a7937,엔지니어둘기,61,1
8039,ddb65ef0-6c77-11f0-b06f-1bb3858adc4b,뚜왈기,61,1
8039,dd0f5fa0-678c-11f0-bb20-11ad96385100,HGl,61,1
8039,dbd957f0-684d-11f0-9a92-175f0d2b5caf,skse,61,1
8039,db37bd00-62f8-11f0-b7c2-5907d7ac5d60,화산청명,61,1
8039,d9d55c10-63e3-11f0-981c-6918ebc09e55,Ronaldo,61,1
8039,d5371ce0-6a67-11f0-b350-274e47244e62,벅가요,61,1
8039,d44aba10-6ab4-11f0-aa73-c544fd48d310,포리다,61,1
8039,d20e13b0-6d29-11f0-b976-671badd129d8,쫑긋,61,1
8039,d1c5f240-68b7-11f0-ae52-25c108e63028,인생머있노,61,1
8039,d156a7b0-61fe-11f0-8e45-ef1cdcdf5820,주녕이,61,1
8039,ccf8b970-627a-11f0-b831-2509b113c5f4,치빈,61,1
8039,caec88e0-63f2-11f0-89c3-81bc4ed5aa4e,투탕,61,1
8039,c8309ad0-63be-11f0-9a90-f3e6ad4e6da0,jp,61,1
8039,c38217c0-648b-11f0-9e55-714c36f08739,꼬망,61,1
8039,c3486ed0-6346-11f0-97d7-efff12aed0ab,천사앙이,61,1
8039,c0e94e90-6506-11f0-b0f9-9b13bf283379,oanh,61,1
8039,bf20fcb0-6acf-11f0-b538-6192b34d2599,어묵,61,1
8039,bd5e3f30-645a-11f0-98cd-eddf0f6a0045,한시,61,1
8039,badcc4c0-62f7-11f0-9a8c-95ea4c8b6842,놀아쥬,61,1
8039,ba96ac50-656e-11f0-94e1-9148d7950b64,대흥동존잘남,61,1
8039,b8ba6890-695b-11f0-86e2-d3a55f318685,유신재,61,1
8039,b1beaea0-6cf0-11f0-a7a3-55c3beebb1fc,F킬라,61,1
8039,b1085610-6902-11f0-a0aa-93c8f690bfda,짐승김중규,61,1
8039,af2a4280-6629-11f0-8621-0f3e351e9362,장흥아이,61,1
8039,af210270-6894-11f0-a4e1-475c4fab3557,헨리,61,1
8039,ac0463c0-6a42-11f0-a1c0-f953ad2a988a,뮨의힘지럽,61,1
8039,a75590a0-6cd2-11f0-a3aa-53b108aed5e1,레르로,61,1
8039,a34bd3d0-6240-11f0-9ca6-b18ea4730904,poi1,61,1
8039,a2fad910-63be-11f0-a7e3-7b406ef3e8c7,롤러,61,1
8039,a1e0a240-6a1b-11f0-83c1-071402a58f9d,조디악캡틴,61,1
8039,9ef7a670-66d6-11f0-9c1f-6ff06ada37b6,돌몽,61,1
8039,9ef3b940-637d-11f0-b6f5-df7d29cfa051,살리기아,61,1
8039,9dc418a0-63da-11f0-bb86-97bdb11e4eed,기표난류세,61,1
8039,9d854340-63cc-11f0-a9da-8b915b889dd4,난세의영웅이순신,61,1
8039,9c64c4e0-6cdc-11f0-9b40-39de905d3348,상계,61,1
8039,95ccf830-6a63-11f0-b7a5-333dfc345c53,인천유나이티드,61,1
8039,95ca0a50-6958-11f0-887b-73f0ee57cca3,알파카11,61,1
8039,931bdb00-6299-11f0-ac49-e9bf5bf498db,GAO,61,1
8039,92d6ba30-6653-11f0-a776-73e6a717c241,느린아재,61,1
8039,928fbd20-6445-11f0-b0d3-514122d47fb8,쭝삼,61,1
8039,8dcde330-63e0-11f0-9b30-bfc50fd617fd,곰도리,61,1
8039,876b7c81-6c2a-11f0-98cb-9992c3b823e7,홍광,61,1
8039,873101a0-6210-11f0-abc2-914425398299,홍길동전야,61,1
8039,86439f90-642d-11f0-83ae-cb0d7c1d5c99,인트,61,1
8039,844e5f90-6a1d-11f0-9adb-01ec0e539aaf,후추엣추,61,1
8039,82ef44a0-6934-11f0-b6fc-63016576bc70,별이달이구름,61,1
8039,82a888b0-6a26-11f0-9602-81ee37d26bd9,토박이,61,1
8039,818eebf0-66b0-11f0-bead-d54787f6b724,보라도리,61,1
8039,76fb7f70-694c-11f0-887b-73f0ee57cca3,dkzlfkty,61,1
8039,76746b50-64fd-11f0-ad80-bf5616b7c1de,선돌이,61,1
8039,7527f600-63bc-11f0-9a90-f3e6ad4e6da0,승희지나가요,61,1
8039,73fae980-6381-11f0-adf7-d1fabe44ecce,흑지일호,61,1
8039,73d163a0-6230-11f0-8510-f70fc2d13c3b,갓성종,61,1
8039,73cb30b0-6623-11f0-98c0-d9f4fe5058f5,l코알라,61,1
8039,73613500-6607-11f0-b420-973bd54af871,형광나무,61,1
8039,6c392c90-650a-11f0-a008-3d1038308b91,갱뱅,61,1
8039,6c27b180-62c7-11f0-b252-a1a047cc5cf1,킁킁이,61,1
8039,69cc1f60-6a48-11f0-b7a5-333dfc345c53,박디노,61,1
8039,6649e9a0-6249-11f0-9c23-457fcdeb3714,국산전분,61,1
8039,6605a240-65fa-11f0-8afb-9767d055c78a,과학,61,1
8039,624248e0-6bb1-11f0-a8ce-570b9431e88d,하이봉봉,61,1
8039,60f6bfb0-63a6-11f0-9e98-299d606b6be2,Heru유튜브,61,1
8039,6022dbc0-6705-11f0-a3d4-43ebc2e41e55,apql,61,1
8039,5ddbd360-6b62-11f0-92cb-d1eeab928ba6,다섯시조랑말,61,1
8039,5a16e520-688e-11f0-8a2e-739305bc1e9c,비전,61,1
8039,57c86170-68b3-11f0-b6e5-1f4abc2a195f,드리즈트,61,1
8039,56a8cf50-621e-11f0-abc2-914425398299,까눕,61,1
8039,553d0080-6a04-11f0-83c1-071402a58f9d,안씻은개냄새,61,1
8039,53a2cd50-6305-11f0-ac70-a708c19ff45f,busan,61,1
8039,531ab431-650b-11f0-b0f9-9b13bf283379,jun1228,61,1
8039,528a4640-63a6-11f0-9e98-299d606b6be2,코끼리,61,1
8039,510de480-678d-11f0-8310-8370146853a0,위즈,61,1
8039,50d7b260-64a5-11f0-9c5a-4d7fccdae4d8,정백,61,1
8039,4ef302d0-63b3-11f0-8789-375ece2eb98d,트리우스,61,1
8039,4eb68e70-66c6-11f0-94a5-5dfa3d0e1274,현스타로,61,1
8039,4ded6320-6436-11f0-93b5-9bbe54f3643d,숔툋촓,61,1
8039,4cad8910-62d6-11f0-8f11-77dd1d282e8c,김나방,61,1
8039,4c6a8520-6461-11f0-934d-3b333a678e8e,엘양,61,1
8039,4c006cf0-6446-11f0-ab0c-317be3d6b0a6,ssamdark,61,1
8039,4becc7e0-63d8-11f0-8ce7-05e1fc9cefd2,쿱뜨야v,61,1
8039,4b545200-6705-11f0-8f88-4583aca29e09,대물,61,1
8039,4af6d4a0-6263-11f0-bcbb-714564b525f4,여래신장,61,1
8039,48e599f0-64aa-11f0-ac20-8734dac19833,주파밍,61,1
8039,48aaeb90-6a34-11f0-81b5-63d6d27034a6,며리며리,61,1
8039,4465f8f0-6902-11f0-9ae7-91cf7169e2c4,qpqp777,61,1
8039,4435cf60-661c-11f0-8af8-af83b80f6378,전역해줘,61,1
8039,43e8ee90-6c14-11f0-aed5-0bf4d0a3552b,아리코스미,61,1
8039,4307e690-6212-11f0-802a-01726bb91ef4,킴블링,61,1
8039,4276c710-62f7-11f0-9a8c-95ea4c8b6842,가오니,61,1
8039,3e4d7da0-67b6-11f0-a86b-6be161d85452,도윤파파,61,1
8039,3cd1d6e0-6ae7-11f0-a5d2-4bd7192c2f94,qwerty1,61,1
8039,3c695ac0-66fa-11f0-bdbb-d95b44f3ef66,창구콘,61,1
8039,3be66810-6a7c-11f0-a1c0-f953ad2a988a,데저트망령,61,1
8039,3a954610-6320-11f0-8178-d365b3cc7cb0,anchovy,61,1
8039,361729d0-6606-11f0-a954-17a0435dde3a,논세,61,1
8039,353a9150-6228-11f0-8f4d-9b20c6de68be,홍대용,61,1
8039,33734290-650c-11f0-b0f9-9b13bf283379,파리채,61,1
8039,33382120-6687-11f0-8b65-97eb249c79b0,백꾸띠,61,1
8039,311f1040-6bd9-11f0-91e5-61cf2ff47abb,gwjwjsis,61,1
8039,2e6fa9f0-63d1-11f0-b33e-f1ed11ff4ba9,오리무동,61,1
8039,2ddfb850-6308-11f0-af2f-6f5b4995749a,현똥꾸멍,61,1
8039,2d2ee4f0-66e4-11f0-94fd-bd0b371894b0,테크널,61,1
8039,2a170cb0-646a-11f0-9e27-35530581f5ae,Grim,61,1
8039,24a5c1f0-67c0-11f0-ac79-bd0f37322c34,곶감,61,1
8039,1e2a7890-6534-11f0-a7a2-1dbf387388d6,너의밝은미래,61,1
8039,19395a80-663e-11f0-81af-5b0af15a39e7,광충,61,1
8039,1849e580-65fe-11f0-b713-4926dfac7d29,스라소니,61,1
8039,17c2be10-63e3-11f0-89b8-61a649941dd1,아니이것도있어,61,1
8039,16998a90-6a29-11f0-9416-6d61d44d7bd3,환요,61,1
8039,13abd390-6c65-11f0-8009-99d4c032fe19,금품갈취,61,1
8039,10f0bd70-63ad-11f0-8944-41389033f614,홍기르동이,61,1
8039,0fa849f0-6976-11f0-8a8c-e705cbe6ed4d,고구마11,61,1
8039,0e6d36a0-64fc-11f0-b0f9-9b13bf283379,옥돌,61,1
8039,0e472350-6544-11f0-a2be-555c74fcc7f5,흡혈귀,61,1
8039,0d99e9e0-6474-11f0-934d-3b333a678e8e,크노뭉가,61,1
8039,0bc0b850-68ee-11f0-9888-593c2b11ec29,홍길하드,61,1
8039,0a2d94f0-623a-11f0-853f-4567daacb8e8,정신혼란,61,1
8039,09d85180-6586-11f0-bdb7-b58ab72864be,김드뜨,61,1
8039,0969d530-68dc-11f0-acc6-9fa957ae20ea,눈뜨면지옥,61,1
8039,07bc8ce0-6aa9-11f0-aabe-19fce0d146b1,귀씨표류기,61,1
8039,05f52d30-6631-11f0-808a-8543e0be7fc0,정은비,61,1
8039,03452610-6a1b-11f0-9416-6d61d44d7bd3,지니님,61,1
8039,017c18d0-668c-11f0-ba90-31fb5fd677bf,코코크크,61,1
8039,00ef5a90-677b-11f0-958a-a1ef21446339,세데스,61,1
8039,0039ea20-66b3-11f0-8dc5-93f9fb1e4ad3,헤르페우스,61,1
8179,fcad4df0-6623-11f0-ba0e-5d9d6daabc7d,사쿠라소위,60,1
8179,f2df7f40-6539-11f0-804d-51b2f3c93538,대공,60,1
8179,f0fb52b0-65f9-11f0-b713-4926dfac7d29,청춘상회,60,1
8179,e8829d20-63e5-11f0-849d-3b3a1fc71a59,telesis,60,1
8179,e5bee0e0-6664-11f0-aee9-63d133f73255,너희누나쩔드라,60,1
8179,e02cec90-6258-11f0-9eb5-cf396344702c,폼폼푸린,60,1
8179,dfff3e00-63e6-11f0-a3c9-9f9256df83ae,보댕,60,1
8179,df8ad5f0-65d6-11f0-8359-1f089a4dbded,우주피스,60,1
8179,db8c64c0-64fd-11f0-89c4-91955faa19a3,려천,60,1
8179,d8d0d6e0-633f-11f0-a70b-97528033efd5,심창경,60,1
8179,c290c230-64f4-11f0-920f-d9bd8a2a820c,이창천,60,1
8179,bc9065e0-6bc3-11f0-b909-d302a0bc03b8,환세표류기,60,1
8179,ba16c2d0-6c51-11f0-802b-15be0af62600,조국의이순신,60,1
8179,b7c01620-6491-11f0-829b-d50781ca76af,tired,60,1
8179,b697e480-662b-11f0-ba0e-5d9d6daabc7d,S4C5,60,1
8179,b4ddabd0-6ad5-11f0-b538-6192b34d2599,kkong,60,1
8179,ad6e76d0-662b-11f0-9e05-f7f3cc626bbf,녜힁A1,60,1
8179,a9870c10-657e-11f0-8b44-3ff58a49da64,잼고,60,1
8179,a59c6720-6ade-11f0-adf1-352afe5db30b,최무선,60,1
8179,a238afc0-6238-11f0-94a2-4175a47c52b5,바쩌루나무,60,1
8179,a0afa7d0-6d46-11f0-9497-07950a6b2df0,스매싱콘크리트,60,1
8179,9d551b00-645a-11f0-8944-5327091948db,가브리엘,60,1
8179,910f7cd0-63e4-11f0-89b8-61a649941dd1,Bluelhaz,60,1
8179,8f9c2d70-6ad9-11f0-81c8-df68c1af4b53,파예,60,1
8179,8d2e7dc0-6252-11f0-9389-bdd3075e1ab8,zl존민서,60,1
8179,8b4aa8e0-631e-11f0-9cd1-89add7c25990,잭리훈,60,1
8179,8b37af50-63dd-11f0-9b30-bfc50fd617fd,천지마신,60,1
8179,8a85f980-6a96-11f0-8032-c32c225a07c5,장합,60,1
8179,84c64e60-61bc-11f0-ac2a-27c071cd248e,ft,60,1
8179,8473f920-623f-11f0-8e4e-3fc4beb87eac,ESChi,60,1
8179,7dade8b0-6525-11f0-8799-a56030339d38,춘수,60,1
8179,7d714dc0-6218-11f0-bbfd-8564365ef7ff,일산한량,60,1
8179,7cfb2230-651f-11f0-846f-13edae8f7606,우아띵,60,1
8179,7651fe00-6433-11f0-93b5-9bbe54f3643d,종팔잉,60,1
8179,75fe76c0-6cfa-11f0-8662-b3a8d615c0d7,감마일,60,1
8179,759be390-6ab9-11f0-97f1-7fc07927d956,님님,60,1
8179,630446c0-6aa8-11f0-b350-274e47244e62,그그그비,60,1
8179,622a6a61-647a-11f0-a8d6-9514efa5ade9,일월비비취,60,1
8179,57e0af00-657f-11f0-adab-e3842e797e8d,zl존척준경,60,1
8179,5126de50-63a9-11f0-a110-bf1368febfaf,윗집빌런,60,1
8179,50e69f20-6237-11f0-9d5d-6ba09b4867f9,제이아범,60,1
8179,4f2d2540-6abc-11f0-97f1-7fc07927d956,뜩구,60,1
8179,4db7e390-68bd-11f0-bd47-cf3af6acce80,민이뿐,60,1
8179,4cf1fae0-6912-11f0-91c8-a923378c0f3a,쩌녕우,60,1
8179,4aedfc40-642a-11f0-bcbf-2b7f0b4e55b1,주히,60,1
8179,4839a6a0-62f6-11f0-92ac-314c0362ec06,ADELE,60,1
8179,443aed70-6a17-11f0-9416-6d61d44d7bd3,수의사,60,1
8179,41a8c640-65f8-11f0-8cbe-319b644384b7,김씨아저씨,60,1
8179,3b329480-6823-11f0-a942-832fd84fd3d0,추어기,60,1
8179,2e424230-649e-11f0-829b-d50781ca76af,절도,60,1
8179,266a4330-6c7f-11f0-a8de-d7173687f0b3,달케,60,1
8179,1ce0a640-6b91-11f0-897e-8342d85e5dae,수니보키,60,1
8179,15c89580-6253-11f0-aa52-cb1cb28881c2,딜러Ss,60,1
8179,0bcd4b20-69a1-11f0-8b3f-73b93d01f6b0,요그림,60,1
8179,0a4cbbd0-6a34-11f0-b54e-2d4b7711979a,숭어,60,1
8179,095fd270-6af2-11f0-a78d-8d7d319cdb7a,모zk,60,1
8179,07aad260-6442-11f0-ba71-3bee03d792ae,그마,60,1
8179,03873ff0-624b-11f0-a7b6-cf18c18dd85f,ziike,60,1
8237,f0521780-6492-11f0-aa78-e94e86ef7b01,터진홍시,59,1
8237,d9aaa6e0-6c18-11f0-aed5-0bf4d0a3552b,점이,59,1
8237,d5e66930-6494-11f0-bbfe-0d14bcd852b5,신밧드의보험,59,1
8237,cb7a74b0-6529-11f0-a768-59219107ad21,만두요정,59,1
8237,cafb3cd0-68fe-11f0-a0aa-93c8f690bfda,붉은악마빽쌍,59,1
8237,c5035060-69f8-11f0-9adb-01ec0e539aaf,이나기,59,1
8237,be7945f0-6206-11f0-9b80-6dacbd1dec23,겔플힝,59,1
8237,bbf3f9c0-62fa-11f0-a53e-f720860fcc8a,터으니,59,1
8237,b0fff0a0-642b-11f0-9fa9-c78618ce411e,명마적토마,59,1
8237,afec9420-6223-11f0-9b80-6dacbd1dec23,쭈누미,59,1
8237,aebe7430-66e0-11f0-b905-616e286946a4,아모아빠,59,1
8237,ae3f1df0-6462-11f0-baaf-45c3a00048ee,삼교비,59,1
8237,addbe310-6314-11f0-a53e-f720860fcc8a,무장승,59,1
8237,a9a1cd90-6a40-11f0-b8c3-31d76e99096b,재즈,59,1
8237,a01868c0-62f1-11f0-915b-151c986adc11,깔롱이,59,1
8237,9aeba680-6a78-11f0-8acc-fb286914151f,탐라홍길동,59,1
8237,97415201-6b0e-11f0-89ae-bb6b4e8b47bd,kabi,59,1
8237,8ccde450-683e-11f0-a307-57a9532db1b8,민영감자,59,1
8237,8c87c5b0-6861-11f0-a2bd-a56b428bf25d,우박,59,1
8237,8b3fecc0-6319-11f0-973d-8fd00d5d3e51,MidFaker,59,1
8237,8b193d40-629d-11f0-8e72-11fb63eb28f5,블라드,59,1
8237,88bb4f40-67af-11f0-973f-ef189b93f10d,사메,59,1
8237,86b5b2d0-6af2-11f0-b19c-67c669359d64,단비유건,59,1
8237,7dfb90a0-662f-11f0-8dc5-0ba92d25bd16,왜에,59,1
8237,736444a0-68ac-11f0-9ea1-858ee28c4119,진국,59,1
8237,719eae00-6d19-11f0-812a-d364660ceebf,알게뭐고,59,1
8237,6c9cba70-67a9-11f0-92ff-6d6c187961b7,찌리릭,59,1
8237,637be7c0-65c6-11f0-98f9-213ec7a6a3a5,SABOK,59,1
8237,625bf4a0-635c-11f0-899c-ed58ed9d92cb,Sour,59,1
8237,590f4120-6354-11f0-899c-ed58ed9d92cb,미르낭,59,1
8237,5843da90-63f3-11f0-89c3-81bc4ed5aa4e,킴첨지,59,1
8237,54a55340-66b5-11f0-bf26-fbc3a0b40f08,21818,59,1
8237,5379d820-6911-11f0-8aca-f34e79e160ce,사리랑,59,1
8237,52d0fc60-631b-11f0-abe8-09c261bd0e21,레인혁,59,1
8237,5269b390-6904-11f0-a8f9-552003805e1b,수령,59,1
8237,4ed1a130-676e-11f0-ac22-89a616aaf971,리위쩐,59,1
8237,4dd4f0c0-6444-11f0-8944-5327091948db,홍화연,59,1
8237,4dd334e0-64b9-11f0-a8b2-13458b8aee05,유폐,59,1
8237,4dc98b80-6828-11f0-8274-ef0dc71ff839,난세맥심,59,1
8237,4c3ceff0-6c79-11f0-a8de-d7173687f0b3,아오출근하기싫어,59,1
8237,45fa9690-63bb-11f0-8d07-390a61232108,량직히,59,1
8237,4065be40-6711-11f0-a3b5-cb7d513a283d,시난브로,59,1
8237,31ed2690-6442-11f0-8944-5327091948db,o자몽,59,1
8237,26663f20-662a-11f0-97eb-3784d18b5865,이민정,59,1
8237,243d3370-644f-11f0-9a7f-07d3d9b1e362,캐콕이,59,1
8237,1a431b20-6506-11f0-a092-cfb4e8946e57,선리기연,59,1
8237,15247070-6bce-11f0-91e5-61cf2ff47abb,roo,59,1
8237,15162120-6492-11f0-aa78-e94e86ef7b01,봉오리,59,1
8237,130f94d0-6bbb-11f0-bbec-d73ff901d46b,rayla,59,1
8237,0bc232b0-652f-11f0-a092-cfb4e8946e57,피셋,59,1
8287,fb9daf30-6511-11f0-9c52-67aa03808aa9,폭유,58,1
8287,fa5d4be0-6551-11f0-9129-5bddcb1a7f89,권권,58,1
8287,f96c46c0-6441-11f0-bb35-df6429295e24,픽스,58,1
8287,f7ea70f0-656e-11f0-90c5-555ab05ea06b,6룡이나르샤,58,1
8287,f753d9d0-65bc-11f0-b5ae-9f72a71a5588,Tstore,58,1
8287,efdf11e0-6307-11f0-af2f-6f5b4995749a,kaak,58,1
8287,ee5e4c20-63f5-11f0-9920-7b30884ce968,힐링1131,58,1
8287,e9e0be40-6d40-11f0-b976-671badd129d8,gaNa,58,1
8287,dcc01060-68fb-11f0-a8f9-552003805e1b,해도,58,1
8287,d8866da0-6482-11f0-ae38-872b2910783a,탱9,58,1
8287,d6199b70-64c6-11f0-8365-bbd01b79191c,드루,58,1
8287,d498e860-6646-11f0-a776-73e6a717c241,상짱,58,1
8287,d406eb20-63e1-11f0-9b30-bfc50fd617fd,침대로고고,58,1
8287,d2914e80-6c5a-11f0-8009-99d4c032fe19,호롱불,58,1
8287,cabea400-6453-11f0-9bbb-977d07f6b3d2,가가주구,58,1
8287,ca8685c0-648f-11f0-a086-85e9f4d94fe9,가즈아금동,58,1
8287,c76b4660-66dc-11f0-94fd-bd0b371894b0,세종대빵,58,1
8287,c5b58060-6308-11f0-b974-4ba43f735b03,먼징,58,1
8287,c45dd2d0-662d-11f0-ba0e-5d9d6daabc7d,뿌야,58,1
8287,c26e88c0-6ac9-11f0-adf1-352afe5db30b,홍교수,58,1
8287,be63a630-69c9-11f0-86e2-d3a55f318685,옥쑤쭈,58,1
8287,bd5af3f0-6704-11f0-a3d4-43ebc2e41e55,쏘쿨가이,58,1
8287,bd160be0-6b5b-11f0-b12d-131ac73060ee,윤장군,58,1
8287,bc84dd00-6548-11f0-a2be-555c74fcc7f5,호연이,58,1
8287,b5eecba0-6baf-11f0-a51b-7569b844c4d8,부키,58,1
8287,ada0d780-6796-11f0-8310-8370146853a0,욥잉,58,1
8287,a82fbcd0-6a89-11f0-9b9a-dfc16842ed10,오건수,58,1
8287,a49bb8e0-6560-11f0-83d0-9b3d85ec502b,hj0909,58,1
8287,a05a2f60-6433-11f0-9143-05b731683243,대충하자,58,1
8287,9a38db20-6921-11f0-9489-df1a9dcf8e7b,삼윤파파,58,1
8287,99caa480-6385-11f0-a716-97e6f4eb8e7d,예린아빠,58,1
8287,995da6c0-6315-11f0-a67a-173fdcafaabc,심장바치는이순신,58,1
8287,99560dc0-6617-11f0-91c1-49cca2685584,조선낫,58,1
8287,971eb721-6471-11f0-af24-7bc1e800a18b,ppagjwi,58,1
8287,9547b1d0-63f0-11f0-8ce7-05e1fc9cefd2,hojo,58,1
8287,8c68d450-66a6-11f0-9e29-bb739ed9109b,조선칠검,58,1
8287,897ef150-6365-11f0-899c-ed58ed9d92cb,hunjjj,58,1
8287,87435f00-656f-11f0-9b02-9934e4aaee80,김석봉,58,1
8287,85892410-6d3f-11f0-a693-ff327945c3a4,대월검객,58,1
8287,8461f0e0-65e6-11f0-ade7-832d34a76bd7,깽야,58,1
8287,8231d6d0-6cff-11f0-974b-27baa6d4efcd,바인아차,58,1
8287,7ebf2950-6951-11f0-b19e-355255fa5539,피닉스,58,1
8287,7e0b9600-6d5d-11f0-8434-d38f91935fbd,추쌍,58,1
8287,7771b370-6cc6-11f0-80b2-df6a7b97e98b,포동한아이,58,1
8287,77373da0-6422-11f0-bcbf-2b7f0b4e55b1,호롤롤루굿잡,58,1
8287,75e84940-643f-11f0-8944-5327091948db,쩡뚜밍,58,1
8287,75a86580-6d10-11f0-8662-b3a8d615c0d7,병풍뒤향냄새,58,1
8287,72430c10-639c-11f0-a4da-3d0ef443f21c,이루루,58,1
8287,68a0d500-63d5-11f0-a68a-1f47317284ca,크잉,58,1
8287,63616e90-664d-11f0-bc55-a5513d849ef9,안지우,58,1
8287,633c2f80-642d-11f0-b2be-b134ffee180b,으븟,58,1
8287,631f0f40-67ca-11f0-9582-21c26e557497,나은다인,58,1
8287,5c6efce0-64d3-11f0-846f-13edae8f7606,모멘이,58,1
8287,57a38eb0-67df-11f0-9c2a-d786b45bdfd4,꿈밤,58,1
8287,576486d0-63e2-11f0-9b30-bfc50fd617fd,설명충106,58,1
8287,51b46f10-623a-11f0-9b9e-13c7a7dd6c88,조세포탈,58,1
8287,5161ccd0-639b-11f0-8ad1-495afdf38cf0,카자리아,58,1
8287,505169f0-679b-11f0-aed9-e7219e4530ad,난세에나타난영웅,58,1
8287,4f7e0f80-63d9-11f0-8ce7-05e1fc9cefd2,꼬마유니,58,1
8287,4e7faa70-62a9-11f0-bcbb-714564b525f4,박술희,58,1
8287,4dfa2570-61a6-11f0-881e-9dc9c1100d0b,천율,58,1
8287,4bad4e10-6b50-11f0-8bf0-47fbc7dbb5fc,주쓰,58,1
8287,49d3c200-63cf-11f0-99a0-f791fadc47f8,곰은곰곰울어,58,1
8287,48cb4e50-6622-11f0-98c0-d9f4fe5058f5,woong,58,1
8287,47b0b061-663f-11f0-81af-5b0af15a39e7,우호,58,1
8287,432b3610-630f-11f0-abe8-09c261bd0e21,ethv,58,1
8287,42598e20-6644-11f0-b2bc-5765bc33d08b,8th000,58,1
8287,40a01890-6ac9-11f0-acc3-61842f55afc6,지콩,58,1
8287,2ae74f80-636e-11f0-ba6d-31d76c70e10b,김아리,58,1
8287,2a9a52e0-636c-11f0-a70b-97528033efd5,랑춘식,58,1
8287,2799a730-67b8-11f0-a86b-6be161d85452,핑크툐끼,58,1
8287,26a64ce0-6a31-11f0-aac3-7191430ebe32,독안룡,58,1
8287,25520ad0-63cb-11f0-8a6c-c348a09bcc5f,wnnnvu,58,1
8287,24282580-6cfa-11f0-9b40-39de905d3348,나유타,58,1
8287,23ddc490-62be-11f0-a53e-f720860fcc8a,택이님,58,1
8287,2162ff80-65fe-11f0-8cbe-319b644384b7,유덩,58,1
8287,20481bc0-61ef-11f0-ada3-974eb5fd3243,스팀팩,58,1
8287,1d62e750-63ca-11f0-bb86-97bdb11e4eed,부우랄탁,58,1
8287,19c05f60-66ef-11f0-b905-616e286946a4,맹구당,58,1
8287,182d7f90-651c-11f0-9ac8-815504da4b66,은늑대의숲,58,1
8287,172c1860-66cd-11f0-a818-154c93ec6594,재승,58,1
8287,1607a8d0-62ec-11f0-8567-d9cb9900f794,볼라고,58,1
8287,14465300-693d-11f0-b6fc-63016576bc70,동글,58,1
8287,0b50c3c0-64a1-11f0-b514-0be50f2b30c9,용감니임,58,1
8287,09bb6bf0-658c-11f0-b945-15d94ae3f8a2,DCGF던,58,1
8287,090e8650-65dd-11f0-9d21-a5a045fe4d3d,김우롱,58,1
8287,07dd5340-6bc5-11f0-9596-e7cdc2c44daa,오정동오궁이,58,1
8287,06eb9a00-6553-11f0-9129-5bddcb1a7f89,언채,58,1
8287,06c3f700-6451-11f0-9bbb-977d07f6b3d2,김한국,58,1
8376,fddd61b0-642f-11f0-9143-05b731683243,몽천,57,1
8376,fa7c2330-6b5f-11f0-b12d-131ac73060ee,기교,57,1
8376,f8152930-6618-11f0-9bc2-75dc4ebbb217,빰토리,57,1
8376,f7309250-66d8-11f0-abbe-1b148ce1c918,시범준,57,1
8376,f4982010-645a-11f0-8b4d-01ccbaf92ff4,듄듄,57,1
8376,f46f6da0-65b3-11f0-9b02-9934e4aaee80,yukichoi,57,1
8376,f1fcd9f0-6224-11f0-8853-493fc3ae34f0,오늘만날인가,57,1
8376,ee825f70-6625-11f0-9cdc-073af5d8ace4,이또리,57,1
8376,ed00f030-6ab2-11f0-97f1-7fc07927d956,꼬우,57,1
8376,ea199f30-6395-11f0-929e-756b01201a20,별괭이,57,1
8376,e3a3e230-63c9-11f0-8f11-17371de17e69,유성룡,57,1
8376,e15f58f0-6393-11f0-9b51-d36a85c863a7,홀라,57,1
8376,e0cfcd80-65e0-11f0-9d21-a5a045fe4d3d,위너클래스,57,1
8376,dcfceb70-67c0-11f0-a937-c1ee19380f95,몽돌,57,1
8376,dadf6210-6751-11f0-98ea-7ddc3019d1e3,일현,57,1
8376,d88d4610-61fe-11f0-8da8-9386a8e1cd85,왕코,57,1
8376,d775acd0-66e6-11f0-94fd-bd0b371894b0,썩고,57,1
8376,d65f6560-6205-11f0-980a-396801ba63e1,이구,57,1
8376,d0d3c570-6456-11f0-8944-5327091948db,현현파파,57,1
8376,d056c2a0-69fb-11f0-9adb-01ec0e539aaf,옥수슝,57,1
8376,d0241e70-62eb-11f0-8567-d9cb9900f794,홍길동아부지,57,1
8376,ce00b3d0-692e-11f0-be86-8f17e613fd1f,멀엇니,57,1
8376,cb9f10e0-62fe-11f0-a53e-f720860fcc8a,열혈린,57,1
8376,caafe3d0-67bd-11f0-88f0-55f2cee18b8d,시깅,57,1
8376,c7650f20-677c-11f0-958a-a1ef21446339,령령헤헤,57,1
8376,c416ac10-696c-11f0-bc56-3d09b4cf96b9,천하제일검무,57,1
8376,be8ba470-63d2-11f0-a9da-8b915b889dd4,si나,57,1
8376,be5c3c30-6855-11f0-9858-4f568ed316af,대에에충,57,1
8376,bdeeb880-6ce3-11f0-9556-4b4748d6ac26,크브,57,1
8376,bae5fd60-68a6-11f0-975c-57d01ae4d67c,쮸츄요,57,1
8376,b9543830-6695-11f0-8d91-67464caa9884,sobeebee,57,1
8376,b9127390-6c90-11f0-a097-d56ebc408629,유비레몬,57,1
8376,b413f170-62f9-11f0-af00-9b7f567d02d1,코르,57,1
8376,b2cf8a80-63bd-11f0-9a90-f3e6ad4e6da0,리튱,57,1
8376,b0d63280-6ac3-11f0-96fa-ff6bb631f59b,불타는남자,57,1
8376,ae131d90-64b2-11f0-8531-17ace7b5407b,난세의영웅뇨오오,57,1
8376,aa943540-63dc-11f0-b5a1-97526412eaf0,사이타마,57,1
8376,aa3a1a00-6bc1-11f0-9596-e7cdc2c44daa,민서채,57,1
8376,a87213d0-6374-11f0-b4d3-e97fe279ef23,스투시,57,1
8376,a1f546c0-6b4f-11f0-8bf0-47fbc7dbb5fc,투재,57,1
8376,9f742a00-6c27-11f0-948b-913c7c2d582b,SHuRS,57,1
8376,9da4fc90-6506-11f0-a092-cfb4e8946e57,PoDo60,57,1
8376,9d47d0b0-656f-11f0-90c5-555ab05ea06b,pcylover,57,1
8376,9d1100a0-688d-11f0-9d2f-d121b1a2f834,천제,57,1
8376,9c936780-6c43-11f0-bc33-d1586ee53a9d,진영이,57,1
8376,9bb23f20-65c8-11f0-98f9-213ec7a6a3a5,삼척물고기,57,1
8376,995dce30-65d0-11f0-84dc-91a30a0d5f30,녀노뇨,57,1
8376,98a86140-661a-11f0-9bc2-75dc4ebbb217,isyss,57,1
8376,979353b0-63e9-11f0-b39a-819fd59828ff,천근추영,57,1
8376,975ffb50-6470-11f0-b9a2-71a70b35ee88,현마리,57,1
8376,96ca5cd0-6ad8-11f0-9ebc-25f4c2b0a5e6,푸름이아빠,57,1
8376,904d2d50-664c-11f0-a776-73e6a717c241,닐니리,57,1
8376,896bfb20-61dc-11f0-917d-259f6fe19e56,준준은파파,57,1
8376,892f2980-64ab-11f0-b557-b9d4a65b18c9,아쿠마스,57,1
8376,8594ca00-6582-11f0-94e1-9148d7950b64,국장,57,1
8376,822cab10-683b-11f0-b2fd-9d1d445c08a1,mevius,57,1
8376,810ceb40-623d-11f0-8ed7-4f4ea466921e,이빨,57,1
8376,80a4dbc0-631b-11f0-873a-61e5585b494a,탱글쭈니,57,1
8376,7fb0dcb0-6248-11f0-a7b6-cf18c18dd85f,실패자,57,1
8376,7cac5850-6d56-11f0-a67e-33897166f786,군웅,57,1
8376,7a34fd31-6b89-11f0-9d2b-e5c06348dcb5,엣지,57,1
8376,7a22d3b0-6294-11f0-8f1b-0fb6e0da10f9,하로아,57,1
8376,77bd2b20-6451-11f0-9bbb-977d07f6b3d2,프랜츠,57,1
8376,76d9bd70-6237-11f0-b1ef-53e925ad2d1e,찻잔,57,1
8376,72102270-69c1-11f0-a6d0-d7dbeaf9d9e0,CKL,57,1
8376,6b96db00-62fa-11f0-a53e-f720860fcc8a,원휘,57,1
8376,6a3c8530-66aa-11f0-b13b-29d1f77f9110,오잉뀨,57,1
8376,66a846d0-695b-11f0-887b-73f0ee57cca3,이노민,57,1
8376,652e6b60-6616-11f0-9bc2-75dc4ebbb217,국난세,57,1
8376,62831930-62ef-11f0-a3db-850b101160e0,윤씌총각,57,1
8376,60abaa00-6303-11f0-b7c2-5907d7ac5d60,쥬나유나,57,1
8376,5cac04e0-626d-11f0-b63f-7755b72aa50f,KLrun,57,1
8376,5bcc8810-69c5-11f0-a3fa-29dcc74be0f9,예담이아빠,57,1
8376,5b8bec60-6632-11f0-9293-2f108164e9cc,후추가루,57,1
8376,5b1af730-6d3a-11f0-a693-ff327945c3a4,야옹왕,57,1
8376,5b1ade40-63c5-11f0-99a0-f791fadc47f8,doldol,57,1
8376,59c611f0-665d-11f0-8bf6-afeec62e00c0,이보게난세,57,1
8376,57b091f0-682a-11f0-b2fd-9d1d445c08a1,꼬스미,57,1
8376,567711a0-6376-11f0-ab45-b57a6253fd76,참이슬군,57,1
8376,5412d0e0-643c-11f0-93b5-9bbe54f3643d,cyrano,57,1
8376,52f9e9f0-6775-11f0-bfdb-11174ac9f1b0,지방선생,57,1
8376,529fc5c0-6535-11f0-a15d-6fd1b18d9c14,버츠비,57,1
8376,499dab40-64ea-11f0-998d-6361b2224259,뉴캐몽,57,1
8376,46f01500-6309-11f0-b974-4ba43f735b03,김치왕,57,1
8376,44b4c5b0-64a3-11f0-8dc2-b1d7780ea280,케레,57,1
8376,44395360-640f-11f0-83ae-cb0d7c1d5c99,북두칠성,57,1
8376,42df4730-66b8-11f0-ab75-d185489f2c82,척준경대장,57,1
8376,41989990-644b-11f0-b750-051f455e1aaf,현대최강고죠,57,1
8376,406edc50-63ab-11f0-a110-bf1368febfaf,쓰리빈,57,1
8376,3df0af20-646a-11f0-9e27-35530581f5ae,유체이탈,57,1
8376,3bc1a1a0-62df-11f0-8e55-53f16de9a7ce,헤비,57,1
8376,38f06bd0-6917-11f0-9489-df1a9dcf8e7b,특수하이바,57,1
8376,38d7a370-6584-11f0-83b1-5db0c1301852,레테네,57,1
8376,36942360-63d4-11f0-8ce7-05e1fc9cefd2,째찬,57,1
8376,31db2f00-6b02-11f0-9dd1-ad2e9902c55a,라크한,57,1
8376,315302d0-64d9-11f0-920f-d9bd8a2a820c,청새치,57,1
8376,310da2e0-6a5f-11f0-b7a5-333dfc345c53,수리의날개,57,1
8376,2b441d80-6a69-11f0-b4af-bd0ab1be2018,유리유리,57,1
8376,2a8e1bf0-6c82-11f0-8acb-a35784198e45,국사존망,57,1
8376,29339a70-647e-11f0-bb5e-79bc0c4c5953,손진우,57,1
8376,28985890-6441-11f0-832b-c7e877b24350,니냐니냐뇨,57,1
8376,27929f80-631c-11f0-b4ac-230641ea7477,왕건M,57,1
8376,27782f20-658c-11f0-b945-15d94ae3f8a2,By준,57,1
8376,26b49060-65e1-11f0-b7e1-0fe84bf8cf7a,우와앙,57,1
8376,2637be90-6bdc-11f0-b56b-e7e5c8645f26,안경잽이뽀로롱,57,1
8376,24c1d0b0-6276-11f0-b831-2509b113c5f4,신도림,57,1
8376,24868e70-6310-11f0-a53e-f720860fcc8a,서은파파,57,1
8376,23154750-6696-11f0-8d91-67464caa9884,달비나리,57,1
8376,20d78a80-6460-11f0-8670-973d055b2505,85,57,1
8376,1a0cacd0-648d-11f0-a51d-79330d46319d,노운무지현,57,1
8376,18c89f00-6c2b-11f0-98cb-9992c3b823e7,bibang,57,1
8376,17266440-6526-11f0-b435-4f58021df77c,꼬기썰엉,57,1
8376,156a1ce0-6b8a-11f0-b285-19da1ba45490,Love상어,57,1
8376,0f82f460-64a4-11f0-ac20-8734dac19833,디쀼늬,57,1
8376,0ca2bef0-62cf-11f0-a89f-3182c3b8adb5,표국,57,1
8376,0c5917a0-63d3-11f0-bb86-97bdb11e4eed,gold미르,57,1
8376,0c457550-63e3-11f0-981c-6918ebc09e55,hyy,57,1
8376,0bf84480-65f8-11f0-b713-4926dfac7d29,또재,57,1
8376,07fbe6e0-6245-11f0-a33f-f73020b95b05,drown77,57,1
8376,07f89bb0-669c-11f0-ba90-31fb5fd677bf,saver,57,1
8376,04ec6640-62f0-11f0-a53e-f720860fcc8a,샤인,57,1
8497,fe691180-6590-11f0-ac7c-9d33cbbedf6a,5hey1,56,1
8497,fd9189b0-6863-11f0-a2bd-a56b428bf25d,조난욱셔,56,1
8497,f82043c0-6199-11f0-aac9-c1ecd1b4b29c,고옴곰,56,1
8497,f75ec570-64ef-11f0-89c4-91955faa19a3,YeDong7,56,1
8497,f6208b90-6a3e-11f0-b7a5-333dfc345c53,오프라인,56,1
8497,f59b42e0-62d3-11f0-a89f-3182c3b8adb5,이소현,56,1
8497,f48a6150-6874-11f0-883d-db4f8f2d822e,히드라컷,56,1
8497,f2b95bb0-645f-11f0-baaf-45c3a00048ee,대냐,56,1
8497,f16bdd90-6271-11f0-bcbb-714564b525f4,마래,56,1
8497,efaf2d80-6231-11f0-9779-6fe734edca5c,제천시티,56,1
8497,ef241cb0-6630-11f0-8dc5-0ba92d25bd16,진진진진진진,56,1
8497,ed7b9630-6456-11f0-b90a-d11a6bec37b2,asdfv,56,1
8497,ebf92700-6bcc-11f0-948b-913c7c2d582b,도둥이,56,1
8497,ebde25d0-6ad8-11f0-81c8-df68c1af4b53,BigBro,56,1
8497,eaf06430-6466-11f0-934d-3b333a678e8e,빽빤,56,1
8497,e3ee6730-6bb5-11f0-8e65-bb49ba502393,마좀치나,56,1
8497,e35878d0-67d0-11f0-ac79-bd0f37322c34,kcc,56,1
8497,e2b84c40-6904-11f0-80eb-f900f5737d4b,빛낸위인,56,1
8497,e23cb820-62b8-11f0-b038-1df969c0d9a5,도주,56,1
8497,e0b2ba70-6913-11f0-8aca-f34e79e160ce,김군,56,1
8497,db668c30-6aae-11f0-a3f5-b7808f7fb4b1,짜장참치,56,1
8497,db189a00-6b00-11f0-9574-414c4b2943bd,gtepark,56,1
8497,dac5d120-6494-11f0-a315-5d30c4fd1c80,우렉마지노,56,1
8497,da4ff150-6767-11f0-8377-5f014f4b7f50,jay99,56,1
8497,d6764430-6433-11f0-8bb1-eb965705e646,매끼놔라,56,1
8497,d4a0fae0-6b79-11f0-b12d-131ac73060ee,키요,56,1
8497,d2cc6aa0-6797-11f0-b260-a3dff8d31dff,Erthern,56,1
8497,d075fd90-6420-11f0-a684-2b9cd36018bc,하윤파파,56,1
8497,cf581d00-663a-11f0-b4ee-39fec46309cd,취두부,56,1
8497,cf483d40-6473-11f0-934d-3b333a678e8e,fdfdc,56,1
8497,ced02e20-65d3-11f0-be66-ebe105229c69,티알비,56,1
8497,cd9feb20-6318-11f0-973d-8fd00d5d3e51,우팡,56,1
8497,cd9d5440-6332-11f0-9145-a52c50a03179,냐옹1,56,1
8497,ccd9f890-6253-11f0-807b-b56290a6427d,사랑방막내,56,1
8497,ca718180-694d-11f0-b19e-355255fa5539,헤헤헤히,56,1
8497,c9152070-6458-11f0-8b4d-01ccbaf92ff4,홍깅,56,1
8497,c4683000-64a1-11f0-8dc2-b1d7780ea280,가히,56,1
8497,c37a0030-6535-11f0-8a53-878c20c0630a,신죠,56,1
8497,c1f2a270-656d-11f0-94e1-9148d7950b64,우그로,56,1
8497,c15fd800-6941-11f0-9c6c-658573885763,용인시,56,1
8497,c088b780-63d3-11f0-b0c8-0be5c747fc57,fjdj,56,1
8497,be024ca0-6384-11f0-a716-97e6f4eb8e7d,호닝닝,56,1
8497,bd170c10-6a44-11f0-b4af-bd0ab1be2018,양때,56,1
8497,bc74d9f0-6b47-11f0-ae55-7d4f8e239d4a,wy,56,1
8497,baaa1200-6ab8-11f0-97f1-7fc07927d956,KOALA,56,1
8497,ba7449a0-63e1-11f0-b6e0-95710897614e,난세표받음,56,1
8497,b9c03b10-6682-11f0-aee9-63d133f73255,에이카,56,1
8497,b90f5b50-6a98-11f0-b350-274e47244e62,좌청룡우백호,56,1
8497,b878c120-6478-11f0-9e27-35530581f5ae,람보,56,1
8497,b70d4450-63f6-11f0-97e6-8bc4d9a11426,락일락BM,56,1
8497,b5d607a0-6aab-11f0-a3f5-b7808f7fb4b1,남쓰야,56,1
8497,b45a8dd0-67cf-11f0-ac79-bd0f37322c34,MaiYel,56,1
8497,b096dc00-6ce6-11f0-a7a3-55c3beebb1fc,뉴진스민지,56,1
8497,b022e870-63ba-11f0-8465-f716200b7246,타루,56,1
8497,aff56750-6550-11f0-a37f-b346b9412b7f,건대,56,1
8497,afd800a0-69f8-11f0-9adb-01ec0e539aaf,해결사헥사,56,1
8497,afa80bf0-63e2-11f0-981c-6918ebc09e55,삼고초려,56,1
8497,ae372150-64a7-11f0-829b-d50781ca76af,송미,56,1
8497,a80e6b10-62e7-11f0-888b-4325034dd618,김재용,56,1
8497,a6bfe600-66a0-11f0-9066-3b2dd8e42937,누룽지보리차,56,1
8497,a3ca0bf0-63ea-11f0-91d0-338842f86888,DUBU30,56,1
8497,a3b525c0-6429-11f0-a3ab-515b7dbdbb4f,강민니,56,1
8497,9e274350-6a95-11f0-b350-274e47244e62,김지망생,56,1
8497,9d414df0-6cf7-11f0-b16a-59affbdabbf5,아라한장풍,56,1
8497,9b6a3c20-6474-11f0-a8d6-9514efa5ade9,크여,56,1
8497,9688c780-63a7-11f0-b630-4f8dc5617c79,최유정,56,1
8497,952dfd60-63f2-11f0-8989-0f75f17d859c,하맥,56,1
8497,9525ddd0-64f4-11f0-89c4-91955faa19a3,혁아린아,56,1
8497,9341bf30-636d-11f0-97d7-efff12aed0ab,아소보로,56,1
8497,92d80be0-67d6-11f0-9166-ffefbe87e2c2,본능,56,1
8497,92865130-697d-11f0-ae0d-6f90dae175ae,완투펀치,56,1
8497,91d14e70-655e-11f0-a9df-29c725e71a05,리베,56,1
8497,8c84b290-6239-11f0-9b9e-13c7a7dd6c88,오피,56,1
8497,8c3868f0-644a-11f0-ba26-c559d1541584,주뇨,56,1
8497,8c3064a0-6866-11f0-8365-2558ca1ada4d,방랑식객,56,1
8497,86ac7e00-6c45-11f0-a73a-89eac715ce01,메탈구피,56,1
8497,85c69d40-6894-11f0-b93a-9f2c5c09af4b,이응쓰리,56,1
8497,84d688a0-682b-11f0-9761-51cebb951ef6,쿠저씨,56,1
8497,848fbe50-66fc-11f0-abbe-1b148ce1c918,백수룡,56,1
8497,83d43b10-6c21-11f0-98cb-9992c3b823e7,델타형,56,1
8497,81087850-6407-11f0-a684-2b9cd36018bc,움다기,56,1
8497,7fb41160-6292-11f0-9eb5-cf396344702c,기미다,56,1
8497,7ef0fc90-6510-11f0-998d-6361b2224259,GoDjohns,56,1
8497,7c7ff480-689d-11f0-9f59-43e0c9aecd40,순악질,56,1
8497,70f56390-6814-11f0-bb71-090a139da64b,로이킨,56,1
8497,6b04cec0-6afe-11f0-ba93-b798900ed723,민고고,56,1
8497,6997ade0-6753-11f0-a3b5-cb7d513a283d,무둥산호랭이,56,1
8497,66bcd3a0-67c3-11f0-9087-f9ad8d76b235,곽태민이다,56,1
8497,666a55d0-623c-11f0-939e-157038911130,장발장,56,1
8497,65057e10-6ae1-11f0-adf1-352afe5db30b,번개사단,56,1
8497,635e39d0-6456-11f0-8944-5327091948db,텐벡,56,1
8497,617eeea0-656b-11f0-b9e8-39d173baf429,술고픈고냥이,56,1
8497,60385bd0-6903-11f0-a8f9-552003805e1b,나은홍,56,1
8497,59d94270-6b58-11f0-837a-5be36112ad0f,민생지원금,56,1
8497,59b372e0-6200-11f0-8879-5f895f1781fe,감자볶음,56,1
8497,57ab7c90-6a11-11f0-9ccf-efc03aeeda2b,리꿍이파파,56,1
8497,55d1b170-6aeb-11f0-a99a-fbd0098f0bec,알밤바,56,1
8497,50a21460-639d-11f0-b91f-cbca55a9af76,모자이,56,1
8497,493f9440-624e-11f0-8f87-f314bfeb1f3e,지배자,56,1
8497,48c55e00-6479-11f0-9c48-11e41ca3b3cb,지성이,56,1
8497,46e4f040-6560-11f0-b5ae-9f72a71a5588,절규,56,1
8497,44c6e6e0-6ce2-11f0-b576-9bb105869bcb,근거있는어금니,56,1
8497,43dab6d0-66bb-11f0-9bc9-df214cb08d36,라언,56,1
8497,4253f9a0-62f3-11f0-b784-85996253cafd,긴깽,56,1
8497,411165e0-6d17-11f0-b0d7-0b3415ac89fb,또용,56,1
8497,406b0f30-6310-11f0-b218-43a24c54b5c1,우주소녀쮸쮸,56,1
8497,3fad9350-6357-11f0-97d7-efff12aed0ab,왕꽃게대왕,56,1
8497,3f913c90-66d7-11f0-8eb2-9f166246e77a,으헉헉,56,1
8497,3f1920b0-6345-11f0-9eba-319c3c5b72eb,리딧,56,1
8497,3f123710-63ee-11f0-828c-a760e56ecb36,배연호,56,1
8497,3ea739e1-63e6-11f0-96dc-5f8ee1571586,의류수거함,56,1
8497,3ac711e0-6217-11f0-abc2-914425398299,잠만보2,56,1
8497,38f34ac0-6521-11f0-92d2-6f0fe5d29eef,skshshdu,56,1
8497,37cb2c70-6487-11f0-9735-dfa72435bf25,미나리삼겹살,56,1
8497,36f47b00-6354-11f0-9145-a52c50a03179,psion,56,1
8497,364407a0-6310-11f0-a4e8-37a0c8f9bd22,꼬꼬질라,56,1
8497,34e60dc0-6af1-11f0-a78d-8d7d319cdb7a,이지유,56,1
8497,2d2802f0-6209-11f0-a22f-1fef89b9a0c3,제네럴순신,56,1
8497,2cc5bb80-6958-11f0-8a8c-e705cbe6ed4d,1일1킬딸,56,1
8497,29e58010-62e3-11f0-a53e-f720860fcc8a,한호,56,1
8497,29e04a40-6433-11f0-93b5-9bbe54f3643d,정국,56,1
8497,26426d20-64ae-11f0-bac8-c1efd8a8ec20,푸른달빛,56,1
8497,244157d0-67e1-11f0-bb71-090a139da64b,곽준,56,1
8497,229d3c40-6be8-11f0-948b-913c7c2d582b,금십자,56,1
8497,21a4d7f0-63e4-11f0-89b8-61a649941dd1,wlsvkf,56,1
8497,21240dd0-63a5-11f0-b7d9-6726758670c6,finn,56,1
8497,20779420-69da-11f0-9ccf-efc03aeeda2b,눈의꽃,56,1
8497,1f53ded0-623e-11f0-bbfd-8564365ef7ff,비키니,56,1
8497,1d9e2ae0-6433-11f0-93b5-9bbe54f3643d,서율난세,56,1
8497,1a4da240-6270-11f0-bcbb-714564b525f4,미라,56,1
8497,192a6d40-6297-11f0-8e72-11fb63eb28f5,강토깽,56,1
8497,1846aa40-6cda-11f0-80b2-df6a7b97e98b,귀동,56,1
8497,165eb9b0-63c1-11f0-a1fc-ebe02623a2f1,nuribe,56,1
8497,158fe640-63e8-11f0-a7be-13510fccb9c1,케스비,56,1
8497,13f00330-643b-11f0-a045-fd045132215b,낭도,56,1
8497,13da5890-639c-11f0-9e16-f1cd993522e6,정민정우,56,1
8497,13b850d0-68ae-11f0-ae52-25c108e63028,여긴어딘가,56,1
8497,13413030-6378-11f0-baf4-f589a09d6246,이무기용용이,56,1
8497,11348a70-69d2-11f0-a97a-17464924d39f,일렉,56,1
8497,0db69be0-68a1-11f0-b186-afce3bc6e21f,우기부기,56,1
8497,0da3a441-6c7f-11f0-bb12-f394c5e7b677,cj8989,56,1
8497,0c9018c1-6c7c-11f0-8acb-a35784198e45,BRTT,56,1
8497,0a1e98d0-6292-11f0-adc6-455e8908a1ee,니엄Mr내여친,56,1
8497,07f393f0-62bd-11f0-b78d-9fbbdf7f23fb,sssssss급,56,1
8497,0789e740-6900-11f0-8b5a-df1ca1a01e17,상코미레온,56,1
8497,016ea350-6473-11f0-9e27-35530581f5ae,간손미,56,1
8497,00caab10-6bda-11f0-91e5-61cf2ff47abb,무극신검,56,1
8644,ff30dfe0-6a26-11f0-9416-6d61d44d7bd3,호야랑,55,1
8644,efa5e4b0-6460-11f0-a92a-b19cf481a906,모약과,55,1
8644,ec56d5d0-6b68-11f0-b12d-131ac73060ee,눨요일,55,1
8644,ea5c91b0-6a92-11f0-a3f5-b7808f7fb4b1,엉조,55,1
8644,e849c7f0-63e7-11f0-b577-c584fca26f1c,요거트,55,1
8644,e6cc1390-6a74-11f0-a1c0-f953ad2a988a,jang,55,1
8644,e4c98770-630e-11f0-8d40-dfc9f921e722,도으냥,55,1
8644,e4b44e70-6703-11f0-a25c-47a5a693b30a,40골드,55,1
8644,e458ab60-6299-11f0-bcbb-714564b525f4,왕곤이,55,1
8644,e3749aa0-6ab5-11f0-b350-274e47244e62,적당히해라,55,1
8644,dc5938b0-6610-11f0-8d9d-2df44f4cae52,쿠키키,55,1
8644,d97904c0-6a45-11f0-b8c3-31d76e99096b,쥬꺼,55,1
8644,d3f8c1d0-6256-11f0-9eb5-cf396344702c,수영,55,1
8644,d23b6950-6757-11f0-a25c-47a5a693b30a,타오름달,55,1
8644,d1842ee0-6444-11f0-b0d3-514122d47fb8,에테리얼,55,1
8644,cf856780-6269-11f0-9eb5-cf396344702c,황사슴이,55,1
8644,ce672e70-6718-11f0-8db7-7b252ab21be1,ahnjsero,55,1
8644,cac78400-693d-11f0-8a8c-e705cbe6ed4d,위무선,55,1
8644,c931e4a0-6573-11f0-90e8-49468324a8de,카라곰,55,1
8644,c885f9e0-63d6-11f0-8ce7-05e1fc9cefd2,참한,55,1
8644,c25c4a90-63c9-11f0-bb86-97bdb11e4eed,백설공쥬,55,1
8644,c0d54810-645b-11f0-8670-973d055b2505,시아준수,55,1
8644,c049bcf0-6c8a-11f0-a08e-c5d1ee5b4be5,불멸의영웅,55,1
8644,bcdd7ad0-6207-11f0-9b80-6dacbd1dec23,연아린,55,1
8644,bc0aad90-6972-11f0-bd0c-c3e4cbda7988,퇴사,55,1
8644,bb3d6ad0-65f6-11f0-9b05-13e70242b365,김선비,55,1
8644,ba30ac90-63c3-11f0-8506-f7784b4ad14d,이우진,55,1
8644,b1eb02a0-63d8-11f0-a9da-8b915b889dd4,MILINN,55,1
8644,afd70070-689e-11f0-a23e-b52c706a5381,가능성,55,1
8644,ad467ec0-64b2-11f0-8ec1-3f30537f594b,범씨,55,1
8644,ac823a20-6aa1-11f0-a3f5-b7808f7fb4b1,굿지,55,1
8644,a56f52b0-6928-11f0-9b18-9ff54e9ee655,김블루,55,1
8644,a4819540-6520-11f0-ab3b-9d4ed9be40b9,석열핑,55,1
8644,a2278300-69de-11f0-81d8-d75e58d916af,Ehdqo12,55,1
8644,9d0fa8a0-663e-11f0-b4ee-39fec46309cd,까만마이콜,55,1
8644,9b2cd520-639c-11f0-8ad1-495afdf38cf0,gardener,55,1
8644,99926a50-6431-11f0-93a4-af3680a69719,미엘,55,1
8644,966256e0-66e0-11f0-a25c-47a5a693b30a,Iuket,55,1
8644,934933f0-69e9-11f0-87cd-13cc90e29527,푸른뱀의민준,55,1
8644,90a09c40-69b4-11f0-86e2-d3a55f318685,피톤치드,55,1
8644,8bc07a30-6223-11f0-8853-493fc3ae34f0,리리공주,55,1
8644,87477130-64c0-11f0-9b43-7f9294ac5806,홍시S2,55,1
8644,849de430-6440-11f0-8944-5327091948db,최순수,55,1
8644,845ba110-64ae-11f0-8340-854878e1c5cf,락스피릿,55,1
8644,83330fb0-69c9-11f0-83c1-071402a58f9d,수레기,55,1
8644,77b7c120-67b8-11f0-8cf0-6de15455d3d6,카인,55,1
8644,76708610-6481-11f0-a962-45e5ea641c00,제갈무,55,1
8644,74423b70-6ac3-11f0-aabe-19fce0d146b1,조이킥,55,1
8644,680120c0-6ab3-11f0-b350-274e47244e62,홍일동,55,1
8644,67404ef0-62f6-11f0-92ac-314c0362ec06,51,55,1
8644,64d683f0-6440-11f0-90f8-bb2e41176866,원탑척준경,55,1
8644,64c816d0-6d19-11f0-84eb-eba0502a50b4,치우천황제,55,1
8644,631fbf80-695f-11f0-9f3a-d936e3ed6e3a,달아,55,1
8644,5f039110-643c-11f0-a251-e56ed152b188,랑또,55,1
8644,5d8cc180-6ced-11f0-a7a3-55c3beebb1fc,미르J,55,1
8644,5c6aa480-6ad0-11f0-81c8-df68c1af4b53,연준,55,1
8644,54a299e0-64a1-11f0-829b-d50781ca76af,jojo22,55,1
8644,51e90a60-6d00-11f0-9b40-39de905d3348,백용비,55,1
8644,4ceb88d0-69ef-11f0-9416-6d61d44d7bd3,ren,55,1
8644,4ae87780-6339-11f0-97d7-efff12aed0ab,디콩,55,1
8644,47baab70-631e-11f0-8452-27084395bcc2,귀여운악어찡,55,1
8644,478029c0-6a8d-11f0-b350-274e47244e62,의적임꺽정,55,1
8644,459a19d0-6c3c-11f0-a98c-ab8c12a4e4f7,청염,55,1
8644,4542e440-6448-11f0-84a8-a17d6cb326f9,오징어뺨따귀,55,1
8644,4510bc80-639f-11f0-8ad1-495afdf38cf0,tlgnsrla,55,1
8644,43f8b980-6523-11f0-b0f9-9b13bf283379,무키야,55,1
8644,3d9857d0-6abe-11f0-b350-274e47244e62,팡키,55,1
8644,39eb2920-637d-11f0-b1cc-5d67dd7777cf,Lhari,55,1
8644,37920a20-6960-11f0-86e2-d3a55f318685,서쑤니,55,1
8644,341dc780-69fb-11f0-9416-6d61d44d7bd3,죽도봉비둘기,55,1
8644,32376f70-6415-11f0-a3ab-515b7dbdbb4f,희성,55,1
8644,3093f6f0-62c8-11f0-a53e-f720860fcc8a,달하린,55,1
8644,2e085340-63ea-11f0-9dae-a78debff245f,뽀숑,55,1
8644,2a3f2190-66f0-11f0-abbe-1b148ce1c918,뱀딸기,55,1
8644,288367b0-6396-11f0-a4da-3d0ef443f21c,소총,55,1
8644,279d3ba0-6963-11f0-a1f0-37d091d614b1,주재인,55,1
8644,22a60400-63d3-11f0-9a87-810a40a679fa,아프니깐말걸지마,55,1
8644,22a47a80-6c30-11f0-948b-913c7c2d582b,청무,55,1
8644,21fcacf0-696b-11f0-aa79-0120343f70ad,리릭,55,1
8644,1ef01bb0-69d8-11f0-83c1-071402a58f9d,혀니핑,55,1
8644,1b74a7b0-63d1-11f0-a9da-8b915b889dd4,IVE,55,1
8644,19648a00-687f-11f0-a557-63284acb0ec6,아뭘로하지,55,1
8644,1857e3c0-62d3-11f0-b968-b15002a4efc3,연링,55,1
8644,14b263c0-6536-11f0-8799-a56030339d38,PO10,55,1
8644,147d15c0-632f-11f0-95c5-ef18e50d2dbd,나랑야루,55,1
8644,0f5f8e70-69f5-11f0-9416-6d61d44d7bd3,TaeRim,55,1
8644,0f05f400-69b9-11f0-a94a-9f7e552760ea,파노라마,55,1
8644,0e4e49c0-692a-11f0-847d-739109080a96,조숑,55,1
8644,0e12a260-6850-11f0-9f70-758f6a5c165e,언조빅파이,55,1
8644,099287e0-6473-11f0-b9a2-71a70b35ee88,율미,55,1
8644,087e07e0-63f5-11f0-89c3-81bc4ed5aa4e,가트몬,55,1
8644,087a2dd0-6325-11f0-b4da-37de076ab8f7,마이기,55,1
8644,0745bde0-6685-11f0-8b65-97eb249c79b0,뿡하연,55,1
8644,071cd9f0-63e4-11f0-89b8-61a649941dd1,랄팽,55,1
8644,0308f4a0-63be-11f0-a06c-a18ad4eb2f25,소스,55,1
8739,ff2b6d80-63d7-11f0-b0c8-0be5c747fc57,사이키,54,1
8739,feb9f330-6d3c-11f0-a5ac-25cfed422797,윤블리,54,1
8739,fde1dd80-638a-11f0-9b51-d36a85c863a7,준지주,54,1
8739,fd680380-6d57-11f0-87e0-c7b4fc691f0d,이쏘지,54,1
8739,fd2f5660-638a-11f0-ab7a-bbc4f478c2db,초롱희,54,1
8739,fc80fc60-64e7-11f0-920f-d9bd8a2a820c,찬찬잉,54,1
8739,fb095250-64ac-11f0-bac8-c1efd8a8ec20,돌아온김스타,54,1
8739,f8e33080-6197-11f0-b120-17d204b331a9,개코,54,1
8739,f8960a70-63d2-11f0-a9da-8b915b889dd4,퇴계이황,54,1
8739,f8415360-68b7-11f0-b6e5-1f4abc2a195f,보라매보안관,54,1
8739,f764bb00-6d15-11f0-b0d7-0b3415ac89fb,물회,54,1
8739,f74fdb80-64a6-11f0-b626-23ea90035c71,외국사,54,1
8739,f682e8e0-6d49-11f0-a693-ff327945c3a4,seob2,54,1
8739,f6341020-6386-11f0-8d2d-4d6084f1848f,나르샤,54,1
8739,f5fe74f0-6238-11f0-a73e-efd8221a47bb,순금별,54,1
8739,f30baa90-68b6-11f0-b6e5-1f4abc2a195f,수백향,54,1
8739,f098d850-6762-11f0-9fd3-85fe974cb545,히동,54,1
8739,ee0fee50-6453-11f0-9a7f-07d3d9b1e362,메르카바,54,1
8739,ee080100-69e3-11f0-9ccf-efc03aeeda2b,삼한통일,54,1
8739,ebda66f0-6693-11f0-bdfc-c935b60e8b55,도우,54,1
8739,ea9321c0-6552-11f0-a8f6-b9ccbcdd6c19,고도,54,1
8739,e84ba380-65e6-11f0-9981-a5439162f975,이상사,54,1
8739,e8266990-6478-11f0-9219-f9e5d8ffaccf,코리아코리안,54,1
8739,e55ac710-6905-11f0-bf27-69600f7373fa,난세역적,54,1
8739,e400d510-6844-11f0-b297-a75635c318ec,울쿨,54,1
8739,e3c29130-6a81-11f0-b350-274e47244e62,빈약한백곰,54,1
8739,e3052720-64fb-11f0-b0f9-9b13bf283379,결의,54,1
8739,e2f6f350-69fe-11f0-9ccf-efc03aeeda2b,둘데숙,54,1
8739,e232ea40-619e-11f0-b120-17d204b331a9,기차녀,54,1
8739,e1a60460-648f-11f0-8e6e-45b04a534d66,정태철,54,1
8739,dff37950-69e8-11f0-9416-6d61d44d7bd3,친절한국악쌤,54,1
8739,dbe75b90-6535-11f0-a15d-6fd1b18d9c14,싱글로드,54,1
8739,db074360-6446-11f0-ba26-c559d1541584,어떡하지,54,1
8739,d9a93a70-663d-11f0-b4ee-39fec46309cd,태령,54,1
8739,d95bd4f0-61e3-11f0-94d1-0d70694c9e17,영식빵,54,1
8739,d8fb09d0-6892-11f0-9805-afb16ae6102b,연루하,54,1
8739,d8c44af0-63c7-11f0-a9da-8b915b889dd4,김이한,54,1
8739,d6cc4600-67ad-11f0-a86b-6be161d85452,이순신대장군,54,1
8739,d647c9b0-6b50-11f0-ae55-7d4f8e239d4a,안돼요,54,1
8739,d59af690-624a-11f0-a7b6-cf18c18dd85f,djdjd,54,1
8739,d4dcf000-6245-11f0-a33f-f73020b95b05,eidn,54,1
8739,d4a53650-6386-11f0-a96e-b3a4c43e265a,혀니기다,54,1
8739,d29afa60-62b5-11f0-b78d-9fbbdf7f23fb,공감자,54,1
8739,d07b1020-64f0-11f0-998d-6361b2224259,박미누,54,1
8739,cf702530-6d06-11f0-974b-27baa6d4efcd,소주야,54,1
8739,cb0d53a0-6c7f-11f0-bb12-f394c5e7b677,한가발,54,1
8739,c7f7aaa0-69cb-11f0-a6d0-d7dbeaf9d9e0,아이디없다,54,1
8739,c6c2f4a0-64bc-11f0-bac8-c1efd8a8ec20,ain7777,54,1
8739,c680fd50-6432-11f0-9143-05b731683243,술과함께77,54,1
8739,c572c770-63cb-11f0-aab1-5f3bbe175c3e,라해로,54,1
8739,c2910a30-644d-11f0-9a7f-07d3d9b1e362,칸예웨스트,54,1
8739,bcba3fd0-63d2-11f0-8ce7-05e1fc9cefd2,신인철,54,1
8739,bc97e750-6bc0-11f0-948b-913c7c2d582b,최시율,54,1
8739,ba150080-63be-11f0-b6ab-ab1d57efd9b6,해서뭐해,54,1
8739,b58e2390-63e4-11f0-8ce7-05e1fc9cefd2,예수님짱,54,1
8739,b3aa8ad0-6305-11f0-93c0-3fa3bb7fad1e,꽉꽉,54,1
8739,b1f4dd70-6527-11f0-a768-59219107ad21,김동훈,54,1
8739,ae65a880-6822-11f0-966a-9ddfc9fc7a33,김영댕,54,1
8739,acb84880-6241-11f0-a33f-f73020b95b05,siu수,54,1
8739,abf704b0-644c-11f0-b750-051f455e1aaf,dDori,54,1
8739,a6aae9a0-653b-11f0-80dc-511cb2391141,박춘배,54,1
8739,a3df31e0-63fb-11f0-877d-c952436514c7,난가로다,54,1
8739,a2e73130-6396-11f0-a4da-3d0ef443f21c,당근스,54,1
8739,a2362ca0-6215-11f0-9ed2-2327c5a1ff14,요롱이누나,54,1
8739,a12eea30-6554-11f0-b3f0-412c1cd1201f,공란,54,1
8739,9ee43d10-6a19-11f0-81d8-d75e58d916af,띠리링,54,1
8739,9d5fe210-64aa-11f0-829b-d50781ca76af,방민,54,1
8739,9b348d00-6a91-11f0-ab22-9b7f810af5a1,생사경,54,1
8739,98bcce90-6715-11f0-a7cd-17a7bab9e5a7,Gray,54,1
8739,97f94da0-6d4e-11f0-b140-c1c71106000c,주지,54,1
8739,97f3f8e0-62fa-11f0-a53e-f720860fcc8a,아무게,54,1
8739,94488890-63b4-11f0-8d07-390a61232108,qazxc,54,1
8739,935f6ac0-6238-11f0-bbfd-8564365ef7ff,세종코인대왕,54,1
8739,92d78290-6a3a-11f0-8010-915371c938f2,에러327,54,1
8739,91e146c0-668c-11f0-a8c0-a96b3c973cc3,나는이잉,54,1
8739,8c979d40-6ccc-11f0-9b40-39de905d3348,척마스터,54,1
8739,88e784b0-6454-11f0-b1b5-f7c1dd7354a3,맥도널드트럼프,54,1
8739,84c35e10-63b2-11f0-a110-bf1368febfaf,쿠로블랙,54,1
8739,8474ccf0-6c86-11f0-841a-133a0419da80,솔해석,54,1
8739,83c1e490-62aa-11f0-9c35-45ef6a487d5b,지나가는바지,54,1
8739,8313f240-65d4-11f0-9732-ebaa7ff97e05,A플망고,54,1
8739,825664c0-672b-11f0-b6f9-9341b272f2ff,프로미스나인,54,1
8739,80cb8f40-6abe-11f0-82da-c395ee7d49d8,아닠,54,1
8739,7dc275f0-6584-11f0-878e-15088f05ace2,비류연천,54,1
8739,7db668d0-6a36-11f0-8f71-7b608e1756aa,이금,54,1
8739,7a56d490-683d-11f0-a307-57a9532db1b8,흑천풍,54,1
8739,79623be0-621d-11f0-a026-2b3e93922249,아으으음,54,1
8739,793d5e00-65bb-11f0-b5ae-9f72a71a5588,도하동,54,1
8739,7920d720-630f-11f0-8d40-dfc9f921e722,메롱나,54,1
8739,77ac3b80-6a41-11f0-b8c3-31d76e99096b,중판출래,54,1
8739,70e38f50-622c-11f0-aa91-9b126fa90fce,나영웅,54,1
8739,6fe63970-6693-11f0-ba90-31fb5fd677bf,weeqr,54,1
8739,6d8e66b0-69c8-11f0-9adb-01ec0e539aaf,큰솔,54,1
8739,68fe0d10-6cd1-11f0-9b40-39de905d3348,국사싫은사람,54,1
8739,669283d0-6227-11f0-bbfd-8564365ef7ff,우기더기,54,1
8739,663fe740-6238-11f0-bbfd-8564365ef7ff,드가제이,54,1
8739,658eae40-636d-11f0-a70b-97528033efd5,설없백,54,1
8739,653c40f0-6d0f-11f0-b16a-59affbdabbf5,뚱하니,54,1
8739,60f4f170-6497-11f0-bbfe-0d14bcd852b5,베컴머리메시,54,1
8739,60de90f0-6a42-11f0-b4af-bd0ab1be2018,오띠횽이야,54,1
8739,5b384f40-6981-11f0-86e2-d3a55f318685,대길이,54,1
8739,5898b8f0-6833-11f0-8e20-252956b544de,잘벌봉,54,1
8739,54d3ddd0-6306-11f0-a53e-f720860fcc8a,소저미,54,1
8739,51d3f330-6325-11f0-8900-17942e280829,달구비,54,1
8739,51621340-6290-11f0-ba61-57b32c8fdcaa,gus103,54,1
8739,4f9d9620-6370-11f0-ba6d-31d76c70e10b,깜디아가야,54,1
8739,4eaf7e40-6b13-11f0-89ae-bb6b4e8b47bd,미아공칠,54,1
8739,4c0a9810-6333-11f0-97d7-efff12aed0ab,꼬물,54,1
8739,4c0422b0-6323-11f0-871e-ad8dd3d2080d,원비,54,1
8739,4a5843f0-6211-11f0-abc2-914425398299,위선,54,1
8739,4a27ea40-6534-11f0-a15d-6fd1b18d9c14,minnii,54,1
8739,49549ae0-6517-11f0-b0f9-9b13bf283379,환란,54,1
8739,47253ac0-64f6-11f0-998d-6361b2224259,쿨언니,54,1
8739,4637eb40-66bc-11f0-bf26-fbc3a0b40f08,하낭,54,1
8739,455e48d0-63b6-11f0-a06c-a18ad4eb2f25,송ss77,54,1
8739,43a2b1c0-6398-11f0-a4da-3d0ef443f21c,삥삥,54,1
8739,43175d30-6291-11f0-adc6-455e8908a1ee,정제욱,54,1
8739,3e0388e0-6c83-11f0-8805-b3f3a74e8613,어라,54,1
8739,3ddf59e0-6542-11f0-b2e4-155beee88baa,dhdhixjd,54,1
8739,3bbe9760-6a11-11f0-9ccf-efc03aeeda2b,벵에돔6자,54,1
8739,39e6d991-6410-11f0-877d-c952436514c7,행배,54,1
8739,39571cf0-6ac4-11f0-aa73-c544fd48d310,하하늘,54,1
8739,37136770-6211-11f0-802a-01726bb91ef4,후회,54,1
8739,32155010-6597-11f0-a14b-9770e032ed18,dokdokic,54,1
8739,314fb550-6356-11f0-97d7-efff12aed0ab,공주님,54,1
8739,2f1fc6f0-677d-11f0-ab88-a5c9739f629f,쯔란,54,1
8739,2ab75a40-643c-11f0-a251-e56ed152b188,연상,54,1
8739,2a4d2430-6654-11f0-8157-83c241bc6c35,꽃핀이,54,1
8739,27a09380-6d33-11f0-b976-671badd129d8,또송이,54,1
8739,275a3700-64b4-11f0-a582-3d5974b2308c,jihoon,54,1
8739,2580e010-6a7b-11f0-b350-274e47244e62,담우여,54,1
8739,2404a9d0-6669-11f0-ba90-31fb5fd677bf,둥퉁,54,1
8739,2342fb00-682b-11f0-9761-51cebb951ef6,피리니리,54,1
8739,210b7290-6b41-11f0-bfbf-11a1330b4a18,자몽오빠,54,1
8739,1f804740-68e7-11f0-bf27-69600f7373fa,경리,54,1
8739,1f7ffc20-63e4-11f0-8ce7-05e1fc9cefd2,단지가을,54,1
8739,19afa270-624d-11f0-807b-b56290a6427d,그냥그냥해,54,1
8739,173f0b90-6395-11f0-b91f-cbca55a9af76,트이니,54,1
8739,14a51d60-6954-11f0-a1f0-37d091d614b1,님의귀신,54,1
8739,11d0b740-6cef-11f0-a7a3-55c3beebb1fc,하뽀,54,1
8739,0e3c22a0-6c9e-11f0-bf20-0950605175eb,오늘한번하자,54,1
8739,0e163550-63f1-11f0-8ce7-05e1fc9cefd2,LostD,54,1
8739,0d3af670-66e4-11f0-bbb6-79d6b7e55418,꿀용,54,1
8739,0ca696d0-6390-11f0-8ad1-495afdf38cf0,옹냉,54,1
8739,07339100-6249-11f0-8731-517e16b3676b,뿌노스,54,1
8739,03485540-6487-11f0-88df-d3a420181cc9,음운,54,1
8739,032995c0-622e-11f0-aa91-9b126fa90fce,발톱,54,1
8739,002fd580-6325-11f0-86ae-09614a5b454b,강승구,54,1
8739,001ab380-661d-11f0-8af8-af83b80f6378,아르칸,54,1
8888,ff5a7580-6413-11f0-a3ab-515b7dbdbb4f,오월동주,53,1
8888,fb135840-69ed-11f0-9416-6d61d44d7bd3,다르빗슈,53,1
8888,f8136ee0-6480-11f0-9aef-fb59513d0627,앙토니우,53,1
8888,f72ea8d0-623e-11f0-8e4e-3fc4beb87eac,헤헿,53,1
8888,f63e9930-68f1-11f0-82a4-059d2fef0171,범킴,53,1
8888,f5191d10-6b43-11f0-956a-db544cb457ff,중복이많아,53,1
8888,f4835ec0-6219-11f0-9813-b7579b20c221,바투,53,1
8888,f3b71390-6315-11f0-abe8-09c261bd0e21,태권소녀,53,1
8888,f3a15be0-63c9-11f0-8a6c-c348a09bcc5f,당진시민,53,1
8888,f2b53250-6375-11f0-9882-51330cd9a89e,mingigod,53,1
8888,f1ca86b0-6703-11f0-8f88-4583aca29e09,최또리,53,1
8888,f0259e30-61fe-11f0-95cc-ad38c6ec1feb,K난세,53,1
8888,ef7a3da0-6baf-11f0-a51b-7569b844c4d8,7777포카드,53,1
8888,ef70adc0-6309-11f0-aa86-77fa1d930a78,한도초과,53,1
8888,ef09cef0-6464-11f0-baaf-45c3a00048ee,돌냄비,53,1
8888,ee447e50-69a2-11f0-ae45-45a8c20b2c3a,CSBlacK,53,1
8888,ecd93ff0-686d-11f0-8365-2558ca1ada4d,하렙e,53,1
8888,ebc6d451-6756-11f0-9c17-e3cb0e947350,잎새,53,1
8888,ea519140-6c6b-11f0-8805-b3f3a74e8613,하늘애,53,1
8888,e94ed050-63f1-11f0-b2cb-f71edb30a51a,이지긍,53,1
8888,e7ee85c0-669e-11f0-a8c0-a96b3c973cc3,아펠,53,1
8888,e51e0e70-6850-11f0-9a92-175f0d2b5caf,애플망고,53,1
8888,e36413c0-656e-11f0-90c5-555ab05ea06b,김혜진,53,1
8888,df0e0940-67a1-11f0-aed9-e7219e4530ad,나인서클,53,1
8888,de20a2d0-69a0-11f0-a6d0-d7dbeaf9d9e0,두아오,53,1
8888,ddb77b90-625f-11f0-9eb5-cf396344702c,으아앙훌쩍,53,1
8888,dd5deed0-67ce-11f0-aa0e-8137dd32d9f9,미니52,53,1
8888,dc5c78e0-6232-11f0-b293-3b55fd722626,뚱바오,53,1
8888,d9660cb0-6268-11f0-9eb5-cf396344702c,극와,53,1
8888,d92f2550-67e6-11f0-9c9d-7b95f3d7e5bd,용정동장군,53,1
8888,d8047f60-6893-11f0-92ff-45af87a84012,임장군,53,1
8888,d7d13a70-655e-11f0-9d97-192c64bf62e6,홀이,53,1
8888,d6ac1fb0-6640-11f0-a51f-e57d0e757549,응가쁑뿡,53,1
8888,d3ea1110-64a1-11f0-8dc2-b1d7780ea280,국밥먹는흑길동,53,1
8888,d30fd320-622f-11f0-8510-f70fc2d13c3b,나리효과,53,1
8888,d13dfa10-6534-11f0-a7f2-95dc17e8a4b9,문용범,53,1
8888,d032af80-630e-11f0-abe8-09c261bd0e21,벤시,53,1
8888,cff0aec0-6843-11f0-9858-4f568ed316af,전우치123,53,1
8888,ccd37210-6486-11f0-a086-85e9f4d94fe9,히어,53,1
8888,cb80eeb0-6247-11f0-86ad-5de35a576cc5,some,53,1
8888,cae21680-68b1-11f0-ae52-25c108e63028,믕믕,53,1
8888,cac07c70-67fb-11f0-966a-9ddfc9fc7a33,사안,53,1
8888,cabc1ac0-6389-11f0-a716-97e6f4eb8e7d,태세,53,1
8888,ca5f5970-64b5-11f0-835f-393c358f3bd9,깡오리,53,1
8888,c6e3ad90-6470-11f0-934d-3b333a678e8e,뚜으밤,53,1
8888,c685fbc0-69d7-11f0-83c1-071402a58f9d,선깸뵤,53,1
8888,c595d430-6228-11f0-abc2-914425398299,푸른밤별,53,1
8888,c4202410-655d-11f0-bcb8-43d28e4aad0d,때끄놀로지아,53,1
8888,c28303b0-686f-11f0-b289-071505efdf16,ASWT36,53,1
8888,bfd8b880-68a1-11f0-9577-5ba3ede95225,쑤군,53,1
8888,beff8520-64f4-11f0-846f-13edae8f7606,초딩원숭이,53,1
8888,bd61d650-69b8-11f0-86e2-d3a55f318685,지박,53,1
8888,bb9b2e90-62fe-11f0-af00-9b7f567d02d1,리광호,53,1
8888,babe43f0-642e-11f0-83ae-cb0d7c1d5c99,장팔,53,1
8888,b9f04310-6311-11f0-abe8-09c261bd0e21,이모,53,1
8888,b6863830-6431-11f0-93a4-af3680a69719,아이고두예,53,1
8888,b5f7d970-64b6-11f0-9831-814864615b45,아무거나2,53,1
8888,b5a93750-6bd4-11f0-b56b-e7e5c8645f26,LJM9S,53,1
8888,b4e70570-6ca8-11f0-a3aa-53b108aed5e1,leee,53,1
8888,b3795cb0-6d4d-11f0-9497-07950a6b2df0,모하빠,53,1
8888,b21cf3a0-63ce-11f0-99a0-f791fadc47f8,이이아10,53,1
8888,b08530e0-6624-11f0-96fa-990fd0c2f326,솟지,53,1
8888,aee14f80-6cb4-11f0-bf20-0950605175eb,두부가루슈가,53,1
8888,ad8c9080-6d5a-11f0-9d0d-a11cc9845eb1,정부,53,1
8888,ad52e880-67ec-11f0-966a-9ddfc9fc7a33,거친곰,53,1
8888,ac239370-630e-11f0-b218-43a24c54b5c1,Taran,53,1
8888,ab1ad2f0-6664-11f0-bb2c-7fd2246a6ee4,널디,53,1
8888,a8705c00-62f9-11f0-aafb-6f8fc69735d7,엄복동,53,1
8888,a80f60c0-6acf-11f0-887f-c18cdf79257d,먼지호두,53,1
8888,a51879b0-6291-11f0-9eb5-cf396344702c,ehfdl,53,1
8888,a07e7b10-6b98-11f0-9499-d3000780e9a4,Gear5,53,1
8888,9fe1b470-657a-11f0-9f25-1147ddd387e8,가림,53,1
8888,9d627520-64e1-11f0-89c4-91955faa19a3,환곡,53,1
8888,9d3d3c20-642c-11f0-877d-c952436514c7,스엑스,53,1
8888,9bcdea80-6475-11f0-9219-f9e5d8ffaccf,천공민,53,1
8888,9aa9e110-646e-11f0-b9a2-71a70b35ee88,대이리,53,1
8888,969f6290-6d04-11f0-8662-b3a8d615c0d7,파랑파랑팡팡,53,1
8888,950422f0-6d21-11f0-812a-d364660ceebf,한방에,53,1
8888,94b132c0-6c36-11f0-a98c-ab8c12a4e4f7,I성좌I세종대왕,53,1
8888,93628160-6701-11f0-a3d4-43ebc2e41e55,AGE,53,1
8888,934f3030-66f0-11f0-b905-616e286946a4,현옹이,53,1
8888,92017a70-6543-11f0-92e0-7b3fd025c1ff,폴폴,53,1
8888,8dfc7c00-6b2d-11f0-8752-d9fcf2970529,준화,53,1
8888,8da265f0-693c-11f0-bd01-4f9a91cb3d54,아이아웅,53,1
8888,8cddd5e0-6438-11f0-9143-05b731683243,현서아빠,53,1
8888,8be13230-638f-11f0-9b51-d36a85c863a7,미움받을용기,53,1
8888,8a56f820-6270-11f0-b63f-7755b72aa50f,인팁블루,53,1
8888,89454130-6248-11f0-a510-196fe281bbd0,도징징,53,1
8888,85eec540-63df-11f0-80fd-8dc2ba771ecd,양촌망치,53,1
8888,85a09f60-650a-11f0-ada0-5d42ab9007c0,읭킝,53,1
8888,848f1300-6865-11f0-a2bd-a56b428bf25d,왕자애기,53,1
8888,84484350-6241-11f0-8fa4-4582b5e192be,태하아빠,53,1
8888,81210470-65eb-11f0-b07a-3f86ba6af1de,DeadMan,53,1
8888,80bcd250-63a4-11f0-946e-33914717b047,츄크,53,1
8888,805e4770-620b-11f0-8954-d1ddcca9d272,asddsa,53,1
8888,7e2fac70-6691-11f0-8490-4fd963bb9547,남보,53,1
8888,7cab5e20-6467-11f0-9e27-35530581f5ae,렌코쿠염주,53,1
8888,7a2047c0-656a-11f0-b9e8-39d173baf429,흑백마녀,53,1
8888,785b4070-64c0-11f0-9b43-7f9294ac5806,타고난매력,53,1
8888,77b3bf50-631f-11f0-b82e-d7ed2f9dc94b,엄대장,53,1
8888,76336650-64df-11f0-846f-13edae8f7606,김굴카,53,1
8888,7580cf20-63e2-11f0-89b8-61a649941dd1,피포,53,1
8888,75158170-6af9-11f0-82e3-0389a9d4aaea,신월령,53,1
8888,73b89ac0-624c-11f0-807b-b56290a6427d,익명이28,53,1
8888,739a50b0-6b89-11f0-b285-19da1ba45490,주적,53,1
8888,722e0e80-648e-11f0-b749-97e97e025ce2,뽷뽷뽷,53,1
8888,70589a50-6261-11f0-807b-b56290a6427d,치우천왕기,53,1
8888,6fb6eaf0-6d08-11f0-b0d7-0b3415ac89fb,쭈루룬,53,1
8888,6f5e23e0-6405-11f0-bcbf-2b7f0b4e55b1,기리개리,53,1
8888,6b135a00-6435-11f0-8bb1-eb965705e646,나라동산,53,1
8888,68b49360-61cd-11f0-beae-51fdaef79f72,도마,53,1
8888,68699750-64a4-11f0-8dc2-b1d7780ea280,탐라왕자,53,1
8888,64acabf0-6a6e-11f0-b4af-bd0ab1be2018,메스,53,1
8888,63d8df40-64de-11f0-89c4-91955faa19a3,품번박사,53,1
8888,6390c0f0-6616-11f0-9bc2-75dc4ebbb217,비린내,53,1
8888,638aef60-6628-11f0-ba0e-5d9d6daabc7d,찌니다,53,1
8888,626d48f0-691e-11f0-a1de-d56c01849062,챕챕,53,1
8888,5fb31990-634d-11f0-899c-ed58ed9d92cb,LUMA,53,1
8888,5a6a21e0-6b86-11f0-95f5-6f690b7ed31b,제일리언,53,1
8888,57cc7100-6ae0-11f0-81c8-df68c1af4b53,엄추,53,1
8888,57b987d0-63e6-11f0-9597-89e7ae27c215,헿헿헿헿,53,1
8888,5408a6c0-6c97-11f0-8e36-7ff47c038c45,스라,53,1
8888,53977940-63e2-11f0-a278-8582881491ba,찐빵2,53,1
8888,50371620-6bb7-11f0-8e65-bb49ba502393,나짱,53,1
8888,4cca6370-6ce8-11f0-9497-07950a6b2df0,호주정육사업가,53,1
8888,4c41f570-69ba-11f0-a3fa-29dcc74be0f9,호허이,53,1
8888,4a8f7410-63d3-11f0-a9da-8b915b889dd4,조선제일검이방지,53,1
8888,492b0681-632d-11f0-acf4-5d62302864df,지존킹왕짱,53,1
8888,491be6a0-6472-11f0-a8d6-9514efa5ade9,혁매니,53,1
8888,47f726f0-6318-11f0-9d30-a1884d59ed55,오얗소,53,1
8888,479a5310-649b-11f0-829b-d50781ca76af,별이다다다,53,1
8888,47449ed0-6323-11f0-81ef-678ce95562b1,서화,53,1
8888,464d5c50-620c-11f0-8954-d1ddcca9d272,지망,53,1
8888,460d65c0-6962-11f0-86e2-d3a55f318685,y123,53,1
8888,456eb060-6944-11f0-9052-8d763cf66f7f,오시리,53,1
8888,42e990c0-63e1-11f0-8ce7-05e1fc9cefd2,안녕하세요요,53,1
8888,4241c1a0-6329-11f0-87ee-33464f2cfda8,오옹우,53,1
8888,40ae3130-6459-11f0-8944-5327091948db,솧툋촛,53,1
8888,3e7287b0-6259-11f0-ac8f-a72a62c95081,어떤남자,53,1
8888,3e613050-6c22-11f0-a98c-ab8c12a4e4f7,하대장,53,1
8888,3e4f5eb0-635e-11f0-9eba-319c3c5b72eb,버섯커,53,1
8888,3d2280b0-64cd-11f0-ad80-bf5616b7c1de,ssswqa,53,1
8888,3bb3c310-6d60-11f0-a134-ed1c55ac9ee4,우찌,53,1
8888,3a5d4690-6517-11f0-a092-cfb4e8946e57,까다디,53,1
8888,3a3ac1c0-6688-11f0-aee9-63d133f73255,금율,53,1
8888,3a1b94a0-6451-11f0-b822-39b72d0fce03,당청청,53,1
8888,381deda0-6506-11f0-846f-13edae8f7606,123가45,53,1
8888,36b6fc90-6b46-11f0-bfbf-11a1330b4a18,인세,53,1
8888,36395eb0-625f-11f0-ba61-57b32c8fdcaa,afool,53,1
8888,35e047e1-6380-11f0-ab9a-491699e5c818,프나,53,1
8888,306d5480-684c-11f0-9187-bfb76cd46158,차상사,53,1
8888,2f46ff60-6a2d-11f0-a0bd-d7139a11b28b,하늘색이어폰,53,1
8888,2dc0e880-6c86-11f0-a097-d56ebc408629,꺽정아들,53,1
8888,2d4d30a0-6229-11f0-93bd-4f6c20959660,새릴파,53,1
8888,2d2631e0-6a93-11f0-ab22-9b7f810af5a1,정소담,53,1
8888,2cc19360-62e2-11f0-a9e2-bd6cd50a5a78,maum,53,1
8888,2c86d8b0-6300-11f0-a53e-f720860fcc8a,딩옹,53,1
8888,2c298d60-6538-11f0-bf88-f5c7f77ee584,배급견,53,1
8888,27f5e480-69c7-11f0-83c1-071402a58f9d,Greeder,53,1
8888,269e59e0-64dc-11f0-846f-13edae8f7606,홍부,53,1
8888,264c0c70-6271-11f0-ba61-57b32c8fdcaa,쪼멍,53,1
8888,24c310f0-62bd-11f0-b038-1df969c0d9a5,쿠키런킹병훈,53,1
8888,2192e210-649e-11f0-ac20-8734dac19833,모드리,53,1
8888,20522470-653d-11f0-b203-85c99a94680a,깐밤,53,1
8888,1fec8a20-6885-11f0-87f8-e187f9342dae,히스테리,53,1
8888,1feb1060-649c-11f0-a470-3b5290ad38d8,고경표,53,1
8888,1d22fd40-6bcf-11f0-948b-913c7c2d582b,척준경장군님,53,1
8888,1c1dfaf0-684e-11f0-99f9-e57ee7d28b7e,덕순,53,1
8888,19cd7070-6199-11f0-9040-4522a72dc80d,1치우,53,1
8888,186ea020-620f-11f0-b6b8-890977889e3d,시설,53,1
8888,177fff50-629c-11f0-bbfa-65e8ef5c7ef9,하루빵댕이,53,1
8888,16c049f0-642a-11f0-877d-c952436514c7,2sj11,53,1
8888,14b52df0-6b4c-11f0-825e-3b1b25d50577,뒷골목곰,53,1
8888,13624440-677f-11f0-ab88-a5c9739f629f,기아만세,53,1
8888,12cfecf0-69bc-11f0-a3fa-29dcc74be0f9,시진,53,1
8888,12007080-69d3-11f0-8369-f9ac348dc159,집에가고싶어요,53,1
8888,10cc35c0-63be-11f0-a06c-a18ad4eb2f25,후아유,53,1
8888,10748650-6bb5-11f0-a8af-f73a307a4a56,다정공주,53,1
8888,0fcf87a0-6b50-11f0-89d8-0101a6b6342f,그란서스,53,1
8888,0f4d3530-6271-11f0-bcbb-714564b525f4,슈드,53,1
8888,0ec81fa0-6382-11f0-adf7-d1fabe44ecce,부씨맨,53,1
8888,0bc55540-6a38-11f0-a906-9da1cc68e31a,늬뇨,53,1
8888,08665240-63d6-11f0-bb86-97bdb11e4eed,kjnn,53,1
8888,0831ea60-650b-11f0-b0f9-9b13bf283379,웃자,53,1
8888,07f39d00-68e9-11f0-acc6-9fa957ae20ea,삼한제일검길태미,53,1
8888,067d97c0-62a7-11f0-89a4-c33ecb46901f,거노,53,1
8888,06743c80-6616-11f0-b420-973bd54af871,고기굽는곰,53,1
8888,05b8ed60-6c59-11f0-a63b-1f9d9733241b,닉네임3,53,1
8888,0408fbe0-6b87-11f0-95f5-6f690b7ed31b,리짱돌,53,1
8888,023ae610-66ba-11f0-9bdd-e11867fc3a11,뚜루뚜루룹,53,1
8888,00a0cbd0-644e-11f0-9a7f-07d3d9b1e362,최고악질,53,1
9079,ff8f9b90-670e-11f0-aa67-7dd4c3adf3de,함안,52,1
9079,fdf40650-63d4-11f0-9a87-810a40a679fa,인싸,52,1
9079,fda0c3f0-63d9-11f0-9a87-810a40a679fa,Gdow,52,1
9079,fbf6d480-6218-11f0-9ed2-2327c5a1ff14,태종태세문단속,52,1
9079,fb189490-64ac-11f0-b557-b9d4a65b18c9,블랙오로라,52,1
9079,f9f33f70-67c2-11f0-9087-f9ad8d76b235,아시나요7,52,1
9079,f8eec4e0-63ea-11f0-9597-89e7ae27c215,다장,52,1
9079,f5dcbb90-6b8d-11f0-8bf0-d3ed68228972,이원준,52,1
9079,f52c6530-6528-11f0-a768-59219107ad21,농민의난,52,1
9079,f4c8e6d0-6588-11f0-aa71-8dc1a82ba9d7,채원,52,1
9079,f0ea48d0-63e2-11f0-89b8-61a649941dd1,한글모름,52,1
9079,eef8bfb0-623a-11f0-8ed7-4f4ea466921e,재민237,52,1
9079,eed03420-636e-11f0-9eba-319c3c5b72eb,도넛안소세지2,52,1
9079,ed1ec7c0-6528-11f0-a092-cfb4e8946e57,dhhduhd,52,1
9079,ec2ff640-63fc-11f0-83ae-cb0d7c1d5c99,2웅이,52,1
9079,ebce5e00-63eb-11f0-95da-f3c12f40d526,꼬마닌자,52,1
9079,ea586ef0-6911-11f0-bb85-e56e3f9b33fd,째롱,52,1
9079,e9be7250-6402-11f0-83ae-cb0d7c1d5c99,흥이찬다,52,1
9079,e738e501-6467-11f0-a19b-cd9bee505425,쌀한tall,52,1
9079,e6e79540-698c-11f0-a6d0-d7dbeaf9d9e0,또래,52,1
9079,e4f2a180-6446-11f0-84a8-a17d6cb326f9,14,52,1
9079,e3fd2180-6223-11f0-8853-493fc3ae34f0,왕족발,52,1
9079,e3abe8e0-64c3-11f0-9cbb-d577723cbc86,시렌,52,1
9079,e3a2c150-64e8-11f0-846f-13edae8f7606,아구멍,52,1
9079,e2da2c90-6afb-11f0-9574-414c4b2943bd,한화화나,52,1
9079,e1a10fa0-69a3-11f0-86e2-d3a55f318685,오늘하루맑음,52,1
9079,e0f470d0-66c2-11f0-a45a-8fae72bafa7b,탁이,52,1
9079,df8dea80-6697-11f0-9b15-75b767f9c728,라박카싸두루니닸,52,1
9079,df227a10-6c1f-11f0-a4ba-e76b80b49d26,U갓잇03,52,1
9079,def12010-65ac-11f0-9b02-9934e4aaee80,귀요미토마토,52,1
9079,dd77d1b0-62e7-11f0-888b-4325034dd618,doya,52,1
9079,dcda5f70-6477-11f0-934d-3b333a678e8e,도른도른,52,1
9079,d91cb0f0-6313-11f0-b218-43a24c54b5c1,크크맨,52,1
9079,d85ccaf0-6495-11f0-829b-d50781ca76af,시릴,52,1
9079,d8589f60-639c-11f0-929e-756b01201a20,천둥eU,52,1
9079,d6cb0bb0-67e8-11f0-bb71-090a139da64b,히히피자,52,1
9079,d6727d00-6b6d-11f0-b12d-131ac73060ee,산동네아저씨,52,1
9079,d5e6b410-67c5-11f0-ac79-bd0f37322c34,유리도도,52,1
9079,d53d5e20-6206-11f0-b6b8-890977889e3d,홍이요,52,1
9079,d27f89f0-64b4-11f0-8c0c-e95772467615,박잉깨,52,1
9079,ce134c20-6ac8-11f0-aa73-c544fd48d310,빅범,52,1
9079,cd0d5a30-65ac-11f0-b5ae-9f72a71a5588,둥글이,52,1
9079,ccff6fd0-64a1-11f0-8dc2-b1d7780ea280,핑계고,52,1
9079,cc7d9ab0-63a6-11f0-b630-4f8dc5617c79,승썸,52,1
9079,caf06c70-6ce5-11f0-a7a3-55c3beebb1fc,ChoiJY,52,1
9079,cab5cd60-66a3-11f0-bbca-cb910a6526e3,주몽이,52,1
9079,c9708b70-670c-11f0-aa67-7dd4c3adf3de,자카,52,1
9079,c8c867a0-6898-11f0-942e-65ce179d466a,난세취호전,52,1
9079,c75fb0d0-66e0-11f0-840e-61726e6f3613,금강호,52,1
9079,c5872b50-6cf6-11f0-ad49-fb8226a0abba,하루비,52,1
9079,c4a58970-6328-11f0-9d30-a1884d59ed55,한국사탐험대,52,1
9079,c33fb2e0-6841-11f0-a8e8-6fe621041642,68584723,52,1
9079,c25326b0-6c78-11f0-bb12-f394c5e7b677,장군아우아해,52,1
9079,c0199ca0-6b13-11f0-bdb2-7b31dff56e85,알게머야,52,1
9079,bfc75850-644c-11f0-9a7f-07d3d9b1e362,호야산,52,1
9079,bec48d70-6a22-11f0-9416-6d61d44d7bd3,코우코우,52,1
9079,beaa9090-63f2-11f0-8989-0f75f17d859c,내꿈,52,1
9079,be194ed0-620a-11f0-980a-396801ba63e1,Kife,52,1
9079,ba90cfc0-6388-11f0-842b-a1e5e2f54197,삐뚜루마뚜루,52,1
9079,b9f65470-676d-11f0-b0f7-150f790a3a6f,백다온,52,1
9079,b9af4ec0-6d5f-11f0-ab61-ab949b36f7e9,대설,52,1
9079,b729d5a0-65ba-11f0-9b02-9934e4aaee80,예거,52,1
9079,b69e6120-6ca2-11f0-aef0-8567de5b5272,안뚠뚠,52,1
9079,b64bc1d0-6271-11f0-ba61-57b32c8fdcaa,나라동,52,1
9079,b5802ff0-63db-11f0-b5a1-97526412eaf0,터러터럭,52,1
9079,b4466d90-67a3-11f0-aed9-e7219e4530ad,꾸악스,52,1
9079,b433d1e0-65e0-11f0-9d21-a5a045fe4d3d,박가빈,52,1
9079,b40ebc90-69e4-11f0-9adb-01ec0e539aaf,박물관,52,1
9079,b394dc40-643f-11f0-95eb-5dc11fa524e5,윤복이,52,1
9079,b32386b0-6559-11f0-a2dc-1301c9d78046,래피기,52,1
9079,b2b1aa40-6d29-11f0-b976-671badd129d8,탄벌동멧돼지,52,1
9079,b0827fb0-63dd-11f0-981c-6918ebc09e55,돼지꿍,52,1
9079,ae758a50-6b80-11f0-9c79-a1775c9a0b89,카이스트,52,1
9079,ad6b0330-6a43-11f0-b350-274e47244e62,원람,52,1
9079,ad58ba10-6569-11f0-90c5-555ab05ea06b,ljhjk865,52,1
9079,ad202cb0-649f-11f0-ac20-8734dac19833,리희짱,52,1
9079,abd06c90-658e-11f0-b772-ef8c8999ed1d,솔라,52,1
9079,ab84fcd0-623a-11f0-853f-4567daacb8e8,성님장,52,1
9079,aa275e90-684e-11f0-9f70-758f6a5c165e,콩이아빠,52,1
9079,a9b12c20-62c7-11f0-b968-b15002a4efc3,비공개,52,1
9079,a779d500-6c23-11f0-aed5-0bf4d0a3552b,2세웅,52,1
9079,a771d2d0-626c-11f0-807b-b56290a6427d,아르티아스,52,1
9079,a688f600-6307-11f0-a53e-f720860fcc8a,몽찌,52,1
9079,a5af8c50-630f-11f0-abe8-09c261bd0e21,무기도령,52,1
9079,a2a724a0-621a-11f0-bbfd-8564365ef7ff,국밥부장관,52,1
9079,a138c1d0-6b81-11f0-ab9f-397a5ee4956d,철사관지옥,52,1
9079,a09da4d0-68c4-11f0-bf27-69600f7373fa,이런시부라알,52,1
9079,9f9b7320-6a9d-11f0-a9cf-f3f33c48bf68,Luto,52,1
9079,9d818a80-629f-11f0-9c35-45ef6a487d5b,홍길Dong,52,1
9079,9d31aa20-620d-11f0-b6b8-890977889e3d,김밥풀,52,1
9079,9cbfa870-6731-11f0-a25c-47a5a693b30a,moon9090,52,1
9079,9c53e340-6adf-11f0-81c8-df68c1af4b53,이도이도,52,1
9079,9c291290-6464-11f0-b9a2-71a70b35ee88,부우랄,52,1
9079,9a8e8940-6510-11f0-afd9-8f1849e7eb08,월하연,52,1
9079,9861fa90-62c6-11f0-9c90-0dce0c3e38c5,개동진,52,1
9079,95477b80-6a16-11f0-9ccf-efc03aeeda2b,초록색눈,52,1
9079,94adf8e0-623a-11f0-9b9e-13c7a7dd6c88,헨토,52,1
9079,937db2c0-6d5d-11f0-a693-ff327945c3a4,카멘,52,1
9079,93258c30-638f-11f0-929e-756b01201a20,아귀,52,1
9079,927d5e00-653f-11f0-b862-f7a1348209f0,이슬혼,52,1
9079,9012d9f0-67ed-11f0-80b5-37d9567e926a,치니기,52,1
9079,8f8a8ea0-6230-11f0-8954-174f550c9ed3,유여유우웅,52,1
9079,8f6e2650-638b-11f0-aec5-8f60c14ffced,번쩍홍길동,52,1
9079,8d7260c0-6c67-11f0-81d7-690af6d6066c,루루정,52,1
9079,89d94c50-6323-11f0-86ae-09614a5b454b,F2000,52,1
9079,89bb2560-6204-11f0-927d-c13e105601ec,LV1이도윤,52,1
9079,894b2910-6252-11f0-a7b6-cf18c18dd85f,앳된,52,1
9079,88dff350-66b4-11f0-bf26-fbc3a0b40f08,wech,52,1
9079,884b8870-695a-11f0-9f3a-d936e3ed6e3a,오삥시부라,52,1
9079,842fb900-6504-11f0-b0f9-9b13bf283379,야자,52,1
9079,83b59bc0-63ab-11f0-a8e3-a3fc99f88008,이정현,52,1
9079,82163060-651b-11f0-8799-a56030339d38,미쌘메이,52,1
9079,7fab5190-6b13-11f0-8f14-2f5913224acc,딱대,52,1
9079,7f27bd30-6cd5-11f0-bf20-0950605175eb,sdine,52,1
9079,7f03f380-624b-11f0-a923-e5c378e4162f,두팔,52,1
9079,7efef230-6503-11f0-998d-6361b2224259,Speciall,52,1
9079,7e95a3e0-69f7-11f0-9adb-01ec0e539aaf,탈출하고싶다,52,1
9079,7e20fa70-6233-11f0-b293-3b55fd722626,SR칸,52,1
9079,7d18d171-6521-11f0-b0f9-9b13bf283379,미라클듀얼,52,1
9079,7ce6a1a0-6805-11f0-9069-eb268d57af69,투나,52,1
9079,7ce27d70-6709-11f0-a25c-47a5a693b30a,plodddd,52,1
9079,7c455d80-6b03-11f0-805b-b77f679ab7b8,유리구슬,52,1
9079,7b958ac0-638a-11f0-aec5-8f60c14ffced,김구범구,52,1
9079,79c439b0-6a7b-11f0-b7a5-333dfc345c53,바키,52,1
9079,79a73920-6457-11f0-ae17-6fdd4e1dac80,초화문,52,1
9079,78f9a630-63b6-11f0-8465-f716200b7246,꼬현,52,1
9079,78149290-6454-11f0-8944-5327091948db,여니주니,52,1
9079,776960b0-639f-11f0-b218-57e8388ada3f,미녀와나훗꾼,52,1
9079,772c9fb0-62f8-11f0-af00-9b7f567d02d1,RAPA,52,1
9079,7707e5a0-6274-11f0-9eb5-cf396344702c,트왈,52,1
9079,766cf7c0-6d41-11f0-a5ac-25cfed422797,방촌동곰,52,1
9079,76116d00-68dd-11f0-bd47-cf3af6acce80,기민증,52,1
9079,73cad3c0-647c-11f0-bb5e-79bc0c4c5953,로로공주,52,1
9079,72e2f880-643f-11f0-aa81-e7b48e5192eb,옥승훈,52,1
9079,7278bd30-624b-11f0-8731-517e16b3676b,졌어,52,1
9079,71a70d70-686e-11f0-9a92-175f0d2b5caf,역사부문올1등급,52,1
9079,70b65b20-63a8-11f0-9e98-299d606b6be2,또야,52,1
9079,6fd4b1e0-6612-11f0-96b5-93ff890ec434,신무무,52,1
9079,6f199870-6b66-11f0-b706-67c62533f428,Gnessis,52,1
9079,6efff250-66fa-11f0-b905-616e286946a4,양념수,52,1
9079,6d080b50-6307-11f0-af00-9b7f567d02d1,양봉,52,1
9079,6d010fb0-6476-11f0-a8d6-9514efa5ade9,패대기,52,1
9079,6bdfb5f0-6a70-11f0-a1c0-f953ad2a988a,동네둘리,52,1
9079,6b4e8980-63cd-11f0-8a6c-c348a09bcc5f,연선율하,52,1
9079,6b37db10-64bb-11f0-b991-dd3659cb9d59,김반팔,52,1
9079,69d9ae40-6445-11f0-84a8-a17d6cb326f9,캉쿵,52,1
9079,693d7cd0-68fc-11f0-adde-6fac48283273,무무가좋아요,52,1
9079,68d34ee0-6934-11f0-98af-bff80b0492c0,노윤호,52,1
9079,688f4af0-6719-11f0-96bd-d7978d564f9d,반말하지말라,52,1
9079,66a72030-62ca-11f0-b968-b15002a4efc3,유월나무,52,1
9079,6352ab00-623b-11f0-bbfd-8564365ef7ff,따닥,52,1
9079,62b49dc0-6ce5-11f0-b576-9bb105869bcb,쿤님,52,1
9079,621e11a0-6567-11f0-95fc-7353977bac62,하야토,52,1
9079,61d4e550-6d57-11f0-a67e-33897166f786,유산균7111,52,1
9079,613ac1c0-6ba2-11f0-8f80-79c9c37e8ee5,다크템플러,52,1
9079,61219d90-6264-11f0-b63f-7755b72aa50f,민석,52,1
9079,5dcdf430-62b0-11f0-bf6e-91ab11ffb732,예쥬,52,1
9079,5c18f930-6258-11f0-814b-2fc90270666e,해탈열반,52,1
9079,5c13d4e0-6420-11f0-a3ab-515b7dbdbb4f,막낙,52,1
9079,594f3df0-69c3-11f0-a669-cf0eea211da7,라그나,52,1
9079,59412220-666b-11f0-b77e-a100e5cb3d55,블루이스,52,1
9079,59409510-65eb-11f0-b07a-3f86ba6af1de,소빠,52,1
9079,5922fed0-69b8-11f0-a3fa-29dcc74be0f9,이순신군단,52,1
9079,58777250-6372-11f0-a70b-97528033efd5,쵸오리,52,1
9079,547dbac0-6678-11f0-8b65-97eb249c79b0,찌리서잔,52,1
9079,53e22d70-69ee-11f0-9ccf-efc03aeeda2b,서오라니,52,1
9079,53b33e80-62f9-11f0-a53e-f720860fcc8a,ongdin,52,1
9079,521a9cd0-61eb-11f0-9e54-f5b20913bba4,백한야,52,1
9079,5193fa70-658a-11f0-8de7-713c959a95d8,고쿠시보,52,1
9079,505e7800-6266-11f0-97b4-198e3a6088ef,티바트,52,1
9079,4fee6390-6a26-11f0-a0bd-d7139a11b28b,한선경,52,1
9079,4ee46c30-6aab-11f0-aabe-19fce0d146b1,해얌,52,1
9079,4edf2230-62ee-11f0-8af6-6370fcdc8610,피융,52,1
9079,4d968b10-6a8d-11f0-b350-274e47244e62,독존,52,1
9079,4b0816b0-6237-11f0-a4d9-ed99b7326b21,전설의기사,52,1
9079,489f2ca0-645e-11f0-9cd9-4f3d9a0f948e,홍길동길,52,1
9079,486e2a80-62fe-11f0-ba81-0189884c815e,김군4,52,1
9079,480a6910-6492-11f0-829b-d50781ca76af,뜨뜰,52,1
9079,47cfce00-6306-11f0-93c0-3fa3bb7fad1e,이숩,52,1
9079,45d3ca20-662b-11f0-9e05-f7f3cc626bbf,마교천마,52,1
9079,450c2200-6b89-11f0-b285-19da1ba45490,폭군워니,52,1
9079,43ad8ad0-6a75-11f0-b8c3-31d76e99096b,맹정이,52,1
9079,4339e030-68ae-11f0-9d8d-43218661958e,월화수목,52,1
9079,4289e050-623b-11f0-a73e-efd8221a47bb,일살,52,1
9079,4143cdb0-6cad-11f0-bf20-0950605175eb,ewneuw99,52,1
9079,401662b0-67f6-11f0-966a-9ddfc9fc7a33,지니의소식,52,1
9079,3e9440c0-61ba-11f0-b43b-a774e074af18,노나귀요미,52,1
9079,3db846e0-6563-11f0-9d97-192c64bf62e6,끄세방,52,1
9079,3cc67d90-6547-11f0-8b28-e3440b81a048,Ibail,52,1
9079,3c7668c0-6c4d-11f0-9123-4f6ce6de2b0b,산에서온용신,52,1
9079,3bc66c30-6938-11f0-8a8c-e705cbe6ed4d,김참치93,52,1
9079,3b6becd0-6369-11f0-899c-ed58ed9d92cb,천마지,52,1
9079,3b68cc30-63f0-11f0-a3c9-9f9256df83ae,지슨,52,1
9079,3b395620-61df-11f0-94d1-0d70694c9e17,국보,52,1
9079,3ad8cc00-6352-11f0-ba6d-31d76c70e10b,뉭뉭,52,1
9079,3958ec50-6d22-11f0-812a-d364660ceebf,깜우,52,1
9079,36adf021-63d8-11f0-9a87-810a40a679fa,Hoit,52,1
9079,35f74bf0-6378-11f0-ab23-17e3cb110c7b,방생,52,1
9079,33e06840-66f9-11f0-abbe-1b148ce1c918,중사김봉식,52,1
9079,3218ef90-6876-11f0-a87f-5d05e5c4806f,tick,52,1
9079,316a54f0-6ce8-11f0-9b40-39de905d3348,하루가을,52,1
9079,308a8580-6975-11f0-bb78-9524ef5f68fb,랑롱릭,52,1
9079,3001ca30-6af9-11f0-98ff-ddeba8e6efb9,서흔남,52,1
9079,2f504920-63d5-11f0-a9da-8b915b889dd4,WH,52,1
9079,2e1e9a30-63c5-11f0-9353-8773ba2d9d98,초삼,52,1
9079,2da2fe50-6485-11f0-bd1c-c79b9b2c15fa,맛있게울랄라,52,1
9079,2cf751e0-63bd-11f0-81bb-338967720ddd,영원한도시,52,1
9079,2c0d5940-66ed-11f0-94fd-bd0b371894b0,한국사세계사,52,1
9079,2bf3f280-64f8-11f0-89c4-91955faa19a3,달온,52,1
9079,29fc6dc0-6ad6-11f0-a5d2-4bd7192c2f94,단비만두,52,1
9079,281a6ba0-6947-11f0-9867-bd921e23f0c2,야규리,52,1
9079,27dd2f90-6c3c-11f0-9487-c986f436d7ac,탱탱한요거트,52,1
9079,27c9a440-63fc-11f0-877d-c952436514c7,백곰이,52,1
9079,277ac990-65c0-11f0-b5ae-9f72a71a5588,식인곰,52,1
9079,25d16ce0-6a82-11f0-b350-274e47244e62,호호브라더,52,1
9079,24b71510-63a4-11f0-b630-4f8dc5617c79,고구마도둑,52,1
9079,2442cb00-6b9d-11f0-a190-a74ec2ed1dc5,Quartz,52,1
9079,243745a0-6634-11f0-8157-83c241bc6c35,메론맛쿠키,52,1
9079,242d9a90-6374-11f0-b361-89751b9f7bfc,큰대지,52,1
9079,232bbc60-6560-11f0-83d0-9b3d85ec502b,멀보냐,52,1
9079,22b579d0-6964-11f0-9f3a-d936e3ed6e3a,와퍼,52,1
9079,22686200-6cd7-11f0-bf20-0950605175eb,모링,52,1
9079,22446630-6d4e-11f0-8453-4d52e359456e,개백수,52,1
9079,200b2980-6402-11f0-a3ab-515b7dbdbb4f,mikoe,52,1
9079,1e4a92d0-6ccb-11f0-aef0-8567de5b5272,대장사령관,52,1
9079,1d12dd40-6af6-11f0-a101-2f71d3d479db,중도의길,52,1
9079,1cca2e00-6a52-11f0-8acc-fb286914151f,킴s,52,1
9079,1c236e90-66a0-11f0-b773-3151e51f2be7,GodBless,52,1
9079,1ba3ad40-649d-11f0-90f2-efb4d5ac17d9,짜잔,52,1
9079,1ade2680-63f1-11f0-8989-0f75f17d859c,하이신,52,1
9079,18a86c30-62bc-11f0-b78d-9fbbdf7f23fb,폴캅,52,1
9079,1821bb70-643a-11f0-93a4-af3680a69719,파송송,52,1
9079,16d10860-69f4-11f0-9ccf-efc03aeeda2b,블랙서바이벌,52,1
9079,153a2da0-6252-11f0-9389-bdd3075e1ab8,리본,52,1
9079,13774050-62f4-11f0-8bbd-736bcbd48573,송평화,52,1
9079,13197830-635d-11f0-a70b-97528033efd5,봄바람,52,1
9079,130962f0-651b-11f0-8350-2bfe2b1cf2f9,mastauu,52,1
9079,13045750-6251-11f0-9389-bdd3075e1ab8,unkill,52,1
9079,124b0190-6924-11f0-bb85-e56e3f9b33fd,정뿌뿌,52,1
9079,1058b4c0-6250-11f0-a7b6-cf18c18dd85f,히힣,52,1
9079,104da450-6c2c-11f0-98cb-9992c3b823e7,돌로만든사람,52,1
9079,0ffeb1d0-6559-11f0-a2dc-1301c9d78046,BAMBI,52,1
9079,0fa8f510-6577-11f0-a977-21ea2091af0c,마법소녀훈이,52,1
9079,0f6abea0-643a-11f0-93b5-9bbe54f3643d,날아라이귀욤,52,1
9079,0d1f00a0-648c-11f0-a086-85e9f4d94fe9,갓제우,52,1
9079,0c71e990-69e3-11f0-81d8-d75e58d916af,뮤탈,52,1
9079,0c169070-630f-11f0-abe8-09c261bd0e21,녹녹,52,1
9079,0a9a8490-625b-11f0-a09e-af85dec66bcf,laloli,52,1
9079,08b661e0-6435-11f0-a580-6783cb326665,박격포,52,1
9079,079774e0-63a7-11f0-b7d9-6726758670c6,솜율파파,52,1
9079,0730c7a0-65c7-11f0-af10-4794d1b8d834,깡랭,52,1
9079,03883ce0-6465-11f0-8670-973d055b2505,여여여여여,52,1
9079,02a0ddc0-649f-11f0-ac20-8734dac19833,Dke,52,1
9079,0264e430-6244-11f0-9c23-457fcdeb3714,빠킹,52,1
9079,01d41fd0-6c5e-11f0-8009-99d4c032fe19,아이야,52,1
9079,00ef84f0-6d4a-11f0-a693-ff327945c3a4,yuuuu2,52,1
9335,ffa1d3f0-64b1-11f0-befb-a79eaa388d9e,훈이태,51,1
9335,ff3c6460-644e-11f0-8944-5327091948db,갸라도스,51,1
9335,fef825f0-637e-11f0-8ea7-a17bafa0e4d0,그러므로,51,1
9335,fe6bb700-6487-11f0-b749-97e97e025ce2,요망,51,1
9335,fd9590b0-6a79-11f0-b7a5-333dfc345c53,문종,51,1
9335,fc91fb50-6442-11f0-8944-5327091948db,기면증,51,1
9335,fc707ae0-6706-11f0-a98d-f37da4145b2e,메트로놈,51,1
9335,fc4f3340-6250-11f0-98b0-134906955a4e,비국,51,1
9335,fbb21710-644c-11f0-9a7f-07d3d9b1e362,닠녬,51,1
9335,fb8e7f90-63f6-11f0-97e6-8bc4d9a11426,문표,51,1
9335,f9ea3f00-6c05-11f0-b3a4-bdd7aa4d5379,티코,51,1
9335,f9299e70-618e-11f0-80e8-87c71e2c231b,나최강,51,1
9335,f8c482b0-64bd-11f0-bac8-c1efd8a8ec20,램반장,51,1
9335,f70ecc30-63e8-11f0-a3cc-cd3c8793a2eb,신준,51,1
9335,f6fac420-6c9d-11f0-a3aa-53b108aed5e1,곰아달료a,51,1
9335,f40862b0-6a7a-11f0-b4af-bd0ab1be2018,재하나,51,1
9335,f360c500-64bc-11f0-b991-dd3659cb9d59,현풍,51,1
9335,f0885320-6abb-11f0-aa73-c544fd48d310,로키88,51,1
9335,f067c5b0-630e-11f0-8d40-dfc9f921e722,담밴,51,1
9335,f055e6d0-6a1e-11f0-83c1-071402a58f9d,안희윤,51,1
9335,efc281e0-6246-11f0-9224-eb6b2b2ecb55,아따마야,51,1
9335,efb31040-6401-11f0-89c3-81bc4ed5aa4e,삼린,51,1
9335,ee05cc20-6356-11f0-97d7-efff12aed0ab,들이,51,1
9335,ed48e750-6b02-11f0-8787-a58e3ca0ed99,갓곰,51,1
9335,ec0a0550-6a6b-11f0-b8c3-31d76e99096b,디샤s,51,1
9335,ec04b9c0-699d-11f0-ae0d-6f90dae175ae,백종업원,51,1
9335,eb5b72f0-61b1-11f0-8634-6f5197e3ac60,닷초류,51,1
9335,eb143d60-6349-11f0-899c-ed58ed9d92cb,애베배베배,51,1
9335,e9d6ec00-64b5-11f0-8112-e9bf866e152e,kth,51,1
9335,e9833a40-6453-11f0-9948-fdd926a61dce,또리아빠,51,1
9335,e8fb0840-6ac6-11f0-b787-3fd5c6c3156d,한은돌,51,1
9335,e8a50db0-6660-11f0-8157-83c241bc6c35,방구탱탱,51,1
9335,e8733560-6449-11f0-ba26-c559d1541584,말랑이요,51,1
9335,e74c9710-61d5-11f0-9cbc-157d68270165,마이티마우스,51,1
9335,e6d8d9c0-645e-11f0-934d-3b333a678e8e,동네,51,1
9335,e6b190a0-65e8-11f0-b713-4926dfac7d29,홍도,51,1
9335,e4ae49b0-643f-11f0-95eb-5dc11fa524e5,lume,51,1
9335,e43c4190-67ae-11f0-973f-ef189b93f10d,오한별,51,1
9335,e417ff90-6891-11f0-8a2e-739305bc1e9c,rapha,51,1
9335,e102f9a0-656b-11f0-a54a-ebb1de28aed7,지휘관동생,51,1
9335,e0e9e250-6208-11f0-b6b8-890977889e3d,모아이,51,1
9335,e0ad5aa0-626d-11f0-807b-b56290a6427d,heejae,51,1
9335,e04a3920-67a9-11f0-aed9-e7219e4530ad,호롱이,51,1
9335,dfe787b0-626f-11f0-ba61-57b32c8fdcaa,뽀공주,51,1
9335,def42270-649d-11f0-ac20-8734dac19833,여호수아,51,1
9335,dee1c8f0-6c5e-11f0-802b-15be0af62600,찌릿찌릿,51,1
9335,de562510-63ea-11f0-990b-3fc68f8c80ee,왕밤단팥빵,51,1
9335,dde8ecd0-6254-11f0-a09e-af85dec66bcf,뱃살,51,1
9335,dda861d0-66bc-11f0-9bc9-df214cb08d36,5283,51,1
9335,d943a310-6546-11f0-b8dc-e3660ae75e14,긴급공지,51,1
9335,d91d2d90-624c-11f0-ad06-05cd7d1d0a6e,월화수목금,51,1
9335,d80e5390-6808-11f0-82b6-93a73aef044c,검검검검검,51,1
9335,d7a47d80-6600-11f0-a954-17a0435dde3a,무디,51,1
9335,d5babb71-637a-11f0-adf7-d1fabe44ecce,기세,51,1
9335,d4e81ab0-6a34-11f0-a90c-e18170b28cdf,니망고라니,51,1
9335,d47ca2e0-686c-11f0-9a92-175f0d2b5caf,로또1등당첨,51,1
9335,d3c81950-6421-11f0-83ae-cb0d7c1d5c99,랜드바이슨,51,1
9335,d2f71ed0-644f-11f0-8944-5327091948db,용그리,51,1
9335,d28dbb30-643a-11f0-a580-6783cb326665,yhuh,51,1
9335,cfa06be0-6361-11f0-97d7-efff12aed0ab,나랑만하자,51,1
9335,cf87fef0-62be-11f0-a53e-f720860fcc8a,러키세븐,51,1
9335,cf165e70-63dc-11f0-8ce7-05e1fc9cefd2,멸공,51,1
9335,ce4602d0-639f-11f0-929e-756b01201a20,lkingl,51,1
9335,cdeed560-6d53-11f0-9718-a1d3d1d51c27,이야이,51,1
9335,cd26b560-62c9-11f0-b252-a1a047cc5cf1,슺늣디,51,1
9335,ccc20cd0-6d61-11f0-984d-e14929d1b6f8,만모요,51,1
9335,cb46d090-6d37-11f0-9497-07950a6b2df0,아이스폴로,51,1
9335,c8bfa460-630e-11f0-a53e-f720860fcc8a,유웅,51,1
9335,c8597690-6b74-11f0-82e7-4d0a73126c7d,츄르냥,51,1
9335,c796f5c0-6796-11f0-b8e6-d1592939ba2b,몽이조이,51,1
9335,c6a3cb80-6259-11f0-a7b6-cf18c18dd85f,이원,51,1
9335,c6881680-6bb7-11f0-a01f-e538764cd6d1,남끄,51,1
9335,c62c99d0-6d48-11f0-b976-671badd129d8,태시탈,51,1
9335,c5f26b50-62a5-11f0-bcbb-714564b525f4,해낙,51,1
9335,c57ceb80-663a-11f0-96fa-990fd0c2f326,Asher,51,1
9335,c439f780-6195-11f0-b120-17d204b331a9,아아여,51,1
9335,c3f92860-631e-11f0-a314-e925b756c271,핸섬백성,51,1
9335,c3c40e00-6855-11f0-bae4-8193bb38af9c,쾌걸홍길동,51,1
9335,c3b80d70-6a81-11f0-aa6e-41c5597ab061,도력,51,1
9335,c1f09480-62d9-11f0-a53e-f720860fcc8a,09871668,51,1
9335,c15639a0-69c6-11f0-a3fa-29dcc74be0f9,불꽃파워,51,1
9335,c15437e0-6462-11f0-b9a2-71a70b35ee88,장우진,51,1
9335,c121f070-6627-11f0-98c0-d9f4fe5058f5,스톤파이터,51,1
9335,c0b67730-6273-11f0-ba61-57b32c8fdcaa,틱틱이,51,1
9335,c0a5fce0-646a-11f0-9929-49fcfc223a08,ENMON,51,1
9335,c03d8eb0-6318-11f0-973d-8fd00d5d3e51,심시미,51,1
9335,bfd4f5f0-6325-11f0-9d30-a1884d59ed55,초송,51,1
9335,bfd32330-6a62-11f0-8acc-fb286914151f,식살,51,1
9335,bf2b9250-63f0-11f0-a3c9-9f9256df83ae,요리사,51,1
9335,be07e9f0-63dc-11f0-b0c8-0be5c747fc57,가는길입니다,51,1
9335,bdf7d520-62af-11f0-a53e-f720860fcc8a,아징짱,51,1
9335,bdd29750-69a9-11f0-a6d0-d7dbeaf9d9e0,몽순짱,51,1
9335,bdb16c70-6453-11f0-9bbb-977d07f6b3d2,하온아빠,51,1
9335,bd4d2010-63c9-11f0-8a6c-c348a09bcc5f,준성킹,51,1
9335,bcecc360-6a26-11f0-8e3a-75f00633c49f,소복이,51,1
9335,bcc21da0-6507-11f0-846f-13edae8f7606,hiwz,51,1
9335,bc482970-6609-11f0-a41e-0df3579756f2,e0min2,51,1
9335,b9f69a00-69c7-11f0-a6d0-d7dbeaf9d9e0,피아제,51,1
9335,b99f60b0-6642-11f0-8bf6-afeec62e00c0,딸기토끼,51,1
9335,b8af79a0-6459-11f0-8944-5327091948db,개상,51,1
9335,b64946e0-621b-11f0-a026-2b3e93922249,무법,51,1
9335,b63e7280-662e-11f0-9e05-f7f3cc626bbf,극딜,51,1
9335,b6271030-6d50-11f0-b140-c1c71106000c,로시야,51,1
9335,b53d4c00-6406-11f0-bcbf-2b7f0b4e55b1,배달배,51,1
9335,b3b4bd30-6aca-11f0-9ebc-25f4c2b0a5e6,난감한비니,51,1
9335,b3065640-649f-11f0-829b-d50781ca76af,sky1019,51,1
9335,b1bf6130-6a9b-11f0-97df-4b76eb1e1edb,광팔,51,1
9335,b0dcf5b0-64e3-11f0-ad80-bf5616b7c1de,younggil,51,1
9335,b00c29f0-6afe-11f0-ae3f-a9f08f574230,운빨표류기,51,1
9335,afa691d0-6220-11f0-8853-493fc3ae34f0,하늘시원,51,1
9335,af93aea0-6237-11f0-a73e-efd8221a47bb,표우,51,1
9335,ae5522b0-620c-11f0-abc2-914425398299,구박,51,1
9335,ae21e370-64da-11f0-920f-d9bd8a2a820c,망량,51,1
9335,ab6603e0-6a21-11f0-9416-6d61d44d7bd3,peeed,51,1
9335,aa694940-6c22-11f0-948b-913c7c2d582b,율이빠,51,1
9335,aa4368d0-61fd-11f0-b97d-137135ff0cfe,SARAH,51,1
9335,a9c5e260-63d4-11f0-9a87-810a40a679fa,나방정벌,51,1
9335,a78fd6e0-6d48-11f0-a5ac-25cfed422797,아와,51,1
9335,a6db5a70-6bc8-11f0-948b-913c7c2d582b,냅콩,51,1
9335,a6cf7ef0-66b7-11f0-8dc5-93f9fb1e4ad3,마떡이,51,1
9335,a6516d00-6390-11f0-929e-756b01201a20,호날두77,51,1
9335,a4de3600-64e5-11f0-998d-6361b2224259,456번,51,1
9335,a26acaa0-6459-11f0-baaf-45c3a00048ee,오타코모리,51,1
9335,a23a3030-64c6-11f0-a3c0-1d4cb12fff23,감자랑사또,51,1
9335,a1d196b0-66b0-11f0-9e29-bb739ed9109b,작두,51,1
9335,a09ac6b0-62c6-11f0-b968-b15002a4efc3,zood,51,1
9335,a01b1f70-63c3-11f0-aab1-5f3bbe175c3e,로즈로즈하,51,1
9335,9f8109a0-6484-11f0-bd1c-c79b9b2c15fa,귀객,51,1
9335,9d870880-633e-11f0-ba6d-31d76c70e10b,아지랑이,51,1
9335,9d6828e0-63cd-11f0-a9da-8b915b889dd4,winell,51,1
9335,9c9645d0-63c0-11f0-bb86-97bdb11e4eed,핑꾸,51,1
9335,9bf33050-6958-11f0-8a8c-e705cbe6ed4d,꾸꾸미니흐,51,1
9335,9ba847e0-63b6-11f0-8d07-390a61232108,지호아빠,51,1
9335,9a6c8520-6c1d-11f0-aed5-0bf4d0a3552b,오로성,51,1
9335,9a464620-6322-11f0-9d30-a1884d59ed55,으아으아,51,1
9335,999e9720-6464-11f0-934d-3b333a678e8e,아임천재,51,1
9335,9830ca00-68bc-11f0-acc6-9fa957ae20ea,최강최성현,51,1
9335,98084080-6434-11f0-83ae-cb0d7c1d5c99,정로드,51,1
9335,97edf260-648f-11f0-b749-97e97e025ce2,지히,51,1
9335,975cefe0-6435-11f0-83ae-cb0d7c1d5c99,결이,51,1
9335,96e70fe0-6bc5-11f0-85f3-bd6e7c286b84,kucket,51,1
9335,94194bc0-6d37-11f0-9497-07950a6b2df0,용계동기성용,51,1
9335,92fabf20-63f1-11f0-a174-2f03cd9ae07c,후호하,51,1
9335,9144ed80-635c-11f0-9eba-319c3c5b72eb,날쎈표류기,51,1
9335,8fc56490-6a0e-11f0-87cd-13cc90e29527,개간지,51,1
9335,8f108850-630f-11f0-b4ac-230641ea7477,루루핑,51,1
9335,8ed584b0-6a6e-11f0-b350-274e47244e62,낭만거지,51,1
9335,8e94b460-6219-11f0-bbfd-8564365ef7ff,한검능,51,1
9335,8df56c30-638f-11f0-929e-756b01201a20,정점,51,1
9335,8bb07b50-6a8c-11f0-8032-c32c225a07c5,제트플랜,51,1
9335,8b6b6780-63f3-11f0-8cc7-b51940f25f47,송만재,51,1
9335,8a026560-6466-11f0-934d-3b333a678e8e,jrsjks,51,1
9335,8961c9e0-6248-11f0-a7b6-cf18c18dd85f,리짜이밍,51,1
9335,88b9bce0-6c76-11f0-bb12-f394c5e7b677,카터칼든,51,1
9335,87babcb0-6c24-11f0-aed5-0bf4d0a3552b,김꺽정,51,1
9335,8697acf0-6c86-11f0-841a-133a0419da80,뒹구르르,51,1
9335,85c69411-68d2-11f0-bf27-69600f7373fa,상찝,51,1
9335,8454e700-6632-11f0-96fa-990fd0c2f326,매니악필굿,51,1
9335,817fa820-6b2e-11f0-8752-d9fcf2970529,겨울잠,51,1
9335,80dc8c40-6218-11f0-bbfd-8564365ef7ff,찬혁,51,1
9335,7fddd3f0-6c6b-11f0-8805-b3f3a74e8613,키키코코파덜,51,1
9335,7daf7060-6456-11f0-8f1e-9b9f4436b281,xxd,51,1
9335,7da61370-6b5a-11f0-b2c9-29e2e53b69f1,땡구99,51,1
9335,7a728330-689b-11f0-ac3c-39e6bff8c472,후호후호,51,1
9335,7a4505a0-6cf0-11f0-9f02-6f2f23df42c0,드론킬러,51,1
9335,78c983f0-6402-11f0-877d-c952436514c7,도구,51,1
9335,77c2aef0-6489-11f0-b749-97e97e025ce2,알기,51,1
9335,77c1d580-6492-11f0-bbfe-0d14bcd852b5,아이쇼스피드,51,1
9335,77b9eb00-64fa-11f0-998d-6361b2224259,아장아장뿡뿡,51,1
9335,776fdf50-62ad-11f0-b78d-9fbbdf7f23fb,razerbaa,51,1
9335,771cb5c0-63eb-11f0-828c-a760e56ecb36,예슬,51,1
9335,76d27640-63ff-11f0-877d-c952436514c7,황재이,51,1
9335,74bcf540-6366-11f0-97d7-efff12aed0ab,은라떼,51,1
9335,735a7c60-6224-11f0-abc2-914425398299,김밀크,51,1
9335,73346140-62e9-11f0-862d-ab549d322a06,와이리,51,1
9335,71224b00-6466-11f0-a19b-cd9bee505425,동윤성,51,1
9335,6fce1b80-69de-11f0-83c1-071402a58f9d,abab,51,1
9335,6f568ae0-6978-11f0-bd0c-c3e4cbda7988,황덕춘,51,1
9335,6f4e6e40-663b-11f0-8157-83c241bc6c35,리골,51,1
9335,6f061110-68a0-11f0-acf7-4f4db1b3dc93,저승이,51,1
9335,6eb0dec0-6256-11f0-909b-ed23a48ab1a8,캐나다,51,1
9335,6d30d9c0-655c-11f0-bcb8-43d28e4aad0d,머뭉이,51,1
9335,6c7624d0-6c79-11f0-92f8-0b0dfcc0c41e,떠돌이외톨이,51,1
9335,6c759dc0-6946-11f0-9867-bd921e23f0c2,혜선,51,1
9335,68f4ef60-644c-11f0-8944-5327091948db,케르,51,1
9335,6729bae0-6310-11f0-a4e8-37a0c8f9bd22,일공이,51,1
9335,65a49610-6403-11f0-bcbf-2b7f0b4e55b1,Labee,51,1
9335,6552b0f0-6581-11f0-9f25-1147ddd387e8,cocococo,51,1
9335,64641dd1-6bb9-11f0-948b-913c7c2d582b,주악구옥주희1,51,1
9335,64524070-654b-11f0-b2c1-8bbad5215734,김효원,51,1
9335,641c18a0-6303-11f0-a267-6f822e3259c1,그것,51,1
9335,63ddde40-6881-11f0-a557-63284acb0ec6,푸드득푸득,51,1
9335,6328ef90-6533-11f0-a7f2-95dc17e8a4b9,후류까,51,1
9335,60c0dd80-62f4-11f0-be58-8570b5052512,장준예,51,1
9335,60981820-645a-11f0-baaf-45c3a00048ee,komq,51,1
9335,60473a60-670a-11f0-a98d-f37da4145b2e,ZEKAKHAN,51,1
9335,5f0262e0-626b-11f0-ba61-57b32c8fdcaa,Daeso,51,1
9335,5eed1d70-675e-11f0-90a9-8122dc0c48db,아아아하,51,1
9335,5d49bc40-6622-11f0-96fa-990fd0c2f326,hwarang,51,1
9335,597057b0-6a09-11f0-9416-6d61d44d7bd3,플로리스,51,1
9335,594ee1f0-6b46-11f0-bfbf-11a1330b4a18,메롱빵,51,1
9335,57cfd8a0-69bd-11f0-8a6d-053337276a21,짱구도령,51,1
9335,57644170-61ad-11f0-aae0-812abd6d2db3,채둥이아빠,51,1
9335,57579e60-6249-11f0-8731-517e16b3676b,발칸신화,51,1
9335,55e80c80-6862-11f0-a2bd-a56b428bf25d,도키키,51,1
9335,522ee000-63cb-11f0-aab1-5f3bbe175c3e,선방,51,1
9335,51d90610-6c56-11f0-bdaa-ad27fd640cb0,휴식은좋아,51,1
9335,512b9a60-6487-11f0-a086-85e9f4d94fe9,ADA만원,51,1
9335,506e5510-6caf-11f0-80b2-df6a7b97e98b,민수뿌뿌뿌,51,1
9335,4fe03a30-647d-11f0-bd3a-59ec6d6002f0,마법사,51,1
9335,4dabe7d0-633a-11f0-ba6d-31d76c70e10b,삼육모유,51,1
9335,4d9b7480-6273-11f0-bcbb-714564b525f4,트러블라이언,51,1
9335,4d17e170-6538-11f0-8fcf-49b1bc77966f,반갑습니다,51,1
9335,4cfc4d10-631d-11f0-873a-61e5585b494a,찬표,51,1
9335,4c7401b0-6306-11f0-93c0-3fa3bb7fad1e,설린,51,1
9335,4bb50e70-6209-11f0-9b80-6dacbd1dec23,야무지,51,1
9335,4b66fe60-621d-11f0-a026-2b3e93922249,파우비셍,51,1
9335,4b5d91c0-6adf-11f0-adf1-352afe5db30b,베이,51,1
9335,49b3acc0-6aa7-11f0-97f1-7fc07927d956,qqz1,51,1
9335,4995f670-6463-11f0-b9a2-71a70b35ee88,스튜핏,51,1
9335,490075b0-62cd-11f0-a53e-f720860fcc8a,미스터블랙,51,1
9335,469ce8b0-63c9-11f0-8a6c-c348a09bcc5f,호두네,51,1
9335,4418aa90-6494-11f0-bbfe-0d14bcd852b5,로버,51,1
9335,42b634d0-641a-11f0-a3ab-515b7dbdbb4f,대청이,51,1
9335,405c7d20-6a4b-11f0-a1c0-f953ad2a988a,겨울이오면우리,51,1
9335,3f5382b0-6326-11f0-86ae-09614a5b454b,향이몬,51,1
9335,3edf0b20-6217-11f0-9813-b7579b20c221,나일세표류기,51,1
9335,3e9a03f0-6469-11f0-9e27-35530581f5ae,갱식,51,1
9335,3d80ac90-6599-11f0-adab-e3842e797e8d,알파고,51,1
9335,3d724b01-64a4-11f0-a845-496ab271568b,연산,51,1
9335,3d4a66f0-624f-11f0-92e7-a92a44042649,치유,51,1
9335,3c26db80-6913-11f0-93cb-1f634fd1ba09,폭풍조,51,1
9335,3a209b40-6752-11f0-a3b5-cb7d513a283d,디미,51,1
9335,3a140eb0-682f-11f0-bb71-090a139da64b,여너회,51,1
9335,39de3a00-6a92-11f0-b350-274e47244e62,송편,51,1
9335,3963c9c0-6577-11f0-94e1-9148d7950b64,gururu,51,1
9335,39360540-6251-11f0-9389-bdd3075e1ab8,노블소라,51,1
9335,38fc5ab0-664e-11f0-8bf6-afeec62e00c0,공택,51,1
9335,37a23fa0-6332-11f0-97d7-efff12aed0ab,조로리,51,1
9335,36db7b50-6d45-11f0-a5ac-25cfed422797,코리아se스머신,51,1
9335,36a576b0-624e-11f0-9389-bdd3075e1ab8,한민족,51,1
9335,36140380-656c-11f0-90e8-49468324a8de,묵호,51,1
9335,34ed7f10-6362-11f0-a70b-97528033efd5,사마상,51,1
9335,33751160-6219-11f0-bbfd-8564365ef7ff,살자,51,1
9335,334cd4f0-6824-11f0-82b6-93a73aef044c,범준이,51,1
9335,2e30b280-6d50-11f0-87e0-c7b4fc691f0d,오옹크,51,1
9335,2da752f0-62f7-11f0-af00-9b7f567d02d1,이명진,51,1
9335,2d62b070-6255-11f0-85ab-834eae295807,외쳐수찬갓,51,1
9335,2b6397b0-6afe-11f0-83c5-d75fc40b1c88,불곰곰,51,1
9335,28ea8ce0-6465-11f0-b9a2-71a70b35ee88,버닝스파이크,51,1
9335,2710eb00-62dd-11f0-8e55-53f16de9a7ce,야뮴,51,1
9335,25d55ef0-6568-11f0-844a-4f48097dc8d0,별푸딩,51,1
9335,25461820-6203-11f0-8879-5f895f1781fe,은빛쿠키,51,1
9335,24a92160-61ee-11f0-b3c7-a9c53be5027c,민서아빠,51,1
9335,24365b40-63c3-11f0-bb86-97bdb11e4eed,키몽,51,1
9335,240a97d0-6238-11f0-94a2-4175a47c52b5,에렌예거,51,1
9335,2293e2b0-6951-11f0-9052-8d763cf66f7f,또롱이,51,1
9335,22867990-696f-11f0-b3bb-576ef8de4698,이가놈,51,1
9335,224cb240-6b9b-11f0-9c95-f327c861b311,SquArc,51,1
9335,205d2b40-6abf-11f0-82da-c395ee7d49d8,서울나들목,51,1
9335,205c9380-6202-11f0-b6b8-890977889e3d,한양,51,1
9335,1f752600-69df-11f0-9416-6d61d44d7bd3,노히드,51,1
9335,1f4233d0-6629-11f0-ba0e-5d9d6daabc7d,귀향,51,1
9335,1d0d45b0-63a8-11f0-bf20-b3f2ea84f71a,효성대군,51,1
9335,1c2ea5a0-6973-11f0-b533-e5c77c7b5978,룽찌,51,1
9335,1b15b6b0-6d04-11f0-8662-b3a8d615c0d7,김두한오야붕,51,1
9335,1a986560-6b0c-11f0-bb12-2fec1548f0a3,낯룹,51,1
9335,1a8bdd50-6cf0-11f0-9556-4b4748d6ac26,하운,51,1
9335,1a52ae60-63fc-11f0-83ae-cb0d7c1d5c99,재미지,51,1
9335,1a41ab30-6a4e-11f0-a1c0-f953ad2a988a,여리여리,51,1
9335,19f047e0-63a0-11f0-b218-57e8388ada3f,쑥떡,51,1
9335,192bb4a0-637a-11f0-ab23-17e3cb110c7b,금쪽,51,1
9335,18c430c0-6cb0-11f0-80b2-df6a7b97e98b,요우,51,1
9335,17fadb00-62a4-11f0-bcbb-714564b525f4,메이플탑,51,1
9335,15dcb060-626c-11f0-9eb5-cf396344702c,정금례,51,1
9335,14e1e860-64ab-11f0-829b-d50781ca76af,ILunar,51,1
9335,12778160-62e5-11f0-8567-d9cb9900f794,뵤창,51,1
9335,1250aca0-649f-11f0-b5c8-a523170b964a,어쩌자거,51,1
9335,11fcb340-6c81-11f0-8805-b3f3a74e8613,김도화,51,1
9335,11886170-658d-11f0-abea-2d9e1aed9d17,제나헬론,51,1
9335,10b25910-63a6-11f0-9e98-299d606b6be2,jjgg,51,1
9335,0eff1510-63f9-11f0-8579-b75c8d5afd27,서산사람,51,1
9335,0ee16ed0-6d58-11f0-bba9-4df54fa4779e,미류,51,1
9335,0e711de0-6562-11f0-b5ae-9f72a71a5588,취미활동,51,1
9335,0c8bbec0-6433-11f0-93b5-9bbe54f3643d,훈잉,51,1
9335,0a063260-6ca4-11f0-8e36-7ff47c038c45,setele,51,1
9335,08c01e70-6c4f-11f0-a3ef-6d506d6cef1e,왕먕구,51,1
9335,086bfae0-64c3-11f0-9cbb-d577723cbc86,하요,51,1
9335,06cdd000-6d2e-11f0-b0d7-0b3415ac89fb,RATM,51,1
9335,06c8ba80-6468-11f0-baaf-45c3a00048ee,노꽁몬,51,1
9335,068ef290-6207-11f0-a22f-1fef89b9a0c3,의림지,51,1
9335,0644b820-6ae4-11f0-9ebc-25f4c2b0a5e6,uhs고,51,1
9335,05f51450-634b-11f0-ba6d-31d76c70e10b,동민이,51,1
9335,04efc8c0-6adf-11f0-b538-6192b34d2599,아돌프히틀러,51,1
9335,048ddf70-6a2b-11f0-9602-81ee37d26bd9,Aya,51,1
9335,0450c760-61d0-11f0-b0e7-d311b9898e1a,아조씨,51,1
9335,036b4140-6b03-11f0-a101-2f71d3d479db,임츈삼,51,1
9335,0250c650-624c-11f0-807b-b56290a6427d,goohi,51,1
9335,013f6ad0-69f6-11f0-9416-6d61d44d7bd3,비어호프,51,1
9634,ff04a890-624b-11f0-8731-517e16b3676b,풍실,50,1
9634,fd5ef280-6cf9-11f0-9b40-39de905d3348,00OO00,50,1
9634,fa86c240-6af6-11f0-92e1-394a8ca307ec,죠뮬,50,1
9634,f830a970-6d08-11f0-b0d7-0b3415ac89fb,포카칩어니언,50,1
9634,f263c3f0-6557-11f0-9fd2-7f97456546dc,루이14,50,1
9634,eefeb020-625b-11f0-aa52-cb1cb28881c2,구마,50,1
9634,edc45b70-6197-11f0-b120-17d204b331a9,최한영,50,1
9634,ea5539e0-639b-11f0-9e16-f1cd993522e6,매화검존청명,50,1
9634,e91a6230-6607-11f0-8cbe-319b644384b7,벅프리,50,1
9634,e6692d30-692e-11f0-bd01-4f9a91cb3d54,미니예예,50,1
9634,e42ef910-6888-11f0-a4cd-e56a279f8e4d,대머리칼잡이,50,1
9634,e1648650-67f7-11f0-966a-9ddfc9fc7a33,중랑구,50,1
9634,e001d870-641a-11f0-a3ab-515b7dbdbb4f,암질,50,1
9634,dad945f0-6a22-11f0-9adb-01ec0e539aaf,빛우리,50,1
9634,da8459e0-6c6c-11f0-b06f-1bb3858adc4b,휵휵,50,1
9634,d43ad310-6c4a-11f0-88f2-45e77a48e6d9,스트라이,50,1
9634,d2ec76b0-6ac1-11f0-9563-35208c1cb4b3,토끼전설,50,1
9634,d21fb460-662d-11f0-a577-296e38d25157,혜화,50,1
9634,c5e4b2b0-69d7-11f0-8369-f9ac348dc159,카페라떼,50,1
9634,c5928100-6948-11f0-a86f-edc238a237ca,박이슬,50,1
9634,c19e85d0-65ab-11f0-adab-e3842e797e8d,가인이,50,1
9634,bc9a96c0-63ba-11f0-a06c-a18ad4eb2f25,뿌리부터,50,1
9634,b86301c0-6b74-11f0-b12d-131ac73060ee,빈둥빈둥,50,1
9634,b2b1c940-6210-11f0-9b80-6dacbd1dec23,까망코,50,1
9634,ac532f50-65c9-11f0-bf97-2123285fe52f,SUNNYMOO,50,1
9634,ac22c0c0-6369-11f0-899c-ed58ed9d92cb,달자,50,1
9634,aa96ac50-6547-11f0-a2be-555c74fcc7f5,독재자이재명,50,1
9634,a5b9d950-620e-11f0-b6b8-890977889e3d,전선생,50,1
9634,a4f76e11-650b-11f0-ada0-5d42ab9007c0,하요오,50,1
9634,9f4f5840-63f5-11f0-9920-7b30884ce968,의이,50,1
9634,9cb49bb0-639e-11f0-8ad1-495afdf38cf0,마리스텔라,50,1
9634,9464a7c0-6222-11f0-abc2-914425398299,난세12,50,1
9634,88dc60d0-6a99-11f0-b350-274e47244e62,낫지,50,1
9634,7fa1e7d0-6b78-11f0-b12d-131ac73060ee,찬드래곤,50,1
9634,73aeb290-6b06-11f0-a101-2f71d3d479db,춘봉이,50,1
9634,6cbce280-64bd-11f0-bac8-c1efd8a8ec20,루인케이,50,1
9634,69004a30-6632-11f0-96fa-990fd0c2f326,잉여체,50,1
9634,6888e510-6526-11f0-966f-1d5d9125ca3d,품격입는곰,50,1
9634,662b0af0-6ae4-11f0-adf1-352afe5db30b,곰돌공주,50,1
9634,654a3b40-61f9-11f0-bec7-d3a6c7531650,강서임,50,1
9634,648b9bd0-648e-11f0-9e55-714c36f08739,스카이더샤인,50,1
9634,6370db90-6513-11f0-8799-a56030339d38,나펀,50,1
9634,589d6f50-630e-11f0-abe8-09c261bd0e21,과학기,50,1
9634,55cd4630-63fc-11f0-89c3-81bc4ed5aa4e,미고,50,1
9634,554ebea0-63c0-11f0-ab4c-1749d25baca6,정정박,50,1
9634,50afa5c0-6399-11f0-8ad1-495afdf38cf0,루크레온느루밋사,50,1
9634,49cfd6c0-6395-11f0-8ad1-495afdf38cf0,케데헌,50,1
9634,47f15dc0-631c-11f0-8d40-dfc9f921e722,이든이안,50,1
9634,3cb15cf0-639c-11f0-9b51-d36a85c863a7,아루아,50,1
9634,3b9eb390-621f-11f0-9b80-6dacbd1dec23,동서방불패,50,1
9634,3b5091e0-6825-11f0-82b6-93a73aef044c,재배노노,50,1
9634,395efc50-650a-11f0-b0f9-9b13bf283379,표류남,50,1
9634,351e5690-6203-11f0-a77a-69332516d48a,디어너,50,1
9634,2fad8c40-66b2-11f0-a9a7-23125e6c6cb5,서리요,50,1
9634,2f20ed50-6278-11f0-bcbb-714564b525f4,윤이꽃,50,1
9634,2c54ee10-6312-11f0-b218-43a24c54b5c1,마초맨,50,1
9634,25a73c20-62cd-11f0-a53e-f720860fcc8a,또리짱,50,1
9634,24f31b60-639e-11f0-9b51-d36a85c863a7,이황진이,50,1
9634,137a8a30-627c-11f0-9eb5-cf396344702c,가재맨,50,1
9634,0db73940-697f-11f0-86e2-d3a55f318685,Kail,50,1
9634,0d6afee0-656a-11f0-b9e8-39d173baf429,77rLr2l,50,1
9634,09fb2b70-63c8-11f0-bb86-97bdb11e4eed,웅영세난,50,1
9634,03a27f70-6b67-11f0-b12d-131ac73060ee,우주숭이,50,1
9634,02a88bd0-6263-11f0-bcbb-714564b525f4,najafsh,50,1
9634,01e08d90-6337-11f0-ba6d-31d76c70e10b,데브레첸,50,1
9699,fa0d53a0-643f-11f0-be67-d7b3a1bf7c9b,잠수,49,1
9699,f3071db0-6869-11f0-8365-2558ca1ada4d,초대천마,49,1
9699,e7bfb8f0-618d-11f0-9869-c1c5ed7630de,믈보눙,49,1
9699,e7470890-6324-11f0-9d30-a1884d59ed55,무준,49,1
9699,dc361710-6230-11f0-b293-3b55fd722626,navy,49,1
9699,d3a6d980-63d0-11f0-8ce7-05e1fc9cefd2,소주파,49,1
9699,cffdb9a0-630a-11f0-a53e-f720860fcc8a,거절,49,1
9699,cec79d51-64fc-11f0-b0f9-9b13bf283379,Y1hyun,49,1
9699,c85315b0-694a-11f0-8de9-07aeffed770b,얌반,49,1
9699,c55d3fb0-6815-11f0-82b6-93a73aef044c,youta,49,1
9699,c21960d0-645b-11f0-934d-3b333a678e8e,쿠로츠키,49,1
9699,c0161240-6836-11f0-8349-bdc8a6bf6522,소울제,49,1
9699,be661c90-6c4d-11f0-bdaa-ad27fd640cb0,은거기인,49,1
9699,b563aa61-6232-11f0-b669-bf2d1b52708a,오린데,49,1
9699,add24250-6365-11f0-899c-ed58ed9d92cb,덕봉,49,1
9699,accf17f0-673b-11f0-b696-57f6be140e14,서공주,49,1
9699,aa4eef20-6a90-11f0-97df-4b76eb1e1edb,태바,49,1
9699,a722f000-6d63-11f0-8ace-c9e44639a5b1,가아라,49,1
9699,9ef413c0-6a96-11f0-97df-4b76eb1e1edb,능구리,49,1
9699,881f0620-64b8-11f0-8112-e9bf866e152e,쿵짝,49,1
9699,8303d690-636c-11f0-899c-ed58ed9d92cb,은호냥이,49,1
9699,7c49dba0-6403-11f0-83ae-cb0d7c1d5c99,구슬린용,49,1
9699,7c38d870-6302-11f0-a53e-f720860fcc8a,김성현,49,1
9699,75439710-643a-11f0-a580-6783cb326665,한조선볼,49,1
9699,6f086f40-6243-11f0-9b9e-13c7a7dd6c88,여비이니라,49,1
9699,6cc85760-64c1-11f0-bfcf-1fdb18c8f989,zzforcee,49,1
9699,6115e3c0-6493-11f0-a863-c5c12b567008,이무기1호,49,1
9699,59b972e0-645c-11f0-9cd9-4f3d9a0f948e,석민이존잘,49,1
9699,58252a30-644f-11f0-bfa2-af41fddaac3d,피를로,49,1
9699,477f8040-66d9-11f0-abbe-1b148ce1c918,표린이,49,1
9699,4464ea30-6a44-11f0-b7a5-333dfc345c53,배수연,49,1
9699,3eb89430-6213-11f0-abc2-914425398299,보거,49,1
9699,37e27980-63cd-11f0-aab1-5f3bbe175c3e,인빡이,49,1
9699,36838b50-6405-11f0-83ae-cb0d7c1d5c99,그린큐,49,1
9699,31bb74a0-6344-11f0-9eba-319c3c5b72eb,제주도,49,1
9699,2c9679c0-63a8-11f0-9e98-299d606b6be2,ELLIS,49,1
9699,2b931980-6ab9-11f0-97f1-7fc07927d956,혼이,49,1
9699,248b8540-6957-11f0-8a8c-e705cbe6ed4d,성훈윤,49,1
9699,20af6da0-64a3-11f0-9c5a-4d7fccdae4d8,조율,49,1
9699,2035c8a1-6265-11f0-807b-b56290a6427d,전지적시청자,49,1
9699,1b65f9c0-65d6-11f0-8359-1f089a4dbded,적란운,49,1
9699,111d03b0-6936-11f0-8a8c-e705cbe6ed4d,노재,49,1
9699,10cd4080-6519-11f0-b0f9-9b13bf283379,하피,49,1
9699,101d4390-642b-11f0-a684-2b9cd36018bc,vess,49,1
9699,0f4531b0-63ec-11f0-8ce7-05e1fc9cefd2,문비,49,1
9699,0c84fca0-6944-11f0-8de9-07aeffed770b,uni,49,1
9699,06725480-62a4-11f0-9c35-45ef6a487d5b,헤뇽,49,1
9746,ff510390-64ab-11f0-b557-b9d4a65b18c9,동감,48,1
9746,ff2c42e0-624d-11f0-92e7-a92a44042649,콘티,48,1
9746,fe0cd110-6c7d-11f0-b06f-1bb3858adc4b,상연이오,48,1
9746,fa8de530-6677-11f0-8b65-97eb249c79b0,한포스,48,1
9746,f845ecc0-6260-11f0-9eb5-cf396344702c,박냥냥,48,1
9746,f6a03970-63c8-11f0-8a6c-c348a09bcc5f,벤지,48,1
9746,f557da90-65ef-11f0-ad59-4bc393021a26,Aimar,48,1
9746,f518c810-6526-11f0-a092-cfb4e8946e57,알리오,48,1
9746,f0f46880-63c2-11f0-ad70-4dff5b82908c,김흉갑,48,1
9746,f0cda3a0-63e3-11f0-89b8-61a649941dd1,왕비,48,1
9746,ee1509a0-655f-11f0-83d0-9b3d85ec502b,빤도,48,1
9746,eb7dcfd0-63a5-11f0-bf20-b3f2ea84f71a,노웅지,48,1
9746,e4558650-6637-11f0-9293-2f108164e9cc,아는형아,48,1
9746,e36c53a0-6b6d-11f0-ab91-25a9c398f8e5,해안길,48,1
9746,dc5be520-630d-11f0-a53e-f720860fcc8a,박서방,48,1
9746,d46329b0-67b7-11f0-b838-a13e550fe824,김병연,48,1
9746,d1cc33c0-670a-11f0-a9b2-3b41dc07e4ea,zrmo,48,1
9746,cee5d0a0-6d34-11f0-812a-d364660ceebf,차매,48,1
9746,cedcbbc0-6b7a-11f0-91ca-cf5b24805095,뿌시래기,48,1
9746,ce8c7c90-62ed-11f0-a53e-f720860fcc8a,매력영영,48,1
9746,ce1077b0-634e-11f0-a70b-97528033efd5,아나콘다1,48,1
9746,ca768930-669d-11f0-a8c0-a96b3c973cc3,씁쓸한커피,48,1
9746,ca0ef150-695c-11f0-887b-73f0ee57cca3,리무별,48,1
9746,c9dc7b50-62e8-11f0-bae8-c7f7552357d8,곰탱이당,48,1
9746,c907ac70-65d8-11f0-8c2b-333548211d3e,초시기,48,1
9746,c712d440-64ba-11f0-bac8-c1efd8a8ec20,천하얀,48,1
9746,c490e2d0-6603-11f0-9582-8f4f9f5b46ce,kadeye,48,1
9746,be0a2c00-62ac-11f0-bcbb-714564b525f4,가거라,48,1
9746,b930d1d0-6c60-11f0-b8e2-a331d9e3a322,jesse,48,1
9746,b81a5730-671a-11f0-a9b2-3b41dc07e4ea,기동,48,1
9746,b6248600-6209-11f0-b6b8-890977889e3d,좌수영이순신,48,1
9746,afafe270-61e5-11f0-94d1-0d70694c9e17,쿠키구워요,48,1
9746,afa512c0-64b3-11f0-baba-bb5139c43e0b,상댕빵댕,48,1
9746,aa6e7cf0-62ac-11f0-b038-1df969c0d9a5,깡통커피,48,1
9746,a86009a0-63fc-11f0-83ae-cb0d7c1d5c99,류서하,48,1
9746,a43fcb70-6b2d-11f0-8f14-2f5913224acc,흉호,48,1
9746,a233ed30-67bc-11f0-b3ab-1bbb8e433c63,신긔방긔,48,1
9746,a14dc040-64b9-11f0-b5c8-a523170b964a,부르르르,48,1
9746,a02e82f0-6b6f-11f0-b12d-131ac73060ee,기봉이머리,48,1
9746,954e2bd0-6861-11f0-9791-b9bcb3a2d4df,지헷,48,1
9746,8eb63140-63e9-11f0-ad08-e5b877b85855,무투,48,1
9746,88ec1920-6252-11f0-ba61-57b32c8fdcaa,솔즈,48,1
9746,87dfd800-62fc-11f0-83c3-59e47761ce71,밈미,48,1
9746,838a8300-65ee-11f0-ad59-4bc393021a26,홈런왕오그레디,48,1
9746,8054fc10-63e1-11f0-89b8-61a649941dd1,거대메테오,48,1
9746,7a9c81f0-63d0-11f0-aab1-5f3bbe175c3e,강자남,48,1
9746,79dad6c0-62ab-11f0-a53e-f720860fcc8a,휘오오,48,1
9746,795193e0-698d-11f0-ae0d-6f90dae175ae,성공한흑기사,48,1
9746,706ef1d0-694e-11f0-b19e-355255fa5539,노씨,48,1
9746,6fb53580-656e-11f0-9e57-bf5444bb216e,대한역사,48,1
9746,6d523710-6a83-11f0-b350-274e47244e62,도라니라구요,48,1
9746,6cbd0dd0-63f2-11f0-931c-5f0600bc75da,드럼통표류기,48,1
9746,6c0aea50-66af-11f0-bead-d54787f6b724,가나다아니,48,1
9746,69fe90e0-6862-11f0-9791-b9bcb3a2d4df,꾸룰루룹,48,1
9746,66b74c70-6c44-11f0-bc19-b33bd18d191e,융또,48,1
9746,5e2d6dd0-6467-11f0-baaf-45c3a00048ee,츈식이,48,1
9746,59ac10c0-642d-11f0-a32a-275e44bdd750,조똘이,48,1
9746,58fc3c50-652b-11f0-8799-a56030339d38,정왕,48,1
9746,53023050-64a1-11f0-ac20-8734dac19833,이즈밍,48,1
9746,519c4e90-652c-11f0-8799-a56030339d38,오선,48,1
9746,502e7ac0-638c-11f0-8ad1-495afdf38cf0,내사랑춘식이,48,1
9746,4e50ca20-6489-11f0-bbfe-0d14bcd852b5,달콤한우,48,1
9746,4b64f7d0-66d9-11f0-a818-154c93ec6594,티끌,48,1
9746,46a31db0-63de-11f0-981c-6918ebc09e55,짱긍정,48,1
9746,44f70f80-654b-11f0-a2be-555c74fcc7f5,쀼쀼뺘뺘,48,1
9746,438a47e0-6481-11f0-a086-85e9f4d94fe9,아비요,48,1
9746,425c17e1-6ab2-11f0-9a7f-e32704d17198,호오이잉,48,1
9746,41e0a071-648a-11f0-a086-85e9f4d94fe9,ID확인,48,1
9746,39b27c80-6718-11f0-b7af-eb434023a3d9,기동이,48,1
9746,37d5ea70-6ae0-11f0-81c8-df68c1af4b53,대박사건0987,48,1
9746,35ab90e0-624f-11f0-92e7-a92a44042649,루루이,48,1
9746,34c61c30-62fa-11f0-aafb-6f8fc69735d7,석가모니2,48,1
9746,33a73a20-6528-11f0-85dd-2db918fca576,양심즈,48,1
9746,31ab2c00-6207-11f0-b6b8-890977889e3d,나요,48,1
9746,295572c0-6baf-11f0-a51b-7569b844c4d8,진혼k,48,1
9746,26f40d90-6d38-11f0-b976-671badd129d8,구데기,48,1
9746,21f00d00-6acf-11f0-a5d2-4bd7192c2f94,요히짱,48,1
9746,2087d940-62b2-11f0-9e89-03a9e7d79cac,샤릴,48,1
9746,1fda5670-64bb-11f0-8340-854878e1c5cf,가을망고,48,1
9746,1dd5daf0-63aa-11f0-ba7f-eb17ba4e37cd,정덕배,48,1
9746,1d76d9a0-62bb-11f0-b78d-9fbbdf7f23fb,고구아,48,1
9746,1baa3390-6245-11f0-86ad-5de35a576cc5,쿡울프,48,1
9746,1abee820-6314-11f0-9d30-a1884d59ed55,리니지,48,1
9746,1a819e80-63b8-11f0-aab1-5f3bbe175c3e,QDdFS,48,1
9746,1687b1f0-6423-11f0-bcbf-2b7f0b4e55b1,쿠쿠라,48,1
9746,16293160-6a7d-11f0-aa6e-41c5597ab061,제천대성Z,48,1
9746,11164a50-69a1-11f0-86e2-d3a55f318685,봉프힐,48,1
9746,0bbaf080-644f-11f0-8576-d1882b0c15d3,누디,48,1
9746,06f96a50-6d22-11f0-84eb-eba0502a50b4,배찌,48,1
9746,05be3b10-6b89-11f0-b285-19da1ba45490,광란,48,1
9746,05303250-637a-11f0-9eda-a741004f5288,지오랜드,48,1
9746,050858a0-6ac5-11f0-b787-3fd5c6c3156d,징가,48,1
9746,03989b30-6af5-11f0-a101-2f71d3d479db,아쪼,48,1
9746,0278be50-6489-11f0-bbfe-0d14bcd852b5,죠스,48,1
9840,fb1e70e0-624f-11f0-807b-b56290a6427d,니어엄마,47,1
9840,fa183260-675b-11f0-9ee8-11faeeaf74d3,양조간장,47,1
9840,f9d23670-6760-11f0-be24-418e8460eee5,키카칵,47,1
9840,f7f1c190-62c9-11f0-b78d-9fbbdf7f23fb,각키,47,1
9840,f7dd21b0-65f6-11f0-98c2-7baa144ccf50,규봉,47,1
9840,f6e49750-62c9-11f0-a89f-3182c3b8adb5,홍연,47,1
9840,f58780d0-6615-11f0-8af8-af83b80f6378,반악,47,1
9840,f47a6c30-64d9-11f0-89c4-91955faa19a3,정뿡,47,1
9840,f0dd1c50-6adb-11f0-9ebc-25f4c2b0a5e6,김민철,47,1
9840,eeb9fc20-63b2-11f0-a110-bf1368febfaf,개주아,47,1
9840,eb3412e0-65e5-11f0-a6f7-8bc0c0cde148,국혼,47,1
9840,e9c5f660-6ae7-11f0-b19c-67c669359d64,돼지절임,47,1
9840,e90b2370-6237-11f0-a73e-efd8221a47bb,엔트조,47,1
9840,e87cc820-6492-11f0-bbfe-0d14bcd852b5,chick,47,1
9840,e6af66f0-63e9-11f0-9996-537761cc5624,이닌자씨,47,1
9840,e6316780-6d64-11f0-b108-617a49475f1e,장오,47,1
9840,e5a19900-64b0-11f0-a114-45daeb868052,설화경,47,1
9840,e4533810-6555-11f0-aed2-e9684f688284,담요,47,1
9840,e1d49fa0-63f9-11f0-89c3-81bc4ed5aa4e,한로로,47,1
9840,de19faa0-6493-11f0-aedf-55b71a55f5ce,아비드,47,1
9840,dda8fe60-62e8-11f0-971e-0d9306189309,짱다,47,1
9840,dd7b9451-6c81-11f0-8acb-a35784198e45,췌미니,47,1
9840,dac3ff10-6847-11f0-93fd-fb38156acf32,je화정18,47,1
9840,d53413c0-63d1-11f0-bb86-97bdb11e4eed,달빛산책,47,1
9840,d10b8300-6953-11f0-9f3a-d936e3ed6e3a,o주작o,47,1
9840,d08842a0-6779-11f0-ab88-a5c9739f629f,ishxis,47,1
9840,ce666e40-656f-11f0-94e1-9148d7950b64,옆집곰,47,1
9840,cb064070-6729-11f0-a764-331beb7dec8b,있쪄,47,1
9840,c55da590-653b-11f0-a7a2-1dbf387388d6,수리온,47,1
9840,c21f52e0-6b6f-11f0-b0f4-71e558902549,배고픈한량,47,1
9840,c192e310-688a-11f0-94ab-6f650ffc2d4c,태리요,47,1
9840,bd989a50-6300-11f0-83c3-59e47761ce71,방울뱀,47,1
9840,b4299320-6cfb-11f0-9497-07950a6b2df0,옹정,47,1
9840,ae8cc6d0-6625-11f0-96fa-990fd0c2f326,낙윤,47,1
9840,adb990e0-695d-11f0-9f3a-d936e3ed6e3a,xdrd,47,1
9840,abc7ad90-641b-11f0-bcbf-2b7f0b4e55b1,JIMINI,47,1
9840,a8faa5e0-6452-11f0-8944-5327091948db,3333qwer,47,1
9840,a75fba50-64f1-11f0-920f-d9bd8a2a820c,델리,47,1
9840,a6e63fd0-6489-11f0-9155-fd42f9440840,딸기임,47,1
9840,9eab4940-6bba-11f0-b8cd-41a3c22adc5d,소망이,47,1
9840,9cc4b000-687a-11f0-bd58-2f67e4fbdbbe,검월n,47,1
9840,9c81c5c0-6568-11f0-9b02-9934e4aaee80,권성동,47,1
9840,9c815760-6285-11f0-bcbb-714564b525f4,뒷골목선수,47,1
9840,98d44e10-662c-11f0-96fa-990fd0c2f326,지지마스터,47,1
9840,966e9f20-62ff-11f0-b7c2-5907d7ac5d60,대머리숱,47,1
9840,9585a080-62c4-11f0-a89f-3182c3b8adb5,잠오니,47,1
9840,92c288b0-629f-11f0-9c35-45ef6a487d5b,bbq,47,1
9840,91e0d7a0-6315-11f0-a67a-173fdcafaabc,beom,47,1
9840,90dc19e0-646a-11f0-9969-437e63fe5696,대박1005,47,1
9840,8f36f460-6204-11f0-8954-d1ddcca9d272,sohoo,47,1
9840,8e493880-6342-11f0-899c-ed58ed9d92cb,새벽달빛,47,1
9840,81c3ca70-64f6-11f0-89c4-91955faa19a3,광주토박이,47,1
9840,7f581fd0-67a2-11f0-8dd8-8d061ed0db8c,아핫,47,1
9840,7da9f020-66dd-11f0-bbfc-a56011b32b9c,서희장군,47,1
9840,78e708b0-622e-11f0-b124-17ce52befe77,타다타,47,1
9840,7752b500-69ed-11f0-9ccf-efc03aeeda2b,jfde468,47,1
9840,754bbc10-6769-11f0-afb1-9943a4ca83cf,Zz자고싶다zZ,47,1
9840,75423d30-6a3d-11f0-8010-915371c938f2,배코,47,1
9840,71caca40-6aac-11f0-a3f5-b7808f7fb4b1,올골이,47,1
9840,717b0ec0-6c7c-11f0-8805-b3f3a74e8613,퐁퐁이,47,1
9840,701e09c0-68ed-11f0-acc6-9fa957ae20ea,홍유겸,47,1
9840,6dc70a40-64e3-11f0-8ef3-8dde64b39158,다연,47,1
9840,68356c70-633a-11f0-97d7-efff12aed0ab,앙스,47,1
9840,681cd3d0-6318-11f0-b4ac-230641ea7477,솜쨩,47,1
9840,67399890-6d04-11f0-8662-b3a8d615c0d7,판타지보이,47,1
9840,66aae150-63e9-11f0-ad08-e5b877b85855,미리,47,1
9840,665078b0-650f-11f0-8350-2bfe2b1cf2f9,태민,47,1
9840,60ebcab0-648c-11f0-a086-85e9f4d94fe9,하루코코,47,1
9840,5f47c250-6576-11f0-a977-21ea2091af0c,오아,47,1
9840,5b3e7900-6aae-11f0-aa73-c544fd48d310,토표,47,1
9840,59d402e0-62b3-11f0-b78d-9fbbdf7f23fb,문한결,47,1
9840,5929ef40-6b0e-11f0-bb12-2fec1548f0a3,소금창고,47,1
9840,588327e0-6961-11f0-9f3a-d936e3ed6e3a,우기양양,47,1
9840,578cde70-6b79-11f0-b12d-131ac73060ee,오창물주먹,47,1
9840,53d5fe80-68e8-11f0-8188-61fc44a09398,해치지않아,47,1
9840,5328da90-6ad5-11f0-a5d2-4bd7192c2f94,이씨문,47,1
9840,4c7303f0-6ae0-11f0-887f-c18cdf79257d,백푸욜,47,1
9840,4bf70f20-64eb-11f0-998d-6361b2224259,소라콩을위해,47,1
9840,4b362c60-6207-11f0-abc2-914425398299,디오고딱조타,47,1
9840,4a4e45c0-646a-11f0-82c1-d1354574f8a3,우로보로스,47,1
9840,46a53180-62d6-11f0-a655-3f20d48333c3,태호,47,1
9840,45ec6b40-6999-11f0-a6d0-d7dbeaf9d9e0,닉네머,47,1
9840,441c5d40-6456-11f0-8df0-a9be6ca1bee2,서서서,47,1
9840,41d39aa0-63e6-11f0-849d-3b3a1fc71a59,오필승코리아,47,1
9840,41478030-6c4a-11f0-a3ef-6d506d6cef1e,돼지대왕,47,1
9840,40a80bb0-64d2-11f0-8ef3-8dde64b39158,붉은,47,1
9840,3cb29780-62c2-11f0-839f-d97137a128f6,블리츠크랭크,47,1
9840,3c1cb000-6c4d-11f0-802b-15be0af62600,천류연,47,1
9840,37f64700-695c-11f0-9c6c-658573885763,bbin1114,47,1
9840,3430baf0-6895-11f0-b93a-9f2c5c09af4b,절대검신와이,47,1
9840,3168b720-6b4f-11f0-ae55-7d4f8e239d4a,쭌럭키,47,1
9840,2b298dd0-6aaf-11f0-97f1-7fc07927d956,광화문,47,1
9840,253deba0-6c94-11f0-8e36-7ff47c038c45,kyiu,47,1
9840,23049f60-6d42-11f0-9497-07950a6b2df0,빵글뿅뿅,47,1
9840,20b76d20-6d18-11f0-84eb-eba0502a50b4,버터링,47,1
9840,2032e710-6ba8-11f0-a8af-f73a307a4a56,앙드레,47,1
9840,1f24b690-6190-11f0-9d20-3f0014d1ff67,빅라거,47,1
9840,1c02e3e0-6453-11f0-b822-39b72d0fce03,쯔아식,47,1
9840,15a4a4d0-633a-11f0-97d7-efff12aed0ab,80423,47,1
9840,15391c60-6759-11f0-a25c-47a5a693b30a,SamPa,47,1
9840,14a2b4c0-66d5-11f0-a45a-8fae72bafa7b,흑호o,47,1
9840,10db2ac0-67ac-11f0-aed9-e7219e4530ad,라뷰,47,1
9840,0ffb21c0-63cc-11f0-a9da-8b915b889dd4,허세남자,47,1
9840,0e5e9a60-652d-11f0-a2f9-538e8d8649bf,태양을지우다,47,1
9840,0dff0c00-68a0-11f0-82e4-599e9347d376,도래빗,47,1
9840,073cf9c0-6460-11f0-934d-3b333a678e8e,파파고,47,1
9840,028df110-63e6-11f0-8ce7-05e1fc9cefd2,망한백종원,47,1
9947,ffd008e0-64fe-11f0-998d-6361b2224259,뚱현,46,1
9947,ff4282b0-63fd-11f0-a3ab-515b7dbdbb4f,hddd,46,1
9947,fe7da250-6b1f-11f0-b431-c1779ea5d7f1,오뚜뚜,46,1
9947,fe44f4f0-6462-11f0-934d-3b333a678e8e,맘마몽,46,1
9947,fd5ada50-6426-11f0-a3ab-515b7dbdbb4f,우레아,46,1
9947,fc1aab80-683f-11f0-9187-bfb76cd46158,포류검사,46,1
9947,fb589960-65e1-11f0-8afb-9767d055c78a,쭈야zz,46,1
9947,fb0a7ba0-652c-11f0-b600-494f6532820c,mirel,46,1
9947,fa458440-6387-11f0-8f97-2d546a0fbaf9,지스타,46,1
9947,f7378d00-64b0-11f0-85a0-ab4697b4b678,xrpl,46,1
9947,f6926fb0-6379-11f0-adf7-d1fabe44ecce,사무리츠,46,1
9947,f4d034d0-6aa1-11f0-838f-b5e04209789d,철원오대쌀,46,1
9947,f38b6d30-694b-11f0-a881-4b7ee2ee7638,천은,46,1
9947,f31f73d0-67bd-11f0-ac79-bd0f37322c34,응기,46,1
9947,f21bd1d0-6c23-11f0-aed5-0bf4d0a3552b,알바,46,1
9947,f18a3450-6b1f-11f0-b8ff-3344b109df80,오징어당꽁,46,1
9947,f114d460-6518-11f0-8350-2bfe2b1cf2f9,찐빵강아지,46,1
9947,f0f75c50-6a31-11f0-832c-41d8f34383ab,란댜,46,1
9947,ee0dd8a0-63e9-11f0-85fd-3f215f6f93fc,꼼지락꼼지락,46,1
9947,ed79a1f0-695a-11f0-a1f0-37d091d614b1,김건달,46,1
9947,ea8afa70-687e-11f0-bda0-817eefe85bbf,부구시프34,46,1
9947,ea337400-627d-11f0-b831-2509b113c5f4,은꽁이,46,1
9947,e78b3140-6447-11f0-9230-ab77de340b9d,난기난,46,1
9947,e766b6b0-64b2-11f0-8446-43910c46e338,육백언,46,1
9947,dfd1bd90-6463-11f0-a72c-e970bf999ff4,사고뭉취,46,1
9947,dde2c670-63c1-11f0-a06c-a18ad4eb2f25,102,46,1
9947,dcfada30-643f-11f0-a17e-b17c10bc01ed,슴슴이,46,1
9947,dc83c0b0-6487-11f0-9155-fd42f9440840,천쓰,46,1
9947,db685610-624c-11f0-a510-196fe281bbd0,면목동,46,1
9947,d7b1fd50-63d7-11f0-9a87-810a40a679fa,우쭈라구,46,1
9947,d67b5560-6253-11f0-8141-45676e6e5d83,압도적인힘,46,1
9947,d628fbb0-6acf-11f0-a5d2-4bd7192c2f94,knights,46,1
9947,d503ee80-66af-11f0-bbca-cb910a6526e3,규니7859,46,1
9947,d02452a0-6d09-11f0-8662-b3a8d615c0d7,쿨라,46,1
9947,cfd93010-68fc-11f0-9ea8-7f24d442c159,김민겸,46,1
9947,cfcc1150-6636-11f0-b390-df77dfcfb7b2,백해,46,1
9947,cd6dde30-6ae5-11f0-b538-6192b34d2599,두과자,46,1
9947,cbc082a0-645e-11f0-baaf-45c3a00048ee,hd현대,46,1
9947,cb02bd30-6277-11f0-b63f-7755b72aa50f,베가2세,46,1
9947,c9778590-6475-11f0-9e27-35530581f5ae,두산7,46,1
9947,c6aec420-6850-11f0-9a92-175f0d2b5caf,내캉,46,1
9947,c69dc830-63f2-11f0-89c3-81bc4ed5aa4e,아우토반워니,46,1
9947,c5eb9f00-631d-11f0-8900-17942e280829,교관,46,1
9947,c4aab3a0-6517-11f0-a092-cfb4e8946e57,dios,46,1
9947,c4a08610-692b-11f0-847d-739109080a96,saat,46,1
9947,c3ba2db0-687b-11f0-a557-63284acb0ec6,아어에,46,1
9947,c2e00a20-62c4-11f0-bde3-d924e312d41f,은시아,46,1
9947,c157d4f0-67d1-11f0-9a8a-bd13830ecd07,파르나스,46,1
9947,c0dbb8a0-6256-11f0-8579-614d18265713,냐냐,46,1
9947,bce072f0-6205-11f0-a22f-1fef89b9a0c3,기뉴,46,1
9947,bc3d2490-6af9-11f0-9518-2ff3ad371751,이상금,46,1
9947,bb0ee1e0-61f2-11f0-9e54-f5b20913bba4,슬e,46,1
9947,ba3b8c30-6d3e-11f0-a693-ff327945c3a4,sicko,46,1
9947,b946f460-662a-11f0-ac19-9bda31ac5e16,찰싹찰싹열매,46,1
9947,b69e7580-64bd-11f0-bac8-c1efd8a8ec20,밴토볼,46,1
9947,b58c5150-6c54-11f0-bdaa-ad27fd640cb0,유원지스신,46,1
9947,b49cdf41-6a46-11f0-8acc-fb286914151f,타췌리안,46,1
9947,b4751d70-6abe-11f0-aa73-c544fd48d310,칠원제씨,46,1
9947,b0e07330-6456-11f0-8df0-a9be6ca1bee2,요삐,46,1
9947,b05e4af0-6874-11f0-bd58-2f67e4fbdbbe,wisdom,46,1
9947,af9f6ab0-6435-11f0-93a4-af3680a69719,다부질없어,46,1
9947,adbac660-649c-11f0-b5c8-a523170b964a,제기,46,1
9947,ad86efb0-622c-11f0-aa91-9b126fa90fce,팡팡,46,1
9947,abcc4b10-65d4-11f0-a55a-ff95efeb91cb,크아랑,46,1
9947,a923bc10-642e-11f0-b895-d750b0653929,배토남,46,1
9947,a7a20b00-66d4-11f0-a818-154c93ec6594,표류one1,46,1
9947,a6dd1f80-63c2-11f0-aab1-5f3bbe175c3e,유비귀,46,1
9947,a60bebc0-6491-11f0-a863-c5c12b567008,온정,46,1
9947,a59650f0-61fc-11f0-83e5-156a2fc6f757,신봉사,46,1
9947,a4a62a80-6c42-11f0-b37e-a3b29bc4a2eb,복동,46,1
9947,a3bf2e70-6c59-11f0-ba2c-4f8d906a7937,일필휘지,46,1
9947,a32ab6a0-6506-11f0-b0f9-9b13bf283379,카피카카피,46,1
9947,9f648d30-6d25-11f0-9497-07950a6b2df0,여주쌀국수,46,1
9947,9f43e2e0-62be-11f0-b78d-9fbbdf7f23fb,장씨위국기,46,1
9947,9d605110-6c1a-11f0-948b-913c7c2d582b,이지란,46,1
9947,9d16f0a0-6928-11f0-ae8c-db603dd8bb9d,돌문어,46,1
9947,9c32bc90-6311-11f0-8d40-dfc9f921e722,쁘띠앙제,46,1
9947,9bdd54d0-694c-11f0-acd0-5d4a57519bb4,솟울,46,1
9947,9a9f7e00-6243-11f0-a33f-f73020b95b05,레오펠,46,1
9947,9a632ce0-6a89-11f0-9b9a-dfc16842ed10,야도리,46,1
9947,98541530-63f5-11f0-9f61-e14d99ccbb10,민짜이,46,1
9947,97ec0c30-6d17-11f0-a693-ff327945c3a4,모딘,46,1
9947,9676b710-69f2-11f0-9adb-01ec0e539aaf,권도사,46,1
9947,9392d950-6d19-11f0-b976-671badd129d8,금와,46,1
9947,92fc8540-69c2-11f0-a6d0-d7dbeaf9d9e0,온연,46,1
9947,92cb9bc0-6be7-11f0-838a-65631bb6e91b,켄케루,46,1
9947,9266fe00-64ca-11f0-998d-6361b2224259,전교주,46,1
9947,922f7ee0-6b4f-11f0-ae73-05bfb7681d37,부주두구수,46,1
9947,91b12140-6798-11f0-8310-8370146853a0,앗흥,46,1
9947,9076e320-63e0-11f0-80fd-8dc2ba771ecd,고미o,46,1
9947,9051cca0-67ca-11f0-ac79-bd0f37322c34,세이하라,46,1
9947,8e76b790-6768-11f0-9e96-ff12b3c8d1f9,쿼카지롱,46,1
9947,8da3bb80-6257-11f0-ba61-57b32c8fdcaa,공사이의,46,1
9947,8d9a8cd0-66c2-11f0-8fbf-0fdd93624d2c,킹수호,46,1
9947,8cff0010-6d18-11f0-812a-d364660ceebf,리하르,46,1
9947,8a15ed00-68fe-11f0-9ae7-91cf7169e2c4,도토리묵맨,46,1
9947,87f2b7f0-6887-11f0-a557-63284acb0ec6,NOROO,46,1
9947,87611760-6ad9-11f0-b538-6192b34d2599,랑빈,46,1
9947,87067e70-6a90-11f0-a3f5-b7808f7fb4b1,아어쩌라구,46,1
9947,86ee0910-6abf-11f0-82da-c395ee7d49d8,kalicend,46,1
9947,86955930-6d19-11f0-a693-ff327945c3a4,시끄럿,46,1
9947,861f2a20-67bb-11f0-a5ca-8d77d40408a1,체우,46,1
9947,861dd480-6811-11f0-966a-9ddfc9fc7a33,슬탁,46,1
9947,85a45af1-6ad3-11f0-adf1-352afe5db30b,독왕뿡뿡이,46,1
9947,8439aad0-67c7-11f0-ad06-bdc4c662d62f,떼르미떼,46,1
9947,83ef2fe0-65fc-11f0-bbf5-0d033e32387c,꺼뮤,46,1
9947,82779180-642f-11f0-b895-d750b0653929,시새발끼,46,1
9947,81617931-6314-11f0-9d30-a1884d59ed55,santa,46,1
9947,7f101c90-620b-11f0-a22f-1fef89b9a0c3,철인,46,1
9947,7df13890-65fc-11f0-8afb-9767d055c78a,sy표류,46,1
9947,7cd84410-6202-11f0-95cc-ad38c6ec1feb,한웅,46,1
9947,7c986460-6290-11f0-b63f-7755b72aa50f,챠우,46,1
9947,7c01a910-6445-11f0-b0d3-514122d47fb8,cools,46,1
9947,7abb9130-683a-11f0-a307-57a9532db1b8,최윤덕,46,1
9947,7858d2f0-6361-11f0-9eba-319c3c5b72eb,wundow,46,1
9947,77a1f030-6a1e-11f0-9adb-01ec0e539aaf,우뢰,46,1
9947,731fbba0-682a-11f0-bb71-090a139da64b,ggoo,46,1
9947,6c436940-63ab-11f0-bf20-b3f2ea84f71a,주니파파,46,1
9947,6bd87130-6937-11f0-98af-bff80b0492c0,이도르,46,1
9947,6afd7f20-6645-11f0-9839-3f7f2bd4506a,302,46,1
9947,68c31380-61e7-11f0-9346-a503da0bb554,리바이,46,1
9947,654a8240-663f-11f0-b4ee-39fec46309cd,하늘바다금이,46,1
9947,64893100-6bc4-11f0-b909-d302a0bc03b8,광호곽,46,1
9947,63ddfb80-6432-11f0-a580-6783cb326665,Saurs,46,1
9947,63ca16c0-62b0-11f0-a53e-f720860fcc8a,플윗,46,1
9947,639c93d0-6963-11f0-887b-73f0ee57cca3,짠쭉딴1872,46,1
9947,61cc3bd0-64dd-11f0-846f-13edae8f7606,먹사과,46,1
9947,61750740-6431-11f0-93a4-af3680a69719,미잉꽃,46,1
9947,6155c9c0-6c24-11f0-948b-913c7c2d582b,김하루,46,1
9947,5ee83290-63c8-11f0-aab1-5f3bbe175c3e,솧퉉쵹,46,1
9947,5ee22d00-6887-11f0-a167-fd5589de04b4,해솔빌,46,1
9947,5dc28290-645d-11f0-8df0-a9be6ca1bee2,석쿠,46,1
9947,5d560660-63b3-11f0-8d07-390a61232108,꺄르르,46,1
9947,5c658e10-63c2-11f0-9353-8773ba2d9d98,안실장,46,1
9947,5c032de0-6914-11f0-9163-9b37cd4f63ff,햄식이,46,1
9947,59712960-69b9-11f0-a94a-9f7e552760ea,동도령,46,1
9947,591b6ee0-6440-11f0-90f8-bb2e41176866,동0511,46,1
9947,58c492f0-6459-11f0-8b4d-01ccbaf92ff4,tnjdxo12,46,1
9947,55accf00-66f3-11f0-a25c-47a5a693b30a,푸아리,46,1
9947,54ff9b50-68f1-11f0-8ce4-a510d1bb675b,모자란찬영,46,1
9947,54bb2180-630d-11f0-93c0-3fa3bb7fad1e,김이흑임자,46,1
9947,52a6db40-6430-11f0-9a44-37c9035ed3bc,Brad,46,1
9947,50b64c40-69ca-11f0-86e2-d3a55f318685,노프라임,46,1
9947,5044da30-6ae5-11f0-9ebc-25f4c2b0a5e6,유지영,46,1
9947,4f5e3eb0-6269-11f0-ba61-57b32c8fdcaa,락규,46,1
9947,4f2255e0-6c27-11f0-aed5-0bf4d0a3552b,방랑삿갓,46,1
9947,4d814430-6641-11f0-a9d5-874fe059cba3,시크다애,46,1
9947,4d778560-662f-11f0-8dc5-0ba92d25bd16,뮤협지수고,46,1
9947,4cfdb610-64b1-11f0-8531-17ace7b5407b,가다랭이,46,1
9947,4cb66770-6820-11f0-a89c-59b4d27efb99,조아용,46,1
9947,4c935c80-64a6-11f0-8dc2-b1d7780ea280,조갱,46,1
9947,4bfa2680-6566-11f0-9d97-192c64bf62e6,부르를,46,1
9947,4ac70fe0-6c18-11f0-948b-913c7c2d582b,최고집,46,1
9947,48ee5a60-6598-11f0-b6ea-75c16fffb43f,연하랑,46,1
9947,4511b960-640c-11f0-a684-2b9cd36018bc,유재석,46,1
9947,43ad8730-6609-11f0-97d0-fb9951280f6d,주작단,46,1
9947,41dfe3d0-6a82-11f0-97df-4b76eb1e1edb,칼파랑,46,1
9947,40091bd0-6ae1-11f0-a5d2-4bd7192c2f94,통풍보이,46,1
9947,3bc44410-652c-11f0-85dd-2db918fca576,기부,46,1
9947,3bb79ef0-66a2-11f0-a8c0-a96b3c973cc3,권버미,46,1
9947,3909e900-624d-11f0-a923-e5c378e4162f,과렝,46,1
9947,3791a620-6659-11f0-96fa-990fd0c2f326,뭐가,46,1
9947,354914b0-6b46-11f0-956a-db544cb457ff,후룰루,46,1
9947,34b66a50-6cf6-11f0-8b90-07030e03b666,흑임자,46,1
9947,32616180-6d1c-11f0-84eb-eba0502a50b4,유황덕,46,1
9947,32077e50-632f-11f0-88b2-21b00422a05d,댄디대니,46,1
9947,30808020-6985-11f0-ae0d-6f90dae175ae,하랑이는멍멍,46,1
9947,2faaac30-6277-11f0-b831-2509b113c5f4,우기표류기,46,1
9947,2c73b4c0-6543-11f0-b2e4-155beee88baa,담화수린,46,1
9947,2be364f0-685f-11f0-9a92-175f0d2b5caf,한국사장군,46,1
9947,2b384240-699b-11f0-a6d0-d7dbeaf9d9e0,진검,46,1
9947,280dfb20-682c-11f0-9761-51cebb951ef6,후르츠파이,46,1
9947,27e55570-6242-11f0-9b9e-13c7a7dd6c88,파리도새다,46,1
9947,24ce9880-6aa6-11f0-b350-274e47244e62,The쓰나미,46,1
9947,237a7580-697a-11f0-ae0d-6f90dae175ae,당굴이,46,1
9947,21f49d10-63cd-11f0-8f11-17371de17e69,검치,46,1
9947,21839890-6319-11f0-abe8-09c261bd0e21,까뭉이,46,1
9947,1eb94d40-6a25-11f0-8e3a-75f00633c49f,물망초,46,1
9947,1b8d3970-6529-11f0-a092-cfb4e8946e57,무쌍무검,46,1
9947,18e8f830-6cef-11f0-9f02-6f2f23df42c0,가오나시,46,1
9947,1445a720-62e4-11f0-971e-0d9306189309,죠니뎁,46,1
9947,12fbd680-6a8e-11f0-ab22-9b7f810af5a1,배리누스,46,1
9947,127f8300-6269-11f0-ba61-57b32c8fdcaa,이무깅,46,1
9947,10cf96d0-626e-11f0-807b-b56290a6427d,aqua5,46,1
9947,103008c0-67cf-11f0-ac79-bd0f37322c34,왥뙑,46,1
9947,0ffb62f0-6397-11f0-9b51-d36a85c863a7,이기머래니,46,1
9947,0eb65bd0-68a5-11f0-9f59-43e0c9aecd40,둥지,46,1
9947,0e73f7c0-69ba-11f0-83c1-071402a58f9d,째미,46,1
9947,0e38e920-67ce-11f0-b7d4-2f5c76a5f34a,빈주,46,1
9947,0c6f0280-6d48-11f0-99a6-91f700f2edc1,I호랑이I,46,1
9947,0c641ec0-6310-11f0-8d40-dfc9f921e722,겨울뽀,46,1
9947,0c4f6010-62d5-11f0-8f11-77dd1d282e8c,마구철,46,1
9947,0bfa6080-624c-11f0-a7b6-cf18c18dd85f,fhu,46,1
9947,0b7b6040-6d33-11f0-b0d7-0b3415ac89fb,꾸까빵,46,1
9947,08d9ea40-6929-11f0-ae8c-db603dd8bb9d,임혀니,46,1
9947,08c27540-6ad7-11f0-b538-6192b34d2599,호륜,46,1
9947,06dd8490-6203-11f0-83e5-156a2fc6f757,루넬L,46,1
9947,041b8a40-6307-11f0-a53e-f720860fcc8a,krz,46,1
9947,0267b620-63bf-11f0-b7f2-597947760bfd,체리맛목캔디,46,1
10146,fe2989c0-658b-11f0-9adf-1d806649f7f0,민촐,45,1
10146,fe2332d0-63b7-11f0-aab1-5f3bbe175c3e,홍연화,45,1
10146,fadb2660-63fc-11f0-83ae-cb0d7c1d5c99,레빗핑,45,1
10146,f9a4a960-63d4-11f0-bb86-97bdb11e4eed,김비버,45,1
10146,f5583650-69ed-11f0-81d8-d75e58d916af,히콕,45,1
10146,f2ef72d0-6ae1-11f0-b538-6192b34d2599,삐약하고야옹,45,1
10146,f27de120-63e2-11f0-89b8-61a649941dd1,토코놀,45,1
10146,f2723540-63ca-11f0-8a6c-c348a09bcc5f,삐숑뿌슝,45,1
10146,f25193a0-6427-11f0-a684-2b9cd36018bc,연이꽃,45,1
10146,ebdde470-6395-11f0-9e16-f1cd993522e6,후달거리냐,45,1
10146,eb8b56d0-63c5-11f0-aab1-5f3bbe175c3e,kyo,45,1
10146,ea1197c0-6478-11f0-934d-3b333a678e8e,근대사숭배자,45,1
10146,e74026a1-64d8-11f0-89c4-91955faa19a3,누가죄인인가,45,1
10146,e1cddf30-6a57-11f0-a1c0-f953ad2a988a,아나스,45,1
10146,e1821950-675b-11f0-b418-83c133a430b5,몽롱,45,1
10146,ddcc2c60-668e-11f0-abb5-870e6167c30c,최영민,45,1
10146,d4208e40-6adf-11f0-887f-c18cdf79257d,우춘돌,45,1
10146,d1c199b0-673c-11f0-a25c-47a5a693b30a,닉없음,45,1
10146,cbbd31b0-6ac9-11f0-b787-3fd5c6c3156d,미르메다,45,1
10146,cb06eb80-6b41-11f0-a4d5-c7cd1da20a0b,마라탕후루,45,1
10146,c9a3a370-6419-11f0-89c3-81bc4ed5aa4e,sprtm,45,1
10146,c46be170-650d-11f0-a092-cfb4e8946e57,윤지나,45,1
10146,beea7950-623d-11f0-8ed7-4f4ea466921e,불꽃GOD890,45,1
10146,bd27efe1-676e-11f0-9e82-4d5672d5f65e,난세의황제,45,1
10146,bc90bd90-647c-11f0-9429-f7d11896f818,띠띠로리,45,1
10146,bc365aa0-6452-11f0-b1b5-f7c1dd7354a3,떠아땅우,45,1
10146,bc136920-642d-11f0-83ae-cb0d7c1d5c99,손많아,45,1
10146,badc0ca0-62a3-11f0-9c35-45ef6a487d5b,수유리삼남매파파,45,1
10146,ba6e2d40-64e0-11f0-920f-d9bd8a2a820c,강상구,45,1
10146,b3947f40-6d20-11f0-9497-07950a6b2df0,xw1220,45,1
10146,b33e1630-627d-11f0-bcbb-714564b525f4,모가디슈,45,1
10146,b03c50e0-648b-11f0-bbfe-0d14bcd852b5,천유화,45,1
10146,b01230b0-63e8-11f0-b808-551faa2361fd,블러디하운드,45,1
10146,af4ea860-6542-11f0-bfcd-476b37318f6d,siuuuuu,45,1
10146,a8047ab0-6481-11f0-bd1c-c79b9b2c15fa,88,45,1
10146,a5a68e70-653a-11f0-a7a2-1dbf387388d6,한산이순신,45,1
10146,a291e4a0-63eb-11f0-91d0-338842f86888,십이사,45,1
10146,991eec10-6d05-11f0-8662-b3a8d615c0d7,당근형,45,1
10146,990966d0-63c6-11f0-aab1-5f3bbe175c3e,제라,45,1
10146,97449260-69c6-11f0-a6d0-d7dbeaf9d9e0,닉네네임,45,1
10146,947f42b0-6a88-11f0-ab22-9b7f810af5a1,정희사랑,45,1
10146,8c968ec0-63ab-11f0-a8e3-a3fc99f88008,28,45,1
10146,869ff080-62a5-11f0-ab5c-d90c56584691,BEE,45,1
10146,816c4b00-6d4e-11f0-87e0-c7b4fc691f0d,먕먕,45,1
10146,808bb380-6491-11f0-bbfe-0d14bcd852b5,쩔어,45,1
10146,7dd9ad30-6d34-11f0-b976-671badd129d8,약석,45,1
10146,7d3f3950-641d-11f0-a3ab-515b7dbdbb4f,춘경,45,1
10146,7bb44cb1-62e2-11f0-971e-0d9306189309,주술사,45,1
10146,73b7b8c0-623e-11f0-8e4e-3fc4beb87eac,강백산,45,1
10146,6b446f20-6253-11f0-a7b6-cf18c18dd85f,겨울베리,45,1
10146,65ab1a20-6c24-11f0-948b-913c7c2d582b,해리폴터,45,1
10146,63cce2d0-6556-11f0-aed2-e9684f688284,으사,45,1
10146,5ff36130-63ed-11f0-8989-0f75f17d859c,이그,45,1
10146,5f12f2f1-6774-11f0-9692-e964af797c19,방고구마,45,1
10146,5ce9a740-6859-11f0-9791-b9bcb3a2d4df,난알아요,45,1
10146,5c729950-6897-11f0-8871-5dec1d16e3d2,살루트,45,1
10146,5b6fc3d0-67dd-11f0-a86b-6be161d85452,김동최,45,1
10146,59c2ed80-6253-11f0-807b-b56290a6427d,레민,45,1
10146,564f65d0-62fc-11f0-b7c2-5907d7ac5d60,라랄,45,1
10146,52795640-646a-11f0-b9a2-71a70b35ee88,대식가,45,1
10146,517f2380-6485-11f0-ae38-872b2910783a,킄킄큭크크,45,1
10146,4e575900-6248-11f0-807b-b56290a6427d,전군,45,1
10146,4dd4c250-6447-11f0-84a8-a17d6cb326f9,콩쑨,45,1
10146,4d244850-649a-11f0-90f2-efb4d5ac17d9,다슬슬최고,45,1
10146,42d6a2c0-6225-11f0-bbfd-8564365ef7ff,나쇼키,45,1
10146,42a73130-638c-11f0-9b51-d36a85c863a7,왕도담,45,1
10146,38880330-67fd-11f0-82b6-93a73aef044c,거련태자,45,1
10146,367f63d0-621c-11f0-abc2-914425398299,꾸레오,45,1
10146,2efa5720-694a-11f0-a86f-edc238a237ca,DOAP,45,1
10146,2ab48630-6941-11f0-9052-8d763cf66f7f,다이어트,45,1
10146,29668e30-6b09-11f0-bb81-6dcc8d3d53da,이팝나무,45,1
10146,28102340-69c7-11f0-86e2-d3a55f318685,정현기,45,1
10146,25bf7c50-6c13-11f0-87eb-690ec7d4dfe2,두시쯤,45,1
10146,21fa5ed0-6490-11f0-829b-d50781ca76af,문장군,45,1
10146,20e495f0-6bcb-11f0-bbec-d73ff901d46b,베뷔,45,1
10146,1d6ea640-64be-11f0-bc9c-890ea1331a86,고구려제일검,45,1
10146,161dd130-6af5-11f0-a6ea-759c93ed2c8f,햄부기킹,45,1
10146,127434b0-63a3-11f0-b7d9-6726758670c6,백조한마리,45,1
10146,10b8e370-6540-11f0-b203-85c99a94680a,흐류,45,1
10146,103df7e0-6460-11f0-8670-973d055b2505,앵그리싸이,45,1
10146,0edf5830-6271-11f0-ba61-57b32c8fdcaa,도잔,45,1
10146,0d4be9b0-6560-11f0-b5ae-9f72a71a5588,건포,45,1
10146,02847f20-647e-11f0-9219-f9e5d8ffaccf,치즈맛과자,45,1
10229,fd47e2f0-69d6-11f0-8369-f9ac348dc159,비오는아침,44,1
10229,f4584160-6c30-11f0-948b-913c7c2d582b,두리너울,44,1
10229,f35ce560-6625-11f0-9cdc-073af5d8ace4,o겸o,44,1
10229,f1562920-6747-11f0-a3b5-cb7d513a283d,건선생,44,1
10229,eefc49e0-69d4-11f0-83c1-071402a58f9d,동키키,44,1
10229,ec243c60-6960-11f0-8a8c-e705cbe6ed4d,차태평,44,1
10229,ebda7e90-6541-11f0-bfcd-476b37318f6d,탁버남,44,1
10229,e9f81bf0-642e-11f0-83ae-cb0d7c1d5c99,도돌잉,44,1
10229,e9e291c0-6b79-11f0-ab72-db207836e017,우르,44,1
10229,e6aa2c20-6570-11f0-94e1-9148d7950b64,장로,44,1
10229,e6376a20-6591-11f0-b945-15d94ae3f8a2,수렵,44,1
10229,e603de30-62f8-11f0-a77e-87866f56a260,까메오꾼,44,1
10229,e2520301-6bba-11f0-ae53-81e256ab4001,희히,44,1
10229,dee84380-6509-11f0-846f-13edae8f7606,박맹구,44,1
10229,dc3bce30-63b6-11f0-84d8-51e7761f8916,청랑아,44,1
10229,db138b40-628c-11f0-adc6-455e8908a1ee,오늘도비가,44,1
10229,d7bfdad0-665a-11f0-96fa-990fd0c2f326,이화양,44,1
10229,d5727590-6d43-11f0-9497-07950a6b2df0,콩깡스,44,1
10229,d160a1b0-621d-11f0-a026-2b3e93922249,이유찬,44,1
10229,d0904360-630f-11f0-8d40-dfc9f921e722,천섬,44,1
10229,cc9e2f10-6477-11f0-9203-95da192fe506,야무,44,1
10229,c963de30-630f-11f0-a4e8-37a0c8f9bd22,무형도,44,1
10229,c50fad60-635e-11f0-9eba-319c3c5b72eb,리디아,44,1
10229,c49fe060-6c79-11f0-a8de-d7173687f0b3,콩코드여객기,44,1
10229,c4830a20-6324-11f0-8452-27084395bcc2,d코올b,44,1
10229,c0b6a290-6aa8-11f0-aabe-19fce0d146b1,파이코인I,44,1
10229,c0a6bf70-6647-11f0-b57a-7d3684c1d8cd,김치밥,44,1
10229,b75c44d0-62dc-11f0-971e-0d9306189309,도시락,44,1
10229,b5e2ce70-6922-11f0-9489-df1a9dcf8e7b,dodamgom,44,1
10229,b540d480-6571-11f0-90c5-555ab05ea06b,밤후,44,1
10229,afb9cff0-6637-11f0-b4ee-39fec46309cd,김단아,44,1
10229,aec45f30-6541-11f0-b2e4-155beee88baa,특수,44,1
10229,ab190e80-6ba4-11f0-a8af-f73a307a4a56,천중천,44,1
10229,aa55eaf0-66d5-11f0-a818-154c93ec6594,뭉티기,44,1
10229,a9ae9c30-6aab-11f0-aabe-19fce0d146b1,흑성,44,1
10229,a9a9ac10-6309-11f0-b218-43a24c54b5c1,미호,44,1
10229,a8154af0-6960-11f0-86e2-d3a55f318685,이다인,44,1
10229,a6c7e220-6c7b-11f0-8805-b3f3a74e8613,아보카도,44,1
10229,a12588b0-64c2-11f0-aa62-8f0bc6f84ace,수야치,44,1
10229,9f0577a0-63ed-11f0-990b-3fc68f8c80ee,종이,44,1
10229,9cb53ea0-6243-11f0-86ad-5de35a576cc5,슬리,44,1
10229,9ae7bc40-67c2-11f0-ad06-bdc4c662d62f,칼보,44,1
10229,98458f90-62df-11f0-8567-d9cb9900f794,하루밤,44,1
10229,962461d0-6ce6-11f0-9b40-39de905d3348,2씨표류기,44,1
10229,9247f700-644b-11f0-bfa2-af41fddaac3d,핫이,44,1
10229,8fa56410-6469-11f0-9e27-35530581f5ae,Noah,44,1
10229,8b746230-66a6-11f0-8cad-77b80077cb64,송화랑,44,1
10229,873f7d00-6b86-11f0-9d2b-e5c06348dcb5,백박사,44,1
10229,84ef1380-6ab9-11f0-aabe-19fce0d146b1,우온랑,44,1
10229,81ebcb20-6d15-11f0-a693-ff327945c3a4,SEBIT,44,1
10229,7f397160-63ca-11f0-8a6c-c348a09bcc5f,도로시아,44,1
10229,79878190-63a6-11f0-b7d9-6726758670c6,H1KEY,44,1
10229,76a7cc70-64b2-11f0-835f-393c358f3bd9,중간매운맛,44,1
10229,6c011380-62c3-11f0-839f-d97137a128f6,무파사,44,1
10229,6b50ed80-645c-11f0-baaf-45c3a00048ee,엘티쁘로,44,1
10229,6a363770-697a-11f0-8a8c-e705cbe6ed4d,노라메,44,1
10229,68bc5060-6492-11f0-a086-85e9f4d94fe9,김옥봉,44,1
10229,68917780-6a7f-11f0-8ec9-01514a6ac03f,별별,44,1
10229,64e82d30-6c01-11f0-aa6f-13c95d30e456,여선비,44,1
10229,64806d10-6271-11f0-b63f-7755b72aa50f,독극물,44,1
10229,60f84520-65fd-11f0-804e-c557b5379eb6,s이순신,44,1
10229,60f231a0-6d03-11f0-8662-b3a8d615c0d7,박돌쇠,44,1
10229,5ecd9cf0-6d50-11f0-a693-ff327945c3a4,서유,44,1
10229,5ec36930-6c9f-11f0-80b2-df6a7b97e98b,호랑이사냥꾼,44,1
10229,5cae9970-63cc-11f0-8a6c-c348a09bcc5f,당근나귀,44,1
10229,59555e20-6602-11f0-b420-973bd54af871,wara,44,1
10229,592db690-64bd-11f0-bc9c-890ea1331a86,혈비,44,1
10229,551def20-6738-11f0-a25c-47a5a693b30a,일번,44,1
10229,53e528d0-692c-11f0-ae8c-db603dd8bb9d,고무영,44,1
10229,52d0dd50-6534-11f0-85dd-2db918fca576,애노,44,1
10229,51da2b10-6230-11f0-9779-6fe734edca5c,빚투빛,44,1
10229,4eb0e110-6300-11f0-ba81-0189884c815e,이터,44,1
10229,4c91d2c0-664f-11f0-96fa-990fd0c2f326,해이,44,1
10229,4c5b0e30-62d4-11f0-a53e-f720860fcc8a,슥슥,44,1
10229,4b748da0-6b0a-11f0-bb12-2fec1548f0a3,luppiter,44,1
10229,4affe530-6a8e-11f0-b350-274e47244e62,우인장,44,1
10229,4ae65480-64c1-11f0-8424-ad5d395ce474,유로,44,1
10229,47d56c10-6b45-11f0-a5fd-a73a47aba723,마인드,44,1
10229,44fb1510-6304-11f0-ac70-a708c19ff45f,전설형민,44,1
10229,424fe840-6d36-11f0-9a54-23af97f8d959,달마야놀자,44,1
10229,40c0b130-6acf-11f0-a5d2-4bd7192c2f94,아이리너,44,1
10229,40af4e60-6474-11f0-934d-3b333a678e8e,쭈공,44,1
10229,3de02580-6387-11f0-8f97-2d546a0fbaf9,iliiliil,44,1
10229,3a753b20-65b6-11f0-8b44-3ff58a49da64,김범창,44,1
10229,3a18eb20-6a68-11f0-b350-274e47244e62,심장이쫀득,44,1
10229,38e6fb30-6ab2-11f0-9a7f-e32704d17198,김나유,44,1
10229,37da6190-690f-11f0-9163-9b37cd4f63ff,파천검신,44,1
10229,37abfcb0-679d-11f0-a86b-6be161d85452,isgshdkd,44,1
10229,37a44dc0-685c-11f0-9791-b9bcb3a2d4df,동철과동현,44,1
10229,36a1c810-640d-11f0-83ae-cb0d7c1d5c99,한0,44,1
10229,32a2bb70-6304-11f0-93c0-3fa3bb7fad1e,한국사자격증,44,1
10229,2f4c3c40-655b-11f0-b19a-f331206492d9,흔들바위,44,1
10229,2db1dd40-6c9a-11f0-8e36-7ff47c038c45,애플러,44,1
10229,2da3acd0-6320-11f0-ac38-0b49c0db1625,mt,44,1
10229,20ce9490-66f7-11f0-abbe-1b148ce1c918,cider,44,1
10229,207aba90-6199-11f0-9040-4522a72dc80d,가얀,44,1
10229,1cc006c0-62fd-11f0-b7c2-5907d7ac5d60,BONE,44,1
10229,1c094400-65e9-11f0-8afb-9767d055c78a,소지섭,44,1
10229,185bcad0-6585-11f0-ac7c-9d33cbbedf6a,USER1,44,1
10229,18226460-677f-11f0-ac22-89a616aaf971,갑니다가요,44,1
10229,17646770-6451-11f0-9948-fdd926a61dce,임봉봉,44,1
10229,156f88f0-6267-11f0-97b4-198e3a6088ef,옴뇸뇸,44,1
10229,153ee0d0-695e-11f0-9f3a-d936e3ed6e3a,다했누,44,1
10229,1485ba10-6bbb-11f0-ae53-81e256ab4001,하루하,44,1
10229,119f1b10-66bc-11f0-a7ca-6365d3928809,흰구름걷는자리,44,1
10229,0ebafc80-6cd3-11f0-a3aa-53b108aed5e1,팔방지민,44,1
10229,0c5d1c40-6a97-11f0-b350-274e47244e62,혈암룡,44,1
10229,0773b090-6565-11f0-9d97-192c64bf62e6,갓떼이염,44,1
10229,04dc7a60-6a88-11f0-9b9a-dfc16842ed10,우주파파,44,1
10229,0387e110-639c-11f0-8ad1-495afdf38cf0,개문,44,1
10229,037ab6e0-66ab-11f0-9e29-bb739ed9109b,블루루,44,1
10229,021d1de1-6225-11f0-abc2-914425398299,원할머니보쌈,44,1
10229,020e2040-63c6-11f0-bb86-97bdb11e4eed,송퓽이어라,44,1
10229,01d1c360-649e-11f0-a845-496ab271568b,초그아,44,1
10229,00224bb0-6d0f-11f0-b16a-59affbdabbf5,시아파파,44,1
10344,ffa2af10-65f5-11f0-8afb-9767d055c78a,은인,43,1
10344,febe7d20-6804-11f0-a89c-59b4d27efb99,닌규,43,1
10344,f9a70bb0-6587-11f0-a8f0-35f7e49c32ec,무딘,43,1
10344,f728d060-6386-11f0-a716-97e6f4eb8e7d,ariel,43,1
10344,f686c760-6b02-11f0-ab25-6949cda751e5,가색,43,1
10344,f3e65d50-6ade-11f0-a5d2-4bd7192c2f94,별빛이내린다,43,1
10344,f24ab740-63a2-11f0-b91f-cbca55a9af76,균돗개,43,1
10344,f167e010-639c-11f0-9e16-f1cd993522e6,태풍절정,43,1
10344,f13a24a0-6431-11f0-93a4-af3680a69719,이율곡,43,1
10344,f12de6a0-6494-11f0-a086-85e9f4d94fe9,몬스터킹,43,1
10344,f07895d0-6222-11f0-abc2-914425398299,연준잉,43,1
10344,ef6d1201-630e-11f0-a4e8-37a0c8f9bd22,이리암,43,1
10344,ef434be0-6c6f-11f0-b16a-699a6afe77a2,감길동,43,1
10344,ef3d67d0-6250-11f0-807b-b56290a6427d,김동,43,1
10344,ee636910-64a1-11f0-8dc2-b1d7780ea280,진하성,43,1
10344,ed194a70-6852-11f0-99f9-e57ee7d28b7e,교동이쥬듕이,43,1
10344,ecfeba51-6430-11f0-93a4-af3680a69719,킹갓한우,43,1
10344,eb5c8510-657a-11f0-9f25-1147ddd387e8,야황,43,1
10344,e607e400-69d6-11f0-83c1-071402a58f9d,유리알유리,43,1
10344,e44192c0-6cd2-11f0-aef0-8567de5b5272,깁밤,43,1
10344,e01aa8a0-64bf-11f0-9cbb-d577723cbc86,그니그니,43,1
10344,df1d82b0-62f8-11f0-af00-9b7f567d02d1,사람102911,43,1
10344,dd64c530-6624-11f0-ba0e-5d9d6daabc7d,파전,43,1
10344,dd27d6d0-6240-11f0-9ca6-b18ea4730904,김용철,43,1
10344,da781c90-6463-11f0-baaf-45c3a00048ee,단군천군,43,1
10344,d904d4b0-627a-11f0-b831-2509b113c5f4,넓적사슴다리,43,1
10344,d82c3970-6a45-11f0-8acc-fb286914151f,흥멍송,43,1
10344,d4947cc0-63ef-11f0-a174-2f03cd9ae07c,운암리트리버,43,1
10344,d36411e0-68b7-11f0-9d8d-43218661958e,신영돌이,43,1
10344,d327ddd0-6c89-11f0-a097-d56ebc408629,munru,43,1
10344,d2e4ec00-6bc6-11f0-90e5-41280db458e4,하늘의왕,43,1
10344,d24a7560-64a2-11f0-b5c8-a523170b964a,이완용후손망함,43,1
10344,d2226ae0-694b-11f0-9867-bd921e23f0c2,껨돌이준,43,1
10344,d177f730-6302-11f0-b7c2-5907d7ac5d60,조으니냐,43,1
10344,d118da30-6455-11f0-8f1e-9b9f4436b281,군단,43,1
10344,cfe19110-64b5-11f0-a2c0-87ada2bfe11c,웅잉,43,1
10344,cee35e20-64b9-11f0-8b02-21e8a51b3133,정나바,43,1
10344,cc09d890-668b-11f0-ba90-31fb5fd677bf,좌초지종,43,1
10344,ca0f9d60-6616-11f0-98c0-d9f4fe5058f5,류흐,43,1
10344,c97b9240-6c8e-11f0-be2e-8f7e3345bce1,재동연자,43,1
10344,c9322940-6232-11f0-9658-0db50d035217,도라휘,43,1
10344,c8ff5f50-6378-11f0-baf4-f589a09d6246,미시,43,1
10344,c74aaf40-631c-11f0-873a-61e5585b494a,전승효,43,1
10344,c6091b20-61f6-11f0-a92b-d5d01d6ffba8,가닛,43,1
10344,c5416fa0-6249-11f0-a923-e5c378e4162f,attackon,43,1
10344,c2487860-6461-11f0-b8bb-b5566ebb37cb,블래키,43,1
10344,c218aaf0-6834-11f0-b2fd-9d1d445c08a1,불멸김옥지,43,1
10344,c17b9b50-6c8c-11f0-a73f-71a41f4466da,칠성이,43,1
10344,c056f770-6768-11f0-9e96-ff12b3c8d1f9,리니빠,43,1
10344,bf0ae8e0-69ac-11f0-ae45-45a8c20b2c3a,발송,43,1
10344,be9f6fc0-6470-11f0-b0c9-6de2080023ec,류소월,43,1
10344,bcb706c0-636a-11f0-899c-ed58ed9d92cb,TP,43,1
10344,bc6203f0-6af4-11f0-92e1-394a8ca307ec,뚜안무,43,1
10344,bb4b8700-64b6-11f0-8b02-21e8a51b3133,쭤니,43,1
10344,baaba960-6349-11f0-9145-a52c50a03179,프로,43,1
10344,ba8c8e90-63cb-11f0-aab1-5f3bbe175c3e,빈형석,43,1
10344,b6f23720-6386-11f0-9b51-d36a85c863a7,떼쟁이,43,1
10344,b4de98e0-64c4-11f0-846f-13edae8f7606,라쵸,43,1
10344,b4323540-6461-11f0-a72c-e970bf999ff4,현뿌,43,1
10344,b2ec6aa0-6468-11f0-b9a2-71a70b35ee88,새콤아빠,43,1
10344,b04dedd0-61fe-11f0-83e5-156a2fc6f757,제우스nim,43,1
10344,b027a6c0-63e3-11f0-8ce7-05e1fc9cefd2,가이느,43,1
10344,af36e670-6228-11f0-abc2-914425398299,바디터치오케이,43,1
10344,aebf8370-6460-11f0-a72c-e970bf999ff4,딸랑이,43,1
10344,ad8a1930-62ca-11f0-a89f-3182c3b8adb5,군밤,43,1
10344,ac7a92b0-6764-11f0-90a9-8122dc0c48db,자신을꾸짖다,43,1
10344,ac17b440-68fb-11f0-bf27-69600f7373fa,망고멜론,43,1
10344,aac9f0e0-6350-11f0-9eba-319c3c5b72eb,지성,43,1
10344,a8d97750-62a7-11f0-bcbb-714564b525f4,S쏭,43,1
10344,a50ab650-672c-11f0-a25c-47a5a693b30a,해루,43,1
10344,a4bac6a0-63c0-11f0-9353-8773ba2d9d98,히트당,43,1
10344,a0aaa490-631b-11f0-a314-e925b756c271,히히히히,43,1
10344,a06dbbd0-6d51-11f0-9718-a1d3d1d51c27,숙련자,43,1
10344,9eda9910-6648-11f0-9839-3f7f2bd4506a,일단해본다,43,1
10344,9e79fe10-620c-11f0-980a-396801ba63e1,OoNaDaoO,43,1
10344,9d0c36d0-6539-11f0-8799-a56030339d38,너의어머니,43,1
10344,9c062ce0-6607-11f0-8cbe-319b644384b7,코로롱,43,1
10344,9b619e50-6b7f-11f0-b12d-131ac73060ee,환경미화원,43,1
10344,9a9ec9e0-6b87-11f0-ae33-51e0ad0b4e9c,온여율,43,1
10344,9a339840-6953-11f0-887b-73f0ee57cca3,금각도가산점,43,1
10344,98c67060-6d48-11f0-a5ac-25cfed422797,하이빅스비,43,1
10344,97904530-6493-11f0-bbfe-0d14bcd852b5,하빈찡,43,1
10344,937b5ba0-68e5-11f0-bd47-cf3af6acce80,개꿀이다,43,1
10344,91cd51a0-62ff-11f0-a53e-f720860fcc8a,덕기,43,1
10344,9121a3a0-6444-11f0-a8ce-a3b5dafbf2e5,cjh12,43,1
10344,90565270-6b99-11f0-a177-5968b016f8c3,사소리,43,1
10344,9004c730-636e-11f0-899c-ed58ed9d92cb,도넛안소세지,43,1
10344,8ee126c0-68a8-11f0-9e37-0f658bb23b20,홍알두,43,1
10344,8ea25480-620f-11f0-802a-01726bb91ef4,skydev,43,1
10344,8d321160-642d-11f0-877d-c952436514c7,zxlxz,43,1
10344,87242310-6191-11f0-b653-33047029e9f3,채리체리,43,1
10344,85aa80b0-6268-11f0-bcbb-714564b525f4,사과맛살충제,43,1
10344,856e9520-6ba8-11f0-a620-373ba02e13a4,반지하의제왕,43,1
10344,83d76b40-6b64-11f0-b706-67c62533f428,이루다,43,1
10344,8093b590-687d-11f0-9fac-55caa537a72b,이으어이,43,1
10344,7e724f30-642a-11f0-83ae-cb0d7c1d5c99,지안이아빠,43,1
10344,7dccfbf0-6210-11f0-802a-01726bb91ef4,쿠로사키,43,1
10344,7b7a54f0-6a09-11f0-9416-6d61d44d7bd3,gg짝짝스,43,1
10344,771eb7f0-63f3-11f0-89c3-81bc4ed5aa4e,팡괴수,43,1
10344,76b3d2f0-6579-11f0-a14b-9770e032ed18,뽀너스,43,1
10344,746b3090-6a5d-11f0-b350-274e47244e62,도이,43,1
10344,71e589a0-6266-11f0-ba61-57b32c8fdcaa,십삼월,43,1
10344,6fd91780-663a-11f0-be20-15f47d297a38,미니마니모,43,1
10344,6fabd300-6758-11f0-b03e-592b2928608b,린린,43,1
10344,6c1a7e80-63ed-11f0-a7be-13510fccb9c1,Island,43,1
10344,6a683850-62f5-11f0-b4b3-99d44587a070,난난낭앙난,43,1
10344,68cc1d70-6356-11f0-ba6d-31d76c70e10b,나름,43,1
10344,6718bb10-64a9-11f0-829b-d50781ca76af,아우박,43,1
10344,649c0160-67c1-11f0-ac79-bd0f37322c34,내가더,43,1
10344,631ad5b0-6c4d-11f0-9123-4f6ce6de2b0b,이민혁,43,1
10344,62d5fb90-670a-11f0-a98d-f37da4145b2e,미역귀,43,1
10344,6231d180-6487-11f0-a086-85e9f4d94fe9,이준석,43,1
10344,614ee570-68c2-11f0-b6e5-1f4abc2a195f,하늘간다,43,1
10344,60720170-66ea-11f0-b123-954f9eeb1a6c,h캐리,43,1
10344,5d03ed80-645d-11f0-9cd9-4f3d9a0f948e,무무표류기,43,1
10344,57bd7d30-649b-11f0-829b-d50781ca76af,트리플헌터,43,1
10344,5668e390-63f4-11f0-9f61-e14d99ccbb10,수삼이,43,1
10344,55658d90-6787-11f0-ac22-89a616aaf971,관습,43,1
10344,553097b0-62a1-11f0-8a2c-191c216a463e,대박났네,43,1
10344,5502e1b0-6285-11f0-9eb5-cf396344702c,Hovonmx,43,1
10344,52709640-6573-11f0-94e1-9148d7950b64,김장,43,1
10344,518bf5a0-6391-11f0-9b51-d36a85c863a7,광속마신,43,1
10344,50828620-6237-11f0-a73e-efd8221a47bb,이름없는이름,43,1
10344,4f4afbd0-6c90-11f0-9457-53468084c789,던집니덩,43,1
10344,4f37c000-648f-11f0-a51d-79330d46319d,픽톰,43,1
10344,4ea373f0-634a-11f0-a70b-97528033efd5,쿠마,43,1
10344,4e7091a0-654e-11f0-b2c1-8bbad5215734,남궁천,43,1
10344,4dd2c2d0-6581-11f0-aff4-db0d61529086,달려여누아빠,43,1
10344,4a976720-6382-11f0-b6f5-df7d29cfa051,sonor,43,1
10344,48614ae0-634e-11f0-a70b-97528033efd5,달려과자,43,1
10344,4771fb30-6c49-11f0-802b-15be0af62600,코가막힌사람,43,1
10344,43730bd0-620f-11f0-abc2-914425398299,기수야,43,1
10344,42fc4110-6473-11f0-a8d6-9514efa5ade9,홍스타,43,1
10344,429e4dc0-6b72-11f0-ac08-d9342196c949,NL,43,1
10344,3fde3cd0-6b45-11f0-bfbf-11a1330b4a18,취몽,43,1
10344,3f7e0560-6337-11f0-899c-ed58ed9d92cb,설호,43,1
10344,3f728b90-6c6a-11f0-82cb-0701b224c99b,닉네임123,43,1
10344,3de79a10-64fc-11f0-ad80-bf5616b7c1de,영희,43,1
10344,3bb92140-6831-11f0-b2fd-9d1d445c08a1,우주핵존예,43,1
10344,3bb305a0-69c4-11f0-83c1-071402a58f9d,지라르바르광,43,1
10344,3a797280-6395-11f0-929e-756b01201a20,개룡,43,1
10344,381cb990-61ef-11f0-b3c7-a9c53be5027c,대박좀나자,43,1
10344,3756bca0-6b12-11f0-8f14-2f5913224acc,이승기,43,1
10344,35b66060-643e-11f0-8c7c-4d27a30a0549,52,43,1
10344,353b40a0-6304-11f0-af00-9b7f567d02d1,버드킹,43,1
10344,3535f670-6275-11f0-9eb5-cf396344702c,세구,43,1
10344,3525c700-62bb-11f0-b038-1df969c0d9a5,루엔디스,43,1
10344,34e4ac80-6251-11f0-98b0-134906955a4e,기무쭈,43,1
10344,3490d0b0-6481-11f0-bd1c-c79b9b2c15fa,루바이,43,1
10344,31fcf8e0-6712-11f0-8789-93b65809f0d3,fffppp,43,1
10344,31e996a0-6d62-11f0-a543-8f438c788f23,췕풹퓕,43,1
10344,31c7c640-6b7f-11f0-b12d-131ac73060ee,여신의행복,43,1
10344,31741fa0-6b8d-11f0-bb04-33ed12fd8657,때기때기,43,1
10344,316be600-64ad-11f0-bac8-c1efd8a8ec20,봉일락,43,1
10344,2fe6c330-6319-11f0-a67a-173fdcafaabc,누네띠네,43,1
10344,2f2386a0-643f-11f0-8c7c-4d27a30a0549,안전박군,43,1
10344,2e7f0780-6627-11f0-96fa-990fd0c2f326,110806,43,1
10344,2bf2a8e0-6c1d-11f0-9d81-e7c0c7be48b2,미규,43,1
10344,2b3e4fb0-6d5f-11f0-a9b1-8dfdf755132d,알로아오에,43,1
10344,2a541e60-62f9-11f0-a53e-f720860fcc8a,나닝,43,1
10344,290b6eb0-664f-11f0-8bf6-afeec62e00c0,드레이코,43,1
10344,29060fc0-6aea-11f0-b19c-67c669359d64,삼랑,43,1
10344,243ea660-63c8-11f0-bb86-97bdb11e4eed,상장군,43,1
10344,23f76940-653e-11f0-8799-a56030339d38,세진이,43,1
10344,210cfc60-63f2-11f0-b2cb-f71edb30a51a,일타백피,43,1
10344,20f57480-6278-11f0-b831-2509b113c5f4,견견,43,1
10344,20d6a040-6c9c-11f0-a3aa-53b108aed5e1,욤쁨,43,1
10344,2060f650-6270-11f0-ba61-57b32c8fdcaa,성무,43,1
10344,1ffb59f0-6903-11f0-a8f9-552003805e1b,뭉이,43,1
10344,1f113c90-65d8-11f0-8291-9955d484da31,혜린,43,1
10344,1ef57c20-6665-11f0-8b65-97eb249c79b0,하루2,43,1
10344,1eed7f40-64d8-11f0-846f-13edae8f7606,바캬,43,1
10344,1e74ce80-6896-11f0-93e8-85a9cfc62190,묵형,43,1
10344,1e57b4c0-6ab3-11f0-aabe-19fce0d146b1,송이이,43,1
10344,1db5c7d0-6191-11f0-9aa9-29d8301345bc,아리안,43,1
10344,1aecbf00-682f-11f0-9761-51cebb951ef6,런조,43,1
10344,19bcb500-6301-11f0-bfc1-67350970f51b,김뱀,43,1
10344,199d82e0-6d36-11f0-b39a-cf0a989a63dc,쌋다,43,1
10344,1903c440-630c-11f0-abe8-09c261bd0e21,sjspdjaa,43,1
10344,19022990-623b-11f0-853f-4567daacb8e8,최배달,43,1
10344,18f079a0-6599-11f0-a14b-9770e032ed18,랑이환이,43,1
10344,16652000-653a-11f0-971a-35e806be879b,하람아빠,43,1
10344,162bd471-6522-11f0-9621-7131280460fb,성율,43,1
10344,155dad10-6bc7-11f0-92aa-310b431bd493,재이채이,43,1
10344,125d1ca0-6487-11f0-a2a2-198016fcfd59,반장,43,1
10344,10a8e480-64a9-11f0-a8e1-0128328b4be6,IPARI,43,1
10344,0e833840-644f-11f0-8944-5327091948db,모아바,43,1
10344,0d1caef0-6445-11f0-ba26-c559d1541584,xp,43,1
10344,0c850ee0-67df-11f0-a86b-6be161d85452,코리아비스트,43,1
10344,08e64480-6bd5-11f0-8c06-a7a944ebaa41,각선미,43,1
10344,06f24b80-63b8-11f0-8465-f716200b7246,대얄,43,1
10344,06cb9e80-6bac-11f0-8ba9-afce5a8231c3,더블유,43,1
10344,06aa0260-620c-11f0-abc2-914425398299,난데없이,43,1
10344,043d3850-6a34-11f0-aada-a7395b081af3,공통,43,1
10344,02e098f0-646a-11f0-82c1-d1354574f8a3,수이수이,43,1
10344,00bf9c30-6503-11f0-998d-6361b2224259,성림건,43,1
10540,ff6933b0-6a83-11f0-b350-274e47244e62,야니,42,1
10540,ff06e860-6923-11f0-b776-39555a34501f,릴리프,42,1
10540,fe90b110-624b-11f0-ad06-05cd7d1d0a6e,살구,42,1
10540,f8ae49c0-66b9-11f0-9bdd-e11867fc3a11,Q기단사Q,42,1
10540,f81ad6c0-62b0-11f0-bf6e-91ab11ffb732,ATP,42,1
10540,efa73080-649d-11f0-829b-d50781ca76af,언달,42,1
10540,ee8936d0-6470-11f0-8f23-45c01c2040fe,UR시금치,42,1
10540,e971aa40-6715-11f0-a25c-47a5a693b30a,신호등,42,1
10540,ddd25ac0-64c9-11f0-9aad-c5958682aa5a,songjm,42,1
10540,d9705fe0-662c-11f0-8621-0f3e351e9362,방방1,42,1
10540,d77f4b70-6833-11f0-8e20-252956b544de,꼬노야롱,42,1
10540,d6907c00-662d-11f0-8621-0f3e351e9362,저영,42,1
10540,d5cf5530-6217-11f0-9b80-6dacbd1dec23,쁘띠,42,1
10540,ce4e1550-63f0-11f0-931c-5f0600bc75da,yeapo,42,1
10540,c76cff71-643c-11f0-ba4e-2f2eb14df7d2,갓두,42,1
10540,c4487b90-6247-11f0-8731-517e16b3676b,류우우,42,1
10540,c3617900-63de-11f0-b228-cfd66956cea6,시이입세,42,1
10540,c2d91ca0-66f3-11f0-8950-998d28451b34,jayh,42,1
10540,c018f400-68dc-11f0-bf27-69600f7373fa,시진핑핑,42,1
10540,be8799e0-63df-11f0-981c-6918ebc09e55,왁두,42,1
10540,bdfc3470-620b-11f0-8954-d1ddcca9d272,연초,42,1
10540,bd17d130-6a09-11f0-9ccf-efc03aeeda2b,라쏭이,42,1
10540,bc60cc40-6853-11f0-9858-4f568ed316af,끄즈,42,1
10540,b3590930-63e6-11f0-89c3-81bc4ed5aa4e,신평군,42,1
10540,b2d84690-648d-11f0-a51d-79330d46319d,뚜랑파,42,1
10540,b287df00-64c1-11f0-9cbb-d577723cbc86,뀨태,42,1
10540,b284b7a0-6767-11f0-9ee8-11faeeaf74d3,비숍,42,1
10540,af6ec600-633e-11f0-97d7-efff12aed0ab,놀래,42,1
10540,aca0a600-64ab-11f0-b1cd-0d1cc4ad7263,적야,42,1
10540,ab470c30-6a0b-11f0-9adb-01ec0e539aaf,꺼내지보이숙명,42,1
10540,a6da3270-6c4b-11f0-bdaa-ad27fd640cb0,히동이,42,1
10540,9a335850-68de-11f0-b6e5-1f4abc2a195f,김재섭,42,1
10540,930d09e0-6adc-11f0-9ebc-25f4c2b0a5e6,강뱅,42,1
10540,92ef6140-6561-11f0-844a-4f48097dc8d0,shsjsks,42,1
10540,92056990-694a-11f0-a86f-edc238a237ca,자손임,42,1
10540,92034970-6275-11f0-b63f-7755b72aa50f,SimHoon,42,1
10540,900f4fc0-67a6-11f0-8dd8-8d061ed0db8c,보루꾸,42,1
10540,8c95f700-64b2-11f0-9831-814864615b45,이건뭐냐,42,1
10540,86d4c6b0-69f9-11f0-87cd-13cc90e29527,탱이셩이,42,1
10540,83a05e70-6ba0-11f0-8f80-79c9c37e8ee5,도시윤,42,1
10540,82a05550-64d6-11f0-8ef3-8dde64b39158,망치는게임,42,1
10540,8053fd50-6473-11f0-a1b2-b796bafb6345,야아리,42,1
10540,7fe71b80-6604-11f0-9582-8f4f9f5b46ce,ramy,42,1
10540,7cc005d0-6a81-11f0-8032-c32c225a07c5,수라도,42,1
10540,7b3f88d0-68eb-11f0-a559-7966cc3307d7,abc567,42,1
10540,7624ce60-6381-11f0-b6f5-df7d29cfa051,은설랑,42,1
10540,75132050-620d-11f0-8954-d1ddcca9d272,이도몽,42,1
10540,731a3ac0-6624-11f0-afa5-e775e74c8006,호박색,42,1
10540,721bb780-63a8-11f0-bf20-b3f2ea84f71a,호호이안,42,1
10540,6ea16ee0-649a-11f0-aedf-55b71a55f5ce,규르바트,42,1
10540,6c3b8370-653f-11f0-8502-015c2c577c5f,나그네에,42,1
10540,698d1570-6243-11f0-a514-49ea4fb7f89a,솧툇춓,42,1
10540,695f1220-694a-11f0-a86f-edc238a237ca,구름고냥,42,1
10540,65bdcd00-682d-11f0-9761-51cebb951ef6,황월영,42,1
10540,654c1f50-6c26-11f0-a98c-ab8c12a4e4f7,hoya89,42,1
10540,63201f20-6c48-11f0-9c29-53a4b5805101,캉갈,42,1
10540,5d2b1ea0-63db-11f0-b0c8-0be5c747fc57,ming,42,1
10540,5cc452b0-637c-11f0-b1cc-5d67dd7777cf,최봉길,42,1
10540,56a85950-6730-11f0-b6f9-9341b272f2ff,진이안,42,1
10540,51c0ee70-66a9-11f0-b13b-29d1f77f9110,임지빈,42,1
10540,4c311ac0-65c3-11f0-8eae-0b69539c9f81,진진11,42,1
10540,4b3a0890-6afd-11f0-a25f-a5c76a070b9d,혈의향연,42,1
10540,484a9640-66ca-11f0-bec5-bbe08fa86bc3,땅스,42,1
10540,47e2c120-6574-11f0-9b02-9934e4aaee80,잭코,42,1
10540,407e2260-6aad-11f0-97f1-7fc07927d956,난세중,42,1
10540,407e0c50-6c63-11f0-a736-cb4f7c468586,허똑역,42,1
10540,3eadf3e0-6cea-11f0-9497-07950a6b2df0,김토리,42,1
10540,39ad8240-63dd-11f0-9b30-bfc50fd617fd,꾸룩,42,1
10540,399cd0c0-632a-11f0-bd91-910ab5255abf,김주눙,42,1
10540,395ab130-64f7-11f0-b0f9-9b13bf283379,빡재,42,1
10540,388b2490-6328-11f0-9a9d-576877acc917,장화신은냥이,42,1
10540,37628c80-624b-11f0-8731-517e16b3676b,낭만도살자,42,1
10540,36c7a8b0-6975-11f0-ae0d-6f90dae175ae,헐차료,42,1
10540,34d6a800-63ec-11f0-990b-3fc68f8c80ee,김잔디,42,1
10540,346936a0-63e0-11f0-80fd-8dc2ba771ecd,신수의격,42,1
10540,32ac79a0-6d2f-11f0-b976-671badd129d8,고랑고랑,42,1
10540,31c96b00-63cb-11f0-8a6c-c348a09bcc5f,돼지고기,42,1
10540,301dd110-647f-11f0-afc6-f198449342d5,난세날세,42,1
10540,2b0f59b0-650a-11f0-846f-13edae8f7606,레벨,42,1
10540,2a9eb890-67b2-11f0-a86b-6be161d85452,똘아,42,1
10540,28c7fb10-63f4-11f0-9920-7b30884ce968,지니랜드,42,1
10540,28a0bac0-6285-11f0-b63f-7755b72aa50f,새로운초보자,42,1
10540,267810a0-6b94-11f0-897e-8342d85e5dae,탯삐,42,1
10540,21ed3de0-61bb-11f0-b95b-27b568bed7b1,isac한,42,1
10540,210aebc0-676f-11f0-9e82-4d5672d5f65e,한반도의후예,42,1
10540,20a69fa0-63d5-11f0-9a87-810a40a679fa,12마리오,42,1
10540,20a574f0-6587-11f0-8ee0-7fdf94bcc26c,심심하냐,42,1
10540,1fb50f60-62f3-11f0-be58-8570b5052512,고양이가좋아,42,1
10540,1ea4f170-64c0-11f0-820f-1dd6e0e9aa71,단풍이,42,1
10540,1e1a0370-6237-11f0-b1ef-53e925ad2d1e,뚜비니,42,1
10540,1c1ba190-66fc-11f0-b905-616e286946a4,skinstar,42,1
10540,18982490-63e5-11f0-849d-3b3a1fc71a59,사이퍼신간,42,1
10540,16896380-657f-11f0-b0ad-37591fbff66b,북군,42,1
10540,0f0756b0-659f-11f0-adab-e3842e797e8d,물결,42,1
10540,0e1e2560-63c1-11f0-a06c-a18ad4eb2f25,콕콕,42,1
10540,0c9a3c00-6557-11f0-9fd2-7f97456546dc,천남궁,42,1
10540,06e1b140-63da-11f0-bb86-97bdb11e4eed,개복치,42,1
10540,066c1620-6519-11f0-998d-6361b2224259,뭉보리,42,1
10540,04bf8ec0-6441-11f0-bb35-df6429295e24,메밀,42,1
10540,02d62930-63dc-11f0-b5a1-97526412eaf0,롄눈,42,1
10540,020a83a0-624e-11f0-807b-b56290a6427d,더문,42,1
10540,019278b0-6889-11f0-af85-f749ed280756,종구,42,1
10540,006004b0-6a61-11f0-b350-274e47244e62,몽실이귀여워,42,1
10643,ffc485e0-623a-11f0-939e-157038911130,무쇠뱀,41,1
10643,ff175ec0-61b2-11f0-86c7-3b755c1eb5d8,검술가객,41,0
10643,fe0633c0-639d-11f0-8ad1-495afdf38cf0,혜주,41,1
10643,fddd8950-649e-11f0-8dc2-b1d7780ea280,승민이아부지,41,0
10643,fcf05740-64ab-11f0-bac8-c1efd8a8ec20,진운,41,1
10643,fcd90b40-6496-11f0-91af-e789610f26b8,신비비,41,1
10643,fbcf1721-645b-11f0-9cd9-4f3d9a0f948e,하녕,41,0
10643,f98714c0-625f-11f0-bcbb-714564b525f4,Like5588,41,1
10643,f901fa50-621f-11f0-9ed2-2327c5a1ff14,쇼키,41,1
10643,f776da60-695a-11f0-a1f0-37d091d614b1,생이,41,1
10643,f6a4ac90-6223-11f0-9ed2-2327c5a1ff14,현역가왕,41,1
10643,f64bbe30-6d47-11f0-8453-4d52e359456e,다크문,41,1
10643,f6131550-6520-11f0-8799-a56030339d38,메롱이,41,1
10643,f5372d40-62fc-11f0-a53e-f720860fcc8a,호쭈니,41,1
10643,f30081b0-62fd-11f0-83c3-59e47761ce71,오거,41,1
10643,f2f73470-6361-11f0-a70b-97528033efd5,라묘늬,41,0
10643,f238bce0-65c6-11f0-affa-eb5175889e94,이겸이,41,0
10643,f2092230-6807-11f0-a432-f5a269c347d6,닉네임이다있어,41,1
10643,f18e39a0-6706-11f0-8f88-4583aca29e09,은매화,41,1
10643,f173f220-66ca-11f0-a45a-8fae72bafa7b,연3군,41,1
10643,f15dfce0-625b-11f0-909b-ed23a48ab1a8,미니차차,41,1
10643,f0869ba1-63fb-11f0-83ae-cb0d7c1d5c99,천소여,41,1
10643,f05981a0-6960-11f0-86e2-d3a55f318685,hell,41,1
10643,ef9a7f00-63dc-11f0-8ce7-05e1fc9cefd2,Wint2r,41,1
10643,ef370340-63d1-11f0-9a87-810a40a679fa,yyun4421,41,1
10643,ef2f3b80-6aaa-11f0-97f1-7fc07927d956,뽀또리,41,1
10643,eee36410-6318-11f0-8d40-dfc9f921e722,ccu,41,1
10643,ecf21be0-644b-11f0-a4e4-a9524a101bbb,띵구,41,1
10643,ebbfed80-6a2a-11f0-83c1-071402a58f9d,돈쓰나미,41,0
10643,eb7af560-68a2-11f0-82e4-599e9347d376,예종,41,1
10643,eb5005e0-63a1-11f0-bf20-b3f2ea84f71a,재부재지채해파,41,1
10643,ea315190-6203-11f0-98fa-57d304879aab,렌트문의,41,1
10643,ea262b00-6224-11f0-abc2-914425398299,울피,41,1
10643,ea2561f0-6438-11f0-93a4-af3680a69719,검은놈,41,1
10643,e9847500-6880-11f0-9385-039dbbd1c7fc,누런티,41,1
10643,e945ab50-6951-11f0-9f3a-d936e3ed6e3a,준뱅,41,1
10643,e8635920-6876-11f0-bd58-2f67e4fbdbbe,휴미오,41,1
10643,e77e31a0-6ad9-11f0-a5d2-4bd7192c2f94,류아노애니,41,1
10643,e71fb460-65eb-11f0-b07a-3f86ba6af1de,싱가,41,1
10643,e718a270-625c-11f0-807b-b56290a6427d,걸어서가세,41,1
10643,e6c19220-6467-11f0-82c1-d1354574f8a3,포립,41,1
10643,e5d72050-6a34-11f0-a61f-ab8e09870683,주가,41,1
10643,e5a4e470-649c-11f0-8dc2-b1d7780ea280,준우수진도윤짱,41,1
10643,e54ddf10-6210-11f0-9813-b7579b20c221,막갈기,41,1
10643,e4740bd0-63bb-11f0-a7e3-7b406ef3e8c7,낭만야인,41,1
10643,e4550be0-622b-11f0-bbfd-8564365ef7ff,알렉,41,1
10643,e3c0b920-6723-11f0-b696-57f6be140e14,오낳,41,0
10643,e36c9760-643e-11f0-832b-c7e877b24350,나미씌,41,1
10643,e30a0d60-6912-11f0-958c-6d69e774cbea,탱타로,41,0
10643,e25b6820-6212-11f0-bbfd-8564365ef7ff,장규진,41,1
10643,e17a8650-62c8-11f0-b78d-9fbbdf7f23fb,야르찡,41,0
10643,e12cf800-6c8b-11f0-8dfe-d137fa109474,콜리는사랑,41,1
10643,dff4c610-638b-11f0-aec5-8f60c14ffced,류진,41,1
10643,df8361a0-63c2-11f0-a06c-a18ad4eb2f25,우빠빠,41,0
10643,deeb8e00-691e-11f0-9489-df1a9dcf8e7b,아무라,41,1
10643,deb48aa0-639b-11f0-9e16-f1cd993522e6,이시공낭자,41,1
10643,de3204c0-6249-11f0-807b-b56290a6427d,이의형,41,1
10643,dce34dc0-6764-11f0-87c3-0b4217e01a7d,반쪽,41,1
10643,dc19a4f0-641e-11f0-877d-c952436514c7,닭도리탕,41,1
10643,dbd47610-6454-11f0-baaf-45c3a00048ee,CE8,41,1
10643,d8e2fca0-66df-11f0-a25c-47a5a693b30a,닉넴쌍쌍바,41,1
10643,d8c96050-6933-11f0-98af-bff80b0492c0,루미니아,41,0
10643,d86e6600-6307-11f0-af2f-6f5b4995749a,라이온컴텍,41,1
10643,d80917e0-6a83-11f0-8acc-fb286914151f,좌천동솜방망이,41,1
10643,d7fb8fc0-64a3-11f0-b5c8-a523170b964a,망몽,41,1
10643,d7966ab0-6c09-11f0-87eb-690ec7d4dfe2,꼬물파파,41,1
10643,d6eaaf10-6950-11f0-8a8c-e705cbe6ed4d,대한세종,41,1
10643,d609b040-63f2-11f0-b23e-bd6209ed4614,썩소1,41,1
10643,d5fbd740-64e7-11f0-920f-d9bd8a2a820c,de란,41,1
10643,d4f00070-6482-11f0-923b-cb064b77cde3,HTX,41,1
10643,d351c720-643d-11f0-ba4e-2f2eb14df7d2,에디녀,41,1
10643,d09af5c0-62e3-11f0-8f11-77dd1d282e8c,다르비,41,1
10643,d068e610-6550-11f0-9129-5bddcb1a7f89,조준,41,1
10643,d0428ac1-63ce-11f0-99a0-f791fadc47f8,R재난,41,0
10643,d0370510-6239-11f0-939e-157038911130,땡칠이,41,1
10643,d00a5ce1-6775-11f0-ac22-89a616aaf971,김구리a,41,1
10643,cf29ee50-650c-11f0-a274-777d6197b8e4,아누09,41,1
10643,cdd8ef60-6c82-11f0-b06f-1bb3858adc4b,깜장꼬무신,41,1
10643,cd09e100-64aa-11f0-829b-d50781ca76af,제아무,41,1
10643,ccedcde0-6c47-11f0-bdaa-ad27fd640cb0,배추도사님,41,1
10643,cbb51cb0-6479-11f0-8847-9f16f919629d,동글딩글공룡,41,1
10643,cbaf5a80-6430-11f0-a580-6783cb326665,바람여행한국사,41,1
10643,cb827d50-6460-11f0-8670-973d055b2505,은찬대디,41,1
10643,cadc6310-6ad3-11f0-a5d2-4bd7192c2f94,폭바,41,1
10643,ca0cec20-6222-11f0-9b80-6dacbd1dec23,영므,41,1
10643,c94ea7a0-68e5-11f0-bf27-69600f7373fa,햄땡,41,1
10643,c9497b00-69f7-11f0-9adb-01ec0e539aaf,김씨1,41,0
10643,c8837860-6d17-11f0-b0d7-0b3415ac89fb,MINDOLY,41,1
10643,c86eb760-6491-11f0-bbfe-0d14bcd852b5,붐붐파우,41,1
10643,c8136180-6450-11f0-9a7f-07d3d9b1e362,그랑카인,41,1
10643,c74705b0-63e0-11f0-981c-6918ebc09e55,popCooL,41,1
10643,c4db5c30-676a-11f0-ac22-89a616aaf971,십본도,41,1
10643,c4830f10-63b1-11f0-9b10-25f9ca8a7a53,뚜둥,41,1
10643,c452fa90-6402-11f0-877d-c952436514c7,선물이,41,0
10643,c41d0cd0-6aad-11f0-aabe-19fce0d146b1,별빛미오,41,1
10643,c36f75d0-688b-11f0-aa25-a902b6341c91,양진수아,41,0
10643,c356d780-6266-11f0-ba61-57b32c8fdcaa,을사늑약,41,1
10643,c2f1fdf0-62e4-11f0-a9e2-bd6cd50a5a78,i보리i,41,1
10643,c2e23660-678d-11f0-b71f-3d8b76aa93c2,Sonicx,41,0
10643,c29d5960-65c5-11f0-bf97-2123285fe52f,쌍귀,41,1
10643,c27da9d0-624b-11f0-a510-196fe281bbd0,월묘,41,1
10643,c18bef80-6b4e-11f0-8d97-b96b9bed42c8,최묘아,41,1
10643,c03830e0-6620-11f0-96fa-990fd0c2f326,탁th0719,41,0
10643,bf637a50-6b87-11f0-9c79-a1775c9a0b89,모본,41,1
10643,bf0ab9c0-6ac8-11f0-adf1-352afe5db30b,귀찮은까망이,41,1
10643,beb95da0-68d4-11f0-8188-61fc44a09398,도요토미이순신,41,1
10643,be822320-6254-11f0-8f9f-2b1f493f1ba1,이꾸라지,41,1
10643,bdec45e0-637f-11f0-ab9a-491699e5c818,백지,41,1
10643,bd3c4d90-6481-11f0-995b-75bf8c0a2ec5,쳬라,41,0
10643,bcd25ea0-6204-11f0-b6b8-890977889e3d,퐁두두두루콩아,41,1
10643,bc1e4880-6483-11f0-923b-cb064b77cde3,이시카와미오,41,1
10643,bc186f90-6498-11f0-829b-d50781ca76af,검검이,41,1
10643,bc0e3f40-6a9f-11f0-a9cf-f3f33c48bf68,혜숭이,41,1
10643,ba25e480-65ef-11f0-9c47-f13b98eb10e0,오카네스키,41,1
10643,b9c74c10-6476-11f0-9c48-11e41ca3b3cb,기아,41,1
10643,b9636de0-6439-11f0-8bb1-eb965705e646,배배,41,1
10643,b95f1690-6485-11f0-ae38-872b2910783a,채이린,41,1
10643,b9581e60-6a3b-11f0-996b-990644e05d04,근육사슴,41,1
10643,b8f89410-656b-11f0-94e1-9148d7950b64,후드팬,41,0
10643,b89c9700-69c1-11f0-86e2-d3a55f318685,뿌앙빠웅,41,1
10643,b76ad890-6b94-11f0-ac9c-55c23a6ca868,누리마루,41,1
10643,b75701a0-6bc4-11f0-9543-ff2139a55da5,옛법,41,1
10643,b6781360-63ad-11f0-8944-41389033f614,우쥬니,41,1
10643,b5ad2de0-62df-11f0-8e55-53f16de9a7ce,장주,41,1
10643,b0fe03d0-6386-11f0-9b51-d36a85c863a7,세르티너,41,1
10643,b045f4c0-6291-11f0-adc6-455e8908a1ee,뉴예진스,41,1
10643,b015c3a0-694d-11f0-887b-73f0ee57cca3,뚱이파파,41,1
10643,afc7de40-6b5c-11f0-837a-5be36112ad0f,그러지마요,41,1
10643,ae932a40-63c6-11f0-9353-8773ba2d9d98,이57ioo,41,0
10643,abbb6a50-62e3-11f0-971e-0d9306189309,흐르는바람,41,1
10643,ab437af0-6d46-11f0-a693-ff327945c3a4,국제상인,41,1
10643,ab3adf80-6d32-11f0-84eb-eba0502a50b4,모리파파,41,1
10643,ab079830-69c9-11f0-83c1-071402a58f9d,goc,41,1
10643,ab05ffd0-69f0-11f0-9ccf-efc03aeeda2b,헿헤111111,41,0
10643,aa8b1ee1-6abe-11f0-b350-274e47244e62,꼬끄라떼,41,1
10643,aa52db20-68ed-11f0-8ce4-a510d1bb675b,바다푸들,41,1
10643,a66f0cf0-6329-11f0-9d30-a1884d59ed55,아기포뇨,41,0
10643,a588bf00-68e4-11f0-b6e5-1f4abc2a195f,74long,41,0
10643,a5838ea0-64a1-11f0-a845-496ab271568b,월매,41,1
10643,a50f0eb0-63a0-11f0-bf20-b3f2ea84f71a,면술,41,1
10643,a4f86950-65d8-11f0-8b43-95e86eba9601,10원짜리빤쮸,41,1
10643,a4df4580-66a8-11f0-8cad-77b80077cb64,비만토끼,41,1
10643,a4cc2070-6cef-11f0-a87f-b3ba9822d572,하하쿄머,41,1
10643,a3786650-63e6-11f0-bf41-c3e2fe979c75,애교대마왕,41,1
10643,a2da4c60-63f8-11f0-83ae-cb0d7c1d5c99,용봉이,41,1
10643,a1fbd970-664c-11f0-8157-83c241bc6c35,불수리,41,1
10643,a1f0bbe0-6d5d-11f0-9d0d-a11cc9845eb1,라온그루잠,41,1
10643,a1e9d2d0-6240-11f0-9c23-457fcdeb3714,뀨보링,41,0
10643,a1a81400-62f2-11f0-a53e-f720860fcc8a,꼬불,41,1
10643,a1859530-6903-11f0-a8f9-552003805e1b,랭킹1등,41,0
10643,a1080f00-67ca-11f0-aa0e-8137dd32d9f9,vbdv,41,1
10643,a0ad7f20-63e9-11f0-89c3-81bc4ed5aa4e,정의로운도적,41,1
10643,a0444810-625f-11f0-bddd-0f1b62ebaf6e,아무것또몰라요,41,1
10643,a000cc70-62cd-11f0-a655-3f20d48333c3,박패귀,41,1
10643,9ff67010-6429-11f0-89c3-81bc4ed5aa4e,걲걲걱겎,41,1
10643,9f380990-6780-11f0-bf08-6be28b2f5825,타나실,41,1
10643,9e5a0550-6401-11f0-bcbf-2b7f0b4e55b1,쏭크,41,1
10643,9df96960-63ee-11f0-a174-2f03cd9ae07c,쿠마쿠,41,1
10643,9d7f5a70-6309-11f0-93c0-3fa3bb7fad1e,jmy89,41,1
10643,9bfa3600-6446-11f0-84a8-a17d6cb326f9,공또비대감마님,41,0
10643,9b783f80-694e-11f0-9052-8d763cf66f7f,피한방울,41,1
10643,99f8b950-6449-11f0-ba26-c559d1541584,와이즈,41,1
10643,99ac6870-64d5-11f0-ad80-bf5616b7c1de,NBGSon,41,1
10643,9851b540-69c9-11f0-a669-cf0eea211da7,거니,41,0
10643,984a77e0-63ab-11f0-a8b3-b13cca01cb6a,한얼,41,1
10643,973b14f0-69a4-11f0-9567-3b74e61607c2,홍게라면,41,1
10643,97315cf0-643e-11f0-aa81-e7b48e5192eb,간세이표류기,41,1
10643,97260550-69af-11f0-8b3f-73b93d01f6b0,블리자드,41,0
10643,96088520-6311-11f0-a4e8-37a0c8f9bd22,벼무,41,0
10643,95994010-6236-11f0-bbfd-8564365ef7ff,brock,41,0
10643,94cc7ff0-6504-11f0-ada0-5d42ab9007c0,히힛하홍,41,1
10643,94b713e0-622a-11f0-b912-9b874d01aab6,주유콘,41,1
10643,94086a40-64d0-11f0-ad80-bf5616b7c1de,블루블랙,41,0
10643,92e77600-62c4-11f0-839f-d97137a128f6,맑음이,41,0
10643,8fdceae0-63d1-11f0-a9da-8b915b889dd4,히엔베옴,41,1
10643,8f04e7f0-63b1-11f0-9b10-25f9ca8a7a53,세피,41,1
10643,8d2bcb70-640f-11f0-a3ab-515b7dbdbb4f,떵이1,41,1
10643,8ca84f20-6405-11f0-83ae-cb0d7c1d5c99,비둘친구,41,1
10643,8b75b940-683c-11f0-b2fd-9d1d445c08a1,삼한군주,41,1
10643,8b1efee0-69ca-11f0-a6d0-d7dbeaf9d9e0,북평왕,41,0
10643,8abd3490-6a32-11f0-91fb-f3d72dd3b194,도른쇠,41,1
10643,8a56e430-64f9-11f0-920f-d9bd8a2a820c,포대,41,1
10643,8a441240-6898-11f0-b8d4-35bd2533c6c0,둥금둥,41,1
10643,89a984d0-6778-11f0-958a-a1ef21446339,이랑아래,41,1
10643,899e9fc1-6ae3-11f0-9ebc-25f4c2b0a5e6,메피,41,1
10643,897af800-6218-11f0-bbfd-8564365ef7ff,Junyleek,41,0
10643,889d7810-63bf-11f0-a06c-a18ad4eb2f25,8282,41,0
10643,887591a0-6618-11f0-9bc2-75dc4ebbb217,순정남,41,1
10643,876ffbb0-645b-11f0-8df0-a9be6ca1bee2,밤비노,41,1
10643,855cecb0-63b7-11f0-8d07-390a61232108,리지8001,41,0
10643,82814b70-67d2-11f0-ac79-bd0f37322c34,던킨,41,1
10643,823c8620-63f4-11f0-89c3-81bc4ed5aa4e,달토끼,41,0
10643,80649a30-63e6-11f0-89c3-81bc4ed5aa4e,한국자,41,0
10643,7e87cf41-6b0a-11f0-9bbd-13cb7f6920ac,서윤,41,0
10643,7e797720-61e5-11f0-b8f8-5536217c831a,검뎅이,41,0
10643,7de8d330-67b4-11f0-b8f5-d358b486ea69,쵸젠냥밍,41,1
10643,7d192ed0-63dd-11f0-9a87-810a40a679fa,큰돌장군,41,1
10643,7d00dea0-650b-11f0-846f-13edae8f7606,이루지윤,41,1
10643,7cc6f700-62a7-11f0-b99b-2fc53d965492,유현주,41,1
10643,7ca98950-679c-11f0-aed9-e7219e4530ad,깜진,41,1
10643,7ca0d300-6247-11f0-9ca6-b18ea4730904,세레스,41,1
10643,7b8504e0-631a-11f0-abe8-09c261bd0e21,오성식품,41,0
10643,7aa94220-6a31-11f0-8010-915371c938f2,바둑,41,0
10643,79b91b40-63da-11f0-b5a1-97526412eaf0,한치G,41,0
10643,792337f0-687c-11f0-bfc0-3deb2f070dac,용호동,41,1
10643,78de5eb0-6c09-11f0-8749-fb5c8b4148d4,묵천화,41,1
10643,77729ee0-64a4-11f0-8dc2-b1d7780ea280,XCJ천사,41,1
10643,77701020-62de-11f0-8e55-53f16de9a7ce,공허의숲,41,1
10643,77439a10-61fb-11f0-8c67-ef185d990655,별이비친바다,41,1
10643,773f8900-65f9-11f0-8cbe-319b644384b7,리치가이,41,1
10643,7265b000-6b83-11f0-ab9f-397a5ee4956d,dneiak,41,1
10643,71bf0010-65ee-11f0-ade7-832d34a76bd7,동동동동,41,1
10643,71a9def0-6310-11f0-b4ac-230641ea7477,침치코동빠,41,1
10643,7138bd00-6415-11f0-83ae-cb0d7c1d5c99,낙곱새표류기,41,1
10643,70eacc60-69ad-11f0-ae0d-6f90dae175ae,아웅다웅,41,1
10643,7065e080-6300-11f0-af00-9b7f567d02d1,커브,41,1
10643,704c3450-620b-11f0-9b80-6dacbd1dec23,닌자거북알,41,1
10643,6fdfb9a0-676b-11f0-9ee8-11faeeaf74d3,토실토롱파파,41,1
10643,6e0cee90-63bf-11f0-aab1-5f3bbe175c3e,케케크헝,41,0
10643,6dabf2a0-655b-11f0-b5ae-9f72a71a5588,소두식,41,1
10643,6d7fc2d0-65b9-11f0-a9e4-ad386b51d6fc,숑아,41,1
10643,6d342450-663c-11f0-8157-83c241bc6c35,리츠야,41,1
10643,6cee5040-63a0-11f0-8ad1-495afdf38cf0,안개별,41,0
10643,6cd46420-64a7-11f0-8dc2-b1d7780ea280,다꽝,41,0
10643,6bfbee90-64e0-11f0-89c4-91955faa19a3,지방이,41,1
10643,6b609e20-6c21-11f0-aed5-0bf4d0a3552b,Hazard,41,1
10643,6b2ac4e0-620c-11f0-b6b8-890977889e3d,솧툇춋,41,1
10643,69e038e0-67b1-11f0-a5ca-8d77d40408a1,헤븐,41,1
10643,69d36130-6ade-11f0-a5d2-4bd7192c2f94,안달루시아,41,1
10643,6959ad10-6d3e-11f0-9497-07950a6b2df0,태양ol,41,1
10643,66cd8b40-66ac-11f0-bbca-cb910a6526e3,프리타임,41,1
10643,66a488b0-65aa-11f0-8be9-7bc4b954113d,여친구함,41,0
10643,662a3b30-621e-11f0-a026-2b3e93922249,바선생튀김,41,1
10643,6333ea40-656e-11f0-9e57-bf5444bb216e,냄새꾸,41,1
10643,62f61da0-6460-11f0-baaf-45c3a00048ee,서미우,41,1
10643,62d17870-647d-11f0-bb5e-79bc0c4c5953,2등이네,41,1
10643,62142840-6925-11f0-bb85-e56e3f9b33fd,몬나니,41,1
10643,6202b7f0-6708-11f0-a3d4-43ebc2e41e55,춤추는곰,41,1
10643,61f606d0-6691-11f0-8490-4fd963bb9547,경호랑이,41,1
10643,61c4b3e0-63ef-11f0-a934-37f97c3285aa,슬멈,41,1
10643,61bea8f0-63b9-11f0-a06c-a18ad4eb2f25,김오하민,41,1
10643,603a2420-6790-11f0-bb20-11ad96385100,하파,41,1
10643,5faffa20-63ee-11f0-a174-2f03cd9ae07c,비불비,41,1
10643,5f3c3120-6a7a-11f0-b350-274e47244e62,죽빵,41,0
10643,5f1e5880-622d-11f0-b124-17ce52befe77,나는홍길동,41,1
10643,5d1e2c70-6482-11f0-995b-75bf8c0a2ec5,yn,41,1
10643,5c8a6ac1-6c3f-11f0-98cb-9992c3b823e7,Turac,41,1
10643,5c70c730-6a9d-11f0-9b9a-dfc16842ed10,홓호허,41,1
10643,5c22f3b0-63aa-11f0-9e98-299d606b6be2,아놔,41,1
10643,5bf00c90-6399-11f0-b91f-cbca55a9af76,롯데글로벌로지스,41,1
10643,5aeabfe0-6a4f-11f0-b8c3-31d76e99096b,수미공주,41,1
10643,5acedd91-6859-11f0-9f4e-a7377e1552a2,TheWitch,41,1
10643,59ec0cd0-62b5-11f0-a53e-f720860fcc8a,은문,41,1
10643,59db4ac0-6243-11f0-9b9e-13c7a7dd6c88,승율이율이,41,0
10643,59340a10-624a-11f0-8731-517e16b3676b,더퍄,41,1
10643,59187a80-6244-11f0-9ca6-b18ea4730904,로빈마스크,41,1
10643,572e0460-635c-11f0-899c-ed58ed9d92cb,난세난세난세,41,1
10643,5725b640-6378-11f0-9b1d-d3c0b0c471c9,hyomin,41,0
10643,571528f0-68b1-11f0-b6e5-1f4abc2a195f,윤딜탱,41,1
10643,56a212c0-6c49-11f0-a73a-89eac715ce01,류트,41,1
10643,5630e550-62d0-11f0-a89f-3182c3b8adb5,매화농부,41,1
10643,5623f140-6476-11f0-9219-f9e5d8ffaccf,katalog,41,1
10643,55678890-6546-11f0-b8dc-e3660ae75e14,스텐리킴,41,0
10643,55174b90-6b6e-11f0-b12d-131ac73060ee,사왕,41,1
10643,53bac580-6810-11f0-9069-eb268d57af69,몽키D루피,41,0
10643,52a8ed50-6510-11f0-998d-6361b2224259,썽이이,41,1
10643,52849e10-623f-11f0-8ed7-4f4ea466921e,이승민,41,1
10643,5253f810-62b6-11f0-839f-d97137a128f6,뱅갈쿠마,41,1
10643,51bea7b0-643c-11f0-9143-05b731683243,새종대왕,41,1
10643,51b9c250-6b66-11f0-8524-1595d8750a8c,찡찡파파,41,0
10643,5180fed0-64b2-11f0-85a0-ab4697b4b678,창윤,41,1
10643,5107f4c0-63e2-11f0-a278-8582881491ba,도굴왕,41,1
10643,50e370b0-637d-11f0-9a93-e1a70f769204,째룬,41,1
10643,50830f70-6244-11f0-9b9e-13c7a7dd6c88,칸쵸비,41,1
10643,4fe102f1-63cc-11f0-8f11-17371de17e69,된장,41,1
10643,4f9b5980-63ef-11f0-9d0a-9133cfaaac5d,김치찌개79,41,1
10643,4f8d26a0-6258-11f0-bcac-5b0ccb8691c4,메탈슬러그,41,1
10643,4f847c50-6643-11f0-af70-ebef616e787b,도로로표류기,41,1
10643,4f6509e0-6384-11f0-a716-97e6f4eb8e7d,liposome,41,0
10643,4efd0b80-621f-11f0-9b80-6dacbd1dec23,돼지각,41,1
10643,4ee155a0-62ad-11f0-b78d-9fbbdf7f23fb,찬이아빠,41,1
10643,4e241500-64ae-11f0-87c5-cfc271183eec,DooRoo,41,1
10643,4dc1be40-61d0-11f0-94d1-0d70694c9e17,불기둥,41,1
10643,4da450d0-63b5-11f0-8465-f716200b7246,인천거북이,41,1
10643,4bb9c780-6ccc-11f0-80b2-df6a7b97e98b,기가지니,41,1
10643,4ba216b0-676f-11f0-9e82-4d5672d5f65e,개꽁치,41,1
10643,4b638d00-6a62-11f0-8acc-fb286914151f,푸르뫼,41,0
10643,4b55b9e0-654a-11f0-8eaa-bf6dbefdd461,귀욤이,41,0
10643,4b02bf90-63e4-11f0-981c-6918ebc09e55,이무기강철,41,1
10643,4a55f5e0-63c5-11f0-8506-f7784b4ad14d,도검,41,0
10643,48b47b60-64f8-11f0-89c4-91955faa19a3,새벽이,41,1
10643,486c9450-6cf8-11f0-b16a-59affbdabbf5,YounHa,41,1
10643,4862a580-62c1-11f0-b78d-9fbbdf7f23fb,미니21,41,0
10643,485f2ab0-6701-11f0-a25c-47a5a693b30a,상관,41,1
10643,48475aa0-6398-11f0-b91f-cbca55a9af76,케렉이,41,1
10643,480b32d0-63d6-11f0-9eff-05b5a7fdbe0a,병맛,41,1
10643,468da400-6bac-11f0-8ba9-afce5a8231c3,anta25,41,1
10643,46365120-63e9-11f0-8ce7-05e1fc9cefd2,낭만한량,41,1
10643,45d91710-64c7-11f0-9cbb-d577723cbc86,fgsghedh,41,1
10643,455c9271-6c7a-11f0-8acb-a35784198e45,도도해,41,1
10643,4553cd30-6495-11f0-829b-d50781ca76af,아디,41,0
10643,44bb0f60-6a16-11f0-83c1-071402a58f9d,포항댁남편,41,1
10643,43cd3980-62ae-11f0-bf6e-91ab11ffb732,챙이,41,1
10643,433515c0-633e-11f0-899c-ed58ed9d92cb,바디워시,41,1
10643,4298d230-67d2-11f0-ac79-bd0f37322c34,amrita,41,0
10643,415d3700-67a8-11f0-a86b-6be161d85452,개꿀맨,41,0
10643,414d79f0-6352-11f0-9145-a52c50a03179,솜아빠,41,1
10643,40f4f410-63de-11f0-981c-6918ebc09e55,혜성대장군2,41,1
10643,3fd27120-67d0-11f0-aa0e-8137dd32d9f9,휴고,41,1
10643,3f7e30b0-6c30-11f0-aed5-0bf4d0a3552b,최태성등장,41,1
10643,3edf7cc0-66ab-11f0-b867-2b5d4785fc1c,뒤에서공격,41,1
10643,3e886a10-6611-11f0-9498-53e9ee74d283,나나로지,41,1
10643,3d8630c0-63aa-11f0-ba7f-eb17ba4e37cd,존잘홍삼,41,0
10643,3d5a3940-651f-11f0-8799-a56030339d38,용언니,41,1
10643,3d4c18d0-6248-11f0-9c23-457fcdeb3714,희나리,41,0
10643,3ce20310-619d-11f0-bf3e-f9dd8cb86994,ZI검사,41,1
10643,3cbe4d00-6493-11f0-8e6e-45b04a534d66,지후아빠,41,1
10643,3c14b9f0-62fb-11f0-aafb-6f8fc69735d7,니캉,41,1
10643,3bb187e0-6396-11f0-9e16-f1cd993522e6,리모트컨트롤,41,1
10643,3ba6ebf0-6256-11f0-ac8f-a72a62c95081,프우,41,1
10643,3b801200-6904-11f0-a0aa-93c8f690bfda,4월9일,41,1
10643,3a52b400-662f-11f0-8dc5-0ba92d25bd16,우우잇,41,0
10643,395a22d0-65e5-11f0-b7e1-0fe84bf8cf7a,조난,41,1
10643,3940c300-6bba-11f0-a8af-f73a307a4a56,이형,41,1
10643,39386630-63c5-11f0-9353-8773ba2d9d98,한나영,41,1
10643,381dca50-6308-11f0-97ca-0d85e330204a,걍걍,41,1
10643,38166180-6901-11f0-a0aa-93c8f690bfda,불량홍삼,41,1
10643,375d7250-648e-11f0-a086-85e9f4d94fe9,이루리,41,1
10643,36ef5f00-6843-11f0-9187-bfb76cd46158,ckjo,41,1
10643,36009cd0-650f-11f0-8799-a56030339d38,이찬동tt919,41,0
10643,35fbc270-61fc-11f0-8da8-9386a8e1cd85,꽃등심,41,0
10643,35f823c0-63cf-11f0-8a6c-c348a09bcc5f,명화솔,41,1
10643,358a2190-6a23-11f0-9416-6d61d44d7bd3,강삿갓,41,1
10643,34d646b0-6498-11f0-9388-1dac7838ba85,무명취,41,1
10643,347b7c60-6891-11f0-905e-c7bed89e0fd3,심시매,41,1
10643,346b3cb0-6544-11f0-be96-d5aee280d8cb,사주전문가,41,1
10643,34010310-649d-11f0-b5c8-a523170b964a,보부상,41,1
10643,33476600-688d-11f0-a167-fd5589de04b4,흐아앙앙,41,1
10643,32943a00-6458-11f0-ae17-6fdd4e1dac80,규동인데요,41,1
10643,32437570-6afc-11f0-b7d8-ab72e123535e,창천아수라,41,1
10643,31437d00-674b-11f0-a3b5-cb7d513a283d,콩길동이,41,1
10643,31275060-6c57-11f0-a73a-89eac715ce01,센앙뚱,41,1
10643,31227330-6237-11f0-b669-bf2d1b52708a,지옥대장,41,1
10643,310ef430-6445-11f0-ba26-c559d1541584,난세영웅이다,41,0
10643,30d33ed0-6194-11f0-b120-17d204b331a9,표류했냐,41,1
10643,30518cb0-6b4d-11f0-9a43-3969d6625913,우졍잉,41,1
10643,2ef70930-6d23-11f0-812a-d364660ceebf,닮은살걀,41,1
10643,2e7e9f90-6288-11f0-bcbb-714564b525f4,김곶감,41,1
10643,2e70cd20-6afd-11f0-aa7f-f324e8175b4b,미르77,41,1
10643,2d636480-687b-11f0-bfc0-3deb2f070dac,신난세,41,1
10643,2ce84be0-62fb-11f0-a023-03de6947eb94,공산당척살,41,1
10643,2cdef690-6bce-11f0-bbec-d73ff901d46b,주은나라,41,1
10643,2c26a640-66f0-11f0-abbe-1b148ce1c918,폭풍의기사,41,0
10643,2c0c1960-66f0-11f0-a25c-47a5a693b30a,거운,41,1
10643,2be9a1a0-622c-11f0-b124-17ce52befe77,오즈약국,41,1
10643,2bd12390-63cc-11f0-8f11-17371de17e69,루시아나,41,1
10643,2a10eea0-61ab-11f0-8d9e-717aec57ba88,루키아,41,1
10643,29e406e0-61da-11f0-b8f8-5536217c831a,우나1,41,1
10643,29aaa680-653f-11f0-97bf-e59a2053b9f6,이찬이에요,41,0
10643,2984a510-63d8-11f0-8ce7-05e1fc9cefd2,오잉00,41,1
10643,2952f0d0-66c4-11f0-bc5b-67d0e2b385f2,우뢰매,41,1
10643,293f7f30-63ab-11f0-9e98-299d606b6be2,한칼했다,41,1
10643,288147f0-6940-11f0-9593-8b7ecfb08742,베라야,41,1
10643,2776ad30-6447-11f0-ba26-c559d1541584,강강현현,41,1
10643,2641bca0-689a-11f0-969a-af2446ff078d,세상난세용이님,41,1
10643,2468d730-6366-11f0-ba6d-31d76c70e10b,vgfdy,41,1
10643,2419abf0-6a9c-11f0-a3f5-b7808f7fb4b1,뚜뚱스,41,1
10643,23319fc0-66d4-11f0-ba08-213ff4d969af,강명수,41,1
10643,22e51240-6567-11f0-b5ae-9f72a71a5588,박정우,41,1
10643,22af5530-6407-11f0-a684-2b9cd36018bc,가을남자,41,1
10643,2211a6e0-6b60-11f0-b2c9-29e2e53b69f1,윤연,41,1
10643,220435a0-660b-11f0-8d9d-2df44f4cae52,묘츠,41,1
10643,21ce7200-620d-11f0-8954-d1ddcca9d272,고광렬,41,1
10643,2053eeb0-6bcb-11f0-8c06-a7a944ebaa41,주드와트,41,1
10643,1fa48130-66af-11f0-bbca-cb910a6526e3,015B,41,0
10643,1f7275b0-6b86-11f0-aea3-e1db4ea82c97,미개토인,41,1
10643,1f52d8e0-62f8-11f0-b7c2-5907d7ac5d60,아트,41,1
10643,1ec27d80-6b00-11f0-bced-d3f5c44f2ab2,Senyyy,41,1
10643,1e15a160-625d-11f0-807b-b56290a6427d,은연현빠,41,0
10643,1db67de0-62bf-11f0-a53e-f720860fcc8a,아르센홈즈,41,0
10643,1cbd2a30-6245-11f0-a33f-f73020b95b05,헬락,41,0
10643,1bae96f0-6a75-11f0-a1c0-f953ad2a988a,위야위야,41,1
10643,1ab997d0-6931-11f0-98af-bff80b0492c0,기호임,41,1
10643,197763c0-6463-11f0-b9a2-71a70b35ee88,hooo,41,0
10643,1716cc60-6440-11f0-8944-5327091948db,호나경,41,1
10643,15b76ac0-69e3-11f0-9ccf-efc03aeeda2b,메디,41,1
10643,152c2350-6454-11f0-9bbb-977d07f6b3d2,Mashu,41,1
10643,14fc2c80-672f-11f0-924a-215eb8d4d8f2,신치호,41,1
10643,14e5c160-63d9-11f0-bb86-97bdb11e4eed,air97,41,1
10643,14e34dd0-6862-11f0-a2bd-a56b428bf25d,한방으로,41,1
10643,14c31270-63be-11f0-a7e3-7b406ef3e8c7,산다라박채연,41,1
10643,130bfd40-6bb9-11f0-948b-913c7c2d582b,아킹,41,1
10643,124b0390-690e-11f0-9c27-e1e79b9ad561,췌이,41,1
10643,121ddfb0-6395-11f0-a4da-3d0ef443f21c,S0H4RD,41,1
10643,110d1c20-630a-11f0-b4ac-230641ea7477,조준혁,41,1
10643,10e77640-630b-11f0-b218-43a24c54b5c1,너만사랑,41,1
10643,0ecf3e50-623f-11f0-b5d1-897b54eb0973,뽀그리,41,0
10643,0e4694e0-6485-11f0-a086-85e9f4d94fe9,가주가,41,0
10643,0d635350-63e1-11f0-80fd-8dc2ba771ecd,구름구르미,41,1
10643,0ca2b8d0-6499-11f0-aedf-55b71a55f5ce,침삼키기수동,41,1
10643,0c6f4200-6473-11f0-b9a2-71a70b35ee88,비니화니,41,0
10643,0c5cb300-6384-11f0-adf7-d1fabe44ecce,신씨,41,1
10643,0c4056f0-689e-11f0-9d16-9511dee127a6,럭키가이정군,41,0
10643,0c1686a0-6884-11f0-a557-63284acb0ec6,Hyun0110,41,1
10643,0ba5a2d0-6a39-11f0-8f71-7b608e1756aa,쿠룽지,41,1
10643,0b4dd950-6a4e-11f0-b8c3-31d76e99096b,구마나루,41,1
10643,0ab16df0-6219-11f0-a026-2b3e93922249,오느른,41,0
10643,0a69e6d0-644c-11f0-b3d6-0f89e1a2d28e,쩡건,41,1
10643,0a623b30-6ada-11f0-81c8-df68c1af4b53,샤이닝,41,1
10643,0a3a25c0-6cc7-11f0-aef0-8567de5b5272,현성,41,0
10643,09b63890-63db-11f0-8ce7-05e1fc9cefd2,109,41,1
10643,09a5df50-6614-11f0-8af8-af83b80f6378,두나빵,41,1
10643,08fb18b0-6509-11f0-998d-6361b2224259,하빠아아잉,41,1
10643,081513b0-65f4-11f0-9b05-13e70242b365,해일심,41,1
10643,05bf6b70-63a5-11f0-946e-33914717b047,악토듀스,41,1
10643,05b80bc0-6a24-11f0-9602-81ee37d26bd9,Aura,41,1
10643,0524ec60-6235-11f0-a8e0-c13502dd6b03,춘신군,41,1
10643,04450080-62e1-11f0-971e-0d9306189309,치히로,41,1
10643,04414450-624f-11f0-807b-b56290a6427d,워터엔젤,41,1
10643,041fc790-664a-11f0-96fa-990fd0c2f326,검은색,41,1
10643,04168720-6d4d-11f0-a5ac-25cfed422797,rlgur,41,1
10643,03cd5f60-6bbc-11f0-bbec-d73ff901d46b,구몬선생님,41,1
10643,033e36a0-6649-11f0-ad33-4f1cdf197ed4,카와무라,41,1
10643,0337c570-68a3-11f0-964b-837570811ae9,난세핑,41,1
10643,032b1be0-65dd-11f0-af8d-27ed9728107e,하이레딘,41,1
10643,02bcc0c0-630b-11f0-93c0-3fa3bb7fad1e,가연,41,1
10643,0277cec0-670c-11f0-aa67-7dd4c3adf3de,유민,41,1
10643,02101380-63af-11f0-ac6f-3bda8235e650,쏘써,41,1
10643,014ec8b0-6396-11f0-a4da-3d0ef443f21c,장만옥,41,1
10643,009af230-67ed-11f0-966a-9ddfc9fc7a33,천억,41,1
10643,001f8550-6b8a-11f0-a770-6bd7933a5934,cp3,41,1
10643,000cf660-6c48-11f0-9179-a5e9bfe05064,홍홍기리,41,0
11075,fc084cb0-62f4-11f0-b7c2-5907d7ac5d60,상상금지,40,1
11075,f769f0d0-66e3-11f0-b905-616e286946a4,rae,40,1
11075,f4fe0200-6292-11f0-adc6-455e8908a1ee,킹갓용선,40,0
11075,f1a8b5a0-63c8-11f0-99a0-f791fadc47f8,발로란트,40,0
11075,eef6d0a0-624a-11f0-ad06-05cd7d1d0a6e,호나우동,40,1
11075,e9c11cf0-63ab-11f0-a8b3-b13cca01cb6a,자덕맹,40,0
11075,dd0588d0-63a0-11f0-bf20-b3f2ea84f71a,옆동네건달,40,1
11075,dc997eb0-622e-11f0-bbfd-8564365ef7ff,haha,40,1
11075,d0fdf7a0-6915-11f0-9163-9b37cd4f63ff,죽슴,40,1
11075,cb5a5740-69c3-11f0-83c1-071402a58f9d,히어리,40,0
11075,c4a03b20-692f-11f0-ae8c-db603dd8bb9d,희귀종,40,1
11075,b86a1a30-63bf-11f0-a06c-a18ad4eb2f25,난길나봄,40,1
11075,b371e970-6317-11f0-abe8-09c261bd0e21,기인,40,0
11075,a7ebedb0-6602-11f0-97d0-fb9951280f6d,가란,40,1
11075,a0896ed0-6409-11f0-877d-c952436514c7,초라79,40,0
11075,941ce760-69d8-11f0-a97a-17464924d39f,l상산조자룡l,40,1
11075,8c58e8e0-6400-11f0-a3ab-515b7dbdbb4f,케로로중사,40,1
11075,87a513f0-6333-11f0-899c-ed58ed9d92cb,웱옹,40,1
11075,878f8dd0-623b-11f0-8ed7-4f4ea466921e,에피트,40,1
11075,81e46fb0-6694-11f0-8d91-67464caa9884,시월,40,1
11075,808e4500-6464-11f0-baaf-45c3a00048ee,만전만패,40,0
11075,7ee57950-655c-11f0-b5ae-9f72a71a5588,캐나다짐승,40,0
11075,79cef590-63cc-11f0-bb86-97bdb11e4eed,fjsbeyc,40,1
11075,6b0642c0-69a8-11f0-9567-3b74e61607c2,긴동이,40,0
11075,51d399a0-6b6b-11f0-b65c-c1a8117d14fc,늦대,40,1
11075,4dbe3e80-6583-11f0-8215-7facf6a27c0b,용방구,40,0
11075,4147d010-630f-11f0-a4e8-37a0c8f9bd22,늙은막내,40,1
11075,3b1ce960-63e0-11f0-b6e0-95710897614e,흑영,40,1
11075,39e5b5f0-6240-11f0-9ca6-b18ea4730904,초코초이,40,1
11075,39ddfda0-6a6b-11f0-b8c3-31d76e99096b,또다른너,40,0
11075,377f9ff0-6b97-11f0-9499-d3000780e9a4,난쟁,40,1
11075,357b6d10-698a-11f0-ae0d-6f90dae175ae,한능검특급,40,1
11075,1549e5b0-66df-11f0-abbe-1b148ce1c918,감지,40,1
11075,0d714420-6912-11f0-91c8-a923378c0f3a,악철,40,1
11109,fad797a0-6ac5-11f0-aa73-c544fd48d310,킹왕쨩,39,0
11109,e91e64b0-64a5-11f0-829b-d50781ca76af,그라세,39,0
11109,e8c60620-6221-11f0-abc2-914425398299,렝보,39,1
11109,e77b3240-6203-11f0-927d-c13e105601ec,하링,39,1
11109,dfe61a90-6771-11f0-b28d-9bbe9361f34f,아티잔,39,1
11109,dc85cbe0-690e-11f0-9c27-e1e79b9ad561,연현건후,39,0
11109,d97d3820-6ac1-11f0-aa73-c544fd48d310,월급타면강해져요,39,0
11109,cd14aa40-677a-11f0-832d-2343fb1c7686,보라군,39,0
11109,cc343ae0-6c94-11f0-825c-c707e7b34387,대희,39,1
11109,cb0a9120-6292-11f0-ba61-57b32c8fdcaa,Kinn,39,1
11109,c250b850-6249-11f0-807b-b56290a6427d,진북현,39,1
11109,b94e00a0-6627-11f0-8b0f-e9bbd77fc492,민파파,39,0
11109,b5dda120-63fa-11f0-89c3-81bc4ed5aa4e,힌둥,39,1
11109,a5db4290-6504-11f0-b1a9-958a22a1783c,호날두코딱지,39,0
11109,91955080-6556-11f0-a8f6-b9ccbcdd6c19,히사시부리,39,1
11109,8f8ab7c1-68a9-11f0-bd47-cf3af6acce80,권r,39,1
11109,8e2a43d0-67ed-11f0-bb71-090a139da64b,무신여포,39,1
11109,75d8d870-65ca-11f0-8816-3fe71c9e2f15,국산다람쥐,39,0
11109,5eedbf60-687f-11f0-8658-c155e1ae3308,sion0921,39,1
11109,573f21e0-6ba0-11f0-8f15-1b10dbe9691c,은적,39,1
11109,4e62f4b1-62eb-11f0-8567-d9cb9900f794,넌멋져,39,0
11109,4ce465c0-63c1-11f0-bb86-97bdb11e4eed,전설넘버원,39,1
11109,4219cc60-68bd-11f0-bd47-cf3af6acce80,재후니,39,0
11109,3d53e440-68db-11f0-acc6-9fa957ae20ea,맛밤,39,0
11109,37bcaee0-64c6-11f0-9cbb-d577723cbc86,허우어,39,1
11109,35834ff0-69c4-11f0-9adb-01ec0e539aaf,리완용,39,1
11109,2ff62ac0-6501-11f0-b0f9-9b13bf283379,홍길동생,39,0
11109,270f4750-6c33-11f0-9d81-e7c0c7be48b2,으에에애,39,0
11109,232802c0-6527-11f0-8799-a56030339d38,dong삼09,39,0
11109,19426c40-624e-11f0-92e7-a92a44042649,허니제이,39,1
11109,10806840-63d5-11f0-8ce7-05e1fc9cefd2,선공카길,39,0
11109,05640190-66b1-11f0-bead-d54787f6b724,싸이,39,0
11109,02df7670-6378-11f0-baf4-f589a09d6246,미끄덩,39,1
11142,fa30cc70-6487-11f0-a086-85e9f4d94fe9,라헤이,38,0
11142,f504e990-6534-11f0-a7a2-1dbf387388d6,dr5,38,1
11142,f4d11880-64a9-11f0-ac20-8734dac19833,푸린이,38,1
11142,f4279860-6304-11f0-b7c2-5907d7ac5d60,뇽끼,38,1
11142,ef45bbb0-6291-11f0-b831-2509b113c5f4,가나초코우유,38,1
11142,ea6ef090-6555-11f0-b3f0-412c1cd1201f,천저운,38,0
11142,dcf23be0-62c4-11f0-bde3-d924e312d41f,장현민,38,0
11142,d8f757a0-6521-11f0-85dd-2db918fca576,달별의,38,1
11142,c86201d0-624f-11f0-a7b6-cf18c18dd85f,하둥지둥,38,0
11142,b9494170-6210-11f0-9b80-6dacbd1dec23,jhgkiop,38,0
11142,b796bbf0-62bf-11f0-a89f-3182c3b8adb5,곽혁거세,38,0
11142,a5f8dd00-63a1-11f0-8ad1-495afdf38cf0,29462,38,0
11142,a3edff90-63a6-11f0-b630-4f8dc5617c79,서태빈우,38,1
11142,a26ee2b0-64f0-11f0-846f-13edae8f7606,이나리우스,38,0
11142,a0fb4be0-6337-11f0-a70b-97528033efd5,로더,38,0
11142,9df68970-630d-11f0-b218-43a24c54b5c1,바헤,38,1
11142,97399c70-6c64-11f0-a736-cb4f7c468586,초코두우이잉,38,0
11142,96622b20-65b4-11f0-b5ae-9f72a71a5588,차차52,38,1
11142,95f914e0-629a-11f0-9eb5-cf396344702c,꼴등DNA,38,0
11142,92601560-6a4a-11f0-8acc-fb286914151f,니엄나,38,1
11142,75609750-646e-11f0-9929-49fcfc223a08,개미표류기,38,1
11142,6e7a9770-6512-11f0-a092-cfb4e8946e57,칼리오페,38,0
11142,68e1d500-6b7d-11f0-b12d-131ac73060ee,파스,38,1
11142,56d9bcc0-67e4-11f0-9fe6-dbed36964172,siroo,38,1
11142,4f708260-6583-11f0-ba14-cdf939a99199,샹구스,38,0
11142,4b4f62e0-643a-11f0-9143-05b731683243,하하호호후휴,38,1
11142,4481ef10-6515-11f0-9836-2f0bfe63bad8,oyvhv,38,0
11142,43af5d50-63d7-11f0-b0c8-0be5c747fc57,달모기,38,1
11142,3f3528b0-64fc-11f0-920f-d9bd8a2a820c,바로고,38,0
11142,3ac1e7d0-6382-11f0-969f-574f3b894b44,수박주스,38,1
11142,39ef0be0-654d-11f0-9bfa-fbe46a729beb,마지오프,38,1
11142,32fd01c0-64b7-11f0-934b-6da68273cd83,현지인,38,0
11142,2e7baff0-6d29-11f0-84eb-eba0502a50b4,빠깡,38,1
11142,2bbe4250-6491-11f0-829b-d50781ca76af,일임,38,1
11142,2b422340-6acd-11f0-9ebc-25f4c2b0a5e6,RG1,38,0
11142,2493a610-653a-11f0-971a-35e806be879b,이즈비,38,1
11142,1a1acd90-6601-11f0-9e11-93beaae5d35b,슈퍼군입니다,38,1
11142,12e97c40-6586-11f0-94e1-9148d7950b64,청랑열전,38,1
11142,10c591b0-66c1-11f0-8fbf-0fdd93624d2c,ninejuan,38,1
11142,0fe32d00-6308-11f0-af2f-6f5b4995749a,tesy,38,0
11142,05f5a9c0-689f-11f0-a80a-5336d741d1ea,도루코,38,0
11183,fe53ff90-64a3-11f0-ac20-8734dac19833,내맘이야,37,1
11183,fc485ca0-6499-11f0-90f2-efb4d5ac17d9,JSGhost,37,0
11183,fa5b6750-6b08-11f0-b0ef-552a186d704e,흑람,37,1
11183,f3ece0a0-63c5-11f0-86ef-4d438ea3ec33,대산대덕,37,1
11183,ef7e97c0-663b-11f0-bc31-31a33162f175,프리시티,37,1
11183,e948b7d0-664c-11f0-8157-83c241bc6c35,미미우니,37,1
11183,e4919ef0-6b5b-11f0-837a-5be36112ad0f,몸빵,37,1
11183,e2414590-6d38-11f0-9497-07950a6b2df0,바닉19,37,1
11183,e01f3960-63f7-11f0-afb4-8b388ad7e025,둘셋,37,1
11183,dd5abad0-63fa-11f0-8579-b75c8d5afd27,배이귀,37,1
11183,dc768d30-6209-11f0-9b80-6dacbd1dec23,나다러,37,0
11183,dba70340-63ed-11f0-a174-2f03cd9ae07c,지믿승,37,1
11183,dad9c4f0-64ad-11f0-b5c8-a523170b964a,류휘령,37,1
11183,d94efdc0-6643-11f0-82d4-f9224631a18a,영트리버,37,1
11183,d7cf1760-67aa-11f0-8035-114ee1b09fd1,수니짱,37,1
11183,c150e330-6307-11f0-af00-9b7f567d02d1,hehdd,37,1
11183,c13566f0-6d02-11f0-974b-27baa6d4efcd,이피07,37,1
11183,c09af850-6a68-11f0-b7a5-333dfc345c53,오대환,37,0
11183,c0751500-63be-11f0-aab1-5f3bbe175c3e,빅네임,37,1
11183,be94b3a0-61fa-11f0-8f57-d38927707cf0,백도찬,37,1
11183,bae26ae0-6538-11f0-8fcf-49b1bc77966f,밍키아빠,37,0
11183,b9191660-6a37-11f0-956d-f587253c245e,탄생,37,1
11183,b5fd21d0-630f-11f0-b218-43a24c54b5c1,etxqawvz,37,0
11183,ae4be6b0-6869-11f0-8365-2558ca1ada4d,배너,37,0
11183,aadb2690-6840-11f0-86ba-0ffb1972661d,한여울,37,1
11183,a93d1090-69f9-11f0-9416-6d61d44d7bd3,양배추대디,37,0
11183,a26d3850-636c-11f0-a70b-97528033efd5,니12엄마,37,1
11183,a23afcc0-6635-11f0-9293-2f108164e9cc,민짱맨,37,0
11183,9af3bf70-6a0d-11f0-9adb-01ec0e539aaf,가디언,37,0
11183,98b8c5f0-67d0-11f0-9522-11881f116ae1,안타라스,37,0
11183,9264d590-6974-11f0-b533-e5c77c7b5978,리링크으,37,0
11183,8d9f6460-6539-11f0-bf88-f5c7f77ee584,옌이,37,0
11183,89b1d180-6570-11f0-90c5-555ab05ea06b,안녕하시온,37,1
11183,85db40c0-6762-11f0-90a9-8122dc0c48db,군주천왕,37,0
11183,81fdb420-68f1-11f0-9b1e-4186ee633c19,탁주한사발,37,0
11183,81824200-6d64-11f0-8ace-c9e44639a5b1,coffefox,37,1
11183,72903ac0-6596-11f0-b772-ef8c8999ed1d,벨랑,37,1
11183,6f7c86a0-674d-11f0-b6f9-9341b272f2ff,dcfs51,37,1
11183,5a2a5d40-6545-11f0-8502-015c2c577c5f,삼백,37,0
11183,56761e80-6a8d-11f0-9b9a-dfc16842ed10,해아,37,1
11183,50ad0100-6a18-11f0-9416-6d61d44d7bd3,최불암,37,1
11183,49da9670-63e8-11f0-a174-2f03cd9ae07c,nonojk,37,1
11183,438e47c0-6add-11f0-81c8-df68c1af4b53,어웅어어어엉a,37,1
11183,434e9f20-65d9-11f0-8779-3787abcbba03,재하천재,37,1
11183,41933eb0-6a67-11f0-b350-274e47244e62,샤이가이비,37,0
11183,411aea30-64b0-11f0-a2c0-87ada2bfe11c,위즐,37,1
11183,40a312d0-6b9a-11f0-9c95-f327c861b311,손태협,37,0
11183,3f4e8d41-6471-11f0-a8d6-9514efa5ade9,듸긔,37,0
11183,3f35c0e0-6ace-11f0-9ebc-25f4c2b0a5e6,초삐,37,0
11183,3eee07f0-6588-11f0-9ce3-753b6fa7bc9e,웅애,37,1
11183,3972aad0-649b-11f0-814e-7d3df55868b8,츄릅,37,1
11183,333de720-68f0-11f0-9888-593c2b11ec29,장야,37,0
11183,325b5cc0-6305-11f0-93c0-3fa3bb7fad1e,머르르,37,0
11183,304207b0-63cb-11f0-bb86-97bdb11e4eed,어디보자,37,1
11183,25022380-6533-11f0-8799-a56030339d38,달사랑,37,1
11183,23c16190-6761-11f0-9063-9d9873921b52,루니아,37,0
11183,23b1c070-650c-11f0-998d-6361b2224259,리릭스,37,1
11183,1b89aae0-64c4-11f0-bfcf-1fdb18c8f989,류랑,37,1
11183,1ad39a80-6536-11f0-a15d-6fd1b18d9c14,maersk,37,1
11183,19b9eca0-6674-11f0-8b65-97eb249c79b0,오따니,37,0
11183,1183cb60-630d-11f0-b218-43a24c54b5c1,남궁제갈표류기,37,0
11183,07b59030-6323-11f0-862d-6df1176b754d,바게트빵,37,0
11183,0596b2a0-69d8-11f0-a97a-17464924d39f,임응꼬,37,0
11183,056f5650-64bb-11f0-a475-093604a1564e,후쭈,37,1
11183,03eb91e0-657e-11f0-b7e3-fb434d59fc04,라굴,37,0
11183,00e6bb70-68a1-11f0-acf7-4f4db1b3dc93,읏럇챠,37,0
11249,ff6a6c30-6812-11f0-a432-f5a269c347d6,정철,36,0
11249,feab9c60-62a9-11f0-bf6e-91ab11ffb732,율구,36,1
11249,f3ecd730-6231-11f0-8510-f70fc2d13c3b,라제스카,36,0
11249,f2715f80-6299-11f0-ba61-57b32c8fdcaa,겜안,36,0
11249,ef832b00-641f-11f0-a3ab-515b7dbdbb4f,이서아빠,36,0
11249,ebf1a640-6ab6-11f0-aa73-c544fd48d310,횽낄덩,36,1
11249,eb159400-62e8-11f0-a53e-f720860fcc8a,먐먀,36,1
11249,e0d283a0-63d2-11f0-9a87-810a40a679fa,로또신,36,1
11249,e0b86e50-6195-11f0-b4ce-395a939fdd10,syhsvs,36,0
11249,de4d0930-675f-11f0-8c5f-455087d1ba19,눈티부,36,1
11249,d1c60fb0-696f-11f0-bc56-3d09b4cf96b9,풍납,36,0
11249,cf1d6d00-69b3-11f0-ae0d-6f90dae175ae,짜리짠짠,36,0
11249,cd642940-649a-11f0-90f2-efb4d5ac17d9,웃는구름,36,0
11249,c9c2f681-6301-11f0-af00-9b7f567d02d1,농노,36,0
11249,c7deec60-6442-11f0-bb35-df6429295e24,주하도리,36,1
11249,c4dc0d70-6412-11f0-877d-c952436514c7,국국국,36,1
11249,c432f9a0-662a-11f0-8621-0f3e351e9362,통통해용,36,0
11249,c2e231f0-6aa4-11f0-aabe-19fce0d146b1,쿠아치,36,0
11249,c29c5ac0-625e-11f0-9eb5-cf396344702c,김석준,36,0
11249,c27a52d0-674b-11f0-a3b5-cb7d513a283d,엘리샤,36,0
11249,c18c0780-6a46-11f0-a1c0-f953ad2a988a,fguff,36,0
11249,c07b1e30-6d2f-11f0-b976-671badd129d8,이견,36,1
11249,bfbe8570-622d-11f0-aa91-9b126fa90fce,뉴잉,36,0
11249,b9170f40-624f-11f0-9389-bdd3075e1ab8,sosolres,36,0
11249,b868b2b0-6353-11f0-97d7-efff12aed0ab,지존예,36,1
11249,b6e15d80-6884-11f0-87f8-e187f9342dae,098,36,1
11249,b6790e40-6430-11f0-9143-05b731683243,그극닏,36,0
11249,b227b5c0-6391-11f0-9b51-d36a85c863a7,뚠구,36,1
11249,b03b6450-620b-11f0-9b80-6dacbd1dec23,도깨비왕자,36,0
11249,afe4ab60-6585-11f0-a60e-1997edb5530b,동네꼬마,36,1
11249,ae7fb0b0-6c76-11f0-b06f-1bb3858adc4b,믕믕믕,36,1
11249,abb587d0-6a3f-11f0-8acc-fb286914151f,됴아,36,1
11249,a9ce1f90-6b02-11f0-805b-b77f679ab7b8,이서씨,36,1
11249,a29f62a0-6950-11f0-9052-8d763cf66f7f,김재이,36,0
11249,9c1b4c50-6c7a-11f0-a8de-d7173687f0b3,사해장로,36,1
11249,98f4e230-652b-11f0-85dd-2db918fca576,신숭겸의후예,36,1
11249,974e2dd0-662d-11f0-9e05-f7f3cc626bbf,검무극,36,1
11249,90e64900-680d-11f0-bb71-090a139da64b,뭘해도된다,36,1
11249,8d0a0290-6312-11f0-a4e8-37a0c8f9bd22,즌우치,36,0
11249,8c38d750-64bc-11f0-bac8-c1efd8a8ec20,jgly,36,1
11249,834fbd60-6d14-11f0-b0d7-0b3415ac89fb,난이순신,36,0
11249,82f83260-645f-11f0-9cd9-4f3d9a0f948e,일2삼4오6,36,1
11249,80065d00-6538-11f0-804d-51b2f3c93538,청서,36,0
11249,7f3817d0-6388-11f0-9b51-d36a85c863a7,로센,36,0
11249,7b5611e0-6468-11f0-82c1-d1354574f8a3,Hyblend3,36,1
11249,702dd860-6a86-11f0-8acc-fb286914151f,고역,36,0
11249,7022f0c0-63d4-11f0-a9da-8b915b889dd4,날아라곰아,36,0
11249,6f2e2480-6458-11f0-8b4d-01ccbaf92ff4,나연,36,1
11249,6dd06170-6c28-11f0-98cb-9992c3b823e7,뿌햄쩡,36,0
11249,6a783cc0-66f9-11f0-9d75-1fd8178eda43,knggum09,36,0
11249,69b7eef0-6836-11f0-b2fd-9d1d445c08a1,고라에몽,36,1
11249,68e9cd60-64b0-11f0-a8b2-13458b8aee05,00돼지,36,1
11249,66390ec0-630f-11f0-a53e-f720860fcc8a,하니보니,36,1
11249,5c0ded30-643b-11f0-ba4e-2f2eb14df7d2,복지베풀유,36,0
11249,5596d410-63d4-11f0-b0c8-0be5c747fc57,소율파파,36,0
11249,5506cf30-647b-11f0-a8d6-9514efa5ade9,CLONE1,36,1
11249,54dd8e90-6bc9-11f0-b544-ebab87412661,송태공,36,0
11249,524a6050-69f7-11f0-83c1-071402a58f9d,오마이칸,36,1
11249,50ab4360-6c75-11f0-92f8-0b0dfcc0c41e,을비,36,1
11249,4dc3f7a0-6211-11f0-802a-01726bb91ef4,지오얌,36,1
11249,4d0bf180-63ee-11f0-8657-2126cbb05f56,홍비비,36,1
11249,4be4bbe0-695a-11f0-887b-73f0ee57cca3,골조맨,36,0
11249,49ffff80-6b8d-11f0-9c79-a1775c9a0b89,쿠바나더블,36,1
11249,486c7720-61dd-11f0-94d1-0d70694c9e17,러브터보,36,1
11249,451db411-630b-11f0-b218-43a24c54b5c1,차뱅,36,1
11249,4274e970-6443-11f0-a8ce-a3b5dafbf2e5,뭥미,36,1
11249,407c7f90-61f8-11f0-82d0-c9e26b974f8f,mods,36,0
11249,406a2be0-6470-11f0-b9a2-71a70b35ee88,별아빠,36,1
11249,3d0779d0-6529-11f0-b600-494f6532820c,진서러브,36,1
11249,3ca93e50-62e6-11f0-bae8-c7f7552357d8,파파74,36,0
11249,3b003870-6b19-11f0-b8ff-3344b109df80,으응가,36,1
11249,3873c3f0-6444-11f0-8944-5327091948db,셀하,36,0
11249,376986d0-64bb-11f0-a475-093604a1564e,kamien,36,0
11249,34aafda0-62fb-11f0-a023-03de6947eb94,쥬지,36,1
11249,33bdabd0-63c9-11f0-8f11-17371de17e69,대홍동짜장비빔,36,1
11249,2f65afd0-642b-11f0-877d-c952436514c7,고릴라고씨,36,1
11249,2d25d5d0-6316-11f0-a67a-173fdcafaabc,가을왕비,36,0
11249,29950140-64b3-11f0-a178-1dafd6c0db90,탱탱,36,0
11249,283504f0-65d8-11f0-8b0e-f5fed97303e5,연지,36,0
11249,258566e0-647b-11f0-9c48-11e41ca3b3cb,백마탄귀공자,36,0
11249,24f95de0-6457-11f0-8f1e-9b9f4436b281,똔이아빠,36,0
11249,23afaa30-66a4-11f0-94de-07aeca620138,천마공,36,0
11249,1c5481e0-69db-11f0-9416-6d61d44d7bd3,신강,36,1
11249,186fb970-6d03-11f0-9497-07950a6b2df0,깨꼬비,36,0
11249,1469f020-61b4-11f0-8634-6f5197e3ac60,시온익,36,0
11249,13a027d0-6ac5-11f0-aa73-c544fd48d310,블랙앤화이트,36,0
11249,0d17c2e0-6306-11f0-ac70-a708c19ff45f,추호흑독산급닥닏,36,1
11249,08d75260-694e-11f0-9eb1-291bf23f596e,들이박,36,1
11249,06f01150-6889-11f0-9ade-15b332d82e41,오냥군,36,0
11249,0217ea40-6ad7-11f0-b538-6192b34d2599,이리쓰,36,0
11249,01f40e30-681c-11f0-9069-eb268d57af69,푸딩이,36,0
11340,fc417ac0-6a6b-11f0-a1c0-f953ad2a988a,스테,35,0
11340,f5d45860-6ae3-11f0-9ebc-25f4c2b0a5e6,엔뚜,35,0
11340,f578b0a0-62dc-11f0-8567-d9cb9900f794,나선비,35,0
11340,f2b33760-69d4-11f0-8f96-49279775b5cf,huniz,35,0
11340,f23c21d0-65d2-11f0-a55a-ff95efeb91cb,도하선생,35,0
11340,efdd4e10-6581-11f0-a8f0-35f7e49c32ec,난쵸,35,0
11340,ebfe17f0-6227-11f0-bbfd-8564365ef7ff,마마박,35,0
11340,ebfb5760-651d-11f0-a092-cfb4e8946e57,진실,35,0
11340,e8906ab0-6654-11f0-a776-73e6a717c241,걸리버,35,0
11340,e6113650-6606-11f0-a954-17a0435dde3a,북극성,35,0
11340,e4cb05b0-631c-11f0-abe8-09c261bd0e21,뒹긕에달아,35,0
11340,e496ba70-62c8-11f0-b252-a1a047cc5cf1,뫙구,35,0
11340,e3139bf0-620f-11f0-b6b8-890977889e3d,콩쑤,35,0
11340,dc25c600-6b89-11f0-a770-6bd7933a5934,세종대왕님,35,0
11340,d7e32560-6459-11f0-8f1e-9b9f4436b281,삥뜯으러가쟈,35,0
11340,d749f090-62c2-11f0-b78d-9fbbdf7f23fb,우담바라,35,0
11340,d14ee7a0-69e2-11f0-9416-6d61d44d7bd3,달래집사,35,0
11340,d05f0100-650e-11f0-8c8c-516459935cb8,하리아,35,0
11340,d019a6c0-6bb5-11f0-a8af-f73a307a4a56,고소애,35,0
11340,ce1141c0-6611-11f0-8d9d-2df44f4cae52,변응기임,35,0
11340,cbd2c140-6d55-11f0-84ea-85e702061068,동산표류기,35,0
11340,c6f150e0-61f9-11f0-94d1-0d70694c9e17,우솝,35,0
11340,c5142560-657b-11f0-84de-d97d850457ea,Anathoth,35,0
11340,c37da400-68f6-11f0-b6e5-1f4abc2a195f,austino,35,0
11340,c26e1470-69d5-11f0-9416-6d61d44d7bd3,김윤후,35,0
11340,be994590-63bd-11f0-ab4c-1749d25baca6,별하다,35,0
11340,bbbec270-6b1d-11f0-8f14-2f5913224acc,임백구,35,0
11340,bb977110-63da-11f0-bb86-97bdb11e4eed,ew,35,0
11340,ba458410-6c8a-11f0-a08e-c5d1ee5b4be5,순신의술,35,0
11340,b9e88960-688c-11f0-8a2e-739305bc1e9c,나노마신,35,0
11340,b97d0020-6317-11f0-b4ac-230641ea7477,도라에몽,35,0
11340,b2732130-6392-11f0-b91f-cbca55a9af76,전지적독자시점,35,0
11340,b0f579e0-63ea-11f0-b7da-b1eabfba0a73,밤까마귀,35,0
11340,af5475e0-63af-11f0-a110-bf1368febfaf,엘데나스,35,0
11340,aeadd341-6d3f-11f0-9497-07950a6b2df0,desk탑,35,0
11340,adcddb40-63c2-11f0-ad70-4dff5b82908c,벨로깡,35,0
11340,ac26ae30-6894-11f0-a4e1-475c4fab3557,춘전,35,0
11340,a5bebc10-62a2-11f0-9ad3-4d475483bc38,타카라,35,0
11340,a4ce2620-6445-11f0-84a8-a17d6cb326f9,천마령,35,0
11340,a2f03190-64f9-11f0-846f-13edae8f7606,해랑화,35,0
11340,a20e1e60-63da-11f0-8ce7-05e1fc9cefd2,하울의움직이는성,35,0
11340,9f99dfc0-6a8d-11f0-a3f5-b7808f7fb4b1,시장,35,0
11340,9a79a680-6c07-11f0-948b-913c7c2d582b,아킬라,35,0
11340,97c65410-6248-11f0-9c23-457fcdeb3714,풍몽,35,0
11340,9769cc60-6ce1-11f0-9b40-39de905d3348,조간지,35,0
11340,96a495e1-65b5-11f0-9b02-9934e4aaee80,냥뇨기,35,0
11340,969252f0-6cf3-11f0-9f02-6f2f23df42c0,몰라루,35,0
11340,965511c0-6cc5-11f0-9b40-39de905d3348,강목사,35,0
11340,91cb9610-6211-11f0-802a-01726bb91ef4,뀨니짜왕,35,0
11340,9168b4e0-632a-11f0-9d30-a1884d59ed55,기믕애,35,0
11340,909b3e70-62f8-11f0-b7c2-5907d7ac5d60,레진,35,0
11340,90100fc0-692a-11f0-a8dd-598f7d18eede,가람몬,35,0
11340,8c137660-64fb-11f0-b0f9-9b13bf283379,갱뱅갱갱,35,0
11340,8a4f6840-6869-11f0-a923-73f47e80bbb8,리니후,35,0
11340,8585b9f0-6ad4-11f0-887f-c18cdf79257d,대한이,35,0
11340,801af770-62bc-11f0-b78d-9fbbdf7f23fb,흑빛날개,35,0
11340,7feed1f0-662b-11f0-9e05-f7f3cc626bbf,전한길한국사,35,0
11340,7dbea560-6313-11f0-b4ac-230641ea7477,호아퀸,35,0
11340,73a3d020-66b3-11f0-bbca-cb910a6526e3,엘라이,35,0
11340,71bc1180-65fc-11f0-8cbe-319b644384b7,빈이현이,35,0
11340,6ede84d0-625e-11f0-bddd-0f1b62ebaf6e,새온,35,0
11340,6cd2fbf0-62e3-11f0-971e-0d9306189309,뽀미주인장,35,0
11340,6ab00af0-6880-11f0-8658-c155e1ae3308,왕군,35,0
11340,6aa64e10-6b8d-11f0-bb04-33ed12fd8657,든이,35,0
11340,6a4be5a0-6585-11f0-a7de-35bbc8ccc309,돗진갯진돗개,35,0
11340,64e03bf0-64c4-11f0-a3c0-1d4cb12fff23,아스타로트,35,0
11340,6317d620-6352-11f0-899c-ed58ed9d92cb,김수빵,35,0
11340,61648b10-6245-11f0-86ad-5de35a576cc5,괴월,35,0
11340,60eff5e0-6a1d-11f0-9416-6d61d44d7bd3,순우아빠,35,0
11340,606221b0-62b2-11f0-bf6e-91ab11ffb732,멍냥이,35,0
11340,5d801f60-620d-11f0-95d2-33c2bc31b4d0,HAon,35,0
11340,5bbb6b10-62b4-11f0-a89f-3182c3b8adb5,의적홍길,35,0
11340,55c73380-6ad2-11f0-adf1-352afe5db30b,다사다냥,35,0
11340,558d71b0-6918-11f0-a1de-d56c01849062,레아리,35,0
11340,5520bd50-6ab1-11f0-97f1-7fc07927d956,kyle22,35,0
11340,54b53320-6212-11f0-8954-d1ddcca9d272,레이이,35,0
11340,54b05a70-6a10-11f0-81d8-d75e58d916af,모모비비,35,0
11340,52903930-6c37-11f0-aed5-0bf4d0a3552b,기왓집오너돌쇠,35,0
11340,4f0e9240-67b2-11f0-a5ca-8d77d40408a1,견휜,35,0
11340,4dabe280-6745-11f0-b6f9-9341b272f2ff,뿌잉,35,0
11340,4d68dde0-6778-11f0-ac22-89a616aaf971,귤자,35,0
11340,4d315e50-6242-11f0-9ca6-b18ea4730904,최뽀또,35,0
11340,4b065520-68de-11f0-acc6-9fa957ae20ea,sunmeon,35,0
11340,44c1a910-6c19-11f0-98cb-9992c3b823e7,신아sin,35,0
11340,40a272f0-624c-11f0-8731-517e16b3676b,끼우쓰,35,0
11340,3f22cf40-6717-11f0-b6f9-9341b272f2ff,에리이,35,0
11340,3e5e6020-63dd-11f0-b0c8-0be5c747fc57,채마초,35,0
11340,3c7d5221-69d2-11f0-a97a-17464924d39f,몽중혼,35,0
11340,3ad86ea0-6225-11f0-8f4d-9b20c6de68be,규름,35,0
11340,39f7ac60-6bb9-11f0-948b-913c7c2d582b,복댕이,35,0
11340,36eb57a0-65e3-11f0-a5b0-75aecb1d0a21,블랙파르텍,35,0
11340,30a562d0-631a-11f0-873a-61e5585b494a,효석0,35,0
11340,2ea6ccb0-6367-11f0-899c-ed58ed9d92cb,은해머,35,0
11340,2ce15650-6d28-11f0-812a-d364660ceebf,불R,35,0
11340,2cbcb150-63a6-11f0-9e98-299d606b6be2,샤인잉,35,0
11340,28d4f280-6277-11f0-ba61-57b32c8fdcaa,김군주,35,0
11340,254d37e0-69b5-11f0-a6d0-d7dbeaf9d9e0,망고말자,35,0
11340,23a66ad0-6585-11f0-9f25-1147ddd387e8,무풍지대,35,0
11340,21e76170-6cf3-11f0-9b40-39de905d3348,검강,35,0
11340,1edd1950-663d-11f0-96fa-990fd0c2f326,뮤우,35,0
11340,1cf79710-6cf9-11f0-9497-07950a6b2df0,운허,35,0
11340,18e399e0-6500-11f0-86b2-95b4faeb80b4,byeol,35,0
11340,17fa0250-6341-11f0-ba6d-31d76c70e10b,teemazzi,35,0
11340,167380a0-6305-11f0-a53e-f720860fcc8a,걍나가라,35,0
11340,14f04410-693c-11f0-bd01-4f9a91cb3d54,제드,35,0
11340,12dfe180-6324-11f0-9d30-a1884d59ed55,P47,35,0
11340,10f4e2c0-6587-11f0-b8da-6590d4436ab8,백석,35,0
11340,10341ee0-6a29-11f0-8e3a-75f00633c49f,니토,35,0
11340,0e740d10-6c52-11f0-ba2c-4f8d906a7937,텐텐츄정,35,0
11340,0c9dade0-6327-11f0-8900-17942e280829,라키드,35,0
11340,0c2e71d0-6bad-11f0-95c1-cdecde0b7fd9,유니버시,35,0
11451,ff67a070-6409-11f0-877d-c952436514c7,서랍,34,0
11451,fed24d60-644d-11f0-bfa2-af41fddaac3d,대인시,34,0
11451,fd6ef1e0-6352-11f0-9145-a52c50a03179,신물,34,0
11451,fb148c30-6257-11f0-814b-2fc90270666e,나등장이오,34,0
11451,faa10040-6580-11f0-bdb7-b58ab72864be,넌세,34,0
11451,f7c2ba60-64ce-11f0-846f-13edae8f7606,gggg66,34,0
11451,f57f8450-6c25-11f0-a98c-ab8c12a4e4f7,불피에르,34,0
11451,f3daddc0-650e-11f0-846f-13edae8f7606,쇼르펜,34,0
11451,f2893570-6c2a-11f0-948b-913c7c2d582b,KARAS001,34,0
11451,f0dd54e0-618f-11f0-a7d4-9d46ec7a1263,안동권씨,34,0
11451,eaca4ee0-69a6-11f0-8b3f-73b93d01f6b0,윈스턴23,34,0
11451,e9316880-654a-11f0-81eb-8fc9130a5d40,태위,34,0
11451,e1a14b00-6282-11f0-9eb5-cf396344702c,마샬K,34,0
11451,e08d5980-6bc3-11f0-9596-e7cdc2c44daa,라노,34,0
11451,dcc61000-63ba-11f0-b6ab-ab1d57efd9b6,아니유,34,0
11451,dcbbfcf0-6cc5-11f0-8e36-7ff47c038c45,yeonyy,34,0
11451,dc2235b0-6a9b-11f0-8032-c32c225a07c5,이페르니,34,0
11451,da63fcf0-63e2-11f0-89b8-61a649941dd1,대중상,34,0
11451,d859bdc0-6642-11f0-8157-83c241bc6c35,돌랑,34,0
11451,d2752f10-64c7-11f0-bfcf-1fdb18c8f989,다롱이,34,0
11451,cfc15ca0-656a-11f0-90c5-555ab05ea06b,류다미,34,0
11451,ce93d5d0-620c-11f0-b6b8-890977889e3d,비드,34,0
11451,cd436ab0-6cc5-11f0-80b2-df6a7b97e98b,람붕이,34,0
11451,cc9e6c00-69ef-11f0-9adb-01ec0e539aaf,재학,34,0
11451,c8944760-666b-11f0-aee9-63d133f73255,을수,34,0
11451,c8596d70-639b-11f0-9b51-d36a85c863a7,사탐,34,0
11451,c2cb0070-6aa4-11f0-aabe-19fce0d146b1,하루살리,34,0
11451,c14a25f0-6bda-11f0-948b-913c7c2d582b,VLucy,34,0
11451,c093cec0-6d0d-11f0-8662-b3a8d615c0d7,승삐아빠,34,0
11451,beb941b0-6462-11f0-a72c-e970bf999ff4,볼리베어,34,0
11451,be5682b0-642a-11f0-a3ab-515b7dbdbb4f,택시기사,34,0
11451,bace0ca0-62d4-11f0-8f11-77dd1d282e8c,살펴가시오,34,0
11451,ba21e150-65f9-11f0-9062-7f2656b29c8c,민채양,34,0
11451,ba184a10-671a-11f0-a25c-47a5a693b30a,김혤미,34,0
11451,b9a1bd50-6463-11f0-9024-4f0c4715c0e6,howoo,34,0
11451,b7223d10-6d24-11f0-b976-671badd129d8,마가린,34,0
11451,b591dfd0-63b2-11f0-8d07-390a61232108,래미솔라,34,0
11451,b2c63b00-6265-11f0-b63f-7755b72aa50f,칼라반,34,0
11451,af21a8d0-642d-11f0-877d-c952436514c7,창창,34,0
11451,adc70d20-6475-11f0-a8d6-9514efa5ade9,김수빈좋아,34,0
11451,ad2092d0-6608-11f0-97d0-fb9951280f6d,채원이,34,0
11451,ac2ecca0-6443-11f0-b4d9-ef6a2e51b51d,네이,34,0
11451,a8a8ff40-693b-11f0-9052-8d763cf66f7f,coooolC1,34,0
11451,a71a63e0-63f4-11f0-9f61-e14d99ccbb10,월공자,34,0
11451,a178a080-661c-11f0-af0d-077471ee5827,현실도피자,34,0
11451,a01b56b0-6cfc-11f0-b16a-59affbdabbf5,라면송사리,34,0
11451,9e5fe360-649e-11f0-829b-d50781ca76af,빨간머리형훈,34,0
11451,9ce8d250-6c76-11f0-92f8-0b0dfcc0c41e,낭용이,34,0
11451,9ca6ac60-6959-11f0-a1f0-37d091d614b1,홍대감,34,0
11451,9bfb3820-664e-11f0-8a1d-5dcee97d710d,aress,34,0
11451,9b666810-6362-11f0-9145-a52c50a03179,우주매형,34,0
11451,99a8bc20-69fd-11f0-9adb-01ec0e539aaf,OTIS,34,0
11451,980fdf30-6253-11f0-aa52-cb1cb28881c2,잠자는태양,34,0
11451,97627bd0-64fe-11f0-998d-6361b2224259,삼성코아루,34,0
11451,953f0ee0-62f6-11f0-a53e-f720860fcc8a,달바코하,34,0
11451,8ea04af0-647b-11f0-934d-3b333a678e8e,가즈아아앙,34,0
11451,8806a200-6d51-11f0-a443-4d97f0dc5c62,까불2,34,0
11451,8179fd90-64b1-11f0-a3f5-7917fe6f3bcc,박혁거새,34,0
11451,813d8440-6255-11f0-ac8f-a72a62c95081,YYYYY00,34,0
11451,7d6aab20-6496-11f0-a315-5d30c4fd1c80,난씨난시,34,0
11451,7c979ec0-6198-11f0-bf3e-f9dd8cb86994,디뮬,34,0
11451,7c748340-6a94-11f0-b350-274e47244e62,양루이스,34,0
11451,7add0960-68de-11f0-b6e5-1f4abc2a195f,DarkP,34,0
11451,796fdc80-6d0a-11f0-9b40-39de905d3348,마여운,34,0
11451,7829dc40-6378-11f0-ab23-17e3cb110c7b,불싸파,34,0
11451,762247e0-6a88-11f0-8fe3-e3110ec5ab38,곤두,34,0
11451,6fcbf210-69b1-11f0-ae0d-6f90dae175ae,시월이이,34,0
11451,6e8974a0-6a2d-11f0-81d8-d75e58d916af,권도영,34,0
11451,6c5d2430-6229-11f0-bbfd-8564365ef7ff,뿌요,34,0
11451,69faba50-63c2-11f0-a06c-a18ad4eb2f25,제발한방,34,0
11451,6978ec60-6c63-11f0-a736-cb4f7c468586,천공의빛,34,0
11451,68d061a0-67d4-11f0-9522-11881f116ae1,겨울밤시아,34,0
11451,6614d9f0-6d4c-11f0-9497-07950a6b2df0,hyeong04,34,0
11451,64d48f00-630a-11f0-aa86-77fa1d930a78,깡바람,34,0
11451,639c78a0-6314-11f0-8d40-dfc9f921e722,며느리,34,0
11451,6287acf0-6206-11f0-abc2-914425398299,닐리리만보,34,0
11451,56687ed0-653b-11f0-9344-edb676811f97,현덕,34,0
11451,538051c0-6ac7-11f0-adf1-352afe5db30b,광원,34,0
11451,53223b30-6540-11f0-b54d-398b2d72bd5f,깨비깨순,34,0
11451,4fed29b0-6776-11f0-ac22-89a616aaf971,매운맛망고,34,0
11451,4b1a0eb0-64c1-11f0-8424-ad5d395ce474,닭갈비맛있겠다,34,0
11451,4a9072a0-658d-11f0-b0ad-37591fbff66b,킹왕짱사람,34,0
11451,4570e100-66d8-11f0-abbe-1b148ce1c918,뽀에버이예준,34,0
11451,45135650-6428-11f0-877d-c952436514c7,라이90,34,0
11451,410468f0-63d4-11f0-aab1-5f3bbe175c3e,한국사잠면미국산,34,0
11451,40886620-6d1f-11f0-84eb-eba0502a50b4,운비,34,0
11451,3fdc9aa0-623b-11f0-a73e-efd8221a47bb,빵이,34,0
11451,392bb5e0-631e-11f0-9d30-a1884d59ed55,날아라붕어빨,34,0
11451,380d34e0-67b0-11f0-a23d-0315df37054e,후천,34,0
11451,36707bc0-6a98-11f0-9b9a-dfc16842ed10,적월묘,34,0
11451,35cbb680-6746-11f0-b6f9-9341b272f2ff,식딘,34,0
11451,359d86c0-6476-11f0-934d-3b333a678e8e,겜돌짱짱맨,34,0
11451,2c1fb530-6d42-11f0-9497-07950a6b2df0,닉스값,34,0
11451,2c0b6ec0-625e-11f0-98e7-390090cc87bc,여자가씀,34,0
11451,2c006710-6c76-11f0-bb12-f394c5e7b677,은연,34,0
11451,2a7172c0-67cd-11f0-a86b-6be161d85452,기면,34,0
11451,28d8fbe0-6250-11f0-a7b6-cf18c18dd85f,헐뿡키,34,0
11451,2892be20-6a32-11f0-b54e-2d4b7711979a,신이령,34,0
11451,26912620-62fd-11f0-ba81-0189884c815e,히야,34,0
11451,22bd0020-635f-11f0-a70b-97528033efd5,최강KIAV13,34,0
11451,21dcfeb0-6212-11f0-802a-01726bb91ef4,o꽐라o,34,0
11451,1fd420a0-64d6-11f0-920f-d9bd8a2a820c,dereft,34,0
11451,1f2f0d20-657d-11f0-9b02-9934e4aaee80,팡우야,34,0
11451,1f242640-61d0-11f0-94d1-0d70694c9e17,첵스초코,34,0
11451,1e8d0db0-6d05-11f0-b0d7-0b3415ac89fb,구찌구찌,34,0
11451,1dd28c80-6b32-11f0-8f4d-6330363bf47b,서형,34,0
11451,1cf748b0-6645-11f0-bc55-a5513d849ef9,한국인은밥심,34,0
11451,1a0dfb00-64fe-11f0-846f-13edae8f7606,백꼼탱이,34,0
11451,19618820-6850-11f0-9858-4f568ed316af,케차코아틀,34,0
11451,17e350c0-6d2b-11f0-b976-671badd129d8,뚝이대왕,34,0
11451,152be200-6d64-11f0-a543-8f438c788f23,구마유슬,34,0
11451,12393490-64c1-11f0-8c2d-279d03488fdf,부부젤라,34,0
11451,1230e4a0-62a7-11f0-bcbb-714564b525f4,마당발,34,0
11451,1225c0a0-6a74-11f0-b8c3-31d76e99096b,왕눈이유지니,34,0
11451,11aef9f0-6224-11f0-8f4d-9b20c6de68be,귤락2,34,0
11451,0f64d700-6d55-11f0-87e0-c7b4fc691f0d,니기럴꺼,34,0
11451,0f180250-69ee-11f0-81d8-d75e58d916af,호락,34,0
11451,09f7ca00-625d-11f0-9eb5-cf396344702c,MATILDA,34,0
11451,07f509a0-6c78-11f0-bb12-f394c5e7b677,대박이오,34,0
11451,023e02a0-64b2-11f0-9c43-91c5a6cd9bad,악키,34,0
11451,0148d040-63cd-11f0-8f11-17371de17e69,아이고곡,34,0
11572,fc4261a0-66e8-11f0-b123-954f9eeb1a6c,조잡곰,33,0
11572,fbd2c6e0-6d3e-11f0-9497-07950a6b2df0,리치엔젤,33,0
11572,faeea340-6adf-11f0-887f-c18cdf79257d,쪼리코코,33,0
11572,f9dd1640-625a-11f0-884d-c1912a1e8b78,abalon,33,0
11572,f696a8f0-653b-11f0-a17b-114a003b03af,바카바카,33,0
11572,ecef7160-6cde-11f0-9535-e954c72be3f3,먕파링,33,0
11572,eb41b5f0-619c-11f0-a1d0-915190c5d2fa,흑뢰마제,33,0
11572,e905ffe0-6493-11f0-8e6e-45b04a534d66,도자기,33,0
11572,e85aff01-6434-11f0-a580-6783cb326665,온종일화롯불,33,0
11572,e5ee5740-6712-11f0-b696-57f6be140e14,칼툰코,33,0
11572,e3587fd0-62a1-11f0-b076-21e095d62ba5,LEEJY,33,0
11572,e2ae8140-646f-11f0-b9a2-71a70b35ee88,귀중,33,0
11572,e275c2b0-6a7d-11f0-b350-274e47244e62,PHIYEN,33,0
11572,e06d8cd0-63bd-11f0-b6ab-ab1d57efd9b6,타블로,33,0
11572,e0635fd0-635e-11f0-a70b-97528033efd5,슈단,33,0
11572,df76c0b0-6531-11f0-a15d-6fd1b18d9c14,공식먹을나이,33,0
11572,dc90d360-6624-11f0-8621-0f3e351e9362,도도잘난새침,33,0
11572,dbe01000-6950-11f0-9c6c-658573885763,전화령,33,0
11572,dba1fe20-6bd8-11f0-b56b-e7e5c8645f26,밀고당기고들고,33,0
11572,d7922bd0-65f1-11f0-9b05-13e70242b365,경주김씨계림군파,33,0
11572,d76553a0-65ea-11f0-9c47-f13b98eb10e0,로쿠,33,0
11572,d353fb10-6c82-11f0-92f8-0b0dfcc0c41e,끼룩끼룩,33,0
11572,d0f29720-687f-11f0-a0bd-8dd87dbd9058,DCB,33,0
11572,cdca43b0-68f0-11f0-8ce4-a510d1bb675b,호밀,33,0
11572,cd3806f0-6a7e-11f0-aa6e-41c5597ab061,서태지,33,0
11572,cd1b3e61-61f2-11f0-94d1-0d70694c9e17,칸나짱,33,0
11572,cb9a6bd0-6d58-11f0-98fa-e743b088d388,러브휘,33,0
11572,ca98c9e0-624d-11f0-a923-e5c378e4162f,신수지,33,0
11572,c9b66510-6c51-11f0-ba2c-4f8d906a7937,쪼지,33,0
11572,c88acd80-6b79-11f0-b12d-131ac73060ee,흩날리는앵본,33,0
11572,c8757220-6947-11f0-9867-bd921e23f0c2,네리,33,0
11572,c0ea8320-66df-11f0-bbfc-a56011b32b9c,꼬마빈,33,0
11572,bef49eb0-6820-11f0-966a-9ddfc9fc7a33,그넌,33,0
11572,be00ce40-64fe-11f0-846f-13edae8f7606,붐붐,33,0
11572,b988bf00-69b1-11f0-ae45-45a8c20b2c3a,이드쭈,33,0
11572,b21ad990-65b7-11f0-9367-d5c80bb13b9c,사도오,33,0
11572,ad5138e0-625c-11f0-aa52-cb1cb28881c2,찬란한슬픔의봄,33,0
11572,aad42db0-654b-11f0-b2c1-8bbad5215734,룾룬하로,33,0
11572,aa79fa00-69d0-11f0-83c1-071402a58f9d,리좌이밍,33,0
11572,a946bd90-6d67-11f0-b108-617a49475f1e,Alcapa,33,0
11572,a8619830-66d9-11f0-a818-154c93ec6594,웃어보자,33,0
11572,a50bc1d0-6439-11f0-9143-05b731683243,올리브,33,0
11572,a463cb40-6cfb-11f0-974b-27baa6d4efcd,영웅915,33,0
11572,a3d4ec30-6a9f-11f0-bcc2-ab4174abf51e,여포봉선,33,0
11572,a3a54160-62e3-11f0-a53e-f720860fcc8a,뚜벅뚜벅,33,0
11572,a294a1d0-65ae-11f0-9b02-9934e4aaee80,아키넬라,33,0
11572,a136d620-6467-11f0-a19b-cd9bee505425,난세표류인,33,0
11572,a11e7320-68fc-11f0-b6e5-1f4abc2a195f,지돌,33,0
11572,9d9bdd10-640f-11f0-89c3-81bc4ed5aa4e,총장,33,0
11572,9cbf91b0-651e-11f0-a092-cfb4e8946e57,뚱뚱이,33,0
11572,9ac0e090-6b76-11f0-a77d-bf1628fd022c,JJ176,33,0
11572,9a42cb10-6ce3-11f0-9497-07950a6b2df0,조선민주주의인민,33,0
11572,99c7b840-648b-11f0-bbfe-0d14bcd852b5,앞니잉,33,0
11572,91ea9d10-6772-11f0-bd87-336f0aebd1bd,찐율,33,0
11572,8d5ab860-6638-11f0-9293-2f108164e9cc,마박타,33,0
11572,8d56fd80-66a9-11f0-bead-d54787f6b724,고마떼여,33,0
11572,8d23ead0-6802-11f0-82b6-93a73aef044c,알뒤,33,0
11572,80ff2f60-62dc-11f0-8e55-53f16de9a7ce,일린,33,0
11572,80d38eb0-62e0-11f0-971e-0d9306189309,쏙쏙,33,0
11572,768ab210-64b3-11f0-aaa1-c35c05c911d6,캐우뭉,33,0
11572,74d6b590-6bbb-11f0-948b-913c7c2d582b,망사,33,0
11572,733dfb50-63f3-11f0-8cc7-b51940f25f47,베리몬스타,33,0
11572,71cc4080-6630-11f0-9293-2f108164e9cc,다멘,33,0
11572,70f629c0-6499-11f0-a470-3b5290ad38d8,풍백,33,0
11572,6ff08750-670f-11f0-a764-331beb7dec8b,냉국밥,33,0
11572,6f7fd210-6739-11f0-a764-331beb7dec8b,검풍,33,0
11572,6df71a60-6956-11f0-8a8c-e705cbe6ed4d,ran,33,0
11572,6ddb3220-6bc0-11f0-bded-69ad40b3d654,이신우,33,0
11572,6d9cd760-63ae-11f0-a110-bf1368febfaf,비류게임,33,0
11572,68383890-651c-11f0-8799-a56030339d38,박현서,33,0
11572,65c5c960-6887-11f0-a66a-17ffc6bb3860,모르는디,33,0
11572,647e71b0-6468-11f0-934d-3b333a678e8e,키오,33,0
11572,641134f0-643c-11f0-99c8-7b44769d223b,이꿀벌,33,0
11572,63943060-6958-11f0-a1f0-37d091d614b1,김오복,33,0
11572,63110ef0-647c-11f0-af0d-53a033088f2a,lyj,33,0
11572,620524e0-6316-11f0-8d40-dfc9f921e722,꺼봉,33,0
11572,5cc77db0-62d1-11f0-b78d-9fbbdf7f23fb,비형랑,33,0
11572,5c9322a0-6834-11f0-95d9-cb40036bb5ef,밤밤비,33,0
11572,5b09bea0-6472-11f0-af24-7bc1e800a18b,성혜,33,0
11572,5a9de750-631b-11f0-a314-e925b756c271,주노,33,0
11572,59866eb0-63dd-11f0-b5a1-97526412eaf0,1티어쭈니,33,0
11572,5981fd01-64fd-11f0-b0f9-9b13bf283379,쿨형,33,0
11572,54f337f0-6d12-11f0-812a-d364660ceebf,우맨,33,0
11572,4f332780-629f-11f0-9064-5b81f50d3e9d,가부리맹장,33,0
11572,4da5b100-6ab3-11f0-aabe-19fce0d146b1,코어,33,0
11572,4d571d50-66f9-11f0-94fd-bd0b371894b0,별순검,33,0
11572,4b9f1660-62c2-11f0-b78d-9fbbdf7f23fb,새벽노을,33,0
11572,4b1e77c0-644e-11f0-9a7f-07d3d9b1e362,양념갈비,33,0
11572,48114490-639a-11f0-b91f-cbca55a9af76,현재가하는게임,33,0
11572,47fcc5f0-624c-11f0-a923-e5c378e4162f,미자어멈,33,0
11572,4446ae10-69e7-11f0-83c1-071402a58f9d,닭형,33,0
11572,43f9d480-62be-11f0-bf6e-91ab11ffb732,미존동규,33,0
11572,43915600-6ad2-11f0-9ebc-25f4c2b0a5e6,호랑봄,33,0
11572,42549ad0-6ad3-11f0-a5d2-4bd7192c2f94,꿀빵이,33,0
11572,41f86100-69d6-11f0-8369-f9ac348dc159,개등드리,33,0
11572,40168390-6cf5-11f0-9b40-39de905d3348,오상사,33,0
11572,3e26e710-647a-11f0-9c48-11e41ca3b3cb,우가우가,33,0
11572,39e67cd0-6c52-11f0-ba2c-4f8d906a7937,쿠이v,33,0
11572,38b2ed10-63c6-11f0-aab1-5f3bbe175c3e,아커만,33,0
11572,3290a040-6447-11f0-b0d3-514122d47fb8,스타곰,33,0
11572,310137d0-6893-11f0-905e-c7bed89e0fd3,뿡빵이빵빵이,33,0
11572,2efe44d0-61a1-11f0-9ef6-078f63674a6b,여우별S2,33,0
11572,2c808070-650b-11f0-998d-6361b2224259,머야,33,0
11572,2ba23840-6896-11f0-8871-5dec1d16e3d2,블루베리잼빵,33,0
11572,2b3f4990-6b7c-11f0-bec6-47882b2cf69a,원황제,33,0
11572,2b2cf4b0-68f8-11f0-82a4-059d2fef0171,부산세바라기,33,0
11572,2907f910-6a7d-11f0-b350-274e47244e62,로산다,33,0
11572,27c64e90-62ac-11f0-a53e-f720860fcc8a,동방박사,33,0
11572,24bf2a10-69f4-11f0-9ccf-efc03aeeda2b,소해,33,0
11572,231b5e60-6c13-11f0-8c34-3d5f6034be86,기린아범,33,0
11572,1f6388d0-6d0b-11f0-b0d7-0b3415ac89fb,기요미,33,0
11572,1e7dd380-6225-11f0-9ed2-2327c5a1ff14,하루가24시간,33,0
11572,1d1e13c0-6ae9-11f0-b19c-67c669359d64,혹자,33,0
11572,1b4c2620-6708-11f0-a98d-f37da4145b2e,성마둥이,33,0
11572,1a704e00-6287-11f0-9eb5-cf396344702c,모핀,33,0
11572,1a561ea0-622c-11f0-8ec9-d591a6953b97,rp시러777,33,0
11572,19f46060-689f-11f0-81b3-f9c6d7db29ca,마하라기,33,0
11572,18d7fac0-69da-11f0-81d8-d75e58d916af,아즈윈,33,0
11572,181a08a0-639d-11f0-929e-756b01201a20,척추절단,33,0
11572,172f1c20-638c-11f0-9b51-d36a85c863a7,테일러,33,0
11572,15dc45d0-641a-11f0-a684-2b9cd36018bc,성연우,33,0
11572,14a74240-693e-11f0-bd01-4f9a91cb3d54,사도룡,33,0
11572,107ce5d0-68b7-11f0-9d8d-43218661958e,비석치기,33,0
11572,0f8d6d70-636c-11f0-97d7-efff12aed0ab,딸기선데이,33,0
11572,0d9fd5b0-69f8-11f0-83c1-071402a58f9d,준수,33,0
11572,0806d0e0-6449-11f0-ba26-c559d1541584,케이표류기,33,0
11572,00fd80e0-6445-11f0-9441-5df9253b0f52,매타작,33,0
11699,fb57b2a0-656b-11f0-9b02-9934e4aaee80,에코코,32,0
11699,f9304250-6a9b-11f0-8032-c32c225a07c5,시냇물,32,0
11699,f03d9d50-6780-11f0-a97a-c7ef2eb3b5de,날빠리,32,0
11699,eed250b0-62a2-11f0-9ad3-4d475483bc38,길뜽이,32,0
11699,ee06e7c0-630d-11f0-b218-43a24c54b5c1,껌둥이6,32,0
11699,ec565ee0-6adf-11f0-887f-c18cdf79257d,김영철,32,0
11699,eb501710-657c-11f0-ae35-d76aa5c386d5,다니경원서,32,0
11699,e8f1dc70-6bb6-11f0-8e65-bb49ba502393,즐겜러a,32,0
11699,e2e8fe10-6302-11f0-a53e-f720860fcc8a,백우,32,0
11699,e0ffd520-6225-11f0-bbfd-8564365ef7ff,안농심,32,0
11699,e09c9a50-69d7-11f0-9416-6d61d44d7bd3,별빛홍아,32,0
11699,df9c9cc0-6303-11f0-ac70-a708c19ff45f,오버클래스,32,0
11699,d37fae80-64f9-11f0-89c4-91955faa19a3,김수한무거북이2,32,0
11699,d1b6de30-66e2-11f0-94fd-bd0b371894b0,강해,32,0
11699,d1964ed0-684b-11f0-99f9-e57ee7d28b7e,쏘서럴,32,0
11699,cedf27c1-6bb1-11f0-a8af-f73a307a4a56,상춘,32,0
11699,ccc7b530-62b8-11f0-b038-1df969c0d9a5,혜파리,32,0
11699,cb362b00-6cc4-11f0-aef0-8567de5b5272,옆구리용문신,32,0
11699,c7b8ef40-689f-11f0-ac71-a9f1697c1337,월800,32,0
11699,c7328750-6464-11f0-baaf-45c3a00048ee,새벽농장,32,0
11699,c32be8a0-6bb6-11f0-a8af-f73a307a4a56,주루,32,0
11699,c23fa610-6a04-11f0-9ccf-efc03aeeda2b,sdxxmnx,32,0
11699,c07f4e30-63be-11f0-ab4c-1749d25baca6,챙챙,32,0
11699,c02605e0-6aa9-11f0-97f1-7fc07927d956,꿈동이,32,0
11699,bb7ec440-646f-11f0-9e27-35530581f5ae,시온유히,32,0
11699,b9103790-6cba-11f0-80b2-df6a7b97e98b,지아1014,32,0
11699,b84cbf20-62b7-11f0-a89f-3182c3b8adb5,약혼녀임윤아,32,0
11699,afd7de01-66e1-11f0-94fd-bd0b371894b0,불원,32,0
11699,af38bc30-66ff-11f0-88d7-b17a9091c16e,나락영웅,32,0
11699,a5ed4470-63c6-11f0-aab1-5f3bbe175c3e,충성맨,32,0
11699,a3443230-6ad1-11f0-887f-c18cdf79257d,모지리이,32,0
11699,a24ef8d0-6557-11f0-89db-abf6ccd76876,JJERRY,32,0
11699,a0a90050-64af-11f0-87c5-cfc271183eec,드드느느,32,0
11699,9a9ed3d0-6219-11f0-9ed2-2327c5a1ff14,삼국무쌍,32,0
11699,92a8b390-678b-11f0-958a-a1ef21446339,갓천상,32,0
11699,929c3b70-64a1-11f0-8dc2-b1d7780ea280,하쿠나마,32,0
11699,8b77a260-67aa-11f0-a86b-6be161d85452,서명원,32,0
11699,82150560-6aa1-11f0-a3f5-b7808f7fb4b1,김알지,32,0
11699,81adad80-65be-11f0-8229-05287df015f8,마파초,32,0
11699,7fcfe8f0-6462-11f0-9024-4f0c4715c0e6,신조우사사게요,32,0
11699,78c21f61-644e-11f0-9a7f-07d3d9b1e362,덕령,32,0
11699,78041c20-6c89-11f0-8ef9-23bb1d5661a0,센텀양사장,32,0
11699,77e86cd0-6380-11f0-b6f5-df7d29cfa051,똘이1세,32,0
11699,76b60400-6775-11f0-bfdb-11174ac9f1b0,아엘,32,0
11699,7363a250-6c23-11f0-a98c-ab8c12a4e4f7,봄동,32,0
11699,70424220-63e0-11f0-981c-6918ebc09e55,따끔,32,0
11699,6fc40fd0-6440-11f0-95eb-5dc11fa524e5,홈마,32,0
11699,6f96aa10-69d9-11f0-a97a-17464924d39f,고요나,32,0
11699,6751ad50-6786-11f0-ab88-a5c9739f629f,Gv,32,0
11699,66527c60-63ce-11f0-a9da-8b915b889dd4,부대장뿡빵,32,0
11699,6567b1d0-630b-11f0-93c0-3fa3bb7fad1e,핑크림,32,0
11699,64bac370-6ce4-11f0-a7a3-55c3beebb1fc,윈샤,32,0
11699,5b722480-650e-11f0-846f-13edae8f7606,레밍표류기,32,0
11699,5af78fa0-6445-11f0-ab0c-317be3d6b0a6,대훈,32,0
11699,5acff560-6ad2-11f0-adf1-352afe5db30b,쿠쿠르핑퐁,32,0
11699,5882b400-67f3-11f0-9069-eb268d57af69,심심한찹쌀떡,32,0
11699,5567e060-63ca-11f0-99a0-f791fadc47f8,로하이팝콘,32,0
11699,5449d260-684d-11f0-9187-bfb76cd46158,숭이yo,32,0
11699,4fd23c00-6bc6-11f0-875a-a17ba2f79958,르미르,32,0
11699,4f2995b0-67f1-11f0-9069-eb268d57af69,너굴이,32,0
11699,4b6ef810-63a6-11f0-b7d9-6726758670c6,K코리아,32,0
11699,493cf770-6457-11f0-8df0-a9be6ca1bee2,성환,32,0
11699,457ee3f0-674a-11f0-a25c-47a5a693b30a,태조연길,32,0
11699,4522df70-6514-11f0-b0f9-9b13bf283379,화이트이블,32,0
11699,3c036240-61f2-11f0-b3c7-a9c53be5027c,목마르다,32,0
11699,3a15e320-6721-11f0-a764-331beb7dec8b,혼류,32,0
11699,34858500-6550-11f0-a37f-b346b9412b7f,깔꼼스무스,32,0
11699,2f025bb0-648f-11f0-a51d-79330d46319d,매화검객,32,0
11699,2c12daa0-62d3-11f0-a53e-f720860fcc8a,깅애,32,0
11699,2bcc6eb0-67a8-11f0-aed9-e7219e4530ad,maple,32,0
11699,288670f0-63c2-11f0-9353-8773ba2d9d98,순신의리순신,32,0
11699,25664070-6aad-11f0-aabe-19fce0d146b1,다겸,32,0
11699,24ffe6c0-69ab-11f0-a6d0-d7dbeaf9d9e0,kystk2,32,0
11699,24ade940-6705-11f0-a3d4-43ebc2e41e55,D이순신,32,0
11699,243c3820-6446-11f0-8944-5327091948db,오니슬이,32,0
11699,21741490-6550-11f0-a338-71463213c56c,라온가온,32,0
11699,1fd06da0-6b59-11f0-9ee9-8f43e40c1eae,전세환,32,0
11699,1c5a3da0-6d51-11f0-a693-ff327945c3a4,우주멍뭉이,32,0
11699,1bbd1340-686f-11f0-8365-2558ca1ada4d,파파용,32,0
11699,187e8620-62f5-11f0-b7c2-5907d7ac5d60,사고뭉치,32,0
11699,18648bf0-655a-11f0-89db-abf6ccd76876,piggies,32,0
11699,176f3360-6381-11f0-adf7-d1fabe44ecce,제영아,32,0
11699,13c3a380-62b0-11f0-bcbb-714564b525f4,기센남자,32,0
11699,12ddaab0-6d00-11f0-974b-27baa6d4efcd,라이스펌킨,32,0
11699,1217eef0-6748-11f0-a25c-47a5a693b30a,존재하는닉네임,32,0
11699,0ce3a440-62ea-11f0-971e-0d9306189309,참기름,32,0
11699,0c6134e0-644a-11f0-b750-051f455e1aaf,또랴이,32,0
11699,0a2deee0-6402-11f0-bcbf-2b7f0b4e55b1,레스,32,0
11699,0991b580-636b-11f0-9eba-319c3c5b72eb,복숭아담금주,32,0
11699,054cccc0-6d17-11f0-812a-d364660ceebf,짱혜미,32,0
11699,0537f8a0-6208-11f0-8954-d1ddcca9d272,실수,32,0
11790,ff3b2ec0-65b5-11f0-8b44-3ff58a49da64,kurinji,31,0
11790,fbfbf510-64bf-11f0-9779-d31d6e85e24e,유원,31,0
11790,f7ce78a0-646a-11f0-82c1-d1354574f8a3,평범한평민,31,0
11790,f54e7180-6c8e-11f0-8683-e3558a287c77,마룡천마,31,0
11790,f01082e0-687d-11f0-a0bd-8dd87dbd9058,감진혁,31,0
11790,e589cec0-6aa4-11f0-aabe-19fce0d146b1,청룡윤성,31,0
11790,e22db950-643f-11f0-8944-5327091948db,에린파파,31,0
11790,e08fb010-6879-11f0-8bdb-4d2923eb0822,기아타이거즈,31,0
11790,df2c2680-62e9-11f0-888b-4325034dd618,강플,31,0
11790,d398e6e0-63bc-11f0-a06c-a18ad4eb2f25,설운휘,31,0
11790,cc1ac470-650a-11f0-b0f9-9b13bf283379,kh,31,0
11790,c86ebb80-67bf-11f0-9087-f9ad8d76b235,Or7r,31,0
11790,c8170100-69a0-11f0-ae45-45a8c20b2c3a,환생1회차,31,0
11790,c7da1f30-6a89-11f0-b350-274e47244e62,풍류객,31,0
11790,baf26d20-644b-11f0-8944-5327091948db,닌자고팬,31,0
11790,a733c4f0-6c1b-11f0-948b-913c7c2d582b,봄봄봄봄,31,0
11790,a6561570-6a76-11f0-b7a5-333dfc345c53,뚜왕꾸두루스,31,0
11790,94004d60-6232-11f0-bbfd-8564365ef7ff,자빠링,31,0
11790,8e3d2630-6a77-11f0-8acc-fb286914151f,미라클양,31,0
11790,7aa92ce0-6464-11f0-934d-3b333a678e8e,비누미누,31,0
11790,771c1b70-6499-11f0-aedf-55b71a55f5ce,은사랑이,31,0
11790,7271d5d1-623f-11f0-b5d1-897b54eb0973,때에지,31,0
11790,706d8590-6d5c-11f0-861a-0f2178537a93,홍길동7777,31,0
11790,679af3d0-637f-11f0-8ea7-a17bafa0e4d0,사율,31,0
11790,676820c0-643f-11f0-8944-5327091948db,에르반,31,0
11790,65b76cc0-6d01-11f0-9497-07950a6b2df0,희휘랑요,31,0
11790,537e5040-6253-11f0-9389-bdd3075e1ab8,진흥왕,31,0
11790,52058850-6316-11f0-b4ac-230641ea7477,INIIL,31,0
11790,51b7b550-64a9-11f0-a231-37ac1ad01c02,인생덧없다,31,0
11790,4c7e4d60-6d37-11f0-a5ac-25cfed422797,쥼쥼이,31,0
11790,4649ff30-63f4-11f0-b23e-bd6209ed4614,liliil,31,0
11790,461e0f50-6c1a-11f0-a98c-ab8c12a4e4f7,페코페코,31,0
11790,461b8190-62f6-11f0-b7c2-5907d7ac5d60,별호,31,0
11790,41a853b0-631c-11f0-a314-e925b756c271,강디는못말려,31,0
11790,403e3710-6998-11f0-9567-3b74e61607c2,조씨,31,0
11790,3edf5a70-6231-11f0-9658-0db50d035217,해솔비,31,0
11790,3ede4270-6475-11f0-a8d6-9514efa5ade9,된장너구리,31,0
11790,3b805f70-62ca-11f0-b252-a1a047cc5cf1,블라이,31,0
11790,38af5e70-6425-11f0-a684-2b9cd36018bc,잠시쉬어가세,31,0
11790,37be21f0-6528-11f0-a768-59219107ad21,뽀옹실이,31,0
11790,33788ac0-6d04-11f0-b0d7-0b3415ac89fb,전주이씨휘는융,31,0
11790,30aacd00-64ba-11f0-8340-854878e1c5cf,게으른하마,31,0
11790,258c4a60-6a7e-11f0-a2df-991efc0d0138,아주공갈,31,0
11790,207358a0-63eb-11f0-828c-a760e56ecb36,씩씩,31,0
11790,17c312b0-64d4-11f0-8ef3-8dde64b39158,오가,31,0
11790,158e9b20-69e5-11f0-9416-6d61d44d7bd3,아아2500원,31,0
11790,1146f1a0-67bc-11f0-9087-f9ad8d76b235,Marllin,31,0
11790,0fd34410-63f0-11f0-8989-0f75f17d859c,DaOn,31,0
11790,0f5f37f0-6a03-11f0-83c1-071402a58f9d,다크한나,31,0
11790,0edc0930-6237-11f0-b669-bf2d1b52708a,한국사왕,31,0
11790,0ba76460-6ae5-11f0-b538-6192b34d2599,도네도넹,31,0
11790,09393f00-639c-11f0-929e-756b01201a20,shmily,31,0
11790,00607b60-6436-11f0-a580-6783cb326665,보살,31,0
11843,ffadf5e0-63d5-11f0-a9da-8b915b889dd4,비스마르크,30,0
11843,f5771e80-6222-11f0-8853-493fc3ae34f0,아홍홍,30,0
11843,f55128a0-6322-11f0-9893-d3e5bd7215a6,스님목탁64비트,30,0
11843,f0325400-6af4-11f0-a78d-8d7d319cdb7a,준서,30,0
11843,def2e8a0-6aed-11f0-b538-6192b34d2599,대동법,30,0
11843,d821ba10-65cf-11f0-9481-11caf47af484,하령,30,0
11843,d613b550-6a27-11f0-83c1-071402a58f9d,카드시안,30,0
11843,d3a4c560-663b-11f0-bc31-31a33162f175,화령이,30,0
11843,ca5def50-6243-11f0-9ca6-b18ea4730904,Doran,30,0
11843,c734def0-652d-11f0-a2f9-538e8d8649bf,김망고,30,0
11843,c676ae20-6c77-11f0-bb12-f394c5e7b677,천단,30,0
11843,c4364b60-6471-11f0-b9a2-71a70b35ee88,고운짱,30,0
11843,be2780d0-6495-11f0-aedf-55b71a55f5ce,20250719,30,0
11843,bad7c2c0-6457-11f0-8b4d-01ccbaf92ff4,제주애기,30,0
11843,b6e30a80-64bb-11f0-8340-854878e1c5cf,완전난놈,30,0
11843,ae9a2a30-6a8c-11f0-ab22-9b7f810af5a1,무천도사,30,0
11843,a8b0c9c0-6ca4-11f0-9b40-39de905d3348,광동,30,0
11843,96629a80-688c-11f0-be1a-9b34033dc3d6,KN02,30,0
11843,93c2f7d0-6507-11f0-a092-cfb4e8946e57,박스머신,30,0
11843,90651ee0-670c-11f0-9fe1-4342729abf43,호잉잉이,30,0
11843,8b15e270-657d-11f0-8be9-7bc4b954113d,무흠,30,0
11843,888fca80-6c25-11f0-9d81-e7c0c7be48b2,난새표류기22,30,0
11843,864683a0-683c-11f0-b67b-53511e47b780,0207,30,0
11843,8021a2e0-6498-11f0-829b-d50781ca76af,엽아,30,0
11843,7e87a3a0-6d38-11f0-8453-4d52e359456e,강남콩,30,0
11843,7d3d4b50-635e-11f0-9145-a52c50a03179,온온,30,0
11843,7af5a750-69d7-11f0-8369-f9ac348dc159,정라이션,30,0
11843,782b40e0-627d-11f0-bcbb-714564b525f4,옥동자86,30,0
11843,70f885a0-6226-11f0-8f4d-9b20c6de68be,010,30,0
11843,67b7b590-6a0c-11f0-9416-6d61d44d7bd3,행복한김에,30,0
11843,641d8e80-6ce3-11f0-a7a3-55c3beebb1fc,단청빛,30,0
11843,6338d720-640c-11f0-bcbf-2b7f0b4e55b1,뭘하라고,30,0
11843,5c38ffe0-6a51-11f0-b8c3-31d76e99096b,도롱이,30,0
11843,587cda60-6b92-11f0-ac9c-55c23a6ca868,슈위츠,30,0
11843,581b22a0-6450-11f0-9a7f-07d3d9b1e362,범사,30,0
11843,44753f20-64b8-11f0-a8b2-13458b8aee05,블랙카나리아,30,0
11843,41e0e940-63b3-11f0-b2f2-65523fd9df12,고무go,30,0
11843,416b2580-621d-11f0-abc2-914425398299,드래곤텐,30,0
11843,40c29180-6ac5-11f0-aa73-c544fd48d310,샤니,30,0
11843,3f5fff00-6398-11f0-9e16-f1cd993522e6,디오성,30,0
11843,392b8970-657c-11f0-adab-e3842e797e8d,연우정,30,0
11843,31ca04e0-6397-11f0-b91f-cbca55a9af76,A급한우,30,0
11843,2ea07170-6322-11f0-8178-d365b3cc7cb0,뿡지직,30,0
11843,2e41a440-6d15-11f0-b0d7-0b3415ac89fb,루추,30,0
11843,29d2cb50-6568-11f0-9d97-192c64bf62e6,화가,30,0
11843,27b155e0-69d1-11f0-83c1-071402a58f9d,윤설,30,0
11843,22e26160-6910-11f0-91c8-a923378c0f3a,zi존현재,30,0
11843,19c66710-6303-11f0-ac70-a708c19ff45f,검왕,30,0
11843,09b897c0-64c6-11f0-a3c0-1d4cb12fff23,요롱이아빠,30,0
11843,09164350-63c0-11f0-a1fc-ebe02623a2f1,자다깸,30,0
11843,08a642e0-6aa4-11f0-a3f5-b7808f7fb4b1,오금동물방개,30,0
11843,01207e60-6657-11f0-a776-73e6a717c241,zona,30,0
11895,fb168230-6a11-11f0-87cd-13cc90e29527,악영,29,0
11895,fa992810-6630-11f0-8dc5-0ba92d25bd16,아니다고,29,0
11895,f5b6c580-69f7-11f0-9416-6d61d44d7bd3,무명소졸,29,0
11895,f580c660-626d-11f0-b63f-7755b72aa50f,rhrhr,29,0
11895,f2bee9e0-6202-11f0-8879-5f895f1781fe,호랑말코1,29,0
11895,ebff9bf0-6292-11f0-b63f-7755b72aa50f,해원,29,0
11895,ea22e800-63d7-11f0-8ce7-05e1fc9cefd2,머냐아증말,29,0
11895,e816b740-6c7d-11f0-a8de-d7173687f0b3,김사과,29,0
11895,e742f5b0-64ec-11f0-89c4-91955faa19a3,현궁,29,0
11895,dfe9f4b0-629b-11f0-8e72-11fb63eb28f5,슈퍼닌자,29,0
11895,de816dc0-653d-11f0-97bf-e59a2053b9f6,Emmanuel,29,0
11895,de37a9a0-6534-11f0-a15d-6fd1b18d9c14,나대장,29,0
11895,ddc2c480-6ad6-11f0-887f-c18cdf79257d,김병만,29,0
11895,dc851760-65d3-11f0-9732-ebaa7ff97e05,쩍쪼,29,0
11895,c9406bc0-62cf-11f0-b252-a1a047cc5cf1,심씨맹,29,0
11895,c8afb780-635e-11f0-ba6d-31d76c70e10b,서우킴,29,0
11895,c67c69d0-66ed-11f0-a331-1515e3bebb36,유속기,29,0
11895,bb60fcf0-6b1b-11f0-b431-c1779ea5d7f1,bear11,29,0
11895,b2a30aa0-65de-11f0-ade4-c716e9fb5ed5,승식,29,0
11895,b2122f30-6313-11f0-a4e8-37a0c8f9bd22,맑은하루,29,0
11895,a9ebcb30-6427-11f0-83ae-cb0d7c1d5c99,요가파이어,29,0
11895,a3fcb950-6369-11f0-97d7-efff12aed0ab,희콕콕,29,0
11895,a1f2b440-6916-11f0-bb85-e56e3f9b33fd,다마네기,29,0
11895,9606ec00-6786-11f0-a97a-c7ef2eb3b5de,살찐초이,29,0
11895,8fdb9920-6312-11f0-abe8-09c261bd0e21,데메롤,29,0
11895,8e790100-63c4-11f0-99a0-f791fadc47f8,영웅신,29,0
11895,868d7ce0-682a-11f0-bb71-090a139da64b,귀욤양이,29,0
11895,733103f0-64ac-11f0-87c5-cfc271183eec,늙은사람,29,0
11895,6febdbb0-6507-11f0-a092-cfb4e8946e57,적산호,29,0
11895,6d54b020-6214-11f0-9ed2-2327c5a1ff14,송퇵촛,29,0
11895,68f79310-637e-11f0-adf7-d1fabe44ecce,도현행,29,0
11895,68486530-69fe-11f0-9adb-01ec0e539aaf,오로로로롤,29,0
11895,651ef350-63ab-11f0-9b51-d36a85c863a7,딱풀이,29,0
11895,5fb8e240-6487-11f0-9155-fd42f9440840,오리공듀,29,0
11895,57c842b0-6487-11f0-9155-fd42f9440840,김굽는김구,29,0
11895,5555a110-6d03-11f0-9497-07950a6b2df0,atto,29,0
11895,522e29c0-69cb-11f0-86e2-d3a55f318685,김삿갓2,29,0
11895,50d96770-64a2-11f0-829b-d50781ca76af,불면증,29,0
11895,4ea22bd0-66b5-11f0-ab75-d185489f2c82,난세질풍,29,0
11895,45f30310-62d7-11f0-9cbc-05ebba638e55,성영무,29,0
11895,42944b70-6d0e-11f0-9b40-39de905d3348,반디파파,29,0
11895,3dcb14a0-643c-11f0-99c8-7b44769d223b,21m,29,0
11895,3a5f3c40-6bc3-11f0-9596-e7cdc2c44daa,우두머리,29,0
11895,32d173e0-6636-11f0-b748-d137daada104,가렌,29,0
11895,2c2336c0-6201-11f0-8879-5f895f1781fe,개혁,29,0
11895,20522640-6c55-11f0-bdaa-ad27fd640cb0,히아,29,0
11895,1fd62070-64aa-11f0-b5c8-a523170b964a,새싹민트,29,0
11895,1bdbcf10-64af-11f0-8340-854878e1c5cf,포미,29,0
11895,1bb29cb0-6ac4-11f0-aa73-c544fd48d310,빅뱅,29,0
11895,01e683c0-63b5-11f0-8f63-fd02b502cb0c,혼애,29,0
11945,ff32d310-6d44-11f0-b976-671badd129d8,백운향,28,0
11945,fcc84df0-66fd-11f0-b905-616e286946a4,판다와쏭,28,0
11945,fb25f100-63ba-11f0-b61d-bf523f01bcd1,동진엠엔에스,28,0
11945,f83f32b0-63e4-11f0-8ce7-05e1fc9cefd2,지휘통제실,28,0
11945,f6ca2c40-6af2-11f0-b19c-67c669359d64,세이표류기,28,0
11945,f6019a40-654e-11f0-9925-2bfdb21f1ef4,우주비행사,28,0
11945,f5db7e40-6496-11f0-bbfe-0d14bcd852b5,창성,28,0
11945,f59e6a80-6bc3-11f0-b76d-09d739463f43,승뉴뉴뉴,28,0
11945,f4e992e0-6443-11f0-8944-5327091948db,삼장법사,28,0
11945,f34e4e80-6669-11f0-8b65-97eb249c79b0,쿠쿠임,28,0
11945,eed59b20-650a-11f0-998d-6361b2224259,고서,28,0
11945,e8ca9c10-63b8-11f0-aab1-5f3bbe175c3e,안또동,28,0
11945,e4646940-6baf-11f0-a01f-e538764cd6d1,박디디,28,0
11945,dfcabeb0-6b74-11f0-b12d-131ac73060ee,포에버포유,28,0
11945,df9be330-6a87-11f0-97df-4b76eb1e1edb,나임,28,0
11945,ddf90760-63de-11f0-b228-cfd66956cea6,귀칼,28,0
11945,d9079e80-6846-11f0-93fd-fb38156acf32,초록수박,28,0
11945,d47e7fd0-6aaa-11f0-b350-274e47244e62,선나미,28,0
11945,d4035270-6301-11f0-ac70-a708c19ff45f,눌레,28,0
11945,cd7f4bd0-694f-11f0-9c6c-658573885763,mintabi,28,0
11945,c6f91a60-656d-11f0-b5ae-9f72a71a5588,모험가곽씨,28,0
11945,c19253f0-6191-11f0-aa89-4bb7d106e829,강원도임꺽정,28,0
11945,bb1238b0-6b73-11f0-ab91-25a9c398f8e5,강서우체국,28,0
11945,ba90a9b0-6d41-11f0-a5ac-25cfed422797,소향,28,0
11945,b4b833c0-63d5-11f0-a9da-8b915b889dd4,명령,28,0
11945,b1da6d11-6526-11f0-85dd-2db918fca576,금비3,28,0
11945,a97efe00-6969-11f0-ae68-5795f71e1f3f,체대치즈,28,0
11945,a11e2c80-628f-11f0-ba61-57b32c8fdcaa,싹쓸,28,0
11945,9aeadc60-6397-11f0-929e-756b01201a20,감돼,28,0
11945,9a9037b0-6333-11f0-a70b-97528033efd5,하수,28,0
11945,95bf98e0-650c-11f0-846f-13edae8f7606,썬스타,28,0
11945,94fd2a40-656f-11f0-9b02-9934e4aaee80,스칼,28,0
11945,90e55600-63d8-11f0-b0c8-0be5c747fc57,여울령,28,0
11945,905d0aa0-68a3-11f0-9f2d-1164105dfac9,nkjh,28,0
11945,8efda750-6817-11f0-966a-9ddfc9fc7a33,행복한바다,28,0
11945,8edda920-6abd-11f0-b350-274e47244e62,냥아지,28,0
11945,87ec4c10-61f4-11f0-9346-a503da0bb554,교강용,28,0
11945,8791da90-66d7-11f0-a45a-8fae72bafa7b,원조고삐리,28,0
11945,84820780-6b82-11f0-b12d-131ac73060ee,친미,28,0
11945,81947140-632e-11f0-acf4-5d62302864df,취호,28,0
11945,7d975631-6a85-11f0-ab22-9b7f810af5a1,수암,28,0
11945,78698760-6999-11f0-9567-3b74e61607c2,난셰,28,0
11945,78433a10-677d-11f0-832d-2343fb1c7686,부안,28,0
11945,77f411f0-6346-11f0-9eba-319c3c5b72eb,봉이,28,0
11945,74ce9b70-64b9-11f0-a6aa-35aaf5473bd5,시시안우,28,0
11945,73205bf0-64c9-11f0-8eb8-c34e3e83e6bb,쁘띠해피,28,0
11945,71a9ab30-623c-11f0-939e-157038911130,나카모리아키나,28,0
11945,70409d90-6466-11f0-baaf-45c3a00048ee,현주네,28,0
11945,6a945780-639c-11f0-9b51-d36a85c863a7,간다라왕,28,0
11945,68dc6d80-63cc-11f0-a9da-8b915b889dd4,약강중간약,28,0
11945,628c2d10-6243-11f0-9b9e-13c7a7dd6c88,아낙스나믄,28,0
11945,5e6e0b50-62dd-11f0-8e55-53f16de9a7ce,사기캐,28,0
11945,4faa4b40-662c-11f0-8621-0f3e351e9362,셀레어티,28,0
11945,4eb3db70-6249-11f0-8731-517e16b3676b,쩡기,28,0
11945,4bc061c0-6309-11f0-aa86-77fa1d930a78,악마또리,28,0
11945,49281100-67a6-11f0-aed9-e7219e4530ad,신중,28,0
11945,48e0f250-64e7-11f0-920f-d9bd8a2a820c,공식,28,0
11945,47fbb4c0-641e-11f0-89c3-81bc4ed5aa4e,한시아,28,0
11945,46377b10-6414-11f0-877d-c952436514c7,세대만,28,0
11945,43938570-6abd-11f0-aabe-19fce0d146b1,커어엇,28,0
11945,391d21a0-6cbb-11f0-80b2-df6a7b97e98b,보구기,28,0
11945,38fee2f0-64b2-11f0-934b-6da68273cd83,달빛조각사,28,0
11945,331ef260-649b-11f0-a470-3b5290ad38d8,콩규수,28,0
11945,31da6450-6894-11f0-b93a-9f2c5c09af4b,박보검,28,0
11945,304a5130-6430-11f0-b895-d750b0653929,강남하트스캔,28,0
11945,2ca130e0-63e4-11f0-981c-6918ebc09e55,유첫,28,0
11945,28da5d00-6525-11f0-8799-a56030339d38,멜링,28,0
11945,23e29c70-64b4-11f0-befb-a79eaa388d9e,핑크홍차,28,0
11945,2289cb60-6963-11f0-86e2-d3a55f318685,남만시,28,0
11945,22379780-6b36-11f0-a19e-714e695abfd5,도쿠진,28,0
11945,21449270-6969-11f0-8c10-6b87b89dce41,반애주가,28,0
11945,1f194210-6447-11f0-ab0c-317be3d6b0a6,scoi,28,0
11945,1c0c1490-64b4-11f0-8ec1-3f30537f594b,난세무쌍,28,0
11945,0e4856b0-6221-11f0-abc2-914425398299,루인,28,0
11945,086b8960-686b-11f0-aaab-7709464c3882,가나1,28,0
11945,06326360-6467-11f0-baaf-45c3a00048ee,삼산동철가방,28,0
12021,f9f38740-6485-11f0-bbfe-0d14bcd852b5,훈아당,27,0
12021,f9973130-655b-11f0-bcb8-43d28e4aad0d,뽀이아빠,27,0
12021,f8b8dee0-6389-11f0-9b51-d36a85c863a7,v히트v,27,0
12021,f15e6f80-6473-11f0-934d-3b333a678e8e,라빠딸,27,0
12021,ed584200-670f-11f0-a4d3-9b71158f6d4d,경서예지,27,0
12021,ecfc2660-64ed-11f0-920f-d9bd8a2a820c,팡주,27,0
12021,eb893d40-6952-11f0-9f3a-d936e3ed6e3a,에류아,27,0
12021,eb109b70-6abe-11f0-9563-35208c1cb4b3,살찐고양이,27,0
12021,ea082a80-68ad-11f0-ae52-25c108e63028,메이11,27,0
12021,e74e6fc0-626d-11f0-807b-b56290a6427d,비찬란,27,0
12021,e4e2f180-637f-11f0-adf7-d1fabe44ecce,포포님,27,0
12021,e4c23f00-67f1-11f0-a432-f5a269c347d6,Msp,27,0
12021,e163cf20-6acd-11f0-9ebc-25f4c2b0a5e6,sahing,27,0
12021,e0754510-63a9-11f0-a110-bf1368febfaf,천설화,27,0
12021,d8d93540-6445-11f0-b0d3-514122d47fb8,철부지사랑,27,0
12021,d7a98c20-63c7-11f0-99a0-f791fadc47f8,후쿠후쿠,27,0
12021,d2f942e0-6469-11f0-ac4a-217d6ce5123e,산소부족,27,0
12021,d1314da0-6d3c-11f0-8453-4d52e359456e,오늘밤,27,0
12021,d0d1e330-6894-11f0-a5e7-fbf0f8c825a2,슈천,27,0
12021,ce1be7b0-66e3-11f0-94fd-bd0b371894b0,오유비,27,0
12021,caf79520-63e1-11f0-8ce7-05e1fc9cefd2,순순이,27,0
12021,c53dec10-664d-11f0-96fa-990fd0c2f326,아마테우스,27,0
12021,c2c79490-653f-11f0-b862-f7a1348209f0,식크,27,0
12021,bf1f6bf0-6572-11f0-90c5-555ab05ea06b,츄루루,27,0
12021,bf044c50-63d1-11f0-bb86-97bdb11e4eed,양귀비,27,0
12021,bed840a0-6d50-11f0-87e0-c7b4fc691f0d,동주,27,0
12021,bd203710-6231-11f0-8510-f70fc2d13c3b,까맑,27,0
12021,b740aed0-6d56-11f0-84ea-85e702061068,포타슘,27,0
12021,b5bb2db0-6c4d-11f0-88f2-45e77a48e6d9,HGBook,27,0
12021,b24d4860-6500-11f0-89c4-91955faa19a3,킹지,27,0
12021,af37c9f0-6840-11f0-a5fe-ab6f5903207f,Agatha,27,0
12021,a91d2850-6c71-11f0-8acb-a35784198e45,한월,27,0
12021,a594af30-623c-11f0-9b9e-13c7a7dd6c88,빠때리,27,0
12021,a4f03c40-63c5-11f0-86ef-4d438ea3ec33,키위대굴,27,0
12021,a2968e90-6235-11f0-a635-b52548e33032,찬이,27,0
12021,9b598b80-653e-11f0-b203-85c99a94680a,정몽규,27,0
12021,95ba0f80-649c-11f0-90f2-efb4d5ac17d9,라오프,27,0
12021,8f3e9000-6d3d-11f0-9497-07950a6b2df0,스키틀즈,27,0
12021,8ef974c0-6c4d-11f0-9123-4f6ce6de2b0b,12341234,27,0
12021,8ce90370-663b-11f0-8157-83c241bc6c35,나순이,27,0
12021,87c85c10-6915-11f0-a1de-d56c01849062,한쥬,27,0
12021,86e83c30-64aa-11f0-829b-d50781ca76af,신성델타테크,27,0
12021,86a1a750-659c-11f0-adab-e3842e797e8d,폼폼,27,0
12021,8501af60-6a30-11f0-b8ef-bba3cc3093e6,록쓰,27,0
12021,844052d0-6a3e-11f0-83c1-071402a58f9d,복이율이,27,0
12021,81f60e90-64b5-11f0-8531-17ace7b5407b,뾰다,27,0
12021,7fcf41c0-6417-11f0-a3ab-515b7dbdbb4f,자먹어라,27,0
12021,7f968c20-6333-11f0-899c-ed58ed9d92cb,임선비,27,0
12021,7f855330-63e5-11f0-96dc-5f8ee1571586,한국사전교2등,27,0
12021,7f650d90-62bf-11f0-b038-1df969c0d9a5,사인검,27,0
12021,7ef37250-6307-11f0-97ca-0d85e330204a,내유,27,0
12021,7a1f9ac0-6315-11f0-8d40-dfc9f921e722,이승철,27,0
12021,795c8020-6d4d-11f0-a5ac-25cfed422797,평천하,27,0
12021,794e2020-62f8-11f0-9587-a13b554ab559,준이파파,27,0
12021,784b5ec0-64bc-11f0-b991-dd3659cb9d59,마신왕,27,0
12021,77ca5590-6314-11f0-a53e-f720860fcc8a,니닌,27,0
12021,76acbe40-63dd-11f0-b6e0-95710897614e,살만한가,27,0
12021,7615d360-64b7-11f0-a8b2-13458b8aee05,황콩콩,27,0
12021,6e1deff0-69dd-11f0-9adb-01ec0e539aaf,환지볼탱탱,27,0
12021,6d27c5b0-6d36-11f0-b976-671badd129d8,부르터진입술,27,0
12021,6d251e90-69bd-11f0-8a6d-053337276a21,aasfy,27,0
12021,6b1e8ff0-63b9-11f0-aab1-5f3bbe175c3e,내가조범이로다,27,0
12021,673ff7c0-68ff-11f0-a8f9-552003805e1b,국뽀오모옹,27,0
12021,661e4220-62bf-11f0-b78d-9fbbdf7f23fb,크리드,27,0
12021,645f68a0-6252-11f0-a880-47d9baf0c64a,에이아이,27,0
12021,6293c5a1-649d-11f0-a845-496ab271568b,새곰,27,0
12021,5917aa40-66f1-11f0-a331-1515e3bebb36,다운증후군,27,0
12021,5857e560-630f-11f0-8d40-dfc9f921e722,돌주먹,27,0
12021,53e43c60-62b3-11f0-bf6e-91ab11ffb732,홍긋,27,0
12021,51bd98b0-63ac-11f0-a8e3-a3fc99f88008,페일노트,27,0
12021,5017b4d0-6444-11f0-8944-5327091948db,벳블,27,0
12021,499a8150-64c6-11f0-8365-bbd01b79191c,예티,27,0
12021,49689ab0-6bff-11f0-b3a4-bdd7aa4d5379,닌자들의왕,27,0
12021,454baab0-6765-11f0-87c3-0b4217e01a7d,22e,27,0
12021,454aca80-623a-11f0-939e-157038911130,사파동,27,0
12021,43740b00-6ac7-11f0-887f-c18cdf79257d,리바이바이,27,0
12021,42ef18f0-6437-11f0-83ae-cb0d7c1d5c99,a1234sdf,27,0
12021,3f7611e0-6402-11f0-83ae-cb0d7c1d5c99,배극,27,0
12021,39e1a9f0-6c96-11f0-a3aa-53b108aed5e1,로리,27,0
12021,3840fd70-6c42-11f0-bdaa-ad27fd640cb0,깐찡,27,0
12021,36848820-67a7-11f0-8358-5f84b9ec62b2,외계인,27,0
12021,3383e070-6474-11f0-a8d6-9514efa5ade9,광자,27,0
12021,3167de10-6ba2-11f0-8f80-79c9c37e8ee5,태정왕조실룩셀룩,27,0
12021,2e75f940-63d6-11f0-8ce7-05e1fc9cefd2,숭겸신,27,0
12021,275129b0-6ce0-11f0-a7a3-55c3beebb1fc,불타는호랑이,27,0
12021,26b0dc30-64f7-11f0-b0f9-9b13bf283379,개마무사,27,0
12021,25bef960-6c0e-11f0-b3a4-bdd7aa4d5379,루현,27,0
12021,2544f6e0-62d8-11f0-9cbc-05ebba638e55,오롱이,27,0
12021,249f5160-69c5-11f0-83c1-071402a58f9d,우진진,27,0
12021,218a5cf0-6235-11f0-bbfd-8564365ef7ff,팅커1,27,0
12021,217d4db0-6750-11f0-b696-57f6be140e14,부곤,27,0
12021,20a31060-696b-11f0-bc56-3d09b4cf96b9,황예림,27,0
12021,1e2f5a60-629e-11f0-9064-5b81f50d3e9d,아가맨,27,0
12021,1de85b70-6671-11f0-ba90-31fb5fd677bf,춤추는무희,27,0
12021,19167340-69ee-11f0-81d8-d75e58d916af,수박잉,27,0
12021,18581920-6d0b-11f0-b16a-59affbdabbf5,이정훈,27,0
12021,13daa080-63b9-11f0-a06c-a18ad4eb2f25,초인,27,0
12021,1305cf10-63df-11f0-b228-cfd66956cea6,815광복,27,0
12021,12cb2750-63f0-11f0-a3c9-9f9256df83ae,불사이순신,27,0
12021,10935490-6926-11f0-a72d-f3190f62faf5,두부한몽,27,0
12021,0d731010-64b8-11f0-8446-43910c46e338,위성,27,0
12021,059bf2b0-69ec-11f0-83c1-071402a58f9d,과거,27,0
12021,04edd550-6d42-11f0-a5ac-25cfed422797,아싸리,27,0
12021,03590230-69d9-11f0-85ec-2d4864590657,몽쉘오예스,27,0
12021,009a0360-63b1-11f0-9b10-25f9ca8a7a53,말랑한호두,27,0
12126,ffad31c1-6b58-11f0-837a-5be36112ad0f,민경쓰,26,0
12126,ff10eec0-6426-11f0-bcbf-2b7f0b4e55b1,금슬,26,0
12126,fda89230-62d3-11f0-b968-b15002a4efc3,온온온,26,0
12126,fd2a5e30-66c8-11f0-998c-9933a60cc856,이글,26,0
12126,fbb02460-6261-11f0-bcbb-714564b525f4,케빈덕배,26,0
12126,fa599430-65c6-11f0-bf97-2123285fe52f,떠먹여줘,26,0
12126,f735dce0-6540-11f0-bfcd-476b37318f6d,응우옌,26,0
12126,f4aa32f0-6c25-11f0-98cb-9992c3b823e7,뽀꼬마녀,26,0
12126,f46d3120-6239-11f0-bbfd-8564365ef7ff,십이월,26,0
12126,ee5a0a20-61f7-11f0-bec7-d3a6c7531650,홍동무,26,0
12126,ec55b820-62c7-11f0-a89f-3182c3b8adb5,후룹,26,0
12126,e145c120-620c-11f0-8954-d1ddcca9d272,Kwan,26,0
12126,e0d23600-6505-11f0-8656-11ca02e5b2bc,스테로이드티모,26,0
12126,dd471970-64c3-11f0-bfcf-1fdb18c8f989,도뿡,26,0
12126,da76f1d0-6468-11f0-baaf-45c3a00048ee,준왕,26,0
12126,da503800-634c-11f0-9eba-319c3c5b72eb,서도,26,0
12126,d9504850-6248-11f0-a7b6-cf18c18dd85f,timy,26,0
12126,d87c4e10-658b-11f0-ac7c-9d33cbbedf6a,배꼬미,26,0
12126,d7adfe40-649e-11f0-ac20-8734dac19833,구원의마왕,26,0
12126,d5aeb590-64cf-11f0-89c4-91955faa19a3,유킴,26,0
12126,d3e64f10-6205-11f0-b6b8-890977889e3d,하이델룬,26,0
12126,d3e5cb00-6393-11f0-a4da-3d0ef443f21c,갓꾸잉,26,0
12126,cfd616c0-6a44-11f0-b350-274e47244e62,영길이,26,0
12126,cf5b89b0-61ab-11f0-8d9e-717aec57ba88,102is,26,0
12126,ceec8d40-6245-11f0-a33f-f73020b95b05,빼로,26,0
12126,ce2bcb10-6d16-11f0-9497-07950a6b2df0,우가가,26,0
12126,cc6cb9c0-6572-11f0-90c5-555ab05ea06b,제왕강림,26,0
12126,cc679ee0-6b3f-11f0-bfbf-11a1330b4a18,아찔한모아요,26,0
12126,cafb8970-6565-11f0-b5ae-9f72a71a5588,엣지딜,26,0
12126,cab64db0-64a2-11f0-ac20-8734dac19833,기본,26,0
12126,c885faf0-6578-11f0-94e1-9148d7950b64,기리이,26,0
12126,c6f0bc50-6a57-11f0-b7a5-333dfc345c53,평화시인,26,0
12126,c5c14a40-6447-11f0-ab0c-317be3d6b0a6,갈가마사,26,0
12126,c4b61680-6ac3-11f0-9ebc-25f4c2b0a5e6,해나16,26,0
12126,c49e1f90-650e-11f0-8799-a56030339d38,전생,26,0
12126,c16b4250-6462-11f0-a72c-e970bf999ff4,회귀,26,0
12126,c0fa5830-654b-11f0-9bfa-fbe46a729beb,핏빛미르,26,0
12126,bf668350-69e1-11f0-9416-6d61d44d7bd3,야천,26,0
12126,be7b1ea0-629e-11f0-bcbb-714564b525f4,고루고루,26,0
12126,bd829650-6379-11f0-adf7-d1fabe44ecce,광야의고구마,26,0
12126,bbce2c80-61ed-11f0-94d1-0d70694c9e17,케르베로스,26,0
12126,baef8250-625b-11f0-8141-45676e6e5d83,꾸러기,26,0
12126,ba59fa80-6447-11f0-ab0c-317be3d6b0a6,무르,26,0
12126,b8c3e870-640b-11f0-a3ab-515b7dbdbb4f,누름,26,0
12126,b4c69430-63ec-11f0-8ce7-05e1fc9cefd2,해덩,26,0
12126,af8ff080-6d2c-11f0-b0d7-0b3415ac89fb,참봉이,26,0
12126,ac099850-6c0d-11f0-948b-913c7c2d582b,류류루리,26,0
12126,a26810b0-6447-11f0-ba26-c559d1541584,hissm,26,0
12126,a1a2c760-62f3-11f0-be58-8570b5052512,fufjenn,26,0
12126,a143a9d0-6648-11f0-8bf6-afeec62e00c0,브룽이,26,0
12126,a097d560-6256-11f0-9b19-83f0f39a46d2,Kalsolen,26,0
12126,9fc9efe0-62cb-11f0-a655-3f20d48333c3,아아사랑,26,0
12126,9f793910-6492-11f0-a086-85e9f4d94fe9,한결2,26,0
12126,9ca78490-69fa-11f0-9416-6d61d44d7bd3,수니아빠,26,0
12126,9b8c1a30-623e-11f0-bbfd-8564365ef7ff,권양반,26,0
12126,98aad1b0-681c-11f0-82b6-93a73aef044c,난세동동,26,0
12126,984e5ec0-6638-11f0-b726-611a4a177fe2,트윅스,26,0
12126,979dd9c0-6be6-11f0-b887-f58f7dbc998b,유진정우,26,0
12126,944ae240-6614-11f0-ba0e-5d9d6daabc7d,예준허,26,0
12126,935c7100-650b-11f0-a008-3d1038308b91,sldms,26,0
12126,8aae98f0-62bb-11f0-839f-d97137a128f6,퇴근핑,26,0
12126,89f087c0-65ea-11f0-bf07-895573ebba9a,머루숯불닭갈비탕,26,0
12126,89562d60-6446-11f0-ba26-c559d1541584,운회사,26,0
12126,81c927d0-6c2c-11f0-a4ba-e76b80b49d26,활화산,26,0
12126,7ac3c4f0-6b63-11f0-b65c-c1a8117d14fc,화연도군,26,0
12126,71c78e00-67cf-11f0-aa0e-8137dd32d9f9,윰히,26,0
12126,71657570-674e-11f0-924a-215eb8d4d8f2,목포꼬리,26,0
12126,70e09810-63ab-11f0-9e98-299d606b6be2,후끄,26,0
12126,6ed8f690-657f-11f0-aff4-db0d61529086,흑킬동,26,0
12126,6afac0d0-6886-11f0-9ade-15b332d82e41,아래한글,26,0
12126,68c2b600-6c06-11f0-87eb-690ec7d4dfe2,II난세영웅II,26,0
12126,6312a9f0-63ea-11f0-8a42-dbcff3ac6a62,꾸꾸냉,26,0
12126,604c9a40-6328-11f0-9d30-a1884d59ed55,맥99,26,0
12126,6035ed50-653e-11f0-971a-35e806be879b,마라바고,26,0
12126,5d48b050-6c00-11f0-b3a4-bdd7aa4d5379,시즌성냥,26,0
12126,5b9d2890-64c0-11f0-9b43-7f9294ac5806,권기사,26,0
12126,5a4c4250-6533-11f0-a7f2-95dc17e8a4b9,IZZ,26,0
12126,58cb60c0-69eb-11f0-83c1-071402a58f9d,또리기백,26,0
12126,56fb3890-6a83-11f0-97df-4b76eb1e1edb,뭬에야아아아,26,0
12126,548e3f20-65c0-11f0-b5ae-9f72a71a5588,도도도독,26,0
12126,52e1aa80-63a5-11f0-b7d9-6726758670c6,어흥호랑이,26,0
12126,5271c3f0-6882-11f0-a557-63284acb0ec6,체릿잎,26,0
12126,5213d040-6302-11f0-a267-6f822e3259c1,hsud,26,0
12126,51b5d4a0-6469-11f0-a19b-cd9bee505425,대듀,26,0
12126,4f0d2860-6230-11f0-9658-0db50d035217,포차코,26,0
12126,4ef23fd0-64c1-11f0-bfcf-1fdb18c8f989,난세랩,26,0
12126,4e7dba30-6c63-11f0-b8e2-a331d9e3a322,rolex,26,0
12126,4d56c1b0-63e4-11f0-981c-6918ebc09e55,다윗,26,0
12126,4cf773b0-6270-11f0-adc6-455e8908a1ee,버억,26,0
12126,4b789e50-6ba4-11f0-89f7-c75d07c35bd7,카로리,26,0
12126,47f80fd0-61f0-11f0-b3c7-a9c53be5027c,화약연화,26,0
12126,470e62a0-63de-11f0-8ce7-05e1fc9cefd2,zxxz,26,0
12126,43cf6fb0-62eb-11f0-a53e-f720860fcc8a,COM,26,0
12126,42732460-69d8-11f0-9416-6d61d44d7bd3,환은,26,0
12126,3e913050-6698-11f0-bb83-f517f09ac232,여민,26,0
12126,3c7eb8e0-6257-11f0-b66b-f98e79339126,디랜디,26,0
12126,392c6b60-6b30-11f0-9401-77a3c768b1e5,equittes,26,0
12126,37fece50-6481-11f0-8bb8-9d3a036b97f2,대쥬쥬,26,0
12126,350ecb20-6501-11f0-ad80-bf5616b7c1de,신라면,26,0
12126,32828e10-69fb-11f0-9adb-01ec0e539aaf,yanbu,26,0
12126,3234a740-653c-11f0-b862-f7a1348209f0,세란,26,0
12126,2ffb3150-63e4-11f0-96dc-5f8ee1571586,비전아파트,26,0
12126,2c50b2c0-670c-11f0-a764-331beb7dec8b,고라니응가,26,0
12126,29db8720-6bb9-11f0-a8af-f73a307a4a56,비비르,26,0
12126,28bbebe0-622d-11f0-aa91-9b126fa90fce,친일척결,26,0
12126,2598d230-6457-11f0-8f1e-9b9f4436b281,달려라지덩,26,0
12126,20d77f40-6307-11f0-93c0-3fa3bb7fad1e,진격의포도잼,26,0
12126,1ebac0b0-6d42-11f0-a5ac-25cfed422797,짱크,26,0
12126,1d6748c0-6b4c-11f0-89d8-0101a6b6342f,HEROES,26,0
12126,1cd71200-62cd-11f0-a655-3f20d48333c3,이다노,26,0
12126,1cae5c80-69ed-11f0-9ccf-efc03aeeda2b,콘파냐,26,0
12126,1c2a7480-6842-11f0-a8e8-6fe621041642,홍중파,26,0
12126,19b8b770-69d2-11f0-8f96-49279775b5cf,라임무,26,0
12126,17da7780-6893-11f0-b787-d716cf1b0fbf,여든,26,0
12126,141fa870-646c-11f0-b988-07f0a97cfdc2,정탁,26,0
12126,13527010-633d-11f0-899c-ed58ed9d92cb,바이,26,0
12126,110be640-69f2-11f0-87cd-13cc90e29527,얀마,26,0
12126,10e72c40-6b1b-11f0-8f14-2f5913224acc,낭만주먹,26,0
12126,10d29fb0-6250-11f0-ba61-57b32c8fdcaa,송2,26,0
12126,0fceab20-6c3e-11f0-948b-913c7c2d582b,noobl,26,0
12126,0c00c910-6310-11f0-abe8-09c261bd0e21,pookie,26,0
12126,0b3e3020-61c2-11f0-a0d3-0bbe2d3e2c3c,unlnst,26,0
12126,0ae4f270-6579-11f0-a60e-1997edb5530b,화난문어인형,26,0
12126,0a72fec0-6a03-11f0-87cd-13cc90e29527,가을꽃,26,0
12126,09945ed0-6964-11f0-8a8c-e705cbe6ed4d,샥샘,26,0
12126,08073e10-6983-11f0-86e2-d3a55f318685,항준남,26,0
12126,07fa1ed0-67fb-11f0-bb71-090a139da64b,예냉이,26,0
12126,0621f560-6206-11f0-980a-396801ba63e1,아나다타,26,0
12126,05d1d680-6a3e-11f0-b8c3-31d76e99096b,지플리,26,0
12126,03ab9990-69da-11f0-9adb-01ec0e539aaf,도고헤이하치로,26,0
12126,00ff8110-6463-11f0-baaf-45c3a00048ee,바나나우유입니다,26,0
12126,00fc46c0-6716-11f0-a764-331beb7dec8b,바르바티,26,0
12258,fcaa1fc0-6459-11f0-8b4d-01ccbaf92ff4,진지오니,25,0
12258,f8e9e260-62b7-11f0-bf6e-91ab11ffb732,홈길동,25,0
12258,f731a900-6391-11f0-b91f-cbca55a9af76,unzi,25,0
12258,f2cc2e90-63ea-11f0-8989-0f75f17d859c,부천유제벌,25,0
12258,f1ad4910-6442-11f0-8944-5327091948db,모브필터,25,0
12258,ee1959b0-638e-11f0-929e-756b01201a20,하늘e,25,0
12258,ede5cf40-6970-11f0-b48f-5bc2bde58a1c,이현이아빠,25,0
12258,ebe9ca50-6611-11f0-8af8-af83b80f6378,추억상자,25,0
12258,e9273be0-6c88-11f0-bb12-f394c5e7b677,토라,25,0
12258,e8080f20-6457-11f0-8df0-a9be6ca1bee2,미절무,25,0
12258,e6c8cb40-6b50-11f0-ae55-7d4f8e239d4a,무응,25,0
12258,e48ba2e0-6244-11f0-9b9e-13c7a7dd6c88,대도가청라,25,0
12258,dd1ee950-6676-11f0-b77e-a100e5cb3d55,다가노다,25,0
12258,daf8f880-6899-11f0-944a-3188c1e071c1,w아크w,25,0
12258,d70fdbc0-6499-11f0-814e-7d3df55868b8,Solar,25,0
12258,d6ab9220-621c-11f0-9b80-6dacbd1dec23,난해류,25,0
12258,d69ae7a0-686f-11f0-a583-33b377bc2bee,프리퍼,25,0
12258,d59f0ee0-64b3-11f0-8446-43910c46e338,잘오,25,0
12258,d573d1b0-668b-11f0-8b65-97eb249c79b0,윤기,25,0
12258,d31fd540-62ca-11f0-a89f-3182c3b8adb5,장리,25,0
12258,d259c7e0-6d17-11f0-b976-671badd129d8,아궁이,25,0
12258,d244f0d0-63d6-11f0-b0c8-0be5c747fc57,방구다이,25,0
12258,d221add0-6388-11f0-a716-97e6f4eb8e7d,웡카,25,0
12258,d16d93a0-6486-11f0-bbfe-0d14bcd852b5,밑거름,25,0
12258,d08bf660-6b4e-11f0-8bf0-47fbc7dbb5fc,후키나오레나,25,0
12258,cedf8fd0-6404-11f0-bcbf-2b7f0b4e55b1,차눙,25,0
12258,ce53af30-6754-11f0-a764-331beb7dec8b,아장이,25,0
12258,cd909b10-6648-11f0-af70-ebef616e787b,사고,25,0
12258,cb039830-67b4-11f0-b8f5-d358b486ea69,hyeyumm,25,0
12258,c5818830-6d05-11f0-9497-07950a6b2df0,폭식합니다,25,0
12258,c2ff45f0-6a9b-11f0-9b9a-dfc16842ed10,팅이,25,0
12258,c151eac0-66cf-11f0-ba08-213ff4d969af,증명,25,0
12258,c0454070-6484-11f0-a086-85e9f4d94fe9,닉투게더,25,0
12258,bfe4d520-6bd0-11f0-bbec-d73ff901d46b,백소야,25,0
12258,bf86b230-6412-11f0-a3ab-515b7dbdbb4f,꽝호,25,0
12258,be37a9a0-69c8-11f0-86e2-d3a55f318685,오틴,25,0
12258,b97caa00-636f-11f0-a70b-97528033efd5,키움히어로즈,25,0
12258,b90ae000-651d-11f0-ab3b-9d4ed9be40b9,윤초,25,0
12258,b7dd80a0-66eb-11f0-9d84-571867bd3317,표류기당했다,25,0
12258,b2c95ab0-6396-11f0-929e-756b01201a20,소금아빠,25,0
12258,ad6d1cb0-657a-11f0-ae35-d76aa5c386d5,펭귄세가,25,0
12258,ac76d820-6401-11f0-83ae-cb0d7c1d5c99,해별달,25,0
12258,ab6df880-62e1-11f0-a53e-f720860fcc8a,니규,25,0
12258,aa6965a0-63e5-11f0-849d-3b3a1fc71a59,태식이,25,0
12258,aa62ad90-6ca6-11f0-bf20-0950605175eb,afgd,25,0
12258,aa1dea20-62e7-11f0-888b-4325034dd618,나리쥬,25,0
12258,a940b050-6c39-11f0-948b-913c7c2d582b,고검향,25,0
12258,a7178b30-6498-11f0-a315-5d30c4fd1c80,차여운,25,0
12258,a51b2aa0-67e8-11f0-a432-f5a269c347d6,Jinseo,25,0
12258,a4739bb0-6706-11f0-bf3a-3baa684433d6,진마,25,0
12258,a04c6d20-6259-11f0-9e03-0da19caf8480,일사,25,0
12258,9bb8dd60-632c-11f0-ba6d-31d76c70e10b,지진,25,0
12258,94dcc0b0-6c64-11f0-99b9-6368c5be50e5,은원,25,0
12258,94990c20-699f-11f0-ae0d-6f90dae175ae,은셋,25,0
12258,9433c560-6754-11f0-924a-215eb8d4d8f2,을파소,25,0
12258,8f8b8ff0-6468-11f0-a19b-cd9bee505425,뭐랭,25,0
12258,8956c650-6aac-11f0-9a7f-e32704d17198,고군분투,25,0
12258,8948bfe0-6446-11f0-ab0c-317be3d6b0a6,뭉치아빠,25,0
12258,87f33bf0-62db-11f0-8f11-77dd1d282e8c,연화오랑,25,0
12258,83ceb730-655a-11f0-b3f0-412c1cd1201f,잔상,25,0
12258,7f1eb710-63c2-11f0-b6ab-ab1d57efd9b6,달래,25,0
12258,7e9bd630-6659-11f0-96fa-990fd0c2f326,달궁,25,0
12258,7dd05ae0-64cf-11f0-8ef3-8dde64b39158,오꾸,25,0
12258,7b461d10-692e-11f0-be86-8f17e613fd1f,꼬꼬뱅,25,0
12258,7758c960-6464-11f0-a72c-e970bf999ff4,미누비누,25,0
12258,76220680-6827-11f0-82b6-93a73aef044c,막장드라마,25,0
12258,747c5a40-6aef-11f0-92e1-394a8ca307ec,고금젤일검,25,0
12258,71611ef0-6c4c-11f0-802b-15be0af62600,춘삼월드,25,0
12258,70be4df0-68d8-11f0-8188-61fc44a09398,선장비후실력,25,0
12258,6d3938a0-6a06-11f0-87cd-13cc90e29527,떡상가즈아아,25,0
12258,6c77a670-62ec-11f0-8b38-673b14cc10ee,주어딩터,25,0
12258,6ba88890-644a-11f0-8944-5327091948db,육눈이,25,0
12258,6b327201-63f9-11f0-b314-3925c9c0ffa7,희비,25,0
12258,6929ea80-6d3e-11f0-b976-671badd129d8,곰곰88,25,0
12258,674a8d90-6245-11f0-a33f-f73020b95b05,winermen,25,0
12258,6655a190-6d4e-11f0-ade0-831ecb15bd1a,이정우수한,25,0
12258,65ed74f0-6c11-11f0-948b-913c7c2d582b,우닉1,25,0
12258,65789d20-6adf-11f0-9ebc-25f4c2b0a5e6,키미,25,0
12258,628852f0-6237-11f0-bbfd-8564365ef7ff,treeaa,25,0
12258,60b081d0-634c-11f0-9145-a52c50a03179,갓소진,25,0
12258,607a30d0-69f5-11f0-9416-6d61d44d7bd3,쫄탱,25,0
12258,5f18bb90-6972-11f0-b533-e5c77c7b5978,엔트라즈,25,0
12258,5ea54780-6aaa-11f0-97f1-7fc07927d956,꽃게랑,25,0
12258,5ea2aa80-653b-11f0-971a-35e806be879b,돌돌님,25,0
12258,5cee93d0-6378-11f0-baf4-f589a09d6246,두둔,25,0
12258,5af83590-653a-11f0-bf88-f5c7f77ee584,식식이,25,0
12258,5a63cfe0-655d-11f0-a13b-c76a133a6513,테디,25,0
12258,5728b500-6550-11f0-a37f-b346b9412b7f,망곰,25,0
12258,567a3dc0-6afc-11f0-81c6-631f4db3b04d,SUNDAI,25,0
12258,5500d730-6438-11f0-8bb1-eb965705e646,이구아잉,25,0
12258,51db5a30-64ba-11f0-a6aa-35aaf5473bd5,료마,25,0
12258,516a2d00-6bb9-11f0-948b-913c7c2d582b,짠쫀쫀,25,0
12258,5017e8e0-63b5-11f0-8d07-390a61232108,꼬소,25,0
12258,4f968830-6bea-11f0-948b-913c7c2d582b,혀로,25,0
12258,4e8dfe50-6546-11f0-8b28-e3440b81a048,miraidon,25,0
12258,4ce78d30-6a1b-11f0-81d8-d75e58d916af,조선의난세,25,0
12258,4c2de500-63d7-11f0-bb86-97bdb11e4eed,우빈이,25,0
12258,4bfd27b0-643d-11f0-99c8-7b44769d223b,군웅할거,25,0
12258,4bae8260-6b57-11f0-ae55-7d4f8e239d4a,황진호,25,0
12258,4652dfc0-646b-11f0-934d-3b333a678e8e,동네승부사,25,0
12258,429f5b40-6387-11f0-adf7-d1fabe44ecce,도로로,25,0
12258,3eb022e0-6ade-11f0-adf1-352afe5db30b,태화이다,25,0
12258,3ae78b10-6b3f-11f0-9b25-df4e14d92fbf,둘리사우르스,25,0
12258,3a3e7f81-650d-11f0-998d-6361b2224259,호욘,25,0
12258,389f3810-6a97-11f0-9b9a-dfc16842ed10,쿠루마,25,0
12258,356493a0-6c51-11f0-a73a-89eac715ce01,어이쿠저런,25,0
12258,341dcce0-679d-11f0-8358-5f84b9ec62b2,라미a,25,0
12258,340334b0-6226-11f0-8853-493fc3ae34f0,준이아빠,25,0
12258,2d4f0ac0-698f-11f0-86e2-d3a55f318685,happpy,25,0
12258,24f832e0-69dd-11f0-9ccf-efc03aeeda2b,신영곤,25,0
12258,24a9c2a0-6b7b-11f0-91ca-cf5b24805095,김스툭,25,0
12258,1de07320-6959-11f0-86e2-d3a55f318685,아폴,25,0
12258,1b1ce180-69b5-11f0-86e2-d3a55f318685,옥돔,25,0
12258,1a4647a0-6312-11f0-b4ac-230641ea7477,명문레전드,25,0
12258,19af6d60-67c9-11f0-9087-f9ad8d76b235,한님,25,0
12258,1413d4a0-6548-11f0-81eb-8fc9130a5d40,고돌2,25,0
12258,1351e2f0-6ad4-11f0-9ebc-25f4c2b0a5e6,준고,25,0
12258,11b33d80-6215-11f0-9ed2-2327c5a1ff14,raiy,25,0
12258,113a5960-6a2b-11f0-a0bd-d7139a11b28b,윤별,25,0
12258,11066f40-6906-11f0-81c1-9ffa4d001a1f,강릉감자닭강정1,25,0
12258,06cc7ce0-64dd-11f0-998d-6361b2224259,호호후후,25,0
12258,03feeca0-6cee-11f0-a7a3-55c3beebb1fc,vkdvkd,25,0
12258,03972f90-6c3d-11f0-948b-913c7c2d582b,쏨쏨,25,0
12258,0346bb50-692c-11f0-bd01-4f9a91cb3d54,소령이,25,0
12258,01c9efa0-6237-11f0-b1ef-53e925ad2d1e,Marbling,25,0
12258,01a89f10-6bc6-11f0-808d-b59c2a5c9519,안산시,25,0
12258,009c8d70-644b-11f0-9a7f-07d3d9b1e362,토종스누피,25,0
12385,fffa3890-63be-11f0-ab4c-1749d25baca6,리부트정상화해줬,24,0
12385,fe9910a0-636b-11f0-afc6-811bae5953d1,산규,24,0
12385,fdc982f0-6c2f-11f0-948b-913c7c2d582b,이서연,24,0
12385,fadde8f0-6361-11f0-899c-ed58ed9d92cb,쁠리,24,0
12385,f7f30b70-6c1c-11f0-948b-913c7c2d582b,한시현,24,0
12385,f7aacaa0-63d3-11f0-b0c8-0be5c747fc57,긍지관철,24,0
12385,f71762c0-651c-11f0-9ac8-815504da4b66,삼식이삼촌,24,0
12385,f50d5170-697b-11f0-b793-ab8201cb2dd2,견우성,24,0
12385,f431dfe0-685a-11f0-8565-f911fd9ea35c,강남스타일,24,0
12385,f3b13b70-656b-11f0-90c5-555ab05ea06b,승가,24,0
12385,ed076820-6639-11f0-b390-df77dfcfb7b2,슈퍼뚱땡,24,0
12385,ebe18670-62af-11f0-bf6e-91ab11ffb732,실바나스언니,24,0
12385,e540b2c0-644c-11f0-b750-051f455e1aaf,장땡,24,0
12385,e514d4a0-69da-11f0-9ccf-efc03aeeda2b,해르시아,24,0
12385,e286a9a0-686f-11f0-a583-33b377bc2bee,무의식에극이,24,0
12385,e190d350-619d-11f0-8d9e-717aec57ba88,고우,24,0
12385,df5c2620-6468-11f0-a19b-cd9bee505425,페라치오,24,0
12385,df268030-62f4-11f0-be58-8570b5052512,머이오,24,0
12385,de906ec0-6b18-11f0-b8ff-3344b109df80,강탑,24,0
12385,dd1768a0-622b-11f0-b124-17ce52befe77,쎄다리,24,0
12385,db5b4e30-6c46-11f0-a73a-89eac715ce01,윤선생,24,0
12385,d8c53780-63d6-11f0-a9da-8b915b889dd4,별별최태성,24,0
12385,d8350860-695b-11f0-9c6c-658573885763,여름밤,24,0
12385,d5d54ea0-6446-11f0-9441-5df9253b0f52,mug,24,0
12385,d4626000-6a20-11f0-81d8-d75e58d916af,뚠남,24,0
12385,d3fa5160-6528-11f0-a2f9-538e8d8649bf,미스티레인보우,24,0
12385,d30f7d10-6434-11f0-83ae-cb0d7c1d5c99,규규절절,24,0
12385,d296e240-6553-11f0-a8f6-b9ccbcdd6c19,허봉탁,24,0
12385,d1a1d890-640e-11f0-a684-2b9cd36018bc,느거망,24,0
12385,d0492620-64ad-11f0-b32d-59569cefb935,씨뿌리는옥,24,0
12385,cf31de00-6492-11f0-a086-85e9f4d94fe9,박보영S2,24,0
12385,cec8a1a0-6231-11f0-8954-174f550c9ed3,김완선,24,0
12385,cccf1e00-68f4-11f0-82a4-059d2fef0171,흑당밀크티,24,0
12385,cbecbac0-6245-11f0-a33f-f73020b95b05,훈이7세,24,0
12385,cb6bfc20-6531-11f0-a092-cfb4e8946e57,금보기,24,0
12385,c8baf580-6437-11f0-83ae-cb0d7c1d5c99,지라이야,24,0
12385,c8a61260-6d55-11f0-84bd-8d876c8d183a,노이르,24,0
12385,c87de4b0-6243-11f0-a33f-f73020b95b05,베리롤,24,0
12385,c8349e90-6423-11f0-bcbf-2b7f0b4e55b1,박선선,24,0
12385,c80de570-645f-11f0-baaf-45c3a00048ee,신종표류,24,0
12385,c68ab950-648a-11f0-bbfe-0d14bcd852b5,한수,24,0
12385,c4405d90-63ad-11f0-8944-41389033f614,No3,24,0
12385,c38d1990-67d3-11f0-aa0e-8137dd32d9f9,비궁세,24,0
12385,c30fc9f0-64b7-11f0-9135-23d20257d3ed,벌꿀오소리는,24,0
12385,c2cf35b0-653f-11f0-8502-015c2c577c5f,진백천,24,0
12385,c1be9290-62da-11f0-8e77-0fd833fd1288,까불다훅간다,24,0
12385,c124f1b0-66ab-11f0-b13b-29d1f77f9110,caerus86,24,0
12385,c08fbb30-662a-11f0-8621-0f3e351e9362,글케,24,0
12385,bfce76d0-62e4-11f0-a9e2-bd6cd50a5a78,쿵푸,24,0
12385,bd578240-66e8-11f0-a25c-47a5a693b30a,성혜꺼,24,0
12385,bcde8b30-62d6-11f0-b968-b15002a4efc3,예나,24,0
12385,bcaefb20-66c5-11f0-94fe-71364e563de7,오지은,24,0
12385,ba160220-6493-11f0-a086-85e9f4d94fe9,거의,24,0
12385,b7ee2280-6898-11f0-905e-c7bed89e0fd3,zuzi,24,0
12385,b7676500-62b3-11f0-a89f-3182c3b8adb5,도파더,24,0
12385,b6838230-6246-11f0-9c23-457fcdeb3714,가휴,24,0
12385,b2772de0-66c9-11f0-a45a-8fae72bafa7b,홀랑A1,24,0
12385,b1cf39a0-644e-11f0-8576-d1882b0c15d3,초련비서실장,24,0
12385,afadbbc0-6236-11f0-b865-337ee6bfbdb4,하댕,24,0
12385,aec3b120-662c-11f0-96fa-990fd0c2f326,으뉴,24,0
12385,adf6d320-63da-11f0-9a87-810a40a679fa,권신,24,0
12385,acf12d80-63db-11f0-9b30-bfc50fd617fd,숫노전기,24,0
12385,aa892e50-69a6-11f0-8b3f-73b93d01f6b0,쭌라떼,24,0
12385,a9fc60b0-6af0-11f0-a101-2f71d3d479db,깐풍기,24,0
12385,a8c8b180-6433-11f0-83ae-cb0d7c1d5c99,플로버,24,0
12385,a860a8b0-63b6-11f0-a06c-a18ad4eb2f25,유나유나,24,0
12385,a586e860-69e3-11f0-87cd-13cc90e29527,쪼아진,24,0
12385,a4164e60-6472-11f0-9e27-35530581f5ae,보컬,24,0
12385,a3858020-63ae-11f0-bbdf-4720f039de06,조제v,24,0
12385,a259c920-64a5-11f0-8dc2-b1d7780ea280,어둠의실력자,24,0
12385,a254bd30-6820-11f0-9069-eb268d57af69,20232023,24,0
12385,a1a41720-6639-11f0-b4ee-39fec46309cd,윙잉,24,0
12385,a0493720-637d-11f0-9548-ab3b8ef34a62,쏭Yee,24,0
12385,9d38f670-6d2c-11f0-9497-07950a6b2df0,나는겨사과,24,0
12385,9c78d3a0-6c90-11f0-a097-d56ebc408629,가자치타,24,0
12385,9bceebe0-65e9-11f0-9621-7f92bcc40f2c,희뜌,24,0
12385,9ab31f50-6991-11f0-86e2-d3a55f318685,김바덕,24,0
12385,97d96250-6476-11f0-9203-95da192fe506,지식,24,0
12385,97b27d80-62c2-11f0-b78d-9fbbdf7f23fb,진구,24,0
12385,975ec050-6d17-11f0-9497-07950a6b2df0,옹단,24,0
12385,96744800-634d-11f0-97d7-efff12aed0ab,주허,24,0
12385,959a4cc0-643f-11f0-832b-c7e877b24350,김띵,24,0
12385,94ba2f60-65d3-11f0-a55a-ff95efeb91cb,은구릉,24,0
12385,9489f750-69a7-11f0-ae0d-6f90dae175ae,e준,24,0
12385,92cb2710-65c7-11f0-affa-eb5175889e94,한남자의상처,24,0
12385,90ca1b70-69ef-11f0-9ccf-efc03aeeda2b,난세둥돌,24,0
12385,90afae30-65d4-11f0-9732-ebaa7ff97e05,로디,24,0
12385,8e7e0fb0-65a9-11f0-8b44-3ff58a49da64,이슬s,24,0
12385,8e2ba100-6a2a-11f0-83c1-071402a58f9d,황금코딱지,24,0
12385,8753e560-64a1-11f0-829b-d50781ca76af,류혜성,24,0
12385,8426cf10-6235-11f0-b62c-3b68caacaa4a,이뫙,24,0
12385,828e4eb0-65ac-11f0-8b44-3ff58a49da64,치킨에소주,24,0
12385,81660fc0-6456-11f0-8df0-a9be6ca1bee2,맑은눈의고라니,24,0
12385,7e301410-6b93-11f0-ac9c-55c23a6ca868,가락,24,0
12385,73c93d30-61f7-11f0-82d0-c9e26b974f8f,마스터,24,0
12385,728cc010-6d30-11f0-812a-d364660ceebf,2수교운전조교,24,0
12385,70e71280-6a13-11f0-87cd-13cc90e29527,율율키유기다욧,24,0
12385,6fe02480-66cb-11f0-9bdd-e11867fc3a11,유나니개굴,24,0
12385,6f539d10-62c7-11f0-b78d-9fbbdf7f23fb,졎탱이,24,0
12385,6f3ba8d0-6818-11f0-82b6-93a73aef044c,워누잉,24,0
12385,6ecd7df1-6508-11f0-b0f9-9b13bf283379,ddfd,24,0
12385,6be052d0-6c8c-11f0-9ce1-3bb082378e2f,감튀킬러,24,0
12385,6716abb0-6c5e-11f0-802b-15be0af62600,카마도,24,0
12385,661f8e90-6c6b-11f0-b16a-699a6afe77a2,나홀로,24,0
12385,65f5c650-68c4-11f0-bf27-69600f7373fa,삿즈,24,0
12385,651d8d60-6614-11f0-b420-973bd54af871,건설,24,0
12385,6291ccf0-62f4-11f0-b784-85996253cafd,그노미,24,0
12385,60075c00-63b9-11f0-aab1-5f3bbe175c3e,무크로니아,24,0
12385,5f983350-66d6-11f0-a818-154c93ec6594,표류대협,24,0
12385,5d87fbb0-696d-11f0-8727-4d733c48cd23,꿈은별,24,0
12385,5b2cd630-6231-11f0-8510-f70fc2d13c3b,감성캠퍼,24,0
12385,59588ed0-68e9-11f0-bf27-69600f7373fa,ni천마in,24,0
12385,58e63260-6c75-11f0-a8de-d7173687f0b3,킹받쮸,24,0
12385,57de4ac0-631e-11f0-bf29-d31de16ca98e,밥뭇나,24,0
12385,5753baf0-6192-11f0-9869-c1c5ed7630de,wqe,24,0
12385,54483e30-65fc-11f0-8afb-9767d055c78a,루페온,24,0
12385,4eede660-691c-11f0-b776-39555a34501f,벤치프레스,24,0
12385,4dcfd6c0-66ac-11f0-8cad-77b80077cb64,척하면척,24,0
12385,4ae756d0-647d-11f0-bd3a-59ec6d6002f0,강릉,24,0
12385,4adca180-6b59-11f0-8b23-15d109afe4f4,적빛대가,24,0
12385,4976cb80-623b-11f0-a73e-efd8221a47bb,김성탄,24,0
12385,489f3670-63cb-11f0-a9da-8b915b889dd4,자작이,24,0
12385,47281d60-6719-11f0-a764-331beb7dec8b,불가사리11,24,0
12385,431804a0-64ae-11f0-8340-854878e1c5cf,Ted,24,0
12385,43010050-62e4-11f0-a53e-f720860fcc8a,라준,24,0
12385,4287ef50-68f0-11f0-8ce4-a510d1bb675b,디숀,24,0
12385,4281a090-695a-11f0-8a8c-e705cbe6ed4d,마이노,24,0
12385,427d1910-643e-11f0-90f8-bb2e41176866,바케미,24,0
12385,4198c0e0-688e-11f0-8a2e-739305bc1e9c,shsjnsbb,24,0
12385,418f2480-668c-11f0-ba90-31fb5fd677bf,몽규,24,0
12385,40d532f0-6592-11f0-b323-7163d32d831e,김듀,24,0
12385,40bc70b0-6517-11f0-998d-6361b2224259,독꼬,24,0
12385,400172a0-6239-11f0-b2ed-bb90d5f20a4a,썽이,24,0
12385,3ff3cc30-63e8-11f0-8989-0f75f17d859c,만세표류기,24,0
12385,3e433140-6d44-11f0-b976-671badd129d8,게데,24,0
12385,3c9fe7e0-6388-11f0-9921-9182ea4954d3,이쁜이꽃분이,24,0
12385,3a495760-620c-11f0-980a-396801ba63e1,리와인드,24,0
12385,3a46f010-6572-11f0-94e1-9148d7950b64,아흔아홉밤,24,0
12385,399dc570-63ca-11f0-bb86-97bdb11e4eed,천포,24,0
12385,377a4cc1-6418-11f0-a684-2b9cd36018bc,인생네컷,24,0
12385,339ad570-6364-11f0-a70b-97528033efd5,물댕,24,0
12385,30a78ff0-620d-11f0-bb06-d93a803c5efb,멈무,24,0
12385,2d85b2b0-625e-11f0-98e7-390090cc87bc,혜윰,24,0
12385,2bc7c5b0-6a17-11f0-81d8-d75e58d916af,피까소,24,0
12385,2adfaa70-62d6-11f0-9c24-8759283485c0,광존,24,0
12385,2a422bb0-63b7-11f0-8d07-390a61232108,Red0000,24,0
12385,26b591f0-677a-11f0-bcc9-bd1830454154,병장윤현선,24,0
12385,21197120-6924-11f0-bb85-e56e3f9b33fd,아기공,24,0
12385,1f86edb0-63a7-11f0-a110-bf1368febfaf,윤멍이,24,0
12385,1ee26f30-6a1c-11f0-9416-6d61d44d7bd3,이재,24,0
12385,1d93fdd0-6498-11f0-a315-5d30c4fd1c80,브르와,24,0
12385,1c48f550-649a-11f0-aedf-55b71a55f5ce,다우니다,24,0
12385,1c440f90-6909-11f0-a7d6-510d8ad9ebff,seem,24,0
12385,1bd917f0-6457-11f0-98c8-a3a7dc3eadc0,궁디,24,0
12385,182a83d0-6594-11f0-b323-7163d32d831e,안세요,24,0
12385,1749fed0-6497-11f0-a315-5d30c4fd1c80,메에롱,24,0
12385,172e5bc0-66a0-11f0-94aa-a338b61fce37,제이진이,24,0
12385,107ba5b0-6477-11f0-9e27-35530581f5ae,킹도도,24,0
12385,10018100-63e5-11f0-96dc-5f8ee1571586,hjncj,24,0
12385,0fb0d710-61c3-11f0-a0d3-0bbe2d3e2c3c,길리길리7,24,0
12385,0c5bd4d0-6ce9-11f0-9e58-53e7354b3d63,자이라다가스,24,0
12385,09c8a570-6caa-11f0-aef0-8567de5b5272,안카,24,0
12385,096abc20-6224-11f0-bbfd-8564365ef7ff,솧툌춎,24,0
12385,09641750-6493-11f0-a086-85e9f4d94fe9,블루스틱,24,0
12385,08303690-6464-11f0-9024-4f0c4715c0e6,실버벨,24,0
12385,0268ea60-696c-11f0-9c69-1180122504d7,미억,24,0
12385,01afec10-64b5-11f0-9d57-2bb4d00d42bc,파르냥,24,0
12385,010e87f0-6913-11f0-93cb-1f634fd1ba09,개티티,24,0
12553,ff240380-69b6-11f0-82e6-3b59c8f2ccfd,남만북,23,0
12553,fe626cf0-64ef-11f0-920f-d9bd8a2a820c,현이빠더,23,0
12553,fcc41820-622f-11f0-bbfd-8564365ef7ff,김빈,23,0
12553,fc359f50-6496-11f0-91af-e789610f26b8,서혀니조아,23,0
12553,f89f2aa0-6892-11f0-92ff-45af87a84012,지백,23,0
12553,f6c92250-6214-11f0-a026-2b3e93922249,겨울이,23,0
12553,f5bf7980-6490-11f0-8e6e-45b04a534d66,의미없다,23,0
12553,f54f8fa0-6d62-11f0-a543-8f438c788f23,혈귀,23,0
12553,f4910340-622d-11f0-93bd-4f6c20959660,이보게나일세,23,0
12553,f48070a0-6900-11f0-9ae7-91cf7169e2c4,산타제비,23,0
12553,f3aa33b0-6404-11f0-877d-c952436514c7,이백0I,23,0
12553,f2ada520-683f-11f0-86ba-0ffb1972661d,콩쿙,23,0
12553,f1c9f160-6509-11f0-ada0-5d42ab9007c0,명현뀨,23,0
12553,ee13a940-631e-11f0-9f17-4997401bc492,문단세,23,0
12553,ed8dfca0-68ff-11f0-8b5a-df1ca1a01e17,홍동길,23,0
12553,ecde7a80-69f6-11f0-83c1-071402a58f9d,sqqqs,23,0
12553,ec80bc90-6534-11f0-a15d-6fd1b18d9c14,복산관,23,0
12553,ead7af50-63a6-11f0-b630-4f8dc5617c79,빡돈곰,23,0
12553,ead2c8e0-644c-11f0-b3d6-0f89e1a2d28e,핑블랙,23,0
12553,eaa1e780-6491-11f0-a086-85e9f4d94fe9,지니그누,23,0
12553,e8e8a2a0-6d40-11f0-8453-4d52e359456e,무극검제,23,0
12553,e7f2d120-6af4-11f0-9e8d-432dcca7c876,미로물개,23,0
12553,e72a1910-6545-11f0-8502-015c2c577c5f,whgr183,23,0
12553,e42447c0-6303-11f0-ac70-a708c19ff45f,지한대기후,23,0
12553,e36b91c0-6395-11f0-929e-756b01201a20,다희아빠,23,0
12553,e27ed950-62fc-11f0-aafb-6f8fc69735d7,동길,23,0
12553,e0d1e6e0-6c63-11f0-ba2c-4f8d906a7937,리자우밍,23,0
12553,dd9ced30-63a8-11f0-9b51-d36a85c863a7,흥과,23,0
12553,db64d070-6248-11f0-a510-196fe281bbd0,복위너,23,0
12553,da5106e0-6d06-11f0-9497-07950a6b2df0,자유형,23,0
12553,d951e9d0-6518-11f0-a092-cfb4e8946e57,룰루리다,23,0
12553,d7cb4520-63ec-11f0-893e-c9eaafcb280d,운빨존망겜,23,0
12553,d7017740-6572-11f0-90e8-49468324a8de,전설의,23,0
12553,d55b41b0-65bc-11f0-98f9-213ec7a6a3a5,EZEZ,23,0
12553,d4dfec00-6610-11f0-8d9d-2df44f4cae52,호동이,23,0
12553,d37f9130-62b9-11f0-839f-d97137a128f6,쮸쮸먹자,23,0
12553,d31e3400-66ae-11f0-aa41-b34b5c1d14b7,LeBjorn,23,0
12553,d0f0d390-6578-11f0-b5ae-9f72a71a5588,큐르,23,0
12553,cf30f6f0-6a61-11f0-b4af-bd0ab1be2018,신쥬신,23,0
12553,cd539d80-62e4-11f0-a59b-0da18f3c01f6,월화,23,0
12553,cc0d6200-63cd-11f0-a9da-8b915b889dd4,황가,23,0
12553,c7f427b0-63b6-11f0-aab1-5f3bbe175c3e,미도리,23,0
12553,c79d8e20-6896-11f0-8871-5dec1d16e3d2,동구,23,0
12553,c5e07700-6634-11f0-bf58-07d21e6ffbc8,밤블비,23,0
12553,c3a42e40-6937-11f0-9052-8d763cf66f7f,ROK흑룡,23,0
12553,bf17e320-6a5a-11f0-8acc-fb286914151f,신이내린,23,0
12553,be61bdb0-6524-11f0-8799-a56030339d38,구릿,23,0
12553,bd6560b0-6542-11f0-b2e4-155beee88baa,천안끼룩,23,0
12553,ba381b20-657a-11f0-ac7c-9d33cbbedf6a,용빠,23,0
12553,b935de80-6226-11f0-abc2-914425398299,까불이,23,0
12553,b8f606a0-64a8-11f0-a231-37ac1ad01c02,두부메리,23,0
12553,b7cf0420-63ea-11f0-a174-2f03cd9ae07c,세견,23,0
12553,b087ad40-6384-11f0-8ea7-a17bafa0e4d0,데이지비드,23,0
12553,ae5b69e0-63f1-11f0-8ce7-05e1fc9cefd2,새로이파더,23,0
12553,ad373090-6201-11f0-b6b8-890977889e3d,이클립스,23,0
12553,ac57d9d0-6482-11f0-923b-cb064b77cde3,크크루삥빵,23,0
12553,ac38a720-6484-11f0-995b-75bf8c0a2ec5,kimnami,23,0
12553,abf1a220-647b-11f0-9c48-11e41ca3b3cb,빠리바게뜨,23,0
12553,ab317d10-6494-11f0-91af-e789610f26b8,농약먹고싱긋,23,0
12553,a9a3cf80-6394-11f0-929e-756b01201a20,꾸엉새,23,0
12553,a91ff030-62e9-11f0-971e-0d9306189309,디스마녀,23,0
12553,a8e69b80-64bc-11f0-9779-d31d6e85e24e,우흥우흥,23,0
12553,a34b8400-6d28-11f0-a693-ff327945c3a4,그냥그래서,23,0
12553,9e87a040-6399-11f0-9e16-f1cd993522e6,궁시렁,23,0
12553,9e0a91c0-6d41-11f0-aac3-51a291ad0acc,프치카,23,0
12553,9c71f630-6316-11f0-abe8-09c261bd0e21,독고유신,23,0
12553,9c5e1370-68d1-11f0-a559-7966cc3307d7,입자,23,0
12553,9c4afc50-6cd1-11f0-9b40-39de905d3348,우지우제,23,0
12553,9a7b4b50-6ae2-11f0-b538-6192b34d2599,Griffin,23,0
12553,98465640-67ea-11f0-80b5-37d9567e926a,노바,23,0
12553,9829dd30-6bd2-11f0-ab66-0d0b18955d7c,앗슈,23,0
12553,980612d0-6743-11f0-a3b5-cb7d513a283d,북궁연,23,0
12553,97809bb1-624c-11f0-807b-b56290a6427d,로우니,23,0
12553,974826e0-635a-11f0-9eba-319c3c5b72eb,소행부,23,0
12553,958fc260-6c77-11f0-92f8-0b0dfcc0c41e,뽁아리,23,0
12553,919e8520-68c0-11f0-b6e5-1f4abc2a195f,덱s론,23,0
12553,8f63f6e0-662d-11f0-9e05-f7f3cc626bbf,잠룡백다록,23,0
12553,8f2245d0-6473-11f0-9e27-35530581f5ae,mki,23,0
12553,881b78e0-6a38-11f0-b4fe-25c2079d872e,s4vdw,23,0
12553,87241c90-6311-11f0-a4e8-37a0c8f9bd22,재일,23,0
12553,86efe190-63df-11f0-981c-6918ebc09e55,한국쌤두리,23,0
12553,82d23630-6493-11f0-a863-c5c12b567008,시우연우서우아빠,23,0
12553,80bf31c0-68d2-11f0-bd47-cf3af6acce80,연휘치세,23,0
12553,8083c060-6335-11f0-9eba-319c3c5b72eb,거세표류기,23,0
12553,7fd64000-623d-11f0-8ed7-4f4ea466921e,크쿠큐,23,0
12553,7e8fad80-6954-11f0-887b-73f0ee57cca3,키미테,23,0
12553,7db5e150-6c5f-11f0-8009-99d4c032fe19,임사신,23,0
12553,7bc6d670-64a7-11f0-b626-23ea90035c71,다섬,23,0
12553,7acad1d0-6b0b-11f0-9bbd-13cb7f6920ac,에이치오티,23,0
12553,777459e0-6a05-11f0-81d8-d75e58d916af,비월천,23,0
12553,752635b0-6266-11f0-bcbb-714564b525f4,체탐자,23,0
12553,72da0590-6444-11f0-ab0c-317be3d6b0a6,안효준,23,0
12553,70965cb0-647c-11f0-bb5e-79bc0c4c5953,율무링,23,0
12553,6fb3df40-6afb-11f0-9dd1-ad2e9902c55a,한능검공부중,23,0
12553,6db56e00-63e6-11f0-849d-3b3a1fc71a59,로브,23,0
12553,6b39aba0-6251-11f0-a7b6-cf18c18dd85f,깜냥,23,0
12553,6b392ae0-6c1f-11f0-aed5-0bf4d0a3552b,진슈맨,23,0
12553,6abaa2a0-681a-11f0-82b6-93a73aef044c,달의그림자,23,0
12553,69b39a70-6d1e-11f0-84eb-eba0502a50b4,어쩔망아지,23,0
12553,6930cc20-659a-11f0-9b02-9934e4aaee80,세이버,23,0
12553,6700d8e0-638e-11f0-b482-59801d2d98ce,로우하데스,23,0
12553,648a82f0-6555-11f0-a8f6-b9ccbcdd6c19,제르엘,23,0
12553,633ebc60-6210-11f0-b6b8-890977889e3d,뽀쑝,23,0
12553,62a274c0-6a05-11f0-81d8-d75e58d916af,등장,23,0
12553,601a77d0-6d1a-11f0-b976-671badd129d8,독고마제,23,0
12553,5c729600-6c8c-11f0-be2e-8f7e3345bce1,Warlord,23,0
12553,5b486ca0-65e3-11f0-ade4-c716e9fb5ed5,이순신M,23,0
12553,59888490-646c-11f0-934d-3b333a678e8e,정교주,23,0
12553,58e6d560-6303-11f0-af00-9b7f567d02d1,갱플랭크,23,0
12553,5756e000-6c9a-11f0-80b2-df6a7b97e98b,무릎,23,0
12553,5694e550-63e3-11f0-b6e0-95710897614e,마루콩,23,0
12553,552e6e50-6421-11f0-a3ab-515b7dbdbb4f,nansei,23,0
12553,53a4e250-6217-11f0-bbfd-8564365ef7ff,타라,23,0
12553,5116ac30-6c71-11f0-bb12-f394c5e7b677,타니바니,23,0
12553,4d3f3840-6959-11f0-9f3a-d936e3ed6e3a,뭐가뭔지,23,0
12553,4ce29ff0-63e0-11f0-8ce7-05e1fc9cefd2,봄딩,23,0
12553,4cdd94c0-657e-11f0-9b02-9934e4aaee80,THEKING,23,0
12553,4a1f4210-6510-11f0-846f-13edae8f7606,hunters,23,0
12553,482efd80-6220-11f0-8853-493fc3ae34f0,묘청,23,0
12553,47f9b400-6d55-11f0-887d-911939f94cdc,환타쿠,23,0
12553,47f3c370-64f8-11f0-89c4-91955faa19a3,빠르크,23,0
12553,46d8a6b0-635c-11f0-899c-ed58ed9d92cb,하루파파,23,0
12553,46a70910-6c54-11f0-802b-15be0af62600,울랄라리라,23,0
12553,459da970-647f-11f0-bd3a-59ec6d6002f0,이상후,23,0
12553,443df980-69fd-11f0-87cd-13cc90e29527,꾸버,23,0
12553,40dd1570-6311-11f0-b4ac-230641ea7477,치킨표류기,23,0
12553,3ed88680-634b-11f0-97d7-efff12aed0ab,씀박,23,0
12553,3dd3ef40-6431-11f0-83ae-cb0d7c1d5c99,범키,23,0
12553,3d079080-6a71-11f0-b8c3-31d76e99096b,행운을찾아서,23,0
12553,3a234830-6582-11f0-94e1-9148d7950b64,예백,23,0
12553,399625d0-64f2-11f0-998d-6361b2224259,이화랑,23,0
12553,37419280-63b5-11f0-8465-f716200b7246,안호빈,23,0
12553,36205fe0-68eb-11f0-acc6-9fa957ae20ea,히재,23,0
12553,3417a050-66b6-11f0-bf26-fbc3a0b40f08,먕구,23,0
12553,2c5826a0-6247-11f0-86ad-5de35a576cc5,예거리따,23,0
12553,2c444f80-6734-11f0-a3b5-cb7d513a283d,꼬지중독자,23,0
12553,2991a490-6892-11f0-8a2e-739305bc1e9c,국을,23,0
12553,270ab510-66f1-11f0-94fd-bd0b371894b0,백강2,23,0
12553,2515c9e0-6915-11f0-b776-39555a34501f,고우장생,23,0
12553,2464dff0-6892-11f0-92ff-45af87a84012,한국의문화,23,0
12553,23498a50-67e1-11f0-bda0-63a3308777e9,개식이,23,0
12553,215dc660-63f0-11f0-8657-2126cbb05f56,락스타딱갈,23,0
12553,211f0940-623b-11f0-bbfd-8564365ef7ff,슬민,23,0
12553,20dc3730-6328-11f0-87ee-33464f2cfda8,돗길,23,0
12553,1ca92b60-6516-11f0-998d-6361b2224259,가은우,23,0
12553,1c596c20-6402-11f0-a3ab-515b7dbdbb4f,푸하핫,23,0
12553,1c3591b0-6358-11f0-a70b-97528033efd5,aspa,23,0
12553,1b384520-6388-11f0-9921-9182ea4954d3,koil,23,0
12553,1a8e8d80-630d-11f0-a53e-f720860fcc8a,은신닌자,23,0
12553,0e4c71c0-6779-11f0-832d-2343fb1c7686,후달군,23,0
12553,0e369100-6361-11f0-ba6d-31d76c70e10b,그로시,23,0
12553,0d4f8260-6640-11f0-8157-83c241bc6c35,바나나핥짝,23,0
12553,0c9c9af0-6952-11f0-887b-73f0ee57cca3,탄감자,23,0
12553,0624e480-6267-11f0-ba61-57b32c8fdcaa,아이i,23,0
12553,0602eb30-6665-11f0-aee9-63d133f73255,도담,23,0
12553,059f5310-64d3-11f0-998d-6361b2224259,따치,23,0
12553,050d7cd0-6a85-11f0-9b9a-dfc16842ed10,식신,23,0
12553,04324a30-69e4-11f0-83c1-071402a58f9d,최강준호,23,0
12553,02f26d40-64ac-11f0-87c5-cfc271183eec,그냥오늘,23,0
12553,019dfe00-6281-11f0-ba61-57b32c8fdcaa,posgood,23,0
12713,fd909d80-63bc-11f0-b6ab-ab1d57efd9b6,SEOUL,22,0
12713,fd4c5190-6248-11f0-a510-196fe281bbd0,별의은하,22,0
12713,fd479950-65fb-11f0-8cbe-319b644384b7,앙사임당,22,0
12713,fb3dc510-6215-11f0-9b80-6dacbd1dec23,zzzl,22,0
12713,fae68d20-6893-11f0-92ff-45af87a84012,댄프,22,0
12713,fa6f0070-63e3-11f0-8ce7-05e1fc9cefd2,나무주,22,0
12713,f9b8b250-63ef-11f0-931c-5f0600bc75da,채콩,22,0
12713,f85f1230-63a1-11f0-9b51-d36a85c863a7,두룹,22,0
12713,f827b840-63d2-11f0-aab1-5f3bbe175c3e,복만,22,0
12713,f7e91100-6a06-11f0-9adb-01ec0e539aaf,지나가는됴션인,22,0
12713,f733f000-655f-11f0-a9df-29c725e71a05,빵미니,22,0
12713,f6ba51d0-6c73-11f0-8805-b3f3a74e8613,tlqkg,22,0
12713,f64330b0-6399-11f0-b91f-cbca55a9af76,한선택,22,0
12713,f53f1940-63bc-11f0-a7e3-7b406ef3e8c7,AH,22,0
12713,f531eab0-643c-11f0-99c8-7b44769d223b,you1215,22,0
12713,f4c309a0-68d9-11f0-acc6-9fa957ae20ea,쿠루이쿠마,22,0
12713,f34b3a90-6553-11f0-aed2-e9684f688284,하후하후,22,0
12713,f30d25c0-64c7-11f0-a601-b1dd0e08c030,민트양갱,22,0
12713,f2af4ed0-6389-11f0-a907-81cd7bb106e2,우리상자,22,0
12713,f27ef4f0-68f8-11f0-bf27-69600f7373fa,왕될상,22,0
12713,f1ab72e0-6256-11f0-a36a-91faf624cd0b,폭주한노랭이,22,0
12713,f12a3650-69e8-11f0-9adb-01ec0e539aaf,태칠,22,0
12713,f0b3f760-63b2-11f0-8d07-390a61232108,슈퍼뚠뚠이,22,0
12713,f02e3e70-6909-11f0-a7d6-510d8ad9ebff,포도니,22,0
12713,ef3bb7f0-6241-11f0-8fa4-4582b5e192be,방충망주의,22,0
12713,ed3b8450-6956-11f0-86e2-d3a55f318685,웅랑,22,0
12713,ebe5b430-63b7-11f0-a06c-a18ad4eb2f25,천공건희,22,0
12713,eb1daf40-6d39-11f0-a5ac-25cfed422797,good4828,22,0
12713,ea7e30a0-62d5-11f0-a53e-f720860fcc8a,뚫림전단,22,0
12713,e8be2780-65fe-11f0-b713-4926dfac7d29,지렁이,22,0
12713,e7ec26a0-69d1-11f0-8369-f9ac348dc159,코인롱,22,0
12713,e5bfba70-6744-11f0-b696-57f6be140e14,appe,22,0
12713,e55f6d90-6308-11f0-a53e-f720860fcc8a,둘기,22,0
12713,e3cf16c0-69f1-11f0-87cd-13cc90e29527,류솔희,22,0
12713,e3956140-63df-11f0-9b30-bfc50fd617fd,햄벅,22,0
12713,e18b5e20-62e7-11f0-971e-0d9306189309,sj어,22,0
12713,e13117d0-63a5-11f0-9b51-d36a85c863a7,아가베로,22,0
12713,e0189600-6ac3-11f0-9ebc-25f4c2b0a5e6,나이아셀,22,0
12713,df524770-642e-11f0-93a4-af3680a69719,minbro,22,0
12713,df2992f0-63f0-11f0-85fd-3f215f6f93fc,미륵,22,0
12713,dd518b50-63b3-11f0-8010-bfe21b2e2bd5,지현님,22,0
12713,dd4283e0-6376-11f0-9051-75d579d0c5ea,한방만,22,0
12713,dc89fce0-6474-11f0-a8d6-9514efa5ade9,편섯,22,0
12713,db0ecdd0-63e0-11f0-9b30-bfc50fd617fd,미츄,22,0
12713,dafddcd0-623e-11f0-9b9e-13c7a7dd6c88,킹구갓구,22,0
12713,dadbd060-63b3-11f0-8465-f716200b7246,휘령,22,0
12713,da6be8e1-6566-11f0-95fc-7353977bac62,김단술,22,0
12713,da66d310-62e5-11f0-888b-4325034dd618,귀궁,22,0
12713,da5590f0-6646-11f0-ab16-794f425799dd,흑우,22,0
12713,d96861c0-6c9c-11f0-bf20-0950605175eb,의빈,22,0
12713,d940a2d0-6246-11f0-9ca6-b18ea4730904,야스1일6회,22,0
12713,d7c30730-6d41-11f0-a693-ff327945c3a4,쭈니702,22,0
12713,d7703aa0-6cf1-11f0-9556-4b4748d6ac26,실로암,22,0
12713,d6443f60-653e-11f0-b862-f7a1348209f0,사도세장,22,0
12713,d61c95b0-6a79-11f0-b8c3-31d76e99096b,월미도,22,0
12713,d534c120-6b52-11f0-b12d-131ac73060ee,태영,22,0
12713,d1ec2e00-68ae-11f0-b6e5-1f4abc2a195f,18억,22,0
12713,d17dd940-65e4-11f0-ade4-c716e9fb5ed5,nico,22,0
12713,d11e9a90-64d9-11f0-ad80-bf5616b7c1de,한국레전드,22,0
12713,cdb7dc70-6206-11f0-abc2-914425398299,강챙,22,0
12713,cd820bc0-643d-11f0-93b5-9bbe54f3643d,아카펠라,22,0
12713,cd2fd460-64fe-11f0-ad80-bf5616b7c1de,유진상,22,0
12713,cbd31a10-6bce-11f0-91e5-61cf2ff47abb,온도18도,22,0
12713,cbb9cc00-62d6-11f0-a655-3f20d48333c3,YB,22,0
12713,cb5f1fa0-63d8-11f0-9a87-810a40a679fa,쓰쓰,22,0
12713,cb113340-63c3-11f0-9353-8773ba2d9d98,레드모카,22,0
12713,cae709b0-6a8c-11f0-b350-274e47244e62,조크베어,22,0
12713,c9c58970-624f-11f0-98b0-134906955a4e,차팀킴,22,0
12713,c93ad4e0-690e-11f0-91c8-a923378c0f3a,beti,22,0
12713,c8873630-65f6-11f0-8afb-9767d055c78a,금매화,22,0
12713,c813ed30-6220-11f0-abc2-914425398299,대댕,22,0
12713,c6808ed0-6548-11f0-8b28-e3440b81a048,낭콩만세,22,0
12713,c5e89aa0-6442-11f0-b0d3-514122d47fb8,상날뚜,22,0
12713,c55775b0-6367-11f0-9145-a52c50a03179,멸치vs갈치,22,0
12713,c27f99c0-6629-11f0-a379-67d40a50976b,갱구,22,0
12713,c1afdee0-6211-11f0-9813-b7579b20c221,지저맨,22,0
12713,c0887af0-65f8-11f0-bbf5-0d033e32387c,헤비빙,22,0
12713,bf67ac40-7d46-11ef-b8c8-9f6e7b6da44c,국민병정,22,0
12713,be71ec50-629d-11f0-9b02-f3b51f859af2,밥분대장차민혁,22,0
12713,bd6f7eb0-63d5-11f0-9eff-05b5a7fdbe0a,용총수,22,0
12713,bd4dd8d0-6b1b-11f0-bdb2-7b31dff56e85,sdgrdjj,22,0
12713,bd436380-67e4-11f0-bda0-63a3308777e9,견웅,22,0
12713,bce43090-6212-11f0-802a-01726bb91ef4,저별이되어,22,0
12713,bccb78e0-667a-11f0-947d-2bc8c53aa547,으헝,22,0
12713,bcc254e1-66ed-11f0-abbe-1b148ce1c918,앙큼,22,0
12713,bbe280e0-6a8a-11f0-a3f5-b7808f7fb4b1,난세의시리,22,0
12713,bb6461c0-6a3e-11f0-b8c3-31d76e99096b,델롱이래염,22,0
12713,bb5aecb0-6c7f-11f0-8805-b3f3a74e8613,까리봉삼,22,0
12713,bab996b0-69d9-11f0-9adb-01ec0e539aaf,무형검,22,0
12713,ba0ceb00-638e-11f0-9b51-d36a85c863a7,한국사방,22,0
12713,b9e620a0-6795-11f0-8310-8370146853a0,허찌,22,0
12713,b9500b80-624d-11f0-a923-e5c378e4162f,내왼손안엔흑염룡,22,0
12713,b9057970-6307-11f0-af00-9b7f567d02d1,Mushi,22,0
12713,b7e6f220-645c-11f0-baaf-45c3a00048ee,이게뭔곰,22,0
12713,b7dfbd90-69eb-11f0-9ccf-efc03aeeda2b,제이파파,22,0
12713,b5cd7310-647f-11f0-9c48-11e41ca3b3cb,potato,22,0
12713,b5212190-6b92-11f0-897e-8342d85e5dae,사러리살어리럿다,22,0
12713,b39bd430-6b5d-11f0-86f8-699bf7338d9b,노갈,22,0
12713,b304b140-632e-11f0-95c5-ef18e50d2dbd,Kirito,22,0
12713,b1be0b10-626b-11f0-97b4-198e3a6088ef,힛샷,22,0
12713,afeb0030-6415-11f0-a684-2b9cd36018bc,우오용,22,0
12713,afe801a0-6262-11f0-ba61-57b32c8fdcaa,태순,22,0
12713,afc2c190-652f-11f0-8799-a56030339d38,인정상님,22,0
12713,afbd2e30-62bc-11f0-839f-d97137a128f6,김찬솔,22,0
12713,af30deb0-6467-11f0-b9a2-71a70b35ee88,이준생쥐,22,0
12713,af04c930-6244-11f0-86ad-5de35a576cc5,흉수,22,0
12713,aee2fd40-649d-11f0-8dc2-b1d7780ea280,JEO,22,0
12713,ae43b490-626f-11f0-ba61-57b32c8fdcaa,홍난파,22,0
12713,adfa8a70-658c-11f0-8215-7facf6a27c0b,라시드,22,0
12713,ad36e8b0-6873-11f0-bd58-2f67e4fbdbbe,멍개,22,0
12713,ad221d60-61be-11f0-b0d5-d5daedcddd15,선수재,22,0
12713,abc84440-63e3-11f0-8ce7-05e1fc9cefd2,한표,22,0
12713,abb1ca20-6d67-11f0-b108-617a49475f1e,죽도록패주마,22,0
12713,ab3c1b80-6962-11f0-a1f0-37d091d614b1,hbj,22,0
12713,a94c4ef0-689d-11f0-9637-a53061e334e6,아이호페,22,0
12713,a8f93140-638c-11f0-9d16-bb143e847efe,몸부림,22,0
12713,a8f5b0e0-6c76-11f0-8805-b3f3a74e8613,연솜,22,0
12713,a8bc25d0-641c-11f0-877d-c952436514c7,디디지,22,0
12713,a89e65c0-676b-11f0-9b61-574cb02d2c3e,자수정파파,22,0
12713,a851a010-635f-11f0-9eba-319c3c5b72eb,푸렐레후아,22,0
12713,a71db050-63d5-11f0-9a87-810a40a679fa,종건0,22,0
12713,a69e8e90-6530-11f0-a092-cfb4e8946e57,다오늬,22,0
12713,a4913a50-6cef-11f0-9f02-6f2f23df42c0,킹람쥐,22,0
12713,a3394990-642a-11f0-877d-c952436514c7,유시현,22,0
12713,a1fc4c80-6308-11f0-93c0-3fa3bb7fad1e,무잔,22,0
12713,a0e9cbd0-639c-11f0-9b51-d36a85c863a7,Woojae,22,0
12713,a0e90fe0-687b-11f0-964a-17914aadeacf,하르트,22,0
12713,9f5e60f0-65f9-11f0-8cbe-319b644384b7,치하루,22,0
12713,9d71c4a0-63b3-11f0-8976-0f88ec3b32e6,jdaria,22,0
12713,9ce4dfa0-633f-11f0-ba6d-31d76c70e10b,표류기러기,22,0
12713,9cd1a8c0-631e-11f0-ba60-cd3b411d8a8e,a마a,22,0
12713,9c986560-62d3-11f0-a53e-f720860fcc8a,모두건강하자,22,0
12713,9bb0e6c0-6a82-11f0-8acc-fb286914151f,월광포화,22,0
12713,9aceaa90-63d3-11f0-8ce7-05e1fc9cefd2,2세로,22,0
12713,9a38a430-6aba-11f0-b350-274e47244e62,백마탄정지원,22,0
12713,99dbc780-6301-11f0-9d37-116e48b00c39,양재동다람쥐,22,0
12713,98c04ec0-62e8-11f0-a53e-f720860fcc8a,기원,22,0
12713,95dbe910-6b23-11f0-8f4d-6330363bf47b,쩌니쩡,22,0
12713,9518a530-6435-11f0-93a4-af3680a69719,yhiux,22,0
12713,93a85a50-6aee-11f0-a6ea-759c93ed2c8f,일이일이,22,0
12713,92e38a00-6bba-11f0-b323-fbeb2f6e548a,배재중광문고,22,0
12713,91d0e0c0-6b26-11f0-8f4d-6330363bf47b,아무거나하세요,22,0
12713,917a23c0-6aae-11f0-9a7f-e32704d17198,히든피스,22,0
12713,91456f50-64f4-11f0-846f-13edae8f7606,국사마스터234,22,0
12713,90fa3420-6244-11f0-a33f-f73020b95b05,기리그리,22,0
12713,90ef91d0-65de-11f0-8004-1537e2ad6047,leejucha,22,0
12713,8f5fd7c0-6436-11f0-a580-6783cb326665,ww12ww,22,0
12713,8f1cc980-6792-11f0-8310-8370146853a0,꿀환쓰,22,0
12713,8da97200-61c1-11f0-b683-0fe843077328,혈류,22,0
12713,8c398aa0-656c-11f0-94e1-9148d7950b64,아래프재르,22,0
12713,8b10b330-6bdc-11f0-b56b-e7e5c8645f26,마하도마,22,0
12713,8af5dce0-6a97-11f0-a3f5-b7808f7fb4b1,창민,22,0
12713,8a1a0ef0-65cd-11f0-9034-5bcb2ee150fb,냠념,22,0
12713,88f97cb0-66de-11f0-bbfc-a56011b32b9c,꿀꿀이아빠,22,0
12713,85a4c150-644a-11f0-b3d6-0f89e1a2d28e,머시라고,22,0
12713,8459cad0-6386-11f0-a96e-b3a4c43e265a,천정구,22,0
12713,83b62820-6a26-11f0-a0bd-d7139a11b28b,지하르,22,0
12713,83aff040-63c8-11f0-8f11-17371de17e69,illiili,22,0
12713,836d27b0-6314-11f0-9d30-a1884d59ed55,좌측선두,22,0
12713,8277d4a0-64a8-11f0-b5c8-a523170b964a,띵콩,22,0
12713,813ece30-6d55-11f0-a6db-9931e7be33f0,썩은딸기,22,0
12713,7f3edff0-6317-11f0-b4ac-230641ea7477,리탱,22,0
12713,7ebd7af0-6317-11f0-abe8-09c261bd0e21,훈슬,22,0
12713,7dfc6b70-63f4-11f0-9f61-e14d99ccbb10,고려려러,22,0
12713,7d468ee0-6205-11f0-9b80-6dacbd1dec23,이완용용,22,0
12713,7c97d0a0-6d2f-11f0-a693-ff327945c3a4,투리보스,22,0
12713,7c60af10-63ef-11f0-8989-0f75f17d859c,질자고,22,0
12713,7c1f4e10-6554-11f0-a37f-b346b9412b7f,스타포스,22,0
12713,7bc7f8c0-6574-11f0-bd18-ef999b45db65,그대,22,0
12713,79d16e00-6305-11f0-93c0-3fa3bb7fad1e,유니유니,22,0
12713,79267980-626c-11f0-bcbb-714564b525f4,봉수,22,0
12713,79141480-6491-11f0-bbfe-0d14bcd852b5,파이크론,22,0
12713,7854fb30-6d4d-11f0-9497-07950a6b2df0,동고나이,22,0
12713,773828e0-632e-11f0-899c-ed58ed9d92cb,이한음,22,0
12713,74eaf060-63e5-11f0-8ce7-05e1fc9cefd2,이쿠요잇,22,0
12713,74b6d600-62fe-11f0-aafb-6f8fc69735d7,삽살개,22,0
12713,7456b090-63ee-11f0-a934-37f97c3285aa,누누발바닥,22,0
12713,73123330-6b00-11f0-a9b3-39e0fefa0fd5,깐따삐아,22,0
12713,725c97b0-6311-11f0-8d40-dfc9f921e722,리정현,22,0
12713,700f9520-6bfe-11f0-948b-913c7c2d582b,비유티,22,0
12713,6f976970-645f-11f0-a72c-e970bf999ff4,코코야,22,0
12713,6f384ac0-6465-11f0-9e27-35530581f5ae,추우빈,22,0
12713,6e5e45d0-6bb5-11f0-a01f-e538764cd6d1,원숭이두창맨,22,0
12713,6d571490-649a-11f0-a470-3b5290ad38d8,염마토,22,0
12713,6c804370-65d5-11f0-a8b5-afe39c8e68f5,암행차사,22,0
12713,6c520920-6575-11f0-bd18-ef999b45db65,SunnySun,22,0
12713,6c27a200-6239-11f0-a73e-efd8221a47bb,윤박사,22,0
12713,68a51110-6551-11f0-a338-71463213c56c,쥬접쟁이덕,22,0
12713,6611fa00-62a7-11f0-b99b-2fc53d965492,진준,22,0
12713,658b3a40-64ca-11f0-920f-d9bd8a2a820c,글쩍,22,0
12713,64d05aa0-650a-11f0-a008-3d1038308b91,눙누,22,0
12713,63dfff60-6316-11f0-a67a-173fdcafaabc,아주나쁜사람,22,0
12713,63db7ca0-6826-11f0-a942-832fd84fd3d0,포레스트검프,22,0
12713,6359d3d0-63e4-11f0-8ce7-05e1fc9cefd2,lycky,22,0
12713,6331a2f0-6774-11f0-bfdb-11174ac9f1b0,bayB,22,0
12713,63042230-6201-11f0-83e5-156a2fc6f757,temp,22,0
12713,6243d1a0-6531-11f0-85dd-2db918fca576,매드독,22,0
12713,613680f0-626b-11f0-ba61-57b32c8fdcaa,조니덕,22,0
12713,608203b0-65fd-11f0-8cbe-319b644384b7,기무기무,22,0
12713,604842f0-6d38-11f0-9497-07950a6b2df0,월광욕,22,0
12713,5d742120-67a2-11f0-8ed0-55df2077ceb7,곰곰ee,22,0
12713,5d55f4c0-6734-11f0-b696-57f6be140e14,노웸,22,0
12713,5d0d3d80-6477-11f0-9e27-35530581f5ae,6688,22,0
12713,5bf8b150-6458-11f0-8f1e-9b9f4436b281,라히,22,0
12713,5b2553b0-67e5-11f0-a5ea-a9c52b751084,시급,22,0
12713,5a5f97f0-622d-11f0-b124-17ce52befe77,틀니딱딱,22,0
12713,5a320880-6d13-11f0-b976-671badd129d8,장우경,22,0
12713,58ffce10-6594-11f0-8215-7facf6a27c0b,킹중탱,22,0
12713,58f88130-63ca-11f0-99a0-f791fadc47f8,곽성신,22,0
12713,588197a0-62c6-11f0-a53e-f720860fcc8a,주녁,22,0
12713,56f3de60-6d1c-11f0-a693-ff327945c3a4,하옂,22,0
12713,5572f140-681a-11f0-a89c-59b4d27efb99,규인,22,0
12713,54031770-6452-11f0-9bbb-977d07f6b3d2,NoLiMit,22,0
12713,5356ab10-63b3-11f0-8d07-390a61232108,수남이,22,0
12713,52f20940-6268-11f0-bcbb-714564b525f4,오곡,22,0
12713,528f7210-6a17-11f0-81d8-d75e58d916af,탄왕감자,22,0
12713,52650920-64a5-11f0-829b-d50781ca76af,유씨표류기,22,0
12713,522f5070-6d27-11f0-a693-ff327945c3a4,rudekfdl,22,0
12713,51830240-6410-11f0-89c3-81bc4ed5aa4e,도톨장군,22,0
12713,516664b0-65e0-11f0-a5b0-75aecb1d0a21,로또되라,22,0
12713,4f96cf60-6420-11f0-877d-c952436514c7,한랏,22,0
12713,4ef59f20-6559-11f0-9fd2-7f97456546dc,루피의하루,22,0
12713,4eedb0d0-6612-11f0-8af8-af83b80f6378,범접,22,0
12713,4ec16250-6662-11f0-96fa-990fd0c2f326,동612,22,0
12713,4cf7b960-6824-11f0-a942-832fd84fd3d0,금투세,22,0
12713,4c01f050-6295-11f0-8e72-11fb63eb28f5,리투,22,0
12713,4b5f6ce0-6d58-11f0-bba9-4df54fa4779e,은홍,22,0
12713,4a15bbc0-63c9-11f0-8a6c-c348a09bcc5f,슬기공주,22,0
12713,49cf8340-6864-11f0-abe1-1fedda1c0f79,오홍이,22,0
12713,47dd2440-6231-11f0-8954-174f550c9ed3,짜장왕자,22,0
12713,47b89b30-6474-11f0-b9a2-71a70b35ee88,태정태세이문세,22,0
12713,45690270-629e-11f0-9c35-45ef6a487d5b,매별,22,0
12713,45393170-63b2-11f0-a110-bf1368febfaf,재펠리오스,22,0
12713,42a763e0-6a11-11f0-9416-6d61d44d7bd3,sungmong,22,0
12713,429b60b0-6555-11f0-b93a-9dc55ee86a5c,뺘야,22,0
12713,41314c30-6c62-11f0-8009-99d4c032fe19,플러스,22,0
12713,40d1c2e0-69f8-11f0-81d8-d75e58d916af,백무결,22,0
12713,3f0693d0-6a7c-11f0-a1c0-f953ad2a988a,줘패버려,22,0
12713,3eb52540-6c39-11f0-98cb-9992c3b823e7,만묵,22,0
12713,3e936ad0-62d5-11f0-a655-3f20d48333c3,우암,22,0
12713,3df98f80-624b-11f0-ad06-05cd7d1d0a6e,부드러운사과,22,0
12713,3d9e4450-67d6-11f0-8812-73bb8ef7c9b8,텅구리,22,0
12713,3d4efdc0-6563-11f0-b5ae-9f72a71a5588,조니조,22,0
12713,3bc97110-61f3-11f0-b3c7-a9c53be5027c,피망,22,0
12713,3bb0e1f0-6512-11f0-9c52-67aa03808aa9,개깔치,22,0
12713,3b622ed0-6ceb-11f0-b576-9bb105869bcb,참치맛치킨버거,22,0
12713,3afc8c10-69b2-11f0-9567-3b74e61607c2,씅쨩,22,0
12713,3a4e8e10-698c-11f0-ae0d-6f90dae175ae,황린준,22,0
12713,39190e90-649a-11f0-814e-7d3df55868b8,JEOB,22,0
12713,38afbe20-63d9-11f0-b0c8-0be5c747fc57,언녀니,22,0
12713,3845abf0-637c-11f0-9548-ab3b8ef34a62,드럼통,22,0
12713,37465af0-6459-11f0-8b4d-01ccbaf92ff4,흥뭉댕이,22,0
12713,3662d3a0-6618-11f0-8af8-af83b80f6378,간첩,22,0
12713,35452b90-6bdf-11f0-85cc-b3162e1c73d3,오월보리,22,0
12713,34cb50c0-6254-11f0-9eb5-cf396344702c,박시우512,22,0
12713,34bcb650-624a-11f0-807b-b56290a6427d,12344,22,0
12713,3480f470-63cc-11f0-99a0-f791fadc47f8,상남자1,22,0
12713,3430e7d0-6a9f-11f0-852b-313492f33c07,지둥이,22,0
12713,33f8caa1-652a-11f0-85dd-2db918fca576,몰꼬라봐,22,0
12713,33c614b0-6323-11f0-992a-c9cb41ab0120,약지,22,0
12713,326f5250-6889-11f0-9ade-15b332d82e41,빙상장안전요원,22,0
12713,317be540-63e1-11f0-8ce7-05e1fc9cefd2,소냐,22,0
12713,3158a8f0-6238-11f0-bbfd-8564365ef7ff,인생한Q,22,0
12713,30ff0ba0-6577-11f0-94e1-9148d7950b64,kmmmnk,22,0
12713,2ec52d70-6454-11f0-b1b5-f7c1dd7354a3,또리엄마,22,0
12713,2ea511b0-62e8-11f0-a53e-f720860fcc8a,이사,22,0
12713,2e921090-6385-11f0-a716-97e6f4eb8e7d,루이땅,22,0
12713,2d8941f0-641b-11f0-bcbf-2b7f0b4e55b1,영꽁이,22,0
12713,2ce3b870-64f2-11f0-920f-d9bd8a2a820c,차이,22,0
12713,2c72e2c0-6485-11f0-ae38-872b2910783a,극천승,22,0
12713,2b576d80-630d-11f0-a53e-f720860fcc8a,우솔,22,0
12713,2b497fd0-6386-11f0-9b51-d36a85c863a7,짱동하,22,0
12713,2ae4b900-6b25-11f0-8f14-2f5913224acc,KimsinG,22,0
12713,290743a0-6689-11f0-ba90-31fb5fd677bf,애쁘돼공,22,0
12713,26ff33d0-6998-11f0-a6d0-d7dbeaf9d9e0,리크,22,0
12713,26cd70b0-644e-11f0-bfa2-af41fddaac3d,임장꾸,22,0
12713,256ca220-6a36-11f0-832c-41d8f34383ab,상빠,22,0
12713,2549fd10-63e2-11f0-a278-8582881491ba,깨비얌,22,0
12713,20eec0c0-6257-11f0-814b-2fc90270666e,오덕구,22,0
12713,20dc45f0-6322-11f0-9bab-77b853254cef,cola,22,0
12713,20b30170-6432-11f0-93b5-9bbe54f3643d,Qazse,22,0
12713,2048a2c0-65e6-11f0-ade4-c716e9fb5ed5,guf,22,0
12713,1f9499e0-6255-11f0-aa52-cb1cb28881c2,혀기12,22,0
12713,1dccf900-67d6-11f0-9a8a-bd13830ecd07,노소하,22,0
12713,1d7803f0-6a83-11f0-9b9a-dfc16842ed10,우으으으으잇,22,0
12713,1d57b9c0-691a-11f0-9489-df1a9dcf8e7b,코마,22,0
12713,1c042a80-64a2-11f0-9c5a-4d7fccdae4d8,제거,22,0
12713,1bc5eba0-6437-11f0-9143-05b731683243,PRADA,22,0
12713,1b931480-6ac9-11f0-b787-3fd5c6c3156d,두리뭉실,22,0
12713,1b603a60-6c9a-11f0-80b2-df6a7b97e98b,혼절,22,0
12713,1b398980-648c-11f0-b936-03de5f1c80aa,랑드나,22,0
12713,1b076c10-6965-11f0-a1f0-37d091d614b1,혜현,22,0
12713,1acfda70-6a9b-11f0-8032-c32c225a07c5,유사범,22,0
12713,1aca1b80-64b0-11f0-8340-854878e1c5cf,아치쿠마,22,0
12713,186f22f0-6aef-11f0-893f-793dea8285ef,리수호,22,0
12713,17bdfc80-66eb-11f0-94fd-bd0b371894b0,우드워커,22,0
12713,179e4440-6271-11f0-ba61-57b32c8fdcaa,난세이브,22,0
12713,176900a0-6799-11f0-8c7f-63c7098c1960,이동윤이다,22,0
12713,16228f40-646a-11f0-9e27-35530581f5ae,모범택시,22,0
12713,15d0f290-6256-11f0-967c-1d824923adcc,두둔치,22,0
12713,1558f550-6478-11f0-9e27-35530581f5ae,남빵재,22,0
12713,141f0820-655c-11f0-bcb8-43d28e4aad0d,황금달,22,0
12713,1407f210-689b-11f0-ac3c-39e6bff8c472,콜티,22,0
12713,1400e400-63f7-11f0-a416-1f68d3ac2e6b,여나니,22,0
12713,13d743d0-6527-11f0-8799-a56030339d38,해밍,22,0
12713,139aea60-6cb7-11f0-9b40-39de905d3348,한입삼겹살,22,0
12713,1309d260-624d-11f0-ad06-05cd7d1d0a6e,한승훈,22,0
12713,11cb8450-6853-11f0-8733-458c7bab4002,dslke,22,0
12713,111ae540-6890-11f0-92ff-45af87a84012,톡톡톡,22,0
12713,1115a7e0-64dc-11f0-920f-d9bd8a2a820c,백종원,22,0
12713,10956d40-66fe-11f0-88d7-b17a9091c16e,기직,22,0
12713,0fa7c621-6312-11f0-b4ac-230641ea7477,까미,22,0
12713,0dc8b200-6377-11f0-bbfa-a7f4d497e577,와사비맨,22,0
12713,0ce04910-6cd3-11f0-80b2-df6a7b97e98b,각설이,22,0
12713,0bb0b040-6a42-11f0-a1c0-f953ad2a988a,두짜,22,0
12713,0a9a23b0-676f-11f0-a190-3fac60e588db,쇼콜랑,22,0
12713,08186cd0-6438-11f0-93b5-9bbe54f3643d,yesung,22,0
12713,07f38dd0-6216-11f0-abc2-914425398299,흥해배씨,22,0
12713,07ad1510-652e-11f0-b600-494f6532820c,백정표류기,22,0
12713,076f5ee0-6525-11f0-a092-cfb4e8946e57,스트롱빈,22,0
12713,07289860-63a5-11f0-9b51-d36a85c863a7,마르크스슈탈,22,0
12713,0596c440-63e6-11f0-981c-6918ebc09e55,아용,22,0
12713,052db590-635f-11f0-97d7-efff12aed0ab,우기우기,22,0
12713,03f76570-6a23-11f0-81d8-d75e58d916af,트레비,22,0
12713,03326e70-63e6-11f0-849d-3b3a1fc71a59,하라눈데,22,0
12713,0097a960-62b4-11f0-b78d-9fbbdf7f23fb,백술,22,0
13039,ff8d4f60-6a34-11f0-9247-73d812882387,표류리,21,0
13039,ff7440b0-6895-11f0-905e-c7bed89e0fd3,까아비,21,0
13039,ff4491a0-68f7-11f0-82a4-059d2fef0171,팥죽,21,0
13039,ff15fb10-6ab9-11f0-9a7f-e32704d17198,대고구려태왕,21,0
13039,fee0d710-6473-11f0-934d-3b333a678e8e,파차이,21,0
13039,fe434500-6517-11f0-b0f9-9b13bf283379,토나와,21,0
13039,fe022fb0-670c-11f0-a493-bfb4a2b5b702,패트릭,21,0
13039,fdecabb0-6205-11f0-a22f-1fef89b9a0c3,윤준이,21,0
13039,fdcba620-65ea-11f0-b713-4926dfac7d29,구가,21,0
13039,fda23bc0-64a3-11f0-ac20-8734dac19833,조선무무냐,21,0
13039,fd9923e0-630a-11f0-93c0-3fa3bb7fad1e,우엉우엉우옹,21,0
13039,fd87f930-69d6-11f0-9416-6d61d44d7bd3,뽀야미한,21,0
13039,fd7ab6f0-64ed-11f0-846f-13edae8f7606,yum6x11,21,0
13039,fc67b890-6717-11f0-a98d-f37da4145b2e,슈아,21,0
13039,fc1a71d0-66e9-11f0-94fd-bd0b371894b0,킹갓제네럴이순신,21,0
13039,fbfaf560-697a-11f0-86e2-d3a55f318685,콩별,21,0
13039,fbcc8940-6412-11f0-83ae-cb0d7c1d5c99,기레,21,0
13039,fbafd560-6aa8-11f0-aabe-19fce0d146b1,이존닉,21,0
13039,fbaf56f0-66c8-11f0-bec5-bbe08fa86bc3,단비뚱,21,0
13039,fb847ce1-6c9b-11f0-9b40-39de905d3348,다시보기,21,0
13039,fafb07a0-6442-11f0-bb35-df6429295e24,임다,21,0
13039,faad1c30-6c39-11f0-ab97-2954eb0e98ce,은히,21,0
13039,f9e0a4d0-6a12-11f0-87cd-13cc90e29527,점심뭐먹지,21,0
13039,f9839cd0-6324-11f0-86ae-09614a5b454b,호호호호,21,0
13039,f95a5360-63a7-11f0-9b51-d36a85c863a7,달을베리,21,0
13039,f9522b70-6728-11f0-a764-331beb7dec8b,효기,21,0
13039,f942e650-6832-11f0-b2fd-9d1d445c08a1,뽀식이,21,0
13039,f932a5a0-6c43-11f0-bc33-d1586ee53a9d,수댕이,21,0
13039,f92edbe0-647e-11f0-9006-7f9a0c9f28c9,뚜떵이,21,0
13039,f922f720-62e0-11f0-a9e2-bd6cd50a5a78,할거많다,21,0
13039,f8f49620-6a1d-11f0-87cd-13cc90e29527,왜혀넣어,21,0
13039,f8c32a60-63d1-11f0-8ce7-05e1fc9cefd2,흐읏하으으응,21,0
13039,f8ad3cd1-62de-11f0-8e55-53f16de9a7ce,할머니,21,0
13039,f8a1cb60-6721-11f0-a25c-47a5a693b30a,픽쇼,21,0
13039,f86f65e0-6af4-11f0-b6ac-91e7f241e767,hyundai,21,0
13039,f8380330-6d5a-11f0-825e-dfe8e01a173d,무필,21,0
13039,f8094d60-69bd-11f0-a94a-9f7e552760ea,이두,21,0
13039,f802a7f0-6c81-11f0-bb12-f394c5e7b677,아이래비,21,0
13039,f7ec8f60-6885-11f0-87f8-e187f9342dae,루티,21,0
13039,f7e9de00-6afb-11f0-af41-6370f0548441,텅빈나비,21,0
13039,f7c76c70-6afc-11f0-8de4-53e3ace3a463,NANTOMAN,21,0
13039,f7b3bf50-66c8-11f0-8f4e-17a4c2a46f4d,샤크다,21,0
13039,f797e440-63e6-11f0-bf41-c3e2fe979c75,더지,21,0
13039,f795b560-61f9-11f0-8f57-d38927707cf0,란댕,21,0
13039,f77a45d0-6575-11f0-a5e4-61b9b5647011,반씨표류기,21,0
13039,f76349e0-639d-11f0-8ad1-495afdf38cf0,이왕용,21,0
13039,f74e4390-6453-11f0-9a7f-07d3d9b1e362,guswls,21,0
13039,f745e2b0-6230-11f0-8510-f70fc2d13c3b,도둑,21,0
13039,f73400d0-620e-11f0-8954-d1ddcca9d272,귀수,21,0
13039,f6ad68c0-63dc-11f0-b5a1-97526412eaf0,초겨울,21,0
13039,f699d5b0-69fb-11f0-83c1-071402a58f9d,범잡초,21,0
13039,f6997250-642e-11f0-877d-c952436514c7,sulhee,21,0
13039,f67617e0-6557-11f0-9028-6d8f473a814e,로롤1,21,0
13039,f6090860-69f0-11f0-87cd-13cc90e29527,고녹,21,0
13039,f55b1dc0-6bb4-11f0-a8af-f73a307a4a56,LEEDo,21,0
13039,f52e0750-6c85-11f0-a097-d56ebc408629,I무사I무휼,21,0
13039,f5201d81-6225-11f0-8853-493fc3ae34f0,솔로천국,21,0
13039,f4e23c40-6248-11f0-a923-e5c378e4162f,FYL,21,0
13039,f4d1a2d0-64ab-11f0-b557-b9d4a65b18c9,도균92,21,0
13039,f4b4c300-6c61-11f0-a736-cb4f7c468586,papa,21,0
13039,f49d3b10-693a-11f0-b6fc-63016576bc70,설태,21,0
13039,f3db9c30-662e-11f0-96fa-990fd0c2f326,치핵3기,21,0
13039,f37fd7c0-6556-11f0-b3f0-412c1cd1201f,과누,21,0
13039,f37e6430-68a3-11f0-9f59-43e0c9aecd40,홍이닷,21,0
13039,f3690ae0-6326-11f0-8900-17942e280829,테이엔,21,0
13039,f32c2640-6455-11f0-8944-5327091948db,모나미,21,0
13039,f213f981-6708-11f0-bf3a-3baa684433d6,시네루,21,0
13039,f1a95610-68a3-11f0-bf84-ffd2e315ec3d,하니정,21,0
13039,f1a4dab0-68ce-11f0-a559-7966cc3307d7,클라인,21,0
13039,f137acf0-631b-11f0-873a-61e5585b494a,그릴린,21,0
13039,f0c2b180-63bf-11f0-ab4c-1749d25baca6,my메타몽1,21,0
13039,f05e60d0-6253-11f0-95f0-59ccc8c1b644,도팔자,21,0
13039,f0231400-6a3f-11f0-b8c3-31d76e99096b,우기현,21,0
13039,f01cb5b0-6adf-11f0-adf1-352afe5db30b,둔자아,21,0
13039,f01b93c0-657a-11f0-9744-4972db654943,계절,21,0
13039,ef719b50-6cd1-11f0-9b40-39de905d3348,비파형동검,21,0
13039,ef07ada0-69aa-11f0-a6d0-d7dbeaf9d9e0,싱거운소금,21,0
13039,eeca5320-649f-11f0-8dc2-b1d7780ea280,과금,21,0
13039,ee48af80-62bc-11f0-a53e-f720860fcc8a,진압,21,0
13039,ee10f8b0-6a46-11f0-b350-274e47244e62,무아트,21,0
13039,eded7280-6561-11f0-844a-4f48097dc8d0,오데,21,0
13039,edea7550-63ed-11f0-89c3-81bc4ed5aa4e,이감,21,0
13039,ed0a71f0-6463-11f0-934d-3b333a678e8e,꿀찰호떡,21,0
13039,ec8d28c0-6cc0-11f0-bf20-0950605175eb,밍모,21,0
13039,ec816890-6c76-11f0-b06f-1bb3858adc4b,준파파,21,0
13039,ec5db660-6493-11f0-8e6e-45b04a534d66,천예화,21,0
13039,ec5b3bd0-6216-11f0-9813-b7579b20c221,양살구,21,0
13039,ec4110a0-6907-11f0-ba60-039ed42b2da7,변딱구리,21,0
13039,ebf9d880-6a46-11f0-b7a5-333dfc345c53,haeya,21,0
13039,ebdbdec0-675d-11f0-90a9-8122dc0c48db,한국사능력시험,21,0
13039,eb890ee0-63af-11f0-8d07-390a61232108,유니어스,21,0
13039,eb1b6200-64f9-11f0-920f-d9bd8a2a820c,하몬,21,0
13039,eae940c0-6541-11f0-bfcd-476b37318f6d,태뿡,21,0
13039,eae57f50-6585-11f0-9744-4972db654943,꺙통,21,0
13039,eabcee90-645a-11f0-8df0-a9be6ca1bee2,미드사랑,21,0
13039,ea8a0a10-63de-11f0-b228-cfd66956cea6,파력,21,0
13039,ea6b3710-6d58-11f0-825e-dfe8e01a173d,22i,21,0
13039,ea6a71a0-62c1-11f0-b038-1df969c0d9a5,혁련무강,21,0
13039,ea45ddd0-626d-11f0-97b4-198e3a6088ef,꽃핀,21,0
13039,ea16b690-6696-11f0-850c-5560f809d922,티케,21,0
13039,ea0ba6a0-62ff-11f0-ba81-0189884c815e,구르리,21,0
13039,e9e93960-63e2-11f0-981c-6918ebc09e55,99999,21,0
13039,e9c0eca0-623c-11f0-939e-157038911130,재준,21,0
13039,e9b18220-6493-11f0-829b-d50781ca76af,혼자가좋아,21,0
13039,e914d2a0-6825-11f0-8274-ef0dc71ff839,무너무너,21,0
13039,e8ccdae0-65b9-11f0-aa84-3dc96405c278,jinua,21,0
13039,e879d730-694e-11f0-9052-8d763cf66f7f,엘리린,21,0
13039,e8647980-6b06-11f0-bb12-2fec1548f0a3,오문,21,0
13039,e8305da0-68f7-11f0-a8f9-552003805e1b,고돌12,21,0
13039,e8188070-6534-11f0-a15d-6fd1b18d9c14,호주,21,0
13039,e788f110-6478-11f0-a8d6-9514efa5ade9,별난바,21,0
13039,e73b5400-620c-11f0-8954-d1ddcca9d272,SOFF,21,0
13039,e6ff7380-679e-11f0-a86b-6be161d85452,디스this,21,0
13039,e653fa10-64a5-11f0-8dc2-b1d7780ea280,술지마립간,21,0
13039,e62d4880-6774-11f0-ac22-89a616aaf971,무마무스,21,0
13039,e583e090-6c3f-11f0-be11-15310fd64cf1,애기공주,21,0
13039,e5616b50-63b6-11f0-8d07-390a61232108,우오야,21,0
13039,e55701b0-63cf-11f0-aab1-5f3bbe175c3e,리아니,21,0
13039,e548e520-6254-11f0-807b-b56290a6427d,우희,21,0
13039,e47d1620-6303-11f0-93c0-3fa3bb7fad1e,슈퍼잭,21,0
13039,e3ddd100-6394-11f0-b91f-cbca55a9af76,모동,21,0
13039,e3739000-6561-11f0-83d0-9b3d85ec502b,호랑랑,21,0
13039,e329d610-650f-11f0-998d-6361b2224259,토오스,21,0
13039,e2de7ed0-6baa-11f0-8ba9-afce5a8231c3,취검랑,21,0
13039,e246d7f0-6381-11f0-ab9a-491699e5c818,최진경,21,0
13039,e21ac2a0-63f4-11f0-acbf-1d9f838efc8f,터진거북알,21,0
13039,e216f380-6ac2-11f0-aa73-c544fd48d310,코드네임,21,0
13039,e20b2f60-64fe-11f0-998d-6361b2224259,방귀뿡,21,0
13039,e1b87890-6bae-11f0-a51b-7569b844c4d8,유호우,21,0
13039,e1837750-6215-11f0-abc2-914425398299,카이룻,21,0
13039,e1799a10-63c7-11f0-8f11-17371de17e69,kiaooooo,21,0
13039,e13d93d0-6309-11f0-b218-43a24c54b5c1,토모토모,21,0
13039,e11947a0-6917-11f0-bb85-e56e3f9b33fd,여신의아이,21,0
13039,e10e06d0-6884-11f0-a66a-17ffc6bb3860,말장이,21,0
13039,e0ea6a30-650b-11f0-b0f9-9b13bf283379,레게고양이,21,0
13039,e0b1dc80-6333-11f0-97d7-efff12aed0ab,봉봉마루,21,0
13039,e0aef2d0-6492-11f0-bbfe-0d14bcd852b5,죠수박,21,0
13039,dff943a0-636f-11f0-baf1-611897b49fac,홍길동뚜룹,21,0
13039,dfd08e00-6253-11f0-9eb5-cf396344702c,EX,21,0
13039,df946cc0-67a0-11f0-a86b-6be161d85452,wky,21,0
13039,df832bb0-6550-11f0-a8f6-b9ccbcdd6c19,할뛰,21,0
13039,df190b70-6651-11f0-8157-83c241bc6c35,jh1115,21,0
13039,de0e5bb0-6c03-11f0-87eb-690ec7d4dfe2,토트라,21,0
13039,de0def90-6adc-11f0-a5d2-4bd7192c2f94,alwosk,21,0
13039,dda15fe1-69d0-11f0-a97a-17464924d39f,아즈문,21,0
13039,dd939b20-6468-11f0-934d-3b333a678e8e,거거걱걱걱,21,0
13039,dd466bf0-63ac-11f0-a110-bf1368febfaf,개련,21,0
13039,dd0264b0-6315-11f0-b4ac-230641ea7477,다리다리,21,0
13039,dc3a8e80-664f-11f0-8a1d-5dcee97d710d,우와왕,21,0
13039,dc1755d0-6912-11f0-91c8-a923378c0f3a,팽이치기,21,0
13039,dc11e6f0-6646-11f0-9c6b-db63084779dc,츄사랑,21,0
13039,dbff2c40-6aba-11f0-b350-274e47244e62,대무원,21,0
13039,dbb8f2d0-64d8-11f0-89c4-91955faa19a3,동학,21,0
13039,dbaf47c0-6489-11f0-bbfe-0d14bcd852b5,겅구,21,0
13039,db89d760-6d3a-11f0-a5ac-25cfed422797,푸르딩,21,0
13039,daedbe40-6351-11f0-9145-a52c50a03179,일번남자,21,0
13039,dac685c0-63d6-11f0-a9da-8b915b889dd4,갑뿌,21,0
13039,da7f46f0-6b52-11f0-ae55-7d4f8e239d4a,배고픈빵토리,21,0
13039,da59e320-62d7-11f0-80cb-a7c6e4fedc8d,태구찌,21,0
13039,da54bba0-649b-11f0-a470-3b5290ad38d8,동글동글완두,21,0
13039,da2c4d40-6244-11f0-9c23-457fcdeb3714,심쿵,21,0
13039,d9ef4640-649f-11f0-8dc2-b1d7780ea280,삼다주,21,0
13039,d9c85230-642f-11f0-93a4-af3680a69719,사우랑,21,0
13039,d95bfb00-61ee-11f0-9e54-f5b20913bba4,은세아,21,0
13039,d8c233f0-625a-11f0-884d-c1912a1e8b78,y수호m,21,0
13039,d8523290-6885-11f0-a557-63284acb0ec6,로단테,21,0
13039,d83b85c0-61c0-11f0-a0d3-0bbe2d3e2c3c,tyhggg,21,0
13039,d82db880-62d0-11f0-b252-a1a047cc5cf1,중앙,21,0
13039,d80c90a0-64ac-11f0-87c5-cfc271183eec,정신지배자,21,0
13039,d806da40-63ba-11f0-a06c-a18ad4eb2f25,천이삭,21,0
13039,d78f5400-6cf4-11f0-9497-07950a6b2df0,웅덕,21,0
13039,d7000040-6478-11f0-a8d6-9514efa5ade9,안벵,21,0
13039,d6c5fc20-66f7-11f0-a25c-47a5a693b30a,악사,21,0
13039,d6ac04e0-62ac-11f0-b78d-9fbbdf7f23fb,초루루만두,21,0
13039,d6460eb0-6860-11f0-9f4e-a7377e1552a2,흐에호야홋,21,0
13039,d611bf50-64de-11f0-998d-6361b2224259,쪼마난아이,21,0
13039,d5d26fc0-69e9-11f0-9adb-01ec0e539aaf,qocn,21,0
13039,d5cdee21-63a2-11f0-b7d9-6726758670c6,옥지수,21,0
13039,d50b60f0-69c2-11f0-83c1-071402a58f9d,극진성,21,0
13039,d4e5bef0-663d-11f0-98bc-e5936fd3e4fc,날아,21,0
13039,d4ddd8e0-638e-11f0-929e-756b01201a20,윤윤,21,0
13039,d4bdf810-62ce-11f0-b78d-9fbbdf7f23fb,아침해,21,0
13039,d4bbb2c0-6c11-11f0-b42c-fbcad312d7dc,농민,21,0
13039,d4b80180-6477-11f0-9e27-35530581f5ae,마스터유진,21,0
13039,d4a1ceb0-64a9-11f0-9f5b-af48b4d3f6b1,야옹챠,21,0
13039,d445b340-69ff-11f0-9adb-01ec0e539aaf,셔거덜,21,0
13039,d43b27a0-643b-11f0-93b5-9bbe54f3643d,승준,21,0
13039,d3fd4db0-651f-11f0-ab3b-9d4ed9be40b9,야롱,21,0
13039,d3911d30-69e7-11f0-9ccf-efc03aeeda2b,페라리노,21,0
13039,d361b800-63c1-11f0-bb86-97bdb11e4eed,kyatoo,21,0
13039,d2b8b100-6a07-11f0-9416-6d61d44d7bd3,쉽게가자,21,0
13039,d28b1a10-62f0-11f0-be58-8570b5052512,천훈,21,0
13039,d274b510-6794-11f0-bb20-11ad96385100,강철도어,21,0
13039,d243d2b0-6573-11f0-8ee0-7fdf94bcc26c,서도명,21,0
13039,d24325c0-673c-11f0-b6f9-9341b272f2ff,표세,21,0
13039,d241e7a0-6caa-11f0-9b40-39de905d3348,yhbyeol5,21,0
13039,d23e8b10-653d-11f0-97bf-e59a2053b9f6,o계양o,21,0
13039,d1d340e0-63a2-11f0-b7d9-6726758670c6,로망스펴니,21,0
13039,d1d01cd0-6735-11f0-b6f9-9341b272f2ff,짱구박사,21,0
13039,d1c99f60-635f-11f0-9eba-319c3c5b72eb,비책,21,0
13039,d1bb3fc0-6589-11f0-bdb7-b58ab72864be,연아,21,0
13039,d1ae7be0-62d3-11f0-a53e-f720860fcc8a,몽실잉,21,0
13039,d19f0730-6302-11f0-93c0-3fa3bb7fad1e,카라라,21,0
13039,d18d9520-653e-11f0-971a-35e806be879b,독도반점,21,0
13039,d18ab1a0-619e-11f0-aae0-812abd6d2db3,크르르룽,21,0
13039,d1261750-63aa-11f0-9b51-d36a85c863a7,꽁꽁,21,0
13039,d0f2fc90-63ae-11f0-a602-4364c3f5e6fb,히용,21,0
13039,d0e81150-6254-11f0-95f0-59ccc8c1b644,오즈,21,0
13039,d0e10750-61a2-11f0-9ef6-078f63674a6b,연12,21,0
13039,d07bfae0-62c9-11f0-a89f-3182c3b8adb5,서기월드,21,0
13039,cfeda380-6d0f-11f0-b16a-59affbdabbf5,부끄러운한강,21,0
13039,cf5a72c0-6591-11f0-b323-7163d32d831e,수려한,21,0
13039,cf05a5c0-6351-11f0-9eba-319c3c5b72eb,막시무스심바,21,0
13039,ce6e0df0-6ad6-11f0-81c8-df68c1af4b53,한군,21,0
13039,ce551c60-63ff-11f0-89c3-81bc4ed5aa4e,닐리리아,21,0
13039,cdb8c5c0-62d5-11f0-8f11-77dd1d282e8c,ac망했네,21,0
13039,cd820bb0-6c54-11f0-8009-99d4c032fe19,미르1세,21,0
13039,cd355e90-62cd-11f0-b78d-9fbbdf7f23fb,비싼보석바,21,0
13039,ccd69c90-6c6c-11f0-8805-b3f3a74e8613,계월,21,0
13039,ccc07740-637e-11f0-adf7-d1fabe44ecce,리베인,21,0
13039,ccba2870-623b-11f0-8ed7-4f4ea466921e,김치샤베트,21,0
13039,cc54c4c0-654d-11f0-9925-2bfdb21f1ef4,업경,21,0
13039,cb09e100-6457-11f0-8b4d-01ccbaf92ff4,디가조아,21,0
13039,ca8ab800-642d-11f0-877d-c952436514c7,알고리즘,21,0
13039,ca5a74f0-6609-11f0-b420-973bd54af871,똑똑똑,21,0
13039,ca4e28c0-61ff-11f0-8879-5f895f1781fe,IRyuI,21,0
13039,ca169490-62dc-11f0-a53e-f720860fcc8a,다희대준,21,0
13039,c9d16d80-6c59-11f0-802b-15be0af62600,미계인,21,0
13039,c9afc4d0-6a21-11f0-9ccf-efc03aeeda2b,달봉이아빠,21,0
13039,c9423290-62a5-11f0-b99b-2fc53d965492,토레스타,21,0
13039,c935d010-6d25-11f0-b0d7-0b3415ac89fb,weekend,21,0
13039,c8ef15f0-68fa-11f0-bf27-69600f7373fa,이쑤신,21,0
13039,c8d6b2a0-62bd-11f0-a53e-f720860fcc8a,가각,21,0
13039,c8c24241-6518-11f0-8350-2bfe2b1cf2f9,guzzi,21,0
13039,c8ba6400-645d-11f0-a72c-e970bf999ff4,거미가줄을타고,21,0
13039,c7997720-624e-11f0-9389-bdd3075e1ab8,씨유,21,0
13039,c796b400-69cd-11f0-ae78-a936d29950ea,히로티,21,0
13039,c78f89b0-648b-11f0-b749-97e97e025ce2,인폭,21,0
13039,c7144da0-6377-11f0-ab23-17e3cb110c7b,삉삉,21,0
13039,c7138c10-6671-11f0-b77e-a100e5cb3d55,포야,21,0
13039,c6f2a780-667a-11f0-ba90-31fb5fd677bf,마나카,21,0
13039,c6a7ac00-626d-11f0-bcbb-714564b525f4,데미안,21,0
13039,c686d670-6442-11f0-95eb-5dc11fa524e5,무니무니,21,0
13039,c6733460-63b3-11f0-8976-0f88ec3b32e6,배려,21,0
13039,c65dde00-662c-11f0-9e05-f7f3cc626bbf,QWER썩쏘,21,0
13039,c6505750-64a9-11f0-b557-b9d4a65b18c9,연아리,21,0
13039,c64213e0-6353-11f0-ba6d-31d76c70e10b,에팔,21,0
13039,c5d8fc70-6501-11f0-86b2-95b4faeb80b4,아홀,21,0
13039,c5c3ee80-63e8-11f0-9138-e7c93c0285e9,뷰티나비,21,0
13039,c5b14a70-6233-11f0-bbfd-8564365ef7ff,마기마기,21,0
13039,c4ffecb0-6460-11f0-8670-973d055b2505,강소리,21,0
13039,c4df18c0-6364-11f0-ba6d-31d76c70e10b,휘파람,21,0
13039,c4b6c830-6962-11f0-a1f0-37d091d614b1,용가뤼,21,0
13039,c45953b0-6374-11f0-8193-57e1c1f0634f,낙뢰,21,0
13039,c418be80-65b4-11f0-8b44-3ff58a49da64,지눙,21,0
13039,c3fdec90-696f-11f0-baa3-c9d273756883,깡총보리,21,0
13039,c3f0c9c0-6528-11f0-a092-cfb4e8946e57,면알,21,0
13039,c3ef0780-6324-11f0-b403-3507abff79da,cooper,21,0
13039,c3ed3d40-63e9-11f0-b217-87e3ac2bb17a,즈코지,21,0
13039,c3d37040-6213-11f0-9b80-6dacbd1dec23,초코쿠키칩,21,0
13039,c37986c0-638f-11f0-9730-63c2972c2599,Illusion,21,0
13039,c33a32e0-6547-11f0-a2be-555c74fcc7f5,감귀,21,0
13039,c24cd340-61f2-11f0-b3c7-a9c53be5027c,눙수,21,0
13039,c2448600-638b-11f0-9b51-d36a85c863a7,인봉,21,0
13039,c2016740-68d5-11f0-bd47-cf3af6acce80,김아라,21,0
13039,c1e2caf0-6520-11f0-9ac8-815504da4b66,김근도,21,0
13039,c1953230-6ae9-11f0-887f-c18cdf79257d,류귀,21,0
13039,c15391c0-6d0c-11f0-8662-b3a8d615c0d7,김봉이,21,0
13039,c14c0030-6312-11f0-b218-43a24c54b5c1,끌레아,21,0
13039,c13f3b20-62b3-11f0-a53e-f720860fcc8a,불타능강냉이,21,0
13039,c1125640-6449-11f0-ba26-c559d1541584,강한남자김승범,21,0
13039,c0a8c910-67f9-11f0-82b6-93a73aef044c,솔마,21,0
13039,c09263f1-6bb4-11f0-95c1-cdecde0b7fd9,난기류,21,0
13039,c08b7290-6734-11f0-b696-57f6be140e14,지혜,21,0
13039,c0897ff0-6214-11f0-abc2-914425398299,류일하,21,0
13039,c0441710-64c8-11f0-846f-13edae8f7606,난세운빨,21,0
13039,c011b3a0-6a32-11f0-8350-b980059d54cf,최고이순신님,21,0
13039,bfd461c0-66eb-11f0-b905-616e286946a4,판다경,21,0
13039,bfcf9b80-63e5-11f0-981c-6918ebc09e55,세렌디피티,21,0
13039,bfcac470-6912-11f0-8aca-f34e79e160ce,nnoon,21,0
13039,bfb7e7c1-6538-11f0-8fcf-49b1bc77966f,K루,21,0
13039,bf796890-640e-11f0-a3ab-515b7dbdbb4f,이경실,21,0
13039,bebb6df0-6b9c-11f0-97c0-233ebe468f3e,제리냥,21,0
13039,be900ee0-639e-11f0-b91f-cbca55a9af76,재스타,21,0
13039,be8f23a0-6221-11f0-abc2-914425398299,하뉴,21,0
13039,be7e7160-6d0f-11f0-8662-b3a8d615c0d7,팡죠,21,0
13039,bdf472a0-6213-11f0-abc2-914425398299,능구렁이,21,0
13039,bd40f160-6977-11f0-86e2-d3a55f318685,일엽,21,0
13039,bc827c30-624c-11f0-a7b6-cf18c18dd85f,한국크,21,0
13039,bc6f3f60-61a9-11f0-9ef6-078f63674a6b,웅야호,21,0
13039,bc6a3700-6301-11f0-b7c2-5907d7ac5d60,mgty,21,0
13039,bbd0d8c0-6618-11f0-8af8-af83b80f6378,은초야옹,21,0
13039,bbc41f80-6781-11f0-ab88-a5c9739f629f,물밥,21,0
13039,bbbd8860-6d2a-11f0-812a-d364660ceebf,도라몽,21,0
13039,ba95ae00-6315-11f0-a67a-173fdcafaabc,리벌스,21,0
13039,ba36ebc0-6ae2-11f0-b538-6192b34d2599,둥이2,21,0
13039,b9fe8140-6c90-11f0-a8c9-db6252a76e8a,다물치우,21,0
13039,b97ed830-6193-11f0-80e8-87c71e2c231b,삼동이,21,0
13039,b8e4c820-62b1-11f0-b038-1df969c0d9a5,밧줄잡아,21,0
13039,b87c7ec0-6485-11f0-88df-d3a420181cc9,초코우야,21,0
13039,b873d2d0-63ee-11f0-b808-551faa2361fd,goldbron,21,0
13039,b86e2ee0-669e-11f0-80e7-c54421442f0e,eltemia,21,0
13039,b84cecc0-62e4-11f0-971e-0d9306189309,근데,21,0
13039,b7de7720-69c1-11f0-a6d0-d7dbeaf9d9e0,타라이온,21,0
13039,b7d46bd0-61fc-11f0-83e5-156a2fc6f757,dmdmd,21,0
13039,b70c6110-6492-11f0-a863-c5c12b567008,이러스,21,0
13039,b6a2a6d0-6d66-11f0-880d-6999658a2ef1,왕위,21,0
13039,b69e3ef0-6911-11f0-9163-9b37cd4f63ff,안놀아,21,0
13039,b65e7fb0-6554-11f0-aed2-e9684f688284,김찬우,21,0
13039,b5a8ebf0-6c52-11f0-ba2c-4f8d906a7937,kt,21,0
13039,b501a5a0-6592-11f0-878e-15088f05ace2,히또,21,0
13039,b4b788b0-649f-11f0-a845-496ab271568b,빈2,21,0
13039,b4929950-67c5-11f0-ad06-bdc4c662d62f,띠웅,21,0
13039,b48a2cd0-6b52-11f0-97d6-9d9ba89f59bd,Haze,21,0
13039,b3fa3c80-691b-11f0-a72d-f3190f62faf5,파란1004,21,0
13039,b3b457a0-69d0-11f0-83c1-071402a58f9d,나야도쥬,21,0
13039,b39e22b0-6ba0-11f0-b559-a199f27e3bda,꽃딜,21,0
13039,b3696271-641e-11f0-877d-c952436514c7,은쮸,21,0
13039,b2ff2070-65f6-11f0-8afb-9767d055c78a,JMC정민,21,0
13039,b2ec3e40-6602-11f0-97d0-fb9951280f6d,lewx18,21,0
13039,b267f620-6c70-11f0-b06f-1bb3858adc4b,고딩보쥑군영,21,0
13039,b2571b00-68f3-11f0-bf27-69600f7373fa,준환,21,0
13039,b24091d0-62c9-11f0-b78d-9fbbdf7f23fb,쿠쿠몬,21,0
13039,b23e3440-63ef-11f0-a3c9-9f9256df83ae,흑돔,21,0
13039,b20fe080-62ab-11f0-bf6e-91ab11ffb732,노재승,21,0
13039,b2095d50-6d1e-11f0-a693-ff327945c3a4,천무자,21,0
13039,b1f519e0-66fb-11f0-abbe-1b148ce1c918,둥스데이,21,0
13039,b1b108a1-6bb4-11f0-a8ce-570b9431e88d,너뭐하냐,21,0
13039,b15ca730-62d9-11f0-8f11-77dd1d282e8c,협객루루,21,0
13039,b1544db0-6595-11f0-a447-7b87eaaa2ed7,운명의수레,21,0
13039,b0fcb4f0-642e-11f0-b895-d750b0653929,퓨마,21,0
13039,b050c8a0-649e-11f0-a845-496ab271568b,뮤망,21,0
13039,b01a5e40-624c-11f0-a7b6-cf18c18dd85f,청달,21,0
13039,affeb480-6a92-11f0-8032-c32c225a07c5,뿌뿌빠,21,0
13039,aff8e6e0-63e9-11f0-b39a-819fd59828ff,도그마루,21,0
13039,aff76b90-647e-11f0-afc6-f198449342d5,빅조,21,0
13039,afc7a110-61a1-11f0-881e-9dc9c1100d0b,법세행공,21,0
13039,af840490-6463-11f0-a72c-e970bf999ff4,화봉환이,21,0
13039,af7b3850-6900-11f0-8b5a-df1ca1a01e17,냐아아악,21,0
13039,af7ab640-6325-11f0-9a9d-576877acc917,무일푼,21,0
13039,af5e1fe0-673e-11f0-a3b5-cb7d513a283d,표류하네,21,0
13039,aef4b6f0-63e1-11f0-a278-8582881491ba,Laul,21,0
13039,aeeaa990-66ba-11f0-a7ca-6365d3928809,건슐,21,0
13039,ae3da760-6a41-11f0-b7a5-333dfc345c53,예용이,21,0
13039,adb040e0-66d2-11f0-a45a-8fae72bafa7b,장첸o,21,0
13039,ad86f420-63f7-11f0-a416-1f68d3ac2e6b,질척,21,0
13039,ad4b7ef0-638d-11f0-8ad1-495afdf38cf0,주소,21,0
13039,aca2bf10-653e-11f0-8799-a56030339d38,이도츠카야,21,0
13039,ac804470-68d7-11f0-acc6-9fa957ae20ea,오로라쟈나,21,0
13039,ac3f71a0-6447-11f0-8944-5327091948db,5703,21,0
13039,ac176a01-6575-11f0-bd18-ef999b45db65,뀨우우웅,21,0
13039,abf71f40-6af0-11f0-92e1-394a8ca307ec,치쿵,21,0
13039,abeabb20-6248-11f0-a7b6-cf18c18dd85f,nswer22,21,0
13039,aba3b270-6acc-11f0-adf1-352afe5db30b,드림이형,21,0
13039,ab94fad0-6218-11f0-abc2-914425398299,갱홍,21,0
13039,ab655410-6330-11f0-9eba-319c3c5b72eb,임탱,21,0
13039,ab18b900-6454-11f0-9bbb-977d07f6b3d2,그리운두루미,21,0
13039,ab078e20-63a8-11f0-9b51-d36a85c863a7,오도령,21,0
13039,aaf44650-65ef-11f0-b07a-3f86ba6af1de,아야끄,21,0
13039,aa8a2950-63bf-11f0-bb86-97bdb11e4eed,전으니,21,0
13039,aa3e95b0-6551-11f0-a37f-b346b9412b7f,단균,21,0
13039,aa0e0450-6497-11f0-a315-5d30c4fd1c80,샤숀빠,21,0
13039,a9cc1e00-6d16-11f0-b0d7-0b3415ac89fb,냥냥꼬리,21,0
13039,a9cbbe50-639e-11f0-a4da-3d0ef443f21c,nik네,21,0
13039,a9ab7500-6894-11f0-b787-d716cf1b0fbf,dlfkdkx,21,0
13039,a99fd161-62a3-11f0-ab5c-d90c56584691,마흔넷,21,0
13039,a9979740-6454-11f0-9a7f-07d3d9b1e362,SSSOP,21,0
13039,a981b800-63d5-11f0-a68a-1f47317284ca,묵직,21,0
13039,a9763240-6575-11f0-a479-c9266af0bf90,어른이,21,0
13039,a95e2ad0-641f-11f0-877d-c952436514c7,카엘,21,0
13039,a911e7a0-67e5-11f0-bb71-090a139da64b,룽지,21,0
13039,a8f32500-64c4-11f0-846f-13edae8f7606,김배찌,21,0
13039,a8c45390-69f8-11f0-9ccf-efc03aeeda2b,뿌슉,21,0
13039,a8368330-64ad-11f0-bac8-c1efd8a8ec20,유루하,21,0
13039,a83147a0-65a0-11f0-8b44-3ff58a49da64,츄르,21,0
13039,a7f175e0-6658-11f0-bc55-a5513d849ef9,깡철이,21,0
13039,a7b54a10-6933-11f0-b6fc-63016576bc70,정기룡,21,0
13039,a7ac9040-6c90-11f0-b6d4-ffd8fd3806f3,케론이,21,0
13039,a76dce70-64cd-11f0-998d-6361b2224259,연이0,21,0
13039,a6eddfc0-6951-11f0-b19e-355255fa5539,에덴스,21,0
13039,a6d69450-6258-11f0-9e03-0da19caf8480,c시로,21,0
13039,a6d51920-6647-11f0-bcdc-f17075c763ff,비둘기스튜,21,0
13039,a65d1110-6696-11f0-975e-09573f148853,oldG,21,0
13039,a5e5bf80-6c7b-11f0-a8de-d7173687f0b3,Mich,21,0
13039,a5d01e10-6b9e-11f0-b17e-853c4db15f16,이왜짅,21,0
13039,a59e6b60-62b9-11f0-a89f-3182c3b8adb5,소백합,21,0
13039,a561fc70-651b-11f0-8799-a56030339d38,쭈쮸,21,0
13039,a523f400-6455-11f0-8f1e-9b9f4436b281,유정유정,21,0
13039,a5207090-66d1-11f0-a818-154c93ec6594,꽃지민,21,0
13039,a4f5fbb0-6ae3-11f0-887f-c18cdf79257d,진무대제,21,0
13039,a4e34ed0-6263-11f0-97b4-198e3a6088ef,구구킹,21,0
13039,a4c24e30-66d5-11f0-abbe-1b148ce1c918,ianns,21,0
13039,a4aec210-63a7-11f0-b630-4f8dc5617c79,솔미,21,0
13039,a49fc1e0-627e-11f0-ba61-57b32c8fdcaa,수몽,21,0
13039,a48cfd90-62c8-11f0-b252-a1a047cc5cf1,귀신걸음,21,0
13039,a443d0a0-63ba-11f0-b6ab-ab1d57efd9b6,아크놀로기아,21,0
13039,a3a8be50-693a-11f0-bd01-4f9a91cb3d54,제이미,21,0
13039,a3987370-63d0-11f0-bb86-97bdb11e4eed,카라하자,21,0
13039,a2ffadd0-64ec-11f0-ad80-bf5616b7c1de,싸워서이겨봘,21,0
13039,a2f57670-64b1-11f0-a07e-5fb875f280ac,전기붕어,21,0
13039,a2517dc0-6a21-11f0-9adb-01ec0e539aaf,보리짱,21,0
13039,a1d5c600-681c-11f0-82b6-93a73aef044c,비혁,21,0
13039,a1a2d850-62fc-11f0-ba81-0189884c815e,루블,21,0
13039,a19b2ec0-6b21-11f0-b8ff-3344b109df80,시아시아,21,0
13039,a10b6530-62fa-11f0-af00-9b7f567d02d1,빈쿠시,21,0
13039,a0c6b6f0-64ae-11f0-8340-854878e1c5cf,온누리,21,0
13039,a0ab6c10-6314-11f0-abe8-09c261bd0e21,다프네,21,0
13039,a0425870-6200-11f0-83e5-156a2fc6f757,겐조,21,0
13039,9fed5590-656c-11f0-90c5-555ab05ea06b,구선복,21,0
13039,9f85bbf0-6c84-11f0-8805-b3f3a74e8613,류체리,21,0
13039,9f674860-653a-11f0-80dc-511cb2391141,라라라라랄,21,0
13039,9f4bd450-653e-11f0-971a-35e806be879b,joeu,21,0
13039,9f41c680-63af-11f0-8d07-390a61232108,무좀,21,0
13039,9f2a5460-61e2-11f0-a73f-2bc4d05cca91,로제마인,21,0
13039,9f1bdd40-63d6-11f0-a9da-8b915b889dd4,토깽S2,21,0
13039,9f0b44d0-6b10-11f0-8f4d-6330363bf47b,구월,21,0
13039,9e478c50-6973-11f0-bd0c-c3e4cbda7988,에긋,21,0
13039,9e3631b0-62e5-11f0-862d-ab549d322a06,티투스,21,0
13039,9dfd5950-6a36-11f0-8f71-7b608e1756aa,헨젤과그모탤,21,0
13039,9df5b6f0-638d-11f0-af0a-c7f1ec9b05d8,토토는스포츠,21,0
13039,9dd7a660-6437-11f0-83ae-cb0d7c1d5c99,밍구우,21,0
13039,9dab9f40-6435-11f0-9143-05b731683243,누렁이z,21,0
13039,9d3c63e0-644f-11f0-9a7f-07d3d9b1e362,여의도깍쟁이,21,0
13039,9d310100-6d49-11f0-b976-671badd129d8,콩야,21,0
13039,9ce5b0d0-642d-11f0-9a44-37c9035ed3bc,솧팋촛,21,0
13039,9ce363b0-669a-11f0-a8c0-a96b3c973cc3,호길공,21,0
13039,9cbe2291-6554-11f0-a37f-b346b9412b7f,하베,21,0
13039,9c5c1700-66b5-11f0-a9a7-23125e6c6cb5,댕둥댕댕,21,0
13039,9c5b7ee0-6290-11f0-b63f-7755b72aa50f,낚시꾼,21,0
13039,9c3f1da0-67bc-11f0-a86b-6be161d85452,눈알,21,0
13039,9c36cb00-61ef-11f0-b3c7-a9c53be5027c,온태양,21,0
13039,9c1f4570-664f-11f0-8bf6-afeec62e00c0,Carmelo,21,0
13039,9bd31900-6264-11f0-97b4-198e3a6088ef,m모모m,21,0
13039,9b9d9690-6584-11f0-aff4-db0d61529086,샤리,21,0
13039,9b8b2020-63fc-11f0-a3ab-515b7dbdbb4f,동딱,21,0
13039,9b1b2fe0-6573-11f0-9ac1-9bcc3e49ed10,user,21,0
13039,9af060e0-6a09-11f0-83c1-071402a58f9d,아노덴,21,0
13039,9abc2600-646d-11f0-9e27-35530581f5ae,추만,21,0
13039,9ab64290-6b10-11f0-8f14-2f5913224acc,여름나기,21,0
13039,9a9c2360-6548-11f0-afd8-b7e248c08716,Taro14,21,0
13039,9a7c3db0-6cfb-11f0-b0d7-0b3415ac89fb,소은낭자,21,0
13039,9a76a000-69e8-11f0-81d8-d75e58d916af,핸디엄,21,0
13039,9a6cf4f0-6246-11f0-9224-eb6b2b2ecb55,밍싱,21,0
13039,9a5e4b50-6c80-11f0-92f8-0b0dfcc0c41e,수틴,21,0
13039,9a278860-63c3-11f0-bb86-97bdb11e4eed,오초초,21,0
13039,9a062920-6a23-11f0-83c1-071402a58f9d,아냐포저,21,0
13039,99e839f0-6259-11f0-b66b-f98e79339126,예린시은,21,0
13039,99e2d6e0-68a8-11f0-975c-57d01ae4d67c,슬파,21,0
13039,9945ddd0-679b-11f0-8dd8-8d061ed0db8c,모해니,21,0
13039,98ce1060-6788-11f0-a97a-c7ef2eb3b5de,뚠뚠오리,21,0
13039,98c04cc0-656f-11f0-9e57-bf5444bb216e,꿀쟁이,21,0
13039,9832fdf0-64cc-11f0-920f-d9bd8a2a820c,레디언트,21,0
13039,97d479b0-650d-11f0-b0f9-9b13bf283379,쏭우하,21,0
13039,97afbe70-6bc2-11f0-9a46-27d729952d3f,콘도,21,0
13039,97723890-6364-11f0-a70b-97528033efd5,뺑소니를패죽이자,21,0
13039,9769d8d0-6701-11f0-9d75-1fd8178eda43,원반,21,0
13039,971c23d0-64d9-11f0-920f-d9bd8a2a820c,노른계란자,21,0
13039,96e0b240-63f9-11f0-925c-f317ed87ddd0,qurater,21,0
13039,96bbd8d0-620f-11f0-abc2-914425398299,냥코,21,0
13039,9699e2f0-6572-11f0-9b02-9934e4aaee80,Tei,21,0
13039,967fad10-6426-11f0-bcbf-2b7f0b4e55b1,우이스,21,0
13039,9670da30-621c-11f0-bbfd-8564365ef7ff,싱신,21,0
13039,96461fa0-62eb-11f0-971e-0d9306189309,백의민족,21,0
13039,95d9c6b0-6292-11f0-b831-2509b113c5f4,하백,21,0
13039,95ce2260-6c60-11f0-b8e2-a331d9e3a322,차태식,21,0
13039,9515de70-6c2a-11f0-a4ba-e76b80b49d26,박표류기,21,0
13039,95056740-6525-11f0-b435-4f58021df77c,쾌락,21,0
13039,94fbe620-63cc-11f0-aab1-5f3bbe175c3e,치치고,21,0
13039,949e2d80-64c3-11f0-846f-13edae8f7606,트베리,21,0
13039,93c5bc00-6b5f-11f0-837a-5be36112ad0f,테릭,21,0
13039,93acdca0-6b3a-11f0-bfbf-11a1330b4a18,똥꾸가불타오르네,21,0
13039,93a9b2b0-6634-11f0-bf58-07d21e6ffbc8,이하몽,21,0
13039,93a71c90-6200-11f0-83e5-156a2fc6f757,오로라후드,21,0
13039,933a8f60-6211-11f0-abc2-914425398299,지훈,21,0
13039,9315dbf0-6849-11f0-a736-0315241e3fd2,양일석,21,0
13039,92fb26e0-69dc-11f0-83c1-071402a58f9d,메로나먹고싶다,21,0
13039,92bcf480-62cd-11f0-b252-a1a047cc5cf1,남자는하늘,21,0
13039,92a6e410-6444-11f0-ba26-c559d1541584,빠담빠담,21,0
13039,91dbe590-6489-11f0-bbfe-0d14bcd852b5,다이묘,21,0
13039,91ca8470-693f-11f0-a3a7-533b8faacbbd,갑사,21,0
13039,918bd4a0-6327-11f0-9d30-a1884d59ed55,겜류기,21,0
13039,91177140-63d2-11f0-bb86-97bdb11e4eed,김씨의가문,21,0
13039,90f500b0-63c8-11f0-8a6c-c348a09bcc5f,라맘,21,0
13039,90dcef10-652c-11f0-b600-494f6532820c,존스노,21,0
13039,90bdeb70-6265-11f0-bcbb-714564b525f4,펀치홀테스트,21,0
13039,90a93100-6641-11f0-8157-83c241bc6c35,standby,21,0
13039,90931010-6253-11f0-aa52-cb1cb28881c2,큐규,21,0
13039,90775ce0-6423-11f0-83ae-cb0d7c1d5c99,택이당,21,0
13039,90731ea0-6509-11f0-a274-777d6197b8e4,골든뷰,21,0
13039,906406c0-6ad8-11f0-a5d2-4bd7192c2f94,Gajago,21,0
13039,903fd4a0-6540-11f0-8799-a56030339d38,후니앙마,21,0
13039,8fcef000-6243-11f0-a33f-f73020b95b05,감자고마구,21,0
13039,8fa7cb90-6399-11f0-9e16-f1cd993522e6,파란버섯,21,0
13039,8f26d640-69f0-11f0-9416-6d61d44d7bd3,푸핫,21,0
13039,8ef324e0-6486-11f0-b749-97e97e025ce2,휘누리,21,0
13039,8ef01eb0-6375-11f0-93a2-07eee2598884,잇힝,21,0
13039,8ea3a400-6d47-11f0-a693-ff327945c3a4,락하는곰탱이,21,0
13039,8e9df770-61fe-11f0-8879-5f895f1781fe,상욱니니,21,0
13039,8e7bd810-6d44-11f0-aac3-51a291ad0acc,윌슨,21,0
13039,8e72d6a0-655d-11f0-bcb8-43d28e4aad0d,신념,21,0
13039,8dcaf560-6211-11f0-abc2-914425398299,황홍의수호자,21,0
13039,8db5c1e0-6491-11f0-829b-d50781ca76af,성혀니,21,0
13039,8daeae40-6708-11f0-aa58-fd7bfe7f8514,퍼스트,21,0
13039,8d7dce30-6d32-11f0-812a-d364660ceebf,리즈드,21,0
13039,8d75bdf0-674a-11f0-b6f9-9341b272f2ff,꿈나라,21,0
13039,8d50a450-6cdd-11f0-9b40-39de905d3348,로또미르,21,0
13039,8d3a1fc0-68a3-11f0-b8d4-35bd2533c6c0,오만,21,0
13039,8cf79700-6c5d-11f0-a63b-1f9d9733241b,유돌,21,0
13039,8cf3b750-6255-11f0-a09e-af85dec66bcf,초보님,21,0
13039,8ce81a50-6a73-11f0-b8c3-31d76e99096b,하얀유성,21,0
13039,8cb31ca0-6399-11f0-9e16-f1cd993522e6,KHJHLEN,21,0
13039,8ca76fb0-6450-11f0-9bbb-977d07f6b3d2,륵키,21,0
13039,8c9934e0-624d-11f0-a7b6-cf18c18dd85f,쥬비,21,0
13039,8c8c94b0-6450-11f0-9bbb-977d07f6b3d2,롯데우승,21,0
13039,8c73a740-6318-11f0-973d-8fd00d5d3e51,나는악징,21,0
13039,8c728b10-62f2-11f0-be58-8570b5052512,한올,21,0
13039,8c378fe0-649d-11f0-b5c8-a523170b964a,G1,21,0
13039,8c2e0e70-6236-11f0-b1ef-53e925ad2d1e,캐들,21,0
13039,8c232380-6bae-11f0-95c1-cdecde0b7fd9,Dalzing,21,0
13039,8bbf81a0-677a-11f0-ab88-a5c9739f629f,asxx,21,0
13039,8b3c2540-6945-11f0-a86f-edc238a237ca,한결,21,0
13039,8b119230-6247-11f0-86ad-5de35a576cc5,보조,21,0
13039,8b0f9290-69eb-11f0-9adb-01ec0e539aaf,LEON,21,0
13039,8ad280f0-6345-11f0-a70b-97528033efd5,에필,21,0
13039,8a6f68d0-6868-11f0-9791-b9bcb3a2d4df,아휴휴,21,0
13039,8a5df360-6328-11f0-9d30-a1884d59ed55,Hongsv,21,0
13039,8a58bef0-6246-11f0-9ca6-b18ea4730904,고래사자,21,0
13039,8a11f390-6baa-11f0-95c1-cdecde0b7fd9,이실리프,21,0
13039,89e4a280-6319-11f0-8d40-dfc9f921e722,사신희,21,0
13039,89d24470-6826-11f0-85ae-1b2e238b5ca7,광천,21,0
13039,89cc8560-63c3-11f0-aab1-5f3bbe175c3e,dddjjd,21,0
13039,8993fcf0-6d4a-11f0-8453-4d52e359456e,세렌,21,0
13039,8916c250-6947-11f0-a86f-edc238a237ca,장득팔,21,0
13039,88f43350-661f-11f0-98c0-d9f4fe5058f5,오오리,21,0
13039,8872aa70-6623-11f0-9cdc-073af5d8ace4,뽀캥,21,0
13039,88515c80-6312-11f0-b218-43a24c54b5c1,무링맹주,21,0
13039,8848ca90-63ce-11f0-99a0-f791fadc47f8,이와,21,0
13039,88329970-6a2f-11f0-996b-990644e05d04,아슬란,21,0
13039,88146d50-6440-11f0-8944-5327091948db,담율킹,21,0
13039,880da3b0-686b-11f0-86da-d79ffde00deb,블리스,21,0
13039,87a12840-6ac6-11f0-aa73-c544fd48d310,지음,21,0
13039,8785f140-6285-11f0-b831-2509b113c5f4,기후,21,0
13039,87855750-637d-11f0-969f-574f3b894b44,돼냥이,21,0
13039,8754ead0-6a07-11f0-83c1-071402a58f9d,뗀석기,21,0
13039,8735f5f0-6258-11f0-8fe2-1d0d1c7d3195,자몽잇,21,0
13039,86cb1970-6248-11f0-807b-b56290a6427d,몽이욤,21,0
13039,86979820-663f-11f0-b4ee-39fec46309cd,엘리스,21,0
13039,86761e80-6891-11f0-bef9-e1f7b6c50c4c,사피엔스,21,0
13039,8636f150-62ac-11f0-bcbb-714564b525f4,올오,21,0
13039,85d7ec60-6715-11f0-a9b2-3b41dc07e4ea,헤라클레스,21,0
13039,85d3e600-671b-11f0-924a-215eb8d4d8f2,안길,21,0
13039,85d01460-6308-11f0-af2f-6f5b4995749a,우으,21,0
13039,84b47800-6254-11f0-a36a-91faf624cd0b,llIIlIl,21,0
13039,8490d580-6277-11f0-bcbb-714564b525f4,사랑하나,21,0
13039,84679750-61e2-11f0-94d1-0d70694c9e17,그냥하자,21,0
13039,84492060-6433-11f0-93a4-af3680a69719,금비귀여워,21,0
13039,8439ea00-67a8-11f0-a23d-0315df37054e,대가주점,21,0
13039,8412abe0-63d7-11f0-a9da-8b915b889dd4,dkeiw,21,0
13039,83cb6290-681d-11f0-bb71-090a139da64b,에이원,21,0
13039,82bfcc20-62d1-11f0-b252-a1a047cc5cf1,아니요,21,0
13039,82a5a8d0-6881-11f0-8658-c155e1ae3308,샤방샤방,21,0
13039,828fe7d0-6afb-11f0-b181-a16dac847085,왕생냥,21,0
13039,821ca060-6518-11f0-b0f9-9b13bf283379,sjfhbfbf,21,0
13039,81cdddb0-6ab6-11f0-82da-c395ee7d49d8,야채청과팔고야,21,0
13039,80b6bff0-6b88-11f0-802a-a3ebdb52951a,하이퍼케인,21,0
13039,807a5960-6b6b-11f0-b2c9-29e2e53b69f1,역적나비,21,0
13039,8007ff60-6232-11f0-8510-f70fc2d13c3b,쁘둥이,21,0
13039,7fd17200-63d2-11f0-a9da-8b915b889dd4,수우빈,21,0
13039,7f72b760-63aa-11f0-a110-bf1368febfaf,방치형좋아요,21,0
13039,7f4a80c0-646c-11f0-b9a2-71a70b35ee88,CVD,21,0
13039,7f28ea90-69f4-11f0-9416-6d61d44d7bd3,ddr,21,0
13039,7f1fb330-6aee-11f0-a78d-8d7d319cdb7a,난세표류하는사람,21,0
13039,7e5c5bf0-6487-11f0-bbfe-0d14bcd852b5,킬느님,21,0
13039,7dcaf580-6544-11f0-8502-015c2c577c5f,축시,21,0
13039,7db3e3a0-639a-11f0-a4da-3d0ef443f21c,브랜드히트,21,0
13039,7d54a000-6202-11f0-a77a-69332516d48a,망동,21,0
13039,7d3e3830-620a-11f0-980a-396801ba63e1,홍쥬,21,0
13039,7d395990-64a4-11f0-8dc2-b1d7780ea280,라미아재,21,0
13039,7cfed2f0-6433-11f0-83ae-cb0d7c1d5c99,콩떡이,21,0
13039,7cbce070-6aa0-11f0-a3f5-b7808f7fb4b1,주주녁,21,0
13039,7c8fd1a0-637c-11f0-9548-ab3b8ef34a62,긔염두현,21,0
13039,7bfbe0e0-643e-11f0-a580-6783cb326665,주운영,21,0
13039,7bb08150-62d0-11f0-b252-a1a047cc5cf1,살마사,21,0
13039,7b9d5b00-64df-11f0-920f-d9bd8a2a820c,콩깽이,21,0
13039,7b6b5aa0-6544-11f0-92e0-7b3fd025c1ff,용용죽것네,21,0
13039,7b4d8c40-6a90-11f0-97df-4b76eb1e1edb,시수해,21,0
13039,7b486230-6237-11f0-a73e-efd8221a47bb,본명,21,0
13039,7b3dc750-650a-11f0-ada0-5d42ab9007c0,wstlatla,21,0
13039,7b283300-6969-11f0-94f1-9fb2015b7b7a,ROPO,21,0
13039,7b050120-66d8-11f0-bbfc-a56011b32b9c,츠도란나,21,0
13039,7a54bdf1-64a9-11f0-b557-b9d4a65b18c9,한겨울,21,0
13039,7a3e20e0-62b5-11f0-a53e-f720860fcc8a,천추,21,0
13039,79fbda30-67b7-11f0-ac79-bd0f37322c34,킴쿠마,21,0
13039,79d4c780-6404-11f0-a684-2b9cd36018bc,룐귤,21,0
13039,79d04920-6450-11f0-9bbb-977d07f6b3d2,신사현,21,0
13039,799dbf40-6965-11f0-8a8c-e705cbe6ed4d,sseler,21,0
13039,7961b5f0-6239-11f0-a73e-efd8221a47bb,르블류,21,0
13039,794df970-6a95-11f0-b350-274e47244e62,백화다율,21,0
13039,793fc870-631d-11f0-9cd1-89add7c25990,신림동친칠라,21,0
13039,792d2610-62b5-11f0-a53e-f720860fcc8a,reona,21,0
13039,790a0230-61fb-11f0-b59e-e99b32674a70,카이론,21,0
13039,78fef611-6566-11f0-b5ae-9f72a71a5588,은백,21,0
13039,78b9fb81-6950-11f0-b19e-355255fa5539,파고야,21,0
13039,788cb740-6c40-11f0-bdaa-ad27fd640cb0,shdhduw,21,0
13039,784b0e30-62db-11f0-88d7-0b9f6efad653,류효철,21,0
13039,771dd7d0-6a39-11f0-bfe3-1382be672a60,허윤석,21,0
13039,771c5150-63cf-11f0-bb86-97bdb11e4eed,규크,21,0
13039,76606bf0-627d-11f0-9eb5-cf396344702c,불곰,21,0
13039,75fbca80-63ed-11f0-a174-2f03cd9ae07c,DeathT,21,0
13039,75f2c330-6213-11f0-9813-b7579b20c221,이민규,21,0
13039,75d8f650-6d5b-11f0-afd8-0b9c857c7bba,오지덕,21,0
13039,75ae5560-62fe-11f0-a53e-f720860fcc8a,혈천마,21,0
13039,75a82e90-64e5-11f0-846f-13edae8f7606,량천,21,0
13039,75940d10-6563-11f0-94e1-9148d7950b64,카지노,21,0
13039,756ae460-69fc-11f0-83c1-071402a58f9d,역습,21,0
13039,7557c510-6bbe-11f0-9596-e7cdc2c44daa,두둠칫콩,21,0
13039,75052bd0-62f8-11f0-af00-9b7f567d02d1,너으냐언,21,0
13039,74ed9750-6739-11f0-b696-57f6be140e14,석열킹,21,0
13039,74b65b50-6473-11f0-9e27-35530581f5ae,아무르,21,0
13039,749ef450-6316-11f0-a67a-173fdcafaabc,기긱,21,0
13039,744b5eb0-6269-11f0-bcbb-714564b525f4,보라빛,21,0
13039,74277510-623f-11f0-afe3-e7db10029c82,엘핀스톤,21,0
13039,73a746e0-6d27-11f0-84eb-eba0502a50b4,휘설,21,0
13039,73495500-6c4e-11f0-9123-4f6ce6de2b0b,홍지킹왕짱,21,0
13039,730b2af0-6d48-11f0-a693-ff327945c3a4,은한,21,0
13039,72e82530-674b-11f0-924a-215eb8d4d8f2,네홍이,21,0
13039,72cea0a0-61e3-11f0-94d1-0d70694c9e17,고고릴라,21,0
13039,72c8c6e0-6499-11f0-aedf-55b71a55f5ce,아홉시십분,21,0
13039,72a96490-6966-11f0-9c6c-658573885763,yulias,21,0
13039,72840ea0-644a-11f0-b3d6-0f89e1a2d28e,규니대왕,21,0
13039,724e4c10-645f-11f0-934d-3b333a678e8e,용야,21,0
13039,71ed49b0-6446-11f0-b0d3-514122d47fb8,반듯,21,0
13039,70992e90-692c-11f0-ae8c-db603dd8bb9d,쏘카,21,0
13039,7090a880-6399-11f0-b91f-cbca55a9af76,아라다하,21,0
13039,701852a0-64f6-11f0-89c4-91955faa19a3,푸스슈슛,21,0
13039,6fa79de0-63e2-11f0-89b8-61a649941dd1,심청,21,0
13039,6f2b64b0-6300-11f0-af00-9b7f567d02d1,난세크로우,21,0
13039,6f16a3c0-6d3e-11f0-8453-4d52e359456e,뿌나,21,0
13039,6ed80550-6b97-11f0-82e9-55312c36aca4,갱님,21,0
13039,6ec9b0a0-61d7-11f0-8759-dfc715f03d25,도파,21,0
13039,6e389120-6c80-11f0-a8de-d7173687f0b3,광속행,21,0
13039,6dc31680-63ce-11f0-aab1-5f3bbe175c3e,검투사,21,0
13039,6d861260-651f-11f0-ab3b-9d4ed9be40b9,바이든,21,0
13039,6d54c430-6556-11f0-9028-6d8f473a814e,신조협,21,0
13039,6d45e290-6aa5-11f0-b5fe-d548ca505489,천화c,21,0
13039,6d44dad0-6447-11f0-84a8-a17d6cb326f9,꼬렛님,21,0
13039,6d267a10-65cb-11f0-98f9-213ec7a6a3a5,윤오주,21,0
13039,6cfe3a40-6bad-11f0-a01f-e538764cd6d1,랜더로파,21,0
13039,6cd01230-69e8-11f0-9ccf-efc03aeeda2b,무한칼,21,0
13039,6cc71fa0-62e4-11f0-a9e2-bd6cd50a5a78,짱조,21,0
13039,6c958540-63c9-11f0-a9da-8b915b889dd4,삼봉이,21,0
13039,6c67a9f0-6436-11f0-9143-05b731683243,루아흐,21,0
13039,6c20c980-6581-11f0-9f25-1147ddd387e8,사흉수,21,0
13039,6c03d3c0-6d65-11f0-880d-6999658a2ef1,닭강정만,21,0
13039,6bcb0b80-63d8-11f0-b0c8-0be5c747fc57,신기록,21,0
13039,6b98f010-63b9-11f0-a06c-a18ad4eb2f25,스티나,21,0
13039,6b86d0c0-643f-11f0-832b-c7e877b24350,레오닌,21,0
13039,6b224980-64b6-11f0-8340-854878e1c5cf,검든꽃,21,0
13039,6b0b1f10-63a5-11f0-b630-4f8dc5617c79,LEESIYUN,21,0
13039,6adc5ea0-6a8f-11f0-b350-274e47244e62,ekejdjdi,21,0
13039,6a98c540-6ba8-11f0-a51b-7569b844c4d8,하울링울프,21,0
13039,6a336900-642f-11f0-b895-d750b0653929,재윤07,21,0
13039,6a27f210-6505-11f0-ada0-5d42ab9007c0,이대표,21,0
13039,69c0ffd0-67ab-11f0-bb8b-c18523618370,악앗,21,0
13039,69581690-6c66-11f0-99b9-6368c5be50e5,임지워니,21,0
13039,691cc2d0-6a17-11f0-9adb-01ec0e539aaf,were,21,0
13039,688a3850-649c-11f0-a470-3b5290ad38d8,헤헤헤헤헿,21,0
13039,686b83c0-64ff-11f0-846f-13edae8f7606,Forku,21,0
13039,67f6a1e0-6c52-11f0-a73a-89eac715ce01,멈칫,21,0
13039,67f22870-6367-11f0-97d7-efff12aed0ab,콜라도둑,21,0
13039,6795d300-63e8-11f0-ad08-e5b877b85855,비랑,21,0
13039,67787c00-6943-11f0-9052-8d763cf66f7f,감자튀김꿀맛,21,0
13039,6774bc30-6b98-11f0-9a9d-79b1baefecc7,망곰티비,21,0
13039,674cee80-63b9-11f0-8d07-390a61232108,묘비,21,0
13039,67344670-6727-11f0-b696-57f6be140e14,북극곰할배,21,0
13039,66f7bd70-6b6b-11f0-b65c-c1a8117d14fc,다백,21,0
13039,66afcbc0-6588-11f0-94e1-9148d7950b64,고단,21,0
13039,667167d0-6778-11f0-958a-a1ef21446339,ksjdn,21,0
13039,66665150-6896-11f0-b8d4-35bd2533c6c0,국방부,21,0
13039,665850a0-69e0-11f0-81d8-d75e58d916af,감찬,21,0
13039,65ec1bd0-6b55-11f0-97d6-9d9ba89f59bd,금항여,21,0
13039,65bbfe20-6220-11f0-9ed2-2327c5a1ff14,쭈미니,21,0
13039,658eb340-65a7-11f0-b5ae-9f72a71a5588,라경,21,0
13039,657b1f50-6567-11f0-95fc-7353977bac62,IspikeI,21,0
13039,65732750-652b-11f0-85dd-2db918fca576,한판딱,21,0
13039,6512d060-6492-11f0-8e6e-45b04a534d66,초보녀,21,0
13039,64578ec0-6426-11f0-89c3-81bc4ed5aa4e,달님2,21,0
13039,644b1990-6450-11f0-9a7f-07d3d9b1e362,김칫국,21,0
13039,641bf2b0-63e1-11f0-89b8-61a649941dd1,병찬,21,0
13039,6412d0d0-6527-11f0-b600-494f6532820c,예하령,21,0
13039,63b1f1a0-6b05-11f0-8a36-cbdc4f6e0ab3,한알못,21,0
13039,63b03a30-6d45-11f0-aac3-51a291ad0acc,달기와보리,21,0
13039,63a32890-6d4a-11f0-87e0-c7b4fc691f0d,강아치아노,21,0
13039,63159d60-652d-11f0-a768-59219107ad21,김태풍,21,0
13039,62f0dc50-69d8-11f0-83c1-071402a58f9d,왕차,21,0
13039,622851f0-6d56-11f0-afd8-0b9c857c7bba,패협,21,0
13039,61eb1110-6472-11f0-a8d6-9514efa5ade9,환이랑,21,0
13039,61e0f290-64ac-11f0-b5c8-a523170b964a,조팬치,21,0
13039,61362b40-64ba-11f0-a8b2-13458b8aee05,llliiii,21,0
13039,61323cb0-6604-11f0-a954-17a0435dde3a,백록단,21,0
13039,604dc580-61e5-11f0-a370-c1a41ecf1ccb,사람이당,21,0
13039,5fa4e390-6ab2-11f0-aa73-c544fd48d310,허둥지둥,21,0
13039,5f58aec0-6464-11f0-8670-973d055b2505,MuBd,21,0
13039,5ed49f50-64e0-11f0-920f-d9bd8a2a820c,싱하니,21,0
13039,5dbf5b80-6a82-11f0-9b9a-dfc16842ed10,적월랑,21,0
13039,5da91280-642e-11f0-93a4-af3680a69719,노래,21,0
13039,5d9cb820-6cce-11f0-a3aa-53b108aed5e1,Hajun,21,0
13039,5d931700-6311-11f0-a53e-f720860fcc8a,랑쥐,21,0
13039,5cf1fe60-62f8-11f0-b7c2-5907d7ac5d60,천실,21,0
13039,5cc28180-63ca-11f0-8a6c-c348a09bcc5f,Dodal,21,0
13039,5ca3cac0-6900-11f0-ba60-039ed42b2da7,르맹,21,0
13039,5c93ebf0-6310-11f0-abe8-09c261bd0e21,라리라라,21,0
13039,5c794420-6375-11f0-baf1-611897b49fac,쀼엥,21,0
13039,5bcf7f00-6256-11f0-9b19-83f0f39a46d2,결명자,21,0
13039,5bc7dec0-63d3-11f0-aab1-5f3bbe175c3e,장바지,21,0
13039,5bbc8fe0-670f-11f0-8182-49ddc3c9ae02,딱고,21,0
13039,5bb85bb0-61e1-11f0-94d1-0d70694c9e17,빈구르릉,21,0
13039,5bae4fd0-6d35-11f0-b976-671badd129d8,라이온즈,21,0
13039,5bab3a60-6d68-11f0-94a7-b71940f73ad8,도토,21,0
13039,5b81fb90-6ab7-11f0-9a7f-e32704d17198,의사양반내가,21,0
13039,5b7ea680-6430-11f0-9a44-37c9035ed3bc,하와이안피스톨,21,0
13039,5b591350-64c3-11f0-9b43-7f9294ac5806,중하,21,0
13039,5b22c860-6584-11f0-ba14-cdf939a99199,장죠,21,0
13039,5b040e90-692e-11f0-ae8c-db603dd8bb9d,JINX,21,0
13039,5ac5bc60-63a4-11f0-bf20-b3f2ea84f71a,삑뺙,21,0
13039,5abd6df0-6523-11f0-92d2-6f0fe5d29eef,어유여,21,0
13039,5a5493c0-6393-11f0-a4da-3d0ef443f21c,짜잉나이,21,0
13039,59e6af20-6917-11f0-9489-df1a9dcf8e7b,고돌13,21,0
13039,59e1c950-6bd9-11f0-bbec-d73ff901d46b,sarada,21,0
13039,59c26f80-654c-11f0-aa52-59454e490ec8,의외성,21,0
13039,59990a00-62e5-11f0-a53e-f720860fcc8a,산타1세,21,0
13039,598d9b30-6b9f-11f0-8f15-1b10dbe9691c,이시현,21,0
13039,595cdfc0-6895-11f0-b93a-9f2c5c09af4b,진사,21,0
13039,5947ce50-6b4c-11f0-ae73-05bfb7681d37,에일,21,0
13039,59183280-6a3e-11f0-8010-915371c938f2,미리나낭,21,0
13039,58b60600-64f3-11f0-89c4-91955faa19a3,뇌빈남,21,0
13039,58a8b640-6448-11f0-ba26-c559d1541584,Temper,21,0
13039,58502d20-6a76-11f0-b350-274e47244e62,OwO,21,0
13039,5815a2a0-63c7-11f0-99a0-f791fadc47f8,돈까스대마왕,21,0
13039,57badcb0-62fc-11f0-83c3-59e47761ce71,교니뿡,21,0
13039,57a81450-66a7-11f0-9e29-bb739ed9109b,디비네,21,0
13039,579bf9d0-66bc-11f0-9bc9-df214cb08d36,신흘,21,0
13039,579adc20-62fd-11f0-ba81-0189884c815e,난세s,21,0
13039,574e8640-63c0-11f0-ab4c-1749d25baca6,붉은울음,21,0
13039,573f0e30-6b19-11f0-89ae-bb6b4e8b47bd,행수어른,21,0
13039,572a8500-69ca-11f0-a669-cf0eea211da7,24시간방치유저,21,0
13039,570b6200-6cf0-11f0-9556-4b4748d6ac26,하린다,21,0
13039,56de0480-6a3f-11f0-a1c0-f953ad2a988a,Maeng9,21,0
13039,56d0e960-6492-11f0-bbfe-0d14bcd852b5,양정우,21,0
13039,56778910-62c1-11f0-bf6e-91ab11ffb732,요린,21,0
13039,56303960-648e-11f0-9e35-2ddcd0d9c828,거친,21,0
13039,55df7160-6209-11f0-8954-d1ddcca9d272,감자투기꾼,21,0
13039,555d78e0-6245-11f0-9c23-457fcdeb3714,광유향,21,0
13039,54dedf80-62f4-11f0-b784-85996253cafd,이금강,21,0
13039,54ccb850-624a-11f0-8731-517e16b3676b,개멋있어,21,0
13039,547aa160-6af5-11f0-92e1-394a8ca307ec,Cidxy,21,0
13039,5405ecc0-65f6-11f0-9b05-13e70242b365,청주월급루팡,21,0
13039,53f0ed80-632a-11f0-bd91-910ab5255abf,xmcnv,21,0
13039,53bd7a30-68f8-11f0-82a4-059d2fef0171,다이닛,21,0
13039,53a40640-69de-11f0-9416-6d61d44d7bd3,빠대,21,0
13039,538e8950-68a8-11f0-bd47-cf3af6acce80,부탁하는무지,21,0
13039,538ba820-638f-11f0-9730-63c2972c2599,ABYSS,21,0
13039,5354f590-6912-11f0-9163-9b37cd4f63ff,Lmmii,21,0
13039,5332c270-6ad1-11f0-887f-c18cdf79257d,요로콤,21,0
13039,530f8ed0-6a28-11f0-9602-81ee37d26bd9,구와왕,21,0
13039,52f972e0-6392-11f0-9b51-d36a85c863a7,ixia,21,0
13039,52bd5730-6917-11f0-a72d-f3190f62faf5,관후,21,0
13039,526d05d0-687e-11f0-a8b1-91e4ae461372,나랑너랑,21,0
13039,5211a700-67dc-11f0-9fdd-c1c8d6473861,악동미미,21,0
13039,51bcccf0-647e-11f0-9c48-11e41ca3b3cb,다이긴죠,21,0
13039,51b58210-650f-11f0-8799-a56030339d38,봉탁,21,0
13039,51af6990-6288-11f0-bcbb-714564b525f4,벌드,21,0
13039,51a307f0-6250-11f0-a7b6-cf18c18dd85f,바라하,21,0
13039,51385990-63a0-11f0-8ad1-495afdf38cf0,석군,21,0
13039,50c1abd0-6254-11f0-9eb5-cf396344702c,월향o,21,0
13039,505a39b0-6410-11f0-a3ab-515b7dbdbb4f,jroll,21,0
13039,5009e730-69ec-11f0-87cd-13cc90e29527,쇠거기,21,0
13039,4ffb05e0-68f6-11f0-9ea8-7f24d442c159,애지니,21,0
13039,4f9e8970-63d1-11f0-b33e-f1ed11ff4ba9,실버나이츠,21,0
13039,4f9d7fd0-6d18-11f0-84eb-eba0502a50b4,쓰으버얼,21,0
13039,4f932710-66ab-11f0-bead-d54787f6b724,라일리언,21,0
13039,4f8dc940-6260-11f0-ba61-57b32c8fdcaa,강희재,21,0
13039,4f21d470-65f7-11f0-b713-4926dfac7d29,하커,21,0
13039,4eef6c70-63cb-11f0-bb86-97bdb11e4eed,미스트,21,0
13039,4ebf8c10-62c9-11f0-b252-a1a047cc5cf1,쇽쇽,21,0
13039,4e6a2410-6250-11f0-9389-bdd3075e1ab8,다노,21,0
13039,4e67b940-6233-11f0-b669-bf2d1b52708a,Hyodor,21,0
13039,4d8471e0-6467-11f0-82c1-d1354574f8a3,빽상,21,0
13039,4d646590-644d-11f0-b750-051f455e1aaf,까칠한블랙탄,21,0
13039,4d341010-6287-11f0-b63f-7755b72aa50f,별꽃,21,0
13039,4cee4920-62b6-11f0-bf6e-91ab11ffb732,실바람,21,0
13039,4cc37b90-6ba9-11f0-8552-915e68369ab0,계백56,21,0
13039,4c9d1650-6760-11f0-8852-f7df1a25931d,류표세난,21,0
13039,4c912790-63bf-11f0-a06c-a18ad4eb2f25,샌즈돈구멍,21,0
13039,4bba5970-6268-11f0-ba61-57b32c8fdcaa,rh204,21,0
13039,4b85f480-66b1-11f0-8fa6-c7618f0055f6,순살치킨,21,0
13039,4b7f97a0-645b-11f0-8670-973d055b2505,용효나,21,0
13039,4b4c8d00-697a-11f0-8a8c-e705cbe6ed4d,메롱햇살,21,0
13039,4b26dda0-68ab-11f0-9ea1-858ee28c4119,혜월,21,0
13039,4b177f50-6aa3-11f0-8efb-a174ec120c9e,화령신군,21,0
13039,4b11b230-62bc-11f0-b78d-9fbbdf7f23fb,채야,21,0
13039,4afce310-6afe-11f0-81c6-631f4db3b04d,강코,21,0
13039,4acf1de0-619e-11f0-bf3e-f9dd8cb86994,노아33,21,0
13039,4a766ef0-6240-11f0-9b9e-13c7a7dd6c88,아리랑돼지,21,0
13039,4a608ae0-66ff-11f0-a25c-47a5a693b30a,김참치,21,0
13039,49d173f0-6a65-11f0-b4af-bd0ab1be2018,Shiomiya,21,0
13039,49ac68e0-687a-11f0-bd58-2f67e4fbdbbe,마냥,21,0
13039,49660bb0-6385-11f0-8524-f3516e31896c,왕의후애,21,0
13039,48c7aa40-67e2-11f0-b0f3-9dcf988e264c,화성간도지,21,0
13039,48aa4e30-66e5-11f0-b905-616e286946a4,래거느,21,0
13039,4877a530-6784-11f0-ab88-a5c9739f629f,가온2,21,0
13039,48617a90-6512-11f0-a092-cfb4e8946e57,느그음마,21,0
13039,4858f020-6443-11f0-8944-5327091948db,소군,21,0
13039,48202ea0-6c1f-11f0-a98c-ab8c12a4e4f7,이태백,21,0
13039,47e906c0-66f5-11f0-b905-616e286946a4,김고만,21,0
13039,479481a0-6325-11f0-86ae-09614a5b454b,이빵원,21,0
13039,477153c0-654a-11f0-b7ea-8d352be80564,멜로디,21,0
13039,474455b0-6a3f-11f0-b7a5-333dfc345c53,유비영,21,0
13039,471d0970-63ae-11f0-b48e-a759f0677f8e,마무님,21,0
13039,47146800-63dc-11f0-8ce7-05e1fc9cefd2,귀류,21,0
13039,46d3d120-625e-11f0-9eb5-cf396344702c,고규몽,21,0
13039,469f7040-6828-11f0-bb71-090a139da64b,엠바오,21,0
13039,46816ad0-6942-11f0-8de9-07aeffed770b,짬봉군단,21,0
13039,462afd40-64eb-11f0-998d-6361b2224259,lotte,21,0
13039,46044010-63a6-11f0-bf20-b3f2ea84f71a,냥이마인,21,0
13039,45b34860-643f-11f0-95eb-5dc11fa524e5,노빠꾸,21,0
13039,45880b80-64b4-11f0-a07e-5fb875f280ac,휴산,21,0
13039,45774aa0-645c-11f0-934d-3b333a678e8e,뿡뿡카,21,0
13039,453c0c00-6480-11f0-8bb8-9d3a036b97f2,장회장,21,0
13039,44d5d020-6480-11f0-9aef-fb59513d0627,제비맘,21,0
13039,44acfc30-6d64-11f0-a134-ed1c55ac9ee4,쪼랭이,21,0
13039,44a694d0-67d8-11f0-94ab-5f89cfc3201f,찔러,21,0
13039,449d1dc0-654d-11f0-b320-31d7d8d05ec0,하하하하하,21,0
13039,44462ff0-64a4-11f0-ac20-8734dac19833,를를,21,0
13039,4418cc70-64a6-11f0-829b-d50781ca76af,부먹,21,0
13039,43efcac0-6521-11f0-92d2-6f0fe5d29eef,이민지,21,0
13039,43d53480-6c8d-11f0-b2f2-291ede91ab52,맥도날드,21,0
13039,43b2cbf0-6267-11f0-b63f-7755b72aa50f,lillii,21,0
13039,43576f30-635c-11f0-97d7-efff12aed0ab,최윤서,21,0
13039,431d6cc0-6246-11f0-86ad-5de35a576cc5,atlantic,21,0
13039,431cbd60-6bf2-11f0-b3a4-bdd7aa4d5379,토체리치,21,0
13039,430c4f30-6219-11f0-9813-b7579b20c221,rheodals,21,0
13039,42f1a9a0-66ab-11f0-b13b-29d1f77f9110,리젠,21,0
13039,42d35b80-6985-11f0-bd0c-c3e4cbda7988,와우디아블로,21,0
13039,428ad950-689f-11f0-9405-317c4b3ac51e,이방지6촌당숙,21,0
13039,42821b90-6411-11f0-89c3-81bc4ed5aa4e,비텐,21,0
13039,427843f0-6a19-11f0-9adb-01ec0e539aaf,불휘,21,0
13039,42591f90-633c-11f0-a70b-97528033efd5,Hosick,21,0
13039,4254ca80-67b5-11f0-a5ca-8d77d40408a1,레녹,21,0
13039,4252add0-62b6-11f0-839f-d97137a128f6,PATO,21,0
13039,4225aca0-6201-11f0-95cc-ad38c6ec1feb,루미,21,0
13039,416f3780-63ba-11f0-8465-f716200b7246,긴배,21,0
13039,40f96550-6338-11f0-a70b-97528033efd5,JUNYONG,21,0
13039,40b49110-641d-11f0-a684-2b9cd36018bc,jinseok,21,0
13039,404f1290-639b-11f0-929e-756b01201a20,후하후,21,0
13039,401f0070-6b73-11f0-bc80-2beedfabf74d,페린,21,0
13039,3fbf1830-6778-11f0-a4ec-690d7582a6d9,잔다르크,21,0
13039,3f48e8b0-6505-11f0-998d-6361b2224259,도철,21,0
13039,3f2dec60-6a44-11f0-b7a5-333dfc345c53,호노니,21,0
13039,3ec9b300-68e9-11f0-acc6-9fa957ae20ea,루카님,21,0
13039,3dec68e0-6a8a-11f0-97df-4b76eb1e1edb,매리너,21,0
13039,3dc84c50-695c-11f0-9c6c-658573885763,방련이,21,0
13039,3d951130-6805-11f0-966a-9ddfc9fc7a33,왕가,21,0
13039,3d877e60-688e-11f0-8a2e-739305bc1e9c,알콜사신,21,0
13039,3d44ca20-632a-11f0-8900-17942e280829,권지인,21,0
13039,3d210240-6bed-11f0-8749-fb5c8b4148d4,dif,21,0
13039,3c91b770-63d2-11f0-b0c8-0be5c747fc57,구정강,21,0
13039,3c49c460-6292-11f0-b63f-7755b72aa50f,아율아빠,21,0
13039,3be2ea70-653e-11f0-b203-85c99a94680a,츄르팡,21,0
13039,3b6a0ab0-63ae-11f0-a602-4364c3f5e6fb,곡주,21,0
13039,3adf7350-6bc4-11f0-b64e-f77a959fa4f1,포마우찬,21,0
13039,3ab45f20-66f7-11f0-bdbb-d95b44f3ef66,소확행,21,0
13039,3aa4e4a0-678d-11f0-96a3-63b92fc00f1c,미도시,21,0
13039,3a81a550-6394-11f0-9e16-f1cd993522e6,힐링곰,21,0
13039,3a615a10-62fa-11f0-a023-03de6947eb94,틱틱톡,21,0
13039,3a600320-624d-11f0-807b-b56290a6427d,빵슈,21,0
13039,3a1dd0b0-6ab6-11f0-9a7f-e32704d17198,콩서리,21,0
13039,39944040-6ab4-11f0-b350-274e47244e62,시간을,21,0
13039,38ff57b0-652c-11f0-a768-59219107ad21,허브로,21,0
13039,3868a2d0-63b4-11f0-8d07-390a61232108,히히호헛,21,0
13039,37bd4010-6d56-11f0-84bd-8d876c8d183a,azpi,21,0
13039,378fe360-6322-11f0-992a-c9cb41ab0120,하크민,21,0
13039,377fe610-649c-11f0-90f2-efb4d5ac17d9,하양솜,21,0
13039,3779c020-6a71-11f0-b7a5-333dfc345c53,지석지워니,21,0
13039,375741d0-630f-11f0-8d40-dfc9f921e722,싸게,21,0
13039,3701c4b0-69e7-11f0-9ccf-efc03aeeda2b,길선미,21,0
13039,36cdef90-6a4c-11f0-8acc-fb286914151f,오복이2,21,0
13039,36bb2c70-65ce-11f0-b5ae-9f72a71a5588,도시락폭탄,21,0
13039,36a108c0-63e1-11f0-80fd-8dc2ba771ecd,천재적두뇌,21,0
13039,3672e240-69d3-11f0-a97a-17464924d39f,트랙터,21,0
13039,366da710-63bd-11f0-81bb-338967720ddd,초이스,21,0
13039,3603d0b0-67fa-11f0-bb71-090a139da64b,ENDI,21,0
13039,36039a10-6d12-11f0-a693-ff327945c3a4,낭홍,21,0
13039,35b1d7b0-665b-11f0-8a1d-5dcee97d710d,Glass,21,0
13039,3576d220-6a9b-11f0-a9cf-f3f33c48bf68,뽀오리,21,0
13039,354a7e70-63aa-11f0-bf20-b3f2ea84f71a,우러리,21,0
13039,350e7f20-65d4-11f0-88d3-6b11b515d6cf,수백설,21,0
13039,34de7330-63cb-11f0-8f11-17371de17e69,Joez,21,0
13039,34c6b6b0-69c4-11f0-a669-cf0eea211da7,수연은,21,0
13039,3493d220-62b9-11f0-839f-d97137a128f6,단양갱,21,0
13039,345605e0-6948-11f0-9052-8d763cf66f7f,공주소영,21,0
13039,33c94a30-681f-11f0-a89c-59b4d27efb99,직왕,21,0
13039,3365fa70-63bf-11f0-a1fc-ebe02623a2f1,행싶,21,0
13039,333814d0-65fd-11f0-9062-7f2656b29c8c,천극,21,0
13039,33248530-669f-11f0-9039-6b48319214b7,백율,21,0
13039,33191930-6ca2-11f0-9b40-39de905d3348,도도비니,21,0
13039,32b782b0-6aa9-11f0-aa73-c544fd48d310,계룡산사스미,21,0
13039,32afc640-6371-11f0-baf1-611897b49fac,도넛안소세지3,21,0
13039,32ac5900-6520-11f0-b0f9-9b13bf283379,황인호,21,0
13039,327d2ae0-632c-11f0-ba6d-31d76c70e10b,라데,21,0
13039,327257f0-66ba-11f0-8dc5-93f9fb1e4ad3,머르댕,21,0
13039,31d6d540-66fc-11f0-b905-616e286946a4,양면스쿠나,21,0
13039,31cf9370-63f5-11f0-9920-7b30884ce968,캐리,21,0
13039,31850200-66cb-11f0-bec5-bbe08fa86bc3,Crescent,21,0
13039,317b9800-655e-11f0-9d97-192c64bf62e6,동그란동동이,21,0
13039,3179d4e0-6ba1-11f0-aa90-2545c11fe272,상우손,21,0
13039,3151c890-6450-11f0-bfa2-af41fddaac3d,jesj,21,0
13039,314ea650-6537-11f0-a15d-6fd1b18d9c14,웅챠,21,0
13039,3134be60-63c6-11f0-99a0-f791fadc47f8,dlsktha,21,0
13039,3133f900-64a0-11f0-ac20-8734dac19833,론로럽,21,0
13039,312b8180-6635-11f0-9293-2f108164e9cc,개구리방댕이,21,0
13039,30e4d2a0-6ab6-11f0-aabe-19fce0d146b1,쓰엉욱,21,0
13039,3038aa70-6750-11f0-b696-57f6be140e14,호호대디,21,0
13039,302f0bd0-6603-11f0-9582-8f4f9f5b46ce,다지모찌,21,0
13039,302beac0-6222-11f0-9ed2-2327c5a1ff14,모글리,21,0
13039,301f1b30-6d33-11f0-b976-671badd129d8,킹직,21,0
13039,30096420-663f-11f0-a51f-e57d0e757549,구니스,21,0
13039,2fe13bc0-6aaa-11f0-97f1-7fc07927d956,뭐같네,21,0
13039,2fdd7070-6281-11f0-bcbb-714564b525f4,연희,21,0
13039,2fcfaf40-6249-11f0-9c23-457fcdeb3714,갓절,21,0
13039,2f7e2500-63d7-11f0-b0c8-0be5c747fc57,daro,21,0
13039,2f09ada0-6cb1-11f0-a3aa-53b108aed5e1,히라신스,21,0
13039,2e6d6250-6c1c-11f0-948b-913c7c2d582b,우승우승,21,0
13039,2dd85c90-6a1f-11f0-81d8-d75e58d916af,테무칸,21,0
13039,2dc69740-6456-11f0-8944-5327091948db,킴뮤,21,0
13039,2dab9430-6461-11f0-a72c-e970bf999ff4,한국화약,21,0
13039,2d9bec90-686e-11f0-9a92-175f0d2b5caf,거추,21,0
13039,2d929590-63bf-11f0-aab1-5f3bbe175c3e,평안,21,0
13039,2d688e50-6a20-11f0-9adb-01ec0e539aaf,혀니욤,21,0
13039,2cee2840-672d-11f0-b6f9-9341b272f2ff,달려라욱이,21,0
13039,2ce415a0-6d4d-11f0-b976-671badd129d8,루니악,21,0
13039,2ccb4cb0-66da-11f0-876f-a7ffbc7fb785,영미니당,21,0
13039,2cc66af0-63ca-11f0-8a6c-c348a09bcc5f,조리퐁,21,0
13039,2c9a5740-63dd-11f0-b0c8-0be5c747fc57,깡쑹,21,0
13039,2c203bc0-630d-11f0-abe8-09c261bd0e21,곰의난도질,21,0
13039,2be24310-6236-11f0-b669-bf2d1b52708a,표류김씨기,21,0
13039,2bd63db0-64be-11f0-bb12-d3f216ffe996,연안이공,21,0
13039,2bbfa4f0-661d-11f0-91c1-49cca2685584,쭈구리,21,0
13039,2bb27c30-68a7-11f0-9e37-0f658bb23b20,제일검척준경,21,0
13039,2b637d20-693c-11f0-9052-8d763cf66f7f,올리비아,21,0
13039,2b410ed0-6d5f-11f0-894f-79db4dadfc46,이유현,21,0
13039,2b0abee0-6222-11f0-bbfd-8564365ef7ff,은재콩,21,0
13039,2adcdca0-66fa-11f0-abbe-1b148ce1c918,훌라,21,0
13039,2a997170-68af-11f0-b6e5-1f4abc2a195f,해소,21,0
13039,2a92df60-6d5d-11f0-a693-ff327945c3a4,아리사딘,21,0
13039,2a830421-62d9-11f0-9cbc-05ebba638e55,탠피,21,0
13039,2a092f60-620c-11f0-b6b8-890977889e3d,bor,21,0
13039,29da7de0-6433-11f0-83ae-cb0d7c1d5c99,음속,21,0
13039,29c9df80-6398-11f0-b91f-cbca55a9af76,쿠아아,21,0
13039,29b0d660-6231-11f0-bbfd-8564365ef7ff,예예,21,0
13039,2927cdb0-6b9c-11f0-aa90-2545c11fe272,쌀먹,21,0
13039,29058290-622e-11f0-93bd-4f6c20959660,인칭,21,0
13039,28f899a0-61d3-11f0-a843-192a32cb4f78,유아즈,21,0
13039,28e6d690-6c6c-11f0-b06f-1bb3858adc4b,어리루,21,0
13039,286f74f0-651f-11f0-b0f9-9b13bf283379,뉴룡,21,0
13039,2850f750-68cb-11f0-b6e5-1f4abc2a195f,cndxkq,21,0
13039,284fee30-622e-11f0-b912-9b874d01aab6,석원,21,0
13039,2837de50-641b-11f0-83ae-cb0d7c1d5c99,레이닝,21,0
13039,28281770-62c9-11f0-b78d-9fbbdf7f23fb,자색감자,21,0
13039,2821b100-67ba-11f0-ac79-bd0f37322c34,아리아나그란데,21,0
13039,274848c0-625b-11f0-884d-c1912a1e8b78,갓을순,21,0
13039,2722e600-6c99-11f0-8e36-7ff47c038c45,예상기,21,0
13039,270b1790-63ee-11f0-b217-87e3ac2bb17a,짱우,21,0
13039,26bd6220-6240-11f0-afe3-e7db10029c82,옴팡이,21,0
13039,2662b370-6c0e-11f0-aa6f-13c95d30e456,BondX,21,0
13039,260e9af0-6345-11f0-9eba-319c3c5b72eb,투루아,21,0
13039,25c67080-6b6b-11f0-b65c-c1a8117d14fc,리리핑,21,0
13039,258e20b0-6600-11f0-8cbe-319b644384b7,동참,21,0
13039,255edcd0-66d0-11f0-a818-154c93ec6594,타락한개굴,21,0
13039,2555b2e0-6ba3-11f0-8f80-79c9c37e8ee5,도몽,21,0
13039,24cca691-66de-11f0-abbe-1b148ce1c918,아세톤불기둥,21,0
13039,24bd17f0-69d8-11f0-8369-f9ac348dc159,웁쓰,21,0
13039,244d3380-6353-11f0-a70b-97528033efd5,레오a,21,0
13039,241f7c90-64ef-11f0-ad80-bf5616b7c1de,개리,21,0
13039,24037ee0-6649-11f0-8a1d-5dcee97d710d,막어어어어,21,0
13039,23c571c0-6457-11f0-8944-5327091948db,참장이,21,0
13039,23633a60-62df-11f0-a9e2-bd6cd50a5a78,홍련이,21,0
13039,234b6850-6bc1-11f0-9596-e7cdc2c44daa,치즈김밥,21,0
13039,23445640-6267-11f0-9eb5-cf396344702c,뉴뉴,21,0
13039,2321d0a0-6408-11f0-89c3-81bc4ed5aa4e,로일,21,0
13039,22e387d0-6a9a-11f0-a9cf-f3f33c48bf68,탄이네,21,0
13039,22a65330-67e6-11f0-a5ea-a9c52b751084,YunYT,21,0
13039,228e3430-64ad-11f0-b557-b9d4a65b18c9,테츠,21,0
13039,228c93a0-6778-11f0-ab88-a5c9739f629f,나의12345,21,0
13039,22841c50-6932-11f0-bd01-4f9a91cb3d54,0김유신0,21,0
13039,226826a0-6552-11f0-aed2-e9684f688284,낭만닥터곽두팔,21,0
13039,22619200-6254-11f0-aa52-cb1cb28881c2,이하마,21,0
13039,21f84a00-6814-11f0-bb71-090a139da64b,김상어,21,0
13039,21d4e0c0-62b4-11f0-a53e-f720860fcc8a,라카유,21,0
13039,21a70850-66f9-11f0-abbe-1b148ce1c918,아현킹덤,21,0
13039,21a545c0-63e7-11f0-8ce7-05e1fc9cefd2,온도,21,0
13039,21168570-6a99-11f0-97df-4b76eb1e1edb,skzjxj,21,0
13039,210c5720-61e4-11f0-94d1-0d70694c9e17,김포시쵸리,21,0
13039,20a67e10-64d1-11f0-8ef3-8dde64b39158,쿠쿠다스,21,0
13039,20700bd0-68a2-11f0-9d16-9511dee127a6,rima,21,0
13039,2017bc50-64b5-11f0-af36-21384f9584e5,아우루,21,0
13039,1fd85780-63f3-11f0-b23e-bd6209ed4614,열매냥,21,0
13039,1fb9fcd0-6953-11f0-9f3a-d936e3ed6e3a,탄피가,21,0
13039,1fb13850-6955-11f0-a1f0-37d091d614b1,랩소디,21,0
13039,1fac2a40-64aa-11f0-ac20-8734dac19833,zovl,21,0
13039,1fa275a0-66c0-11f0-bc5b-67d0e2b385f2,나세나세,21,0
13039,1f8d43d0-6a8d-11f0-ab22-9b7f810af5a1,까투리,21,0
13039,1f82c9f0-6713-11f0-b696-57f6be140e14,새벽녘,21,0
13039,1ee9bb30-6316-11f0-b4ac-230641ea7477,6gge4,21,0
13039,1ed41ef0-6709-11f0-bf3a-3baa684433d6,갱스,21,0
13039,1ed00060-6310-11f0-b218-43a24c54b5c1,티라노,21,0
13039,1ec5a880-6573-11f0-9ac1-9bcc3e49ed10,유니파파,21,0
13039,1ec1e7b0-62f1-11f0-be58-8570b5052512,악당연이,21,0
13039,1e2b8b70-623e-11f0-8ed7-4f4ea466921e,리야,21,0
13039,1e281660-66db-11f0-94fd-bd0b371894b0,물주먹밥,21,0
13039,1ddd50d0-6622-11f0-98c0-d9f4fe5058f5,웨트,21,0
13039,1d39e610-63cb-11f0-8f11-17371de17e69,비봉,21,0
13039,1cec9b10-6468-11f0-82c1-d1354574f8a3,이이잉,21,0
13039,1ca2f950-6333-11f0-ba6d-31d76c70e10b,무경이,21,0
13039,1c7c3ea0-630b-11f0-b974-4ba43f735b03,가즈라임,21,0
13039,1c024ff0-6298-11f0-bb52-81a4b8daea44,투보,21,0
13039,1bb9cfd0-6a9c-11f0-8032-c32c225a07c5,요로롱,21,0
13039,1b78a4b0-63e4-11f0-8ce7-05e1fc9cefd2,화니탱,21,0
13039,1b6636c1-6819-11f0-a89c-59b4d27efb99,월량빛,21,0
13039,1b5e5ad0-6374-11f0-a70b-97528033efd5,쌍용,21,0
13039,1b5654c0-6496-11f0-829b-d50781ca76af,왕관고양이,21,0
13039,1b396720-6a9a-11f0-a9cf-f3f33c48bf68,뭣이중헌디,21,0
13039,1b0aaa50-64d9-11f0-89c4-91955faa19a3,브리즈,21,0
13039,1b07d890-6d47-11f0-a693-ff327945c3a4,무과금뉴비,21,0
13039,1ac31220-6afc-11f0-b991-8933bc0a57e4,복신,21,0
13039,1aa67270-6235-11f0-b39b-83baee39a81f,모던,21,0
13039,1a1ee170-669f-11f0-9039-6b48319214b7,노르망디,21,0
13039,1977b3f0-6adc-11f0-b538-6192b34d2599,대붕,21,0
13039,18c53500-6356-11f0-a70b-97528033efd5,삼위일체,21,0
13039,1895e980-6257-11f0-b130-5f322495df6f,qpopo,21,0
13039,17c2a280-622c-11f0-b124-17ce52befe77,채니,21,0
13039,17902c11-6ad8-11f0-9ebc-25f4c2b0a5e6,여령,21,0
13039,1746da00-62b4-11f0-a53e-f720860fcc8a,후라소포,21,0
13039,1716ead0-627c-11f0-bcbb-714564b525f4,윤이샘,21,0
13039,16fab420-63d8-11f0-b0c8-0be5c747fc57,용대감,21,0
13039,16bcf690-68b4-11f0-9d8d-43218661958e,woof,21,0
13039,166d9b70-643d-11f0-a580-6783cb326665,아이스모아,21,0
13039,16209650-6360-11f0-899c-ed58ed9d92cb,안드레비,21,0
13039,15f9fba0-692b-11f0-bd01-4f9a91cb3d54,구세주,21,0
13039,15e06ea0-6224-11f0-9ed2-2327c5a1ff14,재넝쿤,21,0
13039,15de0d90-64a9-11f0-a8e1-0128328b4be6,천미경,21,0
13039,15c95780-63c1-11f0-a1fc-ebe02623a2f1,코피맛딸기45,21,0
13039,15b683a0-6923-11f0-a72d-f3190f62faf5,몬땐짓대장,21,0
13039,1578da60-694f-11f0-9eb1-291bf23f596e,냠얌,21,0
13039,155ba470-62b7-11f0-839f-d97137a128f6,마석대,21,0
13039,15108770-63c4-11f0-9353-8773ba2d9d98,조이서,21,0
13039,14eb5350-6460-11f0-baaf-45c3a00048ee,디도스,21,0
13039,14ddc3d0-6ab8-11f0-aabe-19fce0d146b1,영현순석,21,0
13039,147f6140-6875-11f0-883d-db4f8f2d822e,깐부오링,21,0
13039,13f193a0-63a8-11f0-b7d9-6726758670c6,까만양파,21,0
13039,13e0bf50-649b-11f0-b5c8-a523170b964a,이불킥유단자,21,0
13039,13d6a2b0-6647-11f0-af70-ebef616e787b,천일야화,21,0
13039,13d006f0-6c71-11f0-8805-b3f3a74e8613,짠찬,21,0
13039,13bbf2c0-63aa-11f0-9b51-d36a85c863a7,뒤주갇힌세자,21,0
13039,137eef50-63e2-11f0-89b8-61a649941dd1,4ark,21,0
13039,134e7c40-655d-11f0-94e1-9148d7950b64,주우운,21,0
13039,12de25e0-656b-11f0-9b02-9934e4aaee80,아구몬,21,0
13039,12b4a0b0-6572-11f0-90c5-555ab05ea06b,뽀미,21,0
13039,12126950-6269-11f0-807b-b56290a6427d,혜해니,21,0
13039,11d1ad40-64ce-11f0-89c4-91955faa19a3,마루치아라치,21,0
13039,115e2110-63b4-11f0-8976-0f88ec3b32e6,IHI,21,0
13039,112c2aa0-646f-11f0-934d-3b333a678e8e,HAYOU33,21,0
13039,112c1d50-63f0-11f0-8657-2126cbb05f56,테이머루트,21,0
13039,10f6a5b0-6190-11f0-8f0c-9fa1d2b5a8d8,혈해,21,0
13039,108e3060-6213-11f0-a026-2b3e93922249,동백킴,21,0
13039,1072f220-6211-11f0-b6b8-890977889e3d,아이하라,21,0
13039,0ff0ba20-63cf-11f0-8f11-17371de17e69,나비양,21,0
13039,0fd1fe50-651e-11f0-846f-13edae8f7606,보라색맛,21,0
13039,0fc922e0-6a3b-11f0-9b5a-11326a6c8989,수달람쥐,21,0
13039,0f938120-63de-11f0-b228-cfd66956cea6,사과초밥,21,0
13039,0f41b7c0-6256-11f0-bcac-5b0ccb8691c4,Pile,21,0
13039,0f179ad0-65d5-11f0-8b0e-f5fed97303e5,적풍,21,0
13039,0f07fa90-69df-11f0-81d8-d75e58d916af,박한별,21,0
13039,0eecd670-6255-11f0-9cc2-cd7a6f91d9ed,왕후닝,21,0
13039,0ecea6b0-6911-11f0-958c-6d69e774cbea,vio,21,0
13039,0ec0b860-64fd-11f0-846f-13edae8f7606,5656,21,0
13039,0ea0f340-61fb-11f0-b59e-e99b32674a70,검천지룡,21,0
13039,0e9df310-658a-11f0-9b02-9934e4aaee80,우비야놀자,21,0
13039,0e88b120-643c-11f0-ba4e-2f2eb14df7d2,횰랑,21,0
13039,0e845f70-68de-11f0-a559-7966cc3307d7,동그란,21,0
13039,0db2c550-6b54-11f0-ae55-7d4f8e239d4a,히류,21,0
13039,0da9d350-6c12-11f0-8749-fb5c8b4148d4,홍도니,21,0
13039,0da26800-6248-11f0-a7b6-cf18c18dd85f,돌쇄,21,0
13039,0d7cf580-62d3-11f0-b252-a1a047cc5cf1,강태,21,0
13039,0d7229e0-6240-11f0-9b9e-13c7a7dd6c88,훈방,21,0
13039,0d382030-6216-11f0-9ed2-2327c5a1ff14,DFLEX,21,0
13039,0d1cf590-635f-11f0-9eba-319c3c5b72eb,항상그자리,21,0
13039,0d139fd0-62e8-11f0-862d-ab549d322a06,실풀,21,0
13039,0cb91e30-6521-11f0-85dd-2db918fca576,주혁,21,0
13039,0cb50400-63b7-11f0-84d8-51e7761f8916,가나다라마바사아,21,0
13039,0ca3d170-6953-11f0-86e2-d3a55f318685,심우,21,0
13039,0c6d26e0-6249-11f0-8731-517e16b3676b,태미니쓰,21,0
13039,0c576c00-656a-11f0-90c5-555ab05ea06b,밈쿡,21,0
13039,0bec3460-685a-11f0-a0aa-19dfe4aabc8b,말랑뽀짝달님,21,0
13039,0bc59070-62f2-11f0-a53e-f720860fcc8a,개구르,21,0
13039,0ba6a580-655d-11f0-b5ae-9f72a71a5588,영세표류기,21,0
13039,0b96c3d0-6a3b-11f0-a52e-55e4493d815c,다이어터,21,0
13039,0b8b3260-6afc-11f0-bdf5-199651afbafa,홍길동뎐,21,0
13039,0b6fac90-68b6-11f0-ae52-25c108e63028,도크리,21,0
13039,0b226800-6626-11f0-ba0e-5d9d6daabc7d,빠나나,21,0
13039,0ae57e80-6393-11f0-b91f-cbca55a9af76,gustlz,21,0
13039,0a9cffd0-68a1-11f0-b662-851ffeac0806,고돌11,21,0
13039,0a6d6c90-6539-11f0-b862-f7a1348209f0,얼음제로펩시,21,0
13039,09c62490-647f-11f0-9006-7f9a0c9f28c9,sunny03,21,0
13039,094a3410-644e-11f0-bfa2-af41fddaac3d,여미다,21,0
13039,093963e0-6ae0-11f0-81c8-df68c1af4b53,프린,21,0
13039,08ba7420-6a15-11f0-81d8-d75e58d916af,빵일,21,0
13039,08b37cf0-6d4f-11f0-861a-0f2178537a93,해파리튀김,21,0
13039,087d5180-690c-11f0-958c-6d69e774cbea,부냥인,21,0
13039,07dcd3e0-64bb-11f0-a3f5-7917fe6f3bcc,마젠다,21,0
13039,079eb210-624d-11f0-ad06-05cd7d1d0a6e,백예린,21,0
13039,073e9010-69f5-11f0-87cd-13cc90e29527,귀령,21,0
13039,06ffad10-6378-11f0-985f-09c7f7bbac28,곰탕재료푸,21,0
13039,06706350-6452-11f0-a5af-7b595c140e33,이야이야여,21,0
13039,06602210-6583-11f0-b0ad-37591fbff66b,어쩌다가,21,0
13039,06248470-69bc-11f0-a3fa-29dcc74be0f9,monDVa,21,0
13039,0571cf81-6488-11f0-a2a2-198016fcfd59,탸펴이,21,0
13039,056726c0-63fc-11f0-b314-3925c9c0ffa7,지은류,21,0
13039,055938c0-6849-11f0-99dc-7f152e4a9527,유기농해골,21,0
13039,052fb310-623b-11f0-bbfd-8564365ef7ff,adle3m,21,0
13039,05177750-66f5-11f0-a25c-47a5a693b30a,그레이흰곰,21,0
13039,04d844d0-62aa-11f0-bcbb-714564b525f4,화르륵,21,0
13039,04a4df10-6858-11f0-9791-b9bcb3a2d4df,에코시,21,0
13039,044e6190-63ed-11f0-bb35-a50e0c11b093,mmmanz,21,0
13039,03de9880-664d-11f0-8157-83c241bc6c35,런미니,21,0
13039,03815790-6d43-11f0-aac3-51a291ad0acc,누네,21,0
13039,03788470-6952-11f0-887b-73f0ee57cca3,찍먹의신,21,0
13039,03665e70-63e0-11f0-9b30-bfc50fd617fd,Emperor,21,0
13039,0327db60-6b1e-11f0-8f14-2f5913224acc,위슬하임,21,0
13039,030bb180-6202-11f0-83e5-156a2fc6f757,무하루,21,0
13039,030a0750-6314-11f0-a4e8-37a0c8f9bd22,탱글다희,21,0
13039,030576d0-6a90-11f0-9b9a-dfc16842ed10,농성이,21,0
13039,02457bd1-6a88-11f0-97df-4b76eb1e1edb,제주고릴라,21,0
13039,00ddbf40-64c6-11f0-8adf-cf56a9625cf9,빛나,21,0
13039,007d0e90-628a-11f0-ba61-57b32c8fdcaa,후룩,21,0
13039,005a0230-6206-11f0-980a-396801ba63e1,욜로,21,0
13039,002750a0-64ff-11f0-846f-13edae8f7606,리아범,21,0
13039,000e3080-6495-11f0-829b-d50781ca76af,니가니가,21,0
