"Event Category","Event Action","Event Label","Custom Event Properties"
"stage_reached_400 (App)","W:23_0A:19_0","59","{""Time"":""2025-10-31 22:36:15"",""UserUUID"":""b94d4330-7fd7-11f0-a931-3d66697d09d7"",""attendance_count"":59,""b.diamond"":136633,""b.ruby"":0,""boxAllCount"":3960,""curserver"":1,""install_day"":""2025-08-23"",""total_payment_amount"":7700,""user_name"":""아딜리시아"",""user_rank"":1995,""user_stage"":400}"
"stage_reached_400 (App)","W:22_0A:20_0","37","{""Time"":""2025-10-31 22:03:49"",""UserUUID"":""5fe9be80-9946-11f0-8c6e-69cc8b846a6e"",""attendance_count"":37,""b.diamond"":103468,""b.ruby"":0,""boxAllCount"":8140,""curserver"":1,""install_day"":""2025-09-24"",""total_payment_amount"":117700,""user_name"":""냐냐냥"",""user_rank"":1980,""user_stage"":400}"
"stage_reached_400 (App)","W:22_0A:22_0","50","{""Time"":""2025-10-31 21:33:04"",""UserUUID"":""6a961090-880c-11f0-99a2-3dbbe2e98f50"",""attendance_count"":50,""b.diamond"":253712,""b.ruby"":0,""boxAllCount"":10300,""curserver"":1,""install_day"":""2025-09-02"",""total_payment_amount"":7700,""user_name"":""혀늬"",""user_rank"":1980,""user_stage"":400}"
"stage_reached_400 (App)","W:23_0A:19_0","68","{""Time"":""2025-10-31 18:52:54"",""UserUUID"":""95830fc0-7bef-11f0-9b4b-d1d630a60e88"",""attendance_count"":68,""b.diamond"":1046839,""b.ruby"":0,""boxAllCount"":3700,""curserver"":1,""install_day"":""2025-08-18"",""total_payment_amount"":7700,""user_name"":""이현아빠"",""user_rank"":1975,""user_stage"":400}"
"stage_reached_400 (App)","W:23_0A:20_0","90","{""Time"":""2025-10-31 16:55:57"",""UserUUID"":""d0692980-6466-11f0-baaf-45c3a00048ee"",""attendance_count"":90,""b.diamond"":5040,""b.ruby"":0,""boxAllCount"":7930,""curserver"":1,""install_day"":""2025-07-19"",""total_payment_amount"":0,""user_name"":""김주호"",""user_rank"":1977,""user_stage"":400}"
"stage_reached_400 (App)","W:23_0A:23_0","8","{""Time"":""2025-10-31 16:03:47"",""UserUUID"":""14209840-af6a-11f0-a748-09d81574daee"",""attendance_count"":8,""b.diamond"":365342,""b.ruby"":1650,""boxAllCount"":21460,""curserver"":1,""install_day"":""2025-10-22"",""total_payment_amount"":734800,""user_name"":""밍디밍디"",""user_rank"":1975,""user_stage"":400}"
"stage_reached_400 (App)","W:22_0A:21_0","81","{""Time"":""2025-10-31 10:25:15"",""UserUUID"":""adb87fd0-75dc-11f0-9785-9d154ba93f8f"",""attendance_count"":81,""b.diamond"":17544,""b.ruby"":0,""boxAllCount"":16870,""curserver"":1,""install_day"":""2025-08-10"",""total_payment_amount"":0,""user_name"":""떼구르"",""user_rank"":2044,""user_stage"":400}"
"stage_reached_400 (App)","W:22_0A:19_0","36","{""Time"":""2025-10-31 10:07:25"",""UserUUID"":""d2fa7860-9a40-11f0-baff-6196da93eeb9"",""attendance_count"":36,""b.diamond"":205623,""b.ruby"":0,""boxAllCount"":2220,""curserver"":1,""install_day"":""2025-09-25"",""total_payment_amount"":18700,""user_name"":""도라이야"",""user_rank"":2131,""user_stage"":400}"
"stage_reached_400 (App)","W:20_0A:19_0","13","{""Time"":""2025-10-31 06:24:02"",""UserUUID"":""e6d7bda0-acb2-11f0-9b8c-2d87bb6cd3f7"",""attendance_count"":13,""b.diamond"":448199,""b.ruby"":0,""boxAllCount"":1730,""curserver"":1,""install_day"":""2025-10-19"",""total_payment_amount"":381700,""user_name"":""딴딴뚠뚠"",""user_rank"":1976,""user_stage"":400}"
"stage_reached_400 (App)","W:23_0A:20_0","50","{""Time"":""2025-10-31 01:38:53"",""UserUUID"":""5ff546f0-8f24-11f0-a21c-e77932a0d4a4"",""attendance_count"":50,""b.diamond"":294930,""b.ruby"":0,""boxAllCount"":12550,""curserver"":1,""install_day"":""2025-09-11"",""total_payment_amount"":40700,""user_name"":""뉴팡"",""user_rank"":2024,""user_stage"":400}"
"stage_reached_400 (App)","W:23_0A:22_0","34","{""Time"":""2025-10-31 01:27:05"",""UserUUID"":""262fb9d0-9c64-11f0-be99-592a843e3253"",""attendance_count"":34,""b.diamond"":142933,""b.ruby"":0,""boxAllCount"":16220,""curserver"":1,""install_day"":""2025-09-28"",""total_payment_amount"":7700,""user_name"":""에스플랜"",""user_rank"":1963,""user_stage"":400}"
"stage_reached_400 (App)","W:23_0A:22_0","27","{""Time"":""2025-10-31 00:37:50"",""UserUUID"":""58fe1f40-a1bf-11f0-bf2e-bbbcc8fef1d4"",""attendance_count"":27,""b.diamond"":444317,""b.ruby"":3850,""boxAllCount"":7550,""curserver"":1,""install_day"":""2025-10-05"",""total_payment_amount"":315700,""user_name"":""날린"",""user_rank"":2049,""user_stage"":400}"
"stage_reached_400 (App)","W:22_0A:19_0","40","{""Time"":""2025-10-30 23:42:43"",""UserUUID"":""d44c8c01-96ec-11f0-af14-c76fc3ecc932"",""attendance_count"":40,""b.diamond"":6903,""b.ruby"":110,""boxAllCount"":1380,""curserver"":1,""install_day"":""2025-09-21"",""total_payment_amount"":18700,""user_name"":""공이공"",""user_rank"":2137,""user_stage"":400}"
"stage_reached_400 (App)","W:22_0A:19_0","53","{""Time"":""2025-10-30 23:31:01"",""UserUUID"":""35c8bae0-8ad5-11f0-a59e-f5b0c5b25d5f"",""attendance_count"":53,""b.diamond"":272046,""b.ruby"":0,""boxAllCount"":2700,""curserver"":1,""install_day"":""2025-09-06"",""total_payment_amount"":7700,""user_name"":""아이젠"",""user_rank"":1962,""user_stage"":400}"
"stage_reached_400 (App)","W:22_0A:20_0","30","{""Time"":""2025-10-30 21:41:52"",""UserUUID"":""c9717ae0-9e38-11f0-8e87-9785d086f61e"",""attendance_count"":30,""b.diamond"":7131,""b.ruby"":0,""boxAllCount"":6750,""curserver"":1,""install_day"":""2025-09-30"",""total_payment_amount"":37400,""user_name"":""임띠리"",""user_rank"":1963,""user_stage"":400}"
"stage_reached_400 (App)","W:22_0A:20_0","31","{""Time"":""2025-10-30 21:25:54"",""UserUUID"":""a3ba5490-9dbe-11f0-87f1-63d3863673d0"",""attendance_count"":31,""b.diamond"":13988,""b.ruby"":110,""boxAllCount"":6810,""curserver"":1,""install_day"":""2025-09-30"",""total_payment_amount"":73700,""user_name"":""도니영"",""user_rank"":1960,""user_stage"":400}"
"stage_reached_400 (App)","W:23_0A:19_0","50","{""Time"":""2025-10-30 21:24:34"",""UserUUID"":""b604b600-8ecc-11f0-9a7e-a56e29ad938b"",""attendance_count"":50,""b.diamond"":168228,""b.ruby"":0,""boxAllCount"":2860,""curserver"":1,""install_day"":""2025-09-11"",""total_payment_amount"":7700,""user_name"":""청출어랍쇼"",""user_rank"":1973,""user_stage"":400}"
"stage_reached_400 (App)","W:23_0A:22_0","69","{""Time"":""2025-10-30 19:37:11"",""UserUUID"":""de610c80-6a77-11f0-b4af-bd0ab1be2018"",""attendance_count"":69,""b.diamond"":2877,""b.ruby"":0,""boxAllCount"":21490,""curserver"":1,""install_day"":""2025-07-26"",""total_payment_amount"":7700,""user_name"":""HansAmu"",""user_rank"":1962,""user_stage"":400}"
"stage_reached_400 (App)","W:22_0A:21_0","48","{""Time"":""2025-10-30 18:58:03"",""UserUUID"":""06f62a00-8fd4-11f0-9be0-55f859459429"",""attendance_count"":48,""b.diamond"":61643,""b.ruby"":0,""boxAllCount"":6420,""curserver"":1,""install_day"":""2025-09-12"",""total_payment_amount"":7700,""user_name"":""팔진격"",""user_rank"":1959,""user_stage"":400}"
"stage_reached_400 (App)","W:23_0A:20_0","40","{""Time"":""2025-10-30 15:59:00"",""UserUUID"":""3970c500-96ee-11f0-930d-e9fb2d814dec"",""attendance_count"":40,""b.diamond"":345121,""b.ruby"":0,""boxAllCount"":10320,""curserver"":1,""install_day"":""2025-09-21"",""total_payment_amount"":29700,""user_name"":""신컨트리"",""user_rank"":2095,""user_stage"":400}"
"stage_reached_400 (App)","W:22_0A:22_0","30","{""Time"":""2025-10-30 11:51:30"",""UserUUID"":""23038550-9ec3-11f0-9397-91ab78841df1"",""attendance_count"":30,""b.diamond"":23857,""b.ruby"":0,""boxAllCount"":11780,""curserver"":1,""install_day"":""2025-10-01"",""total_payment_amount"":7700,""user_name"":""스너피"",""user_rank"":1957,""user_stage"":400}"
"stage_reached_400 (App)","W:23_0A:20_0","45","{""Time"":""2025-10-30 10:09:41"",""UserUUID"":""bf4b16e0-92c4-11f0-8744-e56cae99d405"",""attendance_count"":45,""b.diamond"":23381,""b.ruby"":0,""boxAllCount"":8200,""curserver"":1,""install_day"":""2025-09-16"",""total_payment_amount"":95700,""user_name"":""누마오"",""user_rank"":1970,""user_stage"":400}"
"stage_reached_400 (App)","W:22_0A:19_0","35","{""Time"":""2025-10-30 07:39:19"",""UserUUID"":""a4a891f0-9a99-11f0-b5d5-837c69a0e83f"",""attendance_count"":35,""b.diamond"":138054,""b.ruby"":0,""boxAllCount"":1790,""curserver"":1,""install_day"":""2025-09-26"",""total_payment_amount"":7700,""user_name"":""아헨"",""user_rank"":1956,""user_stage"":400}"
"stage_reached_400 (App)","W:23_0A:19_0","16","{""Time"":""2025-10-30 01:55:23"",""UserUUID"":""0199f930-a9b8-11f0-baeb-dba5e53ace44"",""attendance_count"":16,""b.diamond"":5920457,""b.ruby"":8824550,""boxAllCount"":420,""curserver"":1,""install_day"":""2025-10-15"",""total_payment_amount"":7700,""user_name"":""럭키하온"",""user_rank"":2050,""user_stage"":400}"
"stage_reached_400 (App)","W:24_0A:24_0","1","{""Time"":""2025-10-29 23:13:33"",""UserUUID"":""c6d53670-b484-11f0-a892-8bee025fd31d"",""attendance_count"":1,""b.diamond"":554114404,""b.ruby"":913290,""boxAllCount"":181470,""curserver"":1,""install_day"":""2025-10-29"",""total_payment_amount"":0,""user_name"":""온돌조아"",""user_rank"":2187,""user_stage"":400}"
"stage_reached_400 (App)","W:22_0A:23_0","80","{""Time"":""2025-10-29 21:55:05"",""UserUUID"":""629069a0-6eb6-11f0-8c43-31b255b89fdd"",""attendance_count"":80,""b.diamond"":13147,""b.ruby"":0,""boxAllCount"":7890,""curserver"":1,""install_day"":""2025-08-01"",""total_payment_amount"":0,""user_name"":""로니아스94"",""user_rank"":1960,""user_stage"":400}"
"stage_reached_400 (App)","W:23_0A:19_0","44","{""Time"":""2025-10-29 21:25:28"",""UserUUID"":""d69aa770-921a-11f0-b78b-c75dcd60d4eb"",""attendance_count"":44,""b.diamond"":356111,""b.ruby"":660,""boxAllCount"":6030,""curserver"":1,""install_day"":""2025-09-15"",""total_payment_amount"":183700,""user_name"":""배지태"",""user_rank"":1968,""user_stage"":400}"
"stage_reached_400 (App)","W:24_0A:23_0","67","{""Time"":""2025-10-29 20:52:14"",""UserUUID"":""ab8b1cd0-8082-11f0-b338-f180469557f9"",""attendance_count"":67,""b.diamond"":246259,""b.ruby"":0,""boxAllCount"":9880,""curserver"":1,""install_day"":""2025-08-24"",""total_payment_amount"":7700,""user_name"":""소닌"",""user_rank"":1952,""user_stage"":400}"
"stage_reached_400 (App)","W:23_0A:19_0","54","{""Time"":""2025-10-29 17:32:52"",""UserUUID"":""b8ed49c0-8b18-11f0-a59e-f5b0c5b25d5f"",""attendance_count"":54,""b.diamond"":48233,""b.ruby"":0,""boxAllCount"":4840,""curserver"":1,""install_day"":""2025-09-06"",""total_payment_amount"":7700,""user_name"":""마루먀루"",""user_rank"":1987,""user_stage"":400}"
"stage_reached_400 (App)","W:23_0A:19_0","53","{""Time"":""2025-10-29 15:01:45"",""UserUUID"":""93d6b9e0-8b46-11f0-b9a7-eb7297882da5"",""attendance_count"":53,""b.diamond"":292389,""b.ruby"":0,""boxAllCount"":3290,""curserver"":1,""install_day"":""2025-09-06"",""total_payment_amount"":7700,""user_name"":""쎄바"",""user_rank"":1951,""user_stage"":400}"
"stage_reached_400 (App)","W:21_0A:22_0","53","{""Time"":""2025-10-29 12:31:11"",""UserUUID"":""ca50cd30-88d5-11f0-b0ee-a70f301349fe"",""attendance_count"":53,""b.diamond"":3028,""b.ruby"":0,""boxAllCount"":6130,""curserver"":1,""install_day"":""2025-09-03"",""total_payment_amount"":7700,""user_name"":""짯응"",""user_rank"":1951,""user_stage"":400}"
"stage_reached_400 (App)","W:23_0A:23_0","55","{""Time"":""2025-10-29 01:13:39"",""UserUUID"":""d7522f20-89ec-11f0-8545-37061fbb8ec1"",""attendance_count"":55,""b.diamond"":57464,""b.ruby"":0,""boxAllCount"":8590,""curserver"":1,""install_day"":""2025-09-05"",""total_payment_amount"":7700,""user_name"":""동백소나무"",""user_rank"":1950,""user_stage"":400}"
"stage_reached_400 (App)","W:23_0A:22_0","40","{""Time"":""2025-10-29 00:21:54"",""UserUUID"":""2bbb2610-7d47-11ef-8daf-bd28ce8e72c0"",""attendance_count"":40,""b.diamond"":179182,""b.ruby"":770,""boxAllCount"":7530,""curserver"":0,""install_day"":""2024-09-28"",""total_payment_amount"":152800,""user_name"":""뭉크"",""user_rank"":272,""user_stage"":400}"
"stage_reached_400 (App)","W:22_0A:19_0","53","{""Time"":""2025-10-28 20:25:34"",""UserUUID"":""b9de15d0-8a7d-11f0-b89c-43cfa73e0949"",""attendance_count"":53,""b.diamond"":18674,""b.ruby"":0,""boxAllCount"":3570,""curserver"":1,""install_day"":""2025-09-05"",""total_payment_amount"":8800,""user_name"":""누오"",""user_rank"":1953,""user_stage"":400}"
"stage_reached_400 (App)","W:22_0A:19_0","45","{""Time"":""2025-10-28 18:07:40"",""UserUUID"":""ce50d650-9154-11f0-83ef-a93379ab6bdf"",""attendance_count"":45,""b.diamond"":529965,""b.ruby"":0,""boxAllCount"":3710,""curserver"":1,""install_day"":""2025-09-14"",""total_payment_amount"":18700,""user_name"":""문무겸"",""user_rank"":1983,""user_stage"":400}"
"stage_reached_400 (App)","W:23_0A:19_0","22","{""Time"":""2025-10-28 14:27:46"",""UserUUID"":""23fd20d0-a353-11f0-a903-71b376a76adb"",""attendance_count"":22,""b.diamond"":63780,""b.ruby"":440,""boxAllCount"":3760,""curserver"":1,""install_day"":""2025-10-07"",""total_payment_amount"":150700,""user_name"":""허리"",""user_rank"":2042,""user_stage"":400}"
"stage_reached_400 (App)","W:22_0A:19_0","41","{""Time"":""2025-10-28 13:53:22"",""UserUUID"":""a2b28110-9474-11f0-be70-97a695ba77bc"",""attendance_count"":41,""b.diamond"":42862,""b.ruby"":0,""boxAllCount"":6280,""curserver"":1,""install_day"":""2025-09-18"",""total_payment_amount"":11000,""user_name"":""킹슬레이"",""user_rank"":1943,""user_stage"":400}"
"stage_reached_400 (App)","W:24_0A:22_0","45","{""Time"":""2025-10-28 12:41:38"",""UserUUID"":""a30f3930-9115-11f0-b01a-412459a86743"",""attendance_count"":45,""b.diamond"":56909,""b.ruby"":0,""boxAllCount"":7710,""curserver"":1,""install_day"":""2025-09-14"",""total_payment_amount"":7700,""user_name"":""짱민"",""user_rank"":1942,""user_stage"":400}"
"stage_reached_400 (App)","W:20_0A:19_0","37","{""Time"":""2025-10-28 07:45:07"",""UserUUID"":""e122e260-976b-11f0-8f49-35f89e1f354b"",""attendance_count"":37,""b.diamond"":210973,""b.ruby"":0,""boxAllCount"":1370,""curserver"":1,""install_day"":""2025-09-22"",""total_payment_amount"":7700,""user_name"":""황제궁예"",""user_rank"":1941,""user_stage"":400}"
"stage_reached_400 (App)","W:22_0A:20_0","48","{""Time"":""2025-10-28 07:08:59"",""UserUUID"":""1640c3f0-8f0f-11f0-a2c5-4fbc29b76b45"",""attendance_count"":48,""b.diamond"":104562,""b.ruby"":0,""boxAllCount"":13010,""curserver"":1,""install_day"":""2025-09-11"",""total_payment_amount"":7700,""user_name"":""8366727"",""user_rank"":2084,""user_stage"":400}"
"stage_reached_400 (App)","W:22_0A:20_0","56","{""Time"":""2025-10-28 06:27:44"",""UserUUID"":""529c7a40-883b-11f0-8e31-4bcfc9411a6d"",""attendance_count"":56,""b.diamond"":1466806,""b.ruby"":0,""boxAllCount"":7270,""curserver"":1,""install_day"":""2025-09-02"",""total_payment_amount"":18700,""user_name"":""미라쥬"",""user_rank"":2073,""user_stage"":400}"
"stage_reached_400 (App)","W:21_0A:20_0","71","{""Time"":""2025-10-28 01:46:35"",""UserUUID"":""746bcb80-6478-11f0-a8d6-9514efa5ade9"",""attendance_count"":71,""b.diamond"":791,""b.ruby"":0,""boxAllCount"":7230,""curserver"":1,""install_day"":""2025-07-19"",""total_payment_amount"":0,""user_name"":""달빛품은별"",""user_rank"":1936,""user_stage"":400}"
"stage_reached_400 (App)","W:23_0A:23_0","46","{""Time"":""2025-10-28 00:48:38"",""UserUUID"":""583037a0-904a-11f0-9dfb-112803f5449c"",""attendance_count"":46,""b.diamond"":120441,""b.ruby"":0,""boxAllCount"":7180,""curserver"":1,""install_day"":""2025-09-13"",""total_payment_amount"":0,""user_name"":""옐로나이프"",""user_rank"":2029,""user_stage"":400}"
"stage_reached_400 (App)","W:22_0A:22_0","62","{""Time"":""2025-10-28 00:13:56"",""UserUUID"":""fed689d0-835f-11f0-82b3-61bd36bf4854"",""attendance_count"":62,""b.diamond"":166741,""b.ruby"":0,""boxAllCount"":22240,""curserver"":1,""install_day"":""2025-08-27"",""total_payment_amount"":7700,""user_name"":""업동"",""user_rank"":1934,""user_stage"":400}"
"stage_reached_400 (App)","W:23_0A:22_0","38","{""Time"":""2025-10-27 23:02:56"",""UserUUID"":""a05a9020-917b-11f0-9253-37b5892e2e23"",""attendance_count"":38,""b.diamond"":58333,""b.ruby"":0,""boxAllCount"":19280,""curserver"":1,""install_day"":""2025-09-14"",""total_payment_amount"":25300,""user_name"":""대구웅이"",""user_rank"":2079,""user_stage"":400}"
"stage_reached_400 (App)","W:23_0A:20_0","66","{""Time"":""2025-10-27 22:42:53"",""UserUUID"":""b53ad9b0-78fc-11f0-86a5-758e7698c3e0"",""attendance_count"":66,""b.diamond"":111552,""b.ruby"":0,""boxAllCount"":3890,""curserver"":1,""install_day"":""2025-08-14"",""total_payment_amount"":40700,""user_name"":""허니잼"",""user_rank"":1946,""user_stage"":400}"
"stage_reached_400 (App)","W:23_0A:22_0","115","{""Time"":""2025-10-27 20:22:21"",""UserUUID"":""19063a30-fd0f-11ef-9f77-279c0b729026"",""attendance_count"":115,""b.diamond"":5544,""b.ruby"":0,""boxAllCount"":10180,""curserver"":0,""install_day"":""2025-03-09"",""total_payment_amount"":0,""user_name"":""나구리"",""user_rank"":270,""user_stage"":400}"
"stage_reached_400 (App)","W:23_0A:22_0","35","{""Time"":""2025-10-27 20:18:44"",""UserUUID"":""c3b46f40-6152-11f0-b21d-c1e29b2c7170"",""attendance_count"":35,""b.diamond"":16965,""b.ruby"":0,""boxAllCount"":11860,""curserver"":0,""install_day"":""2025-07-15"",""total_payment_amount"":62700,""user_name"":""로메이"",""user_rank"":1943,""user_stage"":400}"
"stage_reached_400 (App)","W:24_0A:21_0","87","{""Time"":""2025-10-27 18:08:54"",""UserUUID"":""2f0bb540-6e79-11f0-8666-eb60ce675482"",""attendance_count"":87,""b.diamond"":14533,""b.ruby"":0,""boxAllCount"":13390,""curserver"":1,""install_day"":""2025-08-01"",""total_payment_amount"":7700,""user_name"":""언제햐"",""user_rank"":1942,""user_stage"":400}"
"stage_reached_400 (App)","W:24_0A:23_0","13","{""Time"":""2025-10-27 15:03:13"",""UserUUID"":""151bc2d0-a964-11f0-a5f8-09501956ab36"",""attendance_count"":13,""b.diamond"":194856,""b.ruby"":110,""boxAllCount"":7160,""curserver"":1,""install_day"":""2025-10-15"",""total_payment_amount"":525800,""user_name"":""천마총"",""user_rank"":1985,""user_stage"":400}"
"stage_reached_400 (App)","W:20_0A:19_0","69","{""Time"":""2025-10-27 09:56:14"",""UserUUID"":""f2e12390-7dbc-11f0-8b53-695b346e5333"",""attendance_count"":69,""b.diamond"":5154,""b.ruby"":110,""boxAllCount"":4940,""curserver"":1,""install_day"":""2025-08-20"",""total_payment_amount"":14300,""user_name"":""일품"",""user_rank"":1927,""user_stage"":400}"
"stage_reached_400 (App)","W:22_0A:20_0","53","{""Time"":""2025-10-27 07:36:47"",""UserUUID"":""39d2caf0-89e4-11f0-8545-37061fbb8ec1"",""attendance_count"":53,""b.diamond"":128786,""b.ruby"":0,""boxAllCount"":7530,""curserver"":1,""install_day"":""2025-09-04"",""total_payment_amount"":7700,""user_name"":""악의마음"",""user_rank"":1928,""user_stage"":400}"
"stage_reached_400 (App)","W:24_0A:19_0","92","{""Time"":""2025-10-27 06:52:53"",""UserUUID"":""f1f16021-6b57-11f0-8113-eb4cb292d581"",""attendance_count"":92,""b.diamond"":3598120,""b.ruby"":0,""boxAllCount"":4230,""curserver"":1,""install_day"":""2025-07-28"",""total_payment_amount"":7700,""user_name"":""한량성이"",""user_rank"":1922,""user_stage"":400}"
"stage_reached_400 (App)","W:23_0A:23_0","18","{""Time"":""2025-10-27 05:36:39"",""UserUUID"":""61841880-a5c6-11f0-bf9f-fbfb356ef9a2"",""attendance_count"":18,""b.diamond"":2994,""b.ruby"":1430,""boxAllCount"":3140,""curserver"":1,""install_day"":""2025-10-10"",""total_payment_amount"":231000,""user_name"":""태권도사"",""user_rank"":1922,""user_stage"":400}"
"stage_reached_400 (App)","W:23_0A:19_0","43","{""Time"":""2025-10-27 04:37:16"",""UserUUID"":""1caf1460-91f0-11f0-a81a-b78643213501"",""attendance_count"":43,""b.diamond"":4351,""b.ruby"":0,""boxAllCount"":4590,""curserver"":1,""install_day"":""2025-09-15"",""total_payment_amount"":7700,""user_name"":""마족준이"",""user_rank"":1921,""user_stage"":400}"
"stage_reached_400 (App)","W:22_0A:20_0","39","{""Time"":""2025-10-27 02:27:47"",""UserUUID"":""264cf310-8df0-11f0-a060-7578e927dc37"",""attendance_count"":39,""b.diamond"":13034,""b.ruby"":330,""boxAllCount"":7990,""curserver"":1,""install_day"":""2025-09-10"",""total_payment_amount"":36300,""user_name"":""로그인샷"",""user_rank"":1926,""user_stage"":400}"
"stage_reached_400 (App)","W:22_0A:21_0","76","{""Time"":""2025-10-27 01:04:06"",""UserUUID"":""58341950-780e-11f0-9285-5996bfc69d20"",""attendance_count"":76,""b.diamond"":598906,""b.ruby"":0,""boxAllCount"":27510,""curserver"":1,""install_day"":""2025-08-13"",""total_payment_amount"":7700,""user_name"":""imbler"",""user_rank"":1930,""user_stage"":400}"
"stage_reached_400 (App)","W:23_0A:19_0","49","{""Time"":""2025-10-27 01:00:13"",""UserUUID"":""bd7486f0-8b15-11f0-a59e-f5b0c5b25d5f"",""attendance_count"":49,""b.diamond"":13281,""b.ruby"":0,""boxAllCount"":1020,""curserver"":1,""install_day"":""2025-09-06"",""total_payment_amount"":7700,""user_name"":""남수니그룹"",""user_rank"":2041,""user_stage"":400}"
"stage_reached_400 (App)","W:22_0A:20_0","44","{""Time"":""2025-10-27 00:57:53"",""UserUUID"":""27b0b9d0-9106-11f0-9710-516fe168e51d"",""attendance_count"":44,""b.diamond"":18297,""b.ruby"":0,""boxAllCount"":2830,""curserver"":1,""install_day"":""2025-09-14"",""total_payment_amount"":7700,""user_name"":""고라니사육사"",""user_rank"":1943,""user_stage"":400}"
"stage_reached_400 (App)","W:20_0A:21_0","43","{""Time"":""2025-10-27 00:06:42"",""UserUUID"":""42fc8020-91ce-11f0-8ebb-49b90c9f4ccf"",""attendance_count"":43,""b.diamond"":2202,""b.ruby"":0,""boxAllCount"":2520,""curserver"":1,""install_day"":""2025-09-15"",""total_payment_amount"":7700,""user_name"":""류원규"",""user_rank"":1923,""user_stage"":400}"
"stage_reached_400 (App)","W:23_0A:22_0","62","{""Time"":""2025-10-26 23:18:49"",""UserUUID"":""40757ce0-81c4-11f0-bcb6-f9dc3c20d52e"",""attendance_count"":62,""b.diamond"":7428,""b.ruby"":0,""boxAllCount"":18760,""curserver"":1,""install_day"":""2025-08-25"",""total_payment_amount"":33000,""user_name"":""표박자"",""user_rank"":1948,""user_stage"":400}"
"stage_reached_400 (App)","W:23_0A:19_0","49","{""Time"":""2025-10-26 23:15:20"",""UserUUID"":""d3830330-8af3-11f0-8ca3-ef1d1d3a6d17"",""attendance_count"":49,""b.diamond"":39160,""b.ruby"":0,""boxAllCount"":6130,""curserver"":1,""install_day"":""2025-09-06"",""total_payment_amount"":25300,""user_name"":""만인지"",""user_rank"":2041,""user_stage"":400}"
"stage_reached_400 (App)","W:23_0A:22_0","32","{""Time"":""2025-10-26 21:22:22"",""UserUUID"":""70dd8240-994a-11f0-8c6e-69cc8b846a6e"",""attendance_count"":32,""b.diamond"":46757,""b.ruby"":880,""boxAllCount"":4890,""curserver"":1,""install_day"":""2025-09-24"",""total_payment_amount"":143000,""user_name"":""킹오브킹세종"",""user_rank"":1933,""user_stage"":400}"
"stage_reached_400 (App)","W:22_0A:21_0","25","{""Time"":""2025-10-26 21:02:17"",""UserUUID"":""734f57d0-9f38-11f0-a565-f9b30f9f0999"",""attendance_count"":25,""b.diamond"":874,""b.ruby"":0,""boxAllCount"":5750,""curserver"":1,""install_day"":""2025-10-02"",""total_payment_amount"":42900,""user_name"":""조리"",""user_rank"":1917,""user_stage"":400}"
"stage_reached_400 (App)","W:20_0A:20_0","88","{""Time"":""2025-10-26 19:49:41"",""UserUUID"":""b44a6230-d7b9-11ef-87cf-73b81c2075ea"",""attendance_count"":88,""b.diamond"":183353,""b.ruby"":0,""boxAllCount"":9910,""curserver"":0,""install_day"":""2025-01-21"",""total_payment_amount"":7700,""user_name"":""철조망"",""user_rank"":269,""user_stage"":400}"
"stage_reached_400 (App)","W:22_0A:20_0","40","{""Time"":""2025-10-26 16:03:54"",""UserUUID"":""684288b1-9346-11f0-a70f-5da0289a93c2"",""attendance_count"":40,""b.diamond"":51326,""b.ruby"":0,""boxAllCount"":7250,""curserver"":1,""install_day"":""2025-09-16"",""total_payment_amount"":51700,""user_name"":""차붐"",""user_rank"":1937,""user_stage"":400}"
"stage_reached_400 (App)","W:20_0A:21_0","73","{""Time"":""2025-10-26 10:26:05"",""UserUUID"":""13ffdd90-7977-11f0-964c-5db3f429f7e6"",""attendance_count"":73,""b.diamond"":617381,""b.ruby"":0,""boxAllCount"":10970,""curserver"":1,""install_day"":""2025-08-15"",""total_payment_amount"":7700,""user_name"":""아한"",""user_rank"":1912,""user_stage"":400}"
"stage_reached_400 (App)","W:22_0A:19_0","24","{""Time"":""2025-10-26 09:27:47"",""UserUUID"":""6e7b24b0-a04f-11f0-8018-8565a8c05c4d"",""attendance_count"":24,""b.diamond"":17250,""b.ruby"":0,""boxAllCount"":5130,""curserver"":1,""install_day"":""2025-10-03"",""total_payment_amount"":124300,""user_name"":""도아파파"",""user_rank"":1911,""user_stage"":400}"
"stage_reached_400 (App)","W:21_0A:19_0","24","{""Time"":""2025-10-26 07:13:51"",""UserUUID"":""26466ea0-a060-11f0-8fca-71917396351d"",""attendance_count"":24,""b.diamond"":35234,""b.ruby"":110,""boxAllCount"":1990,""curserver"":1,""install_day"":""2025-10-03"",""total_payment_amount"":110000,""user_name"":""무생"",""user_rank"":1909,""user_stage"":400}"
"stage_reached_400 (App)","W:23_0A:22_0","55","{""Time"":""2025-10-26 05:38:02"",""UserUUID"":""48c47ee0-8800-11f0-ac24-233bed9e2279"",""attendance_count"":55,""b.diamond"":1179,""b.ruby"":0,""boxAllCount"":12520,""curserver"":1,""install_day"":""2025-09-02"",""total_payment_amount"":51700,""user_name"":""이발사"",""user_rank"":1933,""user_stage"":400}"
"stage_reached_400 (App)","W:20_0A:19_0","26","{""Time"":""2025-10-26 01:18:55"",""UserUUID"":""d937b490-9e0f-11f0-8528-51498fad5f9b"",""attendance_count"":26,""b.diamond"":10620,""b.ruby"":0,""boxAllCount"":1170,""curserver"":1,""install_day"":""2025-09-30"",""total_payment_amount"":30800,""user_name"":""꼼무"",""user_rank"":1974,""user_stage"":400}"
"stage_reached_400 (App)","W:22_0A:20_0","38","{""Time"":""2025-10-26 00:56:07"",""UserUUID"":""3121c410-94c5-11f0-8201-8bf5c886eef3"",""attendance_count"":38,""b.diamond"":87472,""b.ruby"":0,""boxAllCount"":6370,""curserver"":1,""install_day"":""2025-09-18"",""total_payment_amount"":14300,""user_name"":""imktr123"",""user_rank"":1909,""user_stage"":400}"
"stage_reached_400 (App)","W:23_0A:19_0","22","{""Time"":""2025-10-26 00:45:34"",""UserUUID"":""ef2dc190-a134-11f0-adfa-23dc9e3c63a9"",""attendance_count"":22,""b.diamond"":7105,""b.ruby"":0,""boxAllCount"":2290,""curserver"":1,""install_day"":""2025-10-04"",""total_payment_amount"":51700,""user_name"":""저주거는노인"",""user_rank"":1913,""user_stage"":400}"
"stage_reached_400 (App)","W:23_0A:22_0","10","{""Time"":""2025-10-26 00:33:20"",""UserUUID"":""dbf15e70-aad5-11f0-a014-13e30c25c83b"",""attendance_count"":10,""b.diamond"":124292,""b.ruby"":110,""boxAllCount"":7590,""curserver"":1,""install_day"":""2025-10-16"",""total_payment_amount"":396000,""user_name"":""미우미우"",""user_rank"":1924,""user_stage"":400}"
"stage_reached_400 (App)","W:23_0A:22_0","40","{""Time"":""2025-10-26 00:28:14"",""UserUUID"":""c8bcdcf0-932c-11f0-8744-e56cae99d405"",""attendance_count"":40,""b.diamond"":802712,""b.ruby"":0,""boxAllCount"":8420,""curserver"":1,""install_day"":""2025-09-16"",""total_payment_amount"":69300,""user_name"":""망크크"",""user_rank"":1908,""user_stage"":400}"
"stage_reached_400 (App)","W:22_0A:20_0","65","{""Time"":""2025-10-25 23:54:26"",""UserUUID"":""345558e0-7f5d-11f0-8fda-43690d6b357d"",""attendance_count"":65,""b.diamond"":2166022,""b.ruby"":0,""boxAllCount"":11440,""curserver"":1,""install_day"":""2025-08-22"",""total_payment_amount"":7700,""user_name"":""물용"",""user_rank"":2012,""user_stage"":400}"
"stage_reached_400 (App)","W:20_0A:19_0","53","{""Time"":""2025-10-25 21:29:41"",""UserUUID"":""d79342e0-8522-11f0-8717-edf6bbe913ca"",""attendance_count"":53,""b.diamond"":93636,""b.ruby"":0,""boxAllCount"":3890,""curserver"":1,""install_day"":""2025-08-29"",""total_payment_amount"":7700,""user_name"":""난무"",""user_rank"":1910,""user_stage"":400}"
"stage_reached_400 (App)","W:23_0A:23_0","68","{""Time"":""2025-10-25 20:11:29"",""UserUUID"":""39a8a1a0-b936-11ef-9898-0fbf1f401ffc"",""attendance_count"":68,""b.diamond"":1633079,""b.ruby"":0,""boxAllCount"":12660,""curserver"":0,""install_day"":""2024-12-13"",""total_payment_amount"":7700,""user_name"":""순똘이"",""user_rank"":272,""user_stage"":400}"
"stage_reached_400 (App)","W:22_0A:19_0","38","{""Time"":""2025-10-25 17:50:26"",""UserUUID"":""986200e0-9466-11f0-a6d7-6fca91e87747"",""attendance_count"":38,""b.diamond"":198349,""b.ruby"":0,""boxAllCount"":3070,""curserver"":1,""install_day"":""2025-09-18"",""total_payment_amount"":7700,""user_name"":""m9m9"",""user_rank"":1905,""user_stage"":400}"
"stage_reached_400 (App)","W:23_0A:19_0","39","{""Time"":""2025-10-25 16:06:00"",""UserUUID"":""642c7b80-9357-11f0-a658-bdaaffc44b1b"",""attendance_count"":39,""b.diamond"":186213,""b.ruby"":0,""boxAllCount"":7470,""curserver"":1,""install_day"":""2025-09-16"",""total_payment_amount"":7700,""user_name"":""백제의자왕"",""user_rank"":1935,""user_stage"":400}"
"stage_reached_400 (App)","W:20_0A:20_0","45","{""Time"":""2025-10-25 14:59:20"",""UserUUID"":""d7b3f740-8e57-11f0-9905-ab25e5144aad"",""attendance_count"":45,""b.diamond"":86811,""b.ruby"":0,""boxAllCount"":7080,""curserver"":1,""install_day"":""2025-09-10"",""total_payment_amount"":7700,""user_name"":""뽀오라미"",""user_rank"":1897,""user_stage"":400}"
"stage_reached_400 (App)","W:21_0A:20_0","52","{""Time"":""2025-10-25 14:42:13"",""UserUUID"":""793044b0-8954-11f0-b1f9-6b826399b8d1"",""attendance_count"":52,""b.diamond"":133874,""b.ruby"":0,""boxAllCount"":5300,""curserver"":1,""install_day"":""2025-09-04"",""total_payment_amount"":11000,""user_name"":""마쵸맨"",""user_rank"":1903,""user_stage"":400}"
"stage_reached_400 (App)","W:22_0A:19_0","51","{""Time"":""2025-10-25 13:52:35"",""UserUUID"":""1361fd10-8a24-11f0-845c-bffb5e47a14a"",""attendance_count"":51,""b.diamond"":224395,""b.ruby"":0,""boxAllCount"":4690,""curserver"":1,""install_day"":""2025-09-05"",""total_payment_amount"":29700,""user_name"":""만수무강"",""user_rank"":1899,""user_stage"":400}"
"stage_reached_400 (App)","W:22_0A:21_0","23","{""Time"":""2025-10-25 13:46:05"",""UserUUID"":""8ca1ba90-9fbd-11f0-a980-ebf0f50f9665"",""attendance_count"":23,""b.diamond"":3597,""b.ruby"":0,""boxAllCount"":4340,""curserver"":1,""install_day"":""2025-10-02"",""total_payment_amount"":154000,""user_name"":""포오"",""user_rank"":1896,""user_stage"":400}"
"stage_reached_400 (App)","W:23_0A:20_0","6","{""Time"":""2025-10-25 11:53:28"",""UserUUID"":""d9f60670-ad00-11f0-857c-297f836a6c9f"",""attendance_count"":6,""b.diamond"":205384,""b.ruby"":770,""boxAllCount"":7850,""curserver"":1,""install_day"":""2025-10-19"",""total_payment_amount"":729300,""user_name"":""우갹"",""user_rank"":2129,""user_stage"":400}"
"stage_reached_400 (App)","W:22_0A:23_0","47","{""Time"":""2025-10-25 10:35:11"",""UserUUID"":""cf5af570-6d88-11f0-8ace-c9e44639a5b1"",""attendance_count"":47,""b.diamond"":1380,""b.ruby"":0,""boxAllCount"":4450,""curserver"":1,""install_day"":""2025-07-30"",""total_payment_amount"":18700,""user_name"":""돌돌돌"",""user_rank"":1915,""user_stage"":400}"
"stage_reached_400 (App)","W:23_0A:23_0","94","{""Time"":""2025-10-25 08:22:43"",""UserUUID"":""bc627840-6706-11f0-bf3a-3baa684433d6"",""attendance_count"":94,""b.diamond"":175749,""b.ruby"":0,""boxAllCount"":9340,""curserver"":1,""install_day"":""2025-07-22"",""total_payment_amount"":7700,""user_name"":""탑새기"",""user_rank"":1903,""user_stage"":400}"
"stage_reached_400 (App)","W:22_0A:19_0","31","{""Time"":""2025-10-25 07:24:28"",""UserUUID"":""dc0f6160-99f8-11f0-a62b-939c791c75d9"",""attendance_count"":31,""b.diamond"":49467,""b.ruby"":0,""boxAllCount"":2260,""curserver"":1,""install_day"":""2025-09-25"",""total_payment_amount"":7700,""user_name"":""kuzi"",""user_rank"":1892,""user_stage"":400}"
"stage_reached_400 (App)","W:23_0A:23_0","43","{""Time"":""2025-10-25 06:35:24"",""UserUUID"":""1bdc0cd0-9107-11f0-9710-516fe168e51d"",""attendance_count"":43,""b.diamond"":5585,""b.ruby"":110,""boxAllCount"":8580,""curserver"":1,""install_day"":""2025-09-14"",""total_payment_amount"":117700,""user_name"":""amita"",""user_rank"":1895,""user_stage"":400}"
"stage_reached_400 (App)","W:23_0A:22_0","60","{""Time"":""2025-10-25 05:13:28"",""UserUUID"":""438ff420-8244-11f0-aa47-75514399207f"",""attendance_count"":60,""b.diamond"":16175,""b.ruby"":0,""boxAllCount"":18750,""curserver"":1,""install_day"":""2025-08-26"",""total_payment_amount"":7700,""user_name"":""맹물"",""user_rank"":1895,""user_stage"":400}"
"stage_reached_400 (App)","W:23_0A:23_0","26","{""Time"":""2025-10-25 04:56:26"",""UserUUID"":""7d325f60-9db5-11f0-a81c-d1a53fb56163"",""attendance_count"":26,""b.diamond"":104671,""b.ruby"":0,""boxAllCount"":6540,""curserver"":1,""install_day"":""2025-09-30"",""total_payment_amount"":106700,""user_name"":""전골"",""user_rank"":1891,""user_stage"":400}"
"stage_reached_400 (App)","W:23_0A:23_0","6","{""Time"":""2025-10-25 03:14:25"",""UserUUID"":""40dd8e80-adab-11f0-95b2-434738683f21"",""attendance_count"":6,""b.diamond"":2069,""b.ruby"":0,""boxAllCount"":5090,""curserver"":1,""install_day"":""2025-10-20"",""total_payment_amount"":770000,""user_name"":""준상상"",""user_rank"":1917,""user_stage"":400}"
"stage_reached_400 (App)","W:23_0A:23_0","23","{""Time"":""2025-10-24 19:33:12"",""UserUUID"":""6557d680-ae65-11ef-aea8-73717a3b18aa"",""attendance_count"":23,""b.diamond"":4778,""b.ruby"":0,""boxAllCount"":12180,""curserver"":0,""install_day"":""2024-11-29"",""total_payment_amount"":413600,""user_name"":""아이든"",""user_rank"":271,""user_stage"":400}"
"stage_reached_400 (App)","W:23_0A:22_0","50","{""Time"":""2025-10-24 18:58:04"",""UserUUID"":""50b434b0-8a1c-11f0-83ad-512c7cf988b1"",""attendance_count"":50,""b.diamond"":20217,""b.ruby"":0,""boxAllCount"":7460,""curserver"":1,""install_day"":""2025-09-05"",""total_payment_amount"":83600,""user_name"":""헬고려"",""user_rank"":1959,""user_stage"":400}"
"stage_reached_400 (App)","W:23_0A:19_0","47","{""Time"":""2025-10-24 18:19:03"",""UserUUID"":""f2d6c690-7cfc-11f0-aa85-57b9a548782f"",""attendance_count"":47,""b.diamond"":998228,""b.ruby"":0,""boxAllCount"":2440,""curserver"":1,""install_day"":""2025-08-19"",""total_payment_amount"":7700,""user_name"":""몽튜"",""user_rank"":1975,""user_stage"":400}"
"stage_reached_400 (App)","W:22_0A:22_0","48","{""Time"":""2025-10-24 18:16:53"",""UserUUID"":""bdfad740-8bc0-11f0-b7cf-9b77b7548194"",""attendance_count"":48,""b.diamond"":15409,""b.ruby"":0,""boxAllCount"":23560,""curserver"":1,""install_day"":""2025-09-07"",""total_payment_amount"":7700,""user_name"":""IFONLY"",""user_rank"":1918,""user_stage"":400}"
"stage_reached_400 (App)","W:23_0A:20_0","27","{""Time"":""2025-10-24 18:11:35"",""UserUUID"":""86edbae0-9c57-11f0-9bc3-fd0e38cb9852"",""attendance_count"":27,""b.diamond"":666445,""b.ruby"":0,""boxAllCount"":8410,""curserver"":1,""install_day"":""2025-09-28"",""total_payment_amount"":235400,""user_name"":""슈바싯키"",""user_rank"":1885,""user_stage"":400}"
"stage_reached_400 (App)","W:21_0A:20_0","40","{""Time"":""2025-10-24 16:22:52"",""UserUUID"":""1b844320-84c2-11f0-901b-c99bd9645726"",""attendance_count"":40,""b.diamond"":48576,""b.ruby"":220,""boxAllCount"":6800,""curserver"":1,""install_day"":""2025-08-29"",""total_payment_amount"":40700,""user_name"":""정세바리"",""user_rank"":1885,""user_stage"":400}"
"stage_reached_400 (App)","W:10_0A:19_0","35","{""Time"":""2025-10-24 14:09:09"",""UserUUID"":""fa32fbd0-960a-11f0-af15-9d08773415dd"",""attendance_count"":35,""b.diamond"":2674,""b.ruby"":330,""boxAllCount"":3700,""curserver"":1,""install_day"":""2025-09-20"",""total_payment_amount"":11000,""user_name"":""실학자장씨"",""user_rank"":2015,""user_stage"":400}"
"stage_reached_400 (App)","W:22_0A:22_0","40","{""Time"":""2025-10-24 10:42:17"",""UserUUID"":""a6ca8e10-91c6-11f0-9be0-55f859459429"",""attendance_count"":40,""b.diamond"":150,""b.ruby"":110,""boxAllCount"":2900,""curserver"":1,""install_day"":""2025-09-14"",""total_payment_amount"":25300,""user_name"":""난세평정김태수"",""user_rank"":2035,""user_stage"":400}"
"stage_reached_400 (App)","W:23_0A:19_0","37","{""Time"":""2025-10-24 05:02:05"",""UserUUID"":""59394b70-9435-11f0-8553-fd2e9c3b479a"",""attendance_count"":37,""b.diamond"":4776,""b.ruby"":0,""boxAllCount"":6870,""curserver"":1,""install_day"":""2025-09-18"",""total_payment_amount"":7700,""user_name"":""세라핌"",""user_rank"":1881,""user_stage"":400}"
"stage_reached_400 (App)","W:23_0A:23_0","23","{""Time"":""2025-10-24 04:23:19"",""UserUUID"":""bff65750-9f83-11f0-bdae-a5dfb1fe3076"",""attendance_count"":23,""b.diamond"":34476,""b.ruby"":0,""boxAllCount"":7040,""curserver"":1,""install_day"":""2025-10-02"",""total_payment_amount"":139700,""user_name"":""류미류바"",""user_rank"":1874,""user_stage"":400}"
"stage_reached_400 (App)","W:23_0A:23_0","34","{""Time"":""2025-10-24 03:41:58"",""UserUUID"":""369488b0-9641-11f0-a35c-57b1c69c502a"",""attendance_count"":34,""b.diamond"":128632,""b.ruby"":0,""boxAllCount"":9330,""curserver"":1,""install_day"":""2025-09-20"",""total_payment_amount"":150700,""user_name"":""눈꽃사인"",""user_rank"":1899,""user_stage"":400}"
"stage_reached_400 (App)","W:23_0A:21_0","51","{""Time"":""2025-10-24 03:18:30"",""UserUUID"":""fa9fccd0-8442-11f0-9337-c700969cfeff"",""attendance_count"":51,""b.diamond"":250424,""b.ruby"":0,""boxAllCount"":6880,""curserver"":1,""install_day"":""2025-08-28"",""total_payment_amount"":7700,""user_name"":""윤이도령"",""user_rank"":1909,""user_stage"":400}"
"stage_reached_400 (App)","W:22_0A:20_0","39","{""Time"":""2025-10-24 02:49:36"",""UserUUID"":""c1804590-92f4-11f0-92f5-91802e6523d3"",""attendance_count"":39,""b.diamond"":10480,""b.ruby"":0,""boxAllCount"":6880,""curserver"":1,""install_day"":""2025-09-16"",""total_payment_amount"":7700,""user_name"":""홍태식"",""user_rank"":1888,""user_stage"":400}"
"stage_reached_400 (App)","W:23_0A:21_0","29","{""Time"":""2025-10-24 02:08:51"",""UserUUID"":""8c832660-9a28-11f0-807f-df70eabd4886"",""attendance_count"":29,""b.diamond"":3658,""b.ruby"":0,""boxAllCount"":13050,""curserver"":1,""install_day"":""2025-09-25"",""total_payment_amount"":40700,""user_name"":""국사성적0점"",""user_rank"":1872,""user_stage"":400}"
"stage_reached_400 (App)","W:23_0A:23_0","40","{""Time"":""2025-10-24 01:45:30"",""UserUUID"":""8e064ae0-90db-11f0-ac2a-9b33cc6acca5"",""attendance_count"":40,""b.diamond"":17901,""b.ruby"":0,""boxAllCount"":7320,""curserver"":1,""install_day"":""2025-09-13"",""total_payment_amount"":165000,""user_name"":""베베핑"",""user_rank"":1874,""user_stage"":400}"
"stage_reached_400 (App)","W:22_0A:19_0","48","{""Time"":""2025-10-24 01:15:51"",""UserUUID"":""32aeb380-8bef-11f0-bf4a-9da14483b2e3"",""attendance_count"":48,""b.diamond"":726588,""b.ruby"":0,""boxAllCount"":2170,""curserver"":1,""install_day"":""2025-09-07"",""total_payment_amount"":7700,""user_name"":""커피보이"",""user_rank"":1873,""user_stage"":400}"
"stage_reached_400 (App)","W:22_0A:20_0","97","{""Time"":""2025-10-24 01:02:37"",""UserUUID"":""f14d2a10-6476-11f0-934d-3b333a678e8e"",""attendance_count"":97,""b.diamond"":237253,""b.ruby"":0,""boxAllCount"":7960,""curserver"":1,""install_day"":""2025-07-19"",""total_payment_amount"":0,""user_name"":""770"",""user_rank"":1894,""user_stage"":400}"
"stage_reached_400 (App)","W:23_0A:21_0","44","{""Time"":""2025-10-24 00:30:40"",""UserUUID"":""a70e84a0-8cd3-11f0-858b-93b6916f0460"",""attendance_count"":44,""b.diamond"":4474,""b.ruby"":0,""boxAllCount"":13030,""curserver"":1,""install_day"":""2025-09-08"",""total_payment_amount"":29700,""user_name"":""chani"",""user_rank"":1885,""user_stage"":400}"
"stage_reached_400 (App)","W:23_0A:22_0","35","{""Time"":""2025-10-24 00:29:25"",""UserUUID"":""c478da60-958c-11f0-a4a0-9529ae16d8bb"",""attendance_count"":35,""b.diamond"":105711,""b.ruby"":0,""boxAllCount"":14100,""curserver"":1,""install_day"":""2025-09-19"",""total_payment_amount"":7700,""user_name"":""마리나리"",""user_rank"":1926,""user_stage"":400}"
"stage_reached_400 (App)","W:23_0A:20_0","43","{""Time"":""2025-10-24 00:22:03"",""UserUUID"":""8aeeb810-8fd2-11f0-965f-29dc59a64dc6"",""attendance_count"":43,""b.diamond"":10848,""b.ruby"":110,""boxAllCount"":8050,""curserver"":1,""install_day"":""2025-09-12"",""total_payment_amount"":44000,""user_name"":""엘죠"",""user_rank"":2077,""user_stage"":400}"
"stage_reached_400 (App)","W:21_0A:20_0","32","{""Time"":""2025-10-24 00:07:17"",""UserUUID"":""01e3c4b0-8a01-11f0-841d-e18cc1c1f157"",""attendance_count"":32,""b.diamond"":50266,""b.ruby"":0,""boxAllCount"":6780,""curserver"":1,""install_day"":""2025-09-05"",""total_payment_amount"":34100,""user_name"":""춘발이"",""user_rank"":1868,""user_stage"":400}"
"stage_reached_400 (App)","W:23_0A:21_0","83","{""Time"":""2025-10-23 20:45:51"",""UserUUID"":""e8165360-6f41-11f0-9723-733fa094f405"",""attendance_count"":83,""b.diamond"":6475268,""b.ruby"":0,""boxAllCount"":4540,""curserver"":1,""install_day"":""2025-08-02"",""total_payment_amount"":7700,""user_name"":""캐드"",""user_rank"":1869,""user_stage"":400}"
"stage_reached_400 (App)","W:23_0A:20_0","70","{""Time"":""2025-10-23 20:24:17"",""UserUUID"":""91d231d0-6f6f-11f0-9dc6-c740e199e4f0"",""attendance_count"":70,""b.diamond"":982130,""b.ruby"":220,""boxAllCount"":8020,""curserver"":1,""install_day"":""2025-08-02"",""total_payment_amount"":11000,""user_name"":""미미입니다"",""user_rank"":1865,""user_stage"":400}"
"stage_reached_400 (App)","W:24_0A:23_0","70","{""Time"":""2025-10-23 19:56:54"",""UserUUID"":""99fdc630-7780-11f0-a0ac-e994a0efdabf"",""attendance_count"":70,""b.diamond"":100737,""b.ruby"":0,""boxAllCount"":20370,""curserver"":1,""install_day"":""2025-08-12"",""total_payment_amount"":7700,""user_name"":""fly"",""user_rank"":1880,""user_stage"":400}"
"stage_reached_400 (App)","W:21_0A:19_0","40","{""Time"":""2025-10-23 18:47:36"",""UserUUID"":""3b42d350-9103-11f0-8322-c969492569d4"",""attendance_count"":40,""b.diamond"":7475,""b.ruby"":0,""boxAllCount"":3590,""curserver"":1,""install_day"":""2025-09-14"",""total_payment_amount"":7700,""user_name"":""세이구리"",""user_rank"":1868,""user_stage"":400}"
"stage_reached_400 (App)","W:22_0A:22_0","26","{""Time"":""2025-10-23 17:47:02"",""UserUUID"":""9c77c4b0-9c10-11f0-bf29-c3eb6dc5395b"",""attendance_count"":26,""b.diamond"":35967,""b.ruby"":0,""boxAllCount"":6060,""curserver"":1,""install_day"":""2025-09-28"",""total_payment_amount"":100100,""user_name"":""자니"",""user_rank"":1863,""user_stage"":400}"
"stage_reached_400 (App)","W:23_0A:22_0","29","{""Time"":""2025-10-23 17:14:42"",""UserUUID"":""8049f760-99ca-11f0-88fa-db1a2e80747b"",""attendance_count"":29,""b.diamond"":31479,""b.ruby"":0,""boxAllCount"":4820,""curserver"":1,""install_day"":""2025-09-25"",""total_payment_amount"":0,""user_name"":""피자좋아"",""user_rank"":1861,""user_stage"":400}"
"stage_reached_400 (App)","W:23_0A:22_0","27","{""Time"":""2025-10-23 12:42:41"",""UserUUID"":""f7aea1d0-9b63-11f0-bf29-c3eb6dc5395b"",""attendance_count"":27,""b.diamond"":319,""b.ruby"":0,""boxAllCount"":7200,""curserver"":1,""install_day"":""2025-09-27"",""total_payment_amount"":189200,""user_name"":""유리뎃"",""user_rank"":1865,""user_stage"":400}"
"stage_reached_400 (App)","W:23_0A:22_0","41","{""Time"":""2025-10-23 12:30:23"",""UserUUID"":""67666380-9067-11f0-9dfb-112803f5449c"",""attendance_count"":41,""b.diamond"":1457,""b.ruby"":0,""boxAllCount"":8680,""curserver"":1,""install_day"":""2025-09-13"",""total_payment_amount"":26400,""user_name"":""백씨넋두리"",""user_rank"":1860,""user_stage"":400}"
"stage_reached_400 (App)","W:22_0A:22_0","46","{""Time"":""2025-10-23 11:59:13"",""UserUUID"":""f5264851-8c04-11f0-a809-29759f3f14b5"",""attendance_count"":46,""b.diamond"":420531,""b.ruby"":0,""boxAllCount"":13340,""curserver"":1,""install_day"":""2025-09-07"",""total_payment_amount"":20900,""user_name"":""아카본"",""user_rank"":1861,""user_stage"":400}"
"stage_reached_400 (App)","W:22_0A:22_0","90","{""Time"":""2025-10-23 09:37:18"",""UserUUID"":""e8390e50-6514-11f0-998d-6361b2224259"",""attendance_count"":90,""b.diamond"":46532,""b.ruby"":0,""boxAllCount"":7060,""curserver"":1,""install_day"":""2025-07-20"",""total_payment_amount"":0,""user_name"":""땋땋"",""user_rank"":1859,""user_stage"":400}"
"stage_reached_400 (App)","W:23_0A:20_0","33","{""Time"":""2025-10-23 08:48:31"",""UserUUID"":""b3048730-9694-11f0-adf2-d984549a6b07"",""attendance_count"":33,""b.diamond"":135384,""b.ruby"":0,""boxAllCount"":7170,""curserver"":1,""install_day"":""2025-09-21"",""total_payment_amount"":18700,""user_name"":""난세묘은"",""user_rank"":1856,""user_stage"":400}"
"stage_reached_400 (App)","W:24_0A:20_0","58","{""Time"":""2025-10-23 08:24:43"",""UserUUID"":""6a457230-6b05-11f0-8a36-cbdc4f6e0ab3"",""attendance_count"":58,""b.diamond"":10724,""b.ruby"":0,""boxAllCount"":7080,""curserver"":1,""install_day"":""2025-07-27"",""total_payment_amount"":7700,""user_name"":""하잇"",""user_rank"":1976,""user_stage"":400}"
"stage_reached_400 (App)","W:21_0A:21_0","37","{""Time"":""2025-10-23 02:56:06"",""UserUUID"":""1adecc40-9324-11f0-99da-75df9143b78d"",""attendance_count"":37,""b.diamond"":39230,""b.ruby"":0,""boxAllCount"":6440,""curserver"":1,""install_day"":""2025-09-16"",""total_payment_amount"":29700,""user_name"":""안문숙"",""user_rank"":2015,""user_stage"":400}"
"stage_reached_400 (App)","W:22_0A:19_0","35","{""Time"":""2025-10-23 02:18:25"",""UserUUID"":""b95294a0-9302-11f0-b9c1-c349fe61fa41"",""attendance_count"":35,""b.diamond"":104567,""b.ruby"":0,""boxAllCount"":2620,""curserver"":1,""install_day"":""2025-09-16"",""total_payment_amount"":18700,""user_name"":""삐야"",""user_rank"":1854,""user_stage"":400}"
"stage_reached_400 (App)","W:23_0A:23_0","81","{""Time"":""2025-10-23 00:26:13"",""UserUUID"":""4c3ceff0-6c79-11f0-a8de-d7173687f0b3"",""attendance_count"":81,""b.diamond"":310018,""b.ruby"":0,""boxAllCount"":13560,""curserver"":1,""install_day"":""2025-07-29"",""total_payment_amount"":0,""user_name"":""아오출근하기싫어"",""user_rank"":1861,""user_stage"":400}"
"stage_reached_400 (App)","W:23_0A:20_0","61","{""Time"":""2025-10-22 20:33:06"",""UserUUID"":""334901d0-7b53-11f0-9bf3-e9a630ea57f8"",""attendance_count"":61,""b.diamond"":5033,""b.ruby"":0,""boxAllCount"":4040,""curserver"":1,""install_day"":""2025-08-17"",""total_payment_amount"":29700,""user_name"":""고니류"",""user_rank"":1868,""user_stage"":400}"
"stage_reached_400 (App)","W:23_0A:22_0","37","{""Time"":""2025-10-22 20:08:56"",""UserUUID"":""dda84480-906e-11f0-9be0-55f859459429"",""attendance_count"":37,""b.diamond"":89195,""b.ruby"":0,""boxAllCount"":3130,""curserver"":1,""install_day"":""2025-09-13"",""total_payment_amount"":7700,""user_name"":""히노얏"",""user_rank"":1857,""user_stage"":400}"
"stage_reached_400 (App)","W:23_0A:19_0","6","{""Time"":""2025-10-22 17:45:26"",""UserUUID"":""0de66bc0-ab0b-11f0-8456-276986b6c5e2"",""attendance_count"":6,""b.diamond"":1326,""b.ruby"":1980,""boxAllCount"":5790,""curserver"":1,""install_day"":""2025-10-17"",""total_payment_amount"":667700,""user_name"":""dzdzdzdz"",""user_rank"":1869,""user_stage"":400}"
"stage_reached_400 (App)","W:22_0A:20_0","29","{""Time"":""2025-10-22 15:20:24"",""UserUUID"":""c9c54a30-98e8-11f0-ba5a-8f5c4c1c7d61"",""attendance_count"":29,""b.diamond"":14780,""b.ruby"":0,""boxAllCount"":4870,""curserver"":1,""install_day"":""2025-09-24"",""total_payment_amount"":7700,""user_name"":""곰돌찡"",""user_rank"":1846,""user_stage"":400}"
"stage_reached_400 (App)","W:20_0A:19_0","32","{""Time"":""2025-10-22 14:15:07"",""UserUUID"":""0b818950-9689-11f0-a35c-57b1c69c502a"",""attendance_count"":32,""b.diamond"":131148,""b.ruby"":0,""boxAllCount"":1160,""curserver"":1,""install_day"":""2025-09-21"",""total_payment_amount"":7700,""user_name"":""행복또복"",""user_rank"":1986,""user_stage"":400}"
"stage_reached_400 (App)","W:23_0A:23_0","14","{""Time"":""2025-10-22 12:28:25"",""UserUUID"":""dcc67e10-a509-11f0-85fb-8d0bb1fdcc30"",""attendance_count"":14,""b.diamond"":100312,""b.ruby"":0,""boxAllCount"":7970,""curserver"":1,""install_day"":""2025-10-09"",""total_payment_amount"":555500,""user_name"":""마스터이"",""user_rank"":1847,""user_stage"":400}"
"stage_reached_400 (App)","W:24_0A:23_0","8","{""Time"":""2025-10-22 12:00:51"",""UserUUID"":""90291ee0-a9c9-11f0-9031-7d84a26110b6"",""attendance_count"":8,""b.diamond"":30014,""b.ruby"":0,""boxAllCount"":4170,""curserver"":1,""install_day"":""2025-10-15"",""total_payment_amount"":366300,""user_name"":""동화약"",""user_rank"":1899,""user_stage"":400}"
"stage_reached_400 (App)","W:22_0A:20_0","49","{""Time"":""2025-10-22 10:31:09"",""UserUUID"":""7f92ee10-8950-11f0-b952-7f720e5e4bb8"",""attendance_count"":49,""b.diamond"":1454263,""b.ruby"":0,""boxAllCount"":10650,""curserver"":1,""install_day"":""2025-09-04"",""total_payment_amount"":7700,""user_name"":""적호님"",""user_rank"":1844,""user_stage"":400}"
"stage_reached_400 (App)","W:23_0A:22_0","57","{""Time"":""2025-10-22 09:09:39"",""UserUUID"":""d4e74f60-8085-11f0-b5cf-59183f275e62"",""attendance_count"":57,""b.diamond"":249494,""b.ruby"":0,""boxAllCount"":10390,""curserver"":1,""install_day"":""2025-08-24"",""total_payment_amount"":7700,""user_name"":""발록"",""user_rank"":1851,""user_stage"":400}"
"stage_reached_400 (App)","W:23_0A:19_0","32","{""Time"":""2025-10-22 08:22:11"",""UserUUID"":""28894a00-96ad-11f0-adf2-d984549a6b07"",""attendance_count"":32,""b.diamond"":9404,""b.ruby"":0,""boxAllCount"":3370,""curserver"":1,""install_day"":""2025-09-21"",""total_payment_amount"":0,""user_name"":""준혁준혁"",""user_rank"":1843,""user_stage"":400}"
"stage_reached_400 (App)","W:23_0A:23_0","41","{""Time"":""2025-10-22 06:58:07"",""UserUUID"":""24ef5660-8f86-11f0-9be0-55f859459429"",""attendance_count"":41,""b.diamond"":9181,""b.ruby"":0,""boxAllCount"":16320,""curserver"":1,""install_day"":""2025-09-12"",""total_payment_amount"":7700,""user_name"":""형이"",""user_rank"":1846,""user_stage"":400}"
"stage_reached_400 (App)","W:21_0A:20_0","43","{""Time"":""2025-10-22 04:54:12"",""UserUUID"":""90291f60-8db0-11f0-b03a-1331d2fc8633"",""attendance_count"":43,""b.diamond"":14284,""b.ruby"":0,""boxAllCount"":8920,""curserver"":1,""install_day"":""2025-09-09"",""total_payment_amount"":57200,""user_name"":""로도"",""user_rank"":1862,""user_stage"":400}"
"stage_reached_400 (App)","W:22_0A:20_0","43","{""Time"":""2025-10-22 00:23:15"",""UserUUID"":""e31676b0-87a1-11f0-86ba-3d8f28f1e596"",""attendance_count"":43,""b.diamond"":2926,""b.ruby"":0,""boxAllCount"":7170,""curserver"":1,""install_day"":""2025-09-02"",""total_payment_amount"":7700,""user_name"":""팡구르"",""user_rank"":1868,""user_stage"":400}"
"stage_reached_400 (App)","W:22_0A:20_0","26","{""Time"":""2025-10-22 00:17:45"",""UserUUID"":""c68edfa0-999e-11f0-88fa-db1a2e80747b"",""attendance_count"":26,""b.diamond"":25051,""b.ruby"":0,""boxAllCount"":3030,""curserver"":1,""install_day"":""2025-09-24"",""total_payment_amount"":63800,""user_name"":""가온코믹스"",""user_rank"":1838,""user_stage"":400}"
"stage_reached_400 (App)","W:22_0A:19_0","56","{""Time"":""2025-10-21 23:39:28"",""UserUUID"":""9b417f50-6fb5-11f0-927d-9d5946ac23e8"",""attendance_count"":56,""b.diamond"":2040,""b.ruby"":0,""boxAllCount"":4370,""curserver"":1,""install_day"":""2025-08-02"",""total_payment_amount"":7700,""user_name"":""부를하늘"",""user_rank"":1843,""user_stage"":400}"
"stage_reached_400 (App)","W:22_0A:20_0","54","{""Time"":""2025-10-21 18:32:35"",""UserUUID"":""7664b630-80d0-11f0-a420-1f2ee7e7ee1e"",""attendance_count"":54,""b.diamond"":3464,""b.ruby"":0,""boxAllCount"":8490,""curserver"":1,""install_day"":""2025-08-24"",""total_payment_amount"":22000,""user_name"":""고봉산푸른정기"",""user_rank"":1846,""user_stage"":400}"
"stage_reached_400 (App)","W:23_0A:19_0","21","{""Time"":""2025-10-21 18:21:29"",""UserUUID"":""5d0a6ae0-9ead-11f0-9f82-313aaa38123f"",""attendance_count"":21,""b.diamond"":33682,""b.ruby"":0,""boxAllCount"":3120,""curserver"":1,""install_day"":""2025-10-01"",""total_payment_amount"":77000,""user_name"":""오리구조대"",""user_rank"":1845,""user_stage"":400}"
"stage_reached_400 (App)","W:23_0A:19_0","47","{""Time"":""2025-10-21 17:25:35"",""UserUUID"":""82420690-88a2-11f0-ad13-61423e93afba"",""attendance_count"":47,""b.diamond"":48619,""b.ruby"":0,""boxAllCount"":2230,""curserver"":1,""install_day"":""2025-09-03"",""total_payment_amount"":7700,""user_name"":""용I이"",""user_rank"":1902,""user_stage"":400}"
"stage_reached_400 (App)","W:22_0A:19_0","46","{""Time"":""2025-10-21 15:10:49"",""UserUUID"":""323e1440-8b27-11f0-beac-27a7871a369e"",""attendance_count"":46,""b.diamond"":6809,""b.ruby"":0,""boxAllCount"":4470,""curserver"":1,""install_day"":""2025-09-06"",""total_payment_amount"":11000,""user_name"":""판테라"",""user_rank"":1833,""user_stage"":400}"
"stage_reached_400 (App)","W:23_0A:20_0","56","{""Time"":""2025-10-21 11:27:19"",""UserUUID"":""d0377260-8337-11f0-9708-eb4af0cd5451"",""attendance_count"":56,""b.diamond"":798105,""b.ruby"":0,""boxAllCount"":14340,""curserver"":1,""install_day"":""2025-08-27"",""total_payment_amount"":7700,""user_name"":""3분카레"",""user_rank"":1838,""user_stage"":400}"
"stage_reached_400 (App)","W:23_0A:20_0","71","{""Time"":""2025-10-21 10:13:34"",""UserUUID"":""1f96e6b0-7744-11f0-b0d4-a1b5f61ef6ba"",""attendance_count"":71,""b.diamond"":55409,""b.ruby"":0,""boxAllCount"":13490,""curserver"":1,""install_day"":""2025-08-12"",""total_payment_amount"":0,""user_name"":""홀롤로"",""user_rank"":1903,""user_stage"":400}"
"stage_reached_400 (App)","W:22_0A:22_0","40","{""Time"":""2025-10-21 09:31:33"",""UserUUID"":""4d587d90-8f61-11f0-ba6b-ef242a7dedaf"",""attendance_count"":40,""b.diamond"":97283,""b.ruby"":0,""boxAllCount"":8420,""curserver"":1,""install_day"":""2025-09-11"",""total_payment_amount"":7700,""user_name"":""Dopamine"",""user_rank"":1829,""user_stage"":400}"
"stage_reached_400 (App)","W:23_0A:20_0","21","{""Time"":""2025-10-21 09:18:35"",""UserUUID"":""268cd850-9eb1-11f0-aaa9-4f15fb578232"",""attendance_count"":21,""b.diamond"":38616,""b.ruby"":0,""boxAllCount"":7570,""curserver"":1,""install_day"":""2025-10-01"",""total_payment_amount"":194700,""user_name"":""불타는짜장"",""user_rank"":1835,""user_stage"":400}"
"stage_reached_400 (App)","W:23_0A:20_0","42","{""Time"":""2025-10-21 07:04:06"",""UserUUID"":""8cf24310-8dcb-11f0-a0db-dd8f74f14da6"",""attendance_count"":42,""b.diamond"":11443,""b.ruby"":0,""boxAllCount"":6320,""curserver"":1,""install_day"":""2025-09-09"",""total_payment_amount"":7700,""user_name"":""홍es"",""user_rank"":1829,""user_stage"":400}"
"stage_reached_400 (App)","W:23_0A:20_0","22","{""Time"":""2025-10-21 04:40:59"",""UserUUID"":""f1ff4d20-a3c5-11ef-a9b0-8f986b110b05"",""attendance_count"":22,""b.diamond"":64135,""b.ruby"":0,""boxAllCount"":7740,""curserver"":0,""install_day"":""2024-11-16"",""total_payment_amount"":477100,""user_name"":""코버넌트"",""user_rank"":271,""user_stage"":400}"
"stage_reached_400 (App)","W:23_0A:22_0","38","{""Time"":""2025-10-21 02:51:37"",""UserUUID"":""cd3de550-90c8-11f0-ac2a-9b33cc6acca5"",""attendance_count"":38,""b.diamond"":98380,""b.ruby"":2200,""boxAllCount"":8210,""curserver"":1,""install_day"":""2025-09-13"",""total_payment_amount"":161700,""user_name"":""츠바려니"",""user_rank"":1827,""user_stage"":400}"
"stage_reached_400 (App)","W:23_0A:19_0","46","{""Time"":""2025-10-21 02:20:07"",""UserUUID"":""29337870-8822-11f0-9807-99ef14a4db24"",""attendance_count"":46,""b.diamond"":354548,""b.ruby"":0,""boxAllCount"":3210,""curserver"":1,""install_day"":""2025-09-02"",""total_payment_amount"":7700,""user_name"":""언제될까"",""user_rank"":1856,""user_stage"":400}"
"stage_reached_400 (App)","W:23_0A:23_0","4","{""Time"":""2025-10-21 02:08:01"",""UserUUID"":""14779790-aba9-11f0-a4e4-359faca7a9a2"",""attendance_count"":4,""b.diamond"":1001144,""b.ruby"":2860,""boxAllCount"":21680,""curserver"":1,""install_day"":""2025-10-17"",""total_payment_amount"":975700,""user_name"":""Dorobo"",""user_rank"":1962,""user_stage"":400}"
"stage_reached_400 (App)","W:23_0A:19_0","7","{""Time"":""2025-10-21 01:50:56"",""UserUUID"":""3b9abc20-a911-11f0-9668-213e8d979413"",""attendance_count"":7,""b.diamond"":124760,""b.ruby"":1540,""boxAllCount"":3070,""curserver"":1,""install_day"":""2025-10-14"",""total_payment_amount"":311300,""user_name"":""백두리안"",""user_rank"":1844,""user_stage"":400}"
"stage_reached_400 (App)","W:22_0A:21_0","63","{""Time"":""2025-10-21 01:27:52"",""UserUUID"":""cab00050-7db5-11f0-a40d-073ecb44f9ba"",""attendance_count"":63,""b.diamond"":262213,""b.ruby"":0,""boxAllCount"":22110,""curserver"":1,""install_day"":""2025-08-20"",""total_payment_amount"":7700,""user_name"":""프롬은"",""user_rank"":1876,""user_stage"":400}"
"stage_reached_400 (App)","W:23_0A:21_0","35","{""Time"":""2025-10-20 23:52:14"",""UserUUID"":""91592f00-9252-11f0-b44b-59838f3a1688"",""attendance_count"":35,""b.diamond"":380078,""b.ruby"":0,""boxAllCount"":4870,""curserver"":1,""install_day"":""2025-09-15"",""total_payment_amount"":62700,""user_name"":""낙군"",""user_rank"":1824,""user_stage"":400}"
"stage_reached_400 (App)","W:22_0A:20_0","41","{""Time"":""2025-10-20 22:50:24"",""UserUUID"":""2d5ae3d0-8eed-11f0-88ed-f7c1a699006a"",""attendance_count"":41,""b.diamond"":104379,""b.ruby"":0,""boxAllCount"":7910,""curserver"":1,""install_day"":""2025-09-11"",""total_payment_amount"":27500,""user_name"":""케이원"",""user_rank"":1822,""user_stage"":400}"
"stage_reached_400 (App)","W:21_0A:21_0","39","{""Time"":""2025-10-20 18:46:11"",""UserUUID"":""bc26b8f0-cf12-11ef-b95f-ebaeff332cc0"",""attendance_count"":39,""b.diamond"":31794,""b.ruby"":0,""boxAllCount"":5040,""curserver"":0,""install_day"":""2025-01-10"",""total_payment_amount"":11000,""user_name"":""주상전하"",""user_rank"":263,""user_stage"":400}"
"stage_reached_400 (App)","W:23_0A:20_0","18","{""Time"":""2025-10-20 15:15:59"",""UserUUID"":""d50f8160-a001-11f0-8279-4941b6b1a3ad"",""attendance_count"":18,""b.diamond"":10734,""b.ruby"":0,""boxAllCount"":9440,""curserver"":1,""install_day"":""2025-10-03"",""total_payment_amount"":234300,""user_name"":""전출"",""user_rank"":1823,""user_stage"":400}"
"stage_reached_400 (App)","W:23_0A:20_0","35","{""Time"":""2025-10-20 11:25:58"",""UserUUID"":""50a7cf40-9188-11f0-9be0-55f859459429"",""attendance_count"":35,""b.diamond"":108568,""b.ruby"":0,""boxAllCount"":5030,""curserver"":1,""install_day"":""2025-09-14"",""total_payment_amount"":40700,""user_name"":""뿅망치"",""user_rank"":1848,""user_stage"":400}"
"stage_reached_400 (App)","W:21_0A:23_0","63","{""Time"":""2025-10-20 11:19:11"",""UserUUID"":""a100ec70-b096-11ef-b79e-71cbcc9fed2c"",""attendance_count"":63,""b.diamond"":4394,""b.ruby"":0,""boxAllCount"":10430,""curserver"":0,""install_day"":""2024-12-02"",""total_payment_amount"":0,""user_name"":""맘대로해"",""user_rank"":263,""user_stage"":400}"
"stage_reached_400 (App)","W:22_0A:23_0","63","{""Time"":""2025-10-20 06:32:29"",""UserUUID"":""17652030-7cba-11f0-b1c1-2f88f2a37005"",""attendance_count"":63,""b.diamond"":1132,""b.ruby"":0,""boxAllCount"":16720,""curserver"":1,""install_day"":""2025-08-19"",""total_payment_amount"":7700,""user_name"":""a별별"",""user_rank"":1819,""user_stage"":400}"
"stage_reached_400 (App)","W:21_0A:22_0","51","{""Time"":""2025-10-20 06:24:25"",""UserUUID"":""ffbd4a40-83b5-11f0-a9c8-c7bca726ff16"",""attendance_count"":51,""b.diamond"":55050,""b.ruby"":0,""boxAllCount"":11110,""curserver"":1,""install_day"":""2025-08-28"",""total_payment_amount"":14300,""user_name"":""나르는곰탱이"",""user_rank"":1817,""user_stage"":400}"
"stage_reached_400 (App)","W:22_0A:19_0","85","{""Time"":""2025-10-20 03:25:01"",""UserUUID"":""b2163840-6ba2-11f0-a181-7d0fbb0b8246"",""attendance_count"":85,""b.diamond"":369895,""b.ruby"":0,""boxAllCount"":4740,""curserver"":1,""install_day"":""2025-07-28"",""total_payment_amount"":0,""user_name"":""mg42"",""user_rank"":1814,""user_stage"":400}"
"stage_reached_400 (App)","W:23_0A:20_0","23","{""Time"":""2025-10-20 03:21:40"",""UserUUID"":""a72fed70-9c78-11f0-bf29-c3eb6dc5395b"",""attendance_count"":23,""b.diamond"":17779,""b.ruby"":0,""boxAllCount"":7530,""curserver"":1,""install_day"":""2025-09-28"",""total_payment_amount"":133100,""user_name"":""사과선물"",""user_rank"":1843,""user_stage"":400}"
"stage_reached_400 (App)","W:22_0A:20_0","40","{""Time"":""2025-10-20 02:44:14"",""UserUUID"":""46993780-8eb0-11f0-bcc3-47a9fb44b10c"",""attendance_count"":40,""b.diamond"":65823,""b.ruby"":0,""boxAllCount"":4480,""curserver"":1,""install_day"":""2025-09-11"",""total_payment_amount"":51700,""user_name"":""태양초"",""user_rank"":1813,""user_stage"":400}"
"stage_reached_400 (App)","W:23_0A:21_0","91","{""Time"":""2025-10-20 02:04:01"",""UserUUID"":""700e23a0-623c-11f0-853f-4567daacb8e8"",""attendance_count"":91,""b.diamond"":16084,""b.ruby"":0,""boxAllCount"":14230,""curserver"":1,""install_day"":""2025-07-16"",""total_payment_amount"":0,""user_name"":""힌둥이"",""user_rank"":1821,""user_stage"":400}"
"stage_reached_400 (App)","W:23_0A:23_0","46","{""Time"":""2025-10-20 01:19:08"",""UserUUID"":""774f3250-8a49-11f0-9732-85a1939f3932"",""attendance_count"":46,""b.diamond"":27702,""b.ruby"":0,""boxAllCount"":6640,""curserver"":1,""install_day"":""2025-09-05"",""total_payment_amount"":7700,""user_name"":""고흐민"",""user_rank"":1814,""user_stage"":400}"
"stage_reached_400 (App)","W:23_0A:20_0","74","{""Time"":""2025-10-20 01:00:32"",""UserUUID"":""c82c5670-7032-11f0-ae9d-951783fc868c"",""attendance_count"":74,""b.diamond"":11765,""b.ruby"":0,""boxAllCount"":2290,""curserver"":1,""install_day"":""2025-08-03"",""total_payment_amount"":0,""user_name"":""브리츠"",""user_rank"":1842,""user_stage"":400}"
"stage_reached_400 (App)","W:23_0A:20_0","4","{""Time"":""2025-10-19 22:27:14"",""UserUUID"":""1c380ba0-aa86-11f0-a2f0-15c42e234c2a"",""attendance_count"":4,""b.diamond"":232281,""b.ruby"":24530,""boxAllCount"":6970,""curserver"":1,""install_day"":""2025-10-16"",""total_payment_amount"":777700,""user_name"":""만복"",""user_rank"":2051,""user_stage"":400}"
"stage_reached_400 (App)","W:23_0A:20_0","76","{""Time"":""2025-10-19 21:13:16"",""UserUUID"":""5555a110-6d03-11f0-9497-07950a6b2df0"",""attendance_count"":76,""b.diamond"":11013,""b.ruby"":0,""boxAllCount"":3960,""curserver"":1,""install_day"":""2025-07-30"",""total_payment_amount"":0,""user_name"":""atto"",""user_rank"":1808,""user_stage"":400}"
"stage_reached_400 (App)","W:23_0A:20_0","66","{""Time"":""2025-10-19 18:03:59"",""UserUUID"":""89cbe760-6a8d-11f0-b350-274e47244e62"",""attendance_count"":66,""b.diamond"":116355,""b.ruby"":0,""boxAllCount"":8320,""curserver"":1,""install_day"":""2025-07-27"",""total_payment_amount"":7700,""user_name"":""전자램지"",""user_rank"":1808,""user_stage"":400}"
"stage_reached_400 (App)","W:22_0A:19_0","26","{""Time"":""2025-10-19 15:13:25"",""UserUUID"":""eb58a620-990f-11f0-84fb-111c0dcc8289"",""attendance_count"":26,""b.diamond"":42826,""b.ruby"":330,""boxAllCount"":1630,""curserver"":1,""install_day"":""2025-09-24"",""total_payment_amount"":95700,""user_name"":""성님나왔소"",""user_rank"":1834,""user_stage"":400}"
"stage_reached_400 (App)","W:22_0A:22_0","51","{""Time"":""2025-10-19 14:40:45"",""UserUUID"":""2016fb50-856a-11f0-99db-5f260a0f685b"",""attendance_count"":51,""b.diamond"":495821,""b.ruby"":0,""boxAllCount"":7270,""curserver"":1,""install_day"":""2025-08-30"",""total_payment_amount"":7700,""user_name"":""무무뭉"",""user_rank"":1826,""user_stage"":400}"
"stage_reached_400 (App)","W:21_0A:20_0","45","{""Time"":""2025-10-19 14:32:26"",""UserUUID"":""f8ee8620-85bd-11f0-9fbe-630b29f03b5c"",""attendance_count"":45,""b.diamond"":30934,""b.ruby"":0,""boxAllCount"":6590,""curserver"":1,""install_day"":""2025-08-30"",""total_payment_amount"":16500,""user_name"":""73664"",""user_rank"":1808,""user_stage"":400}"
"stage_reached_400 (App)","W:22_0A:20_0","44","{""Time"":""2025-10-19 13:15:28"",""UserUUID"":""fdc31b30-8af8-11f0-853c-abda180945f6"",""attendance_count"":44,""b.diamond"":209107,""b.ruby"":0,""boxAllCount"":15200,""curserver"":1,""install_day"":""2025-09-06"",""total_payment_amount"":7700,""user_name"":""잭슨신"",""user_rank"":1812,""user_stage"":400}"
"stage_reached_400 (App)","W:22_0A:21_0","60","{""Time"":""2025-10-19 12:34:39"",""UserUUID"":""2dd44350-7f67-11f0-b38d-8b9fa53314a3"",""attendance_count"":60,""b.diamond"":216173,""b.ruby"":0,""boxAllCount"":8140,""curserver"":1,""install_day"":""2025-08-22"",""total_payment_amount"":7700,""user_name"":""여니니"",""user_rank"":1800,""user_stage"":400}"
"stage_reached_400 (App)","W:23_0A:19_0","26","{""Time"":""2025-10-19 11:35:02"",""UserUUID"":""09548bd0-9929-11f0-a5ef-47d65b6cc528"",""attendance_count"":26,""b.diamond"":1380,""b.ruby"":0,""boxAllCount"":3450,""curserver"":1,""install_day"":""2025-09-24"",""total_payment_amount"":29700,""user_name"":""바위게"",""user_rank"":1799,""user_stage"":400}"
"stage_reached_400 (App)","W:23_0A:20_0","31","{""Time"":""2025-10-19 10:01:28"",""UserUUID"":""a1c79ae0-952f-11f0-aea7-67e7d826a251"",""attendance_count"":31,""b.diamond"":33395,""b.ruby"":0,""boxAllCount"":13180,""curserver"":1,""install_day"":""2025-09-19"",""total_payment_amount"":250800,""user_name"":""주삐리나"",""user_rank"":1795,""user_stage"":400}"
"stage_reached_400 (App)","W:22_0A:21_0","41","{""Time"":""2025-10-19 09:23:40"",""UserUUID"":""abb41470-8d6e-11f0-995d-b58e73cdc1a3"",""attendance_count"":41,""b.diamond"":134027,""b.ruby"":0,""boxAllCount"":6360,""curserver"":1,""install_day"":""2025-09-09"",""total_payment_amount"":14300,""user_name"":""극락주식회사"",""user_rank"":1800,""user_stage"":400}"
"stage_reached_400 (App)","W:23_0A:21_0","48","{""Time"":""2025-10-19 08:57:26"",""UserUUID"":""a93e0810-879f-11f0-a175-69a635a979c8"",""attendance_count"":48,""b.diamond"":673767,""b.ruby"":0,""boxAllCount"":16770,""curserver"":1,""install_day"":""2025-09-02"",""total_payment_amount"":7700,""user_name"":""지금시작"",""user_rank"":1795,""user_stage"":400}"
"stage_reached_400 (App)","W:23_0A:22_0","39","{""Time"":""2025-10-19 00:31:46"",""UserUUID"":""c0c59eb0-8eef-11f0-9ad1-0f3cfe0f55b8"",""attendance_count"":39,""b.diamond"":129696,""b.ruby"":0,""boxAllCount"":3950,""curserver"":1,""install_day"":""2025-09-11"",""total_payment_amount"":27500,""user_name"":""이남길"",""user_rank"":1795,""user_stage"":400}"
"stage_reached_400 (App)","W:23_0A:23_0","17","{""Time"":""2025-10-19 00:06:17"",""UserUUID"":""08c1aa31-a046-11f0-8057-e96164e29cdc"",""attendance_count"":17,""b.diamond"":87013,""b.ruby"":0,""boxAllCount"":8850,""curserver"":1,""install_day"":""2025-10-03"",""total_payment_amount"":371800,""user_name"":""알도"",""user_rank"":1793,""user_stage"":400}"
"stage_reached_400 (App)","W:22_0A:19_0","62","{""Time"":""2025-10-18 21:03:28"",""UserUUID"":""703ff600-7c3b-11f0-928e-e928beb430b1"",""attendance_count"":62,""b.diamond"":38214,""b.ruby"":0,""boxAllCount"":3640,""curserver"":1,""install_day"":""2025-08-18"",""total_payment_amount"":0,""user_name"":""보니반카트"",""user_rank"":1792,""user_stage"":400}"
"stage_reached_400 (App)","W:23_0A:22_0","69","{""Time"":""2025-10-18 20:33:05"",""UserUUID"":""067b40f0-72c5-11f0-b3db-27c3afcc7fa0"",""attendance_count"":69,""b.diamond"":107556,""b.ruby"":0,""boxAllCount"":18810,""curserver"":1,""install_day"":""2025-08-06"",""total_payment_amount"":7700,""user_name"":""jun82"",""user_rank"":1813,""user_stage"":400}"
"stage_reached_400 (App)","W:22_0A:20_0","41","{""Time"":""2025-10-18 20:06:06"",""UserUUID"":""585e87e0-8b9a-11f0-a58f-ff80c6937fa6"",""attendance_count"":41,""b.diamond"":135045,""b.ruby"":0,""boxAllCount"":1630,""curserver"":1,""install_day"":""2025-09-07"",""total_payment_amount"":7700,""user_name"":""기학"",""user_rank"":1822,""user_stage"":400}"
"stage_reached_400 (App)","W:23_0A:21_0","37","{""Time"":""2025-10-18 15:50:10"",""UserUUID"":""9c6fd941-8d19-11f0-99ff-af23914668a6"",""attendance_count"":37,""b.diamond"":24762,""b.ruby"":0,""boxAllCount"":16310,""curserver"":1,""install_day"":""2025-09-09"",""total_payment_amount"":7700,""user_name"":""쏘쥬"",""user_rank"":1812,""user_stage"":400}"
"stage_reached_400 (App)","W:23_0A:21_0","35","{""Time"":""2025-10-18 15:00:59"",""UserUUID"":""a162d800-9131-11f0-866d-833d630eece1"",""attendance_count"":35,""b.diamond"":7146,""b.ruby"":0,""boxAllCount"":23840,""curserver"":1,""install_day"":""2025-09-14"",""total_payment_amount"":7700,""user_name"":""서은"",""user_rank"":1812,""user_stage"":400}"
"stage_reached_400 (App)","W:23_0A:19_0","48","{""Time"":""2025-10-18 13:56:45"",""UserUUID"":""00d92600-86e1-11f0-9ef2-1f935111c500"",""attendance_count"":48,""b.diamond"":17595,""b.ruby"":0,""boxAllCount"":5160,""curserver"":1,""install_day"":""2025-09-01"",""total_payment_amount"":7700,""user_name"":""우유악마"",""user_rank"":1787,""user_stage"":400}"
"stage_reached_400 (App)","W:23_0A:20_0","50","{""Time"":""2025-10-18 12:44:21"",""UserUUID"":""071f4580-7cff-11f0-b272-5fb58f2e9930"",""attendance_count"":50,""b.diamond"":169212,""b.ruby"":0,""boxAllCount"":6400,""curserver"":1,""install_day"":""2025-08-19"",""total_payment_amount"":7700,""user_name"":""난Say표류기"",""user_rank"":1791,""user_stage"":400}"
"stage_reached_400 (App)","W:23_0A:19_0","36","{""Time"":""2025-10-18 11:29:01"",""UserUUID"":""3c9f2050-9045-11f0-9be0-55f859459429"",""attendance_count"":36,""b.diamond"":6025,""b.ruby"":0,""boxAllCount"":3920,""curserver"":1,""install_day"":""2025-09-13"",""total_payment_amount"":7700,""user_name"":""긴따꽁"",""user_rank"":1799,""user_stage"":400}"
"stage_reached_400 (App)","W:23_0A:20_0","62","{""Time"":""2025-10-18 10:03:59"",""UserUUID"":""d83ad710-7b6a-11f0-9fa9-191b0c1262fd"",""attendance_count"":62,""b.diamond"":9000,""b.ruby"":0,""boxAllCount"":7960,""curserver"":1,""install_day"":""2025-08-17"",""total_payment_amount"":7700,""user_name"":""넹넹난세"",""user_rank"":1815,""user_stage"":400}"
"stage_reached_400 (App)","W:23_0A:20_0","35","{""Time"":""2025-10-18 09:59:30"",""UserUUID"":""47f86070-9170-11f0-83ef-a93379ab6bdf"",""attendance_count"":35,""b.diamond"":328982,""b.ruby"":0,""boxAllCount"":8360,""curserver"":1,""install_day"":""2025-09-14"",""total_payment_amount"":7700,""user_name"":""검은티"",""user_rank"":1793,""user_stage"":400}"
"stage_reached_400 (App)","W:22_0A:22_0","39","{""Time"":""2025-10-18 03:47:58"",""UserUUID"":""31248f80-8dfc-11f0-b6a0-7d1905975fdc"",""attendance_count"":39,""b.diamond"":265801,""b.ruby"":0,""boxAllCount"":6870,""curserver"":1,""install_day"":""2025-09-10"",""total_payment_amount"":7700,""user_name"":""초심"",""user_rank"":1787,""user_stage"":400}"
"stage_reached_400 (App)","W:22_0A:20_0","36","{""Time"":""2025-10-18 01:47:24"",""UserUUID"":""c0b71050-8d9d-11f0-ab26-6fd8aa8ae8c8"",""attendance_count"":36,""b.diamond"":650132,""b.ruby"":0,""boxAllCount"":3280,""curserver"":1,""install_day"":""2025-09-09"",""total_payment_amount"":36300,""user_name"":""Handai"",""user_rank"":1788,""user_stage"":400}"
"stage_reached_400 (App)","W:22_0A:19_0","35","{""Time"":""2025-10-18 01:20:31"",""UserUUID"":""2f31fb80-9163-11f0-9be0-55f859459429"",""attendance_count"":35,""b.diamond"":144723,""b.ruby"":220,""boxAllCount"":4030,""curserver"":1,""install_day"":""2025-09-14"",""total_payment_amount"":51700,""user_name"":""미니핀"",""user_rank"":1939,""user_stage"":400}"
"stage_reached_400 (App)","W:20_0A:19_0","31","{""Time"":""2025-10-18 00:35:30"",""UserUUID"":""2be56a21-9438-11f0-bde0-2f07bfdeaf4a"",""attendance_count"":31,""b.diamond"":22993,""b.ruby"":0,""boxAllCount"":3730,""curserver"":1,""install_day"":""2025-09-18"",""total_payment_amount"":7700,""user_name"":""병하"",""user_rank"":1799,""user_stage"":400}"
"stage_reached_400 (App)","W:22_0A:21_0","37","{""Time"":""2025-10-18 00:28:28"",""UserUUID"":""1b841a30-8f85-11f0-a643-190bba69ede5"",""attendance_count"":37,""b.diamond"":121838,""b.ruby"":0,""boxAllCount"":6340,""curserver"":1,""install_day"":""2025-09-12"",""total_payment_amount"":28600,""user_name"":""양전하"",""user_rank"":1781,""user_stage"":400}"
"stage_reached_400 (App)","W:22_0A:19_0","71","{""Time"":""2025-10-17 23:29:03"",""UserUUID"":""6ae58da0-64c1-11f0-9cbb-d577723cbc86"",""attendance_count"":71,""b.diamond"":1008560,""b.ruby"":330,""boxAllCount"":3350,""curserver"":1,""install_day"":""2025-07-19"",""total_payment_amount"":11000,""user_name"":""박가네"",""user_rank"":1902,""user_stage"":400}"
"stage_reached_400 (App)","W:23_0A:20_0","30","{""Time"":""2025-10-17 22:39:24"",""UserUUID"":""6455d2c0-9486-11f0-bb0d-d17914868644"",""attendance_count"":30,""b.diamond"":66038,""b.ruby"":0,""boxAllCount"":10330,""curserver"":1,""install_day"":""2025-09-18"",""total_payment_amount"":11000,""user_name"":""벨리"",""user_rank"":1876,""user_stage"":400}"
"stage_reached_400 (App)","W:24_1A:23_0","61","{""Time"":""2025-10-17 22:36:33"",""UserUUID"":""bcd09960-7afc-11f0-89a3-b7f05890deaa"",""attendance_count"":61,""b.diamond"":5783784,""b.ruby"":0,""boxAllCount"":6740,""curserver"":1,""install_day"":""2025-08-16"",""total_payment_amount"":392700,""user_name"":""다미보이"",""user_rank"":2008,""user_stage"":400}"
"stage_reached_400 (App)","W:22_0A:19_0","66","{""Time"":""2025-10-17 19:35:38"",""UserUUID"":""6188bed0-69ee-11f0-9adb-01ec0e539aaf"",""attendance_count"":66,""b.diamond"":62260,""b.ruby"":0,""boxAllCount"":3610,""curserver"":1,""install_day"":""2025-07-26"",""total_payment_amount"":0,""user_name"":""이빨괴물에이미"",""user_rank"":1831,""user_stage"":400}"
"stage_reached_400 (App)","W:21_0A:20_0","24","{""Time"":""2025-10-17 19:15:16"",""UserUUID"":""a1f5a480-98b8-11f0-85c6-63abc072b1a5"",""attendance_count"":24,""b.diamond"":7167,""b.ruby"":440,""boxAllCount"":6750,""curserver"":1,""install_day"":""2025-09-23"",""total_payment_amount"":150700,""user_name"":""준형"",""user_rank"":1778,""user_stage"":400}"
"stage_reached_400 (App)","W:23_0A:22_0","70","{""Time"":""2025-10-17 18:08:39"",""UserUUID"":""ceacfe80-73a4-11f0-8c53-e5cf340cc036"",""attendance_count"":70,""b.diamond"":361725,""b.ruby"":0,""boxAllCount"":7460,""curserver"":1,""install_day"":""2025-08-07"",""total_payment_amount"":11000,""user_name"":""댕심"",""user_rank"":1806,""user_stage"":400}"
"stage_reached_400 (App)","W:22_0A:19_0","58","{""Time"":""2025-10-17 17:21:36"",""UserUUID"":""f929c7b0-640e-11f0-877d-c952436514c7"",""attendance_count"":58,""b.diamond"":2694,""b.ruby"":0,""boxAllCount"":3740,""curserver"":1,""install_day"":""2025-07-18"",""total_payment_amount"":0,""user_name"":""망기"",""user_rank"":1790,""user_stage"":400}"
"stage_reached_400 (App)","W:22_0A:19_0","41","{""Time"":""2025-10-17 16:11:47"",""UserUUID"":""da55d880-8ab8-11f0-ac60-dd4ffd368f2a"",""attendance_count"":41,""b.diamond"":110959,""b.ruby"":0,""boxAllCount"":2880,""curserver"":1,""install_day"":""2025-09-06"",""total_payment_amount"":7700,""user_name"":""해소래비"",""user_rank"":1778,""user_stage"":400}"
"stage_reached_400 (App)","W:22_0A:20_0","31","{""Time"":""2025-10-17 13:48:54"",""UserUUID"":""ef08ad40-9416-11f0-b168-796d4daf1ae7"",""attendance_count"":31,""b.diamond"":5560,""b.ruby"":0,""boxAllCount"":4210,""curserver"":1,""install_day"":""2025-09-17"",""total_payment_amount"":7700,""user_name"":""2기갑"",""user_rank"":1848,""user_stage"":400}"
"stage_reached_400 (App)","W:23_0A:23_0","29","{""Time"":""2025-10-17 13:01:12"",""UserUUID"":""34d22870-94f2-11f0-94e1-6fe9a6c32fa1"",""attendance_count"":29,""b.diamond"":109641,""b.ruby"":110,""boxAllCount"":10700,""curserver"":1,""install_day"":""2025-09-19"",""total_payment_amount"":469700,""user_name"":""아라리요궁"",""user_rank"":1891,""user_stage"":400}"
"stage_reached_400 (App)","W:22_0A:20_0","48","{""Time"":""2025-10-17 11:39:33"",""UserUUID"":""0b0e78f1-8632-11f0-8137-398b9c63c3d2"",""attendance_count"":48,""b.diamond"":205930,""b.ruby"":0,""boxAllCount"":6760,""curserver"":1,""install_day"":""2025-08-31"",""total_payment_amount"":0,""user_name"":""대자"",""user_rank"":1786,""user_stage"":400}"
"stage_reached_400 (App)","W:23_0A:20_0","32","{""Time"":""2025-10-17 11:22:31"",""UserUUID"":""4b0aeb00-9249-11f0-a709-018372414e4d"",""attendance_count"":32,""b.diamond"":3933,""b.ruby"":0,""boxAllCount"":6370,""curserver"":1,""install_day"":""2025-09-15"",""total_payment_amount"":7700,""user_name"":""높은낮은중간"",""user_rank"":1772,""user_stage"":400}"
"stage_reached_400 (App)","W:23_0A:22_0","18","{""Time"":""2025-10-17 10:39:49"",""UserUUID"":""28962b00-9def-11f0-8c53-0da93312da40"",""attendance_count"":18,""b.diamond"":297915,""b.ruby"":5720,""boxAllCount"":5660,""curserver"":1,""install_day"":""2025-09-30"",""total_payment_amount"":392700,""user_name"":""포동포동용가리"",""user_rank"":1775,""user_stage"":400}"
"stage_reached_400 (App)","W:23_0A:21_0","18","{""Time"":""2025-10-17 09:39:43"",""UserUUID"":""868ad080-9dae-11f0-ac3e-91241303dc51"",""attendance_count"":18,""b.diamond"":209811,""b.ruby"":0,""boxAllCount"":6890,""curserver"":1,""install_day"":""2025-09-30"",""total_payment_amount"":64900,""user_name"":""몫추"",""user_rank"":1772,""user_stage"":400}"
"stage_reached_400 (App)","W:23_0A:20_0","5","{""Time"":""2025-10-17 08:40:35"",""UserUUID"":""65318070-a784-11f0-a16f-5f47eac256d9"",""attendance_count"":5,""b.diamond"":10534,""b.ruby"":0,""boxAllCount"":2010,""curserver"":1,""install_day"":""2025-10-12"",""total_payment_amount"":370700,""user_name"":""유션"",""user_rank"":1776,""user_stage"":400}"
"stage_reached_400 (App)","W:23_0A:21_0","55","{""Time"":""2025-10-17 04:14:47"",""UserUUID"":""bb85d1b0-7f61-11f0-b38d-8b9fa53314a3"",""attendance_count"":55,""b.diamond"":377107,""b.ruby"":0,""boxAllCount"":6560,""curserver"":1,""install_day"":""2025-08-22"",""total_payment_amount"":9900,""user_name"":""tanklife"",""user_rank"":1911,""user_stage"":400}"
"stage_reached_400 (App)","W:24_0A:22_0","55","{""Time"":""2025-10-17 02:54:39"",""UserUUID"":""e0886550-7fec-11f0-983d-1f559f6e3941"",""attendance_count"":55,""b.diamond"":22739,""b.ruby"":0,""boxAllCount"":25040,""curserver"":1,""install_day"":""2025-08-23"",""total_payment_amount"":106700,""user_name"":""심청오빠"",""user_rank"":1765,""user_stage"":400}"
"stage_reached_400 (App)","W:20_0A:22_0","25","{""Time"":""2025-10-17 02:22:20"",""UserUUID"":""ed5fcad0-97dd-11f0-84ce-f9e7426f735d"",""attendance_count"":25,""b.diamond"":1845,""b.ruby"":0,""boxAllCount"":2210,""curserver"":1,""install_day"":""2025-09-22"",""total_payment_amount"":40700,""user_name"":""후각"",""user_rank"":1893,""user_stage"":400}"
"stage_reached_400 (App)","W:21_0A:20_0","36","{""Time"":""2025-10-17 02:09:13"",""UserUUID"":""cdb32a60-8f1d-11f0-97e6-9dc6ab38f689"",""attendance_count"":36,""b.diamond"":29090,""b.ruby"":0,""boxAllCount"":3210,""curserver"":1,""install_day"":""2025-09-11"",""total_payment_amount"":7700,""user_name"":""에이땅"",""user_rank"":1777,""user_stage"":400}"
"stage_reached_400 (App)","W:23_0A:22_0","21","{""Time"":""2025-10-17 00:34:29"",""UserUUID"":""874c9650-9aef-11f0-bf29-c3eb6dc5395b"",""attendance_count"":21,""b.diamond"":40033,""b.ruby"":0,""boxAllCount"":4450,""curserver"":1,""install_day"":""2025-09-26"",""total_payment_amount"":194700,""user_name"":""은둥쓰"",""user_rank"":1772,""user_stage"":400}"
"stage_reached_400 (App)","W:23_0A:20_0","45","{""Time"":""2025-10-16 23:54:57"",""UserUUID"":""3a3daf00-87a5-11f0-ac4e-1baacf62606f"",""attendance_count"":45,""b.diamond"":61480,""b.ruby"":0,""boxAllCount"":6930,""curserver"":1,""install_day"":""2025-09-02"",""total_payment_amount"":7700,""user_name"":""송협지"",""user_rank"":1942,""user_stage"":400}"
"stage_reached_400 (App)","W:23_0A:19_0","51","{""Time"":""2025-10-16 23:03:53"",""UserUUID"":""4ac1a1c0-824a-11f0-9673-11cfbaf3d0f4"",""attendance_count"":51,""b.diamond"":143191,""b.ruby"":0,""boxAllCount"":3190,""curserver"":1,""install_day"":""2025-08-26"",""total_payment_amount"":7700,""user_name"":""히타"",""user_rank"":1781,""user_stage"":400}"
"stage_reached_400 (App)","W:22_0A:20_0","34","{""Time"":""2025-10-16 22:07:43"",""UserUUID"":""0188e610-9039-11f0-9dfb-112803f5449c"",""attendance_count"":34,""b.diamond"":265483,""b.ruby"":110,""boxAllCount"":6240,""curserver"":1,""install_day"":""2025-09-13"",""total_payment_amount"":25300,""user_name"":""몽양"",""user_rank"":1860,""user_stage"":400}"
"stage_reached_400 (App)","W:23_0A:20_0","52","{""Time"":""2025-10-16 21:47:41"",""UserUUID"":""1f6fc560-80b5-11f0-9757-914654f74dd9"",""attendance_count"":52,""b.diamond"":797138,""b.ruby"":0,""boxAllCount"":12530,""curserver"":1,""install_day"":""2025-08-24"",""total_payment_amount"":7700,""user_name"":""그레이세이야"",""user_rank"":1767,""user_stage"":400}"
"stage_reached_400 (App)","W:23_0A:20_0","77","{""Time"":""2025-10-16 21:30:08"",""UserUUID"":""ecb0f760-6ba2-11f0-8f80-79c9c37e8ee5"",""attendance_count"":77,""b.diamond"":308640,""b.ruby"":0,""boxAllCount"":7140,""curserver"":1,""install_day"":""2025-07-28"",""total_payment_amount"":0,""user_name"":""렌코쿠쿄쥬로"",""user_rank"":1864,""user_stage"":400}"
"stage_reached_400 (App)","W:21_0A:19_0","48","{""Time"":""2025-10-16 21:25:04"",""UserUUID"":""bfb8ebd0-853a-11f0-a7c9-c5264549a54b"",""attendance_count"":48,""b.diamond"":16401,""b.ruby"":0,""boxAllCount"":3600,""curserver"":1,""install_day"":""2025-08-30"",""total_payment_amount"":7700,""user_name"":""보키오빠"",""user_rank"":1768,""user_stage"":400}"
"stage_reached_400 (App)","W:22_0A:22_0","75","{""Time"":""2025-10-16 21:01:36"",""UserUUID"":""6a316c00-704a-11f0-ae9d-951783fc868c"",""attendance_count"":75,""b.diamond"":2933843,""b.ruby"":0,""boxAllCount"":22730,""curserver"":1,""install_day"":""2025-08-03"",""total_payment_amount"":7700,""user_name"":""gin"",""user_rank"":1898,""user_stage"":400}"
"stage_reached_400 (App)","W:23_0A:20_0","35","{""Time"":""2025-10-16 20:39:09"",""UserUUID"":""0e5eccf0-8f68-11f0-ba6b-ef242a7dedaf"",""attendance_count"":35,""b.diamond"":144412,""b.ruby"":0,""boxAllCount"":12980,""curserver"":1,""install_day"":""2025-09-11"",""total_payment_amount"":7700,""user_name"":""우우와아앙"",""user_rank"":1859,""user_stage"":400}"
"stage_reached_400 (App)","W:22_0A:20_0","45","{""Time"":""2025-10-16 20:30:26"",""UserUUID"":""4faabab0-87fd-11f0-ac24-233bed9e2279"",""attendance_count"":45,""b.diamond"":149759,""b.ruby"":0,""boxAllCount"":5300,""curserver"":1,""install_day"":""2025-09-02"",""total_payment_amount"":7700,""user_name"":""qeadws"",""user_rank"":1777,""user_stage"":400}"
"stage_reached_400 (App)","W:21_0A:19_0","53","{""Time"":""2025-10-16 17:55:17"",""UserUUID"":""3fa9bfe0-81ad-11f0-9bf7-ed9ad2210ff5"",""attendance_count"":53,""b.diamond"":142997,""b.ruby"":0,""boxAllCount"":7120,""curserver"":1,""install_day"":""2025-08-25"",""total_payment_amount"":14300,""user_name"":""이지랍"",""user_rank"":1763,""user_stage"":400}"
"stage_reached_400 (App)","W:20_0A:19_0","44","{""Time"":""2025-10-16 14:50:31"",""UserUUID"":""f87cbe40-7727-11f0-bb81-634848a07099"",""attendance_count"":44,""b.diamond"":3979,""b.ruby"":0,""boxAllCount"":1930,""curserver"":1,""install_day"":""2025-08-12"",""total_payment_amount"":42900,""user_name"":""오지다리"",""user_rank"":1755,""user_stage"":400}"
"stage_reached_400 (App)","W:22_0A:20_0","77","{""Time"":""2025-10-16 12:51:00"",""UserUUID"":""ea251c10-6a94-11f0-8032-c32c225a07c5"",""attendance_count"":77,""b.diamond"":681552,""b.ruby"":0,""boxAllCount"":8860,""curserver"":1,""install_day"":""2025-07-27"",""total_payment_amount"":7700,""user_name"":""아란시오"",""user_rank"":1749,""user_stage"":400}"
"stage_reached_400 (App)","W:23_0A:19_0","2","{""Time"":""2025-10-16 12:06:15"",""UserUUID"":""5e9a5e90-a9c2-11f0-8a73-d7dc16649a7a"",""attendance_count"":2,""b.diamond"":2185107,""b.ruby"":296120,""boxAllCount"":3250,""curserver"":1,""install_day"":""2025-10-15"",""total_payment_amount"":4407700,""user_name"":""상철이"",""user_rank"":1848,""user_stage"":400}"
"stage_reached_400 (App)","W:22_0A:20_0","49","{""Time"":""2025-10-16 11:53:19"",""UserUUID"":""6c358910-8485-11f0-b877-6b79a932a8be"",""attendance_count"":49,""b.diamond"":144729,""b.ruby"":550,""boxAllCount"":16610,""curserver"":1,""install_day"":""2025-08-29"",""total_payment_amount"":40700,""user_name"":""난세17"",""user_rank"":1771,""user_stage"":400}"
"stage_reached_400 (App)","W:22_0A:20_0","36","{""Time"":""2025-10-16 11:44:01"",""UserUUID"":""049b9910-8ee0-11f0-88ed-f7c1a699006a"",""attendance_count"":36,""b.diamond"":12235,""b.ruby"":0,""boxAllCount"":5540,""curserver"":1,""install_day"":""2025-09-11"",""total_payment_amount"":7700,""user_name"":""GOATed"",""user_rank"":1749,""user_stage"":400}"
"stage_reached_400 (App)","W:20_0A:20_0","38","{""Time"":""2025-10-16 08:50:00"",""UserUUID"":""43e39c40-8d22-11f0-a2fb-e735de811448"",""attendance_count"":38,""b.diamond"":9998,""b.ruby"":6270,""boxAllCount"":2350,""curserver"":1,""install_day"":""2025-09-09"",""total_payment_amount"":125400,""user_name"":""에헴"",""user_rank"":1802,""user_stage"":400}"
"stage_reached_400 (App)","W:23_0A:20_0","73","{""Time"":""2025-10-16 08:27:45"",""UserUUID"":""a4ae4430-714d-11f0-8e99-ab2e417fc1cc"",""attendance_count"":73,""b.diamond"":278626,""b.ruby"":0,""boxAllCount"":11080,""curserver"":1,""install_day"":""2025-08-04"",""total_payment_amount"":0,""user_name"":""qwerser"",""user_rank"":1782,""user_stage"":400}"
"stage_reached_400 (App)","W:23_0A:19_0","34","{""Time"":""2025-10-16 02:45:20"",""UserUUID"":""2880ec10-904b-11f0-8d5c-936e06ae4443"",""attendance_count"":34,""b.diamond"":13444,""b.ruby"":0,""boxAllCount"":2280,""curserver"":1,""install_day"":""2025-09-13"",""total_payment_amount"":66000,""user_name"":""아포가또"",""user_rank"":1887,""user_stage"":400}"
"stage_reached_400 (App)","W:22_0A:22_0","58","{""Time"":""2025-10-16 01:04:35"",""UserUUID"":""14915530-7d06-11f0-8294-7be825ffa2d5"",""attendance_count"":58,""b.diamond"":132258,""b.ruby"":220,""boxAllCount"":13210,""curserver"":1,""install_day"":""2025-08-19"",""total_payment_amount"":29700,""user_name"":""삼둥아빠"",""user_rank"":1817,""user_stage"":400}"
"stage_reached_400 (App)","W:23_0A:22_0","42","{""Time"":""2025-10-15 21:47:17"",""UserUUID"":""b2bfb710-8990-11f0-8ac3-3136286e555f"",""attendance_count"":42,""b.diamond"":17432,""b.ruby"":330,""boxAllCount"":21810,""curserver"":1,""install_day"":""2025-09-04"",""total_payment_amount"":42900,""user_name"":""금쬭이"",""user_rank"":1742,""user_stage"":400}"
"stage_reached_400 (App)","W:22_0A:19_0","60","{""Time"":""2025-10-15 21:40:35"",""UserUUID"":""7fba6740-7b2e-11f0-96fc-f50297d478fc"",""attendance_count"":60,""b.diamond"":12889,""b.ruby"":0,""boxAllCount"":2670,""curserver"":1,""install_day"":""2025-08-17"",""total_payment_amount"":7700,""user_name"":""블러디하트"",""user_rank"":1742,""user_stage"":400}"
"stage_reached_400 (App)","W:24_1A:23_0","88","{""Time"":""2025-10-15 21:25:59"",""UserUUID"":""6e0ea580-652e-11f0-a2f9-538e8d8649bf"",""attendance_count"":88,""b.diamond"":127502,""b.ruby"":0,""boxAllCount"":23210,""curserver"":1,""install_day"":""2025-07-20"",""total_payment_amount"":0,""user_name"":""밍솔이당"",""user_rank"":1740,""user_stage"":400}"
"stage_reached_400 (App)","W:23_0A:23_0","4","{""Time"":""2025-10-15 20:04:23"",""UserUUID"":""765f3530-a762-11f0-8a45-d31b6a591896"",""attendance_count"":4,""b.diamond"":13115,""b.ruby"":990,""boxAllCount"":2050,""curserver"":1,""install_day"":""2025-10-12"",""total_payment_amount"":777700,""user_name"":""곡산"",""user_rank"":1761,""user_stage"":400}"
"stage_reached_400 (App)","W:22_0A:22_0","22","{""Time"":""2025-10-15 19:32:38"",""UserUUID"":""456d2180-989e-11f0-bc11-8f1cd342cb59"",""attendance_count"":22,""b.diamond"":289,""b.ruby"":110,""boxAllCount"":2170,""curserver"":1,""install_day"":""2025-09-23"",""total_payment_amount"":101200,""user_name"":""젬준"",""user_rank"":1746,""user_stage"":400}"
"stage_reached_400 (App)","W:23_0A:20_0","18","{""Time"":""2025-10-15 19:20:10"",""UserUUID"":""22d82700-9c3b-11f0-be99-592a843e3253"",""attendance_count"":18,""b.diamond"":33735,""b.ruby"":110,""boxAllCount"":8140,""curserver"":1,""install_day"":""2025-09-28"",""total_payment_amount"":198000,""user_name"":""초코보"",""user_rank"":1849,""user_stage"":400}"
"stage_reached_400 (App)","W:22_0A:22_0","48","{""Time"":""2025-10-15 18:18:55"",""UserUUID"":""1e087cd0-849d-11f0-97c4-dd6ffb6a2494"",""attendance_count"":48,""b.diamond"":64167,""b.ruby"":0,""boxAllCount"":16020,""curserver"":1,""install_day"":""2025-08-29"",""total_payment_amount"":99000,""user_name"":""소하동서빠"",""user_rank"":1771,""user_stage"":400}"
"stage_reached_400 (App)","W:23_0A:21_0","57","{""Time"":""2025-10-15 17:47:58"",""UserUUID"":""66274310-7a8a-11f0-b928-5ba5a8bd1e35"",""attendance_count"":57,""b.diamond"":126810,""b.ruby"":0,""boxAllCount"":18360,""curserver"":1,""install_day"":""2025-08-16"",""total_payment_amount"":7700,""user_name"":""maybe"",""user_rank"":1743,""user_stage"":400}"
"stage_reached_400 (App)","W:23_0A:22_0","54","{""Time"":""2025-10-15 14:39:50"",""UserUUID"":""6f550310-7f57-11f0-9e43-9971322aa8d3"",""attendance_count"":54,""b.diamond"":1040,""b.ruby"":0,""boxAllCount"":16820,""curserver"":1,""install_day"":""2025-08-22"",""total_payment_amount"":18700,""user_name"":""박유리"",""user_rank"":1732,""user_stage"":400}"
"stage_reached_400 (App)","W:24_0A:22_0","35","{""Time"":""2025-10-15 12:40:12"",""UserUUID"":""426442f0-8f09-11f0-842e-9169428d25e9"",""attendance_count"":35,""b.diamond"":245469,""b.ruby"":0,""boxAllCount"":10700,""curserver"":1,""install_day"":""2025-09-11"",""total_payment_amount"":183700,""user_name"":""freej"",""user_rank"":1773,""user_stage"":400}"
"stage_reached_400 (App)","W:23_0A:23_0","49","{""Time"":""2025-10-15 12:36:29"",""UserUUID"":""aea5be90-82d8-11f0-ab43-5b45cc5562f9"",""attendance_count"":49,""b.diamond"":199169,""b.ruby"":0,""boxAllCount"":7820,""curserver"":1,""install_day"":""2025-08-26"",""total_payment_amount"":51700,""user_name"":""physis"",""user_rank"":1731,""user_stage"":400}"
"stage_reached_400 (App)","W:23_0A:19_0","5","{""Time"":""2025-10-15 11:12:25"",""UserUUID"":""77c7e4a0-a6ac-11f0-8ecd-5f1339e006a7"",""attendance_count"":5,""b.diamond"":63620,""b.ruby"":0,""boxAllCount"":1560,""curserver"":1,""install_day"":""2025-10-11"",""total_payment_amount"":506000,""user_name"":""모쨔"",""user_rank"":1745,""user_stage"":400}"
"stage_reached_400 (App)","W:24_2A:22_0","57","{""Time"":""2025-10-15 11:06:09"",""UserUUID"":""b50e3920-7d96-11f0-9b51-81653eb653df"",""attendance_count"":57,""b.diamond"":81896,""b.ruby"":0,""boxAllCount"":19840,""curserver"":1,""install_day"":""2025-08-20"",""total_payment_amount"":0,""user_name"":""관우운장"",""user_rank"":1818,""user_stage"":400}"
"stage_reached_400 (App)","W:20_0A:20_0","44","{""Time"":""2025-10-15 10:28:53"",""UserUUID"":""41faab20-8747-11f0-9db4-a938e0bdb53d"",""attendance_count"":44,""b.diamond"":957033,""b.ruby"":110,""boxAllCount"":6420,""curserver"":1,""install_day"":""2025-09-01"",""total_payment_amount"":14300,""user_name"":""해멍"",""user_rank"":1804,""user_stage"":400}"
"stage_reached_400 (App)","W:22_0A:20_0","42","{""Time"":""2025-10-15 07:53:15"",""UserUUID"":""624e59a0-6b6b-11f0-b65c-c1a8117d14fc"",""attendance_count"":42,""b.diamond"":133047,""b.ruby"":0,""boxAllCount"":6810,""curserver"":1,""install_day"":""2025-07-28"",""total_payment_amount"":44000,""user_name"":""GiPARANG"",""user_rank"":1753,""user_stage"":400}"
"stage_reached_400 (App)","W:22_0A:23_0","55","{""Time"":""2025-10-15 07:42:02"",""UserUUID"":""ef707210-7f15-11f0-b914-9b7458f67a7d"",""attendance_count"":55,""b.diamond"":130434,""b.ruby"":0,""boxAllCount"":10450,""curserver"":1,""install_day"":""2025-08-22"",""total_payment_amount"":7700,""user_name"":""피의레드"",""user_rank"":1730,""user_stage"":400}"
"stage_reached_400 (App)","W:23_0A:20_0","56","{""Time"":""2025-10-15 07:32:32"",""UserUUID"":""a390f070-7e4a-11f0-9f7a-cf1a020fbb02"",""attendance_count"":56,""b.diamond"":20889,""b.ruby"":0,""boxAllCount"":11210,""curserver"":1,""install_day"":""2025-08-21"",""total_payment_amount"":7700,""user_name"":""무휼랑"",""user_rank"":1725,""user_stage"":400}"
"stage_reached_400 (App)","W:22_0A:22_0","22","{""Time"":""2025-10-15 06:20:09"",""UserUUID"":""4a782e10-9932-11f0-bc1e-691d0cefee85"",""attendance_count"":22,""b.diamond"":1271,""b.ruby"":0,""boxAllCount"":3970,""curserver"":1,""install_day"":""2025-09-24"",""total_payment_amount"":162800,""user_name"":""nalunluv"",""user_rank"":1742,""user_stage"":400}"
"stage_reached_400 (App)","W:20_0A:20_0","64","{""Time"":""2025-10-15 03:37:42"",""UserUUID"":""ec3c8c30-741d-11f0-b28e-f781f30f4b6d"",""attendance_count"":64,""b.diamond"":8217,""b.ruby"":0,""boxAllCount"":7590,""curserver"":1,""install_day"":""2025-08-08"",""total_payment_amount"":7700,""user_name"":""홍스루1"",""user_rank"":1724,""user_stage"":400}"
"stage_reached_400 (App)","W:22_0A:19_0","37","{""Time"":""2025-10-15 02:57:46"",""UserUUID"":""fcccfbd0-8cef-11f0-89bf-ef6786e5e52e"",""attendance_count"":37,""b.diamond"":16925,""b.ruby"":0,""boxAllCount"":2890,""curserver"":1,""install_day"":""2025-09-08"",""total_payment_amount"":51700,""user_name"":""김가네"",""user_rank"":1781,""user_stage"":400}"
"stage_reached_400 (App)","W:21_0A:21_0","51","{""Time"":""2025-10-15 01:57:10"",""UserUUID"":""addf86a0-824f-11f0-8db4-9ff6f2cb3a62"",""attendance_count"":51,""b.diamond"":8853,""b.ruby"":0,""boxAllCount"":5080,""curserver"":1,""install_day"":""2025-08-26"",""total_payment_amount"":7700,""user_name"":""본리동걸인"",""user_rank"":1736,""user_stage"":400}"
"stage_reached_400 (App)","W:22_0A:23_0","74","{""Time"":""2025-10-14 22:59:53"",""UserUUID"":""2532a060-6ce9-11f0-9497-07950a6b2df0"",""attendance_count"":74,""b.diamond"":1560658,""b.ruby"":0,""boxAllCount"":9030,""curserver"":1,""install_day"":""2025-07-30"",""total_payment_amount"":7700,""user_name"":""삼성의별"",""user_rank"":1721,""user_stage"":400}"
"stage_reached_400 (App)","W:23_0A:22_0","78","{""Time"":""2025-10-14 22:38:58"",""UserUUID"":""86ac7e00-6c45-11f0-a73a-89eac715ce01"",""attendance_count"":78,""b.diamond"":1617032,""b.ruby"":0,""boxAllCount"":25350,""curserver"":1,""install_day"":""2025-07-29"",""total_payment_amount"":7700,""user_name"":""메탈구피"",""user_rank"":1723,""user_stage"":400}"
"stage_reached_400 (App)","W:22_0A:21_0","88","{""Time"":""2025-10-14 20:57:11"",""UserUUID"":""e48b0bd0-64a3-11f0-b5c8-a523170b964a"",""attendance_count"":88,""b.diamond"":3465,""b.ruby"":0,""boxAllCount"":5880,""curserver"":1,""install_day"":""2025-07-19"",""total_payment_amount"":0,""user_name"":""네즈코"",""user_rank"":1731,""user_stage"":400}"
"stage_reached_400 (App)","W:23_0A:23_0","56","{""Time"":""2025-10-14 19:06:47"",""UserUUID"":""4cca17f0-7d94-11f0-9119-6f547d1662fc"",""attendance_count"":56,""b.diamond"":12675,""b.ruby"":0,""boxAllCount"":41850,""curserver"":1,""install_day"":""2025-08-20"",""total_payment_amount"":216700,""user_name"":""아오진"",""user_rank"":1884,""user_stage"":400}"
"stage_reached_400 (App)","W:21_0A:19_0","52","{""Time"":""2025-10-14 18:23:00"",""UserUUID"":""ae7f2780-80da-11f0-9359-89e3bde4afff"",""attendance_count"":52,""b.diamond"":301758,""b.ruby"":0,""boxAllCount"":2030,""curserver"":1,""install_day"":""2025-08-24"",""total_payment_amount"":7700,""user_name"":""김백약"",""user_rank"":1719,""user_stage"":400}"
"stage_reached_400 (App)","W:23_0A:19_0","50","{""Time"":""2025-10-14 16:53:41"",""UserUUID"":""502409b0-81b8-11f0-9bf7-ed9ad2210ff5"",""attendance_count"":50,""b.diamond"":5473,""b.ruby"":0,""boxAllCount"":4160,""curserver"":1,""install_day"":""2025-08-25"",""total_payment_amount"":22000,""user_name"":""뻘뻘뻘행"",""user_rank"":1779,""user_stage"":400}"
"stage_reached_400 (App)","W:22_0A:20_0","57","{""Time"":""2025-10-14 15:36:26"",""UserUUID"":""30ffe040-6aac-11f0-aabe-19fce0d146b1"",""attendance_count"":57,""b.diamond"":254064,""b.ruby"":0,""boxAllCount"":12720,""curserver"":1,""install_day"":""2025-07-27"",""total_payment_amount"":7700,""user_name"":""삳즙"",""user_rank"":1874,""user_stage"":400}"
"stage_reached_400 (App)","W:21_0A:21_0","81","{""Time"":""2025-10-14 12:57:18"",""UserUUID"":""afd800a0-69f8-11f0-9adb-01ec0e539aaf"",""attendance_count"":81,""b.diamond"":45929,""b.ruby"":0,""boxAllCount"":16040,""curserver"":1,""install_day"":""2025-07-26"",""total_payment_amount"":7700,""user_name"":""해결사헥사"",""user_rank"":1833,""user_stage"":400}"
"stage_reached_400 (App)","W:22_0A:20_0","42","{""Time"":""2025-10-14 12:20:47"",""UserUUID"":""3bc021e0-88b9-11f0-9101-77839254bff2"",""attendance_count"":42,""b.diamond"":14478,""b.ruby"":0,""boxAllCount"":7630,""curserver"":1,""install_day"":""2025-09-03"",""total_payment_amount"":7700,""user_name"":""하닉스"",""user_rank"":1820,""user_stage"":400}"
"stage_reached_400 (App)","W:21_0A:20_0","45","{""Time"":""2025-10-14 12:03:35"",""UserUUID"":""7dc07ca0-865e-11f0-be70-2d2bf7de7214"",""attendance_count"":45,""b.diamond"":15757,""b.ruby"":0,""boxAllCount"":6840,""curserver"":1,""install_day"":""2025-08-31"",""total_payment_amount"":7700,""user_name"":""백복치"",""user_rank"":1724,""user_stage"":400}"
"stage_reached_400 (App)","W:22_0A:22_0","67","{""Time"":""2025-10-14 11:19:54"",""UserUUID"":""257a8590-6aca-11f0-b787-3fd5c6c3156d"",""attendance_count"":67,""b.diamond"":61992,""b.ruby"":0,""boxAllCount"":12920,""curserver"":1,""install_day"":""2025-07-27"",""total_payment_amount"":14300,""user_name"":""이담에"",""user_rank"":1711,""user_stage"":400}"
"stage_reached_400 (App)","W:23_0A:20_0","55","{""Time"":""2025-10-14 09:44:45"",""UserUUID"":""3f9cf910-7e54-11f0-b3d0-af3e870c43a5"",""attendance_count"":55,""b.diamond"":27865,""b.ruby"":0,""boxAllCount"":4370,""curserver"":1,""install_day"":""2025-08-21"",""total_payment_amount"":0,""user_name"":""무야뭐야"",""user_rank"":1724,""user_stage"":400}"
"stage_reached_400 (App)","W:21_0A:20_0","42","{""Time"":""2025-10-14 09:09:52"",""UserUUID"":""07ccbad0-814c-11ef-896c-6b707883d646"",""attendance_count"":42,""b.diamond"":20510,""b.ruby"":0,""boxAllCount"":7440,""curserver"":0,""install_day"":""2024-10-03"",""total_payment_amount"":150700,""user_name"":""테라"",""user_rank"":253,""user_stage"":400}"
"stage_reached_400 (App)","W:20_0A:19_0","43","{""Time"":""2025-10-14 08:16:02"",""UserUUID"":""db6bae10-86c2-11f0-9f21-bf81a3a0296d"",""attendance_count"":43,""b.diamond"":196796,""b.ruby"":0,""boxAllCount"":2790,""curserver"":1,""install_day"":""2025-08-31"",""total_payment_amount"":18700,""user_name"":""전국군웅"",""user_rank"":1721,""user_stage"":400}"
"stage_reached_400 (App)","W:22_0A:19_0","37","{""Time"":""2025-10-14 06:35:30"",""UserUUID"":""92e94d10-8acc-11f0-a984-d78b2d882da4"",""attendance_count"":37,""b.diamond"":7152,""b.ruby"":0,""boxAllCount"":2160,""curserver"":1,""install_day"":""2025-09-06"",""total_payment_amount"":14300,""user_name"":""lkjhg"",""user_rank"":1705,""user_stage"":400}"
"stage_reached_400 (App)","W:24_0A:24_0","1","{""Time"":""2025-10-14 06:19:54"",""UserUUID"":""28e8d310-a85c-11f0-934b-db02321104d3"",""attendance_count"":1,""b.diamond"":1103552571,""b.ruby"":0,""boxAllCount"":60,""curserver"":1,""install_day"":""2025-10-13"",""total_payment_amount"":0,""user_name"":""쪽이"",""user_rank"":2056,""user_stage"":400}"
"stage_reached_400 (App)","W:22_0A:19_0","44","{""Time"":""2025-10-14 03:40:11"",""UserUUID"":""ab38ddf0-7b7b-11f0-ac39-e5441be67fa1"",""attendance_count"":44,""b.diamond"":138684,""b.ruby"":0,""boxAllCount"":4410,""curserver"":1,""install_day"":""2025-08-17"",""total_payment_amount"":7700,""user_name"":""쫠메"",""user_rank"":1703,""user_stage"":400}"
"stage_reached_400 (App)","W:21_0A:20_0","85","{""Time"":""2025-10-14 02:23:21"",""UserUUID"":""deefd840-6543-11f0-92e0-7b3fd025c1ff"",""attendance_count"":85,""b.diamond"":3085,""b.ruby"":330,""boxAllCount"":11400,""curserver"":1,""install_day"":""2025-07-20"",""total_payment_amount"":11000,""user_name"":""독종이"",""user_rank"":1710,""user_stage"":400}"
"stage_reached_400 (App)","W:22_0A:21_0","41","{""Time"":""2025-10-14 01:17:27"",""UserUUID"":""34a09580-88db-11f0-969d-05818baa5158"",""attendance_count"":41,""b.diamond"":1318,""b.ruby"":0,""boxAllCount"":16830,""curserver"":1,""install_day"":""2025-09-03"",""total_payment_amount"":7700,""user_name"":""오르스"",""user_rank"":1710,""user_stage"":400}"
"stage_reached_400 (App)","W:20_0A:19_0","34","{""Time"":""2025-10-14 00:19:23"",""UserUUID"":""152d0140-8ed3-11f0-9a7e-a56e29ad938b"",""attendance_count"":34,""b.diamond"":954,""b.ruby"":0,""boxAllCount"":1970,""curserver"":1,""install_day"":""2025-09-11"",""total_payment_amount"":40700,""user_name"":""덕234"",""user_rank"":1704,""user_stage"":400}"
"stage_reached_400 (App)","W:23_0A:23_0","44","{""Time"":""2025-10-13 23:23:07"",""UserUUID"":""19452b80-7930-11f0-91f5-c39ea999030a"",""attendance_count"":44,""b.diamond"":175667,""b.ruby"":0,""boxAllCount"":6860,""curserver"":1,""install_day"":""2025-08-14"",""total_payment_amount"":7700,""user_name"":""셔니"",""user_rank"":1708,""user_stage"":400}"
"stage_reached_400 (App)","W:22_0A:19_0","54","{""Time"":""2025-10-13 20:03:38"",""UserUUID"":""1fe39fd0-6f30-11f0-926b-bd6819081865"",""attendance_count"":54,""b.diamond"":120456,""b.ruby"":0,""boxAllCount"":3420,""curserver"":1,""install_day"":""2025-08-01"",""total_payment_amount"":18700,""user_name"":""제르비뉴"",""user_rank"":1701,""user_stage"":400}"
"stage_reached_400 (App)","W:23_0A:19_0","25","{""Time"":""2025-10-13 19:59:06"",""UserUUID"":""a7e746f0-961f-11f0-9c53-57c1ee0c22b9"",""attendance_count"":25,""b.diamond"":11805,""b.ruby"":0,""boxAllCount"":2400,""curserver"":1,""install_day"":""2025-09-20"",""total_payment_amount"":66000,""user_name"":""키리에어"",""user_rank"":1705,""user_stage"":400}"
"stage_reached_400 (App)","W:23_0A:22_0","79","{""Time"":""2025-10-13 19:44:32"",""UserUUID"":""26922a90-6adf-11f0-b538-6192b34d2599"",""attendance_count"":79,""b.diamond"":204803,""b.ruby"":0,""boxAllCount"":9870,""curserver"":1,""install_day"":""2025-07-27"",""total_payment_amount"":7700,""user_name"":""정후니라"",""user_rank"":1717,""user_stage"":400}"
"stage_reached_400 (App)","W:23_0A:21_0","47","{""Time"":""2025-10-13 16:43:48"",""UserUUID"":""05a09e90-83bf-11f0-b2c1-37393d9d00b2"",""attendance_count"":47,""b.diamond"":123362,""b.ruby"":0,""boxAllCount"":9370,""curserver"":1,""install_day"":""2025-08-28"",""total_payment_amount"":18700,""user_name"":""최지우"",""user_rank"":1703,""user_stage"":400}"
"stage_reached_400 (App)","W:20_0A:19_0","26","{""Time"":""2025-10-13 15:07:56"",""UserUUID"":""dd89a4c0-9236-11f0-96bd-f9725f35aa3b"",""attendance_count"":26,""b.diamond"":165627,""b.ruby"":0,""boxAllCount"":1270,""curserver"":1,""install_day"":""2025-09-15"",""total_payment_amount"":34100,""user_name"":""아윤a"",""user_rank"":1693,""user_stage"":400}"
"stage_reached_400 (App)","W:23_0A:22_0","26","{""Time"":""2025-10-13 13:10:26"",""UserUUID"":""d2a7ed80-939b-11f0-b61c-7b47d2a7e482"",""attendance_count"":26,""b.diamond"":98365,""b.ruby"":0,""boxAllCount"":7080,""curserver"":1,""install_day"":""2025-09-17"",""total_payment_amount"":84700,""user_name"":""쩡탁가족"",""user_rank"":1691,""user_stage"":400}"
"stage_reached_400 (App)","W:22_0A:20_0","55","{""Time"":""2025-10-13 12:40:39"",""UserUUID"":""75261a31-7d37-11f0-9f8c-8f161b55f415"",""attendance_count"":55,""b.diamond"":258031,""b.ruby"":0,""boxAllCount"":7500,""curserver"":1,""install_day"":""2025-08-19"",""total_payment_amount"":7700,""user_name"":""바르미"",""user_rank"":1699,""user_stage"":400}"
"stage_reached_400 (App)","W:22_0A:22_0","44","{""Time"":""2025-10-13 12:23:29"",""UserUUID"":""b3d9dc30-7b43-11f0-a6f6-7faf47c7ab84"",""attendance_count"":44,""b.diamond"":410926,""b.ruby"":0,""boxAllCount"":3010,""curserver"":1,""install_day"":""2025-08-17"",""total_payment_amount"":40700,""user_name"":""아마구찌"",""user_rank"":1693,""user_stage"":400}"
"stage_reached_400 (App)","W:22_0A:21_0","77","{""Time"":""2025-10-13 11:31:04"",""UserUUID"":""da0b94d0-bdbf-11ef-bb0a-11fecacd9b42"",""attendance_count"":77,""b.diamond"":10175,""b.ruby"":0,""boxAllCount"":14930,""curserver"":0,""install_day"":""2024-12-19"",""total_payment_amount"":7700,""user_name"":""나비이"",""user_rank"":251,""user_stage"":400}"
"stage_reached_400 (App)","W:23_0A:22_0","44","{""Time"":""2025-10-13 11:24:38"",""UserUUID"":""cdc64a40-8677-11f0-8f5c-9d599e999853"",""attendance_count"":44,""b.diamond"":6311,""b.ruby"":0,""boxAllCount"":7050,""curserver"":1,""install_day"":""2025-08-31"",""total_payment_amount"":7700,""user_name"":""보조미사일"",""user_rank"":1693,""user_stage"":400}"
"stage_reached_400 (App)","W:20_0A:20_0","33","{""Time"":""2025-10-13 08:58:43"",""UserUUID"":""d18c21a0-8ed7-11f0-959f-a942d98c4784"",""attendance_count"":33,""b.diamond"":1374,""b.ruby"":0,""boxAllCount"":6430,""curserver"":1,""install_day"":""2025-09-11"",""total_payment_amount"":0,""user_name"":""쑤우니"",""user_rank"":1694,""user_stage"":400}"
"stage_reached_400 (App)","W:22_0A:20_0","44","{""Time"":""2025-10-13 08:33:26"",""UserUUID"":""69533200-6c0d-11f0-aa6f-13c95d30e456"",""attendance_count"":44,""b.diamond"":119860,""b.ruby"":0,""boxAllCount"":6690,""curserver"":1,""install_day"":""2025-07-28"",""total_payment_amount"":7700,""user_name"":""크산테"",""user_rank"":1693,""user_stage"":400}"
"stage_reached_400 (App)","W:24_1A:23_0","70","{""Time"":""2025-10-13 07:45:39"",""UserUUID"":""2c739e40-6773-11f0-ac22-89a616aaf971"",""attendance_count"":70,""b.diamond"":342663,""b.ruby"":0,""boxAllCount"":4050,""curserver"":1,""install_day"":""2025-07-23"",""total_payment_amount"":7700,""user_name"":""uiiiii"",""user_rank"":1807,""user_stage"":400}"
"stage_reached_400 (App)","W:23_0A:22_0","87","{""Time"":""2025-10-13 07:38:21"",""UserUUID"":""b1355260-6384-11f0-b6f5-df7d29cfa051"",""attendance_count"":87,""b.diamond"":105586,""b.ruby"":0,""boxAllCount"":7750,""curserver"":1,""install_day"":""2025-07-18"",""total_payment_amount"":0,""user_name"":""낑깡낑깡"",""user_rank"":1687,""user_stage"":400}"
"stage_reached_400 (App)","W:23_0A:23_0","39","{""Time"":""2025-10-13 07:02:30"",""UserUUID"":""8f613060-7747-11f0-b0d4-a1b5f61ef6ba"",""attendance_count"":39,""b.diamond"":197807,""b.ruby"":110,""boxAllCount"":11150,""curserver"":1,""install_day"":""2025-08-12"",""total_payment_amount"":150700,""user_name"":""goonin"",""user_rank"":1753,""user_stage"":400}"
"stage_reached_400 (App)","W:23_0A:13_0","57","{""Time"":""2025-10-13 05:21:32"",""UserUUID"":""277b1d40-7bf1-11f0-8b60-1584082e2e52"",""attendance_count"":57,""b.diamond"":40732,""b.ruby"":0,""boxAllCount"":10710,""curserver"":1,""install_day"":""2025-08-18"",""total_payment_amount"":7700,""user_name"":""개또"",""user_rank"":1686,""user_stage"":400}"
"stage_reached_400 (App)","W:23_0A:20_0","35","{""Time"":""2025-10-13 05:19:46"",""UserUUID"":""f0e1a710-8c83-11f0-ba5f-73845cbf226d"",""attendance_count"":35,""b.diamond"":41294,""b.ruby"":330,""boxAllCount"":7070,""curserver"":1,""install_day"":""2025-09-08"",""total_payment_amount"":117700,""user_name"":""재언짱짱"",""user_rank"":1686,""user_stage"":400}"
"stage_reached_400 (App)","W:24_2A:24_0","1","{""Time"":""2025-10-13 04:39:49"",""UserUUID"":""d3fb8740-a77e-11f0-8628-2ba1ac26f756"",""attendance_count"":1,""b.diamond"":4381200,""b.ruby"":1100,""boxAllCount"":9880,""curserver"":1,""install_day"":""2025-10-12"",""total_payment_amount"":1547700,""user_name"":""cvjufc53"",""user_rank"":1919,""user_stage"":400}"
"stage_reached_400 (App)","W:24_1A:23_0","6","{""Time"":""2025-10-13 03:15:58"",""UserUUID"":""e05a4eb0-a402-11f0-939a-d1b8123d1605"",""attendance_count"":6,""b.diamond"":135089,""b.ruby"":9240,""boxAllCount"":2890,""curserver"":1,""install_day"":""2025-10-08"",""total_payment_amount"":707300,""user_name"":""갓성"",""user_rank"":1683,""user_stage"":400}"
"stage_reached_400 (App)","W:23_0A:19_0","31","{""Time"":""2025-10-13 02:54:36"",""UserUUID"":""b8351bf0-8fbb-11f0-965f-29dc59a64dc6"",""attendance_count"":31,""b.diamond"":4624,""b.ruby"":0,""boxAllCount"":2490,""curserver"":1,""install_day"":""2025-09-12"",""total_payment_amount"":18700,""user_name"":""뮤랭"",""user_rank"":1734,""user_stage"":400}"
"stage_reached_400 (App)","W:22_0A:19_0","47","{""Time"":""2025-10-13 01:02:27"",""UserUUID"":""b4ea9ec0-7e4a-11f0-9b49-598397606263"",""attendance_count"":47,""b.diamond"":7569,""b.ruby"":0,""boxAllCount"":3710,""curserver"":1,""install_day"":""2025-08-21"",""total_payment_amount"":7700,""user_name"":""매튜스"",""user_rank"":1683,""user_stage"":400}"
"stage_reached_400 (App)","W:23_0A:23_0","14","{""Time"":""2025-10-13 00:43:40"",""UserUUID"":""ebe5d6a0-9ed0-11f0-9d4e-31e609de066c"",""attendance_count"":14,""b.diamond"":3026,""b.ruby"":0,""boxAllCount"":7670,""curserver"":1,""install_day"":""2025-10-01"",""total_payment_amount"":418000,""user_name"":""솦소7"",""user_rank"":1788,""user_stage"":400}"
"stage_reached_400 (App)","W:23_0A:19_0","36","{""Time"":""2025-10-13 00:32:57"",""UserUUID"":""6e471b10-7f8f-11f0-a507-c1b26d0defdc"",""attendance_count"":36,""b.diamond"":21928,""b.ruby"":0,""boxAllCount"":1680,""curserver"":1,""install_day"":""2025-08-22"",""total_payment_amount"":86900,""user_name"":""성뀨야"",""user_rank"":1774,""user_stage"":400}"
"stage_reached_400 (App)","W:23_0A:20_0","39","{""Time"":""2025-10-13 00:32:49"",""UserUUID"":""bf0865a0-63be-11f0-a7e3-7b406ef3e8c7"",""attendance_count"":39,""b.diamond"":74048,""b.ruby"":0,""boxAllCount"":6360,""curserver"":1,""install_day"":""2025-07-18"",""total_payment_amount"":40700,""user_name"":""땡매기"",""user_rank"":1689,""user_stage"":400}"
"stage_reached_400 (App)","W:22_0A:19_0","47","{""Time"":""2025-10-13 00:30:29"",""UserUUID"":""3bc8d7f0-8278-11f0-93ab-6bb943b35ff7"",""attendance_count"":47,""b.diamond"":66424,""b.ruby"":0,""boxAllCount"":3940,""curserver"":1,""install_day"":""2025-08-26"",""total_payment_amount"":20900,""user_name"":""홍긜동"",""user_rank"":1694,""user_stage"":400}"
"stage_reached_400 (App)","W:23_0A:23_0","76","{""Time"":""2025-10-13 00:27:54"",""UserUUID"":""2bfce1d0-6a4b-11f0-8acc-fb286914151f"",""attendance_count"":76,""b.diamond"":125853,""b.ruby"":660,""boxAllCount"":30180,""curserver"":1,""install_day"":""2025-07-26"",""total_payment_amount"":14300,""user_name"":""주두리"",""user_rank"":1678,""user_stage"":400}"
"stage_reached_400 (App)","W:22_0A:21_0","27","{""Time"":""2025-10-13 00:22:11"",""UserUUID"":""90f07640-93bf-11f0-a3f5-918e8cc6d153"",""attendance_count"":27,""b.diamond"":201700,""b.ruby"":110,""boxAllCount"":9030,""curserver"":1,""install_day"":""2025-09-17"",""total_payment_amount"":84700,""user_name"":""탱니투스"",""user_rank"":1681,""user_stage"":400}"
"stage_reached_400 (App)","W:23_0A:22_0","65","{""Time"":""2025-10-12 21:45:17"",""UserUUID"":""95cfe830-7394-11f0-9397-7fc3d8966ad6"",""attendance_count"":65,""b.diamond"":202244,""b.ruby"":0,""boxAllCount"":10020,""curserver"":1,""install_day"":""2025-08-07"",""total_payment_amount"":7700,""user_name"":""혈사"",""user_rank"":1673,""user_stage"":400}"
"stage_reached_400 (App)","W:22_0A:21_0","79","{""Time"":""2025-10-12 19:15:13"",""UserUUID"":""c5c342b0-6900-11f0-9ae7-91cf7169e2c4"",""attendance_count"":79,""b.diamond"":7026,""b.ruby"":0,""boxAllCount"":13600,""curserver"":1,""install_day"":""2025-07-25"",""total_payment_amount"":0,""user_name"":""조선김씨"",""user_rank"":1668,""user_stage"":400}"
"stage_reached_400 (App)","W:22_0A:20_0","45","{""Time"":""2025-10-12 19:06:14"",""UserUUID"":""1a8c69e0-84a7-11f0-bc72-6f331482630b"",""attendance_count"":45,""b.diamond"":24976,""b.ruby"":0,""boxAllCount"":3100,""curserver"":1,""install_day"":""2025-08-29"",""total_payment_amount"":7700,""user_name"":""국치p"",""user_rank"":1767,""user_stage"":400}"
"stage_reached_400 (App)","W:22_0A:19_0","39","{""Time"":""2025-10-12 18:20:52"",""UserUUID"":""00944ca0-8985-11f0-a30e-b9396195bcca"",""attendance_count"":39,""b.diamond"":50023,""b.ruby"":0,""boxAllCount"":3100,""curserver"":1,""install_day"":""2025-09-04"",""total_payment_amount"":7700,""user_name"":""HiNoTh01"",""user_rank"":1669,""user_stage"":400}"
"stage_reached_400 (App)","W:22_0A:22_0","72","{""Time"":""2025-10-12 17:57:45"",""UserUUID"":""749a4e60-64a0-11f0-8dc2-b1d7780ea280"",""attendance_count"":72,""b.diamond"":15676,""b.ruby"":1320,""boxAllCount"":10000,""curserver"":1,""install_day"":""2025-07-19"",""total_payment_amount"":40700,""user_name"":""우용"",""user_rank"":1678,""user_stage"":400}"
"stage_reached_400 (App)","W:23_0A:21_0","40","{""Time"":""2025-10-12 16:22:54"",""UserUUID"":""47ca02c0-8883-11f0-b8b5-5163e2cdc780"",""attendance_count"":40,""b.diamond"":260383,""b.ruby"":0,""boxAllCount"":19600,""curserver"":1,""install_day"":""2025-09-03"",""total_payment_amount"":51700,""user_name"":""다미미"",""user_rank"":1702,""user_stage"":400}"
"stage_reached_400 (App)","W:22_0A:20_0","48","{""Time"":""2025-10-12 15:48:09"",""UserUUID"":""300c9f40-80a8-11f0-8236-5d42e86fdf12"",""attendance_count"":48,""b.diamond"":64300,""b.ruby"":0,""boxAllCount"":6550,""curserver"":1,""install_day"":""2025-08-24"",""total_payment_amount"":0,""user_name"":""시간죽이기용"",""user_rank"":1685,""user_stage"":400}"
"stage_reached_400 (App)","W:23_0A:19_0","38","{""Time"":""2025-10-12 13:51:41"",""UserUUID"":""a333dac0-630b-11f0-b974-4ba43f735b03"",""attendance_count"":38,""b.diamond"":264478,""b.ruby"":0,""boxAllCount"":3810,""curserver"":1,""install_day"":""2025-07-17"",""total_payment_amount"":410300,""user_name"":""해일"",""user_rank"":1694,""user_stage"":400}"
"stage_reached_400 (App)","W:24_0A:23_0","6","{""Time"":""2025-10-12 11:31:26"",""UserUUID"":""ab45fa10-a34b-11f0-9aca-c12771bb28af"",""attendance_count"":6,""b.diamond"":5113,""b.ruby"":0,""boxAllCount"":3700,""curserver"":1,""install_day"":""2025-10-07"",""total_payment_amount"":513700,""user_name"":""수류"",""user_rank"":1662,""user_stage"":400}"
"stage_reached_400 (App)","W:23_0A:22_0","79","{""Time"":""2025-10-12 09:30:45"",""UserUUID"":""0c171a60-6a1a-11f0-83c1-071402a58f9d"",""attendance_count"":79,""b.diamond"":2549462,""b.ruby"":0,""boxAllCount"":20190,""curserver"":1,""install_day"":""2025-07-26"",""total_payment_amount"":7700,""user_name"":""jints"",""user_rank"":1662,""user_stage"":400}"
"stage_reached_400 (App)","W:21_0A:20_0","57","{""Time"":""2025-10-12 09:25:20"",""UserUUID"":""e40c9880-7b56-11f0-8bae-fd0e5d24ff17"",""attendance_count"":57,""b.diamond"":456455,""b.ruby"":0,""boxAllCount"":6120,""curserver"":1,""install_day"":""2025-08-17"",""total_payment_amount"":7700,""user_name"":""난세표류기2기"",""user_rank"":1658,""user_stage"":400}"
"stage_reached_400 (App)","W:21_0A:19_0","50","{""Time"":""2025-10-12 07:37:37"",""UserUUID"":""28f4c6f0-80bd-11f0-9a04-a7fc193ff295"",""attendance_count"":50,""b.diamond"":415577,""b.ruby"":0,""boxAllCount"":2500,""curserver"":1,""install_day"":""2025-08-24"",""total_payment_amount"":7700,""user_name"":""꼬북선"",""user_rank"":1667,""user_stage"":400}"
"stage_reached_400 (App)","W:22_0A:19_0","43","{""Time"":""2025-10-12 07:19:38"",""UserUUID"":""918e48c0-861d-11f0-a8d9-3dca325c07ed"",""attendance_count"":43,""b.diamond"":10444,""b.ruby"":0,""boxAllCount"":3680,""curserver"":1,""install_day"":""2025-08-31"",""total_payment_amount"":7700,""user_name"":""안녕경환"",""user_rank"":1677,""user_stage"":400}"
"stage_reached_400 (App)","W:20_0A:19_0","45","{""Time"":""2025-10-12 04:05:48"",""UserUUID"":""9ae20380-83e8-11f0-8aa5-b74dd4efa3a6"",""attendance_count"":45,""b.diamond"":51177,""b.ruby"":0,""boxAllCount"":2130,""curserver"":1,""install_day"":""2025-08-28"",""total_payment_amount"":7700,""user_name"":""네비클로버"",""user_rank"":1807,""user_stage"":400}"
"stage_reached_400 (App)","W:23_0A:20_0","44","{""Time"":""2025-10-12 03:51:57"",""UserUUID"":""df387890-8585-11f0-880e-c3a705c11a0d"",""attendance_count"":44,""b.diamond"":2597,""b.ruby"":0,""boxAllCount"":10220,""curserver"":1,""install_day"":""2025-08-30"",""total_payment_amount"":7700,""user_name"":""이요미"",""user_rank"":1673,""user_stage"":400}"
"stage_reached_400 (App)","W:23_0A:23_0","73","{""Time"":""2025-10-12 03:30:00"",""UserUUID"":""e5b60930-6e65-11f0-bc41-8bdb8a00fc54"",""attendance_count"":73,""b.diamond"":353395,""b.ruby"":0,""boxAllCount"":17640,""curserver"":1,""install_day"":""2025-07-31"",""total_payment_amount"":7700,""user_name"":""김민수"",""user_rank"":1676,""user_stage"":400}"
"stage_reached_400 (App)","W:24_0A:23_0","11","{""Time"":""2025-10-12 02:29:22"",""UserUUID"":""afe96ac0-9f77-11f0-9b19-2f5eaf5fdfb5"",""attendance_count"":11,""b.diamond"":63370,""b.ruby"":0,""boxAllCount"":7110,""curserver"":1,""install_day"":""2025-10-02"",""total_payment_amount"":612700,""user_name"":""DING"",""user_rank"":1800,""user_stage"":400}"
"stage_reached_400 (App)","W:22_0A:19_0","36","{""Time"":""2025-10-12 01:55:51"",""UserUUID"":""469aa610-8b9a-11f0-93f7-81182efba54e"",""attendance_count"":36,""b.diamond"":4281,""b.ruby"":0,""boxAllCount"":2460,""curserver"":1,""install_day"":""2025-09-07"",""total_payment_amount"":7700,""user_name"":""최가장남"",""user_rank"":1657,""user_stage"":400}"
"stage_reached_400 (App)","W:23_0A:22_0","41","{""Time"":""2025-10-12 01:02:45"",""UserUUID"":""4b6c2040-87f5-11f0-ad17-4b3452b0914d"",""attendance_count"":41,""b.diamond"":403228,""b.ruby"":0,""boxAllCount"":11620,""curserver"":1,""install_day"":""2025-09-02"",""total_payment_amount"":7700,""user_name"":""족방맹이"",""user_rank"":1653,""user_stage"":400}"
"stage_reached_400 (App)","W:22_0A:20_0","68","{""Time"":""2025-10-12 00:43:06"",""UserUUID"":""3234d4b0-6544-11f0-b2e4-155beee88baa"",""attendance_count"":68,""b.diamond"":296941,""b.ruby"":0,""boxAllCount"":5730,""curserver"":1,""install_day"":""2025-07-20"",""total_payment_amount"":0,""user_name"":""테이코"",""user_rank"":1654,""user_stage"":400}"
"stage_reached_400 (App)","W:20_0A:20_0","72","{""Time"":""2025-10-11 23:42:30"",""UserUUID"":""617ef4e0-696c-11f0-ad4d-5f2efa676c7d"",""attendance_count"":72,""b.diamond"":3981,""b.ruby"":0,""boxAllCount"":7270,""curserver"":1,""install_day"":""2025-07-25"",""total_payment_amount"":7700,""user_name"":""덕빠"",""user_rank"":1654,""user_stage"":400}"
"stage_reached_400 (App)","W:21_0A:19_0","41","{""Time"":""2025-10-11 23:28:15"",""UserUUID"":""277919e0-8322-11f0-b271-fd79b64e4d3f"",""attendance_count"":41,""b.diamond"":2075,""b.ruby"":0,""boxAllCount"":3100,""curserver"":1,""install_day"":""2025-08-27"",""total_payment_amount"":7700,""user_name"":""다케다후미나"",""user_rank"":1650,""user_stage"":400}"
"stage_reached_400 (App)","W:23_0A:20_0","64","{""Time"":""2025-10-11 20:40:06"",""UserUUID"":""a582e2f0-634f-11f0-899c-ed58ed9d92cb"",""attendance_count"":64,""b.diamond"":1905835,""b.ruby"":330,""boxAllCount"":6900,""curserver"":1,""install_day"":""2025-07-17"",""total_payment_amount"":11000,""user_name"":""키킴이"",""user_rank"":1840,""user_stage"":400}"
"stage_reached_400 (App)","W:20_0A:20_0","39","{""Time"":""2025-10-11 20:37:16"",""UserUUID"":""49cb1600-889b-11f0-bf46-d1c8e99db7c4"",""attendance_count"":39,""b.diamond"":439001,""b.ruby"":0,""boxAllCount"":6970,""curserver"":1,""install_day"":""2025-09-03"",""total_payment_amount"":7700,""user_name"":""정과"",""user_rank"":1657,""user_stage"":400}"
"stage_reached_400 (App)","W:21_0A:20_0","64","{""Time"":""2025-10-11 20:16:18"",""UserUUID"":""c7003c20-71eb-11f0-82a9-69de8b90464b"",""attendance_count"":64,""b.diamond"":230337,""b.ruby"":0,""boxAllCount"":16290,""curserver"":1,""install_day"":""2025-08-05"",""total_payment_amount"":7700,""user_name"":""콩똔또"",""user_rank"":1650,""user_stage"":400}"
"stage_reached_400 (App)","W:23_0A:22_0","32","{""Time"":""2025-10-11 18:06:59"",""UserUUID"":""3e89db90-8d1f-11f0-af62-a5e418cbc901"",""attendance_count"":32,""b.diamond"":172611,""b.ruby"":0,""boxAllCount"":23010,""curserver"":1,""install_day"":""2025-09-09"",""total_payment_amount"":317900,""user_name"":""밤에우는곰"",""user_rank"":1656,""user_stage"":400}"
"stage_reached_400 (App)","W:24_0A:20_0","60","{""Time"":""2025-10-11 16:43:48"",""UserUUID"":""53e96d60-72d6-11f0-978f-4dc0cad52184"",""attendance_count"":60,""b.diamond"":31463,""b.ruby"":0,""boxAllCount"":8040,""curserver"":1,""install_day"":""2025-08-06"",""total_payment_amount"":7700,""user_name"":""정마의"",""user_rank"":1670,""user_stage"":400}"
"stage_reached_400 (App)","W:23_0A:19_0","42","{""Time"":""2025-10-11 16:31:08"",""UserUUID"":""ffe2d1f0-69fe-11f0-83c1-071402a58f9d"",""attendance_count"":42,""b.diamond"":493335,""b.ruby"":0,""boxAllCount"":4280,""curserver"":1,""install_day"":""2025-07-26"",""total_payment_amount"":7700,""user_name"":""자연재해"",""user_rank"":1723,""user_stage"":400}"
"stage_reached_400 (App)","W:23_0A:21_0","48","{""Time"":""2025-10-11 16:23:40"",""UserUUID"":""a9fdbbb1-80a6-11f0-ac89-050f59d69cce"",""attendance_count"":48,""b.diamond"":98225,""b.ruby"":220,""boxAllCount"":5210,""curserver"":1,""install_day"":""2025-08-24"",""total_payment_amount"":84700,""user_name"":""호엥하임"",""user_rank"":1817,""user_stage"":400}"
"stage_reached_400 (App)","W:21_0A:20_0","35","{""Time"":""2025-10-11 14:56:59"",""UserUUID"":""35ca0e40-8b34-11f0-9419-bfb7a4657ece"",""attendance_count"":35,""b.diamond"":14102,""b.ruby"":0,""boxAllCount"":6180,""curserver"":1,""install_day"":""2025-09-06"",""total_payment_amount"":129800,""user_name"":""Pepeng"",""user_rank"":1656,""user_stage"":400}"
"stage_reached_400 (App)","W:24_1A:23_0","14","{""Time"":""2025-10-11 13:15:08"",""UserUUID"":""7e782db0-9c74-11f0-bf29-c3eb6dc5395b"",""attendance_count"":14,""b.diamond"":905663,""b.ruby"":810,""boxAllCount"":6380,""curserver"":1,""install_day"":""2025-09-28"",""total_payment_amount"":711700,""user_name"":""리틀천풍"",""user_rank"":1644,""user_stage"":400}"
"stage_reached_400 (App)","W:22_0A:22_0","77","{""Time"":""2025-10-11 12:29:38"",""UserUUID"":""861f28d0-6447-11f0-8944-5327091948db"",""attendance_count"":77,""b.diamond"":424718,""b.ruby"":0,""boxAllCount"":24750,""curserver"":1,""install_day"":""2025-07-19"",""total_payment_amount"":0,""user_name"":""에리카준"",""user_rank"":1761,""user_stage"":400}"
"stage_reached_400 (App)","W:23_0A:23_0","58","{""Time"":""2025-10-11 11:23:10"",""UserUUID"":""cc24dea0-79e7-11f0-aa29-ad09d6b00a37"",""attendance_count"":58,""b.diamond"":808591,""b.ruby"":0,""boxAllCount"":15310,""curserver"":1,""install_day"":""2025-08-15"",""total_payment_amount"":11000,""user_name"":""신검영"",""user_rank"":1797,""user_stage"":400}"
"stage_reached_400 (App)","W:21_0A:21_0","37","{""Time"":""2025-10-11 11:04:03"",""UserUUID"":""7c576ff0-8941-11f0-b2ad-f12a228844e7"",""attendance_count"":37,""b.diamond"":9852,""b.ruby"":0,""boxAllCount"":6560,""curserver"":1,""install_day"":""2025-09-04"",""total_payment_amount"":86900,""user_name"":""태구리리"",""user_rank"":1638,""user_stage"":400}"
"stage_reached_400 (App)","W:20_0A:19_0","28","{""Time"":""2025-10-11 10:20:42"",""UserUUID"":""b9628540-90b4-11f0-b2af-03f39b8636c5"",""attendance_count"":28,""b.diamond"":33369,""b.ruby"":0,""boxAllCount"":1520,""curserver"":1,""install_day"":""2025-09-13"",""total_payment_amount"":47300,""user_name"":""아데모"",""user_rank"":1767,""user_stage"":400}"
"stage_reached_400 (App)","W:23_0A:20_0","28","{""Time"":""2025-10-11 09:38:27"",""UserUUID"":""5b3b0ac0-9107-11f0-9a12-a1891fba8b80"",""attendance_count"":28,""b.diamond"":13608,""b.ruby"":2420,""boxAllCount"":6780,""curserver"":1,""install_day"":""2025-09-14"",""total_payment_amount"":117700,""user_name"":""풍류공자"",""user_rank"":1644,""user_stage"":400}"
"stage_reached_400 (App)","W:20_0A:20_0","41","{""Time"":""2025-10-11 09:02:32"",""UserUUID"":""3421e970-8687-11f0-ae15-cf01417fb56d"",""attendance_count"":41,""b.diamond"":55565,""b.ruby"":0,""boxAllCount"":6430,""curserver"":1,""install_day"":""2025-08-31"",""total_payment_amount"":7700,""user_name"":""wucs"",""user_rank"":1701,""user_stage"":400}"
"stage_reached_400 (App)","W:20_0A:20_0","70","{""Time"":""2025-10-11 09:26:07"",""UserUUID"":""cbf456c0-7039-11f0-8560-7d29743bfe39"",""attendance_count"":70,""b.diamond"":191006,""b.ruby"":0,""boxAllCount"":10300,""curserver"":1,""install_day"":""2025-08-03"",""total_payment_amount"":7700,""user_name"":""혈악"",""user_rank"":1719,""user_stage"":400}"
"stage_reached_400 (App)","W:21_0A:19_0","37","{""Time"":""2025-10-11 08:28:54"",""UserUUID"":""cb441570-b5f0-11ef-a206-db7a4a43e872"",""attendance_count"":37,""b.diamond"":33215,""b.ruby"":0,""boxAllCount"":2020,""curserver"":0,""install_day"":""2024-12-09"",""total_payment_amount"":27500,""user_name"":""피크닠"",""user_rank"":246,""user_stage"":400}"
"stage_reached_400 (App)","W:23_0A:23_0","60","{""Time"":""2025-10-11 08:25:12"",""UserUUID"":""dd0ac4d0-782c-11f0-8355-91a21b7092d6"",""attendance_count"":60,""b.diamond"":10539,""b.ruby"":0,""boxAllCount"":16760,""curserver"":1,""install_day"":""2025-08-13"",""total_payment_amount"":18700,""user_name"":""재즈i"",""user_rank"":1632,""user_stage"":400}"
"stage_reached_400 (App)","W:23_0A:21_0","42","{""Time"":""2025-10-11 07:56:41"",""UserUUID"":""3c1a37f0-85c8-11f0-9153-278c7351ae12"",""attendance_count"":42,""b.diamond"":271077,""b.ruby"":0,""boxAllCount"":16370,""curserver"":1,""install_day"":""2025-08-30"",""total_payment_amount"":18700,""user_name"":""칸솔"",""user_rank"":1660,""user_stage"":400}"
"stage_reached_400 (App)","W:24_1A:21_0","67","{""Time"":""2025-10-11 07:56:28"",""UserUUID"":""f3dc5f80-7263-11f0-978f-4dc0cad52184"",""attendance_count"":67,""b.diamond"":197793,""b.ruby"":0,""boxAllCount"":2630,""curserver"":1,""install_day"":""2025-08-06"",""total_payment_amount"":8800,""user_name"":""스한"",""user_rank"":1631,""user_stage"":400}"
"stage_reached_400 (App)","W:22_0A:21_0","70","{""Time"":""2025-10-11 07:38:44"",""UserUUID"":""2001ba30-7064-11f0-8b3f-bd773256f335"",""attendance_count"":70,""b.diamond"":1087754,""b.ruby"":0,""boxAllCount"":21970,""curserver"":1,""install_day"":""2025-08-03"",""total_payment_amount"":0,""user_name"":""표류무사"",""user_rank"":1631,""user_stage"":400}"
"stage_reached_400 (App)","W:23_0A:20_0","56","{""Time"":""2025-10-11 07:01:32"",""UserUUID"":""49c69250-796a-11f0-877c-3f518665a8a0"",""attendance_count"":56,""b.diamond"":6788,""b.ruby"":0,""boxAllCount"":6050,""curserver"":1,""install_day"":""2025-08-14"",""total_payment_amount"":7700,""user_name"":""군계마초"",""user_rank"":1652,""user_stage"":400}"
"stage_reached_400 (App)","W:22_0A:20_0","28","{""Time"":""2025-10-11 04:33:34"",""UserUUID"":""0f6b7120-910c-11f0-9be0-55f859459429"",""attendance_count"":28,""b.diamond"":6330,""b.ruby"":0,""boxAllCount"":1640,""curserver"":1,""install_day"":""2025-09-14"",""total_payment_amount"":7700,""user_name"":""거기서봐"",""user_rank"":1639,""user_stage"":400}"
"stage_reached_400 (App)","W:22_0A:23_0","27","{""Time"":""2025-10-11 03:41:44"",""UserUUID"":""22e386a0-9190-11f0-83ef-a93379ab6bdf"",""attendance_count"":27,""b.diamond"":4816,""b.ruby"":0,""boxAllCount"":6310,""curserver"":1,""install_day"":""2025-09-14"",""total_payment_amount"":7700,""user_name"":""아리라앙"",""user_rank"":1751,""user_stage"":400}"
"stage_reached_400 (App)","W:22_0A:19_0","30","{""Time"":""2025-10-11 03:21:31"",""UserUUID"":""4208f500-8f34-11f0-965f-29dc59a64dc6"",""attendance_count"":30,""b.diamond"":3414,""b.ruby"":0,""boxAllCount"":3190,""curserver"":1,""install_day"":""2025-09-11"",""total_payment_amount"":16500,""user_name"":""팔칠삼"",""user_rank"":1672,""user_stage"":400}"
"stage_reached_400 (App)","W:22_0A:22_0","65","{""Time"":""2025-10-11 01:35:47"",""UserUUID"":""e772b000-7218-11f0-8187-e509bb33d315"",""attendance_count"":65,""b.diamond"":1796832,""b.ruby"":0,""boxAllCount"":20820,""curserver"":1,""install_day"":""2025-08-05"",""total_payment_amount"":7700,""user_name"":""광7H토대왕"",""user_rank"":1711,""user_stage"":400}"
"stage_reached_400 (App)","W:22_0A:19_0","35","{""Time"":""2025-10-11 00:24:53"",""UserUUID"":""5ed49d60-8b42-11f0-a60a-ef89bcab0138"",""attendance_count"":35,""b.diamond"":23298,""b.ruby"":0,""boxAllCount"":2680,""curserver"":1,""install_day"":""2025-09-06"",""total_payment_amount"":23100,""user_name"":""rainAnd"",""user_rank"":1816,""user_stage"":400}"
"stage_reached_400 (App)","W:21_0A:20_0","44","{""Time"":""2025-10-11 00:24:44"",""UserUUID"":""3f695ae0-8473-11f0-81f5-0f42f950861f"",""attendance_count"":44,""b.diamond"":130419,""b.ruby"":0,""boxAllCount"":6000,""curserver"":1,""install_day"":""2025-08-29"",""total_payment_amount"":7700,""user_name"":""혀니찬"",""user_rank"":1653,""user_stage"":400}"
"stage_reached_400 (App)","W:21_0A:21_0","41","{""Time"":""2025-10-10 23:17:42"",""UserUUID"":""c22caec0-b7d5-11ef-8193-076f2790fca0"",""attendance_count"":41,""b.diamond"":511438,""b.ruby"":0,""boxAllCount"":12450,""curserver"":0,""install_day"":""2024-12-11"",""total_payment_amount"":7700,""user_name"":""푸른청룡"",""user_rank"":253,""user_stage"":400}"
"stage_reached_400 (App)","W:23_0A:21_0","37","{""Time"":""2025-10-10 22:42:59"",""UserUUID"":""c4985f60-894e-11f0-bf8f-17622ff685ba"",""attendance_count"":37,""b.diamond"":1829,""b.ruby"":0,""boxAllCount"":18790,""curserver"":1,""install_day"":""2025-09-04"",""total_payment_amount"":95700,""user_name"":""hyena"",""user_rank"":1626,""user_stage"":400}"
"stage_reached_400 (App)","W:23_0A:20_0","20","{""Time"":""2025-10-10 22:09:08"",""UserUUID"":""d4ad1ba0-9675-11f0-998e-17833c4f3846"",""attendance_count"":20,""b.diamond"":44220,""b.ruby"":0,""boxAllCount"":10430,""curserver"":1,""install_day"":""2025-09-20"",""total_payment_amount"":73700,""user_name"":""달콤한비밀"",""user_rank"":1622,""user_stage"":400}"
"stage_reached_400 (App)","W:20_0A:19_0","43","{""Time"":""2025-10-10 18:51:32"",""UserUUID"":""9325f910-8296-11f0-885f-47f73215e625"",""attendance_count"":43,""b.diamond"":2866,""b.ruby"":0,""boxAllCount"":2250,""curserver"":1,""install_day"":""2025-08-26"",""total_payment_amount"":14300,""user_name"":""세상아"",""user_rank"":1621,""user_stage"":400}"
"stage_reached_400 (App)","W:22_0A:19_0","46","{""Time"":""2025-10-10 17:59:33"",""UserUUID"":""46983c80-810f-11f0-a9a8-e969091b1f9e"",""attendance_count"":46,""b.diamond"":10574,""b.ruby"":0,""boxAllCount"":6120,""curserver"":1,""install_day"":""2025-08-24"",""total_payment_amount"":7700,""user_name"":""궁물먹지마"",""user_rank"":1673,""user_stage"":400}"
"stage_reached_400 (App)","W:20_0A:19_0","41","{""Time"":""2025-10-10 17:56:15"",""UserUUID"":""1a3c9be0-860a-11f0-ae4a-3318fa0e9677"",""attendance_count"":41,""b.diamond"":43099,""b.ruby"":0,""boxAllCount"":1560,""curserver"":1,""install_day"":""2025-08-31"",""total_payment_amount"":7700,""user_name"":""도령룐"",""user_rank"":1782,""user_stage"":400}"
"stage_reached_400 (App)","W:21_0A:22_0","79","{""Time"":""2025-10-10 17:20:16"",""UserUUID"":""55dbc950-6666-11f0-ba90-31fb5fd677bf"",""attendance_count"":79,""b.diamond"":38998,""b.ruby"":0,""boxAllCount"":22610,""curserver"":1,""install_day"":""2025-07-21"",""total_payment_amount"":7700,""user_name"":""마이헌"",""user_rank"":1684,""user_stage"":400}"
"stage_reached_400 (App)","W:23_0A:20_0","73","{""Time"":""2025-10-10 17:00:04"",""UserUUID"":""8c49c780-668e-11f0-8d91-67464caa9884"",""attendance_count"":73,""b.diamond"":44393,""b.ruby"":0,""boxAllCount"":16610,""curserver"":1,""install_day"":""2025-07-21"",""total_payment_amount"":7700,""user_name"":""뱅꾸"",""user_rank"":1619,""user_stage"":400}"
"stage_reached_400 (App)","W:23_0A:19_0","26","{""Time"":""2025-10-10 15:47:40"",""UserUUID"":""cd693090-9003-11f0-b322-ef4ad584af25"",""attendance_count"":26,""b.diamond"":34474,""b.ruby"":220,""boxAllCount"":3090,""curserver"":1,""install_day"":""2025-09-12"",""total_payment_amount"":88000,""user_name"":""봉구덕구"",""user_rank"":1618,""user_stage"":400}"
"stage_reached_400 (App)","W:21_0A:19_0","57","{""Time"":""2025-10-10 15:01:47"",""UserUUID"":""f5712f60-6304-11f0-a267-6f822e3259c1"",""attendance_count"":57,""b.diamond"":2977,""b.ruby"":0,""boxAllCount"":3500,""curserver"":1,""install_day"":""2025-07-17"",""total_payment_amount"":7700,""user_name"":""레오강아지"",""user_rank"":1618,""user_stage"":400}"
"stage_reached_400 (App)","W:23_0A:20_0","34","{""Time"":""2025-10-10 12:07:44"",""UserUUID"":""d3b031d0-8bb0-11f0-8ed0-63823bf401ec"",""attendance_count"":34,""b.diamond"":14415,""b.ruby"":0,""boxAllCount"":6100,""curserver"":1,""install_day"":""2025-09-07"",""total_payment_amount"":7700,""user_name"":""이아네스"",""user_rank"":1749,""user_stage"":400}"
"stage_reached_400 (App)","W:22_0A:21_0","72","{""Time"":""2025-10-10 11:31:22"",""UserUUID"":""59a28ad0-6a83-11f0-8032-c32c225a07c5"",""attendance_count"":72,""b.diamond"":37192,""b.ruby"":0,""boxAllCount"":22950,""curserver"":1,""install_day"":""2025-07-27"",""total_payment_amount"":101200,""user_name"":""주정배이"",""user_rank"":1616,""user_stage"":400}"
"stage_reached_400 (App)","W:20_0A:19_0","32","{""Time"":""2025-10-10 11:10:21"",""UserUUID"":""a36bd870-8d41-11f0-a376-a13f7b1e829a"",""attendance_count"":32,""b.diamond"":35098,""b.ruby"":0,""boxAllCount"":2820,""curserver"":1,""install_day"":""2025-09-09"",""total_payment_amount"":12100,""user_name"":""바리새인"",""user_rank"":1763,""user_stage"":400}"
"stage_reached_400 (App)","W:23_0A:23_0","47","{""Time"":""2025-10-10 08:27:21"",""UserUUID"":""b8218b80-7d05-11f0-a008-8ddb30fd5aec"",""attendance_count"":47,""b.diamond"":2707,""b.ruby"":0,""boxAllCount"":10100,""curserver"":1,""install_day"":""2025-08-19"",""total_payment_amount"":7700,""user_name"":""엉싸니"",""user_rank"":1614,""user_stage"":400}"
"stage_reached_400 (App)","W:22_0A:22_0","53","{""Time"":""2025-10-10 01:22:52"",""UserUUID"":""e156e280-7cc3-11f0-a287-553b9ec20e6a"",""attendance_count"":53,""b.diamond"":21157,""b.ruby"":0,""boxAllCount"":7740,""curserver"":1,""install_day"":""2025-08-19"",""total_payment_amount"":7700,""user_name"":""표류자이언츠"",""user_rank"":1613,""user_stage"":400}"
"stage_reached_400 (App)","W:20_0A:22_0","23","{""Time"":""2025-10-10 01:09:37"",""UserUUID"":""dbd6a2c0-9495-11f0-82f1-f7d0c21ddb95"",""attendance_count"":23,""b.diamond"":2557,""b.ruby"":0,""boxAllCount"":2670,""curserver"":1,""install_day"":""2025-09-18"",""total_payment_amount"":78100,""user_name"":""쪼스"",""user_rank"":1610,""user_stage"":400}"
"stage_reached_400 (App)","W:22_0A:20_0","58","{""Time"":""2025-10-10 00:41:56"",""UserUUID"":""a4bbca30-78cb-11f0-b7dd-ad9d9af8ab36"",""attendance_count"":58,""b.diamond"":452497,""b.ruby"":0,""boxAllCount"":15640,""curserver"":1,""install_day"":""2025-08-14"",""total_payment_amount"":7700,""user_name"":""샤이닝블랙핸드"",""user_rank"":1614,""user_stage"":400}"
"stage_reached_400 (App)","W:22_0A:22_0","59","{""Time"":""2025-10-10 00:32:15"",""UserUUID"":""94e17790-6872-11f0-a583-33b377bc2bee"",""attendance_count"":59,""b.diamond"":256764,""b.ruby"":0,""boxAllCount"":11640,""curserver"":1,""install_day"":""2025-07-24"",""total_payment_amount"":7700,""user_name"":""천화"",""user_rank"":1680,""user_stage"":400}"
"stage_reached_400 (App)","W:23_0A:23_0","27","{""Time"":""2025-10-10 00:29:22"",""UserUUID"":""2c6ce4b0-913a-11f0-a6e8-5dbbe8c5ae5c"",""attendance_count"":27,""b.diamond"":4819,""b.ruby"":0,""boxAllCount"":10060,""curserver"":1,""install_day"":""2025-09-14"",""total_payment_amount"":7700,""user_name"":""수아비"",""user_rank"":1613,""user_stage"":400}"
"stage_reached_400 (App)","W:23_0A:19_0","14","{""Time"":""2025-10-09 20:50:20"",""UserUUID"":""00dd7170-9919-11f0-a00e-fd2f1b415d79"",""attendance_count"":14,""b.diamond"":103986,""b.ruby"":1320,""boxAllCount"":6920,""curserver"":1,""install_day"":""2025-09-24"",""total_payment_amount"":317900,""user_name"":""빛돌"",""user_rank"":1893,""user_stage"":400}"
"stage_reached_400 (App)","W:21_0A:21_0","36","{""Time"":""2025-10-09 20:29:27"",""UserUUID"":""9b904900-8987-11f0-8ab0-176faa921396"",""attendance_count"":36,""b.diamond"":97454,""b.ruby"":0,""boxAllCount"":6930,""curserver"":1,""install_day"":""2025-09-04"",""total_payment_amount"":117700,""user_name"":""난세표창원"",""user_rank"":1610,""user_stage"":400}"
"stage_reached_400 (App)","W:23_0A:23_0","43","{""Time"":""2025-10-09 19:40:39"",""UserUUID"":""922838b0-8305-11f0-ad6a-db40b6fe1eaf"",""attendance_count"":43,""b.diamond"":104948,""b.ruby"":0,""boxAllCount"":10400,""curserver"":1,""install_day"":""2025-08-27"",""total_payment_amount"":7700,""user_name"":""김한량"",""user_rank"":1604,""user_stage"":400}"
"stage_reached_400 (App)","W:21_0A:20_0","51","{""Time"":""2025-10-09 19:01:36"",""UserUUID"":""c9a786f0-7a05-11f0-af5f-67c72443db3b"",""attendance_count"":51,""b.diamond"":150314,""b.ruby"":0,""boxAllCount"":12750,""curserver"":1,""install_day"":""2025-08-15"",""total_payment_amount"":7700,""user_name"":""항마전"",""user_rank"":1731,""user_stage"":400}"
"stage_reached_400 (App)","W:23_0A:20_0","75","{""Time"":""2025-10-09 17:16:48"",""UserUUID"":""096bf7c0-6a3f-11f0-b350-274e47244e62"",""attendance_count"":75,""b.diamond"":312544,""b.ruby"":0,""boxAllCount"":16900,""curserver"":1,""install_day"":""2025-07-26"",""total_payment_amount"":7700,""user_name"":""Jinusdad"",""user_rank"":1703,""user_stage"":400}"
"stage_reached_400 (App)","W:23_0A:22_0","39","{""Time"":""2025-10-09 15:12:12"",""UserUUID"":""67ecc7d0-8672-11f0-a945-3b647406ed64"",""attendance_count"":39,""b.diamond"":156904,""b.ruby"":0,""boxAllCount"":11970,""curserver"":1,""install_day"":""2025-08-31"",""total_payment_amount"":191400,""user_name"":""히야라고"",""user_rank"":1666,""user_stage"":400}"
"stage_reached_400 (App)","W:21_0A:19_0","44","{""Time"":""2025-10-09 14:37:47"",""UserUUID"":""e5b2c280-6c70-11f0-92f8-0b0dfcc0c41e"",""attendance_count"":44,""b.diamond"":195637,""b.ruby"":0,""boxAllCount"":3730,""curserver"":1,""install_day"":""2025-07-29"",""total_payment_amount"":14300,""user_name"":""김상"",""user_rank"":1617,""user_stage"":400}"
"stage_reached_400 (App)","W:21_0A:20_0","41","{""Time"":""2025-10-09 13:56:28"",""UserUUID"":""ab867e30-853e-11f0-8dbf-aba47ad353b5"",""attendance_count"":41,""b.diamond"":5931,""b.ruby"":0,""boxAllCount"":6250,""curserver"":1,""install_day"":""2025-08-30"",""total_payment_amount"":7700,""user_name"":""모래여우"",""user_rank"":1603,""user_stage"":400}"
"stage_reached_400 (App)","W:23_0A:22_0","51","{""Time"":""2025-10-09 12:13:02"",""UserUUID"":""ffaf9120-7d7f-11f0-ac64-e5649fbf762b"",""attendance_count"":51,""b.diamond"":241355,""b.ruby"":0,""boxAllCount"":19200,""curserver"":1,""install_day"":""2025-08-20"",""total_payment_amount"":7700,""user_name"":""Nemo"",""user_rank"":1620,""user_stage"":400}"
"stage_reached_400 (App)","W:23_0A:21_0","39","{""Time"":""2025-10-09 11:52:05"",""UserUUID"":""3c59df20-866f-11f0-a786-4b600bb09778"",""attendance_count"":39,""b.diamond"":68663,""b.ruby"":0,""boxAllCount"":9610,""curserver"":1,""install_day"":""2025-08-31"",""total_payment_amount"":176000,""user_name"":""sy"",""user_rank"":1676,""user_stage"":400}"
"stage_reached_400 (App)","W:23_0A:23_0","32","{""Time"":""2025-10-09 10:47:28"",""UserUUID"":""0a52b2d0-8cb0-11f0-a4ba-d328272e77d3"",""attendance_count"":32,""b.diamond"":7025,""b.ruby"":0,""boxAllCount"":3860,""curserver"":1,""install_day"":""2025-09-08"",""total_payment_amount"":227700,""user_name"":""김물고기"",""user_rank"":1719,""user_stage"":400}"
"stage_reached_400 (App)","W:23_0A:21_0","76","{""Time"":""2025-10-09 09:14:36"",""UserUUID"":""a1b309d0-692f-11f0-847d-739109080a96"",""attendance_count"":76,""b.diamond"":1595814,""b.ruby"":0,""boxAllCount"":19750,""curserver"":1,""install_day"":""2025-07-25"",""total_payment_amount"":7700,""user_name"":""류중혁"",""user_rank"":1673,""user_stage"":400}"
"stage_reached_400 (App)","W:24_0A:23_0","62","{""Time"":""2025-10-09 09:08:04"",""UserUUID"":""ab657f40-7504-11f0-9924-ddd16f50703e"",""attendance_count"":62,""b.diamond"":1306838,""b.ruby"":0,""boxAllCount"":10470,""curserver"":1,""install_day"":""2025-08-09"",""total_payment_amount"":14300,""user_name"":""홀로걷는나"",""user_rank"":1731,""user_stage"":400}"
"stage_reached_400 (App)","W:23_0A:19_0","38","{""Time"":""2025-10-09 08:57:31"",""UserUUID"":""d50a1510-8795-11f0-97f8-ffa91087ea4b"",""attendance_count"":38,""b.diamond"":193324,""b.ruby"":0,""boxAllCount"":1980,""curserver"":1,""install_day"":""2025-09-02"",""total_payment_amount"":7700,""user_name"":""웅크"",""user_rank"":1595,""user_stage"":400}"
"stage_reached_400 (App)","W:23_0A:23_0","47","{""Time"":""2025-10-09 08:10:05"",""UserUUID"":""9e72dec0-80f0-11f0-b239-bb425462937f"",""attendance_count"":47,""b.diamond"":4873,""b.ruby"":0,""boxAllCount"":7030,""curserver"":1,""install_day"":""2025-08-24"",""total_payment_amount"":7700,""user_name"":""묵화의도"",""user_rank"":1592,""user_stage"":400}"
"stage_reached_400 (App)","W:23_0A:19_0","36","{""Time"":""2025-10-09 07:56:43"",""UserUUID"":""0f6a6e10-8969-11f0-a3dc-414fbc6cec6a"",""attendance_count"":36,""b.diamond"":130954,""b.ruby"":0,""boxAllCount"":3800,""curserver"":1,""install_day"":""2025-09-04"",""total_payment_amount"":7700,""user_name"":""aduy"",""user_rank"":1594,""user_stage"":400}"
"stage_reached_400 (App)","W:20_0A:19_0","46","{""Time"":""2025-10-09 03:28:02"",""UserUUID"":""4ad6da80-8165-11f0-9110-1d97df0a2c7f"",""attendance_count"":46,""b.diamond"":157678,""b.ruby"":0,""boxAllCount"":1640,""curserver"":1,""install_day"":""2025-08-25"",""total_payment_amount"":7700,""user_name"":""jazzpot"",""user_rank"":1728,""user_stage"":400}"
"stage_reached_400 (App)","W:21_0A:19_0","35","{""Time"":""2025-10-09 03:18:58"",""UserUUID"":""2aa6aa20-85f6-11f0-8b94-a54006a5fd6d"",""attendance_count"":35,""b.diamond"":3595,""b.ruby"":0,""boxAllCount"":1430,""curserver"":1,""install_day"":""2025-08-30"",""total_payment_amount"":51700,""user_name"":""로웁"",""user_rank"":1588,""user_stage"":400}"
"stage_reached_400 (App)","W:21_0A:22_0","45","{""Time"":""2025-10-09 02:44:16"",""UserUUID"":""5a9d00e0-80ff-11f0-8a2b-93b804dddd2f"",""attendance_count"":45,""b.diamond"":81288,""b.ruby"":0,""boxAllCount"":4700,""curserver"":1,""install_day"":""2025-08-24"",""total_payment_amount"":7700,""user_name"":""연수표류기"",""user_rank"":1590,""user_stage"":400}"
"stage_reached_400 (App)","W:22_0A:20_0","50","{""Time"":""2025-10-09 01:41:15"",""UserUUID"":""15742ee0-7e29-11f0-a291-6db542f3ddb3"",""attendance_count"":50,""b.diamond"":70520,""b.ruby"":0,""boxAllCount"":9260,""curserver"":1,""install_day"":""2025-08-21"",""total_payment_amount"":0,""user_name"":""요괴소녀"",""user_rank"":1611,""user_stage"":400}"
"stage_reached_400 (App)","W:23_0A:22_0","43","{""Time"":""2025-10-09 01:27:41"",""UserUUID"":""2c7d76b0-8369-11f0-a35e-7197b6ac011e"",""attendance_count"":43,""b.diamond"":13189,""b.ruby"":0,""boxAllCount"":7580,""curserver"":1,""install_day"":""2025-08-27"",""total_payment_amount"":40700,""user_name"":""앙마곰"",""user_rank"":1747,""user_stage"":400}"
"stage_reached_400 (App)","W:23_0A:19_0","30","{""Time"":""2025-10-09 01:07:38"",""UserUUID"":""e7f56e20-8daf-11f0-b03a-1331d2fc8633"",""attendance_count"":30,""b.diamond"":8962,""b.ruby"":0,""boxAllCount"":2510,""curserver"":1,""install_day"":""2025-09-09"",""total_payment_amount"":18700,""user_name"":""개떵이"",""user_rank"":1611,""user_stage"":400}"
"stage_reached_400 (App)","W:23_0A:19_0","37","{""Time"":""2025-10-09 01:00:11"",""UserUUID"":""3b8c8c70-87c1-11f0-a5f4-53bbf1c36908"",""attendance_count"":37,""b.diamond"":43345,""b.ruby"":0,""boxAllCount"":6180,""curserver"":1,""install_day"":""2025-09-02"",""total_payment_amount"":7700,""user_name"":""동알루"",""user_rank"":1619,""user_stage"":400}"
"stage_reached_400 (App)","W:23_0A:22_0","25","{""Time"":""2025-10-09 00:26:33"",""UserUUID"":""e60482f0-9236-11f0-a4c2-25c625aa8794"",""attendance_count"":25,""b.diamond"":18880,""b.ruby"":0,""boxAllCount"":3880,""curserver"":1,""install_day"":""2025-09-15"",""total_payment_amount"":128700,""user_name"":""dlffpr"",""user_rank"":1586,""user_stage"":400}"
"stage_reached_400 (App)","W:22_0A:21_0","54","{""Time"":""2025-10-08 23:54:12"",""UserUUID"":""ce72bba0-7aaa-11f0-9fb1-89ee5035f96f"",""attendance_count"":54,""b.diamond"":479394,""b.ruby"":0,""boxAllCount"":22260,""curserver"":1,""install_day"":""2025-08-16"",""total_payment_amount"":24200,""user_name"":""야지쏭"",""user_rank"":1599,""user_stage"":400}"
"stage_reached_400 (App)","W:23_0A:21_0","41","{""Time"":""2025-10-08 22:27:57"",""UserUUID"":""35880be0-8494-11f0-b373-d7203df18118"",""attendance_count"":41,""b.diamond"":74791,""b.ruby"":0,""boxAllCount"":8360,""curserver"":1,""install_day"":""2025-08-29"",""total_payment_amount"":194700,""user_name"":""김메뚝"",""user_rank"":1610,""user_stage"":400}"
"stage_reached_400 (App)","W:23_0A:23_0","54","{""Time"":""2025-10-08 18:49:31"",""UserUUID"":""349d16a0-7a83-11f0-9776-f3aff39091b6"",""attendance_count"":54,""b.diamond"":154912,""b.ruby"":330,""boxAllCount"":25320,""curserver"":1,""install_day"":""2025-08-16"",""total_payment_amount"":268400,""user_name"":""fly84"",""user_rank"":1578,""user_stage"":400}"
"stage_reached_400 (App)","W:21_0A:21_0","55","{""Time"":""2025-10-08 18:13:21"",""UserUUID"":""dacc9420-796a-11f0-b02e-7f60edaf5114"",""attendance_count"":55,""b.diamond"":461278,""b.ruby"":0,""boxAllCount"":8560,""curserver"":1,""install_day"":""2025-08-15"",""total_payment_amount"":7700,""user_name"":""챠콜"",""user_rank"":1671,""user_stage"":400}"
"stage_reached_400 (App)","W:22_0A:20_0","33","{""Time"":""2025-10-08 14:56:12"",""UserUUID"":""9b03d0e0-8ace-11f0-b2cf-337acce753f8"",""attendance_count"":33,""b.diamond"":103616,""b.ruby"":0,""boxAllCount"":8670,""curserver"":1,""install_day"":""2025-09-06"",""total_payment_amount"":7700,""user_name"":""한국사2급"",""user_rank"":1612,""user_stage"":400}"
"stage_reached_400 (App)","W:22_0A:22_0","70","{""Time"":""2025-10-08 12:28:36"",""UserUUID"":""329a0340-6ae3-11f0-adf1-352afe5db30b"",""attendance_count"":70,""b.diamond"":548428,""b.ruby"":0,""boxAllCount"":15680,""curserver"":1,""install_day"":""2025-07-27"",""total_payment_amount"":7700,""user_name"":""소림동자"",""user_rank"":1574,""user_stage"":400}"
"stage_reached_400 (App)","W:22_0A:22_0","89","{""Time"":""2025-10-08 11:17:19"",""UserUUID"":""e4ba8300-b077-11ef-81bb-01a24d7c0f95"",""attendance_count"":89,""b.diamond"":14276,""b.ruby"":0,""boxAllCount"":10000,""curserver"":0,""install_day"":""2024-12-02"",""total_payment_amount"":0,""user_name"":""우정잉"",""user_rank"":240,""user_stage"":400}"
"stage_reached_400 (App)","W:20_0A:19_0","15","{""Time"":""2025-10-08 10:35:58"",""UserUUID"":""c1d7ebe0-991d-11f0-9d55-b5352178ee32"",""attendance_count"":15,""b.diamond"":242451,""b.ruby"":990,""boxAllCount"":3180,""curserver"":1,""install_day"":""2025-09-24"",""total_payment_amount"":172700,""user_name"":""inter"",""user_rank"":1575,""user_stage"":400}"
"stage_reached_400 (App)","W:20_0A:19_0","73","{""Time"":""2025-10-08 10:35:25"",""UserUUID"":""c238c530-6878-11f0-ac00-9167339f9387"",""attendance_count"":73,""b.diamond"":351978,""b.ruby"":0,""boxAllCount"":1960,""curserver"":1,""install_day"":""2025-07-24"",""total_payment_amount"":7700,""user_name"":""홍챠"",""user_rank"":1664,""user_stage"":400}"
"stage_reached_400 (App)","W:20_0A:20_0","77","{""Time"":""2025-10-08 08:05:50"",""UserUUID"":""e5321f00-67c9-11f0-a86b-6be161d85452"",""attendance_count"":77,""b.diamond"":73832,""b.ruby"":0,""boxAllCount"":10300,""curserver"":1,""install_day"":""2025-07-23"",""total_payment_amount"":0,""user_name"":""김c1"",""user_rank"":1569,""user_stage"":400}"
"stage_reached_400 (App)","W:23_0A:19_0","50","{""Time"":""2025-10-08 06:45:20"",""UserUUID"":""356f15f0-7b2e-11f0-ab4c-3b8e4cacb574"",""attendance_count"":50,""b.diamond"":363163,""b.ruby"":0,""boxAllCount"":2420,""curserver"":1,""install_day"":""2025-08-17"",""total_payment_amount"":7700,""user_name"":""blake"",""user_rank"":1601,""user_stage"":400}"
"stage_reached_400 (App)","W:22_0A:20_0","80","{""Time"":""2025-10-08 06:27:31"",""UserUUID"":""e7bc1db0-6536-11f0-a15d-6fd1b18d9c14"",""attendance_count"":80,""b.diamond"":24919,""b.ruby"":0,""boxAllCount"":9310,""curserver"":1,""install_day"":""2025-07-20"",""total_payment_amount"":0,""user_name"":""바쿠"",""user_rank"":1593,""user_stage"":400}"
"stage_reached_400 (App)","W:20_0A:19_0","42","{""Time"":""2025-10-08 04:47:12"",""UserUUID"":""c96254b0-83d6-11f0-9241-5379c3ac48a8"",""attendance_count"":42,""b.diamond"":257548,""b.ruby"":110,""boxAllCount"":3740,""curserver"":1,""install_day"":""2025-08-28"",""total_payment_amount"":40700,""user_name"":""무개념꼬맹이"",""user_rank"":1563,""user_stage"":400}"
"stage_reached_400 (App)","W:22_0A:20_0","58","{""Time"":""2025-10-08 04:27:01"",""UserUUID"":""38fc3070-664a-11f0-81af-5b0af15a39e7"",""attendance_count"":58,""b.diamond"":8525,""b.ruby"":0,""boxAllCount"":3100,""curserver"":1,""install_day"":""2025-07-21"",""total_payment_amount"":27500,""user_name"":""익상이"",""user_rank"":1575,""user_stage"":400}"
"stage_reached_400 (App)","W:20_0A:21_0","30","{""Time"":""2025-10-08 02:55:41"",""UserUUID"":""d9be5d30-8d5a-11f0-a2fb-e735de811448"",""attendance_count"":30,""b.diamond"":11489,""b.ruby"":0,""boxAllCount"":3120,""curserver"":1,""install_day"":""2025-09-09"",""total_payment_amount"":62700,""user_name"":""여린"",""user_rank"":1719,""user_stage"":400}"
"stage_reached_400 (App)","W:21_0A:19_0","60","{""Time"":""2025-10-08 02:19:59"",""UserUUID"":""0a43e020-614a-11f0-96bb-e132d97f8ce0"",""attendance_count"":60,""b.diamond"":24608,""b.ruby"":0,""boxAllCount"":4760,""curserver"":0,""install_day"":""2025-07-15"",""total_payment_amount"":7700,""user_name"":""볼리"",""user_rank"":239,""user_stage"":400}"
"stage_reached_400 (App)","W:23_0A:22_0","13","{""Time"":""2025-10-08 01:53:10"",""UserUUID"":""b797ab20-9a8a-11f0-9d09-fb6b7be00223"",""attendance_count"":13,""b.diamond"":7003,""b.ruby"":0,""boxAllCount"":9430,""curserver"":1,""install_day"":""2025-09-26"",""total_payment_amount"":379500,""user_name"":""주강"",""user_rank"":1715,""user_stage"":400}"
"stage_reached_400 (App)","W:23_0A:20_0","15","{""Time"":""2025-10-08 00:49:28"",""UserUUID"":""80cee140-993a-11f0-8e0a-f7c5607bb0ab"",""attendance_count"":15,""b.diamond"":1049,""b.ruby"":0,""boxAllCount"":6120,""curserver"":1,""install_day"":""2025-09-24"",""total_payment_amount"":412500,""user_name"":""민밥이"",""user_rank"":1562,""user_stage"":400}"
"stage_reached_400 (App)","W:22_0A:19_0","68","{""Time"":""2025-10-08 00:47:55"",""UserUUID"":""400fa8f0-6f6a-11f0-846f-17143172b206"",""attendance_count"":68,""b.diamond"":862648,""b.ruby"":0,""boxAllCount"":4870,""curserver"":1,""install_day"":""2025-08-02"",""total_payment_amount"":7700,""user_name"":""Oppen"",""user_rank"":1563,""user_stage"":400}"
"stage_reached_400 (App)","W:22_0A:19_0","38","{""Time"":""2025-10-08 00:18:03"",""UserUUID"":""4cad0b60-869a-11f0-8426-4f0823699134"",""attendance_count"":38,""b.diamond"":13585,""b.ruby"":0,""boxAllCount"":3650,""curserver"":1,""install_day"":""2025-08-31"",""total_payment_amount"":7700,""user_name"":""여동동"",""user_rank"":1612,""user_stage"":400}"
"stage_reached_400 (App)","W:23_0A:20_0","38","{""Time"":""2025-10-07 23:42:17"",""UserUUID"":""ae990360-8604-11f0-9c99-1da894aedfd8"",""attendance_count"":38,""b.diamond"":40128,""b.ruby"":0,""boxAllCount"":9390,""curserver"":1,""install_day"":""2025-08-31"",""total_payment_amount"":77000,""user_name"":""장보고요리하고"",""user_rank"":1563,""user_stage"":400}"
"stage_reached_400 (App)","W:22_0A:20_0","51","{""Time"":""2025-10-07 22:29:48"",""UserUUID"":""d4f6d0c0-7013-11f0-a200-b5fe43d84f67"",""attendance_count"":51,""b.diamond"":5762,""b.ruby"":0,""boxAllCount"":4710,""curserver"":1,""install_day"":""2025-08-03"",""total_payment_amount"":7700,""user_name"":""조선의태종"",""user_rank"":1612,""user_stage"":400}"
"stage_reached_400 (App)","W:22_0A:22_0","68","{""Time"":""2025-10-07 20:24:34"",""UserUUID"":""2a6c95d0-dba9-11ef-8c9e-2f550fcbb0ac"",""attendance_count"":68,""b.diamond"":228010,""b.ruby"":0,""boxAllCount"":11030,""curserver"":0,""install_day"":""2025-01-26"",""total_payment_amount"":0,""user_name"":""제갈명월"",""user_rank"":249,""user_stage"":400}"
"stage_reached_400 (App)","W:20_0A:19_0","38","{""Time"":""2025-10-07 20:14:00"",""UserUUID"":""ee87bc60-863f-11f0-bb2a-0ddc64d62acd"",""attendance_count"":38,""b.diamond"":45250,""b.ruby"":0,""boxAllCount"":2500,""curserver"":1,""install_day"":""2025-08-31"",""total_payment_amount"":40700,""user_name"":""천영수"",""user_rank"":1610,""user_stage"":400}"
"stage_reached_400 (App)","W:23_0A:20_0","65","{""Time"":""2025-10-07 18:42:34"",""UserUUID"":""10fe55d0-6aaf-11f0-b350-274e47244e62"",""attendance_count"":65,""b.diamond"":434217,""b.ruby"":0,""boxAllCount"":16120,""curserver"":1,""install_day"":""2025-07-27"",""total_payment_amount"":7700,""user_name"":""ELyon"",""user_rank"":1837,""user_stage"":400}"
"stage_reached_400 (App)","W:24_0A:23_0","11","{""Time"":""2025-10-07 17:38:43"",""UserUUID"":""b820d370-9baa-11f0-bfbd-479d29c54ab8"",""attendance_count"":11,""b.diamond"":341331,""b.ruby"":110,""boxAllCount"":11280,""curserver"":1,""install_day"":""2025-09-27"",""total_payment_amount"":909700,""user_name"":""태사랑"",""user_rank"":1582,""user_stage"":400}"
"stage_reached_400 (App)","W:24_0A:24_0","2","{""Time"":""2025-10-07 16:02:12"",""UserUUID"":""a15f19c0-a290-11f0-a689-9dd2079daeff"",""attendance_count"":2,""b.diamond"":654778,""b.ruby"":880,""boxAllCount"":41190,""curserver"":1,""install_day"":""2025-10-06"",""total_payment_amount"":1437700,""user_name"":""눈물자리"",""user_rank"":1672,""user_stage"":400}"
"stage_reached_400 (App)","W:20_0A:19_0","59","{""Time"":""2025-10-07 13:29:41"",""UserUUID"":""bf031c60-74ff-11f0-9924-ddd16f50703e"",""attendance_count"":59,""b.diamond"":1020311,""b.ruby"":0,""boxAllCount"":5530,""curserver"":1,""install_day"":""2025-08-09"",""total_payment_amount"":7700,""user_name"":""깡문정"",""user_rank"":1559,""user_stage"":400}"
"stage_reached_400 (App)","W:22_0A:21_0","45","{""Time"":""2025-10-07 13:21:24"",""UserUUID"":""67837ad0-8034-11f0-9b24-d1cbd356a5a4"",""attendance_count"":45,""b.diamond"":5949,""b.ruby"":0,""boxAllCount"":7710,""curserver"":1,""install_day"":""2025-08-23"",""total_payment_amount"":7700,""user_name"":""반달123"",""user_rank"":1558,""user_stage"":400}"
"stage_reached_400 (App)","W:22_0A:20_0","80","{""Time"":""2025-10-07 13:01:45"",""UserUUID"":""b0024bb0-6568-11f0-844a-4f48097dc8d0"",""attendance_count"":80,""b.diamond"":1745,""b.ruby"":0,""boxAllCount"":4740,""curserver"":1,""install_day"":""2025-07-20"",""total_payment_amount"":0,""user_name"":""공낭"",""user_rank"":1550,""user_stage"":400}"
"stage_reached_400 (App)","W:23_0A:21_0","53","{""Time"":""2025-10-07 12:57:10"",""UserUUID"":""8e6baa30-7a23-11f0-8e19-cf72656b400b"",""attendance_count"":53,""b.diamond"":141867,""b.ruby"":0,""boxAllCount"":18420,""curserver"":1,""install_day"":""2025-08-15"",""total_payment_amount"":7700,""user_name"":""나는빛"",""user_rank"":1603,""user_stage"":400}"
"stage_reached_400 (App)","W:22_0A:20_0","42","{""Time"":""2025-10-07 12:46:00"",""UserUUID"":""c9626250-8081-11f0-98f9-ad52f3fb4cdd"",""attendance_count"":42,""b.diamond"":3160,""b.ruby"":0,""boxAllCount"":8160,""curserver"":1,""install_day"":""2025-08-24"",""total_payment_amount"":7700,""user_name"":""로딩중"",""user_rank"":1552,""user_stage"":400}"
"stage_reached_400 (App)","W:23_0A:20_0","62","{""Time"":""2025-10-07 12:01:17"",""UserUUID"":""2a675b50-732b-11f0-85ed-d9929016bb95"",""attendance_count"":62,""b.diamond"":236038,""b.ruby"":0,""boxAllCount"":6860,""curserver"":1,""install_day"":""2025-08-07"",""total_payment_amount"":7700,""user_name"":""DolI"",""user_rank"":1549,""user_stage"":400}"
"stage_reached_400 (App)","W:22_0A:19_0","61","{""Time"":""2025-10-07 08:34:39"",""UserUUID"":""7f79c800-68a7-11f0-b6e5-1f4abc2a195f"",""attendance_count"":61,""b.diamond"":13100,""b.ruby"":0,""boxAllCount"":2490,""curserver"":1,""install_day"":""2025-07-24"",""total_payment_amount"":0,""user_name"":""강백약"",""user_rank"":1548,""user_stage"":400}"
"stage_reached_400 (App)","W:21_0A:22_0","52","{""Time"":""2025-10-07 08:13:19"",""UserUUID"":""66db4dc0-7b6f-11f0-9fa9-191b0c1262fd"",""attendance_count"":52,""b.diamond"":1479258,""b.ruby"":0,""boxAllCount"":9410,""curserver"":1,""install_day"":""2025-08-17"",""total_payment_amount"":7700,""user_name"":""미끼"",""user_rank"":1581,""user_stage"":400}"
"stage_reached_400 (App)","W:22_0A:19_0","49","{""Time"":""2025-10-07 05:56:35"",""UserUUID"":""934ec4c0-7d1a-11f0-b69b-43e81270e003"",""attendance_count"":49,""b.diamond"":863798,""b.ruby"":0,""boxAllCount"":4090,""curserver"":1,""install_day"":""2025-08-19"",""total_payment_amount"":7700,""user_name"":""히샤"",""user_rank"":1580,""user_stage"":400}"
"stage_reached_400 (App)","W:23_0A:22_0","79","{""Time"":""2025-10-07 04:28:13"",""UserUUID"":""2cf52580-655e-11f0-9d97-192c64bf62e6"",""attendance_count"":79,""b.diamond"":1338614,""b.ruby"":0,""boxAllCount"":14930,""curserver"":1,""install_day"":""2025-07-20"",""total_payment_amount"":7700,""user_name"":""글라시어"",""user_rank"":1550,""user_stage"":400}"
"stage_reached_400 (App)","W:21_0A:21_0","57","{""Time"":""2025-10-07 03:05:41"",""UserUUID"":""c16a26a0-7686-11f0-972a-c1330832ee99"",""attendance_count"":57,""b.diamond"":32579,""b.ruby"":0,""boxAllCount"":16870,""curserver"":1,""install_day"":""2025-08-11"",""total_payment_amount"":7700,""user_name"":""달호99"",""user_rank"":1658,""user_stage"":400}"
"stage_reached_400 (App)","W:21_0A:20_0","53","{""Time"":""2025-10-07 02:02:51"",""UserUUID"":""668af840-7a19-11f0-8c7e-1731efd7f5a9"",""attendance_count"":53,""b.diamond"":107852,""b.ruby"":220,""boxAllCount"":7510,""curserver"":1,""install_day"":""2025-08-15"",""total_payment_amount"":29700,""user_name"":""밸밸"",""user_rank"":1543,""user_stage"":400}"
"stage_reached_400 (App)","W:23_0A:19_0","49","{""Time"":""2025-10-07 01:11:16"",""UserUUID"":""c1598ae0-7a62-11f0-9e8e-6d705120925e"",""attendance_count"":49,""b.diamond"":218339,""b.ruby"":0,""boxAllCount"":2900,""curserver"":1,""install_day"":""2025-08-16"",""total_payment_amount"":7700,""user_name"":""말뚝"",""user_rank"":1543,""user_stage"":400}"
"stage_reached_400 (App)","W:20_0A:19_0","37","{""Time"":""2025-10-07 00:59:25"",""UserUUID"":""5bcb73a0-8732-11f0-b7d6-8bc7d3df4bd9"",""attendance_count"":37,""b.diamond"":107517,""b.ruby"":0,""boxAllCount"":4060,""curserver"":1,""install_day"":""2025-09-01"",""total_payment_amount"":40700,""user_name"":""휘현"",""user_rank"":1556,""user_stage"":400}"
"stage_reached_400 (App)","W:23_0A:19_0","67","{""Time"":""2025-10-07 00:41:04"",""UserUUID"":""31f48280-6985-11f0-bd0c-c3e4cbda7988"",""attendance_count"":67,""b.diamond"":1159052,""b.ruby"":110,""boxAllCount"":3710,""curserver"":1,""install_day"":""2025-07-25"",""total_payment_amount"":58300,""user_name"":""도싸"",""user_rank"":1540,""user_stage"":400}"
"stage_reached_400 (App)","W:23_0A:22_0","20","{""Time"":""2025-10-06 23:56:16"",""UserUUID"":""f7f62520-922e-11f0-8833-133c6b605e9f"",""attendance_count"":20,""b.diamond"":115744,""b.ruby"":4400,""boxAllCount"":10790,""curserver"":1,""install_day"":""2025-09-15"",""total_payment_amount"":360800,""user_name"":""쌍대"",""user_rank"":1702,""user_stage"":400}"
"stage_reached_400 (App)","W:22_0A:22_0","40","{""Time"":""2025-10-06 21:12:59"",""UserUUID"":""fd232e80-83a1-11f0-b11d-bdf9558f316a"",""attendance_count"":40,""b.diamond"":76697,""b.ruby"":0,""boxAllCount"":3190,""curserver"":1,""install_day"":""2025-08-28"",""total_payment_amount"":7700,""user_name"":""맹덕맹덕"",""user_rank"":1553,""user_stage"":400}"
"stage_reached_400 (App)","W:20_0A:19_0","30","{""Time"":""2025-10-06 19:42:09"",""UserUUID"":""5219e3a0-8be7-11f0-bf4a-9da14483b2e3"",""attendance_count"":30,""b.diamond"":181670,""b.ruby"":0,""boxAllCount"":980,""curserver"":1,""install_day"":""2025-09-07"",""total_payment_amount"":25300,""user_name"":""잇지"",""user_rank"":1688,""user_stage"":400}"
"stage_reached_400 (App)","W:20_0A:19_0","29","{""Time"":""2025-10-06 18:29:19"",""UserUUID"":""3d6775b0-8c9d-11f0-b1d3-e9c5259e7d01"",""attendance_count"":29,""b.diamond"":29330,""b.ruby"":110,""boxAllCount"":4170,""curserver"":1,""install_day"":""2025-09-08"",""total_payment_amount"":95700,""user_name"":""살길"",""user_rank"":1607,""user_stage"":400}"
"stage_reached_400 (App)","W:23_0A:20_0","40","{""Time"":""2025-10-06 18:01:59"",""UserUUID"":""9166b931-83d0-11f0-8aa5-b74dd4efa3a6"",""attendance_count"":40,""b.diamond"":104486,""b.ruby"":0,""boxAllCount"":13000,""curserver"":1,""install_day"":""2025-08-28"",""total_payment_amount"":7700,""user_name"":""주노아빠"",""user_rank"":1607,""user_stage"":400}"
"stage_reached_400 (App)","W:23_0A:22_0","54","{""Time"":""2025-10-06 17:44:06"",""UserUUID"":""266e8070-6ba4-11f0-adee-07ff0aed7119"",""attendance_count"":54,""b.diamond"":1880,""b.ruby"":0,""boxAllCount"":18480,""curserver"":1,""install_day"":""2025-07-28"",""total_payment_amount"":7700,""user_name"":""랑이장군"",""user_rank"":1591,""user_stage"":400}"
"stage_reached_400 (App)","W:23_0A:20_0","51","{""Time"":""2025-10-06 16:17:12"",""UserUUID"":""fcaf4680-7a6b-11f0-9a29-559f62923361"",""attendance_count"":51,""b.diamond"":486286,""b.ruby"":0,""boxAllCount"":6900,""curserver"":1,""install_day"":""2025-08-16"",""total_payment_amount"":7700,""user_name"":""고소한맛"",""user_rank"":1693,""user_stage"":400}"
"stage_reached_400 (App)","W:22_0A:20_0","40","{""Time"":""2025-10-06 13:07:12"",""UserUUID"":""e50ac3c0-840b-11f0-85c1-8565701165ed"",""attendance_count"":40,""b.diamond"":62752,""b.ruby"":0,""boxAllCount"":6220,""curserver"":1,""install_day"":""2025-08-28"",""total_payment_amount"":9900,""user_name"":""라땨뚜이"",""user_rank"":1675,""user_stage"":400}"
"stage_reached_400 (App)","W:23_0A:22_0","48","{""Time"":""2025-10-06 12:42:16"",""UserUUID"":""978041c0-7dd0-11f0-872b-734649717bc0"",""attendance_count"":48,""b.diamond"":5722,""b.ruby"":0,""boxAllCount"":8110,""curserver"":1,""install_day"":""2025-08-20"",""total_payment_amount"":7700,""user_name"":""유안파파"",""user_rank"":1537,""user_stage"":400}"
"stage_reached_400 (App)","W:23_0A:23_0","26","{""Time"":""2025-10-06 11:28:11"",""UserUUID"":""4f316d40-8ea6-11f0-9a7e-a56e29ad938b"",""attendance_count"":26,""b.diamond"":1017071,""b.ruby"":110,""boxAllCount"":9070,""curserver"":1,""install_day"":""2025-09-11"",""total_payment_amount"":480700,""user_name"":""db"",""user_rank"":1541,""user_stage"":400}"
"stage_reached_400 (App)","W:22_0A:19_0","41","{""Time"":""2025-10-06 11:20:17"",""UserUUID"":""79e72010-8029-11f0-88a1-45fb1452fbda"",""attendance_count"":41,""b.diamond"":300311,""b.ruby"":0,""boxAllCount"":1660,""curserver"":1,""install_day"":""2025-08-23"",""total_payment_amount"":7700,""user_name"":""라인맨"",""user_rank"":1552,""user_stage"":400}"
"stage_reached_400 (App)","W:21_0A:20_0","74","{""Time"":""2025-10-06 10:49:52"",""UserUUID"":""3449eb30-66c7-11f0-9bdd-e11867fc3a11"",""attendance_count"":74,""b.diamond"":3515,""b.ruby"":0,""boxAllCount"":9340,""curserver"":1,""install_day"":""2025-07-22"",""total_payment_amount"":0,""user_name"":""프미나"",""user_rank"":1540,""user_stage"":400}"
"stage_reached_400 (App)","W:23_0A:20_0","79","{""Time"":""2025-10-06 08:59:59"",""UserUUID"":""4a5ea1f0-6545-11f0-b8dc-e3660ae75e14"",""attendance_count"":79,""b.diamond"":21580,""b.ruby"":0,""boxAllCount"":7090,""curserver"":1,""install_day"":""2025-07-20"",""total_payment_amount"":0,""user_name"":""필그램"",""user_rank"":1539,""user_stage"":400}"
"stage_reached_400 (App)","W:23_0A:21_0","41","{""Time"":""2025-10-06 08:07:50"",""UserUUID"":""00b99bc0-82de-11f0-a0c8-2f75a4fd45d7"",""attendance_count"":41,""b.diamond"":252679,""b.ruby"":110,""boxAllCount"":10840,""curserver"":1,""install_day"":""2025-08-27"",""total_payment_amount"":20900,""user_name"":""류헌"",""user_rank"":1536,""user_stage"":400}"
"stage_reached_400 (App)","W:23_0A:19_0","64","{""Time"":""2025-10-06 08:04:59"",""UserUUID"":""48c9d290-70f5-11f0-9dab-7fab440d9d2a"",""attendance_count"":64,""b.diamond"":3151,""b.ruby"":0,""boxAllCount"":7430,""curserver"":1,""install_day"":""2025-08-04"",""total_payment_amount"":0,""user_name"":""산호맨션"",""user_rank"":1527,""user_stage"":400}"
"stage_reached_400 (App)","W:21_0A:19_0","34","{""Time"":""2025-10-06 07:41:25"",""UserUUID"":""745939e0-8893-11f0-8618-f3bb8d1ff1d2"",""attendance_count"":34,""b.diamond"":1822,""b.ruby"":0,""boxAllCount"":3210,""curserver"":1,""install_day"":""2025-09-03"",""total_payment_amount"":7700,""user_name"":""6665"",""user_rank"":1522,""user_stage"":400}"
"stage_reached_400 (App)","W:22_0A:23_0","77","{""Time"":""2025-10-06 07:19:15"",""UserUUID"":""10a86c90-669c-11f0-80e7-c54421442f0e"",""attendance_count"":77,""b.diamond"":261764,""b.ruby"":0,""boxAllCount"":7000,""curserver"":1,""install_day"":""2025-07-22"",""total_payment_amount"":7700,""user_name"":""한방이아부지"",""user_rank"":1524,""user_stage"":400}"
"stage_reached_400 (App)","W:21_0A:20_0","60","{""Time"":""2025-10-06 06:32:41"",""UserUUID"":""34cf0890-73df-11f0-9772-538e9579620a"",""attendance_count"":60,""b.diamond"":2890,""b.ruby"":0,""boxAllCount"":8950,""curserver"":1,""install_day"":""2025-08-07"",""total_payment_amount"":66000,""user_name"":""이순신7"",""user_rank"":1522,""user_stage"":400}"
"stage_reached_400 (App)","W:23_0A:20_0","15","{""Time"":""2025-10-06 01:10:46"",""UserUUID"":""f446e880-96ff-11f0-960b-6192ff46e544"",""attendance_count"":15,""b.diamond"":125886,""b.ruby"":0,""boxAllCount"":9310,""curserver"":1,""install_day"":""2025-09-21"",""total_payment_amount"":232100,""user_name"":""허니초롱칩"",""user_rank"":1530,""user_stage"":400}"
"stage_reached_400 (App)","W:21_0A:22_0","37","{""Time"":""2025-10-06 01:09:08"",""UserUUID"":""0a010b90-85b9-11f0-8a74-0d82611249bc"",""attendance_count"":37,""b.diamond"":68111,""b.ruby"":220,""boxAllCount"":3290,""curserver"":1,""install_day"":""2025-08-30"",""total_payment_amount"":40700,""user_name"":""tobie"",""user_rank"":1517,""user_stage"":400}"
"stage_reached_400 (App)","W:23_0A:21_0","8","{""Time"":""2025-10-06 00:48:19"",""UserUUID"":""ad571990-9d26-11f0-af86-254f6fe56d05"",""attendance_count"":8,""b.diamond"":7382,""b.ruby"":110,""boxAllCount"":22100,""curserver"":1,""install_day"":""2025-09-29"",""total_payment_amount"":591800,""user_name"":""kms00"",""user_rank"":1577,""user_stage"":400}"
"stage_reached_400 (App)","W:22_0A:21_0","69","{""Time"":""2025-10-06 00:46:06"",""UserUUID"":""f62a5ac0-ab7c-11ef-9d4f-85486f726cf1"",""attendance_count"":69,""b.diamond"":1304042,""b.ruby"":0,""boxAllCount"":16940,""curserver"":0,""install_day"":""2024-11-25"",""total_payment_amount"":7700,""user_name"":""팡이"",""user_rank"":235,""user_stage"":400}"
"stage_reached_400 (App)","W:21_0A:20_0","45","{""Time"":""2025-10-06 00:35:25"",""UserUUID"":""d154dfa0-801e-11f0-a149-cbd0fcd1d45a"",""attendance_count"":45,""b.diamond"":20974,""b.ruby"":0,""boxAllCount"":6980,""curserver"":1,""install_day"":""2025-08-23"",""total_payment_amount"":7700,""user_name"":""HJL"",""user_rank"":1538,""user_stage"":400}"
"stage_reached_400 (App)","W:23_0A:20_0","78","{""Time"":""2025-10-05 20:29:54"",""UserUUID"":""8c5b9770-6441-11f0-98f0-415ec4f41c6d"",""attendance_count"":78,""b.diamond"":354668,""b.ruby"":0,""boxAllCount"":10490,""curserver"":1,""install_day"":""2025-07-19"",""total_payment_amount"":0,""user_name"":""오리지날고"",""user_rank"":1537,""user_stage"":400}"
"stage_reached_400 (App)","W:23_0A:20_0","68","{""Time"":""2025-10-05 20:15:14"",""UserUUID"":""dcbe5ab0-6bc4-11f0-8a8f-27115ddc2d8b"",""attendance_count"":68,""b.diamond"":812282,""b.ruby"":0,""boxAllCount"":8410,""curserver"":1,""install_day"":""2025-07-28"",""total_payment_amount"":7700,""user_name"":""OTL"",""user_rank"":1521,""user_stage"":400}"
"stage_reached_400 (App)","W:23_0A:22_0","65","{""Time"":""2025-10-05 20:02:41"",""UserUUID"":""7c462280-6ec1-11f0-89af-5963f75bfcc7"",""attendance_count"":65,""b.diamond"":5840,""b.ruby"":0,""boxAllCount"":7040,""curserver"":1,""install_day"":""2025-08-01"",""total_payment_amount"":0,""user_name"":""진파천"",""user_rank"":1514,""user_stage"":400}"
"stage_reached_400 (App)","W:23_0A:20_0","65","{""Time"":""2025-10-05 19:10:25"",""UserUUID"":""92774910-6f3b-11f0-b2bf-cfa517af65a1"",""attendance_count"":65,""b.diamond"":45857,""b.ruby"":0,""boxAllCount"":6660,""curserver"":1,""install_day"":""2025-08-02"",""total_payment_amount"":0,""user_name"":""새우까스덮밥"",""user_rank"":1515,""user_stage"":400}"
"stage_reached_400 (App)","W:23_0A:22_0","45","{""Time"":""2025-10-05 18:54:49"",""UserUUID"":""7d9b8360-7ea6-11f0-9fd8-e7aa87e5f478"",""attendance_count"":45,""b.diamond"":2370,""b.ruby"":110,""boxAllCount"":7420,""curserver"":1,""install_day"":""2025-08-21"",""total_payment_amount"":25300,""user_name"":""홀릭스"",""user_rank"":1512,""user_stage"":400}"
"stage_reached_400 (App)","W:23_0A:22_0","78","{""Time"":""2025-10-05 18:47:44"",""UserUUID"":""40ce0390-63bc-11f0-9a90-f3e6ad4e6da0"",""attendance_count"":78,""b.diamond"":109749,""b.ruby"":0,""boxAllCount"":19050,""curserver"":1,""install_day"":""2025-07-18"",""total_payment_amount"":0,""user_name"":""넨다"",""user_rank"":1512,""user_stage"":400}"
"stage_reached_400 (App)","W:23_0A:20_0","45","{""Time"":""2025-10-05 18:17:39"",""UserUUID"":""4e1459d0-7f16-11f0-ba67-e1ae6b7fdab5"",""attendance_count"":45,""b.diamond"":362527,""b.ruby"":110,""boxAllCount"":9130,""curserver"":1,""install_day"":""2025-08-22"",""total_payment_amount"":29700,""user_name"":""다정횟집"",""user_rank"":1514,""user_stage"":400}"
"stage_reached_400 (App)","W:22_0A:22_0","65","{""Time"":""2025-10-05 16:16:10"",""UserUUID"":""1f14b040-6fa2-11f0-8436-df3c3c919705"",""attendance_count"":65,""b.diamond"":180033,""b.ruby"":0,""boxAllCount"":16160,""curserver"":1,""install_day"":""2025-08-02"",""total_payment_amount"":34100,""user_name"":""인스"",""user_rank"":1631,""user_stage"":400}"
"stage_reached_400 (App)","W:22_0A:20_0","21","{""Time"":""2025-10-05 15:47:22"",""UserUUID"":""e0f246d0-9218-11f0-856a-eda90a12f622"",""attendance_count"":21,""b.diamond"":152342,""b.ruby"":550,""boxAllCount"":7590,""curserver"":1,""install_day"":""2025-09-15"",""total_payment_amount"":187000,""user_name"":""허스칼"",""user_rank"":1544,""user_stage"":400}"
"stage_reached_400 (App)","W:21_0A:19_0","82","{""Time"":""2025-10-05 12:44:51"",""UserUUID"":""1c085af0-620a-11f0-8954-d1ddcca9d272"",""attendance_count"":82,""b.diamond"":201084,""b.ruby"":0,""boxAllCount"":6410,""curserver"":1,""install_day"":""2025-07-16"",""total_payment_amount"":0,""user_name"":""문창현"",""user_rank"":1512,""user_stage"":400}"
"stage_reached_400 (App)","W:23_0A:20_0","63","{""Time"":""2025-10-05 11:34:18"",""UserUUID"":""f1978450-700d-11f0-9fae-9732629c71a1"",""attendance_count"":63,""b.diamond"":17704,""b.ruby"":0,""boxAllCount"":9960,""curserver"":1,""install_day"":""2025-08-03"",""total_payment_amount"":14300,""user_name"":""옴마니반메옴"",""user_rank"":1518,""user_stage"":400}"
"stage_reached_400 (App)","W:23_0A:21_0","72","{""Time"":""2025-10-05 10:44:02"",""UserUUID"":""90185980-68f0-11f0-82a4-059d2fef0171"",""attendance_count"":72,""b.diamond"":946059,""b.ruby"":0,""boxAllCount"":17180,""curserver"":1,""install_day"":""2025-07-25"",""total_payment_amount"":7700,""user_name"":""드웬달"",""user_rank"":1531,""user_stage"":400}"
"stage_reached_400 (App)","W:23_0A:19_0","43","{""Time"":""2025-10-05 10:02:04"",""UserUUID"":""1e68f200-80dc-11f0-8d61-1591656d6f8c"",""attendance_count"":43,""b.diamond"":13617,""b.ruby"":0,""boxAllCount"":4660,""curserver"":1,""install_day"":""2025-08-24"",""total_payment_amount"":40700,""user_name"":""토미오카기유"",""user_rank"":1569,""user_stage"":400}"
"stage_reached_400 (App)","W:23_0A:23_0","62","{""Time"":""2025-10-05 08:37:43"",""UserUUID"":""86744850-6df8-11f0-bed5-21adf8baad1f"",""attendance_count"":62,""b.diamond"":13067,""b.ruby"":0,""boxAllCount"":4020,""curserver"":1,""install_day"":""2025-07-31"",""total_payment_amount"":7700,""user_name"":""개집주형"",""user_rank"":1524,""user_stage"":400}"
"stage_reached_400 (App)","W:22_0A:23_0","64","{""Time"":""2025-10-05 04:23:44"",""UserUUID"":""7d8e93b0-6f53-11f0-8c08-852bd1d4c788"",""attendance_count"":64,""b.diamond"":9219,""b.ruby"":0,""boxAllCount"":5970,""curserver"":1,""install_day"":""2025-08-02"",""total_payment_amount"":7700,""user_name"":""배수로"",""user_rank"":1536,""user_stage"":400}"
"stage_reached_400 (App)","W:23_0A:23_0","57","{""Time"":""2025-10-05 02:25:36"",""UserUUID"":""548a2650-75ac-11f0-9df1-c10224e2eb43"",""attendance_count"":57,""b.diamond"":291486,""b.ruby"":0,""boxAllCount"":11340,""curserver"":1,""install_day"":""2025-08-10"",""total_payment_amount"":135300,""user_name"":""현세표루기"",""user_rank"":1507,""user_stage"":400}"
"stage_reached_400 (App)","W:21_0A:20_0","44","{""Time"":""2025-10-05 02:07:33"",""UserUUID"":""5e2b7d50-7fd7-11f0-8b57-effde7962b00"",""attendance_count"":44,""b.diamond"":34119,""b.ruby"":0,""boxAllCount"":8740,""curserver"":1,""install_day"":""2025-08-23"",""total_payment_amount"":7700,""user_name"":""이제시작이지"",""user_rank"":1524,""user_stage"":400}"
"stage_reached_400 (App)","W:23_0A:20_0","32","{""Time"":""2025-10-05 01:44:03"",""UserUUID"":""806b3450-71a4-11f0-8c85-d7ad389eda36"",""attendance_count"":32,""b.diamond"":169731,""b.ruby"":0,""boxAllCount"":7810,""curserver"":1,""install_day"":""2025-08-05"",""total_payment_amount"":36300,""user_name"":""난세표루깅"",""user_rank"":1523,""user_stage"":400}"
"stage_reached_400 (App)","W:23_0A:21_0","28","{""Time"":""2025-10-05 00:52:25"",""UserUUID"":""de81aa20-8c74-11f0-a6e8-873e40893db0"",""attendance_count"":28,""b.diamond"":52269,""b.ruby"":110,""boxAllCount"":6240,""curserver"":1,""install_day"":""2025-09-08"",""total_payment_amount"":47300,""user_name"":""지호파파"",""user_rank"":1525,""user_stage"":400}"
"stage_reached_400 (App)","W:23_0A:21_0","43","{""Time"":""2025-10-04 23:48:55"",""UserUUID"":""037500c0-6ede-11f0-bf91-e16dc1098301"",""attendance_count"":43,""b.diamond"":378241,""b.ruby"":0,""boxAllCount"":16790,""curserver"":1,""install_day"":""2025-08-01"",""total_payment_amount"":214500,""user_name"":""뗀석기식기"",""user_rank"":1726,""user_stage"":400}"
"stage_reached_400 (App)","W:22_0A:22_0","81","{""Time"":""2025-10-04 22:15:09"",""UserUUID"":""9e52baa0-6246-11f0-9224-eb6b2b2ecb55"",""attendance_count"":81,""b.diamond"":2116091,""b.ruby"":0,""boxAllCount"":5710,""curserver"":1,""install_day"":""2025-07-16"",""total_payment_amount"":0,""user_name"":""앤디미온"",""user_rank"":1508,""user_stage"":400}"
"stage_reached_400 (App)","W:22_0A:23_0","29","{""Time"":""2025-10-04 20:22:47"",""UserUUID"":""a53b9060-8ac5-11f0-93e1-d5b683cc16be"",""attendance_count"":29,""b.diamond"":7045,""b.ruby"":0,""boxAllCount"":3370,""curserver"":1,""install_day"":""2025-09-06"",""total_payment_amount"":7700,""user_name"":""뿌용뿌용"",""user_rank"":1500,""user_stage"":400}"
"stage_reached_400 (App)","W:22_0A:22_0","79","{""Time"":""2025-10-04 18:57:49"",""UserUUID"":""4107abb0-62c0-11f0-b78d-9fbbdf7f23fb"",""attendance_count"":79,""b.diamond"":38927,""b.ruby"":0,""boxAllCount"":6760,""curserver"":1,""install_day"":""2025-07-17"",""total_payment_amount"":0,""user_name"":""위드"",""user_rank"":1498,""user_stage"":400}"
"stage_reached_400 (App)","W:20_0A:19_0","19","{""Time"":""2025-10-04 17:48:03"",""UserUUID"":""e68f76e0-92d0-11f0-ae0a-97390913665e"",""attendance_count"":19,""b.diamond"":6993,""b.ruby"":0,""boxAllCount"":4490,""curserver"":1,""install_day"":""2025-09-16"",""total_payment_amount"":488400,""user_name"":""투율파파2"",""user_rank"":1497,""user_stage"":400}"
"stage_reached_400 (App)","W:23_0A:21_0","68","{""Time"":""2025-10-04 16:57:35"",""UserUUID"":""d352b3c0-6117-11f0-91d6-b1e4615a068a"",""attendance_count"":68,""b.diamond"":451307,""b.ruby"":330,""boxAllCount"":20410,""curserver"":0,""install_day"":""2025-07-15"",""total_payment_amount"":11000,""user_name"":""준기"",""user_rank"":233,""user_stage"":400}"
"stage_reached_400 (App)","W:23_0A:22_0","62","{""Time"":""2025-10-04 12:52:19"",""UserUUID"":""3a4e1a80-707f-11f0-bbfe-f18eba7fe529"",""attendance_count"":62,""b.diamond"":32122,""b.ruby"":110,""boxAllCount"":2730,""curserver"":1,""install_day"":""2025-08-03"",""total_payment_amount"":14300,""user_name"":""태안표류기"",""user_rank"":1494,""user_stage"":400}"
"stage_reached_400 (App)","W:22_0A:19_0","62","{""Time"":""2025-10-04 12:41:44"",""UserUUID"":""0a380821-70d3-11f0-b434-bd6322e32d33"",""attendance_count"":62,""b.diamond"":126764,""b.ruby"":0,""boxAllCount"":7100,""curserver"":1,""install_day"":""2025-08-04"",""total_payment_amount"":7700,""user_name"":""nhhhn"",""user_rank"":1538,""user_stage"":400}"
"stage_reached_400 (App)","W:22_0A:19_0","44","{""Time"":""2025-10-04 11:41:11"",""UserUUID"":""423d1060-7ef9-11f0-b07f-b9fb216d5faf"",""attendance_count"":44,""b.diamond"":454827,""b.ruby"":0,""boxAllCount"":3410,""curserver"":1,""install_day"":""2025-08-22"",""total_payment_amount"":7700,""user_name"":""연직이"",""user_rank"":1499,""user_stage"":400}"
"stage_reached_400 (App)","W:23_0A:22_0","59","{""Time"":""2025-10-04 11:39:15"",""UserUUID"":""cc903b70-7314-11f0-bc5c-ad10104b5495"",""attendance_count"":59,""b.diamond"":840445,""b.ruby"":0,""boxAllCount"":27880,""curserver"":1,""install_day"":""2025-08-06"",""total_payment_amount"":7700,""user_name"":""꿍구"",""user_rank"":1630,""user_stage"":400}"
"stage_reached_400 (App)","W:21_0A:22_0","50","{""Time"":""2025-10-04 10:31:35"",""UserUUID"":""4e7a9fa0-7a8a-11f0-a295-db9ebf3510fe"",""attendance_count"":50,""b.diamond"":52013,""b.ruby"":0,""boxAllCount"":7840,""curserver"":1,""install_day"":""2025-08-16"",""total_payment_amount"":7700,""user_name"":""가람찬"",""user_rank"":1560,""user_stage"":400}"
"stage_reached_400 (App)","W:22_0A:20_0","61","{""Time"":""2025-10-04 10:09:25"",""UserUUID"":""45056b40-706b-11f0-ae6b-8f27af4fef64"",""attendance_count"":61,""b.diamond"":326056,""b.ruby"":660,""boxAllCount"":18320,""curserver"":1,""install_day"":""2025-08-03"",""total_payment_amount"":58300,""user_name"":""엉강"",""user_rank"":1502,""user_stage"":400}"
"stage_reached_400 (App)","W:21_0A:19_0","50","{""Time"":""2025-10-04 10:07:32"",""UserUUID"":""b288ca70-79eb-11f0-8c49-9b2ccbd65610"",""attendance_count"":50,""b.diamond"":74245,""b.ruby"":0,""boxAllCount"":6150,""curserver"":1,""install_day"":""2025-08-15"",""total_payment_amount"":0,""user_name"":""졍이v"",""user_rank"":1482,""user_stage"":400}"
"stage_reached_400 (App)","W:23_0A:21_0","33","{""Time"":""2025-10-04 09:28:01"",""UserUUID"":""6222e2e0-87b1-11f0-9d44-cbf3c52ef56f"",""attendance_count"":33,""b.diamond"":189535,""b.ruby"":0,""boxAllCount"":3220,""curserver"":1,""install_day"":""2025-09-02"",""total_payment_amount"":7700,""user_name"":""인터느"",""user_rank"":1522,""user_stage"":400}"
"stage_reached_400 (App)","W:22_0A:22_0","50","{""Time"":""2025-10-04 09:21:20"",""UserUUID"":""0006d5c0-7a47-11f0-a6ed-dbb53ecc488c"",""attendance_count"":50,""b.diamond"":9310,""b.ruby"":0,""boxAllCount"":16040,""curserver"":1,""install_day"":""2025-08-16"",""total_payment_amount"":14300,""user_name"":""창리알파카"",""user_rank"":1522,""user_stage"":400}"
"stage_reached_400 (App)","W:22_0A:20_0","18","{""Time"":""2025-10-04 08:36:41"",""UserUUID"":""0a941c50-9379-11f0-b658-6bbbc27036f3"",""attendance_count"":18,""b.diamond"":136923,""b.ruby"":0,""boxAllCount"":7820,""curserver"":1,""install_day"":""2025-09-17"",""total_payment_amount"":160600,""user_name"":""염동동"",""user_rank"":1499,""user_stage"":400}"
"stage_reached_400 (App)","W:21_0A:20_0","40","{""Time"":""2025-10-04 08:29:46"",""UserUUID"":""8ca80680-824d-11f0-8db4-9ff6f2cb3a62"",""attendance_count"":40,""b.diamond"":7202,""b.ruby"":0,""boxAllCount"":6060,""curserver"":1,""install_day"":""2025-08-26"",""total_payment_amount"":7700,""user_name"":""구운차돌박이"",""user_rank"":1546,""user_stage"":400}"
"stage_reached_400 (App)","W:22_0A:19_0","44","{""Time"":""2025-10-04 08:03:15"",""UserUUID"":""d97dd880-7f06-11f0-a1e9-8d6e9833c5e9"",""attendance_count"":44,""b.diamond"":9974,""b.ruby"":0,""boxAllCount"":3850,""curserver"":1,""install_day"":""2025-08-22"",""total_payment_amount"":27500,""user_name"":""나르간"",""user_rank"":1478,""user_stage"":400}"
"stage_reached_400 (App)","W:20_0A:19_0","54","{""Time"":""2025-10-04 03:10:15"",""UserUUID"":""3963e330-7772-11f0-b708-79d9504e1472"",""attendance_count"":54,""b.diamond"":660113,""b.ruby"":330,""boxAllCount"":3320,""curserver"":1,""install_day"":""2025-08-12"",""total_payment_amount"":11000,""user_name"":""슈비드"",""user_rank"":1537,""user_stage"":400}"
"stage_reached_400 (App)","W:20_0A:20_0","40","{""Time"":""2025-10-04 02:58:43"",""UserUUID"":""1b388400-8218-11f0-8243-8fd22bb49209"",""attendance_count"":40,""b.diamond"":72582,""b.ruby"":0,""boxAllCount"":6340,""curserver"":1,""install_day"":""2025-08-26"",""total_payment_amount"":7700,""user_name"":""킬드런"",""user_rank"":1582,""user_stage"":400}"
"stage_reached_400 (App)","W:22_0A:20_0","21","{""Time"":""2025-10-04 02:43:36"",""UserUUID"":""44fcd160-9078-11f0-9be0-55f859459429"",""attendance_count"":21,""b.diamond"":162999,""b.ruby"":0,""boxAllCount"":6100,""curserver"":1,""install_day"":""2025-09-13"",""total_payment_amount"":363000,""user_name"":""유화니이"",""user_rank"":1477,""user_stage"":400}"
"stage_reached_400 (App)","W:23_0A:22_0","57","{""Time"":""2025-10-04 02:38:02"",""UserUUID"":""dbb95860-7478-11f0-b0ca-e5cbc16f2f7f"",""attendance_count"":57,""b.diamond"":154905,""b.ruby"":0,""boxAllCount"":17320,""curserver"":1,""install_day"":""2025-08-08"",""total_payment_amount"":7700,""user_name"":""굿가이"",""user_rank"":1552,""user_stage"":400}"
"stage_reached_400 (App)","W:23_0A:20_0","28","{""Time"":""2025-10-04 01:03:08"",""UserUUID"":""ae11eab0-8b36-11f0-a59e-f5b0c5b25d5f"",""attendance_count"":28,""b.diamond"":19040,""b.ruby"":0,""boxAllCount"":10030,""curserver"":1,""install_day"":""2025-09-06"",""total_payment_amount"":117700,""user_name"":""엔케"",""user_rank"":1475,""user_stage"":400}"
"stage_reached_400 (App)","W:23_0A:19_0","34","{""Time"":""2025-10-04 00:28:27"",""UserUUID"":""61c5ed80-86fb-11f0-8809-a32bd543dba3"",""attendance_count"":34,""b.diamond"":5978,""b.ruby"":0,""boxAllCount"":4400,""curserver"":1,""install_day"":""2025-09-01"",""total_payment_amount"":7700,""user_name"":""소거"",""user_rank"":1511,""user_stage"":400}"
"stage_reached_400 (App)","W:21_0A:19_0","64","{""Time"":""2025-10-04 00:23:21"",""UserUUID"":""fdf1a0a0-6e2d-11f0-85e6-cfac77f34799"",""attendance_count"":64,""b.diamond"":132126,""b.ruby"":110,""boxAllCount"":3400,""curserver"":1,""install_day"":""2025-07-31"",""total_payment_amount"":14300,""user_name"":""oasis"",""user_rank"":1480,""user_stage"":400}"
"stage_reached_400 (App)","W:23_0A:21_0","58","{""Time"":""2025-10-04 00:20:44"",""UserUUID"":""15d25af0-72e5-11f0-a49b-5792369b4d1c"",""attendance_count"":58,""b.diamond"":58935,""b.ruby"":0,""boxAllCount"":16860,""curserver"":1,""install_day"":""2025-08-06"",""total_payment_amount"":7700,""user_name"":""엄소희"",""user_rank"":1496,""user_stage"":400}"
"stage_reached_400 (App)","W:23_0A:19_0","60","{""Time"":""2025-10-03 23:35:03"",""UserUUID"":""29e07fc0-6f54-11f0-ac43-e97313d2b0eb"",""attendance_count"":60,""b.diamond"":55070,""b.ruby"":0,""boxAllCount"":2900,""curserver"":1,""install_day"":""2025-08-02"",""total_payment_amount"":7700,""user_name"":""난세군"",""user_rank"":1476,""user_stage"":400}"
"stage_reached_400 (App)","W:23_0A:22_0","70","{""Time"":""2025-10-03 21:44:58"",""UserUUID"":""dee124b0-67d4-11f0-9166-ffefbe87e2c2"",""attendance_count"":70,""b.diamond"":24324,""b.ruby"":0,""boxAllCount"":8060,""curserver"":1,""install_day"":""2025-07-23"",""total_payment_amount"":0,""user_name"":""사자보이스"",""user_rank"":1470,""user_stage"":400}"
"stage_reached_400 (App)","W:22_0A:19_0","61","{""Time"":""2025-10-03 20:08:43"",""UserUUID"":""e63033b0-64cc-11f0-998d-6361b2224259"",""attendance_count"":61,""b.diamond"":1026225,""b.ruby"":0,""boxAllCount"":5230,""curserver"":1,""install_day"":""2025-07-19"",""total_payment_amount"":7700,""user_name"":""노리치민히"",""user_rank"":1469,""user_stage"":400}"
"stage_reached_400 (App)","W:23_0A:23_0","18","{""Time"":""2025-10-03 19:39:21"",""UserUUID"":""21c31c10-924c-11f0-a8a2-0f672189beed"",""attendance_count"":18,""b.diamond"":2589,""b.ruby"":0,""boxAllCount"":16320,""curserver"":1,""install_day"":""2025-09-15"",""total_payment_amount"":333300,""user_name"":""조이조이"",""user_rank"":1469,""user_stage"":400}"
"stage_reached_400 (App)","W:23_0A:23_0","31","{""Time"":""2025-10-03 18:17:17"",""UserUUID"":""504409f0-87fc-11f0-9a56-9d8b4cc9f79d"",""attendance_count"":31,""b.diamond"":171837,""b.ruby"":110,""boxAllCount"":9770,""curserver"":1,""install_day"":""2025-09-02"",""total_payment_amount"":146300,""user_name"":""감튀도둑밖씨"",""user_rank"":1618,""user_stage"":400}"
"stage_reached_400 (App)","W:23_0A:21_0","43","{""Time"":""2025-10-03 17:51:50"",""UserUUID"":""0ef150d0-7d10-11f0-b626-5187d34b08e5"",""attendance_count"":43,""b.diamond"":177865,""b.ruby"":110,""boxAllCount"":7870,""curserver"":1,""install_day"":""2025-08-19"",""total_payment_amount"":40700,""user_name"":""무무요"",""user_rank"":1466,""user_stage"":400}"
"stage_reached_400 (App)","W:22_0A:20_0","48","{""Time"":""2025-10-03 17:51:14"",""UserUUID"":""d9f44320-7af7-11f0-b757-851c128cba1b"",""attendance_count"":48,""b.diamond"":16168,""b.ruby"":0,""boxAllCount"":7070,""curserver"":1,""install_day"":""2025-08-16"",""total_payment_amount"":7700,""user_name"":""첫번째레슨"",""user_rank"":1466,""user_stage"":400}"
"stage_reached_400 (App)","W:23_0A:21_0","50","{""Time"":""2025-10-03 16:14:26"",""UserUUID"":""97a9b720-79bc-11f0-bf60-df866b69ad40"",""attendance_count"":50,""b.diamond"":1022405,""b.ruby"":0,""boxAllCount"":6650,""curserver"":1,""install_day"":""2025-08-15"",""total_payment_amount"":29700,""user_name"":""개루삭구"",""user_rank"":1482,""user_stage"":400}"
"stage_reached_400 (App)","W:20_0A:20_0","111","{""Time"":""2025-10-03 14:11:59"",""UserUUID"":""ed8eeb60-e2d6-11ef-9e18-8555ee75829c"",""attendance_count"":111,""b.diamond"":773040,""b.ruby"":0,""boxAllCount"":9400,""curserver"":0,""install_day"":""2025-02-04"",""total_payment_amount"":0,""user_name"":""8809k"",""user_rank"":229,""user_stage"":400}"
"stage_reached_400 (App)","W:24_1A:20_0","79","{""Time"":""2025-10-03 12:32:32"",""UserUUID"":""941f2a20-62ad-11f0-bcbb-714564b525f4"",""attendance_count"":79,""b.diamond"":120992,""b.ruby"":0,""boxAllCount"":6360,""curserver"":1,""install_day"":""2025-07-17"",""total_payment_amount"":7700,""user_name"":""월치스"",""user_rank"":1526,""user_stage"":400}"
"stage_reached_400 (App)","W:21_0A:19_0","31","{""Time"":""2025-10-03 12:25:43"",""UserUUID"":""d5322280-8871-11f0-a691-a57284903455"",""attendance_count"":31,""b.diamond"":200425,""b.ruby"":0,""boxAllCount"":3200,""curserver"":1,""install_day"":""2025-09-03"",""total_payment_amount"":85800,""user_name"":""흑냥"",""user_rank"":1602,""user_stage"":400}"
"stage_reached_400 (App)","W:24_0A:23_0","54","{""Time"":""2025-10-03 11:46:36"",""UserUUID"":""07b75090-6626-11f0-8621-0f3e351e9362"",""attendance_count"":54,""b.diamond"":18513,""b.ruby"":0,""boxAllCount"":11240,""curserver"":1,""install_day"":""2025-07-21"",""total_payment_amount"":7700,""user_name"":""여르미"",""user_rank"":1536,""user_stage"":400}"
"stage_reached_400 (App)","W:23_0A:20_0","33","{""Time"":""2025-10-03 09:57:12"",""UserUUID"":""3ca319e0-872f-11f0-86d8-81b80c608d3a"",""attendance_count"":33,""b.diamond"":9146,""b.ruby"":0,""boxAllCount"":6550,""curserver"":1,""install_day"":""2025-09-01"",""total_payment_amount"":11000,""user_name"":""춘팔"",""user_rank"":1474,""user_stage"":400}"
"stage_reached_400 (App)","W:22_0A:20_0","36","{""Time"":""2025-10-03 09:57:10"",""UserUUID"":""a4294d70-846c-11f0-b6cb-1df81de6139a"",""attendance_count"":36,""b.diamond"":75612,""b.ruby"":0,""boxAllCount"":3060,""curserver"":1,""install_day"":""2025-08-29"",""total_payment_amount"":40700,""user_name"":""로로토"",""user_rank"":1458,""user_stage"":400}"
"stage_reached_400 (App)","W:23_0A:20_0","35","{""Time"":""2025-10-03 09:51:43"",""UserUUID"":""c07c3600-85a1-11f0-9d04-e90d377a2f40"",""attendance_count"":35,""b.diamond"":11431,""b.ruby"":0,""boxAllCount"":7780,""curserver"":1,""install_day"":""2025-08-30"",""total_payment_amount"":7700,""user_name"":""해용"",""user_rank"":1461,""user_stage"":400}"
"stage_reached_400 (App)","W:20_0A:19_0","33","{""Time"":""2025-10-03 08:09:59"",""UserUUID"":""ad4ad070-8720-11f0-9280-ebd450294d70"",""attendance_count"":33,""b.diamond"":7801,""b.ruby"":0,""boxAllCount"":4110,""curserver"":1,""install_day"":""2025-09-01"",""total_payment_amount"":7700,""user_name"":""태호아범"",""user_rank"":1461,""user_stage"":400}"
"stage_reached_400 (App)","W:23_0A:22_0","42","{""Time"":""2025-10-03 08:07:18"",""UserUUID"":""7eed2170-7fea-11f0-923e-c9106ca7d355"",""attendance_count"":42,""b.diamond"":259177,""b.ruby"":110,""boxAllCount"":12360,""curserver"":1,""install_day"":""2025-08-23"",""total_payment_amount"":47300,""user_name"":""hulee"",""user_rank"":1471,""user_stage"":400}"
"stage_reached_400 (App)","W:20_0A:19_0","71","{""Time"":""2025-10-03 07:38:57"",""UserUUID"":""5b94c8c0-6921-11f0-a1de-d56c01849062"",""attendance_count"":71,""b.diamond"":39730,""b.ruby"":0,""boxAllCount"":2500,""curserver"":1,""install_day"":""2025-07-25"",""total_payment_amount"":0,""user_name"":""아르마로스"",""user_rank"":1451,""user_stage"":400}"
"stage_reached_400 (App)","W:22_0A:20_0","64","{""Time"":""2025-10-03 07:11:44"",""UserUUID"":""a1545480-6ec0-11f0-935a-958fa9dfbe28"",""attendance_count"":64,""b.diamond"":614691,""b.ruby"":0,""boxAllCount"":16640,""curserver"":1,""install_day"":""2025-08-01"",""total_payment_amount"":7700,""user_name"":""노노니"",""user_rank"":1470,""user_stage"":400}"
"stage_reached_400 (App)","W:23_0A:20_0","62","{""Time"":""2025-10-03 05:05:12"",""UserUUID"":""2c3bcc70-7026-11f0-a4d3-b79d72d1ceb9"",""attendance_count"":62,""b.diamond"":111312,""b.ruby"":0,""boxAllCount"":8120,""curserver"":1,""install_day"":""2025-08-03"",""total_payment_amount"":0,""user_name"":""말굴"",""user_rank"":1461,""user_stage"":400}"
"stage_reached_400 (App)","W:23_0A:21_0","28","{""Time"":""2025-10-03 05:01:08"",""UserUUID"":""ba526260-8af4-11f0-9922-2f50f9dd02ff"",""attendance_count"":28,""b.diamond"":11193,""b.ruby"":0,""boxAllCount"":8760,""curserver"":1,""install_day"":""2025-09-06"",""total_payment_amount"":194700,""user_name"":""우힛호호"",""user_rank"":1450,""user_stage"":400}"
"stage_reached_400 (App)","W:23_0A:23_0","11","{""Time"":""2025-10-03 03:38:53"",""UserUUID"":""6973acb0-988b-11f0-a524-b5f3a48455a2"",""attendance_count"":11,""b.diamond"":133546,""b.ruby"":0,""boxAllCount"":21320,""curserver"":1,""install_day"":""2025-09-23"",""total_payment_amount"":487300,""user_name"":""성루시퍼"",""user_rank"":1452,""user_stage"":400}"
"stage_reached_400 (App)","W:23_0A:19_0","69","{""Time"":""2025-10-03 02:55:06"",""UserUUID"":""27609a10-695e-11f0-9f3a-d936e3ed6e3a"",""attendance_count"":69,""b.diamond"":106808,""b.ruby"":0,""boxAllCount"":2960,""curserver"":1,""install_day"":""2025-07-25"",""total_payment_amount"":7700,""user_name"":""내옆에공시리"",""user_rank"":1454,""user_stage"":400}"
"stage_reached_400 (App)","W:21_0A:19_0","57","{""Time"":""2025-10-03 02:29:37"",""UserUUID"":""f75342d0-711b-11f0-b397-8f99c6293599"",""attendance_count"":57,""b.diamond"":220635,""b.ruby"":0,""boxAllCount"":4330,""curserver"":1,""install_day"":""2025-08-04"",""total_payment_amount"":7700,""user_name"":""정소장"",""user_rank"":1472,""user_stage"":400}"
"stage_reached_400 (App)","W:23_0A:20_0","51","{""Time"":""2025-10-03 02:10:17"",""UserUUID"":""71ec2610-786f-11f0-8134-5b1bc9fd12bd"",""attendance_count"":51,""b.diamond"":716070,""b.ruby"":0,""boxAllCount"":6020,""curserver"":1,""install_day"":""2025-08-13"",""total_payment_amount"":7700,""user_name"":""환결"",""user_rank"":1450,""user_stage"":400}"
"stage_reached_400 (App)","W:23_0A:20_0","36","{""Time"":""2025-10-03 00:37:05"",""UserUUID"":""8427e630-8313-11f0-84a8-51394221fae0"",""attendance_count"":36,""b.diamond"":128372,""b.ruby"":0,""boxAllCount"":6120,""curserver"":1,""install_day"":""2025-08-27"",""total_payment_amount"":161700,""user_name"":""돛새치"",""user_rank"":1469,""user_stage"":400}"
"stage_reached_400 (App)","W:23_0A:20_0","44","{""Time"":""2025-10-03 00:27:20"",""UserUUID"":""20b38c30-7e95-11f0-9fd8-e7aa87e5f478"",""attendance_count"":44,""b.diamond"":19344,""b.ruby"":0,""boxAllCount"":8980,""curserver"":1,""install_day"":""2025-08-21"",""total_payment_amount"":7700,""user_name"":""하동훈"",""user_rank"":1489,""user_stage"":400}"
"stage_reached_400 (App)","W:22_0A:21_0","34","{""Time"":""2025-10-03 00:15:58"",""UserUUID"":""e2aaef60-854b-11f0-ae3c-29a303a1e907"",""attendance_count"":34,""b.diamond"":11239,""b.ruby"":110,""boxAllCount"":6570,""curserver"":1,""install_day"":""2025-08-30"",""total_payment_amount"":157300,""user_name"":""고팬도"",""user_rank"":1461,""user_stage"":400}"
"stage_reached_400 (App)","W:22_0A:20_0","66","{""Time"":""2025-10-02 23:43:44"",""UserUUID"":""5d7f2420-6b04-11f0-8475-b3ab8d76cf83"",""attendance_count"":66,""b.diamond"":2988862,""b.ruby"":0,""boxAllCount"":7120,""curserver"":1,""install_day"":""2025-07-27"",""total_payment_amount"":7700,""user_name"":""혜비나"",""user_rank"":1554,""user_stage"":400}"
"stage_reached_400 (App)","W:23_0A:23_0","61","{""Time"":""2025-10-02 23:33:05"",""UserUUID"":""d1d9b0c0-6eeb-11f0-a86f-653074dd134e"",""attendance_count"":61,""b.diamond"":3742961,""b.ruby"":0,""boxAllCount"":16000,""curserver"":1,""install_day"":""2025-08-01"",""total_payment_amount"":7700,""user_name"":""누크"",""user_rank"":1447,""user_stage"":400}"
"stage_reached_400 (App)","W:22_0A:19_0","12","{""Time"":""2025-10-02 23:13:15"",""UserUUID"":""8a38dcd0-9639-11f0-bb50-e15878e3cddc"",""attendance_count"":12,""b.diamond"":7323,""b.ruby"":0,""boxAllCount"":1850,""curserver"":1,""install_day"":""2025-09-20"",""total_payment_amount"":260700,""user_name"":""현종"",""user_rank"":1444,""user_stage"":400}"
"stage_reached_400 (App)","W:23_0A:20_0","49","{""Time"":""2025-10-02 21:45:44"",""UserUUID"":""7f920ec0-796d-11f0-885f-a30bc85a4e3f"",""attendance_count"":49,""b.diamond"":404622,""b.ruby"":0,""boxAllCount"":8490,""curserver"":1,""install_day"":""2025-08-15"",""total_payment_amount"":95700,""user_name"":""위즈빅"",""user_rank"":1514,""user_stage"":400}"
"stage_reached_400 (App)","W:24_0A:19_0","9","{""Time"":""2025-10-02 21:14:01"",""UserUUID"":""209f7f80-98e2-11f0-9900-bbe437526add"",""attendance_count"":9,""b.diamond"":95359,""b.ruby"":550,""boxAllCount"":2700,""curserver"":1,""install_day"":""2025-09-24"",""total_payment_amount"":579700,""user_name"":""아라레"",""user_rank"":1606,""user_stage"":400}"
"stage_reached_400 (App)","W:22_0A:23_0","67","{""Time"":""2025-10-02 21:08:16"",""UserUUID"":""b0656c90-6a45-11f0-b350-274e47244e62"",""attendance_count"":67,""b.diamond"":1312156,""b.ruby"":0,""boxAllCount"":12820,""curserver"":1,""install_day"":""2025-07-26"",""total_payment_amount"":7700,""user_name"":""수호리"",""user_rank"":1471,""user_stage"":400}"
"stage_reached_400 (App)","W:22_0A:20_0","42","{""Time"":""2025-10-02 21:01:01"",""UserUUID"":""e82dd9e0-7f22-11f0-8363-5b3d7d475092"",""attendance_count"":42,""b.diamond"":5498,""b.ruby"":0,""boxAllCount"":6160,""curserver"":1,""install_day"":""2025-08-22"",""total_payment_amount"":7700,""user_name"":""끼야아옹"",""user_rank"":1438,""user_stage"":400}"
"stage_reached_400 (App)","W:22_0A:21_0","48","{""Time"":""2025-10-02 20:01:11"",""UserUUID"":""909e5730-79ab-11f0-a997-ef28d2e66d95"",""attendance_count"":48,""b.diamond"":151095,""b.ruby"":110,""boxAllCount"":9150,""curserver"":1,""install_day"":""2025-08-15"",""total_payment_amount"":22000,""user_name"":""가나위"",""user_rank"":1439,""user_stage"":400}"
"stage_reached_400 (App)","W:23_0A:22_0","67","{""Time"":""2025-10-02 18:06:29"",""UserUUID"":""2cdb21b0-6aec-11f0-81c8-df68c1af4b53"",""attendance_count"":67,""b.diamond"":131387,""b.ruby"":0,""boxAllCount"":22280,""curserver"":1,""install_day"":""2025-07-27"",""total_payment_amount"":7700,""user_name"":""푸하할"",""user_rank"":1416,""user_stage"":400}"
"stage_reached_400 (App)","W:21_0A:20_0","38","{""Time"":""2025-10-02 19:07:27"",""UserUUID"":""5535e3c0-81ee-11f0-84f0-1dd111fbf27b"",""attendance_count"":38,""b.diamond"":176429,""b.ruby"":0,""boxAllCount"":6010,""curserver"":1,""install_day"":""2025-08-25"",""total_payment_amount"":7700,""user_name"":""RORANG"",""user_rank"":1582,""user_stage"":400}"
"stage_reached_400 (App)","W:23_0A:20_0","5","{""Time"":""2025-10-02 18:47:28"",""UserUUID"":""ff85c740-9c66-11f0-be99-592a843e3253"",""attendance_count"":5,""b.diamond"":24696,""b.ruby"":110,""boxAllCount"":8290,""curserver"":1,""install_day"":""2025-09-28"",""total_payment_amount"":663300,""user_name"":""조종"",""user_rank"":1433,""user_stage"":400}"
"stage_reached_400 (App)","W:23_0A:19_0","57","{""Time"":""2025-10-02 17:18:36"",""UserUUID"":""1c95ade0-7210-11f0-91c2-0d47c4209baa"",""attendance_count"":57,""b.diamond"":7388,""b.ruby"":110,""boxAllCount"":2580,""curserver"":1,""install_day"":""2025-08-05"",""total_payment_amount"":29700,""user_name"":""존우석"",""user_rank"":1434,""user_stage"":400}"
"stage_reached_400 (App)","W:21_0A:19_0","41","{""Time"":""2025-10-02 16:07:49"",""UserUUID"":""0aaa7070-7f62-11f0-b841-33f7af515b1c"",""attendance_count"":41,""b.diamond"":31269,""b.ruby"":0,""boxAllCount"":3540,""curserver"":1,""install_day"":""2025-08-22"",""total_payment_amount"":7700,""user_name"":""이남규"",""user_rank"":1599,""user_stage"":400}"
"stage_reached_400 (App)","W:23_0A:22_0","37","{""Time"":""2025-10-02 15:41:44"",""UserUUID"":""ba5aec20-8318-11f0-ac37-9735ff14f46b"",""attendance_count"":37,""b.diamond"":177354,""b.ruby"":0,""boxAllCount"":6110,""curserver"":1,""install_day"":""2025-08-27"",""total_payment_amount"":7700,""user_name"":""세류핑"",""user_rank"":1425,""user_stage"":400}"
"stage_reached_400 (App)","W:23_0A:20_0","11","{""Time"":""2025-10-02 15:38:59"",""UserUUID"":""2d757a60-9735-11f0-952a-99046b651fcb"",""attendance_count"":11,""b.diamond"":56343,""b.ruby"":0,""boxAllCount"":7950,""curserver"":1,""install_day"":""2025-09-21"",""total_payment_amount"":522500,""user_name"":""악마범"",""user_rank"":1442,""user_stage"":400}"
"stage_reached_400 (App)","W:24_0A:20_0","5","{""Time"":""2025-10-02 15:33:07"",""UserUUID"":""95ca1f10-9c55-11f0-9a6a-83eb55b41766"",""attendance_count"":5,""b.diamond"":9145,""b.ruby"":5170,""boxAllCount"":17010,""curserver"":1,""install_day"":""2025-09-28"",""total_payment_amount"":700700,""user_name"":""뿌우"",""user_rank"":1559,""user_stage"":400}"
"stage_reached_400 (App)","W:24_0A:24_0","45","{""Time"":""2025-10-02 15:04:03"",""UserUUID"":""de8f6310-7c8c-11f0-96aa-fbe3f68c3a5d"",""attendance_count"":45,""b.diamond"":126585,""b.ruby"":0,""boxAllCount"":32320,""curserver"":1,""install_day"":""2025-08-18"",""total_payment_amount"":414700,""user_name"":""조선의검"",""user_rank"":1474,""user_stage"":400}"
"stage_reached_400 (App)","W:23_0A:21_0","36","{""Time"":""2025-10-02 13:59:48"",""UserUUID"":""dd56eca0-83eb-11f0-a011-c1723a151a81"",""attendance_count"":36,""b.diamond"":17977,""b.ruby"":770,""boxAllCount"":17080,""curserver"":1,""install_day"":""2025-08-28"",""total_payment_amount"":275000,""user_name"":""테라띵"",""user_rank"":1518,""user_stage"":400}"
"stage_reached_400 (App)","W:22_0A:20_0","33","{""Time"":""2025-10-02 12:29:41"",""UserUUID"":""aeef2990-85cb-11f0-8ca6-1bbcc82fc6e4"",""attendance_count"":33,""b.diamond"":44598,""b.ruby"":0,""boxAllCount"":6840,""curserver"":1,""install_day"":""2025-08-30"",""total_payment_amount"":34100,""user_name"":""처음해본다고"",""user_rank"":1436,""user_stage"":400}"
"stage_reached_400 (App)","W:23_0A:19_0","37","{""Time"":""2025-10-02 12:27:16"",""UserUUID"":""7401b620-8163-11f0-8c05-97183d627248"",""attendance_count"":37,""b.diamond"":1499,""b.ruby"":0,""boxAllCount"":7300,""curserver"":1,""install_day"":""2025-08-25"",""total_payment_amount"":108900,""user_name"":""무진e"",""user_rank"":1451,""user_stage"":400}"
"stage_reached_400 (App)","W:24_2A:22_0","66","{""Time"":""2025-10-02 08:45:48"",""UserUUID"":""4502f550-6afc-11f0-9ed4-f3624571d2cf"",""attendance_count"":66,""b.diamond"":591903,""b.ruby"":110,""boxAllCount"":4640,""curserver"":1,""install_day"":""2025-07-27"",""total_payment_amount"":62700,""user_name"":""카뷰"",""user_rank"":1584,""user_stage"":400}"
"stage_reached_400 (App)","W:23_0A:19_0","66","{""Time"":""2025-10-02 08:25:25"",""UserUUID"":""3d9d5190-6a55-11f0-b4af-bd0ab1be2018"",""attendance_count"":66,""b.diamond"":319509,""b.ruby"":0,""boxAllCount"":1950,""curserver"":1,""install_day"":""2025-07-26"",""total_payment_amount"":7700,""user_name"":""그냥아빠"",""user_rank"":1434,""user_stage"":400}"
"stage_reached_400 (App)","W:23_0A:20_0","37","{""Time"":""2025-10-02 08:11:01"",""UserUUID"":""0fc05230-8306-11f0-912a-7fa231ba393e"",""attendance_count"":37,""b.diamond"":7548,""b.ruby"":220,""boxAllCount"":6380,""curserver"":1,""install_day"":""2025-08-27"",""total_payment_amount"":124300,""user_name"":""고기는레어"",""user_rank"":1469,""user_stage"":400}"
"stage_reached_400 (App)","W:22_0A:20_0","42","{""Time"":""2025-10-02 07:52:13"",""UserUUID"":""2983d3c0-7f4d-11f0-aa2b-c7c78c78286f"",""attendance_count"":42,""b.diamond"":192781,""b.ruby"":0,""boxAllCount"":7960,""curserver"":1,""install_day"":""2025-08-22"",""total_payment_amount"":7700,""user_name"":""도트롤"",""user_rank"":1421,""user_stage"":400}"
"stage_reached_400 (App)","W:23_0A:19_0","54","{""Time"":""2025-10-02 05:43:53"",""UserUUID"":""9dccfcd0-74f2-11f0-bac4-ed3432c832e9"",""attendance_count"":54,""b.diamond"":353139,""b.ruby"":0,""boxAllCount"":2260,""curserver"":1,""install_day"":""2025-08-09"",""total_payment_amount"":0,""user_name"":""율민"",""user_rank"":1424,""user_stage"":400}"
"stage_reached_400 (App)","W:24_0A:20_0","58","{""Time"":""2025-10-02 05:11:27"",""UserUUID"":""c3242a70-729b-11f0-9b41-c377552c2b97"",""attendance_count"":58,""b.diamond"":565930,""b.ruby"":0,""boxAllCount"":4100,""curserver"":1,""install_day"":""2025-08-06"",""total_payment_amount"":18700,""user_name"":""쩡기영"",""user_rank"":1421,""user_stage"":400}"
"stage_reached_400 (App)","W:22_0A:20_0","44","{""Time"":""2025-10-02 01:43:46"",""UserUUID"":""a0afc7d0-781b-11f0-8355-91a21b7092d6"",""attendance_count"":44,""b.diamond"":11713,""b.ruby"":0,""boxAllCount"":11160,""curserver"":1,""install_day"":""2025-08-13"",""total_payment_amount"":0,""user_name"":""밍밍한된장찌개"",""user_rank"":1416,""user_stage"":400}"
"stage_reached_400 (App)","W:23_0A:19_0","37","{""Time"":""2025-10-02 01:25:51"",""UserUUID"":""ef1547b0-8310-11f0-9270-434d3aa7d4a9"",""attendance_count"":37,""b.diamond"":8459,""b.ruby"":0,""boxAllCount"":2580,""curserver"":1,""install_day"":""2025-08-27"",""total_payment_amount"":93500,""user_name"":""은근슬젓"",""user_rank"":1567,""user_stage"":400}"
"stage_reached_400 (App)","W:21_0A:19_0","36","{""Time"":""2025-10-02 01:08:59"",""UserUUID"":""031710b0-83c3-11f0-acac-7d11269e9f21"",""attendance_count"":36,""b.diamond"":38447,""b.ruby"":0,""boxAllCount"":2710,""curserver"":1,""install_day"":""2025-08-28"",""total_payment_amount"":29700,""user_name"":""봄베이"",""user_rank"":1444,""user_stage"":400}"
"stage_reached_400 (App)","W:21_0A:20_0","45","{""Time"":""2025-10-02 01:05:52"",""UserUUID"":""8cbdbba0-7c5e-11f0-a5e7-57b3c95daa4c"",""attendance_count"":45,""b.diamond"":93861,""b.ruby"":0,""boxAllCount"":7270,""curserver"":1,""install_day"":""2025-08-18"",""total_payment_amount"":11000,""user_name"":""천지"",""user_rank"":1428,""user_stage"":400}"
"stage_reached_400 (App)","W:21_0A:19_0","31","{""Time"":""2025-10-02 01:00:35"",""UserUUID"":""90fe2520-877a-11f0-a14b-77e0eb472947"",""attendance_count"":31,""b.diamond"":18563,""b.ruby"":0,""boxAllCount"":3630,""curserver"":1,""install_day"":""2025-09-01"",""total_payment_amount"":37400,""user_name"":""종기"",""user_rank"":1418,""user_stage"":400}"
"stage_reached_400 (App)","W:22_0A:20_0","44","{""Time"":""2025-10-02 00:18:33"",""UserUUID"":""911c3550-7cc2-11f0-b1c1-2f88f2a37005"",""attendance_count"":44,""b.diamond"":6638,""b.ruby"":0,""boxAllCount"":8780,""curserver"":1,""install_day"":""2025-08-19"",""total_payment_amount"":25300,""user_name"":""축구보다야구"",""user_rank"":1472,""user_stage"":400}"
"stage_reached_400 (App)","W:23_0A:22_0","72","{""Time"":""2025-10-01 23:37:13"",""UserUUID"":""af724940-657f-11f0-8be9-7bc4b954113d"",""attendance_count"":72,""b.diamond"":4537,""b.ruby"":0,""boxAllCount"":5110,""curserver"":1,""install_day"":""2025-07-20"",""total_payment_amount"":25300,""user_name"":""삼봉이형"",""user_rank"":1413,""user_stage"":400}"
"stage_reached_400 (App)","W:23_0A:19_0","74","{""Time"":""2025-10-01 20:57:51"",""UserUUID"":""32826b20-6365-11f0-a70b-97528033efd5"",""attendance_count"":74,""b.diamond"":1213791,""b.ruby"":0,""boxAllCount"":2830,""curserver"":1,""install_day"":""2025-07-17"",""total_payment_amount"":7700,""user_name"":""K31"",""user_rank"":1454,""user_stage"":400}"
"stage_reached_400 (App)","W:22_0A:19_0","74","{""Time"":""2025-10-01 20:32:57"",""UserUUID"":""8c6bab10-6554-11f0-aed2-e9684f688284"",""attendance_count"":74,""b.diamond"":305697,""b.ruby"":0,""boxAllCount"":3690,""curserver"":1,""install_day"":""2025-07-20"",""total_payment_amount"":0,""user_name"":""덕유산담비"",""user_rank"":1412,""user_stage"":400}"
"stage_reached_400 (App)","W:22_0A:0_0","31","{""Time"":""2025-10-01 20:31:19"",""UserUUID"":""a5c0b610-877c-11f0-83da-bb87ec9d92dc"",""attendance_count"":31,""b.diamond"":14970,""b.ruby"":330,""boxAllCount"":9050,""curserver"":1,""install_day"":""2025-09-01"",""total_payment_amount"":118800,""user_name"":""미피"",""user_rank"":1412,""user_stage"":400}"
"stage_reached_400 (App)","W:20_0A:20_0","53","{""Time"":""2025-10-01 19:38:18"",""UserUUID"":""4b7d29c0-6c76-11f0-a8de-d7173687f0b3"",""attendance_count"":53,""b.diamond"":176360,""b.ruby"":0,""boxAllCount"":5370,""curserver"":1,""install_day"":""2025-07-29"",""total_payment_amount"":13200,""user_name"":""행행"",""user_rank"":1409,""user_stage"":400}"
"stage_reached_400 (App)","W:23_0A:22_0","71","{""Time"":""2025-10-01 19:03:37"",""UserUUID"":""8ce00c40-649a-11f0-829b-d50781ca76af"",""attendance_count"":71,""b.diamond"":1204097,""b.ruby"":0,""boxAllCount"":8550,""curserver"":1,""install_day"":""2025-07-19"",""total_payment_amount"":7700,""user_name"":""손가락원숭이"",""user_rank"":1410,""user_stage"":400}"
"stage_reached_400 (App)","W:23_0A:21_0","56","{""Time"":""2025-10-01 18:07:54"",""UserUUID"":""bd5b9480-6f39-11f0-af35-e3ea8786f567"",""attendance_count"":56,""b.diamond"":43200,""b.ruby"":0,""boxAllCount"":19860,""curserver"":1,""install_day"":""2025-08-02"",""total_payment_amount"":7700,""user_name"":""l뭘로할까l"",""user_rank"":1410,""user_stage"":400}"
"stage_reached_400 (App)","W:20_0A:20_0","59","{""Time"":""2025-10-01 15:29:30"",""UserUUID"":""04056110-7127-11f0-a9cd-1d2435d0de60"",""attendance_count"":59,""b.diamond"":10309,""b.ruby"":0,""boxAllCount"":4530,""curserver"":1,""install_day"":""2025-08-04"",""total_payment_amount"":14300,""user_name"":""오건성"",""user_rank"":1407,""user_stage"":400}"
"stage_reached_400 (App)","W:23_0A:22_0","72","{""Time"":""2025-10-01 13:24:04"",""UserUUID"":""ab27fad0-625d-11f0-ba61-57b32c8fdcaa"",""attendance_count"":72,""b.diamond"":159566,""b.ruby"":0,""boxAllCount"":12720,""curserver"":1,""install_day"":""2025-07-16"",""total_payment_amount"":7700,""user_name"":""탕탕너구리"",""user_rank"":1408,""user_stage"":400}"
"stage_reached_400 (App)","W:20_0A:20_0","48","{""Time"":""2025-10-01 11:33:07"",""UserUUID"":""611d3530-77b7-11f0-aebc-33a1854d42c8"",""attendance_count"":48,""b.diamond"":17639,""b.ruby"":0,""boxAllCount"":2510,""curserver"":1,""install_day"":""2025-08-12"",""total_payment_amount"":18700,""user_name"":""동해냉동참치"",""user_rank"":1413,""user_stage"":400}"
"stage_reached_400 (App)","W:24_0A:22_0","60","{""Time"":""2025-10-01 10:34:04"",""UserUUID"":""fceced60-7047-11f0-bc10-138cbceba1a0"",""attendance_count"":60,""b.diamond"":25618,""b.ruby"":0,""boxAllCount"":1740,""curserver"":1,""install_day"":""2025-08-03"",""total_payment_amount"":14300,""user_name"":""얼굴메야"",""user_rank"":1411,""user_stage"":400}"
"stage_reached_400 (App)","W:22_0A:22_0","63","{""Time"":""2025-10-01 08:54:11"",""UserUUID"":""6e54a110-6c32-11f0-9d81-e7c0c7be48b2"",""attendance_count"":63,""b.diamond"":7649,""b.ruby"":220,""boxAllCount"":17100,""curserver"":1,""install_day"":""2025-07-29"",""total_payment_amount"":29700,""user_name"":""srfgyy1"",""user_rank"":1402,""user_stage"":400}"
"stage_reached_400 (App)","W:22_0A:20_0","28","{""Time"":""2025-10-01 05:58:01"",""UserUUID"":""44c613b0-8956-11f0-a030-6f6cf1b2ca0d"",""attendance_count"":28,""b.diamond"":108968,""b.ruby"":330,""boxAllCount"":3510,""curserver"":1,""install_day"":""2025-09-04"",""total_payment_amount"":117700,""user_name"":""갓조"",""user_rank"":1400,""user_stage"":400}"
"stage_reached_400 (App)","W:22_0A:22_0","67","{""Time"":""2025-10-01 05:48:08"",""UserUUID"":""5d2d0e00-69bb-11f0-8a6d-053337276a21"",""attendance_count"":67,""b.diamond"":564376,""b.ruby"":0,""boxAllCount"":4790,""curserver"":1,""install_day"":""2025-07-26"",""total_payment_amount"":7700,""user_name"":""arch"",""user_rank"":1404,""user_stage"":400}"
"stage_reached_400 (App)","W:23_0A:19_0","47","{""Time"":""2025-10-01 00:48:12"",""UserUUID"":""1e14fc30-77f5-11f0-9ab7-577fa48012f2"",""attendance_count"":47,""b.diamond"":6601,""b.ruby"":0,""boxAllCount"":5080,""curserver"":1,""install_day"":""2025-08-13"",""total_payment_amount"":18700,""user_name"":""쥬리찌유"",""user_rank"":1400,""user_stage"":400}"
"stage_reached_400 (App)","W:22_0A:22_0","11","{""Time"":""2025-10-01 00:42:30"",""UserUUID"":""75a68ac0-96d3-11f0-8fc9-9783f0da5eae"",""attendance_count"":11,""b.diamond"":175372,""b.ruby"":6380,""boxAllCount"":8430,""curserver"":1,""install_day"":""2025-09-21"",""total_payment_amount"":557700,""user_name"":""아누리"",""user_rank"":1578,""user_stage"":400}"
"stage_reached_400 (App)","W:20_0A:22_0","33","{""Time"":""2025-10-01 00:42:39"",""UserUUID"":""6fd4d430-8567-11f0-b717-7d48ba569ca9"",""attendance_count"":33,""b.diamond"":4303,""b.ruby"":0,""boxAllCount"":2170,""curserver"":1,""install_day"":""2025-08-30"",""total_payment_amount"":36300,""user_name"":""DKLOVE"",""user_rank"":1401,""user_stage"":400}"
"stage_reached_400 (App)","W:23_0A:21_0","71","{""Time"":""2025-10-01 00:06:03"",""UserUUID"":""81defa50-67b9-11f0-88f0-55f2cee18b8d"",""attendance_count"":71,""b.diamond"":899225,""b.ruby"":0,""boxAllCount"":17050,""curserver"":1,""install_day"":""2025-07-23"",""total_payment_amount"":7700,""user_name"":""호야붕"",""user_rank"":1397,""user_stage"":400}"
