순위,UUID,닉네임,점수,추가 항목
1,6454cfe0-807a-11ef-aa01-9d9eae32e1da,메두사,20513,"7058700|2026-02-16 23:47:08|13|24|30|24|30|20|24|8|6|8|4|0|0|2.933X|800|800|500|0a100|0a321|1540/1318/513|0,0,0,0,0"
2,54ac8250-9587-11ef-bae1-e99e5909ec5f,예슬아,20511,"6406100|2026-02-16 08:29:40|13|24|30|24|30|20|24|7|6|7|6|0|0|1.057X|800|800|853|0a100|0a594.9|1540/1383/511|0,0,0,0,0"
3,fa266380-807a-11ef-bd85-c334686e1c45,꿈쥐,20498,"7058700|2026-02-03 20:37:47|13|24|30|24|30|20|18|8|7|7|6|0|0|373.344W|800|800|705|0a100|0a543|1540/1372/498|0,0,0,0,0"
3,4337c5e0-7e65-11ef-8518-5fedfc5cfa32,동행,20498,"6936500|2026-01-30 21:53:43|13|24|30|24|30|20|12|8|7|8|7|0|0|347.903W|800|800|785|0a100|0a584.8|1540/1370/498|0,0,0,0,0"
5,6347f790-89ed-11ef-9fd7-779fb3cc927f,다산,20395,"7091700|2026-02-16 12:34:40|13|24|30|24|30|20|18|7|5|8|5|0|0|787.152T|800|785|669|0a100|0a282.2|1540/1267/395|0,0,0,0,0"
6,364023f0-7feb-11ef-907a-53cfb9749a97,3300원도아깝,20324,"19451300|2026-02-16 09:49:46|13|24|29|24|24|20|11|8|7|8|7|0|0|562.057U|800|800|750|0a100|0a513|1540/1185/324|0,0,0,0,0"
7,dc6b9c30-7d45-11ef-b8c8-9f6e7b6da44c,아랍왕자,20313,"5605700|2026-01-30 22:30:53|13|24|30|24|30|20|23|8|8|7|7|0|0|276.437V|800|650|261|0a100|0a600|1540/1266/313|0,0,0,0,0"
8,f543f970-8f90-11ef-94ed-cf6209089134,무과금의교과서,20293,"11313400|2026-02-05 20:57:41|13|24|30|24|30|20|11|8|5|7|5|0|0|141.169S|800|800|615|0a100|0a495.9|1540/1167/293|0,0,0,0,0"
9,b6b10e20-b2bb-11ef-8b0b-3f0a6e303454,간짜장,20246,"3738700|2026-02-15 08:18:22|13|24|30|24|0|20|11|8|8|7|5|0|0|4.360U|720|257|497|0a100|0a370|1540/1121/246|0,0,0,0,0"
10,c4a47b30-7dae-11ef-9065-db7206b02bb0,별하,20161,"21552500|2026-02-15 10:03:23|12|24|23|24|23|20|8|7|7|7|7|0|0|2.381T|800|800|600|0a100|0a409.5|1540/1034/161|0,0,0,0,0"
11,d1de8990-7d76-11ef-aa83-d3b507ee170f,막내시로,20135,"958600|2026-02-16 01:02:27|12|24|23|24|0|20|5|7|5|7|6|0|0|196.240S|800|800|450|0a100|0a233.1|1540/1008/135|0,0,0,0,0"
12,cdf88df0-7f04-11ef-8518-5fedfc5cfa32,레벨업,20128,"2583300|2026-02-16 21:59:50|12|24|30|24|30|20|4|7|4|7|3|0|0|166.854S|650|650|356|0a81.3|0a163.5|1540/1002/128|0,0,0,0,0"
13,bbd1d9a0-8f81-11ef-841a-6dd0ed1a3d0e,뿡까,20102,"608600|2026-02-13 20:44:40|12|24|17|23|0|20|4|7|6|7|6|0|0|16.416S|745|800|400|0a100|0a451|1540/976/102|0,0,0,0,0"
14,f04aa580-8069-11ef-836b-0f6dfa26285a,알키오,20073,"7700|2026-02-16 06:47:40|12|24|13|23|0|19|0|8|7|7|7|0|0|3.304S|800|800|200|0a100|0a259.2|1540/946/73|0,0,0,0,0"
15,ef155d41-823f-11ef-be13-15abd021136a,산나,20069,"217300|2026-02-16 22:46:12|12|24|11|24|2|20|5|7|5|7|5|0|0|2.149S|800|800|445|0a100|0a497.9|1540/941/69|0,0,0,0,0"
16,56d11d10-80ac-11ef-bcf8-6d57cb3f8a8a,나제,20067,"898200|2026-02-16 00:26:16|12|24|5|24|0|20|5|7|7|7|7|0|0|2.680S|800|800|450|0a100|0a380.8|1540/941/67|0,0,0,0,0"
17,9c098650-824c-11ef-bd85-c334686e1c45,노을,20039,"12100|2026-02-16 07:23:14|12|24|10|24|0|19|0|8|8|8|7|0|0|206.285R|800|800|200|0a100|0a276|1540/913/39|0,0,0,0,0"
18,7c45cc50-7e2a-11ef-9066-215fa3c8bdc9,철표,20038,"1409800|2026-02-15 08:53:28|12|24|17|23|0|20|2|7|5|7|5|0|0|324.836R|800|800|300|0a22.9|0a102.4|1540/912/38|0,0,0,0,0"
19,1b55cf60-ae06-11ef-9499-678aa71606e9,6638,20027,"107800|2026-02-14 12:57:13|12|24|23|24|0|20|2|8|3|8|0|0|0|55.395R|760|760|250|0a100|0a304.5|1540/900/27|0,0,0,0,0"
20,d5d6d240-a388-11ef-9971-a56dbdfe8f59,튜토리얼,11054,5822100원|2025-11-14 07:17:07|12|24|24|24|24|20|11|8|7|8|7|0|0|12.566T|800|800|653|0a100|0a290.5|1540
21,1ed928c0-7fae-11ef-a936-374466d1cf50,아이유인나,10898,"879100|2026-02-16 00:24:02|12|24|10|24|0|19|0|8|7|8|7|0|0|98.441R|800|800|0|0a60|0a111|1540/898/1|0,0,0,0,0"
22,2318b310-80b2-11ef-bc75-d1cfe0c7ed4e,늪지,10894,"623000|2026-02-15 18:51:14|12|24|23|24|7|20|1|7|8|7|7|0|0|50.476R|650|650|250|0a100|0a291.4|1540/894/1|0,0,0,0,0"
23,dce62360-7d45-11ef-96ad-3197f55f52cb,불사신,10893,"574700|2026-02-16 00:12:47|12|24|8|23|0|19|0|8|7|8|7|0|0|48.700R|800|800|200|0a100|0a338|1540/893/1|0,0,0,0,0"
23,b62c9e70-7d5e-11ef-a9d4-dda8dcb36c20,한지민,10893,"48800|2026-02-16 09:48:35|12|24|17|24|11|20|2|8|7|7|7|0|0|51.394R|650|650|300|0a100|0a280|1540/893/1|0,0,0,0,0"
25,adbe5060-9539-11ef-85fd-3be389c091b8,쉬폭,10890,"37400|2026-02-16 05:22:28|12|24|19|23|0|19|0|7|7|7|7|0|0|37.952R|800|800|200|0a100|0a242|1540/890/1|0,0,0,0,0"
25,2aa645b0-7e2e-11ef-a668-ef803883de71,그냥놀아,10890,"704300|2026-02-10 07:02:47|12|24|30|24|10|20|4|8|7|7|7|0|0|43.335R|650|650|303|0a59.8|0a140.6|1540/890/1|0,0,0,0,0"
27,9efd4180-7ff4-11ef-bc75-d1cfe0c7ed4e,다솔,10886,"8800|2026-02-16 08:41:28|12|24|5|24|2|20|4|8|7|7|6|0|0|21.740R|800|800|400|0a100|0a270|1540/886/1|0,0,0,0,0"
28,bf67ac40-7d46-11ef-b8c8-9f6e7b6da44c,국민병정,10882,"837100|2026-02-16 14:41:20|12|23|0|22|0|20|4|7|5|7|4|0|0|13.633R|700|700|400|0a100|0a280|1540/882/1|0,0,0,0,0"
29,9d276070-bb86-11ef-ac5f-bb16b7366ddf,복숭펭,10881,"133100|2026-02-15 00:23:50|12|24|1|24|0|19|0|8|1|7|1|0|0|20.469R|800|800|200|0a100|0a432.1|1540/881/1|0,0,0,0,0"
29,25d8ad60-7fb5-11ef-b2dd-7d95c0c44acb,칸나비스,10881,"37500|2026-02-16 10:16:40|12|24|17|22|0|20|5|8|5|8|3|0|0|26.081R|695|600|405|0a100|0a173.2|1540/881/1|0,0,0,0,0"
31,82681920-801a-11ef-addf-0faf8ba860ac,실타래,10879,"79200|2026-02-16 15:50:17|12|24|9|22|0|20|0|6|7|6|6|0|0|14.617R|800|800|200|0a100|0a338|1540/879/1|0,0,0,0,0"
32,ec8efc40-7e28-11ef-a46a-b37baa41bc93,무케아빠,10877,"31900|2026-02-16 01:40:14|12|24|11|23|0|20|3|7|7|7|7|0|0|12.427R|800|800|350|0a100|0a356.8|1540/877/1|0,0,0,0,0"
33,b23680b0-ae14-11ef-91e8-a3d5f338bca3,김슬기,10876,"324800|2026-02-16 20:51:43|12|24|30|24|14|20|5|6|5|6|5|0|0|20.314R|600|600|402|0a100|0a336.9|1540/876/1|0,0,0,0,0"
34,8aa0a270-7e3e-11ef-bd39-7ddaa3b45b16,희린,10871,"662800|2026-02-16 07:25:32|12|24|14|23|0|20|11|7|6|6|5|0|0|13.681R|800|800|527|0a100|0a176.8|1540/871/1|0,0,0,0,0"
35,5c586b20-87ba-11ef-af5b-a5d4dcb2ab1d,만주,10868,"17600|2026-02-11 00:07:11|12|24|23|24|0|19|0|7|7|7|6|0|0|12.757R|800|800|200|0a89.3|0a154.9|1540/868/1|0,0,0,0,0"
36,c8263fa0-7d45-11ef-962b-ad2122108947,현타빌런흑천검,10866,15507500원|2025-10-02 01:51:29|11|24|18|24|18|20|3|9|8|8|8|0|0|8.965R|800|800|1a100|1a600|1540
37,fc3659c0-965d-11ef-ab9b-79ddfffeacdf,엘리트와룡,10856,"538700|2026-02-16 16:34:00|12|24|7|24|0|20|0|6|5|6|5|0|0|2.881R|800|800|200|0a100|0a310.7|1534/856/1|0,0,0,0,0"
37,63a7e6a0-ca7f-11ef-b3e4-cbb7b500108f,hyades,10856,"8800|2026-02-16 02:27:22|12|24|1|23|0|20|0|8|4|7|3|0|0|1.969R|800|800|200|0a100|0a172.3|1529/856/1|0,0,0,0,0"
39,2ecc38d0-7d56-11ef-b8d9-f715163409c3,Deep,10853,"296000|2026-02-09 07:38:05|12|24|26|24|0|20|1|8|6|7|6|0|0|2.903R|800|800|250|0a87|0a110|1494/853/1|0,0,0,0,0"
40,10bb10b0-820f-11ef-be13-15abd021136a,권준,10842,"38500|2026-02-11 22:58:13|12|24|14|22|0|20|5|6|3|8|7|0|0|902.125Q|800|800|300|0a78|0a116|1523/842/1|0,0,0,0,0"
41,fe0bc930-7d47-11ef-9afc-df866259cb8e,산초울,10836,"188200|2026-02-15 02:58:37|12|24|4|23|0|19|0|7|5|5|7|0|0|735.804Q|800|800|200|0a100|0a316|1507/836/1|0,0,0,0,0"
41,269dc7b0-a53c-11ef-829d-c9c06ee151c2,달이,10836,"8800|2026-02-09 07:49:26|12|24|30|24|4|20|4|7|7|7|5|0|0|1.585R|400|400|400|0a86|0a114|1511/836/1|0,0,0,0,0"
43,c31d0350-7e1b-11ef-85ab-85fce8c366cb,다륜,10834,"155100|2026-02-15 14:32:09|12|24|11|23|0|20|5|7|4|7|3|0|0|595.624Q|800|800|450|0a100|0a217.3|1506/834/1|0,0,0,0,0"
43,18d05120-bba8-11ef-ac5f-bb16b7366ddf,사이판마마,10834,"35200|2026-02-16 15:49:58|12|24|13|24|4|20|0|8|6|8|7|0|0|533.466Q|650|650|200|0a94|0a100|1505/834/1|0,0,0,0,0"
45,e610a8d0-967b-11ef-a7d8-057ee49c4332,큐브,10832,"155100|2026-02-15 01:29:28|12|24|5|24|1|20|2|8|7|7|7|0|0|721.752Q|800|800|300|0a100|0a285|1500/832/1|0,0,0,0,0"
45,19a4e970-7d92-11ef-bb6e-4fa4fdcd99df,가야,10832,"7700|2026-02-16 00:35:43|12|24|30|24|5|20|9|6|7|6|6|0|0|752.616Q|560|560|319|0a86.4|0a122.9|1488/832/1|0,0,0,0,0"
47,790b2be0-7d47-11ef-9afc-df866259cb8e,해요,10830,"52800|2026-02-16 20:22:16|12|24|18|24|0|20|1|6|6|6|5|0|0|438.643Q|800|800|250|0a100|0a187.5|1499/830/1|0,0,0,0,0"
48,304d0db0-8dc3-11ef-acd0-5dcea9b12264,하르크,10828,"8800|2026-02-14 22:03:27|12|24|4|22|0|19|0|7|6|6|5|0|0|288.720Q|800|800|200|0a100|0a284|1495/828/1|0,0,0,0,0"
49,6b48a900-91ca-11ef-8a21-338b8a97931f,과금은사치,10827,"63800|2026-02-16 19:41:11|12|24|17|24|0|20|5|8|7|8|7|0|0|233.768Q|650|650|375|0a100|0a176|1484/827/1|0,0,0,0,0"
50,ec2610d0-8063-11ef-baad-6992ac4cff27,미카엘,10826,"17600|2026-02-15 00:37:46|12|24|23|22|0|19|0|7|6|7|5|0|0|542.201Q|800|800|200|0a100|0a224.4|1484/826/1|0,0,0,0,0"
51,79b779a0-8bba-11ef-89fd-4f3bb0ed4a1c,멍구천사,10824,"144100|2026-02-14 02:08:18|12|24|11|24|7|20|0|7|7|7|7|0|0|145.447Q|800|800|200|0a100|0a439.3|1491/824/1|0,0,0,0,0"
52,3facc270-806a-11ef-907a-53cfb9749a97,미르님,10813,"248600|2026-02-16 23:01:09|12|24|5|23|0|20|1|7|3|7|4|0|0|107.715Q|800|800|250|0a100|0a239|1483/813/1|0,0,0,0,0"
53,a584d0c0-b421-11ef-b49d-f3e3914c00d7,뚱이2,10812,"0|2026-02-15 18:20:41|12|24|1|22|0|19|0|7|6|7|5|0|0|203.882Q|735|800|200|0a100|0a207.6|1450/812/1|0,0,0,0,0"
54,53df96c0-7d5c-11ef-80a7-d5c490a34fc1,모자쓴나그네,10793,"7700|2026-02-16 09:19:42|11|24|5|23|0|19|0|8|6|7|6|0|0|170.411Q|800|800|200|0a100|0a336|1450/793/1|0,0,0,0,0"
55,6c5b8b60-8bf2-11ef-9b38-256cd5460584,전설방패,10790,"625400|2026-02-16 07:36:34|11|24|1|23|0|20|7|7|7|7|7|0|0|24.534Q|800|800|501|0a100|0a240|1448/790/1|0,0,0,0,0"
56,8f7dcd20-b4c8-11ef-bdd3-e5ff23da30ec,우리집넘추워,10771,"15400|2026-02-16 04:49:01|11|24|5|23|0|19|0|6|7|6|6|0|0|7.211Q|800|800|200|0a100|0a318.5|1418/771/1|0,0,0,0,0"
57,83e6ad30-8e9c-11ef-beb1-1511436f6497,트랜드,10769,"7700|2026-02-15 15:02:19|11|24|16|24|4|20|5|7|5|7|5|0|0|8.329Q|590|480|328|0a58.5|0a105.1|1333/769/1|0,0,0,0,0"
58,bd2790d0-add9-11ef-93c1-f7bcb2e50e80,매루,10768,"7700|2026-02-06 07:22:16|11|24|13|22|0|20|3|7|7|6|6|0|0|2.149Q|800|600|350|0a100|0a234.5|1416/768/1|0,0,0,0,0"
58,9fb421f0-b7b9-11ef-bdf6-b54447f8024e,후뭇후뭇후,10768,"7700|2026-02-02 08:26:02|11|24|22|24|3|20|2|7|7|6|6|0|0|10.400Q|650|650|300|0a100|0a123.8|1418/768/1|0,0,0,0,0"
58,849a3270-7d48-11ef-96ad-3197f55f52cb,요이땅,10768,"89100|2026-02-07 08:58:09|11|24|5|23|0|20|4|7|6|7|6|0|0|4.010Q|800|800|400|0a100|0a243|1412/768/1|0,0,0,0,0"
61,da453dc0-aded-11ef-98ac-15adb4cdfb4d,동화야,10766,"7700|2026-02-16 00:27:52|11|24|19|23|0|19|0|6|5|7|5|0|0|2.000Q|800|800|200|0a100|0a241.2|1412/766/1|0,0,0,0,0"
62,43fea5b0-7e20-11ef-ba31-b77462138e24,담덕,10763,"8800|2026-02-16 08:18:16|11|24|13|24|1|20|2|7|6|7|6|0|0|1.502Q|800|790|300|0a100|0a192.4|1401/763/1|0,0,0,0,0"
63,c558b300-b0d2-11ef-a87b-b5997a27d221,상용,10759,"7700|2026-02-15 03:08:51|11|24|3|23|0|19|0|6|5|5|5|0|0|1.609Q|800|800|200|0a100|0a300|1405/759/1|0,0,0,0,0"
63,1fe82a80-bac4-11ef-a67d-49a5aacc120f,사신뢰검,10759,"37400|2026-02-08 17:13:10|11|24|5|24|1|20|6|8|7|7|5|0|0|3.418Q|650|650|450|0a100|0a326|1403/759/1|0,0,0,0,0"
65,4cdb9120-82ee-11ef-b9ad-c95d2550c405,케켕,10758,"7700|2026-02-12 07:50:08|11|24|11|23|0|20|4|7|5|7|7|0|0|2.899Q|800|600|400|0a87.5|0a100.8|1398/758/1|0,0,0,0,0"
66,b25f8310-7e1d-11ef-940d-979db9b8b83a,탈귀,10757,"2326400|2026-02-15 10:16:07|11|24|5|23|0|20|5|7|6|6|6|0|0|2.329Q|650|800|450|0a100|0a295.9|1406/757/1|0,0,0,0,0"
67,6867c900-91f2-11ef-8205-cb87711975ce,청청청,10752,"7700|2026-02-09 16:56:15|11|24|9|24|0|20|5|7|7|7|6|0|0|49.357O|800|800|404|0a56.8|0a117.1|1403/752/1|0,0,0,0,0"
67,1952df60-7d72-11ef-bd38-6b1421704eae,구미오,10752,"7700|2026-02-16 16:14:37|11|24|21|24|4|20|1|7|7|7|7|0|0|1.739Q|650|650|200|0a65|0a153|1405/752/1|0,0,0,0,0"
69,ada972f0-7fbb-11ef-b768-6342da98924b,불타는환타,10751,"11000|2026-02-01 21:09:36|11|24|23|23|0|18|0|6|6|6|6|0|0|2.571Q|800|800|200|1a100|1a600|1403/751/1|0,0,0,0,0"
69,3eddab40-854f-11ef-80cd-ddeb26e7809b,Nia,10751,"7700|2026-02-12 21:29:21|11|24|5|24|5|20|5|7|7|7|7|0|0|1.122Q|650|650|450|0a100|0a290|1401/751/1|0,0,0,0,0"
71,d19997b0-b0c3-11ef-a286-29921a7fb1c0,수가,10750,"48400|2026-02-12 06:18:18|11|24|5|24|0|20|2|7|7|7|7|0|0|656.395P|800|800|250|0a4.9|0a100|1403/750/1|0,0,0,0,0"
72,89207590-d958-11ef-b87c-952aea98d58b,예압,10749,"838900|2026-02-16 11:00:01|11|24|0|23|0|18|0|8|6|7|6|0|0|1.492Q|800|800|200|0a100|0a263.9|1397/749/1|0,0,0,0,0"
73,6d221ff0-af42-11ef-9440-957103c27048,코딱지대마왕,10737,"8800|2026-02-15 06:33:36|11|24|2|22|0|20|2|7|6|6|6|0|0|552.285P|545|303|300|0a1|0a100|1374/737/1|0,0,0,0,0"
74,35d62890-7e6c-11ef-95d0-8d9f81e630bb,태제,10732,"7700|2026-02-14 13:24:13|11|24|23|24|5|20|3|7|6|6|6|0|0|239.206P|600|600|278|0a100|0a151.7|1370/732/1|0,0,0,0,0"
75,06256050-e06b-11ef-a624-21fbda48aafc,안돼처남,10730,"29700|2026-02-16 01:18:52|11|24|5|24|1|18|0|5|6|5|5|0|0|159.384P|800|800|200|0a100|0a154.2|1368/730/1|0,0,0,0,0"
76,3c2d8d80-acae-11ef-9fa0-bb1555add548,고지주,10728,"7700|2026-02-14 15:48:15|11|24|5|23|0|20|0|7|7|7|7|0|0|294.080P|650|800|200|0a100|0a208.2|1364/728/1|0,0,0,0,0"
77,1f975560-bf38-11ef-8ca7-a18a028e948d,하데스님,10726,"8800|2026-02-02 11:03:52|11|24|5|23|0|20|5|7|5|6|5|0|0|159.352P|800|800|450|0a100|0a257.9|1365/726/1|0,0,0,0,0"
78,83fd6710-b63c-11ef-8938-fd69c1d19549,송강,10719,"8800|2026-02-12 06:55:06|11|24|0|23|0|20|0|7|6|7|6|0|0|185.190P|800|800|200|0a100|0a126.5|1353/719/1|0,0,0,0,0"
79,d65b92b0-8578-11ef-80cd-ddeb26e7809b,카오스,10718,36700원|2025-12-26 13:41:41|11|24|5|23|0|20|4|7|6|7|7|0|0|57.680P|650|68|350|0a90.1|0a108.6|1342
80,91e53b90-9ea0-11ef-a97b-b34359985028,낀창섭,10716,"1880000|2026-02-14 09:54:20|11|24|5|24|5|20|0|8|7|3|7|0|0|169.827P|250|250|200|0a10|0a110|1350/716/1|0,0,0,0,0"
81,8dcc9d20-7e82-11ef-b2ad-4f0218c06838,악귀강림,10714,"69000|2026-02-14 11:31:50|11|24|5|24|2|20|1|7|7|7|7|0|0|88.759P|650|650|250|0a100|0a250|1344/714/1|0,0,0,0,0"
82,6f262ab0-e081-11ef-8fb1-67b2d1ca0129,나를따르라,10711,"7700|2026-02-16 01:38:06|11|24|17|24|0|20|5|6|6|6|6|0|0|48.439P|610|610|392|0a100|0a172.2|1340/711/1|0,0,0,0,0"
83,bf0e3fb0-e0b1-11ef-92ee-7b3f29e20832,줴민이,10708,"0|2026-02-15 10:22:28|11|24|3|23|0|19|0|6|0|7|0|0|0|65.750P|800|800|200|0a100|0a100|1336/708/1|0,0,0,0,0"
84,0b1d3380-7e19-11ef-86b3-195a0e601df9,9955,10698,"8800|2026-02-01 10:08:21|11|24|25|23|0|20|3|5|5|5|5|0|0|23.097P|570|380|300|1a100|1a377.6|1327/698/1|0,0,0,0,0"
85,a179df90-6167-11f0-8247-e10178c3de1a,쿠빈,10691,"2445300|2026-02-12 19:05:32|11|24|5|24|5|20|1|5|6|5|4|0|0|24.751P|650|650|250|0a100|0a164.1|1323/691/1|0,0,0,0,0"
86,842fec70-7f4c-11ef-b5a8-07b4b9994f57,서기적,10687,"206200|2026-02-12 11:31:30|11|24|16|24|5|20|2|6|5|5|3|0|0|14.756P|650|650|300|0a100|0a154.1|1302/687/1|0,0,0,0,0"
87,e9c3f8f0-883a-11ef-b42a-db7918ab0991,먀오조각사,10686,"127600|2026-02-16 11:35:00|11|24|6|24|0|20|3|3|3|2|3|0|0|12.911P|650|650|350|0a100|0a188|1309/686/1|0,0,0,0,0"
88,b9f7f9f0-8493-11ef-a2cd-7f6f509a4b68,파인트뤼,10685,4334200원|2025-10-12 09:15:11|11|24|5|24|1|20|0|8|6|7|6|0|0|10.620P|800|800|1a100|1a600|1306
89,fd50f330-b014-11ef-ac4e-75c8db92a109,찬스매니아,10682,"7700|2026-02-13 11:28:28|11|24|5|24|2|20|1|7|7|7|7|0|0|7.417P|650|650|250|0a8.1|0a100|1301/682/1|0,0,0,0,0"
90,9cf4b731-7fbb-11ef-aaa0-195c7a818f01,불타는콜라,10677,"11000|2026-02-03 19:01:15|11|24|18|23|0|18|0|7|6|6|6|0|0|13.232P|650|800|200|1a100|1a600|1258/677/1|0,0,0,0,0"
91,cf653151-b7af-11ef-bdd3-e5ff23da30ec,볼빨간큐떱,10673,"7700|2026-02-06 18:16:55|11|24|15|23|0|20|5|7|7|7|6|0|0|5.826P|400|400|378|0a43.7|0a101.3|1290/673/1|0,0,0,0,0"
91,85b8c610-2763-11f0-b1b7-07a1d79b08bc,슌샤파파,10673,"69300|2026-02-16 00:29:01|11|24|4|21|0|19|0|7|7|7|6|0|0|1.179P|800|400|200|0a21|0a112.4|1290/673/1|0,0,0,0,0"
93,fee1b040-8bc0-11ef-96be-211c08efb77c,혈황,10669,"66000|2026-02-16 18:15:34|11|24|4|23|0|20|0|6|5|6|5|0|0|2.719P|800|800|200|0a66.8|0a125.7|1286/669/1|0,0,0,0,0"
94,d42ce7a0-92c5-11ef-8128-0511b4ff84c3,묵향비화,10662,"7700|2026-02-16 09:08:28|11|24|30|24|17|0|0|5|5|5|5|0|0|3.620P|400|400|0|0a18.1|0a100|1272/662/1|0,0,0,0,0"
95,ec9cd5b0-9523-11ef-85fd-3be389c091b8,기드,10661,"7700|2026-02-15 03:09:23|11|24|8|24|5|20|3|6|6|5|6|0|0|803.878O|800|800|350|0a91|0a133|1283/661/1|0,0,0,0,0"
96,c2a9ee90-812e-11ef-a8d5-7bfe54649775,우리집토리,10652,"3462700|2026-02-05 07:29:55|11|24|9|24|4|20|0|8|4|8|2|0|0|1.024P|530|200|200|1a81.1|1a388.5|1257/652/1|0,0,0,0,0"
97,46547ef0-d156-11ef-99f4-737f0e742b95,암제,10651,"8800|2026-02-15 10:32:00|11|23|0|24|0|20|9|6|6|6|6|0|0|622.869O|600|400|426|0a100|0a150.6|1260/651/1|0,0,0,0,0"
98,ed737330-d5e8-11ef-8837-235c25dfaf8b,알파카d,10650,7700|2026-01-10 08:32:47|11|24|5|24|0|20|5|6|6|6|6|0|0|250.833O|250|250|376|0a81|0a138|1257
99,fd79dda0-7df0-11ef-aed1-ffc5ee7315d1,왕먹민,10649,40700원|2025-11-13 21:03:24|11|24|0|23|0|20|2|6|6|5|6|0|0|551.997O|800|800|300|0a62|0a100|1257
100,ea9cac80-d5e8-11ef-b9cc-bd1746b7b93e,왈라비g,10646,7700|2026-01-11 05:26:10|11|24|5|24|0|20|4|6|6|6|6|0|0|179.641O|250|250|367|0a81|0a140|1253
101,c3c1cad0-91cf-11ef-a75f-a7e081a6a46c,바딩,10643,"7700|2026-02-08 21:15:58|11|24|12|24|5|20|3|5|5|5|5|0|0|2.393P|650|624|334|0a11|0a100|1250/643/1|0,0,0,0,0"
102,198234e0-b3b9-11ef-a750-a748abb5e07c,걍쥐,10642,"7700|2026-01-22 15:43:08|11|24|11|24|4|19|0|6|6|6|6|0|0|556.635O|650|650|200|1a100|1a532|1250/642/1|0,0,0,0,0"
103,75427350-6181-11f0-9be8-c76ee4422dfd,소룡녀,10633,"924000|2026-01-23 05:16:55|11|24|3|21|0|20|0|8|5|7|3|0|0|454.478O|650|600|200|0a86|0a100|1231/633/1|0,0,0,0,0"
103,255242e0-7d92-11ef-803d-1b444e27b398,백제,10633,"7700|2026-02-15 18:33:06|11|24|5|24|0|20|5|6|6|6|6|0|0|286.729O|630|508|186|0a39.3|0a100|1242/633/1|0,0,0,0,0"
105,2b3daa00-e0a2-11ef-a624-21fbda48aafc,적누야미,10627,"7700|2026-02-15 03:56:59|11|24|5|23|0|20|7|6|6|3|3|0|0|168.885O|400|400|432|0a94.6|0a118|1228/627/1|0,0,0,0,0"
106,ac9d42f0-c760-11ef-ac07-0d7692e7b361,MSH,10625,"8800|2026-02-16 15:55:45|11|24|0|23|0|19|0|7|6|8|6|0|0|68.634O|650|800|200|0a53.5|0a100|1227/625/1|0,0,0,0,0"
107,f26a5840-b9f0-11ef-a67d-49a5aacc120f,고독한항해자,10622,"7700|2026-02-16 07:03:34|11|24|4|24|0|20|3|7|6|7|6|0|0|1.769P|800|800|327|0a0.1|0a100|1227/622/1|0,0,0,0,0"
107,a6dc62d0-e437-11ef-b319-d5615161e6d5,플라이마스,10622,"7700|2026-02-02 00:53:22|11|24|1|22|0|19|0|6|4|6|2|0|0|34.718O|800|800|200|0a45|0a100|1222/622/1|0,0,0,0,0"
109,f3e4f5c0-eeb3-11ef-a429-15e29f0bdd8b,누노,10619,"0|2026-02-07 04:24:28|11|24|0|21|0|20|0|7|6|7|5|0|0|39.228O|200|800|200|1a100|1a586.6|1203/619/1|0,0,0,0,0"
110,310cf5f0-bed1-11ef-b3ee-0716f68882f9,하늘색꿈,10618,"0|2026-02-14 18:58:18|11|24|5|23|0|20|5|7|7|0|0|0|0|40.756O|650|200|335|0a22.2|0a100|1218/618/1|0,0,0,0,0"
111,f0a11ab0-ad9f-11ef-93c1-f7bcb2e50e80,황룡산,10595,"47300|2026-02-14 17:53:41|10|24|0|24|0|18|0|6|6|0|0|0|0|11.405O|800|800|0|0a59.4|0a160.1|1186/595/1|0,0,0,0,0"
112,ecd834b0-7df0-11ef-bc1a-0b38884b791f,흑룡대격전,10584,"8800|2026-02-10 21:44:47|10|24|11|24|11|20|2|0|0|0|0|0|0|8.155O|600|600|211|0a2.9|0a100|1172/584/1|0,0,0,0,0"
112,1dc050d0-ae34-11ef-9499-678aa71606e9,할로할로,10584,"7700|2026-02-06 10:15:24|10|24|0|23|0|20|0|7|7|5|7|0|0|108.614M|270|400|200|0a61.5|0a181.5|1169/584/1|0,0,0,0,0"
114,9eeebdf0-dfac-11ef-be8f-2b62a82593f5,혈풍천마,10580,"0|2026-02-14 07:34:12|10|24|2|23|0|18|0|7|6|6|5|0|0|4.147O|780|600|200|0a88|0a100|1170/580/1|0,0,0,0,0"
115,f0e4c7f0-b967-11ef-b065-e790c5b1e7f4,마리뿅,10576,"7700|2026-02-13 09:23:58|10|24|6|22|0|19|0|6|6|3|0|0|0|1.184O|800|600|0|0a66.2|0a100.6|1165/576/1|0,0,0,0,0"
116,af8102d0-5406-11f0-b543-5bdef5118bd2,임영대군,10574,"11000|2026-02-14 12:04:19|10|24|0|23|0|19|0|7|5|7|4|0|0|1.618O|650|580|200|0a34.4|0a100|1165/574/1|0,0,0,0,0"
117,8199b480-8edf-11ef-b1be-f3f72ba09fb6,진수,10572,7700원|2025-10-31 00:30:49|10|23|0|21|0|19|0|7|5|6|5|0|0|0|800|800|0a25.4|0a117.4|1165
118,f87fd970-dff3-11ef-82a2-9965988d02ad,제주도감귤왕,10570,"18700|2026-02-16 00:16:10|10|24|5|24|5|20|0|7|7|7|7|0|0|8.779N|400|400|200|0a61.1|0a200.2|1160/570/1|0,0,0,0,0"
119,b1007530-a080-11ef-aaa2-f58923c0661a,키키,10568,"125600|2026-02-15 12:55:09|10|24|3|22|0|19|0|6|6|5|5|0|0|795.681N|600|500|200|0a96|0a107|1159/568/1|0,0,0,0,0"
119,a7f23830-c541-11ef-b870-333143f5e80c,우인상,10568,"7700|2026-02-13 11:49:37|10|24|4|23|0|19|0|6|6|6|6|0|0|865.920N|665|800|200|0a100|0a141.2|1146/568/1|0,0,0,0,0"
121,bdd7c670-b9ec-11ef-bb4e-f7ed8eccf7e5,동디,10565,"19800|2026-02-15 18:56:15|10|24|3|22|0|18|0|1|1|0|0|0|0|1.183O|800|800|200|0a0.1|0a100|1151/565/1|0,0,0,0,0"
122,0513d470-617c-11f0-bf69-93acd3a1eb00,twvking,10562,"108900|2026-02-16 02:48:01|10|24|5|22|0|19|0|7|5|7|5|0|0|1.575O|650|680|200|0a75|0a100|1144/562/1|0,0,0,0,0"
123,e1fd6e30-ab3a-11ef-8157-07c30ce58855,풀발우성,10554,"8800|2026-01-16 10:51:05|10|24|5|23|0|18|0|6|7|6|7|0|0|663.667N|600|800|200|0a6.2|0a100|1132/554/1|0,0,0,0,0"
124,77820bc0-bc7d-11ef-8ecf-4527048b9d27,나몽이,10548,"7700|2026-02-10 21:28:56|10|24|1|23|0|18|0|6|6|6|6|0|0|373.110N|800|800|0|1a100|1a410|1128/548/1|0,0,0,0,0"
124,4e40cb40-5488-11f0-ac93-bfea92c8a2c4,첫걸음,10548,"7700|2026-02-15 19:38:34|10|24|5|21|0|19|0|7|5|6|5|0|0|228.307N|600|400|200|1a100|1a488.5|1126/548/1|0,0,0,0,0"
126,6346a8f0-d5a5-11ef-a275-e3d0701e297d,P용신,10547,"7700|2026-01-29 13:22:53|10|24|3|21|0|20|2|0|0|0|0|0|0|157.656N|800|700|300|0a15|0a140|1126/547/1|0,0,0,0,0"
127,87909fd0-9ce9-11ef-9b4b-f728351e0105,마신대천역,10543,"7700|2026-02-10 07:35:30|10|24|11|23|0|20|9|3|3|3|3|0|0|447.649N|400|400|284|0a50|0a100|1124/543/1|0,0,0,0,0"
128,b53b6e50-b3dd-11ef-b886-05286a4e2c7a,은향,10535,"7700|2026-02-11 06:41:11|10|24|2|23|0|19|0|6|5|5|6|0|0|156.783N|650|600|200|0a0.2|0a100|1109/535/1|0,0,0,0,0"
129,d8aa0580-980e-11ef-ab9b-79ddfffeacdf,코코상,10530,"98900|2026-02-11 11:36:32|10|24|0|24|0|0|0|5|5|5|5|0|0|92.188N|200|200|0|0a23.7|0a102.7|1085/530/1|0,0,0,0,0"
130,94b54930-b883-11ef-bdd3-e5ff23da30ec,천리독행,10528,"7700|2026-02-13 22:22:26|10|24|2|23|0|19|0|0|0|0|0|0|0|75.719N|800|800|0|0a18.3|0a100|1098/528/1|0,0,0,0,0"
130,5cae8490-b363-11ef-a56f-01299e95466d,GoDiva,10528,"8800|2026-02-14 23:10:58|10|24|2|24|0|20|7|4|4|0|0|0|0|56.308N|600|568|255|0a35.3|0a100|1086/528/1|0,0,0,0,0"
132,84588300-7d9f-11ef-80a7-d5c490a34fc1,styles7,10524,"94600|2026-02-16 00:58:26|10|24|2|22|0|20|4|5|5|5|4|0|0|30.302N|600|400|317|1a100|1a498|1091/524/1|0,0,0,0,0"
133,978dc980-6138-11f0-a19a-9d5627d71f9b,담배,10523,"7700|2026-02-16 11:38:38|10|24|5|23|0|18|0|6|6|6|6|0|0|33.321N|640|600|200|0a0.8|0a100|1090/523/1|0,0,0,0,0"
134,4d8227d0-b145-11ef-8b22-31d93b98bb41,vdf,10522,"16500|2026-02-16 03:14:44|10|24|2|22|0|18|0|7|7|6|5|0|0|37.050N|695|600|200|0a35|0a100|1088/522/1|0,0,0,0,0"
135,30d363d0-ab53-11ef-8b98-37ba62d9e524,희빈,10510,"0|2026-02-16 18:56:42|10|24|0|24|0|19|0|3|5|0|0|0|0|84.024N|638|633|0|1a100|1a600|1074/510/1|0,0,0,0,0"
136,13873ee0-b5ea-11ef-b8f1-4fbb48b6fcd7,손만잡고잘게,10507,"7700|2026-02-14 13:43:01|10|24|17|24|0|20|0|6|6|4|4|0|0|14.141N|600|600|200|0a46.7|0a100|1002/507/1|0,0,0,0,0"
136,0f63f860-cebf-11ef-9f21-590451aad25e,조용국,10507,"11000|2026-02-16 02:02:27|10|24|1|21|0|19|0|7|5|7|5|0|0|10.950N|580|300|200|0a4.1|0a100|1072/507/1|0,0,0,0,0"
138,33142480-8b74-11ef-9a26-4bffc5e4aae0,제이드,10494,"66000|2026-01-30 23:52:27|10|24|1|24|0|20|5|3|3|3|3|0|0|10.784N|400|400|413|0a53|0a100|1051/494/1|0,0,0,0,0"
139,408dc880-c1e5-11ef-8a42-1369d0e3ae02,고윤정,10490,178400|2026-01-06 20:15:46|10|24|0|23|0|20|0|7|6|7|5|0|0|6.029N|590|400|200|1a100|1a552.7|1046
139,0010f1e0-616f-11f0-afd3-05dd5d8d8e04,삼둥이아빠,10490,"51700|2026-02-14 21:09:39|10|23|0|23|0|19|0|7|5|5|5|0|0|2.308N|800|800|200|0a44|0a100|1049/490/1|0,0,0,0,0"
141,7fe45001-615c-11f0-99e5-551c9e503472,아이구,10485,35200|2026-01-09 18:45:23|10|23|0|23|0|16|0|7|6|7|5|0|0|1.574N|800|800|200|1a100|1a583|1043
142,7f29e350-caf3-11ef-8bc5-3ddb6ddf929b,꿈과이상,10480,0원|2025-10-02 18:58:29|10|24|1|23|0|17|0|7|5|6|5|0|0|893.311M|300|800|1a54.4|1a202.3|1035
143,0d956ae0-8208-11ef-9190-8f999e30b761,prysky,10454,"7700|2026-02-11 13:26:49|9|24|2|24|4|17|0|7|7|7|7|0|0|490.253M|400|400|200|0a68|0a100|1003/454/1|0,0,0,0,0"
144,0392d090-d902-11ef-b61b-637f093c56d6,하린,10447,47400원|2025-12-24 00:55:08|9|24|0|22|0|18|0|5|5|4|4|0|0|183.392M|393|800|0|0a10|0a100|991
145,ea223040-d633-11ef-8072-7bc6bf465123,쓰리콤보,10440,"7700|2026-02-13 18:53:55|9|24|5|24|2|19|0|5|6|6|5|0|0|237.948M|600|600|200|1a92.8|1a270.8|974/440/1|0,0,0,0,0"
146,c1f901a0-80cc-11ef-aa9e-15fab7b9a721,팩장,10435,30800원|2025-10-23 12:18:13|9|24|5|24|0|20|0|5|2|0|1|0|0|48.180M|600|403|1a100|1a421.5|930
147,32375360-7e1e-11ef-af38-9bf5ec835c9c,진도,10433,7700원|2025-10-01 00:30:03|9|24|8|23|0|17|0|6|4|5|3|0|0|90.056M|520|600|1a97.4|1a191|975
148,f7762810-52a6-11f0-9d22-019b29b9bd0c,잉크쟁이,10431,128700원|2025-12-21 23:55:02|9|24|1|23|0|19|0|7|6|7|3|0|0|47.881M|360|400|200|1a100|1a450|969
149,b8d86000-2e43-11f0-ac2a-ab169033f472,당당한남군,10430,"1702800|2026-02-16 12:46:37|9|24|3|24|4|19|0|4|0|2|0|0|0|59.349M|600|600|200|1a100|1a260|967/430/1|0,0,0,0,0"
150,378290b0-d91c-11ef-b61b-637f093c56d6,가면용,10422,"0|2026-01-25 09:20:38|9|24|1|22|0|19|0|5|5|0|0|0|0|10.768M|580|730|200|0a1.1|0a100|952/422/1|0,0,0,0,0"
151,a19bcbd0-7e20-11ef-bdfb-ff1c73ca6032,짱구,10421,"486700|2026-02-10 14:43:12|9|24|4|21|0|19|0|5|5|5|5|0|0|59.330M|360|440|200|0a14|0a100|955/421/1|0,0,0,0,0"
151,825bafa0-9bfe-11ef-adab-ebdde6c82dde,역화,10421,"7700|2026-01-16 10:48:00|9|24|5|23|0|20|2|5|5|5|5|0|0|48.927M|400|400|291|1a100|1a260.1|957/421/1|0,0,0,0,0"
153,69076910-decd-11ef-ba32-2d52ba76708c,타임머신인간,10419,"7700|2026-02-12 14:10:26|9|23|0|21|0|19|0|5|6|0|0|0|0|24.381M|600|600|200|0a1.6|0a100|954/419/1|0,0,0,0,0"
154,cb441570-b5f0-11ef-a206-db7a4a43e872,피크닠,10417,"27500|2026-02-16 08:41:59|9|24|0|20|0|18|0|5|3|0|0|0|0|8.503M|300|700|200|0a13|0a100|950/417/1|0,0,0,0,0"
155,f0880040-bcfc-11ef-8a37-954f963717f7,똘미아빠,10416,"8800|2026-02-08 17:29:27|9|24|0|23|0|0|0|5|5|4|3|0|0|35.489M|800|800|0|0a1.2|0a100|945/416/1|0,0,0,0,0"
155,d53576d0-86b8-11ef-9736-ede87ef6efd9,호떡장수,10416,"7700|2026-02-15 21:22:52|9|24|0|23|0|15|0|5|3|0|0|0|0|24.523M|650|600|200|1a87.3|1a228.3|951/416/1|0,0,0,0,0"
157,8d226311-7f35-11ef-bf06-776ff2083e22,티플렌,10409,40700원|2025-12-19 00:09:31|9|24|5|24|4|20|1|3|3|3|1|0|0|8.232M|300|300|250|1a100|1a295|935
158,52a64d00-6125-11f0-a19a-9d5627d71f9b,귀주대첩,10408,"55000|2026-02-14 07:42:48|9|24|5|22|0|20|0|5|4|5|4|0|0|12.193M|400|300|200|1a91.7|1a267.3|933/408/1|0,0,0,0,0"
158,448f6e50-b797-11ef-9c97-adf4e6df20d8,대롱이,10408,"7700|2026-02-03 08:57:39|9|23|0|21|0|18|0|5|5|0|0|0|0|5.239M|800|800|0|1a100|1a221.7|937/408/1|0,0,0,0,0"
160,4a3cb070-6173-11f0-b8ec-ff4c893fa1c0,good소영,10404,"7700|2026-02-15 07:49:23|9|24|4|23|0|18|0|6|5|5|6|0|0|10.091M|600|600|200|0a20.7|0a100|930/404/1|0,0,0,0,0"
161,a5199940-ba6b-11ef-923c-656db28605a8,별난이,10403,"11000|2026-02-16 15:08:06|9|24|0|23|0|0|0|6|5|5|5|0|0|3.310M|420|800|0|1a82.1|1a238.4|929/403/1|0,0,0,0,0"
162,be7af010-b1f0-11ef-94e0-19049ff317b3,아허리아퍼,10396,8800원|2025-11-15 21:20:18|9|24|1|23|0|19|0|6|0|0|0|0|0|6.454L|501|400|0|1a100|1a591|925
163,b0d13530-ac70-11ef-9203-e5502dda7991,싸늘한이버,10395,"7700|2026-02-12 16:43:17|9|24|5|22|0|20|4|1|3|0|0|0|0|6.487M|300|400|229|1a94.4|1a189.6|924/395/1|0,0,0,0,0"
164,496af0f0-dc7e-11ef-aa4c-e339bc3520b8,좋소워리어,10393,7700원|2025-10-30 19:52:00|9|24|0|22|0|19|0|4|3|0|0|0|0|5.850M|600|100|0a2|0a100|923
165,f62a5ac0-ab7c-11ef-9d4f-85486f726cf1,팡이,10392,"7700|2026-02-16 01:18:17|9|24|0|24|0|18|0|4|4|4|3|0|0|4.060M|600|600|200|0a15|0a100|924/392/1|0,0,0,0,0"
165,81735860-7ee7-11ef-962e-4f7b92cb3e9c,별빛라떼,10392,"14300|2026-02-01 22:26:45|9|24|0|22|0|18|0|5|5|5|5|0|0|3.640M|400|400|200|0a0.8|0a100|923/392/1|0,0,0,0,0"
165,472504e0-bd4b-11ef-b2e0-8da5632819f3,봉방,10392,8800원|2025-10-08 20:42:51|9|24|5|22|0|16|0|6|2|3|4|0|0|4.031M|600|509|1a100|1a423.3|888
168,34df7960-b51b-11ef-ae97-4353aee62c39,한땀,10388,"7700|2026-02-03 22:27:31|9|24|0|23|0|18|0|0|0|0|0|0|0|1.789M|800|420|0|1a90|1a320|920/388/1|0,0,0,0,0"
169,c20e6f90-549d-11f0-9be9-a3d167c640f6,롱티,10380,139700원|2025-12-19 18:38:58|9|23|0|23|0|19|0|5|5|5|4|0|0|900.755L|600|600|200|1a80|1a390|898
170,a1cca9d0-b84a-11ef-8301-379174ed8b4f,표류과장,10379,35200원|2025-12-09 08:08:09|9|23|0|22|0|19|0|6|6|6|6|0|0|2.376M|600|600|200|1a76.2|1a199.6|893
171,10803cb0-7d50-11ef-9afc-df866259cb8e,갑수,10375,"132700|2026-02-10 09:04:55|9|24|4|22|0|19|0|5|5|4|3|0|0|713.174L|300|400|200|1a100|1a282.6|796/375/1|0,0,0,0,0"
172,0a43e020-614a-11f0-96bb-e132d97f8ce0,볼리,10374,"7700|2026-02-06 12:49:25|9|23|0|21|0|18|0|5|6|4|2|0|0|1.099M|600|510|200|1a89.1|1a343.1|893/374/1|0,0,0,0,0"
173,2538e390-7d47-11ef-bd38-6b1421704eae,류아,10370,"145900|2026-02-01 11:43:08|9|23|0|20|0|18|0|7|6|6|5|0|0|1.080M|600|400|200|1a74.9|1a134|865/370/1|0,0,0,0,0"
174,48362690-bab5-11ef-b4b0-b1be39c939ee,치치치,10369,7700원|2025-11-05 12:48:47|9|24|12|21|0|20|1|0|0|0|0|0|0|0|566|259|1a73.1|1a240.9|887
175,53652810-b0cc-11ef-a87b-b5997a27d221,재원,10364,"29700|2026-02-16 06:10:38|9|24|0|23|0|19|0|6|1|5|0|0|0|238.775L|400|400|200|1a100|1a406|871/364/1|0,0,0,0,0"
175,07ccbad0-814c-11ef-896c-6b707883d646,테라,10364,"566500|2026-02-15 06:53:03|9|24|0|24|1|18|0|6|6|5|4|0|0|282.444L|360|360|200|0a17.7|0a100|884/364/1|0,0,0,0,0"
177,1dde26e0-c9b0-11ef-8ed0-cf5f88ca591e,여울,10357,"7700|2026-01-19 21:55:16|9|24|2|21|0|18|0|5|4|4|5|0|0|161.017L|600|440|200|0a1|0a100|871/357/1|0,0,0,0,0"
178,42224ed0-cda4-11ef-97aa-470af6a6e97b,베가,10354,7700원|2025-10-13 01:45:27|9|24|3|24|3|19|0|0|0|0|0|0|0|0|600|600|1a100|1a430|866
179,593aff40-aced-11ef-9051-c548b6a59ffe,때타올,10352,"0|2026-02-15 11:41:12|9|24|1|22|0|18|0|5|5|0|0|0|0|193.149L|600|400|200|0a0.1|0a100|861/352/1|0,0,0,0,0"
180,58aaf980-7db4-11ef-828a-ab1ebb43cccf,kar26,10348,"7700|2026-02-13 01:02:32|9|24|3|24|2|18|0|5|5|4|5|0|0|168.802L|400|400|200|1a69.4|1a217.9|853/348/1|0,0,0,0,0"
181,67e73050-d85c-11ef-9b1d-4749c01f968a,메로나짱,10346,"11000|2026-02-16 10:39:37|9|23|0|22|0|16|0|6|5|5|4|0|0|144.457L|600|500|200|1a74.5|1a294.1|851/346/1|0,0,0,0,0"
182,44a90370-aba7-11ef-a9dd-01e33bb298a5,버터코코아,10339,8800원|2025-11-10 07:57:23|9|24|0|22|0|18|0|5|5|3|3|0|0|88.702L|308|400|200|1a43|1a256|847
183,6b4d71a0-817c-11ef-a442-b511a12f471d,windy,10338,"0|2026-02-16 14:45:49|9|22|0|21|0|18|0|6|5|5|3|0|0|41.438L|600|600|200|1a39|1a200|846/338/1|0,0,0,0,0"
184,e90abea0-b6eb-11ef-b186-998c850bb91f,정챙니,10335,7700원|2025-11-21 22:48:53|9|23|0|22|0|19|0|4|4|4|4|0|0|99.852L|600|600|0|1a84.5|1a238.5|846
185,5f62b9e0-ab25-11ef-864b-d7a00d2ead55,ss단ss,10325,8800원|2025-12-15 14:39:42|9|24|0|22|0|0|0|4|4|4|4|0|0|29.767L|600|800|0|1a36.8|1a475.4|824
186,42538010-7d57-11ef-a7f7-9d31d4e3cecd,김석순,10320,"454300|2026-02-11 18:15:14|9|23|0|20|0|17|0|6|7|6|6|0|0|19.868L|540|390|200|1a38|1a242|805/320/1|0,0,0,0,0"
187,0618e7a0-aeaf-11ef-be6a-9db3ae4ff6d0,난중왕,10316,"29700|2026-02-15 09:38:55|9|23|0|23|0|18|0|0|0|0|0|0|0|62.532M|600|600|0|1a40|1a460|971/316/1|0,0,0,0,0"
188,c7c75c20-b30e-11ef-8c20-f72da72c3815,실룩샐룩,10313,7700원|2025-09-28 12:37:14|9|22|0|22|0|17|0|5|5|5|5|0|0|0|600|600|1a82|1a160|824
189,3166e1a0-e956-11ef-accb-fd363b14cec2,크롱,10300,"7700|2026-02-11 22:12:03|9|24|9|23|0|20|3|5|3|0|0|0|0|483.240L|400|300|305|1a100|1a517|885/300/1|0,0,0,0,0"
190,86394720-87f6-11ef-83b3-d9704da7d18a,이자큐,10298,7700원|2025-11-30 22:17:48|8|23|0|23|0|18|0|5|3|5|4|0|0|2.066L|392|212|174|1a14.2|1a186.4|791
191,f34f0ae0-8074-11ef-b768-6342da98924b,위영위영,10297,"24200|2026-02-15 17:42:28|8|23|0|22|0|18|0|4|3|0|1|0|0|2.183L|487|480|200|1a45.7|1a201.5|787/297/1|0,0,0,0,0"
192,206382f0-4d6a-11f0-a8be-f368aa58e840,하늘영,10290,234300원|2025-12-10 19:40:47|8|23|0|23|0|16|0|0|0|0|0|0|0|1.276L|620|620|200|1a95.9|1a227.6|781
192,027a1b60-82d0-11ef-9e84-454aa5e77617,앵케,10290,7700원|2025-11-02 23:51:55|8|23|0|21|0|18|0|6|2|5|2|0|0|1.006L|600|400|1a74|1a130|764
194,20188370-3fc5-11f0-8fac-6b6d0a4cb493,린바,10280,"18700|2026-02-05 22:38:04|8|24|1|24|1|18|0|0|0|0|0|0|0|959.912K|540|451|200|1a73|1a173|765/280/1|0,0,0,0,0"
195,9a6d8800-b2bc-11ef-9772-39d823ea459c,이건또뭐냐,10276,"73700|2026-02-13 20:33:10|8|24|1|22|0|19|0|5|5|1|2|0|0|544.636K|300|250|200|1a35|1a160|766/276/1|0,0,0,0,0"
195,6b79a470-b442-11ef-ae97-4353aee62c39,봉골레,10276,11000원|2025-10-19 09:08:40|8|23|0|22|0|18|0|0|0|0|0|0|0|0|800|754|1a30|1a120.5|766
197,ad741770-ab73-11ef-9d4f-85486f726cf1,오윤코코,10265,"8800|2026-01-20 07:35:34|8|24|10|24|1|0|0|3|0|0|0|0|0|208.117K|300|300|0|1a90.1|1a231.4|744/265/1|0,0,0,0,0"
197,1bcbaaf0-7d9b-11ef-8266-5ff262c8cc1a,리리아,10265,"7700|2026-02-15 00:48:22|8|23|0|22|0|18|0|6|4|5|1|0|0|235.655K|300|300|200|1a73|1a150|743/265/1|0,0,0,0,0"
199,800cd960-9d22-11f0-8d8e-7d66a99fdb4e,탱탱한오리알,10257,"34100|2026-02-10 07:37:36|8|24|5|23|0|18|0|7|6|0|0|0|0|137.908K|300|290|200|1a47.5|1a127.3|733/257/1|0,0,0,0,0"
200,888fd720-cc9b-11ef-aa52-cb9b8d269c2e,묘리,10254,"7700|2026-02-16 09:24:38|8|23|0|21|0|18|0|0|0|0|0|0|0|89.269K|600|333|200|1a89.2|1a149.4|730/254/1|0,0,0,0,0"
201,e3dd9b90-6173-11f0-8822-43e85f1a530f,나막소,10247,"0|2026-02-16 02:45:07|8|24|0|23|0|18|0|0|0|0|0|0|0|17.619K|450|330|0|1a64.1|1a198.7|725/247/1|0,0,0,0,0"
202,90f2b5f0-db40-11ef-a0ca-0133bcd1d569,일엽지추,10245,"7700|2026-02-14 17:52:22|8|23|0|22|0|17|0|5|5|5|4|0|0|144.070K|300|300|200|1a33.7|1a140.8|712/245/1|0,0,0,0,0"
203,7bae0c70-7e67-11ef-a91c-4d1f43b16fc3,RAONIST,10238,18700원|2025-10-21 22:41:28|8|23|0|21|0|18|0|3|1|2|3|0|0|0|500|500|1a50|1a110.2|715
204,072f25c0-16fe-11f0-ba6c-49276427a68d,soosam,10236,"0|2026-02-13 14:22:39|8|22|0|22|0|19|0|0|0|0|0|0|0|117.719K|40|300|200|1a10|1a110|706/236/1|0,0,0,0,0"
205,c48f8090-ab35-11ef-b178-054b573bb50d,ol호랑이lo,10235,16500원|2025-10-30 16:46:35|8|24|0|23|0|15|0|0|0|0|0|0|0|72.347K|250|419|1a34.5|1a203.4|708
206,8b80fbf0-c43d-11ef-83e2-e366a784b169,잉크,10230,"0|2026-02-16 01:39:58|8|23|0|23|0|18|0|0|0|0|0|0|0|7.649K|600|600|200|1a84|1a300|698/230/1|0,0,0,0,0"
207,13c6a610-cf4a-11ef-b95f-ebaeff332cc0,청자룡,10229,"49500|2026-02-16 10:51:21|8|23|0|23|0|18|0|6|5|0|0|0|0|30.711K|400|400|0|1a50|1a150|696/229/1|0,0,0,0,0"
208,d3b52da1-a27e-11ef-a878-8d1320e26531,로열,10228,223300원|2025-12-08 11:38:04|9|24|3|23|0|18|0|5|4|4|4|0|0|625.894L|600|540|199|0a0.1|0a100|885
209,57f32980-7e28-11ef-940d-979db9b8b83a,할방,10221,"7700|2026-02-16 06:45:25|8|24|5|22|0|0|0|5|5|4|4|0|0|18.024K|280|400|0|1a30|1a180|685/221/1|0,0,0,0,0"
210,ce6e1131-7d45-11ef-baa4-6dfedbc5378f,홍길동,10218,"28600|2026-02-15 18:59:46|8|23|0|23|0|18|0|4|5|0|0|0|0|5.754K|500|300|146|1a70.3|1a143.1|662/218/1|0,0,0,0,0"
211,7f7e3020-dec3-11ef-b7cd-8339d402dc13,Saint,10203,"29700|2026-02-16 17:33:16|8|23|0|23|0|20|1|0|0|0|0|0|0|874.122J|400|400|250|0a22|0a100|660/203/1|0,0,0,0,0"
212,08a2d0e0-e333-11ef-adb0-454616481ad7,다쿠아즈,10201,7700원|2025-11-12 02:35:36|8|24|5|22|0|16|0|5|4|0|0|0|0|3.080L|561|318|200|1a51.4|1a111|791
213,5a6a68a0-9993-11ef-82f5-a75626bcbdce,gusdnekd,10191,16500|2026-01-09 14:20:05|8|23|0|23|0|19|0|6|6|0|0|0|0|6.321K|400|400|0|1a29|1a243|649
214,b2c04180-c249-11ef-aca5-0357422bc51e,효가,10184,7700원|2025-11-04 15:21:34|8|24|0|23|0|18|0|0|0|0|0|0|0|0|400|350|1a32.7|1a203.6|643
215,999ee0f0-b149-11ef-aedc-33a238222e02,염세주의자,10181,"7700|2026-02-16 07:24:20|8|23|0|23|0|18|0|0|0|0|0|0|0|771.810J|400|400|200|1a35.9|1a210.7|645/181/1|0,0,0,0,0"
215,2659b500-ca37-11ef-8de3-2ba1fc91cb22,승승짱구,10181,7700원|2025-09-24 19:38:36|8|23|0|23|0|6|0|3|2|0|0|0|0|0|400|400|1a28.2|1a150.7|643
217,59a86100-b546-11ef-b8d7-599a77a8c4db,진성,10176,"0|2026-02-16 11:01:41|8|23|0|22|0|17|0|4|5|0|0|0|0|355.337J|400|300|200|1a2|1a104|636/176/1|0,0,0,0,0"
218,8e743440-ab23-11ef-8a5d-fb4b569024fa,asi,10167,8800원|2025-12-19 16:32:02|8|23|0|23|0|17|0|0|0|0|0|0|0|178.608J|300|300|200|1a5.9|1a124.9|611
219,908edf70-cfd9-11ef-87bd-eb2e5e352cb1,허성,10139,143800원|2025-12-26 10:51:18|7|23|0|23|0|18|0|5|5|0|0|0|0|31.273J|300|300|200|1a28.1|1a117.3|573
220,1ea90aa0-d62a-11ef-8072-7bc6bf465123,바람신,10135,0|2026-01-06 07:57:33|7|24|0|23|0|18|0|0|0|0|0|0|0|17.919J|293|300|0|1a15.3|1a112.5|575
221,0cce1990-cf33-11ef-b7a4-1340647ef11d,김솔음,10128,7700|2026-01-06 07:48:26|7|23|0|21|0|19|0|0|0|0|0|0|0|4.034J|600|307|200|1a39.1|1a119.9|565
222,4fdf7ba0-c8a5-11ef-b3ea-e9ab84aaf4b7,팔한짝없음,10124,8800원|2025-09-28 18:16:11|8|24|1|23|0|0|0|2|4|3|5|0|0|0|200|600|1a92.7|1a136.8|755
223,3f3ea110-7e2a-11ef-a5c3-6759eeeb345b,artruis,10116,29700원|2025-11-20 08:22:37|7|23|0|22|0|16|0|5|5|0|0|0|0|29.921J|200|200|200|1a0|1a100|558
224,e5f602b0-d7a7-11ef-9e5e-2918b340880f,종원이,10113,"7700|2026-02-07 17:11:37|7|22|0|20|0|19|0|0|1|0|0|0|0|2.035J|300|300|200|1a21|1a160.6|549/113/1|0,0,0,0,0"
224,99b12160-b523-11ef-8a4d-5bd22890ef50,다새이,10113,"7700|2026-02-16 10:45:51|7|23|0|22|0|18|0|0|0|0|0|0|0|1.763J|200|200|200|1a24.1|1a135.1|551/113/1|0,0,0,0,0"
226,3f70d0d0-e294-11ef-9245-8ffe3887f60f,와우아이,10111,25300원|2025-12-11 00:14:08|7|22|0|23|0|18|0|0|0|0|0|0|0|652.668I|414|280|200|1a8|1a100.3|548
227,716bc9f0-5148-11f0-bac9-5394e7bd22d7,사라,10107,58300원|2025-09-27 01:15:20|7|22|0|20|0|15|0|0|0|0|0|0|0|0|489|301|1a20.8|1a109.6|545
228,e6bbdd20-9911-11ef-b913-090d68e21830,안지,10101,100700|2026-01-14 20:51:19|7|23|0|23|0|18|0|0|0|3|2|0|0|394.649I|400|300|117|1a0|1a100|539
229,4d9c30d0-b2f8-11ef-b79e-71cbcc9fed2c,펠단,10100,166100원|2025-10-12 03:26:18|7|24|2|21|0|14|0|0|0|0|0|0|0|0|300|260|1a0|1a100|534
230,6557d680-ae65-11ef-aea8-73717a3b18aa,아이든,10098,453200원|2025-11-30 17:12:16|7|23|0|23|0|18|0|0|0|0|0|0|0|278.457I|9|0|0|1a9.3|1a104.4|531
230,01b84190-ad7b-11ef-80b0-1f3f8f1c75aa,지상최강,10098,0원|2025-11-05 20:23:22|7|23|0|22|0|0|0|0|0|0|0|0|0|162.874I|400|400|1a40|1a194.2|530
232,ba610e60-8095-11ef-836b-0f6dfa26285a,슈렉,10097,7700원|2025-10-02 05:48:53|7|22|0|20|0|17|0|0|0|0|0|0|0|0|400|400|1a1.8|1a101.3|530
233,1f430d10-aee0-11ef-8800-b10c1ac46a2e,한국사국사,10096,"7700|2026-01-19 14:01:23|7|22|0|23|0|17|0|0|0|0|0|0|0|79.274I|400|400|0|1a11.7|1a100.1|526/96/1|0,0,0,0,0"
234,2a6c95d0-dba9-11ef-8c9e-2f550fcbb0ac,제갈명월,10095,0원|2025-11-30 17:32:26|7|23|0|22|0|16|0|2|0|0|0|0|0|71.243I|200|200|200|1a0|1a100|526
234,0f71def0-53f1-11f0-8805-b3badd4d1eaa,최태원,10095,7700원|2025-10-09 13:28:32|7|24|0|21|0|18|0|0|0|0|0|0|0|65.861I|200|200|1a0|1a100|526
236,d352b3c0-6117-11f0-91d6-b1e4615a068a,준기,10089,11000원|2025-11-13 09:38:24|7|23|0|23|0|18|0|0|0|0|0|0|0|30.868I|400|0|0|1a0|1a100|517
237,58865660-adcb-11ef-a454-0fb7d9f813eb,호랑,10082,"14300|2026-02-15 02:34:28|7|24|0|22|0|15|0|0|0|0|0|0|0|14.368I|300|200|0|1a0|1a100|508/82/1|0,0,0,0,0"
238,da0b94d0-bdbf-11ef-bb0a-11fecacd9b42,나비이,10067,7700원|2025-10-30 13:15:17|6|23|0|23|0|18|0|0|0|0|0|0|0|0|270|289|1a0|1a100|489
239,88efcd50-b5e5-11ef-8a4d-5bd22890ef50,제갈아영,10064,0원|2025-12-21 03:11:47|6|22|0|22|0|18|0|0|0|0|0|0|0|1.327I|200|200|200|1a10|1a110|472
240,816d2370-b3c4-11ef-85f3-11ac3a2178dc,vtctrcut,10061,164400원|2025-12-08 12:46:22|6|24|0|20|0|17|0|0|0|0|0|0|0|1.492I|200|200|200|1a0|1a100|485
241,daccb1d0-f33c-11ef-b372-df6fd691b89e,륀황,10060,"44000|2026-02-15 12:57:16|6|23|0|23|0|18|0|0|0|0|0|0|0|425.138H|200|200|0|1a0|1a100|483/60/1|0,0,0,0,0"
242,c42f14d0-7d45-11ef-aaa2-bf7ed5ce1787,D스,10054,28600원|2025-10-28 21:49:55|6|23|0|21|0|16|0|0|0|0|0|0|0|0|300|186|1a0|1a100|472
243,bec93d80-b6da-11ef-be19-c189a29f2be1,haerang,10052,7700원|2025-12-12 01:09:02|6|21|0|21|0|15|0|0|0|0|0|0|0|136.451H|310|244|145|1a0|1a100|467
243,39a8a1a0-b936-11ef-9898-0fbf1f401ffc,순똘이,10052,7700원|2025-11-16 08:16:27|6|23|0|23|0|19|0|0|0|0|0|0|0|122.537H|260|250|80|1a0|1a100|468
245,5dd2f0f0-6708-11f0-a3d4-43ebc2e41e55,마미무샤,10051,"18700|2026-01-20 21:13:56|6|23|0|23|0|18|0|0|0|0|0|0|0|201.428H|200|200|0|1a0|1a100|466/51/1|0,0,0,0,0"
246,bd869c90-b533-11ef-8b80-ed64c1281b36,윤가,10042,"8800|2026-02-10 04:13:46|6|22|0|21|0|12|0|0|0|0|0|0|0|38.719H|200|200|0|1a0|1a100|457/42/1|0,0,0,0,0"
246,062c0030-7e38-11ef-8518-5fedfc5cfa32,비홍,10042,117700원|2025-11-18 23:44:39|6|23|0|21|0|15|0|0|0|0|0|0|0|33.970H|354|300|2|1a0|1a100|455
246,0622fe80-a7c4-11ef-b665-1fe6c2db5369,미루,10042,"0|2026-02-16 14:37:35|6|22|0|23|0|17|0|0|0|0|0|0|0|40.493H|300|300|200|1a0|1a100|457/42/1|0,0,0,0,0"
249,83925360-b382-11ef-8f2c-7191e14f2011,국이꾹이,10041,7700원|2025-10-05 22:55:26|6|22|0|22|0|0|0|0|0|0|0|0|0|0|300|300|1a0|1a100|461
250,cc7c5a70-b397-11ef-b886-05286a4e2c7a,초롱매실,10038,0원|2025-09-22 17:21:15|6|23|0|23|0|0|0|0|0|0|0|0|0|0|200|200
251,2cfb16f0-abe8-11ef-b8a4-7f7b772ead33,아언,10028,7700원|2025-10-09 17:29:41|8|22|0|23|0|19|0|7|5|7|4|0|0|0|280|280|1a59.2|1a287.3|763
252,e254af00-be4b-11ef-869e-d78576195d07,공공이,10002,100100원|2025-09-23 00:36:21|7|23|0|23|0|14|0|1|1|0|0|0|0|0|200|200
252,a8f93440-805e-11ef-907a-53cfb9749a97,앞얖,10002,"0|2026-02-10 02:17:39|7|23|0|21|0|0|0|2|3|2|1|0|0|31.859I|310|310|0|1a5|1a123|527/2/1|0,0,0,0,0"
254,c9dcea70-bb79-11ef-896a-6fd8ce54c859,음무기,1043,8800원|2025-10-20 00:28:32|10|24|5|23|0|18|0|8|7|7|7|0|0|1.443N|400|600|1a100|1a418.6|1043
255,6c8472e0-7dca-11ef-aed1-ffc5ee7315d1,썬썬,1042,"0|2026-02-16 23:14:42|10|24|0|21|0|20|0|6|6|6|6|0|0|3.116N|0|200|0|1a100|1a227|1042/1/1|0,0,0,0,0"
256,c3c59a60-bdcc-11ef-9775-55a19fdd04a9,오닉,980,"7700|2026-02-06 06:29:45|9|24|5|24|0|20|0|4|5|0|0|0|0|228.295M|650|0|200|1a1.5|1a152|980/1/1|0,0,0,0,0"
257,0b479fd0-cf63-11ef-b137-496b1f832f7f,정욱진,873,"15400|2026-02-13 12:09:01|9|24|5|24|3|10|0|4|4|6|5|0|0|199.973L|400|400|19|0a1.7|0a100|873/1/1|0,0,0,0,0"
258,f541f4d0-ad64-11ef-a168-a338e5b408b4,플루,851,"0|2026-02-08 00:36:09|9|24|7|22|0|20|1|4|4|2|2|0|0|193.570L|300|200|250|1a100|1a310|851/1/1|0,0,0,0,0"
259,b54f7770-faea-11ef-902d-21ec422ff795,pybheat,822,340600원|2025-08-24 06:09:21|9|23|0|23|0|0|0|7|6|7|6|0|0|0|703|400|0|1a58.3|1a128.9|822
260,864f2c70-e435-11ef-b2da-5d1b4914c54f,zexon,820,150700원|2025-10-17 21:16:40|9|24|0|23|0|20|0|7|5|3|1|0|0|0|300|300|1a91.2|1a241.6|820
261,82344f50-ca52-11ef-918f-9ba5b209116b,월광무,789,8800원|2025-09-24 22:07:33|8|24|5|23|0|15|0|5|5|3|5|0|0|0|650|250
262,fcf4a540-af0a-11ef-be6a-9db3ae4ff6d0,홍실이,782,"7700|2026-02-06 07:34:38|8|24|5|23|0|19|0|0|0|0|0|0|0|2.200L|600|200|0|1a58|1a110|782/1/1|0,0,0,0,0"
263,5598de80-df0f-11ef-a46c-9bac08d5d36e,머리털도사,768,"0|2026-02-12 19:04:57|8|22|0|23|0|0|0|0|0|0|0|0|0|827.470K|196|40|1|1a96.9|1a196.6|768/1/1|0,0,0,0,0"
264,cdb3b9a0-9df9-11ef-9cb4-8d35fc0b1273,안췍,731,12100원|2025-09-03 01:52:45|8|22|0|21|0|15|0|5|3|5|5|0|0|0|600|600|1a52.3|1a134.9|731
265,6da85d00-c756-11ef-b8b7-471b06b359c9,천선화,692,7700원|2025-09-25 07:24:27|8|23|0|23|0|19|0|5|5|5|5|0|0|0|300|300
266,b94e4db0-8b3c-11ef-9ab6-e3d4ecf9e22a,인찬,688,"34100|2026-01-19 16:52:08|8|23|0|22|0|15|0|4|4|5|4|0|0|7.505K|600|529|100|1a50|1a150|688/1/1|0,0,0,0,0"
267,851405a0-ae85-11ef-ae0b-89a6e09af856,프로백수,687,7700원|2025-07-04 13:23:51|8|24|1|21|0|0|0|5|4|5|4|0|0|0|320|400|0|1a60.1|1a210.1|687
268,cceae9e0-b2ca-11ef-a464-37c500225cee,슬국,660,8800원|2025-06-14 01:34:36|8|23|0|22|0|0|0|0|0|0|3|0|0|0|600|600|1a0|1a100|660
269,c40df1b0-b2ce-11ef-8b7d-e9436b89eecc,륜리사랑,657,"7700|2026-02-14 14:15:02|8|23|0|23|0|19|0|0|0|0|0|0|0|890.789J|500|503|0|1a41.9|1a226.3|657/1/1|0,0,0,0,0"
270,5a367810-af23-11ef-ae0b-89a6e09af856,골골때리네,653,"0|2026-02-03 23:45:00|8|21|0|22|0|20|0|0|0|0|0|0|0|1.839K|400|0|80|1a20|1a200|653/1/1|0,0,0,0,0"
271,58a2b910-af6d-11ef-b8c2-1d1e2605c60c,숄콤,647,7700원|2025-09-03 20:51:34|8|23|0|21|0|0|0|3|3|0|0|0|0|0|600|600|0|1a59.8|1a192|647
272,719b2c20-80b7-11ef-b893-4359806a2158,나야나,644,7700원|2025-04-12 22:47:10|8|24|2|21|0|0|0|5|1|2|3|0|0|0|200|0|1a0|1a100|644
273,2637f9e0-9adc-11ef-8914-2bb2f37fcc8c,윤호가왕,618,7700원|2025-07-27 23:50:47|8|23|0|22|0|0|0|3|2|4|4|0|0|0|400|400|1a61|1a241|618
274,4ba8a520-5491-11f0-83d0-c7af0631c64b,흑천,601,55000|2026-01-11 11:40:42|8|23|0|23|0|18|0|7|6|0|0|0|0|338.346J|200|200|200|1a48.3|1a157.8|601
275,25d3cff0-b0cc-11ef-94e0-19049ff317b3,운명은우연,590,7700원|2025-07-06 09:06:00|7|23|0|22|0|0|0|0|1|0|0|0|0|0|561|378|0|1a40.1|1a120.1|590
276,2bbb2610-7d47-11ef-8daf-bd28ce8e72c0,뭉크,574,152800|2026-01-03 08:44:24|7|23|0|22|0|19|0|2|3|0|0|0|0|40.044J|300|200|200|1a3.8|1a100.3|574
277,4ac87690-bcec-11ef-80d1-c5b2129852d8,동방삭이,567,8800원|2025-10-13 18:37:41|7|24|5|24|5|0|0|0|0|0|0|0|0|0|300|300|1a23|1a166|567
278,dfdc1b80-98c8-11ef-81c5-6f1ac3b9ab8f,먹튀각,558,308600원|2025-10-23 00:54:36|7|22|0|23|0|14|0|5|5|3|3|0|0|0|400|400|1a31.6|1a131|558
279,eef05280-d6d5-11ef-8d94-9564537ddbbb,꼴찌,556,7700원|2025-05-27 18:44:13|7|23|0|21|0|0|0|5|0|3|0|0|0|0|400|400|1a0|1a100|556
279,d5b10440-7d48-11ef-8578-cb573bc1b919,덕계동깽,556,"85700|2025-04-19 12:47:42|7|22|0|23|0|0|0|3|4|0|0|0|0|0|600|414|0|1a0|1a100|556/1/1|0,0,0,0,0"
281,6524dac0-ccd1-11ef-91aa-c5f0e480c0d4,장수꿀벌,548,7700원|2025-06-19 04:08:33|7|23|0|20|0|0|0|0|0|0|0|0|0|0|600|373|1a1.6|1a105.6|548
282,7ed1edb0-b128-11ef-94e0-19049ff317b3,개피먹은고양이,546,"7700|2025-08-14 13:37:09|7|23|0|21|0|0|0|4|4|0|0|0|0|0|400|400|0|1a7|1a106|546/1/1|0,0,0,0,0"
283,bedad320-7dd6-11ef-aed1-ffc5ee7315d1,한대원,535,7700원|2025-08-17 16:06:50|7|24|0|23|0|0|0|5|4|3|3|0|0|0|480|400|0|1a16|1a110|535
283,4c297e90-80d2-11ef-bf59-17fb4fe15d68,푸른고등어,535,"7700|2026-01-22 09:00:29|7|24|0|24|0|17|0|0|0|0|0|0|0|6.364J|300|300|200|1a42.3|1a178.7|535/1/1|0,0,0,0,0"
285,6e121880-eeac-11ef-a429-15e29f0bdd8b,격차,534,14300원|2025-06-18 19:25:54|7|23|0|23|0|0|0|0|0|0|0|0|0|0|400|400|1a10|1a140|534
285,5c504a70-7e1a-11ef-be83-6d1e3642bd08,SD울산지부장,534,7700원|2025-04-29 16:53:05|7|23|0|23|0|0|0|0|1|0|0|0|0|0|514|208|1a0|1a100|534
287,25aacb80-dcbb-11ef-9a48-cd603e6509c9,우버겐세이,533,7700원|2025-09-18 12:48:41|7|22|0|22|0|17|0|0|3|0|0|0|0|0|200|200
288,e881a4b0-b57b-11ef-b49d-f3e3914c00d7,엑소디움,532,7700원|2025-06-23 23:57:37|7|23|0|23|0|0|0|0|0|2|0|0|0|0|400|400|0|1a25.1|1a118.1|532
289,f1fb2a41-c389-11ef-83e2-e366a784b169,JJ,531,7700원|2025-07-27 20:33:50|7|23|0|22|0|0|0|0|0|0|0|0|0|0|410|250|0|1a11.4|1a111|531
290,f2243480-ad2c-11ef-9b02-a71988cda882,고아라,524,"2003700|2026-02-15 16:24:53|7|24|5|23|0|0|0|5|4|0|0|0|0|3.967J|400|200|0|1a0|1a100|524/1/1|0,0,0,0,0"
291,b54f9050-afb0-11ef-b543-cbbf953b5fb8,잘나가는개,521,8800|2025-06-27 00:43:36|7|23|0|23|0|0|0|0|0|0|0|0|0|0|400|300|0|1a1|1a101|521
292,b26f16e0-7d82-11ef-b0f1-a1f86e734854,아롱1,520,"16500|2026-01-27 12:07:35|7|24|0|24|0|0|0|0|0|0|0|0|0|128.910I|567|0|0|1a21.4|1a104.3|520/1/1|0,0,0,0,0"
293,c9cc2d30-f2d2-11ef-a102-65a661225c47,명왕,513,1101400|2025-03-24 17:52:05|7|23|0|21|0|0|0|0|0|1|0|0|0|0|400|390|0|1a0|1a100|513
294,c5a37a30-82c8-11ef-a990-490cdbc4693e,황금잉어킹,509,27500원|2025-09-13 11:27:57|7|21|0|22|0|18|0|0|0|0|0|0|0|0|320|300|1a0|1a100|509
295,232ff420-c749-11ef-b344-0fc72d346324,패왕성선주,507,0원|2025-10-07 12:45:17|7|23|0|21|0|0|0|0|0|0|0|0|0|0|600|600|1a30.1|1a165|507
296,89e17bc0-a48b-11ef-9e36-45f1e1137a28,광개토태왕,505,11000원|2025-10-03 20:20:32|7|23|0|21|0|15|0|0|0|0|0|0|0|0|300|300|1a0|1a100|505
297,05a64920-7dae-11ef-84cc-816465e54914,별빛,489,14300원|2025-02-17 15:13:38|6|23|0|22|0|0|0|0|0|0|0|0|0|0|260|250|0|1a0|1a100|489
298,e0157f90-80a1-11ef-a8d5-7bfe54649775,가투,488,8800원|2025-02-08 22:09:14|6|22|0|23|0|0|0|0|0|0|0|0|0|0|300|200|1a0|1a100|488
299,4252cea0-7e19-11ef-97e5-1577b4166c2f,이건뭐,484,7700원|2025-07-12 13:02:11|6|22|0|21|0|0|0|0|0|0|0|0|0|0|400|400|0|1a8.6|1a105.6|484
300,f25f6b20-b242-11ef-9cde-f74559775a32,조안페레로,478,"8800|2025-02-09 20:39:52|6|20|0|20|0|0|0|0|0|2|1|0|0|0|300|300|0|1a0|1a100|478/1/1|0,0,0,0,0"
301,7f87ecb0-87a6-11ef-a77d-71ca38f554ad,마신,476,7700원|2025-01-10 08:14:50|6|23|0|20|0|0|0|0|0|0|0|0|0|0|300|200|0|1a0|1a100|476
302,ecd7dc60-b17e-11ef-a286-29921a7fb1c0,시시니니,472,0원|2025-12-17 13:59:49|6|22|0|22|0|0|0|0|0|0|0|0|0|1.330I|0|358|0|1a21.8|1a133.3|472
303,e1d8bcd0-c1af-11ef-858d-93aac86fe9fc,칼도마,470,101400원|2025-08-20 15:33:32|6|23|0|23|0|0|0|0|0|0|0|0|0|0|279|0|0|1a0|1a100|470
303,78e9b990-b39f-11ef-a1df-374749d244ce,곡예사,470,7700|2025-02-17 16:36:08|6|23|0|21|0|0|0|0|0|0|0|0|0|0|290|290|0|1a0|1a100|470
305,c6978950-7d45-11ef-9c8e-99b32f3edbe3,신지,467,1006600원|2025-09-09 19:51:40|6|23|0|21|0|0|0|0|0|0|0|0|0|0|0|300|1a0|1a100|467
305,94eaf190-7ecf-11ef-b7cb-b350af65320d,다크,467,"139700|2024-12-12 23:23:33|6|23|0|21|0|0|0|0|0|0|0|0|0|0|300|300|0|1a0|1a100|467/1/1|0,0,0,0,0"
307,a04c6310-aee1-11ef-bf95-c578aa215b96,베리베리안녕,466,47300원|2025-01-26 07:24:01|6|23|0|20|0|0|0|0|0|0|0|0|0|0|300|300|1a0|1a100|466
308,e4ba8300-b077-11ef-81bb-01a24d7c0f95,우정잉,461,"0|2026-01-15 23:02:33|6|22|0|22|0|15|0|0|0|0|0|0|0|120.691H|300|231|67|1a0|1a100|461/1/1|0,0,0,0,0"
309,e40316d0-7e17-11ef-8f1b-a125e7c3f728,민준파파,459,11000원|2025-01-12 18:58:06|6|23|0|20|0|0|0|0|0|0|0|0|0|0|400|300|1a0|1a100|459
310,6f189620-b21e-11ef-a981-6dc99c93b638,파크,457,7700원|2025-12-04 22:56:11|6|24|2|21|0|19|0|0|0|0|0|0|0|43.826H|200|200|0|1a0|1a100|457
311,4fd60d00-b6a2-11ef-8858-15e53d54a210,로열블러드,451,"7700|2026-02-16 15:54:06|6|21|0|20|0|18|0|0|0|0|0|0|0|22.787H|270|200|1|1a0|1a100|451/1/1|0,0,0,0,0"
311,195d6850-ab75-11ef-911a-e7c0ada9a68c,주누아빠,451,7700원|2025-09-23 19:31:37|6|22|0|23|0|0|0|0|0|0|0|0|0|0|300|200|1a0|1a100|451
313,a4d9aae0-bf1d-11ef-a994-557ee9b4b96f,추풍당최,448,7700원|2025-09-28 11:00:54|6|24|0|20|0|13|0|0|0|0|0|0|0|0|200|300|1a0|1a100|448
314,bce71880-d9e3-11ef-8915-cd9bf2d0d0e6,까밀,447,7700원|2025-10-15 01:39:13|6|23|0|20|0|11|0|0|0|0|0|0|0|0|300|300|0|1a0|1a100|447
314,7414a700-842d-11ef-908a-fb022d54e649,이설죽화,447,"0|2026-02-03 11:39:05|6|23|0|23|0|0|0|0|0|0|0|0|0|41.132H|0|200|0|1a0|1a100|447/1/1|0,0,0,0,0"
314,729a50c0-ad66-11ef-a168-a338e5b408b4,발도제울프,447,0원|2025-07-27 11:26:55|6|24|0|21|0|0|0|0|0|0|0|0|0|0|200|200|1a0|1a100|447
314,37bd2cf0-806d-11ef-8082-efc81f54bba3,뿌링크스,447,"7700|2026-02-14 12:17:18|6|23|0|21|0|15|0|0|0|0|0|0|0|24.824H|300|300|10|1a0|1a100|447/1/1|0,0,0,0,0"
318,bc26b8f0-cf12-11ef-b95f-ebaeff332cc0,주상전하,446,11000원|2025-11-02 13:25:11|6|22|0|21|0|15|0|0|0|0|0|0|0|0|300|300|1a0|1a100|446
318,b44a6230-d7b9-11ef-87cf-73b81c2075ea,철조망,446,7700원|2025-11-04 18:21:48|6|20|0|20|0|17|0|0|0|0|0|0|0|0|200|200|1a0|1a100|446
320,5099ecd0-ab6b-11ef-8901-b199a795327b,게임사나이,437,8800|2026-01-02 12:23:13|6|23|0|23|0|0|0|0|0|0|0|0|0|6.256H|290|258|0|1a0|1a100|437
321,f1ff4d20-a3c5-11ef-a9b0-8f986b110b05,코버넌트,435,477100원|2025-11-22 16:29:06|6|23|0|20|0|16|0|0|0|0|0|0|0|11.241H|200|200|62|1a0|1a100|435
322,4b01e190-d610-11ef-8837-235c25dfaf8b,김하,433,"111100|2026-02-15 14:41:56|6|22|0|22|0|15|0|0|0|0|0|0|0|6.522H|200|200|0|1a0|1a100|433/1/1|0,0,0,0,0"
323,c22caec0-b7d5-11ef-8193-076f2790fca0,푸른청룡,432,7700원|2025-10-13 20:38:15|6|21|0|21|0|14|0|0|0|0|0|0|0|0|200|200|1a0|1a100|432
324,7e2f41a0-b434-11ef-98b5-895e28544798,신숭겸,429,7700|2026-01-14 01:31:38|6|23|0|21|0|18|0|0|0|0|0|0|0|2.579H|217|200|49|1a0|1a100|429
325,1b579330-c3f6-11ef-83e2-e366a784b169,시로파파,428,"0|2025-04-20 16:24:35|6|23|0|21|0|0|0|0|0|0|0|0|0|0|286|80|0|1a0|1a100|428/1/1|0,0,0,0,0"
326,91fed190-6141-11f0-9f5a-17f75c168df7,코코볼,427,7700원|2025-11-01 14:19:23|6|22|0|22|0|0|0|0|0|0|0|0|0|1.673H|400|323|1a0|1a100|427
326,42bb83f0-7d47-11ef-a223-1b9a0b306c0b,사람10291,427,0원|2025-10-18 14:15:41|6|22|0|21|0|12|0|0|0|0|0|0|0|0|300|283|164|1a0|1a100|427
328,689ccde0-b5f0-11ef-a206-db7a4a43e872,sam2025,426,7700원|2025-08-10 21:36:46|6|23|0|23|0|0|0|0|0|0|0|0|0|0|300|300|1a0|1a100|426
329,f5303110-ace1-11ef-8f5d-2ffe950da798,여신,425,44000원|2025-12-09 15:46:19|6|22|0|20|0|18|0|0|0|0|0|0|0|1.446H|200|200|116|1a0|1a100|425
329,ed8eeb60-e2d6-11ef-9e18-8555ee75829c,8809k,425,"0|2025-10-09 06:53:10|6|20|0|20|0|0|0|0|0|2|2|0|0|0|200|200|0|1a0|1a100|425/1/1|0,0,0,0,0"
331,c8d5cdc0-af0f-11ef-a56b-118bf512d2fa,불꽃냉커피,424,0|2025-03-04 14:41:59|6|21|0|22|0|0|0|0|0|0|0|0|0|0|200|200|0|1a0|1a100|424
332,36747200-b5af-11ef-b966-4b38678967bc,매봉산홀랭이,413,"7700|2026-02-10 04:14:51|6|23|0|22|0|0|0|0|0|0|0|0|0|558.357G|200|200|0|1a0|1a100|413/1/1|0,0,0,0,0"
333,a100ec70-b096-11ef-b79e-71cbcc9fed2c,맘대로해,411,0원|2025-10-20 11:28:05|6|21|0|23|0|14|0|0|0|0|0|0|0|0|240|129|1a0|1a100|411
333,19063a30-fd0f-11ef-9f77-279c0b729026,나구리,411,0원|2025-12-13 20:04:54|6|23|0|22|0|10|0|0|0|0|0|0|0|2.668H|288|267|5|1a0|1a100|411
335,743405d0-c039-11ef-9738-6f7f9c9ad646,우푸돈,409,"0|2025-11-28 18:48:36|6|23|0|22|0|0|0|0|0|0|0|0|0|681.885G|300|300|0|1a0|1a100|409/1/1|0,0,0,0,0"
336,41d77fc0-806c-11ef-836b-0f6dfa26285a,로진,407,"19800|2026-01-29 19:03:56|6|23|0|23|0|0|0|0|0|0|0|0|0|480.100G|200|200|20|1a0|1a100|407/1/1|0,0,0,0,0"
337,b64e2150-afc0-11ef-94e0-19049ff317b3,어처구니가,397,0원|2025-06-26 11:24:07|5|23|0|23|0|0|0|0|0|0|0|0|0|0|200|200|1a0|1a100|397
338,d3296110-b2d4-11ef-8b7d-e9436b89eecc,앰재이,396,7700원|2025-09-25 10:32:46|5|23|0|23|0|15|0|0|0|0|0|0|0|0|200|200|1a0|1a100|396
339,ba16faf0-bfec-11ef-8f07-a9b83744e36b,응아하며돈벌기,390,16500원|2025-07-20 00:58:27|5|22|0|19|0|0|0|0|0|0|0|0|0|0|336|200|1a0|1a100|390
340,c828b040-cd8c-11ef-9909-7912889b626f,루엘,389,"49000|2025-03-10 09:46:52|5|21|0|19|0|0|0|0|0|0|0|0|0|0|300|200|0|1a0|1a100|389/1/1|0,0,0,0,0"
340,79aab310-b143-11ef-bad4-dff43eea0f84,비바람의린,389,377300원|2025-09-04 10:33:41|5|21|0|22|0|0|0|0|0|0|0|0|0|0|200|200|0|1a0|1a100|389
342,9dca57d0-b3de-11ef-a56f-01299e95466d,도루룽,388,0원|2025-09-22 15:06:53|5|23|0|21|0|0|0|0|0|0|0|0|0|0|200|200|0|1a0|1a100|388
342,711956c0-805b-11ef-bcf8-6d57cb3f8a8a,클린스만,388,9900원|2024-12-02 09:55:40|5|23|0|23|0|0|0|0|0|0|0|0|0|0|200|200|0|1a0|1a100|388
344,f379e330-b4b0-11ef-836a-0b40aaee3777,홍경래,387,"7700|2025-02-01 02:47:55|5|22|0|20|0|0|0|0|0|0|0|0|0|0|300|200|0|1a0|1a100|387/1/1|0,0,0,0,0"
344,5b7dee90-9bcf-11ef-a3af-1978de98e500,러닝머신,387,7700원|2025-04-28 07:31:13|5|23|0|20|0|0|0|0|0|0|0|0|0|0|300|300|0|1a0|1a100|387
344,19341670-80d8-11ef-86e4-97cfe683f0de,난표해요,387,7700|2025-03-04 02:44:00|5|20|0|20|0|0|0|0|0|0|0|0|0|0|400|331|0|1a0|1a100|387
347,c789d230-c199-11ef-afc5-69970d9f817c,931117,386,0원|2025-07-14 14:51:03|5|22|0|20|0|0|0|0|0|0|0|0|0|0|255|200|1a0|1a100|386
347,a1e24ad0-cab8-11ef-af46-e5a85b0ce06d,s정희s,386,22000원|2025-10-29 20:37:42|5|23|0|23|0|0|0|0|0|0|0|0|0|21.399G|200|200|1a0|1a100|386
347,60da3f70-7d56-11ef-bc24-951d7c715146,난영초창유저,386,7700|2026-01-02 16:48:50|5|23|0|21|0|11|0|0|0|0|0|0|0|27.882G|270|260|0|1a0|1a100|386
350,29c734a0-ad73-11ef-a412-bb796ede6e3f,에레나,381,0원|2025-09-23 19:52:39|5|22|0|22|0|0|0|0|0|0|0|0|0|0|300|300|1a0|1a100|381
351,bb645571-bece-11ef-a133-53dea4eb9368,원시인,374,8800원|2025-07-20 22:24:42|5|23|0|20|0|0|0|0|0|0|0|0|0|0|200|200|0|1a0|1a100|374
352,f649aaa0-af42-11ef-9c11-fb9025669050,꿈틀파파,371,7700원|2025-01-22 18:39:54|5|21|0|21|0|0|0|0|0|0|0|0|0|0|200|200|1a0|1a100|371
353,c8deaf30-8c64-11ef-b486-69e02d603138,요요요,370,7700원|2024-11-21 20:37:54|5|20|0|20|0|0|0|0|0|0|0|0|0|0|300|300|0|1a0|1a100|370
354,2cb34640-9383-11ef-aa53-1b3a8b914c93,369좋아,369,0원|2025-12-03 09:13:31|5|24|0|22|0|0|0|0|0|0|0|0|0|6.030G|200|200|0|1a0|1a100|369
355,cc5b5af0-80c0-11ef-a912-81e046aedf33,하나소라,367,"11000|2026-02-16 02:43:52|5|24|0|22|0|0|0|0|0|0|0|0|0|5.683G|200|200|0|1a0|1a100|367/1/1|0,0,0,0,0"
355,2d804e40-8f25-11ef-a1e3-394307deae24,Route,367,"7700|2026-02-05 07:28:02|5|22|0|20|0|0|0|0|0|0|0|0|0|3.327G|97|200|0|1a0|1a100|367/1/1|0,0,0,0,0"
357,e5de50b0-b4e4-11ef-b3ba-03c530595a34,대호전설,366,0원|2025-01-16 17:48:08|5|23|0|21|0|0|0|0|0|0|0|0|0|0|200|200|1a0|1a100|366
357,067726e0-8091-11ef-aa01-9d9eae32e1da,이사장,366,"7700|2025-07-15 12:45:07|5|22|0|20|0|0|0|0|0|0|0|0|0|0|200|200|0|1a0|1a100|366/1/1|0,0,0,0,0"
359,256470c0-d4c5-11ef-aa63-c970832c5cf6,자유민주주의,365,7700원|2025-02-28 18:35:49|5|21|0|20|0|0|0|0|0|0|0|0|0|0|200|200|1a0|1a100|365
360,bbd368d0-bb8a-11ef-bb0a-11fecacd9b42,만세운동,362,"0|2026-02-16 18:36:27|5|21|0|21|0|0|0|0|0|0|0|0|0|8.096G|200|200|0|1a0|1a100|362/1/1|0,0,0,0,0"
361,31ae12e0-ce72-11ef-bf2a-6fb354b07d7b,다윗123,358,1100|2026-01-05 20:25:55|5|20|0|19|0|0|0|0|0|0|0|0|0|829.409F|300|300|0|1a0|1a100|358
361,2a3d6f50-b6e5-11ef-8938-fd69c1d19549,홀로서기,358,8800원|2025-01-22 08:26:32|5|22|0|20|0|0|0|0|0|0|0|0|0|0|200|200|0|1a0|1a100|358
363,c2b4d4e0-a1b8-11ef-aaa2-f58923c0661a,히든,356,15400원|2024-12-22 01:56:22|5|21|0|19|0|0|0|0|0|0|0|0|0|0|295|200|1a0|1a100|356
364,340f64e0-b049-11ef-b79e-71cbcc9fed2c,Tori,355,7700원|2025-12-30 14:56:30|5|23|0|19|0|0|0|0|0|0|0|0|0|641.173F|200|0|0|1a0|1a100|355
365,e1f47b80-8390-11ef-94b0-35b796088fe1,롱리,353,7700|2025-02-03 06:51:55|5|21|0|22|0|0|0|0|0|0|0|0|0|0|200|200|0|1a0|1a100|353
365,d76d7370-ad2e-11ef-a168-a338e5b408b4,표류썩쏘,353,7700원|2025-12-04 02:12:53|5|22|0|21|0|0|0|0|0|0|0|0|0|1.086G|200|200|0|1a0|1a100|353
365,609073b0-e479-11ef-a5c3-17f60760d867,파이썬,353,"7700|2025-07-15 16:14:08|5|20|0|19|0|0|0|0|0|0|0|0|0|0|300|240|0|1a0|1a100|353/1/1|0,0,0,0,0"
368,96b71c30-b84d-11ef-b186-998c850bb91f,난세의영웅1,351,86200원|2025-08-23 17:03:39|5|21|0|22|0|0|0|0|0|0|0|0|0|0|200|200|1a0|1a100|351
368,846597e0-92d3-11ef-b1cb-53b301f34281,작은나그네,351,14300원|2025-05-01 19:17:49|5|22|0|20|0|0|0|0|0|0|0|0|0|0|300|200|1a0|1a100|351
368,80f4c390-ae3c-11ef-b448-d9625807b796,dan주형,351,7700|2026-01-13 17:31:42|5|21|0|22|0|0|0|0|0|0|0|0|0|416.922F|200|50|0|1a0|1a100|351
368,4f18d190-b3af-11ef-a130-13bb3568264d,냔냔,351,0원|2025-12-24 09:20:29|5|22|0|21|0|0|0|0|0|0|0|0|0|2.963G|200|200|0|1a0|1a100|351
368,44e6f400-bf75-11ef-a509-fb1e9fe75394,아도나,351,0원|2025-04-05 08:57:08|5|22|0|20|0|0|0|0|0|0|0|0|0|0|200|200|0|1a0|1a100|351
368,186098d0-7e72-11ef-b301-a1ceeb398461,격정멜로,351,"33000|2025-09-17 02:17:01|5|23|0|21|0|0|0|0|0|0|0|0|0|0|200|200|0|1a0|1a100|351/1/1|0,0,0,0,0"
374,dfe5d870-f69f-11ef-bbcd-85c2f3a1cb7d,히살,350,"7700|2026-01-22 00:59:39|5|23|0|20|0|0|0|0|0|0|0|0|0|856.867F|200|200|0|1a0|1a100|350/1/1|0,0,0,0,0"
375,56f0fc20-c53f-11ef-ab66-9b0c902d2adf,모알,349,0원|2025-04-23 15:36:16|5|23|0|21|0|0|0|0|0|0|0|0|0|0|220|200|0|1a0|1a100|349
376,e8d41d50-b8a3-11ef-9e4e-9dbca080fd2f,논개,347,8800원|2025-01-03 23:10:15|5|21|0|20|0|0|0|0|0|0|0|0|0|0|263|200|1a0|1a100|347
376,25c312c0-bde0-11ef-9c2c-bb7541cd2b93,dldkdkd,347,"0|2025-01-31 14:26:42|5|22|0|19|0|0|0|0|0|0|0|0|0|0|200|200|0|1a0|1a100|347/1/1|0,0,0,0,0"
378,637aac20-b2c5-11ef-8b0b-3f0a6e303454,뽀짝한붕어빵,346,18700원|2025-04-14 15:28:13|5|20|0|21|0|0|0|0|0|0|0|0|0|0|200|200|0|1a0|1a100|346
379,6eac4df0-6171-11f0-9347-61904433d9fb,유유옥,345,"0|2026-01-30 21:56:04|5|21|0|22|0|0|0|0|0|0|0|0|0|738.964F|200|200|0|1a0|1a100|345/1/1|0,0,0,0,0"
379,19d094c0-bf0f-11f0-a010-11b38019010f,밤티라미수맛,345,157300원|2025-11-23 08:14:26|5|23|0|23|0|0|0|0|0|0|0|0|0|265.740F|200|200|0|1a0|1a100|345
381,b8ed0740-829e-11ef-9190-8f999e30b761,나예,343,119200원|2024-10-30 19:59:04|5|23|0|19|0|0|0|0|0|0|0|0|0|0|200|200|0|1a0|1a100|343
382,87399da0-bc8f-11ef-990d-bdd7aa0ce01a,다라네,342,0원|2025-09-15 11:07:45|5|23|0|22|0|0|0|0|0|0|0|0|0|0|200|188|1a0|1a100|342
383,884c2800-bf61-11ef-820e-01e1630f7f1b,뚀뚀,338,0원|2025-03-06 07:19:15|5|22|0|22|0|0|0|0|0|0|0|0|0|0|200|200|1a0|1a100|338
384,fdd14d60-c7e7-11ef-9c7a-03d4ac3b5863,홍덕봉,337,25300원|2025-10-26 12:27:51|5|21|0|20|0|0|0|0|0|0|0|0|0|129.951F|200|200|1a0|1a100|337
385,11a55c40-b6aa-11ef-8938-fd69c1d19549,여우돼지1,333,0원|2025-10-02 16:46:46|5|23|0|20|0|0|0|0|0|0|0|0|0|0|200|200|1a0|1a100|333
386,e8f4d390-b715-11ef-860a-854dcf78b83d,쌀주세요,331,0원|2025-07-20 02:12:37|5|20|0|19|0|0|0|0|0|0|0|0|0|0|220|200|1a0|1a100|331
387,3dbdcff0-b9df-11ef-98d2-1b78ca9a6d46,핑크공듀지노,330,"15400|2026-02-02 08:24:15|5|21|0|22|0|0|0|0|0|0|0|0|0|197.120F|200|200|0|1a0|1a100|330/1/1|0,0,0,0,0"
388,b94aa5d0-85fa-11ef-92b1-675a7deecbaa,유중혁,329,"20900|2025-07-17 15:20:19|5|22|0|21|0|0|0|0|0|0|0|0|0|0|200|200|0|1a0|1a100|329/1/1|0,0,0,0,0"
388,b3fe7920-c502-11ef-b54d-d9b5aeece7cc,leehyun1,329,"1100|2025-01-27 08:51:19|5|22|0|20|0|0|0|0|0|0|0|0|0|0|200|200|0|1a0|1a100|329/1/1|0,0,0,0,0"
388,5082ce50-ad0b-11ef-83d7-b3edb74f307f,진욱,329,14300원|2025-01-22 07:39:51|5|21|0|21|0|0|0|0|0|0|0|0|0|0|200|200|0|1a0|1a100|329
391,995d76f0-823d-11ef-a0c2-df6c2d2ce54e,무협,327,0원|2024-11-08 20:41:44|5|20|0|19|0|0|0|0|0|0|0|0|0|0|200|200|1a0|1a100|327
391,59a83b40-ac85-11ef-9a73-dd9bf7d29aee,흑야,327,11000원|2025-10-22 09:22:19|5|22|0|20|0|0|0|0|0|0|0|0|0|0|200|200|1a0|1a100|327
391,4cbc84d0-b4dd-11ef-81bb-df4ac63a82f5,청백리,327,147400원|2025-07-17 21:09:04|5|21|0|20|0|0|0|0|0|0|0|0|0|0|200|200|0|1a0|1a100|327
394,3842a9d0-d652-11ef-8837-235c25dfaf8b,everfree,326,7700원|2025-09-06 16:20:17|5|23|0|19|0|0|0|0|0|0|0|0|0|0|200|200|0|1a0|1a100|326
395,9316acd0-ce5a-11ef-bf2a-6fb354b07d7b,조영,324,"0|2025-05-06 12:32:38|5|22|0|20|0|0|0|0|0|0|0|0|0|0|209|200|0|1a0|1a100|324/1/1|0,0,0,0,0"
396,c2e005e0-c4de-11ef-a402-c7923577d404,상어민호TV,323,"7700|2026-01-16 16:15:17|5|21|0|21|0|0|0|0|0|0|0|0|0|44.102F|200|0|0|1a0|1a100|323/1/1|0,0,0,0,0"
397,b7e05ce0-db6c-11ef-a0ca-0133bcd1d569,아싸신철,321,0원|2025-03-30 00:56:32|5|21|0|22|0|0|0|0|0|0|0|0|0|0|200|200|1a0|1a100|321
398,b600cf90-b4ed-11ef-8d7a-c5ed723de305,도리도리,320,"0|2026-01-27 09:47:37|5|21|0|21|0|0|0|0|0|0|0|0|0|138.369F|200|200|0|1a0|1a100|320/1/1|0,0,0,0,0"
399,f509daa0-a07b-11ef-b2b7-018f048be32b,화용월태,318,7700원|2025-08-14 18:59:11|5|21|0|19|0|0|0|0|0|0|0|0|0|0|200|200|0|1a0|1a100|318
400,d406d770-ac3f-11ef-9fa0-bb1555add548,223124,312,0원|2025-01-02 11:55:39|5|22|0|23|0|0|0|0|0|0|0|0|0|0|216|200|0|1a0|1a100|312
400,53fd3480-b29c-11ef-8b0b-3f0a6e303454,쫑구,312,0원|2025-12-17 15:42:08|5|23|0|20|0|0|0|0|0|0|0|0|0|15.929F|200|200|0|1a0|1a100|312
400,1c292f00-bb7a-11ef-a67d-49a5aacc120f,개방성골절,312,8800원|2025-01-18 20:26:46|5|21|0|21|0|0|0|0|0|0|0|0|0|0|200|200|1a0|1a100|312
403,fdbee790-b6b4-11ef-be19-c189a29f2be1,여우돼지2,309,0원|2025-10-02 16:57:15|5|22|0|20|0|0|0|0|0|0|0|0|0|0|200|200|1a0|1a100|309
403,c4b60560-d819-11ef-adca-8bf39c6118c8,오늘도할려,309,0원|2025-05-13 18:29:51|5|20|0|19|0|0|0|0|0|0|0|0|0|0|200|200|0|1a0|1a100|309
403,9d8f2400-801f-11ef-bc75-d1cfe0c7ed4e,당근,309,0원|2024-12-01 16:49:27|5|22|0|19|0|0|0|0|0|0|0|0|0|0|200|200|0|1a0|1a100|309
406,d8cdb180-8ef7-11ef-9c40-ad4a007910e9,소소줌,302,40700원|2025-10-22 18:13:55|4|23|0|19|0|0|0|0|0|0|0|0|0|0|200|46|1a0|1a100|302
407,afdf13e0-ab3a-11ef-8499-3921d4cd8719,카늘짱,301,"0|2026-02-06 15:49:38|4|22|0|20|0|0|0|0|0|0|0|0|0|4.689F|60|60|0|1a0|1a100|301/1/1|0,0,0,0,0"
407,20b03f10-81e5-11ef-86b0-9dd140ac99a5,마루랑아라,301,11000원|2025-12-13 16:40:43|5|20|0|19|0|0|0|0|0|0|0|0|0|4.778F|200|200|0|1a0|1a100|301
409,bc3375f0-9384-11ef-8187-bb551389c4ee,9000기념무기,297,0원|2025-12-03 17:43:44|4|23|0|20|0|0|0|0|0|0|0|0|0|1.311F|200|200|0|1a0|1a100|297
410,b4071d10-b74b-11ef-b186-998c850bb91f,와니아빠,294,7700원|2025-02-18 19:05:56|4|23|0|20|0|0|0|0|0|0|0|0|0|0|200|200|1a0|1a100|294
410,62db7ea0-db85-11ef-ae79-6f74728d3b60,염전탈출,294,0원|2025-04-22 01:07:37|4|20|0|19|0|0|0|0|0|0|0|0|0|0|200|200|1a0|1a100|294
412,7d9e1730-8935-11f0-839d-8152f99f1d1f,하가렌,292,0원|2025-12-17 16:28:01|4|20|0|20|0|0|0|0|0|0|0|0|0|914.616E|200|200|0|1a0|1a100|292
413,24983ba0-b6bf-11ef-b186-998c850bb91f,여우돼지3,291,0원|2025-02-26 02:11:09|4|22|0|20|0|0|0|0|0|0|0|0|0|0|200|194|1a0|1a100|291
414,86585010-c3bb-11ef-b157-af996e743296,미아동,290,7700원|2025-02-19 22:24:12|4|23|0|20|0|0|0|0|0|0|0|0|0|0|186|200|0|1a0|1a100|290
415,56253110-7d48-11ef-9575-ff70d7ab1e2a,아이리,288,0원|2025-01-05 03:01:07|4|22|0|22|0|0|0|0|0|0|0|0|0|0|200|200
416,83bb1610-bd0f-11ef-b6b6-5f03728339d5,미옥표류기,287,8800원|2025-10-22 15:31:44|4|23|0|20|0|0|0|0|0|0|0|0|0|3.905F|122|200|1a0|1a100|287
417,6a1ae720-ac94-11ef-98e7-6b8767f8fd1f,비빔국수,286,"7700|2026-01-24 23:32:15|4|23|0|21|0|0|0|0|0|0|0|0|0|1.000F|200|200|0|1a0|1a100|286/1/1|0,0,0,0,0"
418,51966490-ad34-11ef-aba8-31b92e3a207b,AshGray,283,0원|2025-09-17 06:56:50|4|23|0|19|0|0|0|0|0|0|0|0|0|0|200|200|0|1a0|1a100|283
419,dd5dc920-b0f2-11ef-a2b2-d38a3d581b37,줴발,280,0|2025-01-07 17:10:38|4|21|0|20|0|0|0|0|0|0|0|0|0|0|100|30|0|1a0|1a100|280
420,d0585040-9547-11ef-a0e9-a5256c943ee2,문창규24,279,14300원|2025-11-06 04:08:09|4|22|0|21|0|0|0|0|0|0|0|0|0|0|200|200|0|1a0|1a100|279
420,5728b940-9771-11ef-9342-c9b3faf24f5b,핑크골드,279,6600원|2025-07-31 23:11:50|4|20|0|19|0|0|0|0|0|0|0|0|0|0|200|200|1a0|1a100|279
422,a1b5cf30-c4bb-11ef-aa0e-4769e888bd0b,쿠쿠리,278,8800원|2025-08-26 21:53:54|4|20|0|19|0|0|0|0|0|0|0|0|0|0|290|200|0|1a0|1a100|278
423,a54872c0-acc8-11ef-84ae-a3bd06bdb3be,가닉스,277,7700원|2025-08-06 18:48:58|4|20|0|21|0|0|0|0|0|0|0|0|0|0|200|200|1a0|1a100|277
424,abedc8b0-aeac-11ef-a33d-39273ba6a16b,차두식,276,37400원|2024-12-09 05:10:36|4|23|0|21|0|0|0|0|0|0|0|0|0|0|200|156|0|1a0|1a100|276
425,6c53c4e0-d19b-11ef-8696-f50c5a613dd4,조예덕,275,0|2026-01-11 17:58:28|4|23|0|19|0|0|0|0|0|0|0|0|0|380.028E|200|200|0|1a0|1a100|275
426,9791cf50-e1cf-11ef-aadd-3386e8ad5e0c,16세솔로,274,0원|2025-09-04 18:13:07|4|20|0|20|0|0|0|0|0|0|0|0|0|0|200|200|0|1a0|1a100|274
427,dc055e10-ac5d-11ef-9a73-dd9bf7d29aee,유유자적,273,0원|2025-11-14 01:38:21|4|22|0|19|0|0|0|0|0|0|0|0|0|98.794E|200|200|0|1a0|1a100|273
428,d89f8e50-7d6c-11ef-82bb-cd94e87c0a94,톰슨아,271,0원|2025-11-23 10:08:52|4|23|0|19|0|0|0|0|0|0|0|0|0|95.935E|200|200|0|1a0|1a100|271
428,d480cac0-c70c-11ef-9dc2-bf1ee9865682,첼시FC,271,0원|2025-07-20 07:46:03|4|23|0|20|0|0|0|0|0|0|0|0|0|0|200|200|1a0|1a100|271
428,ababcf90-bf74-11ef-8f07-a9b83744e36b,풍술사,271,"0|2025-01-11 22:27:10|4|20|0|19|0|0|0|0|0|0|0|0|0|0|20|20|0|1a0|1a100|271/1/1|0,0,0,0,0"
428,04cb3c90-adec-11ef-b448-d9625807b796,자두녹차,271,7700원|2025-09-28 16:07:33|4|22|0|19|0|0|0|0|0|0|0|0|0|0|200|200|1a0|1a100|271
432,9f9c3400-7e5c-11ef-922d-8fed99a0b54e,뭐고네,269,7700원|2025-09-11 06:41:09|4|23|0|21|0|0|0|0|0|0|0|0|0|0|200|0|1a0|1a100|269
432,6a56d0c0-e220-11ef-a699-9f3aebe45dfd,한봉,269,0원|2025-08-31 23:19:15|4|22|0|19|0|0|0|0|0|0|0|0|0|0|200|200|0|1a0|1a100|269
434,7d7012b0-db78-11ef-bb22-433e8fea1b9b,트니트니,268,"0|2026-01-05 22:08:02|4|23|0|22|0|0|0|0|0|0|0|0|0|530.435E|200|194|0|1a0|1a100|268/1/1|0,0,0,0,0"
434,6b59c8c0-b1c3-11ef-841c-05d478ac7542,방랑자,268,7700원|2025-01-17 17:09:05|4|20|0|19|0|0|0|0|0|0|0|0|0|0|200|200|1a0|1a100|268
436,f29517f0-ad9e-11ef-8d81-8b891ee3eae2,스카이피어,266,7700원|2025-01-03 23:49:59|4|22|0|19|0|0|0|0|0|0|0|0|0|0|200|88|0|1a0|1a100|266
436,e6a83bb0-abb5-11ef-85cc-53967db17dfc,귀로,266,0원|2025-07-24 21:29:35|4|20|0|20|0|0|0|0|0|0|0|0|0|0|170|91|1a0|1a100|266
436,d7c75ec0-ab77-11ef-9203-e5502dda7991,난표황,266,7700원|2025-11-25 02:03:24|4|20|0|19|0|0|0|0|0|0|0|0|0|101.668E|200|200|0|1a0|1a100|266
436,8b76e020-e094-11ef-a624-21fbda48aafc,상남자핵이,266,7700원|2025-02-21 19:22:46|4|22|0|20|0|0|0|0|0|0|0|0|0|0|200|200|1a0|1a100|266
440,fb5a5070-cbf9-11ef-9ff1-33fb4521c0fa,고래민호TV,263,"12100|2026-02-06 16:14:33|4|23|0|20|0|0|0|0|0|0|0|0|0|135.065E|200|200|0|1a0|1a100|263/1/1|0,0,0,0,0"
441,a6107710-a39b-11ef-843e-29338ca2ca2c,블레이드,261,"7700|2025-10-07 00:16:40|4|22|0|19|0|0|0|0|0|0|0|0|0|0|200|150|0|1a0|1a100|261/1/1|0,0,0,0,0"
442,a13a9460-b939-11ef-8bf3-9b373847dee1,중복닉네임,258,"0|2026-02-05 20:00:05|4|21|0|20|0|0|0|0|0|0|0|0|0|25.108E|200|200|0|1a0|1a100|258/1/1|0,0,0,0,0"
442,7ee7c810-dc48-11ef-9a48-cd603e6509c9,kasir,258,0원|2025-10-04 18:17:07|4|23|0|19|0|0|0|0|0|0|0|0|0|0|58|200|1a0|1a100|258
444,b992ccc0-dbf9-11ef-8229-9712dde47035,호루스,257,"0|2026-01-17 12:28:17|4|21|0|19|0|0|0|0|0|0|0|0|0|113.009E|200|19|0|1a0|1a100|257/1/1|0,0,0,0,0"
444,42afb050-aa3a-11ef-9cfd-a19444eb355c,이상현,257,41100원|2025-09-17 08:06:04|4|23|0|21|0|0|0|0|0|0|0|0|0|0|167|166|1a0|1a100|257
446,668b3fc0-e5c3-11ef-a495-05f7741a8e2d,희망꺼지게생겼어,256,"0|2026-01-22 13:47:05|4|23|0|20|0|0|0|0|0|0|0|0|0|33.236E|150|200|0|1a0|1a100|256/1/1|0,0,0,0,0"
447,6a00dd00-611e-11f0-9f5a-17f75c168df7,소순하,255,0원|2025-08-15 13:06:58|4|20|0|19|0|0|0|0|0|0|0|0|0|0|200|200|0|1a0|1a100|255
448,9b6ba050-bb7e-11ef-bced-b3283307431a,피자나라시킨공주,254,0|2026-01-04 12:15:21|4|20|0|21|0|0|0|0|0|0|0|0|0|79.485E|200|200|0|1a0|1a100|254
448,620f98b0-8218-11ef-be13-15abd021136a,삼국영,254,"8800|2026-01-27 17:55:56|4|23|0|19|0|0|0|0|0|0|0|0|0|90.827E|200|0|0|1a0|1a100|254/1/1|0,0,0,0,0"
450,f9789cd0-b4bb-11ef-8b80-ed64c1281b36,썩쏘표류기,252,0원|2025-07-18 15:30:21|4|20|0|19|0|0|0|0|0|0|0|0|0|0|200|85|1a0|1a100|252
451,ab2d1bb0-c00e-11ef-95c9-992bc4e287da,F감튀자김F,251,0원|2025-02-01 17:19:15|4|20|0|20|0|0|0|0|0|0|0|0|0|0|200|200|1a0|1a100|251
452,53270330-e288-11ef-bd72-bbba5fe933dc,이비,250,0원|2025-07-02 19:11:30|4|20|0|19|0|0|0|0|0|0|0|0|0|0|200|200|1a0|1a100|250
453,e4d0e9f0-7e1e-11ef-b326-e969fdb14abc,곰탱이양,249,7700원|2025-11-07 00:04:50|4|20|0|19|0|0|0|0|0|0|0|0|0|12.926E|200|1|1a0|1a100|249
453,a778e810-c837-11ef-8566-9f33ce39cf1b,질주하는염라,249,0원|2025-08-15 01:34:45|4|23|0|22|0|0|0|0|0|0|0|0|0|0|6|141|1a0|1a100|249
453,7c88fb30-b140-11ef-b371-a95f7e61ac15,딩굴러,249,0원|2025-02-02 20:45:17|4|20|0|19|0|0|0|0|0|0|0|0|0|0|200|60|1a0|1a100|249
456,eb29efb0-81e6-11ef-82f3-c9b85515dc17,자객,248,"7700|2024-10-20 12:39:30|4|21|0|19|0|0|0|0|0|0|0|0|0|0|200|0|0|1a0|1a100|248/1/1|0,0,0,0,0"
456,80848830-af92-11ef-b543-cbbf953b5fb8,일성무신,248,7700원|2025-11-02 09:23:35|4|20|0|19|0|0|0|0|0|0|0|0|0|11.887E|200|200|1a0|1a100|248
456,164c5c50-b09a-11ef-ac4e-75c8db92a109,태광,248,"0|2024-12-17 21:24:31|4|22|0|19|0|0|0|0|0|0|0|0|0|0|100|88|0|1a0|1a100|248/1/1|0,0,0,0,0"
456,0ec18bd0-7d47-11ef-9afc-df866259cb8e,봉츄미,248,7700원|2024-10-29 22:19:53|4|20|0|19|0|0|0|0|0|0|0|0|0|0|200|20|0|1a0|1a100|248
460,d2720cb0-ab39-11ef-b8a4-7f7b772ead33,블랙오,247,"0|2026-02-06 18:43:33|4|20|0|20|0|0|0|0|0|0|0|0|0|13.334E|184|175|0|1a0|1a100|247/1/1|0,0,0,0,0"
461,a9e3c230-ad8b-11ef-a168-a338e5b408b4,삐끼뇨,246,"7700|2025-05-20 20:27:48|4|23|0|19|0|0|0|0|0|0|0|0|0|0|200|174|0|1a0|1a100|246/1/1|0,0,0,0,0"
462,f435da20-a710-11ef-9423-1915df4423eb,환국,242,"11000|2026-02-13 14:59:06|4|21|0|21|0|0|0|0|0|0|0|0|0|18.170E|200|190|0|1a0|1a100|242/1/1|0,0,0,0,0"
463,aa163f10-d4f7-11ef-afd8-55653df8d01f,수정2,241,0원|2025-10-03 23:34:19|4|20|0|19|0|0|0|0|0|0|0|0|0|8.522E|102|20|1a0|1a100|241
463,99a23af0-ce56-11ef-862a-d3cee3cd8bc6,성님,241,0원|2025-12-22 20:10:13|4|23|0|19|0|0|0|0|0|0|0|0|0|10.792E|180|140|0|1a0|1a100|241
465,5adaedd0-cd11-11ef-9417-11055def23bb,심플이,240,8800원|2025-04-19 23:01:53|4|20|0|19|0|0|0|0|0|0|0|0|0|0|200|200|0|1a0|1a100|240
466,b9378670-8fd3-11ef-94ed-cf6209089134,루트,238,0원|2025-12-02 11:24:25|4|21|0|21|0|0|0|0|0|0|0|0|0|3.651E|25|25|0|1a0|1a100|238
467,2f209790-b352-11ef-b996-7137e33b4d1e,동굴,236,8800원|2024-12-21 02:37:51|4|21|0|20|0|0|0|0|0|0|0|0|0|0|200|194|0|1a0|1a100|236
467,26206750-a4ad-11ef-9316-2f9616cb252d,랑랑별때때롱,236,"7700|2025-11-01 01:40:10|4|22|0|20|0|0|0|0|0|0|0|0|0|0|168|69|0|1a0|1a100|236/1/1|0,0,0,0,0"
469,0d6ff1e0-ab23-11ef-9d4f-85486f726cf1,최강군사,233,0|2026-01-09 13:32:56|4|21|0|20|0|0|0|0|0|0|0|0|0|6.183E|200|200|0|1a0|1a100|233
470,da3d9a50-2be9-11f0-8bfc-5927e21b22df,숨소리AM,232,0원|2025-10-25 13:37:12|4|22|0|20|0|0|0|0|0|0|0|0|0|0|98|12|1a0|1a100|232
471,af8857f0-d374-11ef-85d2-bf9da84e7306,개구리왕,231,0원|2025-07-16 04:48:05|4|20|0|20|0|0|0|0|0|0|0|0|0|0|167|174|1a0|1a100|231
472,77550930-b1c5-11ef-b371-a95f7e61ac15,은빛향수,229,0원|2025-10-25 08:40:54|4|22|0|20|0|0|0|0|0|0|0|0|0|2.451E|200|189|1a0|1a100|229
472,6143ba80-b68c-11ef-9229-2f84bb7cc385,임다빈,229,7700원|2024-12-29 16:57:41|4|21|0|19|0|0|0|0|0|0|0|0|0|0|100|0
472,452cf5c0-ab81-11ef-8901-b199a795327b,난세킹,229,0원|2024-12-20 08:02:44|4|21|0|20|0|0|0|0|0|0|0|0|0|0|196|0|1a0|1a100|229
475,b9f5eb30-7d4d-11ef-8d50-63a9e1f962de,임록록,228,102300원|2024-10-04 15:01:12|4|21|0|19|0|0|0|0|0|0|0|0|0|0|162|0|1a0|1a100|228
476,f1aa8c70-c43d-11ef-957d-4984dffbc622,뺑반,226,8800|2025-01-09 21:43:45|4|20|0|19|0|0|0|0|0|0|0|0|0|0|20|0|0|1a0|1a100|226
476,c4d323e0-d664-11ef-9a99-93b2e5b4dde2,3태종이방원,226,0원|2025-05-27 15:21:18|4|21|0|20|0|0|0|0|0|0|0|0|0|0|50|20|1a0|1a100|226
476,8109dee0-7e3c-11ef-a4d3-03bf816fa6f3,여운,226,0원|2024-10-10 09:28:23|4|21|0|19|0|0|0|0|0|0|0|0|0|0|176|53|0|1a0|1a100|226
479,4dad6ff0-7ee4-11ef-a11f-5d60920dc8af,원스톨,219,6600|2025-12-17 16:04:43|4|22|0|20|0|0|0|0|0|0|0|0|0|1.224E|149|101|0|1a0|1a100|219
480,fb25f730-87e3-11ef-95a1-117cbe34dcf3,Note,218,7700원|2025-09-21 11:51:06|4|20|0|21|0|0|0|0|0|0|0|0|0|0|0|0
481,6c0c5ce0-b616-11ef-a08c-ed29bc79947d,공대여대생,216,0원|2025-10-11 14:47:31|4|21|0|20|0|0|0|0|0|0|0|0|0|0|133|70|1a0|1a100|216
482,deae20b0-b7b2-11ef-b186-998c850bb91f,상위옵션,215,8800원|2025-08-05 15:32:25|4|21|0|19|0|0|0|0|0|0|0|0|0|0|200|81|0|1a0|1a100|215
483,9b1030c0-c99e-11ef-8ed0-cf5f88ca591e,pdh,213,0원|2025-03-21 17:27:06|4|20|0|21|0|0|0|0|0|0|0|0|0|0|191|200|0|1a0|1a100|213
484,857bda80-b55c-11ef-8ae3-2bdb072e39e8,haut,212,0원|2025-12-12 01:41:38|4|22|0|19|0|0|0|0|0|0|0|0|0|2.001E|147|37|0|1a0|1a100|212
485,0bab2fb0-b22f-11ef-ae10-d99defe65f95,HDraGon,211,"7700|2025-07-02 20:57:01|4|23|0|19|0|0|0|0|0|0|0|0|0|0|200|0|0|1a0|1a100|211/1/1|0,0,0,0,0"
486,864cd350-6138-11f0-bd93-3d33f300061d,홍준표,209,0|2026-01-14 01:24:40|4|23|0|20|0|0|0|0|0|0|0|0|0|23.958E|132|10|0|1a0|1a100|209
486,0c9c1070-7ecb-11ef-ac41-c13c1f653a03,곰돌이,209,0|2024-10-15 08:56:56|3|23|0|19|0|0|0|0|0|0|0|0|0|0|152|0|0|1a0|1a100|209
488,338ba8c1-a47e-11ef-a243-9f81ca2bf571,NoDog,208,7700원|2025-12-23 09:41:40|4|20|0|19|0|0|0|0|0|0|0|0|0|600.146D|0|0|0|1a0|1a100|208
489,52bb5dc0-afbf-11ef-8463-bb9779ec444a,daye,207,0원|2025-10-27 12:09:02|4|23|0|19|0|0|0|0|0|0|0|0|0|979.648D|76|106|1a0|1a100|207
490,bbbdf5c0-b68c-11ef-84f0-bbb2ee53644a,9마일,198,0원|2024-12-22 04:59:56|3|21|0|19|0|0|0|0|0|0|0|0|0|0|200|200|0|1a0|1a100|198
491,655b9660-b510-11ef-8ae3-2bdb072e39e8,미르내,196,7700원|2024-12-27 07:37:35|3|21|0|19|0|0|0|0|0|0|0|0|0|0|190|140|0|1a0|1a100|196
492,e52812a0-b37c-11ef-92b0-95da32c3e76f,아라따,195,0원|2024-12-12 15:45:57|3|20|0|19|0|0|0|0|0|0|0|0|0|0|120|80|1a0|1a100|195
493,2baf5030-afd1-11ef-8463-bb9779ec444a,서닝,193,0원|2025-12-30 11:11:58|3|20|0|20|0|0|0|0|0|0|0|0|0|356.140D|180|160|0|1a0|1a100|193
494,a6006f50-d6d1-11ef-8348-abe498acf245,예쁜토끼,191,0원|2025-08-25 19:58:59|3|21|0|19|0|0|0|0|0|0|0|0|0|0|0|0|0|1a0|1a100|191
495,15f558b0-b108-11ef-a3d4-69557df05b1a,KST,190,0원|2025-11-11 16:30:31|3|22|0|19|0|0|0|0|0|0|0|0|0|67.992D|63|10|0|1a0|1a100|190
496,dc1e1cd0-b0a8-11ef-8463-bb9779ec444a,일레이,189,0|2026-01-07 23:45:23|3|22|0|20|0|0|0|0|0|0|0|0|0|25.897D|110|110|0|1a0|1a100|189
496,685324c0-d6ec-11ef-b2bb-c9a49adb051e,윤영훈,189,0원|2025-10-19 13:39:04|3|22|0|19|0|0|0|0|0|0|0|0|0|0|152|11|1a0|1a100|189
496,5e6dbd20-ceb4-11ef-9ffe-c1d935850828,정야,189,0원|2025-10-03 00:29:24|3|22|0|19|0|0|0|0|0|0|0|0|0|99.215D|79|110|1a0|1a100|189
499,f7655d90-cf30-11ef-b95f-ebaeff332cc0,브라우니,188,"7700|2026-01-19 23:32:51|3|20|0|17|0|0|0|0|0|0|0|0|0|22.587D|90|39|0|1a0|1a100|188/1/1|0,0,0,0,0"
499,8cecac50-b1e6-11ef-8c61-65ededb33a6a,오또토,188,0원|2025-12-11 20:06:40|3|20|0|20|0|0|0|0|0|0|0|0|0|12.533D|177|72|0|1a0|1a100|188
501,8bd2bbf0-99ec-11ef-8dc6-1545efb8b6fa,설암,187,0|2026-01-13 18:49:23|3|20|0|19|0|0|0|0|0|0|0|0|0|14.606D|135|5|0|1a0|1a100|187
502,78b232c0-b919-11ef-8cf6-417e1d137a71,폴로랄프로렌,186,1100원|2025-10-05 17:48:39|3|21|0|20|0|0|0|0|0|0|0|0|0|10.004D|109|71|1a0|1a100|186
503,35dedc10-cd45-11ef-9909-7912889b626f,오프,184,"8800|2026-02-08 22:27:02|3|20|0|19|0|0|0|0|0|0|0|0|0|9.323D|90|14|0|1a0|1a100|184/1/1|0,0,0,0,0"
504,54dce7b0-7d4a-11ef-bd38-6b1421704eae,메롱,183,"7700|2026-02-04 17:51:01|3|23|0|19|0|0|0|0|0|0|0|0|0|27.125D|63|22|0|1a0|1a100|183/1/1|0,0,0,0,0"
504,2ebde960-c0e0-11ef-89f1-015fba89a74f,퓨렌,183,0원|2025-04-29 16:44:33|3|23|0|19|0|0|0|0|0|0|0|0|0|0|112|15|0|1a0|1a100|183
504,06b87f20-d945-11ef-8f92-b976c3b70792,농심라면,183,"0|2026-02-14 11:32:32|3|22|0|19|0|0|0|0|0|0|0|0|0|7.215D|68|90|0|1a0|1a100|183/1/1|0,0,0,0,0"
507,3491aad0-c4ae-11ef-8110-cde7d6748cdb,동동윤,180,0원|2025-11-15 20:46:43|3|20|0|19|0|0|0|0|0|0|0|0|0|91.720D|200|40|0|1a0|1a100|180
508,1ecf2a00-cfb8-11ef-b47e-ef1814718795,cash6,179,0원|2025-12-16 12:22:22|3|23|0|19|0|0|0|0|0|0|0|0|0|15.619D|67|53|0|1a0|1a100|179
509,9faf57c0-80d6-11ef-9f1a-372caccc1da1,나두나두,178,14300원|2025-08-11 20:29:12|3|20|0|19|0|0|0|0|0|0|0|0|0|0|60|50|1a0|1a100|178
510,8be3fb20-c44b-11ef-83e2-e366a784b169,즐겜러,177,"8800|2026-01-31 16:40:55|3|20|0|20|0|0|0|0|0|0|0|0|0|8.356D|132|87|0|1a0|1a100|177/1/1|0,0,0,0,0"
510,75792b70-87cf-11ef-a059-2310beb9014d,런너,177,7700원|2025-07-31 12:30:06|3|22|0|19|0|0|0|0|0|0|0|0|0|0|113|83|1a0|1a100|177
512,ab1af2f0-ade9-11ef-b79e-71cbcc9fed2c,하루하루,176,0원|2025-11-30 13:59:29|3|20|0|19|0|0|0|0|0|0|0|0|0|8.718D|90|44|0|1a0|1a100|176
512,16d058d0-bed1-11ef-a1da-0599a42c416c,smpotato,176,0원|2025-01-01 13:16:32|3|20|0|20|0|0|0|0|0|0|0|0|0|0|81|92|0|1a0|1a100|176
514,46d04dd0-8527-11ef-a9fe-bb2863c87b94,천하,175,7700|2026-01-10 13:47:49|3|22|0|19|0|0|0|0|0|0|0|0|0|3.694D|114|67|0|1a0|1a100|175
515,909767e0-bd36-11ef-b2e0-8da5632819f3,앞좌석,172,0원|2025-11-18 10:12:22|3|20|0|19|0|0|0|0|0|0|0|0|0|5.845D|87|124|0|1a0|1a100|172
515,6f602e00-bc04-11ef-8ee2-5dcd81159dca,키니치,172,0원|2025-10-09 12:15:57|3|22|0|21|0|0|0|0|0|0|0|0|0|26.101D|143|16|1a0|1a100|172
517,8aa79b00-ae88-11ef-9269-73e9af1e766d,바닐라와플,169,0원|2025-01-07 02:48:56|3|20|0|19|0|0|0|0|0|0|0|0|0|0|182|81|0|1a0|1a100|169
518,f0284760-7f1f-11ef-b7cb-b350af65320d,콩비,168,"0|2024-10-15 21:18:58|3|20|0|19|0|0|0|0|0|0|0|0|0|0|126|10|0|1a0|1a100|168/1/1|0,0,0,0,0"
519,a5e72e80-b1d0-11ef-9cde-f74559775a32,아기제니,166,7700원|2025-11-02 18:09:10|3|20|0|19|0|0|0|0|0|0|0|0|0|0|200|200|1a0|1a100|166
520,97e6fbc0-c987-11ef-bbea-0d91179b4e65,akaozj,158,0원|2025-10-08 23:44:54|3|22|0|20|0|0|0|0|0|0|0|0|0|0|83|37|1a0|1a100|158
520,75e59b20-b62d-11ef-8498-3514b797acdd,보리콩,158,0원|2024-12-15 23:19:31|3|20|0|19|0|0|0|0|0|0|0|0|0|0|60|0|0|1a0|1a100|158
522,d1b7f2c0-b7e2-11ef-8225-27e3fc3c13bb,우엉튀김99,157,39600원|2025-08-23 00:27:53|3|21|0|21|0|0|0|0|0|0|0|0|0|0|93|85|0|1a0|1a100|157
523,50482540-ac19-11ef-b048-5b562fdedb94,각낙닥,155,0원|2025-12-06 16:47:30|2|20|0|19|0|0|0|0|0|0|0|0|0|382.646C|45|0|0|1a0|1a100|155
524,8085cf70-ad1b-11ef-bb08-0767dd9e9c0f,Black,154,0원|2025-11-21 21:20:02|2|20|0|19|0|0|0|0|0|0|0|0|0|311.929C|35|29|0|1a0|1a100|154
524,48832090-c4e6-11ef-a923-cdd91cb434be,강현서,154,0원|2025-11-15 13:46:46|2|22|0|19|0|0|0|0|0|0|0|0|0|799.617C|87|59|0|1a0|1a100|154
526,5810c1d1-8d09-11ef-a3eb-b9a4161e8d4e,이리오너라,153,7700원|2025-12-31 02:22:50|2|21|0|16|0|0|0|0|0|0|0|0|0|458.198C|90|20|0|1a0|1a100|153
526,121e1dc0-ab7d-11ef-b726-7361ab743ecf,믐순이,153,"7700|2026-02-08 17:09:43|3|20|0|19|0|0|0|0|0|0|0|0|0|25.755D|0|56|0|1a0|1a100|153/1/1|0,0,0,0,0"
528,55ec35b0-b47d-11ef-b7a3-5b86b2477911,출도요,150,"0|2026-02-01 12:02:08|2|20|0|21|0|0|0|0|0|0|0|0|0|3.926D|81|81|0|1a0|1a100|150/1/1|0,0,0,0,0"
528,0aa03e20-8eea-11ef-acd0-5dcea9b12264,즈골,150,"0|2025-07-16 10:06:23|2|20|0|19|0|0|0|0|0|0|0|0|0|0|166|14|0|1a0|1a100|150/1/1|0,0,0,0,0"
530,cee42c00-ab2e-11ef-8499-3921d4cd8719,주아,148,31200원|2024-12-09 20:13:27|2|21|0|19|0|0|0|0|0|0|0|0|0|0|59|102
531,d7355ff0-a3cc-11ef-a9b0-8f986b110b05,양정훈,141,0원|2025-11-28 21:40:38|2|21|0|20|0|0|0|0|0|0|0|0|0|145.317C|163|152|0|1a0|1a100|141
531,1769b1d0-b2cc-11ef-90e9-1fd3f37c1911,게임하는아이들,141,0|2025-03-23 18:40:59|2|20|0|19|0|0|0|0|0|0|0|0|0|0|70|52|0|1a0|1a100|141
533,71280790-9827-11ef-9342-c9b3faf24f5b,와룡봉추,140,0원|2025-09-20 18:55:05|2|20|0|19|0|0|0|0|0|0|0|0|0|0|47|10|0|1a0|1a100|140
534,ed866c80-b60b-11ef-833d-cf2ad37a2d5b,라탱다9GX,132,0원|2025-11-21 07:36:36|2|22|0|22|0|0|0|0|0|0|0|0|0|104.492C|58|15|0|1a0|1a100|132
534,bd23a8d0-e506-11ef-a62a-159bd8607982,이준수,132,0원|2025-09-19 19:49:39|2|20|0|19|0|0|0|0|0|0|0|0|0|42.778C|88|12
536,fa1a1e90-c733-11ef-ac07-0d7692e7b361,서지니,130,0원|2025-10-29 21:53:01|2|20|0|19|0|0|0|0|0|0|0|0|0|0|137|38|0|1a0|1a100|130
536,b18b8ac0-b071-11ef-8463-bb9779ec444a,zi존킹왕짱잼민,130,0원|2024-12-11 22:25:27|2|21|0|19|0|0|0|0|0|0|0|0|0|0|78|15|0|1a0|1a100|130
536,95255370-b85f-11ef-9075-fdbac80601be,난씨고수,130,0원|2025-10-03 10:00:21|2|21|0|19|0|0|0|0|0|0|0|0|0|0|95|79|1a0|1a100|130
536,5ae16720-dc5f-11ef-804b-dd634ff5f27e,윤이,130,0원|2025-10-19 08:40:06|2|20|0|19|0|0|0|0|0|0|0|0|0|0|50|0|1a0|1a100|130
536,28f74d41-b3d0-11ef-a464-37c500225cee,개미대장,130,0원|2024-12-20 10:24:05|2|21|0|20|0|0|0|0|0|0|0|0|0|0|89|23|0|1a0|1a100|130
541,999ed610-bee0-11ef-98e9-5d0f81d2d6a6,535142,128,0원|2025-09-08 23:35:13|2|20|0|19|0|0|0|0|0|0|0|0|0|0|134|77|1a0|1a100|128
542,87e64a60-d0b1-11ef-8bab-91731f8b5ab7,나랏말8미이,126,"0|2026-02-15 13:34:04|2|23|0|19|0|0|0|0|0|0|0|0|0|18.304C|5|33|0|1a0|1a100|126/1/1|0,0,0,0,0"
542,01c45900-ba80-11ef-b4b0-b1be39c939ee,김호랑,126,0원|2025-10-11 00:16:08|2|20|0|20|0|0|0|0|0|0|0|0|0|23.013C|50|50|1a0|1a100|126
544,3ab3f3b0-5611-11f0-888f-672540972dbb,비열,122,0원|2025-07-09 11:02:29|2|20|0|19|0|0|0|0|0|0|0|0|0|0|100|60|0|1a0|1a100|122
545,af123c50-a5bb-11ef-96d1-6fb758817ace,치코베이비,121,7700원|2024-12-22 16:07:22|2|20|0|19|0|0|0|0|0|0|0|0|0|0|116|55|0|1a0|1a100|121
545,9a051470-bd8c-11ef-8a1b-93f28d74fc5c,성국,121,0원|2025-02-08 01:52:04|2|23|0|19|0|0|0|0|0|0|0|0|0|0|54|15|1a0|1a100|121
545,71fcc9f0-a59f-11ef-b7b1-25858fa8354e,일이삼사,121,7700원|2024-12-04 21:37:57|2|23|0|19|0|0|0|0|0|0|0|0|0|0|83|84|1a0|1a100|121
545,3b350390-bc8f-11ef-b5b1-c32399e8abe5,신감자,121,0원|2025-09-03 23:46:26|2|22|0|19|0|0|0|0|0|0|0|0|0|0|61|60|0|1a0|1a100|121
549,e0025ec0-7eca-11ef-9a35-3505bd1cdd4f,두둠칫,120,0|2024-10-06 19:10:09|2|21|0|19|0|0|0|0|0|0|0|0|0|0|0|0|0|1a0|1a100|120
549,c970d380-babb-11ef-b9fc-5b3fad0102ac,KJ,120,1100원|2025-10-25 14:09:56|2|23|0|19|0|0|0|0|0|0|0|0|0|0|37|17|1a0|1a100|120
551,f8e9fa20-a3e0-11ef-9545-7958f15db916,허징징징,119,0원|2025-11-24 08:08:20|2|20|0|22|0|0|0|0|0|0|0|0|0|6.606C|66|44|0|1a0|1a100|119
551,ec00ab60-847d-11ef-a16a-35d7bb5c7ba7,말차라떼,119,0원|2024-10-11 19:05:23|2|20|0|19|0|0|0|0|0|0|0|0|0|0|46|0|0|1a0|1a100|119
551,e93b2420-c1c5-11ef-858d-93aac86fe9fc,왜에에,119,0원|2025-10-31 21:57:18|2|20|0|19|0|0|0|0|0|0|0|0|0|0|52|30|0|1a0|1a100|119
551,a6707640-b603-11ef-a892-91a0b2843e0f,자윤,119,0원|2025-09-20 19:40:23|2|21|0|19|0|0|0|0|0|0|0|0|0|0|80|45
551,7d6909b0-bafe-11ef-82a5-e7b1e7625053,김경따이,119,7700원|2024-12-19 15:56:33|2|18|0|18|0|0|0|0|0|0|0|0|0|0|100|50|1a0|1a100|119
551,3472aa20-af02-11ef-8673-15a700a95dc2,이흥원,119,"0|2026-01-07 19:53:14|2|20|0|19|0|0|0|0|0|0|0|0|0|3.745C|127|26|0|1a0|1a100|119/1/1|0,0,0,0,0"
557,da59cfe0-de00-11ef-b442-472cc4a60bdd,사마엘,116,0원|2025-10-03 18:19:37|2|20|0|19|0|0|0|0|0|0|0|0|0|386.512B|40|25|1a0|1a100|116
557,ced8d420-bb02-11ef-a67d-49a5aacc120f,Luana,116,0원|2025-11-30 00:42:51|2|22|0|16|0|0|0|0|0|0|0|0|0|2.459C|30|12|0|1a0|1a100|116
557,67617d50-afd2-11ef-a94a-4718acf8b3a3,보노보노야,116,"0|2026-02-11 12:07:11|2|22|0|22|0|0|0|0|0|0|0|0|0|5.274C|27|13|0|1a0|1a100|116/1/1|0,0,0,0,0"
557,100b7290-b9f0-11ef-8f45-bd697dd2cbdb,일반,116,0원|2025-02-18 12:34:28|2|21|0|19|0|0|0|0|0|0|0|0|0|0|45|10|0|1a0|1a100|116
561,d2464c20-be9d-11ef-98e9-5d0f81d2d6a6,강민아,115,0원|2025-09-17 13:57:17|2|20|0|19|0|0|0|0|0|0|0|0|0|0|127|94|0|1a0|1a100|115
562,5fb36970-e271-11ef-9b99-bbf624c49648,밀라,114,7700원|2025-11-20 20:26:19|2|19|0|16|0|0|0|0|0|0|0|0|0|340.726B|20|10|0|1a0|1a100|114
563,dcd2d380-c022-11ef-becc-4196dcde5439,사파주,113,0원|2025-10-19 00:21:50|2|20|0|19|0|0|0|0|0|0|0|0|0|0|87|0|1a0|1a100|113
563,4ec8b170-894c-11ef-8c4d-9f7eb6408694,불량할미,113,0원|2025-09-21 22:14:15|2|22|0|19|0|0|0|0|0|0|0|0|0|1.424C|70|67
565,0dd4c8a0-ad5c-11ef-bb08-0767dd9e9c0f,깜돌깜순꼬미러브,111,0원|2025-07-30 22:01:00|2|22|0|19|0|0|0|0|0|0|0|0|0|0|71|0|0|1a0|1a100|111
565,04995c60-b1f8-11ef-83c8-5579d034ff08,바람따라,111,0원|2024-12-06 10:32:38|2|18|0|17|0|0|0|0|0|0|0|0|0|0|21|0|1a0|1a100|111
567,5beb6db0-b92c-11ef-9ae7-631396741dd4,해적킹,110,8800원|2024-12-21 08:57:47|1|20|0|19|0|0|0|0|0|0|0|0|0|0|120|122|0|1a0|1a100|110
567,1c7efbe0-b442-11ef-9aca-b5020ad04eae,사나루카,110,"0|2026-01-28 12:18:17|2|23|0|19|0|0|0|0|0|0|0|0|0|1.142C|16|10|0|1a0|1a100|110/1/1|0,0,0,0,0"
569,e1c52b30-82ed-11ef-88e8-058a6d27b873,둠칫두둠칫,109,0|2024-10-15 09:04:09|1|23|0|19|0|0|0|0|0|0|0|0|0|0|54|0|0|1a0|1a100|109
569,88d411e0-8085-11ef-b2dd-7d95c0c44acb,neisha0,109,0원|2025-10-08 21:46:13|2|20|0|19|0|0|0|0|0|0|0|0|0|0|10|0|1a0|1a100|109
569,66e4c330-b3b7-11ef-8635-05880c5c0948,고수입니다,109,0원|2025-12-26 15:59:21|2|22|0|18|0|0|0|0|0|0|0|0|0|662.137B|0|10|0|1a0|1a100|109
569,2ad78300-dc61-11ef-804b-dd634ff5f27e,나는웡,109,0원|2025-09-22 16:59:44|2|20|0|19|0|0|0|0|0|0|0|0|0|0|124|34|1a0|1a100|109
573,33421c40-b2da-11ef-8f37-df628c41fde5,민혁이아빠,108,"0|2026-02-11 11:12:56|2|20|0|19|0|0|0|0|0|0|0|0|0|215.652B|74|42|0|1a0|1a100|108/1/1|0,0,0,0,0"
574,c3b043c0-ad5c-11ef-a412-bb796ede6e3f,케오리,102,0원|2025-06-16 21:13:19|1|20|0|19|0|0|0|0|0|0|0|0|0|0|69|30|0|1a0|1a100|102
574,a99c9240-b379-11ef-b996-7137e33b4d1e,삼색이,102,0원|2025-10-09 20:05:39|2|23|0|22|0|0|0|0|0|0|0|0|0|0|153|0|0|1a0|1a100|102
574,a42056c0-b6ea-11ef-90ef-1dec4b243f52,한쿡사람,102,0원|2025-10-05 14:24:19|2|22|0|19|0|0|0|0|0|0|0|0|0|542.070B|21|0|1a0|1a100|102
577,e94d3f00-e1a2-11ef-8fb1-67b2d1ca0129,이세현,101,0원|2025-02-05 14:49:44|1|20|0|18|0|0|0|0|0|0|0|0|0|0|4|70|0|1a0|1a100|101
577,9ea551c0-ae3c-11ef-b66a-3902a1cdb29b,Butler,101,0원|2024-12-05 10:00:17|1|20|0|19|0|0|0|0|0|0|0|0|0|0|52|0|0|1a0|1a100|101
579,600830f0-c8da-11ef-a381-25caade754f0,딛딛이,100,0원|2025-10-28 01:30:07|2|20|0|19|0|0|0|0|0|0|0|0|0|0|78|0|1a0|1a100|100
580,f2bb2d00-a1aa-11ef-b606-81a9df8b618e,막죠져,98,7700|2024-11-18 04:11:39|1|18|0|19|0|0|0|0|0|0|0|0|0|0|50|0|0|1a0|1a100|98
580,90822030-c2de-11ef-a1e8-11b5472e4db4,이대로호,98,7700원|2025-07-19 06:09:28|1|18|0|19|0|0|0|0|0|0|0|0|0|0|0|0|1a0|1a100|98
582,ced6e640-c4f0-11ef-bbf7-f1f1a26b09df,음흉,96,0원|2025-08-25 21:10:41|1|22|0|17|0|0|0|0|0|0|0|0|0|0|23|0|1a0|1a100|96
582,8fb2eff0-805c-11ef-bc75-d1cfe0c7ed4e,로기,96,11000원|2025-07-17 22:31:12|1|21|0|21|0|0|0|0|0|0|0|0|0|0|0|0|1a0|1a100|96
582,4ec6fc90-dee7-11ef-a199-b52ea436b6fe,가지고,96,"0|2026-01-25 19:53:16|1|20|0|19|0|0|0|0|0|0|0|0|0|11.314B|72|47|0|1a0|1a100|96/1/1|0,0,0,0,0"
585,ec555fa0-9848-11ef-a98b-bf1797bcce10,고주몽,94,0|2025-01-25 12:25:42|1|19|0|19|0|0|0|0|0|0|0|0|0|0|30|30|0|1a0|1a100|94
585,7707bd60-b9e5-11ef-89e1-6ba753cb8f3e,이르,94,"0|2025-09-21 07:54:03|1|21|0|19|0|0|0|0|0|0|0|0|0|0|42|30|0|1a0|1a100|94/1/1|0,0,0,0,0"
585,6537e0a0-ca2b-11ef-bbea-0d91179b4e65,불멸의달빛,94,0|2026-01-12 22:27:13|1|19|0|19|0|0|0|0|0|0|0|0|0|13.843B|10|0|0|1a0|1a100|94
585,44ed73b0-af0e-11ef-b79e-71cbcc9fed2c,옥환,94,0원|2024-12-08 21:56:57|1|20|0|19|0|0|0|0|0|0|0|0|0|0|110|50|1a0|1a100|94
589,ef24d380-b348-11ef-85f3-11ac3a2178dc,kwns,93,7700원|2024-12-07 20:45:09|1|18|0|16|0|0|0|0|0|0|0|0|0|0|10|10|1a0|1a100|93
589,eea094c0-afd9-11ef-9c11-fb9025669050,증가초소,93,0원|2025-10-12 17:22:26|1|20|0|21|0|0|0|0|0|0|0|0|0|68.217B|39|0|1a0|1a100|93
589,cba433a0-b85d-11ef-b6eb-57b4575143da,김현수,93,0|2026-01-13 16:53:15|1|21|0|19|0|0|0|0|0|0|0|0|0|21.032B|48|36|0|1a0|1a100|93
589,be710600-d684-11ef-b049-e96db7d1e4a8,kks,93,"0|2026-01-19 20:07:33|1|22|0|19|0|0|0|0|0|0|0|0|0|105.999B|7|20|0|1a0|1a100|93/1/1|0,0,0,0,0"
589,2b4828d0-9689-11ef-8b88-8105a2987e13,로또,93,0원|2024-11-24 02:37:13|1|19|0|15|0|0|0|0|0|0|0|0|0|0|85|0|0|1a0|1a100|93
589,08743450-a5bd-11ef-9059-c918fdcc0d04,dyhh,93,0|2026-01-03 21:33:42|1|20|0|19|0|0|0|0|0|0|0|0|0|16.763B|129|25|0|1a0|1a100|93
595,dde299c0-c32b-11ef-887b-6330f7661919,물구나무서기,92,0원|2025-02-08 03:02:37|1|23|0|16|0|0|0|0|0|0|0|0|0|0|11|0|1a0|1a100|92
595,c3c2f860-82de-11ef-acd6-f799939a5756,치비뉴,92,"7700|2026-02-02 00:51:03|1|20|0|19|0|0|0|0|0|0|0|0|0|3.185B|5|0|0|1a0|1a100|92/1/1|0,0,0,0,0"
595,af55b630-4857-11f0-afbd-83a1f6b917d7,너구리포류,92,0원|2025-10-04 17:06:01|1|18|0|19|0|0|0|0|0|0|0|0|0|0|57|26|0|1a0|1a100|92
595,965896a0-cd84-11ef-bd9a-29f4b702a592,azx하66,92,0|2026-01-05 16:42:24|1|20|0|19|0|0|0|0|0|0|0|0|0|13.769B|36|53|0|1a0|1a100|92
595,24bbc0c0-9f27-11ef-8fe5-1d33bb19993b,현무노,92,"0|2025-09-09 06:37:58|1|19|0|19|0|0|0|0|0|0|0|0|0|0|0|0|0|1a0|1a100|92/1/1|0,0,0,0,0"
595,13278510-b6ce-11ef-97f1-05ae23445287,황미루,92,0원|2025-01-07 16:48:30|1|20|0|19|0|0|0|0|0|0|0|0|0|0|50|29|1a0|1a100|92
595,01b74a50-bd99-11ef-ad23-9f75c8440de3,하루전문,92,3300|2025-08-31 11:02:32|1|20|0|19|0|0|0|0|0|0|0|0|0|0|73|0|0|1a0|1a100|92
602,baa87080-ae5c-11ef-ac1a-f5380b068ba9,동길이,91,0원|2025-08-05 12:06:26|1|20|0|19|0|0|0|0|0|0|0|0|0|0|60|20|1a0|1a100|91
602,4456ea30-baad-11ef-b4b0-b1be39c939ee,구린내,91,0원|2025-01-01 09:34:54|1|20|0|19|0|0|0|0|0|0|0|0|0|0|32|54|1a0|1a100|91
602,3c393370-c4ae-11ef-96c7-131f8a8465a4,박재승,91,0원|2025-07-20 14:12:41|1|20|0|19|0|0|0|0|0|0|0|0|0|0|0|0|1a0|1a100|91
605,cd2df0a0-d327-11ef-9210-9b6d36f160c2,나는야상남자,90,0원|2025-02-18 13:27:26|1|20|0|19|0|0|0|0|0|0|0|0|0|0|72|78
605,cc8d6f90-afb4-11ef-b329-9d5d8fc1fb13,나는표류지,90,26400원|2025-08-10 22:00:27|1|20|0|19|0|0|0|0|0|0|0|0|0|0|78|80|1a0|1a100|90
605,cbec3750-b145-11ef-9cde-f74559775a32,한국사RPG,90,0원|2025-12-06 18:25:42|1|20|0|19|0|0|0|0|0|0|0|0|0|12.793B|45|20|0|1a0|1a100|90
605,af94f350-b6f2-11ef-be19-c189a29f2be1,헬리포터,90,"0|2024-12-15 18:41:07|1|18|0|19|0|0|0|0|0|0|0|0|0|0|63|51|0|1a0|1a100|90/1/1|0,0,0,0,0"
609,50c83bb0-adcf-11ef-8673-15a700a95dc2,법원대장,89,"0|2026-01-28 14:10:09|1|20|0|19|0|0|0|0|0|0|0|0|0|13.292B|0|0|0|1a0|1a100|89/1/1|0,0,0,0,0"
609,46f50310-b6db-11ef-bdd3-e5ff23da30ec,짱남매,89,0원|2025-11-05 16:28:46|1|20|0|19|0|0|0|0|0|0|0|0|0|13.283B|0|0|1a0|1a100|89
609,2a1bb740-cd72-11ef-b22e-8b4f077df421,삐리삐리,89,1100원|2025-07-23 04:49:28|1|22|0|19|0|0|0|0|0|0|0|0|0|0|14|10|1a0|1a100|89
612,a6b95220-b6df-11ef-9b3e-4d142333921a,역사영웅들,88,0원|2025-09-05 10:32:11|1|20|0|19|0|0|0|0|0|0|0|0|0|0|0|0|1a0|1a100|88
612,4cf37820-bbd4-11ef-bf9a-6fd1a6f6a10f,이해,88,0원|2024-12-24 15:01:55|1|19|0|19|0|0|0|0|0|0|0|0|0|0|30|0|1a0|1a100|88
614,ecaee050-8099-11ef-81d9-952fe86ababc,ssaasdad,87,0원|2025-11-14 14:02:13|1|20|0|19|0|0|0|0|0|0|0|0|0|0|2|2|0|1a0|1a100|87
614,d77d1a40-7d5f-11ef-bdd3-1d6b83adaf14,소리,87,0원|2025-09-21 07:35:26|1|20|0|19|0|0|0|0|0|0|0|0|0|0|0|0|1a0|1a100|87
614,caed8490-ad2a-11ef-9efc-f936d0410fc4,k0716,87,0원|2024-11-30 11:07:44|1|19|0|18|0|0|0|0|0|0|0|0|0|0|37|40|1a0|1a100|87
614,9dfe8e30-cbfb-11ef-81d6-83fa62b58ca3,장세건,87,0원|2025-08-07 18:46:49|1|16|0|17|0|0|0|0|0|0|0|0|0|0|70|10|0|1a0|1a100|87
614,4e750730-eb78-11ef-bf5e-716641419b32,도리토스,87,7700원|2025-05-13 22:57:29|1|17|0|17|0|0|0|0|0|0|0|0|0|0|7|5|1a0|1a100|87
614,18562a80-8241-11ef-bbea-edda66386f99,항우,87,"7700|2026-02-09 15:22:45|1|19|0|21|0|0|0|0|0|0|0|0|0|13.701B|30|30|0|1a0|1a100|87/1/1|0,0,0,0,0"
620,f450d090-af31-11ef-9951-d1490e3d0b55,모루,86,7700원|2024-12-16 07:21:55|1|18|0|19|0|0|0|0|0|0|0|0|0|0|20|0|0|1a0|1a100|86
620,bc07d890-cf0d-11ef-a2c0-bbee4f861e38,찡찡호,86,0원|2025-09-20 16:50:21|1|20|0|19|0|0|0|0|0|0|0|0|0|6.731B|50|30
620,b39afaa0-ac0f-11ef-8901-b199a795327b,마부,86,0원|2024-12-01 16:16:40|1|23|0|16|0|0|0|0|0|0|0|0|0|0|10|34
620,a85a75a0-afa5-11ef-8d8f-3d0413050efb,경만,86,0|2026-01-12 06:00:41|1|19|0|15|0|0|0|0|0|0|0|0|0|1.037B|88|13|0|1a0|1a100|86
620,98ae1700-f713-11ef-a9f3-c17acaf601ca,fuygyrgi,86,"0|2026-02-12 14:44:01|1|20|0|19|0|0|0|0|0|0|0|0|0|5.469B|40|6|0|1a0|1a100|86/1/1|0,0,0,0,0"
620,7ff397c0-ab3d-11ef-b726-7361ab743ecf,파멸의광자,86,0원|2025-09-07 04:02:53|1|20|0|19|0|0|0|0|0|0|0|0|0|0|20|35|0|1a0|1a100|86
620,6a6a0bb0-1225-11f0-b7bc-39bfc9c5b8c6,환종,86,0|2025-09-21 15:57:31|1|20|0|19|0|0|0|0|0|0|0|0|0|0|38|15|0|1a0|1a100|86
620,5ed4ed10-bc21-11ef-a67d-49a5aacc120f,앵파,86,0원|2024-12-18 13:18:47|1|19|0|16|0|0|0|0|0|0|0|0|0|0|20|0|0|1a0|1a100|86
620,446dc530-b84a-11ef-b1c5-c334c0d1307a,함사우까,86,"7700|2024-12-13 03:58:53|1|20|0|15|0|0|0|0|0|0|0|0|0|0|17|10|0|1a0|1a100|86/1/1|0,0,0,0,0"
620,168d4451-b468-11ef-8ccb-e3de04ce6d1b,1초그순간,86,"0|2024-12-10 01:46:06|1|20|0|23|0|0|0|0|0|0|0|0|0|0|2|26|0|1a0|1a100|86/1/1|0,0,0,0,0"
630,f4062660-ad99-11ef-8c9f-5b46c52b0ba1,캔커피캔,85,0원|2024-11-29 18:33:54|1|18|0|16|0|0|0|0|0|0|0|0|0|0|25|0|1a0|1a100|85
630,7ccbea20-c1b3-11ef-b470-db08faadaad2,ara,85,0원|2024-12-25 07:50:47|1|20|0|18|0|0|0|0|0|0|0|0|0|0|3|2|0|1a0|1a100|85
630,255185e0-c52b-11ef-a8ab-593b658ef711,헌터킬러,85,0원|2025-01-02 23:42:52|1|17|0|19|0|0|0|0|0|0|0|0|0|0|46|46|1a0|1a100|85
633,dec84170-c04f-11ef-aea7-799e1af9b1a6,아아악아아아,84,"0|2024-12-24 22:25:28|1|20|0|17|0|0|0|0|0|0|0|0|0|0|21|1|0|1a0|1a100|84/1/1|0,0,0,0,0"
634,e8fa0850-b423-11ef-8ccb-e3de04ce6d1b,슝리,83,0원|2025-05-24 19:35:52|1|20|0|19|0|0|0|0|0|0|0|0|0|0|0|8|1a0|1a100|83
634,cdf183a0-aba7-11ef-8499-3921d4cd8719,사랑검,83,"0|2024-12-30 15:53:37|1|19|0|16|0|0|0|0|0|0|0|0|0|0|63|0|0|1a0|1a100|83/1/1|0,0,0,0,0"
634,a58cb3b0-b879-11ef-abea-57bdf84a1181,최당근,83,0|2026-01-02 16:18:57|1|21|0|19|0|0|0|0|0|0|0|0|0|916.832A|29|9|0|1a0|1a100|83
637,e2cf5970-8404-11ef-a0fa-9b9b9fe875a2,이진,81,0원|2024-10-12 23:48:06|1|22|0|19|0|0|0|0|0|0|0|0|0|0|20|20|1a0|1a100|81
637,66dfaa40-b7c1-11ef-bdd3-e5ff23da30ec,모짜렐라치즈,81,"0|2026-01-25 00:45:31|1|17|0|18|0|0|0|0|0|0|0|0|0|1.256B|56|3|0|1a0|1a100|81/1/1|0,0,0,0,0"
639,d693cfd0-7e1c-11ef-b26b-61f618170b49,헬조선,80,0원|2024-10-02 13:10:52|1|18|0|17|0|0|0|0|0|0|0|0|0|0|1|5|1a0|1a100|80
640,ef946560-ae3e-11ef-9499-678aa71606e9,개금,79,0원|2025-10-13 17:51:45|1|19|0|19|0|0|0|0|0|0|0|0|0|2.026B|46|0|1a0|1a100|79
640,e164e7b0-d8ed-11ef-b61b-637f093c56d6,암행어사09,79,0원|2025-01-27 06:04:05|1|16|0|19|0|0|0|0|0|0|0|0|0|0|50|50|1a0|1a100|79
642,e3b52c50-b79b-11ef-9e25-6798d91217ad,옛날을찾아서,78,0원|2025-10-08 00:24:47|1|20|0|19|0|0|0|0|0|0|0|0|0|8.920B|20|10|1a0|1a100|78
643,8303c270-8ef8-11ef-bd9c-df9b63244f7a,포칼,77,0원|2024-10-21 04:23:38|1|19|0|11|0|0|0|0|0|0|0|0|0|0|13|0|0|1a0|1a100|77
643,743f7940-d44a-11ef-9dc7-a9d740bc7798,수빈이,77,0원|2025-01-21 18:50:14|1|21|0|16|0|0|0|0|0|0|0|0|0|0|24|3|0|1a0|1a100|77
645,ffb58470-e2c7-11ef-9ae6-4988e1e8cda6,kkondae,76,0원|2025-09-07 10:44:54|1|19|0|16|0|0|0|0|0|0|0|0|0|0|11|10|1a0|1a100|76
645,9bca5970-c924-11ef-97cb-0ba51da3a28f,fgyghj,76,0원|2025-01-04 11:40:45|1|19|0|16|0|0|0|0|0|0|0|0|0|0|45|23|1a0|1a100|76
645,6fb28770-85c4-11ef-a89c-b9351dc0a7f4,천사와앙마,76,0|2026-01-03 19:40:09|1|23|0|19|0|0|0|0|0|0|0|0|0|26.828B|41|0|0|1a0|1a100|76
645,23fe1d00-d072-11ef-8743-779a5db0173b,찢재명구속,76,0원|2025-10-05 07:01:20|1|18|0|19|0|0|0|0|0|0|0|0|0|0|36|0|1a0|1a100|76
649,412df490-ae67-11ef-a56e-b91cb05d85c7,데이던,75,0원|2025-09-25 17:24:45|1|20|0|19|0|0|0|0|0|0|0|0|0|4.447B|28|32
649,29a068e0-87ba-11ef-aa64-4d08d574866f,XOX0,75,0원|2025-12-22 07:58:58|1|18|0|12|0|0|0|0|0|0|0|0|0|982.294A|3|0|0|1a0|1a100|75
649,0ede76a0-c0c7-11ef-8c30-dd6db9aa0eb4,무사HIT7,75,1100|2025-07-17 13:29:01|1|19|0|19|0|0|0|0|0|0|0|0|0|0|40|14|0|1a0|1a100|75
652,bc140f60-b3f7-11ef-b49d-f3e3914c00d7,창가에토,74,7700원|2024-12-08 21:50:45|1|19|0|18|0|0|0|0|0|0|0|0|0|0|30|16|0|1a0|1a100|74
652,a8e9c3b0-862c-11ef-930b-b95715ec286f,op,74,"0|2026-02-14 01:44:05|2|18|0|19|0|0|0|0|0|0|0|0|0|27.790B|30|0|0|1a0|1a100|74/1/1|0,0,0,0,0"
652,8e764a90-b76d-11ef-9e4a-73e749f119cc,더빙팟,74,0원|2025-03-07 08:10:16|1|22|0|19|0|0|0|0|0|0|0|0|0|0|32|26|0|1a0|1a100|74
652,821f9940-c96a-11ef-a133-4513e783f3e0,개돌,74,0원|2025-10-17 16:53:26|1|20|0|16|0|0|0|0|0|0|0|0|0|7.709B|0|0|1a0|1a100|74
652,82053f10-e106-11ef-8fb1-67b2d1ca0129,신류,74,0원|2025-02-06 06:56:29|1|18|0|18|0|0|0|0|0|0|0|0|0|0|60|5|0|1a0|1a100|74
657,85d17220-d81a-11ef-99c9-37ae4c5962e5,Encore,73,0원|2025-09-10 22:11:03|1|20|0|19|0|0|0|0|0|0|0|0|0|0|40|40
658,d4fb30d0-c03b-11ef-8947-65e59ddbe745,김상태,72,0원|2025-10-03 19:53:41|1|20|0|19|0|0|0|0|0|0|0|0|0|510.487A|15|19|1a0|1a100|72
658,a723d4a0-ac27-11ef-a4f3-1fc1a72c78ad,gnkif,72,0원|2025-08-08 22:00:01|1|20|0|19|0|0|0|0|0|0|0|0|0|0|34|7|1a0|1a100|72
658,7612ab10-d1b7-11ef-af31-130b91f9e2fe,역사를만드는사람,72,0원|2025-12-28 09:07:09|1|18|0|19|0|0|0|0|0|0|0|0|0|624.096A|0|0|0|1a0|1a100|72
661,e82e5e30-afe1-11ef-ba17-0346eda69510,collo,71,0원|2025-10-16 00:53:41|1|19|0|15|0|0|0|0|0|0|0|0|0|0|7|0|1a0|1a100|71
661,afa4f340-bed1-11ef-8629-ed432164104d,정몽주,71,1100원|2025-03-26 19:16:21|1|19|0|19|0|0|0|0|0|0|0|0|0|0|32|20|0|1a0|1a100|71
661,aaf3a090-c8df-11ef-a4ce-6903e2af921d,운코코,71,"0|2025-08-03 18:21:19|1|19|0|19|0|0|0|0|0|0|0|0|0|0|24|0|0|1a0|1a100|71/1/1|0,0,0,0,0"
661,9a280940-8195-11ef-8faf-1d29807097bf,6475,71,0원|2025-09-05 22:14:12|1|18|0|15|0|0|0|0|0|0|0|0|0|0|5|5|1a0|1a100|71
661,4fe1e400-8c49-11ef-96be-211c08efb77c,은우링,71,"0|2026-02-16 08:01:42|1|18|0|14|0|0|0|0|0|0|0|0|0|1.413B|0|0|0|1a0|1a100|71/1/1|0,0,0,0,0"
661,36d1e6b0-af8d-11ef-b543-cbbf953b5fb8,료맨스쿠나,71,"0|2024-12-07 12:54:47|1|19|0|19|0|0|0|0|0|0|0|0|0|0|20|15|0|1a0|1a100|71/1/1|0,0,0,0,0"
661,362b6110-da0c-11ef-9717-8d3b604d0af9,몽몽,71,0원|2025-07-27 16:54:01|1|20|0|19|0|0|0|0|0|0|0|0|0|0|0|0|0|1a0|1a100|71
661,30fb4a90-dfbe-11ef-b114-6fb5a335e4dd,역사장군,71,0원|2025-10-15 20:49:05|1|20|0|19|0|0|0|0|0|0|0|0|0|0|0|0|1a0|1a100|71
669,cfdd6650-bd88-11ef-b6b6-5f03728339d5,본원,70,"0|2026-01-28 05:45:23|1|18|0|19|0|0|0|0|0|0|0|0|0|4.209B|47|10|0|1a0|1a100|70/1/1|0,0,0,0,0"
669,76d32d40-ac5a-11ef-83d7-b3edb74f307f,쪽쪽쭉,70,0원|2024-11-29 17:55:10|1|19|0|17|0|0|0|0|0|0|0|0|0|0|13|0|1a0|1a100|70
669,5d7d5ee0-b6e8-11ef-97f1-05ae23445287,써클엣지,70,0원|2024-12-12 08:17:02|1|19|0|18|0|0|0|0|0|0|0|0|0|0|39|30|1a0|1a100|70
669,0f6639c0-c755-11ef-b6aa-d1c71586d17a,루나13,70,0원|2025-10-16 19:23:37|1|20|0|19|0|0|0|0|0|0|0|0|0|1.358B|30|18|1a0|1a100|70
669,02b10ef0-e37d-11ef-b904-f3b8b29c9ddc,jjuniyam,70,"0|2025-02-06 08:32:45|1|18|0|16|0|0|0|0|0|0|0|0|0|0|29|12|0|1a0|1a100|70/1/1|0,0,0,0,0"
674,dbc89bf0-d93b-11ef-80f6-e3a4c9ccfe48,태연37,69,"0|2025-09-16 07:14:31|1|20|0|19|0|0|0|0|0|0|0|0|0|0|57|0|0|1a0|1a100|69/1/1|0,0,0,0,0"
674,d1808440-aebc-11ef-981b-11a32e918082,혜숙이길들이기,69,0|2026-01-04 00:46:13|1|19|0|12|0|0|0|0|0|0|0|0|0|1.992B|18|5|0|1a0|1a100|69
674,5371b430-ab87-11ef-8901-b199a795327b,영산,69,0원|2025-12-29 11:35:14|1|20|0|19|0|0|0|0|0|0|0|0|0|593.053A|5|0|0|1a0|1a100|69
674,411429a0-a6d5-11ef-813a-559f8e4daafb,아니왜,69,0원|2025-07-17 22:50:15|1|19|0|17|0|0|0|0|0|0|0|0|0|0|25|0|1a0|1a100|69
674,3a330910-b9bf-11ef-a271-cf47c0930989,홍박사,69,0원|2024-12-19 17:17:52|1|18|0|19|0|0|0|0|0|0|0|0|0|0|49|30|0|1a0|1a100|69
679,d156c240-b187-11ef-9312-65e6e3b168e9,hshsgsvs,68,0원|2025-10-19 12:31:44|1|18|0|12|0|0|0|0|0|0|0|0|0|0|4|0|1a0|1a100|68
679,bb48b6c0-d6ee-11ef-a167-efbf2eec6c6e,가자미,68,0원|2025-01-22 14:25:00|1|18|0|15|0|0|0|0|0|0|0|0|0|0|25|20|0|1a0|1a100|68
679,88a6bd30-ae20-11ef-83d7-b3edb74f307f,Micro,68,0원|2024-12-02 06:51:11|1|19|0|15|0|0|0|0|0|0|0|0|0|0|20|0|1a0|1a100|68
679,87724ef0-58d1-11f0-8382-290029edd456,한짱구,68,"0|2026-02-07 13:56:33|1|20|0|19|0|0|0|0|0|0|0|0|0|1.789B|16|0|0|1a0|1a100|68/1/1|0,0,0,0,0"
679,37a08e60-bce0-11ef-8cbd-d96ec6fd46b7,굿맨,68,0원|2024-12-19 14:16:44|1|18|0|18|0|0|0|0|0|0|0|0|0|0|5|2|1a0|1a100|68
679,31c0f040-613e-11f0-9f5a-17f75c168df7,대령,68,7700원|2025-10-26 21:47:41|1|18|0|16|0|0|0|0|0|0|0|0|0|320.557A|4|0|1a0|1a100|68
679,1a5bd2b0-b9b1-11ef-9075-fdbac80601be,너야,68,0원|2025-01-01 11:20:01|1|19|0|19|0|0|0|0|0|0|0|0|0|0|32|0|1a0|1a100|68
686,f15baeb0-b0ed-11ef-9261-1da2a65a2e08,무도리,67,0원|2024-12-04 15:38:06|1|17|0|19|0|0|0|0|0|0|0|0|0|0|41|3|1a0|1a100|67
686,e3a1dba0-c010-11ef-a0e9-cb0be1ae202f,678,67,0원|2025-07-21 22:02:27|1|20|0|19|0|0|0|0|0|0|0|0|0|0|21|0|1a0|1a100|67
686,de818170-b86d-11ef-adf4-b740551de154,난세표류기777,67,0원|2025-04-25 18:24:04|1|20|0|19|0|0|0|0|0|0|0|0|0|0|27|60|1a0|1a100|67
686,a99ee2f0-c9c4-11ef-95c8-99003d9c2f0d,뢰신,67,0원|2025-01-08 20:11:41|1|18|0|18|0|0|0|0|0|0|0|0|0|0|10|10|1a0|1a100|67
686,876cb100-ba1d-11ef-89e1-6ba753cb8f3e,몽냥,67,0원|2024-12-15 20:16:32|1|19|0|19|0|0|0|0|0|0|0|0|0|0|10|10|1a0|1a100|67
686,74f72700-ac6a-11ef-84ae-a3bd06bdb3be,박씨표류기,67,0원|2024-11-27 18:23:00|1|18|0|19|0|0|0|0|0|0|0|0|0|0|2|0|0|1a0|1a100|67
686,66ee2840-b226-11ef-8a9e-a73696ccb67d,영식이,67,"0|2026-02-11 11:33:48|1|20|0|19|0|0|0|0|0|0|0|0|0|395.868A|44|0|0|1a0|1a100|67/1/1|0,0,0,0,0"
686,4cada7c0-a476-11ef-8bbd-77f25fa1edac,미르엘,67,0원|2025-09-19 04:16:04|1|20|0|19|0|0|0|0|0|0|0|0|0|0|3|0
686,17a61530-ae03-11ef-b79e-71cbcc9fed2c,망고미,67,"0|2025-07-26 06:26:48|1|17|0|18|0|0|0|0|0|0|0|0|0|0|12|0|0|1a0|1a100|67/1/1|0,0,0,0,0"
686,17996190-82ee-11ef-a17c-dd8d86e029de,끄으응,67,0|2024-10-14 14:26:36|1|20|0|19|0|0|0|0|0|0|0|0|0|0|0|0|0|1a0|1a100|67
696,f6055570-b8ed-11f0-849e-cb8b084752da,전자장,66,0원|2025-11-08 10:06:19|1|19|0|15|0|0|0|0|0|0|0|0|0|0|0|0|0|1a0|1a100|66
696,cf15c1d0-8cba-11ef-83d5-cbf00bbecbaf,뚝딱,66,7700원|2024-10-18 08:52:33|1|16|0|15|0|0|0|0|0|0|0|0|0|0|10|0|1a0|1a100|66
696,c8423c40-c8c2-11f0-aa30-7530b5e9ec5d,은조,66,0원|2025-11-25 07:57:50|1|19|0|17|0|0|0|0|0|0|0|0|0|303.764A|25|0|0|1a0|1a100|66
696,c78fce30-e3de-11ef-b1f8-0977133a9a3a,RksWkr,66,0원|2025-02-10 16:34:52|1|18|0|18|0|0|0|0|0|0|0|0|0|0|10|30|1a0|1a100|66
696,b762aef0-b43c-11ef-ae97-4353aee62c39,라라라라라,66,0원|2025-12-27 22:50:41|1|18|0|16|0|0|0|0|0|0|0|0|0|920.423A|30|30|0|1a0|1a100|66
696,739aff70-978f-11ef-9e3c-ff743a4ce8ed,cucu,66,0원|2025-11-04 02:50:12|1|19|0|19|0|0|0|0|0|0|0|0|0|1.065B|27|5|1a0|1a100|66
696,56527d60-7e1e-11ef-8674-13981d0c5e2e,하나땅,66,0원|2024-10-02 22:04:03|1|19|0|15|0|0|0|0|0|0|0|0|0|0|20|0|0|1a0|1a100|66
696,237fdf01-cb11-11ef-a506-1537afde4bb1,한방오리,66,"0|2025-01-25 03:27:36|1|15|0|15|0|0|0|0|0|0|0|0|0|0|88|20|0|1a0|1a100|66/1/1|0,0,0,0,0"
696,0bd744b0-84bc-11ef-bb1d-b57c981c2b7f,끼룩,66,0원|2024-12-02 20:07:27|1|19|0|18|0|0|0|0|0|0|0|0|0|0|35|0|1a0|1a100|66
705,f34134c0-805f-11ef-bcf8-6d57cb3f8a8a,이공,65,0원|2024-10-03 09:30:46|1|18|0|19|0|0|0|0|0|0|0|0|0|0|7|0
705,f071c030-cf73-11ef-8fc5-43e7b56630d0,옆집사는돌쇠,65,0원|2025-01-12 17:22:44|1|19|0|15|0|0|0|0|0|0|0|0|0|0|35|0|1a0|1a100|65
705,d22c9d90-98d5-11ef-b913-090d68e21830,안즈냥,65,"0|2025-09-06 14:58:54|1|15|0|19|0|0|0|0|0|0|0|0|0|0|10|20|0|1a0|1a100|65/1/1|0,0,0,0,0"
705,5f2d0f40-d6e8-11ef-b0db-53d6ed22bcf9,쫑구2,65,0원|2025-09-17 00:57:42|1|20|0|19|0|0|0|0|0|0|0|0|0|0|0|0|1a0|1a100|65
709,e101b1c0-b86f-11ef-848a-d15886dbbd59,반달루아,64,0원|2024-12-14 00:32:51|1|19|0|19|0|0|0|0|0|0|0|0|0|0|34|5|0|1a0|1a100|64
709,4c8e5030-b0bc-11ef-872e-81d1ec7189e5,흑월,64,0원|2024-12-13 03:32:10|1|20|0|19|0|0|0|0|0|0|0|0|0|0|15|25|0|1a0|1a100|64
711,472870c1-6161-11f0-a63d-51d9ae539d21,화니라니,63,0원|2025-09-11 21:22:20|1|19|0|13|0|0|0|0|0|0|0|0|0|0|7|0|1a0|1a100|63
711,2cdc8f30-b18a-11ef-92ea-c9b4ed30ec5c,노랑,63,0원|2025-09-06 14:58:57|1|19|0|13|0|0|0|0|0|0|0|0|0|0|5|0|0|1a0|1a100|63
713,fc158d70-ca75-11ef-8bc5-3ddb6ddf929b,여름날,62,0원|2025-01-05 07:26:22|1|16|0|16|0|0|0|0|0|0|0|0|0|0|20|20|1a0|1a100|62
713,ee521340-ab7e-11ef-8b98-37ba62d9e524,밍환,62,"0|2024-11-28 10:40:31|1|19|0|18|0|0|0|0|0|0|0|0|0|0|20|15|0|1a0|1a100|62/1/1|0,0,0,0,0"
713,99e64e10-cd80-11ef-b22e-8b4f077df421,돼랑,62,"0|2025-12-20 21:14:07|1|18|0|19|0|0|0|0|0|0|0|0|0|473.863A|0|0|0|1a0|1a100|62/1/1|0,0,0,0,0"
713,20411cf0-b603-11ef-a098-850667ab4c53,시훈팝,62,0|2026-01-12 06:46:55|1|17|0|15|0|0|0|0|0|0|0|0|0|39.317A|0|0|0|1a0|1a100|62
713,1bd75330-6136-11f0-a19a-9d5627d71f9b,맨소래담,62,"0|2025-08-05 01:59:31|1|20|0|19|0|0|0|0|0|0|0|0|0|0|0|0|0|1a0|1a100|62/1/1|0,0,0,0,0"
718,ed9a6690-81fe-11ef-bd85-c334686e1c45,동화,61,0원|2024-10-17 17:45:20|1|17|0|15|0|0|0|0|0|0|0|0|0|0|0|10|1a0|1a100|61
718,733eac50-af01-11ef-83d7-b3edb74f307f,조커hi,61,"0|2026-02-02 11:19:36|1|19|0|16|0|0|0|0|0|0|0|0|0|142.199A|0|0|0|1a0|1a100|61/1/1|0,0,0,0,0"
718,52f3eef0-92ec-11ef-9627-1389de8c8083,국사센세,61,0원|2025-07-19 22:51:09|1|22|0|18|0|0|0|0|0|0|0|0|0|0|4|0|0|1a0|1a100|61
721,f2eaa810-b22a-11ef-8c20-f72da72c3815,수진사랑,60,0원|2025-10-01 00:01:43|1|19|0|14|0|0|0|0|0|0|0|0|0|40.417A|5|1|1a0|1a100|60
721,e6f1dda0-8fc3-11ef-ba08-1de87ed25fda,은익이,60,0원|2025-09-17 22:00:30|1|18|0|18|0|0|0|0|0|0|0|0|0|0|56|0|1a0|1a100|60
721,2aefdc60-ac92-11ef-9fa0-bb1555add548,오른,60,0원|2024-11-28 14:44:11|1|18|0|18|0|0|0|0|0|0|0|0|0|0|0|0|1a0|1a100|60
721,2abce780-7e19-11ef-b507-4f7b5a70518f,릴스타,60,0원|2025-10-21 22:52:26|1|17|0|15|0|0|0|0|0|0|0|0|0|0|5|0|1a0|1a100|60
725,b8a39a60-7e39-11ef-ac41-c13c1f653a03,연리지,59,0|2024-10-06 19:08:12|1|20|0|17|0|0|0|0|0|0|0|0|0|0|0|0|0|1a0|1a100|59
725,a07529e0-b92b-11ef-8bd7-2d33761d8c56,마토무투,59,0원|2025-09-17 01:29:09|1|19|0|19|0|0|0|0|0|0|0|0|0|0|5|5|1a0|1a100|59
725,4faffea0-b506-11ef-9a18-3d56ababaa9a,은빛수리,59,0원|2025-09-25 09:19:37|1|17|0|19|0|0|0|0|0|0|0|0|0|130.765A|30|20
728,e0933950-b83f-11ef-adf4-b740551de154,빛의어둠,58,0원|2024-12-13 11:23:11|1|18|0|18|0|0|0|0|0|0|0|0|0|0|53|4|1a0|1a100|58
728,5ac05630-7ecb-11ef-b7cb-b350af65320d,리세마라,58,0|2024-10-09 18:41:13|1|20|0|19|0|0|0|0|0|0|0|0|0|0|0|0|0|1a0|1a100|58
728,10ec7580-ac83-11ef-84ae-a3bd06bdb3be,읏쨔,58,0원|2025-07-25 00:06:00|1|19|0|19|0|0|0|0|0|0|0|0|0|0|31|10|0|1a0|1a100|58
731,b88c13b0-ab3c-11ef-b8a4-7f7b772ead33,독산,57,0원|2024-12-08 10:27:53|1|18|0|16|0|0|0|0|0|0|0|0|0|0|14|13|0|1a0|1a100|57
731,862e3720-bfbb-11ef-94ca-e5eb2605b07f,혼자안자,57,0원|2024-12-23 01:16:49|1|23|0|17|0|0|0|0|0|0|0|0|0|0|6|0|1a0|1a100|57
731,5ceb2ab0-bafe-11ef-9613-8f627b049737,역사좋아,57,1100원|2025-04-03 10:14:53|1|20|0|19|0|0|0|0|0|0|0|0|0|0|47|0|1a0|1a100|57
731,4845b9d0-be8d-11ef-9894-35a08f55039e,당당기루,57,7700원|2024-12-23 00:56:53|1|19|0|16|0|0|0|0|0|0|0|0|0|0|5|0|0|1a0|1a100|57
735,a9eb2d30-b165-11ef-9cde-f74559775a32,해치,56,0원|2024-12-12 16:18:33|1|19|0|19|0|0|0|0|0|0|0|0|0|0|13|21|0|1a0|1a100|56
735,9ff285f1-e0f7-11ef-b0a2-352110ec1438,빠알통,56,0원|2025-09-14 10:41:59|1|20|0|19|0|0|0|0|0|0|0|0|0|0|0|0|0|1a0|1a100|56
735,61b4a2f0-b1e5-11ef-b79e-71cbcc9fed2c,양파,56,0원|2025-11-13 08:33:03|1|21|0|15|0|0|0|0|0|0|0|0|0|231.682A|5|0|0|1a0|1a100|56
735,0466bc40-bb0f-11ef-a67d-49a5aacc120f,bb,56,"0|2025-07-25 02:13:47|1|18|0|18|0|0|0|0|0|0|0|0|0|0|20|0|0|1a0|1a100|56/1/1|0,0,0,0,0"
739,93b6d6b0-b85c-11ef-8a4e-e3da89199832,조응삼,55,7700원|2024-12-13 02:33:08|1|18|0|18|0|0|0|0|0|0|0|0|0|0|9|10|0|1a0|1a100|55
739,6a386e70-ab19-11ef-8a5d-fb4b569024fa,가리지,55,0원|2024-11-26 23:22:59|1|18|0|18|0|0|0|0|0|0|0|0|0|0|25|22|1a0|1a100|55
741,fe2c3fa0-a5ae-11ef-84c6-4ff94f318934,지누,54,0원|2024-11-20 00:24:30|1|19|0|17|0|0|0|0|0|0|0|0|0|0|14|14|1a0|1a100|54
741,a92c0690-a61a-11ef-a66e-5363f38c4f46,mariae,54,0원|2025-12-27 18:32:58|1|17|0|19|0|0|0|0|0|0|0|0|0|88.382A|22|0|0|1a0|1a100|54
741,a88f3f60-b0a4-11ef-a87b-b5997a27d221,준하이83,54,0원|2025-10-05 00:25:06|1|18|0|16|0|0|0|0|0|0|0|0|0|58.157A|0|0|1a0|1a100|54
741,a2c72100-ad76-11ef-b5c0-790fd289b6a6,여니위키,54,"0|2026-01-27 16:50:03|1|17|0|19|0|0|0|0|0|0|0|0|0|349.845A|21|5|0|1a0|1a100|54/1/1|0,0,0,0,0"
741,4d98b490-b7bd-11ef-8995-8fd9e73212f3,앙기쁨,54,0원|2025-12-08 18:01:31|1|18|0|19|0|0|0|0|0|0|0|0|0|31.610A|47|0|0|1a0|1a100|54
741,2eee8e10-ae4f-11ef-b66a-3902a1cdb29b,매직,54,0원|2025-10-14 05:12:01|1|16|0|15|0|0|0|0|0|0|0|0|0|65.436A|3|3|1a0|1a100|54
741,1bc60880-afd6-11ef-b543-cbbf953b5fb8,호나우당뇨,54,0원|2024-12-02 20:31:46|1|18|0|18|0|0|0|0|0|0|0|0|0|0|25|0|1a0|1a100|54
741,19c04da0-b9bf-11ef-8a42-0bdf429ab589,tak,54,0원|2025-07-17 18:47:04|1|20|0|16|0|0|0|0|0|0|0|0|0|0|18|0|0|1a0|1a100|54
749,eb181920-ae4b-11ef-83d7-b3edb74f307f,Murim,53,"0|2024-11-30 17:02:21|1|18|0|16|0|0|0|0|0|0|0|0|0|0|15|8|0|1a0|1a100|53/1/1|0,0,0,0,0"
749,c5786750-e0a6-11ef-9ede-937d2f6fa161,배고파아아,53,0원|2025-09-30 02:45:19|1|17|0|16|0|0|0|0|0|0|0|0|0|34.278A|8|5|1a0|1a100|53
749,a31e98b0-d33a-11ef-8668-715eb3b7a584,박영화이,53,0원|2025-01-16 08:40:12|1|20|0|17|0|0|0|0|0|0|0|0|0|0|18|6|0|1a0|1a100|53
749,9c2f5430-ac85-11ef-9fa0-bb1555add548,모노,53,0원|2025-07-16 23:01:07|1|18|0|17|0|0|0|0|0|0|0|0|0|0|0|0|0|1a0|1a100|53
749,6461a920-ac14-11ef-b836-09fb8a0a1da3,꾸마,53,0원|2025-09-06 23:32:21|1|19|0|17|0|0|0|0|0|0|0|0|0|0|5|0|1a0|1a100|53
749,428a2bc0-ac4f-11ef-9203-e5502dda7991,해솔,53,0원|2024-11-29 21:04:43|1|17|0|17|0|0|0|0|0|0|0|0|0|0|28|0|1a0|1a100|53
749,355aaad0-7ecb-11ef-9a35-3505bd1cdd4f,모카,53,0|2024-10-09 18:43:56|1|20|0|15|0|0|0|0|0|0|0|0|0|0|0|0|0|1a0|1a100|53
749,07681920-acdc-11ef-b5c0-790fd289b6a6,응고미,53,0|2025-07-18 23:47:13|1|18|0|16|0|0|0|0|0|0|0|0|0|0|30|20|0|1a0|1a100|53
757,e8268a60-d2dd-11ef-a998-1dfcc13d2f16,축구한반도,52,0원|2025-08-29 22:14:10|1|17|0|19|0|0|0|0|0|0|0|0|0|0|32|0|1a0|1a100|52
757,e2980550-83ce-11ef-92b1-675a7deecbaa,봉구얌,52,0원|2024-10-07 21:31:10|1|18|0|17|0|0|0|0|0|0|0|0|0|0|35|0|1a0|1a100|52
757,d5ed2600-aee4-11ef-800e-cdaca42d1696,말동글리아,52,"0|2026-02-07 20:38:41|1|16|0|18|0|0|0|0|0|0|0|0|0|21.656A|0|0|0|1a0|1a100|52/1/1|0,0,0,0,0"
757,bc7d25b0-c011-11ef-aa0f-19901ac2b144,마토라기,52,0|2024-12-28 14:12:27|1|17|0|15|0|0|0|0|0|0|0|0|0|0|0|0|0|1a0|1a100|52
757,ac433040-7ecb-11ef-b880-95e8e7ae8165,청룡,52,0|2026-01-03 19:17:41|1|22|0|19|0|0|0|0|0|0|0|0|0|12.863B|0|0|0|1a0|1a100|52
757,a0919e80-ac25-11ef-96b9-b706edc02f06,나랑,52,0원|2024-11-28 21:45:59|1|18|0|17|0|0|0|0|0|0|0|0|0|0|10|2|1a0|1a100|52
757,8729ac80-7e30-11ef-8041-87827bd8f6db,민공주,52,0원|2025-11-12 23:49:36|1|17|0|15|0|0|0|0|0|0|0|0|0|50.645A|1|4|0|1a0|1a100|52
757,6bb2c8f0-c300-11ef-b139-459924a03fe4,추세,52,0원|2024-12-27 13:02:16|1|17|0|16|0|0|0|0|0|0|0|0|0|0|30|10
757,5aa20600-e427-11ef-8e9c-d74ad2b33237,파블룬,52,0원|2025-02-24 12:32:00|1|16|0|15|0|0|0|0|0|0|0|0|0|0|40|0|0|1a0|1a100|52
757,48031ba0-cd6c-11ef-97aa-470af6a6e97b,뚱두,52,8800원|2025-01-08 22:31:28|1|19|0|19|0|0|0|0|0|0|0|0|0|0|16|0|1a0|1a100|52
757,3ff9f440-b18f-11ef-9cde-f74559775a32,민동진,52,"0|2025-07-23 19:11:09|1|18|0|19|0|0|0|0|0|0|0|0|0|0|20|0|0|1a0|1a100|52/1/1|0,0,0,0,0"
768,a1a34100-b4f6-11ef-8a7a-d5e909569ee9,ejjso,51,0원|2025-09-28 19:44:59|1|19|0|16|0|0|0|0|0|0|0|0|0|45.380A|0|32|1a0|1a100|51
768,6fcf9df0-53ec-11f0-af9f-41c2a4c7a57c,은서긴자는중,51,0원|2025-07-26 22:34:13|1|18|0|16|0|0|0|0|0|0|0|0|0|0|1|0|1a0|1a100|51
768,65d001f0-bbde-11f0-b333-818014085ee2,짐이많구먼,51,0원|2025-11-12 03:02:11|1|17|0|18|0|0|0|0|0|0|0|0|0|20.149A|2|0|0|1a0|1a100|51
768,603212c0-bfa8-11ef-bc44-71f6f3cb9a76,채난국,51,0원|2024-12-23 05:45:47|1|16|0|16|0|0|0|0|0|0|0|0|0|0|30|20|1a0|1a100|51
768,534b8760-c419-11ef-ac3c-67eaa6cff280,생감자,51,"0|2025-07-16 12:00:16|1|18|0|17|0|0|0|0|0|0|0|0|0|0|0|0|0|1a0|1a100|51/1/1|0,0,0,0,0"
768,37b831a0-a2a0-11ef-b208-6b337ba9098d,불법,51,0원|2025-12-07 02:33:11|1|20|0|14|0|0|0|0|0|0|0|0|0|201.215A|3|0|0|1a0|1a100|51
774,794ff6e0-7fd5-11ef-9677-417bac3587f9,짜장라면,50,0원|2025-09-14 21:12:49|1|20|0|19|0|0|0|0|0|0|0|0|0|0|28|4|1a0|1a100|50
774,6a7856c0-8f03-11ef-beb1-1511436f6497,류시우,50,0|2026-01-10 21:12:24|1|22|0|19|0|0|0|0|0|0|0|0|0|8.296B|19|0|0|1a0|1a100|50
776,b6064230-b5bb-11ef-a08c-ed29bc79947d,tlsh,49,0|2026-01-06 16:22:58|1|17|0|16|0|0|0|0|0|0|0|0|0|12.882A|10|0|0|1a0|1a100|49
777,921e30b0-d629-11ef-8072-7bc6bf465123,난세표류기3,48,0원|2025-02-23 12:05:48|1|19|0|13|0|0|0|0|0|0|0|0|0|0|24|0|1a0|1a100|48
777,3df0a0d0-b69f-11ef-854c-a59e3849cf02,루아,48,0원|2024-12-13 01:25:41|1|21|0|16|0|0|0|0|0|0|0|0|0|0|21|23
777,3b496520-54cd-11f0-bfbd-eb9435a442a7,시골붕어,48,0원|2025-06-29 19:22:48|1|18|0|14|0|0|0|0|0|0|0|0|0|0|2|0|1a0|1a100|48
780,bb80ee50-7ec9-11ef-9065-db7206b02bb0,천사와악마,47,0|2024-10-06 19:08:48|1|20|0|14|0|0|0|0|0|0|0|0|0|0|0|0|0|1a0|1a100|47
780,a0111d10-b3ea-11ef-beb1-170d29d19e93,raqun,47,0원|2024-12-11 02:07:44|1|19|0|19|0|0|0|0|0|0|0|0|0|0|11|0|1a0|1a100|47
780,4f1e0330-88e5-11ef-8c4d-9f7eb6408694,문월,47,7700원|2025-10-26 07:08:09|1|19|0|17|0|0|0|0|0|0|0|0|0|6.742A|0|0|1a0|1a100|47
780,21bb45c0-7e1c-11ef-8547-a13db95bba47,이지그음,47,0원|2025-10-21 18:37:08|1|18|0|15|0|0|0|0|0|0|0|0|0|0|10|0|1a0|1a100|47
784,fd8d1fc0-b791-11ef-9842-cbe6188e2d60,율도국지부장,46,0원|2025-10-29 01:26:20|1|17|0|18|0|0|0|0|0|0|0|0|0|59.340A|0|0|1a0|1a100|46
784,f98d3860-abca-11ef-b2bd-974530b81e98,Marlboro,46,0원|2024-11-29 05:30:59|1|19|0|18|0|0|0|0|0|0|0|0|0|0|10|7|1a0|1a100|46
784,bfa5a4b0-b201-11ef-b88d-eba4a648df9f,가능,46,0원|2024-12-05 08:45:15|1|17|0|15|0|0|0|0|0|0|0|0|0|0|0|0|1a0|1a100|46
784,a431ba90-c21c-11ef-b858-c9ad23f8202a,마누라보,46,0원|2024-12-26 04:52:05|1|15|0|14|0|0|0|0|0|0|0|0|0|0|10|0|1a0|1a100|46
784,9eb13ea0-ba2f-11ef-8d16-8ddb1e5d3a01,기류표세,46,"0|2024-12-16 01:15:55|1|18|0|18|0|0|0|0|0|0|0|0|0|0|2|1|0|1a0|1a100|46/1/1|0,0,0,0,0"
784,7dd741c0-7e2a-11ef-b76a-edd15190eb41,꼬부기,46,0|2026-01-03 18:56:42|1|20|0|19|0|0|0|0|0|0|0|0|0|151.534A|0|0|0|1a0|1a100|46
784,7714de70-b16e-11ef-b371-a95f7e61ac15,카후라,46,0원|2024-12-05 18:00:36|1|18|0|22|0|0|0|0|0|0|0|0|0|0|0|11|1a0|1a100|46
784,4fadf040-c8e5-11ef-a381-25caade754f0,페드리,46,0원|2025-11-28 18:00:10|1|16|0|16|0|0|0|0|0|0|0|0|0|13.041A|5|5|0|1a0|1a100|46
784,0f1ea020-b804-11ef-825c-f37d4d80414c,창천,46,0원|2025-11-11 05:28:27|1|19|0|18|0|0|0|0|0|0|0|0|0|57.056A|0|0|0|1a0|1a100|46
784,08346e90-afb5-11ef-b329-9d5d8fc1fb13,김치후라이,46,0원|2024-12-01 16:53:25|1|16|0|15|0|0|0|0|0|0|0|0|0|0|0|0|1a0|1a100|46
794,c370bf50-c1cc-11ef-bcfc-e3af63d7a6a4,킴차장,45,0원|2025-10-11 12:19:41|1|17|0|17|0|0|0|0|0|0|0|0|0|53.623A|11|10|1a0|1a100|45
794,83f03370-8954-11ef-9fd7-779fb3cc927f,폭군,45,0원|2025-08-17 03:10:41|1|19|0|18|0|0|0|0|0|0|0|0|0|0|1|0|1a0|1a100|45
794,6ba60b10-aef1-11ef-b40a-8bfc256b68be,혈량,45,0원|2024-11-30 23:38:01|1|18|0|14|0|0|0|0|0|0|0|0|0|0|8|1|1a0|1a100|45
794,6b318290-d75a-11ef-bf19-b9b10c539142,큐큐,45,0원|2025-02-03 04:59:29|1|17|0|19|0|0|0|0|0|0|0|0|0|0|0|0|1a0|1a100|45
794,37c7e7b0-d5a6-11ef-8072-7bc6bf465123,한산도대첩,45,0|2025-02-01 22:43:33|1|16|0|16|0|0|0|0|0|0|0|0|0|0|0|5|0|1a0|1a100|45
794,1a48cbd0-b9f1-11ef-a332-c951fe48ab7c,블루레몬,45,0원|2025-10-06 01:11:19|1|19|0|19|0|0|0|0|0|0|0|0|0|0|0|0|1a0|1a100|45
800,64d02170-d4dc-11ef-aa63-c970832c5cf6,깐패,44,0원|2025-12-15 13:34:24|1|22|0|16|0|0|0|0|0|0|0|0|0|3.438B|0|0|0|1a0|1a100|44
800,158338d0-bc33-11ef-b94d-712c029fb03b,소래범고래,44,0|2024-12-18 16:02:20|1|18|0|15|0|0|0|0|0|0|0|0|0|0|27|0|0|1a0|1a100|44
802,cb132eb0-b3b1-11ef-8b0b-3f0a6e303454,코리현,43,0원|2024-12-08 09:35:52|1|18|0|16|0|0|0|0|0|0|0|0|0|0|5|5|1a0|1a100|43
802,9b704d50-a079-11ef-af4f-35cd6a263849,대악마,43,0원|2025-12-22 02:43:21|1|17|0|15|0|0|0|0|0|0|0|0|0|6.360A|0|0|0|1a0|1a100|43
802,99467f10-d759-11ef-b8c1-091415da71ab,적안,43,"0|2025-09-02 06:59:51|1|15|0|15|0|0|0|0|0|0|0|0|0|0|0|0|0|1a0|1a100|43/1/1|0,0,0,0,0"
802,8092b820-b086-11ef-873b-772fc6946d68,fhz,43,0원|2025-07-20 12:45:07|1|18|0|15|0|0|0|0|0|0|0|0|0|0|0|0|0|1a0|1a100|43
802,4b46ea10-b022-11ef-83d7-b3edb74f307f,바일,43,"0|2025-03-25 06:04:48|1|18|0|18|0|0|0|0|0|0|0|0|0|0|0|2|0|1a0|1a100|43/1/1|0,0,0,0,0"
802,2fdcda10-c2a5-11ef-87de-73c9e72fec7b,파군무제,43,0|2024-12-27 07:45:13|1|18|0|15|0|0|0|0|0|0|0|0|0|0|20|16|0|1a0|1a100|43
808,f81937a0-ab6a-11ef-b2bd-974530b81e98,오라,42,0원|2025-10-06 22:13:55|1|18|0|16|0|0|0|0|0|0|0|0|0|0|6|10|1a0|1a100|42
808,bfe3da10-acba-11ef-80b0-1f3f8f1c75aa,흠흠흠,42,0원|2024-11-29 15:35:48|1|16|0|15|0|0|0|0|0|0|0|0|0|0|0|0|1a0|1a100|42
808,88ae2340-7e28-11ef-80ab-136ada431d37,엘리,42,0원|2025-10-13 20:25:58|1|15|0|16|0|0|0|0|0|0|0|0|0|8.427A|0|0|1a0|1a100|42
808,6097a0c0-c329-11ef-818f-433ec6b4e984,나탈리스,42,0원|2024-12-29 14:29:31|1|16|0|15|0|0|0|0|0|0|0|0|0|0|0|0|0|1a0|1a100|42
808,1bbaf1b0-bc1b-11ef-a867-d1afb7ef3a4e,포은,42,0원|2025-10-10 11:12:37|1|15|0|13|0|0|0|0|0|0|0|0|0|0|0|0|1a0|1a100|42
813,e7846540-b123-11ef-b371-a95f7e61ac15,쿨갱,41,0원|2024-12-04 08:59:08|1|19|0|15|0|0|0|0|0|0|0|0|0|0|0|0|0|1a0|1a100|41
813,dc3e8fe0-5cbc-11f0-9d76-d53bb3e1e2aa,애국자물빔,41,0원|2025-07-12 17:27:54|0|16|0|16|0|0|0|0|0|0|0|0|0|0|5|2|0|1a0|1a100|41
813,db5bb980-1d0c-11f0-b8f4-157cea631178,jjjin,41,0원|2025-09-28 10:44:35|0|11|0|10|0|0|0|0|0|0|0|0|0|5.016A|20|58|1a0|1a100|41
813,d6782a90-8287-11ef-8ce5-35369fdbf299,쥬쥬,41,0원|2024-11-26 06:34:47|0|16|0|16|0|0|0|0|0|0|0|0|0|0|0|0|1a0|1a100|41
813,ca10f9f0-6155-11f0-b21d-c1e29b2c7170,김씨표류하다,41,0|2025-07-17 09:57:44|1|16|0|17|0|0|0|0|0|0|0|0|0|0|0|0|0|1a0|1a100|41
813,bfc66560-ad1a-11ef-9aef-5fb51d03c70a,류비,41,0원|2025-02-24 12:16:21|1|20|0|19|0|0|0|0|0|0|0|0|0|0|2|34|1a0|1a100|41
813,b4f11dc0-b2ff-11ef-b88d-eba4a648df9f,로지니아,41,0원|2025-10-06 01:04:01|0|12|0|11|0|0|0|0|0|0|0|0|0|0|0|0|1a0|1a100|41
813,afd931a0-ad15-11ef-ba35-6398fb3149e3,난근혜,41,0원|2025-10-15 02:01:42|1|16|0|16|0|0|0|0|0|0|0|0|0|3.847A|0|0|1a0|1a100|41
813,a6be2330-b1f4-11ef-ae10-d99defe65f95,흑월흑풍,41,0|2024-12-07 08:17:56|1|14|0|12|0|0|0|0|0|0|0|0|0|0|0|0|0|1a0|1a100|41
813,7ae2f280-b876-11ef-9922-25e39181c7b8,노숙자,41,0|2025-08-15 13:17:22|1|20|0|19|0|0|0|0|0|0|0|0|0|0|0|0|0|1a0|1a100|41
813,5a380060-dc62-11ef-804b-dd634ff5f27e,음악보이,41,0원|2025-10-26 20:46:46|0|19|0|11|0|0|0|0|0|0|0|0|0|0|0|0|1a0|1a100|41
813,4eb65be0-7e1d-11ef-8041-87827bd8f6db,베라모드,41,0원|2024-09-29 21:26:27|1|19|0|17|0|0|0|0|0|0|0|0|0|0|0|0|1a0|1a100|41
813,4de70d60-ab61-11ef-8901-b199a795327b,마티아스,41,0원|2025-11-09 07:38:19|1|18|0|15|0|0|0|0|0|0|0|0|0|3.517A|2|2|0|1a0|1a100|41
813,4028e710-ab3a-11ef-a4f3-1fc1a72c78ad,또또,41,0원|2025-12-18 14:19:37|1|14|0|10|0|0|0|0|0|0|0|0|0|1.197A|0|0|0|1a0|1a100|41
813,3fbe91d0-d0b0-11ef-b561-295cb1532a39,하율하동,41,"0|2026-01-29 16:54:47|1|12|0|10|0|0|0|0|0|0|0|0|0|1.163A|9|0|0|1a0|1a100|41/1/1|0,0,0,0,0"
813,1d253ef0-abe7-11ef-8157-07c30ce58855,킬러스핀,41,0원|2024-11-28 20:25:03|0|18|0|16|0|0|0|0|0|0|0|0|0|0|0|0|1a0|1a100|41
813,129288b0-b729-11ef-860a-854dcf78b83d,자수성가,41,0원|2024-12-12 00:17:21|1|16|0|18|0|0|0|0|0|0|0|0|0|0|10|10|1a0|1a100|41
813,074eceb0-ad32-11ef-aba8-31b92e3a207b,르아안,41,0원|2024-12-02 00:47:05|0|13|0|19|0|0|0|0|0|0|0|0|0|0|0|0|1a0|1a100|41
831,cf16ae60-87e7-11ef-9da7-035dfd44ccd0,로엘,40,0원|2025-09-21 20:08:36|1|15|0|15|0|0|0|0|0|0|0|0|0|3.032A|0|0
831,3721a6e0-b8ad-11ef-9075-fdbac80601be,밍끼리,40,0원|2024-12-14 04:09:41|1|18|0|16|0|0|0|0|0|0|0|0|0|0|0|0|0|1a0|1a100|40
831,09eaf1a0-ca63-11ef-a69d-97d480c19caf,크레바스,40,0원|2025-09-29 02:39:50|0|19|0|12|0|0|0|0|0|0|0|0|0|1.375A|0|0|1a0|1a100|40
834,8ae17270-ac95-11ef-92f4-af6e371ca13b,깨비,39,0원|2024-11-28 14:50:53|0|19|0|16|0|0|0|0|0|0|0|0|0|0|0|0|1a0|1a100|39
834,7c4bf990-82da-11ef-bac6-5d42c7719777,와꾸대장봉준,39,0원|2024-10-05 15:25:28|0|16|0|16|0|0|0|0|0|0|0|0|0|0|0|0|0|1a0|1a100|39
834,69699930-894d-11ef-9da7-035dfd44ccd0,치우천왕,39,0원|2024-10-13 20:28:25|0|17|0|16|0|0|0|0|0|0|0|0|0|0|10|0|0|1a0|1a100|39
834,4f20cd40-ab5e-11ef-aacc-b10bcb6d1453,eosmn,39,0원|2025-09-14 23:50:49|1|15|0|14|0|0|0|0|0|0|0|0|0|0|71|25|1a0|1a100|39
834,2c893600-ab5e-11ef-b8a4-7f7b772ead33,빙수,39,0원|2024-11-27 00:23:22|0|15|0|15|0|0|0|0|0|0|0|0|0|0|10|10|1a0|1a100|39
839,edd7d130-b816-11ef-bdf6-b54447f8024e,kanta,38,"0|2026-01-25 07:25:30|0|14|0|19|0|0|0|0|0|0|0|0|0|2.074A|0|0|0|1a0|1a100|38/1/1|0,0,0,0,0"
839,d0516240-ae3c-11ef-8e1d-2fc8e0d96f08,라한,38,0원|2025-10-09 09:08:38|1|13|0|19|0|0|0|0|0|0|0|0|0|10.540A|0|0|1a0|1a100|38
839,b8a8d1c0-abb0-11ef-911a-e7c0ada9a68c,때짜,38,0원|2025-07-25 17:12:00|0|15|0|14|0|0|0|0|0|0|0|0|0|0|0|0|1a0|1a100|38
839,36d34ca0-f6bb-11f0-95c2-adcd9114f511,001124,38,"7700|2026-01-21 21:38:52|1|17|0|19|0|0|0|0|0|0|0|0|0|6.103A|0|0|0|1a0|1a100|38/1/1|0,0,0,0,0"
843,f1b19040-7e3f-11ef-9d24-49a71dd688d7,띵땅,37,0원|2024-09-29 18:57:43|0|15|0|15|0|0|0|0|0|0|0|0|0|0|0|0|1a0|1a100|37
843,9c0ca140-af07-11ef-9440-957103c27048,마인,37,0원|2025-07-17 22:43:23|0|15|0|15|0|0|0|0|0|0|0|0|0|0|0|0|1a0|1a100|37
843,91a814b0-b93d-11ef-9898-0fbf1f401ffc,이지금은,37,0원|2024-12-15 19:16:53|0|15|0|14|0|0|0|0|0|0|0|0|0|0|0|0
843,908eecb0-ac7d-11ef-9d4f-85486f726cf1,아인파파,37,0원|2025-10-24 13:14:19|1|15|0|14|0|0|0|0|0|0|0|0|0|2.454A|0|0|1a0|1a100|37
843,836a0180-bfd0-11ef-a0b5-bf2ff24d6a06,라기,37,8800원|2025-10-15 02:34:12|0|19|0|19|0|0|0|0|0|0|0|0|0|2.503A|0|0|1a0|1a100|37
843,334edd40-acd6-11ef-9fa0-bb1555add548,별방지기,37,0원|2024-11-28 01:53:47|0|16|0|16|0|0|0|0|0|0|0|0|0|0|1|3|1a0|1a100|37
849,3dc39f10-c1b0-11ef-9f2b-93182224376b,분당아기냥이,36,0원|2025-10-04 23:41:54|0|15|0|11|0|0|0|0|0|0|0|0|0|0|14|8|1a0|1a100|36
850,e37b29e0-d160-11ef-8c48-a510c3e27905,십자가석열,35,0원|2025-07-25 22:40:02|0|14|0|13|0|0|0|0|0|0|0|0|0|0|0|0|1a0|1a100|35
850,e1d7dcf0-a046-11ef-9946-359c6f8d78d1,세종321ABC,35,0원|2025-10-06 23:37:13|0|14|0|15|0|0|0|0|0|0|0|0|0|0|0|0|1a0|1a100|35
850,a077b5e0-abcd-11ef-9d4f-85486f726cf1,닝길휘,35,"0|2026-01-10 15:08:40|0|15|0|15|0|0|0|0|0|0|0|0|0|305,170|0|0|0|1a0|1a100|35"
850,2887f9d0-d091-11ef-99b5-83aaa903ca22,전성탁,35,0원|2025-09-22 01:15:05|0|14|0|15|0|0|0|0|0|0|0|0|0|1.316A|12|15
850,194e17a0-b3dc-11ef-a130-13bb3568264d,밤하늘아래,35,"0|2026-02-01 13:18:10|0|14|0|14|0|0|0|0|0|0|0|0|0|380,580|0|0|0|1a0|1a100|35/1/1|0,0,0,0,0"
855,99f61910-d953-11ef-8f92-b976c3b70792,fvhuv,34,0원|2025-01-23 15:55:23|0|17|0|15|0|0|0|0|0|0|0|0|0|0|8|0|1a0|1a100|34
855,65a455c0-bacf-11ef-9cca-8d10acd9f194,라비,34,0원|2024-12-18 20:05:04|0|15|0|15|0|0|0|0|0|0|0|0|0|0|0|0|1a0|1a100|34
855,4750a3f0-b172-11ef-83c8-5579d034ff08,NOW,34,0원|2024-12-03 22:09:32|0|16|0|16|0|0|0|0|0|0|0|0|0|0|0|0|1a0|1a100|34
855,33bd6c60-afdd-11ef-94e0-19049ff317b3,티티르티,34,0원|2024-12-02 12:01:41|0|14|0|11|0|0|0|0|0|0|0|0|0|0|0|0|0|1a0|1a100|34
855,16643ff0-b130-11ef-9261-1da2a65a2e08,네로,34,"0원|2025-09-29 01:32:33|0|14|0|11|0|0|0|0|0|0|0|0|0|314,696|0|0|1a0|1a100|34"
855,126fb760-7da2-11ef-a5a1-ed89013e55c9,도마동,34,0원|2025-07-19 19:15:34|0|18|0|15|0|0|0|0|0|0|0|0|0|0|0|0|1a0|1a100|34
855,0e8f9d20-d89e-11ef-9817-b70cb57967f8,생수머신,34,0|2025-01-22 18:53:44|0|17|0|16|0|0|0|0|0|0|0|0|0|0|9|0|0|1a0|1a100|34
855,0078a210-7e1a-11ef-b44c-ade555b0ce32,몰입,34,0원|2024-09-29 14:08:23|0|16|0|16|0|0|0|0|0|0|0|0|0|0|0|0|1a0|1a100|34
863,f39f72c0-ad40-11ef-ad9c-e5d9ea4ca0e7,라트,33,0원|2025-07-20 15:06:26|0|16|0|15|0|0|0|0|0|0|0|0|0|0|0|0|0|1a0|1a100|33
863,cdce97a0-b3d1-11ef-a1df-374749d244ce,46i96546,33,"0|2024-12-29 17:22:13|0|13|0|15|0|0|0|0|0|0|0|0|0|0|18|8|0|1a0|1a100|33/1/1|0,0,0,0,0"
865,e5775ea0-adeb-11ef-9499-678aa71606e9,출동왕,32,0원|2025-09-08 01:25:35|0|15|0|12|0|0|0|0|0|0|0|0|0|0|4|0
865,37588e81-b501-11ef-ae97-4353aee62c39,밍갱,32,0원|2024-12-08 10:53:42|0|18|0|13|0|0|0|0|0|0|0|0|0|0|0|0|1a0|1a100|32
867,6743baa0-8c7c-11ef-9fe3-a194220ab716,박씨포류기,31,"0|2024-10-18 06:19:34|0|15|0|10|0|0|0|0|0|0|0|0|0|0|0|0|0|1a0|1a100|31/1/1|0,0,0,0,0"
867,034aa5a0-acb0-11ef-98e7-6b8767f8fd1f,이노이앤에스,31,0원|2025-07-26 13:24:36|0|15|0|15|0|0|0|0|0|0|0|0|0|0|0|0|0|1a0|1a100|31
869,d109a5e0-9018-11ef-beb1-1511436f6497,서유라비,30,"0원|2025-11-13 20:36:29|0|14|0|8|0|0|0|0|0|0|0|0|0|87,045|0|0|0|1a0|1a100|30"
869,255165e0-abb0-11ef-8901-b199a795327b,장독대,30,0원|2025-10-06 18:39:57|0|15|0|13|0|0|0|0|0|0|0|0|0|0|0|0|1a0|1a100|30
869,10029a10-b85d-11ef-848a-d15886dbbd59,최재진,30,"0원|2025-10-21 01:15:05|0|16|0|10|0|0|0|0|0|0|0|0|0|139,295|0|0|1a0|1a100|30"
872,c4b15070-abe5-11ef-b726-7361ab743ecf,노너,29,"0|2026-02-12 20:52:51|0|19|0|15|0|0|0|0|0|0|0|0|0|422,709|0|82|0|1a0|1a100|29/1/1|0,0,0,0,0"
872,4c3b7690-acdd-11ef-9203-e5502dda7991,채밤비,29,0원|2024-11-29 21:47:10|0|16|0|15|0|0|0|0|0|0|0|0|0|0|0|0|0|1a0|1a100|29
874,f1a835f0-ba8e-11ef-a67d-49a5aacc120f,김정식,28,"0|2025-09-18 15:02:21|0|16|0|4|0|0|0|0|0|0|0|0|0|0|0|1|0|1a0|1a100|28/1/1|0,0,0,0,0"
874,e0b4b3f0-b371-11ef-a464-37c500225cee,루나민,28,"0원|2025-11-12 21:30:29|0|16|0|14|0|0|0|0|0|0|0|0|0|602,648|1|0|0|1a0|1a100|28"
874,d1562730-acbf-11ef-80b0-1f3f8f1c75aa,김숙희,28,0원|2025-08-05 13:13:36|0|15|0|19|0|0|0|0|0|0|0|0|0|0|0|0|0|1a0|1a100|28
874,83eb9510-7ecb-11ef-8041-87827bd8f6db,끄응,28,0|2024-10-09 18:38:11|0|20|0|13|0|0|0|0|0|0|0|0|0|0|0|0|0|1a0|1a100|28
874,80ebc6e0-b2f2-11ef-b7df-697ceda880c1,Faye,28,0원|2024-12-05 19:52:08|0|16|0|15|0|0|0|0|0|0|0|0|0|0|0|0|1a0|1a100|28
874,6a15cc00-ae1e-11ef-9cf9-bb9b5a5f6928,김지뭉게기,28,0원|2025-07-25 13:56:57|0|14|0|12|0|0|0|0|0|0|0|0|0|0|0|0|0|1a0|1a100|28
880,54592420-835d-11ef-9996-c7819e7ece3b,포잉,27,"0원|2025-12-23 20:34:24|0|18|0|15|0|0|0|0|0|0|0|0|0|271,106|5|0|0|1a0|1a100|27"
881,d2f6b290-c38e-11ef-acdf-3bb1216d65a1,패황곰,26,"0|2026-02-05 22:25:36|0|15|0|18|0|0|0|0|0|0|0|0|0|1.810A|0|0|0|1a0|1a100|26/1/1|0,0,0,0,0"
881,67d60b90-c25e-11ef-87de-73c9e72fec7b,카미노,26,0|2024-12-25 10:55:00|0|15|0|14|0|0|0|0|0|0|0|0|0|0|1|0|0|1a0|1a100|26
881,5ffc1df0-ac89-11ef-98e7-6b8767f8fd1f,라떼,26,0원|2024-11-27 16:24:39|0|16|0|15|0|0|0|0|0|0|0|0|0|0|1|1|1a0|1a100|26
881,48175170-b245-11ef-b371-a95f7e61ac15,lli,26,"0원|2025-12-13 19:08:34|0|14|0|11|0|0|0|0|0|0|0|0|0|106,442|0|0|0|1a0|1a100|26"
881,2d997340-b30e-11ef-8b0b-3f0a6e303454,난쎄다,26,0원|2024-12-05 23:23:07|0|12|0|11|0|0|0|0|0|0|0|0|0|0|0|0|1a0|1a100|26
886,a4ae36a0-abac-11ef-a4f3-1fc1a72c78ad,junsik,25,"0원|2025-10-21 21:35:09|0|13|0|10|0|0|0|0|0|0|0|0|0|88,305|0|0|1a0|1a100|25"
886,9bed9150-7d53-11ef-b8d9-f715163409c3,말세,25,0원|2025-06-18 16:09:21|0|16|0|10|0|0|0|0|0|0|0|0|0|0|0|0|0|1a0|1a100|25
886,98995eb0-d723-11ef-aeb3-17312386d81a,악비상,25,0원|2025-01-21 01:58:31|0|11|0|12|0|0|0|0|0|0|0|0|0|0|0|0|0|1a0|1a100|25
889,f8b0d550-7e1b-11ef-8547-a13db95bba47,효카,24,0원|2025-07-29 18:38:38|0|16|0|13|0|0|0|0|0|0|0|0|0|0|0|1|1a0|1a100|24
889,93418500-b11c-11ef-bad4-dff43eea0f84,OXY,24,"0원|2025-09-21 11:18:25|0|17|0|14|0|0|0|0|0|0|0|0|0|150,447|0|0"
889,8ded8700-ab42-11ef-a9dd-01e33bb298a5,Zero1,24,0원|2024-11-26 01:22:49|0|18|0|13|0|0|0|0|0|0|0|0|0|0|0|0|1a0|1a100|24
889,528b5d80-b859-11ef-9200-9d9e63dd740c,고급면봉,24,"0|2026-02-03 23:27:54|0|16|0|14|0|0|0|0|0|0|0|0|0|138,596|0|0|0|1a0|1a100|24/1/1|0,0,0,0,0"
893,ea6a3b50-cf18-11ef-b95f-ebaeff332cc0,난세야난세,23,0원|2025-01-10 16:23:42|0|12|0|10|0|0|0|0|0|0|0|0|0|0|0|0|1a0|1a100|23
893,95f9e700-ad26-11ef-80b0-1f3f8f1c75aa,김기복,23,"0|2026-01-07 02:26:43|0|15|0|14|0|0|0|0|0|0|0|0|0|456,593|0|0|0|1a0|1a100|23"
893,83f1df50-ae2e-11ef-be6a-9db3ae4ff6d0,바마나자아,23,"0원|2025-11-12 16:04:45|0|13|0|12|0|0|0|0|0|0|0|0|0|108,381|0|0|0|1a0|1a100|23"
893,4286c600-ac73-11ef-85cc-53967db17dfc,홍칠공,23,"0|2026-01-13 00:19:46|0|14|0|18|0|0|0|0|0|0|0|0|0|314,162|0|0|0|1a0|1a100|23"
893,225bb3a0-abff-11ef-8499-3921d4cd8719,어쩌구,23,"0|2024-11-27 02:40:21|0|15|0|15|0|0|0|0|0|0|0|0|0|0|0|0|0|1a0|1a100|23/1/1|0,0,0,0,0"
893,048f6ff0-c2d0-11ef-baf5-bfaa5e79669f,꼬닝,23,"0원|2025-09-28 09:24:43|0|14|0|12|0|0|0|0|0|0|0|0|0|70,695|0|0|1a0|1a100|23"
899,b14db870-ae42-11ef-be6a-9db3ae4ff6d0,허원혁,22,0원|2025-07-18 09:51:32|0|18|0|14|0|0|0|0|0|0|0|0|0|0|0|0|1a0|1a100|22
899,69c46ae0-b143-11ef-83c8-5579d034ff08,나비에,22,"0|2026-01-28 00:48:45|0|15|0|14|0|0|0|0|0|0|0|0|0|102,953|0|0|0|1a0|1a100|22/1/1|0,0,0,0,0"
899,43aca660-aa18-11ef-a082-0b1a5e10e696,쁘레,22,"0원|2025-12-19 23:56:16|0|18|0|12|0|0|0|0|0|0|0|0|0|196,603|0|0|0|1a0|1a100|22"
902,fe6f4840-aca2-11ef-9fa0-bb1555add548,뱅군,21,"0원|2025-11-15 09:34:43|0|13|0|10|0|0|0|0|0|0|0|0|0|14,320|0|0|0|1a0|1a100|21"
902,fc9de3e0-d584-11ef-bccf-f73159c15fb2,heomin,21,"0|2026-01-16 22:06:33|0|14|0|14|0|0|0|0|0|0|0|0|0|20,033|0|0|0|1a0|1a100|21/1/1|0,0,0,0,0"
902,c889aa70-b08c-11ef-a87b-b5997a27d221,차자기,21,"0원|2025-10-20 21:03:09|0|16|0|12|0|0|0|0|0|0|0|0|0|69,478|0|0|1a0|1a100|21"
902,bd836e00-abcc-11ef-b836-09fb8a0a1da3,레브퀸,21,"0|2026-01-21 11:41:53|0|14|0|13|0|0|0|0|0|0|0|0|0|46,838|0|0|0|1a0|1a100|21/1/1|0,0,0,0,0"
902,af7635e0-54e1-11f0-b75d-b73b8954ae45,호아,21,"0|2026-02-01 00:44:13|0|12|0|7|0|0|0|0|0|0|0|0|0|14,744|0|0|0|1a0|1a100|21/1/1|0,0,0,0,0"
902,aa67f070-9384-11f0-b61c-7b47d2a7e482,짤뚱,21,"0|2026-01-26 15:57:51|0|14|0|15|0|0|0|0|0|0|0|0|0|51,180|0|0|0|1a0|1a100|21/1/1|0,0,0,0,0"
902,96e8b460-b277-11ef-9878-931e2e13f566,원드서핑,21,"0|2026-01-31 19:12:34|0|15|0|14|0|0|0|0|0|0|0|0|0|176,904|0|0|0|1a0|1a100|21/1/1|0,0,0,0,0"
902,92fe1060-d36b-11ef-9537-8fbd939bddff,백화연무,21,"0원|2025-11-15 01:08:23|0|17|0|16|0|0|0|0|0|0|0|0|0|80,135|0|0|0|1a0|1a100|21"
902,8b77b6c0-affd-11ef-94e0-19049ff317b3,강호이,21,0원|2025-11-19 23:12:21|0|15|0|9|0|0|0|0|0|0|0|0|0|1.116A|0|0|0|1a0|1a100|21
902,89270510-afb2-11ef-be1b-211386feffb6,론위즐리,21,"0|2026-01-25 19:35:29|0|13|0|15|0|0|0|0|0|0|0|0|0|21,970|0|0|0|1a0|1a100|21/1/1|0,0,0,0,0"
902,88dd5820-c259-11ef-9d3a-fdbbbc8def7e,체리파르페,21,0원|2024-12-25 19:03:59|0|8|0|11|0|0|0|0|0|0|0|0|0|0|0|0|1a0|1a100|21
902,4bf5fa90-970f-11ef-ab9b-79ddfffeacdf,으이이,21,"0원|2025-11-27 12:12:20|0|9|0|8|0|0|0|0|0|0|0|0|0|17,690|5|12|0|1a0|1a100|21"
902,117aaeb0-a0f1-11ef-9946-359c6f8d78d1,단아,21,0원|2025-07-28 20:18:07|0|12|0|11|0|0|0|0|0|0|0|0|0|0|0|0|1a0|1a100|21
902,0ec587a0-b2f6-11ef-b88d-eba4a648df9f,아크,21,"0|2026-02-15 15:04:22|0|16|0|18|0|0|0|0|0|0|0|0|0|133,132|0|0|0|1a0|1a100|21/1/1|0,0,0,0,0"
902,0387cdb0-ad08-11ef-ad9c-e5d9ea4ca0e7,유나아기,21,"0원|2025-09-29 20:51:27|0|18|0|14|0|0|0|0|0|0|0|0|0|83,026|0|0|1a0|1a100|21"
